unit,time,y_true,y_pred,prob_stage4,confidence
2,1,Stage 0,Stage 0,8.231308708690136e-20,0.9910649850272207
2,2,Stage 2,Stage 2,0.24349826524823048,0.7478324498769883
2,3,Stage 0,Stage 0,8.434205362983467e-20,0.9911709616824874
2,4,Stage 0,Stage 0,7.871846612705421e-20,0.9908610256439977
2,5,Stage 3,Stage 3,1.6020813199644695e-16,0.9906299673123887
2,6,Stage 2,Stage 2,0.23729258819557023,0.7537962701326412
2,7,Stage 2,Stage 2,0.242308144816448,0.7489780500215129
2,8,Stage 1,Stage 1,0.010333173429814414,0.9896668265698481
2,9,Stage 1,Stage 1,0.010715004626066438,0.9892849953735698
2,10,Stage 4,Stage 4,0.669304422786679,0.669304422786679
2,11,Stage 4,Stage 4,0.6634525668851401,0.6634525668851401
2,12,Stage 2,Stage 2,0.24439334502309268,0.7469702888731957
2,13,Stage 4,Stage 4,0.6679335525769413,0.6679335525769413
2,14,Stage 0,Stage 0,1.3267996330712023e-17,0.9807407977763951
2,15,Stage 0,Stage 0,1.3321943355813858e-17,0.9807575826379088
2,16,Stage 4,Stage 4,0.6408422540363996,0.6408422540363996
2,17,Stage 4,Stage 4,0.6754266418328634,0.6754266418328634
2,18,Stage 0,Stage 0,1.0525639572492791e-17,0.9795382767509371
2,19,Stage 4,Stage 4,0.6631062637382018,0.6631062637382018
2,20,Stage 1,Stage 1,0.011178141597900239,0.9888218584017027
2,21,Stage 1,Stage 1,0.01082897815815798,0.9891710218414701
2,22,Stage 4,Stage 4,0.6599792849745079,0.6599792849745079
2,23,Stage 3,Stage 3,1.450045805823419e-16,0.9911218851945769
2,24,Stage 0,Stage 0,1.1486940733603632e-17,0.9800515945672307
2,25,Stage 2,Stage 2,0.2565301933062086,0.7352347234159674
2,26,Stage 0,Stage 0,7.589374243019191e-20,0.9906844773213087
2,27,Stage 0,Stage 0,1.1914696397497982e-17,0.9802441829037015
2,28,Stage 0,Stage 0,8.855029906400031e-20,0.9913722153838513
2,29,Stage 2,Stage 2,0.24799494438075095,0.7434963662755557
2,30,Stage 0,Stage 0,9.240335312278755e-20,0.9915370914012563
2,31,Stage 2,Stage 2,0.24588987844903148,0.7455277281016649
2,32,Stage 0,Stage 0,8.607077158031066e-20,0.9912565230310001
2,33,Stage 3,Stage 3,1.318107998903221e-16,0.9915683900969946
2,34,Stage 1,Stage 1,0.010878190253167672,0.989121809746457
2,35,Stage 3,Stage 3,1.2033564236264058e-16,0.9919737642817119
2,36,Stage 3,Stage 3,1.5541991621913235e-16,0.9907824790492394
2,37,Stage 3,Stage 3,1.5012219126275094e-16,0.9909537624988691
2,38,Stage 4,Stage 4,0.6547271497952761,0.6547271497952761
2,39,Stage 2,Stage 2,0.24588987844903148,0.7455277281016649
2,40,Stage 1,Stage 1,0.010666522809220242,0.9893334771904194
2,41,Stage 2,Stage 2,0.2513262029042564,0.740276604430418
2,42,Stage 2,Stage 2,0.23964427354617432,0.7515391000262467
2,43,Stage 2,Stage 2,0.26461870437079427,0.7273708287647475
2,44,Stage 0,Stage 0,7.589374243019191e-20,0.9906844773213087
2,45,Stage 3,Stage 3,1.1724403944377254e-16,0.992085985688691
2,46,Stage 2,Stage 2,0.24890064996130676,0.7426215901757899
2,47,Stage 1,Stage 1,0.010411595072169162,0.9895884049274881
2,48,Stage 1,Stage 1,0.010395863773007857,0.9896041362266504
2,49,Stage 0,Stage 0,9.165680278779385e-20,0.9915064696883523
2,50,Stage 0,Stage 0,8.164760260911624e-20,0.99102884321395
2,51,Stage 2,Stage 2,0.24618989427922633,0.7452383736766981
2,52,Stage 3,Stage 3,1.318107998903221e-16,0.9915683900969946
2,53,Stage 0,Stage 0,1.334899836858545e-17,0.9807659238302157
2,54,Stage 0,Stage 0,1.1187497314564652e-17,0.9799044975199033
2,55,Stage 4,Stage 4,0.6599792849745079,0.6599792849745079
2,56,Stage 0,Stage 0,1.0940166747361869e-17,0.9797746275026172
2,57,Stage 0,Stage 0,1.2383338275301069e-17,0.980433992921724
2,58,Stage 1,Stage 1,0.010395863773007857,0.9896041362266504
2,59,Stage 4,Stage 4,0.6655255657097157,0.6655255657097157
2,60,Stage 0,Stage 0,8.383019973218452e-20,0.9911448085800331
2,61,Stage 3,Stage 3,1.3411723860435234e-16,0.9914889005006022
2,62,Stage 1,Stage 1,0.009889721766253414,0.9901102782334382
2,63,Stage 0,Stage 0,9.091625046287896e-20,0.9914754829247348
2,64,Stage 3,Stage 3,1.4313066079285363e-16,0.9911841280737391
2,65,Stage 3,Stage 3,1.318107998903221e-16,0.9915683900969946
2,66,Stage 1,Stage 1,0.010977278933178153,0.9890227210664396
2,67,Stage 0,Stage 0,1.2844145311242713e-17,0.9806015333878619
2,68,Stage 0,Stage 0,9.391464264113023e-20,0.9915972525102162
2,69,Stage 1,Stage 1,0.010101398841233764,0.9898986011584441
2,70,Stage 2,Stage 2,0.26399099922780783,0.7279822367497033
2,71,Stage 0,Stage 0,8.677207923103145e-20,0.9912900602817227
2,72,Stage 0,Stage 0,8.033262971923292e-20,0.9909553132810206
2,73,Stage 0,Stage 0,9.240335312278755e-20,0.9915370914012563
2,74,Stage 0,Stage 0,1.215911663711361e-17,0.9803457742274315
2,75,Stage 0,Stage 0,8.891026655718003e-20,0.9913883604290891
2,76,Stage 3,Stage 3,1.3238367348768738e-16,0.9915485871160096
2,77,Stage 0,Stage 0,8.46850139491943e-20,0.9911882720675684
2,78,Stage 1,Stage 1,0.010132002273315599,0.9898679977263604
2,79,Stage 0,Stage 0,1.2637280966370862e-17,0.9805285158322073
2,80,Stage 0,Stage 0,8.332143307836255e-20,0.991118429112658
2,81,Stage 1,Stage 1,0.009365363967225648,0.9906346360324987
2,82,Stage 2,Stage 2,0.2522396530280303,0.7393926555578396
2,83,Stage 3,Stage 3,1.3528551011267852e-16,0.9914488769649418
2,84,Stage 0,Stage 0,8.554849084858906e-20,0.9912311136935966
2,85,Stage 0,Stage 0,9.018164793258518e-20,0.991444127864863
2,86,Stage 4,Stage 4,0.677450195975465,0.677450195975465
2,87,Stage 0,Stage 0,9.353453132757058e-20,0.9915823465277942
2,88,Stage 3,Stage 3,1.3238367348768738e-16,0.9915485871160096
2,89,Stage 3,Stage 3,1.1724403944377254e-16,0.992085985688691
2,90,Stage 0,Stage 0,8.642071827046151e-20,0.9912733403140861
2,91,Stage 4,Stage 4,0.6648354863636098,0.6648354863636098
2,92,Stage 0,Stage 0,8.400047374762764e-20,0.9911535513581672
2,93,Stage 1,Stage 1,0.010380155993578817,0.9896198440060806
2,94,Stage 4,Stage 4,0.688750844809712,0.688750844809712
2,95,Stage 2,Stage 2,0.24082583751358175,0.7504036898319053
2,96,Stage 4,Stage 4,0.6682766206384697,0.6682766206384697
2,97,Stage 3,Stage 3,1.418948194170051e-16,0.9912253823613508
2,98,Stage 1,Stage 1,0.01025533634924254,0.989744663650425
2,99,Stage 2,Stage 2,0.25560695075066314,0.7361302470889537
2,100,Stage 4,Stage 4,0.6665589520038038,0.6665589520038038
2,101,Stage 0,Stage 0,1.2611656210018498e-17,0.9805192271255027
2,102,Stage 4,Stage 4,0.6831361445987545,0.6831361445987545
2,103,Stage 4,Stage 4,0.6651806413379726,0.6651806413379726
2,104,Stage 3,Stage 3,1.388515806678279e-16,0.9913276811213593
2,105,Stage 0,Stage 0,9.073204391193619e-20,0.9914676788149698
2,106,Stage 0,Stage 0,8.819178050352503e-20,0.9913559755764396
2,107,Stage 2,Stage 2,0.25900237345016314,0.732834621849088
2,108,Stage 4,Stage 4,0.6787944025585728,0.6787944025585728
2,109,Stage 4,Stage 4,0.6747502014389875,0.6747502014389875
2,110,Stage 1,Stage 1,0.010861761694597969,0.9891382383050279
2,111,Stage 3,Stage 3,1.267649507625699e-16,0.9917445549781971
2,112,Stage 3,Stage 3,1.267649507625699e-16,0.9917445549781971
2,113,Stage 0,Stage 0,1.2740297014569865e-17,0.9805653107277057
2,114,Stage 4,Stage 4,0.6578844612749902,0.6578844612749902
2,115,Stage 4,Stage 4,0.648003337995694,0.648003337995694
2,116,Stage 0,Stage 0,9.353453132757058e-20,0.9915823465277942
2,117,Stage 2,Stage 2,0.24290273052425007,0.7484058145098628
2,118,Stage 0,Stage 0,1.2011874901151122e-17,0.9802852752665986
2,119,Stage 3,Stage 3,1.2033564236264058e-16,0.9919737642817119
2,120,Stage 1,Stage 1,0.009830053300841891,0.9901699466988536
2,121,Stage 0,Stage 0,9.054820847169687e-20,0.9914598516358336
2,122,Stage 4,Stage 4,0.6771135394147672,0.6771135394147672
2,123,Stage 0,Stage 0,9.091625046287896e-20,0.9914754829247348
2,124,Stage 4,Stage 4,0.6740728038490408,0.6740728038490408
2,125,Stage 3,Stage 3,1.3705697726370712e-16,0.9913884908326821
2,126,Stage 2,Stage 2,0.23292442842273028,0.7579791525754661
2,127,Stage 0,Stage 0,8.19796738548088e-20,0.9910469656665484
2,128,Stage 0,Stage 0,1.1393968922879771e-17,0.9800070602971545
2,129,Stage 0,Stage 0,9.259093358300944e-20,0.9915446901678397
2,130,Stage 0,Stage 0,9.334504982898171e-20,0.9915748600865903
2,131,Stage 0,Stage 0,1.2408503290790025e-17,0.9804436097268838
2,132,Stage 3,Stage 3,1.2898331317204133e-16,0.9916667155841863
2,133,Stage 0,Stage 0,1.2208593453132203e-17,0.980365639237517
2,134,Stage 0,Stage 0,9.259093358300944e-20,0.9915446901678397
2,135,Stage 3,Stage 3,1.3765259292095088e-16,0.9913682681373117
2,136,Stage 0,Stage 0,8.730178494540156e-20,0.9913149587076621
2,137,Stage 0,Stage 0,1.3214265911931897e-17,0.9807238757959816
2,138,Stage 4,Stage 4,0.6603276342630003,0.6603276342630003
2,139,Stage 1,Stage 1,0.009711783633372769,0.9902882163663305
2,140,Stage 0,Stage 0,1.2408503290790025e-17,0.9804436097268838
2,141,Stage 0,Stage 0,1.3430490722743576e-17,0.980790743318878
2,142,Stage 0,Stage 0,1.3650223405791544e-17,0.9808554445694111
2,143,Stage 2,Stage 2,0.26336420834067564,0.7285925686842741
2,144,Stage 4,Stage 4,0.6733944514678334,0.6733944514678334
2,145,Stage 0,Stage 0,8.765670665295167e-20,0.9913314372653822
2,146,Stage 4,Stage 4,0.6699884527242035,0.6699884527242035
2,147,Stage 0,Stage 0,8.502936028786359e-20,0.9912054829556842
2,148,Stage 1,Stage 1,0.010427349925522132,0.9895726500741339
2,149,Stage 0,Stage 0,1.2509671095305227e-17,0.9804817100663608
2,150,Stage 0,Stage 0,9.701136302956587e-20,0.9917133336883921
2,151,Stage 1,Stage 1,0.009964811803714252,0.9900351881959727
2,152,Stage 4,Stage 4,0.6662147213624142,0.6662147213624142
2,153,Stage 0,Stage 0,1.2308146243540897e-17,0.9804049211259633
2,154,Stage 0,Stage 0,9.74055263219065e-20,0.9917274537885016
2,155,Stage 3,Stage 3,1.4313066079285363e-16,0.9911841280737391
2,156,Stage 0,Stage 0,1.2484302778220652e-17,0.9804722398578325
2,157,Stage 3,Stage 3,1.3411723860435234e-16,0.9914889005006022
2,158,Stage 2,Stage 2,0.25560695075066314,0.7361302470889537
2,159,Stage 1,Stage 1,0.01022436423784182,0.9897756357618281
2,160,Stage 4,Stage 4,0.6648354863636098,0.6648354863636098
2,161,Stage 0,Stage 0,8.891026655718003e-20,0.9913883604290891
2,162,Stage 0,Stage 0,9.353453132757058e-20,0.9915823465277942
2,163,Stage 3,Stage 3,1.7547348082189654e-16,0.9901572429469798
2,164,Stage 4,Stage 4,0.6375926221393976,0.6375926221393976
2,165,Stage 0,Stage 0,9.353453132757058e-20,0.9915823465277942
2,166,Stage 4,Stage 4,0.6744116221435149,0.6744116221435149
2,167,Stage 3,Stage 3,1.318107998903221e-16,0.9915683900969946
2,168,Stage 0,Stage 0,8.801306274854312e-20,0.9913478200055159
2,169,Stage 1,Stage 1,0.010715004626066438,0.9892849953735698
2,170,Stage 4,Stage 4,0.669304422786679,0.669304422786679
2,171,Stage 0,Stage 0,1.193891776853346e-17,0.9802545133384781
2,172,Stage 1,Stage 1,0.009479455334477895,0.9905205446652398
2,173,Stage 0,Stage 0,8.315252702436151e-20,0.9911095853926171
2,174,Stage 3,Stage 3,1.2244176046024672e-16,0.991898072745205
2,175,Stage 4,Stage 4,0.6981606215599166,0.6981606215599166
2,176,Stage 0,Stage 0,9.661878638945813e-20,0.9916991278032942
2,177,Stage 3,Stage 3,1.595151985996128e-16,0.9906519071036988
2,178,Stage 1,Stage 1,0.009127416747430665,0.990872583252308
2,179,Stage 3,Stage 3,1.0338264045265624e-16,0.9926067815146545
2,180,Stage 0,Stage 0,1.2740297014569865e-17,0.9805653107277057
2,181,Stage 3,Stage 3,1.7776954166379165e-16,0.9900878065782867
2,182,Stage 0,Stage 0,1.4803530110264282e-17,0.9811477057121714
2,183,Stage 2,Stage 2,0.24799494438075095,0.7434963662755557
2,184,Stage 0,Stage 0,1.407187590236275e-17,0.9809710466192401
2,185,Stage 2,Stage 2,0.2593124366704646,0.7325333815492892
2,186,Stage 1,Stage 1,0.01025533634924254,0.989744663650425
2,187,Stage 3,Stage 3,1.4626743465657863e-16,0.991080147684282
2,188,Stage 0,Stage 0,9.202932517534232e-20,0.9915218259744493
2,189,Stage 1,Stage 1,0.010101398841233764,0.9898986011584441
2,190,Stage 4,Stage 4,0.6564834339169144,0.6564834339169144
2,191,Stage 4,Stage 4,0.6857873153651937,0.6857873153651937
2,192,Stage 2,Stage 2,0.2731815517035496,0.7190123789562886
2,193,Stage 4,Stage 4,0.6857873153651937,0.6857873153651937
2,194,Stage 4,Stage 4,0.6740728038490408,0.6740728038490408
2,195,Stage 3,Stage 3,1.6160301689452604e-16,0.9905859342805401
2,196,Stage 3,Stage 3,1.6020813199644695e-16,0.9906299673123887
2,197,Stage 1,Stage 1,0.009638581731872228,0.9903614182678355
2,198,Stage 1,Stage 1,0.008935965441059237,0.9910640345586906
2,199,Stage 1,Stage 1,0.009964811803714252,0.9900351881959727
2,200,Stage 1,Stage 1,0.009522593587758624,0.990477406411956
2,201,Stage 4,Stage 4,0.7019910504556833,0.7019910504556833
2,202,Stage 4,Stage 4,0.6920197826207666,0.6920197826207666
2,203,Stage 3,Stage 3,1.824519159718827e-16,0.9899474727021906
2,204,Stage 2,Stage 2,0.26336420834067564,0.7285925686842741
2,205,Stage 2,Stage 2,0.25529966794781866,0.7364282061932163
2,206,Stage 0,Stage 0,1.2714465240792793e-17,0.9805561658408186
2,207,Stage 1,Stage 1,0.010178079564963655,0.9898219204347093
2,208,Stage 3,Stage 3,1.7471471725679526e-16,0.9901802809920105
2,209,Stage 0,Stage 0,8.115200014791238e-20,0.9910014652339335
2,210,Stage 0,Stage 0,9.564424452170319e-20,0.9916632352849312
2,211,Stage 3,Stage 3,1.4251140396290633e-16,0.991204779240457
2,212,Stage 4,Stage 4,0.6740728038490408,0.6740728038490408
2,213,Stage 0,Stage 0,1.4713776418016138e-17,0.9811275361787647
2,214,Stage 0,Stage 0,9.899817471954102e-20,0.9917830838733842
2,215,Stage 2,Stage 2,0.24679063424412062,0.7446588239845878
2,216,Stage 0,Stage 0,9.839791832389827e-20,0.991762381205879
2,217,Stage 0,Stage 0,9.487165560123325e-20,0.9916341295085987
2,218,Stage 2,Stage 2,0.2602440105515096,0.7316280286971978
2,219,Stage 1,Stage 1,0.010086131453090964,0.9899138685465878
2,220,Stage 2,Stage 2,0.25591446599987244,0.7358320134602054
2,221,Stage 0,Stage 0,9.110082887409164e-20,0.991483264016129
2,222,Stage 4,Stage 4,0.6804691947043152,0.6804691947043152
2,223,Stage 0,Stage 0,1.0226160623414513e-19,0.9918903396456624
2,224,Stage 2,Stage 2,0.26117765773469015,0.7307202322083483
2,225,Stage 1,Stage 1,0.00949381320356987,0.990506186796147
2,226,Stage 2,Stage 2,0.273822365842087,0.7183855645380248
2,227,Stage 0,Stage 0,1.3403271942194456e-17,0.9807825040987755
2,228,Stage 1,Stage 1,0.009337054302621687,0.9906629456971044
2,229,Stage 3,Stage 3,1.5341176629256278e-16,0.9908470844304536
2,230,Stage 2,Stage 2,0.26556197357446565,0.7264517029193922
2,231,Stage 0,Stage 0,8.783470504027307e-20,0.9913396405861271
2,232,Stage 0,Stage 0,1.0823224657454958e-19,0.992065669668143
2,233,Stage 2,Stage 2,0.28092994701159685,0.7114218156136274
2,234,Stage 1,Stage 1,0.009785535986405131,0.9902144640132933
2,235,Stage 3,Stage 3,1.665811752754777e-16,0.9904301951067617
2,236,Stage 0,Stage 0,9.78012826822886e-20,0.9917414884816289
2,237,Stage 0,Stage 0,8.909079548356597e-20,0.9913963975468475
2,238,Stage 2,Stage 2,0.27062725684065797,0.7215091143515209
2,239,Stage 2,Stage 2,0.2627383329464713,0.7292018228758231
2,240,Stage 0,Stage 0,1.3054365610429585e-17,0.9806722813087887
2,241,Stage 2,Stage 2,0.2599332553644643,0.7319300847695427
2,242,Stage 0,Stage 0,9.583836753171736e-20,0.9916704571574527
2,243,Stage 1,Stage 1,0.009830053300841891,0.9901699466988536
2,244,Stage 2,Stage 4,0.6994415899359354,0.6994415899359354
2,245,Stage 4,Stage 4,0.6834684068082958,0.6834684068082958
2,246,Stage 1,Stage 1,0.009551460378019672,0.9904485396216934
2,247,Stage 0,Stage 0,1.4535885902983276e-17,0.9810863641899918
2,248,Stage 0,Stage 0,1.412906368840792e-17,0.9809859070532867
2,249,Stage 0,Stage 0,1.0933436775449487e-19,0.9920953808445817
2,250,Stage 4,Stage 4,0.6794650499677246,0.6794650499677246
2,251,Stage 1,Stage 1,0.009508192610771415,0.9904918073889444
2,252,Stage 2,Stage 2,0.2760722402011618,0.7161834689750823
2,253,Stage 3,Stage 3,1.4066962128433056e-16,0.9912664449055839
2,254,Stage 4,Stage 4,0.7013552496468445,0.7013552496468445
2,255,Stage 0,Stage 0,1.3160751229419032e-17,0.9807068161147312
2,256,Stage 3,Stage 3,1.5882525403016033e-16,0.9906737959010864
2,257,Stage 0,Stage 0,9.334504982898171e-20,0.9915748600865903
2,258,Stage 3,Stage 3,1.6586075562578934e-16,0.9904525991304134
2,259,Stage 0,Stage 0,8.891026655718003e-20,0.9913883604290891
2,260,Stage 0,Stage 0,1.3539915043536261e-17,0.980823362442118
2,261,Stage 3,Stage 3,1.3528551011267852e-16,0.9914488769649418
2,262,Stage 0,Stage 0,1.4360129642798906e-17,0.9810440699015562
2,263,Stage 2,Stage 2,0.2858369423978651,0.7066023659124907
2,264,Stage 1,Stage 1,0.008855138120937587,0.991144861878817
2,265,Stage 0,Stage 0,1.4535885902983276e-17,0.9810863641899918
2,266,Stage 3,Stage 3,1.2842511828128758e-16,0.9916862435349484
2,267,Stage 0,Stage 0,1.0041297742379242e-19,0.991830658016624
2,268,Stage 1,Stage 1,0.00889546080219924,0.991104539197553
2,269,Stage 3,Stage 3,1.694941912972815e-16,0.9903400560810536
2,270,Stage 2,Stage 2,0.2799544407381224,0.7123787965047402
2,271,Stage 3,Stage 3,1.8324417990417863e-16,0.9899238928700118
2,272,Stage 0,Stage 0,1.3403271942194456e-17,0.9807825040987755
2,273,Stage 2,Stage 4,0.701673280688404,0.701673280688404
2,274,Stage 0,Stage 0,9.202932517534232e-20,0.9915218259744493
2,275,Stage 0,Stage 0,1.4215277937991817e-17,0.9810079570714533
2,276,Stage 0,Stage 0,1.4954328576431913e-17,0.98118071063894
2,277,Stage 2,Stage 4,0.6818046330432872,0.6818046330432872
2,278,Stage 0,Stage 0,1.0267698939127796e-19,0.9919033783199521
2,279,Stage 0,Stage 0,1.0102546252047937e-19,0.99185073617104
2,280,Stage 0,Stage 0,1.740816426729959e-17,0.9815892291315277
2,281,Stage 3,Stage 3,1.7547348082189654e-16,0.9901572429469798
2,282,Stage 2,Stage 2,0.29814698998852246,0.694472751170893
2,283,Stage 3,Stage 3,1.6230499434520907e-16,0.990563840805628
2,284,Stage 0,Stage 0,1.516801097550201e-17,0.9812256478930308
2,285,Stage 2,Stage 2,0.2871537096135977,0.7053075254650477
2,286,Stage 0,Stage 0,1.1225244299255483e-19,0.9921704393041124
2,287,Stage 0,Stage 0,1.0735851686781043e-19,0.9920415582469281
2,288,Stage 0,Stage 0,1.1642126909983085e-19,0.9922692781342453
2,289,Stage 1,Stage 1,0.00853901154872548,0.9914609884510467
2,290,Stage 2,Stage 4,0.7181494395224977,0.7181494395224977
2,291,Stage 0,Stage 0,1.0414409617945719e-19,0.9919483809081383
2,292,Stage 3,Stage 3,1.785415327372632e-16,0.990064553301333
2,293,Stage 0,Stage 0,1.0933436775449487e-19,0.9920953808445817
2,294,Stage 1,Stage 1,0.008049002396908088,0.9919509976028904
2,295,Stage 2,Stage 4,0.7157108063810758,0.7157108063810758
2,296,Stage 2,Stage 4,0.7256572319020976,0.7256572319020976
2,297,Stage 3,Stage 3,1.7547348082189654e-16,0.9901572429469798
2,298,Stage 2,Stage 4,0.7023085587129587,0.7023085587129587
2,299,Stage 0,Stage 0,1.0541820717787546e-19,0.9919861796970318
4,1,Stage 4,Stage 4,0.6771135394147672,0.6771135394147672
4,2,Stage 3,Stage 3,1.3765259292095088e-16,0.9913682681373117
4,3,Stage 0,Stage 0,8.909079548356597e-20,0.9913963975468475
4,4,Stage 0,Stage 0,1.2586082948159591e-17,0.9805099022725244
4,5,Stage 3,Stage 3,1.418948194170051e-16,0.9912253823613508
4,6,Stage 0,Stage 0,9.073204391193619e-20,0.9914676788149698
4,7,Stage 1,Stage 1,0.01045893043288252,0.9895410695667713
4,8,Stage 0,Stage 0,9.661878638945813e-20,0.9916991278032942
4,9,Stage 2,Stage 2,0.2760722402011618,0.7161834689750823
4,10,Stage 3,Stage 3,1.418948194170051e-16,0.9912253823613508
4,11,Stage 1,Stage 1,0.00953701616625288,0.990462983833461
4,12,Stage 3,Stage 3,1.3646393226964299e-16,0.9914086664638717
4,13,Stage 3,Stage 3,1.358734468873573e-16,0.9914287951387487
4,14,Stage 4,Stage 4,0.6596307099883298,0.6596307099883298
4,15,Stage 0,Stage 0,9.661878638945813e-20,0.9916991278032942
4,16,Stage 3,Stage 3,1.4437723749347735e-16,0.9911426811614495
4,17,Stage 4,Stage 4,0.6682766206384697,0.6682766206384697
4,18,Stage 0,Stage 0,9.429629020165823e-20,0.9916120696206802
4,19,Stage 1,Stage 1,0.01045893043288252,0.9895410695667713
4,20,Stage 1,Stage 1,0.010911121130414226,0.9890888788692082
4,21,Stage 3,Stage 3,1.2567008362720846e-16,0.9917832033066266
4,22,Stage 0,Stage 0,8.855029906400031e-20,0.9913722153838513
4,23,Stage 4,Stage 4,0.6791298478289639,0.6791298478289639
4,24,Stage 4,Stage 4,0.688750844809712,0.688750844809712
4,25,Stage 0,Stage 0,9.073204391193619e-20,0.9914676788149698
4,26,Stage 0,Stage 0,1.3241104099992208e-17,0.9807323539623602
4,27,Stage 1,Stage 1,0.009995005606752856,0.9900049943929322
4,28,Stage 0,Stage 0,8.945294736894336e-20,0.9914124012335139
4,29,Stage 0,Stage 0,9.487165560123325e-20,0.9916341295085987
4,30,Stage 0,Stage 0,8.963457180159048e-20,0.9914203679064144
4,31,Stage 1,Stage 1,0.010193484701858406,0.9898065152978135
4,32,Stage 0,Stage 0,8.451336088651371e-20,0.9911796293397436
4,33,Stage 0,Stage 0,1.3294942712957499e-17,0.9807492073107461
4,34,Stage 1,Stage 1,0.009450804084140297,0.9905491959155791
4,35,Stage 2,Stage 2,0.23583054804126902,0.7551977285057843
4,36,Stage 2,Stage 2,0.25437921553051157,0.7373204344022612
4,37,Stage 0,Stage 0,1.362256304658958e-17,0.9808474741330337
4,38,Stage 4,Stage 4,0.6703301153093147,0.6703301153093147
4,39,Stage 0,Stage 0,1.3134074518326739e-17,0.9806982344537166
4,40,Stage 4,Stage 4,0.6907152389444565,0.6907152389444565
4,41,Stage 3,Stage 3,1.2458465006915191e-16,0.9918216718281889
4,42,Stage 0,Stage 0,1.2208593453132203e-17,0.980365639237517
4,43,Stage 3,Stage 3,1.5474763695087082e-16,0.9908040643215447
4,44,Stage 4,Stage 4,0.6867774072627466,0.6867774072627466
4,45,Stage 2,Stage 2,0.25041486069432983,0.74115805835694
4,46,Stage 0,Stage 0,9.980418687985998e-20,0.9918103939525855
4,47,Stage 0,Stage 0,9.277889271811996e-20,0.9915522663698692
4,48,Stage 1,Stage 1,0.010239838704654338,0.9897601612950144
4,49,Stage 2,Stage 2,0.2649328993978252,0.7270647217849756
4,50,Stage 4,Stage 4,0.6787944025585728,0.6787944025585728
4,51,Stage 4,Stage 4,0.6682766206384697,0.6682766206384697
4,52,Stage 2,Stage 2,0.25838293997313205,0.7334362852539207
4,53,Stage 1,Stage 1,0.009949748780050132,0.9900502512196377
4,54,Stage 0,Stage 0,9.919906859254658e-20,0.9917899427447266
4,55,Stage 0,Stage 0,9.87976855940541e-20,0.9917762040240412
4,56,Stage 2,Stage 2,0.2684040635590037,0.7236798798138958
4,57,Stage 4,Stage 4,0.6682766206384697,0.6682766206384697
4,58,Stage 4,Stage 4,0.6669029507634441,0.6669029507634441
4,59,Stage 3,Stage 3,1.5142949392376147e-16,0.9909112402221542
4,60,Stage 1,Stage 1,0.0100708869055207,0.9899291130941592
4,61,Stage 0,Stage 0,9.296723129296975e-20,0.9915598200571972
4,62,Stage 4,Stage 4,0.6791298478289639,0.6791298478289639
4,63,Stage 3,Stage 3,1.4882614470725118e-16,0.9909960872334609
4,64,Stage 1,Stage 1,0.010040466198299552,0.9899595338013824
4,65,Stage 4,Stage 4,0.6754266418328634,0.6754266418328634
4,66,Stage 0,Stage 0,1.3539915043536261e-17,0.980823362442118
4,67,Stage 0,Stage 0,9.701136302956587e-20,0.9917133336883921
4,68,Stage 2,Stage 2,0.2522396530280303,0.7393926555578396
4,69,Stage 2,Stage 2,0.26117765773469015,0.7307202322083483
4,70,Stage 1,Stage 1,0.009624007050878763,0.9903759929488298
4,71,Stage 0,Stage 0,9.410527400285663e-20,0.9916046721498973
4,72,Stage 1,Stage 1,0.01044312836757466,0.9895568716320805
4,73,Stage 2,Stage 2,0.26461870437079427,0.7273708287647475
4,74,Stage 0,Stage 0,1.378936293212774e-17,0.9808947989610717
4,75,Stage 0,Stage 0,1.0288531012335657e-19,0.991909867392295
4,76,Stage 3,Stage 3,1.5012219126275094e-16,0.9909537624988691
4,77,Stage 3,Stage 3,1.147283260253339e-16,0.992178311078784
4,78,Stage 0,Stage 0,9.202932517534232e-20,0.9915218259744493
4,79,Stage 0,Stage 0,1.0393323927914112e-19,0.9919420118778036
4,80,Stage 3,Stage 3,1.4690296916016509e-16,0.9910592059180846
4,81,Stage 0,Stage 0,9.87976855940541e-20,0.9917762040240412
4,82,Stage 1,Stage 1,0.009266650467382977,0.9907333495323475
4,83,Stage 4,Stage 4,0.6920197826207666,0.6920197826207666
4,84,Stage 3,Stage 3,1.3705697726370712e-16,0.9913884908326821
4,85,Stage 0,Stage 0,1.2433718978351717e-17,0.9804531897659231
4,86,Stage 3,Stage 3,1.8166306727860768e-16,0.9899709977975176
4,87,Stage 3,Stage 3,1.400609848735023e-16,0.9912869045482736
4,88,Stage 0,Stage 0,1.1134641112802246e-19,0.9921476779669266
4,89,Stage 4,Stage 4,0.6913680174242096,0.6913680174242096
4,90,Stage 1,Stage 1,0.009844936918240737,0.990155063081454
4,91,Stage 0,Stage 0,9.545051261119675e-20,0.9916559916320165
4,92,Stage 0,Stage 0,1.4244131838433493e-17,0.9810152431785992
4,93,Stage 3,Stage 3,1.2138414451901029e-16,0.9919360067787678
4,94,Stage 3,Stage 3,1.3646393226964299e-16,0.9914086664638717
4,95,Stage 0,Stage 0,1.3321943355813858e-17,0.9807575826379088
4,96,Stage 3,Stage 3,1.3765259292095088e-16,0.9913682681373117
4,97,Stage 0,Stage 0,8.677207923103145e-20,0.9912900602817227
4,98,Stage 2,Stage 2,0.2671386422694642,0.7249144705146957
4,99,Stage 2,Stage 2,0.24618989427922633,0.7452383736766981
4,100,Stage 0,Stage 0,1.0940166747361869e-17,0.9797746275026172
4,101,Stage 4,Stage 4,0.6757645023331529,0.6757645023331529
4,102,Stage 0,Stage 0,9.919906859254658e-20,0.9917899427447266
4,103,Stage 2,Stage 2,0.2513262029042564,0.740276604430418
4,104,Stage 4,Stage 4,0.689078873404548,0.689078873404548
4,105,Stage 0,Stage 0,1.2922581741193185e-17,0.9806283277652365
4,106,Stage 1,Stage 1,0.010193484701858406,0.9898065152978135
4,107,Stage 4,Stage 4,0.6767766414749979,0.6767766414749979
4,108,Stage 1,Stage 1,0.010333173429814414,0.9896668265698481
4,109,Stage 0,Stage 0,9.091625046287896e-20,0.9914754829247348
4,110,Stage 0,Stage 0,9.448769201481952e-20,0.9916194449715166
4,111,Stage 1,Stage 1,0.009609454194694656,0.9903905458050148
4,112,Stage 1,Stage 1,0.009407987955110443,0.9905920120446114
4,113,Stage 2,Stage 2,0.2437963882471011,0.7475453445748567
4,114,Stage 1,Stage 1,0.009904694823563766,0.990095305176127
4,115,Stage 3,Stage 3,1.785415327372632e-16,0.990064553301333
4,116,Stage 4,Stage 4,0.6730549179853795,0.6730549179853795
4,117,Stage 0,Stage 0,9.701136302956587e-20,0.9917133336883921
4,118,Stage 0,Stage 0,9.184287616612198e-20,0.9915141592139521
4,119,Stage 2,Stage 2,0.2602440105515096,0.7316280286971978
4,120,Stage 0,Stage 0,1.2637280966370862e-17,0.9805285158322073
4,121,Stage 4,Stage 4,0.689078873404548,0.689078873404548
4,122,Stage 3,Stage 3,1.3124039917685881e-16,0.9915881469760511
4,123,Stage 2,Stage 2,0.25962273068952946,0.7322318691216054
4,124,Stage 0,Stage 0,9.37243953407556e-20,0.9915898106525737
4,125,Stage 3,Stage 3,1.5677322519212532e-16,0.9907391574938658
4,126,Stage 0,Stage 0,1.0414409617945719e-19,0.9919483809081383
4,127,Stage 0,Stage 0,1.0184789518815859e-19,0.9918772199682381
4,128,Stage 0,Stage 0,1.0102546252047937e-19,0.99185073617104
4,129,Stage 3,Stage 3,1.5677322519212532e-16,0.9907391574938658
4,130,Stage 0,Stage 0,9.960207385273583e-20,0.9918035977382493
4,131,Stage 0,Stage 0,8.891026655718003e-20,0.9913883604290891
4,132,Stage 0,Stage 0,8.891026655718003e-20,0.9913883604290891
4,133,Stage 0,Stage 0,1.0123044910422745e-19,0.9918573877880311
4,134,Stage 3,Stage 3,1.5012219126275094e-16,0.9909537624988691
4,135,Stage 2,Stage 2,0.25683840509560746,0.7349356673952726
4,136,Stage 3,Stage 3,1.5208739668280382e-16,0.9908899047222214
4,137,Stage 0,Stage 0,9.391464264113023e-20,0.9915972525102162
4,138,Stage 1,Stage 1,0.010025289971866769,0.9899747100278161
4,139,Stage 0,Stage 0,9.334504982898171e-20,0.9915748600865903
4,140,Stage 3,Stage 3,1.6020813199644695e-16,0.9906299673123887
4,141,Stage 1,Stage 1,0.009667796696653437,0.9903322033030524
4,142,Stage 0,Stage 0,1.334899836858545e-17,0.9807659238302157
4,143,Stage 1,Stage 1,0.009351198523028188,0.990648801476697
4,144,Stage 0,Stage 0,1.3845411787388083e-17,0.9809103097200548
4,145,Stage 3,Stage 3,1.6020813199644695e-16,0.9906299673123887
4,146,Stage 2,Stage 2,0.28321378646252493,0.7091798807736477
4,147,Stage 0,Stage 0,1.3241104099992208e-17,0.9807323539623602
4,148,Stage 0,Stage 0,9.073204391193619e-20,0.9914676788149698
4,149,Stage 3,Stage 3,1.6586075562578934e-16,0.9904525991304134
4,150,Stage 0,Stage 0,1.3485092822268163e-17,0.9808071202891354
4,151,Stage 0,Stage 0,1.0714118357958353e-19,0.9920354824753755
4,152,Stage 0,Stage 0,8.783470504027307e-20,0.9913396405861271
4,153,Stage 2,Stage 2,0.25900237345016314,0.732834621849088
4,154,Stage 0,Stage 0,1.0267698939127796e-19,0.9919033783199521
4,155,Stage 0,Stage 0,1.3986524478756912e-17,0.9809485139790308
4,156,Stage 3,Stage 3,1.6803138880578172e-16,0.9903852304193212
4,157,Stage 0,Stage 0,1.3294942712957499e-17,0.9807492073107461
4,158,Stage 0,Stage 0,1.2792116712707507e-17,0.9805834932838356
4,159,Stage 0,Stage 0,9.760320496659151e-20,0.99173448178738
4,160,Stage 2,Stage 2,0.25407286382189126,0.7376172934546089
4,161,Stage 0,Stage 0,1.334899836858545e-17,0.9807659238302157
4,162,Stage 4,Stage 4,0.694940131103242,0.694940131103242
4,163,Stage 1,Stage 1,0.009294748672478925,0.9907052513272498
4,164,Stage 3,Stage 3,1.2954392823164148e-16,0.9916471420578322
4,165,Stage 0,Stage 0,1.362256304658958e-17,0.9808474741330337
4,166,Stage 0,Stage 0,9.525717101185453e-20,0.9916487261505318
4,167,Stage 2,Stage 2,0.2684040635590037,0.7236798798138958
4,168,Stage 4,Stage 4,0.6644901011083199,0.6644901011083199
4,169,Stage 2,Stage 2,0.2599332553644643,0.7319300847695427
4,170,Stage 0,Stage 0,1.030940514208353e-19,0.991916336347299
4,171,Stage 4,Stage 4,0.6791298478289639,0.6791298478289639
4,172,Stage 2,Stage 2,0.27575016202612107,0.7164988374361844
4,173,Stage 0,Stage 0,1.0288531012335657e-19,0.991909867392295
4,174,Stage 3,Stage 3,1.5882525403016033e-16,0.9906737959010864
4,175,Stage 4,Stage 4,0.6644901011083199,0.6644901011083199
4,176,Stage 0,Stage 0,1.4565385413759545e-17,0.9810933037434979
4,177,Stage 0,Stage 0,8.981656287912796e-20,0.9914283112014913
4,178,Stage 2,Stage 2,0.28190742497481436,0.7104625227613299
4,179,Stage 3,Stage 3,1.717122375802452e-16,0.990271899376191
4,180,Stage 0,Stage 0,1.0000670793438895e-19,0.9918171693732337
4,181,Stage 0,Stage 0,9.036474339409728e-20,0.9914520013362089
4,182,Stage 3,Stage 3,1.8807031211253414e-16,0.9897812573822138
4,183,Stage 4,Stage 4,0.6831361445987545,0.6831361445987545
4,184,Stage 0,Stage 0,1.3241104099992208e-17,0.9807323539623602
4,185,Stage 0,Stage 0,1.3845411787388083e-17,0.9809103097200548
4,186,Stage 0,Stage 0,8.855029906400031e-20,0.9913722153838513
4,187,Stage 0,Stage 0,1.4654240846403793e-17,0.9811139360105874
4,188,Stage 0,Stage 0,1.0499178926504226e-19,0.9919736589332914
4,189,Stage 0,Stage 0,1.1089612885645921e-19,0.9921361866768776
4,190,Stage 0,Stage 0,1.498467071421941e-17,0.9811872205552288
4,191,Stage 0,Stage 0,1.4713776418016138e-17,0.9811275361787647
4,192,Stage 3,Stage 3,1.7931686639812197e-16,0.9900412459085821
4,193,Stage 3,Stage 3,1.665811752754777e-16,0.9904301951067617
4,194,Stage 4,Stage 4,0.6784587144467115,0.6784587144467115
4,195,Stage 2,Stage 2,0.2835409214442216,0.7088585817844766
4,196,Stage 1,Stage 1,0.009003879713349556,0.9909961202863963
4,197,Stage 2,Stage 2,0.26556197357446565,0.7264517029193922
4,198,Stage 0,Stage 0,1.086717618107387e-19,0.9920776109680457
4,199,Stage 4,Stage 4,0.7045237745952606,0.7045237745952606
4,200,Stage 0,Stage 0,9.334504982898171e-20,0.9915748600865903
4,201,Stage 0,Stage 0,9.622779001159291e-20,0.9916848357534722
4,202,Stage 2,Stage 2,0.2835409214442216,0.7088585817844766
4,203,Stage 3,Stage 3,1.5609510811115244e-16,0.9907608434784348
4,204,Stage 0,Stage 0,9.487165560123325e-20,0.9916341295085987
4,205,Stage 3,Stage 3,1.848390124182986e-16,0.9898765684947084
4,206,Stage 1,Stage 1,0.010132002273315599,0.9898679977263604
4,207,Stage 4,Stage 4,0.677450195975465,0.677450195975465
4,208,Stage 0,Stage 0,1.3845411787388083e-17,0.9809103097200548
4,209,Stage 1,Stage 1,0.008643123901500233,0.9913568760982663
4,210,Stage 1,Stage 1,0.009365363967225648,0.9906346360324987
4,211,Stage 0,Stage 0,1.504553841548236e-17,0.9812001498268983
4,212,Stage 0,Stage 0,1.4418479510875946e-17,0.9810582935735213
4,213,Stage 3,Stage 3,1.6230499434520907e-16,0.990563840805628
4,214,Stage 1,Stage 1,0.008577907177043917,0.9914220928227263
4,215,Stage 0,Stage 0,1.726773762141265e-17,0.9815713275900749
4,216,Stage 0,Stage 0,1.0714118357958353e-19,0.9920354824753755
4,217,Stage 0,Stage 0,1.4215277937991817e-17,0.9810079570714533
4,218,Stage 0,Stage 0,9.110082887409164e-20,0.991483264016129
4,219,Stage 0,Stage 0,1.5509936680335137e-17,0.9812933184864318
4,220,Stage 2,Stage 2,0.2789809115922683,0.7133334588204383
4,221,Stage 2,Stage 2,0.2944570501604743,0.6981142557309185
4,222,Stage 0,Stage 0,1.3733539125597752e-17,0.9808791564823001
4,223,Stage 4,Stage 4,0.6994415899359354,0.6994415899359354
4,224,Stage 0,Stage 0,1.0889218514975205e-19,0.9920835531617204
4,225,Stage 2,Stage 2,0.28913530780043367,0.7033577072910632
4,226,Stage 2,Stage 2,0.27286148006909366,0.7193253923821371
4,227,Stage 0,Stage 0,1.0020963784044093e-19,0.9918239240460098
4,228,Stage 4,Stage 4,0.7038921691530047,0.7038921691530047
4,229,Stage 3,Stage 3,1.450045805823419e-16,0.9911218851945769
4,230,Stage 2,Stage 2,0.271902609070935,0.7202628547686946
4,231,Stage 1,Stage 1,0.008855138120937587,0.991144861878817
4,232,Stage 2,Stage 4,0.6920197826207666,0.6920197826207666
4,233,Stage 0,Stage 0,1.5229617817351255e-17,0.9812382176917146
4,234,Stage 2,Stage 2,0.273501847021749,0.7186991029313797
4,235,Stage 0,Stage 0,1.0714118357958353e-19,0.9920354824753755
4,236,Stage 1,Stage 1,0.009086052260636385,0.9909139477391049
4,237,Stage 4,Stage 4,0.7019910504556833,0.7019910504556833
4,238,Stage 3,Stage 3,1.7023034736543948e-16,0.9903173899928813
4,239,Stage 2,Stage 2,0.2841958434755683,0.7082152193698922
4,240,Stage 3,Stage 3,2.2171893957115201e-16,0.9888302473636491
4,241,Stage 0,Stage 0,1.0372280720857294e-19,0.9919356229504688
4,242,Stage 3,Stage 3,1.3411723860435234e-16,0.9914889005006022
4,243,Stage 0,Stage 0,1.0267698939127796e-19,0.9919033783199521
4,244,Stage 3,Stage 3,1.989660464495031e-16,0.9894653081170943
4,245,Stage 3,Stage 3,1.848390124182986e-16,0.9898765684947084
4,246,Stage 3,Stage 3,2.255927129549797e-16,0.9887251755504113
4,247,Stage 2,Stage 2,0.2731815517035496,0.7190123789562886
4,248,Stage 0,Stage 0,1.544720425987543e-17,0.9812812795009269
4,249,Stage 0,Stage 0,1.0955612881961845e-19,0.9921012664167081
4,250,Stage 2,Stage 4,0.7141778428399831,0.7141778428399831
4,251,Stage 2,Stage 4,0.6864476258577634,0.6864476258577634
4,252,Stage 2,Stage 2,0.27446407325826855,0.7177577015716604
4,253,Stage 3,Stage 3,1.8725724546827938e-16,0.9898051682707226
4,254,Stage 1,Stage 1,0.008828357024516838,0.9911716429752394
4,255,Stage 0,Stage 0,1.1501481077278294e-19,0.9922369764771746
4,256,Stage 2,Stage 2,0.30355885873385774,0.6891235947456005
4,257,Stage 1,Stage 1,0.009479455334477895,0.9905205446652398
4,258,Stage 4,Stage 4,0.7026258052252726,0.7026258052252726
4,259,Stage 0,Stage 0,1.1089612885645921e-19,0.9921361866768776
4,260,Stage 0,Stage 0,1.6249796369634964e-17,0.981423506656474
4,261,Stage 0,Stage 0,1.159505572700266e-19,0.9922585817052658
4,262,Stage 2,Stage 4,0.7271380791808274,0.7271380791808274
4,263,Stage 2,Stage 2,0.29814698998852246,0.694472751170893
4,264,Stage 2,Stage 4,0.7181494395224977,0.7181494395224977
4,265,Stage 2,Stage 2,0.2954608910037735,0.6971240574654314
4,266,Stage 2,Stage 4,0.7092271110159926,0.7092271110159926
4,267,Stage 1,Stage 1,0.008695650971626369,0.9913043490281371
4,268,Stage 0,Stage 0,1.147820513346529e-19,0.9922315306996724
4,269,Stage 2,Stage 2,0.28027939008212865,0.7120600601683366
4,270,Stage 1,Stage 1,0.007820487454844222,0.9921795125449655
4,271,Stage 2,Stage 4,0.7154047551013313,0.7154047551013313
4,272,Stage 3,Stage 3,2.265716502086544e-16,0.9886987549545228
4,273,Stage 2,Stage 2,0.29312153679008407,0.6994310715596714
4,274,Stage 0,Stage 0,1.1362526992564038e-19,0.9922040330326647
11,1,Stage 0,Stage 0,9.410527400285663e-20,0.9916046721498973
11,2,Stage 2,Stage 2,0.2684040635590037,0.7236798798138958
11,3,Stage 0,Stage 0,1.0000670793438895e-19,0.9918171693732337
11,4,Stage 2,Stage 2,0.2621133742682796,0.7298099976414045
11,5,Stage 1,Stage 1,0.009934708297490292,0.9900652917021984
11,6,Stage 0,Stage 0,1.3294942712957499e-17,0.9807492073107461
11,7,Stage 0,Stage 0,1.0061672751189167e-19,0.9918373713306831
11,8,Stage 2,Stage 2,0.25900237345016314,0.732834621849088
11,9,Stage 4,Stage 4,0.684794984527346,0.684794984527346
11,10,Stage 1,Stage 1,0.010634322217571969,0.9893656777820701
11,11,Stage 2,Stage 2,0.2674546575569374,0.7246062225826132
11,12,Stage 0,Stage 0,1.2714465240792793e-17,0.9805561658408186
11,13,Stage 0,Stage 0,9.74055263219065e-20,0.9917274537885016
11,14,Stage 0,Stage 0,1.1722669461630248e-17,0.9801601513738472
11,15,Stage 1,Stage 1,0.009859842846425057,0.9901401571532684
11,16,Stage 3,Stage 3,1.2842511828128758e-16,0.9916862435349484
11,17,Stage 1,Stage 1,0.009565926254869413,0.9904340737448427
11,18,Stage 0,Stage 0,8.694829184898601e-20,0.9912983839068218
11,19,Stage 2,Stage 2,0.25041486069432983,0.74115805835694
11,20,Stage 2,Stage 2,0.2510221877948732,0.7405706998731459
11,21,Stage 0,Stage 0,1.27661808036132e-17,0.9805744198500976
11,22,Stage 3,Stage 3,1.3646393226964299e-16,0.9914086664638717
11,23,Stage 0,Stage 0,1.1370842617280377e-17,0.9799958264208374
11,24,Stage 0,Stage 0,9.165680278779385e-20,0.9915064696883523
11,25,Stage 4,Stage 4,0.6900614492756498,0.6900614492756498
11,26,Stage 0,Stage 0,1.1604212392084036e-17,0.9801063660243678
11,27,Stage 0,Stage 0,8.572223346466714e-20,0.9912396080001131
11,28,Stage 4,Stage 4,0.6696465551129941,0.6696465551129941
11,29,Stage 2,Stage 2,0.2684040635590037,0.7236798798138958
11,30,Stage 4,Stage 4,0.691694026813284,0.691694026813284
11,31,Stage 0,Stage 0,9.202932517534232e-20,0.9915218259744493
11,32,Stage 0,Stage 0,1.3080881816500237e-17,0.9806809671243134
11,33,Stage 0,Stage 0,1.3134074518326739e-17,0.9806982344537166
11,34,Stage 1,Stage 1,0.009322931274816903,0.99067706872491
11,35,Stage 4,Stage 4,0.6834684068082958,0.6834684068082958
11,36,Stage 0,Stage 0,8.945294736894336e-20,0.9914124012335139
11,37,Stage 1,Stage 1,0.009551460378019672,0.9904485396216934
11,38,Stage 0,Stage 0,9.018164793258518e-20,0.991444127864863
11,39,Stage 0,Stage 0,9.467948022119981e-20,0.9916267982512464
11,40,Stage 0,Stage 0,1.1557162146697265e-17,0.9800845763643546
11,41,Stage 0,Stage 0,1.0123044910422745e-19,0.9918573877880311
11,42,Stage 3,Stage 3,1.318107998903221e-16,0.9915683900969946
11,43,Stage 0,Stage 0,1.2896383652677683e-17,0.9806194316431087
11,44,Stage 4,Stage 4,0.6679335525769413,0.6679335525769413
11,45,Stage 3,Stage 3,1.3646393226964299e-16,0.9914086664638717
11,46,Stage 3,Stage 3,1.388515806678279e-16,0.9913276811213593
11,47,Stage 3,Stage 3,1.4754125773760771e-16,0.9910382153289269
11,48,Stage 1,Stage 1,0.009800352867573126,0.9901996471321244
11,49,Stage 0,Stage 0,1.345776431263147e-17,0.9807989486918249
11,50,Stage 1,Stage 1,0.010132002273315599,0.9898679977263604
11,51,Stage 2,Stage 2,0.26808736836776415,0.7239889270126513
11,52,Stage 3,Stage 3,1.717122375802452e-16,0.990271899376191
11,53,Stage 4,Stage 4,0.684794984527346,0.684794984527346
11,54,Stage 2,Stage 2,0.273822365842087,0.7183855645380248
11,55,Stage 0,Stage 0,1.0123044910422745e-19,0.9918573877880311
11,56,Stage 2,Stage 2,0.265247322518575,0.7267583464317497
11,57,Stage 0,Stage 0,9.184287616612198e-20,0.9915141592139521
11,58,Stage 0,Stage 0,9.583836753171736e-20,0.9916704571574527
11,59,Stage 0,Stage 0,9.661878638945813e-20,0.9916991278032942
11,60,Stage 4,Stage 4,0.6910417547141406,0.6910417547141406
11,61,Stage 0,Stage 0,9.147110428318827e-20,0.9914987573472265
11,62,Stage 0,Stage 0,9.202932517534232e-20,0.9915218259744493
11,63,Stage 0,Stage 0,8.981656287912796e-20,0.9914283112014913
11,64,Stage 0,Stage 0,9.701136302956587e-20,0.9917133336883921
11,65,Stage 3,Stage 3,1.5274815003928008e-16,0.9908685194963217
11,66,Stage 3,Stage 3,1.198147844747022e-16,0.9919925770874629
11,67,Stage 2,Stage 2,0.23876060211790226,0.7523876745982604
11,68,Stage 0,Stage 0,1.362256304658958e-17,0.9808474741330337
11,69,Stage 0,Stage 0,1.1651452301897697e-17,0.9801279979084724
11,70,Stage 0,Stage 0,9.760320496659151e-20,0.99173448178738
11,71,Stage 0,Stage 0,1.3187481657883642e-17,0.980715363204435
11,72,Stage 2,Stage 2,0.2437963882471011,0.7475453445748567
11,73,Stage 0,Stage 0,1.0372280720857294e-19,0.9919356229504688
11,74,Stage 4,Stage 4,0.6900614492756498,0.6900614492756498
11,75,Stage 3,Stage 3,1.5208739668280382e-16,0.9908899047222214
11,76,Stage 0,Stage 0,9.259093358300944e-20,0.9915446901678397
11,77,Stage 4,Stage 4,0.670671542558104,0.670671542558104
11,78,Stage 3,Stage 3,1.5745428008113426e-16,0.990717420980011
11,79,Stage 0,Stage 0,1.0102546252047937e-19,0.99185073617104
11,80,Stage 0,Stage 0,9.87976855940541e-20,0.9917762040240412
11,81,Stage 3,Stage 3,1.3411723860435234e-16,0.9914889005006022
11,82,Stage 1,Stage 1,0.009407987955110443,0.9905920120446114
11,83,Stage 4,Stage 4,0.6838004221848187,0.6838004221848187
11,84,Stage 4,Stage 4,0.6844637113224621,0.6844637113224621
11,85,Stage 1,Stage 1,0.010845357674872167,0.9891546423247549
11,86,Stage 0,Stage 0,8.855029906400031e-20,0.9913722153838513
11,87,Stage 1,Stage 1,0.009422238607239732,0.9905777613924814
11,88,Stage 0,Stage 0,1.0735851686781043e-19,0.9920415582469281
11,89,Stage 0,Stage 0,8.765670665295167e-20,0.9913314372653822
11,90,Stage 0,Stage 0,1.3134074518326739e-17,0.9806982344537166
11,91,Stage 0,Stage 0,1.2637280966370862e-17,0.9805285158322073
11,92,Stage 0,Stage 0,1.2560561077266288e-17,0.9805005411964006
11,93,Stage 0,Stage 0,1.2844145311242713e-17,0.9806015333878619
11,94,Stage 4,Stage 4,0.6884225650067124,0.6884225650067124
11,95,Stage 2,Stage 2,0.2630511561301873,0.7288973306033367
11,96,Stage 3,Stage 3,1.5882525403016033e-16,0.9906737959010864
11,97,Stage 0,Stage 0,1.2333159853244846e-17,0.9804146486997954
11,98,Stage 0,Stage 0,1.2975136284103022e-17,0.9806460143726154
11,99,Stage 0,Stage 0,9.701136302956587e-20,0.9917133336883921
11,100,Stage 3,Stage 3,1.9053069031833766e-16,0.9897091905016043
11,101,Stage 3,Stage 3,1.5208739668280382e-16,0.9908899047222214
11,102,Stage 0,Stage 0,9.165680278779385e-20,0.9915064696883523
11,103,Stage 2,Stage 2,0.2696731056468591,0.7224410334125942
11,104,Stage 0,Stage 0,1.3080881816500237e-17,0.9806809671243134
11,105,Stage 0,Stage 0,9.391464264113023e-20,0.9915972525102162
11,106,Stage 0,Stage 0,8.927168884212394e-20,0.9914044111309707
11,107,Stage 0,Stage 0,1.4215277937991817e-17,0.9810079570714533
11,108,Stage 1,Stage 1,0.009874771118159353,0.9901252288815332
11,109,Stage 1,Stage 1,0.009755968732097837,0.9902440312676025
11,110,Stage 1,Stage 1,0.009711783633372769,0.9902882163663305
11,111,Stage 4,Stage 4,0.6838004221848187,0.6838004221848187
11,112,Stage 1,Stage 1,0.00949381320356987,0.990506186796147
11,113,Stage 0,Stage 0,1.2333159853244846e-17,0.9804146486997954
11,114,Stage 0,Stage 0,1.2637280966370862e-17,0.9805285158322073
11,115,Stage 0,Stage 0,9.296723129296975e-20,0.9915598200571972
11,116,Stage 3,Stage 3,1.4437723749347735e-16,0.9911426811614495
11,117,Stage 3,Stage 3,1.5012219126275094e-16,0.9909537624988691
11,118,Stage 4,Stage 4,0.6857873153651937,0.6857873153651937
11,119,Stage 3,Stage 3,1.4947276702364524e-16,0.9909749495023996
11,120,Stage 4,Stage 4,0.6686194552365096,0.6686194552365096
11,121,Stage 1,Stage 1,0.009949748780050132,0.9900502512196377
11,122,Stage 2,Stage 2,0.2649328993978252,0.7270647217849756
11,123,Stage 2,Stage 2,0.25683840509560746,0.7349356673952726
11,124,Stage 0,Stage 0,1.047792244479705e-19,0.991967369054299
11,125,Stage 0,Stage 0,1.2662957320952439e-17,0.980537768469339
11,126,Stage 4,Stage 4,0.6841321904490448,0.6841321904490448
11,127,Stage 0,Stage 0,1.3761422954353124e-17,0.9808869942214414
11,128,Stage 0,Stage 0,1.407187590236275e-17,0.9809710466192401
11,129,Stage 0,Stage 0,1.0735851686781043e-19,0.9920415582469281
11,130,Stage 1,Stage 1,0.009609454194694656,0.9903905458050148
11,131,Stage 2,Stage 2,0.25315520778394973,0.7385062168479645
11,132,Stage 2,Stage 2,0.25683840509560746,0.7349356673952726
11,133,Stage 3,Stage 3,1.7776954166379165e-16,0.9900878065782867
11,134,Stage 1,Stage 1,0.009874771118159353,0.9901252288815332
11,135,Stage 4,Stage 4,0.6744116221435149,0.6744116221435149
11,136,Stage 0,Stage 0,9.018164793258518e-20,0.991444127864863
11,137,Stage 0,Stage 0,1.0123044910422745e-19,0.9918573877880311
11,138,Stage 4,Stage 4,0.6814711408851148,0.6814711408851148
11,139,Stage 2,Stage 2,0.2636774894246132,0.7282875373293057
11,140,Stage 2,Stage 4,0.6811374035859517,0.6811374035859517
11,141,Stage 1,Stage 1,0.009465118971863792,0.9905348810278547
11,142,Stage 3,Stage 3,1.5077442951527206e-16,0.9909325261098706
11,143,Stage 1,Stage 1,0.009800352867573126,0.9901996471321244
11,144,Stage 0,Stage 0,1.0414409617945719e-19,0.9919483809081383
11,145,Stage 0,Stage 0,9.165680278779385e-20,0.9915064696883523
11,146,Stage 1,Stage 1,0.009624007050878763,0.9903759929488298
11,147,Stage 3,Stage 3,1.6371808454090327e-16,0.990519499349954
11,148,Stage 1,Stage 1,0.010086131453090964,0.9899138685465878
11,149,Stage 3,Stage 3,1.7700087883258213e-16,0.99011100586284
11,150,Stage 0,Stage 0,9.583836753171736e-20,0.9916704571574527
11,151,Stage 1,Stage 1,0.010193484701858406,0.9898065152978135
11,152,Stage 0,Stage 0,1.3958188278091785e-17,0.980940938295889
11,153,Stage 4,Stage 4,0.6933202648500807,0.6933202648500807
11,154,Stage 1,Stage 1,0.009365363967225648,0.9906346360324987
11,155,Stage 2,Stage 4,0.6834684068082958,0.6834684068082958
11,156,Stage 0,Stage 0,1.2844145311242713e-17,0.9806015333878619
11,157,Stage 4,Stage 4,0.6631062637382018,0.6631062637382018
11,158,Stage 1,Stage 1,0.010333173429814414,0.9896668265698481
11,159,Stage 0,Stage 0,8.999892134210829e-20,0.9914362311704462
11,160,Stage 3,Stage 3,1.4690296916016509e-16,0.9910592059180846
11,161,Stage 4,Stage 4,0.6844637113224621,0.6844637113224621
11,162,Stage 4,Stage 4,0.6733944514678334,0.6733944514678334
11,163,Stage 3,Stage 3,1.96397079672095e-16,0.9895390684764639
11,164,Stage 3,Stage 3,1.2191180834968498e-16,0.9919170618790788
11,165,Stage 1,Stage 1,0.00894950756157457,0.9910504924381747
11,166,Stage 3,Stage 3,1.595151985996128e-16,0.9906519071036988
11,167,Stage 1,Stage 1,0.009697099346223191,0.9903029006534809
11,168,Stage 4,Stage 4,0.6814711408851148,0.6814711408851148
11,169,Stage 4,Stage 4,0.6784587144467115,0.6784587144467115
11,170,Stage 4,Stage 4,0.6871069390768858,0.6871069390768858
11,171,Stage 0,Stage 0,8.451336088651371e-20,0.9911796293397436
11,172,Stage 0,Stage 0,1.2358223830009592e-17,0.9804243392721755
11,173,Stage 4,Stage 4,0.6771135394147672,0.6771135394147672
11,174,Stage 3,Stage 3,1.5677322519212532e-16,0.9907391574938658
11,175,Stage 2,Stage 4,0.6804691947043152,0.6804691947043152
11,176,Stage 0,Stage 0,1.2383338275301069e-17,0.980433992921724
11,177,Stage 2,Stage 2,0.26777089964490897,0.7242977080088484
11,178,Stage 0,Stage 0,1.3107451416612386e-17,0.9806896181480723
11,179,Stage 0,Stage 0,9.054820847169687e-20,0.9914598516358336
11,180,Stage 2,Stage 2,0.2574555242711091,0.7343367343480506
11,181,Stage 0,Stage 0,1.444774259912856e-17,0.9810653582195327
11,182,Stage 4,Stage 4,0.669304422786679,0.669304422786679
11,183,Stage 0,Stage 0,1.410044103467453e-17,0.9809784929235621
11,184,Stage 4,Stage 4,0.6910417547141406,0.6910417547141406
11,185,Stage 0,Stage 0,9.018164793258518e-20,0.991444127864863
11,186,Stage 1,Stage 1,0.009044873522153283,0.9909551264775904
11,187,Stage 1,Stage 1,0.009522593587758624,0.990477406411956
11,188,Stage 0,Stage 0,9.277889271811996e-20,0.9915522663698692
11,189,Stage 4,Stage 4,0.6864476258577634,0.6864476258577634
11,190,Stage 0,Stage 0,1.3567408977099178e-17,0.9808314331400222
11,191,Stage 0,Stage 0,9.78012826822886e-20,0.9917414884816289
11,192,Stage 3,Stage 3,1.5882525403016033e-16,0.9906737959010864
11,193,Stage 1,Stage 1,0.009086052260636385,0.9909139477391049
11,194,Stage 2,Stage 2,0.2835409214442216,0.7088585817844766
11,195,Stage 2,Stage 2,0.2754283060568758,0.7168139451612059
11,196,Stage 0,Stage 0,1.0414409617945719e-19,0.9919483809081383
11,197,Stage 0,Stage 0,1.0330321413314762e-19,0.9919227852292337
11,198,Stage 0,Stage 0,1.2358223830009592e-17,0.9804243392721755
11,199,Stage 1,Stage 1,0.009770741285424905,0.9902292587142744
11,200,Stage 2,Stage 2,0.26086621188254744,0.7310231022110232
11,201,Stage 4,Stage 4,0.6913680174242096,0.6913680174242096
11,202,Stage 0,Stage 0,9.919906859254658e-20,0.9917899427447266
11,203,Stage 0,Stage 0,1.0414409617945719e-19,0.9919483809081383
11,204,Stage 0,Stage 0,1.1202524931037835e-19,0.9921647765241491
11,205,Stage 0,Stage 0,1.4157743979431764e-17,0.9809932890761482
11,206,Stage 0,Stage 0,1.0541820717787546e-19,0.9919861796970318
11,207,Stage 1,Stage 1,0.007820487454844222,0.9921795125449655
11,208,Stage 3,Stage 3,1.481823122744664e-16,0.991017175804803
11,209,Stage 3,Stage 3,1.6371808454090327e-16,0.990519499349954
11,210,Stage 2,Stage 2,0.2621133742682796,0.7298099976414045
11,211,Stage 0,Stage 0,1.0955612881961845e-19,0.9921012664167081
11,212,Stage 2,Stage 2,0.2696731056468591,0.7224410334125942
11,213,Stage 2,Stage 4,0.680803421430519,0.680803421430519
11,214,Stage 3,Stage 3,1.9386118092862883e-16,0.9896123167342977
11,215,Stage 4,Stage 4,0.6900614492756498,0.6900614492756498
11,216,Stage 0,Stage 0,9.018164793258518e-20,0.991444127864863
11,217,Stage 0,Stage 0,1.3539915043536261e-17,0.980823362442118
11,218,Stage 0,Stage 0,1.0393323927914112e-19,0.9919420118778036
11,219,Stage 2,Stage 2,0.25962273068952946,0.7322318691216054
11,220,Stage 3,Stage 3,1.4947276702364524e-16,0.9909749495023996
11,221,Stage 0,Stage 0,1.0205454211877452e-19,0.9918837899546677
11,222,Stage 1,Stage 1,0.009580413828657553,0.9904195861710536
11,223,Stage 0,Stage 0,1.532249408661315e-17,0.9812568497501173
11,224,Stage 3,Stage 3,1.4626743465657863e-16,0.991080147684282
11,225,Stage 3,Stage 3,1.665811752754777e-16,0.9904301951067617
11,226,Stage 2,Stage 2,0.2783329932181442,0.7139686090247577
11,227,Stage 0,Stage 0,1.4624562765692272e-17,0.9811070895885539
11,228,Stage 3,Stage 3,1.5541991621913235e-16,0.9907824790492394
11,229,Stage 3,Stage 3,1.673047151838939e-16,0.9904077389095308
11,230,Stage 2,Stage 2,0.2881435439249401,0.7043337472777627
11,231,Stage 0,Stage 0,9.487165560123325e-20,0.9916341295085987
11,232,Stage 0,Stage 0,1.4565385413759545e-17,0.9810933037434979
11,233,Stage 2,Stage 2,0.26872098505124564,0.7233705666330764
11,234,Stage 3,Stage 3,1.6301001252263617e-16,0.990541695868044
11,235,Stage 0,Stage 0,9.31559500739439e-20,0.9915673512795624
11,236,Stage 3,Stage 3,1.8324417990417863e-16,0.9899238928700118
11,237,Stage 2,Stage 2,0.28092994701159685,0.7114218156136274
11,238,Stage 0,Stage 0,1.0288531012335657e-19,0.991909867392295
11,239,Stage 2,Stage 4,0.6962314150381189,0.6962314150381189
11,240,Stage 2,Stage 4,0.7082912208431686,0.7082912208431686
11,241,Stage 0,Stage 0,1.0351279911143774e-19,0.9919292140822679
11,242,Stage 4,Stage 4,0.6923452845868395,0.6923452845868395
11,243,Stage 2,Stage 2,0.26336420834067564,0.7285925686842741
11,244,Stage 2,Stage 2,0.27671706241262906,0.7155519507884045
11,245,Stage 0,Stage 0,1.0456708790322809e-19,0.9919610594527702
11,246,Stage 2,Stage 2,0.2901289951879823,0.702379412573788
11,247,Stage 3,Stage 3,1.4437723749347735e-16,0.9911426811614495
11,248,Stage 0,Stage 0,1.287023821130877e-17,0.9806105002089812
11,249,Stage 0,Stage 0,1.43892752315068e-17,0.9810511974896002
11,250,Stage 3,Stage 3,1.7320699049610832e-16,0.990226196699589
11,251,Stage 2,Stage 2,0.2725416322991087,0.7196381429789372
11,252,Stage 1,Stage 1,0.009155096671304125,0.9908449033284329
11,253,Stage 0,Stage 0,1.138556939112908e-19,0.9922095685344504
11,254,Stage 3,Stage 3,1.8970701934139603e-16,0.989733268624752
11,255,Stage 2,Stage 4,0.7057838232396134,0.7057838232396134
11,256,Stage 2,Stage 2,0.2741431079820585,0.7180717640074853
11,257,Stage 2,Stage 2,0.28386827385206,0.7085370278993444
11,258,Stage 0,Stage 0,1.0123044910422745e-19,0.9918573877880311
11,259,Stage 2,Stage 4,0.6946166691285217,0.6946166691285217
11,260,Stage 0,Stage 0,1.0267698939127796e-19,0.9919033783199521
11,261,Stage 0,Stage 0,1.4535885902983276e-17,0.9810863641899918
11,262,Stage 3,Stage 3,1.7776954166379165e-16,0.9900878065782867
11,263,Stage 0,Stage 0,1.152480401353323e-19,0.9922424044275099
11,264,Stage 2,Stage 4,0.7023085587129587,0.7023085587129587
11,265,Stage 2,Stage 4,0.6929955259593715,0.6929955259593715
11,266,Stage 0,Stage 0,9.74055263219065e-20,0.9917274537885016
11,267,Stage 0,Stage 0,1.5015073952878164e-17,0.9811937002634593
11,268,Stage 3,Stage 3,1.8403987379288522e-16,0.9899002581759518
11,269,Stage 2,Stage 2,0.2944570501604743,0.6981142557309185
11,270,Stage 0,Stage 0,1.4624562765692272e-17,0.9811070895885539
11,271,Stage 1,Stage 1,0.008321883218001527,0.9916781167817825
11,272,Stage 1,Stage 1,0.008577907177043917,0.9914220928227263
11,273,Stage 0,Stage 0,1.1880352147292177e-19,0.9923217107438076
11,274,Stage 4,Stage 4,0.6984812522087592,0.6984812522087592
11,275,Stage 0,Stage 0,1.0143584951925212e-19,0.991864018929853
11,276,Stage 2,Stage 4,0.6997611836295186,0.6997611836295186
11,277,Stage 1,Stage 1,0.007808640272209734,0.9921913597276006
11,278,Stage 1,Stage 1,0.008616978437079327,0.9913830215626886
11,279,Stage 2,Stage 4,0.7010369575675068,0.7010369575675068
11,280,Stage 3,Stage 3,1.785415327372632e-16,0.990064553301333
11,281,Stage 4,Stage 4,0.6994415899359354,0.6994415899359354
11,282,Stage 2,Stage 4,0.6968755151177335,0.6968755151177335
11,283,Stage 0,Stage 0,1.433104262676681e-17,0.9810369107430247
11,284,Stage 0,Stage 0,1.0933436775449487e-19,0.9920953808445817
11,285,Stage 3,Stage 3,2.1603224285404896e-16,0.9889860385508604
11,286,Stage 2,Stage 2,0.2760722402011618,0.7161834689750823
11,287,Stage 0,Stage 0,1.1571591243198374e-19,0.9922532070026701
11,288,Stage 0,Stage 0,1.1689388352279608e-19,0.9922799041855801
11,289,Stage 2,Stage 2,0.30526078477342306,0.6874394020142769
11,290,Stage 2,Stage 4,0.701673280688404,0.701673280688404
11,291,Stage 3,Stage 3,2.2076090040687983e-16,0.9888563633661708
11,292,Stage 0,Stage 0,1.5478538920076647e-17,0.9812873136001357
11,293,Stage 2,Stage 4,0.7150984329042729,0.7150984329042729
11,294,Stage 2,Stage 4,0.7000805174794553,0.7000805174794553
11,295,Stage 0,Stage 0,1.1408658310449655e-19,0.9922150860126183
11,296,Stage 2,Stage 4,0.6981606215599166,0.6981606215599166
11,297,Stage 1,Stage 1,0.008748494448733376,0.991251505551027
11,298,Stage 0,Stage 0,1.6921575289259125e-17,0.9815247383533219
11,299,Stage 2,Stage 2,0.28880450581797945,0.7036833048291352
11,300,Stage 3,Stage 3,1.7023034736543948e-16,0.9903173899928813
11,301,Stage 0,Stage 0,1.1316581382819114e-19,0.9921929077999003
12,1,Stage 3,Stage 3,1.1522712288932924e-16,0.9921599320609006
12,2,Stage 4,Stage 4,0.648003337995694,0.648003337995694
12,3,Stage 2,Stage 2,0.23729258819557023,0.7537962701326412
12,4,Stage 1,Stage 1,0.01077998626851497,0.9892200137311167
12,5,Stage 2,Stage 2,0.22861028551312673,0.7620972600864514
12,6,Stage 0,Stage 0,8.19796738548088e-20,0.9910469656665484
12,7,Stage 3,Stage 3,1.1522712288932924e-16,0.9921599320609006
12,8,Stage 1,Stage 1,0.010025289971866769,0.9899747100278161
12,9,Stage 0,Stage 0,1.1278801174521849e-17,0.9799504871008234
12,10,Stage 2,Stage 2,0.24469217859954617,0.7466823388248103
12,11,Stage 0,Stage 0,9.036474339409728e-20,0.9914520013362089
12,12,Stage 0,Stage 0,8.400047374762764e-20,0.9911535513581672
12,13,Stage 0,Stage 0,8.214621238389883e-20,0.9910559882047939
12,14,Stage 0,Stage 0,8.677207923103145e-20,0.9912900602817227
12,15,Stage 0,Stage 0,1.0397993448227876e-17,0.9794603916077773
12,16,Stage 1,Stage 1,0.010395863773007857,0.9896041362266504
12,17,Stage 0,Stage 0,1.0633194426226272e-17,0.9796019781782698
12,18,Stage 2,Stage 2,0.23061681542732937,0.7601835710174436
12,19,Stage 0,Stage 0,1.0720020520770851e-17,0.9796521603874878
12,20,Stage 2,Stage 2,0.24588987844903148,0.7455277281016649
12,21,Stage 0,Stage 0,8.049584355568391e-20,0.9909645961410933
12,22,Stage 1,Stage 1,0.009653178269755352,0.9903468217299513
12,23,Stage 0,Stage 0,1.1347762782985331e-17,0.9799845522493187
12,24,Stage 0,Stage 0,8.677207923103145e-20,0.9912900602817227
12,25,Stage 1,Stage 1,0.010731213620810186,0.9892687863788249
12,26,Stage 1,Stage 1,0.010270857205587213,0.9897291427940793
12,27,Stage 2,Stage 2,0.24859851280195477,0.7429134611599754
12,28,Stage 1,Stage 1,0.010845357674872167,0.9891546423247549
12,29,Stage 4,Stage 4,0.6433581870236106,0.6433581870236106
12,30,Stage 0,Stage 0,8.537509825055995e-20,0.9912225947871058
12,31,Stage 2,Stage 2,0.23495619552549454,0.7560351692055192
12,32,Stage 0,Stage 0,8.298396123902237e-20,0.9911007162968369
12,33,Stage 0,Stage 0,1.1770386885997358e-17,0.9801813917513598
12,34,Stage 4,Stage 4,0.639038952057018,0.639038952057018
12,35,Stage 0,Stage 0,8.677207923103145e-20,0.9912900602817227
12,36,Stage 4,Stage 4,0.6522590955728329,0.6522590955728329
12,37,Stage 3,Stage 3,1.2033564236264058e-16,0.9919737642817119
12,38,Stage 1,Stage 1,0.010147338384412171,0.9898526616152628
12,39,Stage 1,Stage 1,0.010911121130414226,0.9890888788692082
12,40,Stage 0,Stage 0,8.383019973218452e-20,0.9911448085800331
12,41,Stage 0,Stage 0,9.622779001159291e-20,0.9916848357534722
12,42,Stage 0,Stage 0,9.184287616612198e-20,0.9915141592139521
12,43,Stage 0,Stage 0,7.745036741605663e-20,0.990783658434291
12,44,Stage 1,Stage 1,0.011590830357236351,0.9884091696423359
12,45,Stage 0,Stage 0,1.0482919587006265e-17,0.9795124908735049
12,46,Stage 4,Stage 4,0.6372305305291923,0.6372305305291923
12,47,Stage 0,Stage 0,8.098746447928079e-20,0.9909922871964918
12,48,Stage 2,Stage 2,0.24890064996130676,0.7426215901757899
12,49,Stage 2,Stage 2,0.2375857134063732,0.7535151213415648
12,50,Stage 4,Stage 4,0.6617187678056939,0.6617187678056939
12,51,Stage 0,Stage 0,8.451336088651371e-20,0.9911796293397436
12,52,Stage 1,Stage 1,0.010208912914871814,0.9897910870847989
12,53,Stage 1,Stage 1,0.010993880271143848,0.9890061197284729
12,54,Stage 3,Stage 3,1.1033499035133906e-16,0.992341806553053
12,55,Stage 0,Stage 0,8.981656287912796e-20,0.9914283112014913
12,56,Stage 4,Stage 4,0.6526123321234967,0.6526123321234967
12,57,Stage 0,Stage 0,7.952147921726884e-20,0.9909085025359076
12,58,Stage 2,Stage 2,0.23495619552549454,0.7560351692055192
12,59,Stage 1,Stage 1,0.009624007050878763,0.9903759929488298
12,60,Stage 4,Stage 4,0.6821378797765163,0.6821378797765163
12,61,Stage 1,Stage 1,0.010618258001908947,0.989381741997734
12,62,Stage 0,Stage 0,9.128577989666076e-20,0.9914910221400364
12,63,Stage 1,Stage 1,0.011348299721650131,0.9886517002779404
12,64,Stage 0,Stage 0,9.583836753171736e-20,0.9916704571574527
12,65,Stage 4,Stage 4,0.6554303277140929,0.6554303277140929
12,66,Stage 2,Stage 2,0.24260531899489832,0.7486920734925386
12,67,Stage 4,Stage 4,0.6317750228363617,0.6317750228363617
12,68,Stage 1,Stage 1,0.010208912914871814,0.9897910870847989
12,69,Stage 0,Stage 0,9.054820847169687e-20,0.9914598516358336
12,70,Stage 0,Stage 0,6.898372771711306e-20,0.9901797042056103
12,71,Stage 4,Stage 4,0.64550654543803,0.64550654543803
12,72,Stage 3,Stage 3,1.065709314467768e-16,0.9924842807103164
12,73,Stage 1,Stage 1,0.010993880271143848,0.9890061197284729
12,74,Stage 0,Stage 0,1.3187481657883642e-17,0.980715363204435
12,75,Stage 2,Stage 2,0.23408399923292728,0.7568700288384329
12,76,Stage 3,Stage 3,1.182656670751496e-16,0.9920487529320827
12,77,Stage 2,Stage 2,0.23234608327069742,0.758531987693216
12,78,Stage 3,Stage 3,1.1275458834803555e-16,0.9922513998102035
12,79,Stage 1,Stage 1,0.009755968732097837,0.9902440312676025
12,80,Stage 4,Stage 4,0.6429993928038055,0.6429993928038055
12,81,Stage 2,Stage 2,0.24649014624642607,0.7449487389111789
12,82,Stage 4,Stage 4,0.6540230893838765,0.6540230893838765
12,83,Stage 2,Stage 2,0.24920302226922736,0.7423294404854913
12,84,Stage 3,Stage 3,1.388515806678279e-16,0.9913276811213593
12,85,Stage 3,Stage 3,1.0796719944733462e-16,0.9924311644339565
12,86,Stage 4,Stage 4,0.639400023519402,0.639400023519402
12,87,Stage 0,Stage 0,1.2134452772851683e-17,0.9803357854271768
12,88,Stage 2,Stage 2,0.24201120808473084,0.7492637439240315
12,89,Stage 3,Stage 3,1.1324482376263934e-16,0.9922331915318743
12,90,Stage 1,Stage 1,0.009697099346223191,0.9903029006534809
12,91,Stage 0,Stage 0,1.0271878527077494e-17,0.9793809125665729
12,92,Stage 2,Stage 2,0.23729258819557023,0.7537962701326412
12,93,Stage 2,Stage 2,0.24649014624642607,0.7449487389111789
12,94,Stage 2,Stage 2,0.2326351357671941,0.758255714161326
12,95,Stage 2,Stage 2,0.24529055562155658,0.7461055952146525
12,96,Stage 1,Stage 1,0.011077260096893788,0.9889227399027167
12,97,Stage 0,Stage 0,7.543284291295014e-20,0.99065417897733
12,98,Stage 1,Stage 1,0.01234957327125552,0.9876504267282569
12,99,Stage 0,Stage 0,9.583836753171736e-20,0.9916704571574527
12,100,Stage 0,Stage 0,7.729328862155997e-20,0.9907738647520326
12,101,Stage 2,Stage 2,0.24980847187399974,0.7417443057242193
12,102,Stage 3,Stage 3,1.5541991621913235e-16,0.9907824790492394
12,103,Stage 3,Stage 3,1.1673653215887557e-16,0.9921045370250977
12,104,Stage 2,Stage 2,0.23817268035555245,0.7529519679552488
12,105,Stage 4,Stage 4,0.6582341597389156,0.6582341597389156
12,106,Stage 0,Stage 0,1.1007078734227014e-17,0.9798105451917606
12,107,Stage 1,Stage 1,0.0108946433864624,0.9891053566131612
12,108,Stage 3,Stage 3,1.0985732332049542e-16,0.9923597616519493
12,109,Stage 0,Stage 0,1.225826972046872e-17,0.9803853546585779
12,110,Stage 2,Stage 2,0.23583054804126902,0.7551977285057843
12,111,Stage 3,Stage 3,1.595151985996128e-16,0.9906519071036988
12,112,Stage 2,Stage 2,0.23321396116777354,0.7577023030926037
12,113,Stage 0,Stage 0,8.659622161005087e-20,0.9912817124353902
12,114,Stage 2,Stage 2,0.24141804734081146,0.7498342831611539
12,115,Stage 0,Stage 0,1.1627808591199174e-17,0.9801172016463422
12,116,Stage 4,Stage 4,0.6564834339169144,0.6564834339169144
12,117,Stage 1,Stage 1,0.010364471699471136,0.9896355283001894
12,118,Stage 0,Stage 0,1.2208593453132203e-17,0.980365639237517
12,119,Stage 0,Stage 0,8.231308708690136e-20,0.9910649850272207
12,120,Stage 0,Stage 0,7.698007967688242e-20,0.9907541948647346
12,121,Stage 2,Stage 2,0.2393494780139037,0.7518222425992226
12,122,Stage 0,Stage 0,1.056853175681407e-17,0.979563887793874
12,123,Stage 3,Stage 3,1.1033499035133906e-16,0.992341806553053
12,124,Stage 1,Stage 1,0.010162697470396196,0.9898373025292777
12,125,Stage 1,Stage 1,0.010506478714620649,0.9894935212850299
12,126,Stage 3,Stage 3,1.2458465006915191e-16,0.9918216718281889
12,127,Stage 3,Stage 3,1.2842511828128758e-16,0.9916862435349484
12,128,Stage 1,Stage 1,0.010301968689707616,0.989698031309957
12,129,Stage 0,Stage 0,1.080754800407895e-17,0.9797016566100913
12,130,Stage 0,Stage 0,8.214621238389883e-20,0.9910559882047939
12,131,Stage 4,Stage 4,0.6634525668851401,0.6634525668851401
12,132,Stage 4,Stage 4,0.6662147213624142,0.6662147213624142
12,133,Stage 0,Stage 0,1.1440361322670744e-17,0.9800294075079312
12,134,Stage 4,Stage 4,0.6834684068082958,0.6834684068082958
12,135,Stage 0,Stage 0,8.712486018094915e-20,0.9913066833643034
12,136,Stage 0,Stage 0,8.999892134210829e-20,0.9914362311704462
12,137,Stage 4,Stage 4,0.6592819096375138,0.6592819096375138
12,138,Stage 0,Stage 0,8.624556849811711e-20,0.9912649438639503
12,139,Stage 0,Stage 0,8.607077158031066e-20,0.9912565230310001
12,140,Stage 4,Stage 4,0.648003337995694,0.648003337995694
12,141,Stage 1,Stage 1,0.011314064487813084,0.9886859355117799
12,142,Stage 2,Stage 2,0.2375857134063732,0.7535151213415648
12,143,Stage 3,Stage 3,1.2404544554862024e-16,0.9918408389192064
12,144,Stage 0,Stage 0,8.677207923103145e-20,0.9912900602817227
12,145,Stage 3,Stage 3,1.3825079034017648e-16,0.991347998269653
12,146,Stage 0,Stage 0,8.677207923103145e-20,0.9912900602817227
12,147,Stage 2,Stage 2,0.24529055562155658,0.7461055952146525
12,148,Stage 0,Stage 0,7.376653283748909e-20,0.9905408983632783
12,149,Stage 0,Stage 0,1.215911663711361e-17,0.9803457742274315
12,150,Stage 0,Stage 0,8.214621238389883e-20,0.9910559882047939
12,151,Stage 0,Stage 0,1.2109838471225073e-17,0.9803257589901149
12,152,Stage 0,Stage 0,8.659622161005087e-20,0.9912817124353902
12,153,Stage 1,Stage 1,0.010666522809220242,0.9893334771904194
12,154,Stage 1,Stage 1,0.010301968689707616,0.989698031309957
12,155,Stage 0,Stage 0,1.1255906292975992e-17,0.9799390508848048
12,156,Stage 3,Stage 3,1.437526014416234e-16,0.9911634287509127
12,157,Stage 3,Stage 3,1.3353688209667664e-16,0.9915088424241372
12,158,Stage 0,Stage 0,8.131686794496749e-20,0.9910106172108247
12,159,Stage 0,Stage 0,1.2484302778220652e-17,0.9804722398578325
12,160,Stage 3,Stage 3,1.1673653215887557e-16,0.9921045370250977
12,161,Stage 0,Stage 0,1.1370842617280377e-17,0.9799958264208374
12,162,Stage 0,Stage 0,8.148206854130017e-20,0.9910197431849472
12,163,Stage 0,Stage 0,1.1914696397497982e-17,0.9802441829037015
12,164,Stage 0,Stage 0,8.624556849811711e-20,0.9912649438639503
12,165,Stage 3,Stage 3,1.0610952415422724e-16,0.9925019036330058
12,166,Stage 4,Stage 4,0.6422811781087853,0.6422811781087853
12,167,Stage 4,Stage 4,0.6818046330432872,0.6818046330432872
12,168,Stage 1,Stage 1,0.01082897815815798,0.9891710218414701
12,169,Stage 0,Stage 0,9.334504982898171e-20,0.9915748600865903
12,170,Stage 4,Stage 4,0.669304422786679,0.669304422786679
12,171,Stage 2,Stage 2,0.23964427354617432,0.7515391000262467
12,172,Stage 0,Stage 0,1.2085273632587744e-17,0.9803156948360203
12,173,Stage 0,Stage 0,1.193891776853346e-17,0.9802545133384781
12,174,Stage 1,Stage 1,0.010301968689707616,0.989698031309957
12,175,Stage 0,Stage 0,1.193891776853346e-17,0.9802545133384781
12,176,Stage 3,Stage 3,1.3411723860435234e-16,0.9914889005006022
12,177,Stage 3,Stage 3,1.3238367348768738e-16,0.9915485871160096
12,178,Stage 4,Stage 4,0.6662147213624142,0.6662147213624142
12,179,Stage 4,Stage 4,0.6669029507634441,0.6669029507634441
12,180,Stage 2,Stage 2,0.2549926177230726,0.7367258905770219
12,181,Stage 0,Stage 0,8.694829184898601e-20,0.9912983839068218
12,182,Stage 4,Stage 4,0.6578844612749902,0.6578844612749902
12,183,Stage 0,Stage 0,1.1914696397497982e-17,0.9802441829037015
12,184,Stage 0,Stage 0,1.1278801174521849e-17,0.9799504871008234
12,185,Stage 4,Stage 4,0.6658702591579196,0.6658702591579196
12,186,Stage 2,Stage 2,0.24260531899489832,0.7486920734925386
12,187,Stage 3,Stage 3,1.1724403944377254e-16,0.992085985688691
12,188,Stage 2,Stage 2,0.24082583751358175,0.7504036898319053
12,189,Stage 0,Stage 0,1.3160751229419032e-17,0.9807068161147312
12,190,Stage 0,Stage 0,8.264784773209078e-20,0.9910829017524949
12,191,Stage 0,Stage 0,9.603288243117046e-20,0.9916776572976473
12,192,Stage 0,Stage 0,1.1842323931121614e-17,0.9802129610796981
12,193,Stage 4,Stage 4,0.6655255657097157,0.6655255657097157
12,194,Stage 1,Stage 1,0.010411595072169162,0.9895884049274881
12,195,Stage 2,Stage 2,0.25407286382189126,0.7376172934546089
12,196,Stage 0,Stage 0,7.745036741605663e-20,0.990783658434291
12,197,Stage 3,Stage 3,1.4251140396290633e-16,0.991204779240457
12,198,Stage 2,Stage 2,0.25163045222685015,0.7399822317710941
12,199,Stage 1,Stage 1,0.010411595072169162,0.9895884049274881
12,200,Stage 3,Stage 3,1.3470011098844952e-16,0.9914689120498422
12,201,Stage 2,Stage 2,0.25346085982156524,0.7382101848703055
12,202,Stage 2,Stage 2,0.236707054712252,0.7543577110886671
12,203,Stage 0,Stage 0,1.1963187910619158e-17,0.9802648054895884
12,204,Stage 2,Stage 2,0.24290273052425007,0.7484058145098628
12,205,Stage 4,Stage 4,0.6818046330432872,0.6818046330432872
12,206,Stage 0,Stage 0,7.824053021464903e-20,0.990832216667609
12,207,Stage 2,Stage 2,0.25254460426268227,0.7390974523828906
12,208,Stage 1,Stage 1,0.01077998626851497,0.9892200137311167
12,209,Stage 0,Stage 0,8.837085903244356e-20,0.9913641073516679
12,210,Stage 2,Stage 2,0.2684040635590037,0.7236798798138958
12,211,Stage 3,Stage 3,1.3124039917685881e-16,0.9915881469760511
12,212,Stage 1,Stage 1,0.009580413828657553,0.9904195861710536
12,213,Stage 4,Stage 4,0.6592819096375138,0.6592819096375138
12,214,Stage 2,Stage 2,0.24679063424412062,0.7446588239845878
12,215,Stage 0,Stage 0,8.417109148209376e-20,0.9911622690404526
12,216,Stage 4,Stage 4,0.6814711408851148,0.6814711408851148
12,217,Stage 4,Stage 4,0.6589328842558504,0.6589328842558504
12,218,Stage 3,Stage 3,1.4947276702364524e-16,0.9909749495023996
12,219,Stage 1,Stage 1,0.009280689035787628,0.9907193109639421
12,220,Stage 1,Stage 1,0.009266650467382977,0.9907333495323475
12,221,Stage 0,Stage 0,8.366026874290211e-20,0.9911360406503251
12,222,Stage 0,Stage 0,8.400047374762764e-20,0.9911535513581672
12,223,Stage 3,Stage 3,1.6230499434520907e-16,0.990563840805628
12,224,Stage 3,Stage 3,1.5609510811115244e-16,0.9907608434784348
12,225,Stage 4,Stage 4,0.6699884527242035,0.6699884527242035
12,226,Stage 4,Stage 4,0.6733944514678334,0.6733944514678334
12,227,Stage 1,Stage 1,0.009844936918240737,0.990155063081454
12,228,Stage 3,Stage 3,1.673047151838939e-16,0.9904077389095308
12,229,Stage 1,Stage 1,0.010055665165061838,0.9899443348346193
12,230,Stage 2,Stage 2,0.2780093649386667,0.7142857960000686
12,231,Stage 4,Stage 4,0.6599792849745079,0.6599792849745079
12,232,Stage 2,Stage 2,0.24618989427922633,0.7452383736766981
12,233,Stage 0,Stage 0,1.215911663711361e-17,0.9803457742274315
12,234,Stage 2,Stage 2,0.2674546575569374,0.7246062225826132
12,235,Stage 4,Stage 4,0.6894066505243847,0.6894066505243847
12,236,Stage 0,Stage 0,8.281573503643895e-20,0.9910918217689588
12,237,Stage 4,Stage 4,0.6767766414749979,0.6767766414749979
12,238,Stage 0,Stage 0,8.730178494540156e-20,0.9913149587076621
12,239,Stage 3,Stage 3,1.5882525403016033e-16,0.9906737959010864
12,240,Stage 0,Stage 0,1.387352089176905e-17,0.9809180158781412
12,241,Stage 0,Stage 0,9.054820847169687e-20,0.9914598516358336
12,242,Stage 3,Stage 3,1.5012219126275094e-16,0.9909537624988691
12,243,Stage 1,Stage 1,0.01011668910345674,0.9898833108962201
12,244,Stage 2,Stage 2,0.2747852614864163,0.7174433774631043
12,245,Stage 1,Stage 1,0.0100708869055207,0.9899291130941592
12,246,Stage 3,Stage 3,1.437526014416234e-16,0.9911634287509127
12,247,Stage 0,Stage 0,9.467948022119981e-20,0.9916267982512464
12,248,Stage 2,Stage 4,0.6613713246232751,0.6613713246232751
12,249,Stage 3,Stage 3,1.6371808454090327e-16,0.990519499349954
12,250,Stage 1,Stage 1,0.010040466198299552,0.9899595338013824
12,251,Stage 3,Stage 3,1.888868983489878e-16,0.9897572908758766
12,252,Stage 0,Stage 0,1.1746504177763643e-17,0.9801707910337142
12,253,Stage 0,Stage 0,9.78012826822886e-20,0.9917414884816289
12,254,Stage 2,Stage 4,0.6781227837843048,0.6781227837843048
12,255,Stage 2,Stage 2,0.2661919588529908,0.7258376122776112
12,256,Stage 0,Stage 0,1.3485092822268163e-17,0.9808071202891354
12,257,Stage 2,Stage 2,0.28517985352171255,0.7072482684421606
12,258,Stage 1,Stage 1,0.009086052260636385,0.9909139477391049
12,259,Stage 0,Stage 0,1.0000670793438895e-19,0.9918171693732337
12,260,Stage 0,Stage 0,9.603288243117046e-20,0.9916776572976473
12,261,Stage 0,Stage 0,8.231308708690136e-20,0.9910649850272207
12,262,Stage 3,Stage 3,1.8166306727860768e-16,0.9899709977975176
12,263,Stage 0,Stage 0,8.434205362983467e-20,0.9911709616824874
12,264,Stage 2,Stage 2,0.2924550448654433,0.7000879966267913
12,265,Stage 2,Stage 4,0.6818046330432872,0.6818046330432872
12,266,Stage 3,Stage 3,1.5813828545132604e-16,0.9906956338210948
12,267,Stage 3,Stage 3,1.6230499434520907e-16,0.990563840805628
12,268,Stage 3,Stage 3,1.5609510811115244e-16,0.9907608434784348
12,269,Stage 0,Stage 0,1.4683978690384503e-17,0.9811207515190339
12,270,Stage 3,Stage 3,1.6160301689452604e-16,0.9905859342805401
12,271,Stage 3,Stage 3,1.673047151838939e-16,0.9904077389095308
12,272,Stage 1,Stage 1,0.00889546080219924,0.991104539197553
15,1,Stage 1,Stage 1,0.011838482179682641,0.9881615178198706
15,2,Stage 2,Stage 2,0.25315520778394973,0.7385062168479645
15,3,Stage 2,Stage 2,0.24023457934052553,0.7509719625722814
15,4,Stage 2,Stage 2,0.23205727100199086,0.7588079730146211
15,5,Stage 2,Stage 2,0.24739231790083466,0.7440781543687385
15,6,Stage 4,Stage 4,0.6529653501275292,0.6529653501275292
15,7,Stage 2,Stage 2,0.24950562961173267,0.7420370122733596
15,8,Stage 0,Stage 0,8.46850139491943e-20,0.9911882720675684
15,9,Stage 2,Stage 2,0.23905492084216523,0.7521051008456576
15,10,Stage 4,Stage 4,0.6637986410454966,0.6637986410454966
15,11,Stage 2,Stage 2,0.24409474820536187,0.7472579575151554
15,12,Stage 1,Stage 1,0.010506478714620649,0.9894935212850299
15,13,Stage 4,Stage 4,0.6801347236936146,0.6801347236936146
15,14,Stage 0,Stage 0,1.215911663711361e-17,0.9803457742274315
15,15,Stage 3,Stage 3,8.84288428876113e-17,0.9932061007856257
15,16,Stage 0,Stage 0,8.298396123902237e-20,0.9911007162968369
15,17,Stage 3,Stage 3,1.388515806678279e-16,0.9913276811213593
15,18,Stage 2,Stage 2,0.2649328993978252,0.7270647217849756
15,19,Stage 3,Stage 3,1.412808956696265e-16,0.991245937546461
15,20,Stage 4,Stage 4,0.6710127341611202,0.6710127341611202
15,21,Stage 0,Stage 0,1.2484302778220652e-17,0.9804722398578325
15,22,Stage 1,Stage 1,0.010763704406525684,0.9892362955931072
15,23,Stage 0,Stage 0,8.016974467717475e-20,0.9909460040695245
15,24,Stage 0,Stage 0,1.4043368175836372e-17,0.9809635680724318
15,25,Stage 2,Stage 2,0.24112182351621533,0.750119128152762
15,26,Stage 0,Stage 0,8.520205496502915e-20,0.9912140512260427
15,27,Stage 0,Stage 0,8.502936028786359e-20,0.9912054829556842
15,28,Stage 3,Stage 3,1.400609848735023e-16,0.9912869045482736
15,29,Stage 0,Stage 0,9.202932517534232e-20,0.9915218259744493
15,30,Stage 0,Stage 0,8.891026655718003e-20,0.9913883604290891
15,31,Stage 2,Stage 2,0.25869254117066315,0.7331355898180756
15,32,Stage 1,Stage 1,0.010796292490686686,0.9892037075089438
15,33,Stage 4,Stage 4,0.6699884527242035,0.6699884527242035
15,34,Stage 3,Stage 3,1.3067246071376175e-16,0.9916078578589149
15,35,Stage 0,Stage 0,8.383019973218452e-20,0.9911448085800331
15,36,Stage 3,Stage 3,1.5407825779475046e-16,0.990825599410363
15,37,Stage 1,Stage 1,0.01053829632109027,0.9894617036785583
15,38,Stage 2,Stage 2,0.25591446599987244,0.7358320134602054
15,39,Stage 0,Stage 0,7.968305569622078e-20,0.9909179177401287
15,40,Stage 0,Stage 0,1.2818104846848726e-17,0.9805925311045903
15,41,Stage 3,Stage 3,1.2458465006915191e-16,0.9918216718281889
15,42,Stage 0,Stage 0,1.1393968922879771e-17,0.9800070602971545
15,43,Stage 0,Stage 0,1.2611656210018498e-17,0.9805192271255027
15,44,Stage 0,Stage 0,7.887842168498187e-20,0.9908705746699452
15,45,Stage 3,Stage 3,1.7776954166379165e-16,0.9900878065782867
15,46,Stage 4,Stage 4,0.6603276342630003,0.6603276342630003
15,47,Stage 0,Stage 0,8.659622161005087e-20,0.9912817124353902
15,48,Stage 0,Stage 0,9.165680278779385e-20,0.9915064696883523
15,49,Stage 3,Stage 3,1.2350856910944272e-16,0.9918599613674226
15,50,Stage 4,Stage 4,0.6665589520038038,0.6665589520038038
15,51,Stage 0,Stage 0,1.1651452301897697e-17,0.9801279979084724
15,52,Stage 3,Stage 3,1.3945497509816846e-16,0.9913073165838424
15,53,Stage 1,Stage 1,0.009815191961509888,0.9901848080381868
15,54,Stage 1,Stage 1,0.010650410474946151,0.9893495895246947
15,55,Stage 4,Stage 4,0.6713536898096759,0.6713536898096759
15,56,Stage 0,Stage 0,8.19796738548088e-20,0.9910469656665484
15,57,Stage 0,Stage 0,1.3761422954353124e-17,0.9808869942214414
15,58,Stage 0,Stage 0,1.2818104846848726e-17,0.9805925311045903
15,59,Stage 0,Stage 0,8.607077158031066e-20,0.9912565230310001
15,60,Stage 4,Stage 4,0.6568340251051958,0.6568340251051958
15,61,Stage 3,Stage 3,1.5407825779475046e-16,0.990825599410363
15,62,Stage 4,Stage 4,0.649780349797146,0.649780349797146
15,63,Stage 3,Stage 3,1.3238367348768738e-16,0.9915485871160096
15,64,Stage 4,Stage 4,0.6884225650067124,0.6884225650067124
15,65,Stage 4,Stage 4,0.6669029507634441,0.6669029507634441
15,66,Stage 1,Stage 1,0.010010136452442388,0.9899898635472416
15,67,Stage 0,Stage 0,8.694829184898601e-20,0.9912983839068218
15,68,Stage 1,Stage 1,0.010427349925522132,0.9895726500741339
15,69,Stage 2,Stage 2,0.25376674520975356,0.7379138770083318
15,70,Stage 0,Stage 0,8.909079548356597e-20,0.9913963975468475
15,71,Stage 0,Stage 0,8.624556849811711e-20,0.9912649438639503
15,72,Stage 3,Stage 3,1.3705697726370712e-16,0.9913884908326821
15,73,Stage 2,Stage 2,0.2562222135628668,0.735533505503506
15,74,Stage 0,Stage 0,8.349068008831573e-20,0.9911272475131927
15,75,Stage 1,Stage 1,0.01011668910345674,0.9898833108962201
15,76,Stage 2,Stage 2,0.26242573894197413,0.729506045291669
15,77,Stage 0,Stage 0,1.098472986050344e-17,0.979798614445192
15,78,Stage 0,Stage 0,1.0547064096454797e-17,0.979551104079909
15,79,Stage 4,Stage 4,0.6747502014389875,0.6747502014389875
15,80,Stage 0,Stage 0,7.729328862155997e-20,0.9907738647520326
15,81,Stage 0,Stage 0,8.000718776672785e-20,0.990936668448035
15,82,Stage 3,Stage 3,1.0473722773797223e-16,0.9925545262199104
15,83,Stage 1,Stage 1,0.009594923131284112,0.9904050768684263
15,84,Stage 2,Stage 2,0.2577644313843381,0.734036857719782
15,85,Stage 3,Stage 3,1.3528551011267852e-16,0.9914488769649418
15,86,Stage 0,Stage 0,1.1963187910619158e-17,0.9802648054895884
15,87,Stage 3,Stage 3,1.251261927284667e-16,0.9918024599916467
15,88,Stage 0,Stage 0,8.607077158031066e-20,0.9912565230310001
15,89,Stage 3,Stage 3,1.0293500726872254e-16,0.9926241187636983
15,90,Stage 1,Stage 1,0.009182859759745504,0.9908171402399898
15,91,Stage 1,Stage 1,0.009979897401570206,0.9900201025981158
15,92,Stage 2,Stage 2,0.24739231790083466,0.7440781543687385
15,93,Stage 2,Stage 2,0.24799494438075095,0.7434963662755557
15,94,Stage 4,Stage 4,0.6764395024509561,0.6764395024509561
15,95,Stage 1,Stage 1,0.010333173429814414,0.9896668265698481
15,96,Stage 2,Stage 2,0.2549926177230726,0.7367258905770219
15,97,Stage 0,Stage 0,8.098746447928079e-20,0.9909922871964918
15,98,Stage 0,Stage 0,1.2844145311242713e-17,0.9806015333878619
15,99,Stage 3,Stage 3,1.3353688209667664e-16,0.9915088424241372
15,100,Stage 2,Stage 2,0.24679063424412062,0.7446588239845878
15,101,Stage 4,Stage 4,0.6798000086854755,0.6798000086854755
15,102,Stage 4,Stage 4,0.6777866108630615,0.6777866108630615
15,103,Stage 0,Stage 0,8.837085903244356e-20,0.9913641073516679
15,104,Stage 2,Stage 2,0.25011154894036597,0.7414513210234408
15,105,Stage 1,Stage 1,0.01045893043288252,0.9895410695667713
15,106,Stage 0,Stage 0,9.018164793258518e-20,0.991444127864863
15,107,Stage 4,Stage 4,0.6655255657097157,0.6655255657097157
15,108,Stage 2,Stage 2,0.24739231790083466,0.7440781543687385
15,109,Stage 0,Stage 0,7.666813134533621e-20,0.990734414538777
15,110,Stage 2,Stage 2,0.26117765773469015,0.7307202322083483
15,111,Stage 0,Stage 0,1.2358223830009592e-17,0.9804243392721755
15,112,Stage 4,Stage 4,0.6637986410454966,0.6637986410454966
15,113,Stage 0,Stage 0,8.783470504027307e-20,0.9913396405861271
15,114,Stage 0,Stage 0,8.909079548356597e-20,0.9913963975468475
15,115,Stage 4,Stage 4,0.6669029507634441,0.6669029507634441
15,116,Stage 1,Stage 1,0.010395863773007857,0.9896041362266504
15,117,Stage 0,Stage 0,1.1278801174521849e-17,0.9799504871008234
15,118,Stage 3,Stage 3,1.3705697726370712e-16,0.9913884908326821
15,119,Stage 3,Stage 3,1.3825079034017648e-16,0.991347998269653
15,120,Stage 2,Stage 2,0.24769351334270256,0.7437874000410787
15,121,Stage 0,Stage 0,7.729328862155997e-20,0.9907738647520326
15,122,Stage 1,Stage 1,0.009638581731872228,0.9903614182678355
15,123,Stage 2,Stage 2,0.25591446599987244,0.7358320134602054
15,124,Stage 0,Stage 0,1.1818296665699673e-17,0.9802024766916642
15,125,Stage 4,Stage 4,0.689734175903176,0.689734175903176
15,126,Stage 1,Stage 1,0.010977278933178153,0.9890227210664396
15,127,Stage 1,Stage 1,0.009086052260636385,0.9909139477391049
15,128,Stage 0,Stage 0,1.1210254455404146e-17,0.9799160561815848
15,129,Stage 1,Stage 1,0.010270857205587213,0.9897291427940793
15,130,Stage 3,Stage 3,1.1373718571281658e-16,0.9922149407159155
15,131,Stage 3,Stage 3,1.1275458834803555e-16,0.9922513998102035
15,132,Stage 4,Stage 4,0.6592819096375138,0.6592819096375138
15,133,Stage 3,Stage 3,1.318107998903221e-16,0.9915683900969946
15,134,Stage 3,Stage 3,1.4754125773760771e-16,0.9910382153289269
15,135,Stage 0,Stage 0,8.315252702436151e-20,0.9911095853926171
15,136,Stage 1,Stage 1,0.010522375619475317,0.9894776243801744
15,137,Stage 0,Stage 0,1.253509049401892e-17,0.9804911438200857
15,138,Stage 0,Stage 0,1.1417141793406147e-17,0.9800182539642547
15,139,Stage 1,Stage 1,0.009785535986405131,0.9902144640132933
15,140,Stage 1,Stage 1,0.010193484701858406,0.9898065152978135
15,141,Stage 3,Stage 3,1.5077442951527206e-16,0.9909325261098706
15,142,Stage 4,Stage 4,0.6801347236936146,0.6801347236936146
15,143,Stage 0,Stage 0,8.016974467717475e-20,0.9909460040695245
15,144,Stage 4,Stage 4,0.6713536898096759,0.6713536898096759
15,145,Stage 4,Stage 4,0.6578844612749902,0.6578844612749902
15,146,Stage 0,Stage 0,8.315252702436151e-20,0.9911095853926171
15,147,Stage 0,Stage 0,8.451336088651371e-20,0.9911796293397436
15,148,Stage 3,Stage 3,1.2297401073718613e-16,0.9918790392753328
15,149,Stage 4,Stage 4,0.6744116221435149,0.6744116221435149
15,150,Stage 0,Stage 0,8.783470504027307e-20,0.9913396405861271
15,151,Stage 1,Stage 1,0.009844936918240737,0.990155063081454
15,152,Stage 3,Stage 3,1.5142949392376147e-16,0.9909112402221542
15,153,Stage 4,Stage 4,0.6723751379532624,0.6723751379532624
15,154,Stage 0,Stage 0,9.128577989666076e-20,0.9914910221400364
15,155,Stage 0,Stage 0,1.2208593453132203e-17,0.980365639237517
15,156,Stage 4,Stage 4,0.669304422786679,0.669304422786679
15,157,Stage 0,Stage 0,9.110082887409164e-20,0.991483264016129
15,158,Stage 0,Stage 0,8.999892134210829e-20,0.9914362311704462
15,159,Stage 0,Stage 0,9.429629020165823e-20,0.9916120696206802
15,160,Stage 2,Stage 2,0.2519349356419553,0.7396875820838313
15,161,Stage 0,Stage 0,1.2484302778220652e-17,0.9804722398578325
15,162,Stage 0,Stage 0,1.2085273632587744e-17,0.9803156948360203
15,163,Stage 0,Stage 0,1.2509671095305227e-17,0.9804817100663608
15,164,Stage 4,Stage 4,0.6757645023331529,0.6757645023331529
15,165,Stage 3,Stage 3,1.4882614470725118e-16,0.9909960872334609
15,166,Stage 0,Stage 0,9.240335312278755e-20,0.9915370914012563
15,167,Stage 2,Stage 2,0.2577644313843381,0.734036857719782
15,168,Stage 0,Stage 0,1.1963187910619158e-17,0.9802648054895884
15,169,Stage 0,Stage 0,8.366026874290211e-20,0.9911360406503251
15,170,Stage 0,Stage 0,9.37243953407556e-20,0.9915898106525737
15,171,Stage 1,Stage 1,0.009337054302621687,0.9906629456971044
15,172,Stage 3,Stage 3,1.5208739668280382e-16,0.9908899047222214
15,173,Stage 2,Stage 2,0.24439334502309268,0.7469702888731957
15,174,Stage 2,Stage 2,0.25315520778394973,0.7385062168479645
15,175,Stage 4,Stage 4,0.6730549179853795,0.6730549179853795
15,176,Stage 1,Stage 1,0.009365363967225648,0.9906346360324987
15,177,Stage 0,Stage 0,1.4594944328110315e-17,0.9811002121879132
15,178,Stage 1,Stage 1,0.009594923131284112,0.9904050768684263
15,179,Stage 2,Stage 4,0.6665589520038038,0.6665589520038038
15,180,Stage 3,Stage 3,1.5077442951527206e-16,0.9909325261098706
15,181,Stage 1,Stage 1,0.009934708297490292,0.9900652917021984
15,182,Stage 2,Stage 4,0.6818046330432872,0.6818046330432872
15,183,Stage 0,Stage 0,9.091625046287896e-20,0.9914754829247348
15,184,Stage 3,Stage 3,1.7023034736543948e-16,0.9903173899928813
15,185,Stage 0,Stage 0,8.765670665295167e-20,0.9913314372653822
15,186,Stage 0,Stage 0,9.37243953407556e-20,0.9915898106525737
15,187,Stage 0,Stage 0,1.410044103467453e-17,0.9809784929235621
15,188,Stage 3,Stage 3,1.4626743465657863e-16,0.991080147684282
15,189,Stage 0,Stage 0,8.730178494540156e-20,0.9913149587076621
15,190,Stage 1,Stage 1,0.008708832104820737,0.9912911678949421
15,191,Stage 0,Stage 0,8.855029906400031e-20,0.9913722153838513
15,192,Stage 1,Stage 1,0.009450804084140297,0.9905491959155791
15,193,Stage 4,Stage 4,0.680803421430519,0.680803421430519
15,194,Stage 4,Stage 4,0.6716944091958587,0.6716944091958587
15,195,Stage 2,Stage 2,0.2522396530280303,0.7393926555578396
15,196,Stage 2,Stage 2,0.26086621188254744,0.7310231022110232
15,197,Stage 0,Stage 0,1.3430490722743576e-17,0.980790743318878
15,198,Stage 0,Stage 0,1.0520478321942875e-19,0.9919799291331131
15,199,Stage 0,Stage 0,9.681487677796197e-20,0.9917062414926595
15,200,Stage 0,Stage 0,8.624556849811711e-20,0.9912649438639503
15,201,Stage 0,Stage 0,8.383019973218452e-20,0.9911448085800331
15,202,Stage 1,Stage 1,0.009086052260636385,0.9909139477391049
15,203,Stage 2,Stage 2,0.2751066724813143,0.7171287919150064
15,204,Stage 2,Stage 4,0.7013552496468445,0.7013552496468445
15,205,Stage 1,Stage 1,0.009238636411599783,0.9907613635881323
15,206,Stage 0,Stage 0,1.0164166460138794e-19,0.9918706296415938
15,207,Stage 2,Stage 2,0.28190742497481436,0.7104625227613299
15,208,Stage 0,Stage 0,9.054820847169687e-20,0.9914598516358336
15,209,Stage 0,Stage 0,1.334899836858545e-17,0.9807659238302157
15,210,Stage 1,Stage 1,0.009964811803714252,0.9900351881959727
15,211,Stage 0,Stage 0,9.78012826822886e-20,0.9917414884816289
15,212,Stage 0,Stage 0,9.410527400285663e-20,0.9916046721498973
15,213,Stage 0,Stage 0,9.37243953407556e-20,0.9915898106525737
15,214,Stage 2,Stage 2,0.277685957524647,0.7146027239034609
15,215,Stage 2,Stage 4,0.7000805174794553,0.7000805174794553
15,216,Stage 2,Stage 2,0.27094575767877044,0.7211979455227717
15,217,Stage 1,Stage 1,0.009711783633372769,0.9902882163663305
15,218,Stage 2,Stage 2,0.2725416322991087,0.7196381429789372
15,219,Stage 0,Stage 0,9.018164793258518e-20,0.991444127864863
15,220,Stage 1,Stage 1,0.009099819743673495,0.9909001802560667
15,221,Stage 2,Stage 4,0.6984812522087592,0.6984812522087592
15,222,Stage 1,Stage 1,0.008500290776437875,0.9914997092233364
15,223,Stage 2,Stage 4,0.6929955259593715,0.6929955259593715
15,224,Stage 0,Stage 0,1.4683978690384503e-17,0.9811207515190339
31,1,Stage 0,Stage 0,1.3321943355813858e-17,0.9807575826379088
31,2,Stage 0,Stage 0,8.981656287912796e-20,0.9914283112014913
31,3,Stage 0,Stage 0,1.0061672751189167e-19,0.9918373713306831
31,4,Stage 1,Stage 1,0.009711783633372769,0.9902882163663305
31,5,Stage 0,Stage 0,8.819178050352503e-20,0.9913559755764396
31,6,Stage 2,Stage 2,0.25437921553051157,0.7373204344022612
31,7,Stage 0,Stage 0,9.760320496659151e-20,0.99173448178738
31,8,Stage 0,Stage 0,9.410527400285663e-20,0.9916046721498973
31,9,Stage 0,Stage 0,1.2844145311242713e-17,0.9806015333878619
31,10,Stage 0,Stage 0,9.184287616612198e-20,0.9915141592139521
31,11,Stage 0,Stage 0,8.74790668622754e-20,0.9913232099902709
31,12,Stage 0,Stage 0,8.783470504027307e-20,0.9913396405861271
31,13,Stage 0,Stage 0,9.31559500739439e-20,0.9915673512795624
31,14,Stage 0,Stage 0,1.0000670793438895e-19,0.9918171693732337
31,15,Stage 3,Stage 3,1.930231564209102e-16,0.9896366196234786
31,16,Stage 2,Stage 2,0.25437921553051157,0.7373204344022612
31,17,Stage 0,Stage 0,1.3134074518326739e-17,0.9806982344537166
31,18,Stage 0,Stage 0,1.215911663711361e-17,0.9803457742274315
31,19,Stage 0,Stage 0,9.277889271811996e-20,0.9915522663698692
31,20,Stage 4,Stage 4,0.6784587144467115,0.6784587144467115
31,21,Stage 4,Stage 4,0.7026258052252726,0.7026258052252726
31,22,Stage 0,Stage 0,8.451336088651371e-20,0.9911796293397436
31,23,Stage 0,Stage 0,8.783470504027307e-20,0.9913396405861271
31,24,Stage 0,Stage 0,1.2922581741193185e-17,0.9806283277652365
31,25,Stage 3,Stage 3,1.6514344283747465e-16,0.9904749510996224
31,26,Stage 0,Stage 0,8.694829184898601e-20,0.9912983839068218
31,27,Stage 0,Stage 0,1.2896383652677683e-17,0.9806194316431087
31,28,Stage 1,Stage 1,0.010618258001908947,0.989381741997734
31,29,Stage 0,Stage 0,9.622779001159291e-20,0.9916848357534722
31,30,Stage 0,Stage 0,1.2358223830009592e-17,0.9804243392721755
31,31,Stage 0,Stage 0,9.525717101185453e-20,0.9916487261505318
31,32,Stage 3,Stage 3,1.358734468873573e-16,0.9914287951387487
31,33,Stage 4,Stage 4,0.6834684068082958,0.6834684068082958
31,34,Stage 0,Stage 0,8.945294736894336e-20,0.9914124012335139
31,35,Stage 3,Stage 3,1.3528551011267852e-16,0.9914488769649418
31,36,Stage 0,Stage 0,8.554849084858906e-20,0.9912311136935966
31,37,Stage 0,Stage 0,1.2948832582911525e-17,0.9806371886501871
31,38,Stage 4,Stage 4,0.668962056057008,0.668962056057008
31,39,Stage 2,Stage 2,0.2580735699978759,0.7337367079548769
31,40,Stage 0,Stage 0,8.281573503643895e-20,0.9910918217689588
31,41,Stage 0,Stage 0,9.661878638945813e-20,0.9916991278032942
31,42,Stage 2,Stage 2,0.26682285394722827,0.7252224515864604
31,43,Stage 1,Stage 1,0.009949748780050132,0.9900502512196377
31,44,Stage 0,Stage 0,1.2818104846848726e-17,0.9805925311045903
31,45,Stage 0,Stage 0,9.391464264113023e-20,0.9915972525102162
31,46,Stage 0,Stage 0,1.3054365610429585e-17,0.9806722813087887
31,47,Stage 1,Stage 1,0.010040466198299552,0.9899595338013824
31,48,Stage 2,Stage 2,0.26242573894197413,0.729506045291669
31,49,Stage 0,Stage 0,1.3817359172028178e-17,0.9809025707707942
31,50,Stage 4,Stage 4,0.6675902513667413,0.6675902513667413
31,51,Stage 2,Stage 2,0.2684040635590037,0.7236798798138958
31,52,Stage 0,Stage 0,9.31559500739439e-20,0.9915673512795624
31,53,Stage 3,Stage 3,1.273159474180893e-16,0.9917251631277341
31,54,Stage 2,Stage 2,0.273501847021749,0.7186991029313797
31,55,Stage 0,Stage 0,8.765670665295167e-20,0.9913314372653822
31,56,Stage 2,Stage 2,0.25560695075066314,0.7361302470889537
31,57,Stage 0,Stage 0,9.525717101185453e-20,0.9916487261505318
31,58,Stage 0,Stage 0,9.564424452170319e-20,0.9916632352849312
31,59,Stage 4,Stage 4,0.6557815848804494,0.6557815848804494
31,60,Stage 2,Stage 2,0.2690381326762171,0.7230609876913192
31,61,Stage 0,Stage 0,1.2308146243540897e-17,0.9804049211259633
31,62,Stage 2,Stage 2,0.24679063424412062,0.7446588239845878
31,63,Stage 0,Stage 0,8.855029906400031e-20,0.9913722153838513
31,64,Stage 3,Stage 3,1.3825079034017648e-16,0.991347998269653
31,65,Stage 0,Stage 0,9.603288243117046e-20,0.9916776572976473
31,66,Stage 4,Stage 4,0.670671542558104,0.670671542558104
31,67,Stage 0,Stage 0,9.165680278779385e-20,0.9915064696883523
31,68,Stage 1,Stage 1,0.010993880271143848,0.9890061197284729
31,69,Stage 0,Stage 0,1.2948832582911525e-17,0.9806371886501871
31,70,Stage 0,Stage 0,1.2688685377708345e-17,0.9805469851134242
31,71,Stage 0,Stage 0,1.1417141793406147e-17,0.9800182539642547
31,72,Stage 1,Stage 1,0.009697099346223191,0.9903029006534809
31,73,Stage 4,Stage 4,0.6910417547141406,0.6910417547141406
31,74,Stage 0,Stage 0,1.498467071421941e-17,0.9811872205552288
31,75,Stage 0,Stage 0,1.2358223830009592e-17,0.9804243392721755
31,76,Stage 0,Stage 0,1.287023821130877e-17,0.9806105002089812
31,77,Stage 0,Stage 0,9.054820847169687e-20,0.9914598516358336
31,78,Stage 1,Stage 1,0.010650410474946151,0.9893495895246947
31,79,Stage 4,Stage 4,0.6699884527242035,0.6699884527242035
31,80,Stage 0,Stage 0,1.3594958274275112e-17,0.9808394703467559
31,81,Stage 1,Stage 1,0.009919690322993174,0.9900803096766966
31,82,Stage 0,Stage 0,1.2896383652677683e-17,0.9806194316431087
31,83,Stage 4,Stage 4,0.6791298478289639,0.6791298478289639
31,84,Stage 1,Stage 1,0.009252632936295703,0.9907473670634355
31,85,Stage 1,Stage 1,0.010086131453090964,0.9899138685465878
31,86,Stage 4,Stage 4,0.6655255657097157,0.6655255657097157
31,87,Stage 0,Stage 0,8.383019973218452e-20,0.9911448085800331
31,88,Stage 3,Stage 3,1.7700087883258213e-16,0.99011100586284
31,89,Stage 0,Stage 0,9.681487677796197e-20,0.9917062414926595
31,90,Stage 1,Stage 1,0.01025533634924254,0.989744663650425
31,91,Stage 1,Stage 1,0.009638581731872228,0.9903614182678355
31,92,Stage 0,Stage 0,1.433104262676681e-17,0.9810369107430247
31,93,Stage 3,Stage 3,1.5474763695087082e-16,0.9908040643215447
31,94,Stage 1,Stage 1,0.00953701616625288,0.990462983833461
31,95,Stage 0,Stage 0,8.332143307836255e-20,0.991118429112658
31,96,Stage 3,Stage 3,1.8166306727860768e-16,0.9899709977975176
31,97,Stage 0,Stage 0,8.74790668622754e-20,0.9913232099902709
31,98,Stage 3,Stage 3,1.4947276702364524e-16,0.9909749495023996
31,99,Stage 4,Stage 4,0.6791298478289639,0.6791298478289639
31,100,Stage 4,Stage 4,0.6744116221435149,0.6744116221435149
31,101,Stage 1,Stage 1,0.009785535986405131,0.9902144640132933
31,102,Stage 4,Stage 4,0.6965535937765006,0.6965535937765006
31,103,Stage 0,Stage 0,7.839952104077613e-20,0.9908418467028067
31,104,Stage 0,Stage 0,8.712486018094915e-20,0.9913066833643034
31,105,Stage 0,Stage 0,1.3027902691056307e-17,0.9806635606276816
31,106,Stage 0,Stage 0,1.27661808036132e-17,0.9805744198500976
31,107,Stage 0,Stage 0,1.2896383652677683e-17,0.9806194316431087
31,108,Stage 4,Stage 4,0.680803421430519,0.680803421430519
31,109,Stage 0,Stage 0,8.783470504027307e-20,0.9913396405861271
31,110,Stage 4,Stage 4,0.6959089791515093,0.6959089791515093
31,111,Stage 3,Stage 3,1.8009555705287568e-16,0.9900178842763672
31,112,Stage 4,Stage 4,0.6834684068082958,0.6834684068082958
31,113,Stage 1,Stage 1,0.009407987955110443,0.9905920120446114
31,114,Stage 4,Stage 4,0.6791298478289639,0.6791298478289639
31,115,Stage 0,Stage 0,8.963457180159048e-20,0.9914203679064144
31,116,Stage 0,Stage 0,1.2383338275301069e-17,0.980433992921724
31,117,Stage 4,Stage 4,0.6723751379532624,0.6723751379532624
31,118,Stage 0,Stage 0,1.107439571025704e-17,0.9798460876036361
31,119,Stage 2,Stage 2,0.27575016202612107,0.7164988374361844
31,120,Stage 0,Stage 0,1.4360129642798906e-17,0.9810440699015562
31,121,Stage 2,Stage 2,0.24409474820536187,0.7472579575151554
31,122,Stage 4,Stage 4,0.6907152389444565,0.6907152389444565
31,123,Stage 4,Stage 4,0.680803421430519,0.680803421430519
31,124,Stage 3,Stage 3,1.5077442951527206e-16,0.9909325261098706
31,125,Stage 1,Stage 1,0.009465118971863792,0.9905348810278547
31,126,Stage 0,Stage 0,9.054820847169687e-20,0.9914598516358336
31,127,Stage 2,Stage 2,0.24890064996130676,0.7426215901757899
31,128,Stage 1,Stage 1,0.009667796696653437,0.9903322033030524
31,129,Stage 0,Stage 0,8.642071827046151e-20,0.9912733403140861
31,130,Stage 4,Stage 4,0.670671542558104,0.670671542558104
31,131,Stage 0,Stage 0,1.10294726066252e-17,0.9798224342409875
31,132,Stage 4,Stage 4,0.694940131103242,0.694940131103242
31,133,Stage 4,Stage 4,0.6844637113224621,0.6844637113224621
31,134,Stage 4,Stage 4,0.6984812522087592,0.6984812522087592
31,135,Stage 4,Stage 4,0.6801347236936146,0.6801347236936146
31,136,Stage 2,Stage 2,0.24950562961173267,0.7420370122733596
31,137,Stage 3,Stage 3,1.450045805823419e-16,0.9911218851945769
31,138,Stage 0,Stage 0,8.963457180159048e-20,0.9914203679064144
31,139,Stage 4,Stage 4,0.6864476258577634,0.6864476258577634
31,140,Stage 0,Stage 0,1.378936293212774e-17,0.9808947989610717
31,141,Stage 4,Stage 4,0.6750885414352491,0.6750885414352491
31,142,Stage 2,Stage 2,0.2661919588529908,0.7258376122776112
31,143,Stage 2,Stage 2,0.24799494438075095,0.7434963662755557
31,144,Stage 1,Stage 1,0.0100708869055207,0.9899291130941592
31,145,Stage 0,Stage 0,1.0102546252047937e-19,0.99185073617104
31,146,Stage 0,Stage 0,9.429629020165823e-20,0.9916120696206802
31,147,Stage 3,Stage 3,1.9135792657354208e-16,0.9896850563789188
31,148,Stage 1,Stage 1,0.009280689035787628,0.9907193109639421
31,149,Stage 0,Stage 0,1.2560561077266288e-17,0.9805005411964006
31,150,Stage 0,Stage 0,1.2740297014569865e-17,0.9805653107277057
31,151,Stage 2,Stage 4,0.6699884527242035,0.6699884527242035
31,152,Stage 0,Stage 0,9.506421893692317e-20,0.9916414387921917
31,153,Stage 2,Stage 2,0.2699909306515594,0.7221306585210056
31,154,Stage 1,Stage 1,0.00949381320356987,0.990506186796147
31,155,Stage 1,Stage 1,0.009224660862413293,0.9907753391373196
31,156,Stage 0,Stage 0,9.622779001159291e-20,0.9916848357534722
31,157,Stage 3,Stage 3,1.3067246071376175e-16,0.9916078578589149
31,158,Stage 4,Stage 4,0.6981606215599166,0.6981606215599166
31,159,Stage 0,Stage 0,9.980418687985998e-20,0.9918103939525855
31,160,Stage 2,Stage 2,0.2671386422694642,0.7249144705146957
31,161,Stage 2,Stage 2,0.25315520778394973,0.7385062168479645
31,162,Stage 0,Stage 0,1.3733539125597752e-17,0.9808791564823001
31,163,Stage 0,Stage 0,1.4535885902983276e-17,0.9810863641899918
31,164,Stage 0,Stage 0,8.349068008831573e-20,0.9911272475131927
31,165,Stage 4,Stage 4,0.7110916841330693,0.7110916841330693
31,166,Stage 3,Stage 3,1.6160301689452604e-16,0.9905859342805401
31,167,Stage 0,Stage 0,9.564424452170319e-20,0.9916632352849312
31,168,Stage 2,Stage 2,0.26148933351523956,0.7304170913077054
31,169,Stage 3,Stage 3,1.5813828545132604e-16,0.9906956338210948
31,170,Stage 4,Stage 4,0.6798000086854755,0.6798000086854755
31,171,Stage 1,Stage 1,0.008603935121080953,0.9913960648786877
31,172,Stage 2,Stage 2,0.2881435439249401,0.7043337472777627
31,173,Stage 4,Stage 4,0.6857873153651937,0.6857873153651937
31,174,Stage 1,Stage 1,0.009889721766253414,0.9901102782334382
31,175,Stage 4,Stage 4,0.6952633369332046,0.6952633369332046
31,176,Stage 2,Stage 2,0.2565301933062086,0.7352347234159674
31,177,Stage 2,Stage 2,0.26399099922780783,0.7279822367497033
31,178,Stage 0,Stage 0,1.4773552006967535e-17,0.9811410132108295
31,179,Stage 0,Stage 0,1.0205454211877452e-19,0.9918837899546677
31,180,Stage 3,Stage 3,1.3765259292095088e-16,0.9913682681373117
31,181,Stage 3,Stage 3,1.3945497509816846e-16,0.9913073165838424
31,182,Stage 2,Stage 2,0.2858369423978651,0.7066023659124907
31,183,Stage 0,Stage 0,1.030940514208353e-19,0.991916336347299
31,184,Stage 2,Stage 2,0.273822365842087,0.7183855645380248
31,185,Stage 2,Stage 4,0.6824708808016353,0.6824708808016353
31,186,Stage 1,Stage 1,0.009522593587758624,0.990477406411956
31,187,Stage 2,Stage 2,0.2747852614864163,0.7174433774631043
31,188,Stage 0,Stage 0,1.4157743979431764e-17,0.9809932890761482
31,189,Stage 4,Stage 4,0.6804691947043152,0.6804691947043152
31,190,Stage 2,Stage 4,0.6903884703773165,0.6903884703773165
31,191,Stage 3,Stage 3,1.6301001252263617e-16,0.990541695868044
31,192,Stage 3,Stage 3,1.5745428008113426e-16,0.990717420980011
31,193,Stage 0,Stage 0,1.4565385413759545e-17,0.9810933037434979
31,194,Stage 3,Stage 3,1.9724970662795495e-16,0.9895145387630995
31,195,Stage 4,Stage 4,0.6965535937765006,0.6965535937765006
31,196,Stage 3,Stage 3,1.9218874346613102e-16,0.9896608661289011
31,197,Stage 0,Stage 0,9.899817471954102e-20,0.9917830838733842
31,198,Stage 0,Stage 0,1.1736840823189991e-19,0.9922904601667948
31,199,Stage 0,Stage 0,1.0061672751189167e-19,0.9918373713306831
31,200,Stage 0,Stage 0,9.859760040023931e-20,0.9917693031503555
31,201,Stage 2,Stage 4,0.6991217366398679,0.6991217366398679
31,202,Stage 2,Stage 2,0.26399099922780783,0.7279822367497033
31,203,Stage 0,Stage 0,1.0164166460138794e-19,0.9918706296415938
31,204,Stage 3,Stage 3,1.6442922357028973e-16,0.9904972511332645
31,205,Stage 1,Stage 1,0.008935965441059237,0.9910640345586906
31,206,Stage 0,Stage 0,9.31559500739439e-20,0.9915673512795624
31,207,Stage 4,Stage 4,0.7019910504556833,0.7019910504556833
31,208,Stage 0,Stage 0,1.4506445676364027e-17,0.9810793934619298
31,209,Stage 0,Stage 0,1.0735851686781043e-19,0.9920415582469281
31,210,Stage 3,Stage 3,1.6442922357028973e-16,0.9904972511332645
31,211,Stage 0,Stage 0,1.0184789518815859e-19,0.9918772199682381
31,212,Stage 0,Stage 0,1.0351279911143774e-19,0.9919292140822679
31,213,Stage 3,Stage 3,1.437526014416234e-16,0.9911634287509127
31,214,Stage 0,Stage 0,1.0435537876756068e-19,0.9919547300852387
31,215,Stage 2,Stage 2,0.2693555062647687,0.7227511432103669
31,216,Stage 0,Stage 0,1.0267698939127796e-19,0.9919033783199521
31,217,Stage 2,Stage 2,0.303219081994907,0.6894597187185033
31,218,Stage 3,Stage 3,1.2458465006915191e-16,0.9918216718281889
31,219,Stage 0,Stage 0,1.0714118357958353e-19,0.9920354824753755
31,220,Stage 3,Stage 3,1.2350856910944272e-16,0.9918599613674226
31,221,Stage 1,Stage 1,0.009168967804648577,0.9908310321950877
31,222,Stage 2,Stage 2,0.2747852614864163,0.7174433774631043
31,223,Stage 2,Stage 2,0.28550828988496607,0.706925443865324
31,224,Stage 3,Stage 3,1.7320699049610832e-16,0.990226196699589
31,225,Stage 1,Stage 1,0.008073438553960425,0.9919265614458368
31,226,Stage 0,Stage 0,1.6785048529555724e-17,0.9815053593360682
31,227,Stage 1,Stage 1,0.009182859759745504,0.9908171402399898
31,228,Stage 3,Stage 3,1.6160301689452604e-16,0.9905859342805401
31,229,Stage 0,Stage 0,1.444774259912856e-17,0.9810653582195327
31,230,Stage 0,Stage 0,1.0801315288883774e-19,0.9920596704784024
31,231,Stage 1,Stage 1,0.009072305416271837,0.9909276945834701
31,232,Stage 4,Stage 4,0.6962314150381189,0.6962314150381189
31,233,Stage 2,Stage 2,0.2822336881653827,0.7101422458590271
31,234,Stage 3,Stage 3,1.7623552995965684e-16,0.9901341512781187
31,235,Stage 0,Stage 0,1.4833568581164264e-17,0.9811543676228127
31,236,Stage 2,Stage 2,0.2722220085734127,0.7199506305173557
31,237,Stage 3,Stage 3,1.9724970662795495e-16,0.9895145387630995
31,238,Stage 0,Stage 0,1.4713776418016138e-17,0.9811275361787647
31,239,Stage 1,Stage 1,0.009086052260636385,0.9909139477391049
31,240,Stage 1,Stage 1,0.009697099346223191,0.9903029006534809
31,241,Stage 3,Stage 3,1.8644768331705783e-16,0.9898290236680843
31,242,Stage 2,Stage 2,0.2815813802491283,0.7107825435195056
31,243,Stage 0,Stage 0,1.0911305349807343e-19,0.9920894764400598
31,244,Stage 2,Stage 2,0.2786568421680052,0.7136511632178776
31,245,Stage 0,Stage 0,1.5015073952878164e-17,0.9811937002634593
31,246,Stage 1,Stage 1,0.007868054774925054,0.9921319452248827
31,247,Stage 1,Stage 1,0.008814996594711402,0.9911850034050453
31,248,Stage 0,Stage 0,1.152480401353323e-19,0.9922424044275099
31,249,Stage 0,Stage 0,1.0541820717787546e-19,0.9919861796970318
31,250,Stage 0,Stage 0,1.6249796369634964e-17,0.981423506656474
31,251,Stage 1,Stage 1,0.008474573688925527,0.9915254263108503
31,252,Stage 2,Stage 2,0.2822336881653827,0.7101422458590271
31,253,Stage 1,Stage 1,0.009280689035787628,0.9907193109639421
31,254,Stage 0,Stage 0,1.6548754397745588e-17,0.9814704090652869
31,255,Stage 0,Stage 0,1.5604509833704832e-17,0.9813111584771237
31,256,Stage 2,Stage 2,0.29646661530581364,0.6961316505332139
31,257,Stage 2,Stage 4,0.7123293755477069,0.7123293755477069
31,258,Stage 0,Stage 0,1.1202524931037835e-19,0.9921647765241491
31,259,Stage 1,Stage 1,0.007891945959370658,0.9921080540404358
31,260,Stage 2,Stage 4,0.7035759719545623,0.7035759719545623
31,261,Stage 2,Stage 2,0.28649489500796743,0.705955450902243
31,262,Stage 2,Stage 2,0.308679740805318,0.6840532707052863
31,263,Stage 2,Stage 2,0.2961311650042884,0.6964626977908497
32,1,Stage 2,Stage 2,0.25714684879590843,0.7346363376396886
32,2,Stage 0,Stage 0,1.3267996330712023e-17,0.9807407977763951
32,3,Stage 0,Stage 0,9.506421893692317e-20,0.9916414387921917
32,4,Stage 1,Stage 1,0.010055665165061838,0.9899443348346193
32,5,Stage 3,Stage 3,1.400609848735023e-16,0.9912869045482736
32,6,Stage 0,Stage 0,9.681487677796197e-20,0.9917062414926595
32,7,Stage 0,Stage 0,1.2688685377708345e-17,0.9805469851134242
32,8,Stage 1,Stage 1,0.010025289971866769,0.9899747100278161
32,9,Stage 0,Stage 0,1.253509049401892e-17,0.9804911438200857
32,10,Stage 0,Stage 0,8.819178050352503e-20,0.9913559755764396
32,11,Stage 4,Stage 4,0.6733944514678334,0.6733944514678334
32,12,Stage 1,Stage 1,0.010364471699471136,0.9896355283001894
32,13,Stage 3,Stage 3,1.2954392823164148e-16,0.9916471420578322
32,14,Stage 1,Stage 1,0.011178141597900239,0.9888218584017027
32,15,Stage 1,Stage 1,0.009465118971863792,0.9905348810278547
32,16,Stage 1,Stage 1,0.010178079564963655,0.9898219204347093
32,17,Stage 2,Stage 2,0.25163045222685015,0.7399822317710941
32,18,Stage 1,Stage 1,0.009800352867573126,0.9901996471321244
32,19,Stage 4,Stage 4,0.6662147213624142,0.6662147213624142
32,20,Stage 0,Stage 0,1.2036291946697048e-17,0.9802954530549376
32,21,Stage 0,Stage 0,9.110082887409164e-20,0.991483264016129
32,22,Stage 0,Stage 0,1.2036291946697048e-17,0.9802954530549376
32,23,Stage 3,Stage 3,1.4313066079285363e-16,0.9911841280737391
32,24,Stage 0,Stage 0,9.165680278779385e-20,0.9915064696883523
32,25,Stage 2,Stage 2,0.24618989427922633,0.7452383736766981
32,26,Stage 0,Stage 0,9.110082887409164e-20,0.991483264016129
32,27,Stage 0,Stage 0,1.362256304658958e-17,0.9808474741330337
32,28,Stage 0,Stage 0,1.2509671095305227e-17,0.9804817100663608
32,29,Stage 2,Stage 2,0.2747852614864163,0.7174433774631043
32,30,Stage 0,Stage 0,9.036474339409728e-20,0.9914520013362089
32,31,Stage 4,Stage 4,0.677450195975465,0.677450195975465
32,32,Stage 3,Stage 3,1.4251140396290633e-16,0.991204779240457
32,33,Stage 2,Stage 2,0.25315520778394973,0.7385062168479645
32,34,Stage 4,Stage 4,0.6634525668851401,0.6634525668851401
32,35,Stage 0,Stage 0,8.999892134210829e-20,0.9914362311704462
32,36,Stage 0,Stage 0,9.919906859254658e-20,0.9917899427447266
32,37,Stage 0,Stage 0,9.487165560123325e-20,0.9916341295085987
32,38,Stage 2,Stage 2,0.25962273068952946,0.7322318691216054
32,39,Stage 4,Stage 4,0.6679335525769413,0.6679335525769413
32,40,Stage 2,Stage 2,0.2636774894246132,0.7282875373293057
32,41,Stage 2,Stage 2,0.24588987844903148,0.7455277281016649
32,42,Stage 4,Stage 4,0.6575345391229066,0.6575345391229066
32,43,Stage 0,Stage 0,1.287023821130877e-17,0.9806105002089812
32,44,Stage 3,Stage 3,1.1877980648709117e-16,0.992030071312075
32,45,Stage 3,Stage 3,1.450045805823419e-16,0.9911218851945769
32,46,Stage 0,Stage 0,8.855029906400031e-20,0.9913722153838513
32,47,Stage 0,Stage 0,1.1278801174521849e-17,0.9799504871008234
32,48,Stage 1,Stage 1,0.010763704406525684,0.9892362955931072
32,49,Stage 0,Stage 0,9.128577989666076e-20,0.9914910221400364
32,50,Stage 2,Stage 2,0.2546858002072975,0.7370233000449775
32,51,Stage 0,Stage 0,9.525717101185453e-20,0.9916487261505318
32,52,Stage 3,Stage 3,1.2085875912402677e-16,0.9919549075458585
32,53,Stage 4,Stage 4,0.6767766414749979,0.6767766414749979
32,54,Stage 0,Stage 0,9.583836753171736e-20,0.9916704571574527
32,55,Stage 1,Stage 1,0.009964811803714252,0.9900351881959727
32,56,Stage 4,Stage 4,0.6740728038490408,0.6740728038490408
32,57,Stage 0,Stage 0,9.184287616612198e-20,0.9915141592139521
32,58,Stage 4,Stage 4,0.6828036358362569,0.6828036358362569
32,59,Stage 0,Stage 0,8.74790668622754e-20,0.9913232099902709
32,60,Stage 0,Stage 0,1.3187481657883642e-17,0.980715363204435
32,61,Stage 2,Stage 2,0.2699909306515594,0.7221306585210056
32,62,Stage 4,Stage 4,0.6777866108630615,0.6777866108630615
32,63,Stage 0,Stage 0,1.334899836858545e-17,0.9807659238302157
32,64,Stage 2,Stage 2,0.2621133742682796,0.7298099976414045
32,65,Stage 0,Stage 0,1.3054365610429585e-17,0.9806722813087887
32,66,Stage 2,Stage 2,0.2699909306515594,0.7221306585210056
32,67,Stage 1,Stage 1,0.01045893043288252,0.9895410695667713
32,68,Stage 4,Stage 4,0.6675902513667413,0.6675902513667413
32,69,Stage 4,Stage 4,0.6757645023331529,0.6757645023331529
32,70,Stage 3,Stage 3,1.3010697391296376e-16,0.9916275228510862
32,71,Stage 0,Stage 0,9.054820847169687e-20,0.9914598516358336
32,72,Stage 2,Stage 2,0.2522396530280303,0.7393926555578396
32,73,Stage 3,Stage 3,1.5677322519212532e-16,0.9907391574938658
32,74,Stage 3,Stage 3,1.6514344283747465e-16,0.9904749510996224
32,75,Stage 1,Stage 1,0.009770741285424905,0.9902292587142744
32,76,Stage 1,Stage 1,0.009479455334477895,0.9905205446652398
32,77,Stage 0,Stage 0,1.5198783412623428e-17,0.9812319476764766
32,78,Stage 0,Stage 0,8.642071827046151e-20,0.9912733403140861
32,79,Stage 0,Stage 0,9.899817471954102e-20,0.9917830838733842
32,80,Stage 0,Stage 0,8.74790668622754e-20,0.9913232099902709
32,81,Stage 1,Stage 1,0.010178079564963655,0.9898219204347093
32,82,Stage 0,Stage 0,9.940036803056258e-20,0.9917967806843048
32,83,Stage 1,Stage 1,0.009580413828657553,0.9904195861710536
32,84,Stage 2,Stage 2,0.26682285394722827,0.7252224515864604
32,85,Stage 0,Stage 0,1.2283182899635144e-17,0.9803951564718821
32,86,Stage 1,Stage 1,0.009072305416271837,0.9909276945834701
32,87,Stage 0,Stage 0,1.4186482023847965e-17,0.9810006390597278
32,88,Stage 0,Stage 0,8.349068008831573e-20,0.9911272475131927
32,89,Stage 0,Stage 0,1.351247636228508e-17,0.9808152581821675
32,90,Stage 0,Stage 0,9.701136302956587e-20,0.9917133336883921
32,91,Stage 0,Stage 0,1.2740297014569865e-17,0.9805653107277057
32,92,Stage 0,Stage 0,1.412906368840792e-17,0.9809859070532867
32,93,Stage 0,Stage 0,1.3160751229419032e-17,0.9807068161147312
32,94,Stage 2,Stage 2,0.2510221877948732,0.7405706998731459
32,95,Stage 0,Stage 0,1.1119499898851067e-17,0.9798695752436027
32,96,Stage 3,Stage 3,1.4882614470725118e-16,0.9909960872334609
32,97,Stage 2,Stage 2,0.2549926177230726,0.7367258905770219
32,98,Stage 0,Stage 0,8.434205362983467e-20,0.9911709616824874
32,99,Stage 0,Stage 0,1.3650223405791544e-17,0.9808554445694111
32,100,Stage 3,Stage 3,1.5541991621913235e-16,0.9907824790492394
32,101,Stage 0,Stage 0,1.3485092822268163e-17,0.9808071202891354
32,102,Stage 0,Stage 0,1.4924047416689345e-17,0.981174170451182
32,103,Stage 0,Stage 0,1.2408503290790025e-17,0.9804436097268838
32,104,Stage 2,Stage 2,0.2649328993978252,0.7270647217849756
32,105,Stage 2,Stage 2,0.2393494780139037,0.7518222425992226
32,106,Stage 0,Stage 0,9.277889271811996e-20,0.9915522663698692
32,107,Stage 4,Stage 4,0.6804691947043152,0.6804691947043152
32,108,Stage 4,Stage 4,0.684794984527346,0.684794984527346
32,109,Stage 0,Stage 0,9.681487677796197e-20,0.9917062414926595
32,110,Stage 0,Stage 0,9.073204391193619e-20,0.9914676788149698
32,111,Stage 3,Stage 3,1.3705697726370712e-16,0.9913884908326821
32,112,Stage 0,Stage 0,1.2509671095305227e-17,0.9804817100663608
32,113,Stage 3,Stage 3,1.694941912972815e-16,0.9903400560810536
32,114,Stage 0,Stage 0,9.036474339409728e-20,0.9914520013362089
32,115,Stage 4,Stage 4,0.6744116221435149,0.6744116221435149
32,116,Stage 1,Stage 1,0.010411595072169162,0.9895884049274881
32,117,Stage 0,Stage 0,1.390168659896195e-17,0.9809256893141848
32,118,Stage 1,Stage 1,0.010010136452442388,0.9899898635472416
32,119,Stage 0,Stage 0,1.362256304658958e-17,0.9808474741330337
32,120,Stage 2,Stage 2,0.265247322518575,0.7267583464317497
32,121,Stage 0,Stage 0,1.3761422954353124e-17,0.9808869942214414
32,122,Stage 0,Stage 0,1.0801315288883774e-19,0.9920596704784024
32,123,Stage 1,Stage 1,0.009182859759745504,0.9908171402399898
32,124,Stage 3,Stage 3,1.7245799927632027e-16,0.9902490746059706
32,125,Stage 3,Stage 3,1.4626743465657863e-16,0.991080147684282
32,126,Stage 0,Stage 0,9.960207385273583e-20,0.9918035977382493
32,127,Stage 1,Stage 1,0.009551460378019672,0.9904485396216934
32,128,Stage 0,Stage 0,1.0020963784044093e-19,0.9918239240460098
32,129,Stage 4,Stage 4,0.6713536898096759,0.6713536898096759
32,130,Stage 3,Stage 3,1.8807031211253414e-16,0.9897812573822138
32,131,Stage 0,Stage 0,1.27661808036132e-17,0.9805744198500976
32,132,Stage 0,Stage 0,1.0164166460138794e-19,0.9918706296415938
32,133,Stage 3,Stage 3,1.824519159718827e-16,0.9899474727021906
32,134,Stage 2,Stage 2,0.2684040635590037,0.7236798798138958
32,135,Stage 3,Stage 3,1.4947276702364524e-16,0.9909749495023996
32,136,Stage 1,Stage 1,0.009949748780050132,0.9900502512196377
32,137,Stage 2,Stage 2,0.2599332553644643,0.7319300847695427
32,138,Stage 0,Stage 0,1.489382711241136e-17,0.9811675999283994
32,139,Stage 3,Stage 3,1.5813828545132604e-16,0.9906956338210948
32,140,Stage 4,Stage 4,0.6923452845868395,0.6923452845868395
32,141,Stage 4,Stage 4,0.6787944025585728,0.6787944025585728
32,142,Stage 1,Stage 1,0.009238636411599783,0.9907613635881323
32,143,Stage 4,Stage 4,0.6814711408851148,0.6814711408851148
32,144,Stage 0,Stage 0,1.2383338275301069e-17,0.980433992921724
32,145,Stage 2,Stage 2,0.26872098505124564,0.7233705666330764
32,146,Stage 0,Stage 0,1.3485092822268163e-17,0.9808071202891354
32,147,Stage 0,Stage 0,9.839791832389827e-20,0.991762381205879
32,148,Stage 4,Stage 4,0.6838004221848187,0.6838004221848187
32,149,Stage 3,Stage 3,1.400609848735023e-16,0.9912869045482736
32,150,Stage 2,Stage 2,0.2780093649386667,0.7142857960000686
32,151,Stage 3,Stage 3,1.8970701934139603e-16,0.989733268624752
32,152,Stage 1,Stage 1,0.009450804084140297,0.9905491959155791
32,153,Stage 0,Stage 0,9.603288243117046e-20,0.9916776572976473
32,154,Stage 0,Stage 0,9.353453132757058e-20,0.9915823465277942
32,155,Stage 1,Stage 1,0.009280689035787628,0.9907193109639421
32,156,Stage 3,Stage 3,1.437526014416234e-16,0.9911634287509127
32,157,Stage 3,Stage 3,1.6442922357028973e-16,0.9904972511332645
32,158,Stage 2,Stage 2,0.2661919588529908,0.7258376122776112
32,159,Stage 3,Stage 3,1.7623552995965684e-16,0.9901341512781187
32,160,Stage 0,Stage 0,9.147110428318827e-20,0.9914987573472265
32,161,Stage 0,Stage 0,1.4418479510875946e-17,0.9810582935735213
32,162,Stage 0,Stage 0,1.4565385413759545e-17,0.9810933037434979
32,163,Stage 4,Stage 4,0.6936447488678881,0.6936447488678881
32,164,Stage 2,Stage 2,0.25683840509560746,0.7349356673952726
32,165,Stage 0,Stage 0,1.390168659896195e-17,0.9809256893141848
32,166,Stage 1,Stage 1,0.009638581731872228,0.9903614182678355
32,167,Stage 0,Stage 0,1.3986524478756912e-17,0.9809485139790308
32,168,Stage 4,Stage 4,0.7010369575675068,0.7010369575675068
32,169,Stage 2,Stage 2,0.2703089811070587,0.7218200187592283
32,170,Stage 2,Stage 2,0.271902609070935,0.7202628547686946
32,171,Stage 0,Stage 0,1.4477064614725244e-17,0.9810723914936978
32,172,Stage 0,Stage 0,1.0456708790322809e-19,0.9919610594527702
32,173,Stage 1,Stage 1,0.009711783633372769,0.9902882163663305
32,174,Stage 1,Stage 1,0.009224660862413293,0.9907753391373196
32,175,Stage 1,Stage 1,0.009280689035787628,0.9907193109639421
32,176,Stage 0,Stage 0,1.1339531020987115e-19,0.992198479467699
32,177,Stage 0,Stage 0,1.0184789518815859e-19,0.9918772199682381
32,178,Stage 0,Stage 0,1.4773552006967535e-17,0.9811410132108295
32,179,Stage 3,Stage 3,1.3010697391296376e-16,0.9916275228510862
32,180,Stage 0,Stage 0,1.0520478321942875e-19,0.9919799291331131
32,181,Stage 4,Stage 4,0.6926705324524638,0.6926705324524638
32,182,Stage 0,Stage 0,9.018164793258518e-20,0.991444127864863
32,183,Stage 2,Stage 4,0.684794984527346,0.684794984527346
32,184,Stage 2,Stage 2,0.29312153679008407,0.6994310715596714
32,185,Stage 0,Stage 0,1.047792244479705e-19,0.991967369054299
32,186,Stage 0,Stage 0,1.1112104295259018e-19,0.9921419415741112
32,187,Stage 0,Stage 0,1.3761422954353124e-17,0.9808869942214414
32,188,Stage 2,Stage 2,0.2741431079820585,0.7180717640074853
32,189,Stage 2,Stage 2,0.2861658108444798,0.7062790348393435
32,190,Stage 0,Stage 0,1.0757628892433757e-19,0.9920476148098398
32,191,Stage 0,Stage 0,1.0246908837687985e-19,0.9918968690858989
32,192,Stage 0,Stage 0,1.0226160623414513e-19,0.9918903396456624
32,193,Stage 1,Stage 1,0.00892244362758019,0.9910775563721705
32,194,Stage 2,Stage 2,0.273501847021749,0.7186991029313797
32,195,Stage 0,Stage 0,1.3267996330712023e-17,0.9807407977763951
32,196,Stage 2,Stage 2,0.2741431079820585,0.7180717640074853
32,197,Stage 0,Stage 0,1.4418479510875946e-17,0.9810582935735213
32,198,Stage 3,Stage 3,1.8725724546827938e-16,0.9898051682707226
32,199,Stage 1,Stage 1,0.00894950756157457,0.9910504924381747
32,200,Stage 0,Stage 0,1.0563206200887344e-19,0.9919924106682162
32,201,Stage 2,Stage 4,0.7070396434453565,0.7070396434453565
32,202,Stage 2,Stage 4,0.689078873404548,0.689078873404548
32,203,Stage 2,Stage 2,0.28452363010335924,0.7078931564484404
32,204,Stage 2,Stage 2,0.2941228562219094,0.6984438297200057
32,205,Stage 0,Stage 0,1.0714118357958353e-19,0.9920354824753755
32,206,Stage 0,Stage 0,1.145497608737578e-19,0.992226067055894
32,207,Stage 1,Stage 1,0.008682489613816381,0.991317510385948
32,208,Stage 1,Stage 1,0.008603935121080953,0.9913960648786877
32,209,Stage 0,Stage 0,1.1202524931037835e-19,0.9921647765241491
32,210,Stage 3,Stage 3,1.8009555705287568e-16,0.9900178842763672
32,211,Stage 2,Stage 2,0.2901289951879823,0.702379412573788
32,212,Stage 0,Stage 0,1.544720425987543e-17,0.9812812795009269
32,213,Stage 2,Stage 4,0.7026258052252726,0.7026258052252726
32,214,Stage 0,Stage 0,1.529147302915117e-17,0.9812506686664836
32,215,Stage 0,Stage 0,1.1689388352279608e-19,0.9922799041855801
32,216,Stage 2,Stage 4,0.7147918399925982,0.7147918399925982
32,217,Stage 3,Stage 3,1.785415327372632e-16,0.990064553301333
32,218,Stage 0,Stage 0,1.5795377080955355e-17,0.9813460579008313
32,219,Stage 2,Stage 2,0.28946632350705875,0.7030318592269159
41,1,Stage 2,Stage 2,0.26461870437079427,0.7273708287647475
41,2,Stage 0,Stage 0,1.3485092822268163e-17,0.9808071202891354
41,3,Stage 0,Stage 0,8.451336088651371e-20,0.9911796293397436
41,4,Stage 4,Stage 4,0.6798000086854755,0.6798000086854755
41,5,Stage 2,Stage 2,0.277685957524647,0.7146027239034609
41,6,Stage 0,Stage 0,9.819863855246932e-20,0.9917554381440574
41,7,Stage 0,Stage 0,1.2109838471225073e-17,0.9803257589901149
41,8,Stage 0,Stage 0,9.799976027502948e-20,0.9917484739182298
41,9,Stage 0,Stage 0,1.3241104099992208e-17,0.9807323539623602
41,10,Stage 4,Stage 4,0.689734175903176,0.689734175903176
41,11,Stage 0,Stage 0,9.819863855246932e-20,0.9917554381440574
41,12,Stage 4,Stage 4,0.6794650499677246,0.6794650499677246
41,13,Stage 2,Stage 2,0.25900237345016314,0.732834621849088
41,14,Stage 4,Stage 4,0.6834684068082958,0.6834684068082958
41,15,Stage 0,Stage 0,1.3733539125597752e-17,0.9808791564823001
41,16,Stage 3,Stage 3,1.273159474180893e-16,0.9917251631277341
41,17,Stage 4,Stage 4,0.677450195975465,0.677450195975465
41,18,Stage 0,Stage 0,1.0082088893385625e-19,0.9918440640336889
41,19,Stage 0,Stage 0,1.4713776418016138e-17,0.9811275361787647
41,20,Stage 4,Stage 4,0.6871069390768858,0.6871069390768858
41,21,Stage 0,Stage 0,1.4506445676364027e-17,0.9810793934619298
41,22,Stage 1,Stage 1,0.010101398841233764,0.9898986011584441
41,23,Stage 0,Stage 0,9.87976855940541e-20,0.9917762040240412
41,24,Stage 0,Stage 0,1.3027902691056307e-17,0.9806635606276816
41,25,Stage 4,Stage 4,0.6814711408851148,0.6814711408851148
41,26,Stage 3,Stage 3,1.358734468873573e-16,0.9914287951387487
41,27,Stage 2,Stage 2,0.27094575767877044,0.7211979455227717
41,28,Stage 0,Stage 0,1.3241104099992208e-17,0.9807323539623602
41,29,Stage 2,Stage 2,0.25900237345016314,0.732834621849088
41,30,Stage 0,Stage 0,9.525717101185453e-20,0.9916487261505318
41,31,Stage 3,Stage 3,1.687612096535004e-16,0.9903626695164707
41,32,Stage 1,Stage 1,0.009351198523028188,0.990648801476697
41,33,Stage 2,Stage 4,0.691694026813284,0.691694026813284
41,34,Stage 0,Stage 0,9.353453132757058e-20,0.9915823465277942
41,35,Stage 3,Stage 3,1.1081472958919321e-16,0.9923238095001111
41,36,Stage 3,Stage 3,1.5474763695087082e-16,0.9908040643215447
41,37,Stage 0,Stage 0,9.760320496659151e-20,0.99173448178738
41,38,Stage 2,Stage 2,0.2780093649386667,0.7142857960000686
41,39,Stage 1,Stage 1,0.010506478714620649,0.9894935212850299
41,40,Stage 4,Stage 4,0.6867774072627466,0.6867774072627466
41,41,Stage 3,Stage 3,1.595151985996128e-16,0.9906519071036988
41,42,Stage 3,Stage 3,1.8324417990417863e-16,0.9899238928700118
41,43,Stage 3,Stage 3,1.273159474180893e-16,0.9917251631277341
41,44,Stage 0,Stage 0,1.2458985440066693e-17,0.9804627331169338
41,45,Stage 0,Stage 0,1.387352089176905e-17,0.9809180158781412
41,46,Stage 3,Stage 3,1.2404544554862024e-16,0.9918408389192064
41,47,Stage 0,Stage 0,1.0330321413314762e-19,0.9919227852292337
41,48,Stage 3,Stage 3,1.9135792657354208e-16,0.9896850563789188
41,49,Stage 0,Stage 0,1.0911305349807343e-19,0.9920894764400598
41,50,Stage 1,Stage 1,0.010411595072169162,0.9895884049274881
41,51,Stage 2,Stage 2,0.26242573894197413,0.729506045291669
41,52,Stage 0,Stage 0,1.0584634858266361e-19,0.9919986220897354
41,53,Stage 3,Stage 3,1.5745428008113426e-16,0.990717420980011
41,54,Stage 1,Stage 1,0.009351198523028188,0.990648801476697
41,55,Stage 1,Stage 1,0.009127416747430665,0.990872583252308
41,56,Stage 0,Stage 0,9.506421893692317e-20,0.9916414387921917
41,57,Stage 0,Stage 0,1.4244131838433493e-17,0.9810152431785992
41,58,Stage 1,Stage 1,0.009638581731872228,0.9903614182678355
41,59,Stage 0,Stage 0,9.564424452170319e-20,0.9916632352849312
41,60,Stage 2,Stage 2,0.2602440105515096,0.7316280286971978
41,61,Stage 0,Stage 0,1.2383338275301069e-17,0.980433992921724
41,62,Stage 0,Stage 0,1.0288531012335657e-19,0.991909867392295
41,63,Stage 0,Stage 0,8.999892134210829e-20,0.9914362311704462
41,64,Stage 0,Stage 0,9.448769201481952e-20,0.9916194449715166
41,65,Stage 0,Stage 0,1.0143584951925212e-19,0.991864018929853
41,66,Stage 3,Stage 3,1.388515806678279e-16,0.9913276811213593
41,67,Stage 1,Stage 1,0.009594923131284112,0.9904050768684263
41,68,Stage 1,Stage 1,0.009580413828657553,0.9904195861710536
41,69,Stage 2,Stage 2,0.26399099922780783,0.7279822367497033
41,70,Stage 0,Stage 0,1.4565385413759545e-17,0.9810933037434979
41,71,Stage 1,Stage 1,0.010570209254036733,0.9894297907456097
41,72,Stage 4,Stage 4,0.6613713246232751,0.6613713246232751
41,73,Stage 0,Stage 0,8.624556849811711e-20,0.9912649438639503
41,74,Stage 0,Stage 0,9.839791832389827e-20,0.991762381205879
41,75,Stage 2,Stage 2,0.26055499610603355,0.7313257011092654
41,76,Stage 0,Stage 0,1.0143584951925212e-19,0.991864018929853
41,77,Stage 0,Stage 0,1.3001492951251741e-17,0.9806548050070074
41,78,Stage 3,Stage 3,1.400609848735023e-16,0.9912869045482736
41,79,Stage 3,Stage 3,1.418948194170051e-16,0.9912253823613508
41,80,Stage 1,Stage 1,0.009044873522153283,0.9909551264775904
41,81,Stage 2,Stage 2,0.2835409214442216,0.7088585817844766
41,82,Stage 0,Stage 0,1.0393323927914112e-19,0.9919420118778036
41,83,Stage 0,Stage 0,9.622779001159291e-20,0.9916848357534722
41,84,Stage 0,Stage 0,1.2792116712707507e-17,0.9805834932838356
41,85,Stage 3,Stage 3,1.5474763695087082e-16,0.9908040643215447
41,86,Stage 0,Stage 0,9.87976855940541e-20,0.9917762040240412
41,87,Stage 0,Stage 0,1.0061672751189167e-19,0.9918373713306831
41,88,Stage 3,Stage 3,1.6514344283747465e-16,0.9904749510996224
41,89,Stage 0,Stage 0,9.487165560123325e-20,0.9916341295085987
41,90,Stage 1,Stage 1,0.00937955066644655,0.9906204493332769
41,91,Stage 0,Stage 0,8.659622161005087e-20,0.9912817124353902
41,92,Stage 2,Stage 2,0.25962273068952946,0.7322318691216054
41,93,Stage 0,Stage 0,8.945294736894336e-20,0.9914124012335139
41,94,Stage 2,Stage 2,0.2722220085734127,0.7199506305173557
41,95,Stage 0,Stage 0,1.3027902691056307e-17,0.9806635606276816
41,96,Stage 0,Stage 0,1.0143584951925212e-19,0.991864018929853
41,97,Stage 0,Stage 0,1.1089612885645921e-19,0.9921361866768776
41,98,Stage 0,Stage 0,1.2948832582911525e-17,0.9806371886501871
41,99,Stage 0,Stage 0,1.4506445676364027e-17,0.9810793934619298
41,100,Stage 4,Stage 4,0.6844637113224621,0.6844637113224621
41,101,Stage 0,Stage 0,9.701136302956587e-20,0.9917133336883921
41,102,Stage 3,Stage 3,1.8403987379288522e-16,0.9899002581759518
41,103,Stage 0,Stage 0,9.410527400285663e-20,0.9916046721498973
41,104,Stage 4,Stage 4,0.6971971788136707,0.6971971788136707
41,105,Stage 3,Stage 3,1.6230499434520907e-16,0.990563840805628
41,106,Stage 3,Stage 3,1.673047151838939e-16,0.9904077389095308
41,107,Stage 1,Stage 1,0.008513178319831715,0.991486821679942
41,108,Stage 0,Stage 0,8.765670665295167e-20,0.9913314372653822
41,109,Stage 3,Stage 3,1.5077442951527206e-16,0.9909325261098706
41,110,Stage 2,Stage 2,0.2858369423978651,0.7066023659124907
41,111,Stage 3,Stage 3,1.6230499434520907e-16,0.990563840805628
41,112,Stage 2,Stage 2,0.271902609070935,0.7202628547686946
41,113,Stage 2,Stage 4,0.6971971788136707,0.6971971788136707
41,114,Stage 4,Stage 4,0.6814711408851148,0.6814711408851148
41,115,Stage 3,Stage 3,1.412808956696265e-16,0.991245937546461
41,116,Stage 0,Stage 0,9.31559500739439e-20,0.9915673512795624
41,117,Stage 0,Stage 0,1.27661808036132e-17,0.9805744198500976
41,118,Stage 1,Stage 1,0.009889721766253414,0.9901102782334382
41,119,Stage 0,Stage 0,9.184287616612198e-20,0.9915141592139521
41,120,Stage 0,Stage 0,8.981656287912796e-20,0.9914283112014913
41,121,Stage 4,Stage 4,0.6841321904490448,0.6841321904490448
41,122,Stage 4,Stage 4,0.6877652528474243,0.6877652528474243
41,123,Stage 4,Stage 4,0.691694026813284,0.691694026813284
41,124,Stage 2,Stage 2,0.2658768524060471,0.7261447914628317
41,125,Stage 3,Stage 3,1.6160301689452604e-16,0.9905859342805401
41,126,Stage 2,Stage 2,0.26242573894197413,0.729506045291669
41,127,Stage 0,Stage 0,9.429629020165823e-20,0.9916120696206802
41,128,Stage 3,Stage 3,1.5813828545132604e-16,0.9906956338210948
41,129,Stage 4,Stage 4,0.6981606215599166,0.6981606215599166
41,130,Stage 0,Stage 0,9.506421893692317e-20,0.9916414387921917
41,131,Stage 0,Stage 0,1.3214265911931897e-17,0.9807238757959816
41,132,Stage 2,Stage 2,0.2725416322991087,0.7196381429789372
41,133,Stage 2,Stage 2,0.2815813802491283,0.7107825435195056
41,134,Stage 2,Stage 2,0.27930520129405223,0.7130154960741061
41,135,Stage 3,Stage 3,1.5474763695087082e-16,0.9908040643215447
41,136,Stage 1,Stage 1,0.009800352867573126,0.9901996471321244
41,137,Stage 2,Stage 2,0.28256016961490216,0.7098217130608915
41,138,Stage 2,Stage 2,0.277685957524647,0.7146027239034609
41,139,Stage 1,Stage 1,0.009322931274816903,0.99067706872491
41,140,Stage 2,Stage 2,0.2593124366704646,0.7325333815492892
41,141,Stage 2,Stage 4,0.6988016239832392,0.6988016239832392
41,142,Stage 2,Stage 2,0.2636774894246132,0.7282875373293057
41,143,Stage 2,Stage 2,0.265247322518575,0.7267583464317497
41,144,Stage 0,Stage 0,9.31559500739439e-20,0.9915673512795624
41,145,Stage 4,Stage 4,0.6794650499677246,0.6794650499677246
41,146,Stage 2,Stage 4,0.6838004221848187,0.6838004221848187
41,147,Stage 2,Stage 2,0.2621133742682796,0.7298099976414045
41,148,Stage 0,Stage 0,1.030940514208353e-19,0.991916336347299
41,149,Stage 0,Stage 0,1.362256304658958e-17,0.9808474741330337
41,150,Stage 2,Stage 2,0.2760722402011618,0.7161834689750823
41,151,Stage 0,Stage 0,1.1022410190053144e-19,0.9921188105515164
41,152,Stage 3,Stage 3,1.3411723860435234e-16,0.9914889005006022
41,153,Stage 2,Stage 2,0.2796297110755661,0.7126972752212122
41,154,Stage 4,Stage 4,0.697839732280967,0.697839732280967
41,155,Stage 3,Stage 3,1.8970701934139603e-16,0.989733268624752
41,156,Stage 3,Stage 3,1.388515806678279e-16,0.9913276811213593
41,157,Stage 3,Stage 3,1.4626743465657863e-16,0.991080147684282
41,158,Stage 1,Stage 1,0.009465118971863792,0.9905348810278547
41,159,Stage 1,Stage 1,0.008708832104820737,0.9912911678949421
41,160,Stage 2,Stage 4,0.6971971788136707,0.6971971788136707
41,161,Stage 3,Stage 3,1.6586075562578934e-16,0.9904525991304134
41,162,Stage 2,Stage 2,0.271902609070935,0.7202628547686946
41,163,Stage 0,Stage 0,1.0288531012335657e-19,0.991909867392295
41,164,Stage 0,Stage 0,9.701136302956587e-20,0.9917133336883921
41,165,Stage 0,Stage 0,1.0456708790322809e-19,0.9919610594527702
41,166,Stage 2,Stage 2,0.2878133844617412,0.7046585916653876
41,167,Stage 4,Stage 4,0.6727151467124962,0.6727151467124962
41,168,Stage 1,Stage 1,0.009800352867573126,0.9901996471321244
41,169,Stage 2,Stage 4,0.6838004221848187,0.6838004221848187
41,170,Stage 0,Stage 0,1.3986524478756912e-17,0.9809485139790308
41,171,Stage 4,Stage 4,0.7060981752718418,0.7060981752718418
41,172,Stage 0,Stage 0,8.819178050352503e-20,0.9913559755764396
41,173,Stage 0,Stage 0,1.0041297742379242e-19,0.991830658016624
41,174,Stage 1,Stage 1,0.009113607895788776,0.9908863921039508
41,175,Stage 3,Stage 3,2.0332231022600004e-16,0.9893412266343027
41,176,Stage 3,Stage 3,1.5745428008113426e-16,0.990717420980011
41,177,Stage 0,Stage 0,9.334504982898171e-20,0.9915748600865903
41,178,Stage 3,Stage 3,1.2898331317204133e-16,0.9916667155841863
41,179,Stage 0,Stage 0,9.701136302956587e-20,0.9917133336883921
41,180,Stage 4,Stage 4,0.7048391823792242,0.7048391823792242
41,181,Stage 4,Stage 4,0.6814711408851148,0.6814711408851148
41,182,Stage 4,Stage 4,0.6838004221848187,0.6838004221848187
41,183,Stage 3,Stage 3,1.2842511828128758e-16,0.9916862435349484
41,184,Stage 2,Stage 2,0.2703089811070587,0.7218200187592283
41,185,Stage 2,Stage 4,0.6669029507634441,0.6669029507634441
41,186,Stage 0,Stage 0,9.819863855246932e-20,0.9917554381440574
41,187,Stage 0,Stage 0,9.919906859254658e-20,0.9917899427447266
41,188,Stage 0,Stage 0,9.525717101185453e-20,0.9916487261505318
41,189,Stage 0,Stage 0,1.3650223405791544e-17,0.9808554445694111
41,190,Stage 2,Stage 4,0.6784587144467115,0.6784587144467115
41,191,Stage 0,Stage 0,1.7656646492427205e-17,0.9816195618673849
41,192,Stage 0,Stage 0,1.3567408977099178e-17,0.9808314331400222
41,193,Stage 2,Stage 2,0.2835409214442216,0.7088585817844766
41,194,Stage 0,Stage 0,1.4157743979431764e-17,0.9809932890761482
41,195,Stage 2,Stage 2,0.27930520129405223,0.7130154960741061
41,196,Stage 1,Stage 1,0.009522593587758624,0.990477406411956
41,197,Stage 1,Stage 1,0.008814996594711402,0.9911850034050453
41,198,Stage 3,Stage 3,1.358734468873573e-16,0.9914287951387487
41,199,Stage 0,Stage 0,1.526051431450378e-17,0.9812444580010095
41,200,Stage 1,Stage 1,0.008643123901500233,0.9913568760982663
41,201,Stage 3,Stage 3,1.848390124182986e-16,0.9898765684947084
41,202,Stage 0,Stage 0,1.510665150605878e-17,0.9812129587717471
41,203,Stage 0,Stage 0,1.4713776418016138e-17,0.9811275361787647
41,204,Stage 1,Stage 1,0.009874771118159353,0.9901252288815332
41,205,Stage 0,Stage 0,1.1067166792437214e-19,0.9921304132345575
41,206,Stage 3,Stage 3,1.6020813199644695e-16,0.9906299673123887
41,207,Stage 0,Stage 0,9.74055263219065e-20,0.9917274537885016
41,208,Stage 0,Stage 0,1.489382711241136e-17,0.9811675999283994
41,209,Stage 1,Stage 1,0.009086052260636385,0.9909139477391049
41,210,Stage 1,Stage 1,0.00853901154872548,0.9914609884510467
41,211,Stage 2,Stage 2,0.26336420834067564,0.7285925686842741
41,212,Stage 3,Stage 3,1.717122375802452e-16,0.990271899376191
41,213,Stage 1,Stage 1,0.009224660862413293,0.9907753391373196
41,214,Stage 1,Stage 1,0.009182859759745504,0.9908171402399898
41,215,Stage 1,Stage 1,0.00949381320356987,0.990506186796147
41,216,Stage 1,Stage 1,0.009266650467382977,0.9907333495323475
41,217,Stage 3,Stage 3,1.9810602358963013e-16,0.9894899520199913
41,218,Stage 0,Stage 0,1.0061672751189167e-19,0.9918373713306831
41,219,Stage 3,Stage 3,1.6371808454090327e-16,0.990519499349954
41,220,Stage 2,Stage 2,0.27671706241262906,0.7155519507884045
41,221,Stage 0,Stage 0,9.940036803056258e-20,0.9917967806843048
41,222,Stage 2,Stage 2,0.2630511561301873,0.7288973306033367
41,223,Stage 1,Stage 1,0.008603935121080953,0.9913960648786877
41,224,Stage 1,Stage 1,0.009017523818931946,0.9909824761808131
41,225,Stage 2,Stage 2,0.27446407325826855,0.7177577015716604
41,226,Stage 2,Stage 2,0.2690381326762171,0.7230609876913192
41,227,Stage 0,Stage 0,1.0435537876756068e-19,0.9919547300852387
41,228,Stage 1,Stage 1,0.008500290776437875,0.9914997092233364
41,229,Stage 1,Stage 1,0.009044873522153283,0.9909551264775904
41,230,Stage 1,Stage 1,0.009266650467382977,0.9907333495323475
41,231,Stage 0,Stage 0,1.0393323927914112e-19,0.9919420118778036
41,232,Stage 0,Stage 0,9.919906859254658e-20,0.9917899427447266
41,233,Stage 1,Stage 1,0.008500290776437875,0.9914997092233364
41,234,Stage 2,Stage 2,0.2841958434755683,0.7082152193698922
41,235,Stage 2,Stage 2,0.28847391778476544,0.7040086515786369
41,236,Stage 0,Stage 0,1.557292200966756e-17,0.9813052408641366
41,237,Stage 2,Stage 2,0.2974742164696925,0.6951370424135322
41,238,Stage 0,Stage 0,8.909079548356597e-20,0.9913963975468475
41,239,Stage 2,Stage 2,0.2991577043933288,0.6934744911798072
41,240,Stage 2,Stage 2,0.2858369423978651,0.7066023659124907
41,241,Stage 2,Stage 4,0.7070396434453565,0.7070396434453565
41,242,Stage 2,Stage 4,0.7144849765697583,0.7144849765697583
41,243,Stage 2,Stage 2,0.2994950226228398,0.6931412528119505
41,244,Stage 0,Stage 0,1.4043368175836372e-17,0.9809635680724318
41,245,Stage 1,Stage 1,0.009308829408469714,0.9906911705912582
41,246,Stage 2,Stage 2,0.2917893986324971,0.7007439302410401
41,247,Stage 1,Stage 1,0.008309282836801494,0.9916907171629832
41,248,Stage 2,Stage 4,0.689734175903176,0.689734175903176
41,249,Stage 2,Stage 4,0.7144849765697583,0.7144849765697583
41,250,Stage 2,Stage 4,0.7070396434453565,0.7070396434453565
41,251,Stage 2,Stage 2,0.2878133844617412,0.7046585916653876
41,252,Stage 1,Stage 1,0.007939944440330787,0.9920600555594731
41,253,Stage 0,Stage 0,1.557292200966756e-17,0.9813052408641366
41,254,Stage 4,Stage 4,0.7208720350467168,0.7208720350467168
41,255,Stage 0,Stage 0,1.4418479510875946e-17,0.9810582935735213
41,256,Stage 0,Stage 0,1.5541397667747608e-17,0.9812992942208126
41,257,Stage 0,Stage 0,1.0735851686781043e-19,0.9920415582469281
41,258,Stage 0,Stage 0,1.407187590236275e-17,0.9809710466192401
41,259,Stage 0,Stage 0,1.1179851338703393e-19,0.9921590954015101
41,260,Stage 2,Stage 2,0.28550828988496607,0.706925443865324
41,261,Stage 0,Stage 0,1.0714118357958353e-19,0.9920354824753755
41,262,Stage 0,Stage 0,1.0102546252047937e-19,0.99185073617104
41,263,Stage 2,Stage 2,0.277685957524647,0.7146027239034609
41,264,Stage 1,Stage 1,0.008461744087796381,0.9915382559119801
41,265,Stage 3,Stage 3,1.96397079672095e-16,0.9895390684764639
41,266,Stage 1,Stage 1,0.008828357024516838,0.9911716429752394
41,267,Stage 0,Stage 0,1.6249796369634964e-17,0.981423506656474
41,268,Stage 0,Stage 0,1.7692430466258556e-17,0.9816237925926661
41,269,Stage 0,Stage 0,1.595620247233045e-17,0.9813743534453423
41,270,Stage 0,Stage 0,1.4244131838433493e-17,0.9810152431785992
41,271,Stage 0,Stage 0,1.6053477068396048e-17,0.9813909905483698
41,272,Stage 3,Stage 3,2.0958125924305166e-16,0.9891650750932376
41,273,Stage 3,Stage 3,1.7931686639812197e-16,0.9900412459085821
41,274,Stage 0,Stage 0,1.0649180748961579e-19,0.9920171394855191
41,275,Stage 2,Stage 4,0.7035759719545623,0.7035759719545623
41,276,Stage 0,Stage 0,1.2098901871269679e-19,0.9923674272093888
41,277,Stage 2,Stage 4,0.7079787250353649,0.7079787250353649
41,278,Stage 2,Stage 4,0.7147918399925982,0.7147918399925982
41,279,Stage 0,Stage 0,1.0627622044839007e-19,0.9920109864555632
49,1,Stage 3,Stage 3,1.2898331317204133e-16,0.9916667155841863
49,2,Stage 1,Stage 1,0.01045893043288252,0.9895410695667713
49,3,Stage 3,Stage 3,1.3825079034017648e-16,0.991347998269653
49,4,Stage 0,Stage 0,1.1842323931121614e-17,0.9802129610796981
49,5,Stage 2,Stage 2,0.24409474820536187,0.7472579575151554
49,6,Stage 1,Stage 1,0.010682659255632243,0.9893173407440063
49,7,Stage 1,Stage 1,0.011077260096893788,0.9889227399027167
49,8,Stage 0,Stage 0,8.927168884212394e-20,0.9914044111309707
49,9,Stage 4,Stage 4,0.6699884527242035,0.6699884527242035
49,10,Stage 0,Stage 0,8.383019973218452e-20,0.9911448085800331
49,11,Stage 4,Stage 4,0.6543752297291088,0.6543752297291088
49,12,Stage 1,Stage 1,0.010698819849468869,0.9893011801501685
49,13,Stage 4,Stage 4,0.6554303277140929,0.6554303277140929
49,14,Stage 2,Stage 2,0.25407286382189126,0.7376172934546089
49,15,Stage 2,Stage 2,0.236707054712252,0.7543577110886671
49,16,Stage 0,Stage 0,8.19796738548088e-20,0.9910469656665484
49,17,Stage 0,Stage 0,1.0962425894979653e-17,0.9797866419119782
49,18,Stage 1,Stage 1,0.010239838704654338,0.9897601612950144
49,19,Stage 1,Stage 1,0.009741218293934874,0.9902587817057664
49,20,Stage 0,Stage 0,1.1627808591199174e-17,0.9801172016463422
49,21,Stage 3,Stage 3,1.0985732332049542e-16,0.9923597616519493
49,22,Stage 0,Stage 0,8.115200014791238e-20,0.9910014652339335
49,23,Stage 4,Stage 4,0.6469345605925219,0.6469345605925219
49,24,Stage 0,Stage 0,1.225826972046872e-17,0.9803853546585779
49,25,Stage 0,Stage 0,8.214621238389883e-20,0.9910559882047939
49,26,Stage 4,Stage 4,0.6522590955728329,0.6522590955728329
49,27,Stage 1,Stage 1,0.010812623108673656,0.9891873768909557
49,28,Stage 4,Stage 4,0.6723751379532624,0.6723751379532624
49,29,Stage 2,Stage 2,0.23524740688453627,0.7557563088768003
49,30,Stage 4,Stage 4,0.6372305305291923,0.6372305305291923
49,31,Stage 1,Stage 1,0.011262902984465105,0.9887370970151318
49,32,Stage 0,Stage 0,1.2060758157493647e-17,0.9803055928844897
49,33,Stage 4,Stage 4,0.6658702591579196,0.6658702591579196
49,34,Stage 0,Stage 0,7.887842168498187e-20,0.9908705746699452
49,35,Stage 3,Stage 3,1.358734468873573e-16,0.9914287951387487
49,36,Stage 4,Stage 4,0.6487147870826249,0.6487147870826249
49,37,Stage 2,Stage 2,0.24950562961173267,0.7420370122733596
49,38,Stage 0,Stage 0,7.968305569622078e-20,0.9909179177401287
49,39,Stage 4,Stage 4,0.6651806413379726,0.6651806413379726
49,40,Stage 2,Stage 2,0.24769351334270256,0.7437874000410787
49,41,Stage 0,Stage 0,1.2208593453132203e-17,0.980365639237517
49,42,Stage 3,Stage 3,1.6803138880578172e-16,0.9903852304193212
49,43,Stage 2,Stage 2,0.25437921553051157,0.7373204344022612
49,44,Stage 0,Stage 0,1.2011874901151122e-17,0.9802852752665986
49,45,Stage 3,Stage 3,1.7245799927632027e-16,0.9902490746059706
49,46,Stage 4,Stage 4,0.6923452845868395,0.6923452845868395
49,47,Stage 0,Stage 0,8.164760260911624e-20,0.99102884321395
49,48,Stage 2,Stage 2,0.23495619552549454,0.7560351692055192
49,49,Stage 0,Stage 0,8.349068008831573e-20,0.9911272475131927
49,50,Stage 4,Stage 4,0.6682766206384697,0.6682766206384697
49,51,Stage 0,Stage 0,8.712486018094915e-20,0.9913066833643034
49,52,Stage 1,Stage 1,0.010602217792817763,0.9893977822068264
49,53,Stage 0,Stage 0,1.3485092822268163e-17,0.9808071202891354
49,54,Stage 3,Stage 3,9.813687079332313e-17,0.992812180138039
49,55,Stage 0,Stage 0,1.2036291946697048e-17,0.9802954530549376
49,56,Stage 1,Stage 1,0.011077260096893788,0.9889227399027167
49,57,Stage 0,Stage 0,7.887842168498187e-20,0.9908705746699452
49,58,Stage 0,Stage 0,7.808185967019076e-20,0.9908225595091481
49,59,Stage 0,Stage 0,9.391464264113023e-20,0.9915972525102162
49,60,Stage 0,Stage 0,1.4273043841977816e-17,0.9810224974482886
49,61,Stage 2,Stage 2,0.23729258819557023,0.7537962701326412
49,62,Stage 2,Stage 2,0.2405300894246955,0.7506879680283286
49,63,Stage 4,Stage 4,0.6401215505928936,0.6401215505928936
49,64,Stage 0,Stage 0,8.801306274854312e-20,0.9913478200055159
49,65,Stage 1,Stage 1,0.011296985177576954,0.9887030148220174
49,66,Stage 0,Stage 0,1.378936293212774e-17,0.9808947989610717
49,67,Stage 4,Stage 4,0.6730549179853795,0.6730549179853795
49,68,Stage 1,Stage 1,0.011434336459623115,0.988565663539961
49,69,Stage 2,Stage 2,0.2510221877948732,0.7405706998731459
49,70,Stage 3,Stage 3,1.273159474180893e-16,0.9917251631277341
49,71,Stage 2,Stage 2,0.23964427354617432,0.7515391000262467
49,72,Stage 1,Stage 1,0.010796292490686686,0.9892037075089438
49,73,Stage 2,Stage 2,0.24649014624642607,0.7449487389111789
49,74,Stage 0,Stage 0,7.620256139689083e-20,0.9907045359007585
49,75,Stage 0,Stage 0,7.871846612705421e-20,0.9908610256439977
49,76,Stage 4,Stage 4,0.6665589520038038,0.6665589520038038
49,77,Stage 4,Stage 4,0.6631062637382018,0.6631062637382018
49,78,Stage 3,Stage 3,1.3825079034017648e-16,0.991347998269653
49,79,Stage 4,Stage 4,0.6617187678056939,0.6617187678056939
49,80,Stage 0,Stage 0,8.554849084858906e-20,0.9912311136935966
49,81,Stage 2,Stage 2,0.24112182351621533,0.750119128152762
49,82,Stage 3,Stage 3,1.5012219126275094e-16,0.9909537624988691
49,83,Stage 1,Stage 1,0.009609454194694656,0.9903905458050148
49,84,Stage 0,Stage 0,8.891026655718003e-20,0.9913883604290891
49,85,Stage 1,Stage 1,0.010812623108673656,0.9891873768909557
49,86,Stage 0,Stage 0,8.783470504027307e-20,0.9913396405861271
49,87,Stage 0,Stage 0,8.000718776672785e-20,0.990936668448035
49,88,Stage 3,Stage 3,1.4066962128433056e-16,0.9912664449055839
49,89,Stage 2,Stage 2,0.24829661090433064,0.7432050532542982
49,90,Stage 0,Stage 0,8.383019973218452e-20,0.9911448085800331
49,91,Stage 0,Stage 0,8.537509825055995e-20,0.9912225947871058
49,92,Stage 4,Stage 4,0.6703301153093147,0.6703301153093147
49,93,Stage 4,Stage 4,0.6672467173234601,0.6672467173234601
49,94,Stage 0,Stage 0,8.502936028786359e-20,0.9912054829556842
49,95,Stage 0,Stage 0,8.366026874290211e-20,0.9911360406503251
49,96,Stage 3,Stage 3,1.3124039917685881e-16,0.9915881469760511
49,97,Stage 0,Stage 0,1.1890523699457152e-17,0.9802338141035823
49,98,Stage 3,Stage 3,1.3825079034017648e-16,0.991347998269653
49,99,Stage 0,Stage 0,8.642071827046151e-20,0.9912733403140861
49,100,Stage 0,Stage 0,1.2586082948159591e-17,0.9805099022725244
49,101,Stage 3,Stage 3,1.2297401073718613e-16,0.9918790392753328
49,102,Stage 0,Stage 0,1.0763696235559255e-17,0.9796769938802508
49,103,Stage 3,Stage 3,1.3945497509816846e-16,0.9913073165838424
49,104,Stage 0,Stage 0,9.720824594382605e-20,0.9917204044379043
49,105,Stage 0,Stage 0,9.31559500739439e-20,0.9915673512795624
49,106,Stage 0,Stage 0,1.0292792129809125e-17,0.9793942706333328
49,107,Stage 3,Stage 3,1.2621633290938193e-16,0.9917639016699474
49,108,Stage 0,Stage 0,8.981656287912796e-20,0.9914283112014913
49,109,Stage 1,Stage 1,0.011211970206723553,0.9887880297928772
49,110,Stage 0,Stage 0,8.033262971923292e-20,0.9909553132810206
49,111,Stage 0,Stage 0,8.264784773209078e-20,0.9910829017524949
49,112,Stage 0,Stage 0,8.624556849811711e-20,0.9912649438639503
49,113,Stage 0,Stage 0,8.164760260911624e-20,0.99102884321395
49,114,Stage 0,Stage 0,1.1278801174521849e-17,0.9799504871008234
49,115,Stage 3,Stage 3,1.9135792657354208e-16,0.9896850563789188
49,116,Stage 0,Stage 0,7.824053021464903e-20,0.990832216667609
49,117,Stage 2,Stage 2,0.2577644313843381,0.734036857719782
49,118,Stage 0,Stage 0,1.2560561077266288e-17,0.9805005411964006
49,119,Stage 1,Stage 1,0.010178079564963655,0.9898219204347093
49,120,Stage 4,Stage 4,0.6658702591579196,0.6658702591579196
49,121,Stage 3,Stage 3,1.2404544554862024e-16,0.9918408389192064
49,122,Stage 0,Stage 0,8.281573503643895e-20,0.9910918217689588
49,123,Stage 0,Stage 0,8.19796738548088e-20,0.9910469656665484
49,124,Stage 2,Stage 2,0.24950562961173267,0.7420370122733596
49,125,Stage 4,Stage 4,0.6631062637382018,0.6631062637382018
49,126,Stage 1,Stage 1,0.010731213620810186,0.9892687863788249
49,127,Stage 0,Stage 0,7.745036741605663e-20,0.990783658434291
49,128,Stage 4,Stage 4,0.6613713246232751,0.6613713246232751
49,129,Stage 3,Stage 3,1.3528551011267852e-16,0.9914488769649418
49,130,Stage 3,Stage 3,1.2297401073718613e-16,0.9918790392753328
49,131,Stage 0,Stage 0,8.537509825055995e-20,0.9912225947871058
49,132,Stage 3,Stage 3,1.0116373129815745e-16,0.9926930643343514
49,133,Stage 4,Stage 4,0.6596307099883298,0.6596307099883298
49,134,Stage 0,Stage 0,8.537509825055995e-20,0.9912225947871058
49,135,Stage 4,Stage 4,0.6568340251051958,0.6568340251051958
49,136,Stage 3,Stage 3,1.2138414451901029e-16,0.9919360067787678
49,137,Stage 2,Stage 2,0.2470913581649781,0.7443686290769289
49,138,Stage 3,Stage 3,1.2191180834968498e-16,0.9919170618790788
49,139,Stage 3,Stage 3,1.1572808329253602e-16,0.9921415101119657
49,140,Stage 4,Stage 4,0.6727151467124962,0.6727151467124962
49,141,Stage 0,Stage 0,8.451336088651371e-20,0.9911796293397436
49,142,Stage 0,Stage 0,9.091625046287896e-20,0.9914754829247348
49,143,Stage 0,Stage 0,8.065938685064428e-20,0.9909738527081803
49,144,Stage 0,Stage 0,8.298396123902237e-20,0.9911007162968369
49,145,Stage 3,Stage 3,1.4882614470725118e-16,0.9909960872334609
49,146,Stage 4,Stage 4,0.6585836341778833,0.6585836341778833
49,147,Stage 3,Stage 3,1.5012219126275094e-16,0.9909537624988691
49,148,Stage 0,Stage 0,1.253509049401892e-17,0.9804911438200857
49,149,Stage 4,Stage 4,0.6624129717872749,0.6624129717872749
49,150,Stage 0,Stage 0,7.936022823213571e-20,0.9908990606860816
49,151,Stage 0,Stage 0,1.2408503290790025e-17,0.9804436097268838
49,152,Stage 2,Stage 2,0.24499124883316234,0.7463941075463413
49,153,Stage 0,Stage 0,8.400047374762764e-20,0.9911535513581672
49,154,Stage 4,Stage 4,0.6561326203951546,0.6561326203951546
49,155,Stage 0,Stage 0,1.2688685377708345e-17,0.9805469851134242
49,156,Stage 1,Stage 1,0.011468931402820405,0.988531068596761
49,157,Stage 0,Stage 0,1.2333159853244846e-17,0.9804146486997954
49,158,Stage 0,Stage 0,7.745036741605663e-20,0.990783658434291
49,159,Stage 2,Stage 2,0.24260531899489832,0.7486920734925386
49,160,Stage 3,Stage 3,1.056501101535758e-16,0.9925194854624816
49,161,Stage 0,Stage 0,7.391649292570689e-20,0.9905513399668852
49,162,Stage 4,Stage 4,0.6713536898096759,0.6713536898096759
49,163,Stage 1,Stage 1,0.01053829632109027,0.9894617036785583
49,164,Stage 0,Stage 0,1.0917952327538768e-17,0.9797625711274077
49,165,Stage 4,Stage 4,0.6720348920125131,0.6720348920125131
49,166,Stage 3,Stage 3,1.4066962128433056e-16,0.9912664449055839
49,167,Stage 1,Stage 1,0.009995005606752856,0.9900049943929322
49,168,Stage 1,Stage 1,0.010618258001908947,0.989381741997734
49,169,Stage 4,Stage 4,0.6747502014389875,0.6747502014389875
49,170,Stage 3,Stage 3,1.2786933315120065e-16,0.9917057260146858
49,171,Stage 1,Stage 1,0.010618258001908947,0.989381741997734
49,172,Stage 0,Stage 0,1.0209389515297747e-17,0.979340568894964
49,173,Stage 0,Stage 0,9.240335312278755e-20,0.9915370914012563
49,174,Stage 1,Stage 1,0.010317559385682887,0.9896824406139807
49,175,Stage 0,Stage 0,1.1746504177763643e-17,0.9801707910337142
49,176,Stage 2,Stage 2,0.2546858002072975,0.7370233000449775
49,177,Stage 0,Stage 0,1.3214265911931897e-17,0.9807238757959816
49,178,Stage 2,Stage 2,0.25011154894036597,0.7414513210234408
49,179,Stage 2,Stage 2,0.24320037930785227,0.7481192732467521
49,180,Stage 2,Stage 2,0.2364146466016313,0.754638002926265
49,181,Stage 1,Stage 1,0.010132002273315599,0.9898679977263604
49,182,Stage 4,Stage 4,0.6547271497952761,0.6547271497952761
49,183,Stage 3,Stage 3,1.1033499035133906e-16,0.992341806553053
49,184,Stage 1,Stage 1,0.011643463922165007,0.9883565360774034
49,185,Stage 3,Stage 3,1.2244176046024672e-16,0.991898072745205
49,186,Stage 0,Stage 0,8.642071827046151e-20,0.9912733403140861
49,187,Stage 0,Stage 0,9.899817471954102e-20,0.9917830838733842
49,188,Stage 2,Stage 2,0.22604781952368785,0.7645368156266615
49,189,Stage 2,Stage 2,0.2437963882471011,0.7475453445748567
49,190,Stage 0,Stage 0,8.033262971923292e-20,0.9909553132810206
49,191,Stage 1,Stage 1,0.010666522809220242,0.9893334771904194
49,192,Stage 0,Stage 0,8.520205496502915e-20,0.9912140512260427
49,193,Stage 2,Stage 2,0.24469217859954617,0.7466823388248103
49,194,Stage 0,Stage 0,1.0184789518815859e-19,0.9918772199682381
49,195,Stage 3,Stage 3,1.358734468873573e-16,0.9914287951387487
49,196,Stage 1,Stage 1,0.009949748780050132,0.9900502512196377
49,197,Stage 0,Stage 0,8.855029906400031e-20,0.9913722153838513
49,198,Stage 4,Stage 4,0.6757645023331529,0.6757645023331529
49,199,Stage 1,Stage 1,0.01112758781182487,0.9888724121877818
49,200,Stage 2,Stage 2,0.23993930735123364,0.7512556732945078
49,201,Stage 2,Stage 2,0.2364146466016313,0.754638002926265
49,202,Stage 0,Stage 0,1.1533707909951219e-17,0.9800736221575791
49,203,Stage 0,Stage 0,1.1370842617280377e-17,0.9799958264208374
49,204,Stage 3,Stage 3,1.1673653215887557e-16,0.9921045370250977
49,205,Stage 1,Stage 1,0.010178079564963655,0.9898219204347093
49,206,Stage 0,Stage 0,1.2208593453132203e-17,0.980365639237517
49,207,Stage 0,Stage 0,1.1278801174521849e-17,0.9799504871008234
49,208,Stage 0,Stage 0,8.945294736894336e-20,0.9914124012335139
49,209,Stage 3,Stage 3,1.5407825779475046e-16,0.990825599410363
49,210,Stage 3,Stage 3,1.4626743465657863e-16,0.991080147684282
49,211,Stage 1,Stage 1,0.010348810856321467,0.9896511891433398
49,212,Stage 4,Stage 4,0.6641444858945478,0.6641444858945478
49,213,Stage 0,Stage 0,1.069824846239859e-17,0.9796396793761011
49,214,Stage 2,Stage 2,0.24859851280195477,0.7429134611599754
49,215,Stage 0,Stage 0,7.984495832644803e-20,0.9909273063578483
49,216,Stage 0,Stage 0,8.231308708690136e-20,0.9910649850272207
49,217,Stage 2,Stage 2,0.2528497892226809,0.7388019727493059
49,218,Stage 0,Stage 0,8.694829184898601e-20,0.9912983839068218
49,219,Stage 1,Stage 1,0.010270857205587213,0.9897291427940793
49,220,Stage 2,Stage 2,0.25683840509560746,0.7349356673952726
49,221,Stage 3,Stage 3,1.4626743465657863e-16,0.991080147684282
49,222,Stage 2,Stage 2,0.2627383329464713,0.7292018228758231
49,223,Stage 0,Stage 0,1.2358223830009592e-17,0.9804243392721755
49,224,Stage 4,Stage 4,0.6624129717872749,0.6624129717872749
49,225,Stage 0,Stage 0,8.366026874290211e-20,0.9911360406503251
49,226,Stage 3,Stage 3,1.4251140396290633e-16,0.991204779240457
49,227,Stage 4,Stage 4,0.6634525668851401,0.6634525668851401
49,228,Stage 4,Stage 4,0.6624129717872749,0.6624129717872749
49,229,Stage 0,Stage 0,1.1393968922879771e-17,0.9800070602971545
49,230,Stage 0,Stage 0,8.417109148209376e-20,0.9911622690404526
49,231,Stage 0,Stage 0,8.065938685064428e-20,0.9909738527081803
49,232,Stage 1,Stage 1,0.010333173429814414,0.9896668265698481
49,233,Stage 0,Stage 0,1.2408503290790025e-17,0.9804436097268838
49,234,Stage 3,Stage 3,1.0749976041905366e-16,0.992448911205905
49,235,Stage 0,Stage 0,7.968305569622078e-20,0.9909179177401287
49,236,Stage 2,Stage 2,0.25714684879590843,0.7346363376396886
49,237,Stage 2,Stage 2,0.24950562961173267,0.7420370122733596
49,238,Stage 2,Stage 2,0.234374491625065,0.7565920293462682
49,239,Stage 3,Stage 3,1.3124039917685881e-16,0.9915881469760511
49,240,Stage 1,Stage 1,0.009979897401570206,0.9900201025981158
49,241,Stage 0,Stage 0,9.110082887409164e-20,0.991483264016129
49,242,Stage 1,Stage 1,0.011060534259091105,0.9889394657405206
49,243,Stage 3,Stage 3,1.5142949392376147e-16,0.9909112402221542
49,244,Stage 0,Stage 0,1.2358223830009592e-17,0.9804243392721755
49,245,Stage 2,Stage 2,0.24499124883316234,0.7463941075463413
49,246,Stage 0,Stage 0,1.3160751229419032e-17,0.9807068161147312
49,247,Stage 1,Stage 1,0.010944150594266112,0.989055849405354
49,248,Stage 4,Stage 4,0.6675902513667413,0.6675902513667413
49,249,Stage 4,Stage 4,0.6585836341778833,0.6585836341778833
49,250,Stage 0,Stage 0,7.855883279549936e-20,0.9908514496749214
49,251,Stage 0,Stage 0,8.963457180159048e-20,0.9914203679064144
49,252,Stage 2,Stage 2,0.22803915981581388,0.7626414188170747
49,253,Stage 4,Stage 4,0.6582341597389156,0.6582341597389156
49,254,Stage 2,Stage 2,0.24649014624642607,0.7449487389111789
49,255,Stage 0,Stage 0,1.2085273632587744e-17,0.9803156948360203
49,256,Stage 0,Stage 0,8.000718776672785e-20,0.990936668448035
49,257,Stage 2,Stage 2,0.2470913581649781,0.7443686290769289
49,258,Stage 1,Stage 1,0.010395863773007857,0.9896041362266504
49,259,Stage 4,Stage 4,0.6575345391229066,0.6575345391229066
49,260,Stage 3,Stage 3,1.3411723860435234e-16,0.9914889005006022
49,261,Stage 3,Stage 3,1.3353688209667664e-16,0.9915088424241372
49,262,Stage 1,Stage 1,0.009308829408469714,0.9906911705912582
49,263,Stage 4,Stage 4,0.670671542558104,0.670671542558104
49,264,Stage 1,Stage 1,0.010878190253167672,0.989121809746457
49,265,Stage 1,Stage 1,0.010796292490686686,0.9892037075089438
49,266,Stage 0,Stage 0,1.2611656210018498e-17,0.9805192271255027
49,267,Stage 4,Stage 4,0.6617187678056939,0.6617187678056939
49,268,Stage 3,Stage 3,1.147283260253339e-16,0.992178311078784
49,269,Stage 3,Stage 3,1.0749976041905366e-16,0.992448911205905
49,270,Stage 2,Stage 2,0.25254460426268227,0.7390974523828906
49,271,Stage 0,Stage 0,8.783470504027307e-20,0.9913396405861271
49,272,Stage 1,Stage 1,0.01045893043288252,0.9895410695667713
49,273,Stage 0,Stage 0,7.745036741605663e-20,0.990783658434291
49,274,Stage 0,Stage 0,7.952147921726884e-20,0.9909085025359076
49,275,Stage 0,Stage 0,1.193891776853346e-17,0.9802545133384781
49,276,Stage 1,Stage 1,0.010618258001908947,0.989381741997734
49,277,Stage 4,Stage 4,0.6519056408242515,0.6519056408242515
49,278,Stage 3,Stage 3,1.0160367836014854e-16,0.9926758882697092
49,279,Stage 2,Stage 2,0.25163045222685015,0.7399822317710941
49,280,Stage 1,Stage 1,0.009594923131284112,0.9904050768684263
49,281,Stage 0,Stage 0,1.1866399576552271e-17,0.9802234068562619
49,282,Stage 0,Stage 0,8.332143307836255e-20,0.991118429112658
49,283,Stage 0,Stage 0,8.801306274854312e-20,0.9913478200055159
49,284,Stage 0,Stage 0,8.712486018094915e-20,0.9913066833643034
49,285,Stage 1,Stage 1,0.010554240854312225,0.9894457591453351
49,286,Stage 1,Stage 1,0.010364471699471136,0.9896355283001894
49,287,Stage 0,Stage 0,1.2560561077266288e-17,0.9805005411964006
49,288,Stage 4,Stage 4,0.6737337468565638,0.6737337468565638
49,289,Stage 3,Stage 3,1.1572808329253602e-16,0.9921415101119657
49,290,Stage 4,Stage 4,0.6771135394147672,0.6771135394147672
49,291,Stage 2,Stage 2,0.25041486069432983,0.74115805835694
49,292,Stage 2,Stage 2,0.2674546575569374,0.7246062225826132
49,293,Stage 0,Stage 0,8.231308708690136e-20,0.9910649850272207
49,294,Stage 2,Stage 2,0.24920302226922736,0.7423294404854913
49,295,Stage 4,Stage 4,0.6754266418328634,0.6754266418328634
49,296,Stage 0,Stage 0,1.2358223830009592e-17,0.9804243392721755
49,297,Stage 2,Stage 2,0.2599332553644643,0.7319300847695427
49,298,Stage 0,Stage 0,8.694829184898601e-20,0.9912983839068218
49,299,Stage 4,Stage 4,0.6526123321234967,0.6526123321234967
49,300,Stage 3,Stage 3,1.400609848735023e-16,0.9912869045482736
49,301,Stage 3,Stage 3,1.388515806678279e-16,0.9913276811213593
49,302,Stage 3,Stage 3,1.1129654999199453e-16,0.9923057703964012
49,303,Stage 0,Stage 0,1.4803530110264282e-17,0.9811477057121714
49,304,Stage 0,Stage 0,8.694829184898601e-20,0.9912983839068218
49,305,Stage 2,Stage 2,0.24890064996130676,0.7426215901757899
49,306,Stage 3,Stage 3,1.437526014416234e-16,0.9911634287509127
49,307,Stage 4,Stage 4,0.6750885414352491,0.6750885414352491
49,308,Stage 3,Stage 3,1.3825079034017648e-16,0.991347998269653
49,309,Stage 2,Stage 2,0.2636774894246132,0.7282875373293057
49,310,Stage 1,Stage 1,0.009741218293934874,0.9902587817057664
49,311,Stage 0,Stage 0,1.2948832582911525e-17,0.9806371886501871
49,312,Stage 1,Stage 1,0.010812623108673656,0.9891873768909557
49,313,Stage 4,Stage 4,0.6658702591579196,0.6658702591579196
49,314,Stage 1,Stage 1,0.010317559385682887,0.9896824406139807
49,315,Stage 2,Stage 2,0.2562222135628668,0.735533505503506
49,316,Stage 4,Stage 4,0.6592819096375138,0.6592819096375138
49,317,Stage 0,Stage 0,1.1580663609027797e-17,0.9800954909584635
49,318,Stage 4,Stage 4,0.6754266418328634,0.6754266418328634
49,319,Stage 0,Stage 0,9.919906859254658e-20,0.9917899427447266
49,320,Stage 1,Stage 1,0.009800352867573126,0.9901996471321244
49,321,Stage 3,Stage 3,1.3825079034017648e-16,0.991347998269653
49,322,Stage 0,Stage 0,9.259093358300944e-20,0.9915446901678397
49,323,Stage 2,Stage 2,0.2510221877948732,0.7405706998731459
49,324,Stage 0,Stage 0,8.281573503643895e-20,0.9910918217689588
49,325,Stage 0,Stage 0,1.390168659896195e-17,0.9809256893141848
49,326,Stage 0,Stage 0,8.981656287912796e-20,0.9914283112014913
49,327,Stage 0,Stage 0,8.783470504027307e-20,0.9913396405861271
49,328,Stage 0,Stage 0,8.400047374762764e-20,0.9911535513581672
49,329,Stage 0,Stage 0,1.3001492951251741e-17,0.9806548050070074
49,330,Stage 0,Stage 0,8.891026655718003e-20,0.9913883604290891
49,331,Stage 0,Stage 0,8.801306274854312e-20,0.9913478200055159
49,332,Stage 0,Stage 0,1.2134452772851683e-17,0.9803357854271768
49,333,Stage 3,Stage 3,1.7395922516220998e-16,0.9902032655355302
49,334,Stage 0,Stage 0,9.091625046287896e-20,0.9914754829247348
49,335,Stage 0,Stage 0,1.1142120128138744e-17,0.9798812571387373
49,336,Stage 0,Stage 0,1.2011874901151122e-17,0.9802852752665986
49,337,Stage 4,Stage 4,0.6710127341611202,0.6710127341611202
49,338,Stage 0,Stage 0,8.909079548356597e-20,0.9913963975468475
49,339,Stage 1,Stage 1,0.009904694823563766,0.990095305176127
49,340,Stage 0,Stage 0,1.2818104846848726e-17,0.9805925311045903
49,341,Stage 4,Stage 4,0.6814711408851148,0.6814711408851148
49,342,Stage 3,Stage 3,1.6442922357028973e-16,0.9904972511332645
49,343,Stage 2,Stage 2,0.2671386422694642,0.7249144705146957
49,344,Stage 1,Stage 1,0.009844936918240737,0.990155063081454
49,345,Stage 1,Stage 1,0.009609454194694656,0.9903905458050148
49,346,Stage 0,Stage 0,8.873010132836583e-20,0.9913802997255212
49,347,Stage 1,Stage 1,0.009436510639765031,0.9905634893599552
49,348,Stage 4,Stage 4,0.6620659836365324,0.6620659836365324
49,349,Stage 4,Stage 4,0.6658702591579196,0.6658702591579196
49,350,Stage 0,Stage 0,9.545051261119675e-20,0.9916559916320165
49,351,Stage 0,Stage 0,1.2662957320952439e-17,0.980537768469339
49,352,Stage 1,Stage 1,0.009949748780050132,0.9900502512196377
49,353,Stage 0,Stage 0,9.525717101185453e-20,0.9916487261505318
49,354,Stage 2,Stage 2,0.24829661090433064,0.7432050532542982
49,355,Stage 3,Stage 3,1.694941912972815e-16,0.9903400560810536
49,356,Stage 4,Stage 4,0.6761021226382252,0.6761021226382252
49,357,Stage 0,Stage 0,1.1324729326560448e-17,0.9799732376964219
49,358,Stage 3,Stage 3,1.3825079034017648e-16,0.991347998269653
49,359,Stage 0,Stage 0,8.366026874290211e-20,0.9911360406503251
49,360,Stage 1,Stage 1,0.009682437044737417,0.9903175629549675
49,361,Stage 3,Stage 3,1.2404544554862024e-16,0.9918408389192064
49,362,Stage 0,Stage 0,1.2109838471225073e-17,0.9803257589901149
49,363,Stage 4,Stage 4,0.6672467173234601,0.6672467173234601
49,364,Stage 0,Stage 0,8.730178494540156e-20,0.9913149587076621
49,365,Stage 2,Stage 2,0.24950562961173267,0.7420370122733596
49,366,Stage 4,Stage 4,0.6854567868244953,0.6854567868244953
49,367,Stage 3,Stage 3,1.450045805823419e-16,0.9911218851945769
49,368,Stage 1,Stage 1,0.008868558846791533,0.9911314411529621
49,369,Stage 2,Stage 2,0.25560695075066314,0.7361302470889537
49,370,Stage 1,Stage 1,0.009979897401570206,0.9900201025981158
49,371,Stage 0,Stage 0,9.184287616612198e-20,0.9915141592139521
49,372,Stage 0,Stage 0,9.128577989666076e-20,0.9914910221400364
49,373,Stage 4,Stage 4,0.6727151467124962,0.6727151467124962
49,374,Stage 1,Stage 1,0.008761754975695302,0.9912382450240645
49,375,Stage 1,Stage 1,0.008801656204420378,0.9911983437953373
49,376,Stage 0,Stage 0,1.3929909022986644e-17,0.9809333300971613
49,377,Stage 1,Stage 1,0.009594923131284112,0.9904050768684263
49,378,Stage 3,Stage 3,1.388515806678279e-16,0.9913276811213593
49,379,Stage 2,Stage 2,0.2577644313843381,0.734036857719782
49,380,Stage 1,Stage 1,0.009653178269755352,0.9903468217299513
49,381,Stage 4,Stage 4,0.6720348920125131,0.6720348920125131
49,382,Stage 2,Stage 2,0.2815813802491283,0.7107825435195056
49,383,Stage 2,Stage 2,0.271902609070935,0.7202628547686946
49,384,Stage 0,Stage 0,9.448769201481952e-20,0.9916194449715166
49,385,Stage 4,Stage 4,0.668962056057008,0.668962056057008
49,386,Stage 1,Stage 1,0.009294748672478925,0.9907052513272498
49,387,Stage 2,Stage 2,0.2690381326762171,0.7230609876913192
49,388,Stage 0,Stage 0,8.783470504027307e-20,0.9913396405861271
49,389,Stage 0,Stage 0,1.345776431263147e-17,0.9807989486918249
49,390,Stage 0,Stage 0,9.091625046287896e-20,0.9914754829247348
49,391,Stage 3,Stage 3,1.437526014416234e-16,0.9911634287509127
49,392,Stage 0,Stage 0,1.2109838471225073e-17,0.9803257589901149
49,393,Stage 3,Stage 3,1.1572808329253602e-16,0.9921415101119657
49,394,Stage 2,Stage 2,0.2658768524060471,0.7261447914628317
49,395,Stage 0,Stage 0,9.054820847169687e-20,0.9914598516358336
49,396,Stage 0,Stage 0,8.131686794496749e-20,0.9910106172108247
49,397,Stage 2,Stage 4,0.669304422786679,0.669304422786679
49,398,Stage 0,Stage 0,1.3134074518326739e-17,0.9806982344537166
49,399,Stage 0,Stage 0,1.3321943355813858e-17,0.9807575826379088
49,400,Stage 0,Stage 0,1.2308146243540897e-17,0.9804049211259633
49,401,Stage 3,Stage 3,1.6020813199644695e-16,0.9906299673123887
49,402,Stage 2,Stage 2,0.2747852614864163,0.7174433774631043
49,403,Stage 0,Stage 0,9.37243953407556e-20,0.9915898106525737
49,404,Stage 2,Stage 4,0.6777866108630615,0.6777866108630615
49,405,Stage 0,Stage 0,8.963457180159048e-20,0.9914203679064144
49,406,Stage 0,Stage 0,1.3705711332982504e-17,0.980871285673887
49,407,Stage 2,Stage 2,0.2783329932181442,0.7139686090247577
49,408,Stage 3,Stage 3,1.717122375802452e-16,0.990271899376191
49,409,Stage 3,Stage 3,1.4626743465657863e-16,0.991080147684282
49,410,Stage 3,Stage 3,1.6586075562578934e-16,0.9904525991304134
49,411,Stage 1,Stage 1,0.008682489613816381,0.991317510385948
49,412,Stage 0,Stage 0,1.5015073952878164e-17,0.9811937002634593
49,413,Stage 2,Stage 2,0.28027939008212865,0.7120600601683366
49,414,Stage 0,Stage 0,1.2662957320952439e-17,0.980537768469339
49,415,Stage 0,Stage 0,9.642309106611137e-20,0.9916919925727748
49,416,Stage 0,Stage 0,1.2283182899635144e-17,0.9803951564718821
49,417,Stage 0,Stage 0,8.624556849811711e-20,0.9912649438639503
49,418,Stage 0,Stage 0,9.073204391193619e-20,0.9914676788149698
49,419,Stage 1,Stage 1,0.008868558846791533,0.9911314411529621
49,420,Stage 2,Stage 4,0.689078873404548,0.689078873404548
49,421,Stage 2,Stage 4,0.6926705324524638,0.6926705324524638
49,422,Stage 0,Stage 0,9.720824594382605e-20,0.9917204044379043
49,423,Stage 2,Stage 4,0.691694026813284,0.691694026813284
49,424,Stage 2,Stage 4,0.691694026813284,0.691694026813284
49,425,Stage 2,Stage 2,0.26336420834067564,0.7285925686842741
49,426,Stage 0,Stage 0,1.2662957320952439e-17,0.980537768469339
49,427,Stage 1,Stage 1,0.009099819743673495,0.9909001802560667
49,428,Stage 0,Stage 0,1.2818104846848726e-17,0.9805925311045903
49,429,Stage 3,Stage 3,1.717122375802452e-16,0.990271899376191
49,430,Stage 0,Stage 0,9.277889271811996e-20,0.9915522663698692
49,431,Stage 1,Stage 1,0.00894950756157457,0.9910504924381747
49,432,Stage 0,Stage 0,9.622779001159291e-20,0.9916848357534722
49,433,Stage 0,Stage 0,9.184287616612198e-20,0.9915141592139521
49,434,Stage 0,Stage 0,9.74055263219065e-20,0.9917274537885016
49,435,Stage 1,Stage 1,0.009436510639765031,0.9905634893599552
49,436,Stage 0,Stage 0,9.353453132757058e-20,0.9915823465277942
49,437,Stage 0,Stage 0,1.2792116712707507e-17,0.9805834932838356
49,438,Stage 2,Stage 4,0.6716944091958587,0.6716944091958587
49,439,Stage 0,Stage 0,9.054820847169687e-20,0.9914598516358336
49,440,Stage 1,Stage 1,0.009252632936295703,0.9907473670634355
49,441,Stage 2,Stage 4,0.6884225650067124,0.6884225650067124
49,442,Stage 2,Stage 2,0.2690381326762171,0.7230609876913192
49,443,Stage 2,Stage 4,0.694940131103242,0.694940131103242
49,444,Stage 2,Stage 2,0.30050821404565303,0.6921400865721199
49,445,Stage 2,Stage 2,0.27126448344691256,0.7208865124985092
49,446,Stage 1,Stage 1,0.008748494448733376,0.991251505551027
51,1,Stage 1,Stage 1,0.009934708297490292,0.9900652917021984
51,2,Stage 4,Stage 4,0.6543752297291088,0.6543752297291088
51,3,Stage 1,Stage 1,0.010878190253167672,0.989121809746457
51,4,Stage 0,Stage 0,8.349068008831573e-20,0.9911272475131927
51,5,Stage 1,Stage 1,0.010522375619475317,0.9894776243801744
51,6,Stage 4,Stage 4,0.6526123321234967,0.6526123321234967
51,7,Stage 2,Stage 2,0.24023457934052553,0.7509719625722814
51,8,Stage 0,Stage 0,8.366026874290211e-20,0.9911360406503251
51,9,Stage 0,Stage 0,8.572223346466714e-20,0.9912396080001131
51,10,Stage 2,Stage 2,0.236707054712252,0.7543577110886671
51,11,Stage 3,Stage 3,1.2842511828128758e-16,0.9916862435349484
51,12,Stage 2,Stage 2,0.24290273052425007,0.7484058145098628
51,13,Stage 4,Stage 4,0.6634525668851401,0.6634525668851401
51,14,Stage 0,Stage 0,1.1370842617280377e-17,0.9799958264208374
51,15,Stage 1,Stage 1,0.01112758781182487,0.9888724121877818
51,16,Stage 0,Stage 0,8.927168884212394e-20,0.9914044111309707
51,17,Stage 2,Stage 2,0.2513262029042564,0.740276604430418
51,18,Stage 1,Stage 1,0.0100708869055207,0.9899291130941592
51,19,Stage 0,Stage 0,1.2134452772851683e-17,0.9803357854271768
51,20,Stage 2,Stage 2,0.2513262029042564,0.740276604430418
51,21,Stage 4,Stage 4,0.6658702591579196,0.6658702591579196
51,22,Stage 4,Stage 4,0.6757645023331529,0.6757645023331529
51,23,Stage 0,Stage 0,7.682394825227141e-20,0.9907443185372786
51,24,Stage 0,Stage 0,1.2586082948159591e-17,0.9805099022725244
51,25,Stage 0,Stage 0,7.968305569622078e-20,0.9909179177401287
51,26,Stage 0,Stage 0,8.572223346466714e-20,0.9912396080001131
51,27,Stage 3,Stage 3,1.4947276702364524e-16,0.9909749495023996
51,28,Stage 0,Stage 0,8.485701351635163e-20,0.9911968899211833
51,29,Stage 4,Stage 4,0.668962056057008,0.668962056057008
51,30,Stage 4,Stage 4,0.6665589520038038,0.6665589520038038
51,31,Stage 3,Stage 3,1.1775374791176718e-16,0.9920673910242831
51,32,Stage 0,Stage 0,8.366026874290211e-20,0.9911360406503251
51,33,Stage 0,Stage 0,8.400047374762764e-20,0.9911535513581672
51,34,Stage 0,Stage 0,7.952147921726884e-20,0.9909085025359076
51,35,Stage 2,Stage 2,0.24290273052425007,0.7484058145098628
51,36,Stage 1,Stage 1,0.010208912914871814,0.9897910870847989
51,37,Stage 3,Stage 3,1.481823122744664e-16,0.991017175804803
51,38,Stage 2,Stage 2,0.2574555242711091,0.7343367343480506
51,39,Stage 0,Stage 0,8.383019973218452e-20,0.9911448085800331
51,40,Stage 0,Stage 0,8.400047374762764e-20,0.9911535513581672
51,41,Stage 0,Stage 0,1.253509049401892e-17,0.9804911438200857
51,42,Stage 0,Stage 0,8.981656287912796e-20,0.9914283112014913
51,43,Stage 3,Stage 3,1.2786933315120065e-16,0.9917057260146858
51,44,Stage 1,Stage 1,0.010132002273315599,0.9898679977263604
51,45,Stage 3,Stage 3,9.52003886177929e-17,0.9929293641885701
51,46,Stage 0,Stage 0,1.1580663609027797e-17,0.9800954909584635
51,47,Stage 0,Stage 0,1.0940166747361869e-17,0.9797746275026172
51,48,Stage 2,Stage 2,0.24588987844903148,0.7455277281016649
51,49,Stage 0,Stage 0,7.871846612705421e-20,0.9908610256439977
51,50,Stage 2,Stage 2,0.2405300894246955,0.7506879680283286
51,51,Stage 4,Stage 4,0.6401215505928936,0.6401215505928936
51,52,Stage 0,Stage 0,1.225826972046872e-17,0.9803853546585779
51,53,Stage 4,Stage 4,0.6476472923394259,0.6476472923394259
51,54,Stage 4,Stage 4,0.6426403897094054,0.6426403897094054
51,55,Stage 4,Stage 4,0.6838004221848187,0.6838004221848187
51,56,Stage 0,Stage 0,8.349068008831573e-20,0.9911272475131927
51,57,Stage 0,Stage 0,8.264784773209078e-20,0.9910829017524949
51,58,Stage 3,Stage 3,1.3825079034017648e-16,0.991347998269653
51,59,Stage 0,Stage 0,8.264784773209078e-20,0.9910829017524949
51,60,Stage 0,Stage 0,8.572223346466714e-20,0.9912396080001131
51,61,Stage 0,Stage 0,1.1417141793406147e-17,0.9800182539642547
51,62,Stage 0,Stage 0,1.1119499898851067e-17,0.9798695752436027
51,63,Stage 4,Stage 4,0.6412022959639593,0.6412022959639593
51,64,Stage 0,Stage 0,8.148206854130017e-20,0.9910197431849472
51,65,Stage 0,Stage 0,9.259093358300944e-20,0.9915446901678397
51,66,Stage 0,Stage 0,9.277889271811996e-20,0.9915522663698692
51,67,Stage 4,Stage 4,0.6603276342630003,0.6603276342630003
51,68,Stage 3,Stage 3,1.1373718571281658e-16,0.9922149407159155
51,69,Stage 0,Stage 0,1.1698882641106724e-17,0.9801494726886073
51,70,Stage 3,Stage 3,1.418948194170051e-16,0.9912253823613508
51,71,Stage 0,Stage 0,1.2896383652677683e-17,0.9806194316431087
51,72,Stage 0,Stage 0,8.383019973218452e-20,0.9911448085800331
51,73,Stage 0,Stage 0,1.1370842617280377e-17,0.9799958264208374
51,74,Stage 2,Stage 2,0.24950562961173267,0.7420370122733596
51,75,Stage 3,Stage 3,1.198147844747022e-16,0.9919925770874629
51,76,Stage 1,Stage 1,0.010634322217571969,0.9893656777820701
51,77,Stage 1,Stage 1,0.010682659255632243,0.9893173407440063
51,78,Stage 1,Stage 1,0.009949748780050132,0.9900502512196377
51,79,Stage 4,Stage 4,0.6554303277140929,0.6554303277140929
51,80,Stage 2,Stage 2,0.236707054712252,0.7543577110886671
51,81,Stage 0,Stage 0,9.091625046287896e-20,0.9914754829247348
51,82,Stage 2,Stage 2,0.23993930735123364,0.7512556732945078
51,83,Stage 0,Stage 0,9.036474339409728e-20,0.9914520013362089
51,84,Stage 0,Stage 0,8.642071827046151e-20,0.9912733403140861
51,85,Stage 0,Stage 0,8.231308708690136e-20,0.9910649850272207
51,86,Stage 0,Stage 0,8.298396123902237e-20,0.9911007162968369
51,87,Stage 0,Stage 0,7.760776327708455e-20,0.9907934246903364
51,88,Stage 0,Stage 0,7.558616639574172e-20,0.9906643065718673
51,89,Stage 3,Stage 3,1.2350856910944272e-16,0.9918599613674226
51,90,Stage 1,Stage 1,0.010861761694597969,0.9891382383050279
51,91,Stage 4,Stage 4,0.6627597319301668,0.6627597319301668
51,92,Stage 0,Stage 0,1.1794317683016291e-17,0.9801919536097496
51,93,Stage 0,Stage 0,8.248029864283356e-20,0.9910739561908304
51,94,Stage 0,Stage 0,8.537509825055995e-20,0.9912225947871058
51,95,Stage 0,Stage 0,1.225826972046872e-17,0.9803853546585779
51,96,Stage 1,Stage 1,0.010395863773007857,0.9896041362266504
51,97,Stage 0,Stage 0,1.1486940733603632e-17,0.9800515945672307
51,98,Stage 0,Stage 0,8.589632680577147e-20,0.9912480777611306
51,99,Stage 2,Stage 2,0.23408399923292728,0.7568700288384329
51,100,Stage 0,Stage 0,8.624556849811711e-20,0.9912649438639503
51,101,Stage 0,Stage 0,8.624556849811711e-20,0.9912649438639503
51,102,Stage 1,Stage 1,0.010812623108673656,0.9891873768909557
51,103,Stage 1,Stage 1,0.010286401307716946,0.9897135986919489
51,104,Stage 0,Stage 0,8.819178050352503e-20,0.9913559755764396
51,105,Stage 2,Stage 2,0.24799494438075095,0.7434963662755557
51,106,Stage 2,Stage 2,0.24320037930785227,0.7481192732467521
51,107,Stage 2,Stage 2,0.25683840509560746,0.7349356673952726
51,108,Stage 3,Stage 3,1.0428374226972634e-16,0.9925719853363953
51,109,Stage 2,Stage 2,0.2393494780139037,0.7518222425992226
51,110,Stage 0,Stage 0,9.128577989666076e-20,0.9914910221400364
51,111,Stage 0,Stage 0,9.147110428318827e-20,0.9914987573472265
51,112,Stage 0,Stage 0,8.801306274854312e-20,0.9913478200055159
51,113,Stage 3,Stage 3,1.192961757417986e-16,0.9920113460640221
51,114,Stage 0,Stage 0,1.1533707909951219e-17,0.9800736221575791
51,115,Stage 1,Stage 1,0.009995005606752856,0.9900049943929322
51,116,Stage 4,Stage 4,0.668962056057008,0.668962056057008
51,117,Stage 0,Stage 0,1.193891776853346e-17,0.9802545133384781
51,118,Stage 3,Stage 3,1.3411723860435234e-16,0.9914889005006022
51,119,Stage 2,Stage 2,0.26461870437079427,0.7273708287647475
51,120,Stage 4,Stage 4,0.6655255657097157,0.6655255657097157
51,121,Stage 4,Stage 4,0.6730549179853795,0.6730549179853795
51,122,Stage 0,Stage 0,8.999892134210829e-20,0.9914362311704462
51,123,Stage 3,Stage 3,1.182656670751496e-16,0.9920487529320827
51,124,Stage 0,Stage 0,8.572223346466714e-20,0.9912396080001131
51,125,Stage 0,Stage 0,1.1463627604673688e-17,0.9800405210137864
51,126,Stage 0,Stage 0,8.624556849811711e-20,0.9912649438639503
51,127,Stage 2,Stage 2,0.2528497892226809,0.7388019727493059
51,128,Stage 4,Stage 4,0.6585836341778833,0.6585836341778833
51,129,Stage 4,Stage 4,0.6672467173234601,0.6672467173234601
51,130,Stage 0,Stage 0,1.1675143619896923e-17,0.9801387548946572
51,131,Stage 2,Stage 2,0.24023457934052553,0.7509719625722814
51,132,Stage 3,Stage 3,1.4882614470725118e-16,0.9909960872334609
51,133,Stage 1,Stage 1,0.010845357674872167,0.9891546423247549
51,134,Stage 3,Stage 3,1.1522712288932924e-16,0.9921599320609006
51,135,Stage 4,Stage 4,0.6596307099883298,0.6596307099883298
51,136,Stage 1,Stage 1,0.009741218293934874,0.9902587817057664
51,137,Stage 3,Stage 3,1.318107998903221e-16,0.9915683900969946
51,138,Stage 2,Stage 2,0.23993930735123364,0.7512556732945078
51,139,Stage 0,Stage 0,1.3267996330712023e-17,0.9807407977763951
51,140,Stage 2,Stage 2,0.2375857134063732,0.7535151213415648
51,141,Stage 0,Stage 0,7.698007967688242e-20,0.9907541948647346
51,142,Stage 2,Stage 2,0.23964427354617432,0.7515391000262467
51,143,Stage 1,Stage 1,0.010474756156049585,0.9895252438436032
51,144,Stage 0,Stage 0,1.3294942712957499e-17,0.9807492073107461
51,145,Stage 2,Stage 2,0.26399099922780783,0.7279822367497033
51,146,Stage 0,Stage 0,1.2308146243540897e-17,0.9804049211259633
51,147,Stage 0,Stage 0,8.502936028786359e-20,0.9912054829556842
51,148,Stage 2,Stage 2,0.25900237345016314,0.732834621849088
51,149,Stage 1,Stage 1,0.010763704406525684,0.9892362955931072
51,150,Stage 0,Stage 0,8.607077158031066e-20,0.9912565230310001
51,151,Stage 3,Stage 3,1.2898331317204133e-16,0.9916667155841863
51,152,Stage 2,Stage 2,0.22576430809861064,0.7648064216047722
51,153,Stage 3,Stage 3,1.147283260253339e-16,0.992178311078784
51,154,Stage 0,Stage 0,8.08232602695753e-20,0.9909830830405886
51,155,Stage 3,Stage 3,1.2033564236264058e-16,0.9919737642817119
51,156,Stage 2,Stage 2,0.2519349356419553,0.7396875820838313
51,157,Stage 0,Stage 0,9.919906859254658e-20,0.9917899427447266
51,158,Stage 0,Stage 0,1.1987506922008222e-17,0.9802750594385249
51,159,Stage 3,Stage 3,1.7320699049610832e-16,0.990226196699589
51,160,Stage 3,Stage 3,1.142316833900531e-16,0.9921966472643006
51,161,Stage 0,Stage 0,1.1987506922008222e-17,0.9802750594385249
51,162,Stage 0,Stage 0,1.1914696397497982e-17,0.9802441829037015
51,163,Stage 2,Stage 2,0.2507184070185569,0.7408645179111736
51,164,Stage 0,Stage 0,1.1347762782985331e-17,0.9799845522493187
51,165,Stage 2,Stage 2,0.26556197357446565,0.7264517029193922
51,166,Stage 3,Stage 3,1.3705697726370712e-16,0.9913884908326821
51,167,Stage 3,Stage 3,1.3528551011267852e-16,0.9914488769649418
51,168,Stage 3,Stage 3,1.182656670751496e-16,0.9920487529320827
51,169,Stage 0,Stage 0,8.659622161005087e-20,0.9912817124353902
51,170,Stage 3,Stage 3,1.3353688209667664e-16,0.9915088424241372
51,171,Stage 0,Stage 0,1.1463627604673688e-17,0.9800405210137864
51,172,Stage 3,Stage 3,1.6020813199644695e-16,0.9906299673123887
51,173,Stage 1,Stage 1,0.011279931355511072,0.9887200686440845
51,174,Stage 0,Stage 0,7.903870012013863e-20,0.9908800968125381
51,175,Stage 4,Stage 4,0.6637986410454966,0.6637986410454966
51,176,Stage 0,Stage 0,9.073204391193619e-20,0.9914676788149698
51,177,Stage 4,Stage 4,0.6648354863636098,0.6648354863636098
51,178,Stage 0,Stage 0,8.659622161005087e-20,0.9912817124353902
51,179,Stage 3,Stage 3,1.6803138880578172e-16,0.9903852304193212
51,180,Stage 1,Stage 1,0.010411595072169162,0.9895884049274881
51,181,Stage 0,Stage 0,9.184287616612198e-20,0.9915141592139521
51,182,Stage 3,Stage 3,1.388515806678279e-16,0.9913276811213593
51,183,Stage 2,Stage 2,0.25407286382189126,0.7376172934546089
51,184,Stage 1,Stage 1,0.009741218293934874,0.9902587817057664
51,185,Stage 2,Stage 2,0.25529966794781866,0.7364282061932163
51,186,Stage 0,Stage 0,8.730178494540156e-20,0.9913149587076621
51,187,Stage 3,Stage 3,1.3470011098844952e-16,0.9914689120498422
51,188,Stage 0,Stage 0,9.506421893692317e-20,0.9916414387921917
51,189,Stage 1,Stage 1,0.010301968689707616,0.989698031309957
51,190,Stage 0,Stage 0,1.1580663609027797e-17,0.9800954909584635
51,191,Stage 2,Stage 2,0.26086621188254744,0.7310231022110232
51,192,Stage 2,Stage 2,0.24529055562155658,0.7461055952146525
51,193,Stage 4,Stage 4,0.6557815848804494,0.6557815848804494
51,194,Stage 0,Stage 0,1.0393323927914112e-19,0.9919420118778036
51,195,Stage 2,Stage 2,0.265247322518575,0.7267583464317497
51,196,Stage 4,Stage 4,0.6631062637382018,0.6631062637382018
51,197,Stage 4,Stage 4,0.6757645023331529,0.6757645023331529
51,198,Stage 0,Stage 0,9.525717101185453e-20,0.9916487261505318
51,199,Stage 0,Stage 0,8.624556849811711e-20,0.9912649438639503
51,200,Stage 0,Stage 0,1.116478590279051e-17,0.9798928978681966
51,201,Stage 0,Stage 0,8.520205496502915e-20,0.9912140512260427
51,202,Stage 2,Stage 2,0.24980847187399974,0.7417443057242193
51,203,Stage 1,Stage 1,0.009682437044737417,0.9903175629549675
51,204,Stage 3,Stage 3,1.4690296916016509e-16,0.9910592059180846
51,205,Stage 1,Stage 1,0.010333173429814414,0.9896668265698481
51,206,Stage 0,Stage 0,1.2818104846848726e-17,0.9805925311045903
51,207,Stage 4,Stage 4,0.6744116221435149,0.6744116221435149
51,208,Stage 4,Stage 4,0.6672467173234601,0.6672467173234601
51,209,Stage 3,Stage 3,1.2350856910944272e-16,0.9918599613674226
51,210,Stage 3,Stage 3,1.3646393226964299e-16,0.9914086664638717
51,211,Stage 1,Stage 1,0.009436510639765031,0.9905634893599552
51,212,Stage 1,Stage 1,0.009407987955110443,0.9905920120446114
51,213,Stage 3,Stage 3,1.4313066079285363e-16,0.9911841280737391
51,214,Stage 0,Stage 0,9.334504982898171e-20,0.9915748600865903
51,215,Stage 1,Stage 1,0.009979897401570206,0.9900201025981158
51,216,Stage 0,Stage 0,9.31559500739439e-20,0.9915673512795624
51,217,Stage 4,Stage 4,0.6658702591579196,0.6658702591579196
51,218,Stage 0,Stage 0,1.3376107860797232e-17,0.9807742309598357
51,219,Stage 0,Stage 0,8.098746447928079e-20,0.9909922871964918
51,220,Stage 2,Stage 2,0.25869254117066315,0.7331355898180756
51,221,Stage 0,Stage 0,8.659622161005087e-20,0.9912817124353902
51,222,Stage 1,Stage 1,0.00894950756157457,0.9910504924381747
51,223,Stage 3,Stage 3,1.4626743465657863e-16,0.991080147684282
51,224,Stage 0,Stage 0,1.215911663711361e-17,0.9803457742274315
51,225,Stage 1,Stage 1,0.009874771118159353,0.9901252288815332
51,226,Stage 4,Stage 4,0.6821378797765163,0.6821378797765163
51,227,Stage 0,Stage 0,8.999892134210829e-20,0.9914362311704462
51,228,Stage 1,Stage 1,0.009609454194694656,0.9903905458050148
51,229,Stage 0,Stage 0,1.2586082948159591e-17,0.9805099022725244
51,230,Stage 0,Stage 0,1.2283182899635144e-17,0.9803951564718821
51,231,Stage 4,Stage 4,0.6737337468565638,0.6737337468565638
51,232,Stage 1,Stage 1,0.009594923131284112,0.9904050768684263
51,233,Stage 1,Stage 1,0.009624007050878763,0.9903759929488298
51,234,Stage 0,Stage 0,8.332143307836255e-20,0.991118429112658
51,235,Stage 4,Stage 4,0.6561326203951546,0.6561326203951546
51,236,Stage 0,Stage 0,1.2208593453132203e-17,0.980365639237517
51,237,Stage 0,Stage 0,1.1987506922008222e-17,0.9802750594385249
51,238,Stage 4,Stage 4,0.6867774072627466,0.6867774072627466
51,239,Stage 0,Stage 0,9.391464264113023e-20,0.9915972525102162
51,240,Stage 3,Stage 3,1.4626743465657863e-16,0.991080147684282
51,241,Stage 3,Stage 3,1.5341176629256278e-16,0.9908470844304536
51,242,Stage 3,Stage 3,1.251261927284667e-16,0.9918024599916467
51,243,Stage 4,Stage 4,0.6733944514678334,0.6733944514678334
51,244,Stage 1,Stage 1,0.009979897401570206,0.9900201025981158
51,245,Stage 4,Stage 4,0.6699884527242035,0.6699884527242035
51,246,Stage 1,Stage 1,0.009638581731872228,0.9903614182678355
51,247,Stage 4,Stage 4,0.6926705324524638,0.6926705324524638
51,248,Stage 0,Stage 0,1.2509671095305227e-17,0.9804817100663608
51,249,Stage 0,Stage 0,8.248029864283356e-20,0.9910739561908304
51,250,Stage 1,Stage 1,0.009099819743673495,0.9909001802560667
51,251,Stage 0,Stage 0,8.572223346466714e-20,0.9912396080001131
51,252,Stage 0,Stage 0,1.2586082948159591e-17,0.9805099022725244
51,253,Stage 4,Stage 4,0.6637986410454966,0.6637986410454966
51,254,Stage 2,Stage 2,0.25714684879590843,0.7346363376396886
51,255,Stage 0,Stage 0,1.2383338275301069e-17,0.980433992921724
51,256,Stage 3,Stage 3,1.273159474180893e-16,0.9917251631277341
51,257,Stage 2,Stage 4,0.7095385412609108,0.7095385412609108
51,258,Stage 2,Stage 2,0.2760722402011618,0.7161834689750823
51,259,Stage 0,Stage 0,9.487165560123325e-20,0.9916341295085987
51,260,Stage 3,Stage 3,1.412808956696265e-16,0.991245937546461
51,261,Stage 0,Stage 0,9.147110428318827e-20,0.9914987573472265
51,262,Stage 0,Stage 0,1.2637280966370862e-17,0.9805285158322073
51,263,Stage 0,Stage 0,1.2922581741193185e-17,0.9806283277652365
51,264,Stage 3,Stage 3,1.4066962128433056e-16,0.9912664449055839
51,265,Stage 3,Stage 3,1.8970701934139603e-16,0.989733268624752
51,266,Stage 0,Stage 0,8.855029906400031e-20,0.9913722153838513
51,267,Stage 1,Stage 1,0.010427349925522132,0.9895726500741339
51,268,Stage 0,Stage 0,1.3733539125597752e-17,0.9808791564823001
51,269,Stage 4,Stage 4,0.6874362210286842,0.6874362210286842
51,270,Stage 0,Stage 0,1.0000670793438895e-19,0.9918171693732337
51,271,Stage 2,Stage 2,0.26650729275407997,0.7255301655798967
51,272,Stage 1,Stage 1,0.008976652843499092,0.9910233471562485
51,273,Stage 2,Stage 2,0.2799544407381224,0.7123787965047402
51,274,Stage 0,Stage 0,8.945294736894336e-20,0.9914124012335139
51,275,Stage 2,Stage 4,0.6952633369332046,0.6952633369332046
51,276,Stage 0,Stage 0,1.0041297742379242e-19,0.991830658016624
51,277,Stage 3,Stage 3,1.3528551011267852e-16,0.9914488769649418
51,278,Stage 2,Stage 2,0.3008463559134349,0.6918058817315044
51,279,Stage 2,Stage 2,0.29278818523376043,0.6997596578898951
51,280,Stage 3,Stage 3,1.8324417990417863e-16,0.9899238928700118
51,281,Stage 1,Stage 1,0.008841737523392717,0.9911582624763625
51,282,Stage 0,Stage 0,1.3986524478756912e-17,0.9809485139790308
51,283,Stage 3,Stage 3,1.6514344283747465e-16,0.9904749510996224
51,284,Stage 3,Stage 3,2.355748051242404e-16,0.9884581927326661
51,285,Stage 0,Stage 0,9.545051261119675e-20,0.9916559916320165
52,1,Stage 0,Stage 0,7.745036741605663e-20,0.990783658434291
52,2,Stage 3,Stage 3,1.251261927284667e-16,0.9918024599916467
52,3,Stage 2,Stage 2,0.23699970193708064,0.7540771334363139
52,4,Stage 0,Stage 0,1.3054365610429585e-17,0.9806722813087887
52,5,Stage 1,Stage 1,0.010025289971866769,0.9899747100278161
52,6,Stage 1,Stage 1,0.010618258001908947,0.989381741997734
52,7,Stage 2,Stage 2,0.23004231711144915,0.7607317873168532
52,8,Stage 2,Stage 2,0.24859851280195477,0.7429134611599754
52,9,Stage 4,Stage 4,0.6787944025585728,0.6787944025585728
52,10,Stage 0,Stage 0,7.968305569622078e-20,0.9909179177401287
52,11,Stage 0,Stage 0,8.659622161005087e-20,0.9912817124353902
52,12,Stage 0,Stage 0,7.919930208469404e-20,0.9908895921314155
52,13,Stage 1,Stage 1,0.011279931355511072,0.9887200686440845
52,14,Stage 4,Stage 4,0.6571843936202091,0.6571843936202091
52,15,Stage 0,Stage 0,8.434205362983467e-20,0.9911709616824874
52,16,Stage 1,Stage 1,0.010193484701858406,0.9898065152978135
52,17,Stage 0,Stage 0,1.0676520152462913e-17,0.979627155398886
52,18,Stage 0,Stage 0,1.1007078734227014e-17,0.9798105451917606
52,19,Stage 1,Stage 1,0.010147338384412171,0.9898526616152628
52,20,Stage 0,Stage 0,8.131686794496749e-20,0.9910106172108247
52,21,Stage 0,Stage 0,1.1914696397497982e-17,0.9802441829037015
52,22,Stage 1,Stage 1,0.009964811803714252,0.9900351881959727
52,23,Stage 3,Stage 3,1.2898331317204133e-16,0.9916667155841863
52,24,Stage 0,Stage 0,1.1651452301897697e-17,0.9801279979084724
52,25,Stage 3,Stage 3,1.2244176046024672e-16,0.991898072745205
52,26,Stage 0,Stage 0,1.1324729326560448e-17,0.9799732376964219
52,27,Stage 4,Stage 4,0.6757645023331529,0.6757645023331529
52,28,Stage 0,Stage 0,8.783470504027307e-20,0.9913396405861271
52,29,Stage 0,Stage 0,9.054820847169687e-20,0.9914598516358336
52,30,Stage 0,Stage 0,1.2358223830009592e-17,0.9804243392721755
52,31,Stage 0,Stage 0,8.08232602695753e-20,0.9909830830405886
52,32,Stage 2,Stage 2,0.24023457934052553,0.7509719625722814
52,33,Stage 0,Stage 0,7.543284291295014e-20,0.99065417897733
52,34,Stage 0,Stage 0,1.2408503290790025e-17,0.9804436097268838
52,35,Stage 0,Stage 0,1.193891776853346e-17,0.9802545133384781
52,36,Stage 2,Stage 2,0.24799494438075095,0.7434963662755557
52,37,Stage 4,Stage 4,0.6651806413379726,0.6651806413379726
52,38,Stage 0,Stage 0,9.184287616612198e-20,0.9915141592139521
52,39,Stage 0,Stage 0,8.281573503643895e-20,0.9910918217689588
52,40,Stage 3,Stage 3,1.1877980648709117e-16,0.992030071312075
52,41,Stage 1,Stage 1,0.010055665165061838,0.9899443348346193
52,42,Stage 2,Stage 2,0.2621133742682796,0.7298099976414045
52,43,Stage 2,Stage 2,0.24469217859954617,0.7466823388248103
52,44,Stage 0,Stage 0,1.2792116712707507e-17,0.9805834932838356
52,45,Stage 0,Stage 0,8.502936028786359e-20,0.9912054829556842
52,46,Stage 0,Stage 0,9.259093358300944e-20,0.9915446901678397
52,47,Stage 0,Stage 0,8.349068008831573e-20,0.9911272475131927
52,48,Stage 0,Stage 0,1.2109838471225073e-17,0.9803257589901149
52,49,Stage 0,Stage 0,1.27661808036132e-17,0.9805744198500976
52,50,Stage 0,Stage 0,7.936022823213571e-20,0.9908990606860816
52,51,Stage 1,Stage 1,0.0100708869055207,0.9899291130941592
52,52,Stage 2,Stage 2,0.24649014624642607,0.7449487389111789
52,53,Stage 2,Stage 2,0.24082583751358175,0.7504036898319053
52,54,Stage 0,Stage 0,8.642071827046151e-20,0.9912733403140861
52,55,Stage 0,Stage 0,1.193891776853346e-17,0.9802545133384781
52,56,Stage 0,Stage 0,9.036474339409728e-20,0.9914520013362089
52,57,Stage 3,Stage 3,1.412808956696265e-16,0.991245937546461
52,58,Stage 0,Stage 0,8.164760260911624e-20,0.99102884321395
52,59,Stage 4,Stage 4,0.6357801389352583,0.6357801389352583
52,60,Stage 1,Stage 1,0.011417077687672613,0.9885829223119126
52,61,Stage 3,Stage 3,1.0204553453232044e-16,0.992658672048218
52,62,Stage 0,Stage 0,8.801306274854312e-20,0.9913478200055159
52,63,Stage 2,Stage 2,0.23787907748734932,0.753233687227475
52,64,Stage 0,Stage 0,1.1370842617280377e-17,0.9799958264208374
52,65,Stage 0,Stage 0,8.819178050352503e-20,0.9913559755764396
52,66,Stage 2,Stage 2,0.26336420834067564,0.7285925686842741
52,67,Stage 0,Stage 0,9.31559500739439e-20,0.9915673512795624
52,68,Stage 0,Stage 0,8.642071827046151e-20,0.9912733403140861
52,69,Stage 0,Stage 0,9.31559500739439e-20,0.9915673512795624
52,70,Stage 1,Stage 1,0.010147338384412171,0.9898526616152628
52,71,Stage 4,Stage 4,0.6686194552365096,0.6686194552365096
52,72,Stage 0,Stage 0,1.098472986050344e-17,0.979798614445192
52,73,Stage 4,Stage 4,0.6451490121612311,0.6451490121612311
52,74,Stage 1,Stage 1,0.011178141597900239,0.9888218584017027
52,75,Stage 0,Stage 0,9.74055263219065e-20,0.9917274537885016
52,76,Stage 0,Stage 0,8.694829184898601e-20,0.9912983839068218
52,77,Stage 1,Stage 1,0.010602217792817763,0.9893977822068264
52,78,Stage 2,Stage 2,0.24649014624642607,0.7449487389111789
52,79,Stage 4,Stage 4,0.6533181492369667,0.6533181492369667
52,80,Stage 1,Stage 1,0.01077998626851497,0.9892200137311167
52,81,Stage 0,Stage 0,7.808185967019076e-20,0.9908225595091481
52,82,Stage 0,Stage 0,8.115200014791238e-20,0.9910014652339335
52,83,Stage 3,Stage 3,1.5609510811115244e-16,0.9907608434784348
52,84,Stage 3,Stage 3,1.0248930807117522e-16,0.992641415577182
52,85,Stage 0,Stage 0,7.745036741605663e-20,0.990783658434291
52,86,Stage 0,Stage 0,8.624556849811711e-20,0.9912649438639503
52,87,Stage 0,Stage 0,8.016974467717475e-20,0.9909460040695245
52,88,Stage 2,Stage 2,0.24349826524823048,0.7478324498769883
52,89,Stage 2,Stage 2,0.2337937466443579,0.7571477410659883
52,90,Stage 1,Stage 1,0.009995005606752856,0.9900049943929322
52,91,Stage 0,Stage 0,8.281573503643895e-20,0.9910918217689588
52,92,Stage 0,Stage 0,1.2085273632587744e-17,0.9803156948360203
52,93,Stage 1,Stage 1,0.009479455334477895,0.9905205446652398
52,94,Stage 2,Stage 2,0.23729258819557023,0.7537962701326412
52,95,Stage 1,Stage 1,0.010193484701858406,0.9898065152978135
52,96,Stage 4,Stage 4,0.6658702591579196,0.6658702591579196
52,97,Stage 0,Stage 0,8.837085903244356e-20,0.9913641073516679
52,98,Stage 2,Stage 2,0.24588987844903148,0.7455277281016649
52,99,Stage 4,Stage 4,0.6644901011083199,0.6644901011083199
52,100,Stage 2,Stage 2,0.24409474820536187,0.7472579575151554
52,101,Stage 2,Stage 2,0.24529055562155658,0.7461055952146525
52,102,Stage 1,Stage 1,0.010348810856321467,0.9896511891433398
52,103,Stage 2,Stage 2,0.24260531899489832,0.7486920734925386
52,104,Stage 0,Stage 0,1.098472986050344e-17,0.979798614445192
52,105,Stage 1,Stage 1,0.010010136452442388,0.9899898635472416
52,106,Stage 0,Stage 0,1.2383338275301069e-17,0.980433992921724
52,107,Stage 4,Stage 4,0.6437167720011804,0.6437167720011804
52,108,Stage 0,Stage 0,1.1486940733603632e-17,0.9800515945672307
52,109,Stage 3,Stage 3,9.985526273792553e-17,0.9927443525110301
52,110,Stage 1,Stage 1,0.009889721766253414,0.9901102782334382
52,111,Stage 3,Stage 3,1.3528551011267852e-16,0.9914488769649418
52,112,Stage 3,Stage 3,1.418948194170051e-16,0.9912253823613508
52,113,Stage 3,Stage 3,1.3010697391296376e-16,0.9916275228510862
52,114,Stage 2,Stage 2,0.2510221877948732,0.7405706998731459
52,115,Stage 1,Stage 1,0.010618258001908947,0.989381741997734
52,116,Stage 4,Stage 4,0.6754266418328634,0.6754266418328634
52,117,Stage 4,Stage 4,0.6720348920125131,0.6720348920125131
52,118,Stage 0,Stage 0,8.502936028786359e-20,0.9912054829556842
52,119,Stage 4,Stage 4,0.6710127341611202,0.6710127341611202
52,120,Stage 0,Stage 0,8.572223346466714e-20,0.9912396080001131
52,121,Stage 0,Stage 0,8.164760260911624e-20,0.99102884321395
52,122,Stage 3,Stage 3,1.595151985996128e-16,0.9906519071036988
52,123,Stage 3,Stage 3,1.412808956696265e-16,0.991245937546461
52,124,Stage 2,Stage 2,0.2470913581649781,0.7443686290769289
52,125,Stage 2,Stage 2,0.25407286382189126,0.7376172934546089
52,126,Stage 4,Stage 4,0.6504896468507623,0.6504896468507623
52,127,Stage 0,Stage 0,1.287023821130877e-17,0.9806105002089812
52,128,Stage 3,Stage 3,1.142316833900531e-16,0.9921966472643006
52,129,Stage 0,Stage 0,8.349068008831573e-20,0.9911272475131927
52,130,Stage 0,Stage 0,1.2611656210018498e-17,0.9805192271255027
52,131,Stage 2,Stage 2,0.24260531899489832,0.7486920734925386
52,132,Stage 0,Stage 0,1.1324729326560448e-17,0.9799732376964219
52,133,Stage 1,Stage 1,0.009337054302621687,0.9906629456971044
52,134,Stage 3,Stage 3,1.3470011098844952e-16,0.9914689120498422
52,135,Stage 3,Stage 3,1.0248930807117522e-16,0.992641415577182
52,136,Stage 0,Stage 0,8.400047374762764e-20,0.9911535513581672
52,137,Stage 4,Stage 4,0.6469345605925219,0.6469345605925219
52,138,Stage 2,Stage 2,0.22803915981581388,0.7626414188170747
52,139,Stage 0,Stage 0,1.1510300803839863e-17,0.9800626282534846
52,140,Stage 0,Stage 0,9.054820847169687e-20,0.9914598516358336
52,141,Stage 4,Stage 4,0.6543752297291088,0.6543752297291088
52,142,Stage 3,Stage 3,1.5813828545132604e-16,0.9906956338210948
52,143,Stage 0,Stage 0,8.08232602695753e-20,0.9909830830405886
52,144,Stage 0,Stage 0,7.919930208469404e-20,0.9908895921314155
52,145,Stage 0,Stage 0,1.116478590279051e-17,0.9798928978681966
52,146,Stage 0,Stage 0,8.589632680577147e-20,0.9912480777611306
52,147,Stage 0,Stage 0,1.0962425894979653e-17,0.9797866419119782
52,148,Stage 1,Stage 1,0.01152101788087675,0.9884789821187007
52,149,Stage 1,Stage 1,0.010554240854312225,0.9894457591453351
52,150,Stage 4,Stage 4,0.6854567868244953,0.6854567868244953
52,151,Stage 3,Stage 3,1.2350856910944272e-16,0.9918599613674226
52,152,Stage 1,Stage 1,0.010086131453090964,0.9899138685465878
52,153,Stage 1,Stage 1,0.010570209254036733,0.9894297907456097
52,154,Stage 3,Stage 3,1.2567008362720846e-16,0.9917832033066266
52,155,Stage 1,Stage 1,0.010208912914871814,0.9897910870847989
52,156,Stage 0,Stage 0,1.1142120128138744e-17,0.9798812571387373
52,157,Stage 0,Stage 0,8.098746447928079e-20,0.9909922871964918
52,158,Stage 3,Stage 3,1.1775374791176718e-16,0.9920673910242831
52,159,Stage 3,Stage 3,1.3238367348768738e-16,0.9915485871160096
52,160,Stage 0,Stage 0,8.642071827046151e-20,0.9912733403140861
52,161,Stage 0,Stage 0,8.607077158031066e-20,0.9912565230310001
52,162,Stage 3,Stage 3,1.2033564236264058e-16,0.9919737642817119
52,163,Stage 1,Stage 1,0.010522375619475317,0.9894776243801744
52,164,Stage 0,Stage 0,7.651262832206837e-20,0.9907244828076752
52,165,Stage 2,Stage 2,0.24649014624642607,0.7449487389111789
52,166,Stage 3,Stage 3,1.3528551011267852e-16,0.9914488769649418
52,167,Stage 3,Stage 3,1.4754125773760771e-16,0.9910382153289269
52,168,Stage 4,Stage 4,0.6634525668851401,0.6634525668851401
52,169,Stage 0,Stage 0,1.2688685377708345e-17,0.9805469851134242
52,170,Stage 1,Stage 1,0.011144413905932626,0.988855586093673
52,171,Stage 3,Stage 3,1.3295903064814052e-16,0.9915287379271257
52,172,Stage 0,Stage 0,8.451336088651371e-20,0.9911796293397436
52,173,Stage 3,Stage 3,1.3470011098844952e-16,0.9914689120498422
52,174,Stage 0,Stage 0,9.277889271811996e-20,0.9915522663698692
52,175,Stage 1,Stage 1,0.010618258001908947,0.989381741997734
52,176,Stage 1,Stage 1,0.010055665165061838,0.9899443348346193
52,177,Stage 0,Stage 0,9.073204391193619e-20,0.9914676788149698
52,178,Stage 4,Stage 4,0.6620659836365324,0.6620659836365324
52,179,Stage 4,Stage 4,0.6644901011083199,0.6644901011083199
52,180,Stage 0,Stage 0,1.2509671095305227e-17,0.9804817100663608
52,181,Stage 4,Stage 4,0.6624129717872749,0.6624129717872749
52,182,Stage 1,Stage 1,0.010650410474946151,0.9893495895246947
52,183,Stage 3,Stage 3,1.3470011098844952e-16,0.9914689120498422
52,184,Stage 4,Stage 4,0.6596307099883298,0.6596307099883298
52,185,Stage 0,Stage 0,1.2484302778220652e-17,0.9804722398578325
52,186,Stage 1,Stage 1,0.010666522809220242,0.9893334771904194
52,187,Stage 0,Stage 0,1.3160751229419032e-17,0.9807068161147312
52,188,Stage 2,Stage 2,0.24890064996130676,0.7426215901757899
52,189,Stage 0,Stage 0,9.240335312278755e-20,0.9915370914012563
52,190,Stage 2,Stage 2,0.23729258819557023,0.7537962701326412
52,191,Stage 2,Stage 2,0.242308144816448,0.7489780500215129
52,192,Stage 4,Stage 4,0.6554303277140929,0.6554303277140929
52,193,Stage 1,Stage 1,0.010796292490686686,0.9892037075089438
52,194,Stage 0,Stage 0,8.909079548356597e-20,0.9913963975468475
52,195,Stage 0,Stage 0,8.19796738548088e-20,0.9910469656665484
52,196,Stage 0,Stage 0,1.056853175681407e-17,0.979563887793874
52,197,Stage 0,Stage 0,8.115200014791238e-20,0.9910014652339335
52,198,Stage 3,Stage 3,1.358734468873573e-16,0.9914287951387487
52,199,Stage 0,Stage 0,8.927168884212394e-20,0.9914044111309707
52,200,Stage 0,Stage 0,8.214621238389883e-20,0.9910559882047939
52,201,Stage 2,Stage 2,0.2470913581649781,0.7443686290769289
52,202,Stage 2,Stage 2,0.26461870437079427,0.7273708287647475
52,203,Stage 0,Stage 0,8.349068008831573e-20,0.9911272475131927
52,204,Stage 0,Stage 0,8.115200014791238e-20,0.9910014652339335
52,205,Stage 0,Stage 0,1.2233406605185289e-17,0.9803755156068993
52,206,Stage 0,Stage 0,1.1794317683016291e-17,0.9801919536097496
52,207,Stage 0,Stage 0,8.148206854130017e-20,0.9910197431849472
52,208,Stage 3,Stage 3,1.318107998903221e-16,0.9915683900969946
52,209,Stage 1,Stage 1,0.010364471699471136,0.9896355283001894
52,210,Stage 0,Stage 0,1.1486940733603632e-17,0.9800515945672307
52,211,Stage 3,Stage 3,1.2297401073718613e-16,0.9918790392753328
52,212,Stage 3,Stage 3,1.6020813199644695e-16,0.9906299673123887
52,213,Stage 4,Stage 4,0.6620659836365324,0.6620659836365324
52,214,Stage 4,Stage 4,0.6582341597389156,0.6582341597389156
52,215,Stage 4,Stage 4,0.6696465551129941,0.6696465551129941
52,216,Stage 0,Stage 0,9.202932517534232e-20,0.9915218259744493
52,217,Stage 4,Stage 4,0.6637986410454966,0.6637986410454966
52,218,Stage 0,Stage 0,1.2586082948159591e-17,0.9805099022725244
52,219,Stage 2,Stage 2,0.2562222135628668,0.735533505503506
52,220,Stage 2,Stage 2,0.25011154894036597,0.7414513210234408
52,221,Stage 1,Stage 1,0.010086131453090964,0.9899138685465878
52,222,Stage 2,Stage 2,0.2513262029042564,0.740276604430418
52,223,Stage 1,Stage 1,0.009949748780050132,0.9900502512196377
52,224,Stage 1,Stage 1,0.010845357674872167,0.9891546423247549
52,225,Stage 0,Stage 0,8.801306274854312e-20,0.9913478200055159
52,226,Stage 2,Stage 2,0.2602440105515096,0.7316280286971978
52,227,Stage 0,Stage 0,8.485701351635163e-20,0.9911968899211833
52,228,Stage 2,Stage 2,0.25346085982156524,0.7382101848703055
52,229,Stage 0,Stage 0,1.407187590236275e-17,0.9809710466192401
52,230,Stage 2,Stage 2,0.26055499610603355,0.7313257011092654
52,231,Stage 4,Stage 4,0.6871069390768858,0.6871069390768858
52,232,Stage 0,Stage 0,8.281573503643895e-20,0.9910918217689588
52,233,Stage 3,Stage 3,1.4437723749347735e-16,0.9911426811614495
52,234,Stage 0,Stage 0,7.936022823213571e-20,0.9908990606860816
52,235,Stage 4,Stage 4,0.6854567868244953,0.6854567868244953
52,236,Stage 3,Stage 3,1.0338264045265624e-16,0.9926067815146545
52,237,Stage 0,Stage 0,7.497472311979651e-20,0.9906236265619283
52,238,Stage 2,Stage 2,0.2593124366704646,0.7325333815492892
52,239,Stage 4,Stage 4,0.6637986410454966,0.6637986410454966
52,240,Stage 4,Stage 4,0.6710127341611202,0.6710127341611202
52,241,Stage 3,Stage 3,9.771190359180297e-17,0.9928290382601219
52,242,Stage 3,Stage 3,1.450045805823419e-16,0.9911218851945769
52,243,Stage 3,Stage 3,1.6301001252263617e-16,0.990541695868044
52,244,Stage 2,Stage 2,0.23817268035555245,0.7529519679552488
52,245,Stage 1,Stage 1,0.01053829632109027,0.9894617036785583
52,246,Stage 4,Stage 4,0.6536707291045804,0.6536707291045804
52,247,Stage 1,Stage 1,0.010025289971866769,0.9899747100278161
52,248,Stage 0,Stage 0,1.085157653643075e-17,0.9797261493066788
52,249,Stage 0,Stage 0,7.887842168498187e-20,0.9908705746699452
52,250,Stage 0,Stage 0,9.128577989666076e-20,0.9914910221400364
52,251,Stage 1,Stage 1,0.010570209254036733,0.9894297907456097
52,252,Stage 1,Stage 1,0.009874771118159353,0.9901252288815332
52,253,Stage 4,Stage 4,0.6575345391229066,0.6575345391229066
52,254,Stage 0,Stage 0,8.999892134210829e-20,0.9914362311704462
52,255,Stage 4,Stage 4,0.6747502014389875,0.6747502014389875
52,256,Stage 3,Stage 3,1.6803138880578172e-16,0.9903852304193212
52,257,Stage 0,Stage 0,1.1963187910619158e-17,0.9802648054895884
52,258,Stage 4,Stage 4,0.6737337468565638,0.6737337468565638
52,259,Stage 0,Stage 0,8.999892134210829e-20,0.9914362311704462
52,260,Stage 0,Stage 0,8.554849084858906e-20,0.9912311136935966
52,261,Stage 0,Stage 0,9.277889271811996e-20,0.9915522663698692
52,262,Stage 0,Stage 0,8.537509825055995e-20,0.9912225947871058
52,263,Stage 0,Stage 0,8.131686794496749e-20,0.9910106172108247
52,264,Stage 4,Stage 4,0.6750885414352491,0.6750885414352491
52,265,Stage 1,Stage 1,0.01022436423784182,0.9897756357618281
52,266,Stage 0,Stage 0,1.2662957320952439e-17,0.980537768469339
52,267,Stage 0,Stage 0,1.2509671095305227e-17,0.9804817100663608
52,268,Stage 1,Stage 1,0.010380155993578817,0.9896198440060806
52,269,Stage 2,Stage 2,0.26399099922780783,0.7279822367497033
52,270,Stage 1,Stage 1,0.009830053300841891,0.9901699466988536
52,271,Stage 0,Stage 0,1.1698882641106724e-17,0.9801494726886073
52,272,Stage 0,Stage 0,1.0143584951925212e-19,0.991864018929853
52,273,Stage 0,Stage 0,8.765670665295167e-20,0.9913314372653822
52,274,Stage 0,Stage 0,8.712486018094915e-20,0.9913066833643034
52,275,Stage 4,Stage 4,0.6662147213624142,0.6662147213624142
52,276,Stage 1,Stage 1,0.011043833394024273,0.9889561666055886
52,277,Stage 2,Stage 2,0.25163045222685015,0.7399822317710941
52,278,Stage 0,Stage 0,8.434205362983467e-20,0.9911709616824874
52,279,Stage 3,Stage 3,1.2786933315120065e-16,0.9917057260146858
52,280,Stage 2,Stage 2,0.2690381326762171,0.7230609876913192
52,281,Stage 3,Stage 3,1.4947276702364524e-16,0.9909749495023996
52,282,Stage 1,Stage 1,0.010427349925522132,0.9895726500741339
52,283,Stage 0,Stage 0,1.2586082948159591e-17,0.9805099022725244
52,284,Stage 0,Stage 0,8.281573503643895e-20,0.9910918217689588
52,285,Stage 4,Stage 4,0.6603276342630003,0.6603276342630003
52,286,Stage 4,Stage 4,0.6814711408851148,0.6814711408851148
52,287,Stage 2,Stage 2,0.2636774894246132,0.7282875373293057
52,288,Stage 0,Stage 0,8.248029864283356e-20,0.9910739561908304
52,289,Stage 1,Stage 1,0.010380155993578817,0.9896198440060806
52,290,Stage 4,Stage 4,0.6733944514678334,0.6733944514678334
52,291,Stage 3,Stage 3,1.5208739668280382e-16,0.9908899047222214
52,292,Stage 4,Stage 4,0.6603276342630003,0.6603276342630003
52,293,Stage 0,Stage 0,9.259093358300944e-20,0.9915446901678397
52,294,Stage 4,Stage 4,0.6613713246232751,0.6613713246232751
52,295,Stage 3,Stage 3,1.4437723749347735e-16,0.9911426811614495
52,296,Stage 4,Stage 4,0.6781227837843048,0.6781227837843048
52,297,Stage 0,Stage 0,1.2283182899635144e-17,0.9803951564718821
52,298,Stage 4,Stage 4,0.6662147213624142,0.6662147213624142
52,299,Stage 3,Stage 3,1.3945497509816846e-16,0.9913073165838424
52,300,Stage 0,Stage 0,8.231308708690136e-20,0.9910649850272207
52,301,Stage 2,Stage 2,0.2577644313843381,0.734036857719782
52,302,Stage 0,Stage 0,7.839952104077613e-20,0.9908418467028067
52,303,Stage 2,Stage 2,0.24950562961173267,0.7420370122733596
52,304,Stage 0,Stage 0,1.0741836415718456e-17,0.9796645985249659
52,305,Stage 1,Stage 1,0.009551460378019672,0.9904485396216934
52,306,Stage 2,Stage 4,0.6801347236936146,0.6801347236936146
52,307,Stage 2,Stage 2,0.2562222135628668,0.735533505503506
52,308,Stage 2,Stage 2,0.2593124366704646,0.7325333815492892
52,309,Stage 0,Stage 0,1.1914696397497982e-17,0.9802441829037015
52,310,Stage 0,Stage 0,8.694829184898601e-20,0.9912983839068218
52,311,Stage 3,Stage 3,1.3295903064814052e-16,0.9915287379271257
52,312,Stage 3,Stage 3,1.4313066079285363e-16,0.9911841280737391
52,313,Stage 2,Stage 2,0.2577644313843381,0.734036857719782
52,314,Stage 0,Stage 0,9.940036803056258e-20,0.9917967806843048
52,315,Stage 0,Stage 0,1.1627808591199174e-17,0.9801172016463422
52,316,Stage 0,Stage 0,9.391464264113023e-20,0.9915972525102162
52,317,Stage 0,Stage 0,8.065938685064428e-20,0.9909738527081803
52,318,Stage 4,Stage 4,0.6761021226382252,0.6761021226382252
52,319,Stage 2,Stage 2,0.26336420834067564,0.7285925686842741
52,320,Stage 2,Stage 2,0.276394540393224,0.7158678400136779
52,321,Stage 3,Stage 3,1.717122375802452e-16,0.990271899376191
52,322,Stage 2,Stage 4,0.670671542558104,0.670671542558104
52,323,Stage 1,Stage 1,0.00914124632909089,0.990858753670647
52,324,Stage 3,Stage 3,1.318107998903221e-16,0.9915683900969946
52,325,Stage 2,Stage 4,0.668962056057008,0.668962056057008
52,326,Stage 0,Stage 0,9.74055263219065e-20,0.9917274537885016
52,327,Stage 0,Stage 0,9.036474339409728e-20,0.9914520013362089
52,328,Stage 1,Stage 1,0.008748494448733376,0.991251505551027
52,329,Stage 3,Stage 3,1.6160301689452604e-16,0.9905859342805401
52,330,Stage 1,Stage 1,0.009337054302621687,0.9906629456971044
52,331,Stage 3,Stage 3,1.6160301689452604e-16,0.9905859342805401
52,332,Stage 2,Stage 2,0.26650729275407997,0.7255301655798967
52,333,Stage 3,Stage 3,1.5474763695087082e-16,0.9908040643215447
52,334,Stage 2,Stage 2,0.277685957524647,0.7146027239034609
52,335,Stage 0,Stage 0,9.859760040023931e-20,0.9917693031503555
52,336,Stage 0,Stage 0,1.4244131838433493e-17,0.9810152431785992
52,337,Stage 1,Stage 1,0.009210706257898174,0.9907892937418357
52,338,Stage 2,Stage 2,0.29112459996138246,0.7013988702502325
52,339,Stage 2,Stage 2,0.2574555242711091,0.7343367343480506
52,340,Stage 0,Stage 0,1.3214265911931897e-17,0.9807238757959816
52,341,Stage 0,Stage 0,1.4773552006967535e-17,0.9811410132108295
52,342,Stage 3,Stage 3,1.7471471725679526e-16,0.9901802809920105
52,343,Stage 2,Stage 4,0.6814711408851148,0.6814711408851148
52,344,Stage 0,Stage 0,1.3539915043536261e-17,0.980823362442118
52,345,Stage 1,Stage 1,0.009086052260636385,0.9909139477391049
52,346,Stage 0,Stage 0,1.3485092822268163e-17,0.9808071202891354
52,347,Stage 3,Stage 3,1.4882614470725118e-16,0.9909960872334609
52,348,Stage 0,Stage 0,9.259093358300944e-20,0.9915446901678397
52,349,Stage 2,Stage 4,0.6880940342631542,0.6880940342631542
52,350,Stage 0,Stage 0,1.334899836858545e-17,0.9807659238302157
52,351,Stage 1,Stage 1,0.008761754975695302,0.9912382450240645
52,352,Stage 0,Stage 0,1.2975136284103022e-17,0.9806460143726154
52,353,Stage 2,Stage 4,0.712946608962471,0.712946608962471
52,354,Stage 2,Stage 2,0.2858369423978651,0.7066023659124907
52,355,Stage 3,Stage 3,2.059815712982311e-16,0.9892660834421857
52,356,Stage 2,Stage 4,0.6861175951342289,0.6861175951342289
52,357,Stage 0,Stage 0,9.353453132757058e-20,0.9915823465277942
53,1,Stage 0,Stage 0,8.485701351635163e-20,0.9911968899211833
53,2,Stage 1,Stage 1,0.010193484701858406,0.9898065152978135
53,3,Stage 0,Stage 0,8.537509825055995e-20,0.9912225947871058
53,4,Stage 0,Stage 0,1.1604212392084036e-17,0.9801063660243678
53,5,Stage 1,Stage 1,0.010474756156049585,0.9895252438436032
53,6,Stage 2,Stage 2,0.24499124883316234,0.7463941075463413
53,7,Stage 0,Stage 0,8.819178050352503e-20,0.9913559755764396
53,8,Stage 4,Stage 4,0.6508439708891695,0.6508439708891695
53,9,Stage 0,Stage 0,7.776547684508104e-20,0.9908031635810329
53,10,Stage 3,Stage 3,9.478811112625832e-17,0.9929459488838825
53,11,Stage 4,Stage 4,0.6469345605925219,0.6469345605925219
53,12,Stage 2,Stage 2,0.25407286382189126,0.7376172934546089
53,13,Stage 2,Stage 2,0.23876060211790226,0.7523876745982604
53,14,Stage 4,Stage 4,0.6564834339169144,0.6564834339169144
53,15,Stage 1,Stage 1,0.010698819849468869,0.9893011801501685
53,16,Stage 2,Stage 2,0.22576430809861064,0.7648064216047722
53,17,Stage 4,Stage 4,0.6631062637382018,0.6631062637382018
53,18,Stage 4,Stage 4,0.649780349797146,0.649780349797146
53,19,Stage 0,Stage 0,1.1440361322670744e-17,0.9800294075079312
53,20,Stage 0,Stage 0,8.572223346466714e-20,0.9912396080001131
53,21,Stage 4,Stage 4,0.6682766206384697,0.6682766206384697
53,22,Stage 3,Stage 3,1.1033499035133906e-16,0.992341806553053
53,23,Stage 0,Stage 0,6.968809760192956e-20,0.9902365495653993
53,24,Stage 3,Stage 3,9.899234613095012e-17,0.9927783455346725
53,25,Stage 1,Stage 1,0.011365455719808666,0.9886345442797805
53,26,Stage 0,Stage 0,9.165680278779385e-20,0.9915064696883523
53,27,Stage 0,Stage 0,8.281573503643895e-20,0.9910918217689588
53,28,Stage 0,Stage 0,8.214621238389883e-20,0.9910559882047939
53,29,Stage 4,Stage 4,0.6504896468507623,0.6504896468507623
53,30,Stage 0,Stage 0,1.2085273632587744e-17,0.9803156948360203
53,31,Stage 2,Stage 2,0.24112182351621533,0.750119128152762
53,32,Stage 4,Stage 4,0.6529653501275292,0.6529653501275292
53,33,Stage 0,Stage 0,8.659622161005087e-20,0.9912817124353902
53,34,Stage 0,Stage 0,8.181347082197737e-20,0.991037917355354
53,35,Stage 1,Stage 1,0.010317559385682887,0.9896824406139807
53,36,Stage 0,Stage 0,8.016974467717475e-20,0.9909460040695245
53,37,Stage 3,Stage 3,1.3238367348768738e-16,0.9915485871160096
53,38,Stage 3,Stage 3,1.2954392823164148e-16,0.9916471420578322
53,39,Stage 4,Stage 4,0.6557815848804494,0.6557815848804494
53,40,Stage 0,Stage 0,8.659622161005087e-20,0.9912817124353902
53,41,Stage 1,Stage 1,0.010796292490686686,0.9892037075089438
53,42,Stage 1,Stage 1,0.010522375619475317,0.9894776243801744
53,43,Stage 0,Stage 0,1.3845411787388083e-17,0.9809103097200548
53,44,Stage 1,Stage 1,0.010301968689707616,0.989698031309957
53,45,Stage 0,Stage 0,1.1675143619896923e-17,0.9801387548946572
53,46,Stage 2,Stage 2,0.24439334502309268,0.7469702888731957
53,47,Stage 0,Stage 0,1.1722669461630248e-17,0.9801601513738472
53,48,Stage 0,Stage 0,1.1463627604673688e-17,0.9800405210137864
53,49,Stage 0,Stage 0,1.0633194426226272e-17,0.9796019781782698
53,50,Stage 3,Stage 3,1.2244176046024672e-16,0.991898072745205
53,51,Stage 1,Stage 1,0.010301968689707616,0.989698031309957
53,52,Stage 4,Stage 4,0.6669029507634441,0.6669029507634441
53,53,Stage 0,Stage 0,1.2011874901151122e-17,0.9802852752665986
53,54,Stage 2,Stage 2,0.24679063424412062,0.7446588239845878
53,55,Stage 4,Stage 4,0.6447912678147367,0.6447912678147367
53,56,Stage 3,Stage 3,1.0428374226972634e-16,0.9925719853363953
53,57,Stage 0,Stage 0,9.448769201481952e-20,0.9916194449715166
53,58,Stage 0,Stage 0,1.1987506922008222e-17,0.9802750594385249
53,59,Stage 1,Stage 1,0.010911121130414226,0.9890888788692082
53,60,Stage 2,Stage 2,0.23612247768498368,0.754918008786134
53,61,Stage 2,Stage 2,0.23876060211790226,0.7523876745982604
53,62,Stage 0,Stage 0,8.999892134210829e-20,0.9914362311704462
53,63,Stage 0,Stage 0,1.1370842617280377e-17,0.9799958264208374
53,64,Stage 0,Stage 0,8.891026655718003e-20,0.9913883604290891
53,65,Stage 4,Stage 4,0.6550788492381099,0.6550788492381099
53,66,Stage 4,Stage 4,0.6644901011083199,0.6644901011083199
53,67,Stage 2,Stage 2,0.2337937466443579,0.7571477410659883
53,68,Stage 2,Stage 2,0.24023457934052553,0.7509719625722814
53,69,Stage 0,Stage 0,8.434205362983467e-20,0.9911709616824874
53,70,Stage 0,Stage 0,7.558616639574172e-20,0.9906643065718673
53,71,Stage 0,Stage 0,1.1324729326560448e-17,0.9799732376964219
53,72,Stage 0,Stage 0,7.287309466374451e-20,0.9904776389762632
53,73,Stage 4,Stage 4,0.63214011769096,0.63214011769096
53,74,Stage 0,Stage 0,7.903870012013863e-20,0.9908800968125381
53,75,Stage 2,Stage 2,0.22803915981581388,0.7626414188170747
53,76,Stage 0,Stage 0,1.1842323931121614e-17,0.9802129610796981
53,77,Stage 0,Stage 0,8.231308708690136e-20,0.9910649850272207
53,78,Stage 2,Stage 2,0.23729258819557023,0.7537962701326412
53,79,Stage 3,Stage 3,1.2458465006915191e-16,0.9918216718281889
53,80,Stage 2,Stage 2,0.22946878179444313,0.76127884583001
53,81,Stage 3,Stage 3,1.5677322519212532e-16,0.9907391574938658
53,82,Stage 4,Stage 4,0.6415621308659104,0.6415621308659104
53,83,Stage 3,Stage 3,1.3411723860435234e-16,0.9914889005006022
53,84,Stage 2,Stage 2,0.22689980286397057,0.7637262490177972
53,85,Stage 4,Stage 4,0.6550788492381099,0.6550788492381099
53,86,Stage 0,Stage 0,1.0962425894979653e-17,0.9797866419119782
53,87,Stage 0,Stage 0,7.497472311979651e-20,0.9906236265619283
53,88,Stage 2,Stage 2,0.24649014624642607,0.7449487389111789
53,89,Stage 4,Stage 4,0.6415621308659104,0.6415621308659104
53,90,Stage 3,Stage 3,1.251261927284667e-16,0.9918024599916467
53,91,Stage 4,Stage 4,0.6361430398459037,0.6361430398459037
53,92,Stage 0,Stage 0,8.451336088651371e-20,0.9911796293397436
53,93,Stage 1,Stage 1,0.009859842846425057,0.9901401571532684
53,94,Stage 0,Stage 0,8.837085903244356e-20,0.9913641073516679
53,95,Stage 2,Stage 2,0.234374491625065,0.7565920293462682
53,96,Stage 1,Stage 1,0.009904694823563766,0.990095305176127
53,97,Stage 3,Stage 3,1.192961757417986e-16,0.9920113460640221
53,98,Stage 1,Stage 1,0.010025289971866769,0.9899747100278161
53,99,Stage 0,Stage 0,8.554849084858906e-20,0.9912311136935966
53,100,Stage 2,Stage 2,0.24082583751358175,0.7504036898319053
53,101,Stage 1,Stage 1,0.011434336459623115,0.988565663539961
53,102,Stage 2,Stage 2,0.2346652237473308,0.7563137427487301
53,103,Stage 0,Stage 0,1.1557162146697265e-17,0.9800845763643546
53,104,Stage 3,Stage 3,1.412808956696265e-16,0.991245937546461
53,105,Stage 0,Stage 0,8.131686794496749e-20,0.9910106172108247
53,106,Stage 0,Stage 0,7.287309466374451e-20,0.9904776389762632
53,107,Stage 0,Stage 0,8.214621238389883e-20,0.9910559882047939
53,108,Stage 4,Stage 4,0.6469345605925219,0.6469345605925219
53,109,Stage 0,Stage 0,9.22161505741555e-20,0.9915294700201527
53,110,Stage 0,Stage 0,1.1580663609027797e-17,0.9800954909584635
53,111,Stage 0,Stage 0,1.2011874901151122e-17,0.9802852752665986
53,112,Stage 0,Stage 0,7.936022823213571e-20,0.9908990606860816
53,113,Stage 3,Stage 3,1.1129654999199453e-16,0.9923057703964012
53,114,Stage 0,Stage 0,1.1486940733603632e-17,0.9800515945672307
53,115,Stage 1,Stage 1,0.010474756156049585,0.9895252438436032
53,116,Stage 3,Stage 3,8.285432613719416e-17,0.9934413138733436
53,117,Stage 2,Stage 2,0.22576430809861064,0.7648064216047722
53,118,Stage 4,Stage 4,0.6540230893838765,0.6540230893838765
53,119,Stage 0,Stage 0,7.839952104077613e-20,0.9908418467028067
53,120,Stage 0,Stage 0,1.0355785919715898e-17,0.9794340767074458
53,121,Stage 1,Stage 1,0.010474756156049585,0.9895252438436032
53,122,Stage 3,Stage 3,1.1373718571281658e-16,0.9922149407159155
53,123,Stage 2,Stage 2,0.24082583751358175,0.7504036898319053
53,124,Stage 0,Stage 0,1.3160751229419032e-17,0.9807068161147312
53,125,Stage 2,Stage 2,0.25254460426268227,0.7390974523828906
53,126,Stage 0,Stage 0,8.248029864283356e-20,0.9910739561908304
53,127,Stage 0,Stage 0,8.181347082197737e-20,0.991037917355354
53,128,Stage 0,Stage 0,1.0167939161640712e-17,0.9793134475888307
53,129,Stage 0,Stage 0,8.783470504027307e-20,0.9913396405861271
53,130,Stage 1,Stage 1,0.010506478714620649,0.9894935212850299
53,131,Stage 0,Stage 0,1.0482919587006265e-17,0.9795124908735049
53,132,Stage 0,Stage 0,1.1987506922008222e-17,0.9802750594385249
53,133,Stage 2,Stage 2,0.23787907748734932,0.753233687227475
53,134,Stage 2,Stage 2,0.23004231711144915,0.7607317873168532
53,135,Stage 3,Stage 3,1.2621633290938193e-16,0.9917639016699474
53,136,Stage 3,Stage 3,1.122664703168702e-16,0.9922695656487112
53,137,Stage 0,Stage 0,9.296723129296975e-20,0.9915598200571972
53,138,Stage 0,Stage 0,1.1818296665699673e-17,0.9802024766916642
53,139,Stage 0,Stage 0,8.115200014791238e-20,0.9910014652339335
53,140,Stage 0,Stage 0,8.049584355568391e-20,0.9909645961410933
53,141,Stage 3,Stage 3,1.412808956696265e-16,0.991245937546461
53,142,Stage 3,Stage 3,1.388515806678279e-16,0.9913276811213593
53,143,Stage 3,Stage 3,1.3825079034017648e-16,0.991347998269653
53,144,Stage 1,Stage 1,0.011060534259091105,0.9889394657405206
53,145,Stage 2,Stage 2,0.2375857134063732,0.7535151213415648
53,146,Stage 0,Stage 0,1.1794317683016291e-17,0.9801919536097496
53,147,Stage 0,Stage 0,1.2208593453132203e-17,0.980365639237517
53,148,Stage 0,Stage 0,8.891026655718003e-20,0.9913883604290891
53,149,Stage 1,Stage 1,0.010554240854312225,0.9894457591453351
53,150,Stage 0,Stage 0,8.46850139491943e-20,0.9911882720675684
53,151,Stage 1,Stage 1,0.010944150594266112,0.989055849405354
53,152,Stage 4,Stage 4,0.6437167720011804,0.6437167720011804
53,153,Stage 2,Stage 2,0.2375857134063732,0.7535151213415648
53,154,Stage 2,Stage 2,0.23350373393201573,0.7574251658701525
53,155,Stage 0,Stage 0,8.033262971923292e-20,0.9909553132810206
53,156,Stage 2,Stage 2,0.23032944592571647,0.7604578238139881
53,157,Stage 0,Stage 0,1.2358223830009592e-17,0.9804243392721755
53,158,Stage 0,Stage 0,7.968305569622078e-20,0.9909179177401287
53,159,Stage 4,Stage 4,0.6458638672817991,0.6458638672817991
53,160,Stage 3,Stage 3,1.3067246071376175e-16,0.9916078578589149
53,161,Stage 1,Stage 1,0.011027157465258584,0.9889728425343555
53,162,Stage 4,Stage 4,0.6777866108630615,0.6777866108630615
53,163,Stage 0,Stage 0,1.069824846239859e-17,0.9796396793761011
53,164,Stage 0,Stage 0,8.315252702436151e-20,0.9911095853926171
53,165,Stage 0,Stage 0,8.332143307836255e-20,0.991118429112658
53,166,Stage 0,Stage 0,1.1119499898851067e-17,0.9798695752436027
53,167,Stage 2,Stage 2,0.24023457934052553,0.7509719625722814
53,168,Stage 0,Stage 0,1.1210254455404146e-17,0.9799160561815848
53,169,Stage 4,Stage 4,0.6412022959639593,0.6412022959639593
53,170,Stage 3,Stage 3,1.0473722773797223e-16,0.9925545262199104
53,171,Stage 1,Stage 1,0.01112758781182487,0.9888724121877818
53,172,Stage 0,Stage 0,9.018164793258518e-20,0.991444127864863
53,173,Stage 4,Stage 4,0.6536707291045804,0.6536707291045804
53,174,Stage 0,Stage 0,8.08232602695753e-20,0.9909830830405886
53,175,Stage 4,Stage 4,0.6791298478289639,0.6791298478289639
53,176,Stage 0,Stage 0,8.819178050352503e-20,0.9913559755764396
53,177,Stage 2,Stage 2,0.2470913581649781,0.7443686290769289
53,178,Stage 1,Stage 1,0.010731213620810186,0.9892687863788249
53,179,Stage 4,Stage 4,0.6585836341778833,0.6585836341778833
53,180,Stage 0,Stage 0,1.1051911568355228e-17,0.979834281681977
53,181,Stage 4,Stage 4,0.6437167720011804,0.6437167720011804
53,182,Stage 1,Stage 1,0.010763704406525684,0.9892362955931072
53,183,Stage 0,Stage 0,9.277889271811996e-20,0.9915522663698692
53,184,Stage 0,Stage 0,1.2740297014569865e-17,0.9805653107277057
53,185,Stage 1,Stage 1,0.0105862015552074,0.9894137984444379
53,186,Stage 0,Stage 0,8.963457180159048e-20,0.9914203679064144
53,187,Stage 0,Stage 0,1.2948832582911525e-17,0.9806371886501871
53,188,Stage 3,Stage 3,1.3353688209667664e-16,0.9915088424241372
53,189,Stage 2,Stage 2,0.24260531899489832,0.7486920734925386
53,190,Stage 0,Stage 0,8.231308708690136e-20,0.9910649850272207
53,191,Stage 4,Stage 4,0.6487147870826249,0.6487147870826249
53,192,Stage 3,Stage 3,1.3295903064814052e-16,0.9915287379271257
53,193,Stage 4,Stage 4,0.6716944091958587,0.6716944091958587
53,194,Stage 1,Stage 1,0.009667796696653437,0.9903322033030524
53,195,Stage 3,Stage 3,1.5274815003928008e-16,0.9908685194963217
53,196,Stage 2,Stage 2,0.2562222135628668,0.735533505503506
53,197,Stage 2,Stage 2,0.24112182351621533,0.750119128152762
53,198,Stage 0,Stage 0,1.0440371108582151e-17,0.9794865294105664
53,199,Stage 1,Stage 1,0.010490605571728758,0.989509394427923
53,200,Stage 0,Stage 0,7.855883279549936e-20,0.9908514496749214
53,201,Stage 3,Stage 3,1.2458465006915191e-16,0.9918216718281889
53,202,Stage 0,Stage 0,8.712486018094915e-20,0.9913066833643034
53,203,Stage 2,Stage 2,0.2649328993978252,0.7270647217849756
53,204,Stage 3,Stage 3,1.4690296916016509e-16,0.9910592059180846
53,205,Stage 4,Stage 4,0.6592819096375138,0.6592819096375138
53,206,Stage 0,Stage 0,7.745036741605663e-20,0.990783658434291
53,207,Stage 0,Stage 0,8.033262971923292e-20,0.9909553132810206
53,208,Stage 0,Stage 0,1.1557162146697265e-17,0.9800845763643546
53,209,Stage 3,Stage 3,1.3646393226964299e-16,0.9914086664638717
53,210,Stage 0,Stage 0,8.537509825055995e-20,0.9912225947871058
53,211,Stage 4,Stage 4,0.6508439708891695,0.6508439708891695
53,212,Stage 1,Stage 1,0.010208912914871814,0.9897910870847989
53,213,Stage 0,Stage 0,1.2922581741193185e-17,0.9806283277652365
53,214,Stage 0,Stage 0,1.2134452772851683e-17,0.9803357854271768
53,215,Stage 0,Stage 0,1.1486940733603632e-17,0.9800515945672307
53,216,Stage 1,Stage 1,0.010474756156049585,0.9895252438436032
53,217,Stage 4,Stage 4,0.6557815848804494,0.6557815848804494
53,218,Stage 1,Stage 1,0.010490605571728758,0.989509394427923
53,219,Stage 0,Stage 0,7.620256139689083e-20,0.9907045359007585
53,220,Stage 1,Stage 1,0.010162697470396196,0.9898373025292777
53,221,Stage 1,Stage 1,0.01011668910345674,0.9898833108962201
53,222,Stage 4,Stage 4,0.6288472002900238,0.6288472002900238
53,223,Stage 2,Stage 2,0.2627383329464713,0.7292018228758231
53,224,Stage 0,Stage 0,8.417109148209376e-20,0.9911622690404526
53,225,Stage 3,Stage 3,1.358734468873573e-16,0.9914287951387487
53,226,Stage 0,Stage 0,8.607077158031066e-20,0.9912565230310001
53,227,Stage 0,Stage 0,7.760776327708455e-20,0.9907934246903364
53,228,Stage 0,Stage 0,1.2922581741193185e-17,0.9806283277652365
53,229,Stage 0,Stage 0,9.259093358300944e-20,0.9915446901678397
53,230,Stage 4,Stage 4,0.6575345391229066,0.6575345391229066
53,231,Stage 0,Stage 0,9.296723129296975e-20,0.9915598200571972
53,232,Stage 0,Stage 0,8.400047374762764e-20,0.9911535513581672
53,233,Stage 2,Stage 2,0.23408399923292728,0.7568700288384329
53,234,Stage 1,Stage 1,0.010286401307716946,0.9897135986919489
53,235,Stage 4,Stage 4,0.6804691947043152,0.6804691947043152
53,236,Stage 0,Stage 0,8.434205362983467e-20,0.9911709616824874
53,237,Stage 1,Stage 1,0.010132002273315599,0.9898679977263604
53,238,Stage 0,Stage 0,8.264784773209078e-20,0.9910829017524949
53,239,Stage 2,Stage 2,0.25376674520975356,0.7379138770083318
53,240,Stage 0,Stage 0,8.659622161005087e-20,0.9912817124353902
53,241,Stage 4,Stage 4,0.6550788492381099,0.6550788492381099
53,242,Stage 0,Stage 0,1.2740297014569865e-17,0.9805653107277057
53,243,Stage 4,Stage 4,0.6404820054551615,0.6404820054551615
53,244,Stage 0,Stage 0,8.999892134210829e-20,0.9914362311704462
53,245,Stage 4,Stage 4,0.6675902513667413,0.6675902513667413
53,246,Stage 4,Stage 4,0.6651806413379726,0.6651806413379726
53,247,Stage 0,Stage 0,9.353453132757058e-20,0.9915823465277942
53,248,Stage 3,Stage 3,1.198147844747022e-16,0.9919925770874629
53,249,Stage 0,Stage 0,1.3430490722743576e-17,0.980790743318878
53,250,Stage 0,Stage 0,9.240335312278755e-20,0.9915370914012563
53,251,Stage 1,Stage 1,0.010301968689707616,0.989698031309957
53,252,Stage 2,Stage 2,0.24349826524823048,0.7478324498769883
53,253,Stage 3,Stage 3,1.7776954166379165e-16,0.9900878065782867
53,254,Stage 3,Stage 3,1.388515806678279e-16,0.9913276811213593
53,255,Stage 0,Stage 0,9.091625046287896e-20,0.9914754829247348
53,256,Stage 0,Stage 0,9.487165560123325e-20,0.9916341295085987
53,257,Stage 0,Stage 0,9.128577989666076e-20,0.9914910221400364
53,258,Stage 2,Stage 2,0.24829661090433064,0.7432050532542982
53,259,Stage 3,Stage 3,1.5474763695087082e-16,0.9908040643215447
53,260,Stage 3,Stage 3,1.9386118092862883e-16,0.9896123167342977
53,261,Stage 1,Stage 1,0.009653178269755352,0.9903468217299513
53,262,Stage 2,Stage 2,0.2674546575569374,0.7246062225826132
53,263,Stage 3,Stage 3,1.4251140396290633e-16,0.991204779240457
53,264,Stage 2,Stage 2,0.26148933351523956,0.7304170913077054
53,265,Stage 4,Stage 4,0.6679335525769413,0.6679335525769413
53,266,Stage 0,Stage 0,9.073204391193619e-20,0.9914676788149698
53,267,Stage 0,Stage 0,9.525717101185453e-20,0.9916487261505318
53,268,Stage 1,Stage 1,0.009653178269755352,0.9903468217299513
53,269,Stage 4,Stage 4,0.6651806413379726,0.6651806413379726
53,270,Stage 0,Stage 0,7.952147921726884e-20,0.9909085025359076
53,271,Stage 3,Stage 3,1.7023034736543948e-16,0.9903173899928813
53,272,Stage 1,Stage 1,0.009904694823563766,0.990095305176127
53,273,Stage 0,Stage 0,8.000718776672785e-20,0.990936668448035
53,274,Stage 3,Stage 3,1.5813828545132604e-16,0.9906956338210948
53,275,Stage 2,Stage 2,0.26399099922780783,0.7279822367497033
53,276,Stage 1,Stage 1,0.009565926254869413,0.9904340737448427
53,277,Stage 0,Stage 0,1.3485092822268163e-17,0.9808071202891354
53,278,Stage 2,Stage 2,0.27446407325826855,0.7177577015716604
53,279,Stage 3,Stage 3,1.3528551011267852e-16,0.9914488769649418
53,280,Stage 0,Stage 0,1.3321943355813858e-17,0.9807575826379088
53,281,Stage 2,Stage 4,0.6575345391229066,0.6575345391229066
53,282,Stage 4,Stage 4,0.6675902513667413,0.6675902513667413
53,283,Stage 2,Stage 2,0.2715834339697196,0.7205748155048869
53,284,Stage 0,Stage 0,9.487165560123325e-20,0.9916341295085987
53,285,Stage 4,Stage 4,0.6851260097867461,0.6851260097867461
53,286,Stage 0,Stage 0,9.940036803056258e-20,0.9917967806843048
53,287,Stage 3,Stage 3,1.8324417990417863e-16,0.9899238928700118
53,288,Stage 3,Stage 3,1.7623552995965684e-16,0.9901341512781187
53,289,Stage 0,Stage 0,8.801306274854312e-20,0.9913478200055159
53,290,Stage 0,Stage 0,1.4302014065663712e-17,0.981029719947491
53,291,Stage 2,Stage 2,0.2751066724813143,0.7171287919150064
53,292,Stage 0,Stage 0,1.3594958274275112e-17,0.9808394703467559
53,293,Stage 0,Stage 0,9.760320496659151e-20,0.99173448178738
53,294,Stage 3,Stage 3,2.1603224285404896e-16,0.9889860385508604
53,295,Stage 0,Stage 0,9.22161505741555e-20,0.9915294700201527
53,296,Stage 2,Stage 2,0.2580735699978759,0.7337367079548769
53,297,Stage 1,Stage 1,0.00855195729147964,0.9914480427082918
53,298,Stage 0,Stage 0,1.3986524478756912e-17,0.9809485139790308
53,299,Stage 1,Stage 1,0.008801656204420378,0.9911983437953373
53,300,Stage 0,Stage 0,9.410527400285663e-20,0.9916046721498973
53,301,Stage 2,Stage 2,0.2881435439249401,0.7043337472777627
53,302,Stage 0,Stage 0,1.3705711332982504e-17,0.980871285673887
53,303,Stage 3,Stage 3,2.236474671419567e-16,0.9887778332939271
53,304,Stage 0,Stage 0,1.3054365610429585e-17,0.9806722813087887
57,1,Stage 4,Stage 4,0.702942789758453,0.702942789758453
57,2,Stage 0,Stage 0,1.362256304658958e-17,0.9808474741330337
57,3,Stage 4,Stage 4,0.6828036358362569,0.6828036358362569
57,4,Stage 2,Stage 4,0.6747502014389875,0.6747502014389875
57,5,Stage 0,Stage 0,8.730178494540156e-20,0.9913149587076621
57,6,Stage 0,Stage 0,1.486366754126586e-17,0.9811609990068916
57,7,Stage 0,Stage 0,9.839791832389827e-20,0.991762381205879
57,8,Stage 3,Stage 3,1.5407825779475046e-16,0.990825599410363
57,9,Stage 1,Stage 1,0.0100708869055207,0.9899291130941592
57,10,Stage 4,Stage 4,0.6710127341611202,0.6710127341611202
57,11,Stage 1,Stage 1,0.009155096671304125,0.9908449033284329
57,12,Stage 0,Stage 0,1.3594958274275112e-17,0.9808394703467559
57,13,Stage 4,Stage 4,0.7057838232396134,0.7057838232396134
57,14,Stage 0,Stage 0,1.351247636228508e-17,0.9808152581821675
57,15,Stage 0,Stage 0,1.2458985440066693e-17,0.9804627331169338
57,16,Stage 0,Stage 0,9.960207385273583e-20,0.9918035977382493
57,17,Stage 4,Stage 4,0.6777866108630615,0.6777866108630615
57,18,Stage 0,Stage 0,1.433104262676681e-17,0.9810369107430247
57,19,Stage 3,Stage 3,1.450045805823419e-16,0.9911218851945769
57,20,Stage 0,Stage 0,9.799976027502948e-20,0.9917484739182298
57,21,Stage 0,Stage 0,1.0041297742379242e-19,0.991830658016624
57,22,Stage 0,Stage 0,9.74055263219065e-20,0.9917274537885016
57,23,Stage 0,Stage 0,1.0102546252047937e-19,0.99185073617104
57,24,Stage 2,Stage 2,0.2783329932181442,0.7139686090247577
57,25,Stage 4,Stage 4,0.6824708808016353,0.6824708808016353
57,26,Stage 0,Stage 0,9.525717101185453e-20,0.9916487261505318
57,27,Stage 0,Stage 0,9.259093358300944e-20,0.9915446901678397
57,28,Stage 4,Stage 4,0.707665963385628,0.707665963385628
57,29,Stage 0,Stage 0,1.27661808036132e-17,0.9805744198500976
57,30,Stage 0,Stage 0,9.642309106611137e-20,0.9916919925727748
57,31,Stage 1,Stage 1,0.009580413828657553,0.9904195861710536
57,32,Stage 1,Stage 1,0.009934708297490292,0.9900652917021984
57,33,Stage 4,Stage 4,0.6781227837843048,0.6781227837843048
57,34,Stage 0,Stage 0,1.0000670793438895e-19,0.9918171693732337
57,35,Stage 0,Stage 0,1.0102546252047937e-19,0.99185073617104
57,36,Stage 4,Stage 4,0.6620659836365324,0.6620659836365324
57,37,Stage 2,Stage 2,0.25560695075066314,0.7361302470889537
57,38,Stage 2,Stage 2,0.2741431079820585,0.7180717640074853
57,39,Stage 1,Stage 1,0.010178079564963655,0.9898219204347093
57,40,Stage 3,Stage 3,1.450045805823419e-16,0.9911218851945769
57,41,Stage 1,Stage 1,0.010554240854312225,0.9894457591453351
57,42,Stage 2,Stage 2,0.24829661090433064,0.7432050532542982
57,43,Stage 2,Stage 2,0.24859851280195477,0.7429134611599754
57,44,Stage 2,Stage 2,0.27446407325826855,0.7177577015716604
57,45,Stage 2,Stage 2,0.2565301933062086,0.7352347234159674
57,46,Stage 0,Stage 0,1.390168659896195e-17,0.9809256893141848
57,47,Stage 0,Stage 0,1.3430490722743576e-17,0.980790743318878
57,48,Stage 1,Stage 1,0.009667796696653437,0.9903322033030524
57,49,Stage 4,Stage 4,0.6926705324524638,0.6926705324524638
57,50,Stage 1,Stage 1,0.010025289971866769,0.9899747100278161
57,51,Stage 4,Stage 4,0.6997611836295186,0.6997611836295186
57,52,Stage 3,Stage 3,1.273159474180893e-16,0.9917251631277341
57,53,Stage 0,Stage 0,1.3267996330712023e-17,0.9807407977763951
57,54,Stage 3,Stage 3,1.3010697391296376e-16,0.9916275228510862
57,55,Stage 2,Stage 4,0.7057838232396134,0.7057838232396134
57,56,Stage 0,Stage 0,1.2611656210018498e-17,0.9805192271255027
57,57,Stage 3,Stage 3,1.5012219126275094e-16,0.9909537624988691
57,58,Stage 0,Stage 0,1.2818104846848726e-17,0.9805925311045903
57,59,Stage 0,Stage 0,9.334504982898171e-20,0.9915748600865903
57,60,Stage 0,Stage 0,1.3705711332982504e-17,0.980871285673887
57,61,Stage 2,Stage 2,0.27575016202612107,0.7164988374361844
57,62,Stage 4,Stage 4,0.6971971788136707,0.6971971788136707
57,63,Stage 3,Stage 3,1.198147844747022e-16,0.9919925770874629
57,64,Stage 0,Stage 0,9.760320496659151e-20,0.99173448178738
57,65,Stage 3,Stage 3,1.5882525403016033e-16,0.9906737959010864
57,66,Stage 3,Stage 3,1.717122375802452e-16,0.990271899376191
57,67,Stage 0,Stage 0,1.3594958274275112e-17,0.9808394703467559
57,68,Stage 4,Stage 4,0.6764395024509561,0.6764395024509561
57,69,Stage 4,Stage 4,0.6838004221848187,0.6838004221848187
57,70,Stage 1,Stage 1,0.00903118841180281,0.9909688115879415
57,71,Stage 0,Stage 0,9.799976027502948e-20,0.9917484739182298
57,72,Stage 4,Stage 4,0.6939689777568688,0.6939689777568688
57,73,Stage 2,Stage 2,0.24769351334270256,0.7437874000410787
57,74,Stage 1,Stage 1,0.009280689035787628,0.9907193109639421
57,75,Stage 3,Stage 3,1.7096969154466563e-16,0.9902946711314999
57,76,Stage 1,Stage 1,0.009393758651967878,0.9906062413477549
57,77,Stage 4,Stage 4,0.6723751379532624,0.6723751379532624
57,78,Stage 3,Stage 3,1.6301001252263617e-16,0.990541695868044
57,79,Stage 0,Stage 0,1.4565385413759545e-17,0.9810933037434979
57,80,Stage 2,Stage 2,0.27930520129405223,0.7130154960741061
57,81,Stage 2,Stage 4,0.680803421430519,0.680803421430519
57,82,Stage 3,Stage 3,1.9386118092862883e-16,0.9896123167342977
57,83,Stage 2,Stage 2,0.27671706241262906,0.7155519507884045
57,84,Stage 4,Stage 4,0.6861175951342289,0.6861175951342289
57,85,Stage 2,Stage 2,0.273501847021749,0.7186991029313797
57,86,Stage 1,Stage 1,0.00894950756157457,0.9910504924381747
57,87,Stage 0,Stage 0,1.0541820717787546e-19,0.9919861796970318
57,88,Stage 2,Stage 2,0.25869254117066315,0.7331355898180756
57,89,Stage 0,Stage 0,1.3187481657883642e-17,0.980715363204435
57,90,Stage 1,Stage 1,0.009726489938492407,0.9902735100612097
57,91,Stage 0,Stage 0,1.4360129642798906e-17,0.9810440699015562
57,92,Stage 3,Stage 3,1.785415327372632e-16,0.990064553301333
57,93,Stage 3,Stage 3,1.3353688209667664e-16,0.9915088424241372
57,94,Stage 3,Stage 3,1.4563464239206133e-16,0.9911010407392757
57,95,Stage 0,Stage 0,1.0435537876756068e-19,0.9919547300852387
57,96,Stage 0,Stage 0,9.919906859254658e-20,0.9917899427447266
57,97,Stage 4,Stage 4,0.6777866108630615,0.6777866108630615
57,98,Stage 2,Stage 2,0.26777089964490897,0.7242977080088484
57,99,Stage 1,Stage 1,0.009322931274816903,0.99067706872491
57,100,Stage 1,Stage 1,0.008590911377353056,0.9914090886224162
57,101,Stage 4,Stage 4,0.6997611836295186,0.6997611836295186
57,102,Stage 2,Stage 4,0.6939689777568688,0.6939689777568688
57,103,Stage 2,Stage 2,0.28027939008212865,0.7120600601683366
57,104,Stage 0,Stage 0,9.147110428318827e-20,0.9914987573472265
57,105,Stage 0,Stage 0,1.0584634858266361e-19,0.9919986220897354
57,106,Stage 0,Stage 0,1.2792116712707507e-17,0.9805834932838356
57,107,Stage 0,Stage 0,9.78012826822886e-20,0.9917414884816289
57,108,Stage 0,Stage 0,9.799976027502948e-20,0.9917484739182298
57,109,Stage 0,Stage 0,1.3054365610429585e-17,0.9806722813087887
57,110,Stage 0,Stage 0,9.391464264113023e-20,0.9915972525102162
57,111,Stage 0,Stage 0,1.0520478321942875e-19,0.9919799291331131
57,112,Stage 2,Stage 2,0.27062725684065797,0.7215091143515209
57,113,Stage 0,Stage 0,1.390168659896195e-17,0.9809256893141848
57,114,Stage 0,Stage 0,1.5198783412623428e-17,0.9812319476764766
57,115,Stage 0,Stage 0,1.5015073952878164e-17,0.9811937002634593
57,116,Stage 2,Stage 2,0.2815813802491283,0.7107825435195056
57,117,Stage 0,Stage 0,1.3080881816500237e-17,0.9806809671243134
57,118,Stage 3,Stage 3,1.481823122744664e-16,0.991017175804803
57,119,Stage 0,Stage 0,1.410044103467453e-17,0.9809784929235621
57,120,Stage 1,Stage 1,0.009127416747430665,0.990872583252308
57,121,Stage 3,Stage 3,1.450045805823419e-16,0.9911218851945769
57,122,Stage 2,Stage 2,0.27126448344691256,0.7208865124985092
57,123,Stage 0,Stage 0,1.5076064225352633e-17,0.9812065693086681
57,124,Stage 1,Stage 1,0.008855138120937587,0.991144861878817
57,125,Stage 0,Stage 0,8.963457180159048e-20,0.9914203679064144
57,126,Stage 0,Stage 0,9.564424452170319e-20,0.9916632352849312
57,127,Stage 1,Stage 1,0.009322931274816903,0.99067706872491
57,128,Stage 0,Stage 0,9.091625046287896e-20,0.9914754829247348
57,129,Stage 0,Stage 0,1.0584634858266361e-19,0.9919986220897354
57,130,Stage 2,Stage 2,0.273501847021749,0.7186991029313797
57,131,Stage 0,Stage 0,8.677207923103145e-20,0.9912900602817227
57,132,Stage 4,Stage 4,0.6838004221848187,0.6838004221848187
57,133,Stage 3,Stage 3,1.7096969154466563e-16,0.9902946711314999
57,134,Stage 4,Stage 4,0.6658702591579196,0.6658702591579196
57,135,Stage 3,Stage 3,1.665811752754777e-16,0.9904301951067617
57,136,Stage 0,Stage 0,1.086717618107387e-19,0.9920776109680457
57,137,Stage 1,Stage 1,0.00872203304258129,0.9912779669571808
57,138,Stage 3,Stage 3,1.5745428008113426e-16,0.990717420980011
57,139,Stage 0,Stage 0,1.3650223405791544e-17,0.9808554445694111
57,140,Stage 0,Stage 0,1.0563206200887344e-19,0.9919924106682162
57,141,Stage 1,Stage 1,0.008436142628569428,0.9915638573712084
57,142,Stage 2,Stage 4,0.710781590723277,0.710781590723277
57,143,Stage 0,Stage 0,1.4743634149921605e-17,0.9811342900545043
57,144,Stage 4,Stage 4,0.7070396434453565,0.7070396434453565
57,145,Stage 3,Stage 3,1.6371808454090327e-16,0.990519499349954
57,146,Stage 1,Stage 1,0.009351198523028188,0.990648801476697
57,147,Stage 0,Stage 0,1.4565385413759545e-17,0.9810933037434979
57,148,Stage 3,Stage 3,1.6160301689452604e-16,0.9905859342805401
57,149,Stage 0,Stage 0,1.1976995750720217e-19,0.9923421996858754
57,150,Stage 0,Stage 0,1.529147302915117e-17,0.9812506686664836
57,151,Stage 2,Stage 2,0.29378887252159924,0.6987731572029323
57,152,Stage 0,Stage 0,9.819863855246932e-20,0.9917554381440574
57,153,Stage 2,Stage 2,0.277685957524647,0.7146027239034609
57,154,Stage 0,Stage 0,1.4215277937991817e-17,0.9810079570714533
57,155,Stage 3,Stage 3,1.6803138880578172e-16,0.9903852304193212
57,156,Stage 1,Stage 1,0.008184314972819772,0.9918156850269716
57,157,Stage 2,Stage 2,0.26650729275407997,0.7255301655798967
57,158,Stage 3,Stage 3,1.8009555705287568e-16,0.9900178842763672
57,159,Stage 0,Stage 0,9.353453132757058e-20,0.9915823465277942
57,160,Stage 2,Stage 4,0.6997611836295186,0.6997611836295186
57,161,Stage 2,Stage 2,0.28321378646252493,0.7091798807736477
57,162,Stage 2,Stage 2,0.26117765773469015,0.7307202322083483
57,163,Stage 1,Stage 1,0.009294748672478925,0.9907052513272498
57,164,Stage 0,Stage 0,1.0889218514975205e-19,0.9920835531617204
57,165,Stage 2,Stage 4,0.7073529361150179,0.7073529361150179
57,166,Stage 0,Stage 0,1.4743634149921605e-17,0.9811342900545043
57,167,Stage 1,Stage 1,0.008271595095245656,0.9917284049045411
57,168,Stage 0,Stage 0,1.4833568581164264e-17,0.9811543676228127
57,169,Stage 0,Stage 0,1.0692428817525899e-19,0.9920293874528953
57,170,Stage 2,Stage 2,0.28321378646252493,0.7091798807736477
57,171,Stage 0,Stage 0,1.5384723732529304e-17,0.9812691234190816
57,172,Stage 0,Stage 0,1.7093785968795228e-17,0.9815483627548084
57,173,Stage 3,Stage 3,2.1509869628890134e-16,0.989011793579241
57,174,Stage 1,Stage 1,0.00863004135424123,0.9913699586455261
57,175,Stage 0,Stage 0,1.0123044910422745e-19,0.9918573877880311
57,176,Stage 1,Stage 1,0.007927917739414403,0.9920720822603902
57,177,Stage 0,Stage 0,1.0372280720857294e-19,0.9919356229504688
57,178,Stage 0,Stage 0,1.1089612885645921e-19,0.9921361866768776
57,179,Stage 1,Stage 1,0.008436142628569428,0.9915638573712084
57,180,Stage 0,Stage 0,1.0435537876756068e-19,0.9919547300852387
57,181,Stage 2,Stage 2,0.28913530780043367,0.7033577072910632
57,182,Stage 0,Stage 0,1.4360129642798906e-17,0.9810440699015562
57,183,Stage 2,Stage 4,0.717236991978832,0.717236991978832
57,184,Stage 0,Stage 0,1.159505572700266e-19,0.9922585817052658
57,185,Stage 0,Stage 0,1.6086032613229498e-17,0.9813964798990759
57,186,Stage 1,Stage 1,0.008841737523392717,0.9911582624763625
57,187,Stage 2,Stage 2,0.2924550448654433,0.7000879966267913
57,188,Stage 1,Stage 1,0.007656237709245201,0.9923437622905731
57,189,Stage 0,Stage 0,1.532249408661315e-17,0.9812568497501173
57,190,Stage 3,Stage 3,1.8166306727860768e-16,0.9899709977975176
57,191,Stage 0,Stage 0,1.5541397667747608e-17,0.9812992942208126
57,192,Stage 0,Stage 0,1.1713090660955551e-19,0.9922851909157876
57,193,Stage 0,Stage 0,1.0801315288883774e-19,0.9920596704784024
58,1,Stage 1,Stage 1,0.010395863773007857,0.9896041362266504
58,2,Stage 4,Stage 4,0.6575345391229066,0.6575345391229066
58,3,Stage 2,Stage 2,0.2549926177230726,0.7367258905770219
58,4,Stage 1,Stage 1,0.010162697470396196,0.9898373025292777
58,5,Stage 2,Stage 2,0.23205727100199086,0.7588079730146211
58,6,Stage 2,Stage 2,0.24171450889478283,0.7495491550278278
58,7,Stage 1,Stage 1,0.01053829632109027,0.9894617036785583
58,8,Stage 3,Stage 3,1.251261927284667e-16,0.9918024599916467
58,9,Stage 4,Stage 4,0.6501351063690459,0.6501351063690459
58,10,Stage 1,Stage 1,0.010861761694597969,0.9891382383050279
58,11,Stage 4,Stage 4,0.6665589520038038,0.6665589520038038
58,12,Stage 4,Stage 4,0.6437167720011804,0.6437167720011804
58,13,Stage 0,Stage 0,9.110082887409164e-20,0.991483264016129
58,14,Stage 2,Stage 2,0.2346652237473308,0.7563137427487301
58,15,Stage 0,Stage 0,8.520205496502915e-20,0.9912140512260427
58,16,Stage 3,Stage 3,1.1623121658548097e-16,0.9921230451330736
58,17,Stage 1,Stage 1,0.010348810856321467,0.9896511891433398
58,18,Stage 0,Stage 0,1.2792116712707507e-17,0.9805834932838356
58,19,Stage 0,Stage 0,1.1698882641106724e-17,0.9801494726886073
58,20,Stage 2,Stage 2,0.24980847187399974,0.7417443057242193
58,21,Stage 0,Stage 0,7.421732177623048e-20,0.990572136644287
58,22,Stage 0,Stage 0,1.2740297014569865e-17,0.9805653107277057
58,23,Stage 0,Stage 0,8.231308708690136e-20,0.9910649850272207
58,24,Stage 2,Stage 2,0.24920302226922736,0.7423294404854913
58,25,Stage 0,Stage 0,7.361687482667025e-20,0.9905304278307866
58,26,Stage 1,Stage 1,0.011228922447092532,0.9887710775525067
58,27,Stage 0,Stage 0,1.1463627604673688e-17,0.9800405210137864
58,28,Stage 4,Stage 4,0.6596307099883298,0.6596307099883298
58,29,Stage 0,Stage 0,1.2948832582911525e-17,0.9806371886501871
58,30,Stage 0,Stage 0,8.537509825055995e-20,0.9912225947871058
58,31,Stage 0,Stage 0,8.315252702436151e-20,0.9911095853926171
58,32,Stage 0,Stage 0,8.148206854130017e-20,0.9910197431849472
58,33,Stage 0,Stage 0,8.963457180159048e-20,0.9914203679064144
58,34,Stage 0,Stage 0,8.589632680577147e-20,0.9912480777611306
58,35,Stage 2,Stage 2,0.2364146466016313,0.754638002926265
58,36,Stage 0,Stage 0,9.701136302956587e-20,0.9917133336883921
58,37,Stage 4,Stage 4,0.6798000086854755,0.6798000086854755
58,38,Stage 0,Stage 0,7.573979935978379e-20,0.9906744059990158
58,39,Stage 0,Stage 0,1.193891776853346e-17,0.9802545133384781
58,40,Stage 0,Stage 0,1.1627808591199174e-17,0.9801172016463422
58,41,Stage 0,Stage 0,1.1580663609027797e-17,0.9800954909584635
58,42,Stage 0,Stage 0,1.1463627604673688e-17,0.9800405210137864
58,43,Stage 0,Stage 0,1.2283182899635144e-17,0.9803951564718821
58,44,Stage 4,Stage 4,0.6740728038490408,0.6740728038490408
58,45,Stage 0,Stage 0,7.968305569622078e-20,0.9909179177401287
58,46,Stage 3,Stage 3,1.0796719944733462e-16,0.9924311644339565
58,47,Stage 4,Stage 4,0.6757645023331529,0.6757645023331529
58,48,Stage 2,Stage 2,0.24769351334270256,0.7437874000410787
58,49,Stage 1,Stage 1,0.01044312836757466,0.9895568716320805
58,50,Stage 0,Stage 0,9.391464264113023e-20,0.9915972525102162
58,51,Stage 1,Stage 1,0.01053829632109027,0.9894617036785583
58,52,Stage 2,Stage 2,0.23993930735123364,0.7512556732945078
58,53,Stage 0,Stage 0,8.765670665295167e-20,0.9913314372653822
58,54,Stage 4,Stage 4,0.6798000086854755,0.6798000086854755
58,55,Stage 0,Stage 0,8.332143307836255e-20,0.991118429112658
58,56,Stage 0,Stage 0,8.098746447928079e-20,0.9909922871964918
58,57,Stage 0,Stage 0,8.298396123902237e-20,0.9911007162968369
58,58,Stage 2,Stage 2,0.24618989427922633,0.7452383736766981
58,59,Stage 0,Stage 0,8.332143307836255e-20,0.991118429112658
58,60,Stage 1,Stage 1,0.01022436423784182,0.9897756357618281
58,61,Stage 1,Stage 1,0.010506478714620649,0.9894935212850299
58,62,Stage 0,Stage 0,8.400047374762764e-20,0.9911535513581672
58,63,Stage 3,Stage 3,1.4626743465657863e-16,0.991080147684282
58,64,Stage 3,Stage 3,1.1877980648709117e-16,0.992030071312075
58,65,Stage 3,Stage 3,1.3238367348768738e-16,0.9915485871160096
58,66,Stage 0,Stage 0,1.1393968922879771e-17,0.9800070602971545
58,67,Stage 0,Stage 0,1.1866399576552271e-17,0.9802234068562619
58,68,Stage 2,Stage 2,0.23350373393201573,0.7574251658701525
58,69,Stage 3,Stage 3,1.4626743465657863e-16,0.991080147684282
58,70,Stage 0,Stage 0,8.08232602695753e-20,0.9909830830405886
58,71,Stage 0,Stage 0,7.451936627435661e-20,0.990592818375235
58,72,Stage 0,Stage 0,8.837085903244356e-20,0.9913641073516679
58,73,Stage 3,Stage 3,1.192961757417986e-16,0.9920113460640221
58,74,Stage 4,Stage 4,0.6444333127625962,0.6444333127625962
58,75,Stage 3,Stage 3,1.358734468873573e-16,0.9914287951387487
58,76,Stage 4,Stage 4,0.6599792849745079,0.6599792849745079
58,77,Stage 0,Stage 0,1.2109838471225073e-17,0.9803257589901149
58,78,Stage 2,Stage 2,0.22861028551312673,0.7620972600864514
58,79,Stage 0,Stage 0,1.362256304658958e-17,0.9808474741330337
58,80,Stage 0,Stage 0,1.3107451416612386e-17,0.9806896181480723
58,81,Stage 2,Stage 2,0.23964427354617432,0.7515391000262467
58,82,Stage 2,Stage 2,0.24950562961173267,0.7420370122733596
58,83,Stage 2,Stage 2,0.23119227623850022,0.7596341981574384
58,84,Stage 0,Stage 0,7.984495832644803e-20,0.9909273063578483
58,85,Stage 2,Stage 2,0.2375857134063732,0.7535151213415648
58,86,Stage 3,Stage 3,1.418948194170051e-16,0.9912253823613508
58,87,Stage 3,Stage 3,1.2138414451901029e-16,0.9919360067787678
58,88,Stage 3,Stage 3,1.3353688209667664e-16,0.9915088424241372
58,89,Stage 0,Stage 0,9.410527400285663e-20,0.9916046721498973
58,90,Stage 0,Stage 0,8.909079548356597e-20,0.9913963975468475
58,91,Stage 0,Stage 0,1.1463627604673688e-17,0.9800405210137864
58,92,Stage 1,Stage 1,0.010666522809220242,0.9893334771904194
58,93,Stage 4,Stage 4,0.6501351063690459,0.6501351063690459
58,94,Stage 1,Stage 1,0.010286401307716946,0.9897135986919489
58,95,Stage 2,Stage 2,0.2437963882471011,0.7475453445748567
58,96,Stage 2,Stage 2,0.24439334502309268,0.7469702888731957
58,97,Stage 0,Stage 0,8.231308708690136e-20,0.9910649850272207
58,98,Stage 2,Stage 2,0.2437963882471011,0.7475453445748567
58,99,Stage 0,Stage 0,8.181347082197737e-20,0.991037917355354
58,100,Stage 4,Stage 4,0.648003337995694,0.648003337995694
58,101,Stage 0,Stage 0,9.018164793258518e-20,0.991444127864863
58,102,Stage 0,Stage 0,7.808185967019076e-20,0.9908225595091481
58,103,Stage 4,Stage 4,0.6675902513667413,0.6675902513667413
58,104,Stage 0,Stage 0,8.181347082197737e-20,0.991037917355354
58,105,Stage 3,Stage 3,1.437526014416234e-16,0.9911634287509127
58,106,Stage 3,Stage 3,1.1373718571281658e-16,0.9922149407159155
58,107,Stage 1,Stage 1,0.01112758781182487,0.9888724121877818
58,108,Stage 1,Stage 1,0.0108946433864624,0.9891053566131612
58,109,Stage 1,Stage 1,0.009995005606752856,0.9900049943929322
58,110,Stage 0,Stage 0,1.27661808036132e-17,0.9805744198500976
58,111,Stage 0,Stage 0,1.1914696397497982e-17,0.9802441829037015
58,112,Stage 0,Stage 0,1.1651452301897697e-17,0.9801279979084724
58,113,Stage 0,Stage 0,1.1842323931121614e-17,0.9802129610796981
58,114,Stage 1,Stage 1,0.010025289971866769,0.9899747100278161
58,115,Stage 1,Stage 1,0.010763704406525684,0.9892362955931072
58,116,Stage 3,Stage 3,1.198147844747022e-16,0.9919925770874629
58,117,Stage 4,Stage 4,0.6596307099883298,0.6596307099883298
58,118,Stage 0,Stage 0,9.091625046287896e-20,0.9914754829247348
58,119,Stage 0,Stage 0,1.0292792129809125e-17,0.9793942706333328
58,120,Stage 0,Stage 0,1.2688685377708345e-17,0.9805469851134242
58,121,Stage 4,Stage 4,0.6469345605925219,0.6469345605925219
58,122,Stage 3,Stage 3,1.2191180834968498e-16,0.9919170618790788
58,123,Stage 0,Stage 0,1.0917952327538768e-17,0.9797625711274077
58,124,Stage 2,Stage 2,0.24980847187399974,0.7417443057242193
58,125,Stage 3,Stage 3,1.2191180834968498e-16,0.9919170618790788
58,126,Stage 3,Stage 3,1.2350856910944272e-16,0.9918599613674226
58,127,Stage 0,Stage 0,1.1301742154759131e-17,0.9799618826757773
58,128,Stage 3,Stage 3,1.0890817023967896e-16,0.9923955463734103
58,129,Stage 0,Stage 0,8.730178494540156e-20,0.9913149587076621
58,130,Stage 1,Stage 1,0.010650410474946151,0.9893495895246947
58,131,Stage 0,Stage 0,7.871846612705421e-20,0.9908610256439977
58,132,Stage 0,Stage 0,1.1698882641106724e-17,0.9801494726886073
58,133,Stage 1,Stage 1,0.01112758781182487,0.9888724121877818
58,134,Stage 2,Stage 2,0.24499124883316234,0.7463941075463413
58,135,Stage 0,Stage 0,7.620256139689083e-20,0.9907045359007585
58,136,Stage 0,Stage 0,8.891026655718003e-20,0.9913883604290891
58,137,Stage 1,Stage 1,0.010682659255632243,0.9893173407440063
58,138,Stage 2,Stage 2,0.24349826524823048,0.7478324498769883
58,139,Stage 0,Stage 0,1.1794317683016291e-17,0.9801919536097496
58,140,Stage 2,Stage 2,0.23495619552549454,0.7560351692055192
58,141,Stage 1,Stage 1,0.01022436423784182,0.9897756357618281
58,142,Stage 3,Stage 3,1.182656670751496e-16,0.9920487529320827
58,143,Stage 0,Stage 0,1.0633194426226272e-17,0.9796019781782698
58,144,Stage 3,Stage 3,1.3238367348768738e-16,0.9915485871160096
58,145,Stage 2,Stage 2,0.23729258819557023,0.7537962701326412
58,146,Stage 0,Stage 0,1.0184789518815859e-19,0.9918772199682381
58,147,Stage 2,Stage 2,0.24469217859954617,0.7466823388248103
58,148,Stage 3,Stage 3,1.358734468873573e-16,0.9914287951387487
58,149,Stage 4,Stage 4,0.6620659836365324,0.6620659836365324
58,150,Stage 2,Stage 2,0.23699970193708064,0.7540771334363139
58,151,Stage 3,Stage 3,9.813687079332313e-17,0.992812180138039
58,152,Stage 2,Stage 2,0.2513262029042564,0.740276604430418
58,153,Stage 4,Stage 4,0.6504896468507623,0.6504896468507623
58,154,Stage 0,Stage 0,8.801306274854312e-20,0.9913478200055159
58,155,Stage 1,Stage 1,0.010570209254036733,0.9894297907456097
58,156,Stage 1,Stage 1,0.010602217792817763,0.9893977822068264
58,157,Stage 2,Stage 2,0.24112182351621533,0.750119128152762
58,158,Stage 1,Stage 1,0.010845357674872167,0.9891546423247549
58,159,Stage 1,Stage 1,0.01022436423784182,0.9897756357618281
58,160,Stage 4,Stage 4,0.6582341597389156,0.6582341597389156
58,161,Stage 2,Stage 2,0.2510221877948732,0.7405706998731459
58,162,Stage 0,Stage 0,8.264784773209078e-20,0.9910829017524949
58,163,Stage 4,Stage 4,0.6710127341611202,0.6710127341611202
58,164,Stage 0,Stage 0,8.264784773209078e-20,0.9910829017524949
58,165,Stage 0,Stage 0,1.1794317683016291e-17,0.9801919536097496
58,166,Stage 3,Stage 3,1.3765259292095088e-16,0.9913682681373117
58,167,Stage 2,Stage 2,0.25407286382189126,0.7376172934546089
58,168,Stage 1,Stage 1,0.011077260096893788,0.9889227399027167
58,169,Stage 2,Stage 2,0.25529966794781866,0.7364282061932163
58,170,Stage 2,Stage 2,0.25376674520975356,0.7379138770083318
58,171,Stage 4,Stage 4,0.6624129717872749,0.6624129717872749
58,172,Stage 0,Stage 0,8.537509825055995e-20,0.9912225947871058
58,173,Stage 0,Stage 0,1.2844145311242713e-17,0.9806015333878619
58,174,Stage 0,Stage 0,1.2922581741193185e-17,0.9806283277652365
58,175,Stage 0,Stage 0,1.2433718978351717e-17,0.9804531897659231
58,176,Stage 4,Stage 4,0.6631062637382018,0.6631062637382018
58,177,Stage 0,Stage 0,8.383019973218452e-20,0.9911448085800331
58,178,Stage 0,Stage 0,1.1842323931121614e-17,0.9802129610796981
58,179,Stage 0,Stage 0,8.08232602695753e-20,0.9909830830405886
58,180,Stage 3,Stage 3,1.1775374791176718e-16,0.9920673910242831
58,181,Stage 1,Stage 1,0.010193484701858406,0.9898065152978135
58,182,Stage 2,Stage 2,0.24739231790083466,0.7440781543687385
58,183,Stage 3,Stage 3,1.1129654999199453e-16,0.9923057703964012
58,184,Stage 0,Stage 0,9.128577989666076e-20,0.9914910221400364
58,185,Stage 0,Stage 0,9.240335312278755e-20,0.9915370914012563
58,186,Stage 0,Stage 0,9.74055263219065e-20,0.9917274537885016
58,187,Stage 4,Stage 4,0.6444333127625962,0.6444333127625962
58,188,Stage 4,Stage 4,0.6568340251051958,0.6568340251051958
58,189,Stage 0,Stage 0,8.502936028786359e-20,0.9912054829556842
58,190,Stage 1,Stage 1,0.010395863773007857,0.9896041362266504
58,191,Stage 1,Stage 1,0.01092762352100488,0.9890723764786162
58,192,Stage 4,Stage 4,0.6631062637382018,0.6631062637382018
58,193,Stage 4,Stage 4,0.6624129717872749,0.6624129717872749
58,194,Stage 1,Stage 1,0.010147338384412171,0.9898526616152628
58,195,Stage 3,Stage 3,1.3124039917685881e-16,0.9915881469760511
58,196,Stage 4,Stage 4,0.6662147213624142,0.6662147213624142
58,197,Stage 3,Stage 3,1.1178046055617763e-16,0.9922876891449864
58,198,Stage 0,Stage 0,1.3403271942194456e-17,0.9807825040987755
58,199,Stage 1,Stage 1,0.009934708297490292,0.9900652917021984
58,200,Stage 2,Stage 2,0.25376674520975356,0.7379138770083318
58,201,Stage 0,Stage 0,8.537509825055995e-20,0.9912225947871058
58,202,Stage 0,Stage 0,7.776547684508104e-20,0.9908031635810329
58,203,Stage 0,Stage 0,8.383019973218452e-20,0.9911448085800331
58,204,Stage 0,Stage 0,1.2509671095305227e-17,0.9804817100663608
58,205,Stage 0,Stage 0,8.248029864283356e-20,0.9910739561908304
58,206,Stage 3,Stage 3,1.3765259292095088e-16,0.9913682681373117
58,207,Stage 0,Stage 0,7.903870012013863e-20,0.9908800968125381
58,208,Stage 4,Stage 4,0.6648354863636098,0.6648354863636098
58,209,Stage 3,Stage 3,1.6230499434520907e-16,0.990563840805628
58,210,Stage 0,Stage 0,9.391464264113023e-20,0.9915972525102162
58,211,Stage 1,Stage 1,0.01077998626851497,0.9892200137311167
58,212,Stage 0,Stage 0,8.589632680577147e-20,0.9912480777611306
58,213,Stage 0,Stage 0,8.434205362983467e-20,0.9911709616824874
58,214,Stage 0,Stage 0,8.963457180159048e-20,0.9914203679064144
58,215,Stage 0,Stage 0,1.3107451416612386e-17,0.9806896181480723
58,216,Stage 0,Stage 0,1.1463627604673688e-17,0.9800405210137864
58,217,Stage 0,Stage 0,8.181347082197737e-20,0.991037917355354
58,218,Stage 1,Stage 1,0.009594923131284112,0.9904050768684263
58,219,Stage 2,Stage 2,0.25962273068952946,0.7322318691216054
58,220,Stage 0,Stage 0,8.730178494540156e-20,0.9913149587076621
58,221,Stage 4,Stage 4,0.6596307099883298,0.6596307099883298
58,222,Stage 3,Stage 3,1.3825079034017648e-16,0.991347998269653
58,223,Stage 1,Stage 1,0.009785535986405131,0.9902144640132933
58,224,Stage 0,Stage 0,8.315252702436151e-20,0.9911095853926171
58,225,Stage 0,Stage 0,8.298396123902237e-20,0.9911007162968369
58,226,Stage 1,Stage 1,0.010993880271143848,0.9890061197284729
58,227,Stage 4,Stage 4,0.6550788492381099,0.6550788492381099
58,228,Stage 0,Stage 0,9.819863855246932e-20,0.9917554381440574
58,229,Stage 0,Stage 0,1.107439571025704e-17,0.9798460876036361
58,230,Stage 2,Stage 2,0.2562222135628668,0.735533505503506
58,231,Stage 1,Stage 1,0.009127416747430665,0.990872583252308
58,232,Stage 1,Stage 1,0.009726489938492407,0.9902735100612097
58,233,Stage 0,Stage 0,1.2283182899635144e-17,0.9803951564718821
58,234,Stage 0,Stage 0,9.681487677796197e-20,0.9917062414926595
58,235,Stage 4,Stage 4,0.6610236544185378,0.6610236544185378
58,236,Stage 0,Stage 0,8.730178494540156e-20,0.9913149587076621
58,237,Stage 3,Stage 3,1.3353688209667664e-16,0.9915088424241372
58,238,Stage 1,Stage 1,0.009624007050878763,0.9903759929488298
58,239,Stage 0,Stage 0,9.202932517534232e-20,0.9915218259744493
58,240,Stage 0,Stage 0,1.387352089176905e-17,0.9809180158781412
58,241,Stage 2,Stage 2,0.273822365842087,0.7183855645380248
58,242,Stage 1,Stage 1,0.009436510639765031,0.9905634893599552
58,243,Stage 2,Stage 2,0.24618989427922633,0.7452383736766981
58,244,Stage 3,Stage 3,1.5882525403016033e-16,0.9906737959010864
58,245,Stage 4,Stage 4,0.6761021226382252,0.6761021226382252
58,246,Stage 3,Stage 3,1.6301001252263617e-16,0.990541695868044
58,247,Stage 0,Stage 0,9.073204391193619e-20,0.9914676788149698
58,248,Stage 1,Stage 1,0.009308829408469714,0.9906911705912582
58,249,Stage 0,Stage 0,1.1604212392084036e-17,0.9801063660243678
58,250,Stage 0,Stage 0,9.410527400285663e-20,0.9916046721498973
58,251,Stage 0,Stage 0,9.681487677796197e-20,0.9917062414926595
58,252,Stage 4,Stage 4,0.6818046330432872,0.6818046330432872
58,253,Stage 3,Stage 3,1.5882525403016033e-16,0.9906737959010864
58,254,Stage 1,Stage 1,0.009465118971863792,0.9905348810278547
58,255,Stage 2,Stage 2,0.26055499610603355,0.7313257011092654
58,256,Stage 3,Stage 3,1.450045805823419e-16,0.9911218851945769
58,257,Stage 0,Stage 0,1.1914696397497982e-17,0.9802441829037015
58,258,Stage 2,Stage 2,0.25560695075066314,0.7361302470889537
58,259,Stage 2,Stage 4,0.6903884703773165,0.6903884703773165
58,260,Stage 1,Stage 1,0.009337054302621687,0.9906629456971044
58,261,Stage 0,Stage 0,1.0246908837687985e-19,0.9918968690858989
58,262,Stage 1,Stage 1,0.009741218293934874,0.9902587817057664
58,263,Stage 4,Stage 4,0.6867774072627466,0.6867774072627466
58,264,Stage 3,Stage 3,1.400609848735023e-16,0.9912869045482736
58,265,Stage 1,Stage 1,0.009182859759745504,0.9908171402399898
58,266,Stage 0,Stage 0,1.2560561077266288e-17,0.9805005411964006
58,267,Stage 2,Stage 4,0.7000805174794553,0.7000805174794553
58,268,Stage 0,Stage 0,8.383019973218452e-20,0.9911448085800331
58,269,Stage 0,Stage 0,9.31559500739439e-20,0.9915673512795624
58,270,Stage 0,Stage 0,1.345776431263147e-17,0.9807989486918249
58,271,Stage 2,Stage 2,0.26399099922780783,0.7279822367497033
58,272,Stage 3,Stage 3,1.96397079672095e-16,0.9895390684764639
58,273,Stage 0,Stage 0,1.2896383652677683e-17,0.9806194316431087
58,274,Stage 1,Stage 1,0.009436510639765031,0.9905634893599552
58,275,Stage 2,Stage 4,0.6877652528474243,0.6877652528474243
58,276,Stage 0,Stage 0,9.467948022119981e-20,0.9916267982512464
58,277,Stage 2,Stage 4,0.6962314150381189,0.6962314150381189
58,278,Stage 0,Stage 0,9.506421893692317e-20,0.9916414387921917
58,279,Stage 0,Stage 0,1.3929909022986644e-17,0.9809333300971613
58,280,Stage 0,Stage 0,1.086717618107387e-19,0.9920776109680457
58,281,Stage 0,Stage 0,1.0020963784044093e-19,0.9918239240460098
59,1,Stage 3,Stage 3,1.3124039917685881e-16,0.9915881469760511
59,2,Stage 0,Stage 0,1.1440361322670744e-17,0.9800294075079312
59,3,Stage 0,Stage 0,9.018164793258518e-20,0.991444127864863
59,4,Stage 2,Stage 2,0.2630511561301873,0.7288973306033367
59,5,Stage 0,Stage 0,1.4360129642798906e-17,0.9810440699015562
59,6,Stage 0,Stage 0,1.334899836858545e-17,0.9807659238302157
59,7,Stage 0,Stage 0,1.225826972046872e-17,0.9803853546585779
59,8,Stage 0,Stage 0,1.3241104099992208e-17,0.9807323539623602
59,9,Stage 1,Stage 1,0.010132002273315599,0.9898679977263604
59,10,Stage 0,Stage 0,9.429629020165823e-20,0.9916120696206802
59,11,Stage 0,Stage 0,1.2792116712707507e-17,0.9805834932838356
59,12,Stage 1,Stage 1,0.009919690322993174,0.9900803096766966
59,13,Stage 4,Stage 4,0.6828036358362569,0.6828036358362569
59,14,Stage 2,Stage 2,0.24320037930785227,0.7481192732467521
59,15,Stage 0,Stage 0,1.2333159853244846e-17,0.9804146486997954
59,16,Stage 3,Stage 3,1.8087761916968798e-16,0.9899944682807489
59,17,Stage 1,Stage 1,0.01077998626851497,0.9892200137311167
59,18,Stage 0,Stage 0,9.603288243117046e-20,0.9916776572976473
59,19,Stage 3,Stage 3,1.3411723860435234e-16,0.9914889005006022
59,20,Stage 1,Stage 1,0.009422238607239732,0.9905777613924814
59,21,Stage 0,Stage 0,1.2818104846848726e-17,0.9805925311045903
59,22,Stage 0,Stage 0,1.3267996330712023e-17,0.9807407977763951
59,23,Stage 0,Stage 0,1.2408503290790025e-17,0.9804436097268838
59,24,Stage 3,Stage 3,1.595151985996128e-16,0.9906519071036988
59,25,Stage 1,Stage 1,0.010570209254036733,0.9894297907456097
59,26,Stage 0,Stage 0,9.036474339409728e-20,0.9914520013362089
59,27,Stage 0,Stage 0,1.334899836858545e-17,0.9807659238302157
59,28,Stage 0,Stage 0,9.78012826822886e-20,0.9917414884816289
59,29,Stage 2,Stage 2,0.2715834339697196,0.7205748155048869
59,30,Stage 1,Stage 1,0.009580413828657553,0.9904195861710536
59,31,Stage 2,Stage 2,0.25838293997313205,0.7334362852539207
59,32,Stage 2,Stage 2,0.26682285394722827,0.7252224515864604
59,33,Stage 0,Stage 0,9.296723129296975e-20,0.9915598200571972
59,34,Stage 3,Stage 3,1.5474763695087082e-16,0.9908040643215447
59,35,Stage 2,Stage 2,0.26777089964490897,0.7242977080088484
59,36,Stage 0,Stage 0,1.2484302778220652e-17,0.9804722398578325
59,37,Stage 0,Stage 0,8.801306274854312e-20,0.9913478200055159
59,38,Stage 4,Stage 4,0.6851260097867461,0.6851260097867461
59,39,Stage 0,Stage 0,9.31559500739439e-20,0.9915673512795624
59,40,Stage 1,Stage 1,0.009697099346223191,0.9903029006534809
59,41,Stage 4,Stage 4,0.6571843936202091,0.6571843936202091
59,42,Stage 4,Stage 4,0.6747502014389875,0.6747502014389875
59,43,Stage 4,Stage 4,0.7023085587129587,0.7023085587129587
59,44,Stage 0,Stage 0,1.3761422954353124e-17,0.9808869942214414
59,45,Stage 3,Stage 3,1.8166306727860768e-16,0.9899709977975176
59,46,Stage 3,Stage 3,1.717122375802452e-16,0.990271899376191
59,47,Stage 0,Stage 0,8.945294736894336e-20,0.9914124012335139
59,48,Stage 2,Stage 2,0.24201120808473084,0.7492637439240315
59,49,Stage 3,Stage 3,1.7623552995965684e-16,0.9901341512781187
59,50,Stage 0,Stage 0,1.3027902691056307e-17,0.9806635606276816
59,51,Stage 0,Stage 0,1.1890523699457152e-17,0.9802338141035823
59,52,Stage 1,Stage 1,0.010270857205587213,0.9897291427940793
59,53,Stage 0,Stage 0,8.502936028786359e-20,0.9912054829556842
59,54,Stage 4,Stage 4,0.6861175951342289,0.6861175951342289
59,55,Stage 1,Stage 1,0.009919690322993174,0.9900803096766966
59,56,Stage 3,Stage 3,1.2458465006915191e-16,0.9918216718281889
59,57,Stage 4,Stage 4,0.6814711408851148,0.6814711408851148
59,58,Stage 3,Stage 3,1.5541991621913235e-16,0.9907824790492394
59,59,Stage 2,Stage 2,0.24890064996130676,0.7426215901757899
59,60,Stage 4,Stage 4,0.6757645023331529,0.6757645023331529
59,61,Stage 0,Stage 0,1.1255906292975992e-17,0.9799390508848048
59,62,Stage 0,Stage 0,1.334899836858545e-17,0.9807659238302157
59,63,Stage 1,Stage 1,0.009351198523028188,0.990648801476697
59,64,Stage 2,Stage 2,0.24859851280195477,0.7429134611599754
59,65,Stage 1,Stage 1,0.009934708297490292,0.9900652917021984
59,66,Stage 4,Stage 4,0.6740728038490408,0.6740728038490408
59,67,Stage 3,Stage 3,1.4690296916016509e-16,0.9910592059180846
59,68,Stage 1,Stage 1,0.009785535986405131,0.9902144640132933
59,69,Stage 2,Stage 2,0.2546858002072975,0.7370233000449775
59,70,Stage 3,Stage 3,1.6442922357028973e-16,0.9904972511332645
59,71,Stage 0,Stage 0,1.3001492951251741e-17,0.9806548050070074
59,72,Stage 4,Stage 4,0.6834684068082958,0.6834684068082958
59,73,Stage 0,Stage 0,1.0933436775449487e-19,0.9920953808445817
59,74,Stage 2,Stage 4,0.6606757575215213,0.6606757575215213
59,75,Stage 0,Stage 0,8.642071827046151e-20,0.9912733403140861
59,76,Stage 4,Stage 4,0.6679335525769413,0.6679335525769413
59,77,Stage 0,Stage 0,8.607077158031066e-20,0.9912565230310001
59,78,Stage 3,Stage 3,1.3765259292095088e-16,0.9913682681373117
59,79,Stage 0,Stage 0,8.607077158031066e-20,0.9912565230310001
59,80,Stage 0,Stage 0,8.891026655718003e-20,0.9913883604290891
59,81,Stage 4,Stage 4,0.6744116221435149,0.6744116221435149
59,82,Stage 0,Stage 0,8.589632680577147e-20,0.9912480777611306
59,83,Stage 0,Stage 0,9.701136302956587e-20,0.9917133336883921
59,84,Stage 0,Stage 0,8.927168884212394e-20,0.9914044111309707
59,85,Stage 0,Stage 0,9.839791832389827e-20,0.991762381205879
59,86,Stage 0,Stage 0,9.202932517534232e-20,0.9915218259744493
59,87,Stage 3,Stage 3,1.7096969154466563e-16,0.9902946711314999
59,88,Stage 0,Stage 0,8.873010132836583e-20,0.9913802997255212
59,89,Stage 0,Stage 0,9.334504982898171e-20,0.9915748600865903
59,90,Stage 0,Stage 0,9.919906859254658e-20,0.9917899427447266
59,91,Stage 0,Stage 0,1.43892752315068e-17,0.9810511974896002
59,92,Stage 2,Stage 2,0.24950562961173267,0.7420370122733596
59,93,Stage 2,Stage 2,0.24023457934052553,0.7509719625722814
59,94,Stage 0,Stage 0,8.909079548356597e-20,0.9913963975468475
59,95,Stage 0,Stage 0,1.5229617817351255e-17,0.9812382176917146
59,96,Stage 3,Stage 3,1.5077442951527206e-16,0.9909325261098706
59,97,Stage 0,Stage 0,9.980418687985998e-20,0.9918103939525855
59,98,Stage 3,Stage 3,1.8403987379288522e-16,0.9899002581759518
59,99,Stage 0,Stage 0,9.859760040023931e-20,0.9917693031503555
59,100,Stage 4,Stage 4,0.6867774072627466,0.6867774072627466
59,101,Stage 0,Stage 0,9.184287616612198e-20,0.9915141592139521
59,102,Stage 1,Stage 1,0.009682437044737417,0.9903175629549675
59,103,Stage 3,Stage 3,1.6371808454090327e-16,0.990519499349954
59,104,Stage 3,Stage 3,1.6160301689452604e-16,0.9905859342805401
59,105,Stage 0,Stage 0,9.487165560123325e-20,0.9916341295085987
59,106,Stage 4,Stage 4,0.6564834339169144,0.6564834339169144
59,107,Stage 3,Stage 3,1.7023034736543948e-16,0.9903173899928813
59,108,Stage 4,Stage 4,0.6857873153651937,0.6857873153651937
59,109,Stage 2,Stage 2,0.2507184070185569,0.7408645179111736
59,110,Stage 0,Stage 0,1.3705711332982504e-17,0.980871285673887
59,111,Stage 4,Stage 4,0.6959089791515093,0.6959089791515093
59,112,Stage 0,Stage 0,9.128577989666076e-20,0.9914910221400364
59,113,Stage 1,Stage 1,0.010025289971866769,0.9899747100278161
59,114,Stage 1,Stage 1,0.009785535986405131,0.9902144640132933
59,115,Stage 1,Stage 1,0.009815191961509888,0.9901848080381868
59,116,Stage 1,Stage 1,0.010411595072169162,0.9895884049274881
59,117,Stage 3,Stage 3,1.6090406711241925e-16,0.9906079764103551
59,118,Stage 3,Stage 3,1.481823122744664e-16,0.991017175804803
59,119,Stage 0,Stage 0,1.0061672751189167e-19,0.9918373713306831
59,120,Stage 3,Stage 3,2.0867550098359242e-16,0.9891904151610083
59,121,Stage 1,Stage 1,0.009266650467382977,0.9907333495323475
59,122,Stage 0,Stage 0,1.3001492951251741e-17,0.9806548050070074
59,123,Stage 2,Stage 4,0.6834684068082958,0.6834684068082958
59,124,Stage 4,Stage 4,0.6841321904490448,0.6841321904490448
59,125,Stage 2,Stage 2,0.2674546575569374,0.7246062225826132
59,126,Stage 4,Stage 4,0.680803421430519,0.680803421430519
59,127,Stage 1,Stage 1,0.009238636411599783,0.9907613635881323
59,128,Stage 4,Stage 4,0.7089154140526127,0.7089154140526127
59,129,Stage 0,Stage 0,8.891026655718003e-20,0.9913883604290891
59,130,Stage 2,Stage 2,0.2715834339697196,0.7205748155048869
59,131,Stage 0,Stage 0,1.0164166460138794e-19,0.9918706296415938
59,132,Stage 2,Stage 2,0.2577644313843381,0.734036857719782
59,133,Stage 2,Stage 4,0.7019910504556833,0.7019910504556833
59,134,Stage 0,Stage 0,8.945294736894336e-20,0.9914124012335139
59,135,Stage 3,Stage 3,1.595151985996128e-16,0.9906519071036988
59,136,Stage 3,Stage 3,1.7471471725679526e-16,0.9901802809920105
59,137,Stage 2,Stage 4,0.6761021226382252,0.6761021226382252
59,138,Stage 3,Stage 3,1.2458465006915191e-16,0.9918216718281889
59,139,Stage 2,Stage 2,0.26461870437079427,0.7273708287647475
59,140,Stage 0,Stage 0,1.3733539125597752e-17,0.9808791564823001
59,141,Stage 1,Stage 1,0.00949381320356987,0.990506186796147
59,142,Stage 0,Stage 0,9.760320496659151e-20,0.99173448178738
59,143,Stage 0,Stage 0,1.3594958274275112e-17,0.9808394703467559
59,144,Stage 2,Stage 4,0.6968755151177335,0.6968755151177335
59,145,Stage 4,Stage 4,0.6929955259593715,0.6929955259593715
59,146,Stage 4,Stage 4,0.6864476258577634,0.6864476258577634
59,147,Stage 0,Stage 0,1.3054365610429585e-17,0.9806722813087887
59,148,Stage 2,Stage 4,0.6791298478289639,0.6791298478289639
59,149,Stage 4,Stage 4,0.6824708808016353,0.6824708808016353
59,150,Stage 1,Stage 1,0.008990256064907281,0.9910097439348394
59,151,Stage 0,Stage 0,1.086717618107387e-19,0.9920776109680457
59,152,Stage 2,Stage 2,0.2822336881653827,0.7101422458590271
59,153,Stage 3,Stage 3,2.1049093628883173e-16,0.9891396761490543
59,154,Stage 2,Stage 2,0.28256016961490216,0.7098217130608915
59,155,Stage 1,Stage 1,0.008461744087796381,0.9915382559119801
59,156,Stage 3,Stage 3,1.694941912972815e-16,0.9903400560810536
59,157,Stage 0,Stage 0,9.940036803056258e-20,0.9917967806843048
59,158,Stage 0,Stage 0,1.4014917739691513e-17,0.9809560572150945
59,159,Stage 2,Stage 4,0.6975185846169477,0.6975185846169477
59,160,Stage 0,Stage 0,1.6582307316456168e-17,0.9814754833256575
59,161,Stage 2,Stage 2,0.2917893986324971,0.7007439302410401
59,162,Stage 0,Stage 0,9.839791832389827e-20,0.991762381205879
59,163,Stage 3,Stage 3,2.1696982781896566e-16,0.9889602237014242
59,164,Stage 0,Stage 0,1.595620247233045e-17,0.9813743534453423
59,165,Stage 0,Stage 0,1.4535885902983276e-17,0.9810863641899918
59,166,Stage 0,Stage 0,9.642309106611137e-20,0.9916919925727748
59,167,Stage 0,Stage 0,1.0184789518815859e-19,0.9918772199682381
59,168,Stage 0,Stage 0,1.0414409617945719e-19,0.9919483809081383
59,169,Stage 2,Stage 2,0.303219081994907,0.6894597187185033
59,170,Stage 0,Stage 0,1.1293677984670119e-19,0.9921873179895239
59,171,Stage 1,Stage 1,0.008184314972819772,0.9918156850269716
59,172,Stage 0,Stage 0,1.0757628892433757e-19,0.9920476148098398
59,173,Stage 1,Stage 1,0.008788335824128789,0.9912116641756296
59,174,Stage 3,Stage 3,1.7395922516220998e-16,0.9902032655355302
59,175,Stage 3,Stage 3,1.694941912972815e-16,0.9903400560810536
59,176,Stage 1,Stage 1,0.008147189381315244,0.9918528106184781
59,177,Stage 2,Stage 4,0.708603450588757,0.708603450588757
61,1,Stage 3,Stage 3,1.4563464239206133e-16,0.9911010407392757
61,2,Stage 3,Stage 3,1.1275458834803555e-16,0.9922513998102035
61,3,Stage 1,Stage 1,0.010086131453090964,0.9899138685465878
61,4,Stage 0,Stage 0,8.366026874290211e-20,0.9911360406503251
61,5,Stage 1,Stage 1,0.010634322217571969,0.9893656777820701
61,6,Stage 4,Stage 4,0.6462209773299379,0.6462209773299379
61,7,Stage 4,Stage 4,0.6526123321234967,0.6526123321234967
61,8,Stage 2,Stage 2,0.23876060211790226,0.7523876745982604
61,9,Stage 1,Stage 1,0.010570209254036733,0.9894297907456097
61,10,Stage 0,Stage 0,7.436819176256342e-20,0.9905824918461424
61,11,Stage 1,Stage 1,0.010239838704654338,0.9897601612950144
61,12,Stage 3,Stage 3,1.3353688209667664e-16,0.9915088424241372
61,13,Stage 2,Stage 2,0.2580735699978759,0.7337367079548769
61,14,Stage 3,Stage 3,1.450045805823419e-16,0.9911218851945769
61,15,Stage 1,Stage 1,0.010522375619475317,0.9894776243801744
61,16,Stage 0,Stage 0,8.400047374762764e-20,0.9911535513581672
61,17,Stage 1,Stage 1,0.010861761694597969,0.9891382383050279
61,18,Stage 0,Stage 0,8.572223346466714e-20,0.9912396080001131
61,19,Stage 2,Stage 2,0.2549926177230726,0.7367258905770219
61,20,Stage 0,Stage 0,8.502936028786359e-20,0.9912054829556842
61,21,Stage 0,Stage 0,1.2085273632587744e-17,0.9803156948360203
61,22,Stage 4,Stage 4,0.6568340251051958,0.6568340251051958
61,23,Stage 2,Stage 2,0.2393494780139037,0.7518222425992226
61,24,Stage 2,Stage 2,0.22946878179444313,0.76127884583001
61,25,Stage 0,Stage 0,1.2383338275301069e-17,0.980433992921724
61,26,Stage 0,Stage 0,8.677207923103145e-20,0.9912900602817227
61,27,Stage 0,Stage 0,8.659622161005087e-20,0.9912817124353902
61,28,Stage 4,Stage 4,0.6672467173234601,0.6672467173234601
61,29,Stage 2,Stage 2,0.25962273068952946,0.7322318691216054
61,30,Stage 0,Stage 0,9.410527400285663e-20,0.9916046721498973
61,31,Stage 0,Stage 0,8.315252702436151e-20,0.9911095853926171
61,32,Stage 4,Stage 4,0.6679335525769413,0.6679335525769413
61,33,Stage 0,Stage 0,8.819178050352503e-20,0.9913559755764396
61,34,Stage 4,Stage 4,0.6672467173234601,0.6672467173234601
61,35,Stage 0,Stage 0,1.2458985440066693e-17,0.9804627331169338
61,36,Stage 3,Stage 3,1.5274815003928008e-16,0.9908685194963217
61,37,Stage 2,Stage 2,0.23699970193708064,0.7540771334363139
61,38,Stage 1,Stage 1,0.010474756156049585,0.9895252438436032
61,39,Stage 3,Stage 3,1.1373718571281658e-16,0.9922149407159155
61,40,Stage 0,Stage 0,1.2408503290790025e-17,0.9804436097268838
61,41,Stage 2,Stage 2,0.2574555242711091,0.7343367343480506
61,42,Stage 1,Stage 1,0.011077260096893788,0.9889227399027167
61,43,Stage 3,Stage 3,1.3646393226964299e-16,0.9914086664638717
61,44,Stage 0,Stage 0,1.1770386885997358e-17,0.9801813917513598
61,45,Stage 0,Stage 0,8.502936028786359e-20,0.9912054829556842
61,46,Stage 1,Stage 1,0.010506478714620649,0.9894935212850299
61,47,Stage 3,Stage 3,1.3010697391296376e-16,0.9916275228510862
61,48,Stage 3,Stage 3,1.1877980648709117e-16,0.992030071312075
61,49,Stage 0,Stage 0,1.2948832582911525e-17,0.9806371886501871
61,50,Stage 0,Stage 0,1.2036291946697048e-17,0.9802954530549376
61,51,Stage 3,Stage 3,1.147283260253339e-16,0.992178311078784
61,52,Stage 1,Stage 1,0.010682659255632243,0.9893173407440063
61,53,Stage 3,Stage 3,1.2033564236264058e-16,0.9919737642817119
61,54,Stage 2,Stage 2,0.26117765773469015,0.7307202322083483
61,55,Stage 4,Stage 4,0.6550788492381099,0.6550788492381099
61,56,Stage 0,Stage 0,1.107439571025704e-17,0.9798460876036361
61,57,Stage 2,Stage 2,0.2470913581649781,0.7443686290769289
61,58,Stage 0,Stage 0,8.589632680577147e-20,0.9912480777611306
61,59,Stage 1,Stage 1,0.010977278933178153,0.9890227210664396
61,60,Stage 1,Stage 1,0.009815191961509888,0.9901848080381868
61,61,Stage 0,Stage 0,9.202932517534232e-20,0.9915218259744493
61,62,Stage 1,Stage 1,0.010861761694597969,0.9891382383050279
61,63,Stage 0,Stage 0,8.434205362983467e-20,0.9911709616824874
61,64,Stage 0,Stage 0,9.564424452170319e-20,0.9916632352849312
61,65,Stage 2,Stage 2,0.2627383329464713,0.7292018228758231
61,66,Stage 1,Stage 1,0.010040466198299552,0.9899595338013824
61,67,Stage 4,Stage 4,0.6575345391229066,0.6575345391229066
61,68,Stage 3,Stage 3,1.3010697391296376e-16,0.9916275228510862
61,69,Stage 0,Stage 0,8.46850139491943e-20,0.9911882720675684
61,70,Stage 0,Stage 0,1.3160751229419032e-17,0.9807068161147312
61,71,Stage 4,Stage 4,0.6634525668851401,0.6634525668851401
61,72,Stage 2,Stage 2,0.23846652192724804,0.752669963690234
61,73,Stage 2,Stage 2,0.23148036741908581,0.7593590784021307
61,74,Stage 4,Stage 4,0.6655255657097157,0.6655255657097157
61,75,Stage 3,Stage 3,1.182656670751496e-16,0.9920487529320827
61,76,Stage 0,Stage 0,9.091625046287896e-20,0.9914754829247348
61,77,Stage 1,Stage 1,0.010333173429814414,0.9896668265698481
61,78,Stage 2,Stage 2,0.24769351334270256,0.7437874000410787
61,79,Stage 0,Stage 0,8.572223346466714e-20,0.9912396080001131
61,80,Stage 4,Stage 4,0.6533181492369667,0.6533181492369667
61,81,Stage 0,Stage 0,1.3160751229419032e-17,0.9807068161147312
61,82,Stage 0,Stage 0,9.819863855246932e-20,0.9917554381440574
61,83,Stage 2,Stage 2,0.24171450889478283,0.7495491550278278
61,84,Stage 4,Stage 4,0.6784587144467115,0.6784587144467115
61,85,Stage 0,Stage 0,1.2714465240792793e-17,0.9805561658408186
61,86,Stage 0,Stage 0,8.315252702436151e-20,0.9911095853926171
61,87,Stage 1,Stage 1,0.010193484701858406,0.9898065152978135
61,88,Stage 3,Stage 3,1.251261927284667e-16,0.9918024599916467
61,89,Stage 1,Stage 1,0.01011668910345674,0.9898833108962201
61,90,Stage 3,Stage 3,1.2954392823164148e-16,0.9916471420578322
61,91,Stage 1,Stage 1,0.010286401307716946,0.9897135986919489
61,92,Stage 2,Stage 2,0.24171450889478283,0.7495491550278278
61,93,Stage 3,Stage 3,1.4947276702364524e-16,0.9909749495023996
61,94,Stage 0,Stage 0,8.434205362983467e-20,0.9911709616824874
61,95,Stage 3,Stage 3,1.3010697391296376e-16,0.9916275228510862
61,96,Stage 2,Stage 2,0.2507184070185569,0.7408645179111736
61,97,Stage 0,Stage 0,8.801306274854312e-20,0.9913478200055159
61,98,Stage 2,Stage 2,0.23321396116777354,0.7577023030926037
61,99,Stage 0,Stage 0,7.855883279549936e-20,0.9908514496749214
61,100,Stage 4,Stage 4,0.6610236544185378,0.6610236544185378
61,101,Stage 0,Stage 0,8.712486018094915e-20,0.9913066833643034
61,102,Stage 3,Stage 3,1.388515806678279e-16,0.9913276811213593
61,103,Stage 3,Stage 3,1.3067246071376175e-16,0.9916078578589149
61,104,Stage 1,Stage 1,0.01077998626851497,0.9892200137311167
61,105,Stage 0,Stage 0,1.1533707909951219e-17,0.9800736221575791
61,106,Stage 0,Stage 0,9.410527400285663e-20,0.9916046721498973
61,107,Stage 2,Stage 2,0.24409474820536187,0.7472579575151554
61,108,Stage 3,Stage 3,1.2954392823164148e-16,0.9916471420578322
61,109,Stage 0,Stage 0,8.065938685064428e-20,0.9909738527081803
61,110,Stage 4,Stage 4,0.6727151467124962,0.6727151467124962
61,111,Stage 0,Stage 0,8.945294736894336e-20,0.9914124012335139
61,112,Stage 3,Stage 3,1.3945497509816846e-16,0.9913073165838424
61,113,Stage 4,Stage 4,0.6578844612749902,0.6578844612749902
61,114,Stage 3,Stage 3,1.3353688209667664e-16,0.9915088424241372
61,115,Stage 0,Stage 0,1.287023821130877e-17,0.9806105002089812
61,116,Stage 0,Stage 0,8.349068008831573e-20,0.9911272475131927
61,117,Stage 0,Stage 0,9.073204391193619e-20,0.9914676788149698
61,118,Stage 0,Stage 0,8.572223346466714e-20,0.9912396080001131
61,119,Stage 0,Stage 0,9.091625046287896e-20,0.9914754829247348
61,120,Stage 0,Stage 0,8.451336088651371e-20,0.9911796293397436
61,121,Stage 0,Stage 0,9.091625046287896e-20,0.9914754829247348
61,122,Stage 1,Stage 1,0.010698819849468869,0.9893011801501685
61,123,Stage 2,Stage 2,0.25163045222685015,0.7399822317710941
61,124,Stage 3,Stage 3,1.4626743465657863e-16,0.991080147684282
61,125,Stage 1,Stage 1,0.010239838704654338,0.9897601612950144
61,126,Stage 2,Stage 2,0.2661919588529908,0.7258376122776112
61,127,Stage 0,Stage 0,1.0041297742379242e-19,0.991830658016624
61,128,Stage 4,Stage 4,0.6744116221435149,0.6744116221435149
61,129,Stage 0,Stage 0,8.963457180159048e-20,0.9914203679064144
61,130,Stage 4,Stage 4,0.6716944091958587,0.6716944091958587
61,131,Stage 0,Stage 0,8.19796738548088e-20,0.9910469656665484
61,132,Stage 4,Stage 4,0.6716944091958587,0.6716944091958587
61,133,Stage 2,Stage 2,0.2593124366704646,0.7325333815492892
61,134,Stage 2,Stage 2,0.2565301933062086,0.7352347234159674
61,135,Stage 2,Stage 2,0.23817268035555245,0.7529519679552488
61,136,Stage 3,Stage 3,1.2244176046024672e-16,0.991898072745205
61,137,Stage 0,Stage 0,8.74790668622754e-20,0.9913232099902709
61,138,Stage 0,Stage 0,9.448769201481952e-20,0.9916194449715166
61,139,Stage 0,Stage 0,9.240335312278755e-20,0.9915370914012563
61,140,Stage 1,Stage 1,0.010178079564963655,0.9898219204347093
61,141,Stage 2,Stage 2,0.24920302226922736,0.7423294404854913
61,142,Stage 4,Stage 4,0.6733944514678334,0.6733944514678334
61,143,Stage 0,Stage 0,8.677207923103145e-20,0.9912900602817227
61,144,Stage 1,Stage 1,0.010570209254036733,0.9894297907456097
61,145,Stage 0,Stage 0,1.3187481657883642e-17,0.980715363204435
61,146,Stage 3,Stage 3,1.450045805823419e-16,0.9911218851945769
61,147,Stage 4,Stage 4,0.6740728038490408,0.6740728038490408
61,148,Stage 0,Stage 0,1.2233406605185289e-17,0.9803755156068993
61,149,Stage 0,Stage 0,1.225826972046872e-17,0.9803853546585779
61,150,Stage 0,Stage 0,1.2308146243540897e-17,0.9804049211259633
61,151,Stage 4,Stage 4,0.6634525668851401,0.6634525668851401
61,152,Stage 2,Stage 2,0.24920302226922736,0.7423294404854913
61,153,Stage 0,Stage 0,1.2134452772851683e-17,0.9803357854271768
61,154,Stage 0,Stage 0,8.659622161005087e-20,0.9912817124353902
61,155,Stage 3,Stage 3,1.3765259292095088e-16,0.9913682681373117
61,156,Stage 4,Stage 4,0.6451490121612311,0.6451490121612311
61,157,Stage 2,Stage 2,0.26242573894197413,0.729506045291669
61,158,Stage 2,Stage 2,0.24920302226922736,0.7423294404854913
61,159,Stage 4,Stage 4,0.6771135394147672,0.6771135394147672
61,160,Stage 0,Stage 0,9.073204391193619e-20,0.9914676788149698
61,161,Stage 1,Stage 1,0.010270857205587213,0.9897291427940793
61,162,Stage 1,Stage 1,0.010506478714620649,0.9894935212850299
61,163,Stage 2,Stage 2,0.2577644313843381,0.734036857719782
61,164,Stage 1,Stage 1,0.009667796696653437,0.9903322033030524
61,165,Stage 0,Stage 0,8.451336088651371e-20,0.9911796293397436
61,166,Stage 0,Stage 0,9.487165560123325e-20,0.9916341295085987
61,167,Stage 1,Stage 1,0.010395863773007857,0.9896041362266504
61,168,Stage 4,Stage 4,0.6557815848804494,0.6557815848804494
61,169,Stage 1,Stage 1,0.010715004626066438,0.9892849953735698
61,170,Stage 0,Stage 0,9.78012826822886e-20,0.9917414884816289
61,171,Stage 4,Stage 4,0.6723751379532624,0.6723751379532624
61,172,Stage 3,Stage 3,1.694941912972815e-16,0.9903400560810536
61,173,Stage 0,Stage 0,9.661878638945813e-20,0.9916991278032942
61,174,Stage 0,Stage 0,8.554849084858906e-20,0.9912311136935966
61,175,Stage 3,Stage 3,1.5142949392376147e-16,0.9909112402221542
61,176,Stage 2,Stage 2,0.25041486069432983,0.74115805835694
61,177,Stage 3,Stage 3,1.7547348082189654e-16,0.9901572429469798
61,178,Stage 2,Stage 2,0.25683840509560746,0.7349356673952726
61,179,Stage 3,Stage 3,1.192961757417986e-16,0.9920113460640221
61,180,Stage 0,Stage 0,8.400047374762764e-20,0.9911535513581672
61,181,Stage 4,Stage 4,0.6821378797765163,0.6821378797765163
61,182,Stage 0,Stage 0,1.2560561077266288e-17,0.9805005411964006
61,183,Stage 1,Stage 1,0.01074744686913522,0.9892525531304988
61,184,Stage 2,Stage 2,0.24529055562155658,0.7461055952146525
61,185,Stage 0,Stage 0,1.345776431263147e-17,0.9807989486918249
61,186,Stage 1,Stage 1,0.009407987955110443,0.9905920120446114
61,187,Stage 1,Stage 1,0.0105862015552074,0.9894137984444379
61,188,Stage 4,Stage 4,0.6733944514678334,0.6733944514678334
61,189,Stage 0,Stage 0,1.0670782977221649e-19,0.9920232731371034
61,190,Stage 2,Stage 2,0.25869254117066315,0.7331355898180756
61,191,Stage 2,Stage 2,0.2599332553644643,0.7319300847695427
61,192,Stage 3,Stage 3,1.7547348082189654e-16,0.9901572429469798
61,193,Stage 3,Stage 3,1.3945497509816846e-16,0.9913073165838424
61,194,Stage 0,Stage 0,1.2509671095305227e-17,0.9804817100663608
61,195,Stage 3,Stage 3,1.8087761916968798e-16,0.9899944682807489
61,196,Stage 3,Stage 3,1.3528551011267852e-16,0.9914488769649418
61,197,Stage 1,Stage 1,0.010055665165061838,0.9899443348346193
61,198,Stage 2,Stage 2,0.26556197357446565,0.7264517029193922
61,199,Stage 0,Stage 0,9.410527400285663e-20,0.9916046721498973
61,200,Stage 3,Stage 3,1.7245799927632027e-16,0.9902490746059706
61,201,Stage 4,Stage 4,0.6965535937765006,0.6965535937765006
61,202,Stage 0,Stage 0,9.410527400285663e-20,0.9916046721498973
61,203,Stage 0,Stage 0,1.3294942712957499e-17,0.9807492073107461
61,204,Stage 0,Stage 0,1.1202524931037835e-19,0.9921647765241491
61,205,Stage 0,Stage 0,9.545051261119675e-20,0.9916559916320165
61,206,Stage 2,Stage 2,0.25962273068952946,0.7322318691216054
61,207,Stage 3,Stage 3,1.5077442951527206e-16,0.9909325261098706
61,208,Stage 4,Stage 4,0.6575345391229066,0.6575345391229066
61,209,Stage 4,Stage 4,0.6923452845868395,0.6923452845868395
61,210,Stage 0,Stage 0,1.0082088893385625e-19,0.9918440640336889
61,211,Stage 0,Stage 0,1.0061672751189167e-19,0.9918373713306831
61,212,Stage 3,Stage 3,1.6803138880578172e-16,0.9903852304193212
61,213,Stage 0,Stage 0,1.1044765924292038e-19,0.9921246212063889
61,214,Stage 3,Stage 3,1.5813828545132604e-16,0.9906956338210948
61,215,Stage 0,Stage 0,1.486366754126586e-17,0.9811609990068916
61,216,Stage 2,Stage 2,0.271902609070935,0.7202628547686946
61,217,Stage 0,Stage 0,1.1362526992564038e-19,0.9922040330326647
61,218,Stage 0,Stage 0,1.5137300381419323e-17,0.9812193182789706
61,219,Stage 0,Stage 0,8.855029906400031e-20,0.9913722153838513
61,220,Stage 0,Stage 0,1.0226160623414513e-19,0.9918903396456624
61,221,Stage 2,Stage 4,0.6997611836295186,0.6997611836295186
61,222,Stage 0,Stage 0,1.086717618107387e-19,0.9920776109680457
61,223,Stage 3,Stage 3,1.8009555705287568e-16,0.9900178842763672
61,224,Stage 0,Stage 0,1.1832321943599983e-19,0.9923113631419036
61,225,Stage 2,Stage 4,0.6880940342631542,0.6880940342631542
61,226,Stage 0,Stage 0,1.5198783412623428e-17,0.9812319476764766
61,227,Stage 2,Stage 2,0.2731815517035496,0.7190123789562886
61,228,Stage 2,Stage 2,0.2741431079820585,0.7180717640074853
61,229,Stage 0,Stage 0,1.3594958274275112e-17,0.9808394703467559
61,230,Stage 2,Stage 2,0.28550828988496607,0.706925443865324
61,231,Stage 3,Stage 3,1.8324417990417863e-16,0.9899238928700118
61,232,Stage 0,Stage 0,1.1784485095120424e-19,0.992300946384001
61,233,Stage 2,Stage 2,0.29278818523376043,0.6997596578898951
61,234,Stage 2,Stage 2,0.27736277117026903,0.7149193924952316
61,235,Stage 0,Stage 0,1.0735851686781043e-19,0.9920415582469281
61,236,Stage 0,Stage 0,1.0757628892433757e-19,0.9920476148098398
61,237,Stage 1,Stage 1,0.008616978437079327,0.9913830215626886
61,238,Stage 0,Stage 0,1.2396541682554846e-19,0.992426260396829
61,239,Stage 2,Stage 4,0.7045237745952606,0.7045237745952606
61,240,Stage 1,Stage 1,0.008410617970892357,0.9915893820288868
61,241,Stage 2,Stage 2,0.2988205927095184,0.6938074872176742
61,242,Stage 0,Stage 0,1.602098695093589e-17,0.9813854730616486
61,243,Stage 2,Stage 4,0.7064122628000153,0.7064122628000153
61,244,Stage 2,Stage 4,0.7054692069290047,0.7054692069290047
62,1,Stage 1,Stage 1,0.01133116932341966,0.9886688306761723
62,2,Stage 0,Stage 0,9.018164793258518e-20,0.991444127864863
62,3,Stage 2,Stage 2,0.2346652237473308,0.7563137427487301
62,4,Stage 3,Stage 3,1.051926808631399e-16,0.9925370262933259
62,5,Stage 4,Stage 4,0.6631062637382018,0.6631062637382018
62,6,Stage 2,Stage 2,0.24649014624642607,0.7449487389111789
62,7,Stage 2,Stage 2,0.24023457934052553,0.7509719625722814
62,8,Stage 0,Stage 0,8.712486018094915e-20,0.9913066833643034
62,9,Stage 0,Stage 0,1.2975136284103022e-17,0.9806460143726154
62,10,Stage 3,Stage 3,1.1522712288932924e-16,0.9921599320609006
62,11,Stage 2,Stage 2,0.24201120808473084,0.7492637439240315
62,12,Stage 1,Stage 1,0.011060534259091105,0.9889394657405206
62,13,Stage 1,Stage 1,0.010845357674872167,0.9891546423247549
62,14,Stage 0,Stage 0,8.694829184898601e-20,0.9912983839068218
62,15,Stage 0,Stage 0,9.036474339409728e-20,0.9914520013362089
62,16,Stage 3,Stage 3,1.2191180834968498e-16,0.9919170618790788
62,17,Stage 4,Stage 4,0.6662147213624142,0.6662147213624142
62,18,Stage 0,Stage 0,1.2818104846848726e-17,0.9805925311045903
62,19,Stage 4,Stage 4,0.6764395024509561,0.6764395024509561
62,20,Stage 2,Stage 2,0.24439334502309268,0.7469702888731957
62,21,Stage 1,Stage 1,0.011010506436409693,0.9889894935632056
62,22,Stage 4,Stage 4,0.649780349797146,0.649780349797146
62,23,Stage 4,Stage 4,0.6343265253976302,0.6343265253976302
62,24,Stage 4,Stage 4,0.648003337995694,0.648003337995694
62,25,Stage 3,Stage 3,1.4313066079285363e-16,0.9911841280737391
62,26,Stage 0,Stage 0,8.08232602695753e-20,0.9909830830405886
62,27,Stage 0,Stage 0,1.2134452772851683e-17,0.9803357854271768
62,28,Stage 0,Stage 0,8.298396123902237e-20,0.9911007162968369
62,29,Stage 0,Stage 0,7.543284291295014e-20,0.99065417897733
62,30,Stage 0,Stage 0,1.225826972046872e-17,0.9803853546585779
62,31,Stage 0,Stage 0,9.018164793258518e-20,0.991444127864863
62,32,Stage 0,Stage 0,8.214621238389883e-20,0.9910559882047939
62,33,Stage 1,Stage 1,0.011010506436409693,0.9889894935632056
62,34,Stage 0,Stage 0,7.346751828431301e-20,0.9905199283050181
62,35,Stage 2,Stage 2,0.23495619552549454,0.7560351692055192
62,36,Stage 0,Stage 0,7.376653283748909e-20,0.9905408983632783
62,37,Stage 0,Stage 0,8.837085903244356e-20,0.9913641073516679
62,38,Stage 2,Stage 2,0.26148933351523956,0.7304170913077054
62,39,Stage 3,Stage 3,1.318107998903221e-16,0.9915683900969946
62,40,Stage 0,Stage 0,8.712486018094915e-20,0.9913066833643034
62,41,Stage 3,Stage 3,1.318107998903221e-16,0.9915683900969946
62,42,Stage 4,Stage 4,0.6634525668851401,0.6634525668851401
62,43,Stage 0,Stage 0,8.400047374762764e-20,0.9911535513581672
62,44,Stage 4,Stage 4,0.6557815848804494,0.6557815848804494
62,45,Stage 3,Stage 3,1.192961757417986e-16,0.9920113460640221
62,46,Stage 0,Stage 0,1.2109838471225073e-17,0.9803257589901149
62,47,Stage 1,Stage 1,0.010977278933178153,0.9890227210664396
62,48,Stage 0,Stage 0,1.193891776853346e-17,0.9802545133384781
62,49,Stage 2,Stage 2,0.23205727100199086,0.7588079730146211
62,50,Stage 0,Stage 0,1.1842323931121614e-17,0.9802129610796981
62,51,Stage 0,Stage 0,1.0440371108582151e-17,0.9794865294105664
62,52,Stage 4,Stage 4,0.6508439708891695,0.6508439708891695
62,53,Stage 0,Stage 0,8.765670665295167e-20,0.9913314372653822
62,54,Stage 2,Stage 2,0.26242573894197413,0.729506045291669
62,55,Stage 4,Stage 4,0.6554303277140929,0.6554303277140929
62,56,Stage 1,Stage 1,0.011094010943917605,0.9889059890556916
62,57,Stage 1,Stage 1,0.010698819849468869,0.9893011801501685
62,58,Stage 2,Stage 2,0.2519349356419553,0.7396875820838313
62,59,Stage 0,Stage 0,8.214621238389883e-20,0.9910559882047939
62,60,Stage 4,Stage 4,0.6437167720011804,0.6437167720011804
62,61,Stage 2,Stage 2,0.23350373393201573,0.7574251658701525
62,62,Stage 1,Stage 1,0.011696333666024508,0.9883036663335397
62,63,Stage 0,Stage 0,1.0895782545579186e-17,0.9797504726964488
62,64,Stage 2,Stage 2,0.23699970193708064,0.7540771334363139
62,65,Stage 3,Stage 3,1.0985732332049542e-16,0.9923597616519493
62,66,Stage 2,Stage 2,0.2455900988615248,0.7458168020071239
62,67,Stage 1,Stage 1,0.011314064487813084,0.9886859355117799
62,68,Stage 2,Stage 2,0.24409474820536187,0.7472579575151554
62,69,Stage 0,Stage 0,1.069824846239859e-17,0.9796396793761011
62,70,Stage 4,Stage 4,0.6557815848804494,0.6557815848804494
62,71,Stage 3,Stage 3,1.1081472958919321e-16,0.9923238095001111
62,72,Stage 1,Stage 1,0.011027157465258584,0.9889728425343555
62,73,Stage 0,Stage 0,8.537509825055995e-20,0.9912225947871058
62,74,Stage 2,Stage 2,0.25163045222685015,0.7399822317710941
62,75,Stage 3,Stage 3,1.2404544554862024e-16,0.9918408389192064
62,76,Stage 3,Stage 3,1.2033564236264058e-16,0.9919737642817119
62,77,Stage 3,Stage 3,1.051926808631399e-16,0.9925370262933259
62,78,Stage 4,Stage 4,0.6603276342630003,0.6603276342630003
62,79,Stage 0,Stage 0,1.1842323931121614e-17,0.9802129610796981
62,80,Stage 3,Stage 3,1.3470011098844952e-16,0.9914689120498422
62,81,Stage 3,Stage 3,1.3010697391296376e-16,0.9916275228510862
62,82,Stage 0,Stage 0,8.819178050352503e-20,0.9913559755764396
62,83,Stage 3,Stage 3,1.0703434064983356e-16,0.9924666165996182
62,84,Stage 0,Stage 0,8.164760260911624e-20,0.99102884321395
62,85,Stage 0,Stage 0,8.164760260911624e-20,0.99102884321395
62,86,Stage 1,Stage 1,0.010812623108673656,0.9891873768909557
62,87,Stage 0,Stage 0,1.1255906292975992e-17,0.9799390508848048
62,88,Stage 0,Stage 0,8.677207923103145e-20,0.9912900602817227
62,89,Stage 0,Stage 0,1.1698882641106724e-17,0.9801494726886073
62,90,Stage 3,Stage 3,1.182656670751496e-16,0.9920487529320827
62,91,Stage 0,Stage 0,7.839952104077613e-20,0.9908418467028067
62,92,Stage 0,Stage 0,1.2233406605185289e-17,0.9803755156068993
62,93,Stage 0,Stage 0,7.745036741605663e-20,0.990783658434291
62,94,Stage 3,Stage 3,1.2297401073718613e-16,0.9918790392753328
62,95,Stage 2,Stage 2,0.23846652192724804,0.752669963690234
62,96,Stage 4,Stage 4,0.6472910330853767,0.6472910330853767
62,97,Stage 0,Stage 0,1.1746504177763643e-17,0.9801707910337142
62,98,Stage 0,Stage 0,7.919930208469404e-20,0.9908895921314155
62,99,Stage 3,Stage 3,1.1775374791176718e-16,0.9920673910242831
62,100,Stage 0,Stage 0,8.502936028786359e-20,0.9912054829556842
62,101,Stage 0,Stage 0,1.1675143619896923e-17,0.9801387548946572
62,102,Stage 4,Stage 4,0.6522590955728329,0.6522590955728329
62,103,Stage 3,Stage 3,1.2085875912402677e-16,0.9919549075458585
62,104,Stage 4,Stage 4,0.6841321904490448,0.6841321904490448
62,105,Stage 2,Stage 2,0.24469217859954617,0.7466823388248103
62,106,Stage 2,Stage 2,0.24201120808473084,0.7492637439240315
62,107,Stage 4,Stage 4,0.649425377488924,0.649425377488924
62,108,Stage 1,Stage 1,0.011245900027341223,0.9887540999722567
62,109,Stage 4,Stage 4,0.6582341597389156,0.6582341597389156
62,110,Stage 1,Stage 1,0.010348810856321467,0.9896511891433398
62,111,Stage 1,Stage 1,0.010731213620810186,0.9892687863788249
62,112,Stage 0,Stage 0,1.1557162146697265e-17,0.9800845763643546
62,113,Stage 0,Stage 0,1.2896383652677683e-17,0.9806194316431087
62,114,Stage 2,Stage 2,0.22718428015689832,0.7634554777483411
62,115,Stage 0,Stage 0,7.391649292570689e-20,0.9905513399668852
62,116,Stage 4,Stage 4,0.6637986410454966,0.6637986410454966
62,117,Stage 2,Stage 2,0.23905492084216523,0.7521051008456576
62,118,Stage 3,Stage 3,1.2138414451901029e-16,0.9919360067787678
62,119,Stage 2,Stage 2,0.27126448344691256,0.7208865124985092
62,120,Stage 4,Stage 4,0.6575345391229066,0.6575345391229066
62,121,Stage 1,Stage 1,0.009815191961509888,0.9901848080381868
62,122,Stage 1,Stage 1,0.01082897815815798,0.9891710218414701
62,123,Stage 0,Stage 0,8.837085903244356e-20,0.9913641073516679
62,124,Stage 4,Stage 4,0.6617187678056939,0.6617187678056939
62,125,Stage 4,Stage 4,0.6606757575215213,0.6606757575215213
62,126,Stage 3,Stage 3,1.1275458834803555e-16,0.9922513998102035
62,127,Stage 0,Stage 0,7.512712189694956e-20,0.9906338390352473
62,128,Stage 2,Stage 2,0.2437963882471011,0.7475453445748567
62,129,Stage 1,Stage 1,0.010861761694597969,0.9891382383050279
62,130,Stage 1,Stage 1,0.010602217792817763,0.9893977822068264
62,131,Stage 0,Stage 0,8.248029864283356e-20,0.9910739561908304
62,132,Stage 1,Stage 1,0.01045893043288252,0.9895410695667713
62,133,Stage 0,Stage 0,1.078560006878843e-17,0.9796893465448561
62,134,Stage 0,Stage 0,1.1347762782985331e-17,0.9799845522493187
62,135,Stage 2,Stage 2,0.23321396116777354,0.7577023030926037
62,136,Stage 1,Stage 1,0.011027157465258584,0.9889728425343555
62,137,Stage 2,Stage 2,0.26086621188254744,0.7310231022110232
62,138,Stage 1,Stage 1,0.010178079564963655,0.9898219204347093
62,139,Stage 3,Stage 3,1.273159474180893e-16,0.9917251631277341
62,140,Stage 4,Stage 4,0.6578844612749902,0.6578844612749902
62,141,Stage 2,Stage 2,0.24769351334270256,0.7437874000410787
62,142,Stage 1,Stage 1,0.010650410474946151,0.9893495895246947
62,143,Stage 1,Stage 1,0.009995005606752856,0.9900049943929322
62,144,Stage 0,Stage 0,7.871846612705421e-20,0.9908610256439977
62,145,Stage 4,Stage 4,0.6727151467124962,0.6727151467124962
62,146,Stage 0,Stage 0,8.181347082197737e-20,0.991037917355354
62,147,Stage 3,Stage 3,1.056501101535758e-16,0.9925194854624816
62,148,Stage 2,Stage 2,0.23905492084216523,0.7521051008456576
62,149,Stage 1,Stage 1,0.01074744686913522,0.9892525531304988
62,150,Stage 0,Stage 0,8.819178050352503e-20,0.9913559755764396
62,151,Stage 0,Stage 0,1.1187497314564652e-17,0.9799044975199033
62,152,Stage 0,Stage 0,1.3376107860797232e-17,0.9807742309598357
62,153,Stage 0,Stage 0,1.2433718978351717e-17,0.9804531897659231
62,154,Stage 0,Stage 0,8.589632680577147e-20,0.9912480777611306
62,155,Stage 0,Stage 0,8.231308708690136e-20,0.9910649850272207
62,156,Stage 0,Stage 0,8.366026874290211e-20,0.9911360406503251
62,157,Stage 1,Stage 1,0.010506478714620649,0.9894935212850299
62,158,Stage 2,Stage 2,0.24980847187399974,0.7417443057242193
62,159,Stage 0,Stage 0,9.018164793258518e-20,0.991444127864863
62,160,Stage 3,Stage 3,1.267649507625699e-16,0.9917445549781971
62,161,Stage 0,Stage 0,8.589632680577147e-20,0.9912480777611306
62,162,Stage 1,Stage 1,0.010474756156049585,0.9895252438436032
62,163,Stage 4,Stage 4,0.6578844612749902,0.6578844612749902
62,164,Stage 0,Stage 0,8.298396123902237e-20,0.9911007162968369
62,165,Stage 3,Stage 3,9.728877276570651e-17,0.9928458570503308
62,166,Stage 0,Stage 0,7.760776327708455e-20,0.9907934246903364
62,167,Stage 4,Stage 4,0.6771135394147672,0.6771135394147672
62,168,Stage 0,Stage 0,9.073204391193619e-20,0.9914676788149698
62,169,Stage 0,Stage 0,8.945294736894336e-20,0.9914124012335139
62,170,Stage 0,Stage 0,1.2560561077266288e-17,0.9805005411964006
62,171,Stage 1,Stage 1,0.010506478714620649,0.9894935212850299
62,172,Stage 2,Stage 2,0.27094575767877044,0.7211979455227717
62,173,Stage 2,Stage 2,0.2326351357671941,0.758255714161326
62,174,Stage 1,Stage 1,0.010602217792817763,0.9893977822068264
62,175,Stage 0,Stage 0,9.073204391193619e-20,0.9914676788149698
62,176,Stage 0,Stage 0,8.131686794496749e-20,0.9910106172108247
62,177,Stage 2,Stage 2,0.24112182351621533,0.750119128152762
62,178,Stage 0,Stage 0,1.0024168994941576e-17,0.9792170899549492
62,179,Stage 0,Stage 0,9.054820847169687e-20,0.9914598516358336
62,180,Stage 0,Stage 0,8.451336088651371e-20,0.9911796293397436
62,181,Stage 0,Stage 0,1.3321943355813858e-17,0.9807575826379088
62,182,Stage 0,Stage 0,1.1794317683016291e-17,0.9801919536097496
62,183,Stage 1,Stage 1,0.010554240854312225,0.9894457591453351
62,184,Stage 0,Stage 0,1.2408503290790025e-17,0.9804436097268838
62,185,Stage 4,Stage 4,0.6720348920125131,0.6720348920125131
62,186,Stage 1,Stage 1,0.009294748672478925,0.9907052513272498
62,187,Stage 2,Stage 2,0.25838293997313205,0.7334362852539207
62,188,Stage 4,Stage 4,0.669304422786679,0.669304422786679
62,189,Stage 2,Stage 2,0.24439334502309268,0.7469702888731957
62,190,Stage 0,Stage 0,8.712486018094915e-20,0.9913066833643034
62,191,Stage 0,Stage 0,7.760776327708455e-20,0.9907934246903364
62,192,Stage 1,Stage 1,0.010522375619475317,0.9894776243801744
62,193,Stage 0,Stage 0,8.677207923103145e-20,0.9912900602817227
62,194,Stage 1,Stage 1,0.00953701616625288,0.990462983833461
62,195,Stage 0,Stage 0,1.3403271942194456e-17,0.9807825040987755
62,196,Stage 4,Stage 4,0.6727151467124962,0.6727151467124962
62,197,Stage 0,Stage 0,1.2308146243540897e-17,0.9804049211259633
62,198,Stage 3,Stage 3,1.4437723749347735e-16,0.9911426811614495
62,199,Stage 1,Stage 1,0.010055665165061838,0.9899443348346193
62,200,Stage 0,Stage 0,1.1963187910619158e-17,0.9802648054895884
62,201,Stage 2,Stage 2,0.2593124366704646,0.7325333815492892
62,202,Stage 0,Stage 0,9.353453132757058e-20,0.9915823465277942
62,203,Stage 0,Stage 0,1.1651452301897697e-17,0.9801279979084724
62,204,Stage 1,Stage 1,0.01082897815815798,0.9891710218414701
62,205,Stage 3,Stage 3,1.4437723749347735e-16,0.9911426811614495
62,206,Stage 4,Stage 4,0.6686194552365096,0.6686194552365096
62,207,Stage 0,Stage 0,1.3267996330712023e-17,0.9807407977763951
62,208,Stage 2,Stage 2,0.25838293997313205,0.7334362852539207
62,209,Stage 3,Stage 3,1.418948194170051e-16,0.9912253823613508
62,210,Stage 2,Stage 2,0.265247322518575,0.7267583464317497
62,211,Stage 1,Stage 1,0.010010136452442388,0.9899898635472416
62,212,Stage 1,Stage 1,0.009551460378019672,0.9904485396216934
62,213,Stage 0,Stage 0,1.334899836858545e-17,0.9807659238302157
62,214,Stage 4,Stage 4,0.6716944091958587,0.6716944091958587
62,215,Stage 0,Stage 0,9.487165560123325e-20,0.9916341295085987
62,216,Stage 2,Stage 2,0.26399099922780783,0.7279822367497033
62,217,Stage 0,Stage 0,9.054820847169687e-20,0.9914598516358336
62,218,Stage 1,Stage 1,0.009711783633372769,0.9902882163663305
62,219,Stage 2,Stage 2,0.26242573894197413,0.729506045291669
62,220,Stage 2,Stage 2,0.2513262029042564,0.740276604430418
62,221,Stage 2,Stage 2,0.26808736836776415,0.7239889270126513
62,222,Stage 2,Stage 2,0.28027939008212865,0.7120600601683366
62,223,Stage 2,Stage 4,0.6644901011083199,0.6644901011083199
62,224,Stage 0,Stage 0,9.147110428318827e-20,0.9914987573472265
62,225,Stage 1,Stage 1,0.009266650467382977,0.9907333495323475
62,226,Stage 0,Stage 0,1.0372280720857294e-19,0.9919356229504688
62,227,Stage 0,Stage 0,1.4014917739691513e-17,0.9809560572150945
62,228,Stage 0,Stage 0,1.2484302778220652e-17,0.9804722398578325
62,229,Stage 2,Stage 4,0.6851260097867461,0.6851260097867461
62,230,Stage 3,Stage 3,1.5541991621913235e-16,0.9907824790492394
62,231,Stage 3,Stage 3,1.9386118092862883e-16,0.9896123167342977
62,232,Stage 1,Stage 1,0.009697099346223191,0.9903029006534809
62,233,Stage 0,Stage 0,1.4535885902983276e-17,0.9810863641899918
62,234,Stage 0,Stage 0,1.0372280720857294e-19,0.9919356229504688
62,235,Stage 4,Stage 4,0.6744116221435149,0.6744116221435149
62,236,Stage 1,Stage 1,0.009155096671304125,0.9908449033284329
62,237,Stage 1,Stage 1,0.010380155993578817,0.9896198440060806
62,238,Stage 2,Stage 2,0.24112182351621533,0.750119128152762
62,239,Stage 2,Stage 2,0.26399099922780783,0.7279822367497033
62,240,Stage 0,Stage 0,1.1580663609027797e-17,0.9800954909584635
62,241,Stage 0,Stage 0,8.694829184898601e-20,0.9912983839068218
62,242,Stage 3,Stage 3,1.665811752754777e-16,0.9904301951067617
62,243,Stage 2,Stage 2,0.26242573894197413,0.729506045291669
62,244,Stage 0,Stage 0,9.202932517534232e-20,0.9915218259744493
62,245,Stage 4,Stage 4,0.6771135394147672,0.6771135394147672
62,246,Stage 0,Stage 0,8.891026655718003e-20,0.9913883604290891
62,247,Stage 2,Stage 2,0.273501847021749,0.7186991029313797
62,248,Stage 0,Stage 0,1.2036291946697048e-17,0.9802954530549376
62,249,Stage 2,Stage 2,0.27062725684065797,0.7215091143515209
62,250,Stage 4,Stage 4,0.6696465551129941,0.6696465551129941
62,251,Stage 3,Stage 3,1.4251140396290633e-16,0.991204779240457
62,252,Stage 0,Stage 0,1.2922581741193185e-17,0.9806283277652365
62,253,Stage 4,Stage 4,0.6575345391229066,0.6575345391229066
62,254,Stage 0,Stage 0,8.642071827046151e-20,0.9912733403140861
62,255,Stage 1,Stage 1,0.009874771118159353,0.9901252288815332
62,256,Stage 2,Stage 4,0.6658702591579196,0.6658702591579196
62,257,Stage 0,Stage 0,9.054820847169687e-20,0.9914598516358336
62,258,Stage 2,Stage 2,0.2690381326762171,0.7230609876913192
62,259,Stage 2,Stage 2,0.2747852614864163,0.7174433774631043
62,260,Stage 0,Stage 0,8.837085903244356e-20,0.9913641073516679
62,261,Stage 0,Stage 0,8.572223346466714e-20,0.9912396080001131
62,262,Stage 0,Stage 0,8.502936028786359e-20,0.9912054829556842
62,263,Stage 2,Stage 4,0.6877652528474243,0.6877652528474243
62,264,Stage 0,Stage 0,1.2896383652677683e-17,0.9806194316431087
62,265,Stage 0,Stage 0,8.434205362983467e-20,0.9911709616824874
62,266,Stage 3,Stage 3,1.8009555705287568e-16,0.9900178842763672
62,267,Stage 0,Stage 0,1.3214265911931897e-17,0.9807238757959816
62,268,Stage 2,Stage 2,0.26086621188254744,0.7310231022110232
62,269,Stage 0,Stage 0,9.091625046287896e-20,0.9914754829247348
62,270,Stage 2,Stage 2,0.27671706241262906,0.7155519507884045
62,271,Stage 2,Stage 4,0.6991217366398679,0.6991217366398679
62,272,Stage 2,Stage 4,0.6794650499677246,0.6794650499677246
62,273,Stage 0,Stage 0,1.2714465240792793e-17,0.9805561658408186
62,274,Stage 0,Stage 0,1.287023821130877e-17,0.9806105002089812
62,275,Stage 0,Stage 0,8.74790668622754e-20,0.9913232099902709
62,276,Stage 2,Stage 2,0.2599332553644643,0.7319300847695427
62,277,Stage 1,Stage 1,0.008881999730637444,0.9911180002691156
62,278,Stage 3,Stage 3,1.9135792657354208e-16,0.9896850563789188
62,279,Stage 3,Stage 3,1.5407825779475046e-16,0.990825599410363
62,280,Stage 0,Stage 0,9.110082887409164e-20,0.991483264016129
62,281,Stage 2,Stage 2,0.2519349356419553,0.7396875820838313
62,282,Stage 2,Stage 2,0.26148933351523956,0.7304170913077054
62,283,Stage 3,Stage 3,1.5012219126275094e-16,0.9909537624988691
62,284,Stage 0,Stage 0,1.3134074518326739e-17,0.9806982344537166
62,285,Stage 2,Stage 2,0.28847391778476544,0.7040086515786369
62,286,Stage 0,Stage 0,1.3107451416612386e-17,0.9806896181480723
62,287,Stage 1,Stage 1,0.008085684211637459,0.991914315788159
62,288,Stage 0,Stage 0,1.2818104846848726e-17,0.9805925311045903
62,289,Stage 0,Stage 0,1.0123044910422745e-19,0.9918573877880311
62,290,Stage 0,Stage 0,1.4273043841977816e-17,0.9810224974482886
62,291,Stage 0,Stage 0,1.3214265911931897e-17,0.9807238757959816
62,292,Stage 3,Stage 3,1.7623552995965684e-16,0.9901341512781187
62,293,Stage 0,Stage 0,1.27661808036132e-17,0.9805744198500976
62,294,Stage 0,Stage 0,9.74055263219065e-20,0.9917274537885016
62,295,Stage 3,Stage 3,1.8087761916968798e-16,0.9899944682807489
62,296,Stage 2,Stage 4,0.7019910504556833,0.7019910504556833
62,297,Stage 0,Stage 0,9.184287616612198e-20,0.9915141592139521
64,1,Stage 1,Stage 1,0.01077998626851497,0.9892200137311167
64,2,Stage 4,Stage 4,0.6568340251051958,0.6568340251051958
64,3,Stage 2,Stage 2,0.24649014624642607,0.7449487389111789
64,4,Stage 1,Stage 1,0.009934708297490292,0.9900652917021984
64,5,Stage 2,Stage 2,0.23993930735123364,0.7512556732945078
64,6,Stage 2,Stage 2,0.25407286382189126,0.7376172934546089
64,7,Stage 1,Stage 1,0.010395863773007857,0.9896041362266504
64,8,Stage 3,Stage 3,1.437526014416234e-16,0.9911634287509127
64,9,Stage 4,Stage 4,0.701673280688404,0.701673280688404
64,10,Stage 1,Stage 1,0.010977278933178153,0.9890227210664396
64,11,Stage 4,Stage 4,0.6658702591579196,0.6658702591579196
64,12,Stage 4,Stage 4,0.6791298478289639,0.6791298478289639
64,13,Stage 0,Stage 0,9.240335312278755e-20,0.9915370914012563
64,14,Stage 2,Stage 2,0.2577644313843381,0.734036857719782
64,15,Stage 0,Stage 0,8.589632680577147e-20,0.9912480777611306
64,16,Stage 3,Stage 3,1.717122375802452e-16,0.990271899376191
64,17,Stage 1,Stage 1,0.009741218293934874,0.9902587817057664
64,18,Stage 0,Stage 0,1.387352089176905e-17,0.9809180158781412
64,19,Stage 0,Stage 0,1.1987506922008222e-17,0.9802750594385249
64,20,Stage 2,Stage 2,0.23787907748734932,0.753233687227475
64,21,Stage 0,Stage 0,9.22161505741555e-20,0.9915294700201527
64,22,Stage 0,Stage 0,1.1842323931121614e-17,0.9802129610796981
64,23,Stage 0,Stage 0,9.642309106611137e-20,0.9916919925727748
64,24,Stage 2,Stage 2,0.2627383329464713,0.7292018228758231
64,25,Stage 0,Stage 0,9.74055263219065e-20,0.9917274537885016
64,26,Stage 1,Stage 1,0.009904694823563766,0.990095305176127
64,27,Stage 0,Stage 0,1.2509671095305227e-17,0.9804817100663608
64,28,Stage 4,Stage 4,0.6750885414352491,0.6750885414352491
64,29,Stage 0,Stage 0,1.2662957320952439e-17,0.980537768469339
64,30,Stage 0,Stage 0,8.837085903244356e-20,0.9913641073516679
64,31,Stage 0,Stage 0,9.839791832389827e-20,0.991762381205879
64,32,Stage 0,Stage 0,9.31559500739439e-20,0.9915673512795624
64,33,Stage 0,Stage 0,9.334504982898171e-20,0.9915748600865903
64,34,Stage 0,Stage 0,8.855029906400031e-20,0.9913722153838513
64,35,Stage 2,Stage 2,0.26117765773469015,0.7307202322083483
64,36,Stage 0,Stage 0,1.0041297742379242e-19,0.991830658016624
64,37,Stage 4,Stage 4,0.689734175903176,0.689734175903176
64,38,Stage 0,Stage 0,1.0041297742379242e-19,0.991830658016624
64,39,Stage 0,Stage 0,1.3054365610429585e-17,0.9806722813087887
64,40,Stage 0,Stage 0,1.3134074518326739e-17,0.9806982344537166
64,41,Stage 0,Stage 0,1.2740297014569865e-17,0.9805653107277057
64,42,Stage 0,Stage 0,1.2688685377708345e-17,0.9805469851134242
64,43,Stage 0,Stage 0,1.2458985440066693e-17,0.9804627331169338
64,44,Stage 4,Stage 4,0.6861175951342289,0.6861175951342289
64,45,Stage 0,Stage 0,9.37243953407556e-20,0.9915898106525737
64,46,Stage 3,Stage 3,1.388515806678279e-16,0.9913276811213593
64,47,Stage 4,Stage 4,0.6483591696959382,0.6483591696959382
64,48,Stage 2,Stage 2,0.26086621188254744,0.7310231022110232
64,49,Stage 1,Stage 1,0.009995005606752856,0.9900049943929322
64,50,Stage 0,Stage 0,9.410527400285663e-20,0.9916046721498973
64,51,Stage 1,Stage 1,0.011228922447092532,0.9887710775525067
64,52,Stage 2,Stage 2,0.25407286382189126,0.7376172934546089
64,53,Stage 0,Stage 0,9.128577989666076e-20,0.9914910221400364
64,54,Stage 4,Stage 4,0.6913680174242096,0.6913680174242096
64,55,Stage 0,Stage 0,9.74055263219065e-20,0.9917274537885016
64,56,Stage 0,Stage 0,9.147110428318827e-20,0.9914987573472265
64,57,Stage 0,Stage 0,8.677207923103145e-20,0.9912900602817227
64,58,Stage 2,Stage 2,0.25041486069432983,0.74115805835694
64,59,Stage 0,Stage 0,9.054820847169687e-20,0.9914598516358336
64,60,Stage 1,Stage 1,0.009682437044737417,0.9903175629549675
64,61,Stage 1,Stage 1,0.010010136452442388,0.9899898635472416
64,62,Stage 0,Stage 0,8.963457180159048e-20,0.9914203679064144
64,63,Stage 3,Stage 3,1.318107998903221e-16,0.9915683900969946
64,64,Stage 3,Stage 3,1.3705697726370712e-16,0.9913884908326821
64,65,Stage 3,Stage 3,1.5541991621913235e-16,0.9907824790492394
64,66,Stage 0,Stage 0,1.2637280966370862e-17,0.9805285158322073
64,67,Stage 0,Stage 0,1.1301742154759131e-17,0.9799618826757773
64,68,Stage 2,Stage 2,0.2507184070185569,0.7408645179111736
64,69,Stage 3,Stage 3,1.450045805823419e-16,0.9911218851945769
64,70,Stage 0,Stage 0,9.296723129296975e-20,0.9915598200571972
64,71,Stage 0,Stage 0,8.214621238389883e-20,0.9910559882047939
64,72,Stage 0,Stage 0,9.110082887409164e-20,0.991483264016129
64,73,Stage 3,Stage 3,1.5813828545132604e-16,0.9906956338210948
64,74,Stage 4,Stage 4,0.6592819096375138,0.6592819096375138
64,75,Stage 3,Stage 3,1.6301001252263617e-16,0.990541695868044
64,76,Stage 4,Stage 4,0.6771135394147672,0.6771135394147672
64,77,Stage 0,Stage 0,1.3376107860797232e-17,0.9807742309598357
64,78,Stage 2,Stage 2,0.25011154894036597,0.7414513210234408
64,79,Stage 0,Stage 0,1.2433718978351717e-17,0.9804531897659231
64,80,Stage 0,Stage 0,1.3080881816500237e-17,0.9806809671243134
64,81,Stage 2,Stage 2,0.2747852614864163,0.7174433774631043
64,82,Stage 2,Stage 2,0.2565301933062086,0.7352347234159674
64,83,Stage 2,Stage 2,0.25962273068952946,0.7322318691216054
64,84,Stage 0,Stage 0,9.018164793258518e-20,0.991444127864863
64,85,Stage 2,Stage 2,0.2574555242711091,0.7343367343480506
64,86,Stage 3,Stage 3,1.6442922357028973e-16,0.9904972511332645
64,87,Stage 3,Stage 3,1.1623121658548097e-16,0.9921230451330736
64,88,Stage 3,Stage 3,1.5077442951527206e-16,0.9909325261098706
64,89,Stage 0,Stage 0,9.277889271811996e-20,0.9915522663698692
64,90,Stage 0,Stage 0,9.391464264113023e-20,0.9915972525102162
64,91,Stage 0,Stage 0,1.2233406605185289e-17,0.9803755156068993
64,92,Stage 1,Stage 1,0.009785535986405131,0.9902144640132933
64,93,Stage 4,Stage 4,0.6907152389444565,0.6907152389444565
64,94,Stage 1,Stage 1,0.009904694823563766,0.990095305176127
64,95,Stage 2,Stage 2,0.24950562961173267,0.7420370122733596
64,96,Stage 2,Stage 2,0.26430473759518175,0.7276766671573558
64,97,Stage 0,Stage 0,8.164760260911624e-20,0.99102884321395
64,98,Stage 2,Stage 2,0.26461870437079427,0.7273708287647475
64,99,Stage 0,Stage 0,8.837085903244356e-20,0.9913641073516679
64,100,Stage 4,Stage 4,0.6699884527242035,0.6699884527242035
64,101,Stage 0,Stage 0,1.086717618107387e-19,0.9920776109680457
64,102,Stage 0,Stage 0,1.0041297742379242e-19,0.991830658016624
64,103,Stage 4,Stage 4,0.6648354863636098,0.6648354863636098
64,104,Stage 0,Stage 0,9.506421893692317e-20,0.9916414387921917
64,105,Stage 3,Stage 3,1.665811752754777e-16,0.9904301951067617
64,106,Stage 3,Stage 3,1.2786933315120065e-16,0.9917057260146858
64,107,Stage 1,Stage 1,0.010411595072169162,0.9895884049274881
64,108,Stage 1,Stage 1,0.009711783633372769,0.9902882163663305
64,109,Stage 1,Stage 1,0.009904694823563766,0.990095305176127
64,110,Stage 0,Stage 0,1.3929909022986644e-17,0.9809333300971613
64,111,Stage 0,Stage 0,1.3929909022986644e-17,0.9809333300971613
64,112,Stage 0,Stage 0,1.3321943355813858e-17,0.9807575826379088
64,113,Stage 0,Stage 0,1.2637280966370862e-17,0.9805285158322073
64,114,Stage 1,Stage 1,0.010101398841233764,0.9898986011584441
64,115,Stage 1,Stage 1,0.009266650467382977,0.9907333495323475
64,116,Stage 3,Stage 3,1.3067246071376175e-16,0.9916078578589149
64,117,Stage 4,Stage 4,0.6867774072627466,0.6867774072627466
64,118,Stage 0,Stage 0,9.448769201481952e-20,0.9916194449715166
64,119,Stage 0,Stage 0,1.2922581741193185e-17,0.9806283277652365
64,120,Stage 0,Stage 0,1.334899836858545e-17,0.9807659238302157
64,121,Stage 4,Stage 4,0.6804691947043152,0.6804691947043152
64,122,Stage 3,Stage 3,1.388515806678279e-16,0.9913276811213593
64,123,Stage 0,Stage 0,1.3134074518326739e-17,0.9806982344537166
64,124,Stage 2,Stage 2,0.25529966794781866,0.7364282061932163
64,125,Stage 3,Stage 3,1.6230499434520907e-16,0.990563840805628
64,126,Stage 3,Stage 3,1.687612096535004e-16,0.9903626695164707
64,127,Stage 0,Stage 0,1.362256304658958e-17,0.9808474741330337
64,128,Stage 3,Stage 3,1.694941912972815e-16,0.9903400560810536
64,129,Stage 0,Stage 0,9.642309106611137e-20,0.9916919925727748
64,130,Stage 1,Stage 1,0.010270857205587213,0.9897291427940793
64,131,Stage 0,Stage 0,9.147110428318827e-20,0.9914987573472265
64,132,Stage 0,Stage 0,1.1347762782985331e-17,0.9799845522493187
64,133,Stage 1,Stage 1,0.009196772567259431,0.9908032274324752
64,134,Stage 2,Stage 2,0.2760722402011618,0.7161834689750823
64,135,Stage 0,Stage 0,9.22161505741555e-20,0.9915294700201527
64,136,Stage 0,Stage 0,1.0670782977221649e-19,0.9920232731371034
64,137,Stage 1,Stage 1,0.008748494448733376,0.991251505551027
64,138,Stage 2,Stage 2,0.28517985352171255,0.7072482684421606
64,139,Stage 0,Stage 0,1.4654240846403793e-17,0.9811139360105874
64,140,Stage 2,Stage 2,0.26180123907608943,0.7301136797161712
64,141,Stage 1,Stage 1,0.009196772567259431,0.9908032274324752
64,142,Stage 3,Stage 3,1.2898331317204133e-16,0.9916667155841863
64,143,Stage 0,Stage 0,1.3294942712957499e-17,0.9807492073107461
64,144,Stage 3,Stage 3,2.0156851036266013e-16,0.9893910321449608
64,145,Stage 2,Stage 2,0.2715834339697196,0.7205748155048869
64,146,Stage 0,Stage 0,9.277889271811996e-20,0.9915522663698692
64,147,Stage 2,Stage 2,0.2747852614864163,0.7174433774631043
64,148,Stage 3,Stage 3,1.4754125773760771e-16,0.9910382153289269
64,149,Stage 2,Stage 4,0.6874362210286842,0.6874362210286842
64,150,Stage 2,Stage 2,0.2786568421680052,0.7136511632178776
64,151,Stage 3,Stage 3,1.8324417990417863e-16,0.9899238928700118
64,152,Stage 2,Stage 2,0.26180123907608943,0.7301136797161712
64,153,Stage 4,Stage 4,0.7000805174794553,0.7000805174794553
64,154,Stage 0,Stage 0,1.0246908837687985e-19,0.9918968690858989
64,155,Stage 1,Stage 1,0.009653178269755352,0.9903468217299513
64,156,Stage 1,Stage 1,0.009479455334477895,0.9905205446652398
64,157,Stage 2,Stage 2,0.2874834396174879,0.7049831844810717
64,158,Stage 1,Stage 1,0.008616978437079327,0.9913830215626886
64,159,Stage 1,Stage 1,0.008448933743812519,0.9915510662559647
64,160,Stage 2,Stage 4,0.6975185846169477,0.6975185846169477
64,161,Stage 2,Stage 2,0.28027939008212865,0.7120600601683366
64,162,Stage 0,Stage 0,1.0584634858266361e-19,0.9919986220897354
64,163,Stage 2,Stage 4,0.7120203554514232,0.7120203554514232
64,164,Stage 0,Stage 0,1.0372280720857294e-19,0.9919356229504688
64,165,Stage 0,Stage 0,1.4924047416689345e-17,0.981174170451182
64,166,Stage 3,Stage 3,1.8644768331705783e-16,0.9898290236680843
64,167,Stage 2,Stage 2,0.2780093649386667,0.7142857960000686
64,168,Stage 1,Stage 1,0.008577907177043917,0.9914220928227263
64,169,Stage 2,Stage 2,0.277685957524647,0.7146027239034609
64,170,Stage 2,Stage 2,0.28027939008212865,0.7120600601683366
64,171,Stage 2,Stage 4,0.7045237745952606,0.7045237745952606
64,172,Stage 0,Stage 0,1.1044765924292038e-19,0.9921246212063889
64,173,Stage 0,Stage 0,1.4273043841977816e-17,0.9810224974482886
64,174,Stage 0,Stage 0,1.5229617817351255e-17,0.9812382176917146
64,175,Stage 0,Stage 0,1.6315764496634433e-17,0.9814341224458196
64,176,Stage 4,Stage 4,0.6933202648500807,0.6933202648500807
64,177,Stage 0,Stage 0,1.0123044910422745e-19,0.9918573877880311
64,178,Stage 0,Stage 0,1.595620247233045e-17,0.9813743534453423
64,179,Stage 0,Stage 0,1.115722342998513e-19,0.9921533958958988
64,180,Stage 3,Stage 3,1.6230499434520907e-16,0.990563840805628
64,181,Stage 1,Stage 1,0.008397884371851695,0.9916021156279283
64,182,Stage 2,Stage 2,0.2751066724813143,0.7171287919150064
64,183,Stage 3,Stage 3,1.8564161062400074e-16,0.9898528237007035
64,184,Stage 0,Stage 0,1.0889218514975205e-19,0.9920835531617204
65,1,Stage 0,Stage 0,1.2458985440066693e-17,0.9804627331169338
65,2,Stage 0,Stage 0,1.1440361322670744e-17,0.9800294075079312
65,3,Stage 1,Stage 1,0.010715004626066438,0.9892849953735698
65,4,Stage 0,Stage 0,1.0917952327538768e-17,0.9797625711274077
65,5,Stage 0,Stage 0,7.467084592671955e-20,0.9906031162952357
65,6,Stage 0,Stage 0,8.502936028786359e-20,0.9912054829556842
65,7,Stage 2,Stage 2,0.2546858002072975,0.7370233000449775
65,8,Stage 0,Stage 0,1.1770386885997358e-17,0.9801813917513598
65,9,Stage 2,Stage 2,0.22406831481701406,0.766417926865476
65,10,Stage 4,Stage 4,0.6596307099883298,0.6596307099883298
65,11,Stage 2,Stage 2,0.23524740688453627,0.7557563088768003
65,12,Stage 0,Stage 0,8.016974467717475e-20,0.9909460040695245
65,13,Stage 4,Stage 4,0.6613713246232751,0.6613713246232751
65,14,Stage 4,Stage 4,0.668962056057008,0.668962056057008
65,15,Stage 0,Stage 0,1.2358223830009592e-17,0.9804243392721755
65,16,Stage 3,Stage 3,1.3945497509816846e-16,0.9913073165838424
65,17,Stage 3,Stage 3,1.0843666646493686e-16,0.9924133761883405
65,18,Stage 4,Stage 4,0.6672467173234601,0.6672467173234601
65,19,Stage 2,Stage 2,0.23993930735123364,0.7512556732945078
65,20,Stage 1,Stage 1,0.011296985177576954,0.9887030148220174
65,21,Stage 1,Stage 1,0.010522375619475317,0.9894776243801744
65,22,Stage 2,Stage 2,0.23148036741908581,0.7593590784021307
65,23,Stage 0,Stage 0,8.298396123902237e-20,0.9911007162968369
65,24,Stage 0,Stage 0,8.502936028786359e-20,0.9912054829556842
65,25,Stage 0,Stage 0,1.1914696397497982e-17,0.9802441829037015
65,26,Stage 0,Stage 0,1.1914696397497982e-17,0.9802441829037015
65,27,Stage 4,Stage 4,0.6536707291045804,0.6536707291045804
65,28,Stage 0,Stage 0,1.2688685377708345e-17,0.9805469851134242
65,29,Stage 2,Stage 2,0.24529055562155658,0.7461055952146525
65,30,Stage 3,Stage 3,1.0293500726872254e-16,0.9926241187636983
65,31,Stage 3,Stage 3,1.2350856910944272e-16,0.9918599613674226
65,32,Stage 1,Stage 1,0.010845357674872167,0.9891546423247549
65,33,Stage 0,Stage 0,8.607077158031066e-20,0.9912565230310001
65,34,Stage 4,Stage 4,0.6557815848804494,0.6557815848804494
65,35,Stage 0,Stage 0,8.659622161005087e-20,0.9912817124353902
65,36,Stage 1,Stage 1,0.010682659255632243,0.9893173407440063
65,37,Stage 2,Stage 2,0.2455900988615248,0.7458168020071239
65,38,Stage 4,Stage 4,0.6634525668851401,0.6634525668851401
65,39,Stage 0,Stage 0,8.712486018094915e-20,0.9913066833643034
65,40,Stage 0,Stage 0,1.109692512335358e-17,0.979857852094674
65,41,Stage 0,Stage 0,8.19796738548088e-20,0.9910469656665484
65,42,Stage 1,Stage 1,0.009904694823563766,0.990095305176127
65,43,Stage 3,Stage 3,1.1275458834803555e-16,0.9922513998102035
65,44,Stage 0,Stage 0,1.218383016385818e-17,0.9803557254709231
65,45,Stage 4,Stage 4,0.6511980781318684,0.6511980781318684
65,46,Stage 0,Stage 0,8.642071827046151e-20,0.9912733403140861
65,47,Stage 0,Stage 0,7.952147921726884e-20,0.9909085025359076
65,48,Stage 1,Stage 1,0.010411595072169162,0.9895884049274881
65,49,Stage 1,Stage 1,0.010348810856321467,0.9896511891433398
65,50,Stage 4,Stage 4,0.6696465551129941,0.6696465551129941
65,51,Stage 2,Stage 2,0.2346652237473308,0.7563137427487301
65,52,Stage 0,Stage 0,9.603288243117046e-20,0.9916776572976473
65,53,Stage 3,Stage 3,1.0383221598649313e-16,0.9925894037367302
65,54,Stage 3,Stage 3,1.4251140396290633e-16,0.991204779240457
65,55,Stage 2,Stage 2,0.24799494438075095,0.7434963662755557
65,56,Stage 4,Stage 4,0.6606757575215213,0.6606757575215213
65,57,Stage 4,Stage 4,0.6508439708891695,0.6508439708891695
65,58,Stage 0,Stage 0,8.065938685064428e-20,0.9909738527081803
65,59,Stage 4,Stage 4,0.6592819096375138,0.6592819096375138
65,60,Stage 0,Stage 0,1.2458985440066693e-17,0.9804627331169338
65,61,Stage 1,Stage 1,0.011161265155711256,0.9888387348438932
65,62,Stage 0,Stage 0,8.049584355568391e-20,0.9909645961410933
65,63,Stage 4,Stage 4,0.6658702591579196,0.6658702591579196
65,64,Stage 2,Stage 2,0.25346085982156524,0.7382101848703055
65,65,Stage 0,Stage 0,1.2308146243540897e-17,0.9804049211259633
65,66,Stage 2,Stage 2,0.2437963882471011,0.7475453445748567
65,67,Stage 0,Stage 0,1.1722669461630248e-17,0.9801601513738472
65,68,Stage 1,Stage 1,0.010845357674872167,0.9891546423247549
65,69,Stage 3,Stage 3,1.2954392823164148e-16,0.9916471420578322
65,70,Stage 0,Stage 0,1.287023821130877e-17,0.9806105002089812
65,71,Stage 0,Stage 0,7.968305569622078e-20,0.9909179177401287
65,72,Stage 3,Stage 3,1.3010697391296376e-16,0.9916275228510862
65,73,Stage 0,Stage 0,8.607077158031066e-20,0.9912565230310001
65,74,Stage 4,Stage 4,0.6426403897094054,0.6426403897094054
65,75,Stage 0,Stage 0,8.783470504027307e-20,0.9913396405861271
65,76,Stage 1,Stage 1,0.011094010943917605,0.9889059890556916
65,77,Stage 3,Stage 3,1.2085875912402677e-16,0.9919549075458585
65,78,Stage 1,Stage 1,0.011110786836698939,0.988889213162909
65,79,Stage 2,Stage 2,0.23583054804126902,0.7551977285057843
65,80,Stage 0,Stage 0,7.792350876177444e-20,0.9908128751671069
65,81,Stage 1,Stage 1,0.010208912914871814,0.9897910870847989
65,82,Stage 2,Stage 2,0.236707054712252,0.7543577110886671
65,83,Stage 0,Stage 0,1.2792116712707507e-17,0.9805834932838356
65,84,Stage 0,Stage 0,1.109692512335358e-17,0.979857852094674
65,85,Stage 3,Stage 3,1.3705697726370712e-16,0.9913884908326821
65,86,Stage 0,Stage 0,8.554849084858906e-20,0.9912311136935966
65,87,Stage 4,Stage 4,0.6613713246232751,0.6613713246232751
65,88,Stage 2,Stage 2,0.23524740688453627,0.7557563088768003
65,89,Stage 3,Stage 3,1.358734468873573e-16,0.9914287951387487
65,90,Stage 2,Stage 2,0.24859851280195477,0.7429134611599754
65,91,Stage 0,Stage 0,8.016974467717475e-20,0.9909460040695245
65,92,Stage 4,Stage 4,0.6727151467124962,0.6727151467124962
65,93,Stage 2,Stage 2,0.2346652237473308,0.7563137427487301
65,94,Stage 0,Stage 0,8.677207923103145e-20,0.9912900602817227
65,95,Stage 4,Stage 4,0.6599792849745079,0.6599792849745079
65,96,Stage 2,Stage 2,0.24290273052425007,0.7484058145098628
65,97,Stage 0,Stage 0,8.712486018094915e-20,0.9913066833643034
65,98,Stage 1,Stage 1,0.010602217792817763,0.9893977822068264
65,99,Stage 2,Stage 2,0.2288962099675816,0.7618247453381963
65,100,Stage 1,Stage 1,0.010348810856321467,0.9896511891433398
65,101,Stage 2,Stage 2,0.2393494780139037,0.7518222425992226
65,102,Stage 4,Stage 4,0.6429993928038055,0.6429993928038055
65,103,Stage 4,Stage 4,0.6578844612749902,0.6578844612749902
65,104,Stage 3,Stage 3,1.3067246071376175e-16,0.9916078578589149
65,105,Stage 0,Stage 0,7.903870012013863e-20,0.9908800968125381
65,106,Stage 1,Stage 1,0.010960702386279728,0.9890392976133391
65,107,Stage 0,Stage 0,8.434205362983467e-20,0.9911709616824874
65,108,Stage 2,Stage 2,0.24112182351621533,0.750119128152762
65,109,Stage 0,Stage 0,1.1722669461630248e-17,0.9801601513738472
65,110,Stage 0,Stage 0,8.315252702436151e-20,0.9911095853926171
65,111,Stage 1,Stage 1,0.01044312836757466,0.9895568716320805
65,112,Stage 2,Stage 2,0.24588987844903148,0.7455277281016649
65,113,Stage 4,Stage 4,0.6655255657097157,0.6655255657097157
65,114,Stage 3,Stage 3,1.1373718571281658e-16,0.9922149407159155
65,115,Stage 0,Stage 0,8.434205362983467e-20,0.9911709616824874
65,116,Stage 3,Stage 3,1.2350856910944272e-16,0.9918599613674226
65,117,Stage 0,Stage 0,1.2208593453132203e-17,0.980365639237517
65,118,Stage 0,Stage 0,7.936022823213571e-20,0.9908990606860816
65,119,Stage 0,Stage 0,8.181347082197737e-20,0.991037917355354
65,120,Stage 1,Stage 1,0.01074744686913522,0.9892525531304988
65,121,Stage 0,Stage 0,8.502936028786359e-20,0.9912054829556842
65,122,Stage 1,Stage 1,0.011077260096893788,0.9889227399027167
65,123,Stage 0,Stage 0,1.2586082948159591e-17,0.9805099022725244
65,124,Stage 0,Stage 0,1.2308146243540897e-17,0.9804049211259633
65,125,Stage 4,Stage 4,0.6662147213624142,0.6662147213624142
65,126,Stage 0,Stage 0,8.366026874290211e-20,0.9911360406503251
65,127,Stage 0,Stage 0,8.349068008831573e-20,0.9911272475131927
65,128,Stage 0,Stage 0,1.1580663609027797e-17,0.9800954909584635
65,129,Stage 0,Stage 0,1.1722669461630248e-17,0.9801601513738472
65,130,Stage 3,Stage 3,1.1178046055617763e-16,0.9922876891449864
65,131,Stage 0,Stage 0,8.891026655718003e-20,0.9913883604290891
65,132,Stage 3,Stage 3,1.400609848735023e-16,0.9912869045482736
65,133,Stage 3,Stage 3,1.3238367348768738e-16,0.9915485871160096
65,134,Stage 1,Stage 1,0.010055665165061838,0.9899443348346193
65,135,Stage 0,Stage 0,9.296723129296975e-20,0.9915598200571972
65,136,Stage 1,Stage 1,0.010427349925522132,0.9895726500741339
65,137,Stage 4,Stage 4,0.6648354863636098,0.6648354863636098
65,138,Stage 0,Stage 0,8.298396123902237e-20,0.9911007162968369
65,139,Stage 1,Stage 1,0.01074744686913522,0.9892525531304988
65,140,Stage 4,Stage 4,0.6462209773299379,0.6462209773299379
65,141,Stage 2,Stage 2,0.25529966794781866,0.7364282061932163
65,142,Stage 2,Stage 2,0.25011154894036597,0.7414513210234408
65,143,Stage 0,Stage 0,9.073204391193619e-20,0.9914676788149698
65,144,Stage 4,Stage 4,0.6561326203951546,0.6561326203951546
65,145,Stage 0,Stage 0,8.642071827046151e-20,0.9912733403140861
65,146,Stage 3,Stage 3,1.3238367348768738e-16,0.9915485871160096
65,147,Stage 4,Stage 4,0.6761021226382252,0.6761021226382252
65,148,Stage 0,Stage 0,8.115200014791238e-20,0.9910014652339335
65,149,Stage 4,Stage 4,0.6620659836365324,0.6620659836365324
65,150,Stage 3,Stage 3,1.2085875912402677e-16,0.9919549075458585
65,151,Stage 0,Stage 0,8.624556849811711e-20,0.9912649438639503
65,152,Stage 0,Stage 0,7.745036741605663e-20,0.990783658434291
65,153,Stage 0,Stage 0,8.214621238389883e-20,0.9910559882047939
65,154,Stage 2,Stage 2,0.24409474820536187,0.7472579575151554
65,155,Stage 1,Stage 1,0.010132002273315599,0.9898679977263604
65,156,Stage 2,Stage 2,0.236707054712252,0.7543577110886671
65,157,Stage 0,Stage 0,8.08232602695753e-20,0.9909830830405886
65,158,Stage 4,Stage 4,0.6716944091958587,0.6716944091958587
65,159,Stage 4,Stage 4,0.6627597319301668,0.6627597319301668
65,160,Stage 0,Stage 0,8.607077158031066e-20,0.9912565230310001
65,161,Stage 0,Stage 0,8.74790668622754e-20,0.9913232099902709
65,162,Stage 3,Stage 3,1.5745428008113426e-16,0.990717420980011
65,163,Stage 2,Stage 2,0.24349826524823048,0.7478324498769883
65,164,Stage 1,Stage 1,0.011161265155711256,0.9888387348438932
65,165,Stage 0,Stage 0,8.315252702436151e-20,0.9911095853926171
65,166,Stage 0,Stage 0,9.184287616612198e-20,0.9915141592139521
65,167,Stage 0,Stage 0,7.792350876177444e-20,0.9908128751671069
65,168,Stage 1,Stage 1,0.0108946433864624,0.9891053566131612
65,169,Stage 3,Stage 3,1.481823122744664e-16,0.991017175804803
65,170,Stage 2,Stage 2,0.2522396530280303,0.7393926555578396
65,171,Stage 3,Stage 3,1.2244176046024672e-16,0.991898072745205
65,172,Stage 2,Stage 2,0.23846652192724804,0.752669963690234
65,173,Stage 1,Stage 1,0.01011668910345674,0.9898833108962201
65,174,Stage 3,Stage 3,1.4066962128433056e-16,0.9912664449055839
65,175,Stage 1,Stage 1,0.01074744686913522,0.9892525531304988
65,176,Stage 0,Stage 0,8.520205496502915e-20,0.9912140512260427
65,177,Stage 1,Stage 1,0.010010136452442388,0.9899898635472416
65,178,Stage 4,Stage 4,0.6665589520038038,0.6665589520038038
65,179,Stage 0,Stage 0,1.2060758157493647e-17,0.9803055928844897
65,180,Stage 1,Stage 1,0.010147338384412171,0.9898526616152628
65,181,Stage 3,Stage 3,1.412808956696265e-16,0.991245937546461
65,182,Stage 1,Stage 1,0.010364471699471136,0.9896355283001894
65,183,Stage 0,Stage 0,1.2333159853244846e-17,0.9804146486997954
65,184,Stage 3,Stage 3,1.1673653215887557e-16,0.9921045370250977
65,185,Stage 0,Stage 0,1.0720020520770851e-17,0.9796521603874878
65,186,Stage 2,Stage 2,0.2565301933062086,0.7352347234159674
65,187,Stage 4,Stage 4,0.6599792849745079,0.6599792849745079
65,188,Stage 4,Stage 4,0.6511980781318684,0.6511980781318684
65,189,Stage 2,Stage 2,0.24409474820536187,0.7472579575151554
65,190,Stage 0,Stage 0,1.3241104099992208e-17,0.9807323539623602
65,191,Stage 2,Stage 2,0.25011154894036597,0.7414513210234408
65,192,Stage 1,Stage 1,0.010301968689707616,0.989698031309957
65,193,Stage 0,Stage 0,8.537509825055995e-20,0.9912225947871058
65,194,Stage 1,Stage 1,0.010301968689707616,0.989698031309957
65,195,Stage 1,Stage 1,0.01044312836757466,0.9895568716320805
65,196,Stage 3,Stage 3,1.5474763695087082e-16,0.9908040643215447
65,197,Stage 2,Stage 2,0.2507184070185569,0.7408645179111736
65,198,Stage 1,Stage 1,0.009624007050878763,0.9903759929488298
65,199,Stage 0,Stage 0,9.259093358300944e-20,0.9915446901678397
65,200,Stage 4,Stage 4,0.6658702591579196,0.6658702591579196
65,201,Stage 3,Stage 3,1.0383221598649313e-16,0.9925894037367302
65,202,Stage 1,Stage 1,0.009904694823563766,0.990095305176127
65,203,Stage 1,Stage 1,0.010055665165061838,0.9899443348346193
65,204,Stage 3,Stage 3,1.1081472958919321e-16,0.9923238095001111
65,205,Stage 0,Stage 0,1.2560561077266288e-17,0.9805005411964006
65,206,Stage 0,Stage 0,1.2740297014569865e-17,0.9805653107277057
65,207,Stage 2,Stage 2,0.25041486069432983,0.74115805835694
65,208,Stage 4,Stage 4,0.6610236544185378,0.6610236544185378
65,209,Stage 0,Stage 0,8.08232602695753e-20,0.9909830830405886
65,210,Stage 4,Stage 4,0.6624129717872749,0.6624129717872749
65,211,Stage 2,Stage 2,0.25591446599987244,0.7358320134602054
65,212,Stage 0,Stage 0,1.1818296665699673e-17,0.9802024766916642
65,213,Stage 1,Stage 1,0.010618258001908947,0.989381741997734
65,214,Stage 4,Stage 4,0.6603276342630003,0.6603276342630003
65,215,Stage 0,Stage 0,1.1187497314564652e-17,0.9799044975199033
65,216,Stage 0,Stage 0,1.2233406605185289e-17,0.9803755156068993
65,217,Stage 2,Stage 2,0.25163045222685015,0.7399822317710941
65,218,Stage 0,Stage 0,8.74790668622754e-20,0.9913232099902709
65,219,Stage 2,Stage 2,0.25041486069432983,0.74115805835694
65,220,Stage 0,Stage 0,8.520205496502915e-20,0.9912140512260427
65,221,Stage 0,Stage 0,1.2283182899635144e-17,0.9803951564718821
65,222,Stage 0,Stage 0,1.1627808591199174e-17,0.9801172016463422
65,223,Stage 2,Stage 2,0.24469217859954617,0.7466823388248103
65,224,Stage 1,Stage 1,0.010364471699471136,0.9896355283001894
65,225,Stage 0,Stage 0,1.1142120128138744e-17,0.9798812571387373
65,226,Stage 0,Stage 0,8.065938685064428e-20,0.9909738527081803
65,227,Stage 3,Stage 3,1.3705697726370712e-16,0.9913884908326821
65,228,Stage 4,Stage 4,0.6613713246232751,0.6613713246232751
65,229,Stage 4,Stage 4,0.6613713246232751,0.6613713246232751
65,230,Stage 0,Stage 0,1.2922581741193185e-17,0.9806283277652365
65,231,Stage 0,Stage 0,1.107439571025704e-17,0.9798460876036361
65,232,Stage 0,Stage 0,1.1818296665699673e-17,0.9802024766916642
65,233,Stage 2,Stage 2,0.25346085982156524,0.7382101848703055
65,234,Stage 0,Stage 0,1.1210254455404146e-17,0.9799160561815848
65,235,Stage 0,Stage 0,9.296723129296975e-20,0.9915598200571972
65,236,Stage 2,Stage 2,0.24920302226922736,0.7423294404854913
65,237,Stage 0,Stage 0,9.184287616612198e-20,0.9915141592139521
65,238,Stage 0,Stage 0,1.1746504177763643e-17,0.9801707910337142
65,239,Stage 4,Stage 4,0.6522590955728329,0.6522590955728329
65,240,Stage 0,Stage 0,8.148206854130017e-20,0.9910197431849472
65,241,Stage 2,Stage 2,0.2630511561301873,0.7288973306033367
65,242,Stage 0,Stage 0,9.128577989666076e-20,0.9914910221400364
65,243,Stage 2,Stage 2,0.2661919588529908,0.7258376122776112
65,244,Stage 4,Stage 4,0.6727151467124962,0.6727151467124962
65,245,Stage 1,Stage 1,0.010301968689707616,0.989698031309957
65,246,Stage 3,Stage 3,1.5208739668280382e-16,0.9908899047222214
65,247,Stage 4,Stage 4,0.669304422786679,0.669304422786679
65,248,Stage 0,Stage 0,8.999892134210829e-20,0.9914362311704462
65,249,Stage 3,Stage 3,1.6230499434520907e-16,0.990563840805628
65,250,Stage 0,Stage 0,8.537509825055995e-20,0.9912225947871058
65,251,Stage 4,Stage 4,0.6744116221435149,0.6744116221435149
65,252,Stage 0,Stage 0,1.3241104099992208e-17,0.9807323539623602
65,253,Stage 1,Stage 1,0.009964811803714252,0.9900351881959727
65,254,Stage 3,Stage 3,1.481823122744664e-16,0.991017175804803
65,255,Stage 1,Stage 1,0.009785535986405131,0.9902144640132933
65,256,Stage 2,Stage 2,0.25900237345016314,0.732834621849088
65,257,Stage 0,Stage 0,9.940036803056258e-20,0.9917967806843048
65,258,Stage 3,Stage 3,1.3765259292095088e-16,0.9913682681373117
65,259,Stage 3,Stage 3,1.4690296916016509e-16,0.9910592059180846
65,260,Stage 2,Stage 2,0.2715834339697196,0.7205748155048869
65,261,Stage 1,Stage 1,0.009904694823563766,0.990095305176127
65,262,Stage 0,Stage 0,1.1557162146697265e-17,0.9800845763643546
65,263,Stage 0,Stage 0,9.31559500739439e-20,0.9915673512795624
65,264,Stage 4,Stage 4,0.668962056057008,0.668962056057008
65,265,Stage 0,Stage 0,9.31559500739439e-20,0.9915673512795624
65,266,Stage 2,Stage 2,0.2722220085734127,0.7199506305173557
65,267,Stage 0,Stage 0,1.3001492951251741e-17,0.9806548050070074
65,268,Stage 3,Stage 3,1.7471471725679526e-16,0.9901802809920105
65,269,Stage 0,Stage 0,1.378936293212774e-17,0.9808947989610717
65,270,Stage 0,Stage 0,9.720824594382605e-20,0.9917204044379043
65,271,Stage 0,Stage 0,9.353453132757058e-20,0.9915823465277942
65,272,Stage 1,Stage 1,0.01022436423784182,0.9897756357618281
65,273,Stage 3,Stage 3,1.8403987379288522e-16,0.9899002581759518
65,274,Stage 0,Stage 0,9.277889271811996e-20,0.9915522663698692
65,275,Stage 0,Stage 0,8.945294736894336e-20,0.9914124012335139
65,276,Stage 0,Stage 0,8.607077158031066e-20,0.9912565230310001
65,277,Stage 1,Stage 1,0.009393758651967878,0.9906062413477549
65,278,Stage 1,Stage 1,0.00914124632909089,0.990858753670647
65,279,Stage 0,Stage 0,8.981656287912796e-20,0.9914283112014913
65,280,Stage 1,Stage 1,0.009393758651967878,0.9906062413477549
65,281,Stage 2,Stage 4,0.6844637113224621,0.6844637113224621
65,282,Stage 2,Stage 2,0.27286148006909366,0.7193253923821371
65,283,Stage 0,Stage 0,1.3485092822268163e-17,0.9808071202891354
65,284,Stage 2,Stage 2,0.2699909306515594,0.7221306585210056
65,285,Stage 1,Stage 1,0.009638581731872228,0.9903614182678355
65,286,Stage 0,Stage 0,9.642309106611137e-20,0.9916919925727748
65,287,Stage 0,Stage 0,8.819178050352503e-20,0.9913559755764396
65,288,Stage 3,Stage 3,1.5407825779475046e-16,0.990825599410363
65,289,Stage 0,Stage 0,1.3485092822268163e-17,0.9808071202891354
65,290,Stage 1,Stage 1,0.009058579180217434,0.9909414208195254
65,291,Stage 2,Stage 4,0.6686194552365096,0.6686194552365096
65,292,Stage 2,Stage 4,0.689078873404548,0.689078873404548
65,293,Stage 2,Stage 4,0.6988016239832392,0.6988016239832392
65,294,Stage 3,Stage 3,2.449344421933234e-16,0.9882125597107736
65,295,Stage 2,Stage 4,0.6730549179853795,0.6730549179853795
65,296,Stage 3,Stage 3,2.376234315725983e-16,0.9884040494825906
65,297,Stage 2,Stage 4,0.6884225650067124,0.6884225650067124
65,298,Stage 2,Stage 2,0.28649489500796743,0.705955450902243
65,299,Stage 2,Stage 2,0.2741431079820585,0.7180717640074853
65,300,Stage 2,Stage 2,0.26180123907608943,0.7301136797161712
65,301,Stage 1,Stage 1,0.009196772567259431,0.9908032274324752
65,302,Stage 0,Stage 0,1.218383016385818e-17,0.9803557254709231
65,303,Stage 3,Stage 3,1.665811752754777e-16,0.9904301951067617
65,304,Stage 0,Stage 0,1.0102546252047937e-19,0.99185073617104
65,305,Stage 0,Stage 0,1.4506445676364027e-17,0.9810793934619298
65,306,Stage 0,Stage 0,8.400047374762764e-20,0.9911535513581672
65,307,Stage 3,Stage 3,1.388515806678279e-16,0.9913276811213593
65,308,Stage 0,Stage 0,9.545051261119675e-20,0.9916559916320165
65,309,Stage 1,Stage 1,0.009580413828657553,0.9904195861710536
65,310,Stage 0,Stage 0,8.963457180159048e-20,0.9914203679064144
65,311,Stage 2,Stage 2,0.27575016202612107,0.7164988374361844
65,312,Stage 2,Stage 2,0.2722220085734127,0.7199506305173557
65,313,Stage 0,Stage 0,1.1627808591199174e-17,0.9801172016463422
65,314,Stage 2,Stage 2,0.2562222135628668,0.735533505503506
65,315,Stage 1,Stage 1,0.009889721766253414,0.9901102782334382
65,316,Stage 0,Stage 0,9.334504982898171e-20,0.9915748600865903
65,317,Stage 2,Stage 2,0.24950562961173267,0.7420370122733596
65,318,Stage 1,Stage 1,0.009127416747430665,0.990872583252308
65,319,Stage 1,Stage 1,0.008855138120937587,0.991144861878817
65,320,Stage 3,Stage 3,1.388515806678279e-16,0.9913276811213593
65,321,Stage 2,Stage 4,0.6710127341611202,0.6710127341611202
65,322,Stage 0,Stage 0,8.837085903244356e-20,0.9913641073516679
65,323,Stage 2,Stage 2,0.2747852614864163,0.7174433774631043
65,324,Stage 3,Stage 3,1.400609848735023e-16,0.9912869045482736
65,325,Stage 3,Stage 3,1.4437723749347735e-16,0.9911426811614495
65,326,Stage 1,Stage 1,0.00863004135424123,0.9913699586455261
65,327,Stage 3,Stage 3,1.5813828545132604e-16,0.9906956338210948
65,328,Stage 0,Stage 0,9.091625046287896e-20,0.9914754829247348
65,329,Stage 0,Stage 0,1.0164166460138794e-19,0.9918706296415938
65,330,Stage 2,Stage 4,0.6662147213624142,0.6662147213624142
65,331,Stage 0,Stage 0,9.073204391193619e-20,0.9914676788149698
65,332,Stage 0,Stage 0,9.642309106611137e-20,0.9916919925727748
65,333,Stage 3,Stage 3,1.5745428008113426e-16,0.990717420980011
65,334,Stage 0,Stage 0,9.681487677796197e-20,0.9917062414926595
65,335,Stage 2,Stage 2,0.2636774894246132,0.7282875373293057
65,336,Stage 0,Stage 0,9.622779001159291e-20,0.9916848357534722
65,337,Stage 3,Stage 3,1.8403987379288522e-16,0.9899002581759518
65,338,Stage 2,Stage 2,0.2760722402011618,0.7161834689750823
65,339,Stage 2,Stage 2,0.2715834339697196,0.7205748155048869
65,340,Stage 0,Stage 0,8.999892134210829e-20,0.9914362311704462
65,341,Stage 0,Stage 0,1.4014917739691513e-17,0.9809560572150945
65,342,Stage 1,Stage 1,0.008788335824128789,0.9912116641756296
65,343,Stage 0,Stage 0,1.0649180748961579e-19,0.9920171394855191
65,344,Stage 0,Stage 0,1.0288531012335657e-19,0.991909867392295
65,345,Stage 2,Stage 4,0.6834684068082958,0.6834684068082958
65,346,Stage 2,Stage 2,0.28190742497481436,0.7104625227613299
65,347,Stage 1,Stage 1,0.008603935121080953,0.9913960648786877
65,348,Stage 0,Stage 0,9.661878638945813e-20,0.9916991278032942
65,349,Stage 2,Stage 2,0.2907925190419205,0.7017259669833921
65,350,Stage 1,Stage 1,0.008855138120937587,0.991144861878817
65,351,Stage 0,Stage 0,8.46850139491943e-20,0.9911882720675684
69,1,Stage 3,Stage 3,1.1081472958919321e-16,0.9923238095001111
69,2,Stage 3,Stage 3,9.771190359180297e-17,0.9928290382601219
69,3,Stage 1,Stage 1,0.011195043269290631,0.9888049567303113
69,4,Stage 0,Stage 0,8.000718776672785e-20,0.990936668448035
69,5,Stage 1,Stage 1,0.011010506436409693,0.9889894935632056
69,6,Stage 4,Stage 4,0.6655255657097157,0.6655255657097157
69,7,Stage 4,Stage 4,0.6599792849745079,0.6599792849745079
69,8,Stage 2,Stage 2,0.24799494438075095,0.7434963662755557
69,9,Stage 1,Stage 1,0.011365455719808666,0.9886345442797805
69,10,Stage 0,Stage 0,8.677207923103145e-20,0.9912900602817227
69,11,Stage 1,Stage 1,0.009638581731872228,0.9903614182678355
69,12,Stage 3,Stage 3,1.1033499035133906e-16,0.992341806553053
69,13,Stage 2,Stage 2,0.23292442842273028,0.7579791525754661
69,14,Stage 3,Stage 3,1.4563464239206133e-16,0.9911010407392757
69,15,Stage 1,Stage 1,0.01153843194146803,0.9884615680581081
69,16,Stage 0,Stage 0,8.366026874290211e-20,0.9911360406503251
69,17,Stage 1,Stage 1,0.01074744686913522,0.9892525531304988
69,18,Stage 0,Stage 0,8.281573503643895e-20,0.9910918217689588
69,19,Stage 2,Stage 2,0.24260531899489832,0.7486920734925386
69,20,Stage 0,Stage 0,8.349068008831573e-20,0.9911272475131927
69,21,Stage 0,Stage 0,1.109692512335358e-17,0.979857852094674
69,22,Stage 4,Stage 4,0.6617187678056939,0.6617187678056939
69,23,Stage 2,Stage 2,0.2337937466443579,0.7571477410659883
69,24,Stage 2,Stage 2,0.24409474820536187,0.7472579575151554
69,25,Stage 0,Stage 0,1.1866399576552271e-17,0.9802234068562619
69,26,Stage 0,Stage 0,8.607077158031066e-20,0.9912565230310001
69,27,Stage 0,Stage 0,7.855883279549936e-20,0.9908514496749214
69,28,Stage 4,Stage 4,0.6379545104752306,0.6379545104752306
69,29,Stage 2,Stage 2,0.2393494780139037,0.7518222425992226
69,30,Stage 0,Stage 0,8.214621238389883e-20,0.9910559882047939
69,31,Stage 0,Stage 0,7.968305569622078e-20,0.9909179177401287
69,32,Stage 4,Stage 4,0.6603276342630003,0.6603276342630003
69,33,Stage 0,Stage 0,7.792350876177444e-20,0.9908128751671069
69,34,Stage 4,Stage 4,0.6648354863636098,0.6648354863636098
69,35,Stage 0,Stage 0,1.0611596834529724e-17,0.9795893247500063
69,36,Stage 3,Stage 3,1.2842511828128758e-16,0.9916862435349484
69,37,Stage 2,Stage 2,0.23495619552549454,0.7560351692055192
69,38,Stage 1,Stage 1,0.010490605571728758,0.989509394427923
69,39,Stage 3,Stage 3,9.985526273792553e-17,0.9927443525110301
69,40,Stage 0,Stage 0,1.0676520152462913e-17,0.979627155398886
69,41,Stage 2,Stage 2,0.24082583751358175,0.7504036898319053
69,42,Stage 1,Stage 1,0.011468931402820405,0.988531068596761
69,43,Stage 3,Stage 3,1.2350856910944272e-16,0.9918599613674226
69,44,Stage 0,Stage 0,1.1746504177763643e-17,0.9801707910337142
69,45,Stage 0,Stage 0,7.887842168498187e-20,0.9908705746699452
69,46,Stage 1,Stage 1,0.011417077687672613,0.9885829223119126
69,47,Stage 3,Stage 3,1.2191180834968498e-16,0.9919170618790788
69,48,Stage 3,Stage 3,1.0938171957707546e-16,0.9923776748933048
69,49,Stage 0,Stage 0,1.1746504177763643e-17,0.9801707910337142
69,50,Stage 0,Stage 0,1.1818296665699673e-17,0.9802024766916642
69,51,Stage 3,Stage 3,1.1775374791176718e-16,0.9920673910242831
69,52,Stage 1,Stage 1,0.010055665165061838,0.9899443348346193
69,53,Stage 3,Stage 3,1.1775374791176718e-16,0.9920673910242831
69,54,Stage 2,Stage 2,0.242308144816448,0.7489780500215129
69,55,Stage 4,Stage 4,0.6317750228363617,0.6317750228363617
69,56,Stage 0,Stage 0,1.3134074518326739e-17,0.9806982344537166
69,57,Stage 4,Stage 2,0.24679063424412062,0.7446588239845878
69,58,Stage 0,Stage 0,7.604799623334622e-20,0.9906945206011387
69,59,Stage 1,Stage 1,0.009667796696653437,0.9903322033030524
69,60,Stage 1,Stage 1,0.011010506436409693,0.9889894935632056
69,61,Stage 0,Stage 0,8.214621238389883e-20,0.9910559882047939
69,62,Stage 1,Stage 1,0.010666522809220242,0.9893334771904194
69,63,Stage 0,Stage 0,9.410527400285663e-20,0.9916046721498973
69,64,Stage 0,Stage 0,8.315252702436151e-20,0.9911095853926171
69,65,Stage 2,Stage 2,0.2375857134063732,0.7535151213415648
69,66,Stage 1,Stage 1,0.010348810856321467,0.9896511891433398
69,67,Stage 4,Stage 4,0.6592819096375138,0.6592819096375138
69,68,Stage 3,Stage 3,1.2898331317204133e-16,0.9916667155841863
69,69,Stage 0,Stage 0,7.855883279549936e-20,0.9908514496749214
69,70,Stage 0,Stage 0,1.0873657311733232e-17,0.9797383321196398
69,71,Stage 4,Stage 4,0.6529653501275292,0.6529653501275292
69,72,Stage 2,Stage 2,0.23553885774866026,0.7554771619231907
69,73,Stage 2,Stage 2,0.2510221877948732,0.7405706998731459
69,74,Stage 4,Stage 4,0.6624129717872749,0.6624129717872749
69,75,Stage 3,Stage 3,1.0843666646493686e-16,0.9924133761883405
69,76,Stage 0,Stage 0,7.871846612705421e-20,0.9908610256439977
69,77,Stage 1,Stage 1,0.009874771118159353,0.9901252288815332
69,78,Stage 2,Stage 2,0.22746899878325516,0.7631844155258405
69,79,Stage 0,Stage 0,7.919930208469404e-20,0.9908895921314155
69,80,Stage 4,Stage 4,0.6515519682272032,0.6515519682272032
69,81,Stage 0,Stage 0,1.1557162146697265e-17,0.9800845763643546
69,82,Stage 0,Stage 0,8.164760260911624e-20,0.99102884321395
69,83,Stage 2,Stage 2,0.23205727100199086,0.7588079730146211
69,84,Stage 4,Stage 4,0.6437167720011804,0.6437167720011804
69,85,Stage 0,Stage 0,1.109692512335358e-17,0.979857852094674
69,86,Stage 0,Stage 0,8.19796738548088e-20,0.9910469656665484
69,87,Stage 1,Stage 1,0.011211970206723553,0.9887880297928772
69,88,Stage 3,Stage 3,1.1373718571281658e-16,0.9922149407159155
69,89,Stage 1,Stage 1,0.010698819849468869,0.9893011801501685
69,90,Stage 3,Stage 3,1.1324482376263934e-16,0.9922331915318743
69,91,Stage 1,Stage 1,0.010715004626066438,0.9892849953735698
69,92,Stage 2,Stage 2,0.23350373393201573,0.7574251658701525
69,93,Stage 3,Stage 3,1.1178046055617763e-16,0.9922876891449864
69,94,Stage 0,Stage 0,8.677207923103145e-20,0.9912900602817227
69,95,Stage 3,Stage 3,1.273159474180893e-16,0.9917251631277341
69,96,Stage 2,Stage 2,0.24201120808473084,0.7492637439240315
69,97,Stage 0,Stage 0,8.115200014791238e-20,0.9910014652339335
69,98,Stage 2,Stage 2,0.22463267886575702,0.7658819271506209
69,99,Stage 0,Stage 0,8.214621238389883e-20,0.9910559882047939
69,100,Stage 4,Stage 4,0.6627597319301668,0.6627597319301668
69,101,Stage 0,Stage 0,8.098746447928079e-20,0.9909922871964918
69,102,Stage 3,Stage 3,1.1129654999199453e-16,0.9923057703964012
69,103,Stage 3,Stage 3,1.0749976041905366e-16,0.992448911205905
69,104,Stage 1,Stage 1,0.010270857205587213,0.9897291427940793
69,105,Stage 0,Stage 0,1.3539915043536261e-17,0.980823362442118
69,106,Stage 0,Stage 0,8.74790668622754e-20,0.9913232099902709
69,107,Stage 2,Stage 2,0.24890064996130676,0.7426215901757899
69,108,Stage 3,Stage 3,1.2954392823164148e-16,0.9916471420578322
69,109,Stage 0,Stage 0,7.760776327708455e-20,0.9907934246903364
69,110,Stage 4,Stage 4,0.6582341597389156,0.6582341597389156
69,111,Stage 0,Stage 0,8.837085903244356e-20,0.9913641073516679
69,112,Stage 3,Stage 3,1.1178046055617763e-16,0.9922876891449864
69,113,Stage 4,Stage 4,0.6515519682272032,0.6515519682272032
69,114,Stage 3,Stage 3,9.771190359180297e-17,0.9928290382601219
69,115,Stage 0,Stage 0,1.10294726066252e-17,0.9798224342409875
69,116,Stage 0,Stage 0,9.583836753171736e-20,0.9916704571574527
69,117,Stage 0,Stage 0,8.131686794496749e-20,0.9910106172108247
69,118,Stage 0,Stage 0,9.165680278779385e-20,0.9915064696883523
69,119,Stage 0,Stage 0,8.098746447928079e-20,0.9909922871964918
69,120,Stage 0,Stage 0,9.603288243117046e-20,0.9916776572976473
69,121,Stage 0,Stage 0,8.451336088651371e-20,0.9911796293397436
69,122,Stage 1,Stage 1,0.010317559385682887,0.9896824406139807
69,123,Stage 2,Stage 2,0.24980847187399974,0.7417443057242193
69,124,Stage 3,Stage 3,1.3353688209667664e-16,0.9915088424241372
69,125,Stage 1,Stage 1,0.011094010943917605,0.9889059890556916
69,126,Stage 2,Stage 2,0.23729258819557023,0.7537962701326412
69,127,Stage 0,Stage 0,7.952147921726884e-20,0.9909085025359076
69,128,Stage 4,Stage 4,0.6682766206384697,0.6682766206384697
69,129,Stage 0,Stage 0,8.417109148209376e-20,0.9911622690404526
69,130,Stage 4,Stage 4,0.6469345605925219,0.6469345605925219
69,131,Stage 0,Stage 0,8.248029864283356e-20,0.9910739561908304
69,132,Stage 4,Stage 4,0.6599792849745079,0.6599792849745079
69,133,Stage 2,Stage 2,0.2519349356419553,0.7396875820838313
69,134,Stage 2,Stage 2,0.23846652192724804,0.752669963690234
69,135,Stage 2,Stage 2,0.2455900988615248,0.7458168020071239
69,136,Stage 3,Stage 3,1.2191180834968498e-16,0.9919170618790788
69,137,Stage 0,Stage 0,7.792350876177444e-20,0.9908128751671069
69,138,Stage 0,Stage 0,9.296723129296975e-20,0.9915598200571972
69,139,Stage 0,Stage 0,7.15530420215485e-20,0.9903807665182893
69,140,Stage 1,Stage 1,0.01044312836757466,0.9895568716320805
69,141,Stage 2,Stage 2,0.23148036741908581,0.7593590784021307
69,142,Stage 4,Stage 4,0.6533181492369667,0.6533181492369667
69,143,Stage 0,Stage 0,8.214621238389883e-20,0.9910559882047939
69,144,Stage 1,Stage 1,0.010086131453090964,0.9899138685465878
69,145,Stage 0,Stage 0,1.1675143619896923e-17,0.9801387548946572
69,146,Stage 3,Stage 3,1.1673653215887557e-16,0.9921045370250977
69,147,Stage 4,Stage 4,0.6386776758112841,0.6386776758112841
69,148,Stage 0,Stage 0,1.2308146243540897e-17,0.9804049211259633
69,149,Stage 0,Stage 0,1.2637280966370862e-17,0.9805285158322073
69,150,Stage 0,Stage 0,1.1187497314564652e-17,0.9799044975199033
69,151,Stage 4,Stage 4,0.6686194552365096,0.6686194552365096
69,152,Stage 2,Stage 2,0.2337937466443579,0.7571477410659883
69,153,Stage 0,Stage 0,1.3986524478756912e-17,0.9809485139790308
69,154,Stage 0,Stage 0,8.927168884212394e-20,0.9914044111309707
69,155,Stage 3,Stage 3,9.686747040555195e-17,0.9928626365993061
69,156,Stage 4,Stage 4,0.6791298478289639,0.6791298478289639
69,157,Stage 2,Stage 2,0.25838293997313205,0.7334362852539207
69,158,Stage 2,Stage 2,0.2455900988615248,0.7458168020071239
69,159,Stage 4,Stage 4,0.6596307099883298,0.6596307099883298
69,160,Stage 0,Stage 0,7.968305569622078e-20,0.9909179177401287
69,161,Stage 1,Stage 1,0.010554240854312225,0.9894457591453351
69,162,Stage 1,Stage 1,0.011262902984465105,0.9887370970151318
69,163,Stage 2,Stage 2,0.24859851280195477,0.7429134611599754
69,164,Stage 1,Stage 1,0.009726489938492407,0.9902735100612097
69,165,Stage 0,Stage 0,8.400047374762764e-20,0.9911535513581672
69,166,Stage 0,Stage 0,8.783470504027307e-20,0.9913396405861271
69,167,Stage 1,Stage 1,0.010812623108673656,0.9891873768909557
69,168,Stage 4,Stage 4,0.6665589520038038,0.6665589520038038
69,169,Stage 1,Stage 1,0.010086131453090964,0.9899138685465878
69,170,Stage 0,Stage 0,8.520205496502915e-20,0.9912140512260427
69,171,Stage 4,Stage 4,0.6533181492369667,0.6533181492369667
69,172,Stage 3,Stage 3,1.1033499035133906e-16,0.992341806553053
69,173,Stage 0,Stage 0,7.512712189694956e-20,0.9906338390352473
69,174,Stage 0,Stage 0,8.537509825055995e-20,0.9912225947871058
69,175,Stage 3,Stage 3,1.5407825779475046e-16,0.990825599410363
69,176,Stage 2,Stage 2,0.24112182351621533,0.750119128152762
69,177,Stage 3,Stage 3,1.5077442951527206e-16,0.9909325261098706
69,178,Stage 2,Stage 2,0.26430473759518175,0.7276766671573558
69,179,Stage 3,Stage 3,1.1129654999199453e-16,0.9923057703964012
69,180,Stage 0,Stage 0,8.485701351635163e-20,0.9911968899211833
69,181,Stage 4,Stage 4,0.6508439708891695,0.6508439708891695
69,182,Stage 0,Stage 0,1.3430490722743576e-17,0.980790743318878
69,183,Stage 1,Stage 1,0.010208912914871814,0.9897910870847989
69,184,Stage 2,Stage 2,0.25714684879590843,0.7346363376396886
69,185,Stage 0,Stage 0,1.2740297014569865e-17,0.9805653107277057
69,186,Stage 1,Stage 1,0.01022436423784182,0.9897756357618281
69,187,Stage 1,Stage 1,0.009422238607239732,0.9905777613924814
69,188,Stage 4,Stage 4,0.6791298478289639,0.6791298478289639
69,189,Stage 0,Stage 0,8.554849084858906e-20,0.9912311136935966
69,190,Stage 2,Stage 2,0.26556197357446565,0.7264517029193922
69,191,Stage 2,Stage 2,0.2684040635590037,0.7236798798138958
69,192,Stage 3,Stage 3,1.4563464239206133e-16,0.9911010407392757
69,193,Stage 3,Stage 3,1.1724403944377254e-16,0.992085985688691
69,194,Stage 0,Stage 0,1.3027902691056307e-17,0.9806635606276816
69,195,Stage 3,Stage 3,1.5142949392376147e-16,0.9909112402221542
69,196,Stage 3,Stage 3,1.4251140396290633e-16,0.991204779240457
69,197,Stage 1,Stage 1,0.009934708297490292,0.9900652917021984
69,198,Stage 2,Stage 2,0.2599332553644643,0.7319300847695427
69,199,Stage 0,Stage 0,8.712486018094915e-20,0.9913066833643034
69,200,Stage 3,Stage 3,1.251261927284667e-16,0.9918024599916467
69,201,Stage 4,Stage 4,0.6757645023331529,0.6757645023331529
69,202,Stage 0,Stage 0,8.281573503643895e-20,0.9910918217689588
69,203,Stage 0,Stage 0,1.27661808036132e-17,0.9805744198500976
69,204,Stage 0,Stage 0,8.642071827046151e-20,0.9912733403140861
69,205,Stage 0,Stage 0,8.74790668622754e-20,0.9913232099902709
69,206,Stage 2,Stage 2,0.2783329932181442,0.7139686090247577
69,207,Stage 3,Stage 3,1.5274815003928008e-16,0.9908685194963217
69,208,Stage 2,Stage 4,0.6764395024509561,0.6764395024509561
69,209,Stage 4,Stage 4,0.6975185846169477,0.6975185846169477
69,210,Stage 0,Stage 0,9.240335312278755e-20,0.9915370914012563
69,211,Stage 0,Stage 0,1.0267698939127796e-19,0.9919033783199521
69,212,Stage 3,Stage 3,1.7023034736543948e-16,0.9903173899928813
69,213,Stage 0,Stage 0,1.0041297742379242e-19,0.991830658016624
69,214,Stage 3,Stage 3,1.6371808454090327e-16,0.990519499349954
69,215,Stage 0,Stage 0,1.27661808036132e-17,0.9805744198500976
69,216,Stage 2,Stage 2,0.2760722402011618,0.7161834689750823
69,217,Stage 0,Stage 0,9.202932517534232e-20,0.9915218259744493
69,218,Stage 0,Stage 0,1.4535885902983276e-17,0.9810863641899918
69,219,Stage 0,Stage 0,9.525717101185453e-20,0.9916487261505318
69,220,Stage 0,Stage 0,9.919906859254658e-20,0.9917899427447266
69,221,Stage 2,Stage 4,0.6910417547141406,0.6910417547141406
69,222,Stage 0,Stage 0,1.0801315288883774e-19,0.9920596704784024
69,223,Stage 3,Stage 3,2.0777364471225954e-16,0.9892156964861458
69,224,Stage 0,Stage 0,9.448769201481952e-20,0.9916194449715166
69,225,Stage 2,Stage 4,0.684794984527346,0.684794984527346
69,226,Stage 0,Stage 0,1.4186482023847965e-17,0.9810006390597278
74,1,Stage 0,Stage 0,1.2948832582911525e-17,0.9806371886501871
74,2,Stage 1,Stage 1,0.010763704406525684,0.9892362955931072
74,3,Stage 1,Stage 1,0.011348299721650131,0.9886517002779404
74,4,Stage 0,Stage 0,8.927168884212394e-20,0.9914044111309707
74,5,Stage 4,Stage 4,0.6606757575215213,0.6606757575215213
74,6,Stage 4,Stage 4,0.6361430398459037,0.6361430398459037
74,7,Stage 2,Stage 2,0.24260531899489832,0.7486920734925386
74,8,Stage 0,Stage 0,1.3539915043536261e-17,0.980823362442118
74,9,Stage 0,Stage 0,7.919930208469404e-20,0.9908895921314155
74,10,Stage 4,Stage 4,0.649780349797146,0.649780349797146
74,11,Stage 3,Stage 3,1.142316833900531e-16,0.9921966472643006
74,12,Stage 0,Stage 0,8.19796738548088e-20,0.9910469656665484
74,13,Stage 3,Stage 3,1.1724403944377254e-16,0.992085985688691
74,14,Stage 2,Stage 2,0.2562222135628668,0.735533505503506
74,15,Stage 1,Stage 1,0.010427349925522132,0.9895726500741339
74,16,Stage 4,Stage 4,0.6669029507634441,0.6669029507634441
74,17,Stage 0,Stage 0,9.277889271811996e-20,0.9915522663698692
74,18,Stage 3,Stage 3,1.7776954166379165e-16,0.9900878065782867
74,19,Stage 1,Stage 1,0.011245900027341223,0.9887540999722567
74,20,Stage 1,Stage 1,0.010796292490686686,0.9892037075089438
74,21,Stage 0,Stage 0,8.765670665295167e-20,0.9913314372653822
74,22,Stage 3,Stage 3,1.267649507625699e-16,0.9917445549781971
74,23,Stage 4,Stage 4,0.6787944025585728,0.6787944025585728
74,24,Stage 4,Stage 4,0.6767766414749979,0.6767766414749979
74,25,Stage 1,Stage 1,0.009949748780050132,0.9900502512196377
74,26,Stage 2,Stage 2,0.2437963882471011,0.7475453445748567
74,27,Stage 0,Stage 0,8.332143307836255e-20,0.991118429112658
74,28,Stage 4,Stage 4,0.6476472923394259,0.6476472923394259
74,29,Stage 4,Stage 4,0.6641444858945478,0.6641444858945478
74,30,Stage 2,Stage 2,0.24141804734081146,0.7498342831611539
74,31,Stage 2,Stage 2,0.24112182351621533,0.750119128152762
74,32,Stage 4,Stage 4,0.6575345391229066,0.6575345391229066
74,33,Stage 3,Stage 3,1.3010697391296376e-16,0.9916275228510862
74,34,Stage 3,Stage 3,1.5012219126275094e-16,0.9909537624988691
74,35,Stage 1,Stage 1,0.010845357674872167,0.9891546423247549
74,36,Stage 0,Stage 0,8.837085903244356e-20,0.9913641073516679
74,37,Stage 0,Stage 0,8.801306274854312e-20,0.9913478200055159
74,38,Stage 0,Stage 0,1.1301742154759131e-17,0.9799618826757773
74,39,Stage 2,Stage 2,0.24499124883316234,0.7463941075463413
74,40,Stage 0,Stage 0,1.2085273632587744e-17,0.9803156948360203
74,41,Stage 0,Stage 0,8.248029864283356e-20,0.9910739561908304
74,42,Stage 1,Stage 1,0.009889721766253414,0.9901102782334382
74,43,Stage 0,Stage 0,8.016974467717475e-20,0.9909460040695245
74,44,Stage 4,Stage 4,0.6624129717872749,0.6624129717872749
74,45,Stage 2,Stage 2,0.24290273052425007,0.7484058145098628
74,46,Stage 4,Stage 4,0.6386776758112841,0.6386776758112841
74,47,Stage 2,Stage 2,0.242308144816448,0.7489780500215129
74,48,Stage 1,Stage 1,0.010162697470396196,0.9898373025292777
74,49,Stage 0,Stage 0,8.945294736894336e-20,0.9914124012335139
74,50,Stage 3,Stage 3,1.2954392823164148e-16,0.9916471420578322
74,51,Stage 3,Stage 3,1.3945497509816846e-16,0.9913073165838424
74,52,Stage 2,Stage 2,0.24349826524823048,0.7478324498769883
74,53,Stage 4,Stage 4,0.6655255657097157,0.6655255657097157
74,54,Stage 4,Stage 4,0.649780349797146,0.649780349797146
74,55,Stage 1,Stage 1,0.010208912914871814,0.9897910870847989
74,56,Stage 0,Stage 0,9.202932517534232e-20,0.9915218259744493
74,57,Stage 1,Stage 1,0.009551460378019672,0.9904485396216934
74,58,Stage 1,Stage 1,0.0105862015552074,0.9894137984444379
74,59,Stage 2,Stage 2,0.23524740688453627,0.7557563088768003
74,60,Stage 2,Stage 2,0.24320037930785227,0.7481192732467521
74,61,Stage 2,Stage 2,0.25346085982156524,0.7382101848703055
74,62,Stage 1,Stage 1,0.009800352867573126,0.9901996471321244
74,63,Stage 0,Stage 0,8.164760260911624e-20,0.99102884321395
74,64,Stage 3,Stage 3,1.2786933315120065e-16,0.9917057260146858
74,65,Stage 0,Stage 0,8.963457180159048e-20,0.9914203679064144
74,66,Stage 2,Stage 2,0.26461870437079427,0.7273708287647475
74,67,Stage 0,Stage 0,8.520205496502915e-20,0.9912140512260427
74,68,Stage 1,Stage 1,0.010364471699471136,0.9896355283001894
74,69,Stage 4,Stage 4,0.6624129717872749,0.6624129717872749
74,70,Stage 2,Stage 2,0.2510221877948732,0.7405706998731459
74,71,Stage 0,Stage 0,8.033262971923292e-20,0.9909553132810206
74,72,Stage 1,Stage 1,0.010380155993578817,0.9896198440060806
74,73,Stage 0,Stage 0,9.128577989666076e-20,0.9914910221400364
74,74,Stage 4,Stage 4,0.6727151467124962,0.6727151467124962
74,75,Stage 1,Stage 1,0.01022436423784182,0.9897756357618281
74,76,Stage 0,Stage 0,1.225826972046872e-17,0.9803853546585779
74,77,Stage 2,Stage 2,0.24829661090433064,0.7432050532542982
74,78,Stage 3,Stage 3,1.6020813199644695e-16,0.9906299673123887
74,79,Stage 0,Stage 0,1.2333159853244846e-17,0.9804146486997954
74,80,Stage 0,Stage 0,9.334504982898171e-20,0.9915748600865903
74,81,Stage 1,Stage 1,0.010490605571728758,0.989509394427923
74,82,Stage 1,Stage 1,0.010086131453090964,0.9899138685465878
74,83,Stage 3,Stage 3,1.3010697391296376e-16,0.9916275228510862
74,84,Stage 4,Stage 4,0.6740728038490408,0.6740728038490408
74,85,Stage 1,Stage 1,0.010010136452442388,0.9899898635472416
74,86,Stage 3,Stage 3,1.2191180834968498e-16,0.9919170618790788
74,87,Stage 2,Stage 2,0.26399099922780783,0.7279822367497033
74,88,Stage 0,Stage 0,8.19796738548088e-20,0.9910469656665484
74,89,Stage 0,Stage 0,1.0061672751189167e-19,0.9918373713306831
74,90,Stage 0,Stage 0,9.37243953407556e-20,0.9915898106525737
74,91,Stage 3,Stage 3,9.856368231380074e-17,0.9927952825932385
74,92,Stage 0,Stage 0,8.891026655718003e-20,0.9913883604290891
74,93,Stage 3,Stage 3,1.1877980648709117e-16,0.992030071312075
74,94,Stage 0,Stage 0,9.296723129296975e-20,0.9915598200571972
74,95,Stage 2,Stage 2,0.24409474820536187,0.7472579575151554
74,96,Stage 2,Stage 2,0.24409474820536187,0.7472579575151554
74,97,Stage 0,Stage 0,9.054820847169687e-20,0.9914598516358336
74,98,Stage 2,Stage 2,0.25376674520975356,0.7379138770083318
74,99,Stage 0,Stage 0,9.147110428318827e-20,0.9914987573472265
74,100,Stage 3,Stage 3,1.6230499434520907e-16,0.990563840805628
74,101,Stage 3,Stage 3,1.5077442951527206e-16,0.9909325261098706
74,102,Stage 0,Stage 0,9.018164793258518e-20,0.991444127864863
74,103,Stage 2,Stage 2,0.2671386422694642,0.7249144705146957
74,104,Stage 2,Stage 2,0.2574555242711091,0.7343367343480506
74,105,Stage 0,Stage 0,9.353453132757058e-20,0.9915823465277942
74,106,Stage 0,Stage 0,8.607077158031066e-20,0.9912565230310001
74,107,Stage 0,Stage 0,1.334899836858545e-17,0.9807659238302157
74,108,Stage 0,Stage 0,9.259093358300944e-20,0.9915446901678397
74,109,Stage 0,Stage 0,8.181347082197737e-20,0.991037917355354
74,110,Stage 3,Stage 3,1.1623121658548097e-16,0.9921230451330736
74,111,Stage 0,Stage 0,9.277889271811996e-20,0.9915522663698692
74,112,Stage 3,Stage 3,1.318107998903221e-16,0.9915683900969946
74,113,Stage 3,Stage 3,1.481823122744664e-16,0.991017175804803
74,114,Stage 4,Stage 4,0.6644901011083199,0.6644901011083199
74,115,Stage 1,Stage 1,0.010861761694597969,0.9891382383050279
74,116,Stage 0,Stage 0,9.036474339409728e-20,0.9914520013362089
74,117,Stage 0,Stage 0,8.332143307836255e-20,0.991118429112658
74,118,Stage 3,Stage 3,1.5142949392376147e-16,0.9909112402221542
74,119,Stage 4,Stage 4,0.6589328842558504,0.6589328842558504
74,120,Stage 0,Stage 0,1.2233406605185289e-17,0.9803755156068993
74,121,Stage 1,Stage 1,0.009919690322993174,0.9900803096766966
74,122,Stage 1,Stage 1,0.009874771118159353,0.9901252288815332
74,123,Stage 0,Stage 0,9.296723129296975e-20,0.9915598200571972
74,124,Stage 1,Stage 1,0.009726489938492407,0.9902735100612097
74,125,Stage 3,Stage 3,1.7023034736543948e-16,0.9903173899928813
74,126,Stage 3,Stage 3,1.7096969154466563e-16,0.9902946711314999
74,127,Stage 0,Stage 0,8.08232602695753e-20,0.9909830830405886
74,128,Stage 2,Stage 2,0.25346085982156524,0.7382101848703055
74,129,Stage 4,Stage 4,0.6754266418328634,0.6754266418328634
74,130,Stage 0,Stage 0,1.3705711332982504e-17,0.980871285673887
74,131,Stage 0,Stage 0,1.225826972046872e-17,0.9803853546585779
74,132,Stage 4,Stage 4,0.6578844612749902,0.6578844612749902
74,133,Stage 3,Stage 3,1.3646393226964299e-16,0.9914086664638717
74,134,Stage 3,Stage 3,1.3945497509816846e-16,0.9913073165838424
74,135,Stage 0,Stage 0,8.873010132836583e-20,0.9913802997255212
74,136,Stage 1,Stage 1,0.009697099346223191,0.9903029006534809
74,137,Stage 0,Stage 0,1.3485092822268163e-17,0.9808071202891354
74,138,Stage 0,Stage 0,1.2792116712707507e-17,0.9805834932838356
74,139,Stage 2,Stage 2,0.2593124366704646,0.7325333815492892
74,140,Stage 2,Stage 2,0.26777089964490897,0.7242977080088484
74,141,Stage 0,Stage 0,1.2433718978351717e-17,0.9804531897659231
74,142,Stage 4,Stage 4,0.6737337468565638,0.6737337468565638
74,143,Stage 3,Stage 3,1.5541991621913235e-16,0.9907824790492394
74,144,Stage 4,Stage 4,0.6794650499677246,0.6794650499677246
74,145,Stage 0,Stage 0,9.202932517534232e-20,0.9915218259744493
74,146,Stage 3,Stage 3,1.4066962128433056e-16,0.9912664449055839
74,147,Stage 3,Stage 3,1.3945497509816846e-16,0.9913073165838424
74,148,Stage 1,Stage 1,0.010731213620810186,0.9892687863788249
74,149,Stage 3,Stage 3,1.182656670751496e-16,0.9920487529320827
74,150,Stage 1,Stage 1,0.010193484701858406,0.9898065152978135
74,151,Stage 0,Stage 0,8.855029906400031e-20,0.9913722153838513
74,152,Stage 2,Stage 2,0.2528497892226809,0.7388019727493059
74,153,Stage 0,Stage 0,1.3134074518326739e-17,0.9806982344537166
74,154,Stage 0,Stage 0,1.2458985440066693e-17,0.9804627331169338
74,155,Stage 1,Stage 1,0.009889721766253414,0.9901102782334382
74,156,Stage 1,Stage 1,0.010380155993578817,0.9896198440060806
74,157,Stage 4,Stage 4,0.6669029507634441,0.6669029507634441
74,158,Stage 4,Stage 4,0.6903884703773165,0.6903884703773165
74,159,Stage 3,Stage 3,1.7096969154466563e-16,0.9902946711314999
74,160,Stage 3,Stage 3,1.5474763695087082e-16,0.9908040643215447
74,161,Stage 0,Stage 0,1.2586082948159591e-17,0.9805099022725244
74,162,Stage 1,Stage 1,0.009919690322993174,0.9900803096766966
74,163,Stage 1,Stage 1,0.009726489938492407,0.9902735100612097
74,164,Stage 1,Stage 1,0.010025289971866769,0.9899747100278161
74,165,Stage 1,Stage 1,0.009393758651967878,0.9906062413477549
74,166,Stage 0,Stage 0,8.765670665295167e-20,0.9913314372653822
74,167,Stage 0,Stage 0,9.681487677796197e-20,0.9917062414926595
74,168,Stage 4,Stage 4,0.689734175903176,0.689734175903176
74,169,Stage 2,Stage 2,0.26336420834067564,0.7285925686842741
74,170,Stage 4,Stage 4,0.6798000086854755,0.6798000086854755
74,171,Stage 4,Stage 4,0.6554303277140929,0.6554303277140929
74,172,Stage 1,Stage 1,0.010333173429814414,0.9896668265698481
74,173,Stage 0,Stage 0,8.963457180159048e-20,0.9914203679064144
74,174,Stage 3,Stage 3,1.5474763695087082e-16,0.9908040643215447
74,175,Stage 0,Stage 0,9.128577989666076e-20,0.9914910221400364
74,176,Stage 0,Stage 0,1.3485092822268163e-17,0.9808071202891354
74,177,Stage 0,Stage 0,8.572223346466714e-20,0.9912396080001131
74,178,Stage 2,Stage 2,0.2760722402011618,0.7161834689750823
74,179,Stage 2,Stage 2,0.2602440105515096,0.7316280286971978
74,180,Stage 4,Stage 4,0.6946166691285217,0.6946166691285217
74,181,Stage 0,Stage 0,9.147110428318827e-20,0.9914987573472265
74,182,Stage 1,Stage 1,0.010025289971866769,0.9899747100278161
74,183,Stage 2,Stage 2,0.2593124366704646,0.7325333815492892
74,184,Stage 1,Stage 1,0.00953701616625288,0.990462983833461
74,185,Stage 0,Stage 0,1.2896383652677683e-17,0.9806194316431087
74,186,Stage 4,Stage 4,0.7038921691530047,0.7038921691530047
74,187,Stage 0,Stage 0,1.3134074518326739e-17,0.9806982344537166
74,188,Stage 4,Stage 4,0.6814711408851148,0.6814711408851148
74,189,Stage 1,Stage 1,0.009551460378019672,0.9904485396216934
74,190,Stage 4,Stage 4,0.6821378797765163,0.6821378797765163
74,191,Stage 2,Stage 2,0.26055499610603355,0.7313257011092654
74,192,Stage 0,Stage 0,9.859760040023931e-20,0.9917693031503555
74,193,Stage 0,Stage 0,9.960207385273583e-20,0.9918035977382493
74,194,Stage 1,Stage 1,0.009450804084140297,0.9905491959155791
74,195,Stage 0,Stage 0,9.899817471954102e-20,0.9917830838733842
74,196,Stage 2,Stage 4,0.6740728038490408,0.6740728038490408
74,197,Stage 2,Stage 2,0.265247322518575,0.7267583464317497
74,198,Stage 0,Stage 0,9.960207385273583e-20,0.9918035977382493
74,199,Stage 3,Stage 3,1.5609510811115244e-16,0.9907608434784348
74,200,Stage 0,Stage 0,1.5229617817351255e-17,0.9812382176917146
74,201,Stage 0,Stage 0,1.3986524478756912e-17,0.9809485139790308
74,202,Stage 0,Stage 0,9.78012826822886e-20,0.9917414884816289
74,203,Stage 0,Stage 0,9.839791832389827e-20,0.991762381205879
74,204,Stage 1,Stage 1,0.009351198523028188,0.990648801476697
74,205,Stage 4,Stage 4,0.6757645023331529,0.6757645023331529
74,206,Stage 1,Stage 1,0.008828357024516838,0.9911716429752394
74,207,Stage 0,Stage 0,9.583836753171736e-20,0.9916704571574527
74,208,Stage 1,Stage 1,0.008359798155126278,0.9916402018446557
74,209,Stage 0,Stage 0,1.4743634149921605e-17,0.9811342900545043
74,210,Stage 0,Stage 0,9.839791832389827e-20,0.991762381205879
74,211,Stage 2,Stage 4,0.6894066505243847,0.6894066505243847
74,212,Stage 1,Stage 1,0.008788335824128789,0.9912116641756296
74,213,Stage 1,Stage 1,0.008159545982835152,0.9918404540169573
74,214,Stage 2,Stage 2,0.28092994701159685,0.7114218156136274
74,215,Stage 0,Stage 0,1.4924047416689345e-17,0.981174170451182
74,216,Stage 2,Stage 4,0.7003995912453712,0.7003995912453712
74,217,Stage 0,Stage 0,1.4477064614725244e-17,0.9810723914936978
74,218,Stage 0,Stage 0,1.0563206200887344e-19,0.9919924106682162
74,219,Stage 0,Stage 0,9.980418687985998e-20,0.9918103939525855
74,220,Stage 0,Stage 0,1.0061672751189167e-19,0.9918373713306831
74,221,Stage 0,Stage 0,1.0246908837687985e-19,0.9918968690858989
74,222,Stage 3,Stage 3,1.3470011098844952e-16,0.9914689120498422
74,223,Stage 0,Stage 0,1.0801315288883774e-19,0.9920596704784024
74,224,Stage 3,Stage 3,1.9470283254625976e-16,0.9895879573327254
74,225,Stage 2,Stage 2,0.2747852614864163,0.7174433774631043
74,226,Stage 3,Stage 3,1.5341176629256278e-16,0.9908470844304536
74,227,Stage 1,Stage 1,0.008788335824128789,0.9912116641756296
74,228,Stage 2,Stage 4,0.7262504041253477,0.7262504041253477
74,229,Stage 1,Stage 1,0.009168967804648577,0.9908310321950877
74,230,Stage 3,Stage 3,1.5474763695087082e-16,0.9908040643215447
74,231,Stage 2,Stage 2,0.28913530780043367,0.7033577072910632
74,232,Stage 2,Stage 2,0.293455099298354,0.6991022379068715
74,233,Stage 2,Stage 2,0.2715834339697196,0.7205748155048869
74,234,Stage 2,Stage 4,0.700718404687663,0.700718404687663
74,235,Stage 0,Stage 0,1.59885621293317e-17,0.9813799273802414
74,236,Stage 0,Stage 0,1.0351279911143774e-19,0.9919292140822679
74,237,Stage 0,Stage 0,1.576340566999396e-17,0.981340313202499
74,238,Stage 2,Stage 4,0.6962314150381189,0.6962314150381189
74,239,Stage 3,Stage 3,1.7245799927632027e-16,0.9902490746059706
74,240,Stage 3,Stage 3,1.9218874346613102e-16,0.9896608661289011
74,241,Stage 0,Stage 0,1.0627622044839007e-19,0.9920109864555632
74,242,Stage 0,Stage 0,1.4506445676364027e-17,0.9810793934619298
74,243,Stage 0,Stage 0,1.705920511522362e-17,0.9815436908582467
74,244,Stage 0,Stage 0,1.1202524931037835e-19,0.9921647765241491
87,1,Stage 0,Stage 0,8.181347082197737e-20,0.991037917355354
87,2,Stage 0,Stage 0,8.451336088651371e-20,0.9911796293397436
87,3,Stage 0,Stage 0,1.1417141793406147e-17,0.9800182539642547
87,4,Stage 0,Stage 0,9.506421893692317e-20,0.9916414387921917
87,5,Stage 0,Stage 0,8.624556849811711e-20,0.9912649438639503
87,6,Stage 0,Stage 0,8.016974467717475e-20,0.9909460040695245
87,7,Stage 1,Stage 1,0.010286401307716946,0.9897135986919489
87,8,Stage 2,Stage 2,0.24171450889478283,0.7495491550278278
87,9,Stage 2,Stage 2,0.24950562961173267,0.7420370122733596
87,10,Stage 0,Stage 0,8.927168884212394e-20,0.9914044111309707
87,11,Stage 4,Stage 4,0.6828036358362569,0.6828036358362569
87,12,Stage 0,Stage 0,8.248029864283356e-20,0.9910739561908304
87,13,Stage 4,Stage 4,0.6624129717872749,0.6624129717872749
87,14,Stage 0,Stage 0,9.642309106611137e-20,0.9916919925727748
87,15,Stage 0,Stage 0,8.819178050352503e-20,0.9913559755764396
87,16,Stage 2,Stage 2,0.2580735699978759,0.7337367079548769
87,17,Stage 3,Stage 3,1.358734468873573e-16,0.9914287951387487
87,18,Stage 1,Stage 1,0.010132002273315599,0.9898679977263604
87,19,Stage 3,Stage 3,1.2842511828128758e-16,0.9916862435349484
87,20,Stage 0,Stage 0,1.2383338275301069e-17,0.980433992921724
87,21,Stage 0,Stage 0,9.31559500739439e-20,0.9915673512795624
87,22,Stage 0,Stage 0,8.873010132836583e-20,0.9913802997255212
87,23,Stage 0,Stage 0,8.164760260911624e-20,0.99102884321395
87,24,Stage 4,Stage 4,0.6476472923394259,0.6476472923394259
87,25,Stage 3,Stage 3,1.4437723749347735e-16,0.9911426811614495
87,26,Stage 3,Stage 3,1.6442922357028973e-16,0.9904972511332645
87,27,Stage 0,Stage 0,8.520205496502915e-20,0.9912140512260427
87,28,Stage 4,Stage 4,0.6814711408851148,0.6814711408851148
87,29,Stage 0,Stage 0,8.181347082197737e-20,0.991037917355354
87,30,Stage 3,Stage 3,1.318107998903221e-16,0.9915683900969946
87,31,Stage 1,Stage 1,0.010411595072169162,0.9895884049274881
87,32,Stage 2,Stage 2,0.2658768524060471,0.7261447914628317
87,33,Stage 2,Stage 2,0.25962273068952946,0.7322318691216054
87,34,Stage 3,Stage 3,1.2621633290938193e-16,0.9917639016699474
87,35,Stage 4,Stage 4,0.6536707291045804,0.6536707291045804
87,36,Stage 0,Stage 0,8.46850139491943e-20,0.9911882720675684
87,37,Stage 1,Stage 1,0.010132002273315599,0.9898679977263604
87,38,Stage 0,Stage 0,7.760776327708455e-20,0.9907934246903364
87,39,Stage 0,Stage 0,7.919930208469404e-20,0.9908895921314155
87,40,Stage 3,Stage 3,1.450045805823419e-16,0.9911218851945769
87,41,Stage 3,Stage 3,1.3646393226964299e-16,0.9914086664638717
87,42,Stage 0,Stage 0,1.2586082948159591e-17,0.9805099022725244
87,43,Stage 0,Stage 0,1.362256304658958e-17,0.9808474741330337
87,44,Stage 0,Stage 0,8.298396123902237e-20,0.9911007162968369
87,45,Stage 1,Stage 1,0.010132002273315599,0.9898679977263604
87,46,Stage 1,Stage 1,0.011195043269290631,0.9888049567303113
87,47,Stage 3,Stage 3,1.5745428008113426e-16,0.990717420980011
87,48,Stage 1,Stage 1,0.010602217792817763,0.9893977822068264
87,49,Stage 4,Stage 4,0.6568340251051958,0.6568340251051958
87,50,Stage 3,Stage 3,1.5274815003928008e-16,0.9908685194963217
87,51,Stage 1,Stage 1,0.010812623108673656,0.9891873768909557
87,52,Stage 2,Stage 2,0.24290273052425007,0.7484058145098628
87,53,Stage 3,Stage 3,1.418948194170051e-16,0.9912253823613508
87,54,Stage 4,Stage 4,0.6522590955728329,0.6522590955728329
87,55,Stage 0,Stage 0,8.837085903244356e-20,0.9913641073516679
87,56,Stage 2,Stage 2,0.24920302226922736,0.7423294404854913
87,57,Stage 3,Stage 3,1.358734468873573e-16,0.9914287951387487
87,58,Stage 4,Stage 4,0.6637986410454966,0.6637986410454966
87,59,Stage 0,Stage 0,1.2358223830009592e-17,0.9804243392721755
87,60,Stage 2,Stage 2,0.25869254117066315,0.7331355898180756
87,61,Stage 2,Stage 2,0.23090442555295776,0.759909029080641
87,62,Stage 0,Stage 0,1.1675143619896923e-17,0.9801387548946572
87,63,Stage 3,Stage 3,1.318107998903221e-16,0.9915683900969946
87,64,Stage 0,Stage 0,7.824053021464903e-20,0.990832216667609
87,65,Stage 0,Stage 0,1.1119499898851067e-17,0.9798695752436027
87,66,Stage 4,Stage 4,0.6838004221848187,0.6838004221848187
87,67,Stage 2,Stage 2,0.26242573894197413,0.729506045291669
87,68,Stage 2,Stage 2,0.2507184070185569,0.7408645179111736
87,69,Stage 1,Stage 1,0.010193484701858406,0.9898065152978135
87,70,Stage 0,Stage 0,9.147110428318827e-20,0.9914987573472265
87,71,Stage 1,Stage 1,0.01044312836757466,0.9895568716320805
87,72,Stage 0,Stage 0,8.537509825055995e-20,0.9912225947871058
87,73,Stage 0,Stage 0,1.085157653643075e-17,0.9797261493066788
87,74,Stage 4,Stage 4,0.6634525668851401,0.6634525668851401
87,75,Stage 0,Stage 0,1.253509049401892e-17,0.9804911438200857
87,76,Stage 2,Stage 2,0.25346085982156524,0.7382101848703055
87,77,Stage 1,Stage 1,0.009741218293934874,0.9902587817057664
87,78,Stage 0,Stage 0,8.016974467717475e-20,0.9909460040695245
87,79,Stage 0,Stage 0,8.016974467717475e-20,0.9909460040695245
87,80,Stage 2,Stage 2,0.25163045222685015,0.7399822317710941
87,81,Stage 1,Stage 1,0.010132002273315599,0.9898679977263604
87,82,Stage 2,Stage 2,0.25437921553051157,0.7373204344022612
87,83,Stage 0,Stage 0,8.08232602695753e-20,0.9909830830405886
87,84,Stage 0,Stage 0,8.537509825055995e-20,0.9912225947871058
87,85,Stage 0,Stage 0,8.589632680577147e-20,0.9912480777611306
87,86,Stage 2,Stage 2,0.25041486069432983,0.74115805835694
87,87,Stage 0,Stage 0,1.1866399576552271e-17,0.9802234068562619
87,88,Stage 1,Stage 1,0.010178079564963655,0.9898219204347093
87,89,Stage 0,Stage 0,1.215911663711361e-17,0.9803457742274315
87,90,Stage 1,Stage 1,0.009422238607239732,0.9905777613924814
87,91,Stage 3,Stage 3,1.3945497509816846e-16,0.9913073165838424
87,92,Stage 0,Stage 0,8.19796738548088e-20,0.9910469656665484
87,93,Stage 1,Stage 1,0.010474756156049585,0.9895252438436032
87,94,Stage 2,Stage 2,0.2470913581649781,0.7443686290769289
87,95,Stage 0,Stage 0,1.0873657311733232e-17,0.9797383321196398
87,96,Stage 0,Stage 0,1.1119499898851067e-17,0.9798695752436027
87,97,Stage 0,Stage 0,1.1987506922008222e-17,0.9802750594385249
87,98,Stage 1,Stage 1,0.01025533634924254,0.989744663650425
87,99,Stage 0,Stage 0,8.181347082197737e-20,0.991037917355354
87,100,Stage 0,Stage 0,1.2085273632587744e-17,0.9803156948360203
87,101,Stage 2,Stage 2,0.25254460426268227,0.7390974523828906
87,102,Stage 0,Stage 0,8.659622161005087e-20,0.9912817124353902
87,103,Stage 0,Stage 0,9.110082887409164e-20,0.991483264016129
87,104,Stage 4,Stage 4,0.6526123321234967,0.6526123321234967
87,105,Stage 2,Stage 2,0.25407286382189126,0.7376172934546089
87,106,Stage 4,Stage 4,0.6529653501275292,0.6529653501275292
87,107,Stage 0,Stage 0,1.3107451416612386e-17,0.9806896181480723
87,108,Stage 2,Stage 2,0.23583054804126902,0.7551977285057843
87,109,Stage 0,Stage 0,8.131686794496749e-20,0.9910106172108247
87,110,Stage 3,Stage 3,1.2191180834968498e-16,0.9919170618790788
87,111,Stage 0,Stage 0,9.018164793258518e-20,0.991444127864863
87,112,Stage 0,Stage 0,1.2011874901151122e-17,0.9802852752665986
87,113,Stage 3,Stage 3,1.4437723749347735e-16,0.9911426811614495
87,114,Stage 2,Stage 2,0.24799494438075095,0.7434963662755557
87,115,Stage 0,Stage 0,1.1142120128138744e-17,0.9798812571387373
87,116,Stage 4,Stage 4,0.6533181492369667,0.6533181492369667
87,117,Stage 1,Stage 1,0.010178079564963655,0.9898219204347093
87,118,Stage 1,Stage 1,0.01092762352100488,0.9890723764786162
87,119,Stage 0,Stage 0,1.2085273632587744e-17,0.9803156948360203
87,120,Stage 3,Stage 3,1.267649507625699e-16,0.9917445549781971
87,121,Stage 0,Stage 0,1.2560561077266288e-17,0.9805005411964006
87,122,Stage 3,Stage 3,1.481823122744664e-16,0.991017175804803
87,123,Stage 0,Stage 0,8.383019973218452e-20,0.9911448085800331
87,124,Stage 1,Stage 1,0.010348810856321467,0.9896511891433398
87,125,Stage 1,Stage 1,0.009726489938492407,0.9902735100612097
87,126,Stage 4,Stage 4,0.6665589520038038,0.6665589520038038
87,127,Stage 0,Stage 0,9.22161505741555e-20,0.9915294700201527
87,128,Stage 0,Stage 0,9.296723129296975e-20,0.9915598200571972
87,129,Stage 0,Stage 0,9.147110428318827e-20,0.9914987573472265
87,130,Stage 0,Stage 0,8.819178050352503e-20,0.9913559755764396
87,131,Stage 4,Stage 4,0.6838004221848187,0.6838004221848187
87,132,Stage 0,Stage 0,8.677207923103145e-20,0.9912900602817227
87,133,Stage 3,Stage 3,1.400609848735023e-16,0.9912869045482736
87,134,Stage 0,Stage 0,9.22161505741555e-20,0.9915294700201527
87,135,Stage 2,Stage 2,0.2437963882471011,0.7475453445748567
87,136,Stage 0,Stage 0,1.3567408977099178e-17,0.9808314331400222
87,137,Stage 2,Stage 2,0.23495619552549454,0.7560351692055192
87,138,Stage 2,Stage 2,0.2522396530280303,0.7393926555578396
87,139,Stage 1,Stage 1,0.009904694823563766,0.990095305176127
87,140,Stage 3,Stage 3,1.5407825779475046e-16,0.990825599410363
87,141,Stage 2,Stage 2,0.24320037930785227,0.7481192732467521
87,142,Stage 4,Stage 4,0.6575345391229066,0.6575345391229066
87,143,Stage 2,Stage 2,0.24439334502309268,0.7469702888731957
87,144,Stage 3,Stage 3,1.5407825779475046e-16,0.990825599410363
87,145,Stage 0,Stage 0,8.801306274854312e-20,0.9913478200055159
87,146,Stage 1,Stage 1,0.010040466198299552,0.9899595338013824
87,147,Stage 0,Stage 0,9.546330279590203e-18,0.9788693911504237
87,148,Stage 1,Stage 1,0.009697099346223191,0.9903029006534809
87,149,Stage 4,Stage 4,0.6561326203951546,0.6561326203951546
87,150,Stage 3,Stage 3,1.3295903064814052e-16,0.9915287379271257
87,151,Stage 4,Stage 4,0.6838004221848187,0.6838004221848187
87,152,Stage 1,Stage 1,0.009964811803714252,0.9900351881959727
87,153,Stage 0,Stage 0,8.434205362983467e-20,0.9911709616824874
87,154,Stage 3,Stage 3,1.5609510811115244e-16,0.9907608434784348
87,155,Stage 0,Stage 0,1.2509671095305227e-17,0.9804817100663608
87,156,Stage 4,Stage 4,0.6750885414352491,0.6750885414352491
87,157,Stage 0,Stage 0,8.659622161005087e-20,0.9912817124353902
87,158,Stage 2,Stage 2,0.24290273052425007,0.7484058145098628
87,159,Stage 2,Stage 2,0.2513262029042564,0.740276604430418
87,160,Stage 2,Stage 2,0.25714684879590843,0.7346363376396886
87,161,Stage 2,Stage 2,0.2565301933062086,0.7352347234159674
87,162,Stage 2,Stage 2,0.2437963882471011,0.7475453445748567
87,163,Stage 0,Stage 0,1.2383338275301069e-17,0.980433992921724
87,164,Stage 3,Stage 3,1.2350856910944272e-16,0.9918599613674226
87,165,Stage 0,Stage 0,1.2408503290790025e-17,0.9804436097268838
87,166,Stage 4,Stage 4,0.6744116221435149,0.6744116221435149
87,167,Stage 0,Stage 0,8.819178050352503e-20,0.9913559755764396
87,168,Stage 4,Stage 4,0.6771135394147672,0.6771135394147672
87,169,Stage 4,Stage 4,0.6764395024509561,0.6764395024509561
87,170,Stage 0,Stage 0,8.589632680577147e-20,0.9912480777611306
87,171,Stage 0,Stage 0,8.730178494540156e-20,0.9913149587076621
87,172,Stage 4,Stage 4,0.6589328842558504,0.6589328842558504
87,173,Stage 4,Stage 4,0.6723751379532624,0.6723751379532624
87,174,Stage 4,Stage 4,0.6831361445987545,0.6831361445987545
87,175,Stage 0,Stage 0,8.164760260911624e-20,0.99102884321395
87,176,Stage 3,Stage 3,1.4754125773760771e-16,0.9910382153289269
87,177,Stage 2,Stage 2,0.26682285394722827,0.7252224515864604
87,178,Stage 0,Stage 0,1.3430490722743576e-17,0.980790743318878
87,179,Stage 0,Stage 0,1.2358223830009592e-17,0.9804243392721755
87,180,Stage 4,Stage 4,0.6747502014389875,0.6747502014389875
87,181,Stage 0,Stage 0,8.801306274854312e-20,0.9913478200055159
87,182,Stage 1,Stage 1,0.010411595072169162,0.9895884049274881
87,183,Stage 0,Stage 0,8.520205496502915e-20,0.9912140512260427
87,184,Stage 3,Stage 3,1.6301001252263617e-16,0.990541695868044
87,185,Stage 0,Stage 0,1.412906368840792e-17,0.9809859070532867
87,186,Stage 4,Stage 4,0.6828036358362569,0.6828036358362569
87,187,Stage 3,Stage 3,1.2033564236264058e-16,0.9919737642817119
87,188,Stage 1,Stage 1,0.009726489938492407,0.9902735100612097
87,189,Stage 0,Stage 0,1.2662957320952439e-17,0.980537768469339
87,190,Stage 3,Stage 3,1.3353688209667664e-16,0.9915088424241372
87,191,Stage 0,Stage 0,8.332143307836255e-20,0.991118429112658
87,192,Stage 0,Stage 0,9.22161505741555e-20,0.9915294700201527
87,193,Stage 0,Stage 0,8.981656287912796e-20,0.9914283112014913
87,194,Stage 2,Stage 2,0.273822365842087,0.7183855645380248
87,195,Stage 1,Stage 1,0.010178079564963655,0.9898219204347093
87,196,Stage 2,Stage 2,0.2636774894246132,0.7282875373293057
87,197,Stage 4,Stage 4,0.6585836341778833,0.6585836341778833
87,198,Stage 3,Stage 3,1.6020813199644695e-16,0.9906299673123887
87,199,Stage 1,Stage 1,0.008976652843499092,0.9910233471562485
87,200,Stage 3,Stage 3,1.2898331317204133e-16,0.9916667155841863
87,201,Stage 3,Stage 3,1.4626743465657863e-16,0.991080147684282
87,202,Stage 3,Stage 3,1.3528551011267852e-16,0.9914488769649418
87,203,Stage 0,Stage 0,1.2208593453132203e-17,0.980365639237517
87,204,Stage 0,Stage 0,9.583836753171736e-20,0.9916704571574527
87,205,Stage 0,Stage 0,8.945294736894336e-20,0.9914124012335139
87,206,Stage 3,Stage 3,1.8725724546827938e-16,0.9898051682707226
87,207,Stage 1,Stage 1,0.00937955066644655,0.9906204493332769
87,208,Stage 1,Stage 1,0.010178079564963655,0.9898219204347093
87,209,Stage 0,Stage 0,1.2060758157493647e-17,0.9803055928844897
87,210,Stage 3,Stage 3,1.1324482376263934e-16,0.9922331915318743
87,211,Stage 0,Stage 0,9.184287616612198e-20,0.9915141592139521
87,212,Stage 0,Stage 0,9.128577989666076e-20,0.9914910221400364
87,213,Stage 0,Stage 0,1.3817359172028178e-17,0.9809025707707942
87,214,Stage 1,Stage 1,0.008976652843499092,0.9910233471562485
87,215,Stage 1,Stage 1,0.009800352867573126,0.9901996471321244
87,216,Stage 0,Stage 0,1.3001492951251741e-17,0.9806548050070074
87,217,Stage 0,Stage 0,8.891026655718003e-20,0.9913883604290891
87,218,Stage 3,Stage 3,1.888868983489878e-16,0.9897572908758766
87,219,Stage 1,Stage 1,0.00937955066644655,0.9906204493332769
87,220,Stage 0,Stage 0,9.165680278779385e-20,0.9915064696883523
87,221,Stage 4,Stage 4,0.6764395024509561,0.6764395024509561
87,222,Stage 3,Stage 3,1.785415327372632e-16,0.990064553301333
87,223,Stage 0,Stage 0,8.572223346466714e-20,0.9912396080001131
87,224,Stage 3,Stage 3,2.0420490603909784e-16,0.989316237025792
87,225,Stage 1,Stage 1,0.009995005606752856,0.9900049943929322
87,226,Stage 0,Stage 0,8.909079548356597e-20,0.9913963975468475
87,227,Stage 0,Stage 0,9.296723129296975e-20,0.9915598200571972
87,228,Stage 0,Stage 0,1.2509671095305227e-17,0.9804817100663608
87,229,Stage 0,Stage 0,1.0330321413314762e-19,0.9919227852292337
87,230,Stage 3,Stage 3,1.5142949392376147e-16,0.9909112402221542
87,231,Stage 3,Stage 3,1.4882614470725118e-16,0.9909960872334609
87,232,Stage 2,Stage 2,0.27575016202612107,0.7164988374361844
87,233,Stage 2,Stage 4,0.6821378797765163,0.6821378797765163
87,234,Stage 2,Stage 2,0.25591446599987244,0.7358320134602054
87,235,Stage 3,Stage 3,1.7700087883258213e-16,0.99011100586284
87,236,Stage 3,Stage 3,1.5274815003928008e-16,0.9908685194963217
87,237,Stage 3,Stage 3,1.6514344283747465e-16,0.9904749510996224
87,238,Stage 1,Stage 1,0.009609454194694656,0.9903905458050148
87,239,Stage 3,Stage 3,1.5474763695087082e-16,0.9908040643215447
87,240,Stage 4,Stage 4,0.680803421430519,0.680803421430519
87,241,Stage 0,Stage 0,9.720824594382605e-20,0.9917204044379043
87,242,Stage 1,Stage 1,0.00903118841180281,0.9909688115879415
87,243,Stage 0,Stage 0,9.87976855940541e-20,0.9917762040240412
87,244,Stage 3,Stage 3,1.4437723749347735e-16,0.9911426811614495
87,245,Stage 0,Stage 0,1.3321943355813858e-17,0.9807575826379088
87,246,Stage 0,Stage 0,9.110082887409164e-20,0.991483264016129
87,247,Stage 1,Stage 1,0.009072305416271837,0.9909276945834701
87,248,Stage 0,Stage 0,9.642309106611137e-20,0.9916919925727748
87,249,Stage 2,Stage 4,0.6791298478289639,0.6791298478289639
87,250,Stage 0,Stage 0,1.0143584951925212e-19,0.991864018929853
87,251,Stage 0,Stage 0,1.3845411787388083e-17,0.9809103097200548
87,252,Stage 2,Stage 2,0.2780093649386667,0.7142857960000686
87,253,Stage 1,Stage 1,0.008908942091243936,0.9910910579085075
87,254,Stage 2,Stage 2,0.27446407325826855,0.7177577015716604
87,255,Stage 2,Stage 4,0.6946166691285217,0.6946166691285217
87,256,Stage 2,Stage 2,0.2783329932181442,0.7139686090247577
87,257,Stage 3,Stage 3,1.687612096535004e-16,0.9903626695164707
87,258,Stage 1,Stage 1,0.008577907177043917,0.9914220928227263
87,259,Stage 0,Stage 0,1.4477064614725244e-17,0.9810723914936978
96,1,Stage 1,Stage 1,0.010845357674872167,0.9891546423247549
96,2,Stage 3,Stage 3,1.4437723749347735e-16,0.9911426811614495
96,3,Stage 0,Stage 0,1.2637280966370862e-17,0.9805285158322073
96,4,Stage 0,Stage 0,7.682394825227141e-20,0.9907443185372786
96,5,Stage 0,Stage 0,8.181347082197737e-20,0.991037917355354
96,6,Stage 0,Stage 0,1.1347762782985331e-17,0.9799845522493187
96,7,Stage 0,Stage 0,1.1675143619896923e-17,0.9801387548946572
96,8,Stage 0,Stage 0,1.1890523699457152e-17,0.9802338141035823
96,9,Stage 0,Stage 0,8.451336088651371e-20,0.9911796293397436
96,10,Stage 4,Stage 4,0.649425377488924,0.649425377488924
96,11,Stage 3,Stage 3,1.3067246071376175e-16,0.9916078578589149
96,12,Stage 0,Stage 0,8.248029864283356e-20,0.9910739561908304
96,13,Stage 0,Stage 0,8.115200014791238e-20,0.9910014652339335
96,14,Stage 0,Stage 0,1.1463627604673688e-17,0.9800405210137864
96,15,Stage 2,Stage 2,0.24201120808473084,0.7492637439240315
96,16,Stage 0,Stage 0,1.2358223830009592e-17,0.9804243392721755
96,17,Stage 1,Stage 1,0.010634322217571969,0.9893656777820701
96,18,Stage 1,Stage 1,0.011195043269290631,0.9888049567303113
96,19,Stage 0,Stage 0,1.1890523699457152e-17,0.9802338141035823
96,20,Stage 4,Stage 4,0.6547271497952761,0.6547271497952761
96,21,Stage 3,Stage 3,1.3238367348768738e-16,0.9915485871160096
96,22,Stage 0,Stage 0,8.659622161005087e-20,0.9912817124353902
96,23,Stage 0,Stage 0,9.054820847169687e-20,0.9914598516358336
96,24,Stage 0,Stage 0,8.315252702436151e-20,0.9911095853926171
96,25,Stage 0,Stage 0,9.073204391193619e-20,0.9914676788149698
96,26,Stage 0,Stage 0,8.434205362983467e-20,0.9911709616824874
96,27,Stage 1,Stage 1,0.010682659255632243,0.9893173407440063
96,28,Stage 1,Stage 1,0.011486267649351069,0.9885137323502291
96,29,Stage 0,Stage 0,8.016974467717475e-20,0.9909460040695245
96,30,Stage 0,Stage 0,8.554849084858906e-20,0.9912311136935966
96,31,Stage 1,Stage 1,0.010698819849468869,0.9893011801501685
96,32,Stage 3,Stage 3,1.5142949392376147e-16,0.9909112402221542
96,33,Stage 0,Stage 0,1.193891776853346e-17,0.9802545133384781
96,34,Stage 0,Stage 0,1.1890523699457152e-17,0.9802338141035823
96,35,Stage 0,Stage 0,1.1794317683016291e-17,0.9801919536097496
96,36,Stage 3,Stage 3,1.0749976041905366e-16,0.992448911205905
96,37,Stage 0,Stage 0,8.264784773209078e-20,0.9910829017524949
96,38,Stage 4,Stage 4,0.6550788492381099,0.6550788492381099
96,39,Stage 0,Stage 0,1.1417141793406147e-17,0.9800182539642547
96,40,Stage 2,Stage 2,0.23350373393201573,0.7574251658701525
96,41,Stage 0,Stage 0,1.3027902691056307e-17,0.9806635606276816
96,42,Stage 3,Stage 3,1.5407825779475046e-16,0.990825599410363
96,43,Stage 0,Stage 0,1.2011874901151122e-17,0.9802852752665986
96,44,Stage 2,Stage 2,0.23993930735123364,0.7512556732945078
96,45,Stage 4,Stage 4,0.669304422786679,0.669304422786679
96,46,Stage 2,Stage 2,0.25683840509560746,0.7349356673952726
96,47,Stage 1,Stage 1,0.011094010943917605,0.9889059890556916
96,48,Stage 0,Stage 0,8.033262971923292e-20,0.9909553132810206
96,49,Stage 0,Stage 0,8.909079548356597e-20,0.9913963975468475
96,50,Stage 0,Stage 0,1.2896383652677683e-17,0.9806194316431087
96,51,Stage 0,Stage 0,9.603288243117046e-20,0.9916776572976473
96,52,Stage 0,Stage 0,8.000718776672785e-20,0.990936668448035
96,53,Stage 3,Stage 3,1.2033564236264058e-16,0.9919737642817119
96,54,Stage 3,Stage 3,1.2954392823164148e-16,0.9916471420578322
96,55,Stage 2,Stage 2,0.2437963882471011,0.7475453445748567
96,56,Stage 4,Stage 4,0.649780349797146,0.649780349797146
96,57,Stage 0,Stage 0,1.0741836415718456e-17,0.9796645985249659
96,58,Stage 3,Stage 3,1.198147844747022e-16,0.9919925770874629
96,59,Stage 0,Stage 0,6.677687569228497e-20,0.9899925257516927
96,60,Stage 0,Stage 0,9.681487677796197e-20,0.9917062414926595
96,61,Stage 0,Stage 0,1.2792116712707507e-17,0.9805834932838356
96,62,Stage 4,Stage 4,0.6511980781318684,0.6511980781318684
96,63,Stage 3,Stage 3,1.1673653215887557e-16,0.9921045370250977
96,64,Stage 2,Stage 2,0.2522396530280303,0.7393926555578396
96,65,Stage 4,Stage 4,0.6515519682272032,0.6515519682272032
96,66,Stage 4,Stage 4,0.6716944091958587,0.6716944091958587
96,67,Stage 1,Stage 1,0.012824279923230375,0.9871757200762425
96,68,Stage 4,Stage 4,0.6610236544185378,0.6610236544185378
96,69,Stage 0,Stage 0,8.366026874290211e-20,0.9911360406503251
96,70,Stage 1,Stage 1,0.010208912914871814,0.9897910870847989
96,71,Stage 4,Stage 4,0.6672467173234601,0.6672467173234601
96,72,Stage 2,Stage 2,0.23729258819557023,0.7537962701326412
96,73,Stage 2,Stage 2,0.24890064996130676,0.7426215901757899
96,74,Stage 4,Stage 4,0.6526123321234967,0.6526123321234967
96,75,Stage 0,Stage 0,8.74790668622754e-20,0.9913232099902709
96,76,Stage 3,Stage 3,1.0160367836014854e-16,0.9926758882697092
96,77,Stage 3,Stage 3,1.4066962128433056e-16,0.9912664449055839
96,78,Stage 0,Stage 0,8.873010132836583e-20,0.9913802997255212
96,79,Stage 2,Stage 2,0.24649014624642607,0.7449487389111789
96,80,Stage 3,Stage 3,1.122664703168702e-16,0.9922695656487112
96,81,Stage 1,Stage 1,0.010698819849468869,0.9893011801501685
96,82,Stage 3,Stage 3,1.065709314467768e-16,0.9924842807103164
96,83,Stage 4,Stage 4,0.6568340251051958,0.6568340251051958
96,84,Stage 0,Stage 0,8.451336088651371e-20,0.9911796293397436
96,85,Stage 2,Stage 2,0.2621133742682796,0.7298099976414045
96,86,Stage 2,Stage 2,0.23553885774866026,0.7554771619231907
96,87,Stage 0,Stage 0,1.1533707909951219e-17,0.9800736221575791
96,88,Stage 2,Stage 2,0.24023457934052553,0.7509719625722814
96,89,Stage 2,Stage 2,0.23553885774866026,0.7554771619231907
96,90,Stage 0,Stage 0,8.332143307836255e-20,0.991118429112658
96,91,Stage 1,Stage 1,0.01082897815815798,0.9891710218414701
96,92,Stage 2,Stage 2,0.24409474820536187,0.7472579575151554
96,93,Stage 0,Stage 0,8.033262971923292e-20,0.9909553132810206
96,94,Stage 3,Stage 3,1.4066962128433056e-16,0.9912664449055839
96,95,Stage 3,Stage 3,1.1129654999199453e-16,0.9923057703964012
96,96,Stage 0,Stage 0,9.760320496659151e-20,0.99173448178738
96,97,Stage 3,Stage 3,1.1877980648709117e-16,0.992030071312075
96,98,Stage 0,Stage 0,9.334504982898171e-20,0.9915748600865903
96,99,Stage 0,Stage 0,7.808185967019076e-20,0.9908225595091481
96,100,Stage 0,Stage 0,1.1746504177763643e-17,0.9801707910337142
96,101,Stage 0,Stage 0,7.635743854973838e-20,0.9907145232822799
96,102,Stage 0,Stage 0,8.366026874290211e-20,0.9911360406503251
96,103,Stage 2,Stage 2,0.2437963882471011,0.7475453445748567
96,104,Stage 0,Stage 0,8.730178494540156e-20,0.9913149587076621
96,105,Stage 0,Stage 0,1.098472986050344e-17,0.979798614445192
96,106,Stage 1,Stage 1,0.010812623108673656,0.9891873768909557
96,107,Stage 1,Stage 1,0.009904694823563766,0.990095305176127
96,108,Stage 0,Stage 0,1.1233057417436695e-17,0.979927573940773
96,109,Stage 3,Stage 3,1.3295903064814052e-16,0.9915287379271257
96,110,Stage 3,Stage 3,1.1522712288932924e-16,0.9921599320609006
96,111,Stage 0,Stage 0,8.033262971923292e-20,0.9909553132810206
96,112,Stage 0,Stage 0,1.2060758157493647e-17,0.9803055928844897
96,113,Stage 0,Stage 0,8.819178050352503e-20,0.9913559755764396
96,114,Stage 2,Stage 2,0.24859851280195477,0.7429134611599754
96,115,Stage 0,Stage 0,8.607077158031066e-20,0.9912565230310001
96,116,Stage 0,Stage 0,1.3267996330712023e-17,0.9807407977763951
96,117,Stage 3,Stage 3,9.942287025682044e-17,0.9927613688710885
96,118,Stage 0,Stage 0,8.000718776672785e-20,0.990936668448035
96,119,Stage 0,Stage 0,8.537509825055995e-20,0.9912225947871058
96,120,Stage 4,Stage 4,0.6582341597389156,0.6582341597389156
96,121,Stage 0,Stage 0,8.349068008831573e-20,0.9911272475131927
96,122,Stage 2,Stage 2,0.2519349356419553,0.7396875820838313
96,123,Stage 0,Stage 0,8.214621238389883e-20,0.9910559882047939
96,124,Stage 1,Stage 1,0.01044312836757466,0.9895568716320805
96,125,Stage 4,Stage 4,0.6603276342630003,0.6603276342630003
96,126,Stage 0,Stage 0,8.281573503643895e-20,0.9910918217689588
96,127,Stage 3,Stage 3,1.2458465006915191e-16,0.9918216718281889
96,128,Stage 0,Stage 0,7.952147921726884e-20,0.9909085025359076
96,129,Stage 0,Stage 0,1.0917952327538768e-17,0.9797625711274077
96,130,Stage 4,Stage 4,0.6730549179853795,0.6730549179853795
96,131,Stage 0,Stage 0,1.098472986050344e-17,0.979798614445192
96,132,Stage 1,Stage 1,0.0105862015552074,0.9894137984444379
96,133,Stage 0,Stage 0,1.3594958274275112e-17,0.9808394703467559
96,134,Stage 4,Stage 4,0.6682766206384697,0.6682766206384697
96,135,Stage 0,Stage 0,1.1510300803839863e-17,0.9800626282534846
96,136,Stage 1,Stage 1,0.010348810856321467,0.9896511891433398
96,137,Stage 0,Stage 0,9.128577989666076e-20,0.9914910221400364
96,138,Stage 2,Stage 2,0.2337937466443579,0.7571477410659883
96,139,Stage 0,Stage 0,7.952147921726884e-20,0.9909085025359076
96,140,Stage 1,Stage 1,0.010554240854312225,0.9894457591453351
96,141,Stage 4,Stage 4,0.668962056057008,0.668962056057008
96,142,Stage 0,Stage 0,1.2308146243540897e-17,0.9804049211259633
96,143,Stage 0,Stage 0,1.0763696235559255e-17,0.9796769938802508
96,144,Stage 3,Stage 3,1.3295903064814052e-16,0.9915287379271257
96,145,Stage 1,Stage 1,0.010650410474946151,0.9893495895246947
96,146,Stage 0,Stage 0,8.855029906400031e-20,0.9913722153838513
96,147,Stage 3,Stage 3,1.2350856910944272e-16,0.9918599613674226
96,148,Stage 0,Stage 0,1.1890523699457152e-17,0.9802338141035823
96,149,Stage 0,Stage 0,9.701136302956587e-20,0.9917133336883921
96,150,Stage 3,Stage 3,1.3945497509816846e-16,0.9913073165838424
96,151,Stage 3,Stage 3,1.1572808329253602e-16,0.9921415101119657
96,152,Stage 1,Stage 1,0.010348810856321467,0.9896511891433398
96,153,Stage 0,Stage 0,8.659622161005087e-20,0.9912817124353902
96,154,Stage 0,Stage 0,9.353453132757058e-20,0.9915823465277942
96,155,Stage 4,Stage 4,0.6529653501275292,0.6529653501275292
96,156,Stage 1,Stage 1,0.01077998626851497,0.9892200137311167
96,157,Stage 0,Stage 0,1.3321943355813858e-17,0.9807575826379088
96,158,Stage 0,Stage 0,1.1890523699457152e-17,0.9802338141035823
96,159,Stage 2,Stage 2,0.24859851280195477,0.7429134611599754
96,160,Stage 0,Stage 0,1.2333159853244846e-17,0.9804146486997954
96,161,Stage 0,Stage 0,1.3705711332982504e-17,0.980871285673887
96,162,Stage 2,Stage 2,0.24980847187399974,0.7417443057242193
96,163,Stage 4,Stage 4,0.6571843936202091,0.6571843936202091
96,164,Stage 0,Stage 0,8.589632680577147e-20,0.9912480777611306
96,165,Stage 1,Stage 1,0.009653178269755352,0.9903468217299513
96,166,Stage 0,Stage 0,1.1963187910619158e-17,0.9802648054895884
96,167,Stage 2,Stage 2,0.2549926177230726,0.7367258905770219
96,168,Stage 0,Stage 0,7.666813134533621e-20,0.990734414538777
96,169,Stage 1,Stage 1,0.009450804084140297,0.9905491959155791
96,170,Stage 0,Stage 0,8.016974467717475e-20,0.9909460040695245
96,171,Stage 1,Stage 1,0.01022436423784182,0.9897756357618281
96,172,Stage 0,Stage 0,8.164760260911624e-20,0.99102884321395
96,173,Stage 1,Stage 1,0.011211970206723553,0.9887880297928772
96,174,Stage 2,Stage 2,0.24439334502309268,0.7469702888731957
96,175,Stage 0,Stage 0,8.589632680577147e-20,0.9912480777611306
96,176,Stage 4,Stage 4,0.6440751473695816,0.6440751473695816
96,177,Stage 0,Stage 0,7.871846612705421e-20,0.9908610256439977
96,178,Stage 0,Stage 0,8.033262971923292e-20,0.9909553132810206
96,179,Stage 0,Stage 0,8.383019973218452e-20,0.9911448085800331
96,180,Stage 0,Stage 0,8.783470504027307e-20,0.9913396405861271
96,181,Stage 4,Stage 4,0.6716944091958587,0.6716944091958587
96,182,Stage 4,Stage 4,0.6658702591579196,0.6658702591579196
96,183,Stage 3,Stage 3,1.2621633290938193e-16,0.9917639016699474
96,184,Stage 0,Stage 0,9.22161505741555e-20,0.9915294700201527
96,185,Stage 4,Stage 4,0.6764395024509561,0.6764395024509561
96,186,Stage 2,Stage 2,0.25838293997313205,0.7334362852539207
96,187,Stage 2,Stage 2,0.23964427354617432,0.7515391000262467
96,188,Stage 2,Stage 2,0.24739231790083466,0.7440781543687385
96,189,Stage 0,Stage 0,9.054820847169687e-20,0.9914598516358336
96,190,Stage 3,Stage 3,1.3765259292095088e-16,0.9913682681373117
96,191,Stage 4,Stage 4,0.6781227837843048,0.6781227837843048
96,192,Stage 4,Stage 4,0.6682766206384697,0.6682766206384697
96,193,Stage 3,Stage 3,1.4313066079285363e-16,0.9911841280737391
96,194,Stage 0,Stage 0,9.661878638945813e-20,0.9916991278032942
96,195,Stage 0,Stage 0,8.891026655718003e-20,0.9913883604290891
96,196,Stage 4,Stage 4,0.6757645023331529,0.6757645023331529
96,197,Stage 0,Stage 0,8.927168884212394e-20,0.9914044111309707
96,198,Stage 2,Stage 2,0.24649014624642607,0.7449487389111789
96,199,Stage 4,Stage 4,0.6733944514678334,0.6733944514678334
96,200,Stage 3,Stage 3,1.2350856910944272e-16,0.9918599613674226
96,201,Stage 4,Stage 4,0.6682766206384697,0.6682766206384697
96,202,Stage 3,Stage 3,1.267649507625699e-16,0.9917445549781971
96,203,Stage 1,Stage 1,0.009294748672478925,0.9907052513272498
96,204,Stage 0,Stage 0,1.2458985440066693e-17,0.9804627331169338
96,205,Stage 0,Stage 0,1.1963187910619158e-17,0.9802648054895884
96,206,Stage 1,Stage 1,0.009711783633372769,0.9902882163663305
96,207,Stage 0,Stage 0,1.1770386885997358e-17,0.9801813917513598
96,208,Stage 2,Stage 2,0.25315520778394973,0.7385062168479645
96,209,Stage 0,Stage 0,8.537509825055995e-20,0.9912225947871058
96,210,Stage 1,Stage 1,0.009099819743673495,0.9909001802560667
96,211,Stage 0,Stage 0,1.3107451416612386e-17,0.9806896181480723
96,212,Stage 1,Stage 1,0.009436510639765031,0.9905634893599552
96,213,Stage 1,Stage 1,0.009594923131284112,0.9904050768684263
96,214,Stage 3,Stage 3,1.412808956696265e-16,0.991245937546461
96,215,Stage 1,Stage 1,0.009653178269755352,0.9903468217299513
96,216,Stage 0,Stage 0,1.1119499898851067e-17,0.9798695752436027
96,217,Stage 3,Stage 3,1.3705697726370712e-16,0.9913884908326821
96,218,Stage 0,Stage 0,8.891026655718003e-20,0.9913883604290891
96,219,Stage 3,Stage 3,1.3705697726370712e-16,0.9913884908326821
96,220,Stage 4,Stage 4,0.6971971788136707,0.6971971788136707
96,221,Stage 0,Stage 0,8.855029906400031e-20,0.9913722153838513
96,222,Stage 0,Stage 0,9.37243953407556e-20,0.9915898106525737
96,223,Stage 1,Stage 1,0.009580413828657553,0.9904195861710536
96,224,Stage 0,Stage 0,1.253509049401892e-17,0.9804911438200857
96,225,Stage 4,Stage 4,0.6568340251051958,0.6568340251051958
96,226,Stage 4,Stage 4,0.6658702591579196,0.6658702591579196
96,227,Stage 4,Stage 4,0.6834684068082958,0.6834684068082958
96,228,Stage 2,Stage 2,0.2649328993978252,0.7270647217849756
96,229,Stage 3,Stage 3,1.5341176629256278e-16,0.9908470844304536
96,230,Stage 0,Stage 0,9.839791832389827e-20,0.991762381205879
96,231,Stage 3,Stage 3,1.7096969154466563e-16,0.9902946711314999
96,232,Stage 2,Stage 2,0.2546858002072975,0.7370233000449775
96,233,Stage 2,Stage 2,0.25591446599987244,0.7358320134602054
96,234,Stage 4,Stage 4,0.6582341597389156,0.6582341597389156
96,235,Stage 4,Stage 4,0.6771135394147672,0.6771135394147672
96,236,Stage 0,Stage 0,8.927168884212394e-20,0.9914044111309707
96,237,Stage 0,Stage 0,1.3705711332982504e-17,0.980871285673887
96,238,Stage 0,Stage 0,1.3705711332982504e-17,0.980871285673887
96,239,Stage 2,Stage 2,0.2671386422694642,0.7249144705146957
96,240,Stage 1,Stage 1,0.009450804084140297,0.9905491959155791
96,241,Stage 1,Stage 1,0.009859842846425057,0.9901401571532684
96,242,Stage 2,Stage 2,0.26148933351523956,0.7304170913077054
96,243,Stage 0,Stage 0,9.296723129296975e-20,0.9915598200571972
96,244,Stage 2,Stage 2,0.2636774894246132,0.7282875373293057
96,245,Stage 0,Stage 0,9.642309106611137e-20,0.9916919925727748
96,246,Stage 0,Stage 0,1.3214265911931897e-17,0.9807238757959816
96,247,Stage 1,Stage 1,0.009479455334477895,0.9905205446652398
96,248,Stage 0,Stage 0,1.1440361322670744e-17,0.9800294075079312
96,249,Stage 0,Stage 0,1.412906368840792e-17,0.9809859070532867
96,250,Stage 1,Stage 1,0.009308829408469714,0.9906911705912582
96,251,Stage 0,Stage 0,9.240335312278755e-20,0.9915370914012563
96,252,Stage 2,Stage 2,0.2841958434755683,0.7082152193698922
96,253,Stage 2,Stage 2,0.2858369423978651,0.7066023659124907
96,254,Stage 2,Stage 2,0.2674546575569374,0.7246062225826132
96,255,Stage 2,Stage 4,0.6844637113224621,0.6844637113224621
96,256,Stage 3,Stage 3,1.5813828545132604e-16,0.9906956338210948
96,257,Stage 0,Stage 0,1.2036291946697048e-17,0.9802954530549376
96,258,Stage 0,Stage 0,8.801306274854312e-20,0.9913478200055159
96,259,Stage 0,Stage 0,1.486366754126586e-17,0.9811609990068916
96,260,Stage 2,Stage 2,0.27930520129405223,0.7130154960741061
96,261,Stage 0,Stage 0,1.3958188278091785e-17,0.980940938295889
96,262,Stage 0,Stage 0,8.451336088651371e-20,0.9911796293397436
96,263,Stage 1,Stage 1,0.008513178319831715,0.991486821679942
96,264,Stage 1,Stage 1,0.008682489613816381,0.991317510385948
96,265,Stage 3,Stage 3,1.9554812689732458e-16,0.9895635412898461
96,266,Stage 1,Stage 1,0.009393758651967878,0.9906062413477549
96,267,Stage 1,Stage 1,0.008761754975695302,0.9912382450240645
96,268,Stage 2,Stage 4,0.6965535937765006,0.6965535937765006
96,269,Stage 3,Stage 3,2.1885718254544335e-16,0.9889084139945861
96,270,Stage 0,Stage 0,1.4624562765692272e-17,0.9811070895885539
97,1,Stage 3,Stage 3,1.2621633290938193e-16,0.9917639016699474
97,2,Stage 2,Stage 2,0.25900237345016314,0.732834621849088
97,3,Stage 4,Stage 4,0.6571843936202091,0.6571843936202091
97,4,Stage 0,Stage 0,8.400047374762764e-20,0.9911535513581672
97,5,Stage 0,Stage 0,7.839952104077613e-20,0.9908418467028067
97,6,Stage 4,Stage 4,0.6723751379532624,0.6723751379532624
97,7,Stage 0,Stage 0,8.589632680577147e-20,0.9912480777611306
97,8,Stage 2,Stage 2,0.24141804734081146,0.7498342831611539
97,9,Stage 0,Stage 0,8.400047374762764e-20,0.9911535513581672
97,10,Stage 0,Stage 0,8.999892134210829e-20,0.9914362311704462
97,11,Stage 3,Stage 3,1.2621633290938193e-16,0.9917639016699474
97,12,Stage 0,Stage 0,1.0962425894979653e-17,0.9797866419119782
97,13,Stage 0,Stage 0,8.981656287912796e-20,0.9914283112014913
97,14,Stage 0,Stage 0,7.620256139689083e-20,0.9907045359007585
97,15,Stage 0,Stage 0,1.2333159853244846e-17,0.9804146486997954
97,16,Stage 4,Stage 4,0.6596307099883298,0.6596307099883298
97,17,Stage 0,Stage 0,9.940036803056258e-20,0.9917967806843048
97,18,Stage 0,Stage 0,1.2134452772851683e-17,0.9803357854271768
97,19,Stage 1,Stage 1,0.010270857205587213,0.9897291427940793
97,20,Stage 3,Stage 3,1.437526014416234e-16,0.9911634287509127
97,21,Stage 3,Stage 3,1.3353688209667664e-16,0.9915088424241372
97,22,Stage 1,Stage 1,0.009653178269755352,0.9903468217299513
97,23,Stage 0,Stage 0,9.073204391193619e-20,0.9914676788149698
97,24,Stage 4,Stage 4,0.6696465551129941,0.6696465551129941
97,25,Stage 0,Stage 0,8.298396123902237e-20,0.9911007162968369
97,26,Stage 0,Stage 0,1.253509049401892e-17,0.9804911438200857
97,27,Stage 4,Stage 4,0.6606757575215213,0.6606757575215213
97,28,Stage 1,Stage 1,0.01074744686913522,0.9892525531304988
97,29,Stage 0,Stage 0,8.873010132836583e-20,0.9913802997255212
97,30,Stage 2,Stage 2,0.2684040635590037,0.7236798798138958
97,31,Stage 0,Stage 0,8.033262971923292e-20,0.9909553132810206
97,32,Stage 0,Stage 0,8.349068008831573e-20,0.9911272475131927
97,33,Stage 0,Stage 0,1.1440361322670744e-17,0.9800294075079312
97,34,Stage 2,Stage 2,0.25254460426268227,0.7390974523828906
97,35,Stage 0,Stage 0,8.520205496502915e-20,0.9912140512260427
97,36,Stage 0,Stage 0,1.1794317683016291e-17,0.9801919536097496
97,37,Stage 1,Stage 1,0.009844936918240737,0.990155063081454
97,38,Stage 2,Stage 2,0.24529055562155658,0.7461055952146525
97,39,Stage 1,Stage 1,0.011486267649351069,0.9885137323502291
97,40,Stage 1,Stage 1,0.010554240854312225,0.9894457591453351
97,41,Stage 0,Stage 0,9.701136302956587e-20,0.9917133336883921
97,42,Stage 0,Stage 0,9.681487677796197e-20,0.9917062414926595
97,43,Stage 4,Stage 4,0.6476472923394259,0.6476472923394259
97,44,Stage 1,Stage 1,0.011434336459623115,0.988565663539961
97,45,Stage 4,Stage 4,0.6613713246232751,0.6613713246232751
97,46,Stage 0,Stage 0,1.1580663609027797e-17,0.9800954909584635
97,47,Stage 0,Stage 0,8.315252702436151e-20,0.9911095853926171
97,48,Stage 0,Stage 0,1.2134452772851683e-17,0.9803357854271768
97,49,Stage 0,Stage 0,1.2662957320952439e-17,0.980537768469339
97,50,Stage 0,Stage 0,1.2358223830009592e-17,0.9804243392721755
97,51,Stage 1,Stage 1,0.01077998626851497,0.9892200137311167
97,52,Stage 4,Stage 4,0.6631062637382018,0.6631062637382018
97,53,Stage 3,Stage 3,1.6020813199644695e-16,0.9906299673123887
97,54,Stage 0,Stage 0,8.712486018094915e-20,0.9913066833643034
97,55,Stage 2,Stage 2,0.26117765773469015,0.7307202322083483
97,56,Stage 4,Stage 4,0.6476472923394259,0.6476472923394259
97,57,Stage 2,Stage 2,0.2510221877948732,0.7405706998731459
97,58,Stage 0,Stage 0,8.891026655718003e-20,0.9913883604290891
97,59,Stage 3,Stage 3,1.3945497509816846e-16,0.9913073165838424
97,60,Stage 3,Stage 3,1.400609848735023e-16,0.9912869045482736
97,61,Stage 3,Stage 3,1.3411723860435234e-16,0.9914889005006022
97,62,Stage 0,Stage 0,1.116478590279051e-17,0.9798928978681966
97,63,Stage 0,Stage 0,8.537509825055995e-20,0.9912225947871058
97,64,Stage 1,Stage 1,0.011262902984465105,0.9887370970151318
97,65,Stage 4,Stage 4,0.6596307099883298,0.6596307099883298
97,66,Stage 0,Stage 0,9.296723129296975e-20,0.9915598200571972
97,67,Stage 1,Stage 1,0.010010136452442388,0.9899898635472416
97,68,Stage 0,Stage 0,8.837085903244356e-20,0.9913641073516679
97,69,Stage 0,Stage 0,9.410527400285663e-20,0.9916046721498973
97,70,Stage 0,Stage 0,9.277889271811996e-20,0.9915522663698692
97,71,Stage 0,Stage 0,7.421732177623048e-20,0.990572136644287
97,72,Stage 4,Stage 4,0.6757645023331529,0.6757645023331529
97,73,Stage 1,Stage 1,0.01074744686913522,0.9892525531304988
97,74,Stage 2,Stage 2,0.25407286382189126,0.7376172934546089
97,75,Stage 3,Stage 3,1.5341176629256278e-16,0.9908470844304536
97,76,Stage 3,Stage 3,1.192961757417986e-16,0.9920113460640221
97,77,Stage 4,Stage 4,0.6686194552365096,0.6686194552365096
97,78,Stage 3,Stage 3,1.2244176046024672e-16,0.991898072745205
97,79,Stage 0,Stage 0,9.018164793258518e-20,0.991444127864863
97,80,Stage 0,Stage 0,8.963457180159048e-20,0.9914203679064144
97,81,Stage 2,Stage 2,0.25407286382189126,0.7376172934546089
97,82,Stage 1,Stage 1,0.010301968689707616,0.989698031309957
97,83,Stage 0,Stage 0,1.193891776853346e-17,0.9802545133384781
97,84,Stage 0,Stage 0,1.2792116712707507e-17,0.9805834932838356
97,85,Stage 4,Stage 4,0.6564834339169144,0.6564834339169144
97,86,Stage 0,Stage 0,8.248029864283356e-20,0.9910739561908304
97,87,Stage 1,Stage 1,0.009785535986405131,0.9902144640132933
97,88,Stage 3,Stage 3,1.785415327372632e-16,0.990064553301333
97,89,Stage 1,Stage 1,0.010490605571728758,0.989509394427923
97,90,Stage 3,Stage 3,1.0338264045265624e-16,0.9926067815146545
97,91,Stage 2,Stage 2,0.24469217859954617,0.7466823388248103
97,92,Stage 1,Stage 1,0.010317559385682887,0.9896824406139807
97,93,Stage 4,Stage 4,0.670671542558104,0.670671542558104
97,94,Stage 0,Stage 0,1.2109838471225073e-17,0.9803257589901149
97,95,Stage 4,Stage 4,0.6874362210286842,0.6874362210286842
97,96,Stage 4,Stage 4,0.6867774072627466,0.6867774072627466
97,97,Stage 1,Stage 1,0.010147338384412171,0.9898526616152628
97,98,Stage 0,Stage 0,7.573979935978379e-20,0.9906744059990158
97,99,Stage 3,Stage 3,1.4251140396290633e-16,0.991204779240457
97,100,Stage 1,Stage 1,0.0105862015552074,0.9894137984444379
97,101,Stage 0,Stage 0,8.659622161005087e-20,0.9912817124353902
97,102,Stage 2,Stage 2,0.25714684879590843,0.7346363376396886
97,103,Stage 3,Stage 3,1.5077442951527206e-16,0.9909325261098706
97,104,Stage 0,Stage 0,8.016974467717475e-20,0.9909460040695245
97,105,Stage 0,Stage 0,1.0940166747361869e-17,0.9797746275026172
97,106,Stage 2,Stage 2,0.25041486069432983,0.74115805835694
97,107,Stage 1,Stage 1,0.01022436423784182,0.9897756357618281
97,108,Stage 1,Stage 1,0.010812623108673656,0.9891873768909557
97,109,Stage 0,Stage 0,1.27661808036132e-17,0.9805744198500976
97,110,Stage 2,Stage 2,0.24890064996130676,0.7426215901757899
97,111,Stage 0,Stage 0,7.855883279549936e-20,0.9908514496749214
97,112,Stage 0,Stage 0,8.607077158031066e-20,0.9912565230310001
97,113,Stage 2,Stage 2,0.25407286382189126,0.7376172934546089
97,114,Stage 0,Stage 0,1.3080881816500237e-17,0.9806809671243134
97,115,Stage 2,Stage 2,0.2546858002072975,0.7370233000449775
97,116,Stage 0,Stage 0,8.659622161005087e-20,0.9912817124353902
97,117,Stage 2,Stage 2,0.24859851280195477,0.7429134611599754
97,118,Stage 1,Stage 1,0.010960702386279728,0.9890392976133391
97,119,Stage 0,Stage 0,8.214621238389883e-20,0.9910559882047939
97,120,Stage 1,Stage 1,0.010317559385682887,0.9896824406139807
97,121,Stage 0,Stage 0,1.0895782545579186e-17,0.9797504726964488
97,122,Stage 0,Stage 0,1.253509049401892e-17,0.9804911438200857
97,123,Stage 1,Stage 1,0.010395863773007857,0.9896041362266504
97,124,Stage 2,Stage 2,0.24349826524823048,0.7478324498769883
97,125,Stage 1,Stage 1,0.009653178269755352,0.9903468217299513
97,126,Stage 0,Stage 0,1.2134452772851683e-17,0.9803357854271768
97,127,Stage 0,Stage 0,1.2283182899635144e-17,0.9803951564718821
97,128,Stage 4,Stage 4,0.6610236544185378,0.6610236544185378
97,129,Stage 0,Stage 0,1.1890523699457152e-17,0.9802338141035823
97,130,Stage 1,Stage 1,0.010715004626066438,0.9892849953735698
97,131,Stage 3,Stage 3,1.3705697726370712e-16,0.9913884908326821
97,132,Stage 1,Stage 1,0.010147338384412171,0.9898526616152628
97,133,Stage 3,Stage 3,1.2786933315120065e-16,0.9917057260146858
97,134,Stage 4,Stage 4,0.6490701897989728,0.6490701897989728
97,135,Stage 0,Stage 0,8.434205362983467e-20,0.9911709616824874
97,136,Stage 3,Stage 3,1.182656670751496e-16,0.9920487529320827
97,137,Stage 3,Stage 3,1.2954392823164148e-16,0.9916471420578322
97,138,Stage 1,Stage 1,0.010239838704654338,0.9897601612950144
97,139,Stage 2,Stage 2,0.25163045222685015,0.7399822317710941
97,140,Stage 0,Stage 0,9.31559500739439e-20,0.9915673512795624
97,141,Stage 0,Stage 0,8.554849084858906e-20,0.9912311136935966
97,142,Stage 1,Stage 1,0.010208912914871814,0.9897910870847989
97,143,Stage 4,Stage 4,0.6713536898096759,0.6713536898096759
97,144,Stage 2,Stage 2,0.2522396530280303,0.7393926555578396
97,145,Stage 1,Stage 1,0.009741218293934874,0.9902587817057664
97,146,Stage 0,Stage 0,1.2060758157493647e-17,0.9803055928844897
97,147,Stage 0,Stage 0,7.635743854973838e-20,0.9907145232822799
97,148,Stage 2,Stage 2,0.23817268035555245,0.7529519679552488
97,149,Stage 2,Stage 2,0.24649014624642607,0.7449487389111789
97,150,Stage 1,Stage 1,0.011161265155711256,0.9888387348438932
97,151,Stage 4,Stage 4,0.6801347236936146,0.6801347236936146
97,152,Stage 3,Stage 3,1.7931686639812197e-16,0.9900412459085821
97,153,Stage 0,Stage 0,8.520205496502915e-20,0.9912140512260427
97,154,Stage 1,Stage 1,0.010763704406525684,0.9892362955931072
97,155,Stage 0,Stage 0,8.366026874290211e-20,0.9911360406503251
97,156,Stage 2,Stage 2,0.24320037930785227,0.7481192732467521
97,157,Stage 0,Stage 0,8.016974467717475e-20,0.9909460040695245
97,158,Stage 0,Stage 0,8.963457180159048e-20,0.9914203679064144
97,159,Stage 0,Stage 0,9.296723129296975e-20,0.9915598200571972
97,160,Stage 0,Stage 0,1.2233406605185289e-17,0.9803755156068993
97,161,Stage 0,Stage 0,9.353453132757058e-20,0.9915823465277942
97,162,Stage 0,Stage 0,1.2134452772851683e-17,0.9803357854271768
97,163,Stage 2,Stage 2,0.2470913581649781,0.7443686290769289
97,164,Stage 1,Stage 1,0.009653178269755352,0.9903468217299513
97,165,Stage 1,Stage 1,0.010132002273315599,0.9898679977263604
97,166,Stage 0,Stage 0,9.110082887409164e-20,0.991483264016129
97,167,Stage 1,Stage 1,0.009995005606752856,0.9900049943929322
97,168,Stage 2,Stage 2,0.25163045222685015,0.7399822317710941
97,169,Stage 0,Stage 0,1.0376868460272901e-17,0.9794472563422914
97,170,Stage 3,Stage 3,1.3295903064814052e-16,0.9915287379271257
97,171,Stage 2,Stage 2,0.24890064996130676,0.7426215901757899
97,172,Stage 0,Stage 0,8.332143307836255e-20,0.991118429112658
97,173,Stage 0,Stage 0,1.1580663609027797e-17,0.9800954909584635
97,174,Stage 0,Stage 0,9.564424452170319e-20,0.9916632352849312
97,175,Stage 0,Stage 0,1.2134452772851683e-17,0.9803357854271768
97,176,Stage 3,Stage 3,1.5142949392376147e-16,0.9909112402221542
97,177,Stage 0,Stage 0,1.27661808036132e-17,0.9805744198500976
97,178,Stage 4,Stage 4,0.6781227837843048,0.6781227837843048
97,179,Stage 1,Stage 1,0.009800352867573126,0.9901996471321244
97,180,Stage 4,Stage 4,0.6589328842558504,0.6589328842558504
97,181,Stage 0,Stage 0,8.74790668622754e-20,0.9913232099902709
97,182,Stage 3,Stage 3,1.5274815003928008e-16,0.9908685194963217
97,183,Stage 0,Stage 0,8.999892134210829e-20,0.9914362311704462
97,184,Stage 3,Stage 3,1.6514344283747465e-16,0.9904749510996224
97,185,Stage 4,Stage 4,0.6730549179853795,0.6730549179853795
97,186,Stage 2,Stage 2,0.2405300894246955,0.7506879680283286
97,187,Stage 4,Stage 4,0.6699884527242035,0.6699884527242035
97,188,Stage 0,Stage 0,8.981656287912796e-20,0.9914283112014913
97,189,Stage 1,Stage 1,0.01011668910345674,0.9898833108962201
97,190,Stage 1,Stage 1,0.010317559385682887,0.9896824406139807
97,191,Stage 3,Stage 3,1.400609848735023e-16,0.9912869045482736
97,192,Stage 1,Stage 1,0.009919690322993174,0.9900803096766966
97,193,Stage 0,Stage 0,1.253509049401892e-17,0.9804911438200857
97,194,Stage 4,Stage 4,0.6767766414749979,0.6767766414749979
97,195,Stage 0,Stage 0,9.545051261119675e-20,0.9916559916320165
97,196,Stage 4,Stage 4,0.6798000086854755,0.6798000086854755
97,197,Stage 2,Stage 2,0.25437921553051157,0.7373204344022612
97,198,Stage 0,Stage 0,8.366026874290211e-20,0.9911360406503251
97,199,Stage 0,Stage 0,1.3001492951251741e-17,0.9806548050070074
97,200,Stage 2,Stage 2,0.2754283060568758,0.7168139451612059
97,201,Stage 0,Stage 0,9.720824594382605e-20,0.9917204044379043
97,202,Stage 3,Stage 3,1.930231564209102e-16,0.9896366196234786
97,203,Stage 4,Stage 4,0.6679335525769413,0.6679335525769413
97,204,Stage 2,Stage 2,0.24649014624642607,0.7449487389111789
97,205,Stage 0,Stage 0,7.871846612705421e-20,0.9908610256439977
97,206,Stage 3,Stage 3,1.1373718571281658e-16,0.9922149407159155
97,207,Stage 3,Stage 3,1.4066962128433056e-16,0.9912664449055839
97,208,Stage 2,Stage 2,0.24649014624642607,0.7449487389111789
97,209,Stage 1,Stage 1,0.009322931274816903,0.99067706872491
97,210,Stage 0,Stage 0,9.681487677796197e-20,0.9917062414926595
97,211,Stage 0,Stage 0,8.819178050352503e-20,0.9913559755764396
97,212,Stage 0,Stage 0,1.4186482023847965e-17,0.9810006390597278
97,213,Stage 4,Stage 4,0.680803421430519,0.680803421430519
97,214,Stage 0,Stage 0,9.091625046287896e-20,0.9914754829247348
97,215,Stage 3,Stage 3,1.388515806678279e-16,0.9913276811213593
97,216,Stage 4,Stage 4,0.6764395024509561,0.6764395024509561
97,217,Stage 2,Stage 4,0.6662147213624142,0.6662147213624142
97,218,Stage 1,Stage 1,0.009308829408469714,0.9906911705912582
97,219,Stage 0,Stage 0,1.1987506922008222e-17,0.9802750594385249
97,220,Stage 0,Stage 0,8.181347082197737e-20,0.991037917355354
97,221,Stage 4,Stage 4,0.6648354863636098,0.6648354863636098
97,222,Stage 0,Stage 0,9.128577989666076e-20,0.9914910221400364
97,223,Stage 2,Stage 2,0.2725416322991087,0.7196381429789372
97,224,Stage 2,Stage 2,0.2627383329464713,0.7292018228758231
97,225,Stage 2,Stage 2,0.2593124366704646,0.7325333815492892
97,226,Stage 0,Stage 0,9.410527400285663e-20,0.9916046721498973
97,227,Stage 1,Stage 1,0.009964811803714252,0.9900351881959727
97,228,Stage 2,Stage 2,0.26461870437079427,0.7273708287647475
97,229,Stage 1,Stage 1,0.008841737523392717,0.9911582624763625
97,230,Stage 1,Stage 1,0.009551460378019672,0.9904485396216934
97,231,Stage 2,Stage 4,0.6994415899359354,0.6994415899359354
97,232,Stage 0,Stage 0,1.2922581741193185e-17,0.9806283277652365
97,233,Stage 1,Stage 1,0.009127416747430665,0.990872583252308
97,234,Stage 1,Stage 1,0.009508192610771415,0.9904918073889444
97,235,Stage 2,Stage 2,0.2546858002072975,0.7370233000449775
97,236,Stage 1,Stage 1,0.009949748780050132,0.9900502512196377
97,237,Stage 1,Stage 1,0.009479455334477895,0.9905205446652398
97,238,Stage 0,Stage 0,1.2358223830009592e-17,0.9804243392721755
97,239,Stage 2,Stage 4,0.6828036358362569,0.6828036358362569
97,240,Stage 0,Stage 0,8.855029906400031e-20,0.9913722153838513
97,241,Stage 2,Stage 2,0.28092994701159685,0.7114218156136274
97,242,Stage 1,Stage 1,0.009479455334477895,0.9905205446652398
97,243,Stage 3,Stage 3,2.1140454899087815e-16,0.9891142181943872
97,244,Stage 0,Stage 0,1.3054365610429585e-17,0.9806722813087887
97,245,Stage 1,Stage 1,0.009182859759745504,0.9908171402399898
97,246,Stage 0,Stage 0,1.2896383652677683e-17,0.9806194316431087
97,247,Stage 1,Stage 1,0.009551460378019672,0.9904485396216934
97,248,Stage 2,Stage 2,0.2747852614864163,0.7174433774631043
97,249,Stage 0,Stage 0,1.334899836858545e-17,0.9807659238302157
97,250,Stage 2,Stage 2,0.2580735699978759,0.7337367079548769
97,251,Stage 2,Stage 2,0.27736277117026903,0.7149193924952316
97,252,Stage 3,Stage 3,1.8807031211253414e-16,0.9897812573822138
97,253,Stage 0,Stage 0,1.3958188278091785e-17,0.980940938295889
97,254,Stage 3,Stage 3,2.1603224285404896e-16,0.9889860385508604
97,255,Stage 0,Stage 0,9.622779001159291e-20,0.9916848357534722
97,256,Stage 3,Stage 3,1.5012219126275094e-16,0.9909537624988691
97,257,Stage 2,Stage 2,0.28979755271187174,0.702705760899872
97,258,Stage 2,Stage 4,0.7023085587129587,0.7023085587129587
97,259,Stage 0,Stage 0,9.353453132757058e-20,0.9915823465277942
97,260,Stage 0,Stage 0,1.4683978690384503e-17,0.9811207515190339
97,261,Stage 0,Stage 0,9.036474339409728e-20,0.9914520013362089
97,262,Stage 0,Stage 0,1.3650223405791544e-17,0.9808554445694111
118,1,Stage 2,Stage 2,0.2470913581649781,0.7443686290769289
118,2,Stage 0,Stage 0,1.1842323931121614e-17,0.9802129610796981
118,3,Stage 3,Stage 3,1.1572808329253602e-16,0.9921415101119657
118,4,Stage 0,Stage 0,1.3214265911931897e-17,0.9807238757959816
118,5,Stage 2,Stage 2,0.25437921553051157,0.7373204344022612
118,6,Stage 0,Stage 0,8.366026874290211e-20,0.9911360406503251
118,7,Stage 3,Stage 3,1.2898331317204133e-16,0.9916667155841863
118,8,Stage 1,Stage 1,0.010239838704654338,0.9897601612950144
118,9,Stage 3,Stage 3,1.3010697391296376e-16,0.9916275228510862
118,10,Stage 0,Stage 0,8.098746447928079e-20,0.9909922871964918
118,11,Stage 2,Stage 2,0.24529055562155658,0.7461055952146525
118,12,Stage 4,Stage 4,0.6462209773299379,0.6462209773299379
118,13,Stage 1,Stage 1,0.009995005606752856,0.9900049943929322
118,14,Stage 0,Stage 0,1.1119499898851067e-17,0.9798695752436027
118,15,Stage 1,Stage 1,0.010380155993578817,0.9896198440060806
118,16,Stage 0,Stage 0,1.0676520152462913e-17,0.979627155398886
118,17,Stage 1,Stage 1,0.010796292490686686,0.9892037075089438
118,18,Stage 2,Stage 2,0.25869254117066315,0.7331355898180756
118,19,Stage 4,Stage 4,0.6483591696959382,0.6483591696959382
118,20,Stage 3,Stage 3,1.5208739668280382e-16,0.9908899047222214
118,21,Stage 1,Stage 1,0.010698819849468869,0.9893011801501685
118,22,Stage 4,Stage 4,0.6655255657097157,0.6655255657097157
118,23,Stage 3,Stage 3,1.437526014416234e-16,0.9911634287509127
118,24,Stage 4,Stage 4,0.6426403897094054,0.6426403897094054
118,25,Stage 4,Stage 4,0.6585836341778833,0.6585836341778833
118,26,Stage 3,Stage 3,1.358734468873573e-16,0.9914287951387487
118,27,Stage 0,Stage 0,1.1842323931121614e-17,0.9802129610796981
118,28,Stage 0,Stage 0,8.214621238389883e-20,0.9910559882047939
118,29,Stage 0,Stage 0,7.682394825227141e-20,0.9907443185372786
118,30,Stage 3,Stage 3,1.5474763695087082e-16,0.9908040643215447
118,31,Stage 0,Stage 0,8.537509825055995e-20,0.9912225947871058
118,32,Stage 0,Stage 0,7.919930208469404e-20,0.9908895921314155
118,33,Stage 0,Stage 0,1.0895782545579186e-17,0.9797504726964488
118,34,Stage 0,Stage 0,7.919930208469404e-20,0.9908895921314155
118,35,Stage 1,Stage 1,0.011211970206723553,0.9887880297928772
118,36,Stage 4,Stage 4,0.6665589520038038,0.6665589520038038
118,37,Stage 4,Stage 4,0.6651806413379726,0.6651806413379726
118,38,Stage 2,Stage 2,0.2690381326762171,0.7230609876913192
118,39,Stage 1,Stage 1,0.011010506436409693,0.9889894935632056
118,40,Stage 0,Stage 0,1.2408503290790025e-17,0.9804436097268838
118,41,Stage 2,Stage 2,0.2562222135628668,0.735533505503506
118,42,Stage 0,Stage 0,1.107439571025704e-17,0.9798460876036361
118,43,Stage 1,Stage 1,0.010944150594266112,0.989055849405354
118,44,Stage 3,Stage 3,1.2085875912402677e-16,0.9919549075458585
118,45,Stage 2,Stage 2,0.24349826524823048,0.7478324498769883
118,46,Stage 1,Stage 1,0.010317559385682887,0.9896824406139807
118,47,Stage 1,Stage 1,0.011279931355511072,0.9887200686440845
118,48,Stage 1,Stage 1,0.010618258001908947,0.989381741997734
118,49,Stage 1,Stage 1,0.010317559385682887,0.9896824406139807
118,50,Stage 0,Stage 0,1.1722669461630248e-17,0.9801601513738472
118,51,Stage 1,Stage 1,0.009844936918240737,0.990155063081454
118,52,Stage 0,Stage 0,8.417109148209376e-20,0.9911622690404526
118,53,Stage 0,Stage 0,8.520205496502915e-20,0.9912140512260427
118,54,Stage 1,Stage 1,0.010763704406525684,0.9892362955931072
118,55,Stage 0,Stage 0,1.2560561077266288e-17,0.9805005411964006
118,56,Stage 4,Stage 4,0.6585836341778833,0.6585836341778833
118,57,Stage 1,Stage 1,0.010208912914871814,0.9897910870847989
118,58,Stage 0,Stage 0,7.839952104077613e-20,0.9908418467028067
118,59,Stage 0,Stage 0,1.2134452772851683e-17,0.9803357854271768
118,60,Stage 2,Stage 2,0.24739231790083466,0.7440781543687385
118,61,Stage 0,Stage 0,8.502936028786359e-20,0.9912054829556842
118,62,Stage 0,Stage 0,8.400047374762764e-20,0.9911535513581672
118,63,Stage 4,Stage 4,0.6571843936202091,0.6571843936202091
118,64,Stage 0,Stage 0,8.855029906400031e-20,0.9913722153838513
118,65,Stage 4,Stage 4,0.6617187678056939,0.6617187678056939
118,66,Stage 0,Stage 0,9.259093358300944e-20,0.9915446901678397
118,67,Stage 0,Stage 0,8.855029906400031e-20,0.9913722153838513
118,68,Stage 0,Stage 0,8.451336088651371e-20,0.9911796293397436
118,69,Stage 1,Stage 1,0.010193484701858406,0.9898065152978135
118,70,Stage 3,Stage 3,1.3705697726370712e-16,0.9913884908326821
118,71,Stage 3,Stage 3,9.985526273792553e-17,0.9927443525110301
118,72,Stage 4,Stage 4,0.6627597319301668,0.6627597319301668
118,73,Stage 0,Stage 0,7.936022823213571e-20,0.9908990606860816
118,74,Stage 1,Stage 1,0.010208912914871814,0.9897910870847989
118,75,Stage 4,Stage 4,0.6624129717872749,0.6624129717872749
118,76,Stage 2,Stage 2,0.26117765773469015,0.7307202322083483
118,77,Stage 2,Stage 2,0.23321396116777354,0.7577023030926037
118,78,Stage 1,Stage 1,0.010040466198299552,0.9899595338013824
118,79,Stage 1,Stage 1,0.01044312836757466,0.9895568716320805
118,80,Stage 0,Stage 0,8.417109148209376e-20,0.9911622690404526
118,81,Stage 0,Stage 0,8.765670665295167e-20,0.9913314372653822
118,82,Stage 2,Stage 2,0.24320037930785227,0.7481192732467521
118,83,Stage 3,Stage 3,1.1877980648709117e-16,0.992030071312075
118,84,Stage 4,Stage 4,0.6641444858945478,0.6641444858945478
118,85,Stage 0,Stage 0,1.1486940733603632e-17,0.9800515945672307
118,86,Stage 0,Stage 0,8.909079548356597e-20,0.9913963975468475
118,87,Stage 1,Stage 1,0.010715004626066438,0.9892849953735698
118,88,Stage 1,Stage 1,0.010010136452442388,0.9899898635472416
118,89,Stage 2,Stage 2,0.23817268035555245,0.7529519679552488
118,90,Stage 2,Stage 2,0.26180123907608943,0.7301136797161712
118,91,Stage 3,Stage 3,1.273159474180893e-16,0.9917251631277341
118,92,Stage 0,Stage 0,1.1746504177763643e-17,0.9801707910337142
118,93,Stage 2,Stage 2,0.25838293997313205,0.7334362852539207
118,94,Stage 0,Stage 0,7.760776327708455e-20,0.9907934246903364
118,95,Stage 0,Stage 0,8.383019973218452e-20,0.9911448085800331
118,96,Stage 2,Stage 2,0.2510221877948732,0.7405706998731459
118,97,Stage 3,Stage 3,1.3825079034017648e-16,0.991347998269653
118,98,Stage 0,Stage 0,7.2283446141885e-20,0.9904348805659046
118,99,Stage 4,Stage 4,0.6575345391229066,0.6575345391229066
118,100,Stage 2,Stage 2,0.25346085982156524,0.7382101848703055
118,101,Stage 0,Stage 0,1.2283182899635144e-17,0.9803951564718821
118,102,Stage 3,Stage 3,1.2404544554862024e-16,0.9918408389192064
118,103,Stage 1,Stage 1,0.011417077687672613,0.9885829223119126
118,104,Stage 0,Stage 0,8.434205362983467e-20,0.9911709616824874
118,105,Stage 2,Stage 2,0.26808736836776415,0.7239889270126513
118,106,Stage 0,Stage 0,8.624556849811711e-20,0.9912649438639503
118,107,Stage 0,Stage 0,1.1866399576552271e-17,0.9802234068562619
118,108,Stage 0,Stage 0,1.1842323931121614e-17,0.9802129610796981
118,109,Stage 0,Stage 0,8.624556849811711e-20,0.9912649438639503
118,110,Stage 0,Stage 0,8.332143307836255e-20,0.991118429112658
118,111,Stage 3,Stage 3,1.2033564236264058e-16,0.9919737642817119
118,112,Stage 4,Stage 4,0.6730549179853795,0.6730549179853795
118,113,Stage 0,Stage 0,7.903870012013863e-20,0.9908800968125381
118,114,Stage 2,Stage 2,0.26055499610603355,0.7313257011092654
118,115,Stage 0,Stage 0,8.999892134210829e-20,0.9914362311704462
118,116,Stage 1,Stage 1,0.0105862015552074,0.9894137984444379
118,117,Stage 0,Stage 0,1.2208593453132203e-17,0.980365639237517
118,118,Stage 4,Stage 4,0.6710127341611202,0.6710127341611202
118,119,Stage 3,Stage 3,1.5012219126275094e-16,0.9909537624988691
118,120,Stage 4,Stage 4,0.6710127341611202,0.6710127341611202
118,121,Stage 0,Stage 0,1.2109838471225073e-17,0.9803257589901149
118,122,Stage 3,Stage 3,1.3295903064814052e-16,0.9915287379271257
118,123,Stage 4,Stage 4,0.6651806413379726,0.6651806413379726
118,124,Stage 1,Stage 1,0.011027157465258584,0.9889728425343555
118,125,Stage 3,Stage 3,1.1275458834803555e-16,0.9922513998102035
118,126,Stage 0,Stage 0,1.1463627604673688e-17,0.9800405210137864
118,127,Stage 0,Stage 0,9.240335312278755e-20,0.9915370914012563
118,128,Stage 0,Stage 0,1.3321943355813858e-17,0.9807575826379088
118,129,Stage 0,Stage 0,8.231308708690136e-20,0.9910649850272207
118,130,Stage 0,Stage 0,1.1393968922879771e-17,0.9800070602971545
118,131,Stage 2,Stage 2,0.2405300894246955,0.7506879680283286
118,132,Stage 0,Stage 0,1.1698882641106724e-17,0.9801494726886073
118,133,Stage 0,Stage 0,8.963457180159048e-20,0.9914203679064144
118,134,Stage 0,Stage 0,1.2792116712707507e-17,0.9805834932838356
118,135,Stage 3,Stage 3,1.437526014416234e-16,0.9911634287509127
118,136,Stage 4,Stage 4,0.6777866108630615,0.6777866108630615
118,137,Stage 1,Stage 1,0.010522375619475317,0.9894776243801744
118,138,Stage 0,Stage 0,8.214621238389883e-20,0.9910559882047939
118,139,Stage 4,Stage 4,0.6791298478289639,0.6791298478289639
118,140,Stage 0,Stage 0,1.1557162146697265e-17,0.9800845763643546
118,141,Stage 0,Stage 0,1.2085273632587744e-17,0.9803156948360203
118,142,Stage 0,Stage 0,8.677207923103145e-20,0.9912900602817227
118,143,Stage 0,Stage 0,9.391464264113023e-20,0.9915972525102162
118,144,Stage 2,Stage 2,0.23876060211790226,0.7523876745982604
118,145,Stage 3,Stage 3,1.3010697391296376e-16,0.9916275228510862
118,146,Stage 0,Stage 0,1.1417141793406147e-17,0.9800182539642547
118,147,Stage 2,Stage 2,0.24260531899489832,0.7486920734925386
118,148,Stage 4,Stage 4,0.6710127341611202,0.6710127341611202
118,149,Stage 1,Stage 1,0.0108946433864624,0.9891053566131612
118,150,Stage 0,Stage 0,9.073204391193619e-20,0.9914676788149698
118,151,Stage 0,Stage 0,1.1866399576552271e-17,0.9802234068562619
118,152,Stage 0,Stage 0,9.036474339409728e-20,0.9914520013362089
118,153,Stage 1,Stage 1,0.01011668910345674,0.9898833108962201
118,154,Stage 1,Stage 1,0.011161265155711256,0.9888387348438932
118,155,Stage 4,Stage 4,0.6737337468565638,0.6737337468565638
118,156,Stage 0,Stage 0,1.193891776853346e-17,0.9802545133384781
118,157,Stage 0,Stage 0,7.71365262544547e-20,0.9907640435825601
118,158,Stage 1,Stage 1,0.010178079564963655,0.9898219204347093
118,159,Stage 0,Stage 0,8.016974467717475e-20,0.9909460040695245
118,160,Stage 0,Stage 0,8.677207923103145e-20,0.9912900602817227
118,161,Stage 4,Stage 4,0.6641444858945478,0.6641444858945478
118,162,Stage 0,Stage 0,8.607077158031066e-20,0.9912565230310001
118,163,Stage 3,Stage 3,1.273159474180893e-16,0.9917251631277341
118,164,Stage 4,Stage 4,0.6699884527242035,0.6699884527242035
118,165,Stage 2,Stage 2,0.2562222135628668,0.735533505503506
118,166,Stage 4,Stage 4,0.6613713246232751,0.6613713246232751
118,167,Stage 0,Stage 0,7.952147921726884e-20,0.9909085025359076
118,168,Stage 2,Stage 2,0.24890064996130676,0.7426215901757899
118,169,Stage 3,Stage 3,1.3353688209667664e-16,0.9915088424241372
118,170,Stage 2,Stage 2,0.23553885774866026,0.7554771619231907
118,171,Stage 3,Stage 3,1.182656670751496e-16,0.9920487529320827
118,172,Stage 4,Stage 4,0.6696465551129941,0.6696465551129941
118,173,Stage 2,Stage 2,0.24588987844903148,0.7455277281016649
118,174,Stage 2,Stage 2,0.24980847187399974,0.7417443057242193
118,175,Stage 3,Stage 3,1.0473722773797223e-16,0.9925545262199104
118,176,Stage 1,Stage 1,0.0105862015552074,0.9894137984444379
118,177,Stage 4,Stage 4,0.6603276342630003,0.6603276342630003
118,178,Stage 4,Stage 4,0.670671542558104,0.670671542558104
118,179,Stage 0,Stage 0,7.745036741605663e-20,0.990783658434291
118,180,Stage 0,Stage 0,7.871846612705421e-20,0.9908610256439977
118,181,Stage 0,Stage 0,1.2233406605185289e-17,0.9803755156068993
118,182,Stage 3,Stage 3,1.3646393226964299e-16,0.9914086664638717
118,183,Stage 2,Stage 2,0.24980847187399974,0.7417443057242193
118,184,Stage 0,Stage 0,1.2134452772851683e-17,0.9803357854271768
118,185,Stage 3,Stage 3,1.2954392823164148e-16,0.9916471420578322
118,186,Stage 3,Stage 3,1.1673653215887557e-16,0.9921045370250977
118,187,Stage 1,Stage 1,0.010878190253167672,0.989121809746457
118,188,Stage 0,Stage 0,1.0482919587006265e-17,0.9795124908735049
118,189,Stage 0,Stage 0,8.417109148209376e-20,0.9911622690404526
118,190,Stage 2,Stage 2,0.25315520778394973,0.7385062168479645
118,191,Stage 0,Stage 0,8.000718776672785e-20,0.990936668448035
118,192,Stage 3,Stage 3,1.3470011098844952e-16,0.9914689120498422
118,193,Stage 2,Stage 2,0.24529055562155658,0.7461055952146525
118,194,Stage 1,Stage 1,0.010132002273315599,0.9898679977263604
118,195,Stage 0,Stage 0,7.760776327708455e-20,0.9907934246903364
118,196,Stage 0,Stage 0,1.0611596834529724e-17,0.9795893247500063
118,197,Stage 3,Stage 3,1.267649507625699e-16,0.9917445549781971
118,198,Stage 0,Stage 0,8.855029906400031e-20,0.9913722153838513
118,199,Stage 0,Stage 0,8.999892134210829e-20,0.9914362311704462
118,200,Stage 3,Stage 3,1.358734468873573e-16,0.9914287951387487
118,201,Stage 4,Stage 4,0.680803421430519,0.680803421430519
118,202,Stage 0,Stage 0,8.08232602695753e-20,0.9909830830405886
118,203,Stage 3,Stage 3,1.2786933315120065e-16,0.9917057260146858
118,204,Stage 0,Stage 0,8.502936028786359e-20,0.9912054829556842
118,205,Stage 1,Stage 1,0.010395863773007857,0.9896041362266504
118,206,Stage 0,Stage 0,1.078560006878843e-17,0.9796893465448561
118,207,Stage 4,Stage 4,0.6568340251051958,0.6568340251051958
118,208,Stage 3,Stage 3,1.273159474180893e-16,0.9917251631277341
118,209,Stage 0,Stage 0,1.193891776853346e-17,0.9802545133384781
118,210,Stage 2,Stage 2,0.23408399923292728,0.7568700288384329
118,211,Stage 2,Stage 2,0.24439334502309268,0.7469702888731957
118,212,Stage 0,Stage 0,8.945294736894336e-20,0.9914124012335139
118,213,Stage 3,Stage 3,1.388515806678279e-16,0.9913276811213593
118,214,Stage 0,Stage 0,1.2948832582911525e-17,0.9806371886501871
118,215,Stage 2,Stage 2,0.25254460426268227,0.7390974523828906
118,216,Stage 0,Stage 0,1.2586082948159591e-17,0.9805099022725244
118,217,Stage 4,Stage 4,0.6761021226382252,0.6761021226382252
118,218,Stage 4,Stage 4,0.6716944091958587,0.6716944091958587
118,219,Stage 0,Stage 0,1.1301742154759131e-17,0.9799618826757773
118,220,Stage 1,Stage 1,0.010812623108673656,0.9891873768909557
118,221,Stage 4,Stage 4,0.6696465551129941,0.6696465551129941
118,222,Stage 0,Stage 0,9.184287616612198e-20,0.9915141592139521
118,223,Stage 0,Stage 0,8.589632680577147e-20,0.9912480777611306
118,224,Stage 4,Stage 4,0.6606757575215213,0.6606757575215213
118,225,Stage 0,Stage 0,8.572223346466714e-20,0.9912396080001131
118,226,Stage 0,Stage 0,8.46850139491943e-20,0.9911882720675684
118,227,Stage 0,Stage 0,8.016974467717475e-20,0.9909460040695245
118,228,Stage 1,Stage 1,0.010634322217571969,0.9893656777820701
118,229,Stage 4,Stage 4,0.6599792849745079,0.6599792849745079
118,230,Stage 0,Stage 0,1.253509049401892e-17,0.9804911438200857
118,231,Stage 1,Stage 1,0.009741218293934874,0.9902587817057664
118,232,Stage 0,Stage 0,1.0372280720857294e-19,0.9919356229504688
118,233,Stage 0,Stage 0,8.873010132836583e-20,0.9913802997255212
118,234,Stage 1,Stage 1,0.010666522809220242,0.9893334771904194
118,235,Stage 0,Stage 0,1.109692512335358e-17,0.979857852094674
118,236,Stage 1,Stage 1,0.010861761694597969,0.9891382383050279
118,237,Stage 4,Stage 4,0.6696465551129941,0.6696465551129941
118,238,Stage 0,Stage 0,8.589632680577147e-20,0.9912480777611306
118,239,Stage 3,Stage 3,1.267649507625699e-16,0.9917445549781971
118,240,Stage 4,Stage 4,0.6699884527242035,0.6699884527242035
118,241,Stage 0,Stage 0,1.2792116712707507e-17,0.9805834932838356
118,242,Stage 1,Stage 1,0.009844936918240737,0.990155063081454
118,243,Stage 0,Stage 0,8.607077158031066e-20,0.9912565230310001
118,244,Stage 0,Stage 0,1.2611656210018498e-17,0.9805192271255027
118,245,Stage 0,Stage 0,8.298396123902237e-20,0.9911007162968369
118,246,Stage 2,Stage 2,0.22491522360455934,0.7656134888109045
118,247,Stage 0,Stage 0,1.1794317683016291e-17,0.9801919536097496
118,248,Stage 4,Stage 4,0.6578844612749902,0.6578844612749902
118,249,Stage 3,Stage 3,1.437526014416234e-16,0.9911634287509127
118,250,Stage 1,Stage 1,0.010977278933178153,0.9890227210664396
118,251,Stage 0,Stage 0,8.520205496502915e-20,0.9912140512260427
118,252,Stage 4,Stage 4,0.6610236544185378,0.6610236544185378
118,253,Stage 0,Stage 0,1.215911663711361e-17,0.9803457742274315
118,254,Stage 1,Stage 1,0.010286401307716946,0.9897135986919489
118,255,Stage 0,Stage 0,8.400047374762764e-20,0.9911535513581672
118,256,Stage 3,Stage 3,1.1081472958919321e-16,0.9923238095001111
118,257,Stage 2,Stage 2,0.24799494438075095,0.7434963662755557
118,258,Stage 2,Stage 2,0.23846652192724804,0.752669963690234
118,259,Stage 0,Stage 0,8.589632680577147e-20,0.9912480777611306
118,260,Stage 1,Stage 1,0.010666522809220242,0.9893334771904194
118,261,Stage 1,Stage 1,0.01053829632109027,0.9894617036785583
118,262,Stage 2,Stage 2,0.24980847187399974,0.7417443057242193
118,263,Stage 0,Stage 0,1.1210254455404146e-17,0.9799160561815848
118,264,Stage 0,Stage 0,1.1393968922879771e-17,0.9800070602971545
118,265,Stage 0,Stage 0,8.694829184898601e-20,0.9912983839068218
118,266,Stage 1,Stage 1,0.01025533634924254,0.989744663650425
118,267,Stage 1,Stage 1,0.009770741285424905,0.9902292587142744
118,268,Stage 1,Stage 1,0.010474756156049585,0.9895252438436032
118,269,Stage 2,Stage 2,0.24469217859954617,0.7466823388248103
118,270,Stage 2,Stage 2,0.2470913581649781,0.7443686290769289
118,271,Stage 4,Stage 4,0.6648354863636098,0.6648354863636098
118,272,Stage 3,Stage 3,1.2954392823164148e-16,0.9916471420578322
118,273,Stage 0,Stage 0,1.193891776853346e-17,0.9802545133384781
118,274,Stage 3,Stage 3,1.6020813199644695e-16,0.9906299673123887
118,275,Stage 4,Stage 4,0.6655255657097157,0.6655255657097157
118,276,Stage 0,Stage 0,9.128577989666076e-20,0.9914910221400364
118,277,Stage 1,Stage 1,0.01053829632109027,0.9894617036785583
118,278,Stage 0,Stage 0,8.502936028786359e-20,0.9912054829556842
118,279,Stage 4,Stage 4,0.6737337468565638,0.6737337468565638
118,280,Stage 3,Stage 3,1.0248930807117522e-16,0.992641415577182
118,281,Stage 0,Stage 0,8.19796738548088e-20,0.9910469656665484
118,282,Stage 4,Stage 4,0.6884225650067124,0.6884225650067124
118,283,Stage 0,Stage 0,1.287023821130877e-17,0.9806105002089812
118,284,Stage 0,Stage 0,9.128577989666076e-20,0.9914910221400364
118,285,Stage 2,Stage 2,0.2593124366704646,0.7325333815492892
118,286,Stage 1,Stage 1,0.01011668910345674,0.9898833108962201
118,287,Stage 2,Stage 2,0.25714684879590843,0.7346363376396886
118,288,Stage 0,Stage 0,8.383019973218452e-20,0.9911448085800331
118,289,Stage 3,Stage 3,1.418948194170051e-16,0.9912253823613508
118,290,Stage 4,Stage 4,0.6744116221435149,0.6744116221435149
118,291,Stage 4,Stage 4,0.6589328842558504,0.6589328842558504
118,292,Stage 3,Stage 3,1.5745428008113426e-16,0.990717420980011
118,293,Stage 2,Stage 2,0.24409474820536187,0.7472579575151554
118,294,Stage 3,Stage 3,1.4313066079285363e-16,0.9911841280737391
118,295,Stage 0,Stage 0,8.855029906400031e-20,0.9913722153838513
118,296,Stage 1,Stage 1,0.009874771118159353,0.9901252288815332
118,297,Stage 0,Stage 0,9.980418687985998e-20,0.9918103939525855
118,298,Stage 1,Stage 1,0.010208912914871814,0.9897910870847989
118,299,Stage 2,Stage 2,0.25560695075066314,0.7361302470889537
118,300,Stage 2,Stage 2,0.24739231790083466,0.7440781543687385
118,301,Stage 0,Stage 0,1.3107451416612386e-17,0.9806896181480723
118,302,Stage 4,Stage 4,0.6781227837843048,0.6781227837843048
118,303,Stage 3,Stage 3,1.3353688209667664e-16,0.9915088424241372
118,304,Stage 4,Stage 4,0.6624129717872749,0.6624129717872749
118,305,Stage 0,Stage 0,8.837085903244356e-20,0.9913641073516679
118,306,Stage 4,Stage 4,0.6585836341778833,0.6585836341778833
118,307,Stage 1,Stage 1,0.01025533634924254,0.989744663650425
118,308,Stage 2,Stage 2,0.25346085982156524,0.7382101848703055
118,309,Stage 3,Stage 3,1.5813828545132604e-16,0.9906956338210948
118,310,Stage 0,Stage 0,1.3134074518326739e-17,0.9806982344537166
118,311,Stage 1,Stage 1,0.01053829632109027,0.9894617036785583
118,312,Stage 4,Stage 4,0.6744116221435149,0.6744116221435149
118,313,Stage 0,Stage 0,1.2433718978351717e-17,0.9804531897659231
118,314,Stage 4,Stage 4,0.6631062637382018,0.6631062637382018
118,315,Stage 0,Stage 0,1.3027902691056307e-17,0.9806635606276816
118,316,Stage 0,Stage 0,9.760320496659151e-20,0.99173448178738
118,317,Stage 0,Stage 0,1.1987506922008222e-17,0.9802750594385249
118,318,Stage 0,Stage 0,8.642071827046151e-20,0.9912733403140861
118,319,Stage 3,Stage 3,1.2621633290938193e-16,0.9917639016699474
118,320,Stage 3,Stage 3,1.3470011098844952e-16,0.9914689120498422
118,321,Stage 1,Stage 1,0.0100708869055207,0.9899291130941592
118,322,Stage 3,Stage 3,1.1623121658548097e-16,0.9921230451330736
118,323,Stage 0,Stage 0,9.018164793258518e-20,0.991444127864863
118,324,Stage 1,Stage 1,0.009874771118159353,0.9901252288815332
118,325,Stage 3,Stage 3,1.481823122744664e-16,0.991017175804803
118,326,Stage 3,Stage 3,1.0160367836014854e-16,0.9926758882697092
118,327,Stage 0,Stage 0,1.1866399576552271e-17,0.9802234068562619
118,328,Stage 0,Stage 0,8.264784773209078e-20,0.9910829017524949
118,329,Stage 3,Stage 3,1.267649507625699e-16,0.9917445549781971
118,330,Stage 3,Stage 3,1.2138414451901029e-16,0.9919360067787678
118,331,Stage 2,Stage 2,0.23583054804126902,0.7551977285057843
118,332,Stage 1,Stage 1,0.010040466198299552,0.9899595338013824
118,333,Stage 3,Stage 3,1.6586075562578934e-16,0.9904525991304134
118,334,Stage 1,Stage 1,0.010490605571728758,0.989509394427923
118,335,Stage 2,Stage 2,0.24980847187399974,0.7417443057242193
118,336,Stage 4,Stage 4,0.6744116221435149,0.6744116221435149
118,337,Stage 2,Stage 2,0.25407286382189126,0.7376172934546089
118,338,Stage 1,Stage 1,0.010395863773007857,0.9896041362266504
118,339,Stage 0,Stage 0,1.215911663711361e-17,0.9803457742274315
118,340,Stage 2,Stage 2,0.25315520778394973,0.7385062168479645
118,341,Stage 0,Stage 0,1.218383016385818e-17,0.9803557254709231
118,342,Stage 3,Stage 3,1.4066962128433056e-16,0.9912664449055839
118,343,Stage 2,Stage 2,0.23964427354617432,0.7515391000262467
118,344,Stage 2,Stage 2,0.24141804734081146,0.7498342831611539
118,345,Stage 2,Stage 2,0.25011154894036597,0.7414513210234408
118,346,Stage 1,Stage 1,0.010666522809220242,0.9893334771904194
118,347,Stage 0,Stage 0,9.277889271811996e-20,0.9915522663698692
118,348,Stage 3,Stage 3,1.1724403944377254e-16,0.992085985688691
118,349,Stage 4,Stage 4,0.6641444858945478,0.6641444858945478
118,350,Stage 1,Stage 1,0.010132002273315599,0.9898679977263604
118,351,Stage 0,Stage 0,9.240335312278755e-20,0.9915370914012563
118,352,Stage 2,Stage 2,0.26117765773469015,0.7307202322083483
118,353,Stage 4,Stage 4,0.6710127341611202,0.6710127341611202
118,354,Stage 0,Stage 0,7.936022823213571e-20,0.9908990606860816
118,355,Stage 0,Stage 0,8.819178050352503e-20,0.9913559755764396
118,356,Stage 2,Stage 2,0.2437963882471011,0.7475453445748567
118,357,Stage 0,Stage 0,7.936022823213571e-20,0.9908990606860816
118,358,Stage 4,Stage 4,0.6723751379532624,0.6723751379532624
118,359,Stage 3,Stage 3,1.4882614470725118e-16,0.9909960872334609
118,360,Stage 1,Stage 1,0.010522375619475317,0.9894776243801744
118,361,Stage 0,Stage 0,8.349068008831573e-20,0.9911272475131927
118,362,Stage 0,Stage 0,1.1187497314564652e-17,0.9799044975199033
118,363,Stage 3,Stage 3,1.9218874346613102e-16,0.9896608661289011
118,364,Stage 2,Stage 2,0.24950562961173267,0.7420370122733596
118,365,Stage 2,Stage 2,0.25900237345016314,0.732834621849088
118,366,Stage 4,Stage 4,0.6648354863636098,0.6648354863636098
118,367,Stage 0,Stage 0,8.677207923103145e-20,0.9912900602817227
118,368,Stage 0,Stage 0,8.712486018094915e-20,0.9913066833643034
118,369,Stage 0,Stage 0,8.999892134210829e-20,0.9914362311704462
118,370,Stage 0,Stage 0,1.2896383652677683e-17,0.9806194316431087
118,371,Stage 0,Stage 0,8.891026655718003e-20,0.9913883604290891
118,372,Stage 3,Stage 3,1.665811752754777e-16,0.9904301951067617
118,373,Stage 0,Stage 0,1.3134074518326739e-17,0.9806982344537166
118,374,Stage 1,Stage 1,0.011094010943917605,0.9889059890556916
118,375,Stage 0,Stage 0,8.520205496502915e-20,0.9912140512260427
118,376,Stage 3,Stage 3,1.273159474180893e-16,0.9917251631277341
118,377,Stage 2,Stage 2,0.2580735699978759,0.7337367079548769
118,378,Stage 4,Stage 4,0.6634525668851401,0.6634525668851401
118,379,Stage 0,Stage 0,8.730178494540156e-20,0.9913149587076621
118,380,Stage 0,Stage 0,8.131686794496749e-20,0.9910106172108247
118,381,Stage 3,Stage 3,1.3825079034017648e-16,0.991347998269653
118,382,Stage 1,Stage 1,0.009638581731872228,0.9903614182678355
118,383,Stage 2,Stage 2,0.2549926177230726,0.7367258905770219
118,384,Stage 0,Stage 0,1.085157653643075e-17,0.9797261493066788
118,385,Stage 0,Stage 0,8.332143307836255e-20,0.991118429112658
118,386,Stage 0,Stage 0,9.018164793258518e-20,0.991444127864863
118,387,Stage 3,Stage 3,1.595151985996128e-16,0.9906519071036988
118,388,Stage 0,Stage 0,8.115200014791238e-20,0.9910014652339335
118,389,Stage 1,Stage 1,0.010040466198299552,0.9899595338013824
118,390,Stage 2,Stage 2,0.26461870437079427,0.7273708287647475
118,391,Stage 0,Stage 0,8.281573503643895e-20,0.9910918217689588
118,392,Stage 2,Stage 2,0.24588987844903148,0.7455277281016649
118,393,Stage 4,Stage 4,0.6686194552365096,0.6686194552365096
118,394,Stage 1,Stage 1,0.009653178269755352,0.9903468217299513
118,395,Stage 0,Stage 0,8.08232602695753e-20,0.9909830830405886
118,396,Stage 4,Stage 4,0.6589328842558504,0.6589328842558504
118,397,Stage 0,Stage 0,1.215911663711361e-17,0.9803457742274315
118,398,Stage 0,Stage 0,9.147110428318827e-20,0.9914987573472265
118,399,Stage 0,Stage 0,8.400047374762764e-20,0.9911535513581672
118,400,Stage 0,Stage 0,8.520205496502915e-20,0.9912140512260427
118,401,Stage 0,Stage 0,7.213677561533476e-20,0.990424117178985
118,402,Stage 1,Stage 1,0.009844936918240737,0.990155063081454
118,403,Stage 3,Stage 3,1.7931686639812197e-16,0.9900412459085821
118,404,Stage 2,Stage 2,0.24829661090433064,0.7432050532542982
118,405,Stage 0,Stage 0,8.607077158031066e-20,0.9912565230310001
118,406,Stage 0,Stage 0,8.537509825055995e-20,0.9912225947871058
118,407,Stage 1,Stage 1,0.010364471699471136,0.9896355283001894
118,408,Stage 3,Stage 3,1.2842511828128758e-16,0.9916862435349484
118,409,Stage 0,Stage 0,9.37243953407556e-20,0.9915898106525737
118,410,Stage 4,Stage 4,0.6682766206384697,0.6682766206384697
118,411,Stage 1,Stage 1,0.010193484701858406,0.9898065152978135
118,412,Stage 1,Stage 1,0.009815191961509888,0.9901848080381868
118,413,Stage 0,Stage 0,1.3080881816500237e-17,0.9806809671243134
118,414,Stage 4,Stage 4,0.6781227837843048,0.6781227837843048
118,415,Stage 4,Stage 4,0.6767766414749979,0.6767766414749979
118,416,Stage 3,Stage 3,1.3646393226964299e-16,0.9914086664638717
118,417,Stage 0,Stage 0,1.2922581741193185e-17,0.9806283277652365
118,418,Stage 1,Stage 1,0.010208912914871814,0.9897910870847989
118,419,Stage 0,Stage 0,1.2896383652677683e-17,0.9806194316431087
118,420,Stage 2,Stage 2,0.25011154894036597,0.7414513210234408
118,421,Stage 1,Stage 1,0.010086131453090964,0.9899138685465878
118,422,Stage 0,Stage 0,8.049584355568391e-20,0.9909645961410933
118,423,Stage 2,Stage 2,0.2636774894246132,0.7282875373293057
118,424,Stage 3,Stage 3,1.418948194170051e-16,0.9912253823613508
118,425,Stage 2,Stage 2,0.2549926177230726,0.7367258905770219
118,426,Stage 4,Stage 4,0.6547271497952761,0.6547271497952761
118,427,Stage 3,Stage 3,1.5609510811115244e-16,0.9907608434784348
118,428,Stage 4,Stage 4,0.6824708808016353,0.6824708808016353
118,429,Stage 3,Stage 3,1.2567008362720846e-16,0.9917832033066266
118,430,Stage 1,Stage 1,0.009874771118159353,0.9901252288815332
118,431,Stage 3,Stage 3,1.4251140396290633e-16,0.991204779240457
118,432,Stage 0,Stage 0,8.502936028786359e-20,0.9912054829556842
118,433,Stage 3,Stage 3,1.9724970662795495e-16,0.9895145387630995
118,434,Stage 0,Stage 0,9.31559500739439e-20,0.9915673512795624
118,435,Stage 3,Stage 3,1.3705697726370712e-16,0.9913884908326821
118,436,Stage 0,Stage 0,1.1987506922008222e-17,0.9802750594385249
118,437,Stage 0,Stage 0,9.296723129296975e-20,0.9915598200571972
118,438,Stage 0,Stage 0,1.0499178926504226e-19,0.9919736589332914
118,439,Stage 0,Stage 0,1.1187497314564652e-17,0.9799044975199033
118,440,Stage 1,Stage 1,0.010348810856321467,0.9896511891433398
118,441,Stage 0,Stage 0,1.0123044910422745e-19,0.9918573877880311
118,442,Stage 0,Stage 0,1.0000670793438895e-19,0.9918171693732337
118,443,Stage 4,Stage 4,0.6547271497952761,0.6547271497952761
118,444,Stage 2,Stage 2,0.2747852614864163,0.7174433774631043
118,445,Stage 0,Stage 0,9.899817471954102e-20,0.9917830838733842
118,446,Stage 3,Stage 3,1.7623552995965684e-16,0.9901341512781187
118,447,Stage 4,Stage 4,0.6867774072627466,0.6867774072627466
118,448,Stage 0,Stage 0,1.1510300803839863e-17,0.9800626282534846
118,449,Stage 2,Stage 2,0.27703980606880374,0.7152358015363429
118,450,Stage 1,Stage 1,0.01025533634924254,0.989744663650425
118,451,Stage 4,Stage 4,0.6631062637382018,0.6631062637382018
118,452,Stage 4,Stage 4,0.6754266418328634,0.6754266418328634
118,453,Stage 3,Stage 3,1.5407825779475046e-16,0.990825599410363
118,454,Stage 0,Stage 0,1.2975136284103022e-17,0.9806460143726154
118,455,Stage 2,Stage 2,0.25315520778394973,0.7385062168479645
118,456,Stage 0,Stage 0,8.999892134210829e-20,0.9914362311704462
118,457,Stage 4,Stage 4,0.6834684068082958,0.6834684068082958
118,458,Stage 2,Stage 2,0.24469217859954617,0.7466823388248103
118,459,Stage 0,Stage 0,9.980418687985998e-20,0.9918103939525855
118,460,Stage 1,Stage 1,0.008513178319831715,0.991486821679942
118,461,Stage 0,Stage 0,1.3160751229419032e-17,0.9807068161147312
118,462,Stage 2,Stage 2,0.2636774894246132,0.7282875373293057
118,463,Stage 3,Stage 3,1.2954392823164148e-16,0.9916471420578322
118,464,Stage 0,Stage 0,8.945294736894336e-20,0.9914124012335139
118,465,Stage 0,Stage 0,8.624556849811711e-20,0.9912649438639503
118,466,Stage 4,Stage 4,0.680803421430519,0.680803421430519
118,467,Stage 2,Stage 2,0.2658768524060471,0.7261447914628317
118,468,Stage 3,Stage 3,1.1373718571281658e-16,0.9922149407159155
118,469,Stage 3,Stage 3,1.5677322519212532e-16,0.9907391574938658
118,470,Stage 0,Stage 0,9.202932517534232e-20,0.9915218259744493
118,471,Stage 0,Stage 0,9.642309106611137e-20,0.9916919925727748
118,472,Stage 0,Stage 0,9.054820847169687e-20,0.9914598516358336
118,473,Stage 4,Stage 4,0.6791298478289639,0.6791298478289639
118,474,Stage 0,Stage 0,1.3054365610429585e-17,0.9806722813087887
118,475,Stage 0,Stage 0,1.2896383652677683e-17,0.9806194316431087
118,476,Stage 1,Stage 1,0.009351198523028188,0.990648801476697
118,477,Stage 3,Stage 3,2.1324364920411917e-16,0.9890631247158589
118,478,Stage 4,Stage 4,0.6877652528474243,0.6877652528474243
118,479,Stage 2,Stage 2,0.2741431079820585,0.7180717640074853
118,480,Stage 2,Stage 4,0.6665589520038038,0.6665589520038038
118,481,Stage 3,Stage 3,1.673047151838939e-16,0.9904077389095308
118,482,Stage 0,Stage 0,1.193891776853346e-17,0.9802545133384781
118,483,Stage 0,Stage 0,1.4014917739691513e-17,0.9809560572150945
118,484,Stage 0,Stage 0,1.4014917739691513e-17,0.9809560572150945
118,485,Stage 0,Stage 0,8.909079548356597e-20,0.9913963975468475
118,486,Stage 3,Stage 3,2.1049093628883173e-16,0.9891396761490543
118,487,Stage 0,Stage 0,9.87976855940541e-20,0.9917762040240412
118,488,Stage 0,Stage 0,1.0041297742379242e-19,0.991830658016624
118,489,Stage 0,Stage 0,9.018164793258518e-20,0.991444127864863
118,490,Stage 4,Stage 4,0.6754266418328634,0.6754266418328634
118,491,Stage 3,Stage 3,1.6514344283747465e-16,0.9904749510996224
118,492,Stage 1,Stage 1,0.009726489938492407,0.9902735100612097
118,493,Stage 1,Stage 1,0.009238636411599783,0.9907613635881323
118,494,Stage 3,Stage 3,1.6803138880578172e-16,0.9903852304193212
118,495,Stage 2,Stage 2,0.27671706241262906,0.7155519507884045
118,496,Stage 0,Stage 0,1.0000670793438895e-19,0.9918171693732337
118,497,Stage 1,Stage 1,0.010506478714620649,0.9894935212850299
118,498,Stage 1,Stage 1,0.009238636411599783,0.9907613635881323
118,499,Stage 2,Stage 4,0.6900614492756498,0.6900614492756498
118,500,Stage 2,Stage 4,0.6582341597389156,0.6582341597389156
118,501,Stage 4,Stage 4,0.6867774072627466,0.6867774072627466
118,502,Stage 0,Stage 0,8.945294736894336e-20,0.9914124012335139
118,503,Stage 1,Stage 1,0.009280689035787628,0.9907193109639421
118,504,Stage 1,Stage 1,0.010086131453090964,0.9899138685465878
118,505,Stage 0,Stage 0,1.3241104099992208e-17,0.9807323539623602
118,506,Stage 2,Stage 4,0.6864476258577634,0.6864476258577634
118,507,Stage 1,Stage 1,0.009565926254869413,0.9904340737448427
118,508,Stage 0,Stage 0,1.4506445676364027e-17,0.9810793934619298
118,509,Stage 2,Stage 4,0.6929955259593715,0.6929955259593715
118,510,Stage 0,Stage 0,9.277889271811996e-20,0.9915522663698692
118,511,Stage 0,Stage 0,1.433104262676681e-17,0.9810369107430247
118,512,Stage 0,Stage 0,9.720824594382605e-20,0.9917204044379043
118,513,Stage 1,Stage 1,0.009127416747430665,0.990872583252308
118,514,Stage 2,Stage 2,0.276394540393224,0.7158678400136779
118,515,Stage 1,Stage 1,0.008976652843499092,0.9910233471562485
118,516,Stage 0,Stage 0,9.960207385273583e-20,0.9918035977382493
118,517,Stage 0,Stage 0,1.4215277937991817e-17,0.9810079570714533
118,518,Stage 0,Stage 0,1.0082088893385625e-19,0.9918440640336889
118,519,Stage 0,Stage 0,1.5137300381419323e-17,0.9812193182789706
118,520,Stage 3,Stage 3,1.6586075562578934e-16,0.9904525991304134
118,521,Stage 0,Stage 0,1.444774259912856e-17,0.9810653582195327
118,522,Stage 0,Stage 0,1.3929909022986644e-17,0.9809333300971613
118,523,Stage 0,Stage 0,9.31559500739439e-20,0.9915673512795624
118,524,Stage 1,Stage 1,0.008271595095245656,0.9917284049045411
118,525,Stage 0,Stage 0,1.2922581741193185e-17,0.9806283277652365
118,526,Stage 2,Stage 2,0.28125555419334825,0.7111023078859269
118,527,Stage 3,Stage 3,1.1522712288932924e-16,0.9921599320609006
118,528,Stage 0,Stage 0,1.0061672751189167e-19,0.9918373713306831
118,529,Stage 2,Stage 4,0.70420810344334,0.70420810344334
118,530,Stage 0,Stage 0,1.0102546252047937e-19,0.99185073617104
118,531,Stage 2,Stage 2,0.28321378646252493,0.7091798807736477
118,532,Stage 0,Stage 0,9.073204391193619e-20,0.9914676788149698
118,533,Stage 0,Stage 0,1.3761422954353124e-17,0.9808869942214414
118,534,Stage 2,Stage 4,0.6874362210286842,0.6874362210286842
118,535,Stage 2,Stage 2,0.28060455890708924,0.7117410664563073
118,536,Stage 2,Stage 4,0.6910417547141406,0.6910417547141406
118,537,Stage 0,Stage 0,1.668337202524858e-17,0.9814905430402784
118,538,Stage 0,Stage 0,9.960207385273583e-20,0.9918035977382493
118,539,Stage 0,Stage 0,1.4244131838433493e-17,0.9810152431785992
118,540,Stage 2,Stage 2,0.28649489500796743,0.705955450902243
118,541,Stage 2,Stage 2,0.2988205927095184,0.6938074872176742
118,542,Stage 3,Stage 3,1.8403987379288522e-16,0.9899002581759518
118,543,Stage 0,Stage 0,1.0082088893385625e-19,0.9918440640336889
121,1,Stage 0,Stage 0,8.400047374762764e-20,0.9911535513581672
121,2,Stage 4,Stage 4,0.6854567868244953,0.6854567868244953
121,3,Stage 1,Stage 1,0.009949748780050132,0.9900502512196377
121,4,Stage 2,Stage 2,0.25591446599987244,0.7358320134602054
121,5,Stage 1,Stage 1,0.009741218293934874,0.9902587817057664
121,6,Stage 0,Stage 0,1.4833568581164264e-17,0.9811543676228127
121,7,Stage 0,Stage 0,1.2060758157493647e-17,0.9803055928844897
121,8,Stage 0,Stage 0,1.287023821130877e-17,0.9806105002089812
121,9,Stage 0,Stage 0,8.607077158031066e-20,0.9912565230310001
121,10,Stage 3,Stage 3,1.5012219126275094e-16,0.9909537624988691
121,11,Stage 0,Stage 0,9.259093358300944e-20,0.9915446901678397
121,12,Stage 0,Stage 0,1.3027902691056307e-17,0.9806635606276816
121,13,Stage 3,Stage 3,1.3238367348768738e-16,0.9915485871160096
121,14,Stage 0,Stage 0,1.3376107860797232e-17,0.9807742309598357
121,15,Stage 0,Stage 0,1.3001492951251741e-17,0.9806548050070074
121,16,Stage 0,Stage 0,1.3430490722743576e-17,0.980790743318878
121,17,Stage 0,Stage 0,9.410527400285663e-20,0.9916046721498973
121,18,Stage 0,Stage 0,8.765670665295167e-20,0.9913314372653822
121,19,Stage 1,Stage 1,0.009638581731872228,0.9903614182678355
121,20,Stage 4,Stage 4,0.6824708808016353,0.6824708808016353
121,21,Stage 0,Stage 0,1.2688685377708345e-17,0.9805469851134242
121,22,Stage 0,Stage 0,1.2792116712707507e-17,0.9805834932838356
121,23,Stage 3,Stage 3,1.3411723860435234e-16,0.9914889005006022
121,24,Stage 2,Stage 2,0.24349826524823048,0.7478324498769883
121,25,Stage 0,Stage 0,9.980418687985998e-20,0.9918103939525855
121,26,Stage 1,Stage 1,0.009682437044737417,0.9903175629549675
121,27,Stage 0,Stage 0,1.351247636228508e-17,0.9808152581821675
121,28,Stage 0,Stage 0,8.400047374762764e-20,0.9911535513581672
121,29,Stage 0,Stage 0,9.353453132757058e-20,0.9915823465277942
121,30,Stage 0,Stage 0,8.572223346466714e-20,0.9912396080001131
121,31,Stage 3,Stage 3,1.2458465006915191e-16,0.9918216718281889
121,32,Stage 0,Stage 0,1.2844145311242713e-17,0.9806015333878619
121,33,Stage 0,Stage 0,9.583836753171736e-20,0.9916704571574527
121,34,Stage 0,Stage 0,1.4477064614725244e-17,0.9810723914936978
121,35,Stage 2,Stage 2,0.25683840509560746,0.7349356673952726
121,36,Stage 4,Stage 4,0.6723751379532624,0.6723751379532624
121,37,Stage 0,Stage 0,1.2688685377708345e-17,0.9805469851134242
121,38,Stage 1,Stage 1,0.009210706257898174,0.9907892937418357
121,39,Stage 2,Stage 2,0.24499124883316234,0.7463941075463413
121,40,Stage 0,Stage 0,9.583836753171736e-20,0.9916704571574527
121,41,Stage 0,Stage 0,7.919930208469404e-20,0.9908895921314155
121,42,Stage 2,Stage 2,0.27062725684065797,0.7215091143515209
121,43,Stage 0,Stage 0,1.2896383652677683e-17,0.9806194316431087
121,44,Stage 3,Stage 3,1.4313066079285363e-16,0.9911841280737391
121,45,Stage 3,Stage 3,1.192961757417986e-16,0.9920113460640221
121,46,Stage 4,Stage 4,0.6874362210286842,0.6874362210286842
121,47,Stage 1,Stage 1,0.01092762352100488,0.9890723764786162
121,48,Stage 0,Stage 0,1.2611656210018498e-17,0.9805192271255027
121,49,Stage 3,Stage 3,1.5813828545132604e-16,0.9906956338210948
121,50,Stage 0,Stage 0,9.940036803056258e-20,0.9917967806843048
121,51,Stage 0,Stage 0,9.073204391193619e-20,0.9914676788149698
121,52,Stage 3,Stage 3,1.4882614470725118e-16,0.9909960872334609
121,53,Stage 3,Stage 3,1.273159474180893e-16,0.9917251631277341
121,54,Stage 0,Stage 0,1.2792116712707507e-17,0.9805834932838356
121,55,Stage 3,Stage 3,1.5407825779475046e-16,0.990825599410363
121,56,Stage 3,Stage 3,1.3353688209667664e-16,0.9915088424241372
121,57,Stage 0,Stage 0,9.448769201481952e-20,0.9916194449715166
121,58,Stage 3,Stage 3,1.665811752754777e-16,0.9904301951067617
121,59,Stage 2,Stage 2,0.2786568421680052,0.7136511632178776
121,60,Stage 3,Stage 3,1.3765259292095088e-16,0.9913682681373117
121,61,Stage 2,Stage 2,0.26556197357446565,0.7264517029193922
121,62,Stage 2,Stage 2,0.24829661090433064,0.7432050532542982
121,63,Stage 2,Stage 2,0.2528497892226809,0.7388019727493059
121,64,Stage 0,Stage 0,1.0143584951925212e-19,0.991864018929853
121,65,Stage 4,Stage 4,0.6682766206384697,0.6682766206384697
121,66,Stage 4,Stage 4,0.6651806413379726,0.6651806413379726
121,67,Stage 0,Stage 0,8.554849084858906e-20,0.9912311136935966
121,68,Stage 4,Stage 4,0.6828036358362569,0.6828036358362569
121,69,Stage 0,Stage 0,9.202932517534232e-20,0.9915218259744493
121,70,Stage 0,Stage 0,8.677207923103145e-20,0.9912900602817227
121,71,Stage 0,Stage 0,9.37243953407556e-20,0.9915898106525737
121,72,Stage 0,Stage 0,1.0020963784044093e-19,0.9918239240460098
121,73,Stage 0,Stage 0,9.622779001159291e-20,0.9916848357534722
121,74,Stage 0,Stage 0,9.642309106611137e-20,0.9916919925727748
121,75,Stage 0,Stage 0,9.296723129296975e-20,0.9915598200571972
121,76,Stage 0,Stage 0,1.2662957320952439e-17,0.980537768469339
121,77,Stage 0,Stage 0,8.572223346466714e-20,0.9912396080001131
121,78,Stage 4,Stage 4,0.6720348920125131,0.6720348920125131
121,79,Stage 3,Stage 3,1.595151985996128e-16,0.9906519071036988
121,80,Stage 0,Stage 0,1.2611656210018498e-17,0.9805192271255027
121,81,Stage 2,Stage 2,0.24799494438075095,0.7434963662755557
121,82,Stage 2,Stage 2,0.25407286382189126,0.7376172934546089
121,83,Stage 1,Stage 1,0.009874771118159353,0.9901252288815332
121,84,Stage 1,Stage 1,0.009168967804648577,0.9908310321950877
121,85,Stage 2,Stage 2,0.25407286382189126,0.7376172934546089
121,86,Stage 0,Stage 0,1.4535885902983276e-17,0.9810863641899918
121,87,Stage 1,Stage 1,0.009653178269755352,0.9903468217299513
121,88,Stage 4,Stage 4,0.6723751379532624,0.6723751379532624
121,89,Stage 0,Stage 0,1.225826972046872e-17,0.9803853546585779
121,90,Stage 4,Stage 4,0.6557815848804494,0.6557815848804494
121,91,Stage 3,Stage 3,1.481823122744664e-16,0.991017175804803
121,92,Stage 4,Stage 4,0.6814711408851148,0.6814711408851148
121,93,Stage 1,Stage 1,0.010178079564963655,0.9898219204347093
121,94,Stage 1,Stage 1,0.009815191961509888,0.9901848080381868
121,95,Stage 0,Stage 0,1.2975136284103022e-17,0.9806460143726154
121,96,Stage 2,Stage 2,0.26336420834067564,0.7285925686842741
121,97,Stage 2,Stage 2,0.25041486069432983,0.74115805835694
121,98,Stage 3,Stage 3,1.3705697726370712e-16,0.9913884908326821
121,99,Stage 4,Stage 4,0.6804691947043152,0.6804691947043152
121,100,Stage 1,Stage 1,0.009196772567259431,0.9908032274324752
121,101,Stage 3,Stage 3,1.267649507625699e-16,0.9917445549781971
121,102,Stage 2,Stage 2,0.26808736836776415,0.7239889270126513
121,103,Stage 4,Stage 4,0.6730549179853795,0.6730549179853795
121,104,Stage 3,Stage 3,1.4563464239206133e-16,0.9911010407392757
121,105,Stage 1,Stage 1,0.010317559385682887,0.9896824406139807
121,106,Stage 3,Stage 3,1.5341176629256278e-16,0.9908470844304536
121,107,Stage 4,Stage 4,0.6818046330432872,0.6818046330432872
121,108,Stage 4,Stage 4,0.6864476258577634,0.6864476258577634
121,109,Stage 2,Stage 4,0.6900614492756498,0.6900614492756498
121,110,Stage 0,Stage 0,1.3187481657883642e-17,0.980715363204435
121,111,Stage 0,Stage 0,1.3054365610429585e-17,0.9806722813087887
121,112,Stage 0,Stage 0,1.387352089176905e-17,0.9809180158781412
121,113,Stage 4,Stage 4,0.6627597319301668,0.6627597319301668
121,114,Stage 1,Stage 1,0.009785535986405131,0.9902144640132933
121,115,Stage 0,Stage 0,1.433104262676681e-17,0.9810369107430247
121,116,Stage 3,Stage 3,1.481823122744664e-16,0.991017175804803
121,117,Stage 1,Stage 1,0.00953701616625288,0.990462983833461
121,118,Stage 0,Stage 0,9.819863855246932e-20,0.9917554381440574
121,119,Stage 4,Stage 4,0.6818046330432872,0.6818046330432872
121,120,Stage 2,Stage 2,0.26808736836776415,0.7239889270126513
121,121,Stage 0,Stage 0,1.410044103467453e-17,0.9809784929235621
121,122,Stage 0,Stage 0,1.0041297742379242e-19,0.991830658016624
121,123,Stage 1,Stage 1,0.009017523818931946,0.9909824761808131
121,124,Stage 2,Stage 2,0.2715834339697196,0.7205748155048869
121,125,Stage 3,Stage 3,1.8166306727860768e-16,0.9899709977975176
121,126,Stage 3,Stage 3,1.1775374791176718e-16,0.9920673910242831
121,127,Stage 0,Stage 0,1.2975136284103022e-17,0.9806460143726154
121,128,Stage 0,Stage 0,1.0889218514975205e-19,0.9920835531617204
121,129,Stage 0,Stage 0,1.3650223405791544e-17,0.9808554445694111
121,130,Stage 2,Stage 2,0.2815813802491283,0.7107825435195056
121,131,Stage 2,Stage 2,0.2627383329464713,0.7292018228758231
121,132,Stage 0,Stage 0,1.0584634858266361e-19,0.9919986220897354
121,133,Stage 3,Stage 3,1.6586075562578934e-16,0.9904525991304134
121,134,Stage 0,Stage 0,9.681487677796197e-20,0.9917062414926595
121,135,Stage 4,Stage 4,0.684794984527346,0.684794984527346
121,136,Stage 0,Stage 0,1.0393323927914112e-19,0.9919420118778036
121,137,Stage 4,Stage 4,0.680803421430519,0.680803421430519
121,138,Stage 3,Stage 3,1.5208739668280382e-16,0.9908899047222214
121,139,Stage 0,Stage 0,1.0184789518815859e-19,0.9918772199682381
121,140,Stage 0,Stage 0,9.277889271811996e-20,0.9915522663698692
121,141,Stage 2,Stage 4,0.7026258052252726,0.7026258052252726
121,142,Stage 0,Stage 0,1.3986524478756912e-17,0.9809485139790308
121,143,Stage 3,Stage 3,1.4882614470725118e-16,0.9909960872334609
121,144,Stage 3,Stage 3,1.5745428008113426e-16,0.990717420980011
121,145,Stage 3,Stage 3,1.5474763695087082e-16,0.9908040643215447
121,146,Stage 4,Stage 4,0.677450195975465,0.677450195975465
121,147,Stage 0,Stage 0,1.0627622044839007e-19,0.9920109864555632
121,148,Stage 0,Stage 0,1.3430490722743576e-17,0.980790743318878
121,149,Stage 2,Stage 2,0.28649489500796743,0.705955450902243
121,150,Stage 4,Stage 4,0.6740728038490408,0.6740728038490408
121,151,Stage 0,Stage 0,1.0000670793438895e-19,0.9918171693732337
121,152,Stage 1,Stage 1,0.008801656204420378,0.9911983437953373
121,153,Stage 2,Stage 2,0.28880450581797945,0.7036833048291352
121,154,Stage 0,Stage 0,1.0977833759586717e-19,0.992107133197767
121,155,Stage 1,Stage 1,0.009017523818931946,0.9909824761808131
121,156,Stage 4,Stage 4,0.6965535937765006,0.6965535937765006
121,157,Stage 4,Stage 4,0.6841321904490448,0.6841321904490448
121,158,Stage 1,Stage 1,0.009086052260636385,0.9909139477391049
121,159,Stage 0,Stage 0,1.544720425987543e-17,0.9812812795009269
121,160,Stage 2,Stage 2,0.27930520129405223,0.7130154960741061
121,161,Stage 0,Stage 0,1.0911305349807343e-19,0.9920894764400598
121,162,Stage 2,Stage 2,0.273501847021749,0.7186991029313797
121,163,Stage 0,Stage 0,1.5198783412623428e-17,0.9812319476764766
121,164,Stage 4,Stage 4,0.6939689777568688,0.6939689777568688
121,165,Stage 0,Stage 0,1.0246908837687985e-19,0.9918968690858989
121,166,Stage 0,Stage 0,1.4683978690384503e-17,0.9811207515190339
121,167,Stage 1,Stage 1,0.009044873522153283,0.9909551264775904
121,168,Stage 2,Stage 2,0.28979755271187174,0.702705760899872
121,169,Stage 4,Stage 4,0.700718404687663,0.700718404687663
121,170,Stage 1,Stage 1,0.008976652843499092,0.9910233471562485
121,171,Stage 1,Stage 1,0.009099819743673495,0.9909001802560667
121,172,Stage 0,Stage 0,1.0606106777124854e-19,0.9920048140045602
121,173,Stage 2,Stage 2,0.27736277117026903,0.7149193924952316
121,174,Stage 0,Stage 0,1.1293677984670119e-19,0.9921873179895239
121,175,Stage 3,Stage 3,2.1509869628890134e-16,0.989011793579241
121,176,Stage 0,Stage 0,9.859760040023931e-20,0.9917693031503555
121,177,Stage 3,Stage 3,1.6586075562578934e-16,0.9904525991304134
121,178,Stage 0,Stage 0,1.1408658310449655e-19,0.9922150860126183
121,179,Stage 0,Stage 0,1.4043368175836372e-17,0.9809635680724318
121,180,Stage 0,Stage 0,1.1362526992564038e-19,0.9922040330326647
121,181,Stage 2,Stage 2,0.308679740805318,0.6840532707052863
121,182,Stage 1,Stage 1,0.008656226107831342,0.9913437738919344
121,183,Stage 0,Stage 0,9.960207385273583e-20,0.9918035977382493
121,184,Stage 2,Stage 2,0.29378887252159924,0.6987731572029323
121,185,Stage 0,Stage 0,9.899817471954102e-20,0.9917830838733842
121,186,Stage 0,Stage 0,1.138556939112908e-19,0.9922095685344504
121,187,Stage 0,Stage 0,1.0584634858266361e-19,0.9919986220897354
121,188,Stage 1,Stage 1,0.008564922491342707,0.9914350775084281
121,189,Stage 0,Stage 0,1.526051431450378e-17,0.9812444580010095
121,190,Stage 3,Stage 3,1.7931686639812197e-16,0.9900412459085821
121,191,Stage 0,Stage 0,1.1362526992564038e-19,0.9922040330326647
121,192,Stage 1,Stage 1,0.008049002396908088,0.9919509976028904
121,193,Stage 0,Stage 0,1.0823224657454958e-19,0.992065669668143
121,194,Stage 0,Stage 0,1.180837939869867e-19,0.9923061634263758
122,1,Stage 0,Stage 0,9.37243953407556e-20,0.9915898106525737
122,2,Stage 3,Stage 3,1.358734468873573e-16,0.9914287951387487
122,3,Stage 0,Stage 0,8.08232602695753e-20,0.9909830830405886
122,4,Stage 0,Stage 0,9.184287616612198e-20,0.9915141592139521
122,5,Stage 0,Stage 0,1.0288531012335657e-19,0.991909867392295
122,6,Stage 3,Stage 3,1.1373718571281658e-16,0.9922149407159155
122,7,Stage 4,Stage 4,0.6801347236936146,0.6801347236936146
122,8,Stage 0,Stage 0,1.3845411787388083e-17,0.9809103097200548
122,9,Stage 0,Stage 0,9.165680278779385e-20,0.9915064696883523
122,10,Stage 2,Stage 2,0.23876060211790226,0.7523876745982604
122,11,Stage 0,Stage 0,1.2233406605185289e-17,0.9803755156068993
122,12,Stage 4,Stage 4,0.6662147213624142,0.6662147213624142
122,13,Stage 4,Stage 4,0.6818046330432872,0.6818046330432872
122,14,Stage 1,Stage 1,0.009741218293934874,0.9902587817057664
122,15,Stage 4,Stage 4,0.6801347236936146,0.6801347236936146
122,16,Stage 2,Stage 2,0.2574555242711091,0.7343367343480506
122,17,Stage 0,Stage 0,8.765670665295167e-20,0.9913314372653822
122,18,Stage 0,Stage 0,8.909079548356597e-20,0.9913963975468475
122,19,Stage 0,Stage 0,1.218383016385818e-17,0.9803557254709231
122,20,Stage 2,Stage 2,0.25838293997313205,0.7334362852539207
122,21,Stage 0,Stage 0,9.353453132757058e-20,0.9915823465277942
122,22,Stage 4,Stage 4,0.6703301153093147,0.6703301153093147
122,23,Stage 0,Stage 0,1.2896383652677683e-17,0.9806194316431087
122,24,Stage 1,Stage 1,0.009815191961509888,0.9901848080381868
122,25,Stage 0,Stage 0,1.3267996330712023e-17,0.9807407977763951
122,26,Stage 1,Stage 1,0.010634322217571969,0.9893656777820701
122,27,Stage 4,Stage 4,0.6844637113224621,0.6844637113224621
122,28,Stage 3,Stage 3,1.4066962128433056e-16,0.9912664449055839
122,29,Stage 0,Stage 0,1.3761422954353124e-17,0.9808869942214414
122,30,Stage 1,Stage 1,0.010178079564963655,0.9898219204347093
122,31,Stage 4,Stage 4,0.6568340251051958,0.6568340251051958
122,32,Stage 0,Stage 0,1.4157743979431764e-17,0.9809932890761482
122,33,Stage 3,Stage 3,1.358734468873573e-16,0.9914287951387487
122,34,Stage 1,Stage 1,0.009196772567259431,0.9908032274324752
122,35,Stage 0,Stage 0,1.2975136284103022e-17,0.9806460143726154
122,36,Stage 0,Stage 0,9.87976855940541e-20,0.9917762040240412
122,37,Stage 0,Stage 0,9.622779001159291e-20,0.9916848357534722
122,38,Stage 1,Stage 1,0.010025289971866769,0.9899747100278161
122,39,Stage 0,Stage 0,8.677207923103145e-20,0.9912900602817227
122,40,Stage 0,Stage 0,1.1417141793406147e-17,0.9800182539642547
122,41,Stage 4,Stage 4,0.6801347236936146,0.6801347236936146
122,42,Stage 2,Stage 2,0.24260531899489832,0.7486920734925386
122,43,Stage 0,Stage 0,1.1370842617280377e-17,0.9799958264208374
122,44,Stage 4,Stage 4,0.6767766414749979,0.6767766414749979
122,45,Stage 3,Stage 3,2.0777364471225954e-16,0.9892156964861458
122,46,Stage 0,Stage 0,1.2637280966370862e-17,0.9805285158322073
122,47,Stage 2,Stage 2,0.24920302226922736,0.7423294404854913
122,48,Stage 4,Stage 4,0.6637986410454966,0.6637986410454966
122,49,Stage 2,Stage 2,0.2288962099675816,0.7618247453381963
122,50,Stage 2,Stage 2,0.24349826524823048,0.7478324498769883
122,51,Stage 4,Stage 4,0.6828036358362569,0.6828036358362569
122,52,Stage 0,Stage 0,9.22161505741555e-20,0.9915294700201527
122,53,Stage 0,Stage 0,1.1770386885997358e-17,0.9801813917513598
122,54,Stage 4,Stage 4,0.6575345391229066,0.6575345391229066
122,55,Stage 4,Stage 4,0.6818046330432872,0.6818046330432872
122,56,Stage 1,Stage 1,0.01074744686913522,0.9892525531304988
122,57,Stage 0,Stage 0,8.873010132836583e-20,0.9913802997255212
122,58,Stage 3,Stage 3,1.5012219126275094e-16,0.9909537624988691
122,59,Stage 1,Stage 1,0.009844936918240737,0.990155063081454
122,60,Stage 1,Stage 1,0.01022436423784182,0.9897756357618281
122,61,Stage 0,Stage 0,1.1722669461630248e-17,0.9801601513738472
122,62,Stage 0,Stage 0,8.783470504027307e-20,0.9913396405861271
122,63,Stage 2,Stage 2,0.26086621188254744,0.7310231022110232
122,64,Stage 0,Stage 0,1.2134452772851683e-17,0.9803357854271768
122,65,Stage 1,Stage 1,0.0108946433864624,0.9891053566131612
122,66,Stage 4,Stage 4,0.6781227837843048,0.6781227837843048
122,67,Stage 1,Stage 1,0.009964811803714252,0.9900351881959727
122,68,Stage 2,Stage 2,0.24799494438075095,0.7434963662755557
122,69,Stage 3,Stage 3,1.5208739668280382e-16,0.9908899047222214
122,70,Stage 0,Stage 0,1.2383338275301069e-17,0.980433992921724
122,71,Stage 0,Stage 0,1.0000670793438895e-19,0.9918171693732337
122,72,Stage 0,Stage 0,1.2560561077266288e-17,0.9805005411964006
122,73,Stage 0,Stage 0,9.87976855940541e-20,0.9917762040240412
122,74,Stage 3,Stage 3,1.7023034736543948e-16,0.9903173899928813
122,75,Stage 2,Stage 2,0.2747852614864163,0.7174433774631043
122,76,Stage 0,Stage 0,8.945294736894336e-20,0.9914124012335139
122,77,Stage 0,Stage 0,9.603288243117046e-20,0.9916776572976473
122,78,Stage 4,Stage 4,0.680803421430519,0.680803421430519
122,79,Stage 0,Stage 0,9.410527400285663e-20,0.9916046721498973
122,80,Stage 0,Stage 0,8.783470504027307e-20,0.9913396405861271
122,81,Stage 0,Stage 0,9.128577989666076e-20,0.9914910221400364
122,82,Stage 0,Stage 0,1.0102546252047937e-19,0.99185073617104
122,83,Stage 2,Stage 2,0.2636774894246132,0.7282875373293057
122,84,Stage 4,Stage 4,0.6757645023331529,0.6757645023331529
122,85,Stage 0,Stage 0,9.259093358300944e-20,0.9915446901678397
122,86,Stage 0,Stage 0,9.603288243117046e-20,0.9916776572976473
122,87,Stage 1,Stage 1,0.010162697470396196,0.9898373025292777
122,88,Stage 4,Stage 4,0.669304422786679,0.669304422786679
122,89,Stage 1,Stage 1,0.009168967804648577,0.9908310321950877
122,90,Stage 0,Stage 0,8.74790668622754e-20,0.9913232099902709
122,91,Stage 0,Stage 0,1.3107451416612386e-17,0.9806896181480723
122,92,Stage 0,Stage 0,9.110082887409164e-20,0.991483264016129
122,93,Stage 2,Stage 2,0.2674546575569374,0.7246062225826132
122,94,Stage 0,Stage 0,1.3294942712957499e-17,0.9807492073107461
122,95,Stage 0,Stage 0,9.429629020165823e-20,0.9916120696206802
122,96,Stage 3,Stage 3,1.665811752754777e-16,0.9904301951067617
122,97,Stage 1,Stage 1,0.009436510639765031,0.9905634893599552
122,98,Stage 3,Stage 3,1.2898331317204133e-16,0.9916667155841863
122,99,Stage 1,Stage 1,0.009182859759745504,0.9908171402399898
122,100,Stage 2,Stage 2,0.276394540393224,0.7158678400136779
122,101,Stage 3,Stage 3,1.673047151838939e-16,0.9904077389095308
122,102,Stage 0,Stage 0,9.073204391193619e-20,0.9914676788149698
122,103,Stage 0,Stage 0,1.526051431450378e-17,0.9812444580010095
122,104,Stage 0,Stage 0,9.603288243117046e-20,0.9916776572976473
122,105,Stage 0,Stage 0,1.2922581741193185e-17,0.9806283277652365
122,106,Stage 2,Stage 4,0.6794650499677246,0.6794650499677246
122,107,Stage 1,Stage 1,0.009667796696653437,0.9903322033030524
122,108,Stage 1,Stage 1,0.009609454194694656,0.9903905458050148
122,109,Stage 0,Stage 0,1.3160751229419032e-17,0.9807068161147312
122,110,Stage 1,Stage 1,0.009508192610771415,0.9904918073889444
122,111,Stage 0,Stage 0,9.073204391193619e-20,0.9914676788149698
122,112,Stage 3,Stage 3,1.7623552995965684e-16,0.9901341512781187
122,113,Stage 4,Stage 4,0.6550788492381099,0.6550788492381099
122,114,Stage 3,Stage 3,1.2842511828128758e-16,0.9916862435349484
122,115,Stage 4,Stage 4,0.6791298478289639,0.6791298478289639
122,116,Stage 4,Stage 4,0.6942929512618693,0.6942929512618693
122,117,Stage 0,Stage 0,8.963457180159048e-20,0.9914203679064144
122,118,Stage 3,Stage 3,1.7245799927632027e-16,0.9902490746059706
122,119,Stage 0,Stage 0,1.3080881816500237e-17,0.9806809671243134
122,120,Stage 3,Stage 3,1.2621633290938193e-16,0.9917639016699474
122,121,Stage 0,Stage 0,8.417109148209376e-20,0.9911622690404526
122,122,Stage 4,Stage 4,0.6834684068082958,0.6834684068082958
122,123,Stage 2,Stage 2,0.2731815517035496,0.7190123789562886
122,124,Stage 2,Stage 2,0.2574555242711091,0.7343367343480506
122,125,Stage 2,Stage 2,0.27094575767877044,0.7211979455227717
122,126,Stage 0,Stage 0,9.525717101185453e-20,0.9916487261505318
122,127,Stage 2,Stage 2,0.277685957524647,0.7146027239034609
122,128,Stage 0,Stage 0,9.799976027502948e-20,0.9917484739182298
122,129,Stage 2,Stage 2,0.26556197357446565,0.7264517029193922
122,130,Stage 2,Stage 2,0.28060455890708924,0.7117410664563073
122,131,Stage 2,Stage 2,0.25683840509560746,0.7349356673952726
122,132,Stage 0,Stage 0,1.0779450063535469e-19,0.9920536522063002
122,133,Stage 2,Stage 2,0.2747852614864163,0.7174433774631043
122,134,Stage 0,Stage 0,9.799976027502948e-20,0.9917484739182298
122,135,Stage 0,Stage 0,1.5137300381419323e-17,0.9812193182789706
122,136,Stage 2,Stage 2,0.25437921553051157,0.7373204344022612
122,137,Stage 0,Stage 0,1.0670782977221649e-19,0.9920232731371034
122,138,Stage 1,Stage 1,0.009351198523028188,0.990648801476697
122,139,Stage 0,Stage 0,9.564424452170319e-20,0.9916632352849312
122,140,Stage 0,Stage 0,1.0330321413314762e-19,0.9919227852292337
122,141,Stage 4,Stage 4,0.6737337468565638,0.6737337468565638
122,142,Stage 1,Stage 1,0.009465118971863792,0.9905348810278547
122,143,Stage 1,Stage 1,0.008990256064907281,0.9910097439348394
122,144,Stage 2,Stage 2,0.2703089811070587,0.7218200187592283
122,145,Stage 1,Stage 1,0.008436142628569428,0.9915638573712084
122,146,Stage 3,Stage 3,1.5274815003928008e-16,0.9908685194963217
122,147,Stage 0,Stage 0,1.1112104295259018e-19,0.9921419415741112
122,148,Stage 2,Stage 4,0.6936447488678881,0.6936447488678881
122,149,Stage 0,Stage 0,9.583836753171736e-20,0.9916704571574527
122,150,Stage 2,Stage 2,0.271902609070935,0.7202628547686946
122,151,Stage 0,Stage 0,1.0372280720857294e-19,0.9919356229504688
122,152,Stage 1,Stage 1,0.008372474492151174,0.9916275255076302
122,153,Stage 1,Stage 1,0.008196727416300984,0.9918032725834897
122,154,Stage 0,Stage 0,1.0123044910422745e-19,0.9918573877880311
122,155,Stage 0,Stage 0,1.1134641112802246e-19,0.9921476779669266
122,156,Stage 2,Stage 2,0.29112459996138246,0.7013988702502325
122,157,Stage 2,Stage 4,0.6955862863663789,0.6955862863663789
122,158,Stage 1,Stage 1,0.008590911377353056,0.9914090886224162
122,159,Stage 1,Stage 1,0.008347140849141328,0.9916528591506413
122,160,Stage 0,Stage 0,1.0184789518815859e-19,0.9918772199682381
122,161,Stage 0,Stage 0,1.4273043841977816e-17,0.9810224974482886
122,162,Stage 2,Stage 4,0.70420810344334,0.70420810344334
122,163,Stage 0,Stage 0,1.4565385413759545e-17,0.9810933037434979
122,164,Stage 2,Stage 4,0.6936447488678881,0.6936447488678881
122,165,Stage 1,Stage 1,0.008309282836801494,0.9916907171629832
122,166,Stage 0,Stage 0,1.0933436775449487e-19,0.9920953808445817
122,167,Stage 1,Stage 1,0.008990256064907281,0.9910097439348394
122,168,Stage 0,Stage 0,1.0414409617945719e-19,0.9919483809081383
122,169,Stage 3,Stage 3,1.665811752754777e-16,0.9904301951067617
122,170,Stage 0,Stage 0,1.0205454211877452e-19,0.9918837899546677
122,171,Stage 2,Stage 2,0.31211860592506535,0.6806437289759658
122,172,Stage 3,Stage 3,1.7776954166379165e-16,0.9900878065782867
122,173,Stage 1,Stage 1,0.008359798155126278,0.9916402018446557
122,174,Stage 3,Stage 3,1.8970701934139603e-16,0.989733268624752
129,1,Stage 2,Stage 2,0.2658768524060471,0.7261447914628317
129,2,Stage 0,Stage 0,1.3817359172028178e-17,0.9809025707707942
129,3,Stage 2,Stage 2,0.24799494438075095,0.7434963662755557
129,4,Stage 3,Stage 3,1.2567008362720846e-16,0.9917832033066266
129,5,Stage 3,Stage 3,1.2842511828128758e-16,0.9916862435349484
129,6,Stage 1,Stage 1,0.009058579180217434,0.9909414208195254
129,7,Stage 1,Stage 1,0.010411595072169162,0.9895884049274881
129,8,Stage 2,Stage 2,0.25254460426268227,0.7390974523828906
129,9,Stage 0,Stage 0,1.2975136284103022e-17,0.9806460143726154
129,10,Stage 4,Stage 4,0.6787944025585728,0.6787944025585728
129,11,Stage 0,Stage 0,1.3705711332982504e-17,0.980871285673887
129,12,Stage 0,Stage 0,9.073204391193619e-20,0.9914676788149698
129,13,Stage 1,Stage 1,0.009815191961509888,0.9901848080381868
129,14,Stage 2,Stage 2,0.24980847187399974,0.7417443057242193
129,15,Stage 3,Stage 3,1.1275458834803555e-16,0.9922513998102035
129,16,Stage 4,Stage 4,0.6610236544185378,0.6610236544185378
129,17,Stage 2,Stage 2,0.25041486069432983,0.74115805835694
129,18,Stage 2,Stage 2,0.242308144816448,0.7489780500215129
129,19,Stage 0,Stage 0,9.819863855246932e-20,0.9917554381440574
129,20,Stage 0,Stage 0,1.412906368840792e-17,0.9809859070532867
129,21,Stage 1,Stage 1,0.010301968689707616,0.989698031309957
129,22,Stage 0,Stage 0,9.603288243117046e-20,0.9916776572976473
129,23,Stage 0,Stage 0,8.909079548356597e-20,0.9913963975468475
129,24,Stage 0,Stage 0,9.073204391193619e-20,0.9914676788149698
129,25,Stage 0,Stage 0,8.298396123902237e-20,0.9911007162968369
129,26,Stage 1,Stage 1,0.010239838704654338,0.9897601612950144
129,27,Stage 0,Stage 0,1.2036291946697048e-17,0.9802954530549376
129,28,Stage 0,Stage 0,9.240335312278755e-20,0.9915370914012563
129,29,Stage 1,Stage 1,0.010010136452442388,0.9899898635472416
129,30,Stage 3,Stage 3,1.4882614470725118e-16,0.9909960872334609
129,31,Stage 1,Stage 1,0.009741218293934874,0.9902587817057664
129,32,Stage 0,Stage 0,8.624556849811711e-20,0.9912649438639503
129,33,Stage 1,Stage 1,0.010411595072169162,0.9895884049274881
129,34,Stage 4,Stage 4,0.6675902513667413,0.6675902513667413
129,35,Stage 0,Stage 0,1.2383338275301069e-17,0.980433992921724
129,36,Stage 0,Stage 0,8.74790668622754e-20,0.9913232099902709
129,37,Stage 0,Stage 0,9.603288243117046e-20,0.9916776572976473
129,38,Stage 0,Stage 0,9.018164793258518e-20,0.991444127864863
129,39,Stage 0,Stage 0,1.3929909022986644e-17,0.9809333300971613
129,40,Stage 0,Stage 0,1.3187481657883642e-17,0.980715363204435
129,41,Stage 0,Stage 0,9.583836753171736e-20,0.9916704571574527
129,42,Stage 3,Stage 3,1.5142949392376147e-16,0.9909112402221542
129,43,Stage 4,Stage 4,0.6857873153651937,0.6857873153651937
129,44,Stage 0,Stage 0,9.091625046287896e-20,0.9914754829247348
129,45,Stage 0,Stage 0,1.27661808036132e-17,0.9805744198500976
129,46,Stage 3,Stage 3,1.3295903064814052e-16,0.9915287379271257
129,47,Stage 0,Stage 0,8.677207923103145e-20,0.9912900602817227
129,48,Stage 0,Stage 0,9.240335312278755e-20,0.9915370914012563
129,49,Stage 2,Stage 2,0.2528497892226809,0.7388019727493059
129,50,Stage 4,Stage 4,0.6669029507634441,0.6669029507634441
129,51,Stage 0,Stage 0,8.783470504027307e-20,0.9913396405861271
129,52,Stage 2,Stage 2,0.2725416322991087,0.7196381429789372
129,53,Stage 0,Stage 0,8.963457180159048e-20,0.9914203679064144
129,54,Stage 1,Stage 1,0.010506478714620649,0.9894935212850299
129,55,Stage 2,Stage 2,0.2562222135628668,0.735533505503506
129,56,Stage 0,Stage 0,9.091625046287896e-20,0.9914754829247348
129,57,Stage 0,Stage 0,1.27661808036132e-17,0.9805744198500976
129,58,Stage 0,Stage 0,8.855029906400031e-20,0.9913722153838513
129,59,Stage 0,Stage 0,8.927168884212394e-20,0.9914044111309707
129,60,Stage 2,Stage 2,0.2574555242711091,0.7343367343480506
129,61,Stage 2,Stage 2,0.2510221877948732,0.7405706998731459
129,62,Stage 1,Stage 1,0.009830053300841891,0.9901699466988536
129,63,Stage 1,Stage 1,0.009830053300841891,0.9901699466988536
129,64,Stage 2,Stage 2,0.2528497892226809,0.7388019727493059
129,65,Stage 0,Stage 0,9.128577989666076e-20,0.9914910221400364
129,66,Stage 0,Stage 0,9.184287616612198e-20,0.9915141592139521
129,67,Stage 3,Stage 3,1.4251140396290633e-16,0.991204779240457
129,68,Stage 0,Stage 0,8.909079548356597e-20,0.9913963975468475
129,69,Stage 3,Stage 3,1.3010697391296376e-16,0.9916275228510862
129,70,Stage 1,Stage 1,0.009741218293934874,0.9902587817057664
129,71,Stage 4,Stage 4,0.6699884527242035,0.6699884527242035
129,72,Stage 3,Stage 3,1.4882614470725118e-16,0.9909960872334609
129,73,Stage 0,Stage 0,7.903870012013863e-20,0.9908800968125381
129,74,Stage 2,Stage 2,0.27446407325826855,0.7177577015716604
129,75,Stage 1,Stage 1,0.008908942091243936,0.9910910579085075
129,76,Stage 0,Stage 0,1.1794317683016291e-17,0.9801919536097496
129,77,Stage 3,Stage 3,1.4754125773760771e-16,0.9910382153289269
129,78,Stage 3,Stage 3,1.318107998903221e-16,0.9915683900969946
129,79,Stage 3,Stage 3,1.481823122744664e-16,0.991017175804803
129,80,Stage 0,Stage 0,1.3001492951251741e-17,0.9806548050070074
129,81,Stage 4,Stage 4,0.6923452845868395,0.6923452845868395
129,82,Stage 0,Stage 0,1.0123044910422745e-19,0.9918573877880311
129,83,Stage 3,Stage 3,1.4563464239206133e-16,0.9911010407392757
129,84,Stage 2,Stage 2,0.25962273068952946,0.7322318691216054
129,85,Stage 2,Stage 2,0.2658768524060471,0.7261447914628317
129,86,Stage 0,Stage 0,9.525717101185453e-20,0.9916487261505318
129,87,Stage 0,Stage 0,1.4043368175836372e-17,0.9809635680724318
129,88,Stage 0,Stage 0,9.899817471954102e-20,0.9917830838733842
129,89,Stage 3,Stage 3,1.5745428008113426e-16,0.990717420980011
129,90,Stage 0,Stage 0,9.334504982898171e-20,0.9915748600865903
129,91,Stage 1,Stage 1,0.009726489938492407,0.9902735100612097
129,92,Stage 3,Stage 3,1.4313066079285363e-16,0.9911841280737391
129,93,Stage 1,Stage 1,0.009522593587758624,0.990477406411956
129,94,Stage 0,Stage 0,1.3187481657883642e-17,0.980715363204435
129,95,Stage 3,Stage 3,1.358734468873573e-16,0.9914287951387487
129,96,Stage 1,Stage 1,0.010055665165061838,0.9899443348346193
129,97,Stage 0,Stage 0,1.287023821130877e-17,0.9806105002089812
129,98,Stage 2,Stage 2,0.26336420834067564,0.7285925686842741
129,99,Stage 3,Stage 3,1.437526014416234e-16,0.9911634287509127
129,100,Stage 1,Stage 1,0.009337054302621687,0.9906629456971044
129,101,Stage 0,Stage 0,1.2283182899635144e-17,0.9803951564718821
129,102,Stage 2,Stage 2,0.26180123907608943,0.7301136797161712
129,103,Stage 3,Stage 3,1.481823122744664e-16,0.991017175804803
129,104,Stage 0,Stage 0,1.0823224657454958e-19,0.992065669668143
129,105,Stage 2,Stage 2,0.2696731056468591,0.7224410334125942
129,106,Stage 0,Stage 0,9.87976855940541e-20,0.9917762040240412
129,107,Stage 0,Stage 0,9.277889271811996e-20,0.9915522663698692
129,108,Stage 0,Stage 0,9.78012826822886e-20,0.9917414884816289
129,109,Stage 2,Stage 2,0.26650729275407997,0.7255301655798967
129,110,Stage 2,Stage 2,0.2658768524060471,0.7261447914628317
129,111,Stage 1,Stage 1,0.009580413828657553,0.9904195861710536
129,112,Stage 2,Stage 2,0.276394540393224,0.7158678400136779
129,113,Stage 4,Stage 4,0.6857873153651937,0.6857873153651937
129,114,Stage 3,Stage 3,1.595151985996128e-16,0.9906519071036988
129,115,Stage 4,Stage 4,0.6655255657097157,0.6655255657097157
129,116,Stage 4,Stage 4,0.6744116221435149,0.6744116221435149
129,117,Stage 0,Stage 0,1.1963187910619158e-17,0.9802648054895884
129,118,Stage 2,Stage 4,0.6854567868244953,0.6854567868244953
129,119,Stage 2,Stage 2,0.2565301933062086,0.7352347234159674
129,120,Stage 1,Stage 1,0.009508192610771415,0.9904918073889444
129,121,Stage 2,Stage 2,0.26872098505124564,0.7233705666330764
129,122,Stage 3,Stage 3,1.785415327372632e-16,0.990064553301333
129,123,Stage 3,Stage 3,1.358734468873573e-16,0.9914287951387487
129,124,Stage 0,Stage 0,1.4043368175836372e-17,0.9809635680724318
129,125,Stage 0,Stage 0,1.489382711241136e-17,0.9811675999283994
129,126,Stage 0,Stage 0,9.429629020165823e-20,0.9916120696206802
129,127,Stage 2,Stage 2,0.2627383329464713,0.7292018228758231
129,128,Stage 0,Stage 0,1.1408658310449655e-19,0.9922150860126183
129,129,Stage 0,Stage 0,1.0246908837687985e-19,0.9918968690858989
129,130,Stage 0,Stage 0,9.603288243117046e-20,0.9916776572976473
129,131,Stage 3,Stage 3,1.5745428008113426e-16,0.990717420980011
129,132,Stage 0,Stage 0,1.0143584951925212e-19,0.991864018929853
129,133,Stage 1,Stage 1,0.00914124632909089,0.990858753670647
129,134,Stage 0,Stage 0,1.253509049401892e-17,0.9804911438200857
129,135,Stage 4,Stage 4,0.6894066505243847,0.6894066505243847
129,136,Stage 0,Stage 0,9.110082887409164e-20,0.991483264016129
129,137,Stage 4,Stage 4,0.6903884703773165,0.6903884703773165
129,138,Stage 1,Stage 1,0.009859842846425057,0.9901401571532684
129,139,Stage 2,Stage 2,0.2924550448654433,0.7000879966267913
129,140,Stage 1,Stage 1,0.009072305416271837,0.9909276945834701
129,141,Stage 1,Stage 1,0.009252632936295703,0.9907473670634355
129,142,Stage 3,Stage 3,1.6230499434520907e-16,0.990563840805628
129,143,Stage 2,Stage 2,0.271902609070935,0.7202628547686946
129,144,Stage 3,Stage 3,1.9554812689732458e-16,0.9895635412898461
129,145,Stage 1,Stage 1,0.009465118971863792,0.9905348810278547
129,146,Stage 2,Stage 2,0.26086621188254744,0.7310231022110232
129,147,Stage 3,Stage 3,1.7931686639812197e-16,0.9900412459085821
129,148,Stage 1,Stage 1,0.008908942091243936,0.9910910579085075
129,149,Stage 0,Stage 0,1.0649180748961579e-19,0.9920171394855191
129,150,Stage 1,Stage 1,0.009580413828657553,0.9904195861710536
129,151,Stage 3,Stage 3,1.9470283254625976e-16,0.9895879573327254
129,152,Stage 4,Stage 4,0.6844637113224621,0.6844637113224621
129,153,Stage 0,Stage 0,9.960207385273583e-20,0.9918035977382493
129,154,Stage 2,Stage 2,0.28321378646252493,0.7091798807736477
129,155,Stage 0,Stage 0,1.0372280720857294e-19,0.9919356229504688
129,156,Stage 0,Stage 0,1.3929909022986644e-17,0.9809333300971613
129,157,Stage 2,Stage 2,0.2621133742682796,0.7298099976414045
129,158,Stage 2,Stage 2,0.2841958434755683,0.7082152193698922
129,159,Stage 3,Stage 3,1.7096969154466563e-16,0.9902946711314999
129,160,Stage 1,Stage 1,0.010348810856321467,0.9896511891433398
129,161,Stage 0,Stage 0,1.5859513180371896e-17,0.9813574615296181
129,162,Stage 2,Stage 2,0.2627383329464713,0.7292018228758231
129,163,Stage 1,Stage 1,0.009252632936295703,0.9907473670634355
129,164,Stage 2,Stage 4,0.6903884703773165,0.6903884703773165
129,165,Stage 0,Stage 0,1.0123044910422745e-19,0.9918573877880311
129,166,Stage 0,Stage 0,1.705920511522362e-17,0.9815436908582467
129,167,Stage 2,Stage 4,0.7000805174794553,0.7000805174794553
129,168,Stage 3,Stage 3,1.5745428008113426e-16,0.990717420980011
129,169,Stage 1,Stage 1,0.00889546080219924,0.991104539197553
129,170,Stage 0,Stage 0,1.0735851686781043e-19,0.9920415582469281
129,171,Stage 0,Stage 0,9.87976855940541e-20,0.9917762040240412
129,172,Stage 2,Stage 4,0.6926705324524638,0.6926705324524638
129,173,Stage 2,Stage 4,0.7126381267879095,0.7126381267879095
129,174,Stage 2,Stage 2,0.30152325519735124,0.6911367496292042
129,175,Stage 0,Stage 0,1.0435537876756068e-19,0.9919547300852387
129,176,Stage 0,Stage 0,1.1248009535808874e-19,0.9921760837816033
129,177,Stage 3,Stage 3,1.5609510811115244e-16,0.9907608434784348
129,178,Stage 0,Stage 0,1.1067166792437214e-19,0.9921304132345575
129,179,Stage 0,Stage 0,1.0584634858266361e-19,0.9919986220897354
129,180,Stage 2,Stage 2,0.2799544407381224,0.7123787965047402
129,181,Stage 0,Stage 0,1.1134641112802246e-19,0.9921476779669266
129,182,Stage 0,Stage 0,1.6282747255418753e-17,0.9814288284156778
129,183,Stage 3,Stage 3,1.9554812689732458e-16,0.9895635412898461
129,184,Stage 0,Stage 0,1.4743634149921605e-17,0.9811342900545043
129,185,Stage 1,Stage 1,0.008397884371851695,0.9916021156279283
129,186,Stage 0,Stage 0,1.0226160623414513e-19,0.9918903396456624
129,187,Stage 3,Stage 3,1.9135792657354208e-16,0.9896850563789188
129,188,Stage 2,Stage 4,0.7089154140526127,0.7089154140526127
129,189,Stage 0,Stage 0,1.6515268911223678e-17,0.9814653075330142
129,190,Stage 2,Stage 2,0.2994950226228398,0.6931412528119505
132,1,Stage 4,Stage 4,0.639400023519402,0.639400023519402
132,2,Stage 3,Stage 3,1.273159474180893e-16,0.9917251631277341
132,3,Stage 0,Stage 0,8.164760260911624e-20,0.99102884321395
132,4,Stage 1,Stage 1,0.010618258001908947,0.989381741997734
132,5,Stage 4,Stage 4,0.6585836341778833,0.6585836341778833
132,6,Stage 0,Stage 0,1.1463627604673688e-17,0.9800405210137864
132,7,Stage 0,Stage 0,1.0230177304230709e-17,0.9793540617937904
132,8,Stage 2,Stage 2,0.24829661090433064,0.7432050532542982
132,9,Stage 4,Stage 4,0.6536707291045804,0.6536707291045804
132,10,Stage 0,Stage 0,8.349068008831573e-20,0.9911272475131927
132,11,Stage 3,Stage 3,1.412808956696265e-16,0.991245937546461
132,12,Stage 2,Stage 2,0.2580735699978759,0.7337367079548769
132,13,Stage 1,Stage 1,0.011573338141692448,0.9884266618578811
132,14,Stage 0,Stage 0,9.110082887409164e-20,0.991483264016129
132,15,Stage 0,Stage 0,8.349068008831573e-20,0.9911272475131927
132,16,Stage 2,Stage 2,0.23321396116777354,0.7577023030926037
132,17,Stage 2,Stage 2,0.22689980286397057,0.7637262490177972
132,18,Stage 3,Stage 3,1.1275458834803555e-16,0.9922513998102035
132,19,Stage 3,Stage 3,1.3646393226964299e-16,0.9914086664638717
132,20,Stage 1,Stage 1,0.010380155993578817,0.9896198440060806
132,21,Stage 1,Stage 1,0.009949748780050132,0.9900502512196377
132,22,Stage 0,Stage 0,1.116478590279051e-17,0.9798928978681966
132,23,Stage 0,Stage 0,1.1007078734227014e-17,0.9798105451917606
132,24,Stage 4,Stage 4,0.6529653501275292,0.6529653501275292
132,25,Stage 0,Stage 0,8.248029864283356e-20,0.9910739561908304
132,26,Stage 0,Stage 0,1.080754800407895e-17,0.9797016566100913
132,27,Stage 4,Stage 4,0.6472910330853767,0.6472910330853767
132,28,Stage 1,Stage 1,0.010474756156049585,0.9895252438436032
132,29,Stage 0,Stage 0,1.2818104846848726e-17,0.9805925311045903
132,30,Stage 4,Stage 4,0.6669029507634441,0.6669029507634441
132,31,Stage 0,Stage 0,1.2036291946697048e-17,0.9802954530549376
132,32,Stage 1,Stage 1,0.01053829632109027,0.9894617036785583
132,33,Stage 4,Stage 4,0.6585836341778833,0.6585836341778833
132,34,Stage 0,Stage 0,7.984495832644803e-20,0.9909273063578483
132,35,Stage 4,Stage 4,0.6571843936202091,0.6571843936202091
132,36,Stage 0,Stage 0,1.1007078734227014e-17,0.9798105451917606
132,37,Stage 0,Stage 0,1.1557162146697265e-17,0.9800845763643546
132,38,Stage 0,Stage 0,1.1987506922008222e-17,0.9802750594385249
132,39,Stage 2,Stage 2,0.23148036741908581,0.7593590784021307
132,40,Stage 4,Stage 4,0.6469345605925219,0.6469345605925219
132,41,Stage 4,Stage 4,0.6397608898229492,0.6397608898229492
132,42,Stage 0,Stage 0,1.085157653643075e-17,0.9797261493066788
132,43,Stage 0,Stage 0,1.2333159853244846e-17,0.9804146486997954
132,44,Stage 0,Stage 0,1.0917952327538768e-17,0.9797625711274077
132,45,Stage 3,Stage 3,1.0938171957707546e-16,0.9923776748933048
132,46,Stage 4,Stage 4,0.6540230893838765,0.6540230893838765
132,47,Stage 2,Stage 2,0.24409474820536187,0.7472579575151554
132,48,Stage 0,Stage 0,8.572223346466714e-20,0.9912396080001131
132,49,Stage 0,Stage 0,7.903870012013863e-20,0.9908800968125381
132,50,Stage 4,Stage 4,0.6592819096375138,0.6592819096375138
132,51,Stage 0,Stage 0,8.281573503643895e-20,0.9910918217689588
132,52,Stage 3,Stage 3,1.0843666646493686e-16,0.9924133761883405
132,53,Stage 0,Stage 0,8.231308708690136e-20,0.9910649850272207
132,54,Stage 2,Stage 2,0.2699909306515594,0.7221306585210056
132,55,Stage 3,Stage 3,1.056501101535758e-16,0.9925194854624816
132,56,Stage 3,Stage 3,1.388515806678279e-16,0.9913276811213593
132,57,Stage 2,Stage 2,0.24618989427922633,0.7452383736766981
132,58,Stage 0,Stage 0,8.659622161005087e-20,0.9912817124353902
132,59,Stage 0,Stage 0,8.837085903244356e-20,0.9913641073516679
132,60,Stage 4,Stage 4,0.6613713246232751,0.6613713246232751
132,61,Stage 3,Stage 3,1.1724403944377254e-16,0.992085985688691
132,62,Stage 2,Stage 2,0.23905492084216523,0.7521051008456576
132,63,Stage 1,Stage 1,0.010380155993578817,0.9896198440060806
132,64,Stage 0,Stage 0,8.098746447928079e-20,0.9909922871964918
132,65,Stage 0,Stage 0,7.666813134533621e-20,0.990734414538777
132,66,Stage 2,Stage 2,0.23321396116777354,0.7577023030926037
132,67,Stage 4,Stage 4,0.6379545104752306,0.6379545104752306
132,68,Stage 4,Stage 4,0.6469345605925219,0.6469345605925219
132,69,Stage 0,Stage 0,1.1210254455404146e-17,0.9799160561815848
132,70,Stage 0,Stage 0,1.0917952327538768e-17,0.9797625711274077
132,71,Stage 0,Stage 0,8.572223346466714e-20,0.9912396080001131
132,72,Stage 4,Stage 4,0.6465778752205632,0.6465778752205632
132,73,Stage 0,Stage 0,1.215911663711361e-17,0.9803457742274315
132,74,Stage 0,Stage 0,8.383019973218452e-20,0.9911448085800331
132,75,Stage 1,Stage 1,0.010348810856321467,0.9896511891433398
132,76,Stage 0,Stage 0,1.1440361322670744e-17,0.9800294075079312
132,77,Stage 0,Stage 0,8.19796738548088e-20,0.9910469656665484
132,78,Stage 3,Stage 3,1.2621633290938193e-16,0.9917639016699474
132,79,Stage 4,Stage 4,0.6818046330432872,0.6818046330432872
132,80,Stage 1,Stage 1,0.010570209254036733,0.9894297907456097
132,81,Stage 0,Stage 0,8.315252702436151e-20,0.9911095853926171
132,82,Stage 0,Stage 0,8.098746447928079e-20,0.9909922871964918
132,83,Stage 0,Stage 0,8.642071827046151e-20,0.9912733403140861
132,84,Stage 4,Stage 4,0.6631062637382018,0.6631062637382018
132,85,Stage 0,Stage 0,8.214621238389883e-20,0.9910559882047939
132,86,Stage 4,Stage 4,0.6511980781318684,0.6511980781318684
132,87,Stage 0,Stage 0,1.2383338275301069e-17,0.980433992921724
132,88,Stage 0,Stage 0,7.635743854973838e-20,0.9907145232822799
132,89,Stage 1,Stage 1,0.010715004626066438,0.9892849953735698
132,90,Stage 0,Stage 0,8.131686794496749e-20,0.9910106172108247
132,91,Stage 2,Stage 2,0.2630511561301873,0.7288973306033367
132,92,Stage 1,Stage 1,0.010193484701858406,0.9898065152978135
132,93,Stage 0,Stage 0,8.148206854130017e-20,0.9910197431849472
132,94,Stage 1,Stage 1,0.010522375619475317,0.9894776243801744
132,95,Stage 0,Stage 0,1.1463627604673688e-17,0.9800405210137864
132,96,Stage 3,Stage 3,1.3646393226964299e-16,0.9914086664638717
132,97,Stage 0,Stage 0,9.467948022119981e-20,0.9916267982512464
132,98,Stage 0,Stage 0,8.819178050352503e-20,0.9913559755764396
132,99,Stage 4,Stage 4,0.6644901011083199,0.6644901011083199
132,100,Stage 2,Stage 2,0.2405300894246955,0.7506879680283286
132,101,Stage 1,Stage 1,0.01082897815815798,0.9891710218414701
132,102,Stage 3,Stage 3,1.4251140396290633e-16,0.991204779240457
132,103,Stage 4,Stage 4,0.6634525668851401,0.6634525668851401
132,104,Stage 1,Stage 1,0.0108946433864624,0.9891053566131612
132,105,Stage 3,Stage 3,1.358734468873573e-16,0.9914287951387487
132,106,Stage 1,Stage 1,0.011802785831021479,0.9881972141685345
132,107,Stage 0,Stage 0,8.148206854130017e-20,0.9910197431849472
132,108,Stage 3,Stage 3,1.2786933315120065e-16,0.9917057260146858
132,109,Stage 3,Stage 3,1.388515806678279e-16,0.9913276811213593
132,110,Stage 0,Stage 0,9.31559500739439e-20,0.9915673512795624
132,111,Stage 3,Stage 3,1.400609848735023e-16,0.9912869045482736
132,112,Stage 0,Stage 0,1.0895782545579186e-17,0.9797504726964488
132,113,Stage 1,Stage 1,0.010650410474946151,0.9893495895246947
132,114,Stage 2,Stage 2,0.23787907748734932,0.753233687227475
132,115,Stage 0,Stage 0,8.712486018094915e-20,0.9913066833643034
132,116,Stage 0,Stage 0,8.554849084858906e-20,0.9912311136935966
132,117,Stage 0,Stage 0,1.1987506922008222e-17,0.9802750594385249
132,118,Stage 3,Stage 3,1.2842511828128758e-16,0.9916862435349484
132,119,Stage 0,Stage 0,7.871846612705421e-20,0.9908610256439977
132,120,Stage 3,Stage 3,1.1178046055617763e-16,0.9922876891449864
132,121,Stage 0,Stage 0,7.406675570148913e-20,0.9905617527058538
132,122,Stage 0,Stage 0,1.3650223405791544e-17,0.9808554445694111
132,123,Stage 0,Stage 0,1.1746504177763643e-17,0.9801707910337142
132,124,Stage 0,Stage 0,1.1210254455404146e-17,0.9799160561815848
132,125,Stage 2,Stage 2,0.23876060211790226,0.7523876745982604
132,126,Stage 0,Stage 0,1.2060758157493647e-17,0.9803055928844897
132,127,Stage 1,Stage 1,0.010506478714620649,0.9894935212850299
132,128,Stage 3,Stage 3,1.1673653215887557e-16,0.9921045370250977
132,129,Stage 2,Stage 2,0.236707054712252,0.7543577110886671
132,130,Stage 4,Stage 4,0.6831361445987545,0.6831361445987545
132,131,Stage 0,Stage 0,8.231308708690136e-20,0.9910649850272207
132,132,Stage 1,Stage 1,0.011043833394024273,0.9889561666055886
132,133,Stage 0,Stage 0,8.349068008831573e-20,0.9911272475131927
132,134,Stage 4,Stage 4,0.6550788492381099,0.6550788492381099
132,135,Stage 4,Stage 4,0.6613713246232751,0.6613713246232751
132,136,Stage 0,Stage 0,8.332143307836255e-20,0.991118429112658
132,137,Stage 2,Stage 2,0.25041486069432983,0.74115805835694
132,138,Stage 0,Stage 0,1.1987506922008222e-17,0.9802750594385249
132,139,Stage 0,Stage 0,8.589632680577147e-20,0.9912480777611306
132,140,Stage 0,Stage 0,8.537509825055995e-20,0.9912225947871058
132,141,Stage 1,Stage 1,0.010178079564963655,0.9898219204347093
132,142,Stage 2,Stage 2,0.2510221877948732,0.7405706998731459
132,143,Stage 0,Stage 0,1.2109838471225073e-17,0.9803257589901149
132,144,Stage 4,Stage 4,0.6686194552365096,0.6686194552365096
132,145,Stage 4,Stage 4,0.6617187678056939,0.6617187678056939
132,146,Stage 0,Stage 0,1.1746504177763643e-17,0.9801707910337142
132,147,Stage 2,Stage 2,0.23583054804126902,0.7551977285057843
132,148,Stage 1,Stage 1,0.011010506436409693,0.9889894935632056
132,149,Stage 2,Stage 2,0.25041486069432983,0.74115805835694
132,150,Stage 0,Stage 0,1.2509671095305227e-17,0.9804817100663608
132,151,Stage 0,Stage 0,8.572223346466714e-20,0.9912396080001131
132,152,Stage 2,Stage 2,0.24112182351621533,0.750119128152762
132,153,Stage 0,Stage 0,8.383019973218452e-20,0.9911448085800331
132,154,Stage 1,Stage 1,0.010944150594266112,0.989055849405354
132,155,Stage 3,Stage 3,1.0749976041905366e-16,0.992448911205905
132,156,Stage 0,Stage 0,1.0829540130282827e-17,0.9797139241670638
132,157,Stage 0,Stage 0,8.181347082197737e-20,0.991037917355354
132,158,Stage 2,Stage 2,0.2326351357671941,0.758255714161326
132,159,Stage 2,Stage 2,0.25315520778394973,0.7385062168479645
132,160,Stage 1,Stage 1,0.011245900027341223,0.9887540999722567
132,161,Stage 0,Stage 0,9.091625046287896e-20,0.9914754829247348
132,162,Stage 1,Stage 1,0.011262902984465105,0.9887370970151318
132,163,Stage 0,Stage 0,8.677207923103145e-20,0.9912900602817227
132,164,Stage 0,Stage 0,7.71365262544547e-20,0.9907640435825601
132,165,Stage 1,Stage 1,0.010055665165061838,0.9899443348346193
132,166,Stage 3,Stage 3,1.2898331317204133e-16,0.9916667155841863
132,167,Stage 2,Stage 2,0.25560695075066314,0.7361302470889537
132,168,Stage 3,Stage 3,1.4563464239206133e-16,0.9911010407392757
132,169,Stage 0,Stage 0,8.332143307836255e-20,0.991118429112658
132,170,Stage 0,Stage 0,8.589632680577147e-20,0.9912480777611306
132,171,Stage 0,Stage 0,9.720824594382605e-20,0.9917204044379043
132,172,Stage 0,Stage 0,1.085157653643075e-17,0.9797261493066788
132,173,Stage 3,Stage 3,1.1724403944377254e-16,0.992085985688691
132,174,Stage 2,Stage 2,0.23846652192724804,0.752669963690234
132,175,Stage 2,Stage 2,0.2437963882471011,0.7475453445748567
132,176,Stage 0,Stage 0,8.502936028786359e-20,0.9912054829556842
132,177,Stage 1,Stage 1,0.010101398841233764,0.9898986011584441
132,178,Stage 1,Stage 1,0.009844936918240737,0.990155063081454
132,179,Stage 0,Stage 0,1.1627808591199174e-17,0.9801172016463422
132,180,Stage 3,Stage 3,1.6090406711241925e-16,0.9906079764103551
132,181,Stage 0,Stage 0,9.487165560123325e-20,0.9916341295085987
132,182,Stage 0,Stage 0,1.1393968922879771e-17,0.9800070602971545
132,183,Stage 4,Stage 4,0.6564834339169144,0.6564834339169144
132,184,Stage 4,Stage 4,0.670671542558104,0.670671542558104
132,185,Stage 3,Stage 3,1.6803138880578172e-16,0.9903852304193212
132,186,Stage 2,Stage 2,0.2574555242711091,0.7343367343480506
132,187,Stage 0,Stage 0,8.999892134210829e-20,0.9914362311704462
132,188,Stage 3,Stage 3,1.3124039917685881e-16,0.9915881469760511
132,189,Stage 0,Stage 0,9.073204391193619e-20,0.9914676788149698
132,190,Stage 0,Stage 0,1.1557162146697265e-17,0.9800845763643546
132,191,Stage 0,Stage 0,9.165680278779385e-20,0.9915064696883523
132,192,Stage 1,Stage 1,0.010086131453090964,0.9899138685465878
132,193,Stage 1,Stage 1,0.0100708869055207,0.9899291130941592
132,194,Stage 2,Stage 2,0.25163045222685015,0.7399822317710941
132,195,Stage 4,Stage 4,0.6554303277140929,0.6554303277140929
132,196,Stage 0,Stage 0,1.1370842617280377e-17,0.9799958264208374
132,197,Stage 3,Stage 3,1.4437723749347735e-16,0.9911426811614495
132,198,Stage 1,Stage 1,0.01053829632109027,0.9894617036785583
132,199,Stage 2,Stage 2,0.2470913581649781,0.7443686290769289
132,200,Stage 2,Stage 2,0.26777089964490897,0.7242977080088484
132,201,Stage 0,Stage 0,8.08232602695753e-20,0.9909830830405886
132,202,Stage 1,Stage 1,0.009741218293934874,0.9902587817057664
132,203,Stage 1,Stage 1,0.01011668910345674,0.9898833108962201
132,204,Stage 0,Stage 0,8.783470504027307e-20,0.9913396405861271
132,205,Stage 2,Stage 2,0.26399099922780783,0.7279822367497033
132,206,Stage 3,Stage 3,1.5142949392376147e-16,0.9909112402221542
132,207,Stage 1,Stage 1,0.010239838704654338,0.9897601612950144
132,208,Stage 0,Stage 0,8.131686794496749e-20,0.9910106172108247
132,209,Stage 2,Stage 2,0.25962273068952946,0.7322318691216054
132,210,Stage 3,Stage 3,1.7245799927632027e-16,0.9902490746059706
132,211,Stage 3,Stage 3,1.6371808454090327e-16,0.990519499349954
132,212,Stage 0,Stage 0,7.604799623334622e-20,0.9906945206011387
132,213,Stage 1,Stage 1,0.010878190253167672,0.989121809746457
132,214,Stage 0,Stage 0,1.3733539125597752e-17,0.9808791564823001
132,215,Stage 2,Stage 2,0.2510221877948732,0.7405706998731459
132,216,Stage 1,Stage 1,0.0105862015552074,0.9894137984444379
132,217,Stage 2,Stage 2,0.2580735699978759,0.7337367079548769
132,218,Stage 2,Stage 2,0.2630511561301873,0.7288973306033367
132,219,Stage 0,Stage 0,9.036474339409728e-20,0.9914520013362089
132,220,Stage 2,Stage 4,0.6828036358362569,0.6828036358362569
132,221,Stage 1,Stage 1,0.009859842846425057,0.9901401571532684
132,222,Stage 4,Stage 4,0.6851260097867461,0.6851260097867461
132,223,Stage 0,Stage 0,9.622779001159291e-20,0.9916848357534722
132,224,Stage 3,Stage 3,1.6090406711241925e-16,0.9906079764103551
132,225,Stage 0,Stage 0,9.583836753171736e-20,0.9916704571574527
132,226,Stage 0,Stage 0,1.3403271942194456e-17,0.9807825040987755
132,227,Stage 4,Stage 4,0.6838004221848187,0.6838004221848187
132,228,Stage 4,Stage 4,0.6771135394147672,0.6771135394147672
132,229,Stage 1,Stage 1,0.009682437044737417,0.9903175629549675
132,230,Stage 0,Stage 0,9.583836753171736e-20,0.9916704571574527
132,231,Stage 0,Stage 0,8.730178494540156e-20,0.9913149587076621
132,232,Stage 0,Stage 0,8.694829184898601e-20,0.9912983839068218
132,233,Stage 2,Stage 4,0.6933202648500807,0.6933202648500807
132,234,Stage 3,Stage 3,1.888868983489878e-16,0.9897572908758766
132,235,Stage 1,Stage 1,0.009904694823563766,0.990095305176127
132,236,Stage 1,Stage 1,0.008881999730637444,0.9911180002691156
132,237,Stage 2,Stage 2,0.26682285394722827,0.7252224515864604
132,238,Stage 0,Stage 0,9.073204391193619e-20,0.9914676788149698
132,239,Stage 2,Stage 2,0.2636774894246132,0.7282875373293057
132,240,Stage 1,Stage 1,0.009238636411599783,0.9907613635881323
132,241,Stage 1,Stage 1,0.00914124632909089,0.990858753670647
132,242,Stage 0,Stage 0,1.0779450063535469e-19,0.9920536522063002
132,243,Stage 1,Stage 1,0.009099819743673495,0.9909001802560667
132,244,Stage 0,Stage 0,1.0714118357958353e-19,0.9920354824753755
132,245,Stage 2,Stage 4,0.6981606215599166,0.6981606215599166
132,246,Stage 0,Stage 0,1.4302014065663712e-17,0.981029719947491
132,247,Stage 3,Stage 3,1.7245799927632027e-16,0.9902490746059706
132,248,Stage 2,Stage 4,0.6920197826207666,0.6920197826207666
132,249,Stage 0,Stage 0,1.3705711332982504e-17,0.980871285673887
132,250,Stage 1,Stage 1,0.008855138120937587,0.991144861878817
132,251,Stage 0,Stage 0,1.4186482023847965e-17,0.9810006390597278
132,252,Stage 3,Stage 3,1.7471471725679526e-16,0.9901802809920105
132,253,Stage 3,Stage 3,1.7096969154466563e-16,0.9902946711314999
132,254,Stage 2,Stage 2,0.2751066724813143,0.7171287919150064
139,1,Stage 0,Stage 0,8.366026874290211e-20,0.9911360406503251
139,2,Stage 3,Stage 3,1.481823122744664e-16,0.991017175804803
139,3,Stage 0,Stage 0,8.677207923103145e-20,0.9912900602817227
139,4,Stage 4,Stage 4,0.6665589520038038,0.6665589520038038
139,5,Stage 0,Stage 0,9.22161505741555e-20,0.9915294700201527
139,6,Stage 1,Stage 1,0.01053829632109027,0.9894617036785583
139,7,Stage 0,Stage 0,1.2333159853244846e-17,0.9804146486997954
139,8,Stage 1,Stage 1,0.011110786836698939,0.988889213162909
139,9,Stage 2,Stage 2,0.25254460426268227,0.7390974523828906
139,10,Stage 4,Stage 4,0.6733944514678334,0.6733944514678334
139,11,Stage 0,Stage 0,1.1866399576552271e-17,0.9802234068562619
139,12,Stage 3,Stage 3,1.273159474180893e-16,0.9917251631277341
139,13,Stage 3,Stage 3,1.3528551011267852e-16,0.9914488769649418
139,14,Stage 0,Stage 0,1.3294942712957499e-17,0.9807492073107461
139,15,Stage 0,Stage 0,9.147110428318827e-20,0.9914987573472265
139,16,Stage 0,Stage 0,8.783470504027307e-20,0.9913396405861271
139,17,Stage 0,Stage 0,1.3705711332982504e-17,0.980871285673887
139,18,Stage 0,Stage 0,8.624556849811711e-20,0.9912649438639503
139,19,Stage 1,Stage 1,0.009697099346223191,0.9903029006534809
139,20,Stage 1,Stage 1,0.010286401307716946,0.9897135986919489
139,21,Stage 4,Stage 4,0.6508439708891695,0.6508439708891695
139,22,Stage 3,Stage 3,1.142316833900531e-16,0.9921966472643006
139,23,Stage 4,Stage 4,0.6727151467124962,0.6727151467124962
139,24,Stage 1,Stage 1,0.010861761694597969,0.9891382383050279
139,25,Stage 4,Stage 4,0.6720348920125131,0.6720348920125131
139,26,Stage 1,Stage 1,0.0100708869055207,0.9899291130941592
139,27,Stage 2,Stage 2,0.26242573894197413,0.729506045291669
139,28,Stage 0,Stage 0,7.952147921726884e-20,0.9909085025359076
139,29,Stage 3,Stage 3,1.1522712288932924e-16,0.9921599320609006
139,30,Stage 4,Stage 4,0.6415621308659104,0.6415621308659104
139,31,Stage 1,Stage 1,0.010364471699471136,0.9896355283001894
139,32,Stage 2,Stage 2,0.25011154894036597,0.7414513210234408
139,33,Stage 4,Stage 4,0.6675902513667413,0.6675902513667413
139,34,Stage 3,Stage 3,1.4947276702364524e-16,0.9909749495023996
139,35,Stage 0,Stage 0,8.131686794496749e-20,0.9910106172108247
139,36,Stage 1,Stage 1,0.010812623108673656,0.9891873768909557
139,37,Stage 0,Stage 0,8.264784773209078e-20,0.9910829017524949
139,38,Stage 1,Stage 1,0.010490605571728758,0.989509394427923
139,39,Stage 2,Stage 2,0.2621133742682796,0.7298099976414045
139,40,Stage 0,Stage 0,1.1770386885997358e-17,0.9801813917513598
139,41,Stage 3,Stage 3,1.5142949392376147e-16,0.9909112402221542
139,42,Stage 0,Stage 0,1.1627808591199174e-17,0.9801172016463422
139,43,Stage 0,Stage 0,8.677207923103145e-20,0.9912900602817227
139,44,Stage 0,Stage 0,1.1233057417436695e-17,0.979927573940773
139,45,Stage 1,Stage 1,0.010618258001908947,0.989381741997734
139,46,Stage 3,Stage 3,1.4437723749347735e-16,0.9911426811614495
139,47,Stage 3,Stage 3,1.6230499434520907e-16,0.990563840805628
139,48,Stage 3,Stage 3,1.2350856910944272e-16,0.9918599613674226
139,49,Stage 1,Stage 1,0.010208912914871814,0.9897910870847989
139,50,Stage 0,Stage 0,1.215911663711361e-17,0.9803457742274315
139,51,Stage 0,Stage 0,1.2740297014569865e-17,0.9805653107277057
139,52,Stage 3,Stage 3,1.3238367348768738e-16,0.9915485871160096
139,53,Stage 0,Stage 0,8.963457180159048e-20,0.9914203679064144
139,54,Stage 0,Stage 0,1.1627808591199174e-17,0.9801172016463422
139,55,Stage 1,Stage 1,0.010977278933178153,0.9890227210664396
139,56,Stage 4,Stage 4,0.6713536898096759,0.6713536898096759
139,57,Stage 0,Stage 0,9.661878638945813e-20,0.9916991278032942
139,58,Stage 2,Stage 2,0.24890064996130676,0.7426215901757899
139,59,Stage 3,Stage 3,1.4563464239206133e-16,0.9911010407392757
139,60,Stage 0,Stage 0,9.564424452170319e-20,0.9916632352849312
139,61,Stage 2,Stage 2,0.23148036741908581,0.7593590784021307
139,62,Stage 0,Stage 0,8.065938685064428e-20,0.9909738527081803
139,63,Stage 3,Stage 3,1.2350856910944272e-16,0.9918599613674226
139,64,Stage 2,Stage 2,0.24320037930785227,0.7481192732467521
139,65,Stage 2,Stage 2,0.24649014624642607,0.7449487389111789
139,66,Stage 4,Stage 4,0.6596307099883298,0.6596307099883298
139,67,Stage 4,Stage 4,0.6375926221393976,0.6375926221393976
139,68,Stage 4,Stage 4,0.6557815848804494,0.6557815848804494
139,69,Stage 0,Stage 0,8.783470504027307e-20,0.9913396405861271
139,70,Stage 1,Stage 1,0.010977278933178153,0.9890227210664396
139,71,Stage 3,Stage 3,1.5813828545132604e-16,0.9906956338210948
139,72,Stage 1,Stage 1,0.010147338384412171,0.9898526616152628
139,73,Stage 0,Stage 0,1.1604212392084036e-17,0.9801063660243678
139,74,Stage 0,Stage 0,8.74790668622754e-20,0.9913232099902709
139,75,Stage 2,Stage 2,0.236707054712252,0.7543577110886671
139,76,Stage 0,Stage 0,1.2637280966370862e-17,0.9805285158322073
139,77,Stage 2,Stage 2,0.26556197357446565,0.7264517029193922
139,78,Stage 0,Stage 0,9.073204391193619e-20,0.9914676788149698
139,79,Stage 1,Stage 1,0.010731213620810186,0.9892687863788249
139,80,Stage 0,Stage 0,1.1794317683016291e-17,0.9801919536097496
139,81,Stage 3,Stage 3,1.2191180834968498e-16,0.9919170618790788
139,82,Stage 4,Stage 4,0.6818046330432872,0.6818046330432872
139,83,Stage 0,Stage 0,9.128577989666076e-20,0.9914910221400364
139,84,Stage 4,Stage 4,0.6634525668851401,0.6634525668851401
139,85,Stage 4,Stage 4,0.6433581870236106,0.6433581870236106
139,86,Stage 0,Stage 0,9.506421893692317e-20,0.9916414387921917
139,87,Stage 0,Stage 0,1.218383016385818e-17,0.9803557254709231
139,88,Stage 0,Stage 0,8.891026655718003e-20,0.9913883604290891
139,89,Stage 3,Stage 3,1.192961757417986e-16,0.9920113460640221
139,90,Stage 0,Stage 0,9.277889271811996e-20,0.9915522663698692
139,91,Stage 3,Stage 3,1.198147844747022e-16,0.9919925770874629
139,92,Stage 3,Stage 3,9.813687079332313e-17,0.992812180138039
139,93,Stage 0,Stage 0,1.1210254455404146e-17,0.9799160561815848
139,94,Stage 4,Stage 4,0.6634525668851401,0.6634525668851401
139,95,Stage 0,Stage 0,1.3160751229419032e-17,0.9807068161147312
139,96,Stage 1,Stage 1,0.011417077687672613,0.9885829223119126
139,97,Stage 3,Stage 3,1.267649507625699e-16,0.9917445549781971
139,98,Stage 2,Stage 2,0.23964427354617432,0.7515391000262467
139,99,Stage 1,Stage 1,0.009934708297490292,0.9900652917021984
139,100,Stage 1,Stage 1,0.010178079564963655,0.9898219204347093
139,101,Stage 0,Stage 0,8.572223346466714e-20,0.9912396080001131
139,102,Stage 1,Stage 1,0.011060534259091105,0.9889394657405206
139,103,Stage 1,Stage 1,0.009741218293934874,0.9902587817057664
139,104,Stage 3,Stage 3,1.0796719944733462e-16,0.9924311644339565
139,105,Stage 0,Stage 0,1.0563206200887344e-19,0.9919924106682162
139,106,Stage 4,Stage 4,0.6838004221848187,0.6838004221848187
139,107,Stage 4,Stage 4,0.6606757575215213,0.6606757575215213
139,108,Stage 1,Stage 1,0.010861761694597969,0.9891382383050279
139,109,Stage 0,Stage 0,1.253509049401892e-17,0.9804911438200857
139,110,Stage 4,Stage 4,0.6603276342630003,0.6603276342630003
139,111,Stage 0,Stage 0,8.837085903244356e-20,0.9913641073516679
139,112,Stage 0,Stage 0,1.218383016385818e-17,0.9803557254709231
139,113,Stage 0,Stage 0,8.945294736894336e-20,0.9914124012335139
139,114,Stage 0,Stage 0,9.259093358300944e-20,0.9915446901678397
139,115,Stage 0,Stage 0,1.0372280720857294e-19,0.9919356229504688
139,116,Stage 2,Stage 2,0.25437921553051157,0.7373204344022612
139,117,Stage 0,Stage 0,8.659622161005087e-20,0.9912817124353902
139,118,Stage 1,Stage 1,0.0100708869055207,0.9899291130941592
139,119,Stage 2,Stage 2,0.23876060211790226,0.7523876745982604
139,120,Stage 0,Stage 0,9.545051261119675e-20,0.9916559916320165
139,121,Stage 0,Stage 0,1.2948832582911525e-17,0.9806371886501871
139,122,Stage 3,Stage 3,1.2191180834968498e-16,0.9919170618790788
139,123,Stage 1,Stage 1,0.01053829632109027,0.9894617036785583
139,124,Stage 4,Stage 4,0.6744116221435149,0.6744116221435149
139,125,Stage 2,Stage 2,0.23787907748734932,0.753233687227475
139,126,Stage 0,Stage 0,9.859760040023931e-20,0.9917693031503555
139,127,Stage 0,Stage 0,1.2383338275301069e-17,0.980433992921724
139,128,Stage 4,Stage 4,0.6547271497952761,0.6547271497952761
139,129,Stage 0,Stage 0,9.259093358300944e-20,0.9915446901678397
139,130,Stage 2,Stage 2,0.2562222135628668,0.735533505503506
139,131,Stage 0,Stage 0,1.1510300803839863e-17,0.9800626282534846
139,132,Stage 3,Stage 3,1.2954392823164148e-16,0.9916471420578322
139,133,Stage 1,Stage 1,0.010427349925522132,0.9895726500741339
139,134,Stage 4,Stage 4,0.6861175951342289,0.6861175951342289
139,135,Stage 1,Stage 1,0.010364471699471136,0.9896355283001894
139,136,Stage 1,Stage 1,0.009522593587758624,0.990477406411956
139,137,Stage 3,Stage 3,1.4754125773760771e-16,0.9910382153289269
139,138,Stage 4,Stage 4,0.669304422786679,0.669304422786679
139,139,Stage 3,Stage 3,1.4313066079285363e-16,0.9911841280737391
139,140,Stage 3,Stage 3,1.4690296916016509e-16,0.9910592059180846
139,141,Stage 4,Stage 4,0.6627597319301668,0.6627597319301668
139,142,Stage 4,Stage 4,0.6476472923394259,0.6476472923394259
139,143,Stage 2,Stage 2,0.26055499610603355,0.7313257011092654
139,144,Stage 1,Stage 1,0.01011668910345674,0.9898833108962201
139,145,Stage 0,Stage 0,8.873010132836583e-20,0.9913802997255212
139,146,Stage 0,Stage 0,8.981656287912796e-20,0.9914283112014913
139,147,Stage 0,Stage 0,1.193891776853346e-17,0.9802545133384781
139,148,Stage 3,Stage 3,1.848390124182986e-16,0.9898765684947084
139,149,Stage 4,Stage 4,0.6716944091958587,0.6716944091958587
139,150,Stage 1,Stage 1,0.009964811803714252,0.9900351881959727
139,151,Stage 3,Stage 3,1.3528551011267852e-16,0.9914488769649418
139,152,Stage 0,Stage 0,8.537509825055995e-20,0.9912225947871058
139,153,Stage 3,Stage 3,1.122664703168702e-16,0.9922695656487112
139,154,Stage 0,Stage 0,8.642071827046151e-20,0.9912733403140861
139,155,Stage 1,Stage 1,0.010861761694597969,0.9891382383050279
139,156,Stage 0,Stage 0,9.564424452170319e-20,0.9916632352849312
139,157,Stage 2,Stage 2,0.25407286382189126,0.7376172934546089
139,158,Stage 0,Stage 0,9.110082887409164e-20,0.991483264016129
139,159,Stage 3,Stage 3,1.418948194170051e-16,0.9912253823613508
139,160,Stage 2,Stage 2,0.2455900988615248,0.7458168020071239
139,161,Stage 0,Stage 0,9.410527400285663e-20,0.9916046721498973
139,162,Stage 4,Stage 4,0.6655255657097157,0.6655255657097157
139,163,Stage 0,Stage 0,8.945294736894336e-20,0.9914124012335139
139,164,Stage 0,Stage 0,1.2109838471225073e-17,0.9803257589901149
139,165,Stage 2,Stage 2,0.2528497892226809,0.7388019727493059
139,166,Stage 2,Stage 2,0.2841958434755683,0.7082152193698922
139,167,Stage 2,Stage 2,0.26242573894197413,0.729506045291669
139,168,Stage 2,Stage 2,0.25315520778394973,0.7385062168479645
139,169,Stage 0,Stage 0,9.073204391193619e-20,0.9914676788149698
139,170,Stage 4,Stage 4,0.6767766414749979,0.6767766414749979
139,171,Stage 4,Stage 4,0.6720348920125131,0.6720348920125131
139,172,Stage 0,Stage 0,9.642309106611137e-20,0.9916919925727748
139,173,Stage 1,Stage 1,0.009889721766253414,0.9901102782334382
139,174,Stage 0,Stage 0,1.0606106777124854e-19,0.9920048140045602
139,175,Stage 0,Stage 0,9.661878638945813e-20,0.9916991278032942
139,176,Stage 0,Stage 0,1.4360129642798906e-17,0.9810440699015562
139,177,Stage 2,Stage 2,0.2522396530280303,0.7393926555578396
139,178,Stage 3,Stage 3,1.4313066079285363e-16,0.9911841280737391
139,179,Stage 0,Stage 0,9.525717101185453e-20,0.9916487261505318
139,180,Stage 3,Stage 3,1.5274815003928008e-16,0.9908685194963217
139,181,Stage 2,Stage 2,0.2565301933062086,0.7352347234159674
139,182,Stage 0,Stage 0,9.760320496659151e-20,0.99173448178738
139,183,Stage 4,Stage 4,0.6672467173234601,0.6672467173234601
139,184,Stage 4,Stage 4,0.6854567868244953,0.6854567868244953
139,185,Stage 2,Stage 2,0.25529966794781866,0.7364282061932163
139,186,Stage 4,Stage 4,0.6834684068082958,0.6834684068082958
139,187,Stage 4,Stage 4,0.6672467173234601,0.6672467173234601
139,188,Stage 3,Stage 3,1.6160301689452604e-16,0.9905859342805401
139,189,Stage 0,Stage 0,9.78012826822886e-20,0.9917414884816289
139,190,Stage 2,Stage 2,0.25900237345016314,0.732834621849088
139,191,Stage 0,Stage 0,9.467948022119981e-20,0.9916267982512464
139,192,Stage 2,Stage 2,0.24769351334270256,0.7437874000410787
139,193,Stage 1,Stage 1,0.009580413828657553,0.9904195861710536
139,194,Stage 0,Stage 0,1.3321943355813858e-17,0.9807575826379088
139,195,Stage 4,Stage 4,0.668962056057008,0.668962056057008
139,196,Stage 2,Stage 2,0.2674546575569374,0.7246062225826132
139,197,Stage 1,Stage 1,0.00953701616625288,0.990462983833461
139,198,Stage 0,Stage 0,8.485701351635163e-20,0.9911968899211833
139,199,Stage 3,Stage 3,1.7700087883258213e-16,0.99011100586284
139,200,Stage 0,Stage 0,9.603288243117046e-20,0.9916776572976473
139,201,Stage 3,Stage 3,1.251261927284667e-16,0.9918024599916467
139,202,Stage 0,Stage 0,1.4594944328110315e-17,0.9811002121879132
139,203,Stage 3,Stage 3,1.4437723749347735e-16,0.9911426811614495
139,204,Stage 3,Stage 3,1.8564161062400074e-16,0.9898528237007035
139,205,Stage 1,Stage 1,0.009308829408469714,0.9906911705912582
139,206,Stage 0,Stage 0,1.0779450063535469e-19,0.9920536522063002
139,207,Stage 0,Stage 0,1.3929909022986644e-17,0.9809333300971613
139,208,Stage 3,Stage 3,1.6803138880578172e-16,0.9903852304193212
139,209,Stage 4,Stage 4,0.6903884703773165,0.6903884703773165
139,210,Stage 0,Stage 0,9.545051261119675e-20,0.9916559916320165
139,211,Stage 1,Stage 1,0.009697099346223191,0.9903029006534809
139,212,Stage 3,Stage 3,1.7471471725679526e-16,0.9901802809920105
139,213,Stage 3,Stage 3,1.5407825779475046e-16,0.990825599410363
139,214,Stage 0,Stage 0,1.544720425987543e-17,0.9812812795009269
139,215,Stage 2,Stage 2,0.27671706241262906,0.7155519507884045
139,216,Stage 0,Stage 0,9.899817471954102e-20,0.9917830838733842
139,217,Stage 0,Stage 0,1.4594944328110315e-17,0.9811002121879132
139,218,Stage 0,Stage 0,1.0000670793438895e-19,0.9918171693732337
139,219,Stage 3,Stage 3,1.7395922516220998e-16,0.9902032655355302
139,220,Stage 0,Stage 0,1.5891678128445443e-17,0.9813631205791736
139,221,Stage 2,Stage 2,0.2796297110755661,0.7126972752212122
139,222,Stage 3,Stage 3,1.824519159718827e-16,0.9899474727021906
139,223,Stage 2,Stage 4,0.7035759719545623,0.7035759719545623
139,224,Stage 0,Stage 0,1.0670782977221649e-19,0.9920232731371034
139,225,Stage 0,Stage 0,1.3761422954353124e-17,0.9808869942214414
139,226,Stage 3,Stage 3,1.7395922516220998e-16,0.9902032655355302
139,227,Stage 0,Stage 0,9.296723129296975e-20,0.9915598200571972
139,228,Stage 2,Stage 4,0.6984812522087592,0.6984812522087592
139,229,Stage 0,Stage 0,1.0499178926504226e-19,0.9919736589332914
139,230,Stage 1,Stage 1,0.009196772567259431,0.9908032274324752
139,231,Stage 0,Stage 0,1.4043368175836372e-17,0.9809635680724318
139,232,Stage 4,Stage 4,0.6939689777568688,0.6939689777568688
139,233,Stage 2,Stage 2,0.27126448344691256,0.7208865124985092
139,234,Stage 0,Stage 0,1.0977833759586717e-19,0.992107133197767
139,235,Stage 0,Stage 0,1.4186482023847965e-17,0.9810006390597278
139,236,Stage 1,Stage 1,0.008397884371851695,0.9916021156279283
139,237,Stage 0,Stage 0,1.6282747255418753e-17,0.9814288284156778
139,238,Stage 1,Stage 1,0.0080612112914428,0.9919387887083551
139,239,Stage 2,Stage 2,0.2783329932181442,0.7139686090247577
139,240,Stage 1,Stage 1,0.008513178319831715,0.991486821679942
139,241,Stage 3,Stage 3,1.687612096535004e-16,0.9903626695164707
139,242,Stage 0,Stage 0,1.510665150605878e-17,0.9812129587717471
139,243,Stage 0,Stage 0,9.960207385273583e-20,0.9918035977382493
139,244,Stage 0,Stage 0,1.664961599398091e-17,0.9814855502567903
139,245,Stage 2,Stage 2,0.2917893986324971,0.7007439302410401
139,246,Stage 0,Stage 0,1.1832321943599983e-19,0.9923113631419036
139,247,Stage 1,Stage 1,0.008881999730637444,0.9911180002691156
139,248,Stage 2,Stage 2,0.30526078477342306,0.6874394020142769
139,249,Stage 2,Stage 2,0.28913530780043367,0.7033577072910632
139,250,Stage 2,Stage 4,0.7147918399925982,0.7147918399925982
139,251,Stage 0,Stage 0,1.145497608737578e-19,0.992226067055894
140,1,Stage 4,Stage 4,0.6784587144467115,0.6784587144467115
140,2,Stage 0,Stage 0,8.231308708690136e-20,0.9910649850272207
140,3,Stage 1,Stage 1,0.011399844665386117,0.9886001553342006
140,4,Stage 2,Stage 2,0.24409474820536187,0.7472579575151554
140,5,Stage 1,Stage 1,0.009874771118159353,0.9901252288815332
140,6,Stage 0,Stage 0,1.3267996330712023e-17,0.9807407977763951
140,7,Stage 1,Stage 1,0.01025533634924254,0.989744663650425
140,8,Stage 2,Stage 2,0.25529966794781866,0.7364282061932163
140,9,Stage 1,Stage 1,0.009667796696653437,0.9903322033030524
140,10,Stage 3,Stage 3,1.450045805823419e-16,0.9911218851945769
140,11,Stage 0,Stage 0,9.128577989666076e-20,0.9914910221400364
140,12,Stage 1,Stage 1,0.011245900027341223,0.9887540999722567
140,13,Stage 2,Stage 2,0.23729258819557023,0.7537962701326412
140,14,Stage 0,Stage 0,1.2714465240792793e-17,0.9805561658408186
140,15,Stage 0,Stage 0,1.2560561077266288e-17,0.9805005411964006
140,16,Stage 3,Stage 3,1.450045805823419e-16,0.9911218851945769
140,17,Stage 2,Stage 2,0.24649014624642607,0.7449487389111789
140,18,Stage 0,Stage 0,8.572223346466714e-20,0.9912396080001131
140,19,Stage 0,Stage 0,7.919930208469404e-20,0.9908895921314155
140,20,Stage 1,Stage 1,0.010993880271143848,0.9890061197284729
140,21,Stage 3,Stage 3,1.2244176046024672e-16,0.991898072745205
140,22,Stage 0,Stage 0,1.0547064096454797e-17,0.979551104079909
140,23,Stage 2,Stage 2,0.22378649560113217,0.766685487951651
140,24,Stage 2,Stage 2,0.25346085982156524,0.7382101848703055
140,25,Stage 1,Stage 1,0.011211970206723553,0.9887880297928772
140,26,Stage 4,Stage 4,0.6801347236936146,0.6801347236936146
140,27,Stage 4,Stage 4,0.6634525668851401,0.6634525668851401
140,28,Stage 1,Stage 1,0.010317559385682887,0.9896824406139807
140,29,Stage 3,Stage 3,1.3470011098844952e-16,0.9914689120498422
140,30,Stage 0,Stage 0,1.2333159853244846e-17,0.9804146486997954
140,31,Stage 4,Stage 4,0.639400023519402,0.639400023519402
140,32,Stage 0,Stage 0,8.554849084858906e-20,0.9912311136935966
140,33,Stage 0,Stage 0,1.2433718978351717e-17,0.9804531897659231
140,34,Stage 0,Stage 0,8.963457180159048e-20,0.9914203679064144
140,35,Stage 0,Stage 0,8.642071827046151e-20,0.9912733403140861
140,36,Stage 4,Stage 4,0.6603276342630003,0.6603276342630003
140,37,Stage 4,Stage 4,0.6540230893838765,0.6540230893838765
140,38,Stage 0,Stage 0,1.3001492951251741e-17,0.9806548050070074
140,39,Stage 0,Stage 0,1.1557162146697265e-17,0.9800845763643546
140,40,Stage 0,Stage 0,1.2333159853244846e-17,0.9804146486997954
140,41,Stage 0,Stage 0,8.08232602695753e-20,0.9909830830405886
140,42,Stage 1,Stage 1,0.01053829632109027,0.9894617036785583
140,43,Stage 3,Stage 3,1.182656670751496e-16,0.9920487529320827
140,44,Stage 4,Stage 4,0.6536707291045804,0.6536707291045804
140,45,Stage 0,Stage 0,1.1675143619896923e-17,0.9801387548946572
140,46,Stage 2,Stage 2,0.26055499610603355,0.7313257011092654
140,47,Stage 4,Stage 4,0.6529653501275292,0.6529653501275292
140,48,Stage 4,Stage 4,0.6592819096375138,0.6592819096375138
140,49,Stage 1,Stage 1,0.010490605571728758,0.989509394427923
140,50,Stage 4,Stage 4,0.6672467173234601,0.6672467173234601
140,51,Stage 1,Stage 1,0.010977278933178153,0.9890227210664396
140,52,Stage 0,Stage 0,1.0633194426226272e-17,0.9796019781782698
140,53,Stage 1,Stage 1,0.01077998626851497,0.9892200137311167
140,54,Stage 4,Stage 4,0.6610236544185378,0.6610236544185378
140,55,Stage 2,Stage 2,0.24469217859954617,0.7466823388248103
140,56,Stage 4,Stage 4,0.6747502014389875,0.6747502014389875
140,57,Stage 0,Stage 0,9.147110428318827e-20,0.9914987573472265
140,58,Stage 0,Stage 0,1.109692512335358e-17,0.979857852094674
140,59,Stage 0,Stage 0,8.783470504027307e-20,0.9913396405861271
140,60,Stage 0,Stage 0,9.78012826822886e-20,0.9917414884816289
140,61,Stage 3,Stage 3,1.147283260253339e-16,0.992178311078784
140,62,Stage 3,Stage 3,1.2085875912402677e-16,0.9919549075458585
140,63,Stage 0,Stage 0,1.2333159853244846e-17,0.9804146486997954
140,64,Stage 3,Stage 3,1.0248930807117522e-16,0.992641415577182
140,65,Stage 3,Stage 3,1.5208739668280382e-16,0.9908899047222214
140,66,Stage 0,Stage 0,1.1698882641106724e-17,0.9801494726886073
140,67,Stage 4,Stage 4,0.6458638672817991,0.6458638672817991
140,68,Stage 3,Stage 3,1.5077442951527206e-16,0.9909325261098706
140,69,Stage 1,Stage 1,0.01053829632109027,0.9894617036785583
140,70,Stage 4,Stage 4,0.6596307099883298,0.6596307099883298
140,71,Stage 3,Stage 3,1.5012219126275094e-16,0.9909537624988691
140,72,Stage 0,Stage 0,1.0962425894979653e-17,0.9797866419119782
140,73,Stage 2,Stage 2,0.23495619552549454,0.7560351692055192
140,74,Stage 0,Stage 0,8.873010132836583e-20,0.9913802997255212
140,75,Stage 4,Stage 4,0.6557815848804494,0.6557815848804494
140,76,Stage 1,Stage 1,0.010878190253167672,0.989121809746457
140,77,Stage 4,Stage 4,0.6648354863636098,0.6648354863636098
140,78,Stage 0,Stage 0,8.400047374762764e-20,0.9911535513581672
140,79,Stage 0,Stage 0,1.1866399576552271e-17,0.9802234068562619
140,80,Stage 0,Stage 0,1.2408503290790025e-17,0.9804436097268838
140,81,Stage 2,Stage 2,0.2715834339697196,0.7205748155048869
140,82,Stage 0,Stage 0,9.018164793258518e-20,0.991444127864863
140,83,Stage 1,Stage 1,0.009964811803714252,0.9900351881959727
140,84,Stage 4,Stage 4,0.6637986410454966,0.6637986410454966
140,85,Stage 0,Stage 0,8.730178494540156e-20,0.9913149587076621
140,86,Stage 3,Stage 3,1.595151985996128e-16,0.9906519071036988
140,87,Stage 0,Stage 0,8.164760260911624e-20,0.99102884321395
140,88,Stage 2,Stage 2,0.22803915981581388,0.7626414188170747
140,89,Stage 4,Stage 4,0.6582341597389156,0.6582341597389156
140,90,Stage 2,Stage 2,0.25041486069432983,0.74115805835694
140,91,Stage 0,Stage 0,8.214621238389883e-20,0.9910559882047939
140,92,Stage 1,Stage 1,0.012461895816789621,0.9875381041827135
140,93,Stage 0,Stage 0,1.1651452301897697e-17,0.9801279979084724
140,94,Stage 0,Stage 0,8.315252702436151e-20,0.9911095853926171
140,95,Stage 3,Stage 3,1.122664703168702e-16,0.9922695656487112
140,96,Stage 2,Stage 2,0.23993930735123364,0.7512556732945078
140,97,Stage 2,Stage 2,0.24588987844903148,0.7455277281016649
140,98,Stage 0,Stage 0,8.451336088651371e-20,0.9911796293397436
140,99,Stage 0,Stage 0,1.2844145311242713e-17,0.9806015333878619
140,100,Stage 3,Stage 3,1.6586075562578934e-16,0.9904525991304134
140,101,Stage 1,Stage 1,0.01092762352100488,0.9890723764786162
140,102,Stage 0,Stage 0,1.2283182899635144e-17,0.9803951564718821
140,103,Stage 0,Stage 0,8.819178050352503e-20,0.9913559755764396
140,104,Stage 1,Stage 1,0.010395863773007857,0.9896041362266504
140,105,Stage 2,Stage 2,0.24023457934052553,0.7509719625722814
140,106,Stage 4,Stage 4,0.6568340251051958,0.6568340251051958
140,107,Stage 2,Stage 2,0.25869254117066315,0.7331355898180756
140,108,Stage 1,Stage 1,0.009889721766253414,0.9901102782334382
140,109,Stage 0,Stage 0,8.712486018094915e-20,0.9913066833643034
140,110,Stage 4,Stage 4,0.6575345391229066,0.6575345391229066
140,111,Stage 2,Stage 2,0.24980847187399974,0.7417443057242193
140,112,Stage 4,Stage 4,0.6737337468565638,0.6737337468565638
140,113,Stage 0,Stage 0,7.527982828755326e-20,0.9906440231527285
140,114,Stage 0,Stage 0,7.952147921726884e-20,0.9909085025359076
140,115,Stage 0,Stage 0,8.927168884212394e-20,0.9914044111309707
140,116,Stage 1,Stage 1,0.010301968689707616,0.989698031309957
140,117,Stage 3,Stage 3,1.1724403944377254e-16,0.992085985688691
140,118,Stage 0,Stage 0,9.165680278779385e-20,0.9915064696883523
140,119,Stage 4,Stage 4,0.6554303277140929,0.6554303277140929
140,120,Stage 4,Stage 4,0.6490701897989728,0.6490701897989728
140,121,Stage 0,Stage 0,8.264784773209078e-20,0.9910829017524949
140,122,Stage 3,Stage 3,1.3238367348768738e-16,0.9915485871160096
140,123,Stage 3,Stage 3,1.6301001252263617e-16,0.990541695868044
140,124,Stage 4,Stage 4,0.649425377488924,0.649425377488924
140,125,Stage 0,Stage 0,1.2586082948159591e-17,0.9805099022725244
140,126,Stage 0,Stage 0,1.1675143619896923e-17,0.9801387548946572
140,127,Stage 1,Stage 1,0.010301968689707616,0.989698031309957
140,128,Stage 1,Stage 1,0.009638581731872228,0.9903614182678355
140,129,Stage 0,Stage 0,8.383019973218452e-20,0.9911448085800331
140,130,Stage 0,Stage 0,1.287023821130877e-17,0.9806105002089812
140,131,Stage 3,Stage 3,1.2567008362720846e-16,0.9917832033066266
140,132,Stage 0,Stage 0,9.128577989666076e-20,0.9914910221400364
140,133,Stage 4,Stage 4,0.6844637113224621,0.6844637113224621
140,134,Stage 0,Stage 0,8.19796738548088e-20,0.9910469656665484
140,135,Stage 1,Stage 1,0.010570209254036733,0.9894297907456097
140,136,Stage 0,Stage 0,8.572223346466714e-20,0.9912396080001131
140,137,Stage 3,Stage 3,1.182656670751496e-16,0.9920487529320827
140,138,Stage 0,Stage 0,8.417109148209376e-20,0.9911622690404526
140,139,Stage 3,Stage 3,1.0843666646493686e-16,0.9924133761883405
140,140,Stage 1,Stage 1,0.01074744686913522,0.9892525531304988
140,141,Stage 3,Stage 3,1.4313066079285363e-16,0.9911841280737391
140,142,Stage 4,Stage 4,0.6764395024509561,0.6764395024509561
140,143,Stage 2,Stage 2,0.24618989427922633,0.7452383736766981
140,144,Stage 3,Stage 3,1.2350856910944272e-16,0.9918599613674226
140,145,Stage 4,Stage 4,0.6696465551129941,0.6696465551129941
140,146,Stage 0,Stage 0,8.485701351635163e-20,0.9911968899211833
140,147,Stage 1,Stage 1,0.010086131453090964,0.9899138685465878
140,148,Stage 0,Stage 0,1.0873657311733232e-17,0.9797383321196398
140,149,Stage 4,Stage 4,0.6568340251051958,0.6568340251051958
140,150,Stage 3,Stage 3,1.5142949392376147e-16,0.9909112402221542
140,151,Stage 2,Stage 2,0.24201120808473084,0.7492637439240315
140,152,Stage 0,Stage 0,1.2060758157493647e-17,0.9803055928844897
140,153,Stage 3,Stage 3,1.3765259292095088e-16,0.9913682681373117
140,154,Stage 0,Stage 0,9.147110428318827e-20,0.9914987573472265
140,155,Stage 0,Stage 0,1.1278801174521849e-17,0.9799504871008234
140,156,Stage 0,Stage 0,1.1842323931121614e-17,0.9802129610796981
140,157,Stage 0,Stage 0,7.936022823213571e-20,0.9908990606860816
140,158,Stage 3,Stage 3,1.3705697726370712e-16,0.9913884908326821
140,159,Stage 2,Stage 2,0.24171450889478283,0.7495491550278278
140,160,Stage 0,Stage 0,8.434205362983467e-20,0.9911709616824874
140,161,Stage 0,Stage 0,9.467948022119981e-20,0.9916267982512464
140,162,Stage 2,Stage 2,0.25011154894036597,0.7414513210234408
140,163,Stage 0,Stage 0,1.193891776853346e-17,0.9802545133384781
140,164,Stage 1,Stage 1,0.01044312836757466,0.9895568716320805
140,165,Stage 0,Stage 0,1.3134074518326739e-17,0.9806982344537166
140,166,Stage 0,Stage 0,8.417109148209376e-20,0.9911622690404526
140,167,Stage 0,Stage 0,9.073204391193619e-20,0.9914676788149698
140,168,Stage 0,Stage 0,1.1842323931121614e-17,0.9802129610796981
140,169,Stage 0,Stage 0,7.776547684508104e-20,0.9908031635810329
140,170,Stage 0,Stage 0,1.2134452772851683e-17,0.9803357854271768
140,171,Stage 1,Stage 1,0.010731213620810186,0.9892687863788249
140,172,Stage 4,Stage 4,0.6716944091958587,0.6716944091958587
140,173,Stage 0,Stage 0,1.1914696397497982e-17,0.9802441829037015
140,174,Stage 0,Stage 0,9.165680278779385e-20,0.9915064696883523
140,175,Stage 0,Stage 0,8.248029864283356e-20,0.9910739561908304
140,176,Stage 0,Stage 0,1.2509671095305227e-17,0.9804817100663608
140,177,Stage 3,Stage 3,1.4754125773760771e-16,0.9910382153289269
140,178,Stage 0,Stage 0,8.909079548356597e-20,0.9913963975468475
140,179,Stage 2,Stage 2,0.23876060211790226,0.7523876745982604
140,180,Stage 0,Stage 0,1.225826972046872e-17,0.9803853546585779
140,181,Stage 1,Stage 1,0.009393758651967878,0.9906062413477549
140,182,Stage 2,Stage 2,0.24890064996130676,0.7426215901757899
140,183,Stage 3,Stage 3,1.3945497509816846e-16,0.9913073165838424
140,184,Stage 4,Stage 4,0.6592819096375138,0.6592819096375138
140,185,Stage 0,Stage 0,1.116478590279051e-17,0.9798928978681966
140,186,Stage 3,Stage 3,1.717122375802452e-16,0.990271899376191
140,187,Stage 3,Stage 3,1.3705697726370712e-16,0.9913884908326821
140,188,Stage 0,Stage 0,9.334504982898171e-20,0.9915748600865903
140,189,Stage 2,Stage 2,0.24409474820536187,0.7472579575151554
140,190,Stage 3,Stage 3,1.192961757417986e-16,0.9920113460640221
140,191,Stage 3,Stage 3,1.5142949392376147e-16,0.9909112402221542
140,192,Stage 1,Stage 1,0.011027157465258584,0.9889728425343555
140,193,Stage 4,Stage 4,0.6476472923394259,0.6476472923394259
140,194,Stage 1,Stage 1,0.010427349925522132,0.9895726500741339
140,195,Stage 2,Stage 2,0.265247322518575,0.7267583464317497
140,196,Stage 1,Stage 1,0.010944150594266112,0.989055849405354
140,197,Stage 1,Stage 1,0.009522593587758624,0.990477406411956
140,198,Stage 4,Stage 4,0.6824708808016353,0.6824708808016353
140,199,Stage 0,Stage 0,8.589632680577147e-20,0.9912480777611306
140,200,Stage 0,Stage 0,8.537509825055995e-20,0.9912225947871058
140,201,Stage 0,Stage 0,9.74055263219065e-20,0.9917274537885016
140,202,Stage 0,Stage 0,1.1866399576552271e-17,0.9802234068562619
140,203,Stage 1,Stage 1,0.010301968689707616,0.989698031309957
140,204,Stage 0,Stage 0,8.19796738548088e-20,0.9910469656665484
140,205,Stage 3,Stage 3,1.5077442951527206e-16,0.9909325261098706
140,206,Stage 0,Stage 0,8.520205496502915e-20,0.9912140512260427
140,207,Stage 2,Stage 2,0.24349826524823048,0.7478324498769883
140,208,Stage 3,Stage 3,1.3353688209667664e-16,0.9915088424241372
140,209,Stage 3,Stage 3,1.8087761916968798e-16,0.9899944682807489
140,210,Stage 2,Stage 2,0.2562222135628668,0.735533505503506
140,211,Stage 2,Stage 2,0.2630511561301873,0.7288973306033367
140,212,Stage 0,Stage 0,8.607077158031066e-20,0.9912565230310001
140,213,Stage 4,Stage 4,0.6730549179853795,0.6730549179853795
140,214,Stage 2,Stage 2,0.24920302226922736,0.7423294404854913
140,215,Stage 0,Stage 0,1.2896383652677683e-17,0.9806194316431087
140,216,Stage 1,Stage 1,0.009638581731872228,0.9903614182678355
140,217,Stage 4,Stage 4,0.6713536898096759,0.6713536898096759
140,218,Stage 2,Stage 2,0.271902609070935,0.7202628547686946
140,219,Stage 0,Stage 0,8.873010132836583e-20,0.9913802997255212
140,220,Stage 0,Stage 0,9.110082887409164e-20,0.991483264016129
140,221,Stage 1,Stage 1,0.01025533634924254,0.989744663650425
140,222,Stage 2,Stage 2,0.2722220085734127,0.7199506305173557
140,223,Stage 4,Stage 4,0.6723751379532624,0.6723751379532624
140,224,Stage 1,Stage 1,0.010301968689707616,0.989698031309957
140,225,Stage 2,Stage 2,0.25041486069432983,0.74115805835694
140,226,Stage 0,Stage 0,8.981656287912796e-20,0.9914283112014913
140,227,Stage 1,Stage 1,0.010317559385682887,0.9896824406139807
140,228,Stage 1,Stage 1,0.010270857205587213,0.9897291427940793
140,229,Stage 0,Stage 0,9.353453132757058e-20,0.9915823465277942
140,230,Stage 0,Stage 0,1.3650223405791544e-17,0.9808554445694111
140,231,Stage 0,Stage 0,1.4302014065663712e-17,0.981029719947491
140,232,Stage 2,Stage 2,0.26086621188254744,0.7310231022110232
140,233,Stage 4,Stage 4,0.6834684068082958,0.6834684068082958
140,234,Stage 0,Stage 0,8.730178494540156e-20,0.9913149587076621
140,235,Stage 1,Stage 1,0.009609454194694656,0.9903905458050148
140,236,Stage 1,Stage 1,0.009337054302621687,0.9906629456971044
140,237,Stage 3,Stage 3,1.8324417990417863e-16,0.9899238928700118
140,238,Stage 2,Stage 2,0.2754283060568758,0.7168139451612059
140,239,Stage 3,Stage 3,1.251261927284667e-16,0.9918024599916467
140,240,Stage 0,Stage 0,9.564424452170319e-20,0.9916632352849312
140,241,Stage 4,Stage 4,0.6599792849745079,0.6599792849745079
140,242,Stage 3,Stage 3,1.5142949392376147e-16,0.9909112402221542
140,243,Stage 0,Stage 0,9.87976855940541e-20,0.9917762040240412
140,244,Stage 2,Stage 2,0.2627383329464713,0.7292018228758231
140,245,Stage 2,Stage 2,0.26461870437079427,0.7273708287647475
140,246,Stage 0,Stage 0,9.467948022119981e-20,0.9916267982512464
140,247,Stage 3,Stage 3,1.5407825779475046e-16,0.990825599410363
140,248,Stage 0,Stage 0,9.128577989666076e-20,0.9914910221400364
140,249,Stage 0,Stage 0,9.165680278779385e-20,0.9915064696883523
140,250,Stage 0,Stage 0,9.448769201481952e-20,0.9916194449715166
140,251,Stage 2,Stage 2,0.28092994701159685,0.7114218156136274
140,252,Stage 0,Stage 0,1.43892752315068e-17,0.9810511974896002
140,253,Stage 2,Stage 2,0.2684040635590037,0.7236798798138958
140,254,Stage 2,Stage 2,0.26556197357446565,0.7264517029193922
140,255,Stage 3,Stage 3,1.6514344283747465e-16,0.9904749510996224
140,256,Stage 2,Stage 2,0.25900237345016314,0.732834621849088
140,257,Stage 0,Stage 0,1.3733539125597752e-17,0.9808791564823001
140,258,Stage 2,Stage 2,0.2786568421680052,0.7136511632178776
140,259,Stage 0,Stage 0,9.31559500739439e-20,0.9915673512795624
140,260,Stage 2,Stage 2,0.2658768524060471,0.7261447914628317
140,261,Stage 2,Stage 4,0.6877652528474243,0.6877652528474243
140,262,Stage 1,Stage 1,0.008881999730637444,0.9911180002691156
140,263,Stage 3,Stage 3,1.5142949392376147e-16,0.9909112402221542
140,264,Stage 1,Stage 1,0.00894950756157457,0.9910504924381747
140,265,Stage 0,Stage 0,1.4743634149921605e-17,0.9811342900545043
140,266,Stage 0,Stage 0,1.3430490722743576e-17,0.980790743318878
140,267,Stage 1,Stage 1,0.008935965441059237,0.9910640345586906
140,268,Stage 2,Stage 2,0.28125555419334825,0.7111023078859269
140,269,Stage 3,Stage 3,1.6160301689452604e-16,0.9905859342805401
140,270,Stage 2,Stage 4,0.708603450588757,0.708603450588757
140,271,Stage 2,Stage 2,0.28027939008212865,0.7120600601683366
140,272,Stage 0,Stage 0,1.0123044910422745e-19,0.9918573877880311
140,273,Stage 0,Stage 0,1.3321943355813858e-17,0.9807575826379088
140,274,Stage 4,Stage 4,0.6971971788136707,0.6971971788136707
140,275,Stage 0,Stage 0,9.899817471954102e-20,0.9917830838733842
140,276,Stage 3,Stage 3,1.717122375802452e-16,0.990271899376191
140,277,Stage 2,Stage 4,0.6968755151177335,0.6968755151177335
140,278,Stage 1,Stage 1,0.009238636411599783,0.9907613635881323
140,279,Stage 2,Stage 4,0.6851260097867461,0.6851260097867461
140,280,Stage 0,Stage 0,1.2975136284103022e-17,0.9806460143726154
140,281,Stage 1,Stage 1,0.009653178269755352,0.9903468217299513
140,282,Stage 3,Stage 3,1.4947276702364524e-16,0.9909749495023996
140,283,Stage 2,Stage 2,0.2783329932181442,0.7139686090247577
140,284,Stage 2,Stage 4,0.6814711408851148,0.6814711408851148
140,285,Stage 3,Stage 3,1.9982979116786402e-16,0.98944060692408
140,286,Stage 0,Stage 0,1.4535885902983276e-17,0.9810863641899918
140,287,Stage 2,Stage 4,0.6884225650067124,0.6884225650067124
140,288,Stage 0,Stage 0,1.0226160623414513e-19,0.9918903396456624
140,289,Stage 3,Stage 3,2.1509869628890134e-16,0.989011793579241
140,290,Stage 0,Stage 0,1.0143584951925212e-19,0.991864018929853
140,291,Stage 1,Stage 1,0.008564922491342707,0.9914350775084281
140,292,Stage 2,Stage 2,0.2828868691165338,0.7095009246158859
140,293,Stage 3,Stage 3,1.930231564209102e-16,0.9896366196234786
140,294,Stage 2,Stage 4,0.6784587144467115,0.6784587144467115
140,295,Stage 1,Stage 1,0.009450804084140297,0.9905491959155791
140,296,Stage 2,Stage 2,0.26461870437079427,0.7273708287647475
140,297,Stage 3,Stage 3,2.1416917081668799e-16,0.9890374889223952
140,298,Stage 0,Stage 0,9.391464264113023e-20,0.9915972525102162
144,1,Stage 0,Stage 0,8.963457180159048e-20,0.9914203679064144
144,2,Stage 4,Stage 4,0.6526123321234967,0.6526123321234967
144,3,Stage 4,Stage 4,0.6447912678147367,0.6447912678147367
144,4,Stage 1,Stage 1,0.010698819849468869,0.9893011801501685
144,5,Stage 0,Stage 0,8.231308708690136e-20,0.9910649850272207
144,6,Stage 0,Stage 0,9.036474339409728e-20,0.9914520013362089
144,7,Stage 3,Stage 3,9.437761535048287e-17,0.9929624948775505
144,8,Stage 1,Stage 1,0.01025533634924254,0.989744663650425
144,9,Stage 3,Stage 3,1.1033499035133906e-16,0.992341806553053
144,10,Stage 1,Stage 1,0.01053829632109027,0.9894617036785583
144,11,Stage 2,Stage 2,0.24439334502309268,0.7469702888731957
144,12,Stage 4,Stage 4,0.668962056057008,0.668962056057008
144,13,Stage 3,Stage 3,1.198147844747022e-16,0.9919925770874629
144,14,Stage 4,Stage 4,0.668962056057008,0.668962056057008
144,15,Stage 2,Stage 2,0.24141804734081146,0.7498342831611539
144,16,Stage 0,Stage 0,8.502936028786359e-20,0.9912054829556842
144,17,Stage 4,Stage 4,0.6631062637382018,0.6631062637382018
144,18,Stage 1,Stage 1,0.010132002273315599,0.9898679977263604
144,19,Stage 0,Stage 0,1.2586082948159591e-17,0.9805099022725244
144,20,Stage 3,Stage 3,1.2621633290938193e-16,0.9917639016699474
144,21,Stage 4,Stage 4,0.6617187678056939,0.6617187678056939
144,22,Stage 3,Stage 3,1.2458465006915191e-16,0.9918216718281889
144,23,Stage 0,Stage 0,1.2383338275301069e-17,0.980433992921724
144,24,Stage 3,Stage 3,1.251261927284667e-16,0.9918024599916467
144,25,Stage 3,Stage 3,1.192961757417986e-16,0.9920113460640221
144,26,Stage 3,Stage 3,1.1673653215887557e-16,0.9921045370250977
144,27,Stage 3,Stage 3,1.3646393226964299e-16,0.9914086664638717
144,28,Stage 3,Stage 3,1.5677322519212532e-16,0.9907391574938658
144,29,Stage 2,Stage 2,0.25683840509560746,0.7349356673952726
144,30,Stage 3,Stage 3,1.3705697726370712e-16,0.9913884908326821
144,31,Stage 3,Stage 3,1.2191180834968498e-16,0.9919170618790788
144,32,Stage 1,Stage 1,0.010490605571728758,0.989509394427923
144,33,Stage 3,Stage 3,1.2404544554862024e-16,0.9918408389192064
144,34,Stage 0,Stage 0,1.0940166747361869e-17,0.9797746275026172
144,35,Stage 3,Stage 3,1.0293500726872254e-16,0.9926241187636983
144,36,Stage 1,Stage 1,0.011094010943917605,0.9889059890556916
144,37,Stage 0,Stage 0,8.434205362983467e-20,0.9911709616824874
144,38,Stage 3,Stage 3,1.1081472958919321e-16,0.9923238095001111
144,39,Stage 3,Stage 3,1.4437723749347735e-16,0.9911426811614495
144,40,Stage 4,Stage 4,0.639038952057018,0.639038952057018
144,41,Stage 1,Stage 1,0.0108946433864624,0.9891053566131612
144,42,Stage 1,Stage 1,0.010812623108673656,0.9891873768909557
144,43,Stage 0,Stage 0,1.1486940733603632e-17,0.9800515945672307
144,44,Stage 4,Stage 4,0.6543752297291088,0.6543752297291088
144,45,Stage 4,Stage 4,0.6550788492381099,0.6550788492381099
144,46,Stage 1,Stage 1,0.010911121130414226,0.9890888788692082
144,47,Stage 3,Stage 3,1.122664703168702e-16,0.9922695656487112
144,48,Stage 0,Stage 0,8.730178494540156e-20,0.9913149587076621
144,49,Stage 4,Stage 4,0.64550654543803,0.64550654543803
144,50,Stage 4,Stage 4,0.6578844612749902,0.6578844612749902
144,51,Stage 3,Stage 3,1.3010697391296376e-16,0.9916275228510862
144,52,Stage 2,Stage 2,0.2337937466443579,0.7571477410659883
144,53,Stage 2,Stage 2,0.25041486069432983,0.74115805835694
144,54,Stage 4,Stage 4,0.6465778752205632,0.6465778752205632
144,55,Stage 0,Stage 0,8.694829184898601e-20,0.9912983839068218
144,56,Stage 0,Stage 0,8.485701351635163e-20,0.9911968899211833
144,57,Stage 4,Stage 4,0.6737337468565638,0.6737337468565638
144,58,Stage 2,Stage 2,0.23205727100199086,0.7588079730146211
144,59,Stage 2,Stage 2,0.24290273052425007,0.7484058145098628
144,60,Stage 4,Stage 4,0.6582341597389156,0.6582341597389156
144,61,Stage 2,Stage 2,0.24980847187399974,0.7417443057242193
144,62,Stage 0,Stage 0,1.2688685377708345e-17,0.9805469851134242
144,63,Stage 1,Stage 1,0.010162697470396196,0.9898373025292777
144,64,Stage 1,Stage 1,0.01022436423784182,0.9897756357618281
144,65,Stage 1,Stage 1,0.011228922447092532,0.9887710775525067
144,66,Stage 0,Stage 0,1.1533707909951219e-17,0.9800736221575791
144,67,Stage 4,Stage 4,0.6508439708891695,0.6508439708891695
144,68,Stage 1,Stage 1,0.010178079564963655,0.9898219204347093
144,69,Stage 3,Stage 3,1.4690296916016509e-16,0.9910592059180846
144,70,Stage 3,Stage 3,1.2138414451901029e-16,0.9919360067787678
144,71,Stage 0,Stage 0,1.1255906292975992e-17,0.9799390508848048
144,72,Stage 2,Stage 2,0.24349826524823048,0.7478324498769883
144,73,Stage 0,Stage 0,8.46850139491943e-20,0.9911882720675684
144,74,Stage 2,Stage 2,0.24649014624642607,0.7449487389111789
144,75,Stage 0,Stage 0,1.1278801174521849e-17,0.9799504871008234
144,76,Stage 2,Stage 2,0.2562222135628668,0.735533505503506
144,77,Stage 0,Stage 0,1.1818296665699673e-17,0.9802024766916642
144,78,Stage 0,Stage 0,8.400047374762764e-20,0.9911535513581672
144,79,Stage 3,Stage 3,1.4626743465657863e-16,0.991080147684282
144,80,Stage 0,Stage 0,8.765670665295167e-20,0.9913314372653822
144,81,Stage 0,Stage 0,1.27661808036132e-17,0.9805744198500976
144,82,Stage 0,Stage 0,1.1347762782985331e-17,0.9799845522493187
144,83,Stage 2,Stage 2,0.23964427354617432,0.7515391000262467
144,84,Stage 0,Stage 0,1.1818296665699673e-17,0.9802024766916642
144,85,Stage 0,Stage 0,7.316970717539204e-20,0.9904988420153596
144,86,Stage 0,Stage 0,8.927168884212394e-20,0.9914044111309707
144,87,Stage 4,Stage 4,0.668962056057008,0.668962056057008
144,88,Stage 2,Stage 2,0.23817268035555245,0.7529519679552488
144,89,Stage 3,Stage 3,1.2404544554862024e-16,0.9918408389192064
144,90,Stage 3,Stage 3,1.5208739668280382e-16,0.9908899047222214
144,91,Stage 1,Stage 1,0.010634322217571969,0.9893656777820701
144,92,Stage 1,Stage 1,0.010554240854312225,0.9894457591453351
144,93,Stage 4,Stage 4,0.6675902513667413,0.6675902513667413
144,94,Stage 3,Stage 3,1.1129654999199453e-16,0.9923057703964012
144,95,Stage 3,Stage 3,1.1775374791176718e-16,0.9920673910242831
144,96,Stage 4,Stage 4,0.6644901011083199,0.6644901011083199
144,97,Stage 1,Stage 1,0.010666522809220242,0.9893334771904194
144,98,Stage 3,Stage 3,1.1081472958919321e-16,0.9923238095001111
144,99,Stage 2,Stage 2,0.23964427354617432,0.7515391000262467
144,100,Stage 0,Stage 0,8.502936028786359e-20,0.9912054829556842
144,101,Stage 1,Stage 1,0.010333173429814414,0.9896668265698481
144,102,Stage 3,Stage 3,1.4313066079285363e-16,0.9911841280737391
144,103,Stage 3,Stage 3,1.3067246071376175e-16,0.9916078578589149
144,104,Stage 2,Stage 2,0.2513262029042564,0.740276604430418
144,105,Stage 4,Stage 4,0.6599792849745079,0.6599792849745079
144,106,Stage 0,Stage 0,8.891026655718003e-20,0.9913883604290891
144,107,Stage 0,Stage 0,1.2662957320952439e-17,0.980537768469339
144,108,Stage 0,Stage 0,8.148206854130017e-20,0.9910197431849472
144,109,Stage 4,Stage 4,0.6610236544185378,0.6610236544185378
144,110,Stage 0,Stage 0,8.873010132836583e-20,0.9913802997255212
144,111,Stage 3,Stage 3,1.9135792657354208e-16,0.9896850563789188
144,112,Stage 0,Stage 0,8.349068008831573e-20,0.9911272475131927
144,113,Stage 1,Stage 1,0.01011668910345674,0.9898833108962201
144,114,Stage 1,Stage 1,0.010147338384412171,0.9898526616152628
144,115,Stage 3,Stage 3,1.122664703168702e-16,0.9922695656487112
144,116,Stage 3,Stage 3,1.412808956696265e-16,0.991245937546461
144,117,Stage 3,Stage 3,1.5077442951527206e-16,0.9909325261098706
144,118,Stage 0,Stage 0,1.3134074518326739e-17,0.9806982344537166
144,119,Stage 1,Stage 1,0.01045893043288252,0.9895410695667713
144,120,Stage 4,Stage 4,0.6679335525769413,0.6679335525769413
144,121,Stage 2,Stage 2,0.23350373393201573,0.7574251658701525
144,122,Stage 3,Stage 3,1.400609848735023e-16,0.9912869045482736
144,123,Stage 1,Stage 1,0.010239838704654338,0.9897601612950144
144,124,Stage 0,Stage 0,8.999892134210829e-20,0.9914362311704462
144,125,Stage 2,Stage 2,0.26117765773469015,0.7307202322083483
144,126,Stage 0,Stage 0,9.78012826822886e-20,0.9917414884816289
144,127,Stage 0,Stage 0,1.1770386885997358e-17,0.9801813917513598
144,128,Stage 0,Stage 0,9.839791832389827e-20,0.991762381205879
144,129,Stage 4,Stage 4,0.6617187678056939,0.6617187678056939
144,130,Stage 2,Stage 2,0.23553885774866026,0.7554771619231907
144,131,Stage 0,Stage 0,9.642309106611137e-20,0.9916919925727748
144,132,Stage 0,Stage 0,8.712486018094915e-20,0.9913066833643034
144,133,Stage 0,Stage 0,8.607077158031066e-20,0.9912565230310001
144,134,Stage 3,Stage 3,1.4947276702364524e-16,0.9909749495023996
144,135,Stage 2,Stage 2,0.24679063424412062,0.7446588239845878
144,136,Stage 1,Stage 1,0.011486267649351069,0.9885137323502291
144,137,Stage 3,Stage 3,1.388515806678279e-16,0.9913276811213593
144,138,Stage 3,Stage 3,1.1033499035133906e-16,0.992341806553053
144,139,Stage 0,Stage 0,8.19796738548088e-20,0.9910469656665484
144,140,Stage 0,Stage 0,8.783470504027307e-20,0.9913396405861271
144,141,Stage 2,Stage 2,0.2455900988615248,0.7458168020071239
144,142,Stage 4,Stage 4,0.6648354863636098,0.6648354863636098
144,143,Stage 1,Stage 1,0.010010136452442388,0.9899898635472416
144,144,Stage 1,Stage 1,0.010602217792817763,0.9893977822068264
144,145,Stage 0,Stage 0,9.110082887409164e-20,0.991483264016129
144,146,Stage 2,Stage 2,0.25254460426268227,0.7390974523828906
144,147,Stage 0,Stage 0,1.2333159853244846e-17,0.9804146486997954
144,148,Stage 0,Stage 0,1.3267996330712023e-17,0.9807407977763951
144,149,Stage 0,Stage 0,1.1440361322670744e-17,0.9800294075079312
144,150,Stage 0,Stage 0,9.036474339409728e-20,0.9914520013362089
144,151,Stage 4,Stage 4,0.6585836341778833,0.6585836341778833
144,152,Stage 2,Stage 2,0.2674546575569374,0.7246062225826132
144,153,Stage 2,Stage 2,0.22633157249433225,0.7642669181046658
144,154,Stage 2,Stage 2,0.24023457934052553,0.7509719625722814
144,155,Stage 0,Stage 0,1.1580663609027797e-17,0.9800954909584635
144,156,Stage 4,Stage 4,0.6672467173234601,0.6672467173234601
144,157,Stage 1,Stage 1,0.010650410474946151,0.9893495895246947
144,158,Stage 2,Stage 2,0.24499124883316234,0.7463941075463413
144,159,Stage 0,Stage 0,1.2740297014569865e-17,0.9805653107277057
144,160,Stage 0,Stage 0,8.837085903244356e-20,0.9913641073516679
144,161,Stage 2,Stage 2,0.24649014624642607,0.7449487389111789
144,162,Stage 0,Stage 0,1.1866399576552271e-17,0.9802234068562619
144,163,Stage 0,Stage 0,9.147110428318827e-20,0.9914987573472265
144,164,Stage 1,Stage 1,0.009755968732097837,0.9902440312676025
144,165,Stage 0,Stage 0,8.383019973218452e-20,0.9911448085800331
144,166,Stage 1,Stage 1,0.010812623108673656,0.9891873768909557
144,167,Stage 1,Stage 1,0.010333173429814414,0.9896668265698481
144,168,Stage 0,Stage 0,1.1187497314564652e-17,0.9799044975199033
144,169,Stage 0,Stage 0,1.2714465240792793e-17,0.9805561658408186
144,170,Stage 1,Stage 1,0.010602217792817763,0.9893977822068264
144,171,Stage 3,Stage 3,1.400609848735023e-16,0.9912869045482736
144,172,Stage 0,Stage 0,8.963457180159048e-20,0.9914203679064144
144,173,Stage 3,Stage 3,1.318107998903221e-16,0.9915683900969946
144,174,Stage 0,Stage 0,9.259093358300944e-20,0.9915446901678397
144,175,Stage 4,Stage 4,0.6682766206384697,0.6682766206384697
144,176,Stage 2,Stage 2,0.2574555242711091,0.7343367343480506
144,177,Stage 0,Stage 0,1.0547064096454797e-17,0.979551104079909
144,178,Stage 3,Stage 3,1.8970701934139603e-16,0.989733268624752
144,179,Stage 3,Stage 3,1.5012219126275094e-16,0.9909537624988691
144,180,Stage 0,Stage 0,9.091625046287896e-20,0.9914754829247348
144,181,Stage 2,Stage 2,0.2437963882471011,0.7475453445748567
144,182,Stage 3,Stage 3,1.3411723860435234e-16,0.9914889005006022
144,183,Stage 0,Stage 0,1.3430490722743576e-17,0.980790743318878
144,184,Stage 1,Stage 1,0.010270857205587213,0.9897291427940793
144,185,Stage 0,Stage 0,1.218383016385818e-17,0.9803557254709231
144,186,Stage 2,Stage 2,0.24649014624642607,0.7449487389111789
144,187,Stage 0,Stage 0,1.1533707909951219e-17,0.9800736221575791
144,188,Stage 4,Stage 4,0.6727151467124962,0.6727151467124962
144,189,Stage 3,Stage 3,1.6514344283747465e-16,0.9904749510996224
144,190,Stage 0,Stage 0,8.963457180159048e-20,0.9914203679064144
144,191,Stage 0,Stage 0,1.2308146243540897e-17,0.9804049211259633
144,192,Stage 2,Stage 2,0.25962273068952946,0.7322318691216054
144,193,Stage 0,Stage 0,8.400047374762764e-20,0.9911535513581672
144,194,Stage 1,Stage 1,0.010796292490686686,0.9892037075089438
144,195,Stage 0,Stage 0,1.1627808591199174e-17,0.9801172016463422
144,196,Stage 0,Stage 0,8.417109148209376e-20,0.9911622690404526
144,197,Stage 3,Stage 3,1.412808956696265e-16,0.991245937546461
144,198,Stage 0,Stage 0,1.0419160969100241e-17,0.9794734825989303
144,199,Stage 2,Stage 2,0.24529055562155658,0.7461055952146525
144,200,Stage 2,Stage 2,0.24829661090433064,0.7432050532542982
144,201,Stage 2,Stage 2,0.24618989427922633,0.7452383736766981
144,202,Stage 0,Stage 0,1.1818296665699673e-17,0.9802024766916642
144,203,Stage 3,Stage 3,1.4947276702364524e-16,0.9909749495023996
144,204,Stage 4,Stage 4,0.6733944514678334,0.6733944514678334
144,205,Stage 1,Stage 1,0.010348810856321467,0.9896511891433398
144,206,Stage 3,Stage 3,1.388515806678279e-16,0.9913276811213593
144,207,Stage 2,Stage 2,0.25315520778394973,0.7385062168479645
144,208,Stage 0,Stage 0,7.760776327708455e-20,0.9907934246903364
144,209,Stage 3,Stage 3,1.2842511828128758e-16,0.9916862435349484
144,210,Stage 1,Stage 1,0.010040466198299552,0.9899595338013824
144,211,Stage 0,Stage 0,1.1604212392084036e-17,0.9801063660243678
144,212,Stage 4,Stage 4,0.6686194552365096,0.6686194552365096
144,213,Stage 0,Stage 0,8.434205362983467e-20,0.9911709616824874
144,214,Stage 3,Stage 3,1.3411723860435234e-16,0.9914889005006022
144,215,Stage 4,Stage 4,0.6838004221848187,0.6838004221848187
144,216,Stage 4,Stage 4,0.6582341597389156,0.6582341597389156
144,217,Stage 4,Stage 4,0.6526123321234967,0.6526123321234967
144,218,Stage 0,Stage 0,8.765670665295167e-20,0.9913314372653822
144,219,Stage 0,Stage 0,8.694829184898601e-20,0.9912983839068218
144,220,Stage 0,Stage 0,8.765670665295167e-20,0.9913314372653822
144,221,Stage 0,Stage 0,9.391464264113023e-20,0.9915972525102162
144,222,Stage 3,Stage 3,1.7395922516220998e-16,0.9902032655355302
144,223,Stage 4,Stage 4,0.6767766414749979,0.6767766414749979
144,224,Stage 3,Stage 3,1.595151985996128e-16,0.9906519071036988
144,225,Stage 3,Stage 3,1.3470011098844952e-16,0.9914689120498422
144,226,Stage 3,Stage 3,1.694941912972815e-16,0.9903400560810536
144,227,Stage 4,Stage 4,0.6801347236936146,0.6801347236936146
144,228,Stage 4,Stage 4,0.6564834339169144,0.6564834339169144
144,229,Stage 1,Stage 1,0.009859842846425057,0.9901401571532684
144,230,Stage 0,Stage 0,9.839791832389827e-20,0.991762381205879
144,231,Stage 2,Stage 2,0.2562222135628668,0.735533505503506
144,232,Stage 4,Stage 4,0.6828036358362569,0.6828036358362569
144,233,Stage 2,Stage 2,0.2580735699978759,0.7337367079548769
144,234,Stage 2,Stage 2,0.25838293997313205,0.7334362852539207
144,235,Stage 4,Stage 4,0.6564834339169144,0.6564834339169144
144,236,Stage 1,Stage 1,0.009322931274816903,0.99067706872491
144,237,Stage 1,Stage 1,0.010490605571728758,0.989509394427923
144,238,Stage 2,Stage 2,0.25315520778394973,0.7385062168479645
144,239,Stage 2,Stage 2,0.2546858002072975,0.7370233000449775
144,240,Stage 0,Stage 0,1.2109838471225073e-17,0.9803257589901149
144,241,Stage 0,Stage 0,8.963457180159048e-20,0.9914203679064144
144,242,Stage 3,Stage 3,1.5341176629256278e-16,0.9908470844304536
144,243,Stage 2,Stage 2,0.26556197357446565,0.7264517029193922
144,244,Stage 0,Stage 0,8.765670665295167e-20,0.9913314372653822
144,245,Stage 4,Stage 4,0.6880940342631542,0.6880940342631542
144,246,Stage 0,Stage 0,8.049584355568391e-20,0.9909645961410933
144,247,Stage 2,Stage 2,0.26430473759518175,0.7276766671573558
144,248,Stage 0,Stage 0,1.2662957320952439e-17,0.980537768469339
144,249,Stage 2,Stage 2,0.26682285394722827,0.7252224515864604
144,250,Stage 4,Stage 4,0.6838004221848187,0.6838004221848187
144,251,Stage 3,Stage 3,1.3825079034017648e-16,0.991347998269653
144,252,Stage 0,Stage 0,1.334899836858545e-17,0.9807659238302157
144,253,Stage 2,Stage 4,0.6713536898096759,0.6713536898096759
144,254,Stage 0,Stage 0,8.963457180159048e-20,0.9914203679064144
144,255,Stage 1,Stage 1,0.009280689035787628,0.9907193109639421
144,256,Stage 4,Stage 4,0.6784587144467115,0.6784587144467115
144,257,Stage 0,Stage 0,9.054820847169687e-20,0.9914598516358336
144,258,Stage 2,Stage 2,0.2546858002072975,0.7370233000449775
144,259,Stage 2,Stage 2,0.2671386422694642,0.7249144705146957
144,260,Stage 0,Stage 0,9.819863855246932e-20,0.9917554381440574
144,261,Stage 0,Stage 0,9.839791832389827e-20,0.991762381205879
144,262,Stage 0,Stage 0,9.661878638945813e-20,0.9916991278032942
144,263,Stage 4,Stage 4,0.6589328842558504,0.6589328842558504
144,264,Stage 0,Stage 0,1.3929909022986644e-17,0.9809333300971613
144,265,Stage 0,Stage 0,9.642309106611137e-20,0.9916919925727748
144,266,Stage 3,Stage 3,1.8009555705287568e-16,0.9900178842763672
144,267,Stage 0,Stage 0,1.1510300803839863e-17,0.9800626282534846
144,268,Stage 2,Stage 2,0.27930520129405223,0.7130154960741061
144,269,Stage 0,Stage 0,9.448769201481952e-20,0.9916194449715166
144,270,Stage 2,Stage 2,0.26336420834067564,0.7285925686842741
144,271,Stage 2,Stage 4,0.6747502014389875,0.6747502014389875
144,272,Stage 2,Stage 4,0.691694026813284,0.691694026813284
144,273,Stage 0,Stage 0,1.407187590236275e-17,0.9809710466192401
144,274,Stage 0,Stage 0,1.3294942712957499e-17,0.9807492073107461
144,275,Stage 0,Stage 0,9.391464264113023e-20,0.9915972525102162
144,276,Stage 2,Stage 2,0.26556197357446565,0.7264517029193922
144,277,Stage 1,Stage 1,0.00903118841180281,0.9909688115879415
144,278,Stage 3,Stage 3,1.4313066079285363e-16,0.9911841280737391
144,279,Stage 3,Stage 3,1.595151985996128e-16,0.9906519071036988
144,280,Stage 0,Stage 0,9.184287616612198e-20,0.9915141592139521
144,281,Stage 2,Stage 2,0.2693555062647687,0.7227511432103669
144,282,Stage 2,Stage 2,0.2760722402011618,0.7161834689750823
144,283,Stage 3,Stage 3,2.024435171019504e-16,0.9893661582967731
144,284,Stage 0,Stage 0,1.3958188278091785e-17,0.980940938295889
144,285,Stage 2,Stage 2,0.2786568421680052,0.7136511632178776
144,286,Stage 0,Stage 0,1.3594958274275112e-17,0.9808394703467559
144,287,Stage 1,Stage 1,0.00889546080219924,0.991104539197553
144,288,Stage 0,Stage 0,1.526051431450378e-17,0.9812444580010095
144,289,Stage 0,Stage 0,1.0000670793438895e-19,0.9918171693732337
144,290,Stage 0,Stage 0,1.1746504177763643e-17,0.9801707910337142
144,291,Stage 0,Stage 0,1.4565385413759545e-17,0.9810933037434979
144,292,Stage 3,Stage 3,1.8644768331705783e-16,0.9898290236680843
144,293,Stage 0,Stage 0,1.3080881816500237e-17,0.9806809671243134
144,294,Stage 0,Stage 0,9.277889271811996e-20,0.9915522663698692
144,295,Stage 3,Stage 3,2.059815712982311e-16,0.9892660834421857
144,296,Stage 2,Stage 4,0.6933202648500807,0.6933202648500807
144,297,Stage 0,Stage 0,9.87976855940541e-20,0.9917762040240412
168,1,Stage 0,Stage 0,8.214621238389883e-20,0.9910559882047939
168,2,Stage 4,Stage 4,0.6620659836365324,0.6620659836365324
168,3,Stage 1,Stage 1,0.009638581731872228,0.9903614182678355
168,4,Stage 0,Stage 0,9.760320496659151e-20,0.99173448178738
168,5,Stage 3,Stage 3,1.4626743465657863e-16,0.991080147684282
168,6,Stage 0,Stage 0,9.165680278779385e-20,0.9915064696883523
168,7,Stage 2,Stage 2,0.25011154894036597,0.7414513210234408
168,8,Stage 0,Stage 0,1.1987506922008222e-17,0.9802750594385249
168,9,Stage 0,Stage 0,7.698007967688242e-20,0.9907541948647346
168,10,Stage 0,Stage 0,1.2085273632587744e-17,0.9803156948360203
168,11,Stage 2,Stage 2,0.23993930735123364,0.7512556732945078
168,12,Stage 0,Stage 0,1.109692512335358e-17,0.979857852094674
168,13,Stage 0,Stage 0,1.4833568581164264e-17,0.9811543676228127
168,14,Stage 1,Stage 1,0.009949748780050132,0.9900502512196377
168,15,Stage 4,Stage 4,0.6747502014389875,0.6747502014389875
168,16,Stage 0,Stage 0,8.520205496502915e-20,0.9912140512260427
168,17,Stage 0,Stage 0,7.421732177623048e-20,0.990572136644287
168,18,Stage 1,Stage 1,0.01025533634924254,0.989744663650425
168,19,Stage 3,Stage 3,1.3124039917685881e-16,0.9915881469760511
168,20,Stage 2,Stage 2,0.25163045222685015,0.7399822317710941
168,21,Stage 0,Stage 0,8.131686794496749e-20,0.9910106172108247
168,22,Stage 3,Stage 3,1.2458465006915191e-16,0.9918216718281889
168,23,Stage 3,Stage 3,1.6803138880578172e-16,0.9903852304193212
168,24,Stage 2,Stage 2,0.24859851280195477,0.7429134611599754
168,25,Stage 4,Stage 4,0.6744116221435149,0.6744116221435149
168,26,Stage 0,Stage 0,8.783470504027307e-20,0.9913396405861271
168,27,Stage 0,Stage 0,1.2560561077266288e-17,0.9805005411964006
168,28,Stage 0,Stage 0,8.315252702436151e-20,0.9911095853926171
168,29,Stage 2,Stage 2,0.2326351357671941,0.758255714161326
168,30,Stage 4,Stage 4,0.6720348920125131,0.6720348920125131
168,31,Stage 3,Stage 3,1.7931686639812197e-16,0.9900412459085821
168,32,Stage 0,Stage 0,1.225826972046872e-17,0.9803853546585779
168,33,Stage 2,Stage 2,0.24260531899489832,0.7486920734925386
168,34,Stage 1,Stage 1,0.010861761694597969,0.9891382383050279
168,35,Stage 0,Stage 0,8.520205496502915e-20,0.9912140512260427
168,36,Stage 2,Stage 2,0.26430473759518175,0.7276766671573558
168,37,Stage 4,Stage 4,0.6631062637382018,0.6631062637382018
168,38,Stage 1,Stage 1,0.011027157465258584,0.9889728425343555
168,39,Stage 0,Stage 0,8.712486018094915e-20,0.9913066833643034
168,40,Stage 0,Stage 0,9.564424452170319e-20,0.9916632352849312
168,41,Stage 0,Stage 0,9.37243953407556e-20,0.9915898106525737
168,42,Stage 4,Stage 4,0.6716944091958587,0.6716944091958587
168,43,Stage 4,Stage 4,0.6679335525769413,0.6679335525769413
168,44,Stage 4,Stage 4,0.6515519682272032,0.6515519682272032
168,45,Stage 0,Stage 0,1.2458985440066693e-17,0.9804627331169338
168,46,Stage 4,Stage 4,0.6686194552365096,0.6686194552365096
168,47,Stage 0,Stage 0,1.1866399576552271e-17,0.9802234068562619
168,48,Stage 0,Stage 0,9.110082887409164e-20,0.991483264016129
168,49,Stage 4,Stage 4,0.6696465551129941,0.6696465551129941
168,50,Stage 0,Stage 0,1.0627622044839007e-19,0.9920109864555632
168,51,Stage 0,Stage 0,9.564424452170319e-20,0.9916632352849312
168,52,Stage 2,Stage 2,0.2455900988615248,0.7458168020071239
168,53,Stage 1,Stage 1,0.010132002273315599,0.9898679977263604
168,54,Stage 0,Stage 0,8.589632680577147e-20,0.9912480777611306
168,55,Stage 0,Stage 0,8.417109148209376e-20,0.9911622690404526
168,56,Stage 0,Stage 0,1.2085273632587744e-17,0.9803156948360203
168,57,Stage 1,Stage 1,0.009979897401570206,0.9900201025981158
168,58,Stage 0,Stage 0,1.2308146243540897e-17,0.9804049211259633
168,59,Stage 2,Stage 2,0.25900237345016314,0.732834621849088
168,60,Stage 4,Stage 4,0.6564834339169144,0.6564834339169144
168,61,Stage 3,Stage 3,1.1324482376263934e-16,0.9922331915318743
168,62,Stage 1,Stage 1,0.010239838704654338,0.9897601612950144
168,63,Stage 3,Stage 3,1.6230499434520907e-16,0.990563840805628
168,64,Stage 0,Stage 0,8.315252702436151e-20,0.9911095853926171
168,65,Stage 0,Stage 0,9.31559500739439e-20,0.9915673512795624
168,66,Stage 2,Stage 2,0.24349826524823048,0.7478324498769883
168,67,Stage 3,Stage 3,1.3945497509816846e-16,0.9913073165838424
168,68,Stage 0,Stage 0,1.287023821130877e-17,0.9806105002089812
168,69,Stage 2,Stage 2,0.27094575767877044,0.7211979455227717
168,70,Stage 3,Stage 3,1.1033499035133906e-16,0.992341806553053
168,71,Stage 3,Stage 3,1.4437723749347735e-16,0.9911426811614495
168,72,Stage 0,Stage 0,8.891026655718003e-20,0.9913883604290891
168,73,Stage 2,Stage 2,0.24320037930785227,0.7481192732467521
168,74,Stage 0,Stage 0,1.2011874901151122e-17,0.9802852752665986
168,75,Stage 0,Stage 0,1.2308146243540897e-17,0.9804049211259633
168,76,Stage 3,Stage 3,1.6020813199644695e-16,0.9906299673123887
168,77,Stage 0,Stage 0,9.720824594382605e-20,0.9917204044379043
168,78,Stage 0,Stage 0,8.783470504027307e-20,0.9913396405861271
168,79,Stage 0,Stage 0,9.353453132757058e-20,0.9915823465277942
168,80,Stage 0,Stage 0,9.054820847169687e-20,0.9914598516358336
168,81,Stage 0,Stage 0,9.054820847169687e-20,0.9914598516358336
168,82,Stage 3,Stage 3,1.6020813199644695e-16,0.9906299673123887
168,83,Stage 1,Stage 1,0.010666522809220242,0.9893334771904194
168,84,Stage 0,Stage 0,8.855029906400031e-20,0.9913722153838513
168,85,Stage 0,Stage 0,1.3054365610429585e-17,0.9806722813087887
168,86,Stage 0,Stage 0,9.391464264113023e-20,0.9915972525102162
168,87,Stage 4,Stage 4,0.6564834339169144,0.6564834339169144
168,88,Stage 4,Stage 4,0.6675902513667413,0.6675902513667413
168,89,Stage 0,Stage 0,8.765670665295167e-20,0.9913314372653822
168,90,Stage 3,Stage 3,1.7395922516220998e-16,0.9902032655355302
168,91,Stage 0,Stage 0,9.583836753171736e-20,0.9916704571574527
168,92,Stage 2,Stage 2,0.2703089811070587,0.7218200187592283
168,93,Stage 4,Stage 4,0.6757645023331529,0.6757645023331529
168,94,Stage 0,Stage 0,8.451336088651371e-20,0.9911796293397436
168,95,Stage 1,Stage 1,0.010796292490686686,0.9892037075089438
168,96,Stage 0,Stage 0,1.3214265911931897e-17,0.9807238757959816
168,97,Stage 3,Stage 3,1.4251140396290633e-16,0.991204779240457
168,98,Stage 3,Stage 3,1.4947276702364524e-16,0.9909749495023996
168,99,Stage 0,Stage 0,9.054820847169687e-20,0.9914598516358336
168,100,Stage 0,Stage 0,8.417109148209376e-20,0.9911622690404526
168,101,Stage 2,Stage 2,0.26556197357446565,0.7264517029193922
168,102,Stage 4,Stage 4,0.6804691947043152,0.6804691947043152
168,103,Stage 0,Stage 0,8.572223346466714e-20,0.9912396080001131
168,104,Stage 0,Stage 0,1.1580663609027797e-17,0.9800954909584635
168,105,Stage 4,Stage 4,0.6561326203951546,0.6561326203951546
168,106,Stage 2,Stage 2,0.2636774894246132,0.7282875373293057
168,107,Stage 0,Stage 0,8.694829184898601e-20,0.9912983839068218
168,108,Stage 4,Stage 4,0.670671542558104,0.670671542558104
168,109,Stage 4,Stage 4,0.6877652528474243,0.6877652528474243
168,110,Stage 4,Stage 4,0.6818046330432872,0.6818046330432872
168,111,Stage 0,Stage 0,8.181347082197737e-20,0.991037917355354
168,112,Stage 2,Stage 2,0.265247322518575,0.7267583464317497
168,113,Stage 0,Stage 0,1.351247636228508e-17,0.9808152581821675
168,114,Stage 2,Stage 2,0.25591446599987244,0.7358320134602054
168,115,Stage 2,Stage 2,0.24260531899489832,0.7486920734925386
168,116,Stage 2,Stage 2,0.2510221877948732,0.7405706998731459
168,117,Stage 3,Stage 3,1.3470011098844952e-16,0.9914689120498422
168,118,Stage 4,Stage 4,0.6965535937765006,0.6965535937765006
168,119,Stage 1,Stage 1,0.011060534259091105,0.9889394657405206
168,120,Stage 3,Stage 3,1.1877980648709117e-16,0.992030071312075
168,121,Stage 0,Stage 0,1.0041297742379242e-19,0.991830658016624
168,122,Stage 4,Stage 4,0.6617187678056939,0.6617187678056939
168,123,Stage 0,Stage 0,1.4683978690384503e-17,0.9811207515190339
168,124,Stage 3,Stage 3,1.3411723860435234e-16,0.9914889005006022
168,125,Stage 0,Stage 0,9.036474339409728e-20,0.9914520013362089
168,126,Stage 3,Stage 3,1.5882525403016033e-16,0.9906737959010864
168,127,Stage 0,Stage 0,9.859760040023931e-20,0.9917693031503555
168,128,Stage 3,Stage 3,1.5745428008113426e-16,0.990717420980011
168,129,Stage 0,Stage 0,1.2922581741193185e-17,0.9806283277652365
168,130,Stage 2,Stage 2,0.27575016202612107,0.7164988374361844
168,131,Stage 3,Stage 3,1.3528551011267852e-16,0.9914488769649418
168,132,Stage 4,Stage 4,0.6861175951342289,0.6861175951342289
168,133,Stage 0,Stage 0,1.2637280966370862e-17,0.9805285158322073
168,134,Stage 0,Stage 0,1.0123044910422745e-19,0.9918573877880311
168,135,Stage 0,Stage 0,8.131686794496749e-20,0.9910106172108247
168,136,Stage 0,Stage 0,1.3929909022986644e-17,0.9809333300971613
168,137,Stage 3,Stage 3,1.5677322519212532e-16,0.9907391574938658
168,138,Stage 2,Stage 2,0.2528497892226809,0.7388019727493059
168,139,Stage 0,Stage 0,9.353453132757058e-20,0.9915823465277942
168,140,Stage 4,Stage 4,0.6713536898096759,0.6713536898096759
168,141,Stage 0,Stage 0,9.701136302956587e-20,0.9917133336883921
168,142,Stage 2,Stage 2,0.2674546575569374,0.7246062225826132
168,143,Stage 3,Stage 3,1.7096969154466563e-16,0.9902946711314999
168,144,Stage 1,Stage 1,0.009594923131284112,0.9904050768684263
168,145,Stage 4,Stage 4,0.6564834339169144,0.6564834339169144
168,146,Stage 1,Stage 1,0.009697099346223191,0.9903029006534809
168,147,Stage 1,Stage 1,0.009565926254869413,0.9904340737448427
168,148,Stage 1,Stage 1,0.009196772567259431,0.9908032274324752
168,149,Stage 1,Stage 1,0.009979897401570206,0.9900201025981158
168,150,Stage 0,Stage 0,9.091625046287896e-20,0.9914754829247348
168,151,Stage 0,Stage 0,1.504553841548236e-17,0.9812001498268983
168,152,Stage 0,Stage 0,9.353453132757058e-20,0.9915823465277942
168,153,Stage 4,Stage 4,0.6798000086854755,0.6798000086854755
168,154,Stage 1,Stage 1,0.0100708869055207,0.9899291130941592
168,155,Stage 3,Stage 3,1.848390124182986e-16,0.9898765684947084
168,156,Stage 1,Stage 1,0.009653178269755352,0.9903468217299513
168,157,Stage 3,Stage 3,1.3705697726370712e-16,0.9913884908326821
168,158,Stage 1,Stage 1,0.009308829408469714,0.9906911705912582
168,159,Stage 1,Stage 1,0.009322931274816903,0.99067706872491
168,160,Stage 2,Stage 2,0.26086621188254744,0.7310231022110232
168,161,Stage 0,Stage 0,1.3958188278091785e-17,0.980940938295889
168,162,Stage 0,Stage 0,8.873010132836583e-20,0.9913802997255212
168,163,Stage 1,Stage 1,0.009770741285424905,0.9902292587142744
168,164,Stage 4,Stage 4,0.6787944025585728,0.6787944025585728
168,165,Stage 4,Stage 4,0.6955862863663789,0.6955862863663789
168,166,Stage 0,Stage 0,9.184287616612198e-20,0.9915141592139521
168,167,Stage 0,Stage 0,8.712486018094915e-20,0.9913066833643034
168,168,Stage 2,Stage 2,0.27671706241262906,0.7155519507884045
168,169,Stage 0,Stage 0,9.859760040023931e-20,0.9917693031503555
168,170,Stage 0,Stage 0,1.3677939463855786e-17,0.9808633817262833
168,171,Stage 0,Stage 0,1.6086032613229498e-17,0.9813964798990759
168,172,Stage 1,Stage 1,0.009224660862413293,0.9907753391373196
168,173,Stage 2,Stage 2,0.2868241946705628,0.7056316143582383
168,174,Stage 3,Stage 3,1.4882614470725118e-16,0.9909960872334609
168,175,Stage 2,Stage 2,0.2907925190419205,0.7017259669833921
168,176,Stage 0,Stage 0,1.576340566999396e-17,0.981340313202499
168,177,Stage 0,Stage 0,1.0520478321942875e-19,0.9919799291331131
168,178,Stage 2,Stage 2,0.2789809115922683,0.7133334588204383
168,179,Stage 0,Stage 0,1.0143584951925212e-19,0.991864018929853
168,180,Stage 3,Stage 3,1.5882525403016033e-16,0.9906737959010864
168,181,Stage 3,Stage 3,1.7023034736543948e-16,0.9903173899928813
168,182,Stage 3,Stage 3,1.9218874346613102e-16,0.9896608661289011
168,183,Stage 0,Stage 0,1.0541820717787546e-19,0.9919861796970318
168,184,Stage 0,Stage 0,1.0143584951925212e-19,0.991864018929853
168,185,Stage 2,Stage 2,0.2731815517035496,0.7190123789562886
168,186,Stage 2,Stage 2,0.29212211592028114,0.7004160875002949
168,187,Stage 2,Stage 2,0.2722220085734127,0.7199506305173557
168,188,Stage 0,Stage 0,1.1112104295259018e-19,0.9921419415741112
168,189,Stage 1,Stage 1,0.009508192610771415,0.9904918073889444
168,190,Stage 3,Stage 3,1.96397079672095e-16,0.9895390684764639
168,191,Stage 1,Stage 1,0.008321883218001527,0.9916781167817825
168,192,Stage 1,Stage 1,0.008209158528851568,0.9917908414709382
168,193,Stage 0,Stage 0,1.0735851686781043e-19,0.9920415582469281
168,194,Stage 2,Stage 2,0.2954608910037735,0.6971240574654314
168,195,Stage 2,Stage 4,0.7166273327008456,0.7166273327008456
168,196,Stage 0,Stage 0,1.100009949874812e-19,0.9921129812289904
176,1,Stage 1,Stage 1,0.010977278933178153,0.9890227210664396
176,2,Stage 3,Stage 3,1.4251140396290633e-16,0.991204779240457
176,3,Stage 0,Stage 0,1.3214265911931897e-17,0.9807238757959816
176,4,Stage 0,Stage 0,8.873010132836583e-20,0.9913802997255212
176,5,Stage 0,Stage 0,9.819863855246932e-20,0.9917554381440574
176,6,Stage 0,Stage 0,1.2662957320952439e-17,0.980537768469339
176,7,Stage 0,Stage 0,1.1963187910619158e-17,0.9802648054895884
176,8,Stage 0,Stage 0,1.2714465240792793e-17,0.9805561658408186
176,9,Stage 0,Stage 0,8.434205362983467e-20,0.9911709616824874
176,10,Stage 4,Stage 4,0.6699884527242035,0.6699884527242035
176,11,Stage 3,Stage 3,1.2621633290938193e-16,0.9917639016699474
176,12,Stage 0,Stage 0,8.572223346466714e-20,0.9912396080001131
176,13,Stage 0,Stage 0,8.033262971923292e-20,0.9909553132810206
176,14,Stage 0,Stage 0,1.2383338275301069e-17,0.980433992921724
176,15,Stage 2,Stage 2,0.2375857134063732,0.7535151213415648
176,16,Stage 0,Stage 0,1.1370842617280377e-17,0.9799958264208374
176,17,Stage 1,Stage 1,0.010490605571728758,0.989509394427923
176,18,Stage 1,Stage 1,0.009874771118159353,0.9901252288815332
176,19,Stage 0,Stage 0,1.3594958274275112e-17,0.9808394703467559
176,20,Stage 4,Stage 4,0.6757645023331529,0.6757645023331529
176,21,Stage 3,Stage 3,1.2244176046024672e-16,0.991898072745205
176,22,Stage 0,Stage 0,1.0041297742379242e-19,0.991830658016624
176,23,Stage 0,Stage 0,9.467948022119981e-20,0.9916267982512464
176,24,Stage 0,Stage 0,8.417109148209376e-20,0.9911622690404526
176,25,Stage 0,Stage 0,9.22161505741555e-20,0.9915294700201527
176,26,Stage 0,Stage 0,8.819178050352503e-20,0.9913559755764396
176,27,Stage 1,Stage 1,0.009800352867573126,0.9901996471321244
176,28,Stage 1,Stage 1,0.009697099346223191,0.9903029006534809
176,29,Stage 0,Stage 0,8.520205496502915e-20,0.9912140512260427
176,30,Stage 0,Stage 0,8.677207923103145e-20,0.9912900602817227
176,31,Stage 1,Stage 1,0.01044312836757466,0.9895568716320805
176,32,Stage 3,Stage 3,1.2458465006915191e-16,0.9918216718281889
176,33,Stage 0,Stage 0,1.1770386885997358e-17,0.9801813917513598
176,34,Stage 0,Stage 0,1.362256304658958e-17,0.9808474741330337
176,35,Stage 0,Stage 0,1.1746504177763643e-17,0.9801707910337142
176,36,Stage 3,Stage 3,1.5745428008113426e-16,0.990717420980011
176,37,Stage 0,Stage 0,9.899817471954102e-20,0.9917830838733842
176,38,Stage 4,Stage 4,0.6744116221435149,0.6744116221435149
176,39,Stage 0,Stage 0,1.1347762782985331e-17,0.9799845522493187
176,40,Stage 2,Stage 2,0.26180123907608943,0.7301136797161712
176,41,Stage 0,Stage 0,1.2586082948159591e-17,0.9805099022725244
176,42,Stage 3,Stage 3,1.0749976041905366e-16,0.992448911205905
176,43,Stage 0,Stage 0,1.2134452772851683e-17,0.9803357854271768
176,44,Stage 2,Stage 2,0.2630511561301873,0.7288973306033367
176,45,Stage 4,Stage 4,0.6675902513667413,0.6675902513667413
176,46,Stage 2,Stage 2,0.24529055562155658,0.7461055952146525
176,47,Stage 1,Stage 1,0.0100708869055207,0.9899291130941592
176,48,Stage 0,Stage 0,8.520205496502915e-20,0.9912140512260427
176,49,Stage 0,Stage 0,7.952147921726884e-20,0.9909085025359076
176,50,Stage 0,Stage 0,1.3267996330712023e-17,0.9807407977763951
176,51,Stage 0,Stage 0,8.607077158031066e-20,0.9912565230310001
176,52,Stage 0,Stage 0,8.783470504027307e-20,0.9913396405861271
176,53,Stage 3,Stage 3,1.5813828545132604e-16,0.9906956338210948
176,54,Stage 3,Stage 3,1.388515806678279e-16,0.9913276811213593
176,55,Stage 2,Stage 2,0.2754283060568758,0.7168139451612059
176,56,Stage 4,Stage 4,0.6699884527242035,0.6699884527242035
176,57,Stage 0,Stage 0,1.2611656210018498e-17,0.9805192271255027
176,58,Stage 3,Stage 3,1.3646393226964299e-16,0.9914086664638717
176,59,Stage 0,Stage 0,8.783470504027307e-20,0.9913396405861271
176,60,Stage 0,Stage 0,9.054820847169687e-20,0.9914598516358336
176,61,Stage 0,Stage 0,1.287023821130877e-17,0.9806105002089812
176,62,Stage 4,Stage 4,0.6696465551129941,0.6696465551129941
176,63,Stage 3,Stage 3,1.2458465006915191e-16,0.9918216718281889
176,64,Stage 2,Stage 2,0.2519349356419553,0.7396875820838313
176,65,Stage 4,Stage 4,0.6585836341778833,0.6585836341778833
176,66,Stage 4,Stage 4,0.6644901011083199,0.6644901011083199
176,67,Stage 1,Stage 1,0.011211970206723553,0.9887880297928772
176,68,Stage 4,Stage 4,0.6854567868244953,0.6854567868244953
176,69,Stage 0,Stage 0,8.434205362983467e-20,0.9911709616824874
176,70,Stage 1,Stage 1,0.010270857205587213,0.9897291427940793
176,71,Stage 4,Stage 4,0.6767766414749979,0.6767766414749979
176,72,Stage 2,Stage 2,0.24171450889478283,0.7495491550278278
176,73,Stage 2,Stage 2,0.242308144816448,0.7489780500215129
176,74,Stage 4,Stage 4,0.6929955259593715,0.6929955259593715
176,75,Stage 0,Stage 0,9.165680278779385e-20,0.9915064696883523
176,76,Stage 3,Stage 3,1.5882525403016033e-16,0.9906737959010864
176,77,Stage 3,Stage 3,1.5077442951527206e-16,0.9909325261098706
176,78,Stage 0,Stage 0,8.873010132836583e-20,0.9913802997255212
176,79,Stage 2,Stage 2,0.2815813802491283,0.7107825435195056
176,80,Stage 3,Stage 3,8.766447827787846e-17,0.9932379411080459
176,81,Stage 1,Stage 1,0.009995005606752856,0.9900049943929322
176,82,Stage 3,Stage 3,1.5077442951527206e-16,0.9909325261098706
176,83,Stage 4,Stage 4,0.6631062637382018,0.6631062637382018
176,84,Stage 0,Stage 0,8.315252702436151e-20,0.9911095853926171
176,85,Stage 2,Stage 2,0.2627383329464713,0.7292018228758231
176,86,Stage 2,Stage 2,0.24739231790083466,0.7440781543687385
176,87,Stage 0,Stage 0,1.2560561077266288e-17,0.9805005411964006
176,88,Stage 2,Stage 2,0.22861028551312673,0.7620972600864514
176,89,Stage 2,Stage 2,0.23408399923292728,0.7568700288384329
176,90,Stage 0,Stage 0,9.202932517534232e-20,0.9915218259744493
176,91,Stage 1,Stage 1,0.009609454194694656,0.9903905458050148
176,92,Stage 2,Stage 2,0.24201120808473084,0.7492637439240315
176,93,Stage 0,Stage 0,9.78012826822886e-20,0.9917414884816289
176,94,Stage 3,Stage 3,1.4313066079285363e-16,0.9911841280737391
176,95,Stage 3,Stage 3,1.6090406711241925e-16,0.9906079764103551
176,96,Stage 0,Stage 0,8.46850139491943e-20,0.9911882720675684
176,97,Stage 3,Stage 3,1.5813828545132604e-16,0.9906956338210948
176,98,Stage 0,Stage 0,9.487165560123325e-20,0.9916341295085987
176,99,Stage 0,Stage 0,8.19796738548088e-20,0.9910469656665484
176,100,Stage 0,Stage 0,1.2208593453132203e-17,0.980365639237517
176,101,Stage 0,Stage 0,9.277889271811996e-20,0.9915522663698692
176,102,Stage 0,Stage 0,9.525717101185453e-20,0.9916487261505318
176,103,Stage 2,Stage 2,0.26336420834067564,0.7285925686842741
176,104,Stage 0,Stage 0,9.839791832389827e-20,0.991762381205879
176,105,Stage 0,Stage 0,1.5137300381419323e-17,0.9812193182789706
176,106,Stage 1,Stage 1,0.009393758651967878,0.9906062413477549
176,107,Stage 1,Stage 1,0.010239838704654338,0.9897601612950144
176,108,Stage 0,Stage 0,1.334899836858545e-17,0.9807659238302157
176,109,Stage 3,Stage 3,1.5208739668280382e-16,0.9908899047222214
176,110,Stage 3,Stage 3,1.7320699049610832e-16,0.990226196699589
176,111,Stage 0,Stage 0,9.334504982898171e-20,0.9915748600865903
176,112,Stage 0,Stage 0,1.2560561077266288e-17,0.9805005411964006
176,113,Stage 0,Stage 0,9.018164793258518e-20,0.991444127864863
176,114,Stage 2,Stage 2,0.2627383329464713,0.7292018228758231
176,115,Stage 0,Stage 0,1.0041297742379242e-19,0.991830658016624
176,116,Stage 0,Stage 0,1.2896383652677683e-17,0.9806194316431087
176,117,Stage 3,Stage 3,1.7547348082189654e-16,0.9901572429469798
176,118,Stage 0,Stage 0,9.681487677796197e-20,0.9917062414926595
176,119,Stage 0,Stage 0,9.960207385273583e-20,0.9918035977382493
176,120,Stage 4,Stage 4,0.6727151467124962,0.6727151467124962
176,121,Stage 0,Stage 0,8.981656287912796e-20,0.9914283112014913
176,122,Stage 2,Stage 2,0.25838293997313205,0.7334362852539207
176,123,Stage 0,Stage 0,9.31559500739439e-20,0.9915673512795624
176,124,Stage 1,Stage 1,0.010010136452442388,0.9899898635472416
176,125,Stage 4,Stage 4,0.6828036358362569,0.6828036358362569
176,126,Stage 0,Stage 0,1.0351279911143774e-19,0.9919292140822679
176,127,Stage 3,Stage 3,1.2404544554862024e-16,0.9918408389192064
176,128,Stage 0,Stage 0,9.165680278779385e-20,0.9915064696883523
176,129,Stage 0,Stage 0,1.4418479510875946e-17,0.9810582935735213
176,130,Stage 4,Stage 4,0.6907152389444565,0.6907152389444565
176,131,Stage 0,Stage 0,1.3430490722743576e-17,0.980790743318878
176,132,Stage 1,Stage 1,0.010010136452442388,0.9899898635472416
176,133,Stage 0,Stage 0,1.390168659896195e-17,0.9809256893141848
176,134,Stage 4,Stage 4,0.6781227837843048,0.6781227837843048
176,135,Stage 0,Stage 0,1.2922581741193185e-17,0.9806283277652365
176,136,Stage 1,Stage 1,0.009238636411599783,0.9907613635881323
176,137,Stage 0,Stage 0,1.0020963784044093e-19,0.9918239240460098
176,138,Stage 2,Stage 2,0.26650729275407997,0.7255301655798967
176,139,Stage 0,Stage 0,9.960207385273583e-20,0.9918035977382493
176,140,Stage 1,Stage 1,0.008110230821370286,0.9918897691784249
176,141,Stage 4,Stage 4,0.6929955259593715,0.6929955259593715
176,142,Stage 0,Stage 0,1.2975136284103022e-17,0.9806460143726154
176,143,Stage 0,Stage 0,1.387352089176905e-17,0.9809180158781412
176,144,Stage 3,Stage 3,1.3010697391296376e-16,0.9916275228510862
176,145,Stage 1,Stage 1,0.008334502546113917,0.9916654974536694
176,146,Stage 0,Stage 0,9.410527400285663e-20,0.9916046721498973
176,147,Stage 3,Stage 3,1.481823122744664e-16,0.991017175804803
176,148,Stage 0,Stage 0,1.4773552006967535e-17,0.9811410132108295
176,149,Stage 0,Stage 0,1.0393323927914112e-19,0.9919420118778036
176,150,Stage 3,Stage 3,1.8644768331705783e-16,0.9898290236680843
176,151,Stage 3,Stage 3,1.2621633290938193e-16,0.9917639016699474
176,152,Stage 1,Stage 1,0.00949381320356987,0.990506186796147
176,153,Stage 0,Stage 0,1.1134641112802246e-19,0.9921476779669266
176,154,Stage 0,Stage 0,1.0102546252047937e-19,0.99185073617104
176,155,Stage 2,Stage 4,0.6929955259593715,0.6929955259593715
176,156,Stage 1,Stage 1,0.008708832104820737,0.9912911678949421
176,157,Stage 0,Stage 0,1.544720425987543e-17,0.9812812795009269
176,158,Stage 0,Stage 0,1.4924047416689345e-17,0.981174170451182
176,159,Stage 2,Stage 2,0.2693555062647687,0.7227511432103669
176,160,Stage 0,Stage 0,1.6853174580424634e-17,0.9815151023798271
176,161,Stage 0,Stage 0,1.412906368840792e-17,0.9809859070532867
176,162,Stage 2,Stage 2,0.2674546575569374,0.7246062225826132
176,163,Stage 4,Stage 4,0.7235724016235825,0.7235724016235825
176,164,Stage 0,Stage 0,1.0499178926504226e-19,0.9919736589332914
176,165,Stage 1,Stage 1,0.008513178319831715,0.991486821679942
176,166,Stage 0,Stage 0,1.4418479510875946e-17,0.9810582935735213
176,167,Stage 2,Stage 2,0.2941228562219094,0.6984438297200057
176,168,Stage 0,Stage 0,1.0584634858266361e-19,0.9919986220897354
176,169,Stage 1,Stage 1,0.0086693480022508,0.9913306519975144
176,170,Stage 0,Stage 0,1.0889218514975205e-19,0.9920835531617204
176,171,Stage 1,Stage 1,0.008564922491342707,0.9914350775084281
176,172,Stage 0,Stage 0,9.391464264113023e-20,0.9915972525102162
176,173,Stage 1,Stage 1,0.008436142628569428,0.9915638573712084
176,174,Stage 2,Stage 2,0.28125555419334825,0.7111023078859269
176,175,Stage 0,Stage 0,1.0735851686781043e-19,0.9920415582469281
176,176,Stage 2,Stage 4,0.7023085587129587,0.7023085587129587
176,177,Stage 0,Stage 0,1.1548174037139455e-19,0.9922478145896986
176,178,Stage 0,Stage 0,1.0757628892433757e-19,0.9920476148098398
176,179,Stage 0,Stage 0,1.0735851686781043e-19,0.9920415582469281
176,180,Stage 0,Stage 0,1.2271649048708283e-19,0.992402037882478
177,1,Stage 3,Stage 3,1.848390124182986e-16,0.9898765684947084
177,2,Stage 2,Stage 2,0.2507184070185569,0.7408645179111736
177,3,Stage 2,Stage 2,0.24829661090433064,0.7432050532542982
177,4,Stage 1,Stage 1,0.009465118971863792,0.9905348810278547
177,5,Stage 0,Stage 0,9.681487677796197e-20,0.9917062414926595
177,6,Stage 0,Stage 0,9.448769201481952e-20,0.9916194449715166
177,7,Stage 4,Stage 4,0.6801347236936146,0.6801347236936146
177,8,Stage 1,Stage 1,0.009741218293934874,0.9902587817057664
177,9,Stage 2,Stage 2,0.26650729275407997,0.7255301655798967
177,10,Stage 2,Stage 2,0.24529055562155658,0.7461055952146525
177,11,Stage 0,Stage 0,9.37243953407556e-20,0.9915898106525737
177,12,Stage 2,Stage 2,0.2848516335231417,0.7075708393879758
177,13,Stage 4,Stage 4,0.6672467173234601,0.6672467173234601
177,14,Stage 0,Stage 0,9.147110428318827e-20,0.9914987573472265
177,15,Stage 0,Stage 0,1.0499178926504226e-19,0.9919736589332914
177,16,Stage 0,Stage 0,9.147110428318827e-20,0.9914987573472265
177,17,Stage 0,Stage 0,9.31559500739439e-20,0.9915673512795624
177,18,Stage 2,Stage 4,0.6720348920125131,0.6720348920125131
177,19,Stage 0,Stage 0,1.0205454211877452e-19,0.9918837899546677
177,20,Stage 3,Stage 3,1.673047151838939e-16,0.9904077389095308
177,21,Stage 0,Stage 0,9.37243953407556e-20,0.9915898106525737
177,22,Stage 4,Stage 4,0.6784587144467115,0.6784587144467115
177,23,Stage 1,Stage 1,0.010010136452442388,0.9899898635472416
177,24,Stage 3,Stage 3,1.2898331317204133e-16,0.9916667155841863
177,25,Stage 0,Stage 0,1.4506445676364027e-17,0.9810793934619298
177,26,Stage 0,Stage 0,9.681487677796197e-20,0.9917062414926595
177,27,Stage 0,Stage 0,9.22161505741555e-20,0.9915294700201527
177,28,Stage 1,Stage 1,0.009522593587758624,0.990477406411956
177,29,Stage 0,Stage 0,9.839791832389827e-20,0.991762381205879
177,30,Stage 0,Stage 0,8.963457180159048e-20,0.9914203679064144
177,31,Stage 0,Stage 0,9.410527400285663e-20,0.9916046721498973
177,32,Stage 1,Stage 1,0.010301968689707616,0.989698031309957
177,33,Stage 3,Stage 3,1.5208739668280382e-16,0.9908899047222214
177,34,Stage 0,Stage 0,9.919906859254658e-20,0.9917899427447266
177,35,Stage 0,Stage 0,9.147110428318827e-20,0.9914987573472265
177,36,Stage 0,Stage 0,1.3107451416612386e-17,0.9806896181480723
177,37,Stage 4,Stage 4,0.6771135394147672,0.6771135394147672
177,38,Stage 4,Stage 4,0.7150984329042729,0.7150984329042729
177,39,Stage 2,Stage 2,0.25376674520975356,0.7379138770083318
177,40,Stage 0,Stage 0,8.963457180159048e-20,0.9914203679064144
177,41,Stage 0,Stage 0,1.2948832582911525e-17,0.9806371886501871
177,42,Stage 2,Stage 2,0.2693555062647687,0.7227511432103669
177,43,Stage 2,Stage 2,0.26242573894197413,0.729506045291669
177,44,Stage 4,Stage 4,0.6877652528474243,0.6877652528474243
177,45,Stage 0,Stage 0,1.2383338275301069e-17,0.980433992921724
177,46,Stage 0,Stage 0,1.0563206200887344e-19,0.9919924106682162
177,47,Stage 3,Stage 3,1.4066962128433056e-16,0.9912664449055839
177,48,Stage 3,Stage 3,1.930231564209102e-16,0.9896366196234786
177,49,Stage 0,Stage 0,9.583836753171736e-20,0.9916704571574527
177,50,Stage 3,Stage 3,1.198147844747022e-16,0.9919925770874629
177,51,Stage 0,Stage 0,8.131686794496749e-20,0.9910106172108247
177,52,Stage 2,Stage 2,0.2574555242711091,0.7343367343480506
177,53,Stage 0,Stage 0,1.4594944328110315e-17,0.9811002121879132
177,54,Stage 4,Stage 4,0.6811374035859517,0.6811374035859517
177,55,Stage 0,Stage 0,8.981656287912796e-20,0.9914283112014913
177,56,Stage 0,Stage 0,1.2975136284103022e-17,0.9806460143726154
177,57,Stage 0,Stage 0,1.0082088893385625e-19,0.9918440640336889
177,58,Stage 3,Stage 3,1.3067246071376175e-16,0.9916078578589149
177,59,Stage 2,Stage 2,0.273501847021749,0.7186991029313797
177,60,Stage 4,Stage 4,0.6933202648500807,0.6933202648500807
177,61,Stage 1,Stage 1,0.009711783633372769,0.9902882163663305
177,62,Stage 0,Stage 0,9.184287616612198e-20,0.9915141592139521
177,63,Stage 0,Stage 0,8.819178050352503e-20,0.9913559755764396
177,64,Stage 4,Stage 4,0.6733944514678334,0.6733944514678334
177,65,Stage 3,Stage 3,1.5474763695087082e-16,0.9908040643215447
177,66,Stage 4,Stage 4,0.6679335525769413,0.6679335525769413
177,67,Stage 3,Stage 3,1.3295903064814052e-16,0.9915287379271257
177,68,Stage 1,Stage 1,0.009800352867573126,0.9901996471321244
177,69,Stage 3,Stage 3,1.8087761916968798e-16,0.9899944682807489
177,70,Stage 1,Stage 1,0.009044873522153283,0.9909551264775904
177,71,Stage 1,Stage 1,0.01044312836757466,0.9895568716320805
177,72,Stage 3,Stage 3,1.3646393226964299e-16,0.9914086664638717
177,73,Stage 2,Stage 2,0.2549926177230726,0.7367258905770219
177,74,Stage 0,Stage 0,8.434205362983467e-20,0.9911709616824874
177,75,Stage 0,Stage 0,9.036474339409728e-20,0.9914520013362089
177,76,Stage 1,Stage 1,0.00949381320356987,0.990506186796147
177,77,Stage 0,Stage 0,1.3376107860797232e-17,0.9807742309598357
177,78,Stage 4,Stage 4,0.6733944514678334,0.6733944514678334
177,79,Stage 4,Stage 4,0.6750885414352491,0.6750885414352491
177,80,Stage 4,Stage 4,0.6727151467124962,0.6727151467124962
177,81,Stage 0,Stage 0,9.37243953407556e-20,0.9915898106525737
177,82,Stage 2,Stage 2,0.25041486069432983,0.74115805835694
177,83,Stage 0,Stage 0,9.525717101185453e-20,0.9916487261505318
177,84,Stage 0,Stage 0,1.3214265911931897e-17,0.9807238757959816
177,85,Stage 0,Stage 0,1.4157743979431764e-17,0.9809932890761482
177,86,Stage 0,Stage 0,9.277889271811996e-20,0.9915522663698692
177,87,Stage 1,Stage 1,0.009697099346223191,0.9903029006534809
177,88,Stage 0,Stage 0,1.3539915043536261e-17,0.980823362442118
177,89,Stage 1,Stage 1,0.009995005606752856,0.9900049943929322
177,90,Stage 4,Stage 4,0.6801347236936146,0.6801347236936146
177,91,Stage 4,Stage 4,0.6791298478289639,0.6791298478289639
177,92,Stage 0,Stage 0,1.3027902691056307e-17,0.9806635606276816
177,93,Stage 0,Stage 0,9.391464264113023e-20,0.9915972525102162
177,94,Stage 0,Stage 0,8.909079548356597e-20,0.9913963975468475
177,95,Stage 4,Stage 4,0.6981606215599166,0.6981606215599166
177,96,Stage 0,Stage 0,8.927168884212394e-20,0.9914044111309707
177,97,Stage 0,Stage 0,9.681487677796197e-20,0.9917062414926595
177,98,Stage 3,Stage 3,1.6160301689452604e-16,0.9905859342805401
177,99,Stage 4,Stage 4,0.6744116221435149,0.6744116221435149
177,100,Stage 0,Stage 0,1.4924047416689345e-17,0.981174170451182
177,101,Stage 0,Stage 0,9.353453132757058e-20,0.9915823465277942
177,102,Stage 2,Stage 2,0.26872098505124564,0.7233705666330764
177,103,Stage 2,Stage 2,0.27126448344691256,0.7208865124985092
177,104,Stage 2,Stage 2,0.2649328993978252,0.7270647217849756
177,105,Stage 3,Stage 3,1.7931686639812197e-16,0.9900412459085821
177,106,Stage 0,Stage 0,9.980418687985998e-20,0.9918103939525855
177,107,Stage 4,Stage 4,0.6761021226382252,0.6761021226382252
177,108,Stage 3,Stage 3,1.3705697726370712e-16,0.9913884908326821
177,109,Stage 1,Stage 1,0.009919690322993174,0.9900803096766966
177,110,Stage 0,Stage 0,1.3107451416612386e-17,0.9806896181480723
177,111,Stage 0,Stage 0,1.0955612881961845e-19,0.9921012664167081
177,112,Stage 2,Stage 2,0.2789809115922683,0.7133334588204383
177,113,Stage 0,Stage 0,9.642309106611137e-20,0.9916919925727748
177,114,Stage 0,Stage 0,1.2818104846848726e-17,0.9805925311045903
177,115,Stage 0,Stage 0,1.351247636228508e-17,0.9808152581821675
177,116,Stage 3,Stage 3,1.3945497509816846e-16,0.9913073165838424
177,117,Stage 2,Stage 2,0.25714684879590843,0.7346363376396886
177,118,Stage 1,Stage 1,0.009785535986405131,0.9902144640132933
177,119,Stage 0,Stage 0,1.0649180748961579e-19,0.9920171394855191
177,120,Stage 1,Stage 1,0.009580413828657553,0.9904195861710536
177,121,Stage 3,Stage 3,1.5474763695087082e-16,0.9908040643215447
177,122,Stage 0,Stage 0,1.0041297742379242e-19,0.991830658016624
177,123,Stage 0,Stage 0,9.165680278779385e-20,0.9915064696883523
177,124,Stage 1,Stage 1,0.009844936918240737,0.990155063081454
177,125,Stage 1,Stage 1,0.009682437044737417,0.9903175629549675
177,126,Stage 1,Stage 1,0.010178079564963655,0.9898219204347093
177,127,Stage 0,Stage 0,8.873010132836583e-20,0.9913802997255212
177,128,Stage 2,Stage 2,0.2621133742682796,0.7298099976414045
177,129,Stage 0,Stage 0,1.0330321413314762e-19,0.9919227852292337
177,130,Stage 0,Stage 0,1.345776431263147e-17,0.9807989486918249
177,131,Stage 1,Stage 1,0.00914124632909089,0.990858753670647
177,132,Stage 3,Stage 3,1.2191180834968498e-16,0.9919170618790788
177,133,Stage 1,Stage 1,0.00892244362758019,0.9910775563721705
177,134,Stage 0,Stage 0,8.659622161005087e-20,0.9912817124353902
177,135,Stage 1,Stage 1,0.008976652843499092,0.9910233471562485
177,136,Stage 4,Stage 4,0.6821378797765163,0.6821378797765163
177,137,Stage 0,Stage 0,1.0246908837687985e-19,0.9918968690858989
177,138,Stage 0,Stage 0,9.583836753171736e-20,0.9916704571574527
177,139,Stage 0,Stage 0,1.3294942712957499e-17,0.9807492073107461
177,140,Stage 2,Stage 2,0.2674546575569374,0.7246062225826132
177,141,Stage 4,Stage 4,0.6744116221435149,0.6744116221435149
177,142,Stage 0,Stage 0,1.0061672751189167e-19,0.9918373713306831
177,143,Stage 3,Stage 3,1.3765259292095088e-16,0.9913682681373117
177,144,Stage 1,Stage 1,0.009407987955110443,0.9905920120446114
177,145,Stage 2,Stage 2,0.26682285394722827,0.7252224515864604
177,146,Stage 3,Stage 3,1.3646393226964299e-16,0.9914086664638717
177,147,Stage 3,Stage 3,1.7931686639812197e-16,0.9900412459085821
177,148,Stage 2,Stage 2,0.26556197357446565,0.7264517029193922
177,149,Stage 4,Stage 4,0.688750844809712,0.688750844809712
177,150,Stage 1,Stage 1,0.010040466198299552,0.9899595338013824
177,151,Stage 4,Stage 4,0.6926705324524638,0.6926705324524638
177,152,Stage 2,Stage 2,0.2593124366704646,0.7325333815492892
177,153,Stage 3,Stage 3,1.6803138880578172e-16,0.9903852304193212
177,154,Stage 4,Stage 4,0.694940131103242,0.694940131103242
177,155,Stage 1,Stage 1,0.009934708297490292,0.9900652917021984
177,156,Stage 4,Stage 4,0.6880940342631542,0.6880940342631542
177,157,Stage 0,Stage 0,1.4157743979431764e-17,0.9809932890761482
177,158,Stage 4,Stage 4,0.6798000086854755,0.6798000086854755
177,159,Stage 0,Stage 0,9.448769201481952e-20,0.9916194449715166
177,160,Stage 4,Stage 4,0.6669029507634441,0.6669029507634441
177,161,Stage 2,Stage 2,0.2580735699978759,0.7337367079548769
177,162,Stage 2,Stage 2,0.28386827385206,0.7085370278993444
177,163,Stage 3,Stage 3,1.6586075562578934e-16,0.9904525991304134
177,164,Stage 0,Stage 0,1.2383338275301069e-17,0.980433992921724
177,165,Stage 0,Stage 0,1.0082088893385625e-19,0.9918440640336889
177,166,Stage 2,Stage 2,0.26650729275407997,0.7255301655798967
177,167,Stage 0,Stage 0,9.334504982898171e-20,0.9915748600865903
177,168,Stage 0,Stage 0,1.526051431450378e-17,0.9812444580010095
177,169,Stage 3,Stage 3,1.2954392823164148e-16,0.9916471420578322
177,170,Stage 3,Stage 3,1.7471471725679526e-16,0.9901802809920105
177,171,Stage 0,Stage 0,9.919906859254658e-20,0.9917899427447266
177,172,Stage 1,Stage 1,0.00889546080219924,0.991104539197553
177,173,Stage 3,Stage 3,1.2191180834968498e-16,0.9919170618790788
177,174,Stage 2,Stage 2,0.27286148006909366,0.7193253923821371
177,175,Stage 3,Stage 3,1.3124039917685881e-16,0.9915881469760511
177,176,Stage 1,Stage 1,0.009224660862413293,0.9907753391373196
177,177,Stage 1,Stage 1,0.008935965441059237,0.9910640345586906
177,178,Stage 0,Stage 0,9.622779001159291e-20,0.9916848357534722
177,179,Stage 0,Stage 0,9.701136302956587e-20,0.9917133336883921
177,180,Stage 2,Stage 2,0.27446407325826855,0.7177577015716604
177,181,Stage 0,Stage 0,1.5795377080955355e-17,0.9813460579008313
177,182,Stage 4,Stage 4,0.6824708808016353,0.6824708808016353
177,183,Stage 2,Stage 2,0.273501847021749,0.7186991029313797
177,184,Stage 0,Stage 0,1.0606106777124854e-19,0.9920048140045602
177,185,Stage 2,Stage 2,0.28125555419334825,0.7111023078859269
177,186,Stage 3,Stage 3,1.7547348082189654e-16,0.9901572429469798
177,187,Stage 3,Stage 3,1.7931686639812197e-16,0.9900412459085821
177,188,Stage 2,Stage 2,0.2725416322991087,0.7196381429789372
177,189,Stage 0,Stage 0,1.6053477068396048e-17,0.9813909905483698
177,190,Stage 3,Stage 3,1.785415327372632e-16,0.990064553301333
177,191,Stage 2,Stage 2,0.27671706241262906,0.7155519507884045
177,192,Stage 2,Stage 2,0.2693555062647687,0.7227511432103669
177,193,Stage 4,Stage 4,0.689734175903176,0.689734175903176
177,194,Stage 0,Stage 0,1.0845178258406185e-19,0.9920716498174228
177,195,Stage 2,Stage 2,0.27126448344691256,0.7208865124985092
177,196,Stage 1,Stage 1,0.009351198523028188,0.990648801476697
177,197,Stage 4,Stage 4,0.6946166691285217,0.6946166691285217
177,198,Stage 0,Stage 0,9.128577989666076e-20,0.9914910221400364
177,199,Stage 0,Stage 0,1.0499178926504226e-19,0.9919736589332914
177,200,Stage 1,Stage 1,0.00853901154872548,0.9914609884510467
177,201,Stage 2,Stage 2,0.28517985352171255,0.7072482684421606
177,202,Stage 1,Stage 1,0.008775035424364176,0.9912249645753948
177,203,Stage 2,Stage 4,0.7038921691530047,0.7038921691530047
177,204,Stage 0,Stage 0,1.1362526992564038e-19,0.9922040330326647
177,205,Stage 1,Stage 1,0.008788335824128789,0.9912116641756296
177,206,Stage 2,Stage 4,0.6959089791515093,0.6959089791515093
177,207,Stage 3,Stage 3,1.6514344283747465e-16,0.9904749510996224
177,208,Stage 2,Stage 2,0.27930520129405223,0.7130154960741061
177,209,Stage 0,Stage 0,1.6548754397745588e-17,0.9814704090652869
177,210,Stage 0,Stage 0,1.2548084931494382e-19,0.9924547852276124
177,211,Stage 2,Stage 2,0.2924550448654433,0.7000879966267913
177,212,Stage 2,Stage 2,0.29145689323540164,0.7010715245803473
177,213,Stage 0,Stage 0,1.0041297742379242e-19,0.991830658016624
177,214,Stage 0,Stage 0,1.5384723732529304e-17,0.9812691234190816
177,215,Stage 2,Stage 2,0.2703089811070587,0.7218200187592283
177,216,Stage 3,Stage 3,1.717122375802452e-16,0.990271899376191
177,217,Stage 4,Stage 4,0.7098497045701584,0.7098497045701584
177,218,Stage 3,Stage 3,1.4882614470725118e-16,0.9909960872334609
177,219,Stage 2,Stage 4,0.7073529361150179,0.7073529361150179
177,220,Stage 1,Stage 1,0.008423370713703974,0.9915766292860745
177,221,Stage 2,Stage 2,0.28125555419334825,0.7111023078859269
177,222,Stage 0,Stage 0,9.859760040023931e-20,0.9917693031503555
177,223,Stage 2,Stage 4,0.6968755151177335,0.6968755151177335
177,224,Stage 3,Stage 3,1.687612096535004e-16,0.9903626695164707
177,225,Stage 2,Stage 2,0.28946632350705875,0.7030318592269159
177,226,Stage 3,Stage 3,1.437526014416234e-16,0.9911634287509127
177,227,Stage 2,Stage 2,0.2848516335231417,0.7075708393879758
177,228,Stage 0,Stage 0,1.4683978690384503e-17,0.9811207515190339
177,229,Stage 0,Stage 0,1.0627622044839007e-19,0.9920109864555632
177,230,Stage 3,Stage 3,1.6230499434520907e-16,0.990563840805628
177,231,Stage 0,Stage 0,1.0102546252047937e-19,0.99185073617104
177,232,Stage 0,Stage 0,1.6282747255418753e-17,0.9814288284156778
177,233,Stage 0,Stage 0,1.0779450063535469e-19,0.9920536522063002
177,234,Stage 1,Stage 1,0.008359798155126278,0.9916402018446557
177,235,Stage 0,Stage 0,1.0584634858266361e-19,0.9919986220897354
177,236,Stage 0,Stage 0,1.0889218514975205e-19,0.9920835531617204
177,237,Stage 0,Stage 0,1.529147302915117e-17,0.9812506686664836
177,238,Stage 1,Stage 1,0.00797613324032628,0.9920238667594758
177,239,Stage 3,Stage 3,1.824519159718827e-16,0.9899474727021906
177,240,Stage 2,Stage 2,0.29312153679008407,0.6994310715596714
177,241,Stage 3,Stage 3,1.8009555705287568e-16,0.9900178842763672
177,242,Stage 0,Stage 0,1.1248009535808874e-19,0.9921760837816033
180,1,Stage 0,Stage 0,8.554849084858906e-20,0.9912311136935966
180,2,Stage 2,Stage 2,0.24529055562155658,0.7461055952146525
180,3,Stage 3,Stage 3,1.2842511828128758e-16,0.9916862435349484
180,4,Stage 0,Stage 0,9.036474339409728e-20,0.9914520013362089
180,5,Stage 0,Stage 0,8.115200014791238e-20,0.9910014652339335
180,6,Stage 3,Stage 3,1.4690296916016509e-16,0.9910592059180846
180,7,Stage 1,Stage 1,0.011027157465258584,0.9889728425343555
180,8,Stage 0,Stage 0,8.909079548356597e-20,0.9913963975468475
180,9,Stage 1,Stage 1,0.011010506436409693,0.9889894935632056
180,10,Stage 0,Stage 0,8.08232602695753e-20,0.9909830830405886
180,11,Stage 0,Stage 0,8.231308708690136e-20,0.9910649850272207
180,12,Stage 0,Stage 0,1.2433718978351717e-17,0.9804531897659231
180,13,Stage 0,Stage 0,9.128577989666076e-20,0.9914910221400364
180,14,Stage 0,Stage 0,8.000718776672785e-20,0.990936668448035
180,15,Stage 0,Stage 0,8.694829184898601e-20,0.9912983839068218
180,16,Stage 1,Stage 1,0.01053829632109027,0.9894617036785583
180,17,Stage 2,Stage 2,0.2658768524060471,0.7261447914628317
180,18,Stage 4,Stage 4,0.6716944091958587,0.6716944091958587
180,19,Stage 0,Stage 0,1.2637280966370862e-17,0.9805285158322073
180,20,Stage 3,Stage 3,1.418948194170051e-16,0.9912253823613508
180,21,Stage 3,Stage 3,1.5142949392376147e-16,0.9909112402221542
180,22,Stage 0,Stage 0,8.164760260911624e-20,0.99102884321395
180,23,Stage 4,Stage 4,0.6727151467124962,0.6727151467124962
180,24,Stage 0,Stage 0,8.434205362983467e-20,0.9911709616824874
180,25,Stage 0,Stage 0,1.1794317683016291e-17,0.9801919536097496
180,26,Stage 2,Stage 2,0.24829661090433064,0.7432050532542982
180,27,Stage 0,Stage 0,1.3321943355813858e-17,0.9807575826379088
180,28,Stage 0,Stage 0,1.1187497314564652e-17,0.9799044975199033
180,29,Stage 0,Stage 0,7.745036741605663e-20,0.990783658434291
180,30,Stage 1,Stage 1,0.009874771118159353,0.9901252288815332
180,31,Stage 0,Stage 0,8.264784773209078e-20,0.9910829017524949
180,32,Stage 3,Stage 3,1.3945497509816846e-16,0.9913073165838424
180,33,Stage 0,Stage 0,1.2085273632587744e-17,0.9803156948360203
180,34,Stage 0,Stage 0,1.1347762782985331e-17,0.9799845522493187
180,35,Stage 4,Stage 4,0.6658702591579196,0.6658702591579196
180,36,Stage 0,Stage 0,1.1866399576552271e-17,0.9802234068562619
180,37,Stage 0,Stage 0,1.1963187910619158e-17,0.9802648054895884
180,38,Stage 0,Stage 0,7.760776327708455e-20,0.9907934246903364
180,39,Stage 1,Stage 1,0.010132002273315599,0.9898679977263604
180,40,Stage 0,Stage 0,8.298396123902237e-20,0.9911007162968369
180,41,Stage 0,Stage 0,1.2611656210018498e-17,0.9805192271255027
180,42,Stage 0,Stage 0,8.08232602695753e-20,0.9909830830405886
180,43,Stage 0,Stage 0,9.054820847169687e-20,0.9914598516358336
180,44,Stage 0,Stage 0,7.745036741605663e-20,0.990783658434291
180,45,Stage 4,Stage 4,0.6841321904490448,0.6841321904490448
180,46,Stage 0,Stage 0,8.298396123902237e-20,0.9911007162968369
180,47,Stage 2,Stage 2,0.24290273052425007,0.7484058145098628
180,48,Stage 2,Stage 2,0.23176869902905484,0.7590836699694671
180,49,Stage 3,Stage 3,1.5274815003928008e-16,0.9908685194963217
180,50,Stage 2,Stage 2,0.25315520778394973,0.7385062168479645
180,51,Stage 0,Stage 0,9.467948022119981e-20,0.9916267982512464
180,52,Stage 1,Stage 1,0.010731213620810186,0.9892687863788249
180,53,Stage 0,Stage 0,8.642071827046151e-20,0.9912733403140861
180,54,Stage 4,Stage 4,0.668962056057008,0.668962056057008
180,55,Stage 3,Stage 3,1.3067246071376175e-16,0.9916078578589149
180,56,Stage 2,Stage 2,0.236707054712252,0.7543577110886671
180,57,Stage 0,Stage 0,6.759611348741502e-20,0.9900636698465668
180,58,Stage 0,Stage 0,8.315252702436151e-20,0.9911095853926171
180,59,Stage 2,Stage 2,0.2519349356419553,0.7396875820838313
180,60,Stage 4,Stage 4,0.6561326203951546,0.6561326203951546
180,61,Stage 4,Stage 4,0.6582341597389156,0.6582341597389156
180,62,Stage 4,Stage 4,0.6504896468507623,0.6504896468507623
180,63,Stage 3,Stage 3,1.3295903064814052e-16,0.9915287379271257
180,64,Stage 0,Stage 0,8.945294736894336e-20,0.9914124012335139
180,65,Stage 4,Stage 4,0.6568340251051958,0.6568340251051958
180,66,Stage 4,Stage 4,0.6317750228363617,0.6317750228363617
180,67,Stage 0,Stage 0,9.128577989666076e-20,0.9914910221400364
180,68,Stage 3,Stage 3,1.388515806678279e-16,0.9913276811213593
180,69,Stage 2,Stage 2,0.24499124883316234,0.7463941075463413
180,70,Stage 2,Stage 2,0.24499124883316234,0.7463941075463413
180,71,Stage 0,Stage 0,8.000718776672785e-20,0.990936668448035
180,72,Stage 4,Stage 4,0.6665589520038038,0.6665589520038038
180,73,Stage 1,Stage 1,0.010682659255632243,0.9893173407440063
180,74,Stage 2,Stage 2,0.24023457934052553,0.7509719625722814
180,75,Stage 3,Stage 3,1.2786933315120065e-16,0.9917057260146858
180,76,Stage 1,Stage 1,0.010055665165061838,0.9899443348346193
180,77,Stage 1,Stage 1,0.009934708297490292,0.9900652917021984
180,78,Stage 3,Stage 3,1.1623121658548097e-16,0.9921230451330736
180,79,Stage 3,Stage 3,1.4251140396290633e-16,0.991204779240457
180,80,Stage 4,Stage 4,0.6631062637382018,0.6631062637382018
180,81,Stage 0,Stage 0,8.485701351635163e-20,0.9911968899211833
180,82,Stage 2,Stage 2,0.2393494780139037,0.7518222425992226
180,83,Stage 3,Stage 3,1.3705697726370712e-16,0.9913884908326821
180,84,Stage 0,Stage 0,8.000718776672785e-20,0.990936668448035
180,85,Stage 1,Stage 1,0.010506478714620649,0.9894935212850299
180,86,Stage 1,Stage 1,0.010333173429814414,0.9896668265698481
180,87,Stage 0,Stage 0,1.1818296665699673e-17,0.9802024766916642
180,88,Stage 2,Stage 2,0.23292442842273028,0.7579791525754661
180,89,Stage 4,Stage 4,0.6655255657097157,0.6655255657097157
180,90,Stage 1,Stage 1,0.010715004626066438,0.9892849953735698
180,91,Stage 0,Stage 0,8.537509825055995e-20,0.9912225947871058
180,92,Stage 0,Stage 0,1.1557162146697265e-17,0.9800845763643546
180,93,Stage 3,Stage 3,1.481823122744664e-16,0.991017175804803
180,94,Stage 0,Stage 0,1.1051911568355228e-17,0.979834281681977
180,95,Stage 2,Stage 2,0.2519349356419553,0.7396875820838313
180,96,Stage 0,Stage 0,9.87976855940541e-20,0.9917762040240412
180,97,Stage 0,Stage 0,1.2896383652677683e-17,0.9806194316431087
180,98,Stage 0,Stage 0,1.1486940733603632e-17,0.9800515945672307
180,99,Stage 0,Stage 0,9.391464264113023e-20,0.9915972525102162
180,100,Stage 4,Stage 4,0.649425377488924,0.649425377488924
180,101,Stage 1,Stage 1,0.011043833394024273,0.9889561666055886
180,102,Stage 0,Stage 0,1.0351279911143774e-19,0.9919292140822679
180,103,Stage 2,Stage 2,0.2470913581649781,0.7443686290769289
180,104,Stage 1,Stage 1,0.010086131453090964,0.9899138685465878
180,105,Stage 0,Stage 0,7.952147921726884e-20,0.9909085025359076
180,106,Stage 1,Stage 1,0.010025289971866769,0.9899747100278161
180,107,Stage 2,Stage 2,0.24649014624642607,0.7449487389111789
180,108,Stage 4,Stage 4,0.6662147213624142,0.6662147213624142
180,109,Stage 0,Stage 0,8.164760260911624e-20,0.99102884321395
180,110,Stage 3,Stage 3,1.4882614470725118e-16,0.9909960872334609
180,111,Stage 3,Stage 3,1.2191180834968498e-16,0.9919170618790788
180,112,Stage 4,Stage 4,0.6603276342630003,0.6603276342630003
180,113,Stage 0,Stage 0,7.903870012013863e-20,0.9908800968125381
180,114,Stage 4,Stage 4,0.6750885414352491,0.6750885414352491
180,115,Stage 3,Stage 3,1.7096969154466563e-16,0.9902946711314999
180,116,Stage 0,Stage 0,8.214621238389883e-20,0.9910559882047939
180,117,Stage 4,Stage 4,0.6651806413379726,0.6651806413379726
180,118,Stage 0,Stage 0,8.801306274854312e-20,0.9913478200055159
180,119,Stage 0,Stage 0,8.131686794496749e-20,0.9910106172108247
180,120,Stage 2,Stage 2,0.2513262029042564,0.740276604430418
180,121,Stage 2,Stage 2,0.24920302226922736,0.7423294404854913
180,122,Stage 2,Stage 2,0.25529966794781866,0.7364282061932163
180,123,Stage 1,Stage 1,0.010812623108673656,0.9891873768909557
180,124,Stage 4,Stage 4,0.6627597319301668,0.6627597319301668
180,125,Stage 1,Stage 1,0.010796292490686686,0.9892037075089438
180,126,Stage 2,Stage 2,0.2337937466443579,0.7571477410659883
180,127,Stage 0,Stage 0,8.74790668622754e-20,0.9913232099902709
180,128,Stage 4,Stage 4,0.6669029507634441,0.6669029507634441
180,129,Stage 3,Stage 3,1.3295903064814052e-16,0.9915287379271257
180,130,Stage 0,Stage 0,1.1842323931121614e-17,0.9802129610796981
180,131,Stage 0,Stage 0,9.37243953407556e-20,0.9915898106525737
180,132,Stage 2,Stage 2,0.24679063424412062,0.7446588239845878
180,133,Stage 1,Stage 1,0.01074744686913522,0.9892525531304988
180,134,Stage 0,Stage 0,1.3107451416612386e-17,0.9806896181480723
180,135,Stage 0,Stage 0,9.277889271811996e-20,0.9915522663698692
180,136,Stage 4,Stage 4,0.6651806413379726,0.6651806413379726
180,137,Stage 4,Stage 4,0.6648354863636098,0.6648354863636098
180,138,Stage 0,Stage 0,8.164760260911624e-20,0.99102884321395
180,139,Stage 3,Stage 3,1.2621633290938193e-16,0.9917639016699474
180,140,Stage 0,Stage 0,1.334899836858545e-17,0.9807659238302157
180,141,Stage 2,Stage 2,0.23061681542732937,0.7601835710174436
180,142,Stage 4,Stage 4,0.6564834339169144,0.6564834339169144
180,143,Stage 3,Stage 3,1.267649507625699e-16,0.9917445549781971
180,144,Stage 4,Stage 4,0.6675902513667413,0.6675902513667413
180,145,Stage 1,Stage 1,0.011027157465258584,0.9889728425343555
180,146,Stage 0,Stage 0,9.277889271811996e-20,0.9915522663698692
180,147,Stage 2,Stage 2,0.25714684879590843,0.7346363376396886
180,148,Stage 2,Stage 2,0.24082583751358175,0.7504036898319053
180,149,Stage 0,Stage 0,8.366026874290211e-20,0.9911360406503251
180,150,Stage 0,Stage 0,1.2560561077266288e-17,0.9805005411964006
180,151,Stage 0,Stage 0,8.485701351635163e-20,0.9911968899211833
180,152,Stage 1,Stage 1,0.010086131453090964,0.9899138685465878
180,153,Stage 2,Stage 2,0.2455900988615248,0.7458168020071239
180,154,Stage 0,Stage 0,8.164760260911624e-20,0.99102884321395
180,155,Stage 1,Stage 1,0.011228922447092532,0.9887710775525067
180,156,Stage 1,Stage 1,0.01025533634924254,0.989744663650425
180,157,Stage 4,Stage 4,0.649425377488924,0.649425377488924
180,158,Stage 2,Stage 2,0.24141804734081146,0.7498342831611539
180,159,Stage 2,Stage 2,0.24171450889478283,0.7495491550278278
180,160,Stage 3,Stage 3,1.450045805823419e-16,0.9911218851945769
180,161,Stage 0,Stage 0,9.37243953407556e-20,0.9915898106525737
180,162,Stage 1,Stage 1,0.009934708297490292,0.9900652917021984
180,163,Stage 0,Stage 0,9.296723129296975e-20,0.9915598200571972
180,164,Stage 0,Stage 0,8.281573503643895e-20,0.9910918217689588
180,165,Stage 0,Stage 0,8.694829184898601e-20,0.9912983839068218
180,166,Stage 4,Stage 4,0.6554303277140929,0.6554303277140929
180,167,Stage 3,Stage 3,1.1775374791176718e-16,0.9920673910242831
180,168,Stage 2,Stage 2,0.236707054712252,0.7543577110886671
180,169,Stage 0,Stage 0,8.231308708690136e-20,0.9910649850272207
180,170,Stage 2,Stage 2,0.23061681542732937,0.7601835710174436
180,171,Stage 1,Stage 1,0.01025533634924254,0.989744663650425
180,172,Stage 3,Stage 3,1.2458465006915191e-16,0.9918216718281889
180,173,Stage 0,Stage 0,8.332143307836255e-20,0.991118429112658
180,174,Stage 0,Stage 0,1.2458985440066693e-17,0.9804627331169338
180,175,Stage 4,Stage 4,0.6536707291045804,0.6536707291045804
180,176,Stage 0,Stage 0,8.434205362983467e-20,0.9911709616824874
180,177,Stage 0,Stage 0,7.808185967019076e-20,0.9908225595091481
180,178,Stage 0,Stage 0,9.073204391193619e-20,0.9914676788149698
180,179,Stage 1,Stage 1,0.010333173429814414,0.9896668265698481
180,180,Stage 1,Stage 1,0.010208912914871814,0.9897910870847989
180,181,Stage 3,Stage 3,1.2404544554862024e-16,0.9918408389192064
180,182,Stage 0,Stage 0,9.202932517534232e-20,0.9915218259744493
180,183,Stage 2,Stage 2,0.25407286382189126,0.7376172934546089
180,184,Stage 0,Stage 0,9.073204391193619e-20,0.9914676788149698
180,185,Stage 2,Stage 2,0.23817268035555245,0.7529519679552488
180,186,Stage 2,Stage 2,0.23993930735123364,0.7512556732945078
180,187,Stage 1,Stage 1,0.010333173429814414,0.9896668265698481
180,188,Stage 0,Stage 0,8.000718776672785e-20,0.990936668448035
180,189,Stage 0,Stage 0,8.315252702436151e-20,0.9911095853926171
180,190,Stage 0,Stage 0,7.620256139689083e-20,0.9907045359007585
180,191,Stage 4,Stage 4,0.6557815848804494,0.6557815848804494
180,192,Stage 3,Stage 3,1.1324482376263934e-16,0.9922331915318743
180,193,Stage 0,Stage 0,8.963457180159048e-20,0.9914203679064144
180,194,Stage 4,Stage 4,0.669304422786679,0.669304422786679
180,195,Stage 0,Stage 0,1.2208593453132203e-17,0.980365639237517
180,196,Stage 0,Stage 0,8.945294736894336e-20,0.9914124012335139
180,197,Stage 1,Stage 1,0.010301968689707616,0.989698031309957
180,198,Stage 3,Stage 3,1.5077442951527206e-16,0.9909325261098706
180,199,Stage 0,Stage 0,1.1278801174521849e-17,0.9799504871008234
180,200,Stage 4,Stage 4,0.6585836341778833,0.6585836341778833
180,201,Stage 0,Stage 0,8.383019973218452e-20,0.9911448085800331
180,202,Stage 0,Stage 0,1.2208593453132203e-17,0.980365639237517
180,203,Stage 1,Stage 1,0.010395863773007857,0.9896041362266504
180,204,Stage 2,Stage 2,0.25011154894036597,0.7414513210234408
180,205,Stage 3,Stage 3,1.5745428008113426e-16,0.990717420980011
180,206,Stage 2,Stage 2,0.2528497892226809,0.7388019727493059
180,207,Stage 0,Stage 0,8.115200014791238e-20,0.9910014652339335
180,208,Stage 0,Stage 0,8.855029906400031e-20,0.9913722153838513
180,209,Stage 0,Stage 0,8.248029864283356e-20,0.9910739561908304
180,210,Stage 2,Stage 2,0.24260531899489832,0.7486920734925386
180,211,Stage 4,Stage 4,0.6596307099883298,0.6596307099883298
180,212,Stage 0,Stage 0,1.1746504177763643e-17,0.9801707910337142
180,213,Stage 1,Stage 1,0.009785535986405131,0.9902144640132933
180,214,Stage 0,Stage 0,8.46850139491943e-20,0.9911882720675684
180,215,Stage 4,Stage 4,0.6617187678056939,0.6617187678056939
180,216,Stage 0,Stage 0,7.635743854973838e-20,0.9907145232822799
180,217,Stage 0,Stage 0,8.694829184898601e-20,0.9912983839068218
180,218,Stage 0,Stage 0,8.148206854130017e-20,0.9910197431849472
180,219,Stage 0,Stage 0,1.2484302778220652e-17,0.9804722398578325
180,220,Stage 0,Stage 0,7.682394825227141e-20,0.9907443185372786
180,221,Stage 4,Stage 4,0.6585836341778833,0.6585836341778833
180,222,Stage 4,Stage 4,0.668962056057008,0.668962056057008
180,223,Stage 0,Stage 0,8.909079548356597e-20,0.9913963975468475
180,224,Stage 0,Stage 0,8.999892134210829e-20,0.9914362311704462
180,225,Stage 2,Stage 2,0.2627383329464713,0.7292018228758231
180,226,Stage 4,Stage 4,0.6571843936202091,0.6571843936202091
180,227,Stage 0,Stage 0,1.3107451416612386e-17,0.9806896181480723
180,228,Stage 2,Stage 2,0.24618989427922633,0.7452383736766981
180,229,Stage 1,Stage 1,0.01077998626851497,0.9892200137311167
180,230,Stage 4,Stage 4,0.6568340251051958,0.6568340251051958
180,231,Stage 0,Stage 0,1.2358223830009592e-17,0.9804243392721755
180,232,Stage 0,Stage 0,1.2844145311242713e-17,0.9806015333878619
180,233,Stage 4,Stage 4,0.6672467173234601,0.6672467173234601
180,234,Stage 2,Stage 2,0.25376674520975356,0.7379138770083318
180,235,Stage 2,Stage 2,0.2513262029042564,0.740276604430418
180,236,Stage 0,Stage 0,8.332143307836255e-20,0.991118429112658
180,237,Stage 3,Stage 3,1.2621633290938193e-16,0.9917639016699474
180,238,Stage 0,Stage 0,8.694829184898601e-20,0.9912983839068218
180,239,Stage 0,Stage 0,9.353453132757058e-20,0.9915823465277942
180,240,Stage 1,Stage 1,0.010239838704654338,0.9897601612950144
180,241,Stage 0,Stage 0,8.400047374762764e-20,0.9911535513581672
180,242,Stage 1,Stage 1,0.009949748780050132,0.9900502512196377
180,243,Stage 0,Stage 0,8.981656287912796e-20,0.9914283112014913
180,244,Stage 2,Stage 2,0.26148933351523956,0.7304170913077054
180,245,Stage 0,Stage 0,8.589632680577147e-20,0.9912480777611306
180,246,Stage 0,Stage 0,8.765670665295167e-20,0.9913314372653822
180,247,Stage 1,Stage 1,0.010666522809220242,0.9893334771904194
180,248,Stage 4,Stage 4,0.6641444858945478,0.6641444858945478
180,249,Stage 2,Stage 2,0.25683840509560746,0.7349356673952726
180,250,Stage 3,Stage 3,1.5208739668280382e-16,0.9908899047222214
180,251,Stage 4,Stage 4,0.6821378797765163,0.6821378797765163
180,252,Stage 1,Stage 1,0.009995005606752856,0.9900049943929322
180,253,Stage 2,Stage 2,0.26055499610603355,0.7313257011092654
180,254,Stage 1,Stage 1,0.010474756156049585,0.9895252438436032
180,255,Stage 0,Stage 0,1.2011874901151122e-17,0.9802852752665986
180,256,Stage 1,Stage 1,0.009508192610771415,0.9904918073889444
180,257,Stage 2,Stage 2,0.24588987844903148,0.7455277281016649
180,258,Stage 1,Stage 1,0.010796292490686686,0.9892037075089438
180,259,Stage 1,Stage 1,0.009099819743673495,0.9909001802560667
180,260,Stage 2,Stage 2,0.27575016202612107,0.7164988374361844
180,261,Stage 2,Stage 2,0.25346085982156524,0.7382101848703055
180,262,Stage 4,Stage 4,0.670671542558104,0.670671542558104
180,263,Stage 4,Stage 4,0.6613713246232751,0.6613713246232751
180,264,Stage 4,Stage 4,0.6634525668851401,0.6634525668851401
180,265,Stage 4,Stage 4,0.6669029507634441,0.6669029507634441
180,266,Stage 0,Stage 0,1.2922581741193185e-17,0.9806283277652365
180,267,Stage 1,Stage 1,0.009436510639765031,0.9905634893599552
180,268,Stage 0,Stage 0,9.603288243117046e-20,0.9916776572976473
180,269,Stage 0,Stage 0,9.036474339409728e-20,0.9914520013362089
180,270,Stage 3,Stage 3,1.481823122744664e-16,0.991017175804803
180,271,Stage 0,Stage 0,1.3430490722743576e-17,0.980790743318878
180,272,Stage 4,Stage 4,0.680803421430519,0.680803421430519
180,273,Stage 4,Stage 4,0.6578844612749902,0.6578844612749902
180,274,Stage 1,Stage 1,0.009904694823563766,0.990095305176127
180,275,Stage 2,Stage 2,0.2674546575569374,0.7246062225826132
180,276,Stage 0,Stage 0,8.74790668622754e-20,0.9913232099902709
180,277,Stage 3,Stage 3,1.7245799927632027e-16,0.9902490746059706
180,278,Stage 0,Stage 0,1.2433718978351717e-17,0.9804531897659231
180,279,Stage 2,Stage 2,0.2690381326762171,0.7230609876913192
180,280,Stage 1,Stage 1,0.00903118841180281,0.9909688115879415
180,281,Stage 3,Stage 3,1.7023034736543948e-16,0.9903173899928813
180,282,Stage 4,Stage 4,0.6720348920125131,0.6720348920125131
180,283,Stage 2,Stage 2,0.25962273068952946,0.7322318691216054
180,284,Stage 4,Stage 4,0.6880940342631542,0.6880940342631542
180,285,Stage 1,Stage 1,0.010178079564963655,0.9898219204347093
180,286,Stage 2,Stage 2,0.2661919588529908,0.7258376122776112
180,287,Stage 0,Stage 0,8.065938685064428e-20,0.9909738527081803
180,288,Stage 3,Stage 3,1.6371808454090327e-16,0.990519499349954
180,289,Stage 1,Stage 1,0.009785535986405131,0.9902144640132933
180,290,Stage 0,Stage 0,1.2060758157493647e-17,0.9803055928844897
180,291,Stage 1,Stage 1,0.010055665165061838,0.9899443348346193
180,292,Stage 0,Stage 0,8.417109148209376e-20,0.9911622690404526
180,293,Stage 0,Stage 0,8.765670665295167e-20,0.9913314372653822
180,294,Stage 0,Stage 0,1.218383016385818e-17,0.9803557254709231
180,295,Stage 2,Stage 2,0.2577644313843381,0.734036857719782
180,296,Stage 1,Stage 1,0.01022436423784182,0.9897756357618281
180,297,Stage 0,Stage 0,1.2662957320952439e-17,0.980537768469339
180,298,Stage 2,Stage 2,0.25869254117066315,0.7331355898180756
180,299,Stage 4,Stage 4,0.6703301153093147,0.6703301153093147
180,300,Stage 0,Stage 0,8.74790668622754e-20,0.9913232099902709
180,301,Stage 0,Stage 0,1.2109838471225073e-17,0.9803257589901149
180,302,Stage 2,Stage 4,0.689734175903176,0.689734175903176
180,303,Stage 2,Stage 4,0.6589328842558504,0.6589328842558504
180,304,Stage 0,Stage 0,1.3761422954353124e-17,0.9808869942214414
180,305,Stage 0,Stage 0,9.110082887409164e-20,0.991483264016129
180,306,Stage 3,Stage 3,1.3010697391296376e-16,0.9916275228510862
180,307,Stage 3,Stage 3,1.7776954166379165e-16,0.9900878065782867
180,308,Stage 0,Stage 0,9.353453132757058e-20,0.9915823465277942
180,309,Stage 0,Stage 0,8.366026874290211e-20,0.9911360406503251
180,310,Stage 0,Stage 0,1.3214265911931897e-17,0.9807238757959816
180,311,Stage 1,Stage 1,0.00914124632909089,0.990858753670647
180,312,Stage 3,Stage 3,1.3353688209667664e-16,0.9915088424241372
180,313,Stage 1,Stage 1,0.009964811803714252,0.9900351881959727
180,314,Stage 0,Stage 0,1.3054365610429585e-17,0.9806722813087887
180,315,Stage 1,Stage 1,0.010025289971866769,0.9899747100278161
180,316,Stage 3,Stage 3,1.5274815003928008e-16,0.9908685194963217
180,317,Stage 0,Stage 0,8.417109148209376e-20,0.9911622690404526
180,318,Stage 0,Stage 0,1.030940514208353e-19,0.991916336347299
180,319,Stage 1,Stage 1,0.009308829408469714,0.9906911705912582
180,320,Stage 2,Stage 2,0.2725416322991087,0.7196381429789372
180,321,Stage 1,Stage 1,0.008775035424364176,0.9912249645753948
180,322,Stage 2,Stage 4,0.6720348920125131,0.6720348920125131
180,323,Stage 0,Stage 0,1.3027902691056307e-17,0.9806635606276816
180,324,Stage 1,Stage 1,0.009785535986405131,0.9902144640132933
180,325,Stage 1,Stage 1,0.00903118841180281,0.9909688115879415
180,326,Stage 0,Stage 0,9.799976027502948e-20,0.9917484739182298
180,327,Stage 2,Stage 2,0.273501847021749,0.7186991029313797
180,328,Stage 0,Stage 0,1.334899836858545e-17,0.9807659238302157
180,329,Stage 0,Stage 0,8.909079548356597e-20,0.9913963975468475
180,330,Stage 2,Stage 4,0.6777866108630615,0.6777866108630615
180,331,Stage 0,Stage 0,1.225826972046872e-17,0.9803853546585779
180,332,Stage 1,Stage 1,0.008881999730637444,0.9911180002691156
180,333,Stage 1,Stage 1,0.009086052260636385,0.9909139477391049
180,334,Stage 3,Stage 3,1.930231564209102e-16,0.9896366196234786
180,335,Stage 3,Stage 3,1.7245799927632027e-16,0.9902490746059706
180,336,Stage 1,Stage 1,0.009099819743673495,0.9909001802560667
180,337,Stage 3,Stage 3,1.5077442951527206e-16,0.9909325261098706
180,338,Stage 0,Stage 0,8.855029906400031e-20,0.9913722153838513
180,339,Stage 1,Stage 1,0.008682489613816381,0.991317510385948
180,340,Stage 2,Stage 2,0.2874834396174879,0.7049831844810717
180,341,Stage 3,Stage 3,2.1232211429119174e-16,0.9890887010948736
180,342,Stage 2,Stage 4,0.6955862863663789,0.6955862863663789
180,343,Stage 1,Stage 1,0.008461744087796381,0.9915382559119801
180,344,Stage 0,Stage 0,9.899817471954102e-20,0.9917830838733842
186,1,Stage 4,Stage 4,0.6699884527242035,0.6699884527242035
186,2,Stage 1,Stage 1,0.01074744686913522,0.9892525531304988
186,3,Stage 4,Stage 4,0.6871069390768858,0.6871069390768858
186,4,Stage 0,Stage 0,8.164760260911624e-20,0.99102884321395
186,5,Stage 0,Stage 0,8.712486018094915e-20,0.9913066833643034
186,6,Stage 0,Stage 0,1.1842323931121614e-17,0.9802129610796981
186,7,Stage 0,Stage 0,1.1722669461630248e-17,0.9801601513738472
186,8,Stage 3,Stage 3,1.412808956696265e-16,0.991245937546461
186,9,Stage 2,Stage 2,0.24349826524823048,0.7478324498769883
186,10,Stage 0,Stage 0,8.694829184898601e-20,0.9912983839068218
186,11,Stage 1,Stage 1,0.01074744686913522,0.9892525531304988
186,12,Stage 4,Stage 4,0.6710127341611202,0.6710127341611202
186,13,Stage 2,Stage 2,0.2507184070185569,0.7408645179111736
186,14,Stage 4,Stage 4,0.6844637113224621,0.6844637113224621
186,15,Stage 2,Stage 2,0.2470913581649781,0.7443686290769289
186,16,Stage 2,Stage 2,0.25683840509560746,0.7349356673952726
186,17,Stage 3,Stage 3,1.3295903064814052e-16,0.9915287379271257
186,18,Stage 0,Stage 0,1.0164166460138794e-19,0.9918706296415938
186,19,Stage 0,Stage 0,8.819178050352503e-20,0.9913559755764396
186,20,Stage 1,Stage 1,0.009741218293934874,0.9902587817057664
186,21,Stage 0,Stage 0,1.107439571025704e-17,0.9798460876036361
186,22,Stage 0,Stage 0,9.22161505741555e-20,0.9915294700201527
186,23,Stage 2,Stage 2,0.24023457934052553,0.7509719625722814
186,24,Stage 0,Stage 0,1.1914696397497982e-17,0.9802441829037015
186,25,Stage 3,Stage 3,1.6160301689452604e-16,0.9905859342805401
186,26,Stage 0,Stage 0,8.819178050352503e-20,0.9913559755764396
186,27,Stage 1,Stage 1,0.009697099346223191,0.9903029006534809
186,28,Stage 1,Stage 1,0.009949748780050132,0.9900502512196377
186,29,Stage 2,Stage 2,0.2671386422694642,0.7249144705146957
186,30,Stage 0,Stage 0,8.712486018094915e-20,0.9913066833643034
186,31,Stage 2,Stage 2,0.25683840509560746,0.7349356673952726
186,32,Stage 4,Stage 4,0.6682766206384697,0.6682766206384697
186,33,Stage 1,Stage 1,0.010698819849468869,0.9893011801501685
186,34,Stage 0,Stage 0,1.362256304658958e-17,0.9808474741330337
186,35,Stage 0,Stage 0,9.622779001159291e-20,0.9916848357534722
186,36,Stage 2,Stage 2,0.2577644313843381,0.734036857719782
186,37,Stage 0,Stage 0,1.1818296665699673e-17,0.9802024766916642
186,38,Stage 0,Stage 0,1.2085273632587744e-17,0.9803156948360203
186,39,Stage 1,Stage 1,0.009682437044737417,0.9903175629549675
186,40,Stage 0,Stage 0,8.801306274854312e-20,0.9913478200055159
186,41,Stage 4,Stage 4,0.6877652528474243,0.6877652528474243
186,42,Stage 0,Stage 0,9.31559500739439e-20,0.9915673512795624
186,43,Stage 0,Stage 0,1.225826972046872e-17,0.9803853546585779
186,44,Stage 0,Stage 0,8.383019973218452e-20,0.9911448085800331
186,45,Stage 0,Stage 0,1.444774259912856e-17,0.9810653582195327
186,46,Stage 3,Stage 3,1.8403987379288522e-16,0.9899002581759518
186,47,Stage 0,Stage 0,8.417109148209376e-20,0.9911622690404526
186,48,Stage 2,Stage 2,0.2699909306515594,0.7221306585210056
186,49,Stage 2,Stage 2,0.25591446599987244,0.7358320134602054
186,50,Stage 0,Stage 0,8.837085903244356e-20,0.9913641073516679
186,51,Stage 2,Stage 2,0.2507184070185569,0.7408645179111736
186,52,Stage 4,Stage 4,0.6662147213624142,0.6662147213624142
186,53,Stage 2,Stage 2,0.2621133742682796,0.7298099976414045
186,54,Stage 0,Stage 0,1.412906368840792e-17,0.9809859070532867
186,55,Stage 0,Stage 0,8.999892134210829e-20,0.9914362311704462
186,56,Stage 0,Stage 0,1.3080881816500237e-17,0.9806809671243134
186,57,Stage 1,Stage 1,0.009210706257898174,0.9907892937418357
186,58,Stage 2,Stage 2,0.25437921553051157,0.7373204344022612
186,59,Stage 4,Stage 4,0.6933202648500807,0.6933202648500807
186,60,Stage 0,Stage 0,9.22161505741555e-20,0.9915294700201527
186,61,Stage 0,Stage 0,8.891026655718003e-20,0.9913883604290891
186,62,Stage 0,Stage 0,1.0334745741208589e-17,0.9794208526080047
186,63,Stage 0,Stage 0,8.999892134210829e-20,0.9914362311704462
186,64,Stage 3,Stage 3,1.318107998903221e-16,0.9915683900969946
186,65,Stage 1,Stage 1,0.009919690322993174,0.9900803096766966
186,66,Stage 2,Stage 2,0.26650729275407997,0.7255301655798967
186,67,Stage 4,Stage 4,0.6596307099883298,0.6596307099883298
186,68,Stage 4,Stage 4,0.6575345391229066,0.6575345391229066
186,69,Stage 2,Stage 2,0.24859851280195477,0.7429134611599754
186,70,Stage 1,Stage 1,0.009551460378019672,0.9904485396216934
186,71,Stage 1,Stage 1,0.009785535986405131,0.9902144640132933
186,72,Stage 1,Stage 1,0.009365363967225648,0.9906346360324987
186,73,Stage 2,Stage 2,0.25041486069432983,0.74115805835694
186,74,Stage 1,Stage 1,0.011399844665386117,0.9886001553342006
186,75,Stage 0,Stage 0,1.1486940733603632e-17,0.9800515945672307
186,76,Stage 1,Stage 1,0.01022436423784182,0.9897756357618281
186,77,Stage 0,Stage 0,8.74790668622754e-20,0.9913232099902709
186,78,Stage 0,Stage 0,9.018164793258518e-20,0.991444127864863
186,79,Stage 0,Stage 0,1.0020963784044093e-19,0.9918239240460098
186,80,Stage 0,Stage 0,9.980418687985998e-20,0.9918103939525855
186,81,Stage 1,Stage 1,0.009594923131284112,0.9904050768684263
186,82,Stage 0,Stage 0,7.984495832644803e-20,0.9909273063578483
186,83,Stage 2,Stage 2,0.25407286382189126,0.7376172934546089
186,84,Stage 0,Stage 0,1.2948832582911525e-17,0.9806371886501871
186,85,Stage 0,Stage 0,9.165680278779385e-20,0.9915064696883523
186,86,Stage 0,Stage 0,1.0102546252047937e-19,0.99185073617104
186,87,Stage 3,Stage 3,1.7547348082189654e-16,0.9901572429469798
186,88,Stage 2,Stage 2,0.25869254117066315,0.7331355898180756
186,89,Stage 1,Stage 1,0.010602217792817763,0.9893977822068264
186,90,Stage 0,Stage 0,8.332143307836255e-20,0.991118429112658
186,91,Stage 2,Stage 2,0.25869254117066315,0.7331355898180756
186,92,Stage 2,Stage 2,0.24439334502309268,0.7469702888731957
186,93,Stage 0,Stage 0,9.184287616612198e-20,0.9915141592139521
186,94,Stage 2,Stage 2,0.2699909306515594,0.7221306585210056
186,95,Stage 1,Stage 1,0.009238636411599783,0.9907613635881323
186,96,Stage 2,Stage 2,0.25346085982156524,0.7382101848703055
186,97,Stage 2,Stage 2,0.24920302226922736,0.7423294404854913
186,98,Stage 3,Stage 3,1.450045805823419e-16,0.9911218851945769
186,99,Stage 0,Stage 0,9.353453132757058e-20,0.9915823465277942
186,100,Stage 3,Stage 3,1.7471471725679526e-16,0.9901802809920105
186,101,Stage 1,Stage 1,0.009889721766253414,0.9901102782334382
186,102,Stage 2,Stage 2,0.2671386422694642,0.7249144705146957
186,103,Stage 3,Stage 3,1.0938171957707546e-16,0.9923776748933048
186,104,Stage 1,Stage 1,0.010101398841233764,0.9898986011584441
186,105,Stage 1,Stage 1,0.010162697470396196,0.9898373025292777
186,106,Stage 4,Stage 4,0.6828036358362569,0.6828036358362569
186,107,Stage 4,Stage 4,0.6824708808016353,0.6824708808016353
186,108,Stage 0,Stage 0,9.661878638945813e-20,0.9916991278032942
186,109,Stage 4,Stage 4,0.6784587144467115,0.6784587144467115
186,110,Stage 0,Stage 0,1.2060758157493647e-17,0.9803055928844897
186,111,Stage 3,Stage 3,1.5077442951527206e-16,0.9909325261098706
186,112,Stage 0,Stage 0,8.981656287912796e-20,0.9914283112014913
186,113,Stage 0,Stage 0,9.78012826822886e-20,0.9917414884816289
186,114,Stage 1,Stage 1,0.009182859759745504,0.9908171402399898
186,115,Stage 1,Stage 1,0.00949381320356987,0.990506186796147
186,116,Stage 0,Stage 0,1.3430490722743576e-17,0.980790743318878
186,117,Stage 1,Stage 1,0.008801656204420378,0.9911983437953373
186,118,Stage 0,Stage 0,8.873010132836583e-20,0.9913802997255212
186,119,Stage 2,Stage 2,0.28386827385206,0.7085370278993444
186,120,Stage 1,Stage 1,0.009522593587758624,0.990477406411956
186,121,Stage 3,Stage 3,1.6160301689452604e-16,0.9905859342805401
186,122,Stage 1,Stage 1,0.009086052260636385,0.9909139477391049
186,123,Stage 0,Stage 0,1.5015073952878164e-17,0.9811937002634593
186,124,Stage 0,Stage 0,1.0102546252047937e-19,0.99185073617104
186,125,Stage 0,Stage 0,1.4157743979431764e-17,0.9809932890761482
186,126,Stage 2,Stage 4,0.6984812522087592,0.6984812522087592
186,127,Stage 0,Stage 0,1.2637280966370862e-17,0.9805285158322073
186,128,Stage 2,Stage 4,0.6804691947043152,0.6804691947043152
186,129,Stage 0,Stage 0,1.4477064614725244e-17,0.9810723914936978
186,130,Stage 2,Stage 2,0.2751066724813143,0.7171287919150064
186,131,Stage 0,Stage 0,1.030940514208353e-19,0.991916336347299
186,132,Stage 1,Stage 1,0.010055665165061838,0.9899443348346193
186,133,Stage 3,Stage 3,1.6230499434520907e-16,0.990563840805628
186,134,Stage 3,Stage 3,1.2898331317204133e-16,0.9916667155841863
186,135,Stage 1,Stage 1,0.008801656204420378,0.9911983437953373
186,136,Stage 3,Stage 3,1.3705697726370712e-16,0.9913884908326821
186,137,Stage 4,Stage 4,0.6971971788136707,0.6971971788136707
186,138,Stage 0,Stage 0,1.3986524478756912e-17,0.9809485139790308
186,139,Stage 2,Stage 2,0.28946632350705875,0.7030318592269159
186,140,Stage 0,Stage 0,1.5795377080955355e-17,0.9813460579008313
186,141,Stage 0,Stage 0,8.891026655718003e-20,0.9913883604290891
186,142,Stage 2,Stage 4,0.691694026813284,0.691694026813284
186,143,Stage 4,Stage 4,0.702942789758453,0.702942789758453
186,144,Stage 0,Stage 0,1.4773552006967535e-17,0.9811410132108295
186,145,Stage 1,Stage 1,0.00949381320356987,0.990506186796147
186,146,Stage 2,Stage 4,0.7157108063810758,0.7157108063810758
186,147,Stage 3,Stage 3,1.4563464239206133e-16,0.9911010407392757
186,148,Stage 3,Stage 3,1.7623552995965684e-16,0.9901341512781187
186,149,Stage 0,Stage 0,1.5827412874521656e-17,0.9813517739899982
186,150,Stage 2,Stage 4,0.7003995912453712,0.7003995912453712
186,151,Stage 0,Stage 0,1.6053477068396048e-17,0.9813909905483698
186,152,Stage 0,Stage 0,1.5137300381419323e-17,0.9812193182789706
186,153,Stage 3,Stage 3,1.8166306727860768e-16,0.9899709977975176
186,154,Stage 2,Stage 2,0.2789809115922683,0.7133334588204383
186,155,Stage 3,Stage 3,1.6442922357028973e-16,0.9904972511332645
186,156,Stage 0,Stage 0,1.0143584951925212e-19,0.991864018929853
186,157,Stage 1,Stage 1,0.00863004135424123,0.9913699586455261
186,158,Stage 0,Stage 0,1.0801315288883774e-19,0.9920596704784024
186,159,Stage 0,Stage 0,1.6249796369634964e-17,0.981423506656474
186,160,Stage 3,Stage 3,1.7547348082189654e-16,0.9901572429469798
186,161,Stage 2,Stage 4,0.6994415899359354,0.6994415899359354
186,162,Stage 2,Stage 4,0.70420810344334,0.70420810344334
186,163,Stage 1,Stage 1,0.007808640272209734,0.9921913597276006
195,1,Stage 0,Stage 0,9.720824594382605e-20,0.9917204044379043
195,2,Stage 0,Stage 0,9.760320496659151e-20,0.99173448178738
195,3,Stage 0,Stage 0,8.999892134210829e-20,0.9914362311704462
195,4,Stage 4,Stage 4,0.6606757575215213,0.6606757575215213
195,5,Stage 3,Stage 3,1.7320699049610832e-16,0.990226196699589
195,6,Stage 1,Stage 1,0.009889721766253414,0.9901102782334382
195,7,Stage 0,Stage 0,1.345776431263147e-17,0.9807989486918249
195,8,Stage 3,Stage 3,1.2567008362720846e-16,0.9917832033066266
195,9,Stage 3,Stage 3,1.2244176046024672e-16,0.991898072745205
195,10,Stage 1,Stage 1,0.009653178269755352,0.9903468217299513
195,11,Stage 3,Stage 3,1.6301001252263617e-16,0.990541695868044
195,12,Stage 0,Stage 0,1.3080881816500237e-17,0.9806809671243134
195,13,Stage 3,Stage 3,1.2567008362720846e-16,0.9917832033066266
195,14,Stage 2,Stage 2,0.25376674520975356,0.7379138770083318
195,15,Stage 3,Stage 3,1.9135792657354208e-16,0.9896850563789188
195,16,Stage 0,Stage 0,9.448769201481952e-20,0.9916194449715166
195,17,Stage 2,Stage 2,0.2577644313843381,0.734036857719782
195,18,Stage 0,Stage 0,8.434205362983467e-20,0.9911709616824874
195,19,Stage 3,Stage 3,1.3411723860435234e-16,0.9914889005006022
195,20,Stage 0,Stage 0,8.248029864283356e-20,0.9910739561908304
195,21,Stage 3,Stage 3,1.6020813199644695e-16,0.9906299673123887
195,22,Stage 1,Stage 1,0.009755968732097837,0.9902440312676025
195,23,Stage 4,Stage 4,0.6777866108630615,0.6777866108630615
195,24,Stage 4,Stage 4,0.6696465551129941,0.6696465551129941
195,25,Stage 0,Stage 0,1.2458985440066693e-17,0.9804627331169338
195,26,Stage 1,Stage 1,0.010162697470396196,0.9898373025292777
195,27,Stage 4,Stage 4,0.6757645023331529,0.6757645023331529
195,28,Stage 0,Stage 0,9.073204391193619e-20,0.9914676788149698
195,29,Stage 2,Stage 2,0.2658768524060471,0.7261447914628317
195,30,Stage 1,Stage 1,0.010162697470396196,0.9898373025292777
195,31,Stage 0,Stage 0,1.4683978690384503e-17,0.9811207515190339
195,32,Stage 2,Stage 2,0.24859851280195477,0.7429134611599754
195,33,Stage 3,Stage 3,1.418948194170051e-16,0.9912253823613508
195,34,Stage 0,Stage 0,1.253509049401892e-17,0.9804911438200857
195,35,Stage 3,Stage 3,1.4754125773760771e-16,0.9910382153289269
195,36,Stage 0,Stage 0,1.3761422954353124e-17,0.9808869942214414
195,37,Stage 0,Stage 0,1.2662957320952439e-17,0.980537768469339
195,38,Stage 2,Stage 2,0.2671386422694642,0.7249144705146957
195,39,Stage 2,Stage 2,0.26556197357446565,0.7264517029193922
195,40,Stage 0,Stage 0,8.181347082197737e-20,0.991037917355354
195,41,Stage 4,Stage 4,0.6747502014389875,0.6747502014389875
195,42,Stage 0,Stage 0,8.589632680577147e-20,0.9912480777611306
195,43,Stage 0,Stage 0,1.0082088893385625e-19,0.9918440640336889
195,44,Stage 4,Stage 4,0.688750844809712,0.688750844809712
195,45,Stage 0,Stage 0,8.909079548356597e-20,0.9913963975468475
195,46,Stage 1,Stage 1,0.010208912914871814,0.9897910870847989
195,47,Stage 0,Stage 0,9.622779001159291e-20,0.9916848357534722
195,48,Stage 1,Stage 1,0.009859842846425057,0.9901401571532684
195,49,Stage 2,Stage 2,0.26086621188254744,0.7310231022110232
195,50,Stage 0,Stage 0,9.296723129296975e-20,0.9915598200571972
195,51,Stage 1,Stage 1,0.009638581731872228,0.9903614182678355
195,52,Stage 1,Stage 1,0.009964811803714252,0.9900351881959727
195,53,Stage 4,Stage 4,0.6764395024509561,0.6764395024509561
195,54,Stage 3,Stage 3,1.7776954166379165e-16,0.9900878065782867
195,55,Stage 0,Stage 0,1.2975136284103022e-17,0.9806460143726154
195,56,Stage 1,Stage 1,0.009210706257898174,0.9907892937418357
195,57,Stage 4,Stage 4,0.6861175951342289,0.6861175951342289
195,58,Stage 4,Stage 4,0.6828036358362569,0.6828036358362569
195,59,Stage 0,Stage 0,9.391464264113023e-20,0.9915972525102162
195,60,Stage 2,Stage 2,0.2602440105515096,0.7316280286971978
195,61,Stage 3,Stage 3,1.5677322519212532e-16,0.9907391574938658
195,62,Stage 0,Stage 0,8.589632680577147e-20,0.9912480777611306
195,63,Stage 3,Stage 3,1.7245799927632027e-16,0.9902490746059706
195,64,Stage 0,Stage 0,9.545051261119675e-20,0.9916559916320165
195,65,Stage 1,Stage 1,0.009551460378019672,0.9904485396216934
195,66,Stage 4,Stage 4,0.6952633369332046,0.6952633369332046
195,67,Stage 0,Stage 0,9.429629020165823e-20,0.9916120696206802
195,68,Stage 0,Stage 0,9.31559500739439e-20,0.9915673512795624
195,69,Stage 3,Stage 3,1.3470011098844952e-16,0.9914689120498422
195,70,Stage 2,Stage 2,0.26650729275407997,0.7255301655798967
195,71,Stage 0,Stage 0,9.799976027502948e-20,0.9917484739182298
195,72,Stage 1,Stage 1,0.009638581731872228,0.9903614182678355
195,73,Stage 4,Stage 4,0.6767766414749979,0.6767766414749979
195,74,Stage 0,Stage 0,1.3321943355813858e-17,0.9807575826379088
195,75,Stage 0,Stage 0,1.378936293212774e-17,0.9808947989610717
195,76,Stage 1,Stage 1,0.009667796696653437,0.9903322033030524
195,77,Stage 0,Stage 0,1.3241104099992208e-17,0.9807323539623602
195,78,Stage 0,Stage 0,9.37243953407556e-20,0.9915898106525737
195,79,Stage 0,Stage 0,1.3241104099992208e-17,0.9807323539623602
195,80,Stage 2,Stage 2,0.2715834339697196,0.7205748155048869
195,81,Stage 0,Stage 0,1.2208593453132203e-17,0.980365639237517
195,82,Stage 0,Stage 0,1.3761422954353124e-17,0.9808869942214414
195,83,Stage 2,Stage 2,0.26117765773469015,0.7307202322083483
195,84,Stage 0,Stage 0,9.661878638945813e-20,0.9916991278032942
195,85,Stage 0,Stage 0,1.4157743979431764e-17,0.9809932890761482
195,86,Stage 4,Stage 4,0.700718404687663,0.700718404687663
195,87,Stage 0,Stage 0,1.2509671095305227e-17,0.9804817100663608
195,88,Stage 0,Stage 0,9.960207385273583e-20,0.9918035977382493
195,89,Stage 0,Stage 0,9.720824594382605e-20,0.9917204044379043
195,90,Stage 2,Stage 2,0.2522396530280303,0.7393926555578396
195,91,Stage 0,Stage 0,9.110082887409164e-20,0.991483264016129
195,92,Stage 0,Stage 0,1.0889218514975205e-19,0.9920835531617204
195,93,Stage 4,Stage 4,0.6784587144467115,0.6784587144467115
195,94,Stage 0,Stage 0,1.4215277937991817e-17,0.9810079570714533
195,95,Stage 4,Stage 4,0.677450195975465,0.677450195975465
195,96,Stage 0,Stage 0,8.873010132836583e-20,0.9913802997255212
195,97,Stage 4,Stage 4,0.6767766414749979,0.6767766414749979
195,98,Stage 3,Stage 3,1.3765259292095088e-16,0.9913682681373117
195,99,Stage 3,Stage 3,1.3411723860435234e-16,0.9914889005006022
195,100,Stage 0,Stage 0,9.720824594382605e-20,0.9917204044379043
195,101,Stage 0,Stage 0,1.0061672751189167e-19,0.9918373713306831
195,102,Stage 2,Stage 2,0.28060455890708924,0.7117410664563073
195,103,Stage 0,Stage 0,1.4535885902983276e-17,0.9810863641899918
195,104,Stage 4,Stage 4,0.7045237745952606,0.7045237745952606
195,105,Stage 1,Stage 1,0.009653178269755352,0.9903468217299513
195,106,Stage 0,Stage 0,1.0563206200887344e-19,0.9919924106682162
195,107,Stage 2,Stage 2,0.27126448344691256,0.7208865124985092
195,108,Stage 3,Stage 3,1.5677322519212532e-16,0.9907391574938658
195,109,Stage 0,Stage 0,9.919906859254658e-20,0.9917899427447266
195,110,Stage 3,Stage 3,1.848390124182986e-16,0.9898765684947084
195,111,Stage 4,Stage 4,0.6811374035859517,0.6811374035859517
195,112,Stage 0,Stage 0,1.2975136284103022e-17,0.9806460143726154
195,113,Stage 1,Stage 1,0.009522593587758624,0.990477406411956
195,114,Stage 0,Stage 0,1.4360129642798906e-17,0.9810440699015562
195,115,Stage 2,Stage 2,0.27062725684065797,0.7215091143515209
195,116,Stage 0,Stage 0,8.927168884212394e-20,0.9914044111309707
195,117,Stage 4,Stage 4,0.7003995912453712,0.7003995912453712
195,118,Stage 1,Stage 1,0.009800352867573126,0.9901996471321244
195,119,Stage 0,Stage 0,9.448769201481952e-20,0.9916194449715166
195,120,Stage 1,Stage 1,0.008461744087796381,0.9915382559119801
195,121,Stage 4,Stage 4,0.7045237745952606,0.7045237745952606
195,122,Stage 0,Stage 0,1.0692428817525899e-19,0.9920293874528953
195,123,Stage 0,Stage 0,1.4535885902983276e-17,0.9810863641899918
195,124,Stage 0,Stage 0,1.4594944328110315e-17,0.9811002121879132
195,125,Stage 2,Stage 2,0.2725416322991087,0.7196381429789372
195,126,Stage 3,Stage 3,1.665811752754777e-16,0.9904301951067617
195,127,Stage 3,Stage 3,1.481823122744664e-16,0.991017175804803
195,128,Stage 1,Stage 1,0.009044873522153283,0.9909551264775904
195,129,Stage 0,Stage 0,1.0414409617945719e-19,0.9919483809081383
195,130,Stage 0,Stage 0,1.0414409617945719e-19,0.9919483809081383
195,131,Stage 0,Stage 0,9.661878638945813e-20,0.9916991278032942
195,132,Stage 3,Stage 3,1.5474763695087082e-16,0.9908040643215447
195,133,Stage 0,Stage 0,1.0435537876756068e-19,0.9919547300852387
195,134,Stage 2,Stage 2,0.29145689323540164,0.7010715245803473
195,135,Stage 3,Stage 3,1.6090406711241925e-16,0.9906079764103551
195,136,Stage 2,Stage 2,0.2783329932181442,0.7139686090247577
195,137,Stage 0,Stage 0,1.4418479510875946e-17,0.9810582935735213
195,138,Stage 1,Stage 1,0.008461744087796381,0.9915382559119801
195,139,Stage 0,Stage 0,1.576340566999396e-17,0.981340313202499
195,140,Stage 0,Stage 0,1.0933436775449487e-19,0.9920953808445817
195,141,Stage 3,Stage 3,2.3153020776367316e-16,0.9885657291603426
195,142,Stage 3,Stage 3,1.8644768331705783e-16,0.9898290236680843
195,143,Stage 2,Stage 4,0.70420810344334,0.70420810344334
195,144,Stage 2,Stage 4,0.6939689777568688,0.6939689777568688
195,145,Stage 0,Stage 0,1.030940514208353e-19,0.991916336347299
195,146,Stage 0,Stage 0,1.1270820733338178e-19,0.9921817099967344
195,147,Stage 2,Stage 4,0.6955862863663789,0.6955862863663789
195,148,Stage 0,Stage 0,9.720824594382605e-20,0.9917204044379043
195,149,Stage 0,Stage 0,1.532249408661315e-17,0.9812568497501173
195,150,Stage 0,Stage 0,1.4043368175836372e-17,0.9809635680724318
195,151,Stage 0,Stage 0,1.152480401353323e-19,0.9922424044275099
195,152,Stage 3,Stage 3,1.8644768331705783e-16,0.9898290236680843
195,153,Stage 3,Stage 3,1.6160301689452604e-16,0.9905859342805401
195,154,Stage 0,Stage 0,1.498467071421941e-17,0.9811872205552288
195,155,Stage 2,Stage 4,0.6968755151177335,0.6968755151177335
195,156,Stage 2,Stage 4,0.7013552496468445,0.7013552496468445
195,157,Stage 0,Stage 0,1.4535885902983276e-17,0.9810863641899918
195,158,Stage 2,Stage 4,0.708603450588757,0.708603450588757
195,159,Stage 0,Stage 0,1.1202524931037835e-19,0.9921647765241491
202,1,Stage 0,Stage 0,8.659622161005087e-20,0.9912817124353902
202,2,Stage 1,Stage 1,0.010993880271143848,0.9890061197284729
202,3,Stage 0,Stage 0,7.682394825227141e-20,0.9907443185372786
202,4,Stage 0,Stage 0,7.391649292570689e-20,0.9905513399668852
202,5,Stage 0,Stage 0,8.963457180159048e-20,0.9914203679064144
202,6,Stage 0,Stage 0,1.2818104846848726e-17,0.9805925311045903
202,7,Stage 4,Stage 4,0.6761021226382252,0.6761021226382252
202,8,Stage 2,Stage 2,0.24290273052425007,0.7484058145098628
202,9,Stage 1,Stage 1,0.010944150594266112,0.989055849405354
202,10,Stage 1,Stage 1,0.010618258001908947,0.989381741997734
202,11,Stage 0,Stage 0,8.214621238389883e-20,0.9910559882047939
202,12,Stage 2,Stage 2,0.24349826524823048,0.7478324498769883
202,13,Stage 2,Stage 2,0.23583054804126902,0.7551977285057843
202,14,Stage 2,Stage 2,0.24290273052425007,0.7484058145098628
202,15,Stage 4,Stage 4,0.6723751379532624,0.6723751379532624
202,16,Stage 3,Stage 3,1.3411723860435234e-16,0.9914889005006022
202,17,Stage 0,Stage 0,1.0940166747361869e-17,0.9797746275026172
202,18,Stage 0,Stage 0,8.607077158031066e-20,0.9912565230310001
202,19,Stage 4,Stage 4,0.6543752297291088,0.6543752297291088
202,20,Stage 0,Stage 0,9.799976027502948e-20,0.9917484739182298
202,21,Stage 2,Stage 2,0.23817268035555245,0.7529519679552488
202,22,Stage 3,Stage 3,1.3353688209667664e-16,0.9915088424241372
202,23,Stage 2,Stage 2,0.24082583751358175,0.7504036898319053
202,24,Stage 0,Stage 0,8.264784773209078e-20,0.9910829017524949
202,25,Stage 2,Stage 2,0.24439334502309268,0.7469702888731957
202,26,Stage 4,Stage 4,0.6669029507634441,0.6669029507634441
202,27,Stage 3,Stage 3,1.182656670751496e-16,0.9920487529320827
202,28,Stage 1,Stage 1,0.010101398841233764,0.9898986011584441
202,29,Stage 0,Stage 0,9.467948022119981e-20,0.9916267982512464
202,30,Stage 3,Stage 3,1.5541991621913235e-16,0.9907824790492394
202,31,Stage 0,Stage 0,1.1770386885997358e-17,0.9801813917513598
202,32,Stage 1,Stage 1,0.009919690322993174,0.9900803096766966
202,33,Stage 0,Stage 0,1.1675143619896923e-17,0.9801387548946572
202,34,Stage 1,Stage 1,0.009904694823563766,0.990095305176127
202,35,Stage 0,Stage 0,9.701136302956587e-20,0.9917133336883921
202,36,Stage 3,Stage 3,1.6090406711241925e-16,0.9906079764103551
202,37,Stage 4,Stage 4,0.6592819096375138,0.6592819096375138
202,38,Stage 4,Stage 4,0.6469345605925219,0.6469345605925219
202,39,Stage 0,Stage 0,7.760776327708455e-20,0.9907934246903364
202,40,Stage 4,Stage 4,0.677450195975465,0.677450195975465
202,41,Stage 2,Stage 2,0.236707054712252,0.7543577110886671
202,42,Stage 2,Stage 2,0.23964427354617432,0.7515391000262467
202,43,Stage 0,Stage 0,9.165680278779385e-20,0.9915064696883523
202,44,Stage 1,Stage 1,0.010348810856321467,0.9896511891433398
202,45,Stage 0,Stage 0,7.467084592671955e-20,0.9906031162952357
202,46,Stage 1,Stage 1,0.010208912914871814,0.9897910870847989
202,47,Stage 0,Stage 0,8.74790668622754e-20,0.9913232099902709
202,48,Stage 1,Stage 1,0.010411595072169162,0.9895884049274881
202,49,Stage 0,Stage 0,1.1627808591199174e-17,0.9801172016463422
202,50,Stage 4,Stage 4,0.6582341597389156,0.6582341597389156
202,51,Stage 1,Stage 1,0.010193484701858406,0.9898065152978135
202,52,Stage 0,Stage 0,8.214621238389883e-20,0.9910559882047939
202,53,Stage 0,Stage 0,1.1604212392084036e-17,0.9801063660243678
202,54,Stage 0,Stage 0,8.349068008831573e-20,0.9911272475131927
202,55,Stage 1,Stage 1,0.010993880271143848,0.9890061197284729
202,56,Stage 4,Stage 4,0.6589328842558504,0.6589328842558504
202,57,Stage 3,Stage 3,1.4066962128433056e-16,0.9912664449055839
202,58,Stage 3,Stage 3,1.0749976041905366e-16,0.992448911205905
202,59,Stage 2,Stage 2,0.2455900988615248,0.7458168020071239
202,60,Stage 0,Stage 0,1.2085273632587744e-17,0.9803156948360203
202,61,Stage 3,Stage 3,1.3411723860435234e-16,0.9914889005006022
202,62,Stage 0,Stage 0,8.589632680577147e-20,0.9912480777611306
202,63,Stage 0,Stage 0,8.349068008831573e-20,0.9911272475131927
202,64,Stage 2,Stage 2,0.25011154894036597,0.7414513210234408
202,65,Stage 0,Stage 0,7.436819176256342e-20,0.9905824918461424
202,66,Stage 4,Stage 4,0.6658702591579196,0.6658702591579196
202,67,Stage 0,Stage 0,8.677207923103145e-20,0.9912900602817227
202,68,Stage 4,Stage 4,0.6610236544185378,0.6610236544185378
202,69,Stage 4,Stage 4,0.6487147870826249,0.6487147870826249
202,70,Stage 1,Stage 1,0.010763704406525684,0.9892362955931072
202,71,Stage 3,Stage 3,1.1522712288932924e-16,0.9921599320609006
202,72,Stage 0,Stage 0,8.049584355568391e-20,0.9909645961410933
202,73,Stage 0,Stage 0,8.366026874290211e-20,0.9911360406503251
202,74,Stage 1,Stage 1,0.010317559385682887,0.9896824406139807
202,75,Stage 0,Stage 0,1.1233057417436695e-17,0.979927573940773
202,76,Stage 0,Stage 0,1.1233057417436695e-17,0.979927573940773
202,77,Stage 0,Stage 0,1.2611656210018498e-17,0.9805192271255027
202,78,Stage 3,Stage 3,1.0985732332049542e-16,0.9923597616519493
202,79,Stage 0,Stage 0,1.2085273632587744e-17,0.9803156948360203
202,80,Stage 4,Stage 4,0.6631062637382018,0.6631062637382018
202,81,Stage 0,Stage 0,9.054820847169687e-20,0.9914598516358336
202,82,Stage 0,Stage 0,1.1604212392084036e-17,0.9801063660243678
202,83,Stage 0,Stage 0,8.837085903244356e-20,0.9913641073516679
202,84,Stage 0,Stage 0,8.572223346466714e-20,0.9912396080001131
202,85,Stage 0,Stage 0,8.264784773209078e-20,0.9910829017524949
202,86,Stage 1,Stage 1,0.010602217792817763,0.9893977822068264
202,87,Stage 4,Stage 4,0.6613713246232751,0.6613713246232751
202,88,Stage 0,Stage 0,1.225826972046872e-17,0.9803853546585779
202,89,Stage 0,Stage 0,9.202932517534232e-20,0.9915218259744493
202,90,Stage 2,Stage 2,0.2513262029042564,0.740276604430418
202,91,Stage 0,Stage 0,8.131686794496749e-20,0.9910106172108247
202,92,Stage 4,Stage 4,0.6658702591579196,0.6658702591579196
202,93,Stage 4,Stage 4,0.6631062637382018,0.6631062637382018
202,94,Stage 0,Stage 0,1.1746504177763643e-17,0.9801707910337142
202,95,Stage 4,Stage 4,0.6877652528474243,0.6877652528474243
202,96,Stage 0,Stage 0,8.065938685064428e-20,0.9909738527081803
202,97,Stage 4,Stage 4,0.6603276342630003,0.6603276342630003
202,98,Stage 2,Stage 2,0.24260531899489832,0.7486920734925386
202,99,Stage 4,Stage 4,0.6844637113224621,0.6844637113224621
202,100,Stage 3,Stage 3,1.6230499434520907e-16,0.990563840805628
202,101,Stage 1,Stage 1,0.010602217792817763,0.9893977822068264
202,102,Stage 4,Stage 4,0.6515519682272032,0.6515519682272032
202,103,Stage 3,Stage 3,1.3411723860435234e-16,0.9914889005006022
202,104,Stage 2,Stage 2,0.26336420834067564,0.7285925686842741
202,105,Stage 2,Stage 2,0.23905492084216523,0.7521051008456576
202,106,Stage 4,Stage 4,0.6824708808016353,0.6824708808016353
202,107,Stage 0,Stage 0,7.855883279549936e-20,0.9908514496749214
202,108,Stage 0,Stage 0,8.264784773209078e-20,0.9910829017524949
202,109,Stage 1,Stage 1,0.010993880271143848,0.9890061197284729
202,110,Stage 2,Stage 2,0.2375857134063732,0.7535151213415648
202,111,Stage 2,Stage 2,0.2393494780139037,0.7518222425992226
202,112,Stage 4,Stage 4,0.6644901011083199,0.6644901011083199
202,113,Stage 4,Stage 4,0.6599792849745079,0.6599792849745079
202,114,Stage 3,Stage 3,1.481823122744664e-16,0.991017175804803
202,115,Stage 2,Stage 2,0.23787907748734932,0.753233687227475
202,116,Stage 2,Stage 2,0.2562222135628668,0.735533505503506
202,117,Stage 0,Stage 0,8.537509825055995e-20,0.9912225947871058
202,118,Stage 0,Stage 0,1.218383016385818e-17,0.9803557254709231
202,119,Stage 1,Stage 1,0.011228922447092532,0.9887710775525067
202,120,Stage 3,Stage 3,1.2033564236264058e-16,0.9919737642817119
202,121,Stage 4,Stage 4,0.6787944025585728,0.6787944025585728
202,122,Stage 1,Stage 1,0.010270857205587213,0.9897291427940793
202,123,Stage 0,Stage 0,1.1440361322670744e-17,0.9800294075079312
202,124,Stage 2,Stage 2,0.24349826524823048,0.7478324498769883
202,125,Stage 0,Stage 0,7.760776327708455e-20,0.9907934246903364
202,126,Stage 4,Stage 4,0.6631062637382018,0.6631062637382018
202,127,Stage 4,Stage 4,0.6610236544185378,0.6610236544185378
202,128,Stage 1,Stage 1,0.01082897815815798,0.9891710218414701
202,129,Stage 0,Stage 0,1.2922581741193185e-17,0.9806283277652365
202,130,Stage 3,Stage 3,1.5541991621913235e-16,0.9907824790492394
202,131,Stage 0,Stage 0,8.927168884212394e-20,0.9914044111309707
202,132,Stage 0,Stage 0,1.1324729326560448e-17,0.9799732376964219
202,133,Stage 0,Stage 0,1.2208593453132203e-17,0.980365639237517
202,134,Stage 4,Stage 4,0.6508439708891695,0.6508439708891695
202,135,Stage 3,Stage 3,1.2085875912402677e-16,0.9919549075458585
202,136,Stage 0,Stage 0,7.635743854973838e-20,0.9907145232822799
202,137,Stage 3,Stage 3,1.0985732332049542e-16,0.9923597616519493
202,138,Stage 0,Stage 0,8.520205496502915e-20,0.9912140512260427
202,139,Stage 0,Stage 0,1.27661808036132e-17,0.9805744198500976
202,140,Stage 4,Stage 4,0.6596307099883298,0.6596307099883298
202,141,Stage 0,Stage 0,7.855883279549936e-20,0.9908514496749214
202,142,Stage 1,Stage 1,0.01053829632109027,0.9894617036785583
202,143,Stage 3,Stage 3,1.400609848735023e-16,0.9912869045482736
202,144,Stage 3,Stage 3,1.3238367348768738e-16,0.9915485871160096
202,145,Stage 0,Stage 0,1.2844145311242713e-17,0.9806015333878619
202,146,Stage 2,Stage 2,0.24499124883316234,0.7463941075463413
202,147,Stage 2,Stage 2,0.23964427354617432,0.7515391000262467
202,148,Stage 0,Stage 0,1.2975136284103022e-17,0.9806460143726154
202,149,Stage 4,Stage 4,0.6662147213624142,0.6662147213624142
202,150,Stage 0,Stage 0,1.1347762782985331e-17,0.9799845522493187
202,151,Stage 1,Stage 1,0.010086131453090964,0.9899138685465878
202,152,Stage 3,Stage 3,1.2458465006915191e-16,0.9918216718281889
202,153,Stage 0,Stage 0,1.0188643495762961e-17,0.9793270308589559
202,154,Stage 4,Stage 4,0.6606757575215213,0.6606757575215213
202,155,Stage 3,Stage 3,1.1324482376263934e-16,0.9922331915318743
202,156,Stage 0,Stage 0,8.451336088651371e-20,0.9911796293397436
202,157,Stage 4,Stage 4,0.6828036358362569,0.6828036358362569
202,158,Stage 3,Stage 3,1.1275458834803555e-16,0.9922513998102035
202,159,Stage 4,Stage 4,0.6606757575215213,0.6606757575215213
202,160,Stage 1,Stage 1,0.010395863773007857,0.9896041362266504
202,161,Stage 2,Stage 2,0.25683840509560746,0.7349356673952726
202,162,Stage 0,Stage 0,9.073204391193619e-20,0.9914676788149698
202,163,Stage 0,Stage 0,1.2358223830009592e-17,0.9804243392721755
202,164,Stage 3,Stage 3,1.0843666646493686e-16,0.9924133761883405
202,165,Stage 2,Stage 2,0.2627383329464713,0.7292018228758231
202,166,Stage 0,Stage 0,1.2896383652677683e-17,0.9806194316431087
202,167,Stage 2,Stage 2,0.23495619552549454,0.7560351692055192
202,168,Stage 3,Stage 3,1.056501101535758e-16,0.9925194854624816
202,169,Stage 0,Stage 0,1.1440361322670744e-17,0.9800294075079312
202,170,Stage 2,Stage 2,0.26650729275407997,0.7255301655798967
202,171,Stage 0,Stage 0,1.2484302778220652e-17,0.9804722398578325
202,172,Stage 0,Stage 0,8.730178494540156e-20,0.9913149587076621
202,173,Stage 4,Stage 4,0.6791298478289639,0.6791298478289639
202,174,Stage 4,Stage 4,0.6764395024509561,0.6764395024509561
202,175,Stage 0,Stage 0,1.1604212392084036e-17,0.9801063660243678
202,176,Stage 4,Stage 4,0.6501351063690459,0.6501351063690459
202,177,Stage 4,Stage 4,0.668962056057008,0.668962056057008
202,178,Stage 0,Stage 0,1.2896383652677683e-17,0.9806194316431087
202,179,Stage 3,Stage 3,1.437526014416234e-16,0.9911634287509127
202,180,Stage 3,Stage 3,1.6020813199644695e-16,0.9906299673123887
202,181,Stage 1,Stage 1,0.009934708297490292,0.9900652917021984
202,182,Stage 0,Stage 0,8.981656287912796e-20,0.9914283112014913
202,183,Stage 3,Stage 3,1.3295903064814052e-16,0.9915287379271257
202,184,Stage 1,Stage 1,0.010634322217571969,0.9893656777820701
202,185,Stage 1,Stage 1,0.010411595072169162,0.9895884049274881
202,186,Stage 4,Stage 4,0.6675902513667413,0.6675902513667413
202,187,Stage 0,Stage 0,8.909079548356597e-20,0.9913963975468475
202,188,Stage 0,Stage 0,8.08232602695753e-20,0.9909830830405886
202,189,Stage 2,Stage 2,0.26682285394722827,0.7252224515864604
202,190,Stage 2,Stage 2,0.2696731056468591,0.7224410334125942
202,191,Stage 1,Stage 1,0.010395863773007857,0.9896041362266504
202,192,Stage 0,Stage 0,9.147110428318827e-20,0.9914987573472265
202,193,Stage 2,Stage 2,0.2658768524060471,0.7261447914628317
202,194,Stage 2,Stage 2,0.25315520778394973,0.7385062168479645
202,195,Stage 4,Stage 4,0.6634525668851401,0.6634525668851401
202,196,Stage 0,Stage 0,8.520205496502915e-20,0.9912140512260427
202,197,Stage 3,Stage 3,1.3411723860435234e-16,0.9914889005006022
202,198,Stage 1,Stage 1,0.009294748672478925,0.9907052513272498
202,199,Stage 2,Stage 2,0.2741431079820585,0.7180717640074853
202,200,Stage 2,Stage 2,0.2661919588529908,0.7258376122776112
202,201,Stage 4,Stage 4,0.6740728038490408,0.6740728038490408
202,202,Stage 1,Stage 1,0.010147338384412171,0.9898526616152628
202,203,Stage 1,Stage 1,0.010239838704654338,0.9897601612950144
202,204,Stage 3,Stage 3,1.3411723860435234e-16,0.9914889005006022
202,205,Stage 4,Stage 4,0.6784587144467115,0.6784587144467115
202,206,Stage 0,Stage 0,1.5198783412623428e-17,0.9812319476764766
202,207,Stage 0,Stage 0,1.3594958274275112e-17,0.9808394703467559
202,208,Stage 4,Stage 4,0.6884225650067124,0.6884225650067124
202,209,Stage 2,Stage 2,0.2627383329464713,0.7292018228758231
202,210,Stage 3,Stage 3,1.412808956696265e-16,0.991245937546461
202,211,Stage 0,Stage 0,1.4186482023847965e-17,0.9810006390597278
202,212,Stage 1,Stage 1,0.008976652843499092,0.9910233471562485
202,213,Stage 0,Stage 0,9.240335312278755e-20,0.9915370914012563
202,214,Stage 0,Stage 0,1.1210254455404146e-17,0.9799160561815848
202,215,Stage 1,Stage 1,0.008801656204420378,0.9911983437953373
202,216,Stage 1,Stage 1,0.009580413828657553,0.9904195861710536
202,217,Stage 0,Stage 0,1.3054365610429585e-17,0.9806722813087887
202,218,Stage 2,Stage 2,0.273501847021749,0.7186991029313797
202,219,Stage 0,Stage 0,8.837085903244356e-20,0.9913641073516679
202,220,Stage 2,Stage 2,0.25900237345016314,0.732834621849088
202,221,Stage 0,Stage 0,7.729328862155997e-20,0.9907738647520326
202,222,Stage 1,Stage 1,0.00914124632909089,0.990858753670647
202,223,Stage 3,Stage 3,1.848390124182986e-16,0.9898765684947084
202,224,Stage 2,Stage 4,0.6696465551129941,0.6696465551129941
202,225,Stage 1,Stage 1,0.009322931274816903,0.99067706872491
202,226,Stage 0,Stage 0,9.603288243117046e-20,0.9916776572976473
202,227,Stage 0,Stage 0,8.098746447928079e-20,0.9909922871964918
202,228,Stage 0,Stage 0,9.259093358300944e-20,0.9915446901678397
202,229,Stage 2,Stage 2,0.26556197357446565,0.7264517029193922
202,230,Stage 1,Stage 1,0.008564922491342707,0.9914350775084281
202,231,Stage 2,Stage 4,0.6871069390768858,0.6871069390768858
202,232,Stage 0,Stage 0,1.351247636228508e-17,0.9808152581821675
202,233,Stage 0,Stage 0,9.760320496659151e-20,0.99173448178738
202,234,Stage 0,Stage 0,1.0499178926504226e-19,0.9919736589332914
202,235,Stage 1,Stage 1,0.008436142628569428,0.9915638573712084
202,236,Stage 1,Stage 1,0.008097948291689274,0.9919020517081064
202,237,Stage 3,Stage 3,2.1603224285404896e-16,0.9889860385508604
202,238,Stage 1,Stage 1,0.009308829408469714,0.9906911705912582
202,239,Stage 0,Stage 0,1.3958188278091785e-17,0.980940938295889
202,240,Stage 2,Stage 2,0.2828868691165338,0.7095009246158859
202,241,Stage 2,Stage 2,0.2878133844617412,0.7046585916653876
203,1,Stage 3,Stage 3,1.481823122744664e-16,0.991017175804803
203,2,Stage 3,Stage 3,1.2138414451901029e-16,0.9919360067787678
203,3,Stage 3,Stage 3,1.717122375802452e-16,0.990271899376191
203,4,Stage 2,Stage 2,0.2405300894246955,0.7506879680283286
203,5,Stage 0,Stage 0,8.281573503643895e-20,0.9910918217689588
203,6,Stage 0,Stage 0,8.485701351635163e-20,0.9911968899211833
203,7,Stage 2,Stage 2,0.24320037930785227,0.7481192732467521
203,8,Stage 2,Stage 2,0.26399099922780783,0.7279822367497033
203,9,Stage 1,Stage 1,0.0105862015552074,0.9894137984444379
203,10,Stage 1,Stage 1,0.010317559385682887,0.9896824406139807
203,11,Stage 0,Stage 0,8.181347082197737e-20,0.991037917355354
203,12,Stage 0,Stage 0,8.801306274854312e-20,0.9913478200055159
203,13,Stage 0,Stage 0,1.1233057417436695e-17,0.979927573940773
203,14,Stage 0,Stage 0,1.2085273632587744e-17,0.9803156948360203
203,15,Stage 2,Stage 2,0.2405300894246955,0.7506879680283286
203,16,Stage 0,Stage 0,1.1818296665699673e-17,0.9802024766916642
203,17,Stage 0,Stage 0,1.1866399576552271e-17,0.9802234068562619
203,18,Stage 0,Stage 0,9.202932517534232e-20,0.9915218259744493
203,19,Stage 4,Stage 4,0.6472910330853767,0.6472910330853767
203,20,Stage 0,Stage 0,8.642071827046151e-20,0.9912733403140861
203,21,Stage 0,Stage 0,8.016974467717475e-20,0.9909460040695245
203,22,Stage 2,Stage 2,0.25591446599987244,0.7358320134602054
203,23,Stage 0,Stage 0,1.0397993448227876e-17,0.9794603916077773
203,24,Stage 1,Stage 1,0.010286401307716946,0.9897135986919489
203,25,Stage 0,Stage 0,7.698007967688242e-20,0.9907541948647346
203,26,Stage 0,Stage 0,9.720824594382605e-20,0.9917204044379043
203,27,Stage 0,Stage 0,1.1698882641106724e-17,0.9801494726886073
203,28,Stage 3,Stage 3,2.0069727377324104e-16,0.9894158483103351
203,29,Stage 0,Stage 0,8.349068008831573e-20,0.9911272475131927
203,30,Stage 4,Stage 4,0.6631062637382018,0.6631062637382018
203,31,Stage 1,Stage 1,0.010208912914871814,0.9897910870847989
203,32,Stage 0,Stage 0,1.1533707909951219e-17,0.9800736221575791
203,33,Stage 0,Stage 0,8.248029864283356e-20,0.9910739561908304
203,34,Stage 1,Stage 1,0.010086131453090964,0.9899138685465878
203,35,Stage 4,Stage 4,0.6515519682272032,0.6515519682272032
203,36,Stage 0,Stage 0,1.0611596834529724e-17,0.9795893247500063
203,37,Stage 1,Stage 1,0.010506478714620649,0.9894935212850299
203,38,Stage 1,Stage 1,0.010506478714620649,0.9894935212850299
203,39,Stage 2,Stage 2,0.26148933351523956,0.7304170913077054
203,40,Stage 0,Stage 0,1.2308146243540897e-17,0.9804049211259633
203,41,Stage 2,Stage 2,0.27062725684065797,0.7215091143515209
203,42,Stage 0,Stage 0,8.281573503643895e-20,0.9910918217689588
203,43,Stage 4,Stage 4,0.6811374035859517,0.6811374035859517
203,44,Stage 1,Stage 1,0.010634322217571969,0.9893656777820701
203,45,Stage 2,Stage 2,0.25560695075066314,0.7361302470889537
203,46,Stage 4,Stage 4,0.6465778752205632,0.6465778752205632
203,47,Stage 4,Stage 4,0.6737337468565638,0.6737337468565638
203,48,Stage 0,Stage 0,1.1963187910619158e-17,0.9802648054895884
203,49,Stage 0,Stage 0,8.694829184898601e-20,0.9912983839068218
203,50,Stage 2,Stage 2,0.2513262029042564,0.740276604430418
203,51,Stage 2,Stage 2,0.24739231790083466,0.7440781543687385
203,52,Stage 3,Stage 3,1.4066962128433056e-16,0.9912664449055839
203,53,Stage 4,Stage 4,0.6682766206384697,0.6682766206384697
203,54,Stage 2,Stage 2,0.25962273068952946,0.7322318691216054
203,55,Stage 0,Stage 0,8.74790668622754e-20,0.9913232099902709
203,56,Stage 0,Stage 0,9.277889271811996e-20,0.9915522663698692
203,57,Stage 0,Stage 0,1.2688685377708345e-17,0.9805469851134242
203,58,Stage 0,Stage 0,9.202932517534232e-20,0.9915218259744493
203,59,Stage 4,Stage 4,0.6613713246232751,0.6613713246232751
203,60,Stage 0,Stage 0,8.891026655718003e-20,0.9913883604290891
203,61,Stage 2,Stage 2,0.25376674520975356,0.7379138770083318
203,62,Stage 4,Stage 4,0.6620659836365324,0.6620659836365324
203,63,Stage 3,Stage 3,1.4437723749347735e-16,0.9911426811614495
203,64,Stage 4,Stage 4,0.6589328842558504,0.6589328842558504
203,65,Stage 1,Stage 1,0.010554240854312225,0.9894457591453351
203,66,Stage 4,Stage 4,0.6730549179853795,0.6730549179853795
203,67,Stage 1,Stage 1,0.009551460378019672,0.9904485396216934
203,68,Stage 3,Stage 3,1.2954392823164148e-16,0.9916471420578322
203,69,Stage 2,Stage 2,0.23729258819557023,0.7537962701326412
203,70,Stage 3,Stage 3,1.5745428008113426e-16,0.990717420980011
203,71,Stage 4,Stage 4,0.6651806413379726,0.6651806413379726
203,72,Stage 3,Stage 3,1.3765259292095088e-16,0.9913682681373117
203,73,Stage 1,Stage 1,0.009830053300841891,0.9901699466988536
203,74,Stage 3,Stage 3,1.2954392823164148e-16,0.9916471420578322
203,75,Stage 2,Stage 2,0.2549926177230726,0.7367258905770219
203,76,Stage 4,Stage 4,0.6627597319301668,0.6627597319301668
203,77,Stage 1,Stage 1,0.010348810856321467,0.9896511891433398
203,78,Stage 2,Stage 2,0.2522396530280303,0.7393926555578396
203,79,Stage 2,Stage 2,0.24082583751358175,0.7504036898319053
203,80,Stage 3,Stage 3,1.192961757417986e-16,0.9920113460640221
203,81,Stage 0,Stage 0,1.2308146243540897e-17,0.9804049211259633
203,82,Stage 0,Stage 0,1.1914696397497982e-17,0.9802441829037015
203,83,Stage 0,Stage 0,1.2948832582911525e-17,0.9806371886501871
203,84,Stage 0,Stage 0,1.3107451416612386e-17,0.9806896181480723
203,85,Stage 0,Stage 0,8.298396123902237e-20,0.9911007162968369
203,86,Stage 0,Stage 0,8.819178050352503e-20,0.9913559755764396
203,87,Stage 1,Stage 1,0.010682659255632243,0.9893173407440063
203,88,Stage 0,Stage 0,1.3080881816500237e-17,0.9806809671243134
203,89,Stage 1,Stage 1,0.010845357674872167,0.9891546423247549
203,90,Stage 1,Stage 1,0.009830053300841891,0.9901699466988536
203,91,Stage 1,Stage 1,0.009465118971863792,0.9905348810278547
203,92,Stage 0,Stage 0,8.624556849811711e-20,0.9912649438639503
203,93,Stage 1,Stage 1,0.010698819849468869,0.9893011801501685
203,94,Stage 3,Stage 3,1.824519159718827e-16,0.9899474727021906
203,95,Stage 2,Stage 2,0.24469217859954617,0.7466823388248103
203,96,Stage 0,Stage 0,8.677207923103145e-20,0.9912900602817227
203,97,Stage 4,Stage 4,0.6764395024509561,0.6764395024509561
203,98,Stage 2,Stage 2,0.2513262029042564,0.740276604430418
203,99,Stage 0,Stage 0,8.981656287912796e-20,0.9914283112014913
203,100,Stage 1,Stage 1,0.009594923131284112,0.9904050768684263
203,101,Stage 0,Stage 0,1.2611656210018498e-17,0.9805192271255027
203,102,Stage 2,Stage 2,0.2562222135628668,0.735533505503506
203,103,Stage 0,Stage 0,1.2818104846848726e-17,0.9805925311045903
203,104,Stage 0,Stage 0,9.202932517534232e-20,0.9915218259744493
203,105,Stage 2,Stage 2,0.2510221877948732,0.7405706998731459
203,106,Stage 1,Stage 1,0.010147338384412171,0.9898526616152628
203,107,Stage 4,Stage 4,0.6578844612749902,0.6578844612749902
203,108,Stage 0,Stage 0,1.2433718978351717e-17,0.9804531897659231
203,109,Stage 0,Stage 0,8.298396123902237e-20,0.9911007162968369
203,110,Stage 1,Stage 1,0.01011668910345674,0.9898833108962201
203,111,Stage 0,Stage 0,9.564424452170319e-20,0.9916632352849312
203,112,Stage 2,Stage 2,0.2599332553644643,0.7319300847695427
203,113,Stage 1,Stage 1,0.010474756156049585,0.9895252438436032
203,114,Stage 4,Stage 4,0.6557815848804494,0.6557815848804494
203,115,Stage 4,Stage 4,0.6737337468565638,0.6737337468565638
203,116,Stage 2,Stage 2,0.25714684879590843,0.7346363376396886
203,117,Stage 1,Stage 1,0.010944150594266112,0.989055849405354
203,118,Stage 2,Stage 2,0.2346652237473308,0.7563137427487301
203,119,Stage 0,Stage 0,9.165680278779385e-20,0.9915064696883523
203,120,Stage 3,Stage 3,1.0890817023967896e-16,0.9923955463734103
203,121,Stage 2,Stage 2,0.2580735699978759,0.7337367079548769
203,122,Stage 3,Stage 3,1.7320699049610832e-16,0.990226196699589
203,123,Stage 2,Stage 2,0.25407286382189126,0.7376172934546089
203,124,Stage 2,Stage 2,0.26336420834067564,0.7285925686842741
203,125,Stage 0,Stage 0,1.3430490722743576e-17,0.980790743318878
203,126,Stage 3,Stage 3,1.418948194170051e-16,0.9912253823613508
203,127,Stage 2,Stage 2,0.2699909306515594,0.7221306585210056
203,128,Stage 4,Stage 4,0.6631062637382018,0.6631062637382018
203,129,Stage 0,Stage 0,9.296723129296975e-20,0.9915598200571972
203,130,Stage 2,Stage 2,0.25560695075066314,0.7361302470889537
203,131,Stage 0,Stage 0,1.1440361322670744e-17,0.9800294075079312
203,132,Stage 3,Stage 3,1.5882525403016033e-16,0.9906737959010864
203,133,Stage 4,Stage 4,0.6703301153093147,0.6703301153093147
203,134,Stage 3,Stage 3,1.7320699049610832e-16,0.990226196699589
203,135,Stage 4,Stage 4,0.6582341597389156,0.6582341597389156
203,136,Stage 0,Stage 0,8.981656287912796e-20,0.9914283112014913
203,137,Stage 0,Stage 0,8.963457180159048e-20,0.9914203679064144
203,138,Stage 3,Stage 3,1.2244176046024672e-16,0.991898072745205
203,139,Stage 2,Stage 2,0.26399099922780783,0.7279822367497033
203,140,Stage 0,Stage 0,1.2458985440066693e-17,0.9804627331169338
203,141,Stage 0,Stage 0,9.661878638945813e-20,0.9916991278032942
203,142,Stage 0,Stage 0,9.720824594382605e-20,0.9917204044379043
203,143,Stage 3,Stage 3,1.7320699049610832e-16,0.990226196699589
203,144,Stage 1,Stage 1,0.010317559385682887,0.9896824406139807
203,145,Stage 0,Stage 0,1.1914696397497982e-17,0.9802441829037015
203,146,Stage 0,Stage 0,8.366026874290211e-20,0.9911360406503251
203,147,Stage 2,Stage 2,0.24799494438075095,0.7434963662755557
203,148,Stage 0,Stage 0,1.1770386885997358e-17,0.9801813917513598
203,149,Stage 3,Stage 3,1.3295903064814052e-16,0.9915287379271257
203,150,Stage 4,Stage 4,0.6501351063690459,0.6501351063690459
203,151,Stage 0,Stage 0,8.891026655718003e-20,0.9913883604290891
203,152,Stage 0,Stage 0,8.366026874290211e-20,0.9911360406503251
203,153,Stage 1,Stage 1,0.009697099346223191,0.9903029006534809
203,154,Stage 3,Stage 3,1.1877980648709117e-16,0.992030071312075
203,155,Stage 0,Stage 0,8.572223346466714e-20,0.9912396080001131
203,156,Stage 4,Stage 4,0.6777866108630615,0.6777866108630615
203,157,Stage 3,Stage 3,1.687612096535004e-16,0.9903626695164707
203,158,Stage 4,Stage 4,0.6730549179853795,0.6730549179853795
203,159,Stage 0,Stage 0,9.506421893692317e-20,0.9916414387921917
203,160,Stage 1,Stage 1,0.009830053300841891,0.9901699466988536
203,161,Stage 4,Stage 4,0.6648354863636098,0.6648354863636098
203,162,Stage 3,Stage 3,1.7471471725679526e-16,0.9901802809920105
203,163,Stage 0,Stage 0,1.2818104846848726e-17,0.9805925311045903
203,164,Stage 0,Stage 0,1.2011874901151122e-17,0.9802852752665986
203,165,Stage 3,Stage 3,1.5745428008113426e-16,0.990717420980011
203,166,Stage 0,Stage 0,8.485701351635163e-20,0.9911968899211833
203,167,Stage 0,Stage 0,1.253509049401892e-17,0.9804911438200857
203,168,Stage 0,Stage 0,8.08232602695753e-20,0.9909830830405886
203,169,Stage 4,Stage 4,0.6699884527242035,0.6699884527242035
203,170,Stage 2,Stage 2,0.26777089964490897,0.7242977080088484
203,171,Stage 0,Stage 0,8.981656287912796e-20,0.9914283112014913
203,172,Stage 3,Stage 3,1.7395922516220998e-16,0.9902032655355302
203,173,Stage 0,Stage 0,1.1278801174521849e-17,0.9799504871008234
203,174,Stage 0,Stage 0,9.642309106611137e-20,0.9916919925727748
203,175,Stage 2,Stage 2,0.24649014624642607,0.7449487389111789
203,176,Stage 3,Stage 3,1.1724403944377254e-16,0.992085985688691
203,177,Stage 0,Stage 0,1.098472986050344e-17,0.979798614445192
203,178,Stage 0,Stage 0,1.2662957320952439e-17,0.980537768469339
203,179,Stage 3,Stage 3,1.6301001252263617e-16,0.990541695868044
203,180,Stage 1,Stage 1,0.010427349925522132,0.9895726500741339
203,181,Stage 0,Stage 0,9.334504982898171e-20,0.9915748600865903
203,182,Stage 0,Stage 0,7.573979935978379e-20,0.9906744059990158
203,183,Stage 0,Stage 0,8.315252702436151e-20,0.9911095853926171
203,184,Stage 0,Stage 0,7.952147921726884e-20,0.9909085025359076
203,185,Stage 0,Stage 0,8.383019973218452e-20,0.9911448085800331
203,186,Stage 2,Stage 2,0.24171450889478283,0.7495491550278278
203,187,Stage 0,Stage 0,8.366026874290211e-20,0.9911360406503251
203,188,Stage 1,Stage 1,0.010634322217571969,0.9893656777820701
203,189,Stage 1,Stage 1,0.010333173429814414,0.9896668265698481
203,190,Stage 0,Stage 0,1.2740297014569865e-17,0.9805653107277057
203,191,Stage 1,Stage 1,0.009889721766253414,0.9901102782334382
203,192,Stage 0,Stage 0,7.666813134533621e-20,0.990734414538777
203,193,Stage 0,Stage 0,7.968305569622078e-20,0.9909179177401287
203,194,Stage 3,Stage 3,1.437526014416234e-16,0.9911634287509127
203,195,Stage 3,Stage 3,1.3470011098844952e-16,0.9914689120498422
203,196,Stage 4,Stage 4,0.6613713246232751,0.6613713246232751
203,197,Stage 0,Stage 0,9.22161505741555e-20,0.9915294700201527
203,198,Stage 2,Stage 2,0.2599332553644643,0.7319300847695427
203,199,Stage 1,Stage 1,0.009785535986405131,0.9902144640132933
203,200,Stage 0,Stage 0,1.2586082948159591e-17,0.9805099022725244
203,201,Stage 2,Stage 2,0.2528497892226809,0.7388019727493059
203,202,Stage 0,Stage 0,1.345776431263147e-17,0.9807989486918249
203,203,Stage 0,Stage 0,8.589632680577147e-20,0.9912480777611306
203,204,Stage 1,Stage 1,0.00889546080219924,0.991104539197553
203,205,Stage 0,Stage 0,9.525717101185453e-20,0.9916487261505318
203,206,Stage 2,Stage 2,0.2437963882471011,0.7475453445748567
203,207,Stage 0,Stage 0,8.434205362983467e-20,0.9911709616824874
203,208,Stage 2,Stage 2,0.25962273068952946,0.7322318691216054
203,209,Stage 3,Stage 3,1.8564161062400074e-16,0.9898528237007035
203,210,Stage 4,Stage 4,0.6589328842558504,0.6589328842558504
203,211,Stage 0,Stage 0,8.502936028786359e-20,0.9912054829556842
203,212,Stage 0,Stage 0,8.016974467717475e-20,0.9909460040695245
203,213,Stage 4,Stage 4,0.6627597319301668,0.6627597319301668
203,214,Stage 0,Stage 0,1.253509049401892e-17,0.9804911438200857
203,215,Stage 1,Stage 1,0.010193484701858406,0.9898065152978135
203,216,Stage 0,Stage 0,9.165680278779385e-20,0.9915064696883523
203,217,Stage 0,Stage 0,1.334899836858545e-17,0.9807659238302157
203,218,Stage 0,Stage 0,8.400047374762764e-20,0.9911535513581672
203,219,Stage 0,Stage 0,8.783470504027307e-20,0.9913396405861271
203,220,Stage 2,Stage 2,0.24201120808473084,0.7492637439240315
203,221,Stage 0,Stage 0,1.3650223405791544e-17,0.9808554445694111
203,222,Stage 0,Stage 0,1.2818104846848726e-17,0.9805925311045903
203,223,Stage 0,Stage 0,8.963457180159048e-20,0.9914203679064144
203,224,Stage 0,Stage 0,1.1142120128138744e-17,0.9798812571387373
203,225,Stage 4,Stage 4,0.6727151467124962,0.6727151467124962
203,226,Stage 1,Stage 1,0.009682437044737417,0.9903175629549675
203,227,Stage 0,Stage 0,1.3054365610429585e-17,0.9806722813087887
203,228,Stage 0,Stage 0,8.400047374762764e-20,0.9911535513581672
203,229,Stage 1,Stage 1,0.00937955066644655,0.9906204493332769
203,230,Stage 3,Stage 3,1.1324482376263934e-16,0.9922331915318743
203,231,Stage 3,Stage 3,1.3705697726370712e-16,0.9913884908326821
203,232,Stage 2,Stage 2,0.25041486069432983,0.74115805835694
203,233,Stage 0,Stage 0,1.253509049401892e-17,0.9804911438200857
203,234,Stage 0,Stage 0,1.2740297014569865e-17,0.9805653107277057
203,235,Stage 0,Stage 0,8.712486018094915e-20,0.9913066833643034
203,236,Stage 2,Stage 4,0.6540230893838765,0.6540230893838765
203,237,Stage 0,Stage 0,7.903870012013863e-20,0.9908800968125381
203,238,Stage 4,Stage 4,0.6723751379532624,0.6723751379532624
203,239,Stage 0,Stage 0,8.642071827046151e-20,0.9912733403140861
203,240,Stage 0,Stage 0,8.873010132836583e-20,0.9913802997255212
203,241,Stage 4,Stage 4,0.6740728038490408,0.6740728038490408
203,242,Stage 2,Stage 2,0.24980847187399974,0.7417443057242193
203,243,Stage 0,Stage 0,8.712486018094915e-20,0.9913066833643034
203,244,Stage 0,Stage 0,8.981656287912796e-20,0.9914283112014913
203,245,Stage 0,Stage 0,9.78012826822886e-20,0.9917414884816289
203,246,Stage 0,Stage 0,8.945294736894336e-20,0.9914124012335139
203,247,Stage 4,Stage 4,0.6610236544185378,0.6610236544185378
203,248,Stage 3,Stage 3,1.2621633290938193e-16,0.9917639016699474
203,249,Stage 0,Stage 0,8.712486018094915e-20,0.9913066833643034
203,250,Stage 3,Stage 3,1.6586075562578934e-16,0.9904525991304134
203,251,Stage 3,Stage 3,1.4437723749347735e-16,0.9911426811614495
203,252,Stage 4,Stage 4,0.6857873153651937,0.6857873153651937
203,253,Stage 0,Stage 0,1.253509049401892e-17,0.9804911438200857
203,254,Stage 0,Stage 0,9.525717101185453e-20,0.9916487261505318
203,255,Stage 4,Stage 4,0.6648354863636098,0.6648354863636098
203,256,Stage 2,Stage 2,0.25376674520975356,0.7379138770083318
203,257,Stage 3,Stage 3,1.9554812689732458e-16,0.9895635412898461
203,258,Stage 0,Stage 0,9.37243953407556e-20,0.9915898106525737
203,259,Stage 2,Stage 2,0.26399099922780783,0.7279822367497033
203,260,Stage 0,Stage 0,8.909079548356597e-20,0.9913963975468475
203,261,Stage 4,Stage 4,0.6665589520038038,0.6665589520038038
203,262,Stage 1,Stage 1,0.009436510639765031,0.9905634893599552
203,263,Stage 0,Stage 0,1.287023821130877e-17,0.9806105002089812
203,264,Stage 3,Stage 3,1.251261927284667e-16,0.9918024599916467
203,265,Stage 3,Stage 3,1.8324417990417863e-16,0.9899238928700118
203,266,Stage 0,Stage 0,1.2333159853244846e-17,0.9804146486997954
203,267,Stage 3,Stage 3,1.5541991621913235e-16,0.9907824790492394
203,268,Stage 1,Stage 1,0.009565926254869413,0.9904340737448427
203,269,Stage 1,Stage 1,0.009210706257898174,0.9907892937418357
203,270,Stage 4,Stage 4,0.6824708808016353,0.6824708808016353
203,271,Stage 2,Stage 4,0.6662147213624142,0.6662147213624142
203,272,Stage 0,Stage 0,9.073204391193619e-20,0.9914676788149698
203,273,Stage 2,Stage 2,0.25254460426268227,0.7390974523828906
203,274,Stage 0,Stage 0,9.642309106611137e-20,0.9916919925727748
203,275,Stage 0,Stage 0,9.353453132757058e-20,0.9915823465277942
203,276,Stage 0,Stage 0,8.945294736894336e-20,0.9914124012335139
203,277,Stage 4,Stage 4,0.6720348920125131,0.6720348920125131
203,278,Stage 0,Stage 0,8.677207923103145e-20,0.9912900602817227
203,279,Stage 2,Stage 2,0.2674546575569374,0.7246062225826132
203,280,Stage 0,Stage 0,9.036474339409728e-20,0.9914520013362089
203,281,Stage 3,Stage 3,1.6803138880578172e-16,0.9903852304193212
203,282,Stage 2,Stage 2,0.2780093649386667,0.7142857960000686
203,283,Stage 2,Stage 2,0.2580735699978759,0.7337367079548769
203,284,Stage 4,Stage 4,0.6747502014389875,0.6747502014389875
203,285,Stage 0,Stage 0,1.1794317683016291e-17,0.9801919536097496
203,286,Stage 0,Stage 0,9.391464264113023e-20,0.9915972525102162
203,287,Stage 1,Stage 1,0.009058579180217434,0.9909414208195254
203,288,Stage 0,Stage 0,1.0061672751189167e-19,0.9918373713306831
203,289,Stage 0,Stage 0,8.383019973218452e-20,0.9911448085800331
203,290,Stage 0,Stage 0,9.839791832389827e-20,0.991762381205879
203,291,Stage 3,Stage 3,1.3067246071376175e-16,0.9916078578589149
203,292,Stage 3,Stage 3,1.7320699049610832e-16,0.990226196699589
203,293,Stage 3,Stage 3,1.785415327372632e-16,0.990064553301333
203,294,Stage 1,Stage 1,0.009465118971863792,0.9905348810278547
203,295,Stage 1,Stage 1,0.009280689035787628,0.9907193109639421
203,296,Stage 0,Stage 0,1.4683978690384503e-17,0.9811207515190339
203,297,Stage 0,Stage 0,1.2458985440066693e-17,0.9804627331169338
203,298,Stage 0,Stage 0,9.583836753171736e-20,0.9916704571574527
203,299,Stage 1,Stage 1,0.009322931274816903,0.99067706872491
203,300,Stage 2,Stage 2,0.29278818523376043,0.6997596578898951
203,301,Stage 3,Stage 3,1.6803138880578172e-16,0.9903852304193212
203,302,Stage 1,Stage 1,0.008814996594711402,0.9911850034050453
203,303,Stage 4,Stage 4,0.6828036358362569,0.6828036358362569
203,304,Stage 0,Stage 0,8.963457180159048e-20,0.9914203679064144
203,305,Stage 0,Stage 0,9.184287616612198e-20,0.9915141592139521
203,306,Stage 4,Stage 4,0.6968755151177335,0.6968755151177335
203,307,Stage 1,Stage 1,0.008735253814130853,0.9912647461856307
203,308,Stage 0,Stage 0,9.202932517534232e-20,0.9915218259744493
203,309,Stage 1,Stage 1,0.009624007050878763,0.9903759929488298
203,310,Stage 0,Stage 0,9.622779001159291e-20,0.9916848357534722
203,311,Stage 0,Stage 0,1.215911663711361e-17,0.9803457742274315
203,312,Stage 0,Stage 0,1.253509049401892e-17,0.9804911438200857
203,313,Stage 0,Stage 0,1.2134452772851683e-17,0.9803357854271768
203,314,Stage 2,Stage 2,0.2747852614864163,0.7174433774631043
203,315,Stage 2,Stage 2,0.29145689323540164,0.7010715245803473
203,316,Stage 0,Stage 0,9.839791832389827e-20,0.991762381205879
203,317,Stage 2,Stage 2,0.28649489500796743,0.705955450902243
203,318,Stage 2,Stage 4,0.6929955259593715,0.6929955259593715
203,319,Stage 0,Stage 0,1.1770386885997358e-17,0.9801813917513598
203,320,Stage 1,Stage 1,0.008309282836801494,0.9916907171629832
203,321,Stage 2,Stage 4,0.7035759719545623,0.7035759719545623
203,322,Stage 2,Stage 4,0.6737337468565638,0.6737337468565638
203,323,Stage 2,Stage 2,0.2796297110755661,0.7126972752212122
203,324,Stage 0,Stage 0,9.22161505741555e-20,0.9915294700201527
204,1,Stage 0,Stage 0,1.3430490722743576e-17,0.980790743318878
204,2,Stage 1,Stage 1,0.01025533634924254,0.989744663650425
204,3,Stage 1,Stage 1,0.009995005606752856,0.9900049943929322
204,4,Stage 2,Stage 2,0.24739231790083466,0.7440781543687385
204,5,Stage 2,Stage 2,0.26556197357446565,0.7264517029193922
204,6,Stage 2,Stage 2,0.2699909306515594,0.7221306585210056
204,7,Stage 0,Stage 0,9.583836753171736e-20,0.9916704571574527
204,8,Stage 2,Stage 2,0.23176869902905484,0.7590836699694671
204,9,Stage 0,Stage 0,1.410044103467453e-17,0.9809784929235621
204,10,Stage 3,Stage 3,1.5882525403016033e-16,0.9906737959010864
204,11,Stage 0,Stage 0,8.783470504027307e-20,0.9913396405861271
204,12,Stage 0,Stage 0,8.298396123902237e-20,0.9911007162968369
204,13,Stage 4,Stage 4,0.6613713246232751,0.6613713246232751
204,14,Stage 4,Stage 4,0.670671542558104,0.670671542558104
204,15,Stage 3,Stage 3,1.8087761916968798e-16,0.9899944682807489
204,16,Stage 0,Stage 0,8.098746447928079e-20,0.9909922871964918
204,17,Stage 0,Stage 0,1.1510300803839863e-17,0.9800626282534846
204,18,Stage 1,Stage 1,0.011161265155711256,0.9888387348438932
204,19,Stage 0,Stage 0,8.945294736894336e-20,0.9914124012335139
204,20,Stage 2,Stage 2,0.26430473759518175,0.7276766671573558
204,21,Stage 3,Stage 3,1.182656670751496e-16,0.9920487529320827
204,22,Stage 4,Stage 4,0.6740728038490408,0.6740728038490408
204,23,Stage 0,Stage 0,9.87976855940541e-20,0.9917762040240412
204,24,Stage 0,Stage 0,1.2560561077266288e-17,0.9805005411964006
204,25,Stage 0,Stage 0,9.036474339409728e-20,0.9914520013362089
204,26,Stage 4,Stage 4,0.6585836341778833,0.6585836341778833
204,27,Stage 0,Stage 0,9.165680278779385e-20,0.9915064696883523
204,28,Stage 0,Stage 0,1.2208593453132203e-17,0.980365639237517
204,29,Stage 0,Stage 0,8.677207923103145e-20,0.9912900602817227
204,30,Stage 0,Stage 0,8.46850139491943e-20,0.9911882720675684
204,31,Stage 0,Stage 0,8.837085903244356e-20,0.9913641073516679
204,32,Stage 1,Stage 1,0.009815191961509888,0.9901848080381868
204,33,Stage 3,Stage 3,1.5012219126275094e-16,0.9909537624988691
204,34,Stage 2,Stage 2,0.24950562961173267,0.7420370122733596
204,35,Stage 1,Stage 1,0.010380155993578817,0.9896198440060806
204,36,Stage 2,Stage 2,0.25315520778394973,0.7385062168479645
204,37,Stage 2,Stage 2,0.26117765773469015,0.7307202322083483
204,38,Stage 1,Stage 1,0.009889721766253414,0.9901102782334382
204,39,Stage 4,Stage 4,0.6627597319301668,0.6627597319301668
204,40,Stage 4,Stage 4,0.6814711408851148,0.6814711408851148
204,41,Stage 2,Stage 2,0.24890064996130676,0.7426215901757899
204,42,Stage 1,Stage 1,0.010861761694597969,0.9891382383050279
204,43,Stage 0,Stage 0,1.3267996330712023e-17,0.9807407977763951
204,44,Stage 0,Stage 0,8.819178050352503e-20,0.9913559755764396
204,45,Stage 1,Stage 1,0.00953701616625288,0.990462983833461
204,46,Stage 0,Stage 0,1.1510300803839863e-17,0.9800626282534846
204,47,Stage 0,Stage 0,9.448769201481952e-20,0.9916194449715166
204,48,Stage 2,Stage 2,0.25869254117066315,0.7331355898180756
204,49,Stage 4,Stage 4,0.6771135394147672,0.6771135394147672
204,50,Stage 0,Stage 0,8.016974467717475e-20,0.9909460040695245
204,51,Stage 2,Stage 2,0.24890064996130676,0.7426215901757899
204,52,Stage 2,Stage 2,0.236707054712252,0.7543577110886671
204,53,Stage 0,Stage 0,1.1794317683016291e-17,0.9801919536097496
204,54,Stage 0,Stage 0,8.659622161005087e-20,0.9912817124353902
204,55,Stage 3,Stage 3,1.7096969154466563e-16,0.9902946711314999
204,56,Stage 3,Stage 3,1.4626743465657863e-16,0.991080147684282
204,57,Stage 1,Stage 1,0.01053829632109027,0.9894617036785583
204,58,Stage 0,Stage 0,1.2922581741193185e-17,0.9806283277652365
204,59,Stage 3,Stage 3,1.2842511828128758e-16,0.9916862435349484
204,60,Stage 0,Stage 0,8.537509825055995e-20,0.9912225947871058
204,61,Stage 3,Stage 3,1.1673653215887557e-16,0.9921045370250977
204,62,Stage 2,Stage 2,0.2519349356419553,0.7396875820838313
204,63,Stage 3,Stage 3,1.388515806678279e-16,0.9913276811213593
204,64,Stage 4,Stage 4,0.6624129717872749,0.6624129717872749
204,65,Stage 2,Stage 2,0.2393494780139037,0.7518222425992226
204,66,Stage 0,Stage 0,9.240335312278755e-20,0.9915370914012563
204,67,Stage 0,Stage 0,1.1463627604673688e-17,0.9800405210137864
204,68,Stage 0,Stage 0,1.0164166460138794e-19,0.9918706296415938
204,69,Stage 0,Stage 0,8.819178050352503e-20,0.9913559755764396
204,70,Stage 1,Stage 1,0.009565926254869413,0.9904340737448427
204,71,Stage 4,Stage 4,0.6821378797765163,0.6821378797765163
204,72,Stage 4,Stage 4,0.6733944514678334,0.6733944514678334
204,73,Stage 4,Stage 4,0.6798000086854755,0.6798000086854755
204,74,Stage 0,Stage 0,9.184287616612198e-20,0.9915141592139521
204,75,Stage 1,Stage 1,0.009919690322993174,0.9900803096766966
204,76,Stage 2,Stage 2,0.24920302226922736,0.7423294404854913
204,77,Stage 0,Stage 0,1.2408503290790025e-17,0.9804436097268838
204,78,Stage 3,Stage 3,1.5745428008113426e-16,0.990717420980011
204,79,Stage 0,Stage 0,8.115200014791238e-20,0.9910014652339335
204,80,Stage 0,Stage 0,8.837085903244356e-20,0.9913641073516679
204,81,Stage 0,Stage 0,9.091625046287896e-20,0.9914754829247348
204,82,Stage 3,Stage 3,1.5341176629256278e-16,0.9908470844304536
204,83,Stage 1,Stage 1,0.009653178269755352,0.9903468217299513
204,84,Stage 0,Stage 0,8.873010132836583e-20,0.9913802997255212
204,85,Stage 4,Stage 4,0.6733944514678334,0.6733944514678334
204,86,Stage 3,Stage 3,1.4754125773760771e-16,0.9910382153289269
204,87,Stage 1,Stage 1,0.009830053300841891,0.9901699466988536
204,88,Stage 0,Stage 0,1.2484302778220652e-17,0.9804722398578325
204,89,Stage 3,Stage 3,1.1129654999199453e-16,0.9923057703964012
204,90,Stage 3,Stage 3,1.412808956696265e-16,0.991245937546461
204,91,Stage 0,Stage 0,9.22161505741555e-20,0.9915294700201527
204,92,Stage 0,Stage 0,9.448769201481952e-20,0.9916194449715166
204,93,Stage 0,Stage 0,1.3594958274275112e-17,0.9808394703467559
204,94,Stage 2,Stage 2,0.276394540393224,0.7158678400136779
204,95,Stage 0,Stage 0,9.410527400285663e-20,0.9916046721498973
204,96,Stage 2,Stage 2,0.26872098505124564,0.7233705666330764
204,97,Stage 0,Stage 0,1.4043368175836372e-17,0.9809635680724318
204,98,Stage 0,Stage 0,1.2358223830009592e-17,0.9804243392721755
204,99,Stage 3,Stage 3,1.412808956696265e-16,0.991245937546461
204,100,Stage 2,Stage 2,0.24349826524823048,0.7478324498769883
204,101,Stage 3,Stage 3,1.198147844747022e-16,0.9919925770874629
204,102,Stage 0,Stage 0,9.661878638945813e-20,0.9916991278032942
204,103,Stage 0,Stage 0,8.231308708690136e-20,0.9910649850272207
204,104,Stage 2,Stage 2,0.2602440105515096,0.7316280286971978
204,105,Stage 0,Stage 0,9.78012826822886e-20,0.9917414884816289
204,106,Stage 3,Stage 3,1.2138414451901029e-16,0.9919360067787678
204,107,Stage 4,Stage 4,0.6682766206384697,0.6682766206384697
204,108,Stage 3,Stage 3,1.5677322519212532e-16,0.9907391574938658
204,109,Stage 2,Stage 2,0.2593124366704646,0.7325333815492892
204,110,Stage 3,Stage 3,1.1724403944377254e-16,0.992085985688691
204,111,Stage 0,Stage 0,1.410044103467453e-17,0.9809784929235621
204,112,Stage 2,Stage 2,0.24980847187399974,0.7417443057242193
204,113,Stage 0,Stage 0,1.2948832582911525e-17,0.9806371886501871
204,114,Stage 0,Stage 0,9.018164793258518e-20,0.991444127864863
204,115,Stage 0,Stage 0,9.506421893692317e-20,0.9916414387921917
204,116,Stage 2,Stage 2,0.25714684879590843,0.7346363376396886
204,117,Stage 2,Stage 2,0.24799494438075095,0.7434963662755557
204,118,Stage 0,Stage 0,1.2586082948159591e-17,0.9805099022725244
204,119,Stage 0,Stage 0,9.184287616612198e-20,0.9915141592139521
204,120,Stage 0,Stage 0,1.3027902691056307e-17,0.9806635606276816
204,121,Stage 0,Stage 0,1.4215277937991817e-17,0.9810079570714533
204,122,Stage 2,Stage 2,0.242308144816448,0.7489780500215129
204,123,Stage 0,Stage 0,1.3241104099992208e-17,0.9807323539623602
204,124,Stage 3,Stage 3,1.2085875912402677e-16,0.9919549075458585
204,125,Stage 0,Stage 0,1.4360129642798906e-17,0.9810440699015562
204,126,Stage 4,Stage 4,0.6723751379532624,0.6723751379532624
204,127,Stage 0,Stage 0,9.919906859254658e-20,0.9917899427447266
204,128,Stage 4,Stage 4,0.6727151467124962,0.6727151467124962
204,129,Stage 0,Stage 0,1.2662957320952439e-17,0.980537768469339
204,130,Stage 0,Stage 0,1.3187481657883642e-17,0.980715363204435
204,131,Stage 4,Stage 4,0.6804691947043152,0.6804691947043152
204,132,Stage 2,Stage 2,0.25900237345016314,0.732834621849088
204,133,Stage 1,Stage 1,0.00889546080219924,0.991104539197553
204,134,Stage 3,Stage 3,1.1033499035133906e-16,0.992341806553053
204,135,Stage 1,Stage 1,0.009653178269755352,0.9903468217299513
204,136,Stage 0,Stage 0,8.765670665295167e-20,0.9913314372653822
204,137,Stage 4,Stage 4,0.6720348920125131,0.6720348920125131
204,138,Stage 0,Stage 0,9.353453132757058e-20,0.9915823465277942
204,139,Stage 2,Stage 2,0.2627383329464713,0.7292018228758231
204,140,Stage 1,Stage 1,0.01022436423784182,0.9897756357618281
204,141,Stage 1,Stage 1,0.009653178269755352,0.9903468217299513
204,142,Stage 0,Stage 0,1.2922581741193185e-17,0.9806283277652365
204,143,Stage 0,Stage 0,9.919906859254658e-20,0.9917899427447266
204,144,Stage 1,Stage 1,0.009949748780050132,0.9900502512196377
204,145,Stage 1,Stage 1,0.009741218293934874,0.9902587817057664
204,146,Stage 0,Stage 0,8.891026655718003e-20,0.9913883604290891
204,147,Stage 3,Stage 3,1.6160301689452604e-16,0.9905859342805401
204,148,Stage 0,Stage 0,8.589632680577147e-20,0.9912480777611306
204,149,Stage 0,Stage 0,1.0184789518815859e-19,0.9918772199682381
204,150,Stage 2,Stage 2,0.2562222135628668,0.735533505503506
204,151,Stage 0,Stage 0,9.701136302956587e-20,0.9917133336883921
204,152,Stage 4,Stage 4,0.6575345391229066,0.6575345391229066
204,153,Stage 3,Stage 3,1.8564161062400074e-16,0.9898528237007035
204,154,Stage 4,Stage 4,0.6854567868244953,0.6854567868244953
204,155,Stage 0,Stage 0,9.240335312278755e-20,0.9915370914012563
204,156,Stage 1,Stage 1,0.0105862015552074,0.9894137984444379
204,157,Stage 1,Stage 1,0.010301968689707616,0.989698031309957
204,158,Stage 4,Stage 4,0.7054692069290047,0.7054692069290047
204,159,Stage 3,Stage 3,1.7547348082189654e-16,0.9901572429469798
204,160,Stage 0,Stage 0,8.891026655718003e-20,0.9913883604290891
204,161,Stage 0,Stage 0,1.2134452772851683e-17,0.9803357854271768
204,162,Stage 0,Stage 0,1.3677939463855786e-17,0.9808633817262833
204,163,Stage 0,Stage 0,1.1722669461630248e-17,0.9801601513738472
204,164,Stage 2,Stage 2,0.25900237345016314,0.732834621849088
204,165,Stage 4,Stage 4,0.6733944514678334,0.6733944514678334
204,166,Stage 2,Stage 2,0.2690381326762171,0.7230609876913192
204,167,Stage 0,Stage 0,1.0801315288883774e-19,0.9920596704784024
204,168,Stage 1,Stage 1,0.009280689035787628,0.9907193109639421
204,169,Stage 4,Stage 4,0.6962314150381189,0.6962314150381189
204,170,Stage 1,Stage 1,0.008881999730637444,0.9911180002691156
204,171,Stage 4,Stage 4,0.6757645023331529,0.6757645023331529
204,172,Stage 2,Stage 2,0.2658768524060471,0.7261447914628317
204,173,Stage 0,Stage 0,1.334899836858545e-17,0.9807659238302157
204,174,Stage 2,Stage 2,0.26430473759518175,0.7276766671573558
204,175,Stage 1,Stage 1,0.009624007050878763,0.9903759929488298
204,176,Stage 3,Stage 3,1.400609848735023e-16,0.9912869045482736
204,177,Stage 0,Stage 0,1.030940514208353e-19,0.991916336347299
204,178,Stage 1,Stage 1,0.009770741285424905,0.9902292587142744
204,179,Stage 2,Stage 2,0.2703089811070587,0.7218200187592283
204,180,Stage 1,Stage 1,0.008656226107831342,0.9913437738919344
204,181,Stage 0,Stage 0,9.353453132757058e-20,0.9915823465277942
204,182,Stage 2,Stage 2,0.2835409214442216,0.7088585817844766
204,183,Stage 3,Stage 3,1.5474763695087082e-16,0.9908040643215447
204,184,Stage 2,Stage 2,0.2725416322991087,0.7196381429789372
204,185,Stage 0,Stage 0,1.4477064614725244e-17,0.9810723914936978
204,186,Stage 4,Stage 4,0.7057838232396134,0.7057838232396134
204,187,Stage 4,Stage 4,0.6920197826207666,0.6920197826207666
204,188,Stage 1,Stage 1,0.009155096671304125,0.9908449033284329
204,189,Stage 0,Stage 0,1.390168659896195e-17,0.9809256893141848
204,190,Stage 0,Stage 0,1.412906368840792e-17,0.9809859070532867
204,191,Stage 2,Stage 2,0.2941228562219094,0.6984438297200057
204,192,Stage 0,Stage 0,8.909079548356597e-20,0.9913963975468475
204,193,Stage 3,Stage 3,1.8166306727860768e-16,0.9899709977975176
204,194,Stage 2,Stage 2,0.2961311650042884,0.6964626977908497
204,195,Stage 2,Stage 4,0.6975185846169477,0.6975185846169477
204,196,Stage 0,Stage 0,1.0372280720857294e-19,0.9919356229504688
204,197,Stage 0,Stage 0,9.859760040023931e-20,0.9917693031503555
204,198,Stage 2,Stage 4,0.7144849765697583,0.7144849765697583
204,199,Stage 0,Stage 0,1.6853174580424634e-17,0.9815151023798271
204,200,Stage 0,Stage 0,1.0801315288883774e-19,0.9920596704784024
204,201,Stage 3,Stage 3,1.450045805823419e-16,0.9911218851945769
204,202,Stage 3,Stage 3,2.236474671419567e-16,0.9887778332939271
204,203,Stage 0,Stage 0,1.6582307316456168e-17,0.9814754833256575
204,204,Stage 3,Stage 3,1.9053069031833766e-16,0.9897091905016043
204,205,Stage 0,Stage 0,1.2321455012740285e-19,0.9924117765011193
204,206,Stage 3,Stage 3,1.717122375802452e-16,0.990271899376191
204,207,Stage 3,Stage 3,1.9053069031833766e-16,0.9897091905016043
204,208,Stage 2,Stage 4,0.7217746338959907,0.7217746338959907
204,209,Stage 0,Stage 0,1.0520478321942875e-19,0.9919799291331131
204,210,Stage 2,Stage 4,0.7190594327035068,0.7190594327035068
204,211,Stage 0,Stage 0,1.2098901871269679e-19,0.9923674272093888
211,1,Stage 4,Stage 4,0.6757645023331529,0.6757645023331529
211,2,Stage 2,Stage 2,0.265247322518575,0.7267583464317497
211,3,Stage 0,Stage 0,1.3485092822268163e-17,0.9808071202891354
211,4,Stage 1,Stage 1,0.009979897401570206,0.9900201025981158
211,5,Stage 2,Stage 2,0.2562222135628668,0.735533505503506
211,6,Stage 3,Stage 3,1.665811752754777e-16,0.9904301951067617
211,7,Stage 0,Stage 0,1.433104262676681e-17,0.9810369107430247
211,8,Stage 3,Stage 3,1.6020813199644695e-16,0.9906299673123887
211,9,Stage 4,Stage 4,0.6798000086854755,0.6798000086854755
211,10,Stage 0,Stage 0,9.410527400285663e-20,0.9916046721498973
211,11,Stage 2,Stage 2,0.2507184070185569,0.7408645179111736
211,12,Stage 2,Stage 2,0.2580735699978759,0.7337367079548769
211,13,Stage 1,Stage 1,0.009964811803714252,0.9900351881959727
211,14,Stage 0,Stage 0,1.2948832582911525e-17,0.9806371886501871
211,15,Stage 4,Stage 4,0.6844637113224621,0.6844637113224621
211,16,Stage 3,Stage 3,1.3295903064814052e-16,0.9915287379271257
211,17,Stage 4,Stage 4,0.6784587144467115,0.6784587144467115
211,18,Stage 1,Stage 1,0.010010136452442388,0.9899898635472416
211,19,Stage 0,Stage 0,9.391464264113023e-20,0.9915972525102162
211,20,Stage 3,Stage 3,1.4947276702364524e-16,0.9909749495023996
211,21,Stage 3,Stage 3,1.3010697391296376e-16,0.9916275228510862
211,22,Stage 4,Stage 4,0.6871069390768858,0.6871069390768858
211,23,Stage 1,Stage 1,0.010395863773007857,0.9896041362266504
211,24,Stage 0,Stage 0,9.506421893692317e-20,0.9916414387921917
211,25,Stage 1,Stage 1,0.009609454194694656,0.9903905458050148
211,26,Stage 1,Stage 1,0.010208912914871814,0.9897910870847989
211,27,Stage 2,Stage 2,0.26556197357446565,0.7264517029193922
211,28,Stage 1,Stage 1,0.008577907177043917,0.9914220928227263
211,29,Stage 0,Stage 0,1.4535885902983276e-17,0.9810863641899918
211,30,Stage 0,Stage 0,1.0584634858266361e-19,0.9919986220897354
211,31,Stage 3,Stage 3,1.0473722773797223e-16,0.9925545262199104
211,32,Stage 4,Stage 4,0.6767766414749979,0.6767766414749979
211,33,Stage 2,Stage 2,0.2693555062647687,0.7227511432103669
211,34,Stage 1,Stage 1,0.010650410474946151,0.9893495895246947
211,35,Stage 0,Stage 0,9.22161505741555e-20,0.9915294700201527
211,36,Stage 4,Stage 4,0.7035759719545623,0.7035759719545623
211,37,Stage 0,Stage 0,9.899817471954102e-20,0.9917830838733842
211,38,Stage 4,Stage 4,0.6781227837843048,0.6781227837843048
211,39,Stage 0,Stage 0,1.0082088893385625e-19,0.9918440640336889
211,40,Stage 0,Stage 0,9.642309106611137e-20,0.9916919925727748
211,41,Stage 0,Stage 0,1.3567408977099178e-17,0.9808314331400222
211,42,Stage 0,Stage 0,1.3986524478756912e-17,0.9809485139790308
211,43,Stage 2,Stage 2,0.24799494438075095,0.7434963662755557
211,44,Stage 0,Stage 0,9.334504982898171e-20,0.9915748600865903
211,45,Stage 4,Stage 4,0.6727151467124962,0.6727151467124962
211,46,Stage 1,Stage 1,0.009365363967225648,0.9906346360324987
211,47,Stage 2,Stage 2,0.271902609070935,0.7202628547686946
211,48,Stage 0,Stage 0,1.3986524478756912e-17,0.9809485139790308
211,49,Stage 0,Stage 0,9.091625046287896e-20,0.9914754829247348
211,50,Stage 0,Stage 0,1.0000670793438895e-19,0.9918171693732337
211,51,Stage 2,Stage 2,0.27062725684065797,0.7215091143515209
211,52,Stage 1,Stage 1,0.009904694823563766,0.990095305176127
211,53,Stage 0,Stage 0,1.3845411787388083e-17,0.9809103097200548
211,54,Stage 1,Stage 1,0.009653178269755352,0.9903468217299513
211,55,Stage 1,Stage 1,0.009551460378019672,0.9904485396216934
211,56,Stage 1,Stage 1,0.009351198523028188,0.990648801476697
211,57,Stage 3,Stage 3,1.3945497509816846e-16,0.9913073165838424
211,58,Stage 0,Stage 0,8.837085903244356e-20,0.9913641073516679
211,59,Stage 4,Stage 4,0.6971971788136707,0.6971971788136707
211,60,Stage 0,Stage 0,1.2283182899635144e-17,0.9803951564718821
211,61,Stage 4,Stage 4,0.6682766206384697,0.6682766206384697
211,62,Stage 3,Stage 3,1.6586075562578934e-16,0.9904525991304134
211,63,Stage 0,Stage 0,1.2896383652677683e-17,0.9806194316431087
211,64,Stage 0,Stage 0,1.3986524478756912e-17,0.9809485139790308
211,65,Stage 0,Stage 0,9.525717101185453e-20,0.9916487261505318
211,66,Stage 1,Stage 1,0.008513178319831715,0.991486821679942
211,67,Stage 1,Stage 1,0.009465118971863792,0.9905348810278547
211,68,Stage 0,Stage 0,1.0226160623414513e-19,0.9918903396456624
211,69,Stage 0,Stage 0,1.4360129642798906e-17,0.9810440699015562
211,70,Stage 2,Stage 2,0.276394540393224,0.7158678400136779
211,71,Stage 1,Stage 1,0.00953701616625288,0.990462983833461
211,72,Stage 2,Stage 4,0.7000805174794553,0.7000805174794553
211,73,Stage 0,Stage 0,8.981656287912796e-20,0.9914283112014913
211,74,Stage 0,Stage 0,1.0082088893385625e-19,0.9918440640336889
211,75,Stage 0,Stage 0,1.563616126772598e-17,0.9813170471203544
211,76,Stage 0,Stage 0,9.202932517534232e-20,0.9915218259744493
211,77,Stage 3,Stage 3,1.595151985996128e-16,0.9906519071036988
211,78,Stage 0,Stage 0,1.0041297742379242e-19,0.991830658016624
211,79,Stage 3,Stage 3,1.267649507625699e-16,0.9917445549781971
211,80,Stage 2,Stage 4,0.6716944091958587,0.6716944091958587
211,81,Stage 0,Stage 0,8.783470504027307e-20,0.9913396405861271
211,82,Stage 0,Stage 0,1.4244131838433493e-17,0.9810152431785992
211,83,Stage 1,Stage 1,0.009196772567259431,0.9908032274324752
211,84,Stage 4,Stage 4,0.6838004221848187,0.6838004221848187
211,85,Stage 0,Stage 0,1.0499178926504226e-19,0.9919736589332914
211,86,Stage 2,Stage 4,0.6955862863663789,0.6955862863663789
211,87,Stage 1,Stage 1,0.009127416747430665,0.990872583252308
211,88,Stage 2,Stage 2,0.2546858002072975,0.7370233000449775
211,89,Stage 3,Stage 3,1.4563464239206133e-16,0.9911010407392757
211,90,Stage 0,Stage 0,9.277889271811996e-20,0.9915522663698692
211,91,Stage 3,Stage 3,1.4313066079285363e-16,0.9911841280737391
211,92,Stage 1,Stage 1,0.010411595072169162,0.9895884049274881
211,93,Stage 0,Stage 0,8.332143307836255e-20,0.991118429112658
211,94,Stage 0,Stage 0,9.78012826822886e-20,0.9917414884816289
211,95,Stage 1,Stage 1,0.009003879713349556,0.9909961202863963
211,96,Stage 4,Stage 4,0.6871069390768858,0.6871069390768858
211,97,Stage 4,Stage 4,0.6599792849745079,0.6599792849745079
211,98,Stage 2,Stage 2,0.26055499610603355,0.7313257011092654
211,99,Stage 4,Stage 4,0.6828036358362569,0.6828036358362569
211,100,Stage 1,Stage 1,0.009308829408469714,0.9906911705912582
211,101,Stage 4,Stage 4,0.6821378797765163,0.6821378797765163
211,102,Stage 0,Stage 0,1.0414409617945719e-19,0.9919483809081383
211,103,Stage 3,Stage 3,1.5012219126275094e-16,0.9909537624988691
211,104,Stage 1,Stage 1,0.009653178269755352,0.9903468217299513
211,105,Stage 2,Stage 4,0.6880940342631542,0.6880940342631542
211,106,Stage 2,Stage 2,0.2725416322991087,0.7196381429789372
211,107,Stage 4,Stage 4,0.6900614492756498,0.6900614492756498
211,108,Stage 4,Stage 4,0.7123293755477069,0.7123293755477069
211,109,Stage 0,Stage 0,9.919906859254658e-20,0.9917899427447266
211,110,Stage 0,Stage 0,1.1112104295259018e-19,0.9921419415741112
211,111,Stage 0,Stage 0,9.622779001159291e-20,0.9916848357534722
211,112,Stage 0,Stage 0,1.5604509833704832e-17,0.9813111584771237
211,113,Stage 2,Stage 4,0.7057838232396134,0.7057838232396134
211,114,Stage 0,Stage 0,1.0735851686781043e-19,0.9920415582469281
211,115,Stage 2,Stage 4,0.689078873404548,0.689078873404548
211,116,Stage 4,Stage 4,0.7114015095326414,0.7114015095326414
211,117,Stage 0,Stage 0,1.3845411787388083e-17,0.9809103097200548
211,118,Stage 2,Stage 2,0.27575016202612107,0.7164988374361844
211,119,Stage 1,Stage 1,0.009210706257898174,0.9907892937418357
211,120,Stage 0,Stage 0,1.0143584951925212e-19,0.991864018929853
211,121,Stage 3,Stage 3,1.4754125773760771e-16,0.9910382153289269
211,122,Stage 0,Stage 0,1.0456708790322809e-19,0.9919610594527702
211,123,Stage 3,Stage 3,1.5745428008113426e-16,0.990717420980011
211,124,Stage 0,Stage 0,1.1112104295259018e-19,0.9921419415741112
211,125,Stage 0,Stage 0,1.563616126772598e-17,0.9813170471203544
211,126,Stage 0,Stage 0,1.4743634149921605e-17,0.9811342900545043
211,127,Stage 1,Stage 1,0.008682489613816381,0.991317510385948
211,128,Stage 1,Stage 1,0.00953701616625288,0.990462983833461
211,129,Stage 0,Stage 0,9.410527400285663e-20,0.9916046721498973
211,130,Stage 0,Stage 0,9.410527400285663e-20,0.9916046721498973
211,131,Stage 1,Stage 1,0.008761754975695302,0.9912382450240645
211,132,Stage 3,Stage 3,1.8970701934139603e-16,0.989733268624752
211,133,Stage 3,Stage 3,2.396898117457797e-16,0.9883496546920707
211,134,Stage 0,Stage 0,9.487165560123325e-20,0.9916341295085987
211,135,Stage 2,Stage 4,0.7070396434453565,0.7070396434453565
211,136,Stage 1,Stage 1,0.007761429340020061,0.9922385706597929
211,137,Stage 2,Stage 2,0.2828868691165338,0.7095009246158859
211,138,Stage 1,Stage 1,0.009294748672478925,0.9907052513272498
211,139,Stage 0,Stage 0,1.0499178926504226e-19,0.9919736589332914
211,140,Stage 3,Stage 3,1.8970701934139603e-16,0.989733268624752
211,141,Stage 3,Stage 3,1.989660464495031e-16,0.9894653081170943
211,142,Stage 0,Stage 0,1.2001278723995187e-19,0.9923472791689499
211,143,Stage 3,Stage 3,1.7471471725679526e-16,0.9901802809920105
211,144,Stage 0,Stage 0,1.4833568581164264e-17,0.9811543676228127
211,145,Stage 1,Stage 1,0.008461744087796381,0.9915382559119801
211,146,Stage 0,Stage 0,1.1089612885645921e-19,0.9921361866768776
212,1,Stage 1,Stage 1,0.011555872015763562,0.9884441279838112
212,2,Stage 1,Stage 1,0.010208912914871814,0.9897910870847989
212,3,Stage 1,Stage 1,0.011010506436409693,0.9889894935632056
212,4,Stage 0,Stage 0,8.181347082197737e-20,0.991037917355354
212,5,Stage 3,Stage 3,1.2842511828128758e-16,0.9916862435349484
212,6,Stage 0,Stage 0,8.485701351635163e-20,0.9911968899211833
212,7,Stage 4,Stage 4,0.6585836341778833,0.6585836341778833
212,8,Stage 3,Stage 3,1.1724403944377254e-16,0.992085985688691
212,9,Stage 0,Stage 0,1.3027902691056307e-17,0.9806635606276816
212,10,Stage 2,Stage 2,0.2522396530280303,0.7393926555578396
212,11,Stage 1,Stage 1,0.009949748780050132,0.9900502512196377
212,12,Stage 0,Stage 0,8.537509825055995e-20,0.9912225947871058
212,13,Stage 0,Stage 0,8.000718776672785e-20,0.990936668448035
212,14,Stage 1,Stage 1,0.010731213620810186,0.9892687863788249
212,15,Stage 1,Stage 1,0.010380155993578817,0.9896198440060806
212,16,Stage 0,Stage 0,8.801306274854312e-20,0.9913478200055159
212,17,Stage 0,Stage 0,1.1842323931121614e-17,0.9802129610796981
212,18,Stage 0,Stage 0,8.417109148209376e-20,0.9911622690404526
212,19,Stage 0,Stage 0,8.945294736894336e-20,0.9914124012335139
212,20,Stage 1,Stage 1,0.01022436423784182,0.9897756357618281
212,21,Stage 4,Stage 4,0.6575345391229066,0.6575345391229066
212,22,Stage 0,Stage 0,1.2586082948159591e-17,0.9805099022725244
212,23,Stage 4,Stage 4,0.6781227837843048,0.6781227837843048
212,24,Stage 1,Stage 1,0.009741218293934874,0.9902587817057664
212,25,Stage 1,Stage 1,0.010490605571728758,0.989509394427923
212,26,Stage 0,Stage 0,9.583836753171736e-20,0.9916704571574527
212,27,Stage 1,Stage 1,0.009638581731872228,0.9903614182678355
212,28,Stage 4,Stage 4,0.6750885414352491,0.6750885414352491
212,29,Stage 2,Stage 2,0.26148933351523956,0.7304170913077054
212,30,Stage 0,Stage 0,1.3001492951251741e-17,0.9806548050070074
212,31,Stage 0,Stage 0,1.1987506922008222e-17,0.9802750594385249
212,32,Stage 2,Stage 2,0.24529055562155658,0.7461055952146525
212,33,Stage 0,Stage 0,8.264784773209078e-20,0.9910829017524949
212,34,Stage 2,Stage 2,0.2602440105515096,0.7316280286971978
212,35,Stage 0,Stage 0,1.218383016385818e-17,0.9803557254709231
212,36,Stage 0,Stage 0,1.2922581741193185e-17,0.9806283277652365
212,37,Stage 2,Stage 2,0.25163045222685015,0.7399822317710941
212,38,Stage 0,Stage 0,8.383019973218452e-20,0.9911448085800331
212,39,Stage 1,Stage 1,0.009755968732097837,0.9902440312676025
212,40,Stage 2,Stage 2,0.26180123907608943,0.7301136797161712
212,41,Stage 2,Stage 2,0.2577644313843381,0.734036857719782
212,42,Stage 1,Stage 1,0.010861761694597969,0.9891382383050279
212,43,Stage 0,Stage 0,8.400047374762764e-20,0.9911535513581672
212,44,Stage 1,Stage 1,0.009919690322993174,0.9900803096766966
212,45,Stage 2,Stage 2,0.24469217859954617,0.7466823388248103
212,46,Stage 0,Stage 0,1.3485092822268163e-17,0.9808071202891354
212,47,Stage 0,Stage 0,1.1722669461630248e-17,0.9801601513738472
212,48,Stage 0,Stage 0,9.036474339409728e-20,0.9914520013362089
212,49,Stage 4,Stage 4,0.6686194552365096,0.6686194552365096
212,50,Stage 4,Stage 4,0.6662147213624142,0.6662147213624142
212,51,Stage 0,Stage 0,1.2844145311242713e-17,0.9806015333878619
212,52,Stage 3,Stage 3,1.3470011098844952e-16,0.9914689120498422
212,53,Stage 0,Stage 0,9.036474339409728e-20,0.9914520013362089
212,54,Stage 0,Stage 0,9.760320496659151e-20,0.99173448178738
212,55,Stage 4,Stage 4,0.6585836341778833,0.6585836341778833
212,56,Stage 3,Stage 3,1.1775374791176718e-16,0.9920673910242831
212,57,Stage 2,Stage 2,0.24799494438075095,0.7434963662755557
212,58,Stage 2,Stage 2,0.2627383329464713,0.7292018228758231
212,59,Stage 0,Stage 0,1.0541820717787546e-19,0.9919861796970318
212,60,Stage 4,Stage 4,0.6764395024509561,0.6764395024509561
212,61,Stage 2,Stage 2,0.26242573894197413,0.729506045291669
212,62,Stage 4,Stage 4,0.6631062637382018,0.6631062637382018
212,63,Stage 1,Stage 1,0.010944150594266112,0.989055849405354
212,64,Stage 4,Stage 4,0.6651806413379726,0.6651806413379726
212,65,Stage 3,Stage 3,1.3765259292095088e-16,0.9913682681373117
212,66,Stage 0,Stage 0,8.999892134210829e-20,0.9914362311704462
212,67,Stage 0,Stage 0,9.128577989666076e-20,0.9914910221400364
212,68,Stage 4,Stage 4,0.6682766206384697,0.6682766206384697
212,69,Stage 0,Stage 0,1.2085273632587744e-17,0.9803156948360203
212,70,Stage 2,Stage 2,0.25437921553051157,0.7373204344022612
212,71,Stage 0,Stage 0,8.642071827046151e-20,0.9912733403140861
212,72,Stage 0,Stage 0,8.434205362983467e-20,0.9911709616824874
212,73,Stage 0,Stage 0,8.74790668622754e-20,0.9913232099902709
212,74,Stage 2,Stage 2,0.2393494780139037,0.7518222425992226
212,75,Stage 2,Stage 2,0.2522396530280303,0.7393926555578396
212,76,Stage 0,Stage 0,8.181347082197737e-20,0.991037917355354
212,77,Stage 0,Stage 0,1.1324729326560448e-17,0.9799732376964219
212,78,Stage 0,Stage 0,1.2509671095305227e-17,0.9804817100663608
212,79,Stage 0,Stage 0,9.622779001159291e-20,0.9916848357534722
212,80,Stage 3,Stage 3,1.3470011098844952e-16,0.9914689120498422
212,81,Stage 4,Stage 4,0.6679335525769413,0.6679335525769413
212,82,Stage 0,Stage 0,8.873010132836583e-20,0.9913802997255212
212,83,Stage 3,Stage 3,1.5208739668280382e-16,0.9908899047222214
212,84,Stage 2,Stage 2,0.25838293997313205,0.7334362852539207
212,85,Stage 0,Stage 0,8.659622161005087e-20,0.9912817124353902
212,86,Stage 3,Stage 3,1.2404544554862024e-16,0.9918408389192064
212,87,Stage 3,Stage 3,1.267649507625699e-16,0.9917445549781971
212,88,Stage 0,Stage 0,9.353453132757058e-20,0.9915823465277942
212,89,Stage 2,Stage 2,0.2455900988615248,0.7458168020071239
212,90,Stage 4,Stage 4,0.6603276342630003,0.6603276342630003
212,91,Stage 0,Stage 0,8.945294736894336e-20,0.9914124012335139
212,92,Stage 0,Stage 0,8.837085903244356e-20,0.9913641073516679
212,93,Stage 4,Stage 4,0.6641444858945478,0.6641444858945478
212,94,Stage 1,Stage 1,0.009830053300841891,0.9901699466988536
212,95,Stage 4,Stage 4,0.6926705324524638,0.6926705324524638
212,96,Stage 0,Stage 0,1.1987506922008222e-17,0.9802750594385249
212,97,Stage 0,Stage 0,8.572223346466714e-20,0.9912396080001131
212,98,Stage 1,Stage 1,0.010193484701858406,0.9898065152978135
212,99,Stage 3,Stage 3,1.3470011098844952e-16,0.9914689120498422
212,100,Stage 0,Stage 0,1.1890523699457152e-17,0.9802338141035823
212,101,Stage 0,Stage 0,8.694829184898601e-20,0.9912983839068218
212,102,Stage 0,Stage 0,1.1580663609027797e-17,0.9800954909584635
212,103,Stage 0,Stage 0,1.2560561077266288e-17,0.9805005411964006
212,104,Stage 4,Stage 4,0.668962056057008,0.668962056057008
212,105,Stage 0,Stage 0,8.46850139491943e-20,0.9911882720675684
212,106,Stage 0,Stage 0,1.3107451416612386e-17,0.9806896181480723
212,107,Stage 0,Stage 0,1.3214265911931897e-17,0.9807238757959816
212,108,Stage 0,Stage 0,1.3187481657883642e-17,0.980715363204435
212,109,Stage 0,Stage 0,1.2458985440066693e-17,0.9804627331169338
212,110,Stage 0,Stage 0,9.87976855940541e-20,0.9917762040240412
212,111,Stage 0,Stage 0,9.353453132757058e-20,0.9915823465277942
212,112,Stage 0,Stage 0,1.3650223405791544e-17,0.9808554445694111
212,113,Stage 3,Stage 3,1.450045805823419e-16,0.9911218851945769
212,114,Stage 0,Stage 0,9.859760040023931e-20,0.9917693031503555
212,115,Stage 0,Stage 0,1.3107451416612386e-17,0.9806896181480723
212,116,Stage 0,Stage 0,1.3677939463855786e-17,0.9808633817262833
212,117,Stage 4,Stage 4,0.6679335525769413,0.6679335525769413
212,118,Stage 0,Stage 0,8.981656287912796e-20,0.9914283112014913
212,119,Stage 0,Stage 0,1.3321943355813858e-17,0.9807575826379088
212,120,Stage 0,Stage 0,8.801306274854312e-20,0.9913478200055159
212,121,Stage 4,Stage 4,0.6747502014389875,0.6747502014389875
212,122,Stage 3,Stage 3,1.4066962128433056e-16,0.9912664449055839
212,123,Stage 3,Stage 3,1.1673653215887557e-16,0.9921045370250977
212,124,Stage 0,Stage 0,1.2896383652677683e-17,0.9806194316431087
212,125,Stage 3,Stage 3,1.6586075562578934e-16,0.9904525991304134
212,126,Stage 1,Stage 1,0.010147338384412171,0.9898526616152628
212,127,Stage 4,Stage 4,0.6624129717872749,0.6624129717872749
212,128,Stage 3,Stage 3,1.5142949392376147e-16,0.9909112402221542
212,129,Stage 2,Stage 2,0.2661919588529908,0.7258376122776112
212,130,Stage 0,Stage 0,7.839952104077613e-20,0.9908418467028067
212,131,Stage 2,Stage 2,0.2789809115922683,0.7133334588204383
212,132,Stage 0,Stage 0,1.1914696397497982e-17,0.9802441829037015
212,133,Stage 4,Stage 4,0.677450195975465,0.677450195975465
212,134,Stage 1,Stage 1,0.010411595072169162,0.9895884049274881
212,135,Stage 2,Stage 2,0.26117765773469015,0.7307202322083483
212,136,Stage 0,Stage 0,9.110082887409164e-20,0.991483264016129
212,137,Stage 1,Stage 1,0.009815191961509888,0.9901848080381868
212,138,Stage 4,Stage 4,0.6929955259593715,0.6929955259593715
212,139,Stage 4,Stage 4,0.6861175951342289,0.6861175951342289
212,140,Stage 3,Stage 3,1.5012219126275094e-16,0.9909537624988691
212,141,Stage 2,Stage 2,0.25591446599987244,0.7358320134602054
212,142,Stage 4,Stage 4,0.6831361445987545,0.6831361445987545
212,143,Stage 0,Stage 0,9.31559500739439e-20,0.9915673512795624
212,144,Stage 1,Stage 1,0.0105862015552074,0.9894137984444379
212,145,Stage 0,Stage 0,9.661878638945813e-20,0.9916991278032942
212,146,Stage 0,Stage 0,1.2922581741193185e-17,0.9806283277652365
212,147,Stage 0,Stage 0,1.3134074518326739e-17,0.9806982344537166
212,148,Stage 3,Stage 3,1.4882614470725118e-16,0.9909960872334609
212,149,Stage 1,Stage 1,0.009682437044737417,0.9903175629549675
212,150,Stage 3,Stage 3,1.9470283254625976e-16,0.9895879573327254
212,151,Stage 3,Stage 3,1.6230499434520907e-16,0.990563840805628
212,152,Stage 2,Stage 2,0.2636774894246132,0.7282875373293057
212,153,Stage 4,Stage 4,0.6920197826207666,0.6920197826207666
212,154,Stage 4,Stage 4,0.6900614492756498,0.6900614492756498
212,155,Stage 3,Stage 3,1.687612096535004e-16,0.9903626695164707
212,156,Stage 0,Stage 0,1.3650223405791544e-17,0.9808554445694111
212,157,Stage 3,Stage 3,1.5012219126275094e-16,0.9909537624988691
212,158,Stage 0,Stage 0,9.74055263219065e-20,0.9917274537885016
212,159,Stage 4,Stage 4,0.6854567868244953,0.6854567868244953
212,160,Stage 3,Stage 3,1.481823122744664e-16,0.991017175804803
212,161,Stage 3,Stage 3,1.2138414451901029e-16,0.9919360067787678
212,162,Stage 4,Stage 4,0.6658702591579196,0.6658702591579196
212,163,Stage 0,Stage 0,9.202932517534232e-20,0.9915218259744493
212,164,Stage 2,Stage 2,0.26682285394722827,0.7252224515864604
212,165,Stage 0,Stage 0,1.3187481657883642e-17,0.980715363204435
212,166,Stage 3,Stage 3,1.7096969154466563e-16,0.9902946711314999
212,167,Stage 0,Stage 0,9.334504982898171e-20,0.9915748600865903
212,168,Stage 3,Stage 3,1.5745428008113426e-16,0.990717420980011
212,169,Stage 2,Stage 2,0.26086621188254744,0.7310231022110232
212,170,Stage 3,Stage 3,2.0332231022600004e-16,0.9893412266343027
212,171,Stage 0,Stage 0,8.537509825055995e-20,0.9912225947871058
212,172,Stage 0,Stage 0,1.3650223405791544e-17,0.9808554445694111
212,173,Stage 4,Stage 4,0.700718404687663,0.700718404687663
212,174,Stage 1,Stage 1,0.009113607895788776,0.9908863921039508
212,175,Stage 0,Stage 0,9.467948022119981e-20,0.9916267982512464
212,176,Stage 1,Stage 1,0.01074744686913522,0.9892525531304988
212,177,Stage 0,Stage 0,1.215911663711361e-17,0.9803457742274315
212,178,Stage 0,Stage 0,1.3241104099992208e-17,0.9807323539623602
212,179,Stage 1,Stage 1,0.00822160833807758,0.9917783916617118
212,180,Stage 2,Stage 2,0.26461870437079427,0.7273708287647475
212,181,Stage 4,Stage 4,0.6920197826207666,0.6920197826207666
212,182,Stage 1,Stage 1,0.008801656204420378,0.9911983437953373
212,183,Stage 0,Stage 0,8.783470504027307e-20,0.9913396405861271
212,184,Stage 1,Stage 1,0.009127416747430665,0.990872583252308
212,185,Stage 0,Stage 0,1.602098695093589e-17,0.9813854730616486
212,186,Stage 0,Stage 0,1.2637280966370862e-17,0.9805285158322073
212,187,Stage 1,Stage 1,0.009044873522153283,0.9909551264775904
212,188,Stage 0,Stage 0,9.353453132757058e-20,0.9915823465277942
212,189,Stage 4,Stage 4,0.6965535937765006,0.6965535937765006
212,190,Stage 1,Stage 1,0.009450804084140297,0.9905491959155791
212,191,Stage 0,Stage 0,1.3430490722743576e-17,0.980790743318878
212,192,Stage 0,Stage 0,1.1571591243198374e-19,0.9922532070026701
212,193,Stage 3,Stage 3,1.7395922516220998e-16,0.9902032655355302
212,194,Stage 2,Stage 2,0.27094575767877044,0.7211979455227717
212,195,Stage 1,Stage 1,0.009280689035787628,0.9907193109639421
212,196,Stage 2,Stage 2,0.27736277117026903,0.7149193924952316
212,197,Stage 3,Stage 3,1.8807031211253414e-16,0.9897812573822138
212,198,Stage 0,Stage 0,1.544720425987543e-17,0.9812812795009269
212,199,Stage 4,Stage 4,0.680803421430519,0.680803421430519
212,200,Stage 0,Stage 0,1.4803530110264282e-17,0.9811477057121714
212,201,Stage 0,Stage 0,1.0372280720857294e-19,0.9919356229504688
212,202,Stage 2,Stage 2,0.2725416322991087,0.7196381429789372
212,203,Stage 0,Stage 0,1.0143584951925212e-19,0.991864018929853
212,204,Stage 0,Stage 0,9.506421893692317e-20,0.9916414387921917
212,205,Stage 2,Stage 2,0.2878133844617412,0.7046585916653876
212,206,Stage 0,Stage 0,1.030940514208353e-19,0.991916336347299
212,207,Stage 2,Stage 4,0.7104712295166352,0.7104712295166352
212,208,Stage 1,Stage 1,0.008526085234391866,0.9914739147653813
212,209,Stage 2,Stage 2,0.29212211592028114,0.7004160875002949
212,210,Stage 3,Stage 3,1.595151985996128e-16,0.9906519071036988
212,211,Stage 1,Stage 1,0.0086693480022508,0.9913306519975144
212,212,Stage 1,Stage 1,0.008735253814130853,0.9912647461856307
212,213,Stage 2,Stage 4,0.691694026813284,0.691694026813284
212,214,Stage 0,Stage 0,1.1134641112802246e-19,0.9921476779669266
212,215,Stage 3,Stage 3,1.673047151838939e-16,0.9904077389095308
212,216,Stage 0,Stage 0,1.644849969284251e-17,0.9814550224258838
212,217,Stage 0,Stage 0,1.5229617817351255e-17,0.9812382176917146
212,218,Stage 2,Stage 4,0.6884225650067124,0.6884225650067124
212,219,Stage 1,Stage 1,0.008908942091243936,0.9910910579085075
212,220,Stage 0,Stage 0,1.5667876439854474e-17,0.9813229068542718
212,221,Stage 2,Stage 2,0.28060455890708924,0.7117410664563073
212,222,Stage 0,Stage 0,1.247208406657258e-19,0.9924405963172581
212,223,Stage 0,Stage 0,1.5795377080955355e-17,0.9813460579008313
212,224,Stage 0,Stage 0,1.1362526992564038e-19,0.9922040330326647
212,225,Stage 2,Stage 2,0.29312153679008407,0.6994310715596714
212,226,Stage 3,Stage 3,2.265716502086544e-16,0.9886987549545228
212,227,Stage 3,Stage 3,2.1603224285404896e-16,0.9889860385508604
212,228,Stage 2,Stage 2,0.30050821404565303,0.6921400865721199
212,229,Stage 0,Stage 0,1.159505572700266e-19,0.9922585817052658
217,1,Stage 0,Stage 0,9.622779001159291e-20,0.9916848357534722
217,2,Stage 0,Stage 0,9.799976027502948e-20,0.9917484739182298
217,3,Stage 0,Stage 0,1.3845411787388083e-17,0.9809103097200548
217,4,Stage 0,Stage 0,8.502936028786359e-20,0.9912054829556842
217,5,Stage 0,Stage 0,9.980418687985998e-20,0.9918103939525855
217,6,Stage 0,Stage 0,9.545051261119675e-20,0.9916559916320165
217,7,Stage 1,Stage 1,0.010364471699471136,0.9896355283001894
217,8,Stage 2,Stage 2,0.2507184070185569,0.7408645179111736
217,9,Stage 2,Stage 2,0.265247322518575,0.7267583464317497
217,10,Stage 0,Stage 0,9.37243953407556e-20,0.9915898106525737
217,11,Stage 4,Stage 4,0.6723751379532624,0.6723751379532624
217,12,Stage 0,Stage 0,1.0164166460138794e-19,0.9918706296415938
217,13,Stage 4,Stage 4,0.6994415899359354,0.6994415899359354
217,14,Stage 0,Stage 0,9.564424452170319e-20,0.9916632352849312
217,15,Stage 0,Stage 0,8.349068008831573e-20,0.9911272475131927
217,16,Stage 2,Stage 2,0.25407286382189126,0.7376172934546089
217,17,Stage 3,Stage 3,1.3295903064814052e-16,0.9915287379271257
217,18,Stage 1,Stage 1,0.010395863773007857,0.9896041362266504
217,19,Stage 3,Stage 3,1.3124039917685881e-16,0.9915881469760511
217,20,Stage 0,Stage 0,1.1794317683016291e-17,0.9801919536097496
217,21,Stage 0,Stage 0,9.506421893692317e-20,0.9916414387921917
217,22,Stage 0,Stage 0,9.353453132757058e-20,0.9915823465277942
217,23,Stage 0,Stage 0,9.760320496659151e-20,0.99173448178738
217,24,Stage 4,Stage 4,0.6851260097867461,0.6851260097867461
217,25,Stage 3,Stage 3,1.5077442951527206e-16,0.9909325261098706
217,26,Stage 3,Stage 3,1.3470011098844952e-16,0.9914689120498422
217,27,Stage 0,Stage 0,9.353453132757058e-20,0.9915823465277942
217,28,Stage 4,Stage 4,0.6747502014389875,0.6747502014389875
217,29,Stage 0,Stage 0,8.537509825055995e-20,0.9912225947871058
217,30,Stage 3,Stage 3,1.6301001252263617e-16,0.990541695868044
217,31,Stage 1,Stage 1,0.010317559385682887,0.9896824406139807
217,32,Stage 2,Stage 2,0.24082583751358175,0.7504036898319053
217,33,Stage 2,Stage 2,0.25962273068952946,0.7322318691216054
217,34,Stage 3,Stage 3,1.5474763695087082e-16,0.9908040643215447
217,35,Stage 4,Stage 4,0.6784587144467115,0.6784587144467115
217,36,Stage 0,Stage 0,9.296723129296975e-20,0.9915598200571972
217,37,Stage 1,Stage 1,0.01082897815815798,0.9891710218414701
217,38,Stage 0,Stage 0,8.148206854130017e-20,0.9910197431849472
217,39,Stage 0,Stage 0,8.963457180159048e-20,0.9914203679064144
217,40,Stage 3,Stage 3,1.4313066079285363e-16,0.9911841280737391
217,41,Stage 3,Stage 3,1.4882614470725118e-16,0.9909960872334609
217,42,Stage 0,Stage 0,1.5015073952878164e-17,0.9811937002634593
217,43,Stage 0,Stage 0,1.3187481657883642e-17,0.980715363204435
217,44,Stage 0,Stage 0,9.259093358300944e-20,0.9915446901678397
217,45,Stage 1,Stage 1,0.009638581731872228,0.9903614182678355
217,46,Stage 1,Stage 1,0.009844936918240737,0.990155063081454
217,47,Stage 3,Stage 3,1.388515806678279e-16,0.9913276811213593
217,48,Stage 1,Stage 1,0.009949748780050132,0.9900502512196377
217,49,Stage 4,Stage 4,0.6955862863663789,0.6955862863663789
217,50,Stage 3,Stage 3,1.2138414451901029e-16,0.9919360067787678
217,51,Stage 1,Stage 1,0.010411595072169162,0.9895884049274881
217,52,Stage 2,Stage 2,0.24829661090433064,0.7432050532542982
217,53,Stage 3,Stage 3,1.3825079034017648e-16,0.991347998269653
217,54,Stage 4,Stage 4,0.6933202648500807,0.6933202648500807
217,55,Stage 0,Stage 0,9.018164793258518e-20,0.991444127864863
217,56,Stage 2,Stage 2,0.2599332553644643,0.7319300847695427
217,57,Stage 3,Stage 3,1.4626743465657863e-16,0.991080147684282
217,58,Stage 4,Stage 4,0.6631062637382018,0.6631062637382018
217,59,Stage 0,Stage 0,1.2896383652677683e-17,0.9806194316431087
217,60,Stage 2,Stage 2,0.2627383329464713,0.7292018228758231
217,61,Stage 2,Stage 2,0.2696731056468591,0.7224410334125942
217,62,Stage 0,Stage 0,1.2818104846848726e-17,0.9805925311045903
217,63,Stage 3,Stage 3,1.450045805823419e-16,0.9911218851945769
217,64,Stage 0,Stage 0,8.554849084858906e-20,0.9912311136935966
217,65,Stage 0,Stage 0,1.3817359172028178e-17,0.9809025707707942
217,66,Stage 4,Stage 4,0.6599792849745079,0.6599792849745079
217,67,Stage 2,Stage 2,0.26650729275407997,0.7255301655798967
217,68,Stage 2,Stage 2,0.2621133742682796,0.7298099976414045
217,69,Stage 1,Stage 1,0.010666522809220242,0.9893334771904194
217,70,Stage 0,Stage 0,9.334504982898171e-20,0.9915748600865903
217,71,Stage 1,Stage 1,0.01025533634924254,0.989744663650425
217,72,Stage 0,Stage 0,9.545051261119675e-20,0.9916559916320165
217,73,Stage 0,Stage 0,1.3080881816500237e-17,0.9806809671243134
217,74,Stage 4,Stage 4,0.677450195975465,0.677450195975465
217,75,Stage 0,Stage 0,1.3107451416612386e-17,0.9806896181480723
217,76,Stage 2,Stage 2,0.25346085982156524,0.7382101848703055
217,77,Stage 1,Stage 1,0.009770741285424905,0.9902292587142744
217,78,Stage 0,Stage 0,8.981656287912796e-20,0.9914283112014913
217,79,Stage 0,Stage 0,9.147110428318827e-20,0.9914987573472265
217,80,Stage 2,Stage 2,0.2621133742682796,0.7298099976414045
217,81,Stage 1,Stage 1,0.010380155993578817,0.9896198440060806
217,82,Stage 2,Stage 2,0.2722220085734127,0.7199506305173557
217,83,Stage 0,Stage 0,8.677207923103145e-20,0.9912900602817227
217,84,Stage 0,Stage 0,9.74055263219065e-20,0.9917274537885016
217,85,Stage 0,Stage 0,8.783470504027307e-20,0.9913396405861271
217,86,Stage 2,Stage 2,0.26148933351523956,0.7304170913077054
217,87,Stage 0,Stage 0,1.4186482023847965e-17,0.9810006390597278
217,88,Stage 1,Stage 1,0.009682437044737417,0.9903175629549675
217,89,Stage 0,Stage 0,1.3761422954353124e-17,0.9808869942214414
217,90,Stage 1,Stage 1,0.009422238607239732,0.9905777613924814
217,91,Stage 3,Stage 3,1.2085875912402677e-16,0.9919549075458585
217,92,Stage 0,Stage 0,8.164760260911624e-20,0.99102884321395
217,93,Stage 1,Stage 1,0.008841737523392717,0.9911582624763625
217,94,Stage 2,Stage 2,0.2549926177230726,0.7367258905770219
217,95,Stage 0,Stage 0,1.4594944328110315e-17,0.9811002121879132
217,96,Stage 0,Stage 0,1.215911663711361e-17,0.9803457742274315
217,97,Stage 0,Stage 0,1.2844145311242713e-17,0.9806015333878619
217,98,Stage 1,Stage 1,0.009874771118159353,0.9901252288815332
217,99,Stage 0,Stage 0,9.37243953407556e-20,0.9915898106525737
217,100,Stage 0,Stage 0,1.2688685377708345e-17,0.9805469851134242
217,101,Stage 2,Stage 2,0.2636774894246132,0.7282875373293057
217,102,Stage 0,Stage 0,8.963457180159048e-20,0.9914203679064144
217,103,Stage 0,Stage 0,9.110082887409164e-20,0.991483264016129
217,104,Stage 4,Stage 4,0.6682766206384697,0.6682766206384697
217,105,Stage 2,Stage 2,0.27094575767877044,0.7211979455227717
217,106,Stage 4,Stage 4,0.701673280688404,0.701673280688404
217,107,Stage 0,Stage 0,1.2975136284103022e-17,0.9806460143726154
217,108,Stage 2,Stage 2,0.2658768524060471,0.7261447914628317
217,109,Stage 0,Stage 0,1.0351279911143774e-19,0.9919292140822679
217,110,Stage 3,Stage 3,1.7471471725679526e-16,0.9901802809920105
217,111,Stage 0,Stage 0,8.945294736894336e-20,0.9914124012335139
217,112,Stage 0,Stage 0,1.362256304658958e-17,0.9808474741330337
217,113,Stage 3,Stage 3,1.6803138880578172e-16,0.9903852304193212
217,114,Stage 2,Stage 2,0.2602440105515096,0.7316280286971978
217,115,Stage 0,Stage 0,1.4924047416689345e-17,0.981174170451182
217,116,Stage 4,Stage 4,0.6867774072627466,0.6867774072627466
217,117,Stage 1,Stage 1,0.010317559385682887,0.9896824406139807
217,118,Stage 1,Stage 1,0.009337054302621687,0.9906629456971044
217,119,Stage 0,Stage 0,1.3650223405791544e-17,0.9808554445694111
217,120,Stage 3,Stage 3,1.6803138880578172e-16,0.9903852304193212
217,121,Stage 0,Stage 0,1.2792116712707507e-17,0.9805834932838356
217,122,Stage 3,Stage 3,1.6160301689452604e-16,0.9905859342805401
217,123,Stage 0,Stage 0,8.909079548356597e-20,0.9913963975468475
217,124,Stage 1,Stage 1,0.009210706257898174,0.9907892937418357
217,125,Stage 1,Stage 1,0.009436510639765031,0.9905634893599552
217,126,Stage 4,Stage 4,0.6864476258577634,0.6864476258577634
217,127,Stage 0,Stage 0,1.0184789518815859e-19,0.9918772199682381
217,128,Stage 0,Stage 0,9.184287616612198e-20,0.9915141592139521
217,129,Stage 0,Stage 0,9.74055263219065e-20,0.9917274537885016
217,130,Stage 0,Stage 0,1.0082088893385625e-19,0.9918440640336889
217,131,Stage 4,Stage 4,0.6568340251051958,0.6568340251051958
217,132,Stage 0,Stage 0,8.730178494540156e-20,0.9913149587076621
217,133,Stage 3,Stage 3,1.595151985996128e-16,0.9906519071036988
217,134,Stage 0,Stage 0,1.0164166460138794e-19,0.9918706296415938
217,135,Stage 2,Stage 2,0.2725416322991087,0.7196381429789372
217,136,Stage 0,Stage 0,1.1842323931121614e-17,0.9802129610796981
217,137,Stage 2,Stage 2,0.27126448344691256,0.7208865124985092
217,138,Stage 2,Stage 2,0.2760722402011618,0.7161834689750823
217,139,Stage 1,Stage 1,0.008814996594711402,0.9911850034050453
217,140,Stage 3,Stage 3,1.6301001252263617e-16,0.990541695868044
217,141,Stage 2,Stage 2,0.2684040635590037,0.7236798798138958
217,142,Stage 4,Stage 4,0.700718404687663,0.700718404687663
217,143,Stage 2,Stage 2,0.2722220085734127,0.7199506305173557
217,144,Stage 3,Stage 3,1.989660464495031e-16,0.9894653081170943
217,145,Stage 0,Stage 0,1.0499178926504226e-19,0.9919736589332914
217,146,Stage 1,Stage 1,0.009196772567259431,0.9908032274324752
217,147,Stage 0,Stage 0,1.3986524478756912e-17,0.9809485139790308
217,148,Stage 1,Stage 1,0.00889546080219924,0.991104539197553
217,149,Stage 4,Stage 4,0.7003995912453712,0.7003995912453712
217,150,Stage 3,Stage 3,1.5077442951527206e-16,0.9909325261098706
217,151,Stage 4,Stage 4,0.6923452845868395,0.6923452845868395
217,152,Stage 1,Stage 1,0.008881999730637444,0.9911180002691156
217,153,Stage 0,Stage 0,9.839791832389827e-20,0.991762381205879
217,154,Stage 3,Stage 3,1.358734468873573e-16,0.9914287951387487
217,155,Stage 0,Stage 0,1.3107451416612386e-17,0.9806896181480723
217,156,Stage 2,Stage 4,0.6838004221848187,0.6838004221848187
217,157,Stage 0,Stage 0,1.0414409617945719e-19,0.9919483809081383
217,158,Stage 2,Stage 2,0.2871537096135977,0.7053075254650477
217,159,Stage 2,Stage 2,0.27930520129405223,0.7130154960741061
217,160,Stage 2,Stage 2,0.25714684879590843,0.7346363376396886
217,161,Stage 2,Stage 2,0.26399099922780783,0.7279822367497033
217,162,Stage 2,Stage 2,0.29848368782401724,0.6941402406422419
217,163,Stage 0,Stage 0,1.433104262676681e-17,0.9810369107430247
217,164,Stage 3,Stage 3,2.1791146856443478e-16,0.9889343488948066
217,165,Stage 0,Stage 0,1.5731498512219115e-17,0.981334539835246
217,166,Stage 2,Stage 4,0.6959089791515093,0.6959089791515093
217,167,Stage 0,Stage 0,1.145497608737578e-19,0.992226067055894
217,168,Stage 2,Stage 4,0.7045237745952606,0.7045237745952606
217,169,Stage 2,Stage 4,0.6884225650067124,0.6884225650067124
217,170,Stage 0,Stage 0,1.0889218514975205e-19,0.9920835531617204
217,171,Stage 0,Stage 0,1.0823224657454958e-19,0.992065669668143
217,172,Stage 2,Stage 4,0.6962314150381189,0.6962314150381189
217,173,Stage 2,Stage 4,0.6900614492756498,0.6900614492756498
217,174,Stage 2,Stage 4,0.7101606007272906,0.7101606007272906
217,175,Stage 0,Stage 0,1.0082088893385625e-19,0.9918440640336889
217,176,Stage 3,Stage 3,1.6090406711241925e-16,0.9906079764103551
217,177,Stage 2,Stage 2,0.2760722402011618,0.7161834689750823
217,178,Stage 0,Stage 0,1.433104262676681e-17,0.9810369107430247
217,179,Stage 0,Stage 0,1.4043368175836372e-17,0.9809635680724318
217,180,Stage 2,Stage 4,0.6933202648500807,0.6933202648500807
217,181,Stage 0,Stage 0,1.0041297742379242e-19,0.991830658016624
217,182,Stage 1,Stage 1,0.008748494448733376,0.991251505551027
217,183,Stage 0,Stage 0,1.145497608737578e-19,0.992226067055894
217,184,Stage 3,Stage 3,2.1324364920411917e-16,0.9890631247158589
217,185,Stage 0,Stage 0,1.4924047416689345e-17,0.981174170451182
217,186,Stage 2,Stage 4,0.7169322982995456,0.7169322982995456
217,187,Stage 3,Stage 3,1.418948194170051e-16,0.9912253823613508
217,188,Stage 1,Stage 1,0.007939944440330787,0.9920600555594731
217,189,Stage 0,Stage 0,1.5859513180371896e-17,0.9813574615296181
217,190,Stage 3,Stage 3,1.5474763695087082e-16,0.9908040643215447
217,191,Stage 0,Stage 0,1.0606106777124854e-19,0.9920048140045602
217,192,Stage 0,Stage 0,1.2001278723995187e-19,0.9923472791689499
217,193,Stage 0,Stage 0,1.0288531012335657e-19,0.991909867392295
217,194,Stage 2,Stage 2,0.2878133844617412,0.7046585916653876
217,195,Stage 1,Stage 1,0.008487422575644492,0.9915125774241306
217,196,Stage 2,Stage 2,0.30017027770391724,0.6924740502230334
217,197,Stage 2,Stage 4,0.7079787250353649,0.7079787250353649
217,198,Stage 3,Stage 3,1.785415327372632e-16,0.990064553301333
217,199,Stage 1,Stage 1,0.008474573688925527,0.9915254263108503
217,200,Stage 3,Stage 3,1.8403987379288522e-16,0.9899002581759518
218,1,Stage 0,Stage 0,1.334899836858545e-17,0.9807659238302157
218,2,Stage 0,Stage 0,8.400047374762764e-20,0.9911535513581672
218,3,Stage 1,Stage 1,0.010333173429814414,0.9896668265698481
218,4,Stage 0,Stage 0,1.1675143619896923e-17,0.9801387548946572
218,5,Stage 0,Stage 0,8.607077158031066e-20,0.9912565230310001
218,6,Stage 2,Stage 2,0.25254460426268227,0.7390974523828906
218,7,Stage 0,Stage 0,9.448769201481952e-20,0.9916194449715166
218,8,Stage 4,Stage 4,0.6727151467124962,0.6727151467124962
218,9,Stage 3,Stage 3,1.481823122744664e-16,0.991017175804803
218,10,Stage 2,Stage 2,0.26055499610603355,0.7313257011092654
218,11,Stage 0,Stage 0,8.572223346466714e-20,0.9912396080001131
218,12,Stage 0,Stage 0,1.3080881816500237e-17,0.9806809671243134
218,13,Stage 1,Stage 1,0.009508192610771415,0.9904918073889444
218,14,Stage 0,Stage 0,8.502936028786359e-20,0.9912054829556842
218,15,Stage 1,Stage 1,0.009964811803714252,0.9900351881959727
218,16,Stage 2,Stage 2,0.23321396116777354,0.7577023030926037
218,17,Stage 2,Stage 2,0.271902609070935,0.7202628547686946
218,18,Stage 0,Stage 0,8.642071827046151e-20,0.9912733403140861
218,19,Stage 2,Stage 2,0.23787907748734932,0.753233687227475
218,20,Stage 2,Stage 2,0.26461870437079427,0.7273708287647475
218,21,Stage 0,Stage 0,9.22161505741555e-20,0.9915294700201527
218,22,Stage 1,Stage 1,0.010395863773007857,0.9896041362266504
218,23,Stage 0,Stage 0,1.1794317683016291e-17,0.9801919536097496
218,24,Stage 0,Stage 0,9.110082887409164e-20,0.991483264016129
218,25,Stage 1,Stage 1,0.010977278933178153,0.9890227210664396
218,26,Stage 4,Stage 4,0.6564834339169144,0.6564834339169144
218,27,Stage 0,Stage 0,9.31559500739439e-20,0.9915673512795624
218,28,Stage 0,Stage 0,9.334504982898171e-20,0.9915748600865903
218,29,Stage 1,Stage 1,0.010025289971866769,0.9899747100278161
218,30,Stage 4,Stage 4,0.6744116221435149,0.6744116221435149
218,31,Stage 1,Stage 1,0.010086131453090964,0.9899138685465878
218,32,Stage 1,Stage 1,0.009949748780050132,0.9900502512196377
218,33,Stage 0,Stage 0,8.909079548356597e-20,0.9913963975468475
218,34,Stage 1,Stage 1,0.01011668910345674,0.9898833108962201
218,35,Stage 2,Stage 2,0.2522396530280303,0.7393926555578396
218,36,Stage 1,Stage 1,0.010333173429814414,0.9896668265698481
218,37,Stage 3,Stage 3,1.267649507625699e-16,0.9917445549781971
218,38,Stage 0,Stage 0,1.27661808036132e-17,0.9805744198500976
218,39,Stage 2,Stage 2,0.24349826524823048,0.7478324498769883
218,40,Stage 0,Stage 0,9.184287616612198e-20,0.9915141592139521
218,41,Stage 1,Stage 1,0.009889721766253414,0.9901102782334382
218,42,Stage 4,Stage 4,0.6624129717872749,0.6624129717872749
218,43,Stage 0,Stage 0,8.065938685064428e-20,0.9909738527081803
218,44,Stage 3,Stage 3,1.142316833900531e-16,0.9921966472643006
218,45,Stage 0,Stage 0,9.073204391193619e-20,0.9914676788149698
218,46,Stage 1,Stage 1,0.01045893043288252,0.9895410695667713
218,47,Stage 0,Stage 0,1.1794317683016291e-17,0.9801919536097496
218,48,Stage 0,Stage 0,1.215911663711361e-17,0.9803457742274315
218,49,Stage 4,Stage 4,0.6720348920125131,0.6720348920125131
218,50,Stage 0,Stage 0,8.694829184898601e-20,0.9912983839068218
218,51,Stage 0,Stage 0,1.1051911568355228e-17,0.979834281681977
218,52,Stage 4,Stage 4,0.6767766414749979,0.6767766414749979
218,53,Stage 0,Stage 0,1.2358223830009592e-17,0.9804243392721755
218,54,Stage 0,Stage 0,1.1463627604673688e-17,0.9800405210137864
218,55,Stage 0,Stage 0,8.927168884212394e-20,0.9914044111309707
218,56,Stage 0,Stage 0,1.3376107860797232e-17,0.9807742309598357
218,57,Stage 0,Stage 0,8.712486018094915e-20,0.9913066833643034
218,58,Stage 1,Stage 1,0.0108946433864624,0.9891053566131612
218,59,Stage 0,Stage 0,8.281573503643895e-20,0.9910918217689588
218,60,Stage 0,Stage 0,8.332143307836255e-20,0.991118429112658
218,61,Stage 4,Stage 4,0.6744116221435149,0.6744116221435149
218,62,Stage 0,Stage 0,8.765670665295167e-20,0.9913314372653822
218,63,Stage 0,Stage 0,9.31559500739439e-20,0.9915673512795624
218,64,Stage 0,Stage 0,8.909079548356597e-20,0.9913963975468475
218,65,Stage 3,Stage 3,1.198147844747022e-16,0.9919925770874629
218,66,Stage 2,Stage 2,0.2405300894246955,0.7506879680283286
218,67,Stage 1,Stage 1,0.009182859759745504,0.9908171402399898
218,68,Stage 2,Stage 2,0.25714684879590843,0.7346363376396886
218,69,Stage 1,Stage 1,0.010698819849468869,0.9893011801501685
218,70,Stage 0,Stage 0,9.448769201481952e-20,0.9916194449715166
218,71,Stage 2,Stage 2,0.25254460426268227,0.7390974523828906
218,72,Stage 0,Stage 0,9.622779001159291e-20,0.9916848357534722
218,73,Stage 4,Stage 4,0.6730549179853795,0.6730549179853795
218,74,Stage 0,Stage 0,8.783470504027307e-20,0.9913396405861271
218,75,Stage 0,Stage 0,1.2611656210018498e-17,0.9805192271255027
218,76,Stage 0,Stage 0,8.451336088651371e-20,0.9911796293397436
218,77,Stage 4,Stage 4,0.6703301153093147,0.6703301153093147
218,78,Stage 0,Stage 0,1.27661808036132e-17,0.9805744198500976
218,79,Stage 3,Stage 3,1.7245799927632027e-16,0.9902490746059706
218,80,Stage 1,Stage 1,0.010474756156049585,0.9895252438436032
218,81,Stage 2,Stage 2,0.2574555242711091,0.7343367343480506
218,82,Stage 0,Stage 0,9.054820847169687e-20,0.9914598516358336
218,83,Stage 2,Stage 2,0.2661919588529908,0.7258376122776112
218,84,Stage 0,Stage 0,1.218383016385818e-17,0.9803557254709231
218,85,Stage 4,Stage 4,0.6777866108630615,0.6777866108630615
218,86,Stage 0,Stage 0,1.2688685377708345e-17,0.9805469851134242
218,87,Stage 2,Stage 2,0.2658768524060471,0.7261447914628317
218,88,Stage 2,Stage 2,0.2593124366704646,0.7325333815492892
218,89,Stage 0,Stage 0,9.147110428318827e-20,0.9914987573472265
218,90,Stage 3,Stage 3,1.5677322519212532e-16,0.9907391574938658
218,91,Stage 4,Stage 4,0.6536707291045804,0.6536707291045804
218,92,Stage 2,Stage 2,0.2522396530280303,0.7393926555578396
218,93,Stage 0,Stage 0,8.642071827046151e-20,0.9912733403140861
218,94,Stage 0,Stage 0,8.927168884212394e-20,0.9914044111309707
218,95,Stage 4,Stage 4,0.677450195975465,0.677450195975465
218,96,Stage 0,Stage 0,9.22161505741555e-20,0.9915294700201527
218,97,Stage 4,Stage 4,0.6764395024509561,0.6764395024509561
218,98,Stage 1,Stage 1,0.010474756156049585,0.9895252438436032
218,99,Stage 0,Stage 0,9.940036803056258e-20,0.9917967806843048
218,100,Stage 2,Stage 2,0.24859851280195477,0.7429134611599754
218,101,Stage 2,Stage 2,0.2574555242711091,0.7343367343480506
218,102,Stage 0,Stage 0,1.3187481657883642e-17,0.980715363204435
218,103,Stage 3,Stage 3,1.2138414451901029e-16,0.9919360067787678
218,104,Stage 4,Stage 4,0.6737337468565638,0.6737337468565638
218,105,Stage 0,Stage 0,9.545051261119675e-20,0.9916559916320165
218,106,Stage 3,Stage 3,1.450045805823419e-16,0.9911218851945769
218,107,Stage 3,Stage 3,1.6514344283747465e-16,0.9904749510996224
218,108,Stage 0,Stage 0,8.624556849811711e-20,0.9912649438639503
218,109,Stage 0,Stage 0,9.22161505741555e-20,0.9915294700201527
218,110,Stage 2,Stage 2,0.2630511561301873,0.7288973306033367
218,111,Stage 2,Stage 2,0.2693555062647687,0.7227511432103669
218,112,Stage 0,Stage 0,9.701136302956587e-20,0.9917133336883921
218,113,Stage 0,Stage 0,9.147110428318827e-20,0.9914987573472265
218,114,Stage 2,Stage 2,0.24859851280195477,0.7429134611599754
218,115,Stage 2,Stage 2,0.26556197357446565,0.7264517029193922
218,116,Stage 4,Stage 4,0.6861175951342289,0.6861175951342289
218,117,Stage 1,Stage 1,0.010286401307716946,0.9897135986919489
218,118,Stage 4,Stage 4,0.6750885414352491,0.6750885414352491
218,119,Stage 4,Stage 4,0.6665589520038038,0.6665589520038038
218,120,Stage 2,Stage 2,0.2636774894246132,0.7282875373293057
218,121,Stage 2,Stage 2,0.2562222135628668,0.735533505503506
218,122,Stage 0,Stage 0,9.87976855940541e-20,0.9917762040240412
218,123,Stage 2,Stage 2,0.2630511561301873,0.7288973306033367
218,124,Stage 1,Stage 1,0.010333173429814414,0.9896668265698481
218,125,Stage 4,Stage 4,0.6744116221435149,0.6744116221435149
218,126,Stage 0,Stage 0,8.765670665295167e-20,0.9913314372653822
218,127,Stage 0,Stage 0,9.74055263219065e-20,0.9917274537885016
218,128,Stage 2,Stage 2,0.25591446599987244,0.7358320134602054
218,129,Stage 0,Stage 0,8.589632680577147e-20,0.9912480777611306
218,130,Stage 1,Stage 1,0.010208912914871814,0.9897910870847989
218,131,Stage 1,Stage 1,0.010348810856321467,0.9896511891433398
218,132,Stage 1,Stage 1,0.009919690322993174,0.9900803096766966
218,133,Stage 3,Stage 3,1.5077442951527206e-16,0.9909325261098706
218,134,Stage 3,Stage 3,1.2842511828128758e-16,0.9916862435349484
218,135,Stage 2,Stage 2,0.26682285394722827,0.7252224515864604
218,136,Stage 1,Stage 1,0.009726489938492407,0.9902735100612097
218,137,Stage 0,Stage 0,9.018164793258518e-20,0.991444127864863
218,138,Stage 2,Stage 2,0.2754283060568758,0.7168139451612059
218,139,Stage 4,Stage 4,0.6794650499677246,0.6794650499677246
218,140,Stage 1,Stage 1,0.009949748780050132,0.9900502512196377
218,141,Stage 4,Stage 4,0.6913680174242096,0.6913680174242096
218,142,Stage 3,Stage 3,1.96397079672095e-16,0.9895390684764639
218,143,Stage 3,Stage 3,1.5813828545132604e-16,0.9906956338210948
218,144,Stage 2,Stage 2,0.25900237345016314,0.732834621849088
218,145,Stage 0,Stage 0,9.353453132757058e-20,0.9915823465277942
218,146,Stage 1,Stage 1,0.008935965441059237,0.9910640345586906
218,147,Stage 3,Stage 3,1.122664703168702e-16,0.9922695656487112
218,148,Stage 0,Stage 0,1.3986524478756912e-17,0.9809485139790308
218,149,Stage 0,Stage 0,9.277889271811996e-20,0.9915522663698692
218,150,Stage 4,Stage 4,0.6801347236936146,0.6801347236936146
218,151,Stage 3,Stage 3,1.687612096535004e-16,0.9903626695164707
218,152,Stage 4,Stage 4,0.6942929512618693,0.6942929512618693
218,153,Stage 1,Stage 1,0.009322931274816903,0.99067706872491
218,154,Stage 3,Stage 3,1.6514344283747465e-16,0.9904749510996224
218,155,Stage 3,Stage 3,1.6803138880578172e-16,0.9903852304193212
218,156,Stage 2,Stage 2,0.28092994701159685,0.7114218156136274
218,157,Stage 2,Stage 4,0.6804691947043152,0.6804691947043152
218,158,Stage 3,Stage 3,1.418948194170051e-16,0.9912253823613508
218,159,Stage 0,Stage 0,9.720824594382605e-20,0.9917204044379043
218,160,Stage 0,Stage 0,9.296723129296975e-20,0.9915598200571972
218,161,Stage 0,Stage 0,9.110082887409164e-20,0.991483264016129
218,162,Stage 3,Stage 3,1.7320699049610832e-16,0.990226196699589
218,163,Stage 4,Stage 4,0.6761021226382252,0.6761021226382252
218,164,Stage 0,Stage 0,1.3845411787388083e-17,0.9809103097200548
218,165,Stage 0,Stage 0,1.3958188278091785e-17,0.980940938295889
218,166,Stage 3,Stage 3,1.437526014416234e-16,0.9911634287509127
218,167,Stage 0,Stage 0,9.259093358300944e-20,0.9915446901678397
218,168,Stage 3,Stage 3,1.418948194170051e-16,0.9912253823613508
218,169,Stage 0,Stage 0,9.37243953407556e-20,0.9915898106525737
218,170,Stage 0,Stage 0,1.0205454211877452e-19,0.9918837899546677
218,171,Stage 0,Stage 0,9.31559500739439e-20,0.9915673512795624
218,172,Stage 0,Stage 0,9.184287616612198e-20,0.9915141592139521
218,173,Stage 2,Stage 2,0.2703089811070587,0.7218200187592283
218,174,Stage 4,Stage 4,0.6946166691285217,0.6946166691285217
218,175,Stage 0,Stage 0,1.0520478321942875e-19,0.9919799291331131
218,176,Stage 3,Stage 3,1.8087761916968798e-16,0.9899944682807489
218,177,Stage 2,Stage 2,0.29278818523376043,0.6997596578898951
218,178,Stage 2,Stage 2,0.26777089964490897,0.7242977080088484
218,179,Stage 1,Stage 1,0.009479455334477895,0.9905205446652398
218,180,Stage 0,Stage 0,1.0499178926504226e-19,0.9919736589332914
218,181,Stage 0,Stage 0,1.4014917739691513e-17,0.9809560572150945
218,182,Stage 2,Stage 2,0.2599332553644643,0.7319300847695427
218,183,Stage 0,Stage 0,1.2611656210018498e-17,0.9805192271255027
218,184,Stage 2,Stage 4,0.6867774072627466,0.6867774072627466
218,185,Stage 4,Stage 4,0.688750844809712,0.688750844809712
218,186,Stage 0,Stage 0,1.3986524478756912e-17,0.9809485139790308
218,187,Stage 0,Stage 0,1.0845178258406185e-19,0.9920716498174228
218,188,Stage 2,Stage 2,0.28386827385206,0.7085370278993444
218,189,Stage 0,Stage 0,9.37243953407556e-20,0.9915898106525737
218,190,Stage 0,Stage 0,1.1112104295259018e-19,0.9921419415741112
218,191,Stage 3,Stage 3,1.8009555705287568e-16,0.9900178842763672
218,192,Stage 2,Stage 2,0.2760722402011618,0.7161834689750823
218,193,Stage 3,Stage 3,1.7395922516220998e-16,0.9902032655355302
218,194,Stage 1,Stage 1,0.009800352867573126,0.9901996471321244
218,195,Stage 3,Stage 3,1.5541991621913235e-16,0.9907824790492394
218,196,Stage 0,Stage 0,1.6515268911223678e-17,0.9814653075330142
218,197,Stage 1,Stage 1,0.008976652843499092,0.9910233471562485
218,198,Stage 2,Stage 2,0.2751066724813143,0.7171287919150064
218,199,Stage 0,Stage 0,1.0823224657454958e-19,0.992065669668143
218,200,Stage 0,Stage 0,9.37243953407556e-20,0.9915898106525737
218,201,Stage 1,Stage 1,0.009522593587758624,0.990477406411956
218,202,Stage 2,Stage 2,0.26086621188254744,0.7310231022110232
218,203,Stage 1,Stage 1,0.008321883218001527,0.9916781167817825
218,204,Stage 0,Stage 0,9.622779001159291e-20,0.9916848357534722
218,205,Stage 1,Stage 1,0.008590911377353056,0.9914090886224162
218,206,Stage 4,Stage 4,0.6811374035859517,0.6811374035859517
218,207,Stage 1,Stage 1,0.008682489613816381,0.991317510385948
218,208,Stage 2,Stage 2,0.28027939008212865,0.7120600601683366
218,209,Stage 3,Stage 3,2.0777364471225954e-16,0.9892156964861458
218,210,Stage 1,Stage 1,0.009113607895788776,0.9908863921039508
218,211,Stage 2,Stage 2,0.2841958434755683,0.7082152193698922
218,212,Stage 0,Stage 0,1.5795377080955355e-17,0.9813460579008313
218,213,Stage 2,Stage 2,0.28550828988496607,0.706925443865324
218,214,Stage 3,Stage 3,1.6586075562578934e-16,0.9904525991304134
218,215,Stage 0,Stage 0,1.1112104295259018e-19,0.9921419415741112
218,216,Stage 2,Stage 4,0.6854567868244953,0.6854567868244953
218,217,Stage 0,Stage 0,1.3376107860797232e-17,0.9807742309598357
218,218,Stage 0,Stage 0,1.0649180748961579e-19,0.9920171394855191
218,219,Stage 1,Stage 1,0.00863004135424123,0.9913699586455261
218,220,Stage 2,Stage 4,0.6997611836295186,0.6997611836295186
218,221,Stage 1,Stage 1,0.008122531827973655,0.9918774681718208
218,222,Stage 2,Stage 4,0.7054692069290047,0.7054692069290047
218,223,Stage 0,Stage 0,1.0911305349807343e-19,0.9920894764400598
218,224,Stage 0,Stage 0,1.145497608737578e-19,0.992226067055894
218,225,Stage 2,Stage 4,0.7035759719545623,0.7035759719545623
218,226,Stage 2,Stage 2,0.30118470305004524,0.6914714359880213
218,227,Stage 2,Stage 2,0.29212211592028114,0.7004160875002949
218,228,Stage 0,Stage 0,1.7024693760037577e-17,0.9815389925246466
218,229,Stage 3,Stage 3,1.595151985996128e-16,0.9906519071036988
218,230,Stage 3,Stage 3,1.8009555705287568e-16,0.9900178842763672
218,231,Stage 0,Stage 0,1.0933436775449487e-19,0.9920953808445817
218,232,Stage 3,Stage 3,1.5882525403016033e-16,0.9906737959010864
218,233,Stage 0,Stage 0,1.1248009535808874e-19,0.9921760837816033
218,234,Stage 1,Stage 1,0.0077145016251486545,0.9922854983746665
218,235,Stage 0,Stage 0,1.2650137423978746e-19,0.9924734767482012
218,236,Stage 2,Stage 2,0.2751066724813143,0.7171287919150064
223,1,Stage 2,Stage 2,0.24320037930785227,0.7481192732467521
223,2,Stage 0,Stage 0,9.899817471954102e-20,0.9917830838733842
223,3,Stage 2,Stage 2,0.25011154894036597,0.7414513210234408
223,4,Stage 1,Stage 1,0.010132002273315599,0.9898679977263604
223,5,Stage 1,Stage 1,0.01022436423784182,0.9897756357618281
223,6,Stage 4,Stage 4,0.6686194552365096,0.6686194552365096
223,7,Stage 0,Stage 0,1.3403271942194456e-17,0.9807825040987755
223,8,Stage 2,Stage 2,0.23993930735123364,0.7512556732945078
223,9,Stage 3,Stage 3,1.6020813199644695e-16,0.9906299673123887
223,10,Stage 2,Stage 2,0.23846652192724804,0.752669963690234
223,11,Stage 2,Stage 2,0.2470913581649781,0.7443686290769289
223,12,Stage 2,Stage 2,0.26777089964490897,0.7242977080088484
223,13,Stage 4,Stage 4,0.6818046330432872,0.6818046330432872
223,14,Stage 1,Stage 1,0.01053829632109027,0.9894617036785583
223,15,Stage 2,Stage 2,0.26242573894197413,0.729506045291669
223,16,Stage 2,Stage 2,0.2693555062647687,0.7227511432103669
223,17,Stage 3,Stage 3,1.5208739668280382e-16,0.9908899047222214
223,18,Stage 2,Stage 2,0.2715834339697196,0.7205748155048869
223,19,Stage 2,Stage 2,0.2455900988615248,0.7458168020071239
223,20,Stage 4,Stage 4,0.6767766414749979,0.6767766414749979
223,21,Stage 0,Stage 0,1.2844145311242713e-17,0.9806015333878619
223,22,Stage 0,Stage 0,8.589632680577147e-20,0.9912480777611306
223,23,Stage 2,Stage 2,0.25011154894036597,0.7414513210234408
223,24,Stage 4,Stage 4,0.7010369575675068,0.7010369575675068
223,25,Stage 4,Stage 4,0.6699884527242035,0.6699884527242035
223,26,Stage 4,Stage 4,0.6672467173234601,0.6672467173234601
223,27,Stage 0,Stage 0,8.642071827046151e-20,0.9912733403140861
223,28,Stage 0,Stage 0,8.891026655718003e-20,0.9913883604290891
223,29,Stage 2,Stage 2,0.24649014624642607,0.7449487389111789
223,30,Stage 3,Stage 3,1.6230499434520907e-16,0.990563840805628
223,31,Stage 2,Stage 2,0.24023457934052553,0.7509719625722814
223,32,Stage 2,Stage 2,0.2747852614864163,0.7174433774631043
223,33,Stage 1,Stage 1,0.01045893043288252,0.9895410695667713
223,34,Stage 4,Stage 4,0.6662147213624142,0.6662147213624142
223,35,Stage 4,Stage 4,0.6828036358362569,0.6828036358362569
223,36,Stage 1,Stage 1,0.01022436423784182,0.9897756357618281
223,37,Stage 4,Stage 4,0.6828036358362569,0.6828036358362569
223,38,Stage 0,Stage 0,9.018164793258518e-20,0.991444127864863
223,39,Stage 0,Stage 0,1.2509671095305227e-17,0.9804817100663608
223,40,Stage 0,Stage 0,1.3677939463855786e-17,0.9808633817262833
223,41,Stage 0,Stage 0,8.963457180159048e-20,0.9914203679064144
223,42,Stage 0,Stage 0,1.2484302778220652e-17,0.9804722398578325
223,43,Stage 1,Stage 1,0.009755968732097837,0.9902440312676025
223,44,Stage 0,Stage 0,9.919906859254658e-20,0.9917899427447266
223,45,Stage 0,Stage 0,1.1963187910619158e-17,0.9802648054895884
223,46,Stage 2,Stage 2,0.2593124366704646,0.7325333815492892
223,47,Stage 3,Stage 3,1.5677322519212532e-16,0.9907391574938658
223,48,Stage 1,Stage 1,0.010270857205587213,0.9897291427940793
223,49,Stage 0,Stage 0,1.3733539125597752e-17,0.9808791564823001
223,50,Stage 0,Stage 0,8.383019973218452e-20,0.9911448085800331
223,51,Stage 1,Stage 1,0.009815191961509888,0.9901848080381868
223,52,Stage 3,Stage 3,1.3646393226964299e-16,0.9914086664638717
223,53,Stage 4,Stage 4,0.6828036358362569,0.6828036358362569
223,54,Stage 0,Stage 0,8.819178050352503e-20,0.9913559755764396
223,55,Stage 4,Stage 4,0.6818046330432872,0.6818046330432872
223,56,Stage 0,Stage 0,1.351247636228508e-17,0.9808152581821675
223,57,Stage 0,Stage 0,8.000718776672785e-20,0.990936668448035
223,58,Stage 3,Stage 3,1.251261927284667e-16,0.9918024599916467
223,59,Stage 4,Stage 4,0.680803421430519,0.680803421430519
223,60,Stage 1,Stage 1,0.010731213620810186,0.9892687863788249
223,61,Stage 2,Stage 2,0.24679063424412062,0.7446588239845878
223,62,Stage 0,Stage 0,8.765670665295167e-20,0.9913314372653822
223,63,Stage 3,Stage 3,1.5208739668280382e-16,0.9908899047222214
223,64,Stage 1,Stage 1,0.0105862015552074,0.9894137984444379
223,65,Stage 3,Stage 3,1.2842511828128758e-16,0.9916862435349484
223,66,Stage 0,Stage 0,1.2233406605185289e-17,0.9803755156068993
223,67,Stage 1,Stage 1,0.00903118841180281,0.9909688115879415
223,68,Stage 4,Stage 4,0.684794984527346,0.684794984527346
223,69,Stage 0,Stage 0,8.298396123902237e-20,0.9911007162968369
223,70,Stage 3,Stage 3,1.4437723749347735e-16,0.9911426811614495
223,71,Stage 4,Stage 4,0.6744116221435149,0.6744116221435149
223,72,Stage 0,Stage 0,8.981656287912796e-20,0.9914283112014913
223,73,Stage 2,Stage 2,0.25407286382189126,0.7376172934546089
223,74,Stage 0,Stage 0,1.3677939463855786e-17,0.9808633817262833
223,75,Stage 0,Stage 0,1.3403271942194456e-17,0.9807825040987755
223,76,Stage 1,Stage 1,0.009594923131284112,0.9904050768684263
223,77,Stage 3,Stage 3,1.273159474180893e-16,0.9917251631277341
223,78,Stage 0,Stage 0,8.520205496502915e-20,0.9912140512260427
223,79,Stage 2,Stage 2,0.26086621188254744,0.7310231022110232
223,80,Stage 1,Stage 1,0.009755968732097837,0.9902440312676025
223,81,Stage 2,Stage 2,0.26399099922780783,0.7279822367497033
223,82,Stage 0,Stage 0,9.622779001159291e-20,0.9916848357534722
223,83,Stage 0,Stage 0,1.3705711332982504e-17,0.980871285673887
223,84,Stage 3,Stage 3,1.5474763695087082e-16,0.9908040643215447
223,85,Stage 3,Stage 3,1.3705697726370712e-16,0.9913884908326821
223,86,Stage 1,Stage 1,0.009844936918240737,0.990155063081454
223,87,Stage 3,Stage 3,1.4066962128433056e-16,0.9912664449055839
223,88,Stage 0,Stage 0,9.622779001159291e-20,0.9916848357534722
223,89,Stage 3,Stage 3,1.2191180834968498e-16,0.9919170618790788
223,90,Stage 1,Stage 1,0.010208912914871814,0.9897910870847989
223,91,Stage 0,Stage 0,9.110082887409164e-20,0.991483264016129
223,92,Stage 0,Stage 0,8.981656287912796e-20,0.9914283112014913
223,93,Stage 3,Stage 3,1.400609848735023e-16,0.9912869045482736
223,94,Stage 3,Stage 3,1.5142949392376147e-16,0.9909112402221542
223,95,Stage 0,Stage 0,9.240335312278755e-20,0.9915370914012563
223,96,Stage 0,Stage 0,8.607077158031066e-20,0.9912565230310001
223,97,Stage 4,Stage 4,0.6831361445987545,0.6831361445987545
223,98,Stage 0,Stage 0,9.525717101185453e-20,0.9916487261505318
223,99,Stage 2,Stage 2,0.24950562961173267,0.7420370122733596
223,100,Stage 1,Stage 1,0.009624007050878763,0.9903759929488298
223,101,Stage 0,Stage 0,9.353453132757058e-20,0.9915823465277942
223,102,Stage 1,Stage 1,0.010411595072169162,0.9895884049274881
223,103,Stage 4,Stage 4,0.649780349797146,0.649780349797146
223,104,Stage 0,Stage 0,9.391464264113023e-20,0.9915972525102162
223,105,Stage 0,Stage 0,9.184287616612198e-20,0.9915141592139521
223,106,Stage 2,Stage 2,0.24618989427922633,0.7452383736766981
223,107,Stage 1,Stage 1,0.010317559385682887,0.9896824406139807
223,108,Stage 0,Stage 0,8.927168884212394e-20,0.9914044111309707
223,109,Stage 2,Stage 2,0.265247322518575,0.7267583464317497
223,110,Stage 2,Stage 2,0.2674546575569374,0.7246062225826132
223,111,Stage 0,Stage 0,9.448769201481952e-20,0.9916194449715166
223,112,Stage 4,Stage 4,0.6794650499677246,0.6794650499677246
223,113,Stage 3,Stage 3,1.6020813199644695e-16,0.9906299673123887
223,114,Stage 1,Stage 1,0.009919690322993174,0.9900803096766966
223,115,Stage 2,Stage 2,0.27126448344691256,0.7208865124985092
223,116,Stage 0,Stage 0,1.2611656210018498e-17,0.9805192271255027
223,117,Stage 0,Stage 0,1.345776431263147e-17,0.9807989486918249
223,118,Stage 4,Stage 4,0.6838004221848187,0.6838004221848187
223,119,Stage 4,Stage 4,0.6740728038490408,0.6740728038490408
223,120,Stage 2,Stage 2,0.24409474820536187,0.7472579575151554
223,121,Stage 2,Stage 2,0.2519349356419553,0.7396875820838313
223,122,Stage 0,Stage 0,9.147110428318827e-20,0.9914987573472265
223,123,Stage 0,Stage 0,9.091625046287896e-20,0.9914754829247348
223,124,Stage 0,Stage 0,8.873010132836583e-20,0.9913802997255212
223,125,Stage 1,Stage 1,0.010162697470396196,0.9898373025292777
223,126,Stage 2,Stage 2,0.26461870437079427,0.7273708287647475
223,127,Stage 0,Stage 0,8.659622161005087e-20,0.9912817124353902
223,128,Stage 0,Stage 0,9.410527400285663e-20,0.9916046721498973
223,129,Stage 0,Stage 0,9.661878638945813e-20,0.9916991278032942
223,130,Stage 0,Stage 0,9.036474339409728e-20,0.9914520013362089
223,131,Stage 3,Stage 3,1.4947276702364524e-16,0.9909749495023996
223,132,Stage 2,Stage 2,0.24859851280195477,0.7429134611599754
223,133,Stage 3,Stage 3,1.6803138880578172e-16,0.9903852304193212
223,134,Stage 0,Stage 0,8.520205496502915e-20,0.9912140512260427
223,135,Stage 4,Stage 4,0.6814711408851148,0.6814711408851148
223,136,Stage 4,Stage 4,0.6844637113224621,0.6844637113224621
223,137,Stage 2,Stage 2,0.26180123907608943,0.7301136797161712
223,138,Stage 1,Stage 1,0.009995005606752856,0.9900049943929322
223,139,Stage 3,Stage 3,1.388515806678279e-16,0.9913276811213593
223,140,Stage 3,Stage 3,1.412808956696265e-16,0.991245937546461
223,141,Stage 0,Stage 0,8.248029864283356e-20,0.9910739561908304
223,142,Stage 0,Stage 0,9.799976027502948e-20,0.9917484739182298
223,143,Stage 0,Stage 0,8.819178050352503e-20,0.9913559755764396
223,144,Stage 2,Stage 2,0.28060455890708924,0.7117410664563073
223,145,Stage 4,Stage 4,0.6818046330432872,0.6818046330432872
223,146,Stage 0,Stage 0,1.2948832582911525e-17,0.9806371886501871
223,147,Stage 2,Stage 2,0.2661919588529908,0.7258376122776112
223,148,Stage 0,Stage 0,1.3241104099992208e-17,0.9807323539623602
223,149,Stage 0,Stage 0,9.701136302956587e-20,0.9917133336883921
223,150,Stage 3,Stage 3,1.5077442951527206e-16,0.9909325261098706
223,151,Stage 0,Stage 0,1.2484302778220652e-17,0.9804722398578325
223,152,Stage 1,Stage 1,0.009252632936295703,0.9907473670634355
223,153,Stage 2,Stage 2,0.25683840509560746,0.7349356673952726
223,154,Stage 1,Stage 1,0.008788335824128789,0.9912116641756296
223,155,Stage 0,Stage 0,1.2818104846848726e-17,0.9805925311045903
223,156,Stage 0,Stage 0,1.5478538920076647e-17,0.9812873136001357
223,157,Stage 4,Stage 4,0.6716944091958587,0.6716944091958587
223,158,Stage 0,Stage 0,1.0267698939127796e-19,0.9919033783199521
223,159,Stage 1,Stage 1,0.009422238607239732,0.9905777613924814
223,160,Stage 0,Stage 0,8.837085903244356e-20,0.9913641073516679
223,161,Stage 2,Stage 2,0.2510221877948732,0.7405706998731459
223,162,Stage 0,Stage 0,1.0226160623414513e-19,0.9918903396456624
223,163,Stage 0,Stage 0,9.564424452170319e-20,0.9916632352849312
223,164,Stage 0,Stage 0,1.4302014065663712e-17,0.981029719947491
223,165,Stage 4,Stage 4,0.6794650499677246,0.6794650499677246
223,166,Stage 1,Stage 1,0.009594923131284112,0.9904050768684263
223,167,Stage 3,Stage 3,1.6803138880578172e-16,0.9903852304193212
223,168,Stage 0,Stage 0,8.855029906400031e-20,0.9913722153838513
223,169,Stage 0,Stage 0,9.184287616612198e-20,0.9915141592139521
223,170,Stage 1,Stage 1,0.009830053300841891,0.9901699466988536
223,171,Stage 3,Stage 3,1.4437723749347735e-16,0.9911426811614495
223,172,Stage 3,Stage 3,1.358734468873573e-16,0.9914287951387487
223,173,Stage 2,Stage 4,0.6877652528474243,0.6877652528474243
223,174,Stage 2,Stage 2,0.27094575767877044,0.7211979455227717
223,175,Stage 0,Stage 0,9.353453132757058e-20,0.9915823465277942
223,176,Stage 4,Stage 4,0.6777866108630615,0.6777866108630615
223,177,Stage 3,Stage 3,1.673047151838939e-16,0.9904077389095308
223,178,Stage 4,Stage 4,0.6864476258577634,0.6864476258577634
223,179,Stage 1,Stage 1,0.00896307001906161,0.9910369299806867
223,180,Stage 2,Stage 4,0.6991217366398679,0.6991217366398679
223,181,Stage 4,Stage 4,0.688750844809712,0.688750844809712
223,182,Stage 0,Stage 0,8.694829184898601e-20,0.9912983839068218
223,183,Stage 2,Stage 2,0.25407286382189126,0.7376172934546089
223,184,Stage 1,Stage 1,0.009638581731872228,0.9903614182678355
223,185,Stage 1,Stage 1,0.009196772567259431,0.9908032274324752
223,186,Stage 0,Stage 0,1.3761422954353124e-17,0.9808869942214414
223,187,Stage 0,Stage 0,1.0164166460138794e-19,0.9918706296415938
223,188,Stage 0,Stage 0,9.642309106611137e-20,0.9916919925727748
223,189,Stage 0,Stage 0,1.215911663711361e-17,0.9803457742274315
223,190,Stage 3,Stage 3,1.6803138880578172e-16,0.9903852304193212
223,191,Stage 4,Stage 4,0.6814711408851148,0.6814711408851148
223,192,Stage 0,Stage 0,1.1642126909983085e-19,0.9922692781342453
223,193,Stage 0,Stage 0,1.3027902691056307e-17,0.9806635606276816
223,194,Stage 1,Stage 1,0.009196772567259431,0.9908032274324752
223,195,Stage 1,Stage 1,0.009210706257898174,0.9907892937418357
223,196,Stage 1,Stage 1,0.008935965441059237,0.9910640345586906
223,197,Stage 0,Stage 0,8.981656287912796e-20,0.9914283112014913
223,198,Stage 3,Stage 3,1.9218874346613102e-16,0.9896608661289011
223,199,Stage 0,Stage 0,1.410044103467453e-17,0.9809784929235621
223,200,Stage 2,Stage 2,0.2751066724813143,0.7171287919150064
223,201,Stage 0,Stage 0,1.0102546252047937e-19,0.99185073617104
223,202,Stage 1,Stage 1,0.009058579180217434,0.9909414208195254
223,203,Stage 0,Stage 0,1.351247636228508e-17,0.9808152581821675
223,204,Stage 0,Stage 0,1.0351279911143774e-19,0.9919292140822679
223,205,Stage 0,Stage 0,1.3986524478756912e-17,0.9809485139790308
223,206,Stage 0,Stage 0,1.4506445676364027e-17,0.9810793934619298
223,207,Stage 0,Stage 0,9.960207385273583e-20,0.9918035977382493
223,208,Stage 0,Stage 0,1.4273043841977816e-17,0.9810224974482886
223,209,Stage 0,Stage 0,1.5384723732529304e-17,0.9812691234190816
223,210,Stage 3,Stage 3,1.273159474180893e-16,0.9917251631277341
223,211,Stage 0,Stage 0,9.429629020165823e-20,0.9916120696206802
223,212,Stage 3,Stage 3,1.5882525403016033e-16,0.9906737959010864
223,213,Stage 0,Stage 0,9.720824594382605e-20,0.9917204044379043
223,214,Stage 3,Stage 3,1.5677322519212532e-16,0.9907391574938658
223,215,Stage 2,Stage 2,0.276394540393224,0.7158678400136779
223,216,Stage 3,Stage 3,1.3705697726370712e-16,0.9913884908326821
223,217,Stage 2,Stage 4,0.7013552496468445,0.7013552496468445
223,218,Stage 3,Stage 3,1.9724970662795495e-16,0.9895145387630995
223,219,Stage 2,Stage 2,0.30050821404565303,0.6921400865721199
223,220,Stage 1,Stage 1,0.008990256064907281,0.9910097439348394
223,221,Stage 3,Stage 3,1.437526014416234e-16,0.9911634287509127
223,222,Stage 3,Stage 3,1.96397079672095e-16,0.9895390684764639
223,223,Stage 1,Stage 1,0.00822160833807758,0.9917783916617118
223,224,Stage 2,Stage 4,0.7079787250353649,0.7079787250353649
223,225,Stage 0,Stage 0,1.498467071421941e-17,0.9811872205552288
223,226,Stage 2,Stage 4,0.7000805174794553,0.7000805174794553
223,227,Stage 0,Stage 0,1.1202524931037835e-19,0.9921647765241491
223,228,Stage 3,Stage 3,1.5407825779475046e-16,0.990825599410363
223,229,Stage 0,Stage 0,1.0801315288883774e-19,0.9920596704784024
223,230,Stage 2,Stage 4,0.701673280688404,0.701673280688404
223,231,Stage 1,Stage 1,0.008085684211637459,0.991914315788159
223,232,Stage 2,Stage 4,0.6818046330432872,0.6818046330432872
223,233,Stage 2,Stage 2,0.2907925190419205,0.7017259669833921
223,234,Stage 3,Stage 3,1.9554812689732458e-16,0.9895635412898461
223,235,Stage 0,Stage 0,1.5384723732529304e-17,0.9812691234190816
223,236,Stage 3,Stage 3,2.1049093628883173e-16,0.9891396761490543
223,237,Stage 1,Stage 1,0.008603935121080953,0.9913960648786877
223,238,Stage 2,Stage 2,0.3008463559134349,0.6918058817315044
223,239,Stage 3,Stage 3,1.8807031211253414e-16,0.9897812573822138
223,240,Stage 0,Stage 0,1.0205454211877452e-19,0.9918837899546677
223,241,Stage 1,Stage 1,0.008976652843499092,0.9910233471562485
223,242,Stage 0,Stage 0,1.59885621293317e-17,0.9813799273802414
223,243,Stage 0,Stage 0,9.859760040023931e-20,0.9917693031503555
223,244,Stage 2,Stage 4,0.712946608962471,0.712946608962471
223,245,Stage 0,Stage 0,1.5509936680335137e-17,0.9812933184864318
223,246,Stage 0,Stage 0,1.4954328576431913e-17,0.98118071063894
223,247,Stage 2,Stage 2,0.32501073060973357,0.6678300244879775
227,1,Stage 0,Stage 0,8.400047374762764e-20,0.9911535513581672
227,2,Stage 0,Stage 0,8.214621238389883e-20,0.9910559882047939
227,3,Stage 0,Stage 0,1.0763696235559255e-17,0.9796769938802508
227,4,Stage 4,Stage 4,0.6487147870826249,0.6487147870826249
227,5,Stage 2,Stage 2,0.23817268035555245,0.7529519679552488
227,6,Stage 0,Stage 0,8.115200014791238e-20,0.9910014652339335
227,7,Stage 4,Stage 4,0.6469345605925219,0.6469345605925219
227,8,Stage 3,Stage 3,1.1373718571281658e-16,0.9922149407159155
227,9,Stage 1,Stage 1,0.011228922447092532,0.9887710775525067
227,10,Stage 3,Stage 3,1.142316833900531e-16,0.9921966472643006
227,11,Stage 0,Stage 0,1.2484302778220652e-17,0.9804722398578325
227,12,Stage 1,Stage 1,0.011365455719808666,0.9886345442797805
227,13,Stage 0,Stage 0,1.085157653643075e-17,0.9797261493066788
227,14,Stage 0,Stage 0,1.215911663711361e-17,0.9803457742274315
227,15,Stage 0,Stage 0,1.2740297014569865e-17,0.9805653107277057
227,16,Stage 3,Stage 3,1.4626743465657863e-16,0.991080147684282
227,17,Stage 2,Stage 2,0.24588987844903148,0.7455277281016649
227,18,Stage 4,Stage 4,0.6767766414749979,0.6767766414749979
227,19,Stage 0,Stage 0,7.887842168498187e-20,0.9908705746699452
227,20,Stage 4,Stage 4,0.6627597319301668,0.6627597319301668
227,21,Stage 3,Stage 3,1.273159474180893e-16,0.9917251631277341
227,22,Stage 1,Stage 1,0.011161265155711256,0.9888387348438932
227,23,Stage 3,Stage 3,1.198147844747022e-16,0.9919925770874629
227,24,Stage 0,Stage 0,8.624556849811711e-20,0.9912649438639503
227,25,Stage 1,Stage 1,0.011451621018800298,0.9885483789807824
227,26,Stage 0,Stage 0,7.71365262544547e-20,0.9907640435825601
227,27,Stage 1,Stage 1,0.010147338384412171,0.9898526616152628
227,28,Stage 0,Stage 0,8.502936028786359e-20,0.9912054829556842
227,29,Stage 1,Stage 1,0.011382637355251303,0.9886173626443365
227,30,Stage 0,Stage 0,1.1301742154759131e-17,0.9799618826757773
227,31,Stage 2,Stage 2,0.25011154894036597,0.7414513210234408
227,32,Stage 0,Stage 0,8.999892134210829e-20,0.9914362311704462
227,33,Stage 3,Stage 3,1.142316833900531e-16,0.9921966472643006
227,34,Stage 3,Stage 3,1.3411723860435234e-16,0.9914889005006022
227,35,Stage 0,Stage 0,8.451336088651371e-20,0.9911796293397436
227,36,Stage 4,Stage 4,0.6777866108630615,0.6777866108630615
227,37,Stage 2,Stage 2,0.2297554290470943,0.7610054613730453
227,38,Stage 3,Stage 3,1.2458465006915191e-16,0.9918216718281889
227,39,Stage 2,Stage 2,0.24829661090433064,0.7432050532542982
227,40,Stage 0,Stage 0,7.824053021464903e-20,0.990832216667609
227,41,Stage 3,Stage 3,1.0703434064983356e-16,0.9924666165996182
227,42,Stage 1,Stage 1,0.010364471699471136,0.9896355283001894
227,43,Stage 0,Stage 0,8.927168884212394e-20,0.9914044111309707
227,44,Stage 0,Stage 0,8.315252702436151e-20,0.9911095853926171
227,45,Stage 0,Stage 0,1.1255906292975992e-17,0.9799390508848048
227,46,Stage 3,Stage 3,1.2842511828128758e-16,0.9916862435349484
227,47,Stage 4,Stage 4,0.6787944025585728,0.6787944025585728
227,48,Stage 3,Stage 3,1.182656670751496e-16,0.9920487529320827
227,49,Stage 4,Stage 4,0.6557815848804494,0.6557815848804494
227,50,Stage 0,Stage 0,1.2662957320952439e-17,0.980537768469339
227,51,Stage 1,Stage 1,0.010944150594266112,0.989055849405354
227,52,Stage 0,Stage 0,8.148206854130017e-20,0.9910197431849472
227,53,Stage 4,Stage 4,0.6335985180638048,0.6335985180638048
227,54,Stage 0,Stage 0,8.607077158031066e-20,0.9912565230310001
227,55,Stage 3,Stage 3,1.3705697726370712e-16,0.9913884908326821
227,56,Stage 0,Stage 0,9.642309106611137e-20,0.9916919925727748
227,57,Stage 4,Stage 4,0.6682766206384697,0.6682766206384697
227,58,Stage 1,Stage 1,0.010317559385682887,0.9896824406139807
227,59,Stage 3,Stage 3,1.182656670751496e-16,0.9920487529320827
227,60,Stage 1,Stage 1,0.011262902984465105,0.9887370970151318
227,61,Stage 3,Stage 3,1.0160367836014854e-16,0.9926758882697092
227,62,Stage 0,Stage 0,1.1627808591199174e-17,0.9801172016463422
227,63,Stage 0,Stage 0,9.128577989666076e-20,0.9914910221400364
227,64,Stage 3,Stage 3,1.2297401073718613e-16,0.9918790392753328
227,65,Stage 1,Stage 1,0.011731711882912433,0.9882682881166488
227,66,Stage 4,Stage 4,0.669304422786679,0.669304422786679
227,67,Stage 4,Stage 4,0.6575345391229066,0.6575345391229066
227,68,Stage 3,Stage 3,1.2244176046024672e-16,0.991898072745205
227,69,Stage 1,Stage 1,0.010506478714620649,0.9894935212850299
227,70,Stage 4,Stage 4,0.6679335525769413,0.6679335525769413
227,71,Stage 0,Stage 0,8.181347082197737e-20,0.991037917355354
227,72,Stage 0,Stage 0,1.2109838471225073e-17,0.9803257589901149
227,73,Stage 2,Stage 2,0.24201120808473084,0.7492637439240315
227,74,Stage 2,Stage 2,0.22718428015689832,0.7634554777483411
227,75,Stage 1,Stage 1,0.010178079564963655,0.9898219204347093
227,76,Stage 2,Stage 2,0.24439334502309268,0.7469702888731957
227,77,Stage 4,Stage 4,0.6801347236936146,0.6801347236936146
227,78,Stage 0,Stage 0,1.2509671095305227e-17,0.9804817100663608
227,79,Stage 3,Stage 3,1.1724403944377254e-16,0.992085985688691
227,80,Stage 4,Stage 4,0.6634525668851401,0.6634525668851401
227,81,Stage 4,Stage 4,0.6557815848804494,0.6557815848804494
227,82,Stage 0,Stage 0,8.485701351635163e-20,0.9911968899211833
227,83,Stage 0,Stage 0,8.537509825055995e-20,0.9912225947871058
227,84,Stage 0,Stage 0,1.0676520152462913e-17,0.979627155398886
227,85,Stage 0,Stage 0,7.903870012013863e-20,0.9908800968125381
227,86,Stage 4,Stage 4,0.6641444858945478,0.6641444858945478
227,87,Stage 1,Stage 1,0.010270857205587213,0.9897291427940793
227,88,Stage 3,Stage 3,1.3705697726370712e-16,0.9913884908326821
227,89,Stage 0,Stage 0,9.091625046287896e-20,0.9914754829247348
227,90,Stage 1,Stage 1,0.009624007050878763,0.9903759929488298
227,91,Stage 1,Stage 1,0.011094010943917605,0.9889059890556916
227,92,Stage 0,Stage 0,1.1890523699457152e-17,0.9802338141035823
227,93,Stage 2,Stage 2,0.23964427354617432,0.7515391000262467
227,94,Stage 0,Stage 0,1.0676520152462913e-17,0.979627155398886
227,95,Stage 0,Stage 0,1.2085273632587744e-17,0.9803156948360203
227,96,Stage 2,Stage 2,0.25346085982156524,0.7382101848703055
227,97,Stage 2,Stage 2,0.24890064996130676,0.7426215901757899
227,98,Stage 0,Stage 0,8.383019973218452e-20,0.9911448085800331
227,99,Stage 1,Stage 1,0.011696333666024508,0.9883036663335397
227,100,Stage 4,Stage 4,0.6575345391229066,0.6575345391229066
227,101,Stage 0,Stage 0,1.2586082948159591e-17,0.9805099022725244
227,102,Stage 3,Stage 3,1.0204553453232044e-16,0.992658672048218
227,103,Stage 0,Stage 0,8.08232602695753e-20,0.9909830830405886
227,104,Stage 1,Stage 1,0.010845357674872167,0.9891546423247549
227,105,Stage 0,Stage 0,8.451336088651371e-20,0.9911796293397436
227,106,Stage 0,Stage 0,8.383019973218452e-20,0.9911448085800331
227,107,Stage 2,Stage 2,0.2519349356419553,0.7396875820838313
227,108,Stage 0,Stage 0,8.049584355568391e-20,0.9909645961410933
227,109,Stage 3,Stage 3,1.358734468873573e-16,0.9914287951387487
227,110,Stage 2,Stage 2,0.23729258819557023,0.7537962701326412
227,111,Stage 3,Stage 3,1.4690296916016509e-16,0.9910592059180846
227,112,Stage 2,Stage 2,0.25011154894036597,0.7414513210234408
227,113,Stage 1,Stage 1,0.011245900027341223,0.9887540999722567
227,114,Stage 0,Stage 0,8.383019973218452e-20,0.9911448085800331
227,115,Stage 4,Stage 4,0.6557815848804494,0.6557815848804494
227,116,Stage 3,Stage 3,1.3010697391296376e-16,0.9916275228510862
227,117,Stage 0,Stage 0,1.345776431263147e-17,0.9807989486918249
227,118,Stage 2,Stage 2,0.24439334502309268,0.7469702888731957
227,119,Stage 4,Stage 4,0.6610236544185378,0.6610236544185378
227,120,Stage 1,Stage 1,0.01074744686913522,0.9892525531304988
227,121,Stage 3,Stage 3,1.450045805823419e-16,0.9911218851945769
227,122,Stage 1,Stage 1,0.010570209254036733,0.9894297907456097
227,123,Stage 0,Stage 0,8.607077158031066e-20,0.9912565230310001
227,124,Stage 0,Stage 0,1.287023821130877e-17,0.9806105002089812
227,125,Stage 1,Stage 1,0.010086131453090964,0.9899138685465878
227,126,Stage 3,Stage 3,1.5407825779475046e-16,0.990825599410363
227,127,Stage 0,Stage 0,8.909079548356597e-20,0.9913963975468475
227,128,Stage 3,Stage 3,1.4251140396290633e-16,0.991204779240457
227,129,Stage 0,Stage 0,8.349068008831573e-20,0.9911272475131927
227,130,Stage 0,Stage 0,8.033262971923292e-20,0.9909553132810206
227,131,Stage 0,Stage 0,1.1604212392084036e-17,0.9801063660243678
227,132,Stage 4,Stage 4,0.6522590955728329,0.6522590955728329
227,133,Stage 3,Stage 3,1.318107998903221e-16,0.9915683900969946
227,134,Stage 0,Stage 0,8.181347082197737e-20,0.991037917355354
227,135,Stage 0,Stage 0,8.451336088651371e-20,0.9911796293397436
227,136,Stage 3,Stage 3,1.388515806678279e-16,0.9913276811213593
227,137,Stage 0,Stage 0,8.819178050352503e-20,0.9913559755764396
227,138,Stage 0,Stage 0,1.10294726066252e-17,0.9798224342409875
227,139,Stage 1,Stage 1,0.010239838704654338,0.9897601612950144
227,140,Stage 0,Stage 0,1.1890523699457152e-17,0.9802338141035823
227,141,Stage 2,Stage 2,0.24260531899489832,0.7486920734925386
227,142,Stage 0,Stage 0,1.116478590279051e-17,0.9798928978681966
227,143,Stage 4,Stage 4,0.6627597319301668,0.6627597319301668
227,144,Stage 3,Stage 3,1.4313066079285363e-16,0.9911841280737391
227,145,Stage 4,Stage 4,0.6644901011083199,0.6644901011083199
227,146,Stage 0,Stage 0,8.349068008831573e-20,0.9911272475131927
227,147,Stage 4,Stage 4,0.6550788492381099,0.6550788492381099
227,148,Stage 0,Stage 0,8.783470504027307e-20,0.9913396405861271
227,149,Stage 0,Stage 0,1.2333159853244846e-17,0.9804146486997954
227,150,Stage 0,Stage 0,7.776547684508104e-20,0.9908031635810329
227,151,Stage 4,Stage 4,0.6794650499677246,0.6794650499677246
227,152,Stage 4,Stage 4,0.670671542558104,0.670671542558104
227,153,Stage 1,Stage 1,0.011094010943917605,0.9889059890556916
227,154,Stage 0,Stage 0,8.765670665295167e-20,0.9913314372653822
227,155,Stage 1,Stage 1,0.009934708297490292,0.9900652917021984
227,156,Stage 4,Stage 4,0.6723751379532624,0.6723751379532624
227,157,Stage 3,Stage 3,1.400609848735023e-16,0.9912869045482736
227,158,Stage 0,Stage 0,1.2922581741193185e-17,0.9806283277652365
227,159,Stage 4,Stage 4,0.6526123321234967,0.6526123321234967
227,160,Stage 0,Stage 0,1.1486940733603632e-17,0.9800515945672307
227,161,Stage 0,Stage 0,9.31559500739439e-20,0.9915673512795624
227,162,Stage 2,Stage 2,0.26242573894197413,0.729506045291669
227,163,Stage 2,Stage 2,0.25011154894036597,0.7414513210234408
227,164,Stage 1,Stage 1,0.010380155993578817,0.9896198440060806
227,165,Stage 4,Stage 4,0.6451490121612311,0.6451490121612311
227,166,Stage 3,Stage 3,1.5208739668280382e-16,0.9908899047222214
227,167,Stage 0,Stage 0,1.225826972046872e-17,0.9803853546585779
227,168,Stage 0,Stage 0,9.110082887409164e-20,0.991483264016129
227,169,Stage 4,Stage 4,0.6634525668851401,0.6634525668851401
227,170,Stage 1,Stage 1,0.010490605571728758,0.989509394427923
227,171,Stage 0,Stage 0,1.1580663609027797e-17,0.9800954909584635
227,172,Stage 0,Stage 0,8.801306274854312e-20,0.9913478200055159
227,173,Stage 2,Stage 2,0.2519349356419553,0.7396875820838313
227,174,Stage 1,Stage 1,0.01133116932341966,0.9886688306761723
227,175,Stage 0,Stage 0,1.2637280966370862e-17,0.9805285158322073
227,176,Stage 0,Stage 0,1.225826972046872e-17,0.9803853546585779
227,177,Stage 1,Stage 1,0.009830053300841891,0.9901699466988536
227,178,Stage 1,Stage 1,0.009726489938492407,0.9902735100612097
227,179,Stage 2,Stage 2,0.24112182351621533,0.750119128152762
227,180,Stage 2,Stage 2,0.2671386422694642,0.7249144705146957
227,181,Stage 0,Stage 0,8.231308708690136e-20,0.9910649850272207
227,182,Stage 3,Stage 3,1.2404544554862024e-16,0.9918408389192064
227,183,Stage 0,Stage 0,8.231308708690136e-20,0.9910649850272207
227,184,Stage 2,Stage 2,0.24439334502309268,0.7469702888731957
227,185,Stage 0,Stage 0,1.215911663711361e-17,0.9803457742274315
227,186,Stage 2,Stage 2,0.25683840509560746,0.7349356673952726
227,187,Stage 0,Stage 0,8.999892134210829e-20,0.9914362311704462
227,188,Stage 4,Stage 4,0.6713536898096759,0.6713536898096759
227,189,Stage 3,Stage 3,1.3945497509816846e-16,0.9913073165838424
227,190,Stage 2,Stage 2,0.2405300894246955,0.7506879680283286
227,191,Stage 0,Stage 0,1.2408503290790025e-17,0.9804436097268838
227,192,Stage 2,Stage 2,0.25683840509560746,0.7349356673952726
227,193,Stage 3,Stage 3,1.182656670751496e-16,0.9920487529320827
227,194,Stage 0,Stage 0,9.487165560123325e-20,0.9916341295085987
227,195,Stage 0,Stage 0,1.3214265911931897e-17,0.9807238757959816
227,196,Stage 1,Stage 1,0.011060534259091105,0.9889394657405206
227,197,Stage 1,Stage 1,0.010333173429814414,0.9896668265698481
227,198,Stage 1,Stage 1,0.010010136452442388,0.9899898635472416
227,199,Stage 0,Stage 0,1.1842323931121614e-17,0.9802129610796981
227,200,Stage 0,Stage 0,1.2509671095305227e-17,0.9804817100663608
227,201,Stage 0,Stage 0,8.148206854130017e-20,0.9910197431849472
227,202,Stage 2,Stage 2,0.24769351334270256,0.7437874000410787
227,203,Stage 2,Stage 2,0.2649328993978252,0.7270647217849756
227,204,Stage 3,Stage 3,1.3238367348768738e-16,0.9915485871160096
227,205,Stage 4,Stage 4,0.6444333127625962,0.6444333127625962
227,206,Stage 3,Stage 3,1.0890817023967896e-16,0.9923955463734103
227,207,Stage 1,Stage 1,0.010333173429814414,0.9896668265698481
227,208,Stage 0,Stage 0,8.624556849811711e-20,0.9912649438639503
227,209,Stage 0,Stage 0,9.184287616612198e-20,0.9915141592139521
227,210,Stage 3,Stage 3,1.1572808329253602e-16,0.9921415101119657
227,211,Stage 3,Stage 3,1.5208739668280382e-16,0.9908899047222214
227,212,Stage 1,Stage 1,0.009422238607239732,0.9905777613924814
227,213,Stage 0,Stage 0,1.1440361322670744e-17,0.9800294075079312
227,214,Stage 4,Stage 4,0.6458638672817991,0.6458638672817991
227,215,Stage 1,Stage 1,0.010411595072169162,0.9895884049274881
227,216,Stage 3,Stage 3,1.358734468873573e-16,0.9914287951387487
227,217,Stage 4,Stage 4,0.6658702591579196,0.6658702591579196
227,218,Stage 0,Stage 0,1.1746504177763643e-17,0.9801707910337142
227,219,Stage 2,Stage 2,0.2783329932181442,0.7139686090247577
227,220,Stage 2,Stage 2,0.25900237345016314,0.732834621849088
227,221,Stage 4,Stage 4,0.6824708808016353,0.6824708808016353
227,222,Stage 3,Stage 3,1.2621633290938193e-16,0.9917639016699474
227,223,Stage 3,Stage 3,1.3124039917685881e-16,0.9915881469760511
227,224,Stage 1,Stage 1,0.010162697470396196,0.9898373025292777
227,225,Stage 0,Stage 0,8.016974467717475e-20,0.9909460040695245
227,226,Stage 0,Stage 0,9.110082887409164e-20,0.991483264016129
227,227,Stage 0,Stage 0,1.2036291946697048e-17,0.9802954530549376
227,228,Stage 2,Stage 2,0.2455900988615248,0.7458168020071239
227,229,Stage 4,Stage 4,0.6838004221848187,0.6838004221848187
227,230,Stage 3,Stage 3,1.4754125773760771e-16,0.9910382153289269
227,231,Stage 0,Stage 0,9.701136302956587e-20,0.9917133336883921
227,232,Stage 1,Stage 1,0.010763704406525684,0.9892362955931072
227,233,Stage 0,Stage 0,8.434205362983467e-20,0.9911709616824874
227,234,Stage 4,Stage 4,0.688750844809712,0.688750844809712
227,235,Stage 3,Stage 3,1.6090406711241925e-16,0.9906079764103551
227,236,Stage 1,Stage 1,0.009337054302621687,0.9906629456971044
227,237,Stage 0,Stage 0,8.08232602695753e-20,0.9909830830405886
227,238,Stage 2,Stage 2,0.24950562961173267,0.7420370122733596
227,239,Stage 0,Stage 0,9.701136302956587e-20,0.9917133336883921
227,240,Stage 2,Stage 2,0.2602440105515096,0.7316280286971978
227,241,Stage 0,Stage 0,1.2408503290790025e-17,0.9804436097268838
227,242,Stage 0,Stage 0,9.277889271811996e-20,0.9915522663698692
227,243,Stage 1,Stage 1,0.009638581731872228,0.9903614182678355
227,244,Stage 1,Stage 1,0.01025533634924254,0.989744663650425
227,245,Stage 0,Stage 0,9.410527400285663e-20,0.9916046721498973
227,246,Stage 1,Stage 1,0.010040466198299552,0.9899595338013824
227,247,Stage 1,Stage 1,0.009465118971863792,0.9905348810278547
227,248,Stage 2,Stage 2,0.25041486069432983,0.74115805835694
227,249,Stage 0,Stage 0,1.2283182899635144e-17,0.9803951564718821
227,250,Stage 0,Stage 0,1.0143584951925212e-19,0.991864018929853
227,251,Stage 1,Stage 1,0.009322931274816903,0.99067706872491
227,252,Stage 0,Stage 0,9.147110428318827e-20,0.9914987573472265
227,253,Stage 4,Stage 4,0.6744116221435149,0.6744116221435149
227,254,Stage 1,Stage 1,0.010025289971866769,0.9899747100278161
227,255,Stage 3,Stage 3,1.5474763695087082e-16,0.9908040643215447
227,256,Stage 1,Stage 1,0.009407987955110443,0.9905920120446114
227,257,Stage 3,Stage 3,1.1673653215887557e-16,0.9921045370250977
227,258,Stage 0,Stage 0,8.694829184898601e-20,0.9912983839068218
227,259,Stage 1,Stage 1,0.009224660862413293,0.9907753391373196
227,260,Stage 0,Stage 0,8.801306274854312e-20,0.9913478200055159
227,261,Stage 1,Stage 1,0.009099819743673495,0.9909001802560667
227,262,Stage 0,Stage 0,8.677207923103145e-20,0.9912900602817227
227,263,Stage 3,Stage 3,1.2898331317204133e-16,0.9916667155841863
227,264,Stage 4,Stage 4,0.7000805174794553,0.7000805174794553
227,265,Stage 2,Stage 2,0.2649328993978252,0.7270647217849756
227,266,Stage 2,Stage 4,0.6913680174242096,0.6913680174242096
227,267,Stage 3,Stage 3,1.4437723749347735e-16,0.9911426811614495
227,268,Stage 2,Stage 4,0.6767766414749979,0.6767766414749979
227,269,Stage 2,Stage 2,0.2815813802491283,0.7107825435195056
227,270,Stage 2,Stage 4,0.6913680174242096,0.6913680174242096
227,271,Stage 2,Stage 2,0.2671386422694642,0.7249144705146957
227,272,Stage 1,Stage 1,0.009337054302621687,0.9906629456971044
227,273,Stage 2,Stage 4,0.680803421430519,0.680803421430519
227,274,Stage 0,Stage 0,1.2560561077266288e-17,0.9805005411964006
227,275,Stage 0,Stage 0,1.0226160623414513e-19,0.9918903396456624
227,276,Stage 0,Stage 0,1.218383016385818e-17,0.9803557254709231
227,277,Stage 0,Stage 0,9.448769201481952e-20,0.9916194449715166
227,278,Stage 0,Stage 0,1.2688685377708345e-17,0.9805469851134242
227,279,Stage 0,Stage 0,9.661878638945813e-20,0.9916991278032942
227,280,Stage 0,Stage 0,9.839791832389827e-20,0.991762381205879
227,281,Stage 2,Stage 4,0.6747502014389875,0.6747502014389875
227,282,Stage 0,Stage 0,1.5137300381419323e-17,0.9812193182789706
227,283,Stage 2,Stage 4,0.7003995912453712,0.7003995912453712
227,284,Stage 2,Stage 2,0.27671706241262906,0.7155519507884045
227,285,Stage 2,Stage 2,0.29983254714451896,0.6928077723981206
227,286,Stage 0,Stage 0,9.960207385273583e-20,0.9918035977382493
227,287,Stage 0,Stage 0,1.444774259912856e-17,0.9810653582195327
230,1,Stage 0,Stage 0,8.148206854130017e-20,0.9910197431849472
230,2,Stage 0,Stage 0,1.2662957320952439e-17,0.980537768469339
230,3,Stage 0,Stage 0,1.215911663711361e-17,0.9803457742274315
230,4,Stage 0,Stage 0,1.1818296665699673e-17,0.9802024766916642
230,5,Stage 0,Stage 0,1.2714465240792793e-17,0.9805561658408186
230,6,Stage 3,Stage 3,1.5677322519212532e-16,0.9907391574938658
230,7,Stage 2,Stage 2,0.24769351334270256,0.7437874000410787
230,8,Stage 1,Stage 1,0.010506478714620649,0.9894935212850299
230,9,Stage 0,Stage 0,8.537509825055995e-20,0.9912225947871058
230,10,Stage 0,Stage 0,9.487165560123325e-20,0.9916341295085987
230,11,Stage 0,Stage 0,1.2922581741193185e-17,0.9806283277652365
230,12,Stage 0,Stage 0,8.783470504027307e-20,0.9913396405861271
230,13,Stage 0,Stage 0,1.3594958274275112e-17,0.9808394703467559
230,14,Stage 0,Stage 0,8.349068008831573e-20,0.9911272475131927
230,15,Stage 4,Stage 4,0.6710127341611202,0.6710127341611202
230,16,Stage 4,Stage 4,0.6620659836365324,0.6620659836365324
230,17,Stage 3,Stage 3,1.3411723860435234e-16,0.9914889005006022
230,18,Stage 0,Stage 0,8.694829184898601e-20,0.9912983839068218
230,19,Stage 3,Stage 3,1.3945497509816846e-16,0.9913073165838424
230,20,Stage 1,Stage 1,0.011749440622862834,0.9882505593766973
230,21,Stage 0,Stage 0,8.694829184898601e-20,0.9912983839068218
230,22,Stage 0,Stage 0,9.391464264113023e-20,0.9915972525102162
230,23,Stage 4,Stage 4,0.6686194552365096,0.6686194552365096
230,24,Stage 3,Stage 3,1.198147844747022e-16,0.9919925770874629
230,25,Stage 1,Stage 1,0.010977278933178153,0.9890227210664396
230,26,Stage 0,Stage 0,1.2109838471225073e-17,0.9803257589901149
230,27,Stage 1,Stage 1,0.010333173429814414,0.9896668265698481
230,28,Stage 4,Stage 4,0.6703301153093147,0.6703301153093147
230,29,Stage 0,Stage 0,8.332143307836255e-20,0.991118429112658
230,30,Stage 4,Stage 4,0.6522590955728329,0.6522590955728329
230,31,Stage 2,Stage 2,0.2510221877948732,0.7405706998731459
230,32,Stage 1,Stage 1,0.009995005606752856,0.9900049943929322
230,33,Stage 0,Stage 0,8.694829184898601e-20,0.9912983839068218
230,34,Stage 3,Stage 3,1.251261927284667e-16,0.9918024599916467
230,35,Stage 2,Stage 2,0.23408399923292728,0.7568700288384329
230,36,Stage 0,Stage 0,1.287023821130877e-17,0.9806105002089812
230,37,Stage 2,Stage 2,0.24739231790083466,0.7440781543687385
230,38,Stage 4,Stage 4,0.6490701897989728,0.6490701897989728
230,39,Stage 3,Stage 3,1.2954392823164148e-16,0.9916471420578322
230,40,Stage 0,Stage 0,9.110082887409164e-20,0.991483264016129
230,41,Stage 0,Stage 0,8.451336088651371e-20,0.9911796293397436
230,42,Stage 2,Stage 2,0.24588987844903148,0.7455277281016649
230,43,Stage 0,Stage 0,1.1440361322670744e-17,0.9800294075079312
230,44,Stage 3,Stage 3,1.6586075562578934e-16,0.9904525991304134
230,45,Stage 0,Stage 0,8.659622161005087e-20,0.9912817124353902
230,46,Stage 4,Stage 4,0.6585836341778833,0.6585836341778833
230,47,Stage 3,Stage 3,1.4690296916016509e-16,0.9910592059180846
230,48,Stage 0,Stage 0,9.429629020165823e-20,0.9916120696206802
230,49,Stage 1,Stage 1,0.010239838704654338,0.9897601612950144
230,50,Stage 1,Stage 1,0.010878190253167672,0.989121809746457
230,51,Stage 0,Stage 0,1.1675143619896923e-17,0.9801387548946572
230,52,Stage 0,Stage 0,8.909079548356597e-20,0.9913963975468475
230,53,Stage 0,Stage 0,9.128577989666076e-20,0.9914910221400364
230,54,Stage 0,Stage 0,9.054820847169687e-20,0.9914598516358336
230,55,Stage 0,Stage 0,1.215911663711361e-17,0.9803457742274315
230,56,Stage 0,Stage 0,9.681487677796197e-20,0.9917062414926595
230,57,Stage 1,Stage 1,0.0108946433864624,0.9891053566131612
230,58,Stage 4,Stage 4,0.6877652528474243,0.6877652528474243
230,59,Stage 1,Stage 1,0.01074744686913522,0.9892525531304988
230,60,Stage 3,Stage 3,1.122664703168702e-16,0.9922695656487112
230,61,Stage 0,Stage 0,8.264784773209078e-20,0.9910829017524949
230,62,Stage 0,Stage 0,8.231308708690136e-20,0.9910649850272207
230,63,Stage 1,Stage 1,0.010162697470396196,0.9898373025292777
230,64,Stage 3,Stage 3,1.3010697391296376e-16,0.9916275228510862
230,65,Stage 0,Stage 0,1.2560561077266288e-17,0.9805005411964006
230,66,Stage 3,Stage 3,1.400609848735023e-16,0.9912869045482736
230,67,Stage 3,Stage 3,1.6371808454090327e-16,0.990519499349954
230,68,Stage 0,Stage 0,1.2233406605185289e-17,0.9803755156068993
230,69,Stage 1,Stage 1,0.0108946433864624,0.9891053566131612
230,70,Stage 0,Stage 0,1.1746504177763643e-17,0.9801707910337142
230,71,Stage 0,Stage 0,8.765670665295167e-20,0.9913314372653822
230,72,Stage 0,Stage 0,8.730178494540156e-20,0.9913149587076621
230,73,Stage 2,Stage 2,0.2437963882471011,0.7475453445748567
230,74,Stage 3,Stage 3,1.6803138880578172e-16,0.9903852304193212
230,75,Stage 0,Stage 0,1.1119499898851067e-17,0.9798695752436027
230,76,Stage 1,Stage 1,0.009667796696653437,0.9903322033030524
230,77,Stage 4,Stage 4,0.6515519682272032,0.6515519682272032
230,78,Stage 4,Stage 4,0.6599792849745079,0.6599792849745079
230,79,Stage 2,Stage 2,0.2513262029042564,0.740276604430418
230,80,Stage 3,Stage 3,1.1178046055617763e-16,0.9922876891449864
230,81,Stage 1,Stage 1,0.011195043269290631,0.9888049567303113
230,82,Stage 0,Stage 0,9.296723129296975e-20,0.9915598200571972
230,83,Stage 3,Stage 3,1.2954392823164148e-16,0.9916471420578322
230,84,Stage 3,Stage 3,1.051926808631399e-16,0.9925370262933259
230,85,Stage 0,Stage 0,1.1866399576552271e-17,0.9802234068562619
230,86,Stage 2,Stage 2,0.2562222135628668,0.735533505503506
230,87,Stage 3,Stage 3,1.2404544554862024e-16,0.9918408389192064
230,88,Stage 0,Stage 0,9.564424452170319e-20,0.9916632352849312
230,89,Stage 0,Stage 0,1.1627808591199174e-17,0.9801172016463422
230,90,Stage 0,Stage 0,8.677207923103145e-20,0.9912900602817227
230,91,Stage 3,Stage 3,1.2297401073718613e-16,0.9918790392753328
230,92,Stage 0,Stage 0,8.434205362983467e-20,0.9911709616824874
230,93,Stage 0,Stage 0,8.554849084858906e-20,0.9912311136935966
230,94,Stage 2,Stage 2,0.24499124883316234,0.7463941075463413
230,95,Stage 1,Stage 1,0.01074744686913522,0.9892525531304988
230,96,Stage 2,Stage 2,0.24618989427922633,0.7452383736766981
230,97,Stage 3,Stage 3,1.3528551011267852e-16,0.9914488769649418
230,98,Stage 2,Stage 2,0.24920302226922736,0.7423294404854913
230,99,Stage 2,Stage 2,0.24679063424412062,0.7446588239845878
230,100,Stage 0,Stage 0,8.730178494540156e-20,0.9913149587076621
230,101,Stage 3,Stage 3,1.3067246071376175e-16,0.9916078578589149
230,102,Stage 3,Stage 3,1.3945497509816846e-16,0.9913073165838424
230,103,Stage 0,Stage 0,9.661878638945813e-20,0.9916991278032942
230,104,Stage 4,Stage 4,0.6781227837843048,0.6781227837843048
230,105,Stage 0,Stage 0,8.400047374762764e-20,0.9911535513581672
230,106,Stage 0,Stage 0,9.110082887409164e-20,0.991483264016129
230,107,Stage 2,Stage 2,0.24529055562155658,0.7461055952146525
230,108,Stage 3,Stage 3,1.1324482376263934e-16,0.9922331915318743
230,109,Stage 0,Stage 0,1.1842323931121614e-17,0.9802129610796981
230,110,Stage 0,Stage 0,8.148206854130017e-20,0.9910197431849472
230,111,Stage 3,Stage 3,1.8087761916968798e-16,0.9899944682807489
230,112,Stage 0,Stage 0,8.264784773209078e-20,0.9910829017524949
230,113,Stage 0,Stage 0,1.116478590279051e-17,0.9798928978681966
230,114,Stage 3,Stage 3,1.2404544554862024e-16,0.9918408389192064
230,115,Stage 0,Stage 0,8.434205362983467e-20,0.9911709616824874
230,116,Stage 0,Stage 0,1.3267996330712023e-17,0.9807407977763951
230,117,Stage 1,Stage 1,0.009815191961509888,0.9901848080381868
230,118,Stage 0,Stage 0,1.287023821130877e-17,0.9806105002089812
230,119,Stage 2,Stage 2,0.24950562961173267,0.7420370122733596
230,120,Stage 1,Stage 1,0.009697099346223191,0.9903029006534809
230,121,Stage 0,Stage 0,1.1627808591199174e-17,0.9801172016463422
230,122,Stage 3,Stage 3,1.3067246071376175e-16,0.9916078578589149
230,123,Stage 1,Stage 1,0.01011668910345674,0.9898833108962201
230,124,Stage 0,Stage 0,8.281573503643895e-20,0.9910918217689588
230,125,Stage 0,Stage 0,8.837085903244356e-20,0.9913641073516679
230,126,Stage 4,Stage 4,0.6874362210286842,0.6874362210286842
230,127,Stage 1,Stage 1,0.010554240854312225,0.9894457591453351
230,128,Stage 0,Stage 0,9.353453132757058e-20,0.9915823465277942
230,129,Stage 0,Stage 0,1.2714465240792793e-17,0.9805561658408186
230,130,Stage 1,Stage 1,0.011573338141692448,0.9884266618578811
230,131,Stage 4,Stage 4,0.6648354863636098,0.6648354863636098
230,132,Stage 1,Stage 1,0.009800352867573126,0.9901996471321244
230,133,Stage 4,Stage 4,0.6798000086854755,0.6798000086854755
230,134,Stage 3,Stage 3,1.4947276702364524e-16,0.9909749495023996
230,135,Stage 2,Stage 2,0.25838293997313205,0.7334362852539207
230,136,Stage 2,Stage 2,0.2636774894246132,0.7282875373293057
230,137,Stage 0,Stage 0,1.2208593453132203e-17,0.980365639237517
230,138,Stage 2,Stage 2,0.25838293997313205,0.7334362852539207
230,139,Stage 3,Stage 3,1.2954392823164148e-16,0.9916471420578322
230,140,Stage 3,Stage 3,1.595151985996128e-16,0.9906519071036988
230,141,Stage 2,Stage 2,0.24260531899489832,0.7486920734925386
230,142,Stage 2,Stage 2,0.24890064996130676,0.7426215901757899
230,143,Stage 1,Stage 1,0.010812623108673656,0.9891873768909557
230,144,Stage 2,Stage 2,0.24649014624642607,0.7449487389111789
230,145,Stage 2,Stage 2,0.25683840509560746,0.7349356673952726
230,146,Stage 1,Stage 1,0.009785535986405131,0.9902144640132933
230,147,Stage 0,Stage 0,1.1393968922879771e-17,0.9800070602971545
230,148,Stage 0,Stage 0,8.400047374762764e-20,0.9911535513581672
230,149,Stage 4,Stage 4,0.6429993928038055,0.6429993928038055
230,150,Stage 2,Stage 2,0.25437921553051157,0.7373204344022612
230,151,Stage 0,Stage 0,8.434205362983467e-20,0.9911709616824874
230,152,Stage 4,Stage 4,0.670671542558104,0.670671542558104
230,153,Stage 1,Stage 1,0.009919690322993174,0.9900803096766966
230,154,Stage 0,Stage 0,1.387352089176905e-17,0.9809180158781412
230,155,Stage 3,Stage 3,1.142316833900531e-16,0.9921966472643006
230,156,Stage 4,Stage 4,0.6564834339169144,0.6564834339169144
230,157,Stage 4,Stage 4,0.6433581870236106,0.6433581870236106
230,158,Stage 0,Stage 0,7.467084592671955e-20,0.9906031162952357
230,159,Stage 0,Stage 0,8.115200014791238e-20,0.9910014652339335
230,160,Stage 0,Stage 0,8.46850139491943e-20,0.9911882720675684
230,161,Stage 2,Stage 2,0.24529055562155658,0.7461055952146525
230,162,Stage 0,Stage 0,7.871846612705421e-20,0.9908610256439977
230,163,Stage 1,Stage 1,0.011228922447092532,0.9887710775525067
230,164,Stage 0,Stage 0,1.2208593453132203e-17,0.980365639237517
230,165,Stage 0,Stage 0,1.2109838471225073e-17,0.9803257589901149
230,166,Stage 0,Stage 0,8.520205496502915e-20,0.9912140512260427
230,167,Stage 0,Stage 0,8.098746447928079e-20,0.9909922871964918
230,168,Stage 1,Stage 1,0.009726489938492407,0.9902735100612097
230,169,Stage 2,Stage 2,0.25869254117066315,0.7331355898180756
230,170,Stage 0,Stage 0,9.018164793258518e-20,0.991444127864863
230,171,Stage 1,Stage 1,0.010395863773007857,0.9896041362266504
230,172,Stage 0,Stage 0,9.128577989666076e-20,0.9914910221400364
230,173,Stage 1,Stage 1,0.01074744686913522,0.9892525531304988
230,174,Stage 1,Stage 1,0.009785535986405131,0.9902144640132933
230,175,Stage 0,Stage 0,1.2975136284103022e-17,0.9806460143726154
230,176,Stage 3,Stage 3,1.437526014416234e-16,0.9911634287509127
230,177,Stage 0,Stage 0,8.712486018094915e-20,0.9913066833643034
230,178,Stage 0,Stage 0,9.054820847169687e-20,0.9914598516358336
230,179,Stage 4,Stage 4,0.6476472923394259,0.6476472923394259
230,180,Stage 4,Stage 4,0.6682766206384697,0.6682766206384697
230,181,Stage 4,Stage 4,0.6547271497952761,0.6547271497952761
230,182,Stage 4,Stage 4,0.6764395024509561,0.6764395024509561
230,183,Stage 4,Stage 4,0.6610236544185378,0.6610236544185378
230,184,Stage 4,Stage 4,0.6764395024509561,0.6764395024509561
230,185,Stage 0,Stage 0,1.4594944328110315e-17,0.9811002121879132
230,186,Stage 2,Stage 2,0.2513262029042564,0.740276604430418
230,187,Stage 4,Stage 4,0.6710127341611202,0.6710127341611202
230,188,Stage 0,Stage 0,9.487165560123325e-20,0.9916341295085987
230,189,Stage 0,Stage 0,8.589632680577147e-20,0.9912480777611306
230,190,Stage 1,Stage 1,0.009785535986405131,0.9902144640132933
230,191,Stage 1,Stage 1,0.0105862015552074,0.9894137984444379
230,192,Stage 0,Stage 0,8.855029906400031e-20,0.9913722153838513
230,193,Stage 0,Stage 0,8.607077158031066e-20,0.9912565230310001
230,194,Stage 0,Stage 0,1.4477064614725244e-17,0.9810723914936978
230,195,Stage 0,Stage 0,8.981656287912796e-20,0.9914283112014913
230,196,Stage 0,Stage 0,1.1770386885997358e-17,0.9801813917513598
230,197,Stage 0,Stage 0,9.036474339409728e-20,0.9914520013362089
230,198,Stage 0,Stage 0,8.502936028786359e-20,0.9912054829556842
230,199,Stage 4,Stage 4,0.6747502014389875,0.6747502014389875
230,200,Stage 4,Stage 4,0.6727151467124962,0.6727151467124962
230,201,Stage 3,Stage 3,1.2954392823164148e-16,0.9916471420578322
230,202,Stage 3,Stage 3,1.2033564236264058e-16,0.9919737642817119
230,203,Stage 3,Stage 3,1.2033564236264058e-16,0.9919737642817119
230,204,Stage 2,Stage 2,0.23964427354617432,0.7515391000262467
230,205,Stage 0,Stage 0,9.296723129296975e-20,0.9915598200571972
230,206,Stage 0,Stage 0,7.903870012013863e-20,0.9908800968125381
230,207,Stage 1,Stage 1,0.009859842846425057,0.9901401571532684
230,208,Stage 0,Stage 0,8.502936028786359e-20,0.9912054829556842
230,209,Stage 0,Stage 0,9.259093358300944e-20,0.9915446901678397
230,210,Stage 2,Stage 2,0.2684040635590037,0.7236798798138958
230,211,Stage 0,Stage 0,9.240335312278755e-20,0.9915370914012563
230,212,Stage 2,Stage 4,0.6804691947043152,0.6804691947043152
230,213,Stage 0,Stage 0,8.298396123902237e-20,0.9911007162968369
230,214,Stage 0,Stage 0,9.22161505741555e-20,0.9915294700201527
230,215,Stage 4,Stage 4,0.6727151467124962,0.6727151467124962
230,216,Stage 0,Stage 0,8.963457180159048e-20,0.9914203679064144
230,217,Stage 0,Stage 0,8.712486018094915e-20,0.9913066833643034
230,218,Stage 2,Stage 2,0.2789809115922683,0.7133334588204383
230,219,Stage 0,Stage 0,1.2896383652677683e-17,0.9806194316431087
230,220,Stage 2,Stage 2,0.27575016202612107,0.7164988374361844
230,221,Stage 0,Stage 0,1.0082088893385625e-19,0.9918440640336889
230,222,Stage 2,Stage 2,0.2731815517035496,0.7190123789562886
230,223,Stage 4,Stage 4,0.6658702591579196,0.6658702591579196
230,224,Stage 0,Stage 0,8.624556849811711e-20,0.9912649438639503
230,225,Stage 3,Stage 3,1.3124039917685881e-16,0.9915881469760511
230,226,Stage 2,Stage 2,0.2690381326762171,0.7230609876913192
230,227,Stage 0,Stage 0,8.837085903244356e-20,0.9913641073516679
230,228,Stage 0,Stage 0,1.3705711332982504e-17,0.980871285673887
230,229,Stage 0,Stage 0,9.661878638945813e-20,0.9916991278032942
230,230,Stage 2,Stage 2,0.2684040635590037,0.7236798798138958
230,231,Stage 2,Stage 2,0.2528497892226809,0.7388019727493059
230,232,Stage 0,Stage 0,1.3677939463855786e-17,0.9808633817262833
230,233,Stage 0,Stage 0,9.018164793258518e-20,0.991444127864863
230,234,Stage 0,Stage 0,1.4273043841977816e-17,0.9810224974482886
230,235,Stage 1,Stage 1,0.009436510639765031,0.9905634893599552
230,236,Stage 1,Stage 1,0.008801656204420378,0.9911983437953373
230,237,Stage 0,Stage 0,1.4043368175836372e-17,0.9809635680724318
230,238,Stage 0,Stage 0,1.3001492951251741e-17,0.9806548050070074
230,239,Stage 2,Stage 2,0.26242573894197413,0.729506045291669
230,240,Stage 0,Stage 0,8.434205362983467e-20,0.9911709616824874
230,241,Stage 1,Stage 1,0.00903118841180281,0.9909688115879415
230,242,Stage 2,Stage 4,0.6910417547141406,0.6910417547141406
230,243,Stage 1,Stage 1,0.00903118841180281,0.9909688115879415
230,244,Stage 0,Stage 0,9.760320496659151e-20,0.99173448178738
230,245,Stage 0,Stage 0,1.3241104099992208e-17,0.9807323539623602
230,246,Stage 0,Stage 0,1.2611656210018498e-17,0.9805192271255027
230,247,Stage 2,Stage 4,0.6838004221848187,0.6838004221848187
230,248,Stage 1,Stage 1,0.008935965441059237,0.9910640345586906
230,249,Stage 0,Stage 0,1.4803530110264282e-17,0.9811477057121714
230,250,Stage 0,Stage 0,9.87976855940541e-20,0.9917762040240412
235,1,Stage 0,Stage 0,1.0829540130282827e-17,0.9797139241670638
235,2,Stage 2,Stage 2,0.24499124883316234,0.7463941075463413
235,3,Stage 0,Stage 0,9.525717101185453e-20,0.9916487261505318
235,4,Stage 3,Stage 3,1.2085875912402677e-16,0.9919549075458585
235,5,Stage 3,Stage 3,1.5077442951527206e-16,0.9909325261098706
235,6,Stage 1,Stage 1,0.010025289971866769,0.9899747100278161
235,7,Stage 0,Stage 0,1.2109838471225073e-17,0.9803257589901149
235,8,Stage 4,Stage 4,0.6613713246232751,0.6613713246232751
235,9,Stage 1,Stage 1,0.011043833394024273,0.9889561666055886
235,10,Stage 2,Stage 2,0.25254460426268227,0.7390974523828906
235,11,Stage 3,Stage 3,1.051926808631399e-16,0.9925370262933259
235,12,Stage 2,Stage 2,0.23817268035555245,0.7529519679552488
235,13,Stage 0,Stage 0,1.1370842617280377e-17,0.9799958264208374
235,14,Stage 3,Stage 3,1.5012219126275094e-16,0.9909537624988691
235,15,Stage 2,Stage 2,0.25714684879590843,0.7346363376396886
235,16,Stage 3,Stage 3,1.3705697726370712e-16,0.9913884908326821
235,17,Stage 0,Stage 0,1.3214265911931897e-17,0.9807238757959816
235,18,Stage 1,Stage 1,0.01092762352100488,0.9890723764786162
235,19,Stage 0,Stage 0,1.3267996330712023e-17,0.9807407977763951
235,20,Stage 1,Stage 1,0.009889721766253414,0.9901102782334382
235,21,Stage 0,Stage 0,8.434205362983467e-20,0.9911709616824874
235,22,Stage 0,Stage 0,1.2637280966370862e-17,0.9805285158322073
235,23,Stage 2,Stage 2,0.2546858002072975,0.7370233000449775
235,24,Stage 0,Stage 0,9.110082887409164e-20,0.991483264016129
235,25,Stage 4,Stage 4,0.6571843936202091,0.6571843936202091
235,26,Stage 3,Stage 3,1.4882614470725118e-16,0.9909960872334609
235,27,Stage 4,Stage 4,0.6550788492381099,0.6550788492381099
235,28,Stage 4,Stage 4,0.6571843936202091,0.6571843936202091
235,29,Stage 0,Stage 0,1.2060758157493647e-17,0.9803055928844897
235,30,Stage 0,Stage 0,1.1604212392084036e-17,0.9801063660243678
235,31,Stage 2,Stage 2,0.25376674520975356,0.7379138770083318
235,32,Stage 0,Stage 0,1.1842323931121614e-17,0.9802129610796981
235,33,Stage 0,Stage 0,9.165680278779385e-20,0.9915064696883523
235,34,Stage 2,Stage 2,0.2593124366704646,0.7325333815492892
235,35,Stage 2,Stage 2,0.2405300894246955,0.7506879680283286
235,36,Stage 0,Stage 0,7.666813134533621e-20,0.990734414538777
235,37,Stage 2,Stage 2,0.2337937466443579,0.7571477410659883
235,38,Stage 2,Stage 2,0.26086621188254744,0.7310231022110232
235,39,Stage 2,Stage 2,0.23699970193708064,0.7540771334363139
235,40,Stage 0,Stage 0,1.1233057417436695e-17,0.979927573940773
235,41,Stage 0,Stage 0,1.2586082948159591e-17,0.9805099022725244
235,42,Stage 0,Stage 0,8.520205496502915e-20,0.9912140512260427
235,43,Stage 2,Stage 2,0.23993930735123364,0.7512556732945078
235,44,Stage 2,Stage 2,0.24859851280195477,0.7429134611599754
235,45,Stage 3,Stage 3,1.2244176046024672e-16,0.991898072745205
235,46,Stage 1,Stage 1,0.01053829632109027,0.9894617036785583
235,47,Stage 0,Stage 0,8.115200014791238e-20,0.9910014652339335
235,48,Stage 0,Stage 0,8.765670665295167e-20,0.9913314372653822
235,49,Stage 3,Stage 3,1.5677322519212532e-16,0.9907391574938658
235,50,Stage 1,Stage 1,0.011144413905932626,0.988855586093673
235,51,Stage 3,Stage 3,1.142316833900531e-16,0.9921966472643006
235,52,Stage 0,Stage 0,7.729328862155997e-20,0.9907738647520326
235,53,Stage 4,Stage 4,0.680803421430519,0.680803421430519
235,54,Stage 1,Stage 1,0.01022436423784182,0.9897756357618281
235,55,Stage 0,Stage 0,1.109692512335358e-17,0.979857852094674
235,56,Stage 2,Stage 2,0.25376674520975356,0.7379138770083318
235,57,Stage 1,Stage 1,0.01045893043288252,0.9895410695667713
235,58,Stage 4,Stage 4,0.6599792849745079,0.6599792849745079
235,59,Stage 2,Stage 2,0.2658768524060471,0.7261447914628317
235,60,Stage 4,Stage 4,0.6627597319301668,0.6627597319301668
235,61,Stage 1,Stage 1,0.010055665165061838,0.9899443348346193
235,62,Stage 3,Stage 3,1.4882614470725118e-16,0.9909960872334609
235,63,Stage 2,Stage 2,0.2522396530280303,0.7393926555578396
235,64,Stage 3,Stage 3,1.3067246071376175e-16,0.9916078578589149
235,65,Stage 2,Stage 2,0.26117765773469015,0.7307202322083483
235,66,Stage 0,Stage 0,9.277889271811996e-20,0.9915522663698692
235,67,Stage 3,Stage 3,1.1373718571281658e-16,0.9922149407159155
235,68,Stage 1,Stage 1,0.010395863773007857,0.9896041362266504
235,69,Stage 1,Stage 1,0.01044312836757466,0.9895568716320805
235,70,Stage 0,Stage 0,1.27661808036132e-17,0.9805744198500976
235,71,Stage 1,Stage 1,0.010977278933178153,0.9890227210664396
235,72,Stage 1,Stage 1,0.009889721766253414,0.9901102782334382
235,73,Stage 3,Stage 3,1.267649507625699e-16,0.9917445549781971
235,74,Stage 0,Stage 0,1.3567408977099178e-17,0.9808314331400222
235,75,Stage 1,Stage 1,0.010208912914871814,0.9897910870847989
235,76,Stage 2,Stage 2,0.26148933351523956,0.7304170913077054
235,77,Stage 1,Stage 1,0.010055665165061838,0.9899443348346193
235,78,Stage 4,Stage 4,0.6838004221848187,0.6838004221848187
235,79,Stage 0,Stage 0,8.909079548356597e-20,0.9913963975468475
235,80,Stage 0,Stage 0,1.2509671095305227e-17,0.9804817100663608
235,81,Stage 0,Stage 0,8.945294736894336e-20,0.9914124012335139
235,82,Stage 2,Stage 2,0.2574555242711091,0.7343367343480506
235,83,Stage 1,Stage 1,0.010025289971866769,0.9899747100278161
235,84,Stage 2,Stage 2,0.25011154894036597,0.7414513210234408
235,85,Stage 2,Stage 2,0.2405300894246955,0.7506879680283286
235,86,Stage 3,Stage 3,1.5407825779475046e-16,0.990825599410363
235,87,Stage 0,Stage 0,1.3403271942194456e-17,0.9807825040987755
235,88,Stage 0,Stage 0,1.1210254455404146e-17,0.9799160561815848
235,89,Stage 2,Stage 2,0.24739231790083466,0.7440781543687385
235,90,Stage 0,Stage 0,9.545051261119675e-20,0.9916559916320165
235,91,Stage 3,Stage 3,1.2404544554862024e-16,0.9918408389192064
235,92,Stage 2,Stage 2,0.24769351334270256,0.7437874000410787
235,93,Stage 4,Stage 4,0.6529653501275292,0.6529653501275292
235,94,Stage 2,Stage 2,0.24829661090433064,0.7432050532542982
235,95,Stage 1,Stage 1,0.010147338384412171,0.9898526616152628
235,96,Stage 4,Stage 4,0.6669029507634441,0.6669029507634441
235,97,Stage 4,Stage 4,0.6740728038490408,0.6740728038490408
235,98,Stage 3,Stage 3,1.5677322519212532e-16,0.9907391574938658
235,99,Stage 4,Stage 4,0.6361430398459037,0.6361430398459037
235,100,Stage 0,Stage 0,9.31559500739439e-20,0.9915673512795624
235,101,Stage 0,Stage 0,8.366026874290211e-20,0.9911360406503251
235,102,Stage 4,Stage 4,0.6968755151177335,0.6968755151177335
235,103,Stage 2,Stage 2,0.2393494780139037,0.7518222425992226
235,104,Stage 1,Stage 1,0.01025533634924254,0.989744663650425
235,105,Stage 0,Stage 0,1.2085273632587744e-17,0.9803156948360203
235,106,Stage 0,Stage 0,1.1866399576552271e-17,0.9802234068562619
235,107,Stage 0,Stage 0,1.1604212392084036e-17,0.9801063660243678
235,108,Stage 1,Stage 1,0.01044312836757466,0.9895568716320805
235,109,Stage 0,Stage 0,9.22161505741555e-20,0.9915294700201527
235,110,Stage 2,Stage 2,0.236707054712252,0.7543577110886671
235,111,Stage 0,Stage 0,8.554849084858906e-20,0.9912311136935966
235,112,Stage 0,Stage 0,8.164760260911624e-20,0.99102884321395
235,113,Stage 0,Stage 0,9.487165560123325e-20,0.9916341295085987
235,114,Stage 0,Stage 0,9.277889271811996e-20,0.9915522663698692
235,115,Stage 3,Stage 3,1.1572808329253602e-16,0.9921415101119657
235,116,Stage 3,Stage 3,1.412808956696265e-16,0.991245937546461
235,117,Stage 2,Stage 2,0.2507184070185569,0.7408645179111736
235,118,Stage 4,Stage 4,0.6727151467124962,0.6727151467124962
235,119,Stage 0,Stage 0,8.909079548356597e-20,0.9913963975468475
235,120,Stage 3,Stage 3,1.4251140396290633e-16,0.991204779240457
235,121,Stage 2,Stage 2,0.26336420834067564,0.7285925686842741
235,122,Stage 4,Stage 4,0.6554303277140929,0.6554303277140929
235,123,Stage 0,Stage 0,1.1890523699457152e-17,0.9802338141035823
235,124,Stage 0,Stage 0,8.366026874290211e-20,0.9911360406503251
235,125,Stage 2,Stage 2,0.2519349356419553,0.7396875820838313
235,126,Stage 3,Stage 3,1.2842511828128758e-16,0.9916862435349484
235,127,Stage 0,Stage 0,1.1510300803839863e-17,0.9800626282534846
235,128,Stage 4,Stage 4,0.6483591696959382,0.6483591696959382
235,129,Stage 0,Stage 0,1.0829540130282827e-17,0.9797139241670638
235,130,Stage 0,Stage 0,1.218383016385818e-17,0.9803557254709231
235,131,Stage 0,Stage 0,9.74055263219065e-20,0.9917274537885016
235,132,Stage 4,Stage 4,0.6761021226382252,0.6761021226382252
235,133,Stage 0,Stage 0,8.417109148209376e-20,0.9911622690404526
235,134,Stage 0,Stage 0,1.0547064096454797e-17,0.979551104079909
235,135,Stage 1,Stage 1,0.010239838704654338,0.9897601612950144
235,136,Stage 0,Stage 0,1.3321943355813858e-17,0.9807575826379088
235,137,Stage 0,Stage 0,8.589632680577147e-20,0.9912480777611306
235,138,Stage 3,Stage 3,1.358734468873573e-16,0.9914287951387487
235,139,Stage 1,Stage 1,0.010010136452442388,0.9899898635472416
235,140,Stage 2,Stage 2,0.2674546575569374,0.7246062225826132
235,141,Stage 4,Stage 4,0.6696465551129941,0.6696465551129941
235,142,Stage 4,Stage 4,0.6462209773299379,0.6462209773299379
235,143,Stage 0,Stage 0,1.218383016385818e-17,0.9803557254709231
235,144,Stage 2,Stage 2,0.25591446599987244,0.7358320134602054
235,145,Stage 3,Stage 3,1.4066962128433056e-16,0.9912664449055839
235,146,Stage 1,Stage 1,0.009682437044737417,0.9903175629549675
235,147,Stage 0,Stage 0,1.287023821130877e-17,0.9806105002089812
235,148,Stage 2,Stage 2,0.2549926177230726,0.7367258905770219
235,149,Stage 0,Stage 0,1.2922581741193185e-17,0.9806283277652365
235,150,Stage 0,Stage 0,9.296723129296975e-20,0.9915598200571972
235,151,Stage 0,Stage 0,1.3241104099992208e-17,0.9807323539623602
235,152,Stage 0,Stage 0,1.3594958274275112e-17,0.9808394703467559
235,153,Stage 0,Stage 0,9.859760040023931e-20,0.9917693031503555
235,154,Stage 3,Stage 3,1.5813828545132604e-16,0.9906956338210948
235,155,Stage 4,Stage 4,0.6946166691285217,0.6946166691285217
235,156,Stage 1,Stage 1,0.009072305416271837,0.9909276945834701
235,157,Stage 2,Stage 2,0.273501847021749,0.7186991029313797
235,158,Stage 0,Stage 0,9.091625046287896e-20,0.9914754829247348
235,159,Stage 0,Stage 0,9.37243953407556e-20,0.9915898106525737
235,160,Stage 0,Stage 0,1.2740297014569865e-17,0.9805653107277057
235,161,Stage 1,Stage 1,0.009800352867573126,0.9901996471321244
235,162,Stage 1,Stage 1,0.009844936918240737,0.990155063081454
235,163,Stage 0,Stage 0,8.945294736894336e-20,0.9914124012335139
235,164,Stage 3,Stage 3,1.400609848735023e-16,0.9912869045482736
235,165,Stage 2,Stage 2,0.2627383329464713,0.7292018228758231
235,166,Stage 1,Stage 1,0.008775035424364176,0.9912249645753948
235,167,Stage 0,Stage 0,1.2109838471225073e-17,0.9803257589901149
235,168,Stage 0,Stage 0,9.448769201481952e-20,0.9916194449715166
235,169,Stage 0,Stage 0,8.485701351635163e-20,0.9911968899211833
235,170,Stage 0,Stage 0,9.128577989666076e-20,0.9914910221400364
235,171,Stage 3,Stage 3,1.5341176629256278e-16,0.9908470844304536
235,172,Stage 4,Stage 4,0.6675902513667413,0.6675902513667413
235,173,Stage 3,Stage 3,1.5142949392376147e-16,0.9909112402221542
235,174,Stage 1,Stage 1,0.009337054302621687,0.9906629456971044
235,175,Stage 3,Stage 3,1.888868983489878e-16,0.9897572908758766
235,176,Stage 3,Stage 3,1.96397079672095e-16,0.9895390684764639
235,177,Stage 0,Stage 0,8.981656287912796e-20,0.9914283112014913
235,178,Stage 3,Stage 3,1.4626743465657863e-16,0.991080147684282
235,179,Stage 2,Stage 2,0.2747852614864163,0.7174433774631043
235,180,Stage 4,Stage 4,0.670671542558104,0.670671542558104
235,181,Stage 0,Stage 0,9.37243953407556e-20,0.9915898106525737
235,182,Stage 2,Stage 2,0.2796297110755661,0.7126972752212122
235,183,Stage 0,Stage 0,9.564424452170319e-20,0.9916632352849312
235,184,Stage 4,Stage 4,0.6716944091958587,0.6716944091958587
235,185,Stage 2,Stage 4,0.6791298478289639,0.6791298478289639
235,186,Stage 2,Stage 2,0.27062725684065797,0.7215091143515209
235,187,Stage 0,Stage 0,1.486366754126586e-17,0.9811609990068916
235,188,Stage 2,Stage 4,0.6903884703773165,0.6903884703773165
235,189,Stage 2,Stage 4,0.6939689777568688,0.6939689777568688
235,190,Stage 0,Stage 0,1.0414409617945719e-19,0.9919483809081383
235,191,Stage 0,Stage 0,1.3376107860797232e-17,0.9807742309598357
235,192,Stage 2,Stage 2,0.27930520129405223,0.7130154960741061
235,193,Stage 0,Stage 0,8.572223346466714e-20,0.9912396080001131
235,194,Stage 0,Stage 0,9.919906859254658e-20,0.9917899427447266
235,195,Stage 0,Stage 0,1.3054365610429585e-17,0.9806722813087887
235,196,Stage 2,Stage 4,0.6968755151177335,0.6968755151177335
235,197,Stage 2,Stage 4,0.6920197826207666,0.6920197826207666
235,198,Stage 2,Stage 4,0.7000805174794553,0.7000805174794553
235,199,Stage 0,Stage 0,1.0351279911143774e-19,0.9919292140822679
242,1,Stage 2,Stage 2,0.24980847187399974,0.7417443057242193
242,2,Stage 0,Stage 0,8.554849084858906e-20,0.9912311136935966
242,3,Stage 0,Stage 0,1.2233406605185289e-17,0.9803755156068993
242,4,Stage 4,Stage 4,0.670671542558104,0.670671542558104
242,5,Stage 0,Stage 0,8.332143307836255e-20,0.991118429112658
242,6,Stage 0,Stage 0,9.036474339409728e-20,0.9914520013362089
242,7,Stage 0,Stage 0,9.391464264113023e-20,0.9915972525102162
242,8,Stage 4,Stage 4,0.6910417547141406,0.6910417547141406
242,9,Stage 0,Stage 0,8.999892134210829e-20,0.9914362311704462
242,10,Stage 1,Stage 1,0.010977278933178153,0.9890227210664396
242,11,Stage 0,Stage 0,9.147110428318827e-20,0.9914987573472265
242,12,Stage 0,Stage 0,7.620256139689083e-20,0.9907045359007585
242,13,Stage 3,Stage 3,1.6230499434520907e-16,0.990563840805628
242,14,Stage 0,Stage 0,8.694829184898601e-20,0.9912983839068218
242,15,Stage 2,Stage 2,0.25407286382189126,0.7376172934546089
242,16,Stage 4,Stage 4,0.6504896468507623,0.6504896468507623
242,17,Stage 3,Stage 3,1.665811752754777e-16,0.9904301951067617
242,18,Stage 0,Stage 0,1.1557162146697265e-17,0.9800845763643546
242,19,Stage 4,Stage 4,0.6547271497952761,0.6547271497952761
242,20,Stage 2,Stage 2,0.2507184070185569,0.7408645179111736
242,21,Stage 2,Stage 2,0.2621133742682796,0.7298099976414045
242,22,Stage 0,Stage 0,8.115200014791238e-20,0.9910014652339335
242,23,Stage 2,Stage 2,0.25011154894036597,0.7414513210234408
242,24,Stage 1,Stage 1,0.0108946433864624,0.9891053566131612
242,25,Stage 0,Stage 0,8.909079548356597e-20,0.9913963975468475
242,26,Stage 0,Stage 0,7.808185967019076e-20,0.9908225595091481
242,27,Stage 0,Stage 0,8.016974467717475e-20,0.9909460040695245
242,28,Stage 4,Stage 4,0.6606757575215213,0.6606757575215213
242,29,Stage 0,Stage 0,1.3817359172028178e-17,0.9809025707707942
242,30,Stage 3,Stage 3,1.5541991621913235e-16,0.9907824790492394
242,31,Stage 0,Stage 0,8.694829184898601e-20,0.9912983839068218
242,32,Stage 0,Stage 0,8.963457180159048e-20,0.9914203679064144
242,33,Stage 2,Stage 2,0.24349826524823048,0.7478324498769883
242,34,Stage 2,Stage 2,0.2602440105515096,0.7316280286971978
242,35,Stage 0,Stage 0,1.1675143619896923e-17,0.9801387548946572
242,36,Stage 2,Stage 2,0.23699970193708064,0.7540771334363139
242,37,Stage 4,Stage 4,0.6515519682272032,0.6515519682272032
242,38,Stage 0,Stage 0,1.3403271942194456e-17,0.9807825040987755
242,39,Stage 0,Stage 0,9.448769201481952e-20,0.9916194449715166
242,40,Stage 1,Stage 1,0.010602217792817763,0.9893977822068264
242,41,Stage 0,Stage 0,8.765670665295167e-20,0.9913314372653822
242,42,Stage 0,Stage 0,9.353453132757058e-20,0.9915823465277942
242,43,Stage 2,Stage 2,0.25683840509560746,0.7349356673952726
242,44,Stage 0,Stage 0,1.4244131838433493e-17,0.9810152431785992
242,45,Stage 3,Stage 3,1.5274815003928008e-16,0.9908685194963217
242,46,Stage 1,Stage 1,0.010911121130414226,0.9890888788692082
242,47,Stage 1,Stage 1,0.011077260096893788,0.9889227399027167
242,48,Stage 0,Stage 0,8.945294736894336e-20,0.9914124012335139
242,49,Stage 3,Stage 3,1.0116373129815745e-16,0.9926930643343514
242,50,Stage 1,Stage 1,0.010960702386279728,0.9890392976133391
242,51,Stage 2,Stage 2,0.25407286382189126,0.7376172934546089
242,52,Stage 0,Stage 0,8.963457180159048e-20,0.9914203679064144
242,53,Stage 0,Stage 0,9.240335312278755e-20,0.9915370914012563
242,54,Stage 0,Stage 0,9.506421893692317e-20,0.9916414387921917
242,55,Stage 0,Stage 0,7.573979935978379e-20,0.9906744059990158
242,56,Stage 0,Stage 0,1.0633194426226272e-17,0.9796019781782698
242,57,Stage 3,Stage 3,1.450045805823419e-16,0.9911218851945769
242,58,Stage 2,Stage 2,0.24141804734081146,0.7498342831611539
242,59,Stage 4,Stage 4,0.6592819096375138,0.6592819096375138
242,60,Stage 1,Stage 1,0.0108946433864624,0.9891053566131612
242,61,Stage 4,Stage 4,0.6814711408851148,0.6814711408851148
242,62,Stage 1,Stage 1,0.011060534259091105,0.9889394657405206
242,63,Stage 2,Stage 2,0.24349826524823048,0.7478324498769883
242,64,Stage 3,Stage 3,1.5077442951527206e-16,0.9909325261098706
242,65,Stage 0,Stage 0,1.351247636228508e-17,0.9808152581821675
242,66,Stage 1,Stage 1,0.009465118971863792,0.9905348810278547
242,67,Stage 0,Stage 0,1.2036291946697048e-17,0.9802954530549376
242,68,Stage 1,Stage 1,0.009919690322993174,0.9900803096766966
242,69,Stage 3,Stage 3,1.5541991621913235e-16,0.9907824790492394
242,70,Stage 0,Stage 0,1.10294726066252e-17,0.9798224342409875
242,71,Stage 1,Stage 1,0.009624007050878763,0.9903759929488298
242,72,Stage 3,Stage 3,1.2567008362720846e-16,0.9917832033066266
242,73,Stage 0,Stage 0,1.3567408977099178e-17,0.9808314331400222
242,74,Stage 1,Stage 1,0.010944150594266112,0.989055849405354
242,75,Stage 3,Stage 3,1.318107998903221e-16,0.9915683900969946
242,76,Stage 0,Stage 0,8.131686794496749e-20,0.9910106172108247
242,77,Stage 1,Stage 1,0.010178079564963655,0.9898219204347093
242,78,Stage 0,Stage 0,8.181347082197737e-20,0.991037917355354
242,79,Stage 0,Stage 0,9.018164793258518e-20,0.991444127864863
242,80,Stage 0,Stage 0,1.1533707909951219e-17,0.9800736221575791
242,81,Stage 1,Stage 1,0.011060534259091105,0.9889394657405206
242,82,Stage 0,Stage 0,8.999892134210829e-20,0.9914362311704462
242,83,Stage 0,Stage 0,1.2792116712707507e-17,0.9805834932838356
242,84,Stage 1,Stage 1,0.009551460378019672,0.9904485396216934
242,85,Stage 4,Stage 4,0.6750885414352491,0.6750885414352491
242,86,Stage 4,Stage 4,0.6617187678056939,0.6617187678056939
242,87,Stage 0,Stage 0,8.049584355568391e-20,0.9909645961410933
242,88,Stage 4,Stage 4,0.6648354863636098,0.6648354863636098
242,89,Stage 2,Stage 2,0.26556197357446565,0.7264517029193922
242,90,Stage 3,Stage 3,1.4437723749347735e-16,0.9911426811614495
242,91,Stage 2,Stage 2,0.26117765773469015,0.7307202322083483
242,92,Stage 4,Stage 4,0.6669029507634441,0.6669029507634441
242,93,Stage 2,Stage 2,0.2715834339697196,0.7205748155048869
242,94,Stage 0,Stage 0,1.2233406605185289e-17,0.9803755156068993
242,95,Stage 0,Stage 0,8.837085903244356e-20,0.9913641073516679
242,96,Stage 1,Stage 1,0.009874771118159353,0.9901252288815332
242,97,Stage 3,Stage 3,1.192961757417986e-16,0.9920113460640221
242,98,Stage 1,Stage 1,0.010715004626066438,0.9892849953735698
242,99,Stage 2,Stage 2,0.2549926177230726,0.7367258905770219
242,100,Stage 0,Stage 0,9.110082887409164e-20,0.991483264016129
242,101,Stage 0,Stage 0,1.287023821130877e-17,0.9806105002089812
242,102,Stage 0,Stage 0,9.334504982898171e-20,0.9915748600865903
242,103,Stage 2,Stage 2,0.23205727100199086,0.7588079730146211
242,104,Stage 1,Stage 1,0.008976652843499092,0.9910233471562485
242,105,Stage 0,Stage 0,9.036474339409728e-20,0.9914520013362089
242,106,Stage 0,Stage 0,9.525717101185453e-20,0.9916487261505318
242,107,Stage 3,Stage 3,1.251261927284667e-16,0.9918024599916467
242,108,Stage 0,Stage 0,1.3705711332982504e-17,0.980871285673887
242,109,Stage 3,Stage 3,1.2350856910944272e-16,0.9918599613674226
242,110,Stage 1,Stage 1,0.009934708297490292,0.9900652917021984
242,111,Stage 2,Stage 2,0.25041486069432983,0.74115805835694
242,112,Stage 1,Stage 1,0.010411595072169162,0.9895884049274881
242,113,Stage 0,Stage 0,8.677207923103145e-20,0.9912900602817227
242,114,Stage 0,Stage 0,1.27661808036132e-17,0.9805744198500976
242,115,Stage 0,Stage 0,1.0082088893385625e-19,0.9918440640336889
242,116,Stage 1,Stage 1,0.009979897401570206,0.9900201025981158
242,117,Stage 0,Stage 0,1.2036291946697048e-17,0.9802954530549376
242,118,Stage 0,Stage 0,1.2085273632587744e-17,0.9803156948360203
242,119,Stage 3,Stage 3,1.6090406711241925e-16,0.9906079764103551
242,120,Stage 0,Stage 0,1.2484302778220652e-17,0.9804722398578325
242,121,Stage 3,Stage 3,1.4563464239206133e-16,0.9911010407392757
242,122,Stage 3,Stage 3,1.7776954166379165e-16,0.9900878065782867
242,123,Stage 4,Stage 4,0.6824708808016353,0.6824708808016353
242,124,Stage 0,Stage 0,8.783470504027307e-20,0.9913396405861271
242,125,Stage 0,Stage 0,9.799976027502948e-20,0.9917484739182298
242,126,Stage 4,Stage 4,0.670671542558104,0.670671542558104
242,127,Stage 0,Stage 0,8.819178050352503e-20,0.9913559755764396
242,128,Stage 3,Stage 3,1.8009555705287568e-16,0.9900178842763672
242,129,Stage 0,Stage 0,1.2586082948159591e-17,0.9805099022725244
242,130,Stage 0,Stage 0,9.277889271811996e-20,0.9915522663698692
242,131,Stage 4,Stage 4,0.6784587144467115,0.6784587144467115
242,132,Stage 0,Stage 0,8.855029906400031e-20,0.9913722153838513
242,133,Stage 2,Stage 2,0.25315520778394973,0.7385062168479645
242,134,Stage 2,Stage 2,0.26148933351523956,0.7304170913077054
242,135,Stage 2,Stage 2,0.2783329932181442,0.7139686090247577
242,136,Stage 3,Stage 3,1.4754125773760771e-16,0.9910382153289269
242,137,Stage 0,Stage 0,1.2408503290790025e-17,0.9804436097268838
242,138,Stage 2,Stage 2,0.27446407325826855,0.7177577015716604
242,139,Stage 2,Stage 2,0.26242573894197413,0.729506045291669
242,140,Stage 0,Stage 0,1.3241104099992208e-17,0.9807323539623602
242,141,Stage 4,Stage 4,0.6900614492756498,0.6900614492756498
242,142,Stage 3,Stage 3,1.5077442951527206e-16,0.9909325261098706
242,143,Stage 0,Stage 0,9.701136302956587e-20,0.9917133336883921
242,144,Stage 0,Stage 0,8.981656287912796e-20,0.9914283112014913
242,145,Stage 1,Stage 1,0.009280689035787628,0.9907193109639421
242,146,Stage 3,Stage 3,1.142316833900531e-16,0.9921966472643006
242,147,Stage 2,Stage 2,0.2754283060568758,0.7168139451612059
242,148,Stage 0,Stage 0,1.2484302778220652e-17,0.9804722398578325
242,149,Stage 1,Stage 1,0.009904694823563766,0.990095305176127
242,150,Stage 0,Stage 0,1.4043368175836372e-17,0.9809635680724318
242,151,Stage 1,Stage 1,0.009609454194694656,0.9903905458050148
242,152,Stage 3,Stage 3,1.1724403944377254e-16,0.992085985688691
242,153,Stage 2,Stage 2,0.26242573894197413,0.729506045291669
242,154,Stage 4,Stage 4,0.6699884527242035,0.6699884527242035
242,155,Stage 0,Stage 0,1.0246908837687985e-19,0.9918968690858989
242,156,Stage 1,Stage 1,0.009904694823563766,0.990095305176127
242,157,Stage 2,Stage 2,0.2671386422694642,0.7249144705146957
242,158,Stage 0,Stage 0,1.3929909022986644e-17,0.9809333300971613
242,159,Stage 3,Stage 3,1.6230499434520907e-16,0.990563840805628
242,160,Stage 0,Stage 0,9.525717101185453e-20,0.9916487261505318
242,161,Stage 0,Stage 0,9.31559500739439e-20,0.9915673512795624
242,162,Stage 3,Stage 3,1.3825079034017648e-16,0.991347998269653
242,163,Stage 1,Stage 1,0.008990256064907281,0.9910097439348394
242,164,Stage 0,Stage 0,1.3539915043536261e-17,0.980823362442118
242,165,Stage 4,Stage 4,0.6871069390768858,0.6871069390768858
242,166,Stage 1,Stage 1,0.00903118841180281,0.9909688115879415
242,167,Stage 0,Stage 0,8.837085903244356e-20,0.9913641073516679
242,168,Stage 3,Stage 3,1.481823122744664e-16,0.991017175804803
242,169,Stage 4,Stage 4,0.6710127341611202,0.6710127341611202
242,170,Stage 0,Stage 0,1.0082088893385625e-19,0.9918440640336889
242,171,Stage 1,Stage 1,0.009995005606752856,0.9900049943929322
242,172,Stage 1,Stage 1,0.010025289971866769,0.9899747100278161
242,173,Stage 4,Stage 4,0.6777866108630615,0.6777866108630615
242,174,Stage 0,Stage 0,1.0670782977221649e-19,0.9920232731371034
242,175,Stage 0,Stage 0,1.3817359172028178e-17,0.9809025707707942
242,176,Stage 0,Stage 0,9.391464264113023e-20,0.9915972525102162
242,177,Stage 0,Stage 0,9.091625046287896e-20,0.9914754829247348
242,178,Stage 0,Stage 0,9.391464264113023e-20,0.9915972525102162
242,179,Stage 3,Stage 3,1.251261927284667e-16,0.9918024599916467
242,180,Stage 0,Stage 0,1.0845178258406185e-19,0.9920716498174228
242,181,Stage 3,Stage 3,1.3705697726370712e-16,0.9913884908326821
242,182,Stage 0,Stage 0,1.4506445676364027e-17,0.9810793934619298
242,183,Stage 2,Stage 2,0.28060455890708924,0.7117410664563073
242,184,Stage 1,Stage 1,0.009210706257898174,0.9907892937418357
242,185,Stage 3,Stage 3,1.4947276702364524e-16,0.9909749495023996
242,186,Stage 0,Stage 0,1.0143584951925212e-19,0.991864018929853
242,187,Stage 0,Stage 0,9.940036803056258e-20,0.9917967806843048
242,188,Stage 1,Stage 1,0.009127416747430665,0.990872583252308
242,189,Stage 4,Stage 4,0.7023085587129587,0.7023085587129587
242,190,Stage 0,Stage 0,9.681487677796197e-20,0.9917062414926595
242,191,Stage 2,Stage 2,0.265247322518575,0.7267583464317497
242,192,Stage 2,Stage 2,0.2703089811070587,0.7218200187592283
242,193,Stage 1,Stage 1,0.008881999730637444,0.9911180002691156
242,194,Stage 0,Stage 0,1.2922581741193185e-17,0.9806283277652365
242,195,Stage 1,Stage 1,0.009266650467382977,0.9907333495323475
242,196,Stage 0,Stage 0,9.819863855246932e-20,0.9917554381440574
242,197,Stage 1,Stage 1,0.009127416747430665,0.990872583252308
242,198,Stage 3,Stage 3,1.6301001252263617e-16,0.990541695868044
242,199,Stage 2,Stage 2,0.271902609070935,0.7202628547686946
242,200,Stage 1,Stage 1,0.009479455334477895,0.9905205446652398
242,201,Stage 0,Stage 0,9.980418687985998e-20,0.9918103939525855
242,202,Stage 2,Stage 2,0.2868241946705628,0.7056316143582383
242,203,Stage 3,Stage 3,1.3470011098844952e-16,0.9914689120498422
242,204,Stage 0,Stage 0,1.2446852466548939e-19,0.992435834059095
242,205,Stage 0,Stage 0,1.1134641112802246e-19,0.9921476779669266
242,206,Stage 2,Stage 4,0.6997611836295186,0.6997611836295186
242,207,Stage 2,Stage 2,0.28913530780043367,0.7033577072910632
242,208,Stage 3,Stage 3,2.1509869628890134e-16,0.989011793579241
242,209,Stage 3,Stage 3,1.5274815003928008e-16,0.9908685194963217
242,210,Stage 2,Stage 2,0.29646661530581364,0.6961316505332139
242,211,Stage 2,Stage 4,0.7067260855992298,0.7067260855992298
242,212,Stage 2,Stage 4,0.7117110667093739,0.7117110667093739
242,213,Stage 1,Stage 1,0.00790391852563008,0.9920960814741756
242,214,Stage 2,Stage 4,0.7082912208431686,0.7082912208431686
242,215,Stage 2,Stage 4,0.7169322982995456,0.7169322982995456
242,216,Stage 1,Stage 1,0.008695650971626369,0.9913043490281371
242,217,Stage 2,Stage 4,0.6828036358362569,0.6828036358362569
242,218,Stage 3,Stage 3,1.5677322519212532e-16,0.9907391574938658
242,219,Stage 0,Stage 0,1.4302014065663712e-17,0.981029719947491
242,220,Stage 2,Stage 4,0.6975185846169477,0.6975185846169477
242,221,Stage 0,Stage 0,1.1408658310449655e-19,0.9922150860126183
242,222,Stage 0,Stage 0,1.0757628892433757e-19,0.9920476148098398
