unit,time,y_true,y_pred,prob_stage4,confidence
10,1,Stage 1,Stage 1,0.0002825026,0.99962115
10,2,Stage 1,Stage 1,0.0009840723,0.9988047
10,3,Stage 1,Stage 1,0.008137575,0.9912164
10,4,Stage 1,Stage 1,0.0007804186,0.99899584
10,5,Stage 1,Stage 1,0.008439253,0.99094033
10,6,Stage 1,Stage 1,0.00050788815,0.9993561
10,7,Stage 1,Stage 1,0.0011762254,0.99859375
10,8,Stage 1,Stage 1,0.0019176593,0.99780613
10,9,Stage 1,Stage 1,0.0012422373,0.9985299
10,10,Stage 1,Stage 1,0.0035679115,0.9959686
10,11,Stage 1,Stage 1,0.0039601712,0.99562645
10,12,Stage 1,Stage 1,0.00043277966,0.99943405
10,13,Stage 1,Stage 1,0.0047092177,0.99481213
10,14,Stage 1,Stage 1,0.0012034832,0.9985795
10,15,Stage 1,Stage 1,0.001004482,0.99877983
10,16,Stage 1,Stage 1,0.00061562867,0.9992279
10,17,Stage 1,Stage 1,0.00043027208,0.9994299
10,18,Stage 1,Stage 1,0.018634189,0.98073846
10,19,Stage 1,Stage 1,0.002664511,0.99696785
10,20,Stage 1,Stage 1,0.006269486,0.99321836
10,21,Stage 1,Stage 1,0.011887975,0.98738945
10,22,Stage 1,Stage 1,0.0053669573,0.9941426
10,23,Stage 1,Stage 1,0.009496209,0.9898435
10,24,Stage 1,Stage 1,0.00078147015,0.9990577
10,25,Stage 1,Stage 1,0.16447389,0.832784
10,26,Stage 1,Stage 1,0.0027465476,0.99689984
10,27,Stage 1,Stage 1,0.0025638095,0.9971149
10,28,Stage 1,Stage 1,0.0010157359,0.9987633
10,29,Stage 1,Stage 1,0.006471692,0.9929618
10,30,Stage 1,Stage 1,0.006085349,0.9934614
10,31,Stage 1,Stage 1,0.00055883976,0.9992974
10,32,Stage 1,Stage 1,0.00044116628,0.9994344
10,33,Stage 1,Stage 1,0.011916628,0.9873247
10,34,Stage 1,Stage 1,0.07761066,0.9212121
10,35,Stage 1,Stage 1,0.00034389453,0.9995235
10,36,Stage 1,Stage 1,0.0021077911,0.9975448
10,37,Stage 1,Stage 1,0.006878144,0.9925472
10,38,Stage 1,Stage 1,0.0033094743,0.99633527
10,39,Stage 1,Stage 1,0.0006806527,0.99915457
10,40,Stage 1,Stage 1,0.0016037774,0.9980981
10,41,Stage 1,Stage 1,0.0012412794,0.99853194
10,42,Stage 1,Stage 1,0.00054802105,0.9992449
10,43,Stage 1,Stage 1,0.004297208,0.99527353
10,44,Stage 1,Stage 1,0.009990058,0.98938644
10,45,Stage 1,Stage 1,0.0026015053,0.9970696
10,46,Stage 1,Stage 1,0.0018698326,0.99783546
10,47,Stage 1,Stage 1,0.00033673015,0.9995528
10,48,Stage 1,Stage 1,0.00058912206,0.99925166
10,49,Stage 1,Stage 1,0.005520972,0.9940044
10,50,Stage 1,Stage 1,0.0013402746,0.99843127
10,51,Stage 1,Stage 1,0.023437364,0.9754528
10,52,Stage 1,Stage 1,0.001566418,0.9981616
10,53,Stage 1,Stage 1,0.073472224,0.92566425
10,54,Stage 1,Stage 1,0.0017399979,0.99800843
10,55,Stage 1,Stage 1,0.0014489641,0.99828714
10,56,Stage 1,Stage 1,0.0035380828,0.99610704
10,57,Stage 1,Stage 1,0.026630307,0.97262675
10,58,Stage 1,Stage 1,0.009759328,0.98945796
10,59,Stage 1,Stage 1,0.015152377,0.9841006
10,60,Stage 1,Stage 1,0.29595706,0.701972
10,61,Stage 1,Stage 1,0.0040459437,0.9955571
10,62,Stage 1,Stage 1,0.0021850867,0.9975647
10,63,Stage 1,Stage 1,0.004874401,0.9946937
10,64,Stage 1,Stage 1,0.0039813276,0.99555653
10,65,Stage 1,Stage 1,0.029467966,0.96945757
10,66,Stage 1,Stage 1,0.012746215,0.9864755
10,67,Stage 1,Stage 1,0.021388436,0.97739434
10,68,Stage 1,Stage 1,0.007914968,0.9914022
10,69,Stage 1,Stage 1,0.009851964,0.989486
10,70,Stage 1,Stage 1,0.019882359,0.9794784
10,71,Stage 1,Stage 1,0.0049367985,0.994755
10,72,Stage 1,Stage 1,0.040067885,0.9586124
10,73,Stage 1,Stage 1,0.0047407276,0.99474597
10,74,Stage 1,Stage 1,0.01983082,0.97927356
10,75,Stage 1,Stage 1,0.016683731,0.9827963
10,76,Stage 1,Stage 1,0.008388873,0.99102205
10,77,Stage 1,Stage 1,0.011431754,0.9878614
10,78,Stage 1,Stage 1,0.001679092,0.9980767
10,79,Stage 1,Stage 1,0.00738791,0.99204046
10,80,Stage 1,Stage 1,0.0020308115,0.9976648
10,81,Stage 1,Stage 1,0.0025355502,0.9971819
10,82,Stage 1,Stage 1,0.07457473,0.9244352
10,83,Stage 1,Stage 4,0.83775514,0.83775514
10,84,Stage 1,Stage 1,0.012141197,0.9871749
10,85,Stage 1,Stage 1,0.0006806198,0.99916637
10,86,Stage 1,Stage 1,0.034235757,0.9644517
10,87,Stage 1,Stage 1,0.41576806,0.5827643
10,88,Stage 1,Stage 4,0.75842977,0.75842977
10,89,Stage 1,Stage 1,0.004607148,0.99508506
10,90,Stage 1,Stage 1,0.0049986313,0.9945352
10,91,Stage 1,Stage 1,0.4329524,0.5647484
10,92,Stage 1,Stage 1,0.0022179156,0.9974099
10,93,Stage 1,Stage 1,0.026247118,0.9730945
10,94,Stage 1,Stage 1,0.0024492396,0.997288
10,95,Stage 1,Stage 1,0.14872265,0.84983504
10,96,Stage 1,Stage 1,0.09916086,0.8995304
10,97,Stage 1,Stage 1,0.04907569,0.95010155
10,98,Stage 1,Stage 1,0.09745479,0.90126437
10,99,Stage 1,Stage 1,0.0040877303,0.99545896
10,100,Stage 1,Stage 1,0.027650967,0.9715722
10,101,Stage 1,Stage 1,0.00041557624,0.99944454
10,102,Stage 1,Stage 1,0.0014182344,0.9983419
10,103,Stage 1,Stage 1,0.016356785,0.98280126
10,104,Stage 1,Stage 4,0.5561249,0.5561249
10,105,Stage 1,Stage 1,0.27736074,0.7207856
10,106,Stage 1,Stage 1,0.05760798,0.94123584
10,107,Stage 1,Stage 1,0.036327403,0.9629132
10,108,Stage 1,Stage 1,0.074697435,0.9236591
10,109,Stage 1,Stage 1,0.017842086,0.98124033
10,110,Stage 1,Stage 1,0.013510171,0.9858413
10,111,Stage 4,Stage 4,0.6221816,0.6221816
10,112,Stage 1,Stage 1,0.07040929,0.92856884
10,113,Stage 1,Stage 1,0.03194764,0.9669963
10,114,Stage 1,Stage 4,0.9001082,0.9001082
10,115,Stage 1,Stage 1,0.48671138,0.51083255
10,116,Stage 1,Stage 1,0.006238415,0.99325705
10,117,Stage 1,Stage 1,0.49062315,0.50672525
10,118,Stage 1,Stage 1,0.08828606,0.90990263
10,119,Stage 1,Stage 1,0.13022958,0.86762005
10,120,Stage 1,Stage 1,0.24699117,0.7510308
10,121,Stage 1,Stage 1,0.053061422,0.945611
10,122,Stage 4,Stage 4,0.6490419,0.6490419
10,123,Stage 1,Stage 1,0.031351507,0.96750647
10,124,Stage 1,Stage 4,0.71485275,0.71485275
10,125,Stage 1,Stage 4,0.85126656,0.85126656
10,126,Stage 4,Stage 1,0.18135576,0.81706417
10,127,Stage 4,Stage 4,0.8258537,0.8258537
10,128,Stage 4,Stage 1,0.0514674,0.9475207
10,129,Stage 4,Stage 4,0.9693104,0.9693104
10,130,Stage 4,Stage 4,0.8541488,0.8541488
10,131,Stage 1,Stage 1,0.38351846,0.6146995
10,132,Stage 1,Stage 1,0.11826695,0.88006675
10,133,Stage 4,Stage 4,0.64155143,0.64155143
10,134,Stage 1,Stage 4,0.5081582,0.5081582
10,135,Stage 4,Stage 4,0.7657966,0.7657966
10,136,Stage 4,Stage 4,0.8219595,0.8219595
10,137,Stage 4,Stage 1,0.047091626,0.9522754
10,138,Stage 4,Stage 1,0.33708522,0.6604759
10,139,Stage 4,Stage 1,0.06851329,0.930072
10,140,Stage 4,Stage 4,0.9586883,0.9586883
10,141,Stage 4,Stage 4,0.8712151,0.8712151
10,142,Stage 4,Stage 4,0.9046985,0.9046985
10,143,Stage 1,Stage 4,0.73013103,0.73013103
10,144,Stage 4,Stage 1,0.46319956,0.53347856
10,145,Stage 4,Stage 1,0.09698161,0.9013751
10,146,Stage 4,Stage 4,0.9334767,0.9334767
10,147,Stage 4,Stage 4,0.56947416,0.56947416
10,148,Stage 4,Stage 4,0.9227687,0.9227687
10,149,Stage 4,Stage 4,0.9713628,0.9713628
10,150,Stage 1,Stage 1,0.0208758,0.9780727
10,151,Stage 4,Stage 4,0.97069156,0.97069156
10,152,Stage 4,Stage 4,0.6962141,0.6962141
10,153,Stage 4,Stage 4,0.6463498,0.6463498
10,154,Stage 1,Stage 4,0.72231334,0.72231334
10,155,Stage 4,Stage 0,0.41482657,0.57979673
10,156,Stage 4,Stage 4,0.9337424,0.9337424
10,157,Stage 4,Stage 4,0.97681546,0.97681546
10,158,Stage 0,Stage 0,0.04681988,0.9139113
10,159,Stage 4,Stage 4,0.87713337,0.87713337
10,160,Stage 4,Stage 0,0.30806714,0.6802648
10,161,Stage 4,Stage 4,0.9078816,0.9078816
10,162,Stage 4,Stage 4,0.7802384,0.7802384
10,163,Stage 4,Stage 4,0.8097921,0.8097921
10,164,Stage 0,Stage 0,0.049354848,0.93442076
10,165,Stage 4,Stage 0,0.25947592,0.736767
10,166,Stage 0,Stage 0,0.025650552,0.9368888
10,167,Stage 0,Stage 0,0.11122187,0.87997806
10,168,Stage 4,Stage 4,0.66315246,0.66315246
10,169,Stage 0,Stage 0,0.21210922,0.7760216
10,170,Stage 0,Stage 0,0.26823178,0.7252426
10,171,Stage 4,Stage 4,0.6379464,0.6379464
10,172,Stage 0,Stage 0,0.13717492,0.8601041
10,173,Stage 0,Stage 0,0.0743852,0.9148053
10,174,Stage 4,Stage 0,0.3063384,0.68896794
10,175,Stage 0,Stage 0,0.012037085,0.9708037
10,176,Stage 0,Stage 4,0.79248667,0.79248667
10,177,Stage 0,Stage 0,0.24650288,0.68115413
10,178,Stage 4,Stage 0,0.010225088,0.9312073
10,179,Stage 0,Stage 0,0.09207451,0.88464385
10,180,Stage 0,Stage 4,0.49056008,0.49056008
10,181,Stage 0,Stage 0,0.0029292642,0.9836752
10,182,Stage 0,Stage 4,0.9227924,0.9227924
10,183,Stage 0,Stage 0,0.071436375,0.92348236
10,184,Stage 0,Stage 0,0.003762143,0.97505546
10,185,Stage 0,Stage 0,0.015561766,0.88256323
10,186,Stage 0,Stage 0,0.005929155,0.9584583
10,187,Stage 0,Stage 0,0.0039526764,0.9707865
10,188,Stage 0,Stage 0,0.003752638,0.90582246
10,189,Stage 0,Stage 0,0.005775262,0.96668017
10,190,Stage 0,Stage 2,0.0015375715,0.42896953
10,191,Stage 0,Stage 0,0.0018393295,0.9243056
10,192,Stage 0,Stage 0,0.002140078,0.98199433
10,193,Stage 0,Stage 2,0.001238912,0.59475607
10,194,Stage 2,Stage 0,0.0009346512,0.48979974
10,195,Stage 0,Stage 0,0.001075756,0.53598547
10,196,Stage 0,Stage 3,0.00086547795,0.5861993
10,197,Stage 0,Stage 0,0.000811565,0.55898535
10,198,Stage 0,Stage 0,0.0017778222,0.931395
10,199,Stage 0,Stage 0,0.0025498932,0.8535357
10,200,Stage 2,Stage 0,0.0016659487,0.4476197
10,201,Stage 0,Stage 0,0.001007185,0.7414816
10,202,Stage 2,Stage 0,0.000992696,0.52808696
10,203,Stage 2,Stage 2,0.000938917,0.57588583
10,204,Stage 2,Stage 3,0.0007089145,0.5927438
10,205,Stage 2,Stage 3,0.00088009314,0.4451798
10,206,Stage 2,Stage 3,0.000817093,0.59203017
10,207,Stage 2,Stage 3,0.0008556124,0.53813714
10,208,Stage 2,Stage 3,0.00080760114,0.709017
10,209,Stage 2,Stage 0,0.0025960552,0.9145133
10,210,Stage 2,Stage 3,0.00073840196,0.6753459
10,211,Stage 2,Stage 2,0.0012201405,0.6620094
10,212,Stage 2,Stage 3,0.00092700723,0.395611
10,213,Stage 2,Stage 3,0.00085060624,0.61468524
10,214,Stage 2,Stage 3,0.00080829085,0.7847635
10,215,Stage 2,Stage 3,0.00060523266,0.8742098
10,216,Stage 2,Stage 3,0.00088163523,0.5482508
10,217,Stage 2,Stage 2,0.0009489954,0.51565474
10,218,Stage 2,Stage 3,0.00084081054,0.58992416
10,219,Stage 2,Stage 3,0.0007561728,0.77514404
10,220,Stage 2,Stage 3,0.00085492624,0.6198904
10,221,Stage 2,Stage 3,0.00060889934,0.8661542
10,222,Stage 2,Stage 2,0.0010470764,0.52629656
12,1,Stage 4,Stage 4,0.95709157,0.95709157
12,2,Stage 4,Stage 4,0.93304986,0.93304986
12,3,Stage 4,Stage 4,0.9352373,0.9352373
12,4,Stage 4,Stage 4,0.8008301,0.8008301
12,5,Stage 4,Stage 0,0.27248877,0.7184399
12,6,Stage 4,Stage 4,0.7036373,0.7036373
12,7,Stage 4,Stage 4,0.6572735,0.6572735
12,8,Stage 4,Stage 4,0.9537075,0.9537075
12,9,Stage 4,Stage 4,0.8700328,0.8700328
12,10,Stage 4,Stage 4,0.87926745,0.87926745
12,11,Stage 4,Stage 0,0.031311125,0.9634416
12,12,Stage 4,Stage 0,0.38014653,0.6095349
12,13,Stage 4,Stage 4,0.88886654,0.88886654
12,14,Stage 4,Stage 4,0.79931366,0.79931366
12,15,Stage 4,Stage 4,0.92138773,0.92138773
12,16,Stage 4,Stage 4,0.8670672,0.8670672
12,17,Stage 4,Stage 4,0.8712437,0.8712437
12,18,Stage 4,Stage 4,0.77384895,0.77384895
12,19,Stage 4,Stage 4,0.54604167,0.54604167
12,20,Stage 4,Stage 4,0.955227,0.955227
12,21,Stage 4,Stage 4,0.945892,0.945892
12,22,Stage 4,Stage 4,0.92864466,0.92864466
12,23,Stage 4,Stage 4,0.72051823,0.72051823
12,24,Stage 4,Stage 4,0.85187817,0.85187817
12,25,Stage 4,Stage 4,0.93753046,0.93753046
12,26,Stage 4,Stage 0,0.4590898,0.5351665
12,27,Stage 4,Stage 4,0.8191124,0.8191124
12,28,Stage 4,Stage 4,0.90496975,0.90496975
12,29,Stage 4,Stage 0,0.4479874,0.54650545
12,30,Stage 4,Stage 4,0.9275962,0.9275962
12,31,Stage 4,Stage 4,0.79960364,0.79960364
12,32,Stage 0,Stage 4,0.62224925,0.62224925
12,33,Stage 4,Stage 4,0.90497345,0.90497345
12,34,Stage 0,Stage 4,0.5532025,0.5532025
12,35,Stage 4,Stage 4,0.952304,0.952304
12,36,Stage 4,Stage 4,0.96883875,0.96883875
12,37,Stage 4,Stage 4,0.84737897,0.84737897
12,38,Stage 4,Stage 4,0.9160145,0.9160145
12,39,Stage 4,Stage 4,0.94580215,0.94580215
12,40,Stage 4,Stage 4,0.7140072,0.7140072
12,41,Stage 4,Stage 4,0.9516449,0.9516449
12,42,Stage 4,Stage 4,0.9215753,0.9215753
12,43,Stage 4,Stage 4,0.9463056,0.9463056
12,44,Stage 4,Stage 4,0.9126443,0.9126443
12,45,Stage 0,Stage 0,0.106012456,0.8830329
12,46,Stage 4,Stage 4,0.9069166,0.9069166
12,47,Stage 4,Stage 4,0.8980608,0.8980608
12,48,Stage 4,Stage 4,0.98019904,0.98019904
12,49,Stage 4,Stage 4,0.9552055,0.9552055
12,50,Stage 4,Stage 4,0.9600115,0.9600115
12,51,Stage 4,Stage 0,0.42280835,0.57345504
12,52,Stage 4,Stage 4,0.95380414,0.95380414
12,53,Stage 0,Stage 4,0.9454811,0.9454811
12,54,Stage 4,Stage 4,0.8287294,0.8287294
12,55,Stage 0,Stage 0,0.049676225,0.9324031
12,56,Stage 4,Stage 4,0.85492504,0.85492504
12,57,Stage 0,Stage 0,0.026728407,0.9468274
12,58,Stage 4,Stage 4,0.95822114,0.95822114
12,59,Stage 4,Stage 4,0.9091951,0.9091951
12,60,Stage 0,Stage 0,0.36741084,0.62612206
12,61,Stage 0,Stage 0,0.042187653,0.95294565
12,62,Stage 4,Stage 4,0.8105233,0.8105233
12,63,Stage 4,Stage 4,0.7759051,0.7759051
12,64,Stage 4,Stage 4,0.95312756,0.95312756
12,65,Stage 4,Stage 0,0.23043206,0.7644949
12,66,Stage 0,Stage 4,0.6236763,0.6236763
12,67,Stage 0,Stage 4,0.5541734,0.5541734
12,68,Stage 4,Stage 4,0.6630454,0.6630454
12,69,Stage 0,Stage 0,0.008537046,0.9684568
12,70,Stage 4,Stage 4,0.6955923,0.6955923
12,71,Stage 4,Stage 4,0.94465667,0.94465667
12,72,Stage 0,Stage 0,0.25545487,0.73568785
12,73,Stage 4,Stage 4,0.9860968,0.9860968
12,74,Stage 4,Stage 0,0.13827512,0.85641414
12,75,Stage 0,Stage 0,0.12525147,0.87000406
12,76,Stage 0,Stage 0,0.46082556,0.53506404
12,77,Stage 4,Stage 4,0.68325704,0.68325704
12,78,Stage 0,Stage 0,0.008613893,0.9452367
12,79,Stage 4,Stage 0,0.4606767,0.53634906
12,80,Stage 0,Stage 0,0.2851214,0.7101332
12,81,Stage 0,Stage 0,0.1182898,0.8478748
12,82,Stage 0,Stage 0,0.112640865,0.8817687
12,83,Stage 0,Stage 0,0.052007426,0.9418284
12,84,Stage 0,Stage 4,0.7487177,0.7487177
12,85,Stage 0,Stage 0,0.0394883,0.95549554
12,86,Stage 0,Stage 0,0.20308042,0.776777
12,87,Stage 4,Stage 4,0.8800708,0.8800708
12,88,Stage 0,Stage 0,0.33871627,0.65795344
12,89,Stage 4,Stage 0,0.046755273,0.9474617
12,90,Stage 0,Stage 0,0.17157552,0.81984806
12,91,Stage 0,Stage 0,0.11217172,0.8594615
12,92,Stage 0,Stage 0,0.0016356278,0.97034544
12,93,Stage 0,Stage 0,0.01505246,0.9150254
12,94,Stage 0,Stage 4,0.6538731,0.6538731
12,95,Stage 0,Stage 0,0.18321745,0.80749154
12,96,Stage 0,Stage 0,0.050542824,0.9442051
12,97,Stage 0,Stage 0,0.30484012,0.6837891
12,98,Stage 4,Stage 4,0.8638654,0.8638654
12,99,Stage 0,Stage 0,0.08320642,0.8990096
12,100,Stage 0,Stage 0,0.08293184,0.90383244
12,101,Stage 4,Stage 4,0.9461174,0.9461174
12,102,Stage 0,Stage 0,0.0051297047,0.859898
12,103,Stage 0,Stage 0,0.028577883,0.9547957
12,104,Stage 0,Stage 0,0.024320811,0.9675465
12,105,Stage 0,Stage 0,0.0044699055,0.9743834
12,106,Stage 0,Stage 0,0.09336047,0.87707496
12,107,Stage 0,Stage 0,0.0024036937,0.93224883
12,108,Stage 0,Stage 0,0.04730489,0.9417796
12,109,Stage 0,Stage 0,0.014743075,0.9796068
12,110,Stage 0,Stage 0,0.15551837,0.84137315
12,111,Stage 0,Stage 0,0.0054921927,0.9614448
12,112,Stage 0,Stage 0,0.0038626203,0.9814268
12,113,Stage 0,Stage 0,0.060947843,0.9256348
12,114,Stage 0,Stage 0,0.0026165165,0.8905239
12,115,Stage 0,Stage 0,0.0026408972,0.96031344
12,116,Stage 0,Stage 0,0.0040669213,0.867554
12,117,Stage 0,Stage 0,0.0013774369,0.7519787
12,118,Stage 0,Stage 0,0.001183224,0.591063
12,119,Stage 0,Stage 0,0.00918398,0.91158116
12,120,Stage 0,Stage 0,0.0016390545,0.83596295
12,121,Stage 0,Stage 0,0.1479889,0.84289616
12,122,Stage 0,Stage 0,0.0009537107,0.6556994
12,123,Stage 0,Stage 0,0.002201915,0.92893654
12,124,Stage 0,Stage 0,0.0032232965,0.8528417
12,125,Stage 0,Stage 0,0.0017370175,0.7841173
12,126,Stage 0,Stage 0,0.00088358985,0.664059
12,127,Stage 3,Stage 2,0.0014422024,0.50318086
12,128,Stage 0,Stage 3,0.00079618837,0.6887185
12,129,Stage 0,Stage 2,0.0010167452,0.57691437
12,130,Stage 0,Stage 3,0.0038336003,0.66584903
12,131,Stage 3,Stage 2,0.0011135056,0.67591274
12,132,Stage 3,Stage 0,0.0010898084,0.43546158
12,133,Stage 0,Stage 0,0.0072656753,0.90566176
12,134,Stage 0,Stage 0,0.0011662111,0.8350241
12,135,Stage 3,Stage 3,0.0007338829,0.5526619
12,136,Stage 0,Stage 0,0.0011474302,0.5987735
12,137,Stage 0,Stage 3,0.00058786466,0.7132744
12,138,Stage 3,Stage 3,0.0008511689,0.587534
12,139,Stage 3,Stage 2,0.0012461909,0.70618695
12,140,Stage 0,Stage 0,0.000824879,0.6945807
12,141,Stage 3,Stage 3,0.0008453052,0.5256587
12,142,Stage 3,Stage 3,0.00095172215,0.53726614
12,143,Stage 3,Stage 0,0.0013772339,0.41281614
12,144,Stage 3,Stage 3,0.0012869119,0.53426576
12,145,Stage 3,Stage 0,0.0008630693,0.6644898
12,146,Stage 3,Stage 0,0.0017827007,0.56742334
12,147,Stage 3,Stage 2,0.0010207283,0.5015521
12,148,Stage 3,Stage 0,0.0011835679,0.4144481
12,149,Stage 3,Stage 3,0.000829261,0.57152915
12,150,Stage 3,Stage 3,0.0009824486,0.633769
12,151,Stage 3,Stage 3,0.0008216337,0.87921536
12,152,Stage 3,Stage 3,0.00084560947,0.8589903
12,153,Stage 3,Stage 3,0.00086281984,0.6511646
12,154,Stage 3,Stage 2,0.00085439574,0.5133787
12,155,Stage 3,Stage 3,0.0006510051,0.88460106
12,156,Stage 3,Stage 3,0.0007480758,0.78848505
12,157,Stage 3,Stage 3,0.0006340824,0.904249
12,158,Stage 3,Stage 3,0.00082801946,0.5682232
12,159,Stage 3,Stage 3,0.0008754521,0.56352556
12,160,Stage 3,Stage 3,0.0009038081,0.5751744
12,161,Stage 3,Stage 3,0.0007161641,0.8359647
12,162,Stage 3,Stage 3,0.00035376163,0.93946177
12,163,Stage 3,Stage 3,0.0007251626,0.708493
12,164,Stage 3,Stage 3,0.00057238754,0.9409165
12,165,Stage 3,Stage 3,0.00081916945,0.6113414
12,166,Stage 3,Stage 3,0.000857843,0.6995267
12,167,Stage 3,Stage 3,0.00071318896,0.868538
12,168,Stage 3,Stage 3,0.00070726924,0.84521395
12,169,Stage 3,Stage 3,0.00079638074,0.82477474
12,170,Stage 3,Stage 3,0.0006913463,0.7036218
17,1,Stage 1,Stage 1,0.009040839,0.99034613
17,2,Stage 1,Stage 1,0.09720478,0.9018353
17,3,Stage 1,Stage 1,0.0013718822,0.99834454
17,4,Stage 1,Stage 1,0.00078543584,0.99904984
17,5,Stage 1,Stage 1,0.0064154644,0.9930139
17,6,Stage 1,Stage 1,0.23730479,0.7607867
17,7,Stage 1,Stage 1,0.003030012,0.99657357
17,8,Stage 1,Stage 1,0.0017723837,0.99794716
17,9,Stage 1,Stage 1,0.0030800488,0.9965474
17,10,Stage 1,Stage 1,0.0017553952,0.9979845
17,11,Stage 1,Stage 1,0.021676915,0.9772784
17,12,Stage 1,Stage 1,0.00046039803,0.9993704
17,13,Stage 1,Stage 1,0.011936882,0.9874676
17,14,Stage 1,Stage 1,0.001620364,0.9980228
17,15,Stage 1,Stage 1,0.00080446794,0.99900776
17,16,Stage 1,Stage 1,0.0025067483,0.9971603
17,17,Stage 1,Stage 1,0.11488774,0.88359284
17,18,Stage 1,Stage 1,0.02209815,0.977013
17,19,Stage 1,Stage 1,0.0020637945,0.99757
17,20,Stage 1,Stage 1,0.0007677559,0.99905854
17,21,Stage 1,Stage 1,0.0025315965,0.9971431
17,22,Stage 1,Stage 1,0.022592613,0.9763282
17,23,Stage 1,Stage 1,0.0015849342,0.9981281
17,24,Stage 1,Stage 1,0.0034932264,0.9962131
17,25,Stage 1,Stage 1,0.0023305267,0.99731964
17,26,Stage 1,Stage 1,0.005834163,0.9936625
17,27,Stage 1,Stage 1,0.034276426,0.9648212
17,28,Stage 1,Stage 1,0.019406153,0.97972167
17,29,Stage 1,Stage 1,0.00042889902,0.9994553
17,30,Stage 1,Stage 1,0.0011954628,0.99857664
17,31,Stage 1,Stage 1,0.06874713,0.9300913
17,32,Stage 1,Stage 1,0.00095175323,0.99884206
17,33,Stage 1,Stage 1,0.046945658,0.9519395
17,34,Stage 1,Stage 1,0.0038409804,0.9957711
17,35,Stage 1,Stage 1,0.014165757,0.9849997
17,36,Stage 1,Stage 1,0.072991565,0.9257185
17,37,Stage 1,Stage 1,0.0066183936,0.9929575
17,38,Stage 1,Stage 1,0.3042547,0.6937083
17,39,Stage 1,Stage 1,0.24057151,0.7578481
17,40,Stage 1,Stage 1,0.004828439,0.9946754
17,41,Stage 1,Stage 1,0.01058175,0.98873806
17,42,Stage 1,Stage 1,0.19271047,0.80477333
17,43,Stage 1,Stage 1,0.0008136231,0.99902904
17,44,Stage 1,Stage 1,0.004583933,0.9949344
17,45,Stage 1,Stage 1,0.038940147,0.9598877
17,46,Stage 1,Stage 1,0.00023070254,0.9996774
17,47,Stage 1,Stage 1,0.023130573,0.97578466
17,48,Stage 1,Stage 1,0.21358585,0.78463864
17,49,Stage 1,Stage 1,0.0069127562,0.99248946
17,50,Stage 1,Stage 1,0.0011910978,0.998552
17,51,Stage 1,Stage 1,0.0026813014,0.996999
17,52,Stage 1,Stage 1,0.020888276,0.97834694
17,53,Stage 1,Stage 1,0.010700523,0.98862445
17,54,Stage 1,Stage 1,0.016916333,0.98234946
17,55,Stage 1,Stage 1,0.326612,0.6701741
17,56,Stage 1,Stage 1,0.0025691758,0.997092
17,57,Stage 1,Stage 1,0.0051263613,0.99443
17,58,Stage 1,Stage 1,0.017788716,0.981499
17,59,Stage 1,Stage 1,0.021899903,0.97708875
17,60,Stage 1,Stage 1,0.45963287,0.53769773
17,61,Stage 1,Stage 1,0.0049299807,0.99459743
17,62,Stage 1,Stage 1,0.009400501,0.98991454
17,63,Stage 1,Stage 1,0.03577347,0.962885
17,64,Stage 1,Stage 1,0.009122378,0.9902782
17,65,Stage 1,Stage 1,0.30976057,0.6873984
17,66,Stage 1,Stage 1,0.0014528576,0.99828076
17,67,Stage 1,Stage 1,0.0030632333,0.99641067
17,68,Stage 1,Stage 1,0.01828354,0.98087883
17,69,Stage 1,Stage 1,0.080390945,0.9179693
17,70,Stage 1,Stage 1,0.3317265,0.6665316
17,71,Stage 1,Stage 1,0.02254996,0.9766099
17,72,Stage 1,Stage 1,0.014218558,0.9850707
17,73,Stage 1,Stage 1,0.0031882203,0.99637884
17,74,Stage 1,Stage 1,0.009736753,0.98961663
17,75,Stage 1,Stage 1,0.0041697696,0.9953974
17,76,Stage 1,Stage 1,0.06488036,0.9339249
17,77,Stage 1,Stage 1,0.009414236,0.9899116
17,78,Stage 1,Stage 1,0.008436489,0.9909615
17,79,Stage 1,Stage 1,0.064774945,0.93367064
17,80,Stage 1,Stage 1,0.40242848,0.5956065
17,81,Stage 1,Stage 1,0.020266127,0.97883713
17,82,Stage 1,Stage 1,0.0024978798,0.9971934
17,83,Stage 1,Stage 1,0.06803158,0.93081146
17,84,Stage 1,Stage 1,0.17656863,0.8214528
17,85,Stage 1,Stage 1,0.008426655,0.99085945
17,86,Stage 1,Stage 1,0.13127388,0.8675398
17,87,Stage 1,Stage 1,0.005070612,0.99443495
17,88,Stage 1,Stage 1,0.07389786,0.92472196
17,89,Stage 1,Stage 1,0.4371765,0.5598881
17,90,Stage 1,Stage 1,0.45110404,0.54601943
17,91,Stage 1,Stage 1,0.15848833,0.83821577
17,92,Stage 1,Stage 1,0.2764896,0.7219375
17,93,Stage 1,Stage 1,0.016500285,0.9825189
17,94,Stage 1,Stage 1,0.4398825,0.5578448
17,95,Stage 1,Stage 1,0.007402064,0.9920717
17,96,Stage 1,Stage 4,0.6090333,0.6090333
17,97,Stage 1,Stage 1,0.025284033,0.9738174
17,98,Stage 1,Stage 1,0.070888504,0.927666
17,99,Stage 1,Stage 1,0.048591796,0.9500797
17,100,Stage 1,Stage 1,0.045964345,0.95242274
17,101,Stage 1,Stage 1,0.03047098,0.96833
17,102,Stage 1,Stage 1,0.0162877,0.9829159
17,103,Stage 1,Stage 1,0.021004912,0.97767705
17,104,Stage 1,Stage 1,0.011405364,0.9879995
17,105,Stage 1,Stage 1,0.009527829,0.98983496
17,106,Stage 1,Stage 1,0.1636753,0.8342783
17,107,Stage 1,Stage 1,0.17936113,0.81868154
17,108,Stage 1,Stage 1,0.024328168,0.9749442
17,109,Stage 1,Stage 1,0.023690028,0.9749752
17,110,Stage 1,Stage 4,0.52253264,0.52253264
17,111,Stage 1,Stage 1,0.0036910314,0.99585646
17,112,Stage 1,Stage 1,0.36994928,0.6272757
17,113,Stage 1,Stage 4,0.6346407,0.6346407
17,114,Stage 1,Stage 1,0.00849466,0.9910058
17,115,Stage 1,Stage 4,0.5625993,0.5625993
17,116,Stage 1,Stage 1,0.0038343214,0.99565107
17,117,Stage 1,Stage 1,0.0127547,0.9865986
17,118,Stage 1,Stage 1,0.3384038,0.6543489
17,119,Stage 1,Stage 1,0.0056679877,0.99389476
17,120,Stage 1,Stage 1,0.05190845,0.94688815
17,121,Stage 1,Stage 4,0.58541065,0.58541065
17,122,Stage 1,Stage 4,0.9433706,0.9433706
17,123,Stage 4,Stage 1,0.00807942,0.99138546
17,124,Stage 1,Stage 1,0.0938764,0.9038597
17,125,Stage 1,Stage 1,0.059056263,0.9401798
17,126,Stage 1,Stage 4,0.7691073,0.7691073
17,127,Stage 1,Stage 4,0.8932524,0.8932524
17,128,Stage 1,Stage 4,0.50022537,0.50022537
17,129,Stage 1,Stage 1,0.03125378,0.96803045
17,130,Stage 4,Stage 1,0.19902603,0.79755634
17,131,Stage 1,Stage 1,0.337904,0.6595147
17,132,Stage 1,Stage 4,0.6365525,0.6365525
17,133,Stage 1,Stage 1,0.18705456,0.810924
17,134,Stage 1,Stage 1,0.36732915,0.62996453
17,135,Stage 1,Stage 1,0.21986032,0.77717453
17,136,Stage 1,Stage 1,0.07940241,0.9190576
17,137,Stage 1,Stage 1,0.13867526,0.8594046
17,138,Stage 1,Stage 1,0.24039726,0.7573928
17,139,Stage 1,Stage 1,0.059744462,0.9393724
17,140,Stage 4,Stage 1,0.022404676,0.97662884
17,141,Stage 1,Stage 4,0.5972998,0.5972998
17,142,Stage 4,Stage 1,0.05385346,0.94458413
17,143,Stage 4,Stage 1,0.01955298,0.97969866
17,144,Stage 1,Stage 4,0.56213206,0.56213206
17,145,Stage 1,Stage 1,0.07318183,0.9253887
17,146,Stage 1,Stage 4,0.61926085,0.61926085
17,147,Stage 1,Stage 1,0.3253703,0.672159
17,148,Stage 4,Stage 4,0.9252091,0.9252091
17,149,Stage 4,Stage 4,0.83192444,0.83192444
17,150,Stage 1,Stage 1,0.034811042,0.964355
17,151,Stage 1,Stage 1,0.050837815,0.94767416
17,152,Stage 1,Stage 1,0.058330514,0.9403639
17,153,Stage 4,Stage 4,0.8840173,0.8840173
17,154,Stage 4,Stage 4,0.8610927,0.8610927
17,155,Stage 1,Stage 1,0.24322991,0.7553505
17,156,Stage 1,Stage 1,0.43896222,0.55736923
17,157,Stage 4,Stage 4,0.7426269,0.7426269
17,158,Stage 1,Stage 4,0.80559874,0.80559874
17,159,Stage 4,Stage 1,0.4538574,0.54019326
17,160,Stage 4,Stage 1,0.14242142,0.85559374
17,161,Stage 4,Stage 4,0.9317075,0.9317075
17,162,Stage 1,Stage 1,0.12602271,0.8728332
17,163,Stage 4,Stage 4,0.92598754,0.92598754
17,164,Stage 1,Stage 1,0.0369534,0.9593513
17,165,Stage 1,Stage 1,0.088294744,0.9103686
17,166,Stage 1,Stage 1,0.1299052,0.86845934
17,167,Stage 1,Stage 1,0.36079755,0.6368512
17,168,Stage 1,Stage 1,0.01585815,0.98355365
17,169,Stage 4,Stage 4,0.95438004,0.95438004
17,170,Stage 4,Stage 4,0.81504494,0.81504494
17,171,Stage 1,Stage 4,0.8026623,0.8026623
17,172,Stage 4,Stage 4,0.8696176,0.8696176
17,173,Stage 1,Stage 4,0.92348886,0.92348886
17,174,Stage 4,Stage 4,0.71640736,0.71640736
17,175,Stage 4,Stage 4,0.91827154,0.91827154
17,176,Stage 4,Stage 4,0.67648584,0.67648584
17,177,Stage 4,Stage 4,0.9455439,0.9455439
17,178,Stage 4,Stage 4,0.7883798,0.7883798
17,179,Stage 4,Stage 4,0.9506255,0.9506255
17,180,Stage 4,Stage 4,0.9752989,0.9752989
17,181,Stage 4,Stage 4,0.87049997,0.87049997
17,182,Stage 4,Stage 4,0.9730123,0.9730123
17,183,Stage 4,Stage 4,0.893472,0.893472
17,184,Stage 4,Stage 4,0.6265058,0.6265058
17,185,Stage 4,Stage 1,0.4820333,0.5146801
17,186,Stage 4,Stage 4,0.8744107,0.8744107
17,187,Stage 4,Stage 4,0.9486703,0.9486703
17,188,Stage 4,Stage 4,0.91923773,0.91923773
17,189,Stage 4,Stage 4,0.69393873,0.69393873
17,190,Stage 4,Stage 4,0.6726055,0.6726055
17,191,Stage 4,Stage 4,0.90078247,0.90078247
17,192,Stage 1,Stage 4,0.8580647,0.8580647
17,193,Stage 4,Stage 4,0.92847323,0.92847323
17,194,Stage 4,Stage 0,0.28059804,0.71379936
17,195,Stage 4,Stage 4,0.87082005,0.87082005
17,196,Stage 4,Stage 4,0.9823015,0.9823015
17,197,Stage 4,Stage 4,0.97853756,0.97853756
17,198,Stage 4,Stage 4,0.9112814,0.9112814
17,199,Stage 4,Stage 4,0.8867598,0.8867598
17,200,Stage 4,Stage 4,0.62459457,0.62459457
17,201,Stage 4,Stage 4,0.7361251,0.7361251
17,202,Stage 4,Stage 4,0.95775497,0.95775497
17,203,Stage 4,Stage 0,0.45027912,0.54334646
17,204,Stage 4,Stage 4,0.70799375,0.70799375
17,205,Stage 4,Stage 4,0.94605166,0.94605166
17,206,Stage 4,Stage 4,0.9416521,0.9416521
17,207,Stage 4,Stage 4,0.90311605,0.90311605
17,208,Stage 4,Stage 4,0.88680786,0.88680786
17,209,Stage 4,Stage 4,0.92524236,0.92524236
17,210,Stage 4,Stage 4,0.94918776,0.94918776
17,211,Stage 4,Stage 4,0.9647504,0.9647504
17,212,Stage 4,Stage 0,0.15808482,0.83723366
17,213,Stage 4,Stage 4,0.88272136,0.88272136
17,214,Stage 0,Stage 0,0.18513703,0.7965914
17,215,Stage 4,Stage 4,0.9430091,0.9430091
17,216,Stage 0,Stage 0,0.35196465,0.6278681
17,217,Stage 0,Stage 0,0.45534354,0.53966916
17,218,Stage 4,Stage 4,0.8592553,0.8592553
17,219,Stage 4,Stage 4,0.92692345,0.92692345
17,220,Stage 4,Stage 4,0.96896154,0.96896154
17,221,Stage 4,Stage 0,0.18942459,0.8054613
17,222,Stage 0,Stage 0,0.091436505,0.8946521
17,223,Stage 4,Stage 4,0.65168023,0.65168023
17,224,Stage 0,Stage 0,0.29280382,0.69064474
17,225,Stage 0,Stage 0,0.16033399,0.81117254
17,226,Stage 0,Stage 0,0.007581501,0.9304077
17,227,Stage 0,Stage 0,0.10320782,0.8858096
17,228,Stage 0,Stage 4,0.51040804,0.51040804
17,229,Stage 0,Stage 0,0.10446613,0.8799288
17,230,Stage 0,Stage 0,0.050964653,0.9385694
17,231,Stage 0,Stage 0,0.005726784,0.91207755
17,232,Stage 0,Stage 0,0.08733199,0.9095971
17,233,Stage 0,Stage 0,0.07762165,0.90163887
17,234,Stage 0,Stage 0,0.054901954,0.9405009
17,235,Stage 0,Stage 0,0.1625095,0.8019336
17,236,Stage 2,Stage 0,0.0015098053,0.8784201
17,237,Stage 0,Stage 0,0.4212187,0.57555777
17,238,Stage 2,Stage 0,0.004951981,0.8748101
17,239,Stage 2,Stage 0,0.007890491,0.9374972
17,240,Stage 0,Stage 0,0.0030166877,0.82694983
17,241,Stage 0,Stage 0,0.08844987,0.8748682
17,242,Stage 2,Stage 0,0.0016386908,0.7578409
17,243,Stage 2,Stage 0,0.0017192658,0.8486899
17,244,Stage 2,Stage 0,0.0050978903,0.84663826
17,245,Stage 2,Stage 0,0.0018884338,0.8133587
17,246,Stage 0,Stage 0,0.002105244,0.96870047
17,247,Stage 2,Stage 0,0.0019339047,0.85140437
17,248,Stage 2,Stage 0,0.0022569124,0.9706652
17,249,Stage 2,Stage 0,0.0018303656,0.37225577
17,250,Stage 2,Stage 0,0.00085016835,0.6639231
17,251,Stage 2,Stage 0,0.0018964009,0.9049869
17,252,Stage 2,Stage 0,0.00183202,0.89439696
17,253,Stage 2,Stage 0,0.00085156655,0.6958996
17,254,Stage 2,Stage 0,0.0017391393,0.46758398
17,255,Stage 2,Stage 3,0.0007699196,0.48187423
17,256,Stage 2,Stage 3,0.00084979367,0.4328396
17,257,Stage 2,Stage 2,0.0011926368,0.5727218
17,258,Stage 2,Stage 0,0.00074513466,0.47016194
17,259,Stage 2,Stage 2,0.001063874,0.61013734
17,260,Stage 2,Stage 2,0.000985685,0.594565
17,261,Stage 2,Stage 2,0.0008077183,0.53586656
17,262,Stage 2,Stage 3,0.0007645186,0.8603855
17,263,Stage 2,Stage 3,0.0008322414,0.6982278
17,264,Stage 2,Stage 2,0.00088384125,0.6682288
17,265,Stage 2,Stage 2,0.001035168,0.81196856
17,266,Stage 2,Stage 3,0.00083693536,0.5713659
17,267,Stage 2,Stage 2,0.0010207483,0.6182331
17,268,Stage 2,Stage 3,0.00087812735,0.6343
17,269,Stage 2,Stage 2,0.00092673756,0.7367463
17,270,Stage 2,Stage 3,0.00085040973,0.61512375
17,271,Stage 2,Stage 2,0.0009128932,0.7662502
17,272,Stage 2,Stage 3,0.0007904599,0.747001
17,273,Stage 2,Stage 3,0.00072251033,0.6851818
17,274,Stage 2,Stage 3,0.0006664879,0.8262338
17,275,Stage 2,Stage 3,0.0007138442,0.84273475
17,276,Stage 2,Stage 2,0.0011637242,0.71751714
20,1,Stage 4,Stage 4,0.9243994,0.9243994
20,2,Stage 4,Stage 0,0.035708737,0.9596146
20,3,Stage 4,Stage 4,0.82016224,0.82016224
20,4,Stage 4,Stage 0,0.2978756,0.6907103
20,5,Stage 4,Stage 4,0.9000293,0.9000293
20,6,Stage 4,Stage 4,0.92707574,0.92707574
20,7,Stage 4,Stage 4,0.8722723,0.8722723
20,8,Stage 4,Stage 4,0.78212124,0.78212124
20,9,Stage 4,Stage 4,0.85246384,0.85246384
20,10,Stage 4,Stage 4,0.78234357,0.78234357
20,11,Stage 4,Stage 4,0.9456119,0.9456119
20,12,Stage 4,Stage 4,0.9611638,0.9611638
20,13,Stage 4,Stage 4,0.91939414,0.91939414
20,14,Stage 4,Stage 4,0.87619835,0.87619835
20,15,Stage 4,Stage 4,0.94029886,0.94029886
20,16,Stage 4,Stage 4,0.6072562,0.6072562
20,17,Stage 4,Stage 4,0.95495766,0.95495766
20,18,Stage 4,Stage 4,0.6402077,0.6402077
20,19,Stage 4,Stage 4,0.9029432,0.9029432
20,20,Stage 4,Stage 4,0.96381444,0.96381444
20,21,Stage 4,Stage 0,0.43790412,0.5594927
20,22,Stage 4,Stage 4,0.96339524,0.96339524
20,23,Stage 0,Stage 0,0.044514567,0.94085556
20,24,Stage 4,Stage 4,0.94716847,0.94716847
20,25,Stage 4,Stage 4,0.9497932,0.9497932
20,26,Stage 4,Stage 4,0.9391666,0.9391666
20,27,Stage 4,Stage 4,0.77361995,0.77361995
20,28,Stage 4,Stage 4,0.9613039,0.9613039
20,29,Stage 4,Stage 0,0.26448438,0.7263333
20,30,Stage 0,Stage 4,0.56575584,0.56575584
20,31,Stage 4,Stage 4,0.9290186,0.9290186
20,32,Stage 4,Stage 4,0.7281067,0.7281067
20,33,Stage 4,Stage 4,0.945847,0.945847
20,34,Stage 4,Stage 4,0.96801656,0.96801656
20,35,Stage 4,Stage 0,0.47461152,0.52215815
20,36,Stage 4,Stage 4,0.9032207,0.9032207
20,37,Stage 4,Stage 4,0.96626294,0.96626294
20,38,Stage 4,Stage 4,0.8889759,0.8889759
20,39,Stage 4,Stage 4,0.91794163,0.91794163
20,40,Stage 4,Stage 4,0.7493528,0.7493528
20,41,Stage 4,Stage 4,0.71064794,0.71064794
20,42,Stage 4,Stage 4,0.7926554,0.7926554
20,43,Stage 4,Stage 4,0.9648596,0.9648596
20,44,Stage 4,Stage 4,0.965744,0.965744
20,45,Stage 4,Stage 4,0.6980286,0.6980286
20,46,Stage 4,Stage 4,0.9791844,0.9791844
20,47,Stage 4,Stage 4,0.8577985,0.8577985
20,48,Stage 4,Stage 0,0.20726462,0.7766728
20,49,Stage 4,Stage 4,0.75920045,0.75920045
20,50,Stage 4,Stage 4,0.9131869,0.9131869
20,51,Stage 0,Stage 4,0.7045103,0.7045103
20,52,Stage 4,Stage 4,0.8390433,0.8390433
20,53,Stage 4,Stage 4,0.9814905,0.9814905
20,54,Stage 4,Stage 4,0.52600974,0.52600974
20,55,Stage 4,Stage 4,0.899156,0.899156
20,56,Stage 4,Stage 0,0.2652838,0.72103685
20,57,Stage 4,Stage 4,0.9327602,0.9327602
20,58,Stage 4,Stage 4,0.89166635,0.89166635
20,59,Stage 0,Stage 4,0.49668786,0.49668786
20,60,Stage 0,Stage 4,0.61354953,0.61354953
20,61,Stage 4,Stage 4,0.75219357,0.75219357
20,62,Stage 4,Stage 4,0.9452422,0.9452422
20,63,Stage 4,Stage 4,0.93182075,0.93182075
20,64,Stage 4,Stage 4,0.65808594,0.65808594
20,65,Stage 4,Stage 4,0.952306,0.952306
20,66,Stage 4,Stage 4,0.9487993,0.9487993
20,67,Stage 4,Stage 4,0.96754074,0.96754074
20,68,Stage 4,Stage 4,0.93043816,0.93043816
20,69,Stage 4,Stage 4,0.96653473,0.96653473
20,70,Stage 4,Stage 4,0.8004496,0.8004496
20,71,Stage 4,Stage 4,0.91337216,0.91337216
20,72,Stage 4,Stage 4,0.95828015,0.95828015
20,73,Stage 4,Stage 4,0.79243773,0.79243773
20,74,Stage 4,Stage 4,0.7373913,0.7373913
20,75,Stage 4,Stage 4,0.91321456,0.91321456
20,76,Stage 4,Stage 4,0.9574399,0.9574399
20,77,Stage 4,Stage 4,0.9841834,0.9841834
20,78,Stage 4,Stage 4,0.9409727,0.9409727
20,79,Stage 4,Stage 4,0.6063978,0.6063978
20,80,Stage 4,Stage 4,0.97010595,0.97010595
20,81,Stage 4,Stage 0,0.13301414,0.8406818
20,82,Stage 4,Stage 4,0.81161785,0.81161785
20,83,Stage 0,Stage 0,0.16909558,0.826385
20,84,Stage 4,Stage 4,0.9433586,0.9433586
20,85,Stage 4,Stage 4,0.9402595,0.9402595
20,86,Stage 4,Stage 4,0.92772037,0.92772037
20,87,Stage 4,Stage 4,0.92223734,0.92223734
20,88,Stage 4,Stage 4,0.50699174,0.50699174
20,89,Stage 0,Stage 4,0.9204638,0.9204638
20,90,Stage 4,Stage 4,0.9166985,0.9166985
20,91,Stage 4,Stage 4,0.8915788,0.8915788
20,92,Stage 0,Stage 0,0.008434705,0.9522959
20,93,Stage 0,Stage 0,0.43627554,0.55704087
20,94,Stage 4,Stage 4,0.7116075,0.7116075
20,95,Stage 4,Stage 4,0.9484523,0.9484523
20,96,Stage 0,Stage 0,0.2810306,0.71081984
20,97,Stage 0,Stage 0,0.010599542,0.9541136
20,98,Stage 4,Stage 4,0.83751816,0.83751816
20,99,Stage 4,Stage 4,0.93678594,0.93678594
20,100,Stage 0,Stage 4,0.60389006,0.60389006
20,101,Stage 4,Stage 0,0.32914373,0.6615499
20,102,Stage 0,Stage 0,0.26055625,0.7362636
20,103,Stage 4,Stage 4,0.9543272,0.9543272
20,104,Stage 4,Stage 4,0.979791,0.979791
20,105,Stage 4,Stage 0,0.07965653,0.90504473
20,106,Stage 4,Stage 4,0.9700912,0.9700912
20,107,Stage 0,Stage 0,0.15032217,0.84558994
20,108,Stage 4,Stage 4,0.93617916,0.93617916
20,109,Stage 4,Stage 4,0.9207608,0.9207608
20,110,Stage 0,Stage 0,0.021058705,0.9729164
20,111,Stage 4,Stage 4,0.7365089,0.7365089
20,112,Stage 0,Stage 0,0.0021619103,0.93937683
20,113,Stage 0,Stage 0,0.35041568,0.63940746
20,114,Stage 0,Stage 4,0.7359226,0.7359226
20,115,Stage 0,Stage 4,0.83348525,0.83348525
20,116,Stage 0,Stage 0,0.2397429,0.7542676
20,117,Stage 0,Stage 0,0.022751747,0.965881
20,118,Stage 0,Stage 0,0.0074676606,0.9772677
20,119,Stage 4,Stage 4,0.7361999,0.7361999
20,120,Stage 0,Stage 0,0.31499147,0.6790502
20,121,Stage 0,Stage 0,0.44563636,0.5485351
20,122,Stage 0,Stage 0,0.064557165,0.886856
20,123,Stage 0,Stage 0,0.037263397,0.9208536
20,124,Stage 0,Stage 0,0.26404896,0.73063797
20,125,Stage 0,Stage 4,0.55016345,0.55016345
20,126,Stage 0,Stage 0,0.20071682,0.787121
20,127,Stage 0,Stage 0,0.20585614,0.7861185
20,128,Stage 4,Stage 4,0.8740365,0.8740365
20,129,Stage 0,Stage 0,0.08434411,0.8738829
20,130,Stage 0,Stage 0,0.47494242,0.5221171
20,131,Stage 0,Stage 0,0.29650253,0.6960619
20,132,Stage 0,Stage 0,0.038276583,0.9551239
20,133,Stage 0,Stage 4,0.49954522,0.49954522
20,134,Stage 0,Stage 0,0.043800604,0.9107981
20,135,Stage 0,Stage 4,0.5692714,0.5692714
20,136,Stage 0,Stage 0,0.40833652,0.58623016
20,137,Stage 0,Stage 0,0.21452,0.7610737
20,138,Stage 0,Stage 0,0.11459157,0.87186354
20,139,Stage 0,Stage 0,0.18519588,0.8092888
20,140,Stage 0,Stage 4,0.6138205,0.6138205
20,141,Stage 0,Stage 0,0.035475876,0.9539254
20,142,Stage 0,Stage 0,0.025155675,0.96398413
20,143,Stage 0,Stage 0,0.013344594,0.96214813
20,144,Stage 0,Stage 0,0.014540948,0.9594858
20,145,Stage 0,Stage 0,0.07220734,0.89126843
20,146,Stage 0,Stage 0,0.25966606,0.73529303
20,147,Stage 0,Stage 0,0.009075712,0.97072136
20,148,Stage 0,Stage 0,0.10985968,0.87486994
20,149,Stage 0,Stage 0,0.13414322,0.8589727
20,150,Stage 0,Stage 0,0.0035382684,0.93790644
20,151,Stage 0,Stage 0,0.021732867,0.8681972
20,152,Stage 0,Stage 4,0.8512508,0.8512508
20,153,Stage 0,Stage 0,0.15746824,0.840239
20,154,Stage 0,Stage 0,0.061877053,0.930929
20,155,Stage 0,Stage 0,0.0025075779,0.942889
20,156,Stage 0,Stage 0,0.0019616731,0.98033136
20,157,Stage 0,Stage 0,0.092691675,0.89871174
20,158,Stage 0,Stage 0,0.027441306,0.9495978
20,159,Stage 0,Stage 0,0.0014745605,0.93131
20,160,Stage 0,Stage 0,0.0025490613,0.89193743
20,161,Stage 0,Stage 0,0.0010152295,0.6708527
20,162,Stage 0,Stage 0,0.0062362035,0.8882417
20,163,Stage 0,Stage 0,0.0018590436,0.96657735
20,164,Stage 0,Stage 0,0.0011297711,0.7971013
20,165,Stage 0,Stage 0,0.036740635,0.9551625
20,166,Stage 0,Stage 0,0.002454719,0.8030911
20,167,Stage 0,Stage 0,0.057468884,0.93192476
20,168,Stage 0,Stage 0,0.004388117,0.85807747
20,169,Stage 0,Stage 0,0.02299523,0.9658369
20,170,Stage 0,Stage 0,0.005766475,0.97451085
20,171,Stage 0,Stage 0,0.0009296245,0.4924955
20,172,Stage 0,Stage 0,0.014608715,0.95602536
20,173,Stage 0,Stage 0,0.006750047,0.9476123
20,174,Stage 0,Stage 0,0.0022626764,0.85676795
20,175,Stage 0,Stage 0,0.0044440296,0.54715806
20,176,Stage 0,Stage 0,0.0016239263,0.8636667
20,177,Stage 0,Stage 0,0.0017023396,0.88833904
20,178,Stage 0,Stage 0,0.0026148385,0.98490715
20,179,Stage 0,Stage 2,0.0014053396,0.41693714
20,180,Stage 0,Stage 0,0.009062886,0.9312005
20,181,Stage 0,Stage 0,0.0015603466,0.7850859
20,182,Stage 0,Stage 0,0.0023256268,0.39713204
20,183,Stage 0,Stage 0,0.018023722,0.9617142
20,184,Stage 0,Stage 0,0.0015366814,0.78491896
20,185,Stage 0,Stage 0,0.0007738914,0.5796655
20,186,Stage 0,Stage 3,0.001745271,0.3962374
20,187,Stage 0,Stage 0,0.0015249295,0.6343327
20,188,Stage 3,Stage 2,0.0009670851,0.6027946
20,189,Stage 0,Stage 0,0.0012267134,0.7961273
20,190,Stage 0,Stage 3,0.0011368729,0.5971079
20,191,Stage 0,Stage 0,0.00076936773,0.59925854
20,192,Stage 3,Stage 3,0.00079409615,0.71429
20,193,Stage 3,Stage 3,0.0008698332,0.6864009
20,194,Stage 3,Stage 3,0.0008040767,0.5603966
20,195,Stage 0,Stage 0,0.007819779,0.92744106
20,196,Stage 3,Stage 3,0.0012172755,0.3485252
20,197,Stage 0,Stage 3,0.00069339963,0.8595777
20,198,Stage 3,Stage 0,0.0020139369,0.8133542
20,199,Stage 3,Stage 2,0.0014194999,0.56443137
20,200,Stage 0,Stage 2,0.0014196774,0.41695553
20,201,Stage 3,Stage 3,0.0008636977,0.63751656
20,202,Stage 0,Stage 3,0.0013195699,0.43309477
20,203,Stage 3,Stage 0,0.0008939751,0.39440742
20,204,Stage 3,Stage 3,0.0008557842,0.9634725
20,205,Stage 3,Stage 0,0.0043553393,0.49796134
20,206,Stage 0,Stage 3,0.00086341315,0.6232669
20,207,Stage 3,Stage 2,0.0008507489,0.51118743
20,208,Stage 3,Stage 3,0.0011678922,0.8132585
20,209,Stage 3,Stage 3,0.00077973364,0.55446464
20,210,Stage 3,Stage 3,0.0006473597,0.84221214
20,211,Stage 3,Stage 3,0.00070814486,0.72249377
20,212,Stage 3,Stage 3,0.00080207345,0.7125946
20,213,Stage 3,Stage 2,0.00082184916,0.56226283
20,214,Stage 3,Stage 3,0.00078796863,0.78924084
20,215,Stage 3,Stage 2,0.00087950804,0.6475411
20,216,Stage 3,Stage 3,0.00084038166,0.5896233
20,217,Stage 3,Stage 3,0.00082955026,0.536696
20,218,Stage 3,Stage 3,0.0006905924,0.89821607
20,219,Stage 3,Stage 3,0.0007877977,0.664379
20,220,Stage 3,Stage 3,0.00076873414,0.8442374
20,221,Stage 3,Stage 3,0.00058960746,0.87549466
20,222,Stage 3,Stage 3,0.00080367085,0.6361991
20,223,Stage 3,Stage 2,0.0010146438,0.5168829
20,224,Stage 3,Stage 3,0.00062362885,0.8535902
20,225,Stage 3,Stage 3,0.0006915379,0.75317174
20,226,Stage 3,Stage 3,0.0008253587,0.6207015
20,227,Stage 3,Stage 2,0.0009337522,0.5014787
20,228,Stage 3,Stage 3,0.0008396268,0.56609327
20,229,Stage 3,Stage 3,0.000882951,0.66633683
20,230,Stage 3,Stage 3,0.00096449174,0.5191334
20,231,Stage 3,Stage 3,0.0008779454,0.7347632
20,232,Stage 3,Stage 3,0.00059758197,0.8693445
20,233,Stage 3,Stage 3,0.0012168441,0.5163464
20,234,Stage 3,Stage 3,0.0008791218,0.7818188
21,1,Stage 4,Stage 4,0.9592573,0.9592573
21,2,Stage 4,Stage 4,0.8238411,0.8238411
21,3,Stage 4,Stage 4,0.9467573,0.9467573
21,4,Stage 4,Stage 4,0.90237075,0.90237075
21,5,Stage 4,Stage 4,0.8632169,0.8632169
21,6,Stage 1,Stage 4,0.8475374,0.8475374
21,7,Stage 4,Stage 4,0.6675949,0.6675949
21,8,Stage 4,Stage 4,0.814226,0.814226
21,9,Stage 4,Stage 1,0.16884746,0.8298939
21,10,Stage 4,Stage 4,0.8196225,0.8196225
21,11,Stage 4,Stage 4,0.61108905,0.61108905
21,12,Stage 4,Stage 1,0.41623622,0.5801756
21,13,Stage 4,Stage 4,0.9594266,0.9594266
21,14,Stage 4,Stage 4,0.91213554,0.91213554
21,15,Stage 4,Stage 4,0.9753793,0.9753793
21,16,Stage 4,Stage 4,0.9469003,0.9469003
21,17,Stage 4,Stage 4,0.9673806,0.9673806
21,18,Stage 4,Stage 4,0.9287341,0.9287341
21,19,Stage 4,Stage 1,0.3181977,0.68009603
21,20,Stage 4,Stage 1,0.0762052,0.922116
21,21,Stage 4,Stage 4,0.9648623,0.9648623
21,22,Stage 1,Stage 1,0.07870418,0.91943616
21,23,Stage 4,Stage 4,0.97384655,0.97384655
21,24,Stage 4,Stage 4,0.91084033,0.91084033
21,25,Stage 4,Stage 0,0.30110154,0.6908027
21,26,Stage 4,Stage 4,0.8478677,0.8478677
21,27,Stage 4,Stage 1,0.15970948,0.83893967
21,28,Stage 4,Stage 4,0.6145845,0.6145845
21,29,Stage 4,Stage 4,0.9129483,0.9129483
21,30,Stage 4,Stage 4,0.90543145,0.90543145
21,31,Stage 4,Stage 4,0.96645176,0.96645176
21,32,Stage 4,Stage 4,0.64430195,0.64430195
21,33,Stage 4,Stage 4,0.8763066,0.8763066
21,34,Stage 4,Stage 4,0.89817524,0.89817524
21,35,Stage 4,Stage 4,0.7715207,0.7715207
21,36,Stage 4,Stage 4,0.96446365,0.96446365
21,37,Stage 4,Stage 4,0.91653246,0.91653246
21,38,Stage 4,Stage 1,0.12658231,0.8716396
21,39,Stage 4,Stage 4,0.9320117,0.9320117
21,40,Stage 4,Stage 4,0.96045125,0.96045125
21,41,Stage 4,Stage 4,0.7071254,0.7071254
21,42,Stage 4,Stage 4,0.887783,0.887783
21,43,Stage 4,Stage 4,0.90877444,0.90877444
21,44,Stage 4,Stage 4,0.97935253,0.97935253
21,45,Stage 4,Stage 4,0.93635386,0.93635386
21,46,Stage 4,Stage 4,0.62914413,0.62914413
21,47,Stage 4,Stage 4,0.7350167,0.7350167
21,48,Stage 4,Stage 1,0.0830929,0.91463673
21,49,Stage 4,Stage 4,0.85503316,0.85503316
21,50,Stage 4,Stage 4,0.977719,0.977719
21,51,Stage 4,Stage 4,0.876502,0.876502
21,52,Stage 4,Stage 4,0.94166297,0.94166297
21,53,Stage 4,Stage 4,0.9532034,0.9532034
21,54,Stage 4,Stage 4,0.88625395,0.88625395
21,55,Stage 4,Stage 1,0.46688542,0.5306404
21,56,Stage 4,Stage 4,0.65296924,0.65296924
21,57,Stage 4,Stage 4,0.9434266,0.9434266
21,58,Stage 4,Stage 4,0.96651155,0.96651155
21,59,Stage 4,Stage 1,0.43779325,0.55818385
21,60,Stage 4,Stage 1,0.27583012,0.72154963
21,61,Stage 4,Stage 4,0.97244805,0.97244805
21,62,Stage 4,Stage 4,0.53397137,0.53397137
21,63,Stage 4,Stage 4,0.9405541,0.9405541
21,64,Stage 4,Stage 4,0.9457589,0.9457589
21,65,Stage 4,Stage 4,0.9224642,0.9224642
21,66,Stage 4,Stage 4,0.96805376,0.96805376
21,67,Stage 4,Stage 4,0.91840357,0.91840357
21,68,Stage 4,Stage 4,0.8989092,0.8989092
21,69,Stage 4,Stage 1,0.41888446,0.5789342
21,70,Stage 4,Stage 4,0.95151895,0.95151895
21,71,Stage 4,Stage 4,0.71060014,0.71060014
21,72,Stage 4,Stage 4,0.95687073,0.95687073
21,73,Stage 4,Stage 4,0.6168936,0.6168936
21,74,Stage 4,Stage 4,0.9711277,0.9711277
21,75,Stage 4,Stage 4,0.7953516,0.7953516
21,76,Stage 4,Stage 4,0.9590012,0.9590012
21,77,Stage 4,Stage 4,0.87473565,0.87473565
21,78,Stage 4,Stage 4,0.9107374,0.9107374
21,79,Stage 4,Stage 4,0.959409,0.959409
21,80,Stage 4,Stage 4,0.9212026,0.9212026
21,81,Stage 4,Stage 4,0.6833469,0.6833469
21,82,Stage 4,Stage 4,0.94176006,0.94176006
21,83,Stage 4,Stage 4,0.95274293,0.95274293
21,84,Stage 4,Stage 4,0.9336879,0.9336879
21,85,Stage 4,Stage 4,0.9247746,0.9247746
21,86,Stage 4,Stage 4,0.7491395,0.7491395
21,87,Stage 4,Stage 4,0.87176514,0.87176514
21,88,Stage 4,Stage 4,0.9772484,0.9772484
21,89,Stage 4,Stage 4,0.9074093,0.9074093
21,90,Stage 4,Stage 4,0.9549397,0.9549397
21,91,Stage 4,Stage 4,0.9574358,0.9574358
21,92,Stage 4,Stage 0,0.02476115,0.94134617
21,93,Stage 0,Stage 0,0.15985355,0.82139957
21,94,Stage 4,Stage 4,0.86776894,0.86776894
21,95,Stage 4,Stage 4,0.50380105,0.50380105
21,96,Stage 4,Stage 4,0.5758423,0.5758423
21,97,Stage 4,Stage 4,0.5010365,0.5010365
21,98,Stage 4,Stage 4,0.9407783,0.9407783
21,99,Stage 4,Stage 4,0.6912822,0.6912822
21,100,Stage 4,Stage 4,0.73518836,0.73518836
21,101,Stage 4,Stage 4,0.91887164,0.91887164
21,102,Stage 4,Stage 4,0.665102,0.665102
21,103,Stage 4,Stage 4,0.9633282,0.9633282
21,104,Stage 4,Stage 4,0.5979945,0.5979945
21,105,Stage 4,Stage 4,0.97308964,0.97308964
21,106,Stage 4,Stage 4,0.94892824,0.94892824
21,107,Stage 4,Stage 4,0.954602,0.954602
21,108,Stage 4,Stage 4,0.8294925,0.8294925
21,109,Stage 0,Stage 4,0.80174166,0.80174166
21,110,Stage 4,Stage 4,0.88858503,0.88858503
21,111,Stage 4,Stage 0,0.074483305,0.914153
21,112,Stage 0,Stage 0,0.2608796,0.7352324
21,113,Stage 4,Stage 4,0.9842786,0.9842786
21,114,Stage 0,Stage 0,0.04666608,0.92563325
21,115,Stage 4,Stage 4,0.9468689,0.9468689
21,116,Stage 4,Stage 0,0.106735185,0.8902169
21,117,Stage 4,Stage 4,0.56118685,0.56118685
21,118,Stage 0,Stage 0,0.2029436,0.7793879
21,119,Stage 4,Stage 4,0.83328164,0.83328164
21,120,Stage 4,Stage 4,0.6154872,0.6154872
21,121,Stage 4,Stage 4,0.69066447,0.69066447
21,122,Stage 4,Stage 4,0.57926303,0.57926303
21,123,Stage 4,Stage 0,0.04639407,0.9336769
21,124,Stage 4,Stage 0,0.110856086,0.8798611
21,125,Stage 4,Stage 4,0.628475,0.628475
21,126,Stage 4,Stage 4,0.9054815,0.9054815
21,127,Stage 4,Stage 4,0.9589441,0.9589441
21,128,Stage 0,Stage 0,0.059413858,0.9223101
21,129,Stage 4,Stage 4,0.7431849,0.7431849
21,130,Stage 4,Stage 0,0.20692933,0.78841496
21,131,Stage 0,Stage 0,0.4237951,0.5700412
21,132,Stage 4,Stage 4,0.9091921,0.9091921
21,133,Stage 4,Stage 4,0.84410685,0.84410685
21,134,Stage 0,Stage 0,0.41820756,0.5778712
21,135,Stage 4,Stage 4,0.9620063,0.9620063
21,136,Stage 0,Stage 0,0.21869716,0.77782995
21,137,Stage 0,Stage 4,0.5249024,0.5249024
21,138,Stage 4,Stage 4,0.8800312,0.8800312
21,139,Stage 0,Stage 0,0.004219354,0.939384
21,140,Stage 4,Stage 0,0.06601445,0.9267378
21,141,Stage 0,Stage 0,0.15357159,0.8418505
21,142,Stage 4,Stage 4,0.5880103,0.5880103
21,143,Stage 0,Stage 0,0.0022568537,0.8554598
21,144,Stage 0,Stage 0,0.0012735125,0.88239515
21,145,Stage 0,Stage 0,0.071475364,0.90151745
21,146,Stage 0,Stage 0,0.015284038,0.9415348
21,147,Stage 0,Stage 0,0.0013453481,0.7707195
21,148,Stage 0,Stage 0,0.19469452,0.79822904
21,149,Stage 0,Stage 0,0.083553284,0.8987212
21,150,Stage 0,Stage 0,0.36845282,0.6264665
21,151,Stage 0,Stage 0,0.022733865,0.9601183
21,152,Stage 0,Stage 0,0.010145849,0.9593322
21,153,Stage 0,Stage 0,0.0008066374,0.68417937
21,154,Stage 0,Stage 0,0.0013075547,0.9427377
21,155,Stage 0,Stage 0,0.057094257,0.9383448
21,156,Stage 0,Stage 0,0.005981691,0.9694177
21,157,Stage 0,Stage 0,0.009194261,0.9169629
21,158,Stage 0,Stage 0,0.0024097543,0.89949787
21,159,Stage 0,Stage 0,0.0013049938,0.95414454
21,160,Stage 0,Stage 0,0.072468236,0.9059007
21,161,Stage 0,Stage 0,0.0033367106,0.86888045
21,162,Stage 0,Stage 0,0.0012840116,0.8839982
21,163,Stage 0,Stage 0,0.003133328,0.9643988
21,164,Stage 2,Stage 0,0.0046416786,0.85311395
21,165,Stage 2,Stage 0,0.0010952897,0.8181041
21,166,Stage 2,Stage 0,0.0021270288,0.6321239
21,167,Stage 0,Stage 0,0.003329922,0.7972208
21,168,Stage 2,Stage 0,0.0007776189,0.6425723
21,169,Stage 0,Stage 0,0.14380825,0.8527659
21,170,Stage 2,Stage 3,0.000581737,0.75989765
21,171,Stage 0,Stage 0,0.0011826536,0.9201434
21,172,Stage 2,Stage 0,0.0024275188,0.8784672
21,173,Stage 2,Stage 2,0.0011940914,0.37699187
21,174,Stage 2,Stage 0,0.0011296027,0.52213323
21,175,Stage 2,Stage 2,0.0010861543,0.48962364
21,176,Stage 2,Stage 2,0.0009054265,0.6202731
21,177,Stage 2,Stage 0,0.0016885519,0.5609617
21,178,Stage 2,Stage 3,0.0007429319,0.44640115
21,179,Stage 2,Stage 3,0.00080127805,0.4439723
21,180,Stage 2,Stage 3,0.000866131,0.60158694
21,181,Stage 2,Stage 2,0.0015603398,0.3835872
21,182,Stage 2,Stage 2,0.00082994864,0.67205566
21,183,Stage 2,Stage 0,0.0016533429,0.60879934
21,184,Stage 2,Stage 3,0.0010732679,0.67501354
21,185,Stage 2,Stage 3,0.0009860655,0.6879523
21,186,Stage 2,Stage 3,0.0008736915,0.65576136
21,187,Stage 2,Stage 3,0.00079265964,0.7743535
21,188,Stage 2,Stage 3,0.00096968724,0.6178954
21,189,Stage 2,Stage 2,0.0010216623,0.5677675
21,190,Stage 2,Stage 3,0.00083242694,0.669568
21,191,Stage 2,Stage 3,0.0008690308,0.58077234
21,192,Stage 2,Stage 2,0.0009638959,0.69313896
21,193,Stage 2,Stage 3,0.0008226033,0.7159977
21,194,Stage 2,Stage 2,0.0009361401,0.81967694
21,195,Stage 2,Stage 2,0.0010667345,0.6594991
29,1,Stage 4,Stage 4,0.96665514,0.96665514
29,2,Stage 4,Stage 4,0.56407297,0.56407297
29,3,Stage 4,Stage 4,0.9743569,0.9743569
29,4,Stage 4,Stage 1,0.040155802,0.9582286
29,5,Stage 4,Stage 4,0.9431915,0.9431915
29,6,Stage 4,Stage 1,0.41273513,0.58512884
29,7,Stage 4,Stage 4,0.5846455,0.5846455
29,8,Stage 1,Stage 4,0.8634667,0.8634667
29,9,Stage 1,Stage 1,0.48398346,0.5132337
29,10,Stage 4,Stage 4,0.52486396,0.52486396
29,11,Stage 4,Stage 4,0.9380256,0.9380256
29,12,Stage 4,Stage 4,0.5627458,0.5627458
29,13,Stage 4,Stage 4,0.66254276,0.66254276
29,14,Stage 4,Stage 1,0.0902867,0.9078989
29,15,Stage 1,Stage 4,0.7705723,0.7705723
29,16,Stage 1,Stage 1,0.1236814,0.8745679
29,17,Stage 4,Stage 1,0.48834288,0.509025
29,18,Stage 4,Stage 4,0.60278416,0.60278416
29,19,Stage 4,Stage 4,0.78657955,0.78657955
29,20,Stage 4,Stage 1,0.2855421,0.7111735
29,21,Stage 4,Stage 4,0.5662078,0.5662078
29,22,Stage 1,Stage 4,0.9384341,0.9384341
29,23,Stage 4,Stage 4,0.9721485,0.9721485
29,24,Stage 4,Stage 4,0.76618636,0.76618636
29,25,Stage 4,Stage 4,0.90422106,0.90422106
29,26,Stage 4,Stage 4,0.9796197,0.9796197
29,27,Stage 4,Stage 4,0.92180365,0.92180365
29,28,Stage 4,Stage 4,0.8545827,0.8545827
29,29,Stage 4,Stage 4,0.9115279,0.9115279
29,30,Stage 4,Stage 4,0.9545097,0.9545097
29,31,Stage 4,Stage 4,0.82591856,0.82591856
29,32,Stage 4,Stage 4,0.962612,0.962612
29,33,Stage 4,Stage 4,0.7143967,0.7143967
29,34,Stage 1,Stage 4,0.91962576,0.91962576
29,35,Stage 4,Stage 4,0.49981266,0.49981266
29,36,Stage 4,Stage 4,0.9786849,0.9786849
29,37,Stage 1,Stage 4,0.93136126,0.93136126
29,38,Stage 4,Stage 4,0.948508,0.948508
29,39,Stage 4,Stage 4,0.96631104,0.96631104
29,40,Stage 4,Stage 4,0.94065154,0.94065154
29,41,Stage 4,Stage 1,0.23403181,0.76427966
29,42,Stage 4,Stage 4,0.80085367,0.80085367
29,43,Stage 4,Stage 4,0.5302502,0.5302502
29,44,Stage 4,Stage 4,0.97717834,0.97717834
29,45,Stage 4,Stage 4,0.87704617,0.87704617
29,46,Stage 4,Stage 4,0.69369406,0.69369406
29,47,Stage 4,Stage 4,0.9380909,0.9380909
29,48,Stage 4,Stage 4,0.9321707,0.9321707
29,49,Stage 4,Stage 4,0.9467465,0.9467465
29,50,Stage 4,Stage 4,0.81065,0.81065
29,51,Stage 4,Stage 4,0.74182427,0.74182427
29,52,Stage 4,Stage 4,0.6121704,0.6121704
29,53,Stage 4,Stage 4,0.8742519,0.8742519
29,54,Stage 4,Stage 4,0.96394265,0.96394265
29,55,Stage 4,Stage 4,0.9669977,0.9669977
29,56,Stage 4,Stage 4,0.759713,0.759713
29,57,Stage 4,Stage 4,0.93103516,0.93103516
29,58,Stage 4,Stage 4,0.8681069,0.8681069
29,59,Stage 4,Stage 4,0.8727544,0.8727544
29,60,Stage 4,Stage 4,0.942542,0.942542
29,61,Stage 4,Stage 4,0.9290746,0.9290746
29,62,Stage 4,Stage 4,0.9842355,0.9842355
29,63,Stage 4,Stage 0,0.23807733,0.7581459
29,64,Stage 4,Stage 4,0.7337478,0.7337478
29,65,Stage 4,Stage 4,0.84096026,0.84096026
29,66,Stage 4,Stage 4,0.9333886,0.9333886
29,67,Stage 4,Stage 4,0.5160859,0.5160859
29,68,Stage 0,Stage 0,0.13895595,0.8564717
29,69,Stage 4,Stage 4,0.5418294,0.5418294
29,70,Stage 4,Stage 4,0.71515024,0.71515024
29,71,Stage 0,Stage 4,0.7573747,0.7573747
29,72,Stage 4,Stage 4,0.9423563,0.9423563
29,73,Stage 4,Stage 4,0.9508371,0.9508371
29,74,Stage 4,Stage 4,0.9461126,0.9461126
29,75,Stage 4,Stage 4,0.93506974,0.93506974
29,76,Stage 4,Stage 4,0.78086466,0.78086466
29,77,Stage 4,Stage 4,0.8808344,0.8808344
29,78,Stage 4,Stage 4,0.9327944,0.9327944
29,79,Stage 4,Stage 4,0.92175615,0.92175615
29,80,Stage 4,Stage 4,0.6754514,0.6754514
29,81,Stage 4,Stage 4,0.9532901,0.9532901
29,82,Stage 0,Stage 0,0.2852802,0.70678693
29,83,Stage 4,Stage 0,0.28653744,0.710451
29,84,Stage 4,Stage 4,0.70967364,0.70967364
29,85,Stage 4,Stage 0,0.18799683,0.8045411
29,86,Stage 4,Stage 4,0.66139114,0.66139114
29,87,Stage 4,Stage 4,0.89663476,0.89663476
29,88,Stage 0,Stage 4,0.53809875,0.53809875
29,89,Stage 4,Stage 4,0.9320342,0.9320342
29,90,Stage 0,Stage 0,0.28464815,0.7099549
29,91,Stage 4,Stage 4,0.8318673,0.8318673
29,92,Stage 0,Stage 4,0.83505994,0.83505994
29,93,Stage 0,Stage 4,0.8997286,0.8997286
29,94,Stage 4,Stage 4,0.86549956,0.86549956
29,95,Stage 4,Stage 4,0.6207124,0.6207124
29,96,Stage 0,Stage 4,0.92321056,0.92321056
29,97,Stage 0,Stage 4,0.9302287,0.9302287
29,98,Stage 0,Stage 0,0.10609198,0.88287085
29,99,Stage 4,Stage 4,0.7127789,0.7127789
29,100,Stage 0,Stage 4,0.87825096,0.87825096
29,101,Stage 0,Stage 4,0.62475437,0.62475437
29,102,Stage 0,Stage 0,0.15224892,0.84145063
29,103,Stage 4,Stage 4,0.9344914,0.9344914
29,104,Stage 0,Stage 0,0.12880623,0.86487406
29,105,Stage 0,Stage 0,0.46595407,0.52368516
29,106,Stage 4,Stage 0,0.092857,0.8967806
29,107,Stage 0,Stage 4,0.96140546,0.96140546
29,108,Stage 0,Stage 0,0.023751177,0.8996731
29,109,Stage 0,Stage 0,0.31944454,0.67608136
29,110,Stage 0,Stage 4,0.96593815,0.96593815
29,111,Stage 0,Stage 0,0.013706893,0.9220403
29,112,Stage 0,Stage 0,0.39958254,0.5939308
29,113,Stage 0,Stage 0,0.05226764,0.94454736
29,114,Stage 0,Stage 0,0.003959397,0.9513496
29,115,Stage 0,Stage 0,0.01003405,0.9806538
29,116,Stage 0,Stage 0,0.048955828,0.9362229
29,117,Stage 0,Stage 0,0.0023512298,0.96800196
29,118,Stage 0,Stage 0,0.006214172,0.88592374
29,119,Stage 0,Stage 0,0.009104881,0.97059804
29,120,Stage 0,Stage 0,0.0014667772,0.90221506
29,121,Stage 0,Stage 0,0.021643134,0.9712734
29,122,Stage 0,Stage 0,0.03244661,0.94935906
29,123,Stage 0,Stage 0,0.23026009,0.7626637
29,124,Stage 0,Stage 0,0.04126872,0.9432175
29,125,Stage 0,Stage 0,0.0019098255,0.8940214
29,126,Stage 0,Stage 0,0.0046168435,0.97487324
29,127,Stage 0,Stage 0,0.005169197,0.85680515
29,128,Stage 0,Stage 0,0.0015394235,0.8213943
29,129,Stage 0,Stage 0,0.0023643964,0.9629848
29,130,Stage 0,Stage 0,0.0021045576,0.9211317
29,131,Stage 0,Stage 0,0.001089963,0.533318
29,132,Stage 0,Stage 0,0.0041111517,0.83461136
29,133,Stage 0,Stage 2,0.00073073094,0.45780015
29,134,Stage 0,Stage 0,0.0020313892,0.8618979
29,135,Stage 3,Stage 3,0.00087861164,0.52992195
29,136,Stage 0,Stage 3,0.0011009997,0.60723794
29,137,Stage 0,Stage 0,0.0012028047,0.81663376
29,138,Stage 3,Stage 2,0.0016009816,0.7042439
29,139,Stage 3,Stage 0,0.0012094323,0.4368012
29,140,Stage 0,Stage 0,0.0016387531,0.9480009
29,141,Stage 3,Stage 0,0.0015927645,0.7979088
29,142,Stage 3,Stage 3,0.00084202335,0.52219087
29,143,Stage 3,Stage 3,0.00080821605,0.70970196
29,144,Stage 3,Stage 3,0.00091793644,0.5838848
29,145,Stage 3,Stage 3,0.00087294955,0.6588094
29,146,Stage 3,Stage 3,0.0011601787,0.4341865
29,147,Stage 3,Stage 2,0.0010055903,0.5624336
29,148,Stage 3,Stage 3,0.0009625538,0.54699814
29,149,Stage 3,Stage 3,0.000831011,0.85381097
29,150,Stage 3,Stage 3,0.0008528712,0.85799575
29,151,Stage 3,Stage 3,0.0008513067,0.61726594
29,152,Stage 3,Stage 3,0.0006277068,0.8699341
29,153,Stage 3,Stage 3,0.0008477683,0.596121
29,154,Stage 3,Stage 3,0.00066619663,0.88190806
29,155,Stage 3,Stage 3,0.00040437438,0.93884885
29,156,Stage 3,Stage 3,0.00085525063,0.5856044
29,157,Stage 3,Stage 3,0.00091998297,0.8457518
29,158,Stage 3,Stage 3,0.0007128028,0.82693714
29,159,Stage 3,Stage 2,0.0010699211,0.640097
29,160,Stage 3,Stage 3,0.00057549943,0.8932567
29,161,Stage 3,Stage 3,0.00086770183,0.7394685
29,162,Stage 3,Stage 3,0.0008986157,0.5678343
29,163,Stage 3,Stage 3,0.0007777344,0.7316092
36,1,Stage 4,Stage 4,0.9828524,0.9828524
36,2,Stage 4,Stage 4,0.908495,0.908495
36,3,Stage 4,Stage 4,0.84542614,0.84542614
36,4,Stage 4,Stage 4,0.9517294,0.9517294
36,5,Stage 4,Stage 4,0.9599929,0.9599929
36,6,Stage 4,Stage 4,0.94621545,0.94621545
36,7,Stage 4,Stage 4,0.74925756,0.74925756
36,8,Stage 4,Stage 4,0.8938222,0.8938222
36,9,Stage 4,Stage 4,0.5492512,0.5492512
36,10,Stage 4,Stage 4,0.9572195,0.9572195
36,11,Stage 4,Stage 4,0.9327608,0.9327608
36,12,Stage 4,Stage 4,0.8539499,0.8539499
36,13,Stage 4,Stage 4,0.9337596,0.9337596
36,14,Stage 4,Stage 4,0.9571964,0.9571964
36,15,Stage 4,Stage 1,0.3530654,0.6443385
36,16,Stage 4,Stage 0,0.4261372,0.57027334
36,17,Stage 4,Stage 4,0.96851873,0.96851873
36,18,Stage 4,Stage 4,0.9503389,0.9503389
36,19,Stage 4,Stage 4,0.9294594,0.9294594
36,20,Stage 4,Stage 4,0.9048486,0.9048486
36,21,Stage 4,Stage 4,0.9560859,0.9560859
36,22,Stage 4,Stage 4,0.7101765,0.7101765
36,23,Stage 4,Stage 4,0.9565113,0.9565113
36,24,Stage 4,Stage 4,0.955718,0.955718
36,25,Stage 4,Stage 4,0.9061197,0.9061197
36,26,Stage 4,Stage 4,0.92583656,0.92583656
36,27,Stage 4,Stage 4,0.9411769,0.9411769
36,28,Stage 4,Stage 4,0.9445086,0.9445086
36,29,Stage 4,Stage 4,0.9300789,0.9300789
36,30,Stage 4,Stage 4,0.97229034,0.97229034
36,31,Stage 4,Stage 4,0.9722583,0.9722583
36,32,Stage 4,Stage 4,0.948611,0.948611
36,33,Stage 4,Stage 4,0.92973393,0.92973393
36,34,Stage 4,Stage 4,0.9104074,0.9104074
36,35,Stage 4,Stage 4,0.9314641,0.9314641
36,36,Stage 4,Stage 4,0.8692069,0.8692069
36,37,Stage 4,Stage 0,0.2745082,0.7197
36,38,Stage 4,Stage 4,0.85768694,0.85768694
36,39,Stage 4,Stage 4,0.8948369,0.8948369
36,40,Stage 0,Stage 0,0.038032196,0.9512907
36,41,Stage 0,Stage 0,0.22212316,0.77165926
36,42,Stage 4,Stage 4,0.85199904,0.85199904
36,43,Stage 4,Stage 4,0.6937908,0.6937908
36,44,Stage 4,Stage 4,0.52211034,0.52211034
36,45,Stage 0,Stage 0,0.013554578,0.9802423
36,46,Stage 4,Stage 4,0.9335336,0.9335336
36,47,Stage 4,Stage 4,0.9629836,0.9629836
36,48,Stage 4,Stage 4,0.92660266,0.92660266
36,49,Stage 4,Stage 4,0.7038722,0.7038722
36,50,Stage 0,Stage 0,0.49735546,0.49972215
36,51,Stage 4,Stage 4,0.84746253,0.84746253
36,52,Stage 4,Stage 4,0.9507349,0.9507349
36,53,Stage 4,Stage 4,0.95482683,0.95482683
36,54,Stage 4,Stage 4,0.9408116,0.9408116
36,55,Stage 4,Stage 0,0.16886503,0.82076705
36,56,Stage 0,Stage 4,0.56737673,0.56737673
36,57,Stage 4,Stage 4,0.9082493,0.9082493
36,58,Stage 4,Stage 0,0.038220398,0.95301014
36,59,Stage 4,Stage 4,0.7565396,0.7565396
36,60,Stage 4,Stage 4,0.653485,0.653485
36,61,Stage 0,Stage 0,0.15724187,0.8355887
36,62,Stage 0,Stage 4,0.68303573,0.68303573
36,63,Stage 4,Stage 4,0.7489363,0.7489363
36,64,Stage 4,Stage 4,0.89647377,0.89647377
36,65,Stage 4,Stage 4,0.9381158,0.9381158
36,66,Stage 4,Stage 0,0.3753395,0.5639247
36,67,Stage 0,Stage 4,0.9417433,0.9417433
36,68,Stage 4,Stage 4,0.9329252,0.9329252
36,69,Stage 4,Stage 4,0.5046678,0.5046678
36,70,Stage 0,Stage 0,0.2728648,0.71259034
36,71,Stage 4,Stage 4,0.7940364,0.7940364
36,72,Stage 0,Stage 0,0.18635903,0.7948564
36,73,Stage 4,Stage 4,0.8811627,0.8811627
36,74,Stage 4,Stage 4,0.8268145,0.8268145
36,75,Stage 4,Stage 4,0.94660425,0.94660425
36,76,Stage 4,Stage 4,0.6907975,0.6907975
36,77,Stage 0,Stage 0,0.26780772,0.7262843
36,78,Stage 0,Stage 0,0.042114355,0.90367
36,79,Stage 4,Stage 4,0.74222475,0.74222475
36,80,Stage 0,Stage 0,0.012388118,0.9349571
36,81,Stage 0,Stage 0,0.012646548,0.9575083
36,82,Stage 0,Stage 0,0.35013327,0.6438944
36,83,Stage 0,Stage 0,0.01821676,0.9686132
36,84,Stage 4,Stage 4,0.7425312,0.7425312
36,85,Stage 0,Stage 0,0.053037997,0.90804976
36,86,Stage 0,Stage 4,0.50444055,0.50444055
36,87,Stage 0,Stage 0,0.1854953,0.7971834
36,88,Stage 0,Stage 0,0.23705126,0.75677514
36,89,Stage 0,Stage 0,0.0128569,0.95210373
36,90,Stage 4,Stage 0,0.32028094,0.6759507
36,91,Stage 0,Stage 4,0.5786983,0.5786983
36,92,Stage 0,Stage 0,0.06832413,0.86711884
36,93,Stage 4,Stage 4,0.84440726,0.84440726
36,94,Stage 0,Stage 0,0.0038810165,0.9559737
36,95,Stage 0,Stage 0,0.012289576,0.94539213
36,96,Stage 0,Stage 0,0.034291923,0.9549707
36,97,Stage 0,Stage 0,0.01793865,0.92415893
36,98,Stage 0,Stage 0,0.002950179,0.94740605
36,99,Stage 0,Stage 0,0.023380088,0.9269725
36,100,Stage 0,Stage 0,0.019440962,0.8893889
36,101,Stage 0,Stage 0,0.0075166184,0.96853876
36,102,Stage 0,Stage 0,0.0016853287,0.6830309
36,103,Stage 0,Stage 0,0.008223187,0.97284025
36,104,Stage 0,Stage 0,0.0070160045,0.95802724
36,105,Stage 0,Stage 0,0.07046057,0.9224623
36,106,Stage 0,Stage 0,0.0011472789,0.67929226
36,107,Stage 0,Stage 0,0.1388934,0.85449576
36,108,Stage 0,Stage 0,0.028755533,0.9142055
36,109,Stage 0,Stage 0,0.0041489415,0.9110622
36,110,Stage 0,Stage 0,0.0013178956,0.9412242
36,111,Stage 0,Stage 0,0.023417568,0.9620208
36,112,Stage 3,Stage 0,0.0021123723,0.76339257
36,113,Stage 0,Stage 0,0.0015803454,0.89157
36,114,Stage 0,Stage 0,0.0036962254,0.9632608
36,115,Stage 0,Stage 0,0.022348214,0.9597911
36,116,Stage 0,Stage 0,0.00078754406,0.512488
36,117,Stage 0,Stage 0,0.0022646615,0.69820184
36,118,Stage 0,Stage 0,0.21690248,0.77355695
36,119,Stage 0,Stage 0,0.01747927,0.91344744
36,120,Stage 0,Stage 0,0.0011767371,0.47191006
36,121,Stage 0,Stage 0,0.0008809,0.47272503
36,122,Stage 0,Stage 0,0.0013264401,0.469617
36,123,Stage 3,Stage 0,0.0010772318,0.7253222
36,124,Stage 0,Stage 0,0.0010970994,0.93837434
36,125,Stage 3,Stage 3,0.0005439789,0.6960337
36,126,Stage 0,Stage 3,0.00084126653,0.5643157
36,127,Stage 0,Stage 0,0.0010669652,0.37369215
36,128,Stage 0,Stage 0,0.0032859908,0.52588266
36,129,Stage 3,Stage 3,0.00090327597,0.8704588
36,130,Stage 0,Stage 0,0.0010025905,0.6021737
36,131,Stage 3,Stage 3,0.0006573878,0.927276
36,132,Stage 3,Stage 0,0.00094826083,0.5024151
36,133,Stage 3,Stage 3,0.000887683,0.45903704
36,134,Stage 3,Stage 3,0.00083073584,0.5646252
36,135,Stage 3,Stage 2,0.00082867115,0.654362
36,136,Stage 3,Stage 3,0.00074038,0.7176543
36,137,Stage 3,Stage 3,0.00085251196,0.5739962
36,138,Stage 3,Stage 3,0.00082604395,0.58981776
36,139,Stage 3,Stage 3,0.00081333495,0.6396698
36,140,Stage 3,Stage 2,0.0009792432,0.5607771
36,141,Stage 3,Stage 3,0.0007127272,0.68219113
36,142,Stage 3,Stage 3,0.0008722226,0.49748677
36,143,Stage 3,Stage 3,0.00086499256,0.61350185
36,144,Stage 3,Stage 3,0.0008250762,0.5607785
36,145,Stage 3,Stage 3,0.00088305573,0.6557318
36,146,Stage 3,Stage 3,0.0007675401,0.7462088
36,147,Stage 3,Stage 3,0.00073274755,0.7830224
36,148,Stage 3,Stage 3,0.0009309226,0.51842463
36,149,Stage 3,Stage 3,0.00078455487,0.8108675
36,150,Stage 3,Stage 3,0.0008296563,0.5622933
36,151,Stage 3,Stage 3,0.0007143862,0.8469299
36,152,Stage 3,Stage 3,0.0006866028,0.84973675
36,153,Stage 3,Stage 3,0.0007701058,0.7556606
36,154,Stage 3,Stage 3,0.0006455518,0.8356321
36,155,Stage 3,Stage 3,0.0006719165,0.85583866
36,156,Stage 3,Stage 3,0.00074914953,0.8238505
36,157,Stage 3,Stage 3,0.0007660599,0.7830274
36,158,Stage 3,Stage 3,0.0007232461,0.8473969
39,1,Stage 4,Stage 4,0.5435138,0.5435138
39,2,Stage 4,Stage 4,0.7140061,0.7140061
39,3,Stage 4,Stage 4,0.97988945,0.97988945
39,4,Stage 4,Stage 4,0.8515456,0.8515456
39,5,Stage 4,Stage 4,0.9403893,0.9403893
39,6,Stage 4,Stage 4,0.73608965,0.73608965
39,7,Stage 4,Stage 4,0.91951877,0.91951877
39,8,Stage 4,Stage 4,0.9460219,0.9460219
39,9,Stage 4,Stage 4,0.96639055,0.96639055
39,10,Stage 4,Stage 4,0.9642682,0.9642682
39,11,Stage 4,Stage 4,0.61182904,0.61182904
39,12,Stage 4,Stage 4,0.86979705,0.86979705
39,13,Stage 4,Stage 4,0.949784,0.949784
39,14,Stage 4,Stage 0,0.42141333,0.5746984
39,15,Stage 4,Stage 4,0.94861627,0.94861627
39,16,Stage 4,Stage 4,0.8209283,0.8209283
39,17,Stage 4,Stage 0,0.4214969,0.5754779
39,18,Stage 4,Stage 4,0.6632128,0.6632128
39,19,Stage 4,Stage 4,0.9286384,0.9286384
39,20,Stage 4,Stage 4,0.89753634,0.89753634
39,21,Stage 4,Stage 4,0.52272993,0.52272993
39,22,Stage 4,Stage 4,0.7083872,0.7083872
39,23,Stage 4,Stage 4,0.5972718,0.5972718
39,24,Stage 4,Stage 4,0.81867665,0.81867665
39,25,Stage 4,Stage 4,0.9215661,0.9215661
39,26,Stage 4,Stage 4,0.91434383,0.91434383
39,27,Stage 0,Stage 4,0.8402964,0.8402964
39,28,Stage 4,Stage 4,0.9500567,0.9500567
39,29,Stage 4,Stage 4,0.93358153,0.93358153
39,30,Stage 0,Stage 0,0.1312498,0.8622938
39,31,Stage 4,Stage 4,0.79175675,0.79175675
39,32,Stage 4,Stage 4,0.9722281,0.9722281
39,33,Stage 0,Stage 0,0.2661464,0.7258763
39,34,Stage 0,Stage 0,0.23259065,0.76424944
39,35,Stage 4,Stage 0,0.35461438,0.6410803
39,36,Stage 4,Stage 4,0.9560847,0.9560847
39,37,Stage 4,Stage 4,0.7034749,0.7034749
39,38,Stage 0,Stage 0,0.097880244,0.8894526
39,39,Stage 4,Stage 4,0.9508763,0.9508763
39,40,Stage 0,Stage 0,0.3757381,0.6135113
39,41,Stage 4,Stage 4,0.94210154,0.94210154
39,42,Stage 0,Stage 0,0.34716693,0.6469409
39,43,Stage 0,Stage 0,0.30325988,0.69419706
39,44,Stage 0,Stage 0,0.007610655,0.9397004
39,45,Stage 0,Stage 0,0.0156214675,0.9496746
39,46,Stage 0,Stage 4,0.83566296,0.83566296
39,47,Stage 0,Stage 0,0.08116235,0.88571644
39,48,Stage 0,Stage 0,0.2818098,0.7110774
39,49,Stage 4,Stage 4,0.94993716,0.94993716
39,50,Stage 0,Stage 0,0.0068233684,0.92365533
39,51,Stage 0,Stage 4,0.8978465,0.8978465
39,52,Stage 4,Stage 4,0.92400104,0.92400104
39,53,Stage 4,Stage 4,0.9495492,0.9495492
39,54,Stage 0,Stage 0,0.032907598,0.9622062
39,55,Stage 0,Stage 0,0.41057247,0.5825323
39,56,Stage 0,Stage 0,0.01065992,0.9431485
39,57,Stage 0,Stage 0,0.4660337,0.5296605
39,58,Stage 0,Stage 4,0.79632485,0.79632485
39,59,Stage 0,Stage 0,0.16438156,0.8228111
39,60,Stage 0,Stage 0,0.33166996,0.65992236
39,61,Stage 0,Stage 0,0.46712154,0.50769067
39,62,Stage 4,Stage 0,0.4077298,0.5848148
39,63,Stage 0,Stage 0,0.1413527,0.8495479
39,64,Stage 4,Stage 4,0.72624046,0.72624046
39,65,Stage 0,Stage 0,0.013108058,0.93483174
39,66,Stage 0,Stage 0,0.0061298516,0.9817594
39,67,Stage 0,Stage 0,0.0057945685,0.92758864
39,68,Stage 0,Stage 0,0.06308785,0.9134378
39,69,Stage 0,Stage 2,0.0011973825,0.4773634
39,70,Stage 0,Stage 0,0.032372177,0.9006338
39,71,Stage 0,Stage 4,0.580122,0.580122
39,72,Stage 0,Stage 0,0.022014795,0.9676926
39,73,Stage 0,Stage 0,0.07741742,0.8974848
39,74,Stage 0,Stage 4,0.96679413,0.96679413
39,75,Stage 0,Stage 0,0.0068244254,0.8715964
39,76,Stage 0,Stage 0,0.0021580188,0.93967503
39,77,Stage 0,Stage 0,0.009476411,0.91141796
39,78,Stage 0,Stage 0,0.007825141,0.89673173
39,79,Stage 0,Stage 0,0.21023427,0.777478
39,80,Stage 0,Stage 0,0.061794646,0.9279023
39,81,Stage 0,Stage 0,0.013014341,0.96251357
39,82,Stage 0,Stage 0,0.0012673318,0.8220863
39,83,Stage 0,Stage 0,0.0013239497,0.7836274
39,84,Stage 0,Stage 0,0.0014253444,0.69502497
39,85,Stage 0,Stage 0,0.020900076,0.9682566
39,86,Stage 0,Stage 0,0.0020403012,0.86632377
39,87,Stage 0,Stage 0,0.0011429462,0.54779285
39,88,Stage 0,Stage 0,0.0121558085,0.9680908
39,89,Stage 0,Stage 0,0.009883202,0.7902144
39,90,Stage 0,Stage 0,0.0011588894,0.8732599
39,91,Stage 0,Stage 0,0.0013839566,0.61586547
39,92,Stage 0,Stage 0,0.0013430793,0.7746665
39,93,Stage 0,Stage 0,0.008846593,0.97985727
39,94,Stage 0,Stage 0,0.0034527988,0.9750795
39,95,Stage 0,Stage 0,0.009088333,0.94077665
39,96,Stage 3,Stage 3,0.0010874746,0.4564891
39,97,Stage 0,Stage 0,0.0032994817,0.90090156
39,98,Stage 0,Stage 0,0.0019509365,0.8347097
39,99,Stage 0,Stage 2,0.00096893654,0.4508056
39,100,Stage 0,Stage 3,0.00069901603,0.7648977
39,101,Stage 0,Stage 0,0.001908915,0.9060258
39,102,Stage 3,Stage 2,0.0014723665,0.7671195
39,103,Stage 3,Stage 3,0.0008209193,0.5019101
39,104,Stage 3,Stage 3,0.0013371328,0.41651207
39,105,Stage 3,Stage 3,0.0007711284,0.3729083
39,106,Stage 3,Stage 3,0.0020077135,0.9346201
39,107,Stage 3,Stage 2,0.001107403,0.5322304
39,108,Stage 0,Stage 0,0.0019307422,0.9764014
39,109,Stage 3,Stage 2,0.0008170611,0.5147021
39,110,Stage 3,Stage 2,0.00086442643,0.5164622
39,111,Stage 3,Stage 2,0.0012102206,0.73231626
39,112,Stage 3,Stage 3,0.000805117,0.7975913
39,113,Stage 3,Stage 3,0.0005996366,0.90923417
39,114,Stage 3,Stage 3,0.0007030889,0.87464
39,115,Stage 3,Stage 3,0.00083335623,0.5774652
39,116,Stage 3,Stage 3,0.0008980002,0.552552
39,117,Stage 3,Stage 3,0.00080729055,0.7559174
39,118,Stage 3,Stage 3,0.0008984566,0.5520562
39,119,Stage 3,Stage 3,0.0005785152,0.8934607
39,120,Stage 3,Stage 3,0.00071056455,0.858946
39,121,Stage 3,Stage 3,0.00065112446,0.86602926
39,122,Stage 3,Stage 3,0.0007845268,0.8043414
39,123,Stage 3,Stage 3,0.0007701629,0.8186541
39,124,Stage 3,Stage 3,0.0006486187,0.885024
39,125,Stage 3,Stage 2,0.0012339419,0.66988564
39,126,Stage 3,Stage 3,0.0007788759,0.85581267
39,127,Stage 3,Stage 3,0.00039446083,0.9478074
39,128,Stage 3,Stage 3,0.0004626917,0.9221345
42,1,Stage 1,Stage 1,0.12079307,0.8776448
42,2,Stage 1,Stage 1,0.0024186845,0.9973123
42,3,Stage 4,Stage 4,0.9384004,0.9384004
42,4,Stage 1,Stage 1,0.020620365,0.9783608
42,5,Stage 4,Stage 4,0.5502236,0.5502236
42,6,Stage 1,Stage 1,0.09317527,0.9055414
42,7,Stage 1,Stage 1,0.09415989,0.9043346
42,8,Stage 1,Stage 1,0.10385815,0.89444023
42,9,Stage 1,Stage 1,0.12690042,0.8709934
42,10,Stage 4,Stage 4,0.6482563,0.6482563
42,11,Stage 1,Stage 4,0.90297955,0.90297955
42,12,Stage 4,Stage 4,0.96224195,0.96224195
42,13,Stage 1,Stage 4,0.94594735,0.94594735
42,14,Stage 1,Stage 4,0.62243456,0.62243456
42,15,Stage 1,Stage 4,0.9166223,0.9166223
42,16,Stage 1,Stage 1,0.1565564,0.841801
42,17,Stage 1,Stage 4,0.8253766,0.8253766
42,18,Stage 1,Stage 1,0.00799217,0.99146956
42,19,Stage 1,Stage 1,0.050204273,0.94822437
42,20,Stage 1,Stage 1,0.34684277,0.6498498
42,21,Stage 1,Stage 1,0.10192269,0.89608353
42,22,Stage 1,Stage 1,0.044236716,0.954747
42,23,Stage 1,Stage 4,0.5619562,0.5619562
42,24,Stage 4,Stage 4,0.7129224,0.7129224
42,25,Stage 4,Stage 4,0.76139444,0.76139444
42,26,Stage 4,Stage 1,0.04142583,0.95711637
42,27,Stage 1,Stage 1,0.022363689,0.97661364
42,28,Stage 1,Stage 1,0.3128744,0.68489736
42,29,Stage 1,Stage 1,0.014448902,0.9848194
42,30,Stage 1,Stage 4,0.8326871,0.8326871
42,31,Stage 1,Stage 1,0.22495194,0.7729815
42,32,Stage 4,Stage 4,0.68213814,0.68213814
42,33,Stage 4,Stage 4,0.8039411,0.8039411
42,34,Stage 1,Stage 1,0.11148587,0.8864422
42,35,Stage 1,Stage 1,0.017222721,0.98195213
42,36,Stage 1,Stage 4,0.5143431,0.5143431
42,37,Stage 4,Stage 1,0.16211735,0.8360606
42,38,Stage 1,Stage 1,0.048961785,0.94966054
42,39,Stage 4,Stage 4,0.70337903,0.70337903
42,40,Stage 4,Stage 4,0.71430784,0.71430784
42,41,Stage 1,Stage 1,0.0051675644,0.9944179
42,42,Stage 1,Stage 1,0.07498337,0.92352283
42,43,Stage 1,Stage 1,0.06543327,0.9336868
42,44,Stage 1,Stage 4,0.5091346,0.5091346
42,45,Stage 4,Stage 4,0.80419445,0.80419445
42,46,Stage 1,Stage 4,0.84447443,0.84447443
42,47,Stage 1,Stage 1,0.433517,0.5632241
42,48,Stage 1,Stage 1,0.30793056,0.690013
42,49,Stage 1,Stage 1,0.22636941,0.77170086
42,50,Stage 4,Stage 1,0.4815543,0.5160435
42,51,Stage 1,Stage 1,0.06091149,0.9377372
42,52,Stage 1,Stage 1,0.40657496,0.5907246
42,53,Stage 1,Stage 1,0.020346634,0.97878087
42,54,Stage 1,Stage 1,0.34717727,0.65067536
42,55,Stage 1,Stage 1,0.020638186,0.9785741
42,56,Stage 1,Stage 1,0.38223466,0.61476785
42,57,Stage 4,Stage 4,0.9667722,0.9667722
42,58,Stage 4,Stage 4,0.7186338,0.7186338
42,59,Stage 1,Stage 4,0.5301608,0.5301608
42,60,Stage 1,Stage 4,0.62070537,0.62070537
42,61,Stage 4,Stage 4,0.85939944,0.85939944
42,62,Stage 4,Stage 4,0.9180615,0.9180615
42,63,Stage 4,Stage 1,0.3134248,0.68475693
42,64,Stage 4,Stage 1,0.08237967,0.9166289
42,65,Stage 1,Stage 1,0.094069876,0.9046517
42,66,Stage 4,Stage 4,0.931304,0.931304
42,67,Stage 4,Stage 4,0.88191587,0.88191587
42,68,Stage 1,Stage 4,0.8743474,0.8743474
42,69,Stage 1,Stage 4,0.977216,0.977216
42,70,Stage 4,Stage 4,0.6380688,0.6380688
42,71,Stage 4,Stage 4,0.5667662,0.5667662
42,72,Stage 4,Stage 4,0.8756492,0.8756492
42,73,Stage 4,Stage 4,0.95998925,0.95998925
42,74,Stage 4,Stage 4,0.9833521,0.9833521
42,75,Stage 4,Stage 4,0.966271,0.966271
42,76,Stage 1,Stage 1,0.062107652,0.93685853
42,77,Stage 1,Stage 1,0.16374275,0.8343099
42,78,Stage 4,Stage 4,0.91120887,0.91120887
42,79,Stage 4,Stage 4,0.97145724,0.97145724
42,80,Stage 4,Stage 4,0.7281997,0.7281997
42,81,Stage 4,Stage 4,0.5476254,0.5476254
42,82,Stage 4,Stage 4,0.5447275,0.5447275
42,83,Stage 4,Stage 4,0.92599285,0.92599285
42,84,Stage 4,Stage 4,0.9229478,0.9229478
42,85,Stage 4,Stage 4,0.77680033,0.77680033
42,86,Stage 4,Stage 4,0.9483549,0.9483549
42,87,Stage 4,Stage 4,0.8802125,0.8802125
42,88,Stage 4,Stage 4,0.9096311,0.9096311
42,89,Stage 4,Stage 4,0.6353391,0.6353391
42,90,Stage 4,Stage 1,0.4682913,0.5296801
42,91,Stage 4,Stage 1,0.40707394,0.59031314
42,92,Stage 1,Stage 1,0.09661714,0.9021284
42,93,Stage 4,Stage 4,0.98337007,0.98337007
42,94,Stage 4,Stage 4,0.9813905,0.9813905
42,95,Stage 4,Stage 4,0.96773094,0.96773094
42,96,Stage 4,Stage 4,0.73076886,0.73076886
42,97,Stage 4,Stage 4,0.9671404,0.9671404
42,98,Stage 4,Stage 4,0.96026194,0.96026194
42,99,Stage 4,Stage 1,0.37015894,0.62696624
42,100,Stage 4,Stage 4,0.83838725,0.83838725
42,101,Stage 4,Stage 4,0.80071324,0.80071324
42,102,Stage 4,Stage 4,0.95981157,0.95981157
42,103,Stage 4,Stage 4,0.89058757,0.89058757
42,104,Stage 4,Stage 4,0.7887017,0.7887017
42,105,Stage 4,Stage 4,0.9305771,0.9305771
42,106,Stage 4,Stage 4,0.9262372,0.9262372
42,107,Stage 4,Stage 4,0.7714054,0.7714054
42,108,Stage 4,Stage 4,0.69283736,0.69283736
42,109,Stage 4,Stage 4,0.8890995,0.8890995
42,110,Stage 4,Stage 4,0.87639314,0.87639314
42,111,Stage 4,Stage 4,0.96516967,0.96516967
42,112,Stage 4,Stage 4,0.9559872,0.9559872
42,113,Stage 4,Stage 4,0.95258224,0.95258224
42,114,Stage 4,Stage 4,0.96534294,0.96534294
42,115,Stage 4,Stage 4,0.93921393,0.93921393
42,116,Stage 4,Stage 0,0.32563645,0.6631409
42,117,Stage 4,Stage 4,0.81494975,0.81494975
42,118,Stage 4,Stage 4,0.98931587,0.98931587
42,119,Stage 4,Stage 4,0.89864594,0.89864594
42,120,Stage 4,Stage 4,0.8592833,0.8592833
42,121,Stage 4,Stage 4,0.8631025,0.8631025
42,122,Stage 4,Stage 4,0.8125721,0.8125721
42,123,Stage 0,Stage 0,0.027726324,0.8976614
42,124,Stage 4,Stage 4,0.8568162,0.8568162
42,125,Stage 4,Stage 4,0.9390983,0.9390983
42,126,Stage 4,Stage 4,0.8400254,0.8400254
42,127,Stage 4,Stage 4,0.94098234,0.94098234
42,128,Stage 4,Stage 4,0.94831246,0.94831246
42,129,Stage 0,Stage 0,0.41012797,0.57907844
42,130,Stage 4,Stage 4,0.89652646,0.89652646
42,131,Stage 4,Stage 0,0.46687675,0.52976716
42,132,Stage 0,Stage 4,0.95673865,0.95673865
42,133,Stage 0,Stage 0,0.40265322,0.5898999
42,134,Stage 0,Stage 0,0.33897343,0.6561771
42,135,Stage 4,Stage 4,0.84989876,0.84989876
42,136,Stage 0,Stage 0,0.11248918,0.88391834
42,137,Stage 4,Stage 0,0.05065471,0.9412595
42,138,Stage 0,Stage 0,0.07956281,0.9161058
42,139,Stage 4,Stage 0,0.40251932,0.59497285
42,140,Stage 4,Stage 0,0.13581459,0.85671663
42,141,Stage 0,Stage 0,0.05792218,0.91328245
42,142,Stage 4,Stage 4,0.90546775,0.90546775
42,143,Stage 0,Stage 0,0.0060367635,0.9469958
42,144,Stage 0,Stage 0,0.0021010418,0.93717414
42,145,Stage 0,Stage 0,0.0037928657,0.9828928
42,146,Stage 0,Stage 0,0.060003262,0.9348582
42,147,Stage 0,Stage 0,0.07856986,0.9180988
42,148,Stage 0,Stage 0,0.02739013,0.9189336
42,149,Stage 0,Stage 0,0.046671025,0.9012414
42,150,Stage 0,Stage 0,0.0015980344,0.9336864
42,151,Stage 0,Stage 0,0.0067015435,0.91532093
42,152,Stage 0,Stage 4,0.80493766,0.80493766
42,153,Stage 0,Stage 0,0.0097606275,0.98390996
42,154,Stage 0,Stage 0,0.044949993,0.9495499
42,155,Stage 0,Stage 0,0.034504957,0.95697963
42,156,Stage 0,Stage 0,0.004987882,0.9262268
42,157,Stage 0,Stage 0,0.002260314,0.95555294
42,158,Stage 0,Stage 0,0.0023949319,0.9267227
42,159,Stage 0,Stage 0,0.053413145,0.9374878
42,160,Stage 0,Stage 2,0.0013324119,0.4978257
42,161,Stage 0,Stage 0,0.019033894,0.94206464
42,162,Stage 0,Stage 0,0.0037329511,0.916748
42,163,Stage 0,Stage 0,0.0065132217,0.94379985
42,164,Stage 0,Stage 0,0.0011198899,0.8469314
42,165,Stage 0,Stage 0,0.0063775736,0.9739024
42,166,Stage 0,Stage 0,0.0009807876,0.71394557
42,167,Stage 0,Stage 0,0.0008514738,0.55058235
42,168,Stage 0,Stage 0,0.00097393803,0.6425228
42,169,Stage 3,Stage 2,0.0012853364,0.670416
42,170,Stage 0,Stage 0,0.00419581,0.7543906
42,171,Stage 0,Stage 3,0.00085729087,0.5552298
42,172,Stage 3,Stage 3,0.0009581584,0.51400447
42,173,Stage 3,Stage 0,0.0008111012,0.4936787
42,174,Stage 0,Stage 0,0.00096971344,0.61242354
42,175,Stage 3,Stage 3,0.00092163385,0.7475837
42,176,Stage 0,Stage 0,0.0014325161,0.58467484
42,177,Stage 3,Stage 3,0.00087256724,0.44309157
42,178,Stage 3,Stage 2,0.0010734797,0.62733126
42,179,Stage 3,Stage 3,0.0011010093,0.7857349
42,180,Stage 3,Stage 3,0.00083040184,0.52089745
42,181,Stage 3,Stage 3,0.00070159166,0.8734736
42,182,Stage 3,Stage 3,0.0010014498,0.8247312
42,183,Stage 3,Stage 3,0.0007753775,0.774299
42,184,Stage 3,Stage 3,0.00095860724,0.5257182
42,185,Stage 3,Stage 3,0.00088620186,0.57930076
42,186,Stage 3,Stage 3,0.0006838631,0.85163283
42,187,Stage 3,Stage 3,0.0007953834,0.57592285
42,188,Stage 3,Stage 3,0.0007964687,0.7603703
42,189,Stage 3,Stage 3,0.00081163336,0.75591505
42,190,Stage 3,Stage 3,0.00080496195,0.7579214
42,191,Stage 3,Stage 3,0.0008749882,0.5817547
42,192,Stage 3,Stage 3,0.0008205656,0.5686021
42,193,Stage 3,Stage 2,0.0009502395,0.5163307
42,194,Stage 3,Stage 3,0.00060730614,0.8976777
42,195,Stage 3,Stage 3,0.00073016743,0.783997
42,196,Stage 3,Stage 3,0.0007743913,0.84077466
44,1,Stage 1,Stage 1,0.015310424,0.98392695
44,2,Stage 1,Stage 1,0.4132801,0.58493066
44,3,Stage 1,Stage 1,0.16323815,0.83474386
44,4,Stage 1,Stage 1,0.013920484,0.9853876
44,5,Stage 1,Stage 1,0.0057105874,0.99384934
44,6,Stage 1,Stage 1,0.20179616,0.79630834
44,7,Stage 1,Stage 1,0.2744438,0.723588
44,8,Stage 1,Stage 1,0.016362451,0.9827931
44,9,Stage 1,Stage 1,0.0154663045,0.983779
44,10,Stage 1,Stage 1,0.06408964,0.9348363
44,11,Stage 1,Stage 1,0.34013316,0.6575025
44,12,Stage 1,Stage 1,0.28817454,0.710114
44,13,Stage 1,Stage 1,0.024347518,0.9746894
44,14,Stage 1,Stage 1,0.027321827,0.971903
44,15,Stage 1,Stage 4,0.5284784,0.5284784
44,16,Stage 1,Stage 1,0.0023850757,0.9972274
44,17,Stage 1,Stage 1,0.0011352877,0.9986412
44,18,Stage 1,Stage 1,0.12626985,0.8724475
44,19,Stage 1,Stage 1,0.13804722,0.86095256
44,20,Stage 1,Stage 1,0.0010541768,0.9986663
44,21,Stage 1,Stage 4,0.6334859,0.6334859
44,22,Stage 1,Stage 4,0.7727489,0.7727489
44,23,Stage 1,Stage 1,0.0047891093,0.9947247
44,24,Stage 1,Stage 1,0.003200188,0.9963282
44,25,Stage 1,Stage 1,0.011189955,0.9879595
44,26,Stage 1,Stage 1,0.1522068,0.8458674
44,27,Stage 1,Stage 1,0.014065947,0.9851267
44,28,Stage 1,Stage 1,0.043198645,0.95532006
44,29,Stage 1,Stage 1,0.028796602,0.9701375
44,30,Stage 1,Stage 1,0.016780008,0.9825706
44,31,Stage 1,Stage 1,0.10264532,0.89537096
44,32,Stage 1,Stage 1,0.1130255,0.8854853
44,33,Stage 1,Stage 1,0.027719164,0.9712966
44,34,Stage 1,Stage 1,0.33935824,0.6582274
44,35,Stage 1,Stage 1,0.022193851,0.9768851
44,36,Stage 1,Stage 1,0.05149389,0.9470016
44,37,Stage 1,Stage 1,0.01775122,0.98146904
44,38,Stage 1,Stage 1,0.026539493,0.97251374
44,39,Stage 1,Stage 1,0.10968714,0.8885714
44,40,Stage 1,Stage 1,0.0010106153,0.99878126
44,41,Stage 1,Stage 1,0.0017389525,0.99801767
44,42,Stage 1,Stage 1,0.07726178,0.9212292
44,43,Stage 1,Stage 4,0.667566,0.667566
44,44,Stage 1,Stage 1,0.0010671044,0.9987503
44,45,Stage 1,Stage 1,0.011980849,0.98728174
44,46,Stage 1,Stage 1,0.1432018,0.85546035
44,47,Stage 4,Stage 4,0.6087721,0.6087721
44,48,Stage 1,Stage 1,0.0046811826,0.99491173
44,49,Stage 1,Stage 1,0.015631007,0.9836902
44,50,Stage 1,Stage 1,0.025560033,0.9734135
44,51,Stage 1,Stage 1,0.10725875,0.8907104
44,52,Stage 1,Stage 1,0.010552133,0.9890036
44,53,Stage 1,Stage 1,0.010016045,0.9892763
44,54,Stage 1,Stage 4,0.8234651,0.8234651
44,55,Stage 1,Stage 1,0.003690654,0.99588996
44,56,Stage 1,Stage 1,0.042126473,0.9564778
44,57,Stage 1,Stage 1,0.0021216585,0.99756587
44,58,Stage 1,Stage 1,0.25741684,0.7402325
44,59,Stage 1,Stage 1,0.05784062,0.9404583
44,60,Stage 1,Stage 1,0.20241398,0.7960271
44,61,Stage 1,Stage 1,0.0064961417,0.9929726
44,62,Stage 1,Stage 1,0.1967056,0.8008378
44,63,Stage 1,Stage 1,0.26205558,0.7357805
44,64,Stage 1,Stage 1,0.326725,0.6704256
44,65,Stage 1,Stage 1,0.13539374,0.86246365
44,66,Stage 1,Stage 1,0.16560774,0.83282125
44,67,Stage 1,Stage 1,0.20606326,0.7917329
44,68,Stage 1,Stage 1,0.24046665,0.7567287
44,69,Stage 1,Stage 4,0.7262646,0.7262646
44,70,Stage 1,Stage 1,0.039663058,0.9591529
44,71,Stage 1,Stage 1,0.039941605,0.9589407
44,72,Stage 1,Stage 1,0.18505149,0.81243104
44,73,Stage 4,Stage 1,0.19540092,0.8029621
44,74,Stage 1,Stage 1,0.019157808,0.98010767
44,75,Stage 1,Stage 1,0.045385737,0.95374936
44,76,Stage 1,Stage 1,0.17727889,0.82125014
44,77,Stage 1,Stage 4,0.9592752,0.9592752
44,78,Stage 1,Stage 1,0.31964487,0.6769862
44,79,Stage 1,Stage 4,0.70741785,0.70741785
44,80,Stage 1,Stage 4,0.6490956,0.6490956
44,81,Stage 4,Stage 4,0.8081081,0.8081081
44,82,Stage 4,Stage 4,0.7782628,0.7782628
44,83,Stage 1,Stage 1,0.0027808626,0.9968516
44,84,Stage 1,Stage 1,0.16906035,0.82945627
44,85,Stage 1,Stage 1,0.3758822,0.6214881
44,86,Stage 4,Stage 1,0.46315783,0.53397626
44,87,Stage 1,Stage 4,0.7368904,0.7368904
44,88,Stage 1,Stage 4,0.9261471,0.9261471
44,89,Stage 1,Stage 4,0.92024386,0.92024386
44,90,Stage 4,Stage 1,0.1210017,0.87717146
44,91,Stage 4,Stage 4,0.5307414,0.5307414
44,92,Stage 4,Stage 4,0.94787794,0.94787794
44,93,Stage 1,Stage 1,0.16524604,0.8333068
44,94,Stage 4,Stage 1,0.41553897,0.5821332
44,95,Stage 1,Stage 1,0.12889984,0.8695845
44,96,Stage 4,Stage 1,0.44080937,0.5569196
44,97,Stage 4,Stage 4,0.93965656,0.93965656
44,98,Stage 4,Stage 4,0.9657854,0.9657854
44,99,Stage 4,Stage 1,0.41806278,0.57731885
44,100,Stage 1,Stage 4,0.56310076,0.56310076
44,101,Stage 1,Stage 1,0.48485205,0.5127679
44,102,Stage 4,Stage 4,0.69788593,0.69788593
44,103,Stage 1,Stage 1,0.29956165,0.69808733
44,104,Stage 4,Stage 4,0.8717252,0.8717252
44,105,Stage 4,Stage 4,0.9399382,0.9399382
44,106,Stage 4,Stage 4,0.9358507,0.9358507
44,107,Stage 4,Stage 4,0.9063356,0.9063356
44,108,Stage 4,Stage 4,0.90040964,0.90040964
44,109,Stage 4,Stage 1,0.24409544,0.75327814
44,110,Stage 4,Stage 1,0.16779722,0.8304389
44,111,Stage 4,Stage 4,0.9685139,0.9685139
44,112,Stage 4,Stage 4,0.879763,0.879763
44,113,Stage 4,Stage 4,0.9660646,0.9660646
44,114,Stage 4,Stage 4,0.983105,0.983105
44,115,Stage 4,Stage 4,0.87832344,0.87832344
44,116,Stage 4,Stage 4,0.8702467,0.8702467
44,117,Stage 4,Stage 4,0.9499333,0.9499333
44,118,Stage 4,Stage 4,0.90529084,0.90529084
44,119,Stage 4,Stage 1,0.4159437,0.5818578
44,120,Stage 4,Stage 4,0.79737055,0.79737055
44,121,Stage 4,Stage 4,0.93930006,0.93930006
44,122,Stage 4,Stage 4,0.7897922,0.7897922
44,123,Stage 4,Stage 4,0.9753703,0.9753703
44,124,Stage 4,Stage 4,0.9761227,0.9761227
44,125,Stage 4,Stage 4,0.71167505,0.71167505
44,126,Stage 4,Stage 4,0.83816075,0.83816075
44,127,Stage 4,Stage 4,0.97596496,0.97596496
44,128,Stage 4,Stage 4,0.7737543,0.7737543
44,129,Stage 4,Stage 4,0.95422834,0.95422834
44,130,Stage 4,Stage 4,0.9410214,0.9410214
44,131,Stage 4,Stage 4,0.953514,0.953514
44,132,Stage 4,Stage 4,0.9326354,0.9326354
44,133,Stage 4,Stage 4,0.9567729,0.9567729
44,134,Stage 4,Stage 4,0.9906213,0.9906213
44,135,Stage 0,Stage 4,0.7232665,0.7232665
44,136,Stage 4,Stage 4,0.8629705,0.8629705
44,137,Stage 4,Stage 4,0.81692785,0.81692785
44,138,Stage 4,Stage 0,0.49737617,0.49918
44,139,Stage 0,Stage 0,0.25813046,0.73029286
44,140,Stage 0,Stage 4,0.8899065,0.8899065
44,141,Stage 4,Stage 4,0.932443,0.932443
44,142,Stage 0,Stage 0,0.2693679,0.72655475
44,143,Stage 4,Stage 4,0.83293736,0.83293736
44,144,Stage 0,Stage 0,0.22247332,0.77140784
44,145,Stage 0,Stage 0,0.35375065,0.6427842
44,146,Stage 0,Stage 0,0.05983329,0.90077907
44,147,Stage 4,Stage 4,0.9379686,0.9379686
44,148,Stage 0,Stage 4,0.77752703,0.77752703
44,149,Stage 0,Stage 0,0.008151757,0.94342875
44,150,Stage 0,Stage 0,0.029845668,0.9554071
44,151,Stage 0,Stage 0,0.024117485,0.9345286
44,152,Stage 0,Stage 0,0.0037546693,0.74873644
44,153,Stage 0,Stage 0,0.001395128,0.71027064
44,154,Stage 0,Stage 0,0.06401172,0.9274897
44,155,Stage 0,Stage 0,0.0023985773,0.8364819
44,156,Stage 0,Stage 4,0.9596091,0.9596091
44,157,Stage 0,Stage 0,0.0862354,0.907716
44,158,Stage 0,Stage 0,0.006659208,0.9551811
44,159,Stage 0,Stage 3,0.0008905478,0.5896374
44,160,Stage 0,Stage 0,0.020037593,0.9616743
44,161,Stage 0,Stage 0,0.07445139,0.91162133
44,162,Stage 0,Stage 0,0.0026179587,0.7754053
44,163,Stage 0,Stage 0,0.003117256,0.84171456
44,164,Stage 0,Stage 0,0.15473358,0.83649886
44,165,Stage 0,Stage 0,0.0013839185,0.673228
44,166,Stage 0,Stage 2,0.0014046609,0.5495944
44,167,Stage 0,Stage 0,0.0015148894,0.89764893
44,168,Stage 0,Stage 0,0.000972052,0.5261817
44,169,Stage 0,Stage 2,0.0011971565,0.50496185
44,170,Stage 0,Stage 2,0.0020829192,0.64316887
44,171,Stage 3,Stage 2,0.0011584741,0.4740286
44,172,Stage 3,Stage 2,0.0011356844,0.5354875
44,173,Stage 3,Stage 3,0.0010864933,0.7356369
44,174,Stage 3,Stage 3,0.0010571897,0.3969777
44,175,Stage 0,Stage 3,0.0009219658,0.5729098
44,176,Stage 3,Stage 3,0.0008673173,0.67636347
44,177,Stage 3,Stage 3,0.0009508687,0.60871214
44,178,Stage 3,Stage 3,0.0008419346,0.52356267
44,179,Stage 3,Stage 3,0.00086131017,0.5148227
44,180,Stage 3,Stage 3,0.00087807927,0.59741026
44,181,Stage 3,Stage 2,0.00084524427,0.50787985
44,182,Stage 3,Stage 3,0.0008916724,0.5808189
44,183,Stage 3,Stage 3,0.00095618825,0.5782298
44,184,Stage 3,Stage 3,0.0008573199,0.7421351
44,185,Stage 3,Stage 3,0.00066848536,0.87178916
44,186,Stage 3,Stage 3,0.0008241259,0.6865012
44,187,Stage 3,Stage 3,0.0008100039,0.75439745
44,188,Stage 3,Stage 3,0.0006861786,0.8573966
44,189,Stage 3,Stage 2,0.0010245151,0.55006427
44,190,Stage 3,Stage 3,0.0007715862,0.83714616
44,191,Stage 3,Stage 3,0.0009341605,0.5669876
44,192,Stage 3,Stage 3,0.001191191,0.5508329
46,1,Stage 1,Stage 1,0.004546357,0.99501497
46,2,Stage 1,Stage 1,0.024624372,0.9735391
46,3,Stage 1,Stage 1,0.0078642005,0.9916189
46,4,Stage 1,Stage 1,0.006174604,0.9932842
46,5,Stage 1,Stage 1,0.0036563321,0.99589705
46,6,Stage 1,Stage 1,0.0016057242,0.99813664
46,7,Stage 1,Stage 1,0.008777508,0.9905624
46,8,Stage 1,Stage 1,0.007927384,0.9914009
46,9,Stage 1,Stage 1,0.0004434358,0.9994148
46,10,Stage 1,Stage 1,0.0011810213,0.998606
46,11,Stage 1,Stage 1,0.0069150287,0.9925614
46,12,Stage 1,Stage 1,0.011262775,0.9880972
46,13,Stage 1,Stage 1,0.0014790558,0.99829286
46,14,Stage 1,Stage 1,0.002066128,0.9976162
46,15,Stage 1,Stage 1,0.0064429636,0.9931431
46,16,Stage 1,Stage 1,0.0020770058,0.9976101
46,17,Stage 1,Stage 1,0.001038577,0.9987174
46,18,Stage 1,Stage 1,0.02480667,0.97440434
46,19,Stage 1,Stage 1,0.0067598014,0.992695
46,20,Stage 1,Stage 1,0.010142663,0.98919266
46,21,Stage 1,Stage 1,0.005435756,0.9940661
46,22,Stage 1,Stage 1,0.0040397868,0.9955059
46,23,Stage 1,Stage 1,0.00060926937,0.9991912
46,24,Stage 1,Stage 1,0.029876389,0.96883035
46,25,Stage 1,Stage 1,0.0026013497,0.99706954
46,26,Stage 1,Stage 1,0.004329384,0.99519956
46,27,Stage 1,Stage 1,0.042478293,0.9565641
46,28,Stage 1,Stage 1,0.0008816272,0.9988827
46,29,Stage 1,Stage 1,0.015486711,0.9834499
46,30,Stage 1,Stage 1,0.010504549,0.988813
46,31,Stage 1,Stage 1,0.001724132,0.9980305
46,32,Stage 1,Stage 1,0.0012035766,0.9985373
46,33,Stage 1,Stage 1,0.031230858,0.9675354
46,34,Stage 1,Stage 1,0.0040459437,0.9955571
46,35,Stage 1,Stage 1,0.0013371051,0.9983987
46,36,Stage 1,Stage 1,0.045717083,0.9533208
46,37,Stage 1,Stage 1,0.0053826873,0.99406755
46,38,Stage 1,Stage 1,0.0012632428,0.998432
46,39,Stage 1,Stage 1,0.0020627605,0.99762005
46,40,Stage 1,Stage 1,0.0015465554,0.9981311
46,41,Stage 1,Stage 1,0.019404711,0.97972244
46,42,Stage 1,Stage 1,0.005030142,0.99446195
46,43,Stage 1,Stage 1,0.0060437615,0.9933745
46,44,Stage 1,Stage 1,0.0834409,0.91482484
46,45,Stage 1,Stage 1,0.004835353,0.9946626
46,46,Stage 1,Stage 1,0.18591468,0.8117206
46,47,Stage 1,Stage 1,0.0029824092,0.99665064
46,48,Stage 1,Stage 1,0.0029884393,0.99662256
46,49,Stage 1,Stage 1,0.0042789686,0.99533
46,50,Stage 1,Stage 1,0.10726448,0.8915913
46,51,Stage 1,Stage 1,0.011706279,0.98775357
46,52,Stage 1,Stage 1,0.024007663,0.9751085
46,53,Stage 1,Stage 1,0.013345423,0.98623395
46,54,Stage 1,Stage 1,0.21099636,0.7871754
46,55,Stage 1,Stage 1,0.01218316,0.9872902
46,56,Stage 1,Stage 1,0.004462604,0.9951593
46,57,Stage 1,Stage 1,0.0005595907,0.9992761
46,58,Stage 1,Stage 1,0.0002760345,0.99962974
46,59,Stage 1,Stage 1,0.0015987568,0.9981206
46,60,Stage 1,Stage 1,0.0011414238,0.99863523
46,61,Stage 1,Stage 1,0.017576084,0.9817092
46,62,Stage 1,Stage 1,0.035673115,0.9631737
46,63,Stage 1,Stage 1,0.00067791867,0.9991399
46,64,Stage 1,Stage 1,0.00056638825,0.99927634
46,65,Stage 1,Stage 1,0.00084993424,0.9989606
46,66,Stage 1,Stage 1,0.056428686,0.9426932
46,67,Stage 1,Stage 1,0.029572658,0.9695748
46,68,Stage 1,Stage 1,0.0042576743,0.99530125
46,69,Stage 1,Stage 1,0.017911917,0.9815104
46,70,Stage 1,Stage 1,0.00034389365,0.999521
46,71,Stage 1,Stage 1,0.11343318,0.88528067
46,72,Stage 1,Stage 1,0.23456709,0.76414585
46,73,Stage 1,Stage 1,0.09981036,0.8981767
46,74,Stage 1,Stage 1,0.028899029,0.96980596
46,75,Stage 1,Stage 1,0.0070171505,0.9925432
46,76,Stage 1,Stage 1,0.0009710057,0.99883384
46,77,Stage 1,Stage 1,0.11278695,0.8860334
46,78,Stage 1,Stage 1,0.037820272,0.9609879
46,79,Stage 1,Stage 1,0.124694824,0.8737119
46,80,Stage 1,Stage 1,0.03022525,0.9688252
46,81,Stage 1,Stage 1,0.01316275,0.9861346
46,82,Stage 1,Stage 1,0.003866851,0.99571687
46,83,Stage 1,Stage 1,0.22552025,0.77147293
46,84,Stage 1,Stage 4,0.6308568,0.6308568
46,85,Stage 1,Stage 1,0.019026386,0.980005
46,86,Stage 1,Stage 1,0.0046351063,0.99485564
46,87,Stage 1,Stage 1,0.0037081323,0.9958669
46,88,Stage 1,Stage 1,0.0025439784,0.9971513
46,89,Stage 1,Stage 1,0.014790572,0.9844291
46,90,Stage 1,Stage 1,0.08912173,0.9099363
46,91,Stage 1,Stage 1,0.19253226,0.8054633
46,92,Stage 1,Stage 1,0.019992882,0.979321
46,93,Stage 1,Stage 1,0.0065894537,0.9928844
46,94,Stage 1,Stage 1,0.13427,0.8642674
46,95,Stage 1,Stage 1,0.0012660739,0.99849033
46,96,Stage 1,Stage 1,0.060583033,0.9381349
46,97,Stage 1,Stage 1,0.02150708,0.9773946
46,98,Stage 1,Stage 1,0.25292245,0.7449433
46,99,Stage 1,Stage 1,0.032588933,0.9665668
46,100,Stage 1,Stage 1,0.013891501,0.9852946
46,101,Stage 1,Stage 4,0.5477918,0.5477918
46,102,Stage 1,Stage 1,0.0025665485,0.9970945
46,103,Stage 1,Stage 1,0.35165074,0.64622575
46,104,Stage 1,Stage 1,0.059662577,0.9386859
46,105,Stage 1,Stage 1,0.29257253,0.7051166
46,106,Stage 1,Stage 4,0.9264428,0.9264428
46,107,Stage 1,Stage 1,0.14558023,0.85197246
46,108,Stage 1,Stage 1,0.00953072,0.9898891
46,109,Stage 1,Stage 4,0.5238002,0.5238002
46,110,Stage 1,Stage 1,0.02999145,0.96873695
46,111,Stage 1,Stage 1,0.009812468,0.9895655
46,112,Stage 4,Stage 1,0.06971646,0.92842495
46,113,Stage 1,Stage 4,0.67676985,0.67676985
46,114,Stage 1,Stage 1,0.074802905,0.9236692
46,115,Stage 1,Stage 1,0.21337165,0.785414
46,116,Stage 1,Stage 1,0.17286377,0.82555056
46,117,Stage 1,Stage 1,0.19350612,0.80485773
46,118,Stage 4,Stage 1,0.47857037,0.5190049
46,119,Stage 4,Stage 4,0.5548462,0.5548462
46,120,Stage 1,Stage 1,0.2661208,0.73219836
46,121,Stage 1,Stage 4,0.5490513,0.5490513
46,122,Stage 4,Stage 4,0.57485414,0.57485414
46,123,Stage 4,Stage 1,0.30618015,0.6915909
46,124,Stage 1,Stage 1,0.0676528,0.9312762
46,125,Stage 1,Stage 1,0.016197545,0.98291147
46,126,Stage 1,Stage 1,0.20062873,0.7977522
46,127,Stage 1,Stage 1,0.0188592,0.9802263
46,128,Stage 1,Stage 1,0.036337513,0.9628912
46,129,Stage 1,Stage 4,0.54775506,0.54775506
46,130,Stage 1,Stage 1,0.22158124,0.77681446
46,131,Stage 1,Stage 1,0.49215856,0.5046743
46,132,Stage 4,Stage 1,0.14331855,0.85468227
46,133,Stage 1,Stage 1,0.04266096,0.9558882
46,134,Stage 1,Stage 1,0.34704286,0.6511485
46,135,Stage 1,Stage 1,0.12077815,0.8777551
46,136,Stage 1,Stage 4,0.5076312,0.5076312
46,137,Stage 1,Stage 1,0.04742222,0.9516042
46,138,Stage 1,Stage 4,0.6240524,0.6240524
46,139,Stage 1,Stage 1,0.07395055,0.9245979
46,140,Stage 1,Stage 4,0.866171,0.866171
46,141,Stage 1,Stage 4,0.586532,0.586532
46,142,Stage 4,Stage 1,0.45016092,0.5475745
46,143,Stage 1,Stage 4,0.8441375,0.8441375
46,144,Stage 1,Stage 1,0.37001008,0.62806773
46,145,Stage 4,Stage 4,0.5632262,0.5632262
46,146,Stage 4,Stage 4,0.5722597,0.5722597
46,147,Stage 4,Stage 4,0.94512284,0.94512284
46,148,Stage 1,Stage 1,0.0059509473,0.99360305
46,149,Stage 4,Stage 4,0.5367639,0.5367639
46,150,Stage 4,Stage 4,0.9648936,0.9648936
46,151,Stage 4,Stage 4,0.9549521,0.9549521
46,152,Stage 4,Stage 4,0.8676806,0.8676806
46,153,Stage 1,Stage 4,0.7848389,0.7848389
46,154,Stage 4,Stage 4,0.9164321,0.9164321
46,155,Stage 4,Stage 4,0.9774255,0.9774255
46,156,Stage 4,Stage 4,0.63251853,0.63251853
46,157,Stage 4,Stage 4,0.91510326,0.91510326
46,158,Stage 4,Stage 4,0.97038865,0.97038865
46,159,Stage 4,Stage 4,0.94350845,0.94350845
46,160,Stage 4,Stage 4,0.6999008,0.6999008
46,161,Stage 4,Stage 4,0.9275434,0.9275434
46,162,Stage 4,Stage 4,0.9820551,0.9820551
46,163,Stage 4,Stage 4,0.6599806,0.6599806
46,164,Stage 4,Stage 4,0.7681378,0.7681378
46,165,Stage 4,Stage 4,0.9605546,0.9605546
46,166,Stage 4,Stage 4,0.91919124,0.91919124
46,167,Stage 4,Stage 4,0.9861146,0.9861146
46,168,Stage 1,Stage 1,0.15083544,0.84761256
46,169,Stage 4,Stage 4,0.7440492,0.7440492
46,170,Stage 1,Stage 1,0.4644723,0.52456653
46,171,Stage 1,Stage 1,0.19710325,0.8012284
46,172,Stage 4,Stage 4,0.98230875,0.98230875
46,173,Stage 4,Stage 4,0.874067,0.874067
46,174,Stage 4,Stage 4,0.6870419,0.6870419
46,175,Stage 4,Stage 4,0.9490666,0.9490666
46,176,Stage 4,Stage 4,0.73254365,0.73254365
46,177,Stage 4,Stage 4,0.86629915,0.86629915
46,178,Stage 4,Stage 4,0.9595611,0.9595611
46,179,Stage 4,Stage 0,0.19718015,0.7947361
46,180,Stage 4,Stage 4,0.9408565,0.9408565
46,181,Stage 4,Stage 4,0.9562581,0.9562581
46,182,Stage 4,Stage 0,0.29230872,0.70462024
46,183,Stage 4,Stage 4,0.9723927,0.9723927
46,184,Stage 4,Stage 4,0.9396157,0.9396157
46,185,Stage 4,Stage 4,0.7883742,0.7883742
46,186,Stage 4,Stage 4,0.82744163,0.82744163
46,187,Stage 0,Stage 4,0.92475003,0.92475003
46,188,Stage 4,Stage 4,0.9211096,0.9211096
46,189,Stage 0,Stage 0,0.18194656,0.8090068
46,190,Stage 4,Stage 4,0.53984976,0.53984976
46,191,Stage 4,Stage 4,0.7677039,0.7677039
46,192,Stage 0,Stage 4,0.8251147,0.8251147
46,193,Stage 0,Stage 0,0.13626824,0.8592179
46,194,Stage 4,Stage 4,0.95454997,0.95454997
46,195,Stage 0,Stage 0,0.29783067,0.6925447
46,196,Stage 4,Stage 0,0.04522072,0.95075655
46,197,Stage 0,Stage 0,0.48746616,0.5094359
46,198,Stage 0,Stage 0,0.014312648,0.9255286
46,199,Stage 0,Stage 0,0.044261467,0.9354617
46,200,Stage 0,Stage 0,0.022697886,0.956484
46,201,Stage 0,Stage 0,0.10741969,0.88315153
46,202,Stage 0,Stage 0,0.25982308,0.732634
46,203,Stage 0,Stage 0,0.006833153,0.86706567
46,204,Stage 0,Stage 0,0.26236105,0.73063004
46,205,Stage 0,Stage 0,0.07495945,0.91863406
46,206,Stage 0,Stage 0,0.47999892,0.5157942
46,207,Stage 0,Stage 0,0.014091965,0.93888575
46,208,Stage 0,Stage 0,0.025166975,0.965977
46,209,Stage 0,Stage 0,0.042979278,0.7824556
46,210,Stage 0,Stage 0,0.0053634485,0.8219858
46,211,Stage 0,Stage 0,0.22069833,0.76743346
46,212,Stage 0,Stage 0,0.060347274,0.9218682
46,213,Stage 0,Stage 0,0.013270125,0.8705438
46,214,Stage 0,Stage 0,0.0052327523,0.8988769
46,215,Stage 0,Stage 0,0.00224492,0.9700927
46,216,Stage 0,Stage 0,0.002413986,0.51879317
46,217,Stage 0,Stage 0,0.0059856474,0.79004073
46,218,Stage 3,Stage 0,0.001692021,0.454625
46,219,Stage 0,Stage 0,0.0009697611,0.7044396
46,220,Stage 0,Stage 0,0.0014547999,0.40317035
46,221,Stage 0,Stage 3,0.0008679027,0.44370413
46,222,Stage 0,Stage 0,0.0034098325,0.91858244
46,223,Stage 0,Stage 0,0.0036138594,0.75984603
46,224,Stage 0,Stage 0,0.0014004087,0.64321595
46,225,Stage 3,Stage 2,0.0016630148,0.64708847
46,226,Stage 0,Stage 0,0.012439066,0.92430705
46,227,Stage 3,Stage 3,0.0012933586,0.4690883
46,228,Stage 0,Stage 0,0.0022246493,0.9730718
46,229,Stage 0,Stage 2,0.00646541,0.662654
46,230,Stage 3,Stage 3,0.00079421204,0.5300305
46,231,Stage 3,Stage 2,0.0011248471,0.46598527
46,232,Stage 0,Stage 0,0.0021223372,0.873983
46,233,Stage 3,Stage 3,0.00089759624,0.6220235
46,234,Stage 3,Stage 3,0.0014000093,0.5311579
46,235,Stage 3,Stage 3,0.0007257935,0.573324
46,236,Stage 3,Stage 3,0.0013917288,0.5833558
46,237,Stage 3,Stage 3,0.00030377234,0.9633178
46,238,Stage 3,Stage 3,0.00080702576,0.7426429
46,239,Stage 3,Stage 3,0.00083916134,0.6143451
46,240,Stage 3,Stage 3,0.001012655,0.6396033
46,241,Stage 3,Stage 0,0.0029286705,0.85047305
46,242,Stage 3,Stage 3,0.0008748757,0.90736926
46,243,Stage 3,Stage 3,0.0006753016,0.8737024
46,244,Stage 3,Stage 3,0.00092956383,0.56729
46,245,Stage 3,Stage 3,0.0007440528,0.8309222
46,246,Stage 3,Stage 3,0.0007653342,0.7735937
46,247,Stage 3,Stage 3,0.00081911444,0.7699666
46,248,Stage 3,Stage 3,0.0007996831,0.6327128
46,249,Stage 3,Stage 3,0.0007408757,0.8467868
46,250,Stage 3,Stage 3,0.00078033726,0.76570016
46,251,Stage 3,Stage 3,0.0007845035,0.76792294
46,252,Stage 3,Stage 3,0.0007103565,0.77398944
46,253,Stage 3,Stage 3,0.00094891165,0.6043583
46,254,Stage 3,Stage 3,0.00087649416,0.67623186
46,255,Stage 3,Stage 3,0.0009270778,0.6987105
46,256,Stage 3,Stage 3,0.000679287,0.89935976
47,1,Stage 1,Stage 1,0.005430147,0.99413526
47,2,Stage 1,Stage 1,0.029999724,0.96891475
47,3,Stage 1,Stage 1,0.00027053518,0.99960583
47,4,Stage 1,Stage 1,0.00047556634,0.9993686
47,5,Stage 1,Stage 1,0.0017534625,0.9979882
47,6,Stage 1,Stage 1,0.002197199,0.997498
47,7,Stage 1,Stage 1,0.014017121,0.9849888
47,8,Stage 1,Stage 1,0.0014511514,0.99828833
47,9,Stage 1,Stage 1,0.0018404686,0.9979171
47,10,Stage 1,Stage 1,0.0034325093,0.99612564
47,11,Stage 1,Stage 1,0.015512278,0.98375916
47,12,Stage 1,Stage 1,0.14940503,0.84904224
47,13,Stage 1,Stage 1,0.05665407,0.94206303
47,14,Stage 1,Stage 1,0.0033025597,0.9962154
47,15,Stage 1,Stage 1,0.004323188,0.9952113
47,16,Stage 1,Stage 1,0.0071230773,0.9922569
47,17,Stage 1,Stage 1,0.00021907859,0.9996908
47,18,Stage 1,Stage 1,0.00055687275,0.99928004
47,19,Stage 1,Stage 1,0.0112649165,0.988122
47,20,Stage 1,Stage 1,0.030666867,0.96797633
47,21,Stage 1,Stage 1,0.0024044816,0.99711967
47,22,Stage 1,Stage 1,0.00564707,0.9937967
47,23,Stage 1,Stage 1,0.074442044,0.9240508
47,24,Stage 1,Stage 1,0.0077218777,0.99168605
47,25,Stage 1,Stage 1,0.0043838588,0.9950735
47,26,Stage 1,Stage 1,0.021857092,0.9770661
47,27,Stage 1,Stage 1,0.001880471,0.997773
47,28,Stage 1,Stage 1,0.06986197,0.92878956
47,29,Stage 1,Stage 1,0.00082013005,0.9990096
47,30,Stage 1,Stage 1,0.001531239,0.9982034
47,31,Stage 1,Stage 1,0.0048519517,0.99466574
47,32,Stage 1,Stage 1,0.056598414,0.9412372
47,33,Stage 1,Stage 1,0.05703823,0.94091415
47,34,Stage 1,Stage 1,0.002917511,0.99666035
47,35,Stage 1,Stage 1,0.036984194,0.9618429
47,36,Stage 1,Stage 1,0.0007124219,0.9991204
47,37,Stage 1,Stage 1,0.00059029355,0.9992575
47,38,Stage 1,Stage 1,0.00091100804,0.9989073
47,39,Stage 1,Stage 1,0.010177368,0.98916477
47,40,Stage 1,Stage 1,0.004535817,0.9949156
47,41,Stage 1,Stage 1,0.0009497687,0.99877185
47,42,Stage 1,Stage 1,0.06169607,0.9367514
47,43,Stage 1,Stage 1,0.0019437445,0.9976574
47,44,Stage 1,Stage 1,0.0020271514,0.99771416
47,45,Stage 1,Stage 1,0.038662158,0.96000135
47,46,Stage 1,Stage 1,0.10703853,0.8915084
47,47,Stage 1,Stage 1,0.0016160698,0.9981078
47,48,Stage 1,Stage 1,0.007339628,0.9920942
47,49,Stage 1,Stage 1,0.0011864873,0.99853814
47,50,Stage 1,Stage 1,0.009279337,0.9900877
47,51,Stage 1,Stage 1,0.15458119,0.84388036
47,52,Stage 1,Stage 1,0.14249115,0.85615426
47,53,Stage 1,Stage 1,0.02532949,0.97390705
47,54,Stage 1,Stage 4,0.5452198,0.5452198
47,55,Stage 1,Stage 1,0.128033,0.8708233
47,56,Stage 1,Stage 1,0.0005953261,0.99920964
47,57,Stage 1,Stage 1,0.019155513,0.9798938
47,58,Stage 1,Stage 1,0.21525499,0.7835503
47,59,Stage 1,Stage 1,0.0013011786,0.9984622
47,60,Stage 1,Stage 1,0.002045559,0.997672
47,61,Stage 1,Stage 1,0.01607875,0.9828509
47,62,Stage 1,Stage 1,0.009541343,0.9897537
47,63,Stage 1,Stage 4,0.9173682,0.9173682
47,64,Stage 1,Stage 1,0.01329948,0.9860698
47,65,Stage 1,Stage 1,0.10732938,0.8916762
47,66,Stage 1,Stage 1,0.0039001394,0.9957004
47,67,Stage 1,Stage 1,0.038255192,0.96056354
47,68,Stage 1,Stage 1,0.0016141662,0.9981394
47,69,Stage 1,Stage 1,0.123398595,0.8745149
47,70,Stage 1,Stage 1,0.08404466,0.9144856
47,71,Stage 1,Stage 1,0.0007795179,0.9990427
47,72,Stage 1,Stage 1,0.06731632,0.9312609
47,73,Stage 1,Stage 1,0.29754123,0.7004236
47,74,Stage 1,Stage 1,0.0023089151,0.99738723
47,75,Stage 1,Stage 1,0.023485048,0.9754601
47,76,Stage 1,Stage 1,0.06661163,0.9319426
47,77,Stage 1,Stage 1,0.045633517,0.9533108
47,78,Stage 1,Stage 4,0.6296064,0.6296064
47,79,Stage 1,Stage 1,0.008139564,0.99131864
47,80,Stage 1,Stage 1,0.0016412871,0.9980971
47,81,Stage 1,Stage 1,0.0006627828,0.9991511
47,82,Stage 1,Stage 1,0.1346259,0.8638558
47,83,Stage 1,Stage 1,0.0011617552,0.99859494
47,84,Stage 1,Stage 1,0.35938781,0.6383565
47,85,Stage 1,Stage 1,0.009750741,0.9896263
47,86,Stage 1,Stage 1,0.007930917,0.99146867
47,87,Stage 1,Stage 1,0.011751131,0.98752475
47,88,Stage 1,Stage 1,0.0076784506,0.9917516
47,89,Stage 1,Stage 1,0.054387353,0.9440926
47,90,Stage 1,Stage 1,0.03440649,0.9644233
47,91,Stage 1,Stage 1,0.069539174,0.9290723
47,92,Stage 1,Stage 1,0.13368186,0.8643983
47,93,Stage 1,Stage 1,0.2019279,0.79539865
47,94,Stage 1,Stage 4,0.5191524,0.5191524
47,95,Stage 1,Stage 4,0.74137396,0.74137396
47,96,Stage 1,Stage 1,0.023728631,0.97507113
47,97,Stage 1,Stage 1,0.065649055,0.9332887
47,98,Stage 1,Stage 1,0.13269462,0.86612654
47,99,Stage 1,Stage 4,0.5997854,0.5997854
47,100,Stage 1,Stage 1,0.18875061,0.80996567
47,101,Stage 1,Stage 1,0.05587169,0.9427202
47,102,Stage 1,Stage 1,0.4948463,0.5010434
47,103,Stage 4,Stage 4,0.85989845,0.85989845
47,104,Stage 1,Stage 1,0.29934236,0.6990916
47,105,Stage 4,Stage 4,0.9458937,0.9458937
47,106,Stage 1,Stage 1,0.46120334,0.5340993
47,107,Stage 1,Stage 1,0.040333923,0.9583721
47,108,Stage 1,Stage 1,0.07351825,0.9246003
47,109,Stage 4,Stage 1,0.38815832,0.60747916
47,110,Stage 1,Stage 1,0.26865283,0.72952586
47,111,Stage 4,Stage 4,0.9846714,0.9846714
47,112,Stage 1,Stage 1,0.07379417,0.92449063
47,113,Stage 1,Stage 1,0.43829897,0.5593277
47,114,Stage 4,Stage 1,0.46486244,0.53218794
47,115,Stage 1,Stage 4,0.63295376,0.63295376
47,116,Stage 4,Stage 1,0.119700454,0.87819964
47,117,Stage 1,Stage 4,0.93145114,0.93145114
47,118,Stage 1,Stage 1,0.0037233515,0.99587053
47,119,Stage 1,Stage 1,0.14475524,0.8531365
47,120,Stage 4,Stage 4,0.60041845,0.60041845
47,121,Stage 1,Stage 1,0.2509088,0.74642533
47,122,Stage 1,Stage 1,0.05739949,0.94174236
47,123,Stage 4,Stage 1,0.3521663,0.6453226
47,124,Stage 4,Stage 4,0.79974765,0.79974765
47,125,Stage 4,Stage 4,0.8503734,0.8503734
47,126,Stage 4,Stage 4,0.8658833,0.8658833
47,127,Stage 1,Stage 4,0.51801145,0.51801145
47,128,Stage 4,Stage 4,0.71097744,0.71097744
47,129,Stage 4,Stage 4,0.8415912,0.8415912
47,130,Stage 4,Stage 4,0.841459,0.841459
47,131,Stage 4,Stage 4,0.97283024,0.97283024
47,132,Stage 4,Stage 4,0.9683737,0.9683737
47,133,Stage 4,Stage 1,0.4337062,0.56335545
47,134,Stage 1,Stage 1,0.3604789,0.63709307
47,135,Stage 4,Stage 1,0.1319492,0.8664427
47,136,Stage 4,Stage 4,0.9386083,0.9386083
47,137,Stage 4,Stage 4,0.96525717,0.96525717
47,138,Stage 4,Stage 4,0.9685551,0.9685551
47,139,Stage 4,Stage 4,0.94828725,0.94828725
47,140,Stage 4,Stage 4,0.9693127,0.9693127
47,141,Stage 4,Stage 4,0.97255516,0.97255516
47,142,Stage 4,Stage 4,0.94082665,0.94082665
47,143,Stage 4,Stage 4,0.9455572,0.9455572
47,144,Stage 4,Stage 4,0.56169665,0.56169665
47,145,Stage 4,Stage 4,0.63989425,0.63989425
47,146,Stage 4,Stage 4,0.9309374,0.9309374
47,147,Stage 4,Stage 4,0.93240625,0.93240625
47,148,Stage 4,Stage 4,0.96487045,0.96487045
47,149,Stage 4,Stage 4,0.95525795,0.95525795
47,150,Stage 4,Stage 4,0.92483646,0.92483646
47,151,Stage 4,Stage 4,0.8915226,0.8915226
47,152,Stage 4,Stage 4,0.9251174,0.9251174
47,153,Stage 4,Stage 4,0.720444,0.720444
47,154,Stage 0,Stage 0,0.32126153,0.6740782
47,155,Stage 4,Stage 4,0.56688654,0.56688654
47,156,Stage 4,Stage 4,0.89295644,0.89295644
47,157,Stage 4,Stage 4,0.8545681,0.8545681
47,158,Stage 0,Stage 0,0.018577093,0.96231395
47,159,Stage 4,Stage 4,0.8605643,0.8605643
47,160,Stage 4,Stage 4,0.78130823,0.78130823
47,161,Stage 4,Stage 4,0.91563714,0.91563714
47,162,Stage 0,Stage 0,0.008253703,0.97149414
47,163,Stage 0,Stage 4,0.9158212,0.9158212
47,164,Stage 0,Stage 0,0.004329234,0.85642445
47,165,Stage 0,Stage 0,0.3922152,0.60106266
47,166,Stage 0,Stage 0,0.17855078,0.8144198
47,167,Stage 0,Stage 0,0.42524225,0.56514966
47,168,Stage 4,Stage 0,0.39275336,0.5664691
47,169,Stage 0,Stage 0,0.028825527,0.94889486
47,170,Stage 0,Stage 0,0.011535132,0.96040297
47,171,Stage 0,Stage 0,0.010313618,0.97738636
47,172,Stage 0,Stage 0,0.19670102,0.79620445
47,173,Stage 0,Stage 0,0.027688961,0.9601231
47,174,Stage 0,Stage 0,0.016607534,0.9616733
47,175,Stage 0,Stage 0,0.0102839125,0.9444504
47,176,Stage 0,Stage 0,0.0188867,0.9486389
47,177,Stage 0,Stage 0,0.06312894,0.9328245
47,178,Stage 0,Stage 0,0.0014810157,0.79667807
47,179,Stage 0,Stage 0,0.03893027,0.9524387
47,180,Stage 0,Stage 0,0.004178617,0.8863089
47,181,Stage 0,Stage 0,0.0043337164,0.9071533
47,182,Stage 0,Stage 0,0.044152934,0.9522934
47,183,Stage 0,Stage 0,0.0015012708,0.6847303
47,184,Stage 0,Stage 0,0.0017137335,0.9264966
47,185,Stage 0,Stage 0,0.0032578493,0.85027987
47,186,Stage 0,Stage 0,0.0019631553,0.7814715
47,187,Stage 0,Stage 0,0.004307992,0.85622793
47,188,Stage 0,Stage 2,0.0010757287,0.3952804
47,189,Stage 0,Stage 0,0.0015912529,0.8393279
47,190,Stage 0,Stage 0,0.0034413275,0.89481395
47,191,Stage 0,Stage 0,0.012443201,0.95643336
47,192,Stage 2,Stage 3,0.0008534103,0.5773505
47,193,Stage 2,Stage 0,0.0012426265,0.7540962
47,194,Stage 2,Stage 3,0.00077903684,0.7761178
47,195,Stage 2,Stage 0,0.0015328331,0.44127855
47,196,Stage 2,Stage 3,0.00087861164,0.52992195
47,197,Stage 2,Stage 3,0.00086240243,0.43954933
47,198,Stage 2,Stage 3,0.0008570982,0.8655036
47,199,Stage 2,Stage 3,0.0008681185,0.5955119
47,200,Stage 2,Stage 3,0.00086544524,0.72538173
47,201,Stage 2,Stage 3,0.0010617526,0.5209832
47,202,Stage 2,Stage 3,0.0009882798,0.5286802
47,203,Stage 2,Stage 2,0.00096156454,0.57893556
47,204,Stage 3,Stage 3,0.00111912,0.75773054
47,205,Stage 2,Stage 2,0.0008185481,0.5600044
47,206,Stage 2,Stage 2,0.0009816235,0.5615734
47,207,Stage 3,Stage 3,0.0008770463,0.6005139
47,208,Stage 2,Stage 3,0.00055621343,0.90516907
47,209,Stage 2,Stage 2,0.001027533,0.5710747
47,210,Stage 2,Stage 3,0.0008380028,0.7067606
47,211,Stage 3,Stage 3,0.0011013246,0.7616085
47,212,Stage 2,Stage 2,0.0008698217,0.64775825
47,213,Stage 2,Stage 3,0.0009235702,0.57189643
47,214,Stage 3,Stage 3,0.00074936514,0.83753306
62,1,Stage 4,Stage 4,0.50705916,0.50705916
62,2,Stage 4,Stage 0,0.35499272,0.6393041
62,3,Stage 4,Stage 4,0.7131771,0.7131771
62,4,Stage 4,Stage 4,0.9701157,0.9701157
62,5,Stage 4,Stage 4,0.93300927,0.93300927
62,6,Stage 4,Stage 4,0.95979565,0.95979565
62,7,Stage 4,Stage 4,0.765115,0.765115
62,8,Stage 4,Stage 0,0.47297022,0.52177846
62,9,Stage 4,Stage 4,0.96056,0.96056
62,10,Stage 0,Stage 0,0.09254081,0.8941606
62,11,Stage 0,Stage 0,0.021527702,0.963127
62,12,Stage 4,Stage 4,0.52071905,0.52071905
62,13,Stage 0,Stage 0,0.010140473,0.9634818
62,14,Stage 4,Stage 4,0.9481943,0.9481943
62,15,Stage 0,Stage 4,0.507952,0.507952
62,16,Stage 0,Stage 0,0.38840812,0.6053297
62,17,Stage 4,Stage 4,0.9043114,0.9043114
62,18,Stage 0,Stage 0,0.36872137,0.62466633
62,19,Stage 4,Stage 0,0.23773107,0.75433636
62,20,Stage 0,Stage 0,0.077032775,0.9054054
62,21,Stage 0,Stage 4,0.7626897,0.7626897
62,22,Stage 4,Stage 4,0.900925,0.900925
62,23,Stage 4,Stage 4,0.93790835,0.93790835
62,24,Stage 0,Stage 0,0.264184,0.70451784
62,25,Stage 4,Stage 4,0.631792,0.631792
62,26,Stage 0,Stage 4,0.5433787,0.5433787
62,27,Stage 0,Stage 0,0.16783455,0.8280993
62,28,Stage 4,Stage 4,0.9628554,0.9628554
62,29,Stage 0,Stage 4,0.7608549,0.7608549
62,30,Stage 4,Stage 4,0.74992377,0.74992377
62,31,Stage 0,Stage 0,0.13044383,0.8437001
62,32,Stage 4,Stage 4,0.57655144,0.57655144
62,33,Stage 4,Stage 4,0.7361244,0.7361244
62,34,Stage 0,Stage 4,0.61191285,0.61191285
62,35,Stage 4,Stage 0,0.06540201,0.9247406
62,36,Stage 4,Stage 4,0.9468812,0.9468812
62,37,Stage 0,Stage 4,0.5941337,0.5941337
62,38,Stage 0,Stage 0,0.010814633,0.9750196
62,39,Stage 0,Stage 0,0.0057771592,0.95379704
62,40,Stage 0,Stage 0,0.35348573,0.64187443
62,41,Stage 4,Stage 4,0.76219386,0.76219386
62,42,Stage 4,Stage 4,0.8649117,0.8649117
62,43,Stage 0,Stage 0,0.16754906,0.74725294
62,44,Stage 4,Stage 4,0.5488813,0.5488813
62,45,Stage 4,Stage 4,0.8513907,0.8513907
62,46,Stage 0,Stage 0,0.13198626,0.8570825
62,47,Stage 0,Stage 0,0.3414792,0.6538368
62,48,Stage 4,Stage 4,0.9220883,0.9220883
62,49,Stage 4,Stage 0,0.055626165,0.9289774
62,50,Stage 4,Stage 4,0.63736784,0.63736784
62,51,Stage 0,Stage 4,0.6781774,0.6781774
62,52,Stage 4,Stage 0,0.1272811,0.86337537
62,53,Stage 0,Stage 4,0.57224196,0.57224196
62,54,Stage 0,Stage 4,0.6362605,0.6362605
62,55,Stage 0,Stage 0,0.07100837,0.91887605
62,56,Stage 0,Stage 0,0.30081818,0.6963423
62,57,Stage 0,Stage 0,0.11893781,0.8772727
62,58,Stage 0,Stage 0,0.0058606085,0.9534883
62,59,Stage 0,Stage 0,0.049278483,0.9270542
62,60,Stage 0,Stage 4,0.9624356,0.9624356
62,61,Stage 0,Stage 0,0.04684312,0.94861466
62,62,Stage 0,Stage 0,0.4689115,0.51915354
62,63,Stage 0,Stage 0,0.028203817,0.96495
62,64,Stage 0,Stage 0,0.14220728,0.84997284
62,65,Stage 0,Stage 0,0.33166358,0.66255045
62,66,Stage 0,Stage 0,0.062220983,0.92709595
62,67,Stage 0,Stage 0,0.006970306,0.9861783
62,68,Stage 4,Stage 0,0.4040523,0.58878464
62,69,Stage 0,Stage 0,0.039773796,0.94785106
62,70,Stage 0,Stage 4,0.63278544,0.63278544
62,71,Stage 4,Stage 0,0.050035987,0.93769217
62,72,Stage 0,Stage 0,0.00559993,0.9231562
62,73,Stage 0,Stage 0,0.1573424,0.8294533
62,74,Stage 0,Stage 0,0.10076441,0.868571
62,75,Stage 0,Stage 0,0.112124234,0.8646998
62,76,Stage 0,Stage 0,0.08873147,0.8754159
62,77,Stage 0,Stage 0,0.21676925,0.769213
62,78,Stage 0,Stage 0,0.1254724,0.8450252
62,79,Stage 0,Stage 0,0.25680536,0.73585886
62,80,Stage 0,Stage 0,0.0038432968,0.92188656
62,81,Stage 0,Stage 0,0.17951457,0.81692004
62,82,Stage 0,Stage 0,0.038267516,0.9567808
62,83,Stage 0,Stage 4,0.49951804,0.49951804
62,84,Stage 0,Stage 4,0.5981652,0.5981652
62,85,Stage 0,Stage 0,0.28213707,0.7067038
62,86,Stage 0,Stage 0,0.04814763,0.9370713
62,87,Stage 0,Stage 0,0.0010032727,0.595875
62,88,Stage 0,Stage 4,0.7426454,0.7426454
62,89,Stage 0,Stage 0,0.029188301,0.96313
62,90,Stage 0,Stage 0,0.0619091,0.9318813
62,91,Stage 0,Stage 0,0.025481692,0.9545051
62,92,Stage 0,Stage 0,0.005732927,0.6707769
62,93,Stage 0,Stage 0,0.027812572,0.96409345
62,94,Stage 0,Stage 4,0.73912877,0.73912877
62,95,Stage 0,Stage 0,0.25807583,0.73464465
62,96,Stage 0,Stage 0,0.006703271,0.9429411
62,97,Stage 0,Stage 0,0.0016872574,0.93191123
62,98,Stage 0,Stage 0,0.1645429,0.82592213
62,99,Stage 0,Stage 0,0.0072892527,0.93571144
62,100,Stage 0,Stage 0,0.04709587,0.9460677
62,101,Stage 0,Stage 0,0.05394242,0.89524484
62,102,Stage 0,Stage 0,0.18379718,0.81293833
62,103,Stage 0,Stage 0,0.0053237695,0.77817094
62,104,Stage 0,Stage 0,0.0032309664,0.8975198
62,105,Stage 0,Stage 0,0.016474398,0.97676814
62,106,Stage 0,Stage 0,0.035330415,0.9484584
62,107,Stage 0,Stage 0,0.23552063,0.7454079
62,108,Stage 0,Stage 0,0.02714166,0.96217483
62,109,Stage 0,Stage 0,0.0065418268,0.92810935
62,110,Stage 0,Stage 0,0.0019108492,0.62860173
62,111,Stage 0,Stage 0,0.00260862,0.9337486
62,112,Stage 0,Stage 0,0.002019987,0.9753051
62,113,Stage 0,Stage 0,0.006850334,0.84076095
62,114,Stage 0,Stage 0,0.0018499105,0.78281564
62,115,Stage 0,Stage 0,0.00340794,0.985044
62,116,Stage 0,Stage 0,0.0014807669,0.8432793
62,117,Stage 0,Stage 0,0.0021114065,0.956837
62,118,Stage 0,Stage 0,0.0020093243,0.77733225
62,119,Stage 0,Stage 0,0.0017619483,0.78586864
62,120,Stage 0,Stage 0,0.0011427033,0.7610213
62,121,Stage 0,Stage 0,0.0011829686,0.812024
62,122,Stage 0,Stage 0,0.0031095026,0.92466766
62,123,Stage 0,Stage 0,0.3155586,0.6635636
62,124,Stage 0,Stage 0,0.0011216529,0.82097346
62,125,Stage 0,Stage 0,0.00091464655,0.41919604
62,126,Stage 3,Stage 0,0.0009953344,0.67832047
62,127,Stage 0,Stage 3,0.0008330256,0.3688465
62,128,Stage 3,Stage 3,0.0008356038,0.57679
62,129,Stage 0,Stage 0,0.004154104,0.78563863
62,130,Stage 0,Stage 0,0.0018139757,0.9581196
62,131,Stage 0,Stage 0,0.0017308369,0.43874308
62,132,Stage 0,Stage 0,0.0059681023,0.96943676
62,133,Stage 0,Stage 0,0.001419564,0.8463951
62,134,Stage 3,Stage 0,0.0019674357,0.8432662
62,135,Stage 0,Stage 0,0.0015346174,0.5949836
62,136,Stage 0,Stage 0,0.0022604887,0.804876
62,137,Stage 0,Stage 0,0.009943603,0.9705621
62,138,Stage 3,Stage 3,0.00094446796,0.5555364
62,139,Stage 3,Stage 0,0.002204137,0.83363616
62,140,Stage 0,Stage 0,0.0028926637,0.81757593
62,141,Stage 0,Stage 0,0.0018734344,0.8695143
62,142,Stage 0,Stage 0,0.001162418,0.89363366
62,143,Stage 3,Stage 3,0.0008176575,0.5622887
62,144,Stage 0,Stage 0,0.0016890509,0.75309044
62,145,Stage 3,Stage 3,0.00096049183,0.37126938
62,146,Stage 3,Stage 3,0.000925228,0.444003
62,147,Stage 3,Stage 3,0.0008881146,0.62065214
62,148,Stage 3,Stage 3,0.0008209999,0.64782614
62,149,Stage 3,Stage 0,0.0009775062,0.6240684
62,150,Stage 3,Stage 3,0.0010336443,0.47784272
62,151,Stage 3,Stage 3,0.00075676024,0.5179539
62,152,Stage 3,Stage 3,0.0011017243,0.7922633
62,153,Stage 3,Stage 3,0.0008286728,0.6629964
62,154,Stage 3,Stage 3,0.0011652259,0.6124516
62,155,Stage 3,Stage 3,0.0008664206,0.59434724
62,156,Stage 3,Stage 3,0.00082167424,0.55963767
62,157,Stage 3,Stage 3,0.0008001115,0.8077219
62,158,Stage 3,Stage 3,0.000740369,0.677145
62,159,Stage 3,Stage 3,0.0007274366,0.86712223
62,160,Stage 3,Stage 3,0.0008971766,0.6232198
62,161,Stage 3,Stage 3,0.000987561,0.62007475
62,162,Stage 3,Stage 3,0.0009367008,0.59516567
62,163,Stage 3,Stage 3,0.00080799597,0.7400668
62,164,Stage 3,Stage 3,0.0007127518,0.8289483
62,165,Stage 3,Stage 3,0.0007592641,0.89751256
62,166,Stage 3,Stage 3,0.00082378887,0.71494085
62,167,Stage 3,Stage 3,0.00069787714,0.88010406
62,168,Stage 3,Stage 3,0.0005905635,0.8866927
62,169,Stage 3,Stage 3,0.0016316789,0.8251208
62,170,Stage 3,Stage 2,0.0011215432,0.51145315
62,171,Stage 3,Stage 3,0.0007979023,0.58527267
62,172,Stage 3,Stage 3,0.00070033956,0.8712198
62,173,Stage 3,Stage 3,0.00083203206,0.7501784
62,174,Stage 3,Stage 3,0.0006667323,0.89903617
62,175,Stage 3,Stage 3,0.00083122216,0.7645713
62,176,Stage 3,Stage 3,0.0008341553,0.5886076
62,177,Stage 3,Stage 3,0.0007490052,0.84740657
62,178,Stage 3,Stage 3,0.000731867,0.79947704
62,179,Stage 3,Stage 3,0.0008087826,0.75680983
62,180,Stage 3,Stage 3,0.0007596455,0.83447814
72,1,Stage 4,Stage 4,0.52238685,0.52238685
72,2,Stage 4,Stage 4,0.82920474,0.82920474
72,3,Stage 4,Stage 4,0.68948007,0.68948007
72,4,Stage 1,Stage 1,0.09268474,0.9056918
72,5,Stage 1,Stage 4,0.7210411,0.7210411
72,6,Stage 4,Stage 1,0.42094964,0.5761898
72,7,Stage 4,Stage 4,0.7038904,0.7038904
72,8,Stage 4,Stage 4,0.76162016,0.76162016
72,9,Stage 1,Stage 1,0.040690597,0.9586253
72,10,Stage 4,Stage 4,0.64049923,0.64049923
72,11,Stage 1,Stage 4,0.65596116,0.65596116
72,12,Stage 4,Stage 4,0.78045106,0.78045106
72,13,Stage 4,Stage 4,0.8197277,0.8197277
72,14,Stage 1,Stage 1,0.12187116,0.87669903
72,15,Stage 1,Stage 1,0.20013486,0.7969777
72,16,Stage 1,Stage 1,0.15277095,0.8450888
72,17,Stage 4,Stage 4,0.56050825,0.56050825
72,18,Stage 1,Stage 1,0.317798,0.6802948
72,19,Stage 1,Stage 1,0.4150102,0.5821194
72,20,Stage 4,Stage 4,0.8530759,0.8530759
72,21,Stage 4,Stage 4,0.8610216,0.8610216
72,22,Stage 4,Stage 1,0.28304633,0.71525884
72,23,Stage 1,Stage 1,0.20181693,0.79643285
72,24,Stage 4,Stage 4,0.8483738,0.8483738
72,25,Stage 1,Stage 1,0.06013939,0.9384806
72,26,Stage 4,Stage 1,0.2733112,0.7248058
72,27,Stage 1,Stage 1,0.001721376,0.997971
72,28,Stage 1,Stage 1,0.35984772,0.6368266
72,29,Stage 4,Stage 4,0.9582939,0.9582939
72,30,Stage 4,Stage 1,0.0035158484,0.9961081
72,31,Stage 4,Stage 1,0.3454489,0.6524528
72,32,Stage 1,Stage 1,0.053476024,0.94531
72,33,Stage 4,Stage 1,0.15253612,0.84586984
72,34,Stage 1,Stage 1,0.020562219,0.978298
72,35,Stage 1,Stage 1,0.010480005,0.9888814
72,36,Stage 4,Stage 1,0.025241528,0.9736655
72,37,Stage 4,Stage 4,0.78125817,0.78125817
72,38,Stage 1,Stage 1,0.06926683,0.92916876
72,39,Stage 1,Stage 1,0.19898619,0.79950243
72,40,Stage 1,Stage 4,0.6916943,0.6916943
72,41,Stage 1,Stage 4,0.86081785,0.86081785
72,42,Stage 4,Stage 4,0.7051589,0.7051589
72,43,Stage 1,Stage 4,0.5934648,0.5934648
72,44,Stage 4,Stage 4,0.75835013,0.75835013
72,45,Stage 4,Stage 4,0.9298866,0.9298866
72,46,Stage 4,Stage 4,0.7886861,0.7886861
72,47,Stage 1,Stage 4,0.5532727,0.5532727
72,48,Stage 4,Stage 1,0.16617812,0.83181316
72,49,Stage 4,Stage 4,0.9268873,0.9268873
72,50,Stage 1,Stage 4,0.6023739,0.6023739
72,51,Stage 1,Stage 4,0.6111306,0.6111306
72,52,Stage 4,Stage 4,0.8135333,0.8135333
72,53,Stage 4,Stage 1,0.07141667,0.92682225
72,54,Stage 4,Stage 4,0.8991824,0.8991824
72,55,Stage 4,Stage 4,0.77683896,0.77683896
72,56,Stage 4,Stage 4,0.51148003,0.51148003
72,57,Stage 4,Stage 4,0.93931144,0.93931144
72,58,Stage 1,Stage 1,0.055256486,0.94291633
72,59,Stage 4,Stage 4,0.8845707,0.8845707
72,60,Stage 4,Stage 4,0.927927,0.927927
72,61,Stage 4,Stage 1,0.3781313,0.6193183
72,62,Stage 4,Stage 4,0.69537514,0.69537514
72,63,Stage 1,Stage 1,0.13467087,0.8636497
72,64,Stage 1,Stage 1,0.119340084,0.8791966
72,65,Stage 4,Stage 4,0.90218365,0.90218365
72,66,Stage 4,Stage 4,0.96004057,0.96004057
72,67,Stage 1,Stage 1,0.2583829,0.73965895
72,68,Stage 4,Stage 4,0.8409934,0.8409934
72,69,Stage 1,Stage 1,0.026425263,0.97211874
72,70,Stage 4,Stage 4,0.8139933,0.8139933
72,71,Stage 4,Stage 1,0.4866392,0.51100075
72,72,Stage 4,Stage 4,0.5297602,0.5297602
72,73,Stage 4,Stage 4,0.9730026,0.9730026
72,74,Stage 1,Stage 1,0.23700379,0.76089936
72,75,Stage 4,Stage 4,0.95977676,0.95977676
72,76,Stage 4,Stage 4,0.6939856,0.6939856
72,77,Stage 4,Stage 4,0.9457075,0.9457075
72,78,Stage 4,Stage 1,0.24697278,0.75050986
72,79,Stage 4,Stage 4,0.9509617,0.9509617
72,80,Stage 4,Stage 1,0.4728382,0.5227837
72,81,Stage 1,Stage 1,0.2702738,0.72795546
72,82,Stage 4,Stage 4,0.87936884,0.87936884
72,83,Stage 4,Stage 4,0.963096,0.963096
72,84,Stage 4,Stage 4,0.5893059,0.5893059
72,85,Stage 1,Stage 1,0.36624545,0.6307082
72,86,Stage 4,Stage 4,0.7461249,0.7461249
72,87,Stage 4,Stage 4,0.87539625,0.87539625
72,88,Stage 4,Stage 4,0.9586971,0.9586971
72,89,Stage 4,Stage 4,0.79866433,0.79866433
72,90,Stage 4,Stage 4,0.9060767,0.9060767
72,91,Stage 4,Stage 4,0.8903469,0.8903469
72,92,Stage 4,Stage 4,0.78975904,0.78975904
72,93,Stage 4,Stage 4,0.94967777,0.94967777
72,94,Stage 4,Stage 4,0.877071,0.877071
72,95,Stage 4,Stage 4,0.91951966,0.91951966
72,96,Stage 0,Stage 4,0.6162145,0.6162145
72,97,Stage 4,Stage 4,0.9420166,0.9420166
72,98,Stage 1,Stage 4,0.81642187,0.81642187
72,99,Stage 4,Stage 4,0.72282875,0.72282875
72,100,Stage 4,Stage 4,0.9861487,0.9861487
72,101,Stage 4,Stage 4,0.8039558,0.8039558
72,102,Stage 4,Stage 4,0.9641347,0.9641347
72,103,Stage 4,Stage 4,0.96953595,0.96953595
72,104,Stage 4,Stage 4,0.5395299,0.5395299
72,105,Stage 4,Stage 4,0.91624415,0.91624415
72,106,Stage 4,Stage 4,0.9081176,0.9081176
72,107,Stage 4,Stage 4,0.93509436,0.93509436
72,108,Stage 4,Stage 4,0.94033235,0.94033235
72,109,Stage 4,Stage 4,0.9603121,0.9603121
72,110,Stage 4,Stage 4,0.95175016,0.95175016
72,111,Stage 4,Stage 4,0.9460623,0.9460623
72,112,Stage 4,Stage 4,0.73365974,0.73365974
72,113,Stage 4,Stage 4,0.8107759,0.8107759
72,114,Stage 4,Stage 4,0.9714433,0.9714433
72,115,Stage 4,Stage 4,0.973739,0.973739
72,116,Stage 4,Stage 4,0.9286897,0.9286897
72,117,Stage 4,Stage 4,0.94487065,0.94487065
72,118,Stage 4,Stage 4,0.93608886,0.93608886
72,119,Stage 4,Stage 0,0.010153061,0.92918164
72,120,Stage 4,Stage 4,0.94977164,0.94977164
72,121,Stage 4,Stage 4,0.88536376,0.88536376
72,122,Stage 4,Stage 0,0.39794597,0.59839886
72,123,Stage 4,Stage 4,0.9662361,0.9662361
72,124,Stage 4,Stage 4,0.9103683,0.9103683
72,125,Stage 4,Stage 4,0.929379,0.929379
72,126,Stage 4,Stage 4,0.9277916,0.9277916
72,127,Stage 4,Stage 4,0.91319436,0.91319436
72,128,Stage 4,Stage 4,0.72133696,0.72133696
72,129,Stage 4,Stage 4,0.95349103,0.95349103
72,130,Stage 0,Stage 0,0.0072096684,0.92410576
72,131,Stage 4,Stage 4,0.9162008,0.9162008
72,132,Stage 4,Stage 4,0.80029774,0.80029774
72,133,Stage 0,Stage 0,0.01700614,0.95531636
72,134,Stage 4,Stage 4,0.907153,0.907153
72,135,Stage 0,Stage 4,0.94621503,0.94621503
72,136,Stage 4,Stage 4,0.94930667,0.94930667
72,137,Stage 0,Stage 4,0.98839146,0.98839146
72,138,Stage 4,Stage 4,0.79453045,0.79453045
72,139,Stage 0,Stage 0,0.2500521,0.7449089
72,140,Stage 0,Stage 0,0.49603474,0.4986467
72,141,Stage 4,Stage 4,0.8003768,0.8003768
72,142,Stage 0,Stage 0,0.1403598,0.85068595
72,143,Stage 0,Stage 0,0.05006085,0.9298743
72,144,Stage 0,Stage 0,0.018340718,0.9772759
72,145,Stage 4,Stage 4,0.7195589,0.7195589
72,146,Stage 0,Stage 4,0.69737506,0.69737506
72,147,Stage 4,Stage 0,0.4944896,0.5018439
72,148,Stage 4,Stage 4,0.9609628,0.9609628
72,149,Stage 0,Stage 4,0.8618024,0.8618024
72,150,Stage 4,Stage 4,0.9407911,0.9407911
72,151,Stage 0,Stage 4,0.53088534,0.53088534
72,152,Stage 0,Stage 0,0.45390132,0.5439774
72,153,Stage 0,Stage 0,0.096054226,0.89953303
72,154,Stage 0,Stage 0,0.059521988,0.9297727
72,155,Stage 0,Stage 0,0.2412095,0.73699474
72,156,Stage 0,Stage 0,0.04946836,0.94699407
72,157,Stage 0,Stage 0,0.4162283,0.5796434
72,158,Stage 0,Stage 0,0.029032912,0.96329004
72,159,Stage 0,Stage 0,0.00089130626,0.7692819
72,160,Stage 0,Stage 0,0.03903911,0.94460773
72,161,Stage 0,Stage 0,0.0021434918,0.91747344
72,162,Stage 0,Stage 0,0.012022417,0.9604506
72,163,Stage 0,Stage 0,0.004044978,0.9467814
72,164,Stage 0,Stage 2,0.0013509642,0.47523707
72,165,Stage 0,Stage 0,0.0018260691,0.8634185
72,166,Stage 0,Stage 0,0.061078373,0.9050215
72,167,Stage 0,Stage 3,0.0015409093,0.351575
72,168,Stage 0,Stage 0,0.001141915,0.4637445
72,169,Stage 0,Stage 0,0.0015089363,0.7343028
72,170,Stage 0,Stage 3,0.0015006493,0.47603592
72,171,Stage 0,Stage 0,0.038360827,0.9549555
72,172,Stage 0,Stage 0,0.00415191,0.9750957
72,173,Stage 0,Stage 3,0.001364426,0.50988793
72,174,Stage 0,Stage 0,0.0035527763,0.6731901
72,175,Stage 3,Stage 3,0.00085536845,0.44564214
72,176,Stage 0,Stage 0,0.0017767961,0.7986473
72,177,Stage 3,Stage 3,0.00095722993,0.510091
72,178,Stage 3,Stage 0,0.0015725323,0.716614
72,179,Stage 3,Stage 3,0.0010038107,0.7932221
72,180,Stage 3,Stage 2,0.001118161,0.5481522
72,181,Stage 3,Stage 0,0.0011382827,0.42546144
72,182,Stage 0,Stage 0,0.008979385,0.8943132
72,183,Stage 3,Stage 2,0.0014530655,0.45036116
72,184,Stage 3,Stage 0,0.002678703,0.5165014
72,185,Stage 0,Stage 3,0.0012058504,0.73703307
72,186,Stage 0,Stage 2,0.0014846165,0.5110216
72,187,Stage 3,Stage 3,0.002204734,0.3782946
72,188,Stage 3,Stage 3,0.00084222987,0.6917553
72,189,Stage 3,Stage 3,0.0007937989,0.6608191
72,190,Stage 0,Stage 3,0.00094907515,0.66365194
72,191,Stage 3,Stage 3,0.00071773364,0.81211114
72,192,Stage 3,Stage 3,0.0017777116,0.4304471
72,193,Stage 3,Stage 3,0.0009839662,0.62824714
72,194,Stage 3,Stage 3,0.0008096995,0.68918115
72,195,Stage 3,Stage 3,0.00088588434,0.7027871
72,196,Stage 3,Stage 3,0.0009339987,0.7195627
72,197,Stage 3,Stage 3,0.0008449982,0.629028
72,198,Stage 3,Stage 3,0.0008068519,0.43903437
72,199,Stage 3,Stage 3,0.00082027615,0.6115955
72,200,Stage 3,Stage 3,0.0006484174,0.8847494
72,201,Stage 3,Stage 3,0.00077014597,0.8548671
72,202,Stage 3,Stage 3,0.00080042717,0.9163711
72,203,Stage 3,Stage 3,0.00076276704,0.77435315
72,204,Stage 3,Stage 3,0.0007184576,0.83562243
72,205,Stage 3,Stage 3,0.00079090014,0.8601666
72,206,Stage 3,Stage 3,0.00084858097,0.80491096
72,207,Stage 3,Stage 3,0.0006952258,0.86179054
72,208,Stage 3,Stage 3,0.001022148,0.86473024
72,209,Stage 3,Stage 3,0.00083865953,0.6175511
72,210,Stage 3,Stage 3,0.0006107661,0.8711299
72,211,Stage 3,Stage 3,0.00076981867,0.8130942
72,212,Stage 3,Stage 2,0.0011675719,0.71988946
72,213,Stage 3,Stage 3,0.0006223905,0.87582886
73,1,Stage 0,Stage 4,0.8006781,0.8006781
73,2,Stage 0,Stage 0,0.13666187,0.85248494
73,3,Stage 4,Stage 4,0.6043669,0.6043669
73,4,Stage 0,Stage 4,0.8928136,0.8928136
73,5,Stage 0,Stage 0,0.004927316,0.96969527
73,6,Stage 0,Stage 0,0.34478876,0.6519842
73,7,Stage 0,Stage 4,0.541482,0.541482
73,8,Stage 4,Stage 0,0.35998607,0.63429546
73,9,Stage 4,Stage 0,0.40242344,0.5913811
73,10,Stage 0,Stage 0,0.16963117,0.8265876
73,11,Stage 0,Stage 4,0.92233276,0.92233276
73,12,Stage 4,Stage 4,0.7529268,0.7529268
73,13,Stage 0,Stage 0,0.1903759,0.80371445
73,14,Stage 4,Stage 0,0.373138,0.6222305
73,15,Stage 0,Stage 4,0.69275665,0.69275665
73,16,Stage 0,Stage 0,0.44317356,0.5541279
73,17,Stage 4,Stage 4,0.939076,0.939076
73,18,Stage 0,Stage 0,0.023111602,0.9317081
73,19,Stage 0,Stage 0,0.037739627,0.9539284
73,20,Stage 4,Stage 4,0.71297926,0.71297926
73,21,Stage 4,Stage 4,0.92491406,0.92491406
73,22,Stage 4,Stage 4,0.9668561,0.9668561
73,23,Stage 4,Stage 4,0.92416877,0.92416877
73,24,Stage 4,Stage 4,0.9556607,0.9556607
73,25,Stage 4,Stage 4,0.9547502,0.9547502
73,26,Stage 4,Stage 4,0.9662379,0.9662379
73,27,Stage 4,Stage 4,0.6399461,0.6399461
73,28,Stage 0,Stage 0,0.34176162,0.6515885
73,29,Stage 0,Stage 0,0.011930057,0.98102206
73,30,Stage 4,Stage 0,0.16288699,0.8289943
73,31,Stage 4,Stage 0,0.10405436,0.8869864
73,32,Stage 4,Stage 4,0.77645564,0.77645564
73,33,Stage 4,Stage 0,0.15341775,0.84220576
73,34,Stage 4,Stage 4,0.9436014,0.9436014
73,35,Stage 4,Stage 4,0.8231986,0.8231986
73,36,Stage 4,Stage 4,0.9320132,0.9320132
73,37,Stage 0,Stage 0,0.46169093,0.5320822
73,38,Stage 0,Stage 4,0.8533811,0.8533811
73,39,Stage 0,Stage 0,0.0039121904,0.9758522
73,40,Stage 4,Stage 4,0.9876601,0.9876601
73,41,Stage 0,Stage 0,0.1368403,0.851054
73,42,Stage 0,Stage 0,0.38627642,0.6072102
73,43,Stage 4,Stage 0,0.15307902,0.8382241
73,44,Stage 0,Stage 4,0.8536807,0.8536807
73,45,Stage 0,Stage 0,0.05768052,0.9352235
73,46,Stage 4,Stage 4,0.778011,0.778011
73,47,Stage 0,Stage 0,0.24915434,0.7453144
73,48,Stage 0,Stage 4,0.7491676,0.7491676
73,49,Stage 4,Stage 4,0.7087628,0.7087628
73,50,Stage 4,Stage 0,0.38276142,0.5942646
73,51,Stage 0,Stage 0,0.07792717,0.90641165
73,52,Stage 4,Stage 4,0.9592307,0.9592307
73,53,Stage 0,Stage 0,0.15519485,0.5718433
73,54,Stage 0,Stage 0,0.007477507,0.97579134
73,55,Stage 0,Stage 4,0.81365746,0.81365746
73,56,Stage 0,Stage 0,0.014683767,0.9571081
73,57,Stage 0,Stage 0,0.0016230183,0.6776554
73,58,Stage 0,Stage 0,0.01521529,0.9744475
73,59,Stage 0,Stage 0,0.19204025,0.80014896
73,60,Stage 0,Stage 0,0.14959241,0.8370996
73,61,Stage 4,Stage 4,0.7488883,0.7488883
73,62,Stage 0,Stage 0,0.03387275,0.94808
73,63,Stage 0,Stage 0,0.23314998,0.75855863
73,64,Stage 0,Stage 4,0.6867172,0.6867172
73,65,Stage 0,Stage 0,0.029236931,0.9587317
73,66,Stage 0,Stage 0,0.009505519,0.981105
73,67,Stage 0,Stage 0,0.22151716,0.7753398
73,68,Stage 0,Stage 4,0.6858594,0.6858594
73,69,Stage 4,Stage 4,0.9570361,0.9570361
73,70,Stage 4,Stage 4,0.96777934,0.96777934
73,71,Stage 0,Stage 0,0.11768094,0.87605786
73,72,Stage 4,Stage 4,0.90162647,0.90162647
73,73,Stage 0,Stage 0,0.16129299,0.83339
73,74,Stage 0,Stage 0,0.0032061315,0.93544054
73,75,Stage 0,Stage 0,0.1538339,0.8325971
73,76,Stage 0,Stage 0,0.36652637,0.6300391
73,77,Stage 0,Stage 0,0.036578227,0.9437003
73,78,Stage 0,Stage 0,0.05760184,0.8965312
73,79,Stage 0,Stage 4,0.928732,0.928732
73,80,Stage 4,Stage 0,0.1314161,0.85542977
73,81,Stage 0,Stage 0,0.053836785,0.9263648
73,82,Stage 0,Stage 0,0.41448078,0.57976705
73,83,Stage 0,Stage 0,0.0854856,0.90466017
73,84,Stage 0,Stage 0,0.06820769,0.921667
73,85,Stage 0,Stage 0,0.0011534689,0.917033
73,86,Stage 4,Stage 4,0.7690267,0.7690267
73,87,Stage 0,Stage 0,0.011870558,0.9772575
73,88,Stage 0,Stage 0,0.001716895,0.8746225
73,89,Stage 0,Stage 0,0.001964038,0.9796727
73,90,Stage 0,Stage 0,0.16135868,0.83151346
73,91,Stage 0,Stage 0,0.021296795,0.9653147
73,92,Stage 0,Stage 0,0.20335819,0.76843435
73,93,Stage 0,Stage 0,0.33863622,0.65066737
73,94,Stage 0,Stage 0,0.026587058,0.96045166
73,95,Stage 0,Stage 0,0.18297854,0.814016
73,96,Stage 0,Stage 0,0.13842958,0.8546125
73,97,Stage 0,Stage 4,0.74393624,0.74393624
73,98,Stage 0,Stage 0,0.0469703,0.91885954
73,99,Stage 0,Stage 0,0.025837738,0.9674265
73,100,Stage 0,Stage 0,0.0011647984,0.79187447
73,101,Stage 0,Stage 0,0.0027231576,0.9249452
73,102,Stage 0,Stage 0,0.2818305,0.7123601
73,103,Stage 0,Stage 0,0.00239105,0.915834
73,104,Stage 0,Stage 0,0.18041542,0.81492776
73,105,Stage 0,Stage 0,0.026186181,0.9347505
73,106,Stage 0,Stage 0,0.0030103193,0.9315433
73,107,Stage 0,Stage 0,0.06315504,0.9150341
73,108,Stage 0,Stage 0,0.0750396,0.9165544
73,109,Stage 0,Stage 0,0.3044528,0.6725802
73,110,Stage 0,Stage 0,0.0028335692,0.9147363
73,111,Stage 0,Stage 0,0.004888364,0.9766981
73,112,Stage 0,Stage 0,0.11137897,0.88249665
73,113,Stage 0,Stage 0,0.18753159,0.80415744
73,114,Stage 0,Stage 0,0.012896455,0.9799759
73,115,Stage 0,Stage 0,0.0042568473,0.9252292
73,116,Stage 0,Stage 0,0.119173214,0.85909104
73,117,Stage 0,Stage 0,0.0035209819,0.9856849
73,118,Stage 0,Stage 0,0.0058790534,0.98140556
73,119,Stage 0,Stage 0,0.0022745414,0.9494494
73,120,Stage 0,Stage 0,0.0018649092,0.956137
73,121,Stage 0,Stage 0,0.02870869,0.9546671
73,122,Stage 0,Stage 0,0.02454531,0.9628716
73,123,Stage 0,Stage 0,0.003909241,0.94808215
73,124,Stage 0,Stage 0,0.005484256,0.89928764
73,125,Stage 0,Stage 0,0.042015187,0.952828
73,126,Stage 0,Stage 0,0.015665073,0.9465186
73,127,Stage 0,Stage 0,0.0007447984,0.5660298
73,128,Stage 0,Stage 0,0.030511374,0.9591222
73,129,Stage 0,Stage 0,0.002272469,0.92822504
73,130,Stage 0,Stage 0,0.018106587,0.8747703
73,131,Stage 0,Stage 0,0.008963217,0.9515633
73,132,Stage 0,Stage 0,0.0043651583,0.94065404
73,133,Stage 0,Stage 0,0.0013058191,0.94102055
73,134,Stage 0,Stage 0,0.07418308,0.9157913
73,135,Stage 0,Stage 0,0.002706155,0.93453795
73,136,Stage 0,Stage 0,0.0106868865,0.98012483
73,137,Stage 0,Stage 0,0.023577139,0.963201
73,138,Stage 0,Stage 0,0.06389768,0.9316922
73,139,Stage 0,Stage 0,0.0015411335,0.78466326
73,140,Stage 0,Stage 0,0.0016055425,0.50965387
73,141,Stage 0,Stage 0,0.006700914,0.9867552
73,142,Stage 3,Stage 0,0.001158302,0.9381133
73,143,Stage 0,Stage 0,0.018515179,0.8540086
73,144,Stage 0,Stage 0,0.0013603618,0.47088352
73,145,Stage 0,Stage 3,0.00077908824,0.53777915
73,146,Stage 0,Stage 0,0.0021492103,0.9500258
73,147,Stage 0,Stage 0,0.0032103672,0.7173146
73,148,Stage 0,Stage 0,0.0027418882,0.76302874
73,149,Stage 0,Stage 0,0.0034367524,0.9552327
73,150,Stage 0,Stage 0,0.0026733296,0.9755393
73,151,Stage 0,Stage 0,0.0013494194,0.77815044
73,152,Stage 0,Stage 0,0.0020498731,0.40322945
73,153,Stage 3,Stage 2,0.000993967,0.4612919
73,154,Stage 0,Stage 0,0.0016571445,0.92804766
73,155,Stage 0,Stage 0,0.0023589,0.7677395
73,156,Stage 3,Stage 3,0.0010554723,0.829319
73,157,Stage 3,Stage 0,0.0016686566,0.69171023
73,158,Stage 0,Stage 0,0.0023260657,0.928308
73,159,Stage 0,Stage 0,0.0008396163,0.68958634
73,160,Stage 0,Stage 3,0.0017603232,0.6820589
73,161,Stage 3,Stage 3,0.0008585071,0.6086181
73,162,Stage 0,Stage 3,0.0010875021,0.53709394
73,163,Stage 3,Stage 0,0.0020519951,0.6575164
73,164,Stage 3,Stage 0,0.0013178424,0.51199377
73,165,Stage 0,Stage 0,0.0012578991,0.5277294
73,166,Stage 3,Stage 0,0.00131758,0.92578423
73,167,Stage 3,Stage 3,0.0011520488,0.5174738
73,168,Stage 3,Stage 3,0.0008359666,0.6223048
73,169,Stage 3,Stage 3,0.0010585244,0.63109535
73,170,Stage 3,Stage 3,0.0010748183,0.6153485
73,171,Stage 3,Stage 3,0.00054115255,0.74046546
73,172,Stage 3,Stage 2,0.00084884046,0.645424
73,173,Stage 0,Stage 0,0.0038057952,0.768052
73,174,Stage 3,Stage 3,0.0009574524,0.50049675
73,175,Stage 3,Stage 3,0.00071531406,0.8579731
73,176,Stage 3,Stage 2,0.0021152722,0.5766342
73,177,Stage 3,Stage 2,0.0010388932,0.6287098
73,178,Stage 3,Stage 3,0.0007694036,0.58967847
73,179,Stage 3,Stage 3,0.000838272,0.61369395
73,180,Stage 3,Stage 3,0.0008228351,0.6821967
73,181,Stage 3,Stage 3,0.000724978,0.59693044
73,182,Stage 3,Stage 0,0.00085266016,0.6083774
73,183,Stage 3,Stage 3,0.0008323859,0.66424954
73,184,Stage 3,Stage 2,0.0009746049,0.5470241
73,185,Stage 3,Stage 3,0.00085488707,0.619862
73,186,Stage 3,Stage 3,0.0008402942,0.72336096
73,187,Stage 3,Stage 3,0.00045785966,0.95238864
73,188,Stage 3,Stage 3,0.000596573,0.9045889
73,189,Stage 3,Stage 3,0.0007243983,0.7172732
73,190,Stage 3,Stage 3,0.00082105177,0.7239924
73,191,Stage 3,Stage 3,0.0006433727,0.8818483
73,192,Stage 3,Stage 3,0.0007033864,0.6707752
73,193,Stage 3,Stage 3,0.00078492105,0.9097259
73,194,Stage 3,Stage 3,0.0007359082,0.8479932
73,195,Stage 3,Stage 3,0.0008234073,0.9086564
73,196,Stage 3,Stage 3,0.0008143924,0.75908095
73,197,Stage 3,Stage 3,0.00070948974,0.8566365
73,198,Stage 3,Stage 2,0.00094012526,0.50490135
73,199,Stage 3,Stage 3,0.00085498,0.7727391
73,200,Stage 3,Stage 3,0.0009395952,0.5079453
73,201,Stage 3,Stage 3,0.0006841919,0.88126135
73,202,Stage 3,Stage 3,0.0005631847,0.8905847
73,203,Stage 3,Stage 3,0.00084760913,0.62132317
73,204,Stage 3,Stage 3,0.00067529926,0.71389383
73,205,Stage 3,Stage 3,0.0008353789,0.5930912
73,206,Stage 3,Stage 3,0.0008089991,0.63288236
73,207,Stage 3,Stage 3,0.00083247176,0.53455234
73,208,Stage 3,Stage 3,0.0007857669,0.764925
73,209,Stage 3,Stage 3,0.0006635106,0.85560125
73,210,Stage 3,Stage 3,0.0007507651,0.8293077
73,211,Stage 3,Stage 3,0.00072457787,0.83513695
73,212,Stage 3,Stage 3,0.0009954496,0.50015056
73,213,Stage 3,Stage 3,0.00076756865,0.815793
75,1,Stage 4,Stage 4,0.91218376,0.91218376
75,2,Stage 4,Stage 4,0.8710798,0.8710798
75,3,Stage 4,Stage 4,0.72010857,0.72010857
75,4,Stage 4,Stage 4,0.89829344,0.89829344
75,5,Stage 4,Stage 4,0.9042103,0.9042103
75,6,Stage 4,Stage 4,0.9481086,0.9481086
75,7,Stage 4,Stage 4,0.8165482,0.8165482
75,8,Stage 4,Stage 4,0.9435411,0.9435411
75,9,Stage 4,Stage 4,0.9588905,0.9588905
75,10,Stage 4,Stage 4,0.9689159,0.9689159
75,11,Stage 4,Stage 4,0.9517776,0.9517776
75,12,Stage 4,Stage 1,0.37061945,0.6269959
75,13,Stage 4,Stage 4,0.9034259,0.9034259
75,14,Stage 4,Stage 4,0.9668669,0.9668669
75,15,Stage 4,Stage 4,0.6511973,0.6511973
75,16,Stage 4,Stage 1,0.31847504,0.67844117
75,17,Stage 4,Stage 4,0.8352985,0.8352985
75,18,Stage 4,Stage 4,0.9456657,0.9456657
75,19,Stage 0,Stage 4,0.79849476,0.79849476
75,20,Stage 4,Stage 4,0.9273369,0.9273369
75,21,Stage 4,Stage 0,0.1833538,0.7990428
75,22,Stage 4,Stage 4,0.74701643,0.74701643
75,23,Stage 4,Stage 4,0.9442305,0.9442305
75,24,Stage 4,Stage 4,0.95818526,0.95818526
75,25,Stage 4,Stage 4,0.84440833,0.84440833
75,26,Stage 4,Stage 4,0.91836995,0.91836995
75,27,Stage 4,Stage 4,0.97415143,0.97415143
75,28,Stage 4,Stage 4,0.87653196,0.87653196
75,29,Stage 4,Stage 4,0.94180036,0.94180036
75,30,Stage 4,Stage 4,0.82580596,0.82580596
75,31,Stage 4,Stage 0,0.48946825,0.5043224
75,32,Stage 4,Stage 4,0.9906267,0.9906267
75,33,Stage 4,Stage 4,0.9564775,0.9564775
75,34,Stage 4,Stage 4,0.86679465,0.86679465
75,35,Stage 0,Stage 4,0.736596,0.736596
75,36,Stage 4,Stage 4,0.93376464,0.93376464
75,37,Stage 4,Stage 4,0.97682834,0.97682834
75,38,Stage 4,Stage 4,0.77618027,0.77618027
75,39,Stage 4,Stage 4,0.9375426,0.9375426
75,40,Stage 4,Stage 4,0.8166178,0.8166178
75,41,Stage 4,Stage 4,0.90151423,0.90151423
75,42,Stage 4,Stage 4,0.6483668,0.6483668
75,43,Stage 4,Stage 4,0.63707536,0.63707536
75,44,Stage 4,Stage 4,0.91162616,0.91162616
75,45,Stage 0,Stage 0,0.014198081,0.97573143
75,46,Stage 4,Stage 4,0.9063292,0.9063292
75,47,Stage 4,Stage 4,0.80694145,0.80694145
75,48,Stage 4,Stage 4,0.94914424,0.94914424
75,49,Stage 4,Stage 4,0.8929331,0.8929331
75,50,Stage 4,Stage 4,0.603418,0.603418
75,51,Stage 4,Stage 4,0.869724,0.869724
75,52,Stage 4,Stage 4,0.9069436,0.9069436
75,53,Stage 4,Stage 4,0.84367675,0.84367675
75,54,Stage 4,Stage 4,0.5243196,0.5243196
75,55,Stage 4,Stage 4,0.61185,0.61185
75,56,Stage 4,Stage 4,0.7528418,0.7528418
75,57,Stage 4,Stage 4,0.9471182,0.9471182
75,58,Stage 4,Stage 4,0.6217765,0.6217765
75,59,Stage 4,Stage 4,0.9373933,0.9373933
75,60,Stage 4,Stage 4,0.94913256,0.94913256
75,61,Stage 4,Stage 4,0.82682383,0.82682383
75,62,Stage 4,Stage 4,0.9784468,0.9784468
75,63,Stage 4,Stage 0,0.24778797,0.7452023
75,64,Stage 4,Stage 4,0.84217685,0.84217685
75,65,Stage 4,Stage 4,0.9877885,0.9877885
75,66,Stage 4,Stage 4,0.95415604,0.95415604
75,67,Stage 4,Stage 4,0.9729552,0.9729552
75,68,Stage 4,Stage 0,0.091848366,0.88325506
75,69,Stage 4,Stage 4,0.8421406,0.8421406
75,70,Stage 4,Stage 4,0.83201545,0.83201545
75,71,Stage 4,Stage 4,0.91676944,0.91676944
75,72,Stage 4,Stage 4,0.91800165,0.91800165
75,73,Stage 0,Stage 0,0.30868044,0.68921
75,74,Stage 4,Stage 4,0.90725994,0.90725994
75,75,Stage 4,Stage 4,0.9605189,0.9605189
75,76,Stage 4,Stage 0,0.45013607,0.5456116
75,77,Stage 0,Stage 0,0.2512582,0.7435678
75,78,Stage 4,Stage 4,0.9334098,0.9334098
75,79,Stage 0,Stage 4,0.9455527,0.9455527
75,80,Stage 4,Stage 4,0.87417996,0.87417996
75,81,Stage 0,Stage 0,0.01902588,0.97349405
75,82,Stage 0,Stage 0,0.3094097,0.6843756
75,83,Stage 0,Stage 4,0.5236735,0.5236735
75,84,Stage 4,Stage 4,0.9624759,0.9624759
75,85,Stage 4,Stage 4,0.7880923,0.7880923
75,86,Stage 4,Stage 0,0.27289304,0.72328216
75,87,Stage 4,Stage 4,0.8526009,0.8526009
75,88,Stage 4,Stage 4,0.94606,0.94606
75,89,Stage 4,Stage 0,0.06960341,0.91112304
75,90,Stage 4,Stage 4,0.9669231,0.9669231
75,91,Stage 0,Stage 4,0.70533,0.70533
75,92,Stage 0,Stage 0,0.22282416,0.7709971
75,93,Stage 4,Stage 4,0.800835,0.800835
75,94,Stage 0,Stage 4,0.802138,0.802138
75,95,Stage 0,Stage 0,0.046139795,0.948219
75,96,Stage 4,Stage 4,0.93999624,0.93999624
75,97,Stage 4,Stage 4,0.6054441,0.6054441
75,98,Stage 4,Stage 0,0.27631134,0.7198712
75,99,Stage 4,Stage 4,0.9425611,0.9425611
75,100,Stage 4,Stage 4,0.67332494,0.67332494
75,101,Stage 4,Stage 4,0.66351104,0.66351104
75,102,Stage 4,Stage 0,0.40581435,0.5895727
75,103,Stage 4,Stage 0,0.3929937,0.5981711
75,104,Stage 4,Stage 0,0.21595111,0.7742963
75,105,Stage 0,Stage 0,0.09117504,0.905242
75,106,Stage 4,Stage 4,0.8145279,0.8145279
75,107,Stage 4,Stage 0,0.2254914,0.7683314
75,108,Stage 4,Stage 0,0.08377676,0.910096
75,109,Stage 4,Stage 4,0.6789974,0.6789974
75,110,Stage 0,Stage 0,0.07418571,0.90600616
75,111,Stage 4,Stage 4,0.6109421,0.6109421
75,112,Stage 0,Stage 0,0.47017363,0.5267525
75,113,Stage 0,Stage 0,0.41763797,0.5760939
75,114,Stage 0,Stage 0,0.034574565,0.9538231
75,115,Stage 0,Stage 0,0.043848027,0.93907565
75,116,Stage 0,Stage 0,0.008340273,0.98652357
75,117,Stage 0,Stage 0,0.2159891,0.73518336
75,118,Stage 4,Stage 4,0.93237233,0.93237233
75,119,Stage 0,Stage 0,0.24263023,0.7488921
75,120,Stage 0,Stage 4,0.81063426,0.81063426
75,121,Stage 0,Stage 4,0.61541784,0.61541784
75,122,Stage 0,Stage 0,0.0038311766,0.9815185
75,123,Stage 0,Stage 0,0.03301222,0.9503929
75,124,Stage 0,Stage 0,0.31002992,0.6831832
75,125,Stage 0,Stage 0,0.027282957,0.9590543
75,126,Stage 4,Stage 0,0.47585768,0.51399314
75,127,Stage 0,Stage 0,0.035746615,0.9595363
75,128,Stage 0,Stage 0,0.014498522,0.9728483
75,129,Stage 0,Stage 0,0.09557307,0.89396167
75,130,Stage 0,Stage 0,0.023182442,0.9697481
75,131,Stage 0,Stage 0,0.035110947,0.9610235
75,132,Stage 0,Stage 0,0.22466828,0.7207617
75,133,Stage 0,Stage 0,0.10051402,0.8949404
75,134,Stage 0,Stage 0,0.0114692,0.9764773
75,135,Stage 0,Stage 0,0.026091514,0.96843296
75,136,Stage 0,Stage 0,0.14604674,0.84806126
75,137,Stage 0,Stage 0,0.0016372458,0.5427701
75,138,Stage 0,Stage 0,0.0009318173,0.7117055
75,139,Stage 0,Stage 0,0.02559338,0.9558602
75,140,Stage 0,Stage 0,0.004393645,0.98034036
75,141,Stage 0,Stage 0,0.0019655058,0.9463651
75,142,Stage 0,Stage 0,0.06055593,0.9296395
75,143,Stage 0,Stage 0,0.1927415,0.79911506
75,144,Stage 0,Stage 0,0.31070155,0.68585247
75,145,Stage 0,Stage 0,0.0026222912,0.96143895
75,146,Stage 0,Stage 0,0.10381031,0.88746643
75,147,Stage 0,Stage 0,0.008607688,0.9858294
75,148,Stage 0,Stage 0,0.032417826,0.9502027
75,149,Stage 0,Stage 0,0.0009909387,0.6103798
75,150,Stage 0,Stage 0,0.052431334,0.93079597
75,151,Stage 0,Stage 0,0.032241136,0.9118656
75,152,Stage 0,Stage 0,0.029648338,0.92766845
75,153,Stage 0,Stage 0,0.4082098,0.5866694
75,154,Stage 0,Stage 0,0.02067688,0.96767944
75,155,Stage 0,Stage 0,0.0021425157,0.9459744
75,156,Stage 0,Stage 0,0.01134224,0.9512168
75,157,Stage 0,Stage 0,0.0012345116,0.8600465
75,158,Stage 0,Stage 0,0.069644295,0.91756713
75,159,Stage 0,Stage 0,0.018868996,0.89985967
75,160,Stage 0,Stage 0,0.002456152,0.8015616
75,161,Stage 0,Stage 0,0.108330615,0.8662008
75,162,Stage 0,Stage 0,0.0044023707,0.9570614
75,163,Stage 0,Stage 0,0.0018311812,0.5907984
75,164,Stage 3,Stage 3,0.0008921266,0.5538831
75,165,Stage 0,Stage 0,0.0013261907,0.85462844
75,166,Stage 0,Stage 0,0.029959505,0.95994794
75,167,Stage 0,Stage 0,0.0013303296,0.69821185
75,168,Stage 0,Stage 0,0.00063686044,0.5536663
75,169,Stage 0,Stage 0,0.010914261,0.8747217
75,170,Stage 0,Stage 0,0.08448796,0.88558817
75,171,Stage 3,Stage 0,0.0011721845,0.42159787
75,172,Stage 0,Stage 0,0.0008816845,0.40314886
75,173,Stage 0,Stage 0,0.0010838398,0.764202
75,174,Stage 0,Stage 0,0.034348913,0.938105
75,175,Stage 3,Stage 2,0.00083885214,0.4673912
75,176,Stage 0,Stage 0,0.001266563,0.9045631
75,177,Stage 0,Stage 3,0.0011584013,0.48586196
75,178,Stage 0,Stage 0,0.0014040545,0.82785445
75,179,Stage 0,Stage 0,0.0012978981,0.6563595
75,180,Stage 3,Stage 3,0.00097363145,0.71398896
75,181,Stage 0,Stage 0,0.0022815154,0.5218926
75,182,Stage 3,Stage 3,0.00085523445,0.7576055
75,183,Stage 3,Stage 2,0.0009729135,0.4971667
75,184,Stage 3,Stage 2,0.0012556239,0.46022975
75,185,Stage 3,Stage 0,0.0009346512,0.48979974
75,186,Stage 3,Stage 0,0.0038440172,0.9889262
75,187,Stage 3,Stage 0,0.0013749365,0.63873667
75,188,Stage 3,Stage 0,0.0010145514,0.46328005
75,189,Stage 3,Stage 3,0.0009752554,0.43767333
75,190,Stage 3,Stage 3,0.00093790935,0.56689924
75,191,Stage 3,Stage 3,0.0010341534,0.6093699
75,192,Stage 3,Stage 3,0.0034870564,0.489121
75,193,Stage 3,Stage 3,0.0007491537,0.45913425
75,194,Stage 3,Stage 0,0.0007384593,0.44095778
75,195,Stage 3,Stage 3,0.00089357764,0.5253982
75,196,Stage 3,Stage 3,0.0011492794,0.3504274
75,197,Stage 3,Stage 3,0.000744041,0.8444742
75,198,Stage 3,Stage 2,0.00084524247,0.5078788
75,199,Stage 3,Stage 3,0.0011980555,0.55191714
75,200,Stage 3,Stage 3,0.0008654958,0.56262016
75,201,Stage 3,Stage 3,0.00083067955,0.52858496
75,202,Stage 3,Stage 3,0.00085041556,0.65232646
75,203,Stage 3,Stage 3,0.0008804453,0.6498783
75,204,Stage 3,Stage 3,0.000858225,0.58196294
75,205,Stage 3,Stage 2,0.0008397907,0.5160065
75,206,Stage 3,Stage 3,0.0007029818,0.8417127
75,207,Stage 3,Stage 3,0.00084968715,0.5962016
75,208,Stage 3,Stage 3,0.00076610176,0.77661926
75,209,Stage 3,Stage 3,0.0008098194,0.75998586
75,210,Stage 3,Stage 3,0.00079878146,0.7761809
75,211,Stage 3,Stage 3,0.0008112996,0.76976246
75,212,Stage 3,Stage 3,0.0007251675,0.8606656
75,213,Stage 3,Stage 3,0.00090393214,0.77586025
75,214,Stage 3,Stage 3,0.000716417,0.84179294
75,215,Stage 3,Stage 3,0.0007342885,0.792026
75,216,Stage 3,Stage 3,0.0007796842,0.8283376
75,217,Stage 3,Stage 2,0.001127699,0.50205374
75,218,Stage 3,Stage 3,0.00059195334,0.88877946
75,219,Stage 3,Stage 3,0.0007345155,0.7789869
75,220,Stage 3,Stage 3,0.00089798355,0.68546695
75,221,Stage 3,Stage 3,0.00077873655,0.7692564
75,222,Stage 3,Stage 2,0.0010945143,0.62678874
75,223,Stage 3,Stage 3,0.0006649439,0.87801373
75,224,Stage 3,Stage 3,0.0006933835,0.8277386
75,225,Stage 3,Stage 3,0.0006896763,0.8382338
75,226,Stage 3,Stage 3,0.00068085734,0.71959424
75,227,Stage 3,Stage 3,0.00040900163,0.93841994
75,228,Stage 3,Stage 3,0.0006046938,0.86707866
75,229,Stage 3,Stage 3,0.00064632867,0.8630407
78,1,Stage 1,Stage 1,0.00044937115,0.9994092
78,2,Stage 1,Stage 1,0.00042124573,0.9994406
78,3,Stage 1,Stage 1,0.0008144413,0.9989442
78,4,Stage 1,Stage 1,0.0014076756,0.9983506
78,5,Stage 1,Stage 1,0.0012197501,0.9985459
78,6,Stage 1,Stage 1,0.0012812691,0.9984785
78,7,Stage 1,Stage 1,0.001007319,0.99878305
78,8,Stage 1,Stage 1,0.00023070254,0.9996774
78,9,Stage 1,Stage 1,0.0009813851,0.9987863
78,10,Stage 1,Stage 1,0.004592825,0.9949144
78,11,Stage 1,Stage 1,0.00047485915,0.9993748
78,12,Stage 1,Stage 1,0.0016241792,0.9981133
78,13,Stage 1,Stage 1,0.008043808,0.9912641
78,14,Stage 1,Stage 1,0.0012911744,0.99847966
78,15,Stage 1,Stage 1,0.014597434,0.98464394
78,16,Stage 1,Stage 1,0.0003548212,0.9995326
78,17,Stage 1,Stage 1,0.00037139942,0.99951184
78,18,Stage 1,Stage 1,0.0005247892,0.9993315
78,19,Stage 1,Stage 1,0.0042485283,0.99535865
78,20,Stage 1,Stage 1,0.0010390397,0.99877757
78,21,Stage 1,Stage 1,0.0023153513,0.9973748
78,22,Stage 1,Stage 1,0.0010900889,0.99867094
78,23,Stage 1,Stage 1,0.00018389634,0.9997309
78,24,Stage 1,Stage 1,0.0024198792,0.99728155
78,25,Stage 1,Stage 1,0.0018681845,0.99786276
78,26,Stage 1,Stage 1,0.0072168782,0.99219733
78,27,Stage 1,Stage 1,0.001755432,0.99796605
78,28,Stage 1,Stage 1,0.00044279703,0.9994172
78,29,Stage 1,Stage 1,0.0002825026,0.99962115
78,30,Stage 1,Stage 1,0.002190184,0.9974969
78,31,Stage 1,Stage 1,0.0065810718,0.9928247
78,32,Stage 1,Stage 1,0.0010029665,0.9988268
78,33,Stage 1,Stage 1,0.00078460725,0.9990262
78,34,Stage 1,Stage 1,0.00059682986,0.9992471
78,35,Stage 1,Stage 1,0.00034885007,0.999519
78,36,Stage 1,Stage 1,0.0023692963,0.9973104
78,37,Stage 1,Stage 1,0.0008248555,0.999
78,38,Stage 1,Stage 1,0.0014451704,0.99828905
78,39,Stage 1,Stage 1,0.00080757524,0.9990362
78,40,Stage 1,Stage 1,0.0020000592,0.9977077
78,41,Stage 1,Stage 1,0.0102843195,0.98914003
78,42,Stage 1,Stage 1,0.05724095,0.9415436
78,43,Stage 1,Stage 1,0.00222525,0.99744534
78,44,Stage 1,Stage 1,0.0009757929,0.9988194
78,45,Stage 1,Stage 1,0.0017795691,0.9979171
78,46,Stage 1,Stage 1,0.004245765,0.99532485
78,47,Stage 1,Stage 1,0.0003418192,0.99954164
78,48,Stage 1,Stage 1,0.0024202876,0.9972716
78,49,Stage 1,Stage 1,0.009698984,0.98949265
78,50,Stage 1,Stage 1,0.00040137273,0.99948186
78,51,Stage 1,Stage 1,0.0062808157,0.9932161
78,52,Stage 1,Stage 1,0.002370967,0.99733716
78,53,Stage 1,Stage 1,0.0036882935,0.9959229
78,54,Stage 1,Stage 1,0.0036214616,0.9959857
78,55,Stage 1,Stage 1,0.0019176593,0.99780613
78,56,Stage 1,Stage 1,0.0005365201,0.999292
78,57,Stage 1,Stage 1,0.00043894685,0.9994425
78,58,Stage 1,Stage 1,0.051965237,0.94652295
78,59,Stage 1,Stage 1,0.004053628,0.9955319
78,60,Stage 1,Stage 1,0.0021311948,0.9975606
78,61,Stage 1,Stage 1,0.006515583,0.9928912
78,62,Stage 1,Stage 1,0.00061223947,0.99921525
78,63,Stage 1,Stage 1,0.007118417,0.99229115
78,64,Stage 1,Stage 1,0.0018681845,0.99786276
78,65,Stage 1,Stage 1,0.0009536935,0.99886394
78,66,Stage 1,Stage 1,0.012672906,0.98651344
78,67,Stage 1,Stage 1,0.019029219,0.98038656
78,68,Stage 1,Stage 1,0.012459855,0.9867721
78,69,Stage 1,Stage 1,0.0025067483,0.9971603
78,70,Stage 1,Stage 1,0.0002974907,0.9996044
78,71,Stage 1,Stage 1,0.008611666,0.99074686
78,72,Stage 1,Stage 1,0.0033944747,0.99621236
78,73,Stage 1,Stage 1,0.004273465,0.99528956
78,74,Stage 1,Stage 1,0.10877577,0.8889892
78,75,Stage 1,Stage 1,0.0011130695,0.99867874
78,76,Stage 1,Stage 1,0.0003526883,0.99953055
78,77,Stage 1,Stage 1,0.0016170222,0.99811906
78,78,Stage 1,Stage 1,0.2648525,0.7330589
78,79,Stage 1,Stage 1,0.00064856,0.9991872
78,80,Stage 1,Stage 4,0.5246643,0.5246643
78,81,Stage 1,Stage 1,0.0019423162,0.99761534
78,82,Stage 1,Stage 1,0.00080757524,0.9990362
78,83,Stage 1,Stage 1,0.0067542354,0.9927165
78,84,Stage 1,Stage 1,0.002923177,0.99669504
78,85,Stage 1,Stage 1,0.06787025,0.9307906
78,86,Stage 1,Stage 1,0.005092361,0.99438804
78,87,Stage 1,Stage 1,0.18670602,0.811737
78,88,Stage 1,Stage 1,0.01077613,0.9885654
78,89,Stage 1,Stage 1,0.003963993,0.99566996
78,90,Stage 1,Stage 4,0.94850796,0.94850796
78,91,Stage 1,Stage 1,0.009780163,0.989636
78,92,Stage 1,Stage 1,0.0021591566,0.99748564
78,93,Stage 1,Stage 1,0.00821904,0.99115646
78,94,Stage 1,Stage 1,0.025192173,0.973801
78,95,Stage 1,Stage 1,0.007778106,0.9916338
78,96,Stage 1,Stage 1,0.29390413,0.7040109
78,97,Stage 1,Stage 1,0.12480621,0.87382853
78,98,Stage 1,Stage 1,0.0461353,0.9527213
78,99,Stage 1,Stage 1,0.0016956079,0.99799085
78,100,Stage 1,Stage 1,0.005925781,0.99357575
78,101,Stage 1,Stage 1,0.024635414,0.97443366
78,102,Stage 1,Stage 1,0.057555173,0.9412828
78,103,Stage 1,Stage 4,0.6090118,0.6090118
78,104,Stage 1,Stage 1,0.002984925,0.996684
78,105,Stage 1,Stage 4,0.6106734,0.6106734
78,106,Stage 1,Stage 1,0.35915914,0.63849086
78,107,Stage 1,Stage 1,0.012125197,0.98735887
78,108,Stage 1,Stage 1,0.0010429121,0.99873096
78,109,Stage 1,Stage 1,0.074477114,0.9240767
78,110,Stage 1,Stage 1,0.22311902,0.77444494
78,111,Stage 1,Stage 4,0.51387185,0.51387185
78,112,Stage 1,Stage 1,0.020697892,0.97835165
78,113,Stage 1,Stage 1,0.001213276,0.99854636
78,114,Stage 1,Stage 1,0.085342355,0.9132902
78,115,Stage 1,Stage 1,0.017934496,0.98129225
78,116,Stage 1,Stage 1,0.007030864,0.992401
78,117,Stage 1,Stage 1,0.13274518,0.86620706
78,118,Stage 4,Stage 1,0.34251758,0.6546959
78,119,Stage 1,Stage 1,0.012766445,0.9865681
78,120,Stage 1,Stage 1,0.016939068,0.9819854
78,121,Stage 1,Stage 1,0.47606978,0.5170884
78,122,Stage 1,Stage 1,0.010920991,0.9884062
78,123,Stage 1,Stage 1,0.49644127,0.5013735
78,124,Stage 1,Stage 1,0.021288345,0.9778281
78,125,Stage 1,Stage 1,0.34030712,0.6572418
78,126,Stage 4,Stage 4,0.67056173,0.67056173
78,127,Stage 1,Stage 1,0.15801437,0.8402302
78,128,Stage 1,Stage 1,0.053573783,0.9453594
78,129,Stage 1,Stage 1,0.0010229257,0.99875736
78,130,Stage 4,Stage 4,0.73074436,0.73074436
78,131,Stage 1,Stage 1,0.18226567,0.8162108
78,132,Stage 1,Stage 1,0.050837815,0.94767416
78,133,Stage 1,Stage 1,0.16798252,0.83042043
78,134,Stage 1,Stage 1,0.31030434,0.68755656
78,135,Stage 1,Stage 1,0.008973543,0.9903769
78,136,Stage 4,Stage 1,0.07146323,0.92699414
78,137,Stage 1,Stage 4,0.6170969,0.6170969
78,138,Stage 1,Stage 4,0.5365132,0.5365132
78,139,Stage 1,Stage 4,0.77951276,0.77951276
78,140,Stage 4,Stage 4,0.7448529,0.7448529
78,141,Stage 1,Stage 1,0.06583309,0.9327215
78,142,Stage 1,Stage 1,0.2313389,0.766249
78,143,Stage 4,Stage 1,0.42792276,0.57000494
78,144,Stage 4,Stage 4,0.95198345,0.95198345
78,145,Stage 4,Stage 4,0.80669713,0.80669713
78,146,Stage 1,Stage 1,0.081125595,0.91754025
78,147,Stage 1,Stage 1,0.42917144,0.56822515
78,148,Stage 1,Stage 4,0.93844783,0.93844783
78,149,Stage 4,Stage 4,0.9455038,0.9455038
78,150,Stage 4,Stage 1,0.23069091,0.7638333
78,151,Stage 4,Stage 4,0.9651176,0.9651176
78,152,Stage 1,Stage 1,0.20416565,0.7944257
78,153,Stage 4,Stage 4,0.9356658,0.9356658
78,154,Stage 1,Stage 1,0.48448262,0.5127796
78,155,Stage 4,Stage 4,0.96050614,0.96050614
78,156,Stage 4,Stage 4,0.7801383,0.7801383
78,157,Stage 4,Stage 4,0.8660539,0.8660539
78,158,Stage 1,Stage 1,0.09965189,0.89837795
78,159,Stage 4,Stage 4,0.8861093,0.8861093
78,160,Stage 4,Stage 4,0.96987367,0.96987367
78,161,Stage 4,Stage 4,0.8237655,0.8237655
78,162,Stage 4,Stage 4,0.5739048,0.5739048
78,163,Stage 4,Stage 0,0.4458829,0.55174774
78,164,Stage 4,Stage 4,0.9617412,0.9617412
78,165,Stage 4,Stage 4,0.98622835,0.98622835
78,166,Stage 4,Stage 4,0.9753516,0.9753516
78,167,Stage 4,Stage 4,0.9370776,0.9370776
78,168,Stage 4,Stage 4,0.84971696,0.84971696
78,169,Stage 4,Stage 4,0.9442285,0.9442285
78,170,Stage 4,Stage 4,0.9580095,0.9580095
78,171,Stage 4,Stage 4,0.9214677,0.9214677
78,172,Stage 4,Stage 4,0.9663489,0.9663489
78,173,Stage 4,Stage 4,0.68199015,0.68199015
78,174,Stage 4,Stage 4,0.85518175,0.85518175
78,175,Stage 0,Stage 4,0.91232234,0.91232234
78,176,Stage 4,Stage 4,0.81099397,0.81099397
78,177,Stage 4,Stage 4,0.74920577,0.74920577
78,178,Stage 4,Stage 4,0.9287378,0.9287378
78,179,Stage 0,Stage 0,0.019697307,0.97244805
78,180,Stage 0,Stage 0,0.061417077,0.93179196
78,181,Stage 0,Stage 0,0.4221791,0.5698895
78,182,Stage 0,Stage 0,0.033015385,0.9476226
78,183,Stage 0,Stage 0,0.23157787,0.7631664
78,184,Stage 0,Stage 0,0.10484673,0.89022017
78,185,Stage 4,Stage 0,0.20186816,0.7947747
78,186,Stage 0,Stage 0,0.107913055,0.87340313
78,187,Stage 0,Stage 0,0.29910842,0.6913367
78,188,Stage 0,Stage 0,0.0016440641,0.94344103
78,189,Stage 0,Stage 0,0.18935937,0.8059612
78,190,Stage 0,Stage 0,0.424972,0.56791764
78,191,Stage 0,Stage 0,0.0261807,0.94420457
78,192,Stage 0,Stage 0,0.14805733,0.8246098
78,193,Stage 0,Stage 0,0.004163708,0.94817954
78,194,Stage 0,Stage 0,0.025827212,0.94050735
78,195,Stage 0,Stage 0,0.005129533,0.8742031
78,196,Stage 0,Stage 0,0.11918153,0.86967134
78,197,Stage 0,Stage 0,0.0011836141,0.7118251
78,198,Stage 0,Stage 0,0.0011381189,0.4428623
78,199,Stage 0,Stage 0,0.0027240405,0.9696583
78,200,Stage 0,Stage 0,0.0010711082,0.60327035
78,201,Stage 0,Stage 0,0.009716332,0.9733695
78,202,Stage 0,Stage 0,0.06026103,0.9273291
78,203,Stage 0,Stage 0,0.0026817564,0.7196278
78,204,Stage 0,Stage 0,0.0010307758,0.8019775
78,205,Stage 0,Stage 3,0.0052849557,0.74345994
78,206,Stage 0,Stage 0,0.0011383164,0.52418315
78,207,Stage 3,Stage 3,0.0011018194,0.5481268
78,208,Stage 0,Stage 0,0.0009325241,0.50155467
78,209,Stage 3,Stage 3,0.00088950456,0.57029206
78,210,Stage 3,Stage 3,0.00097581744,0.51585454
78,211,Stage 3,Stage 3,0.0008155244,0.7986541
78,212,Stage 3,Stage 2,0.001173277,0.44761544
78,213,Stage 3,Stage 0,0.0012086094,0.5848736
78,214,Stage 3,Stage 3,0.00089974835,0.8942715
78,215,Stage 3,Stage 2,0.0010063681,0.61024064
78,216,Stage 3,Stage 3,0.0011117063,0.5242869
78,217,Stage 3,Stage 3,0.0011168992,0.51765954
78,218,Stage 3,Stage 3,0.00084701506,0.5943267
78,219,Stage 3,Stage 3,0.0006434493,0.81263214
78,220,Stage 3,Stage 2,0.000850642,0.49699467
78,221,Stage 3,Stage 3,0.0008630571,0.64602625
78,222,Stage 3,Stage 3,0.00082863227,0.57419175
78,223,Stage 3,Stage 3,0.00090455264,0.6987889
78,224,Stage 3,Stage 3,0.0008380428,0.62608117
78,225,Stage 3,Stage 3,0.0007809844,0.82916003
78,226,Stage 3,Stage 3,0.0008754521,0.56352556
78,227,Stage 3,Stage 3,0.00077107485,0.73390734
78,228,Stage 3,Stage 3,0.0008659256,0.604898
78,229,Stage 3,Stage 3,0.00080470386,0.758384
78,230,Stage 3,Stage 3,0.0010137516,0.70867515
78,231,Stage 3,Stage 3,0.0005816896,0.877265
83,1,Stage 1,Stage 1,0.002546436,0.9971089
83,2,Stage 1,Stage 1,0.00021485316,0.99969494
83,3,Stage 1,Stage 1,0.0009009672,0.99891424
83,4,Stage 1,Stage 1,0.01196353,0.9871302
83,5,Stage 1,Stage 1,0.002579198,0.99709344
83,6,Stage 1,Stage 1,0.001460257,0.9982982
83,7,Stage 1,Stage 1,0.00070130767,0.9990928
83,8,Stage 1,Stage 1,0.0005479558,0.99931645
83,9,Stage 1,Stage 1,0.0004412725,0.99940634
83,10,Stage 1,Stage 1,0.0027420053,0.996935
83,11,Stage 1,Stage 1,0.0006282193,0.99920386
83,12,Stage 1,Stage 1,0.001340346,0.99840826
83,13,Stage 1,Stage 1,0.0014758542,0.9982326
83,14,Stage 1,Stage 1,0.0032189453,0.996381
83,15,Stage 1,Stage 1,0.004468237,0.9951054
83,16,Stage 1,Stage 1,0.0047242227,0.9947891
83,17,Stage 1,Stage 1,0.00096392696,0.99881077
83,18,Stage 1,Stage 1,0.0003911728,0.9994956
83,19,Stage 1,Stage 1,0.005407959,0.99417007
83,20,Stage 1,Stage 1,0.00036313423,0.9995216
83,21,Stage 1,Stage 1,0.0035289626,0.99606055
83,22,Stage 1,Stage 1,0.0016508102,0.99804914
83,23,Stage 1,Stage 1,0.012917243,0.9861122
83,24,Stage 1,Stage 1,0.008573259,0.9908036
83,25,Stage 1,Stage 1,0.00053307874,0.9993026
83,26,Stage 1,Stage 1,0.00049843884,0.9993507
83,27,Stage 1,Stage 1,0.0060442416,0.9934574
83,28,Stage 1,Stage 1,0.004907674,0.9947121
83,29,Stage 1,Stage 1,0.0020243553,0.9976997
83,30,Stage 1,Stage 1,0.0020771902,0.99761355
83,31,Stage 1,Stage 1,0.039600782,0.9592099
83,32,Stage 1,Stage 1,0.0013328424,0.998442
83,33,Stage 1,Stage 1,0.0007365606,0.99910504
83,34,Stage 1,Stage 1,0.008696445,0.99066895
83,35,Stage 1,Stage 1,0.017126147,0.98206824
83,36,Stage 1,Stage 1,0.0057333806,0.99383634
83,37,Stage 1,Stage 1,0.0011954628,0.99857664
83,38,Stage 1,Stage 1,0.001948002,0.9977628
83,39,Stage 1,Stage 1,0.00046924027,0.9994062
83,40,Stage 1,Stage 1,0.01709185,0.98217654
83,41,Stage 1,Stage 1,0.01088366,0.9884291
83,42,Stage 1,Stage 1,0.0028441022,0.9968004
83,43,Stage 1,Stage 1,0.001193735,0.9985903
83,44,Stage 1,Stage 1,0.00053748797,0.99925584
83,45,Stage 1,Stage 1,0.029513681,0.96934503
83,46,Stage 1,Stage 1,0.0010063815,0.9987864
83,47,Stage 1,Stage 1,0.0045266985,0.9950132
83,48,Stage 1,Stage 1,0.026806114,0.97210556
83,49,Stage 1,Stage 1,0.005178924,0.99435353
83,50,Stage 1,Stage 1,0.0005985723,0.999243
83,51,Stage 1,Stage 1,0.073555894,0.92543024
83,52,Stage 1,Stage 1,0.00044116628,0.9994344
83,53,Stage 1,Stage 1,0.0016273749,0.99811137
83,54,Stage 1,Stage 1,0.0009434201,0.9988722
83,55,Stage 1,Stage 1,0.055155322,0.9436271
83,56,Stage 1,Stage 1,0.0018529004,0.9978471
83,57,Stage 1,Stage 1,0.006347374,0.9932284
83,58,Stage 1,Stage 1,0.0031328336,0.99646556
83,59,Stage 1,Stage 1,0.014995281,0.9842228
83,60,Stage 1,Stage 1,0.00042570848,0.99943477
83,61,Stage 1,Stage 1,0.032243237,0.96702296
83,62,Stage 1,Stage 1,0.038386106,0.9601874
83,63,Stage 1,Stage 1,0.00081561104,0.9989355
83,64,Stage 1,Stage 1,0.001152192,0.9986419
83,65,Stage 1,Stage 1,0.004089212,0.995542
83,66,Stage 1,Stage 1,0.00036623646,0.9994986
83,67,Stage 1,Stage 1,0.002896829,0.996732
83,68,Stage 1,Stage 1,0.004549286,0.9949327
83,69,Stage 1,Stage 1,0.001404104,0.99830556
83,70,Stage 1,Stage 1,0.013581177,0.9856852
83,71,Stage 1,Stage 1,0.0052926536,0.9941659
83,72,Stage 1,Stage 1,0.0071877697,0.992199
83,73,Stage 1,Stage 1,0.0021050167,0.99755245
83,74,Stage 1,Stage 1,0.0018419012,0.99782336
83,75,Stage 1,Stage 1,0.0070536183,0.99236506
83,76,Stage 1,Stage 1,0.030269312,0.96878964
83,77,Stage 1,Stage 1,0.0011028188,0.9986896
83,78,Stage 1,Stage 1,0.007305341,0.9920929
83,79,Stage 1,Stage 1,0.00043340403,0.9994318
83,80,Stage 1,Stage 1,0.0017431555,0.99797183
83,81,Stage 1,Stage 1,0.008743143,0.99060035
83,82,Stage 1,Stage 1,0.0085851895,0.9909054
83,83,Stage 1,Stage 1,0.003560137,0.99607134
83,84,Stage 1,Stage 1,0.0017235469,0.9980111
83,85,Stage 1,Stage 1,0.0013557685,0.9983896
83,86,Stage 1,Stage 1,0.012341151,0.98704314
83,87,Stage 1,Stage 1,0.0006789334,0.99914217
83,88,Stage 1,Stage 1,0.0021463411,0.99753004
83,89,Stage 1,Stage 1,0.0005920618,0.9992507
83,90,Stage 1,Stage 1,0.002229114,0.9974632
83,91,Stage 1,Stage 1,0.002446723,0.9972367
83,92,Stage 1,Stage 1,0.026302816,0.9725858
83,93,Stage 1,Stage 1,0.0006766554,0.9991697
83,94,Stage 1,Stage 1,0.017575368,0.9817554
83,95,Stage 1,Stage 1,0.023141215,0.9759641
83,96,Stage 1,Stage 1,0.006600635,0.9928819
83,97,Stage 1,Stage 1,0.004586981,0.99496716
83,98,Stage 1,Stage 1,0.026614882,0.9722654
83,99,Stage 1,Stage 1,0.00057998026,0.99925977
83,100,Stage 1,Stage 1,0.002609837,0.99705446
83,101,Stage 1,Stage 1,0.003975629,0.99556786
83,102,Stage 1,Stage 1,0.039770212,0.9589954
83,103,Stage 1,Stage 1,0.020050524,0.97911614
83,104,Stage 1,Stage 1,0.0076988065,0.991748
83,105,Stage 1,Stage 1,0.0041786693,0.99540603
83,106,Stage 1,Stage 1,0.003889282,0.9957379
83,107,Stage 1,Stage 1,0.004585913,0.9949962
83,108,Stage 1,Stage 1,0.056064364,0.9427899
83,109,Stage 1,Stage 1,0.026393464,0.97229123
83,110,Stage 1,Stage 1,0.0063335886,0.9931202
83,111,Stage 1,Stage 1,0.12287749,0.8741327
83,112,Stage 1,Stage 1,0.0022353672,0.9974483
83,113,Stage 1,Stage 1,0.006978457,0.99254555
83,114,Stage 1,Stage 1,0.29709652,0.70065415
83,115,Stage 1,Stage 1,0.0039107525,0.9956968
83,116,Stage 1,Stage 1,0.0030301097,0.9966133
83,117,Stage 1,Stage 1,0.1568744,0.841376
83,118,Stage 1,Stage 1,0.10266654,0.89586073
83,119,Stage 1,Stage 1,0.18589343,0.8119878
83,120,Stage 1,Stage 1,0.002037447,0.9977114
83,121,Stage 1,Stage 1,0.015598705,0.9834735
83,122,Stage 1,Stage 1,0.03149303,0.9673669
83,123,Stage 1,Stage 1,0.14403006,0.85434544
83,124,Stage 1,Stage 1,0.34272254,0.6536912
83,125,Stage 1,Stage 1,0.001176098,0.9985915
83,126,Stage 1,Stage 1,0.0018179766,0.9979219
83,127,Stage 1,Stage 1,0.004454428,0.99506915
83,128,Stage 1,Stage 1,0.002607866,0.9970323
83,129,Stage 1,Stage 1,0.014611899,0.9844318
83,130,Stage 1,Stage 1,0.00063969323,0.9991848
83,131,Stage 1,Stage 1,0.047870886,0.9507493
83,132,Stage 1,Stage 1,0.029308993,0.9696367
83,133,Stage 1,Stage 4,0.8328114,0.8328114
83,134,Stage 1,Stage 1,0.023377525,0.9754739
83,135,Stage 1,Stage 1,0.41386226,0.58288866
83,136,Stage 1,Stage 1,0.03938311,0.9591559
83,137,Stage 1,Stage 1,0.00077656884,0.9990527
83,138,Stage 1,Stage 1,0.014953341,0.9843897
83,139,Stage 1,Stage 1,0.017020537,0.98225284
83,140,Stage 1,Stage 1,0.0027648755,0.9968029
83,141,Stage 1,Stage 1,0.012282977,0.9870869
83,142,Stage 1,Stage 1,0.06463404,0.9338454
83,143,Stage 1,Stage 1,0.022340145,0.97672904
83,144,Stage 1,Stage 1,0.429922,0.56662774
83,145,Stage 1,Stage 1,0.009045159,0.9903432
83,146,Stage 1,Stage 1,0.106275305,0.8927299
83,147,Stage 1,Stage 4,0.5988036,0.5988036
83,148,Stage 1,Stage 1,0.14132524,0.8574079
83,149,Stage 4,Stage 4,0.8001995,0.8001995
83,150,Stage 1,Stage 1,0.027178513,0.97179747
83,151,Stage 1,Stage 1,0.027172837,0.97172076
83,152,Stage 1,Stage 1,0.026176196,0.9729654
83,153,Stage 1,Stage 1,0.0067910524,0.9926887
83,154,Stage 1,Stage 1,0.034535512,0.96450925
83,155,Stage 1,Stage 4,0.583297,0.583297
83,156,Stage 1,Stage 1,0.04886842,0.9497102
83,157,Stage 1,Stage 1,0.02703622,0.97194606
83,158,Stage 4,Stage 4,0.9081603,0.9081603
83,159,Stage 1,Stage 1,0.0037419107,0.99579525
83,160,Stage 1,Stage 1,0.45397705,0.54302675
83,161,Stage 1,Stage 1,0.1953429,0.80257887
83,162,Stage 4,Stage 1,0.2593601,0.73865825
83,163,Stage 1,Stage 1,0.0059038145,0.9936551
83,164,Stage 1,Stage 4,0.51176995,0.51176995
83,165,Stage 1,Stage 1,0.054847788,0.9441739
83,166,Stage 4,Stage 4,0.8954018,0.8954018
83,167,Stage 4,Stage 1,0.36888292,0.6293798
83,168,Stage 1,Stage 1,0.10153838,0.8964544
83,169,Stage 1,Stage 1,0.45055494,0.54670244
83,170,Stage 1,Stage 4,0.66211563,0.66211563
83,171,Stage 1,Stage 4,0.82311285,0.82311285
83,172,Stage 1,Stage 1,0.12012609,0.8780972
83,173,Stage 1,Stage 1,0.47096068,0.52634937
83,174,Stage 4,Stage 4,0.9832802,0.9832802
83,175,Stage 1,Stage 1,0.05760638,0.940946
83,176,Stage 1,Stage 4,0.5680256,0.5680256
83,177,Stage 1,Stage 4,0.7069628,0.7069628
83,178,Stage 1,Stage 1,0.45764303,0.5403023
83,179,Stage 4,Stage 4,0.957285,0.957285
83,180,Stage 1,Stage 1,0.01863024,0.9804993
83,181,Stage 1,Stage 1,0.23332949,0.76522684
83,182,Stage 1,Stage 4,0.7885502,0.7885502
83,183,Stage 4,Stage 4,0.74162424,0.74162424
83,184,Stage 4,Stage 4,0.9600094,0.9600094
83,185,Stage 4,Stage 1,0.4770613,0.5199091
83,186,Stage 4,Stage 4,0.9716978,0.9716978
83,187,Stage 4,Stage 1,0.39477468,0.6017111
83,188,Stage 4,Stage 4,0.7624509,0.7624509
83,189,Stage 4,Stage 4,0.9372602,0.9372602
83,190,Stage 4,Stage 1,0.49421826,0.50169843
83,191,Stage 4,Stage 4,0.95870954,0.95870954
83,192,Stage 4,Stage 4,0.8992569,0.8992569
83,193,Stage 4,Stage 4,0.9093664,0.9093664
83,194,Stage 4,Stage 4,0.9238203,0.9238203
83,195,Stage 4,Stage 4,0.61568874,0.61568874
83,196,Stage 4,Stage 4,0.98375386,0.98375386
83,197,Stage 1,Stage 4,0.95127213,0.95127213
83,198,Stage 4,Stage 4,0.88345253,0.88345253
83,199,Stage 4,Stage 4,0.9558407,0.9558407
83,200,Stage 4,Stage 1,0.3110482,0.6831912
83,201,Stage 4,Stage 1,0.39381284,0.603803
83,202,Stage 4,Stage 4,0.8381164,0.8381164
83,203,Stage 4,Stage 4,0.9600906,0.9600906
83,204,Stage 4,Stage 4,0.8494997,0.8494997
83,205,Stage 4,Stage 4,0.9748803,0.9748803
83,206,Stage 4,Stage 4,0.9537168,0.9537168
83,207,Stage 4,Stage 4,0.95231396,0.95231396
83,208,Stage 4,Stage 4,0.9544749,0.9544749
83,209,Stage 4,Stage 1,0.33060634,0.6667828
83,210,Stage 4,Stage 4,0.7570454,0.7570454
83,211,Stage 4,Stage 4,0.5522935,0.5522935
83,212,Stage 4,Stage 4,0.7066972,0.7066972
83,213,Stage 4,Stage 4,0.9278654,0.9278654
83,214,Stage 4,Stage 4,0.8207267,0.8207267
83,215,Stage 4,Stage 4,0.90301436,0.90301436
83,216,Stage 4,Stage 4,0.9531814,0.9531814
83,217,Stage 4,Stage 4,0.7625649,0.7625649
83,218,Stage 4,Stage 4,0.95752364,0.95752364
83,219,Stage 4,Stage 4,0.9655036,0.9655036
83,220,Stage 4,Stage 4,0.9766064,0.9766064
83,221,Stage 4,Stage 4,0.69494784,0.69494784
83,222,Stage 4,Stage 0,0.05422365,0.92168975
83,223,Stage 4,Stage 4,0.90778667,0.90778667
83,224,Stage 4,Stage 0,0.47650638,0.52049446
83,225,Stage 4,Stage 4,0.53515416,0.53515416
83,226,Stage 4,Stage 4,0.98878914,0.98878914
83,227,Stage 0,Stage 0,0.3197092,0.6632422
83,228,Stage 4,Stage 4,0.90244764,0.90244764
83,229,Stage 4,Stage 4,0.9300128,0.9300128
83,230,Stage 0,Stage 0,0.057907004,0.93731546
83,231,Stage 0,Stage 4,0.89934313,0.89934313
83,232,Stage 0,Stage 0,0.44701096,0.5483903
83,233,Stage 4,Stage 4,0.9685288,0.9685288
83,234,Stage 4,Stage 4,0.8121339,0.8121339
83,235,Stage 0,Stage 4,0.5081145,0.5081145
83,236,Stage 0,Stage 0,0.43407762,0.5626986
83,237,Stage 0,Stage 0,0.004048247,0.9352525
83,238,Stage 0,Stage 0,0.006799474,0.97613573
83,239,Stage 0,Stage 0,0.014773314,0.88087124
83,240,Stage 0,Stage 0,0.0025768531,0.97546524
83,241,Stage 0,Stage 0,0.20609212,0.7835415
83,242,Stage 0,Stage 0,0.010541924,0.9464638
83,243,Stage 0,Stage 0,0.38124946,0.6150273
83,244,Stage 0,Stage 0,0.013488713,0.97360635
83,245,Stage 0,Stage 0,0.055525534,0.92666245
83,246,Stage 0,Stage 0,0.07282845,0.9224781
83,247,Stage 0,Stage 0,0.012449701,0.8357155
83,248,Stage 0,Stage 0,0.004148621,0.9688833
83,249,Stage 0,Stage 0,0.055216983,0.9328892
83,250,Stage 0,Stage 0,0.0019583832,0.9314127
83,251,Stage 0,Stage 0,0.015943412,0.8819181
83,252,Stage 0,Stage 0,0.008989944,0.8914576
83,253,Stage 0,Stage 0,0.0024861922,0.6818514
83,254,Stage 0,Stage 0,0.0055283755,0.961245
83,255,Stage 0,Stage 0,0.004753759,0.97353
83,256,Stage 0,Stage 0,0.0016612037,0.8184291
83,257,Stage 0,Stage 0,0.004369854,0.986753
83,258,Stage 0,Stage 0,0.16470794,0.8288356
83,259,Stage 0,Stage 0,0.0022859091,0.96043605
83,260,Stage 3,Stage 0,0.0006983781,0.44322178
83,261,Stage 0,Stage 0,0.0008979015,0.47709915
83,262,Stage 3,Stage 3,0.0008354904,0.6962656
83,263,Stage 0,Stage 0,0.0017595168,0.740483
83,264,Stage 3,Stage 0,0.0025400813,0.69135237
83,265,Stage 3,Stage 3,0.0008930938,0.5997736
83,266,Stage 0,Stage 0,0.011871969,0.95524925
83,267,Stage 3,Stage 3,0.00079365406,0.86027443
83,268,Stage 3,Stage 3,0.00083319173,0.5702663
83,269,Stage 3,Stage 3,0.00078902696,0.7119756
83,270,Stage 3,Stage 3,0.0009028659,0.5509969
83,271,Stage 3,Stage 3,0.0007953427,0.7605955
83,272,Stage 3,Stage 0,0.0012704867,0.500905
83,273,Stage 3,Stage 3,0.00075187173,0.699111
83,274,Stage 3,Stage 3,0.0007703744,0.8999318
83,275,Stage 3,Stage 3,0.0008420125,0.53584063
83,276,Stage 3,Stage 3,0.0010905135,0.46356684
83,277,Stage 3,Stage 3,0.0008415646,0.5514762
83,278,Stage 3,Stage 3,0.0008456573,0.61910075
83,279,Stage 3,Stage 3,0.0006613901,0.909363
83,280,Stage 3,Stage 2,0.0011920884,0.4733895
83,281,Stage 3,Stage 3,0.0007788759,0.85581267
83,282,Stage 3,Stage 3,0.00080070377,0.75935423
83,283,Stage 3,Stage 3,0.0008041604,0.63399714
83,284,Stage 3,Stage 3,0.0006397263,0.8534331
83,285,Stage 3,Stage 3,0.00078598235,0.7640051
83,286,Stage 3,Stage 3,0.0012320691,0.6334599
83,287,Stage 3,Stage 3,0.0006897813,0.9206809
83,288,Stage 3,Stage 3,0.00068970403,0.8482466
83,289,Stage 3,Stage 3,0.0012487972,0.50364625
83,290,Stage 3,Stage 3,0.00039440425,0.9476714
83,291,Stage 3,Stage 3,0.00072488206,0.8352877
83,292,Stage 3,Stage 3,0.00072791375,0.86466587
83,293,Stage 3,Stage 3,0.00065010553,0.8688061
85,1,Stage 1,Stage 1,0.2974518,0.70105815
85,2,Stage 4,Stage 1,0.3078385,0.6900913
85,3,Stage 4,Stage 4,0.8113706,0.8113706
85,4,Stage 4,Stage 4,0.7141126,0.7141126
85,5,Stage 4,Stage 1,0.07264776,0.9261521
85,6,Stage 4,Stage 1,0.44455642,0.54833084
85,7,Stage 4,Stage 4,0.6117072,0.6117072
85,8,Stage 4,Stage 4,0.6219725,0.6219725
85,9,Stage 1,Stage 4,0.96213424,0.96213424
85,10,Stage 4,Stage 4,0.85441685,0.85441685
85,11,Stage 4,Stage 4,0.9534117,0.9534117
85,12,Stage 4,Stage 4,0.9558052,0.9558052
85,13,Stage 4,Stage 4,0.8685187,0.8685187
85,14,Stage 4,Stage 4,0.81783944,0.81783944
85,15,Stage 4,Stage 4,0.91088897,0.91088897
85,16,Stage 4,Stage 4,0.9874542,0.9874542
85,17,Stage 4,Stage 4,0.5594797,0.5594797
85,18,Stage 4,Stage 4,0.95985305,0.95985305
85,19,Stage 4,Stage 1,0.40144768,0.5957217
85,20,Stage 4,Stage 4,0.9653485,0.9653485
85,21,Stage 4,Stage 4,0.87237036,0.87237036
85,22,Stage 4,Stage 4,0.63851607,0.63851607
85,23,Stage 4,Stage 4,0.95488137,0.95488137
85,24,Stage 4,Stage 4,0.82669795,0.82669795
85,25,Stage 4,Stage 4,0.9212096,0.9212096
85,26,Stage 4,Stage 4,0.9476427,0.9476427
85,27,Stage 4,Stage 4,0.88926166,0.88926166
85,28,Stage 4,Stage 4,0.732859,0.732859
85,29,Stage 4,Stage 4,0.97154963,0.97154963
85,30,Stage 4,Stage 4,0.8633686,0.8633686
85,31,Stage 4,Stage 4,0.6268166,0.6268166
85,32,Stage 4,Stage 4,0.85706854,0.85706854
85,33,Stage 4,Stage 4,0.6919762,0.6919762
85,34,Stage 4,Stage 4,0.927781,0.927781
85,35,Stage 4,Stage 4,0.96688664,0.96688664
85,36,Stage 4,Stage 4,0.6300399,0.6300399
85,37,Stage 4,Stage 4,0.9817545,0.9817545
85,38,Stage 4,Stage 4,0.73878914,0.73878914
85,39,Stage 4,Stage 4,0.8666449,0.8666449
85,40,Stage 4,Stage 4,0.9553926,0.9553926
85,41,Stage 4,Stage 4,0.5998555,0.5998555
85,42,Stage 4,Stage 4,0.8902269,0.8902269
85,43,Stage 4,Stage 4,0.9699256,0.9699256
85,44,Stage 4,Stage 4,0.9338249,0.9338249
85,45,Stage 4,Stage 4,0.8989934,0.8989934
85,46,Stage 4,Stage 4,0.7031834,0.7031834
85,47,Stage 4,Stage 4,0.90775436,0.90775436
85,48,Stage 4,Stage 4,0.5408373,0.5408373
85,49,Stage 4,Stage 4,0.959754,0.959754
85,50,Stage 4,Stage 4,0.95406944,0.95406944
85,51,Stage 4,Stage 4,0.97130156,0.97130156
85,52,Stage 4,Stage 4,0.92045015,0.92045015
85,53,Stage 4,Stage 4,0.87589395,0.87589395
85,54,Stage 4,Stage 4,0.983166,0.983166
85,55,Stage 4,Stage 4,0.7144054,0.7144054
85,56,Stage 4,Stage 4,0.8249686,0.8249686
85,57,Stage 4,Stage 4,0.91848177,0.91848177
85,58,Stage 4,Stage 4,0.7840488,0.7840488
85,59,Stage 4,Stage 1,0.4796968,0.5179791
85,60,Stage 4,Stage 4,0.9428492,0.9428492
85,61,Stage 4,Stage 4,0.68756795,0.68756795
85,62,Stage 4,Stage 4,0.9444244,0.9444244
85,63,Stage 4,Stage 1,0.36228955,0.6355099
85,64,Stage 4,Stage 4,0.5682364,0.5682364
85,65,Stage 4,Stage 4,0.9292822,0.9292822
85,66,Stage 4,Stage 4,0.9337339,0.9337339
85,67,Stage 4,Stage 4,0.9288029,0.9288029
85,68,Stage 4,Stage 1,0.13635041,0.8613067
85,69,Stage 4,Stage 4,0.95700794,0.95700794
85,70,Stage 4,Stage 4,0.9751772,0.9751772
85,71,Stage 4,Stage 4,0.94376445,0.94376445
85,72,Stage 4,Stage 4,0.5518934,0.5518934
85,73,Stage 4,Stage 4,0.94537276,0.94537276
85,74,Stage 4,Stage 4,0.8999375,0.8999375
85,75,Stage 4,Stage 4,0.90513134,0.90513134
85,76,Stage 4,Stage 4,0.9644609,0.9644609
85,77,Stage 4,Stage 4,0.97602886,0.97602886
85,78,Stage 4,Stage 4,0.8652479,0.8652479
85,79,Stage 4,Stage 4,0.8697141,0.8697141
85,80,Stage 4,Stage 4,0.73591375,0.73591375
85,81,Stage 4,Stage 4,0.7403644,0.7403644
85,82,Stage 4,Stage 4,0.9330944,0.9330944
85,83,Stage 4,Stage 4,0.96401536,0.96401536
85,84,Stage 0,Stage 4,0.89438033,0.89438033
85,85,Stage 4,Stage 4,0.9125138,0.9125138
85,86,Stage 4,Stage 4,0.7267544,0.7267544
85,87,Stage 4,Stage 4,0.82436097,0.82436097
85,88,Stage 4,Stage 4,0.9715442,0.9715442
85,89,Stage 4,Stage 4,0.5175949,0.5175949
85,90,Stage 4,Stage 4,0.94223636,0.94223636
85,91,Stage 4,Stage 4,0.9216635,0.9216635
85,92,Stage 4,Stage 4,0.874237,0.874237
85,93,Stage 0,Stage 0,0.18116133,0.81596
85,94,Stage 4,Stage 4,0.9840847,0.9840847
85,95,Stage 4,Stage 4,0.91605294,0.91605294
85,96,Stage 4,Stage 4,0.9612983,0.9612983
85,97,Stage 4,Stage 4,0.8411521,0.8411521
85,98,Stage 4,Stage 4,0.8235775,0.8235775
85,99,Stage 0,Stage 4,0.63487476,0.63487476
85,100,Stage 4,Stage 4,0.9568039,0.9568039
85,101,Stage 4,Stage 4,0.9609927,0.9609927
85,102,Stage 4,Stage 4,0.5889804,0.5889804
85,103,Stage 0,Stage 0,0.46057913,0.5348838
85,104,Stage 4,Stage 4,0.85095096,0.85095096
85,105,Stage 4,Stage 4,0.5699151,0.5699151
85,106,Stage 4,Stage 4,0.95082307,0.95082307
85,107,Stage 0,Stage 0,0.2736475,0.7087537
85,108,Stage 4,Stage 4,0.97940606,0.97940606
85,109,Stage 4,Stage 4,0.8089533,0.8089533
85,110,Stage 4,Stage 4,0.82174814,0.82174814
85,111,Stage 4,Stage 4,0.9214856,0.9214856
85,112,Stage 0,Stage 0,0.03291054,0.95421237
85,113,Stage 0,Stage 0,0.03550144,0.9223912
85,114,Stage 0,Stage 4,0.6642483,0.6642483
85,115,Stage 4,Stage 4,0.50212574,0.50212574
85,116,Stage 0,Stage 4,0.81219625,0.81219625
85,117,Stage 0,Stage 0,0.01208111,0.9717495
85,118,Stage 0,Stage 0,0.39618218,0.5961192
85,119,Stage 4,Stage 0,0.28183368,0.7141361
85,120,Stage 4,Stage 4,0.85977596,0.85977596
85,121,Stage 0,Stage 0,0.051460225,0.9283256
85,122,Stage 0,Stage 0,0.03921792,0.90433425
85,123,Stage 0,Stage 0,0.21413426,0.7699422
85,124,Stage 0,Stage 0,0.07569887,0.9205019
85,125,Stage 0,Stage 0,0.17519656,0.81863153
85,126,Stage 0,Stage 0,0.15216073,0.84311455
85,127,Stage 0,Stage 0,0.17564142,0.81957656
85,128,Stage 0,Stage 0,0.035638995,0.94673884
85,129,Stage 0,Stage 0,0.46094173,0.5339315
85,130,Stage 0,Stage 0,0.008582918,0.96799994
85,131,Stage 0,Stage 0,0.0051445146,0.83303994
85,132,Stage 0,Stage 4,0.6392236,0.6392236
85,133,Stage 0,Stage 0,0.0014380754,0.9275378
85,134,Stage 0,Stage 0,0.0013013188,0.9616169
85,135,Stage 0,Stage 0,0.056781277,0.93528533
85,136,Stage 0,Stage 0,0.002821047,0.968716
85,137,Stage 0,Stage 0,0.040828183,0.95579886
85,138,Stage 0,Stage 0,0.005867742,0.93526906
85,139,Stage 0,Stage 4,0.9351247,0.9351247
85,140,Stage 0,Stage 0,0.080513485,0.9068564
85,141,Stage 0,Stage 0,0.0010781316,0.81932175
85,142,Stage 0,Stage 0,0.020683605,0.96621746
85,143,Stage 0,Stage 0,0.07000287,0.92454207
85,144,Stage 0,Stage 0,0.0096386755,0.975315
85,145,Stage 0,Stage 0,0.0065521486,0.87129056
85,146,Stage 0,Stage 0,0.0009591095,0.7700039
85,147,Stage 0,Stage 0,0.02936976,0.918326
85,148,Stage 0,Stage 0,0.0012821532,0.8914583
85,149,Stage 0,Stage 0,0.0011084651,0.79490435
85,150,Stage 0,Stage 0,0.0031911926,0.6352233
85,151,Stage 0,Stage 0,0.0015305247,0.79751945
85,152,Stage 0,Stage 0,0.0009713928,0.62061
85,153,Stage 0,Stage 3,0.00088272826,0.57435465
85,154,Stage 0,Stage 0,0.006229288,0.7585925
85,155,Stage 0,Stage 0,0.0038064972,0.8428646
85,156,Stage 0,Stage 0,0.020719811,0.9480548
85,157,Stage 0,Stage 0,0.0038303835,0.9674817
85,158,Stage 3,Stage 3,0.0013730832,0.61174685
85,159,Stage 0,Stage 0,0.0010595163,0.76312256
85,160,Stage 3,Stage 3,0.0011273053,0.73533386
85,161,Stage 3,Stage 3,0.0010663484,0.5322045
85,162,Stage 3,Stage 3,0.00086390245,0.6721535
85,163,Stage 3,Stage 3,0.0007984379,0.45229068
85,164,Stage 0,Stage 0,0.0020795783,0.6569079
85,165,Stage 3,Stage 3,0.0007819613,0.43344036
85,166,Stage 0,Stage 3,0.00086079043,0.65262073
85,167,Stage 3,Stage 3,0.0008366228,0.7050256
85,168,Stage 3,Stage 3,0.00093635445,0.56513715
85,169,Stage 3,Stage 3,0.0009513554,0.61550057
85,170,Stage 3,Stage 3,0.0011684219,0.77028763
85,171,Stage 3,Stage 3,0.0012940197,0.48540163
85,172,Stage 3,Stage 3,0.0007627541,0.7780627
85,173,Stage 3,Stage 3,0.0009038866,0.60404795
85,174,Stage 3,Stage 3,0.0010600006,0.72684044
85,175,Stage 3,Stage 3,0.0008530346,0.59276694
85,176,Stage 3,Stage 3,0.0008309079,0.5659266
85,177,Stage 3,Stage 3,0.00085348927,0.71619594
85,178,Stage 3,Stage 3,0.0007993991,0.7514342
85,179,Stage 3,Stage 3,0.0008134316,0.68733186
85,180,Stage 3,Stage 3,0.00084006356,0.72983176
85,181,Stage 3,Stage 3,0.0008538257,0.5938228
85,182,Stage 3,Stage 3,0.00079353084,0.76136947
85,183,Stage 3,Stage 2,0.0010106689,0.514858
85,184,Stage 3,Stage 3,0.0006200315,0.929604
85,185,Stage 3,Stage 3,0.00088326476,0.5564825
85,186,Stage 3,Stage 3,0.00075389096,0.812719
85,187,Stage 3,Stage 3,0.0005927254,0.8900617
85,188,Stage 3,Stage 3,0.00068085734,0.71959424
93,1,Stage 1,Stage 1,0.008230968,0.9910053
93,2,Stage 1,Stage 1,0.0028845533,0.9967534
93,3,Stage 1,Stage 1,0.01272936,0.98671734
93,4,Stage 1,Stage 1,0.0007742284,0.99900085
93,5,Stage 1,Stage 1,0.0075056376,0.9919728
93,6,Stage 1,Stage 1,0.04685828,0.9514848
93,7,Stage 1,Stage 1,0.021829013,0.9772753
93,8,Stage 1,Stage 1,0.020801725,0.978384
93,9,Stage 1,Stage 1,0.021535214,0.9773595
93,10,Stage 1,Stage 1,0.012359955,0.9869556
93,11,Stage 1,Stage 1,0.13235101,0.8665022
93,12,Stage 1,Stage 1,0.0038686607,0.99571747
93,13,Stage 1,Stage 1,0.009691382,0.9895844
93,14,Stage 1,Stage 4,0.8665299,0.8665299
93,15,Stage 1,Stage 1,0.0034904147,0.9960949
93,16,Stage 1,Stage 1,0.062489014,0.93629
93,17,Stage 1,Stage 1,0.26000038,0.7383089
93,18,Stage 1,Stage 1,0.4724672,0.5253115
93,19,Stage 1,Stage 1,0.010270945,0.98910505
93,20,Stage 1,Stage 1,0.032053955,0.96706957
93,21,Stage 1,Stage 1,0.23238708,0.7649781
93,22,Stage 1,Stage 1,0.03727195,0.96153265
93,23,Stage 1,Stage 1,0.02397588,0.97530454
93,24,Stage 1,Stage 1,0.025189081,0.9737021
93,25,Stage 1,Stage 4,0.536455,0.536455
93,26,Stage 1,Stage 1,0.0003444777,0.9995433
93,27,Stage 1,Stage 1,0.013875124,0.98537874
93,28,Stage 1,Stage 1,0.042694233,0.95594734
93,29,Stage 1,Stage 1,0.016935939,0.9821598
93,30,Stage 1,Stage 1,0.22737975,0.77006984
93,31,Stage 1,Stage 1,0.0067750164,0.9928019
93,32,Stage 1,Stage 1,0.005921255,0.99351245
93,33,Stage 1,Stage 1,0.00062848325,0.9992124
93,34,Stage 1,Stage 1,0.043655,0.9553028
93,35,Stage 1,Stage 1,0.01333239,0.98607546
93,36,Stage 1,Stage 1,0.028221704,0.9699415
93,37,Stage 1,Stage 1,0.0045965416,0.99487805
93,38,Stage 4,Stage 1,0.34734854,0.6506937
93,39,Stage 1,Stage 1,0.032542724,0.9653962
93,40,Stage 4,Stage 4,0.85841733,0.85841733
93,41,Stage 1,Stage 1,0.0023579495,0.99731904
93,42,Stage 1,Stage 1,0.02451161,0.9746977
93,43,Stage 1,Stage 4,0.723437,0.723437
93,44,Stage 1,Stage 1,0.023905082,0.9751951
93,45,Stage 1,Stage 1,0.021730257,0.9773188
93,46,Stage 1,Stage 4,0.8358441,0.8358441
93,47,Stage 1,Stage 4,0.51633525,0.51633525
93,48,Stage 1,Stage 1,0.06701419,0.93162453
93,49,Stage 1,Stage 1,0.025628248,0.9734491
93,50,Stage 1,Stage 1,0.40133676,0.5942683
93,51,Stage 1,Stage 1,0.1224526,0.87565815
93,52,Stage 1,Stage 4,0.6778209,0.6778209
93,53,Stage 1,Stage 1,0.22241038,0.77507234
93,54,Stage 1,Stage 1,0.4460258,0.5457256
93,55,Stage 1,Stage 4,0.5380645,0.5380645
93,56,Stage 1,Stage 1,0.004367632,0.99511886
93,57,Stage 1,Stage 1,0.06504539,0.9336317
93,58,Stage 1,Stage 1,0.43194184,0.565704
93,59,Stage 1,Stage 1,0.08025908,0.91832423
93,60,Stage 1,Stage 4,0.9376937,0.9376937
93,61,Stage 1,Stage 1,0.19233793,0.80635047
93,62,Stage 1,Stage 4,0.7099913,0.7099913
93,63,Stage 1,Stage 4,0.7248111,0.7248111
93,64,Stage 1,Stage 1,0.08845978,0.9106158
93,65,Stage 1,Stage 1,0.06691404,0.93184227
93,66,Stage 4,Stage 4,0.93958,0.93958
93,67,Stage 4,Stage 4,0.7360038,0.7360038
93,68,Stage 1,Stage 1,0.043040317,0.9559305
93,69,Stage 1,Stage 1,0.1530694,0.8452071
93,70,Stage 4,Stage 4,0.94976044,0.94976044
93,71,Stage 1,Stage 4,0.5926931,0.5926931
93,72,Stage 4,Stage 1,0.44524613,0.5525423
93,73,Stage 4,Stage 4,0.89937496,0.89937496
93,74,Stage 1,Stage 4,0.708757,0.708757
93,75,Stage 4,Stage 4,0.94961035,0.94961035
93,76,Stage 1,Stage 1,0.10544298,0.89265126
93,77,Stage 4,Stage 4,0.92864794,0.92864794
93,78,Stage 1,Stage 1,0.16605149,0.83227247
93,79,Stage 4,Stage 1,0.3046541,0.6929354
93,80,Stage 4,Stage 4,0.9467102,0.9467102
93,81,Stage 4,Stage 4,0.8890648,0.8890648
93,82,Stage 4,Stage 4,0.9379426,0.9379426
93,83,Stage 4,Stage 4,0.9573561,0.9573561
93,84,Stage 4,Stage 4,0.94200826,0.94200826
93,85,Stage 4,Stage 4,0.9475976,0.9475976
93,86,Stage 4,Stage 4,0.94223523,0.94223523
93,87,Stage 4,Stage 4,0.5391073,0.5391073
93,88,Stage 4,Stage 4,0.878744,0.878744
93,89,Stage 4,Stage 4,0.9175034,0.9175034
93,90,Stage 4,Stage 4,0.94963634,0.94963634
93,91,Stage 4,Stage 4,0.9392665,0.9392665
93,92,Stage 4,Stage 4,0.9645025,0.9645025
93,93,Stage 4,Stage 4,0.8726498,0.8726498
93,94,Stage 4,Stage 4,0.75017476,0.75017476
93,95,Stage 4,Stage 4,0.9270237,0.9270237
93,96,Stage 4,Stage 4,0.95880294,0.95880294
93,97,Stage 4,Stage 4,0.6544104,0.6544104
93,98,Stage 4,Stage 4,0.9283607,0.9283607
93,99,Stage 4,Stage 4,0.96869,0.96869
93,100,Stage 4,Stage 4,0.94684166,0.94684166
93,101,Stage 4,Stage 4,0.55877227,0.55877227
93,102,Stage 4,Stage 4,0.756453,0.756453
93,103,Stage 4,Stage 4,0.7924596,0.7924596
93,104,Stage 4,Stage 4,0.9488918,0.9488918
93,105,Stage 4,Stage 4,0.959514,0.959514
93,106,Stage 4,Stage 4,0.8110068,0.8110068
93,107,Stage 4,Stage 4,0.9323081,0.9323081
93,108,Stage 4,Stage 4,0.94357276,0.94357276
93,109,Stage 0,Stage 4,0.9081148,0.9081148
93,110,Stage 0,Stage 0,0.01304367,0.96830285
93,111,Stage 4,Stage 0,0.4666618,0.523442
93,112,Stage 4,Stage 0,0.27706754,0.7199057
93,113,Stage 4,Stage 4,0.93396723,0.93396723
93,114,Stage 0,Stage 0,0.008904532,0.9822618
93,115,Stage 0,Stage 0,0.07127052,0.9081571
93,116,Stage 4,Stage 0,0.3502413,0.6434675
93,117,Stage 0,Stage 0,0.47344655,0.52380496
93,118,Stage 0,Stage 0,0.00817327,0.9041336
93,119,Stage 0,Stage 0,0.03210958,0.9369184
93,120,Stage 0,Stage 0,0.47044152,0.5262377
93,121,Stage 0,Stage 0,0.058534876,0.90803325
93,122,Stage 0,Stage 0,0.008603592,0.98088855
93,123,Stage 0,Stage 0,0.0040109255,0.9586353
93,124,Stage 0,Stage 0,0.09009039,0.86440724
93,125,Stage 0,Stage 0,0.0016003762,0.8323637
93,126,Stage 0,Stage 0,0.004744853,0.8591835
93,127,Stage 0,Stage 0,0.10161665,0.88354325
93,128,Stage 0,Stage 0,0.0013555154,0.7518733
93,129,Stage 0,Stage 0,0.00071746705,0.73695356
93,130,Stage 0,Stage 0,0.0061524548,0.821029
93,131,Stage 0,Stage 0,0.0018977156,0.92423576
93,132,Stage 0,Stage 0,0.0010767255,0.506507
93,133,Stage 0,Stage 0,0.0012775275,0.8302185
93,134,Stage 0,Stage 0,0.0018173755,0.89113903
93,135,Stage 0,Stage 0,0.0026630044,0.56644356
93,136,Stage 3,Stage 0,0.006681871,0.92962635
93,137,Stage 3,Stage 2,0.00407682,0.6437631
93,138,Stage 3,Stage 0,0.0008222593,0.5932306
93,139,Stage 0,Stage 3,0.0010864148,0.4104355
93,140,Stage 3,Stage 3,0.001019876,0.5658333
93,141,Stage 3,Stage 2,0.0012750777,0.42680243
93,142,Stage 3,Stage 3,0.0009007779,0.553018
93,143,Stage 3,Stage 3,0.0009567722,0.89095765
93,144,Stage 3,Stage 2,0.0010887773,0.6498625
93,145,Stage 3,Stage 3,0.0008625824,0.5991222
93,146,Stage 3,Stage 3,0.0009929256,0.61109203
93,147,Stage 3,Stage 3,0.00071450684,0.8429422
93,148,Stage 3,Stage 3,0.00064823584,0.8808382
93,149,Stage 3,Stage 3,0.0007927049,0.8144585
93,150,Stage 3,Stage 3,0.0008811536,0.5979458
93,151,Stage 3,Stage 3,0.0011944624,0.58566236
93,152,Stage 3,Stage 3,0.00045901732,0.93347573
93,153,Stage 3,Stage 3,0.00071713905,0.826899
93,154,Stage 3,Stage 3,0.0008912059,0.7040939
93,155,Stage 3,Stage 3,0.00044103432,0.9190907
