unit,time,y_true,y_pred,prob_stage4,confidence
13,1,Stage 1,Stage 1,0.32904548099728065,0.6333262505168248
13,2,Stage 1,Stage 1,0.01025267910119632,0.9880640769044751
13,3,Stage 4,Stage 4,0.7680222850950631,0.7680222850950631
13,4,Stage 1,Stage 1,0.32743356919854544,0.6097106364893563
13,5,Stage 1,Stage 1,0.15754471756668378,0.8141015988406832
13,6,Stage 1,Stage 1,0.00017732541662861465,0.9997319649840767
13,7,Stage 1,Stage 1,0.006256658237339726,0.9912477363340344
13,8,Stage 1,Stage 1,0.00489165945871375,0.9937723191065134
13,9,Stage 1,Stage 1,0.004432605343305941,0.9940840773803112
13,10,Stage 1,Stage 1,0.004456941400326642,0.9927939385302018
13,11,Stage 1,Stage 1,0.07616076299651245,0.9047285868815395
13,12,Stage 1,Stage 1,0.08547390935612602,0.8928876915549478
13,13,Stage 1,Stage 1,0.2971152488407173,0.6596354755092954
13,14,Stage 1,Stage 1,0.0037044315200887284,0.995293258066578
13,15,Stage 1,Stage 1,0.020085688769999232,0.9709275972576451
13,16,Stage 1,Stage 1,0.056932482867666244,0.9331754632194262
13,17,Stage 1,Stage 1,0.16212458946587158,0.8158658200994495
13,18,Stage 1,Stage 4,0.8045494520195562,0.8045494520195562
13,19,Stage 1,Stage 1,0.05193619318895697,0.9392895891097022
13,20,Stage 1,Stage 1,0.006795084583146153,0.9912634953968241
13,21,Stage 1,Stage 1,0.005999690945779303,0.9900921017453367
13,22,Stage 1,Stage 1,0.0010372605244864939,0.9985193448928591
13,23,Stage 1,Stage 1,0.21653111457750374,0.7596302555110634
13,24,Stage 1,Stage 1,0.09322131973376602,0.8976136150191276
13,25,Stage 1,Stage 1,0.017346667525618968,0.9792336221025312
13,26,Stage 1,Stage 1,0.17785227720844848,0.8082992865334946
13,27,Stage 1,Stage 1,0.07380764965000952,0.9043386803191134
13,28,Stage 1,Stage 1,0.1453524675647914,0.8424299098250551
13,29,Stage 1,Stage 1,0.006620712152362499,0.9912782772640162
13,30,Stage 1,Stage 1,0.049859846187923045,0.9424901105754632
13,31,Stage 4,Stage 4,0.4748225494191558,0.4748225494191558
13,32,Stage 1,Stage 1,0.007120095674421774,0.9908850193242935
13,33,Stage 1,Stage 1,0.08840730237692898,0.8794214602732812
13,34,Stage 1,Stage 1,0.05521378844880164,0.9336498696377362
13,35,Stage 1,Stage 1,0.0034503523003220652,0.995514081556226
13,36,Stage 1,Stage 1,0.08167243065043073,0.9097351998784552
13,37,Stage 1,Stage 1,0.020457435071546577,0.9729837499189113
13,38,Stage 1,Stage 1,0.03932558873420065,0.9562396280165678
13,39,Stage 1,Stage 1,0.0636861428340406,0.9189213827487062
13,40,Stage 1,Stage 1,0.28868755598529455,0.678523292482938
13,41,Stage 1,Stage 1,0.12944797529642596,0.8018841768930522
13,42,Stage 1,Stage 1,0.02452278553661618,0.9666347753444918
13,43,Stage 1,Stage 1,0.0035399713401892295,0.9952656549906487
13,44,Stage 1,Stage 1,0.10507609656188453,0.8867142078335857
13,45,Stage 1,Stage 1,0.11905946946066549,0.8699165189626099
13,46,Stage 4,Stage 4,0.7314406237356808,0.7314406237356808
13,47,Stage 1,Stage 1,0.0007939206891263885,0.9984096432430976
13,48,Stage 1,Stage 1,0.00719079027867791,0.9873735974582527
13,49,Stage 1,Stage 1,0.06629409356950776,0.9176598955317101
13,50,Stage 1,Stage 1,0.020360538475738255,0.975544624545064
13,51,Stage 1,Stage 1,0.04331265436533667,0.9512209331252952
13,52,Stage 1,Stage 1,0.013248254661808045,0.9771179847282271
13,53,Stage 1,Stage 1,0.008769826072531503,0.9861101949167135
13,54,Stage 1,Stage 1,0.2686398026547531,0.708787809486091
13,55,Stage 1,Stage 1,0.011051767446170908,0.9854919290804005
13,56,Stage 1,Stage 1,0.078062859243316,0.9147618447839323
13,57,Stage 1,Stage 1,0.08806016214828959,0.8947756408737533
13,58,Stage 1,Stage 1,0.0025884237249671816,0.9966817567311387
13,59,Stage 1,Stage 1,0.16857560427309304,0.8148594443083201
13,60,Stage 1,Stage 1,0.1706107721204393,0.8199574332088182
13,61,Stage 1,Stage 1,0.015737713173301353,0.9791034108572677
13,62,Stage 1,Stage 1,0.0011010342721621518,0.9981516618605055
13,63,Stage 1,Stage 1,0.13244570969728087,0.8526477581489819
13,64,Stage 1,Stage 1,0.015453005454857352,0.9825589393815144
13,65,Stage 1,Stage 1,0.21335344910024448,0.7444310088446234
13,66,Stage 1,Stage 1,0.017135242495145253,0.9791005413238495
13,67,Stage 1,Stage 1,0.0049586906372922285,0.9938862879356399
13,68,Stage 1,Stage 4,0.5208917410262145,0.5208917410262145
13,69,Stage 1,Stage 1,0.2599399630033567,0.7090960335742797
13,70,Stage 1,Stage 1,0.0624481340013151,0.9273551038184799
13,71,Stage 1,Stage 1,0.06679648125585516,0.9281206432550295
13,72,Stage 1,Stage 1,0.029681199386739302,0.9662143679534505
13,73,Stage 1,Stage 1,0.09767082908681951,0.8848436753571286
13,74,Stage 1,Stage 1,0.024918881329123004,0.9671015049827374
13,75,Stage 1,Stage 1,0.0029203217460114757,0.9956846171631646
13,76,Stage 1,Stage 1,0.08340603798288262,0.9067635114279397
13,77,Stage 1,Stage 1,0.0031688147853305404,0.9960278749899709
13,78,Stage 1,Stage 1,0.38967795879367617,0.5466450245925619
13,79,Stage 1,Stage 1,0.39014387561347275,0.5793951932064361
13,80,Stage 1,Stage 1,0.0017092664217404905,0.997479365650308
13,81,Stage 1,Stage 1,0.026986607398996745,0.9696382075948131
13,82,Stage 1,Stage 1,0.013065451757251765,0.9802446753852673
13,83,Stage 1,Stage 1,0.002627424982416261,0.996542725959622
13,84,Stage 1,Stage 1,0.002946336160622983,0.9961325033419675
13,85,Stage 1,Stage 1,0.018077016460258288,0.9753375936114873
13,86,Stage 1,Stage 1,0.03199874627253217,0.9520804545687628
13,87,Stage 1,Stage 1,0.017758983495202288,0.9778654077467565
13,88,Stage 1,Stage 1,0.018173533814903307,0.9768154483425681
13,89,Stage 1,Stage 1,0.010311106648424499,0.988270407742752
13,90,Stage 1,Stage 4,0.6882415727193814,0.6882415727193814
13,91,Stage 1,Stage 1,0.16445484419034012,0.8189401397997893
13,92,Stage 1,Stage 1,0.12664403817263223,0.8604290394186876
13,93,Stage 1,Stage 1,0.014181809984304936,0.9779174946942273
13,94,Stage 1,Stage 1,0.0015946429254744948,0.9980051469870072
13,95,Stage 1,Stage 1,0.05580153445261345,0.9412218674447201
13,96,Stage 1,Stage 1,0.008427591827202402,0.9891983290957129
13,97,Stage 1,Stage 1,0.003121933366786431,0.9953383479735681
13,98,Stage 1,Stage 1,0.0013575364228324161,0.9983923739333664
13,99,Stage 1,Stage 1,0.021958617930649703,0.9717376131626804
13,100,Stage 1,Stage 1,0.47137668663669635,0.5028867295318161
13,101,Stage 1,Stage 1,0.023390926203647924,0.9743245429613457
13,102,Stage 1,Stage 1,0.23522483788775303,0.7552266053293356
13,103,Stage 1,Stage 1,0.0056665324661756096,0.9930557214169402
13,104,Stage 1,Stage 1,0.028632556306032637,0.966416861609561
13,105,Stage 1,Stage 1,0.005231713875914673,0.9930069795067036
13,106,Stage 1,Stage 1,0.00014457703836985757,0.999706826233348
13,107,Stage 1,Stage 1,0.024913515128877007,0.9712210447084229
13,108,Stage 1,Stage 1,0.0023273146154205436,0.9973025573567105
13,109,Stage 1,Stage 1,0.02203429122518444,0.9725912942781259
13,110,Stage 1,Stage 1,0.0021806667838329425,0.9972775678006754
13,111,Stage 1,Stage 1,0.013191676466568929,0.9836394083592189
13,112,Stage 1,Stage 1,0.0004253700678181172,0.9995088327573638
13,113,Stage 1,Stage 1,0.0021536577619197606,0.9973477309880106
13,114,Stage 1,Stage 1,0.00018975960854800356,0.9996550358877871
13,115,Stage 1,Stage 1,0.06366592402088966,0.9277533774536242
13,116,Stage 1,Stage 1,0.001046738724334897,0.9986265127217934
13,117,Stage 1,Stage 1,0.019495091910363617,0.9775550022392739
13,118,Stage 1,Stage 1,0.014237028427895378,0.9831554151578136
13,119,Stage 1,Stage 1,0.016324393964032045,0.9824043780613566
13,120,Stage 1,Stage 1,0.009373234542805607,0.9895704932095524
13,121,Stage 1,Stage 1,0.030175574115367438,0.9655830604597131
13,122,Stage 1,Stage 1,0.004196157050117763,0.995034850917264
13,123,Stage 1,Stage 1,0.04655186674089964,0.9481549562390469
13,124,Stage 1,Stage 1,0.0005607068568667391,0.9990582887038953
13,125,Stage 1,Stage 1,9.143886775068706e-05,0.9998607061758267
13,126,Stage 1,Stage 1,0.0017813465644521136,0.997757097318673
13,127,Stage 1,Stage 1,0.00010575651561161799,0.9998687963660188
13,128,Stage 1,Stage 1,0.0005777717741319626,0.9993535915687755
13,129,Stage 1,Stage 1,0.00010448393387739223,0.9998689629145515
13,130,Stage 1,Stage 1,0.0007586839272923178,0.9990987309839101
13,131,Stage 1,Stage 1,7.830682540610343e-05,0.9998839097053867
13,132,Stage 1,Stage 1,0.0007057585089118244,0.9992203258787156
13,133,Stage 1,Stage 1,0.00026582405072667455,0.9996213916605088
13,134,Stage 1,Stage 1,0.0004160174166856792,0.9995246763466938
13,135,Stage 1,Stage 1,0.0017983529910337872,0.9977205184514755
13,136,Stage 1,Stage 1,0.0004973017230560503,0.9994167515444915
13,137,Stage 1,Stage 1,0.03629814084542165,0.9586902166971518
13,138,Stage 1,Stage 1,8.37152254974579e-05,0.9999010982952447
13,139,Stage 1,Stage 1,0.0003760314470434908,0.9995878218442455
13,140,Stage 1,Stage 1,0.008308881526460112,0.9909824609001074
13,141,Stage 1,Stage 1,0.00015312016043781342,0.9998340601019765
13,142,Stage 1,Stage 1,0.0020706441343842103,0.9977875058184174
13,143,Stage 1,Stage 1,0.0009939602013890837,0.9988713694130212
13,144,Stage 1,Stage 1,0.00015625206404899306,0.9998105721340301
13,145,Stage 1,Stage 1,1.655653022989093e-05,0.9999793666331952
13,146,Stage 1,Stage 1,0.002232984975912022,0.9972696382012893
13,147,Stage 1,Stage 1,0.0005763276697488412,0.9993509813289257
13,148,Stage 1,Stage 1,0.00023622064588286137,0.9997219730234546
13,149,Stage 1,Stage 1,0.025397446133838028,0.9731977719481002
13,150,Stage 1,Stage 1,3.843833542083033e-05,0.9999520841840864
13,151,Stage 1,Stage 1,0.0004707144328892119,0.9995003893258142
13,152,Stage 1,Stage 1,0.0037784769419988286,0.9958623570569436
13,153,Stage 1,Stage 1,0.0012346454181026583,0.9986230227647961
13,154,Stage 1,Stage 1,7.633896254160676e-06,0.999979567904523
13,155,Stage 1,Stage 1,0.00023927874423863605,0.9997266932003809
13,156,Stage 1,Stage 1,0.0003238876664348278,0.9996640061411602
13,157,Stage 1,Stage 1,7.990593413792713e-05,0.9998880454195421
13,158,Stage 1,Stage 1,6.4673319717058e-08,0.9999993751050039
13,159,Stage 1,Stage 1,0.007093813254874243,0.9920306866002442
13,160,Stage 1,Stage 1,0.00016613114069354823,0.9998159768126161
13,161,Stage 1,Stage 1,1.3553871595711802e-05,0.9999813045588629
13,162,Stage 1,Stage 1,0.00011844954264225673,0.9998569667874493
13,163,Stage 1,Stage 1,2.4768712745573103e-05,0.9999719060573664
13,164,Stage 1,Stage 1,2.4547963698119757e-07,0.9999990640397253
13,165,Stage 1,Stage 1,2.5985232857493893e-07,0.9999994386281102
13,166,Stage 1,Stage 1,4.778699887141816e-08,0.9999998834063994
13,167,Stage 1,Stage 1,7.880945959683814e-07,0.9999987015198685
13,168,Stage 1,Stage 1,3.8308340425461095e-05,0.9999445058866787
13,169,Stage 1,Stage 1,0.0018347950079334238,0.9980244286150551
13,170,Stage 1,Stage 1,4.9158512946788354e-06,0.9999944008858337
13,171,Stage 1,Stage 1,1.6210524363919353e-06,0.9999973364487762
13,172,Stage 1,Stage 1,1.3596538530884204e-07,0.999999695963092
13,173,Stage 1,Stage 1,4.959408620885712e-08,0.9999998672460938
13,174,Stage 1,Stage 1,6.878971672661195e-08,0.9999997786000856
13,175,Stage 1,Stage 1,5.86657099612867e-07,0.9999990435480528
13,176,Stage 1,Stage 1,1.7481328864531263e-06,0.9999979644589755
13,177,Stage 1,Stage 1,8.785123487147342e-08,0.9999998792437567
13,178,Stage 1,Stage 1,1.0683321494137066e-07,0.9999997830190004
13,179,Stage 1,Stage 1,2.5849181769641532e-08,0.9999999101213343
13,180,Stage 1,Stage 1,1.3256797247355442e-07,0.999999792261368
13,181,Stage 1,Stage 1,1.1777758148565918e-07,0.9999995945656001
13,182,Stage 1,Stage 1,1.0223474856770196e-07,0.9999998250685715
13,183,Stage 1,Stage 1,6.279376067178795e-08,0.999999863446206
13,184,Stage 1,Stage 1,6.117960411716171e-10,0.9999999938103883
13,185,Stage 1,Stage 1,5.595099414944933e-10,0.9999999976063199
19,1,Stage 2,Stage 2,0.009596920885970795,0.9411703942264321
19,2,Stage 2,Stage 2,0.002666626608414841,0.7643725384794327
19,3,Stage 2,Stage 2,0.0359017153928672,0.9498880629809993
19,4,Stage 2,Stage 2,0.006154574025563104,0.8696746397239437
19,5,Stage 2,Stage 2,0.0204071930221121,0.90572420585371
19,6,Stage 2,Stage 2,0.004719107801614615,0.8913485874475356
19,7,Stage 2,Stage 2,0.04453674056834388,0.9101239642039172
19,8,Stage 2,Stage 2,0.013695013722013599,0.8575156965724336
19,9,Stage 2,Stage 2,0.02100149850383858,0.9056842680331919
19,10,Stage 2,Stage 2,0.027036481502234973,0.9407731419548023
19,11,Stage 2,Stage 2,0.009102957792897179,0.8479380163342579
19,12,Stage 2,Stage 2,0.004573391839812289,0.9003986868488082
19,13,Stage 2,Stage 2,0.013917200794691517,0.8986989281242186
19,14,Stage 2,Stage 2,0.006071176643935143,0.8144006349835708
19,15,Stage 2,Stage 2,0.023640825684147212,0.9555910138511989
19,16,Stage 2,Stage 2,0.010374958664372365,0.9193572688439886
19,17,Stage 2,Stage 2,0.010358354412018853,0.9362122942177801
19,18,Stage 2,Stage 2,0.017085476987088098,0.87824616333577
19,19,Stage 2,Stage 2,0.0023810353567780976,0.7718971871239131
19,20,Stage 2,Stage 2,0.006308953804380875,0.838390744567374
19,21,Stage 2,Stage 2,0.0029215893528009053,0.6566832393010209
19,22,Stage 2,Stage 2,0.008565046948369964,0.8234811831291783
19,23,Stage 2,Stage 2,0.011943872323572805,0.8719798417915209
19,24,Stage 2,Stage 2,0.04295130411094669,0.9326780715366294
19,25,Stage 2,Stage 2,0.0042150404442224156,0.8150593096316122
19,26,Stage 2,Stage 2,0.01131819269808568,0.8611626377603478
19,27,Stage 2,Stage 2,0.08006732027627576,0.8949428975827723
19,28,Stage 2,Stage 2,0.022862423104460086,0.8974437787036603
19,29,Stage 2,Stage 2,0.062306760812737734,0.9176478278583763
19,30,Stage 2,Stage 2,0.009496622099166022,0.9012429496867164
19,31,Stage 2,Stage 2,0.005249799274887576,0.7466631469653918
19,32,Stage 2,Stage 2,0.037620831178946455,0.9331661150364007
19,33,Stage 2,Stage 2,0.007532561135503285,0.9093232316332136
19,34,Stage 2,Stage 2,0.018680977866052474,0.9091009317803115
19,35,Stage 2,Stage 2,0.005961026032695828,0.8553109790178497
19,36,Stage 2,Stage 2,0.053347811697918614,0.9329186693166878
19,37,Stage 2,Stage 2,0.025042701652004087,0.8617190601296828
19,38,Stage 2,Stage 2,0.0030365884003896136,0.7523903013810515
19,39,Stage 2,Stage 2,0.02419011206244618,0.9418730877959155
19,40,Stage 2,Stage 2,0.008444863782349654,0.8180493452571822
19,41,Stage 2,Stage 2,0.007119956108898669,0.7841748317930729
19,42,Stage 2,Stage 2,0.040479179833846454,0.9350296324011512
19,43,Stage 2,Stage 2,0.03278178276365684,0.9016895751387021
19,44,Stage 2,Stage 2,0.019584911089301767,0.9406335420861579
19,45,Stage 2,Stage 2,0.008803095346557243,0.9306323636669097
19,46,Stage 2,Stage 2,0.01152845704513447,0.8451862891564241
19,47,Stage 2,Stage 2,0.005385168408938315,0.7744838178611303
19,48,Stage 2,Stage 2,0.0067802370764377595,0.8543677005062026
19,49,Stage 2,Stage 2,0.029554057688240137,0.9316361366497331
19,50,Stage 2,Stage 2,0.018173175362622473,0.9071226537167114
19,51,Stage 2,Stage 2,0.006745669410124875,0.9090624360538834
19,52,Stage 2,Stage 2,0.007888352120917944,0.9078428508286032
19,53,Stage 2,Stage 2,0.01590288868322721,0.7852580667384511
19,54,Stage 2,Stage 2,0.0059456075603936875,0.7469215849252756
19,55,Stage 2,Stage 2,0.012908015541117078,0.8504792186548479
19,56,Stage 2,Stage 2,0.021726304142466537,0.9213920035074229
19,57,Stage 2,Stage 2,0.007416890647326861,0.8673006869114895
19,58,Stage 2,Stage 2,0.006521628216317678,0.88753458837281
19,59,Stage 2,Stage 2,0.0008490577631301991,0.4910891524687849
19,60,Stage 2,Stage 2,0.012419248172104852,0.8756140473458105
19,61,Stage 2,Stage 2,0.006760322749727778,0.90074897371727
19,62,Stage 2,Stage 2,0.01187413150914074,0.9551910138546367
19,63,Stage 2,Stage 2,0.01229954853043037,0.8636069762498187
19,64,Stage 2,Stage 2,0.008430395962884335,0.9172353648058982
19,65,Stage 2,Stage 2,0.008477724303349738,0.8979588511014152
19,66,Stage 2,Stage 2,0.005033439855625387,0.7260126146982111
19,67,Stage 2,Stage 2,0.005282122415003601,0.9165824858804654
19,68,Stage 2,Stage 2,0.007400019440608777,0.930810418583579
19,69,Stage 2,Stage 2,0.027053095896805095,0.9650270723949566
19,70,Stage 2,Stage 2,0.009697516393675156,0.9154621167245378
19,71,Stage 2,Stage 2,0.00969961044932707,0.8876314074460451
19,72,Stage 2,Stage 2,0.009068775742412565,0.9362637448466862
19,73,Stage 2,Stage 2,0.011948868911695484,0.8843579029479867
19,74,Stage 2,Stage 2,0.0012497228387828563,0.5624717774619905
19,75,Stage 2,Stage 2,0.01967136838927742,0.9470335870266878
19,76,Stage 2,Stage 2,0.008081422891084543,0.9133431982001116
19,77,Stage 2,Stage 2,0.01746443939296067,0.9366000860972814
19,78,Stage 2,Stage 2,0.007064671733017649,0.7919857198228869
19,79,Stage 2,Stage 2,0.0036604749194139715,0.8290712270420336
19,80,Stage 2,Stage 2,0.007446931016199095,0.7852312599449247
19,81,Stage 2,Stage 2,0.004090333738427945,0.6582111510731122
19,82,Stage 2,Stage 2,0.01194403368397299,0.8711218704914402
19,83,Stage 2,Stage 2,0.007348153181901114,0.8771993041954814
19,84,Stage 2,Stage 2,0.01982679269419308,0.9146152570577867
19,85,Stage 2,Stage 2,0.0034475874062627433,0.8268867531597294
19,86,Stage 2,Stage 2,0.0023826855499362665,0.7464932517089331
19,87,Stage 2,Stage 2,0.0009258378739705891,0.62388809427194
19,88,Stage 2,Stage 2,0.004394698967580269,0.7686071863617244
19,89,Stage 2,Stage 2,0.0069873933655340585,0.8954550967772859
19,90,Stage 2,Stage 2,0.00400831294069057,0.8969283241529058
19,91,Stage 2,Stage 2,0.008865386070228685,0.8929688733541764
19,92,Stage 2,Stage 2,0.005608447850483664,0.8080721526066207
19,93,Stage 2,Stage 2,0.0026168691442204927,0.7895267603804846
19,94,Stage 2,Stage 2,0.0018040114483737083,0.855576733978808
19,95,Stage 2,Stage 2,0.0009441401554122916,0.7782561260728095
19,96,Stage 2,Stage 2,0.002335198537852063,0.6506051657451035
19,97,Stage 2,Stage 2,0.012841228409062412,0.8407927725972637
19,98,Stage 2,Stage 3,0.00042559250558285393,0.5877907908851312
19,99,Stage 2,Stage 2,0.005084473957126195,0.871995358624428
19,100,Stage 2,Stage 2,0.0027180918033607175,0.5393206561203732
19,101,Stage 2,Stage 2,0.0029091666356769845,0.8546970417895975
19,102,Stage 2,Stage 2,0.002013901963415557,0.853797355144994
19,103,Stage 2,Stage 2,0.011727640656048107,0.9301193388546011
19,104,Stage 2,Stage 2,0.006868168949744822,0.8814912477020481
19,105,Stage 2,Stage 2,0.0003850378743071503,0.6230971066640886
19,106,Stage 2,Stage 2,0.001307894530408298,0.6873111525725705
19,107,Stage 3,Stage 2,0.0012139952329317176,0.6421732530711594
19,108,Stage 2,Stage 2,0.0007051099305818156,0.5756617513052688
19,109,Stage 2,Stage 2,0.001040169301408698,0.6585603313342615
19,110,Stage 2,Stage 2,0.0010570321505477295,0.7550180343006994
19,111,Stage 2,Stage 2,0.003584680979249724,0.9043010652704513
19,112,Stage 3,Stage 2,0.003040814095654612,0.8473037221740862
19,113,Stage 2,Stage 2,0.0016014920052219292,0.7785318628168553
19,114,Stage 2,Stage 2,0.0009199727245235233,0.7191129458955074
19,115,Stage 2,Stage 2,0.004575412697319352,0.8761497752419982
19,116,Stage 2,Stage 2,0.0010059368420148004,0.7113987418070765
19,117,Stage 2,Stage 2,0.0005140875526625165,0.5982984036175404
19,118,Stage 2,Stage 2,0.000671513507760024,0.6180456610831364
19,119,Stage 2,Stage 2,0.0020064140322037347,0.7320728454524997
19,120,Stage 2,Stage 2,0.0040524301270038745,0.8787593480235711
19,121,Stage 2,Stage 2,0.001814820355986818,0.7526760491382077
19,122,Stage 2,Stage 2,0.000504527205131819,0.599733657797514
19,123,Stage 2,Stage 3,0.00031630779425212874,0.5977228975485587
19,124,Stage 2,Stage 2,0.0010295322615189524,0.6586879416863042
19,125,Stage 3,Stage 2,0.00040791818480720264,0.692697259642472
19,126,Stage 2,Stage 2,0.0022509619691083002,0.8502370789746341
19,127,Stage 2,Stage 2,0.00028000294813247667,0.6329749422856645
19,128,Stage 2,Stage 2,0.00026610008838386876,0.5470077013287711
19,129,Stage 2,Stage 3,0.00018446870424169775,0.6223745273158222
19,130,Stage 2,Stage 2,0.0007347402097326836,0.620208355828366
19,131,Stage 2,Stage 2,0.0003736120728895168,0.6209969764589394
19,132,Stage 3,Stage 3,0.00017847725187519772,0.518721261512859
19,133,Stage 2,Stage 3,2.7612202361669996e-05,0.7692296150863044
19,134,Stage 2,Stage 2,0.00026425711711306854,0.5044785222630201
19,135,Stage 2,Stage 2,0.0009453670856649536,0.5983996840710049
19,136,Stage 2,Stage 2,0.0004842636029021228,0.6100894715840582
19,137,Stage 2,Stage 2,0.00020977944885188293,0.5021765604923099
19,138,Stage 2,Stage 3,8.09337639423225e-05,0.5962004128960245
19,139,Stage 3,Stage 3,3.096071092181752e-05,0.7611241702328059
19,140,Stage 2,Stage 2,0.00060610259120189,0.7256461519193576
19,141,Stage 2,Stage 2,0.00030429225374067214,0.5496380482316445
19,142,Stage 3,Stage 3,0.0001356619415017896,0.5503489184083349
19,143,Stage 2,Stage 3,7.562308502865864e-05,0.6780534461403612
19,144,Stage 2,Stage 2,0.0005817314942667042,0.6315091296891832
19,145,Stage 2,Stage 2,0.0008922318935505586,0.8407670364671423
19,146,Stage 3,Stage 3,7.369543290491839e-05,0.6785532128718039
19,147,Stage 2,Stage 2,0.00019103432006585132,0.5554549436599618
19,148,Stage 3,Stage 3,8.508642935644828e-06,0.8739747818037982
19,149,Stage 2,Stage 3,2.016938803285201e-05,0.8297924084614378
19,150,Stage 2,Stage 3,6.504822057708506e-05,0.5929807449550794
19,151,Stage 2,Stage 3,5.9562306115610226e-05,0.6681900566852128
19,152,Stage 3,Stage 3,3.86640904111288e-05,0.6970410412078455
19,153,Stage 2,Stage 2,0.00021611311283459923,0.5142810894409885
19,154,Stage 2,Stage 3,1.5963292212259065e-05,0.7124949278108476
19,155,Stage 3,Stage 3,3.62767341494524e-05,0.641808200888211
19,156,Stage 3,Stage 3,3.2648902375427308e-06,0.9124742897946944
19,157,Stage 3,Stage 3,6.1684632629171455e-06,0.8820682149730097
19,158,Stage 3,Stage 3,2.4507783372036555e-06,0.901388286269219
19,159,Stage 3,Stage 3,5.4212324769042275e-05,0.7233090275654444
19,160,Stage 3,Stage 3,1.7902293296708015e-05,0.7029809936340151
19,161,Stage 3,Stage 3,1.6453307119490077e-05,0.7691827282077899
19,162,Stage 3,Stage 3,1.2569354287226398e-06,0.9144032957426996
19,163,Stage 3,Stage 3,1.9725035053789315e-07,0.9569078807616317
19,164,Stage 3,Stage 3,4.3207059227437086e-06,0.909595240779816
19,165,Stage 3,Stage 3,1.2515442547300836e-06,0.9031811450789894
19,166,Stage 3,Stage 3,5.146329039501979e-07,0.9401106155303866
19,167,Stage 3,Stage 3,1.0535187490061856e-06,0.9370755525743807
19,168,Stage 3,Stage 3,9.881310635516965e-07,0.9073475012632781
19,169,Stage 3,Stage 3,1.9492233499931652e-05,0.6413460286198199
19,170,Stage 3,Stage 3,2.021900021456353e-08,0.9353656025536609
19,171,Stage 3,Stage 3,1.716310696221422e-07,0.958877071264922
19,172,Stage 3,Stage 3,3.029256093834851e-07,0.9587791285954851
19,173,Stage 3,Stage 3,2.2239603931299631e-07,0.9593848639454069
19,174,Stage 3,Stage 3,8.654052130218939e-07,0.9298606087329102
19,175,Stage 3,Stage 3,3.837717046789466e-07,0.9393293755518379
19,176,Stage 3,Stage 3,1.9460770909175193e-08,0.9616929864886536
19,177,Stage 3,Stage 3,6.563391130144178e-08,0.9638826854144046
19,178,Stage 3,Stage 3,3.126015004818416e-07,0.9442821821977744
19,179,Stage 3,Stage 3,4.025281846281912e-09,0.9011993398214081
19,180,Stage 3,Stage 3,1.3363743212143758e-09,0.8319233961720818
19,181,Stage 3,Stage 3,4.74314352789647e-08,0.9633525440777544
19,182,Stage 3,Stage 3,1.0509633943907788e-08,0.9578521879662076
19,183,Stage 3,Stage 3,1.3662543036565327e-09,0.9233952201361108
19,184,Stage 3,Stage 3,7.874214449932736e-08,0.9604911220392549
19,185,Stage 3,Stage 3,3.1041810513478414e-08,0.9647314784173165
19,186,Stage 3,Stage 3,1.0740194776806798e-09,0.9346395191687766
19,187,Stage 3,Stage 3,1.2899263262516084e-09,0.9257822302369685
19,188,Stage 3,Stage 3,1.0990336905460209e-08,0.9600776733400563
19,189,Stage 3,Stage 3,7.008933468542795e-10,0.847404832225343
19,190,Stage 3,Stage 3,4.278326964053063e-09,0.9617007003754076
19,191,Stage 3,Stage 3,1.0537254610064725e-09,0.9327790820306137
19,192,Stage 3,Stage 3,1.3359214122704122e-10,0.7404546241243013
19,193,Stage 3,Stage 3,3.4020702060061e-11,0.6603511443845757
19,194,Stage 3,Stage 3,5.967755363056487e-11,0.6545996804601562
19,195,Stage 3,Stage 3,6.360657387613632e-10,0.8936599863183865
19,196,Stage 3,Stage 3,5.617397248742535e-10,0.9104609646083014
19,197,Stage 3,Stage 3,1.1398068069280482e-10,0.8040491671338938
19,198,Stage 0,Stage 0,1.9162936741713163e-12,0.6319173692385212
19,199,Stage 3,Stage 0,1.3469474909412254e-12,0.7061825868932958
19,200,Stage 0,Stage 0,2.908012635337285e-12,0.6440147115734369
19,201,Stage 0,Stage 0,6.437006631318777e-13,0.7493223196309853
19,202,Stage 0,Stage 0,1.9180356052834276e-12,0.6163923150914646
19,203,Stage 0,Stage 0,1.058726392978107e-12,0.6086583643877723
19,204,Stage 0,Stage 0,4.585043739408615e-15,0.9330940083081192
19,205,Stage 0,Stage 0,1.2572507669530272e-13,0.8468881713799992
19,206,Stage 0,Stage 3,5.293354965460682e-12,0.5283524973447948
19,207,Stage 0,Stage 0,1.2396362777028263e-13,0.7977816556091316
19,208,Stage 0,Stage 0,1.2747681029148544e-15,0.9531367075406701
19,209,Stage 0,Stage 0,4.00280154199583e-16,0.9737612520246851
19,210,Stage 0,Stage 0,7.598004965463363e-15,0.9207795579235348
19,211,Stage 0,Stage 0,1.5196264427079383e-17,0.9937592648052574
19,212,Stage 0,Stage 0,3.8755512503348604e-17,0.9880982339322922
19,213,Stage 0,Stage 0,7.897099321183085e-17,0.98214952751846
19,214,Stage 0,Stage 0,3.994830468979853e-16,0.9533649969066611
19,215,Stage 0,Stage 0,5.4641315546519285e-18,0.9920459817988203
19,216,Stage 0,Stage 0,4.26142937830914e-18,0.991869940658364
19,217,Stage 0,Stage 0,3.8963299191136425e-20,0.9991263600124207
19,218,Stage 0,Stage 0,1.8325466829461543e-20,0.9992798726983941
19,219,Stage 0,Stage 0,3.575755421762766e-18,0.9909040801013717
19,220,Stage 0,Stage 0,4.290809075637699e-21,0.9995570778154356
19,221,Stage 0,Stage 0,2.0229258896369592e-20,0.9986678159653944
19,222,Stage 0,Stage 0,6.054105658388709e-20,0.9980298227617989
19,223,Stage 0,Stage 0,1.3602929517242174e-20,0.9983669555924501
19,224,Stage 0,Stage 0,1.2220750472103107e-23,0.9999122158843554
19,225,Stage 0,Stage 0,3.859717465658483e-26,0.9999936263125551
19,226,Stage 0,Stage 0,3.5680947402451288e-22,0.999609397871237
19,227,Stage 0,Stage 0,2.4844764481846956e-25,0.9999714362331477
19,228,Stage 0,Stage 0,2.806899291304042e-23,0.9998833117177477
19,229,Stage 0,Stage 0,1.2658996936850776e-28,0.9999983894052941
24,1,Stage 4,Stage 4,0.9993852253623625,0.9993852253623625
24,2,Stage 4,Stage 4,0.9929472769090514,0.9929472769090514
24,3,Stage 4,Stage 4,0.999674148371946,0.999674148371946
24,4,Stage 4,Stage 4,0.9998162594136183,0.9998162594136183
24,5,Stage 4,Stage 4,0.9993362967801819,0.9993362967801819
24,6,Stage 4,Stage 4,0.9994611002375873,0.9994611002375873
24,7,Stage 4,Stage 4,0.9992463097756958,0.9992463097756958
24,8,Stage 4,Stage 4,0.9925969849407129,0.9925969849407129
24,9,Stage 4,Stage 4,0.9996085353548153,0.9996085353548153
24,10,Stage 4,Stage 4,0.9860473195504361,0.9860473195504361
24,11,Stage 4,Stage 4,0.9996800579849504,0.9996800579849504
24,12,Stage 4,Stage 4,0.9992990748584095,0.9992990748584095
24,13,Stage 4,Stage 4,0.9999096690735954,0.9999096690735954
24,14,Stage 4,Stage 4,0.9973871022940287,0.9973871022940287
24,15,Stage 4,Stage 4,0.9991436446332682,0.9991436446332682
24,16,Stage 4,Stage 4,0.9949817573409327,0.9949817573409327
24,17,Stage 4,Stage 4,0.9997540237590512,0.9997540237590512
24,18,Stage 4,Stage 4,0.9807156276438898,0.9807156276438898
24,19,Stage 4,Stage 4,0.9948025486530186,0.9948025486530186
24,20,Stage 4,Stage 4,0.9819048682127468,0.9819048682127468
24,21,Stage 4,Stage 4,0.9920853552348552,0.9920853552348552
24,22,Stage 4,Stage 4,0.9994096939421772,0.9994096939421772
24,23,Stage 4,Stage 4,0.9985735307439512,0.9985735307439512
24,24,Stage 4,Stage 4,0.9997230058640052,0.9997230058640052
24,25,Stage 4,Stage 4,0.9947977267853956,0.9947977267853956
24,26,Stage 4,Stage 4,0.998855519833856,0.998855519833856
24,27,Stage 4,Stage 4,0.9994548925762784,0.9994548925762784
24,28,Stage 4,Stage 4,0.9987067358777835,0.9987067358777835
24,29,Stage 4,Stage 4,0.9972105620865951,0.9972105620865951
24,30,Stage 4,Stage 4,0.9995762732226503,0.9995762732226503
24,31,Stage 4,Stage 4,0.9987767839359571,0.9987767839359571
24,32,Stage 4,Stage 4,0.9995790734062125,0.9995790734062125
24,33,Stage 4,Stage 4,0.9978094494939878,0.9978094494939878
24,34,Stage 4,Stage 4,0.9998843079054632,0.9998843079054632
24,35,Stage 4,Stage 4,0.9977094960199219,0.9977094960199219
24,36,Stage 4,Stage 4,0.9975341671756428,0.9975341671756428
24,37,Stage 4,Stage 4,0.997544212676366,0.997544212676366
24,38,Stage 4,Stage 4,0.996711329924713,0.996711329924713
24,39,Stage 4,Stage 4,0.9997600029603247,0.9997600029603247
24,40,Stage 4,Stage 4,0.9983940878467619,0.9983940878467619
24,41,Stage 4,Stage 4,0.9994210266398479,0.9994210266398479
24,42,Stage 4,Stage 4,0.9983276550180183,0.9983276550180183
24,43,Stage 4,Stage 4,0.9993991052221508,0.9993991052221508
24,44,Stage 4,Stage 4,0.9933447207374625,0.9933447207374625
24,45,Stage 4,Stage 4,0.9984268176596629,0.9984268176596629
24,46,Stage 4,Stage 4,0.9995407753336938,0.9995407753336938
24,47,Stage 4,Stage 4,0.9987721808781653,0.9987721808781653
24,48,Stage 4,Stage 4,0.992134568871388,0.992134568871388
24,49,Stage 4,Stage 4,0.999045112101096,0.999045112101096
24,50,Stage 4,Stage 4,0.997209083885891,0.997209083885891
24,51,Stage 4,Stage 4,0.9986855509984618,0.9986855509984618
24,52,Stage 4,Stage 4,0.9997093474862073,0.9997093474862073
24,53,Stage 4,Stage 4,0.9996853047759032,0.9996853047759032
24,54,Stage 4,Stage 4,0.9995805412185724,0.9995805412185724
24,55,Stage 4,Stage 4,0.999774227495565,0.999774227495565
24,56,Stage 4,Stage 4,0.9947773307289428,0.9947773307289428
24,57,Stage 4,Stage 4,0.9997315311533451,0.9997315311533451
24,58,Stage 4,Stage 4,0.9996355015353683,0.9996355015353683
24,59,Stage 4,Stage 4,0.9981834498953832,0.9981834498953832
24,60,Stage 4,Stage 4,0.999712763983332,0.999712763983332
24,61,Stage 4,Stage 4,0.9993295007303247,0.9993295007303247
24,62,Stage 4,Stage 4,0.9976963929390896,0.9976963929390896
24,63,Stage 4,Stage 4,0.9995392160544945,0.9995392160544945
24,64,Stage 4,Stage 4,0.9992475017077183,0.9992475017077183
24,65,Stage 4,Stage 4,0.9998240458014996,0.9998240458014996
24,66,Stage 4,Stage 4,0.9876614805017009,0.9876614805017009
24,67,Stage 4,Stage 4,0.9977598270956816,0.9977598270956816
24,68,Stage 4,Stage 4,0.9993045661825691,0.9993045661825691
24,69,Stage 4,Stage 4,0.9993136079597853,0.9993136079597853
24,70,Stage 4,Stage 4,0.9950848129802493,0.9950848129802493
24,71,Stage 4,Stage 4,0.9965435314995957,0.9965435314995957
24,72,Stage 4,Stage 4,0.9992051683556014,0.9992051683556014
24,73,Stage 4,Stage 4,0.9992366903899172,0.9992366903899172
24,74,Stage 4,Stage 4,0.9983741911719722,0.9983741911719722
24,75,Stage 4,Stage 4,0.9984971823289591,0.9984971823289591
24,76,Stage 4,Stage 4,0.9992072554643366,0.9992072554643366
24,77,Stage 4,Stage 4,0.9956961449107601,0.9956961449107601
24,78,Stage 4,Stage 4,0.9995835411115767,0.9995835411115767
24,79,Stage 4,Stage 4,0.9997055595014435,0.9997055595014435
24,80,Stage 4,Stage 4,0.9990202510753686,0.9990202510753686
24,81,Stage 4,Stage 4,0.9990387826745534,0.9990387826745534
24,82,Stage 4,Stage 4,0.9994852965659953,0.9994852965659953
24,83,Stage 4,Stage 4,0.9995490240036985,0.9995490240036985
24,84,Stage 4,Stage 4,0.9978675617789327,0.9978675617789327
24,85,Stage 4,Stage 4,0.9998657741430236,0.9998657741430236
24,86,Stage 4,Stage 4,0.9924428361358505,0.9924428361358505
24,87,Stage 4,Stage 4,0.9971382650250941,0.9971382650250941
24,88,Stage 4,Stage 4,0.989910680777452,0.989910680777452
24,89,Stage 4,Stage 4,0.99876900845184,0.99876900845184
24,90,Stage 4,Stage 4,0.9955533372040671,0.9955533372040671
24,91,Stage 4,Stage 4,0.9995828094681816,0.9995828094681816
24,92,Stage 4,Stage 4,0.9823102517657858,0.9823102517657858
24,93,Stage 4,Stage 4,0.9983907779979186,0.9983907779979186
24,94,Stage 4,Stage 4,0.9994501701152394,0.9994501701152394
24,95,Stage 4,Stage 4,0.9934871771169005,0.9934871771169005
24,96,Stage 4,Stage 4,0.9986834868158648,0.9986834868158648
24,97,Stage 4,Stage 4,0.9991124747844062,0.9991124747844062
24,98,Stage 4,Stage 4,0.9989472850682909,0.9989472850682909
24,99,Stage 4,Stage 4,0.9975734388064107,0.9975734388064107
24,100,Stage 4,Stage 4,0.9980222782868372,0.9980222782868372
24,101,Stage 4,Stage 4,0.8850755802669804,0.8850755802669804
24,102,Stage 4,Stage 4,0.9993291978150325,0.9993291978150325
24,103,Stage 4,Stage 4,0.9996763262630023,0.9996763262630023
24,104,Stage 4,Stage 4,0.9995666794663469,0.9995666794663469
24,105,Stage 4,Stage 4,0.9904643911762557,0.9904643911762557
24,106,Stage 4,Stage 4,0.9986069854097691,0.9986069854097691
24,107,Stage 4,Stage 4,0.9998830727539302,0.9998830727539302
24,108,Stage 4,Stage 4,0.9954090471721968,0.9954090471721968
24,109,Stage 4,Stage 4,0.9998860476879338,0.9998860476879338
24,110,Stage 4,Stage 4,0.996588833454074,0.996588833454074
24,111,Stage 4,Stage 4,0.9960997422214594,0.9960997422214594
24,112,Stage 4,Stage 4,0.9995156683934363,0.9995156683934363
24,113,Stage 4,Stage 4,0.9980365242867991,0.9980365242867991
24,114,Stage 4,Stage 4,0.9984133891849557,0.9984133891849557
24,115,Stage 4,Stage 4,0.9988500322290295,0.9988500322290295
24,116,Stage 4,Stage 4,0.9974216497272435,0.9974216497272435
24,117,Stage 4,Stage 4,0.9847335715874599,0.9847335715874599
24,118,Stage 4,Stage 4,0.9996242489218357,0.9996242489218357
24,119,Stage 4,Stage 4,0.9989370470300327,0.9989370470300327
24,120,Stage 4,Stage 4,0.8874065914519564,0.8874065914519564
24,121,Stage 4,Stage 4,0.9966117099453484,0.9966117099453484
24,122,Stage 4,Stage 4,0.9997700202386479,0.9997700202386479
24,123,Stage 4,Stage 4,0.999594001363857,0.999594001363857
24,124,Stage 4,Stage 4,0.9974136515585872,0.9974136515585872
24,125,Stage 4,Stage 4,0.9801277610120152,0.9801277610120152
24,126,Stage 4,Stage 4,0.9995172931306974,0.9995172931306974
24,127,Stage 4,Stage 4,0.9940903630578161,0.9940903630578161
24,128,Stage 4,Stage 4,0.997939459393018,0.997939459393018
24,129,Stage 4,Stage 4,0.999794704158965,0.999794704158965
24,130,Stage 4,Stage 4,0.9971164711106815,0.9971164711106815
24,131,Stage 4,Stage 4,0.9954785329502648,0.9954785329502648
24,132,Stage 4,Stage 4,0.9987866842591514,0.9987866842591514
24,133,Stage 4,Stage 4,0.9734623858083311,0.9734623858083311
24,134,Stage 4,Stage 4,0.9942594917209354,0.9942594917209354
24,135,Stage 4,Stage 4,0.985257146342792,0.985257146342792
24,136,Stage 4,Stage 4,0.9869679586845246,0.9869679586845246
24,137,Stage 4,Stage 4,0.9976038321005485,0.9976038321005485
24,138,Stage 4,Stage 4,0.999864737348245,0.999864737348245
24,139,Stage 4,Stage 4,0.9970506392532117,0.9970506392532117
24,140,Stage 4,Stage 4,0.9988206397687023,0.9988206397687023
24,141,Stage 4,Stage 4,0.9964652097444944,0.9964652097444944
24,142,Stage 4,Stage 4,0.9942793082377357,0.9942793082377357
24,143,Stage 4,Stage 4,0.9950476794264286,0.9950476794264286
24,144,Stage 4,Stage 4,0.999604710445645,0.999604710445645
24,145,Stage 4,Stage 4,0.9971104848225162,0.9971104848225162
24,146,Stage 4,Stage 4,0.9995639681405759,0.9995639681405759
24,147,Stage 4,Stage 4,0.9979012146283053,0.9979012146283053
24,148,Stage 4,Stage 4,0.9993240794786558,0.9993240794786558
24,149,Stage 4,Stage 4,0.9996549807542867,0.9996549807542867
24,150,Stage 4,Stage 4,0.9986074514410319,0.9986074514410319
24,151,Stage 4,Stage 4,0.9991272079814488,0.9991272079814488
24,152,Stage 4,Stage 4,0.9972309423733942,0.9972309423733942
24,153,Stage 4,Stage 4,0.9969452228684353,0.9969452228684353
24,154,Stage 4,Stage 4,0.9864336377069846,0.9864336377069846
24,155,Stage 4,Stage 4,0.9973650840651754,0.9973650840651754
24,156,Stage 4,Stage 4,0.9977206555672608,0.9977206555672608
24,157,Stage 4,Stage 4,0.9927313151550464,0.9927313151550464
24,158,Stage 4,Stage 4,0.9953599443667076,0.9953599443667076
24,159,Stage 4,Stage 4,0.9915272693243465,0.9915272693243465
24,160,Stage 4,Stage 4,0.9924944621222761,0.9924944621222761
24,161,Stage 4,Stage 4,0.9977319201506819,0.9977319201506819
24,162,Stage 4,Stage 4,0.997468424659804,0.997468424659804
24,163,Stage 4,Stage 4,0.9967933055615371,0.9967933055615371
24,164,Stage 4,Stage 4,0.9999359838824027,0.9999359838824027
24,165,Stage 4,Stage 4,0.9932530264763937,0.9932530264763937
24,166,Stage 4,Stage 4,0.9978935376725672,0.9978935376725672
24,167,Stage 4,Stage 4,0.9987063228474985,0.9987063228474985
24,168,Stage 4,Stage 4,0.9985827165951291,0.9985827165951291
24,169,Stage 4,Stage 4,0.9995924538324796,0.9995924538324796
24,170,Stage 4,Stage 4,0.9988774968999217,0.9988774968999217
24,171,Stage 4,Stage 4,0.9995912206129347,0.9995912206129347
24,172,Stage 4,Stage 4,0.9934319797907564,0.9934319797907564
24,173,Stage 4,Stage 4,0.9974346508339152,0.9974346508339152
24,174,Stage 4,Stage 4,0.9944101748999354,0.9944101748999354
24,175,Stage 4,Stage 4,0.9952271269395571,0.9952271269395571
24,176,Stage 4,Stage 4,0.9811443598335597,0.9811443598335597
24,177,Stage 4,Stage 4,0.9897385504347984,0.9897385504347984
24,178,Stage 4,Stage 4,0.9974281396354918,0.9974281396354918
24,179,Stage 4,Stage 4,0.9977862354611663,0.9977862354611663
24,180,Stage 4,Stage 4,0.9912087089875811,0.9912087089875811
24,181,Stage 4,Stage 4,0.9981886805924378,0.9981886805924378
24,182,Stage 4,Stage 4,0.9984723604382365,0.9984723604382365
24,183,Stage 4,Stage 4,0.9983728071702948,0.9983728071702948
24,184,Stage 4,Stage 4,0.9981573930808907,0.9981573930808907
24,185,Stage 4,Stage 4,0.998622924647612,0.998622924647612
24,186,Stage 4,Stage 4,0.9955967636803913,0.9955967636803913
24,187,Stage 4,Stage 4,0.995863619201615,0.995863619201615
24,188,Stage 4,Stage 4,0.9994022003182929,0.9994022003182929
24,189,Stage 4,Stage 4,0.9928583741114739,0.9928583741114739
24,190,Stage 4,Stage 4,0.9951330317527558,0.9951330317527558
24,191,Stage 4,Stage 4,0.9971632333573307,0.9971632333573307
24,192,Stage 4,Stage 4,0.9961117344707799,0.9961117344707799
24,193,Stage 4,Stage 4,0.9964764604787775,0.9964764604787775
24,194,Stage 4,Stage 4,0.9983038258626487,0.9983038258626487
24,195,Stage 4,Stage 4,0.9834769749155696,0.9834769749155696
24,196,Stage 4,Stage 4,0.9455487394844659,0.9455487394844659
24,197,Stage 4,Stage 4,0.9848646916602475,0.9848646916602475
24,198,Stage 4,Stage 4,0.9843700781309045,0.9843700781309045
24,199,Stage 4,Stage 4,0.9890089639506869,0.9890089639506869
24,200,Stage 4,Stage 4,0.9892840268913498,0.9892840268913498
24,201,Stage 4,Stage 4,0.9913317869421634,0.9913317869421634
24,202,Stage 4,Stage 4,0.99686391036228,0.99686391036228
24,203,Stage 4,Stage 4,0.9888580209808709,0.9888580209808709
24,204,Stage 4,Stage 4,0.9706321275583204,0.9706321275583204
24,205,Stage 4,Stage 4,0.9949724442367838,0.9949724442367838
24,206,Stage 4,Stage 4,0.9956713271559173,0.9956713271559173
24,207,Stage 4,Stage 4,0.9941348367759575,0.9941348367759575
24,208,Stage 4,Stage 4,0.9960024082660994,0.9960024082660994
24,209,Stage 4,Stage 4,0.9883292608387371,0.9883292608387371
24,210,Stage 4,Stage 4,0.9949043311289371,0.9949043311289371
24,211,Stage 4,Stage 4,0.9954655429125011,0.9954655429125011
24,212,Stage 4,Stage 4,0.9972026196312094,0.9972026196312094
24,213,Stage 4,Stage 4,0.9903906954999978,0.9903906954999978
24,214,Stage 4,Stage 4,0.9984185164269511,0.9984185164269511
24,215,Stage 4,Stage 4,0.9957776330007229,0.9957776330007229
24,216,Stage 4,Stage 4,0.9928653928748515,0.9928653928748515
24,217,Stage 4,Stage 4,0.9948214894399418,0.9948214894399418
24,218,Stage 4,Stage 4,0.9906178130263275,0.9906178130263275
24,219,Stage 4,Stage 4,0.9963567407751482,0.9963567407751482
24,220,Stage 4,Stage 4,0.992303525328536,0.992303525328536
24,221,Stage 4,Stage 4,0.9930962308458583,0.9930962308458583
24,222,Stage 4,Stage 4,0.9983507055849515,0.9983507055849515
24,223,Stage 4,Stage 4,0.9948914904568489,0.9948914904568489
24,224,Stage 4,Stage 4,0.9950262932992818,0.9950262932992818
24,225,Stage 4,Stage 4,0.9293417428765681,0.9293417428765681
24,226,Stage 4,Stage 4,0.9980727587515927,0.9980727587515927
24,227,Stage 4,Stage 4,0.9924748920389709,0.9924748920389709
24,228,Stage 4,Stage 4,0.9856605520851057,0.9856605520851057
24,229,Stage 4,Stage 4,0.9924610725886883,0.9924610725886883
24,230,Stage 4,Stage 4,0.9915536600709728,0.9915536600709728
24,231,Stage 4,Stage 4,0.9940595955245389,0.9940595955245389
24,232,Stage 4,Stage 4,0.9885218219087648,0.9885218219087648
24,233,Stage 4,Stage 4,0.9970911783694527,0.9970911783694527
24,234,Stage 4,Stage 4,0.9917609893565242,0.9917609893565242
24,235,Stage 4,Stage 4,0.9960921134889278,0.9960921134889278
24,236,Stage 4,Stage 4,0.9878197701436349,0.9878197701436349
24,237,Stage 4,Stage 4,0.9851136093490549,0.9851136093490549
24,238,Stage 4,Stage 4,0.9893769283251331,0.9893769283251331
24,239,Stage 4,Stage 4,0.9894212872547393,0.9894212872547393
24,240,Stage 4,Stage 4,0.9890928571366057,0.9890928571366057
24,241,Stage 4,Stage 4,0.968397261938784,0.968397261938784
24,242,Stage 4,Stage 4,0.9869872734986272,0.9869872734986272
24,243,Stage 4,Stage 4,0.9896997677705195,0.9896997677705195
24,244,Stage 4,Stage 4,0.9861363588337558,0.9861363588337558
24,245,Stage 4,Stage 4,0.9962863618611795,0.9962863618611795
24,246,Stage 4,Stage 4,0.9612952129501323,0.9612952129501323
24,247,Stage 4,Stage 4,0.9953861178867928,0.9953861178867928
24,248,Stage 4,Stage 4,0.994505899417605,0.994505899417605
24,249,Stage 4,Stage 4,0.9898046991837922,0.9898046991837922
24,250,Stage 4,Stage 4,0.9897444586163917,0.9897444586163917
24,251,Stage 4,Stage 4,0.985548760631387,0.985548760631387
24,252,Stage 4,Stage 4,0.9758994664641767,0.9758994664641767
24,253,Stage 4,Stage 4,0.9934717413660638,0.9934717413660638
24,254,Stage 4,Stage 4,0.9927777186323079,0.9927777186323079
24,255,Stage 4,Stage 4,0.976944970238805,0.976944970238805
24,256,Stage 4,Stage 4,0.9919436974130428,0.9919436974130428
24,257,Stage 4,Stage 4,0.9886987474147843,0.9886987474147843
24,258,Stage 4,Stage 4,0.9948894833917185,0.9948894833917185
24,259,Stage 4,Stage 4,0.9963056690028955,0.9963056690028955
24,260,Stage 4,Stage 4,0.970884464682901,0.970884464682901
24,261,Stage 4,Stage 4,0.939415557077307,0.939415557077307
24,262,Stage 4,Stage 4,0.9925549470341576,0.9925549470341576
24,263,Stage 4,Stage 4,0.9933289146629197,0.9933289146629197
24,264,Stage 4,Stage 4,0.99611385853363,0.99611385853363
24,265,Stage 4,Stage 4,0.9422390218950507,0.9422390218950507
24,266,Stage 4,Stage 4,0.9918311993389437,0.9918311993389437
24,267,Stage 4,Stage 4,0.9784592713997345,0.9784592713997345
24,268,Stage 4,Stage 4,0.9762133864086011,0.9762133864086011
24,269,Stage 4,Stage 4,0.9922144117649664,0.9922144117649664
24,270,Stage 4,Stage 4,0.980379249167458,0.980379249167458
24,271,Stage 4,Stage 4,0.960433970991385,0.960433970991385
24,272,Stage 4,Stage 4,0.9896891051071227,0.9896891051071227
24,273,Stage 4,Stage 4,0.9866840277879535,0.9866840277879535
24,274,Stage 4,Stage 4,0.9911745873040901,0.9911745873040901
24,275,Stage 4,Stage 4,0.9562409454763816,0.9562409454763816
24,276,Stage 4,Stage 4,0.9754244075514941,0.9754244075514941
24,277,Stage 4,Stage 4,0.9855801894974455,0.9855801894974455
24,278,Stage 4,Stage 4,0.9509378539393533,0.9509378539393533
24,279,Stage 4,Stage 4,0.9851729367626813,0.9851729367626813
24,280,Stage 4,Stage 4,0.8625659570763856,0.8625659570763856
24,281,Stage 4,Stage 4,0.9052701903162432,0.9052701903162432
24,282,Stage 4,Stage 4,0.9887171611566536,0.9887171611566536
24,283,Stage 4,Stage 4,0.9660698970934704,0.9660698970934704
24,284,Stage 4,Stage 4,0.9825911575199819,0.9825911575199819
24,285,Stage 4,Stage 4,0.9751122974943361,0.9751122974943361
24,286,Stage 4,Stage 4,0.9504041956858159,0.9504041956858159
24,287,Stage 4,Stage 4,0.9780489255840606,0.9780489255840606
24,288,Stage 4,Stage 4,0.9876026421422844,0.9876026421422844
24,289,Stage 4,Stage 4,0.9580738191669361,0.9580738191669361
24,290,Stage 4,Stage 4,0.9572938081673907,0.9572938081673907
24,291,Stage 4,Stage 4,0.9548162914585021,0.9548162914585021
24,292,Stage 4,Stage 4,0.9834352870173578,0.9834352870173578
24,293,Stage 4,Stage 4,0.946803477876819,0.946803477876819
24,294,Stage 4,Stage 4,0.969585043137469,0.969585043137469
24,295,Stage 4,Stage 4,0.8680017887660595,0.8680017887660595
24,296,Stage 4,Stage 4,0.9180394760958486,0.9180394760958486
24,297,Stage 4,Stage 4,0.933282263544902,0.933282263544902
24,298,Stage 4,Stage 4,0.9515167193495716,0.9515167193495716
24,299,Stage 4,Stage 4,0.9680703830067775,0.9680703830067775
24,300,Stage 4,Stage 4,0.9675624962351085,0.9675624962351085
24,301,Stage 4,Stage 4,0.9607524480038017,0.9607524480038017
24,302,Stage 4,Stage 4,0.8604671594470098,0.8604671594470098
24,303,Stage 4,Stage 4,0.8721014117302291,0.8721014117302291
24,304,Stage 4,Stage 4,0.9564550024001015,0.9564550024001015
24,305,Stage 4,Stage 4,0.9819957108345606,0.9819957108345606
24,306,Stage 4,Stage 4,0.9672676022760078,0.9672676022760078
24,307,Stage 4,Stage 4,0.8923487631417499,0.8923487631417499
24,308,Stage 4,Stage 4,0.850044843796083,0.850044843796083
24,309,Stage 4,Stage 4,0.9564036779602545,0.9564036779602545
24,310,Stage 4,Stage 4,0.9318086347183153,0.9318086347183153
24,311,Stage 4,Stage 4,0.9752197760589413,0.9752197760589413
24,312,Stage 4,Stage 4,0.8904688143093359,0.8904688143093359
24,313,Stage 4,Stage 4,0.8514254580209466,0.8514254580209466
24,314,Stage 4,Stage 4,0.9702394998029157,0.9702394998029157
24,315,Stage 2,Stage 4,0.6174963704298053,0.6174963704298053
24,316,Stage 4,Stage 4,0.9556417700884324,0.9556417700884324
24,317,Stage 4,Stage 4,0.8092562797051724,0.8092562797051724
24,318,Stage 4,Stage 4,0.8383538779969311,0.8383538779969311
24,319,Stage 4,Stage 4,0.9179579104222507,0.9179579104222507
24,320,Stage 4,Stage 4,0.7558995282191462,0.7558995282191462
24,321,Stage 4,Stage 4,0.8243510906097765,0.8243510906097765
24,322,Stage 4,Stage 4,0.8845619671341863,0.8845619671341863
24,323,Stage 4,Stage 4,0.8164475102117653,0.8164475102117653
24,324,Stage 4,Stage 4,0.8817990688680946,0.8817990688680946
24,325,Stage 4,Stage 4,0.7981911278150893,0.7981911278150893
24,326,Stage 4,Stage 4,0.8481957640331097,0.8481957640331097
24,327,Stage 4,Stage 4,0.7766737257599935,0.7766737257599935
24,328,Stage 2,Stage 2,0.27631920219175293,0.7018381456056288
24,329,Stage 4,Stage 4,0.8635985368037262,0.8635985368037262
24,330,Stage 4,Stage 4,0.7195020217328365,0.7195020217328365
24,331,Stage 4,Stage 4,0.8592983959926536,0.8592983959926536
24,332,Stage 4,Stage 4,0.6918893095452084,0.6918893095452084
24,333,Stage 4,Stage 4,0.7143478697201476,0.7143478697201476
24,334,Stage 4,Stage 4,0.6252339862480595,0.6252339862480595
24,335,Stage 4,Stage 2,0.3585525942898999,0.6365914507602327
24,336,Stage 4,Stage 4,0.8811165673537237,0.8811165673537237
24,337,Stage 4,Stage 2,0.39793036180804675,0.5665329144031068
24,338,Stage 4,Stage 4,0.9000043448159017,0.9000043448159017
24,339,Stage 4,Stage 4,0.5290194059747931,0.5290194059747931
24,340,Stage 2,Stage 4,0.5404522822933063,0.5404522822933063
24,341,Stage 4,Stage 4,0.5783472454369938,0.5783472454369938
24,342,Stage 2,Stage 4,0.6714123334233995,0.6714123334233995
24,343,Stage 4,Stage 2,0.47998044710313814,0.5180813662136392
24,344,Stage 2,Stage 4,0.5653509701164132,0.5653509701164132
24,345,Stage 4,Stage 4,0.5099831307228673,0.5099831307228673
24,346,Stage 2,Stage 2,0.38295414835653396,0.6079565876784453
24,347,Stage 4,Stage 2,0.43009801403964276,0.5463037681471155
24,348,Stage 2,Stage 4,0.6206214977723504,0.6206214977723504
24,349,Stage 2,Stage 2,0.39472739695916675,0.5979471430363206
24,350,Stage 2,Stage 4,0.6369045561488224,0.6369045561488224
24,351,Stage 4,Stage 4,0.6624198516253221,0.6624198516253221
24,352,Stage 2,Stage 2,0.2366559900377548,0.6383291101685962
24,353,Stage 2,Stage 2,0.32577284937467826,0.6600417559997813
24,354,Stage 4,Stage 2,0.3818061852615478,0.5631039250274175
24,355,Stage 4,Stage 2,0.3693458052250527,0.6282765685190479
24,356,Stage 4,Stage 2,0.36802751189292965,0.6248913765963411
24,357,Stage 2,Stage 2,0.37215046698927656,0.5952735862907739
24,358,Stage 2,Stage 2,0.2583396278012341,0.7297607016569827
24,359,Stage 2,Stage 2,0.2710838987567408,0.7018760871422194
24,360,Stage 2,Stage 2,0.48395847962454613,0.5088166769494727
24,361,Stage 2,Stage 2,0.07580953851308488,0.8627119035071473
24,362,Stage 2,Stage 2,0.19308014674515134,0.777138038755679
24,363,Stage 2,Stage 2,0.09883053267257796,0.8693737436563768
24,364,Stage 2,Stage 2,0.16299598713714464,0.8048884191722188
24,365,Stage 2,Stage 2,0.2625608899920117,0.7191271341617304
24,366,Stage 2,Stage 2,0.07232815041396427,0.5592480426897837
24,367,Stage 2,Stage 2,0.108833917158227,0.8581087265645233
24,368,Stage 2,Stage 2,0.206752690603779,0.7707384107341079
24,369,Stage 2,Stage 2,0.04077438318035395,0.8656045679421744
24,370,Stage 2,Stage 2,0.1142937739437934,0.8138845158855803
24,371,Stage 2,Stage 2,0.0662665909046127,0.8605035330143594
24,372,Stage 2,Stage 2,0.22085066369716283,0.7403737388199199
24,373,Stage 2,Stage 2,0.03601788375698112,0.8513760103196274
24,374,Stage 2,Stage 2,0.054507832871285404,0.9014532337112183
24,375,Stage 2,Stage 2,0.26272669270413357,0.7197074268458233
24,376,Stage 2,Stage 2,0.051779121702636856,0.8959083171261275
24,377,Stage 2,Stage 2,0.09081607650811041,0.8640443599009349
24,378,Stage 2,Stage 2,0.03411333400025814,0.9061715940078252
24,379,Stage 2,Stage 2,0.044454612197782725,0.8824262866409893
24,380,Stage 2,Stage 2,0.023813366003132577,0.763943504431292
24,381,Stage 2,Stage 2,0.017161820760569976,0.8792190278369645
24,382,Stage 2,Stage 2,0.16141569957152205,0.820012508613573
24,383,Stage 2,Stage 2,0.0441686504513625,0.9021268727213556
24,384,Stage 2,Stage 2,0.00985213226957496,0.8262961191205898
24,385,Stage 2,Stage 2,0.10946878454137443,0.8166761840075932
24,386,Stage 2,Stage 2,0.04119916067534863,0.8244605849123621
24,387,Stage 2,Stage 2,0.04449281514413773,0.8673794323526346
24,388,Stage 2,Stage 2,0.087813951112201,0.8867311025635052
24,389,Stage 2,Stage 2,0.008466127687552491,0.919842234266213
24,390,Stage 2,Stage 2,0.044169410651772587,0.914835104742976
24,391,Stage 2,Stage 2,0.008362054383065842,0.745819388027379
24,392,Stage 2,Stage 2,0.006553042045849653,0.7615894864674425
24,393,Stage 2,Stage 2,0.05373462175413195,0.8973081359374855
24,394,Stage 2,Stage 2,0.03315908128222506,0.9104275386028867
24,395,Stage 2,Stage 2,0.016588088394055022,0.8733833609124186
24,396,Stage 2,Stage 2,0.007335706493064165,0.8701343071916448
24,397,Stage 2,Stage 2,0.006584167004240702,0.7866364049148453
24,398,Stage 2,Stage 2,0.007782521787006934,0.7489109634223461
24,399,Stage 2,Stage 2,0.002429135170501799,0.6612172033563195
24,400,Stage 2,Stage 2,0.003905013893322333,0.6969646631481609
24,401,Stage 2,Stage 2,0.001722728076027029,0.6412973938159424
24,402,Stage 2,Stage 2,0.0046776026811104834,0.6869258739841575
24,403,Stage 2,Stage 2,0.000928722553407192,0.5680807038226887
24,404,Stage 2,Stage 2,0.000983388062754347,0.6389489189016317
24,405,Stage 2,Stage 2,0.0006536022098614531,0.5101650063154997
24,406,Stage 2,Stage 3,0.0003383934832410646,0.5052075477658119
24,407,Stage 2,Stage 2,0.0020818341164471374,0.7793256919032001
24,408,Stage 2,Stage 2,0.0012258327801828227,0.6256109108074355
24,409,Stage 2,Stage 2,0.0020163257233307688,0.6964255142319492
24,410,Stage 2,Stage 3,0.0003609580965425959,0.5898859070637134
24,411,Stage 2,Stage 2,0.0006069954977243426,0.506720289650399
24,412,Stage 2,Stage 2,0.00243234378016079,0.8226862445733758
24,413,Stage 2,Stage 3,0.00016701863506370475,0.5328061806327767
24,414,Stage 3,Stage 2,0.0010794812076805203,0.5803195410120175
24,415,Stage 2,Stage 3,0.00023763046409272737,0.5494107661771233
24,416,Stage 2,Stage 2,0.001061187510150163,0.7192436778907935
24,417,Stage 2,Stage 3,4.028071729421447e-05,0.7246346325819178
24,418,Stage 2,Stage 3,3.763163073832978e-05,0.8176991625779299
24,419,Stage 3,Stage 3,1.731018805252276e-05,0.8226599272028888
24,420,Stage 3,Stage 3,6.921059385926265e-05,0.6419167908953368
24,421,Stage 3,Stage 3,3.592237265296664e-05,0.7447704307538102
24,422,Stage 3,Stage 3,1.9317556273433866e-05,0.8243077143240441
24,423,Stage 3,Stage 3,1.3976213083376957e-05,0.8348495968680579
24,424,Stage 2,Stage 3,0.00010466745158932925,0.5736944318467542
24,425,Stage 3,Stage 3,4.728356543393147e-05,0.7605652239197513
24,426,Stage 3,Stage 3,6.169786815526622e-06,0.877367894398863
24,427,Stage 2,Stage 3,0.00012761417694817973,0.616268865818848
24,428,Stage 3,Stage 3,1.2641828938083038e-05,0.8868904818031038
24,429,Stage 3,Stage 3,7.341939602497923e-06,0.9074760194202754
24,430,Stage 3,Stage 3,2.1692608901342862e-07,0.9588124282832069
24,431,Stage 3,Stage 3,1.622990789925847e-05,0.7655888182835153
24,432,Stage 3,Stage 3,3.5410702717727817e-06,0.9227043511972656
24,433,Stage 3,Stage 3,3.923674809510339e-06,0.9171940720259188
24,434,Stage 3,Stage 3,4.83816062422916e-06,0.8602214851146226
24,435,Stage 3,Stage 3,4.306251907095377e-06,0.910334571740274
24,436,Stage 3,Stage 3,4.133632042762227e-06,0.8549765472296178
24,437,Stage 3,Stage 3,2.4123619115010023e-07,0.9587519385286305
24,438,Stage 3,Stage 3,4.393316609965444e-08,0.9637842161197328
24,439,Stage 3,Stage 3,1.6623553462979468e-07,0.9561130213715473
24,440,Stage 3,Stage 3,1.1375969579581371e-07,0.9572016695625943
24,441,Stage 3,Stage 3,4.426905582025035e-08,0.9611834582899502
24,442,Stage 3,Stage 3,4.637488709514568e-08,0.9639102981782818
24,443,Stage 3,Stage 3,1.5436219724044574e-08,0.9446266840546641
24,444,Stage 3,Stage 3,3.061714587388403e-08,0.9633800172437206
24,445,Stage 3,Stage 3,1.3066006576552323e-08,0.9497439402280324
24,446,Stage 3,Stage 3,1.4985896366867187e-08,0.9573758873477579
24,447,Stage 3,Stage 3,4.221910013436309e-09,0.9025101301490296
24,448,Stage 3,Stage 3,4.048594926847546e-09,0.9343503036688847
24,449,Stage 3,Stage 3,1.409797995982248e-09,0.8451700193890781
24,450,Stage 3,Stage 3,8.530664435904187e-09,0.9346776555809075
24,451,Stage 3,Stage 3,2.0202456376759926e-09,0.9047420304714925
24,452,Stage 3,Stage 3,1.7204562936195508e-10,0.6781110034217994
24,453,Stage 3,Stage 3,2.7437852605645743e-10,0.7488776473471797
24,454,Stage 3,Stage 3,3.099900278354556e-10,0.7955742156253403
24,455,Stage 3,Stage 0,2.168715692343274e-11,0.542454346618071
24,456,Stage 0,Stage 0,3.575042346220637e-12,0.6600373082523597
24,457,Stage 3,Stage 0,3.76931160492199e-12,0.6294044799667379
24,458,Stage 3,Stage 3,3.0022240616330844e-11,0.6224753617141588
24,459,Stage 0,Stage 0,9.674383359032333e-12,0.5324574680703765
24,460,Stage 3,Stage 0,1.0396235841512853e-11,0.6113670256039027
24,461,Stage 0,Stage 0,5.163149163841795e-12,0.5797604949926916
24,462,Stage 0,Stage 0,6.882989431233008e-13,0.8556588921208405
24,463,Stage 0,Stage 0,1.2686986719466898e-13,0.8878826084350577
24,464,Stage 0,Stage 3,2.9765142268071676e-11,0.6619971093087155
24,465,Stage 3,Stage 3,1.2835090973084533e-11,0.5892459254123301
24,466,Stage 0,Stage 0,7.186131506407017e-15,0.9574457542047811
24,467,Stage 0,Stage 0,1.9804891207913778e-14,0.9275989420817572
24,468,Stage 0,Stage 0,1.3015462544915546e-14,0.9470950173245126
24,469,Stage 0,Stage 0,6.888910657718163e-16,0.9776555624655416
24,470,Stage 0,Stage 0,4.0438751197567673e-13,0.6511656952046712
24,471,Stage 0,Stage 0,7.470051605270571e-14,0.8825804803054468
24,472,Stage 0,Stage 0,9.622240130448043e-15,0.9116914751248344
24,473,Stage 0,Stage 0,3.664260742200139e-15,0.9545270805790427
24,474,Stage 0,Stage 0,1.561008816422507e-14,0.9130104937881868
24,475,Stage 0,Stage 0,3.4544973571209744e-18,0.9951948326823312
24,476,Stage 0,Stage 0,1.3228957798496775e-16,0.9895215214491737
24,477,Stage 0,Stage 0,2.0587878306774827e-16,0.9867022789204661
24,478,Stage 0,Stage 0,4.849484225239481e-16,0.9700110440804927
24,479,Stage 0,Stage 0,1.0566969025478646e-18,0.9971061711646619
24,480,Stage 0,Stage 0,2.8031829599113847e-19,0.9987472272430863
24,481,Stage 0,Stage 0,7.324232078646994e-19,0.9960200774730514
24,482,Stage 0,Stage 0,1.6264614069091962e-17,0.9909787960622158
24,483,Stage 0,Stage 0,4.6833699776580035e-17,0.98728915781866
24,484,Stage 0,Stage 0,2.296418570723235e-19,0.9980346105297933
24,485,Stage 0,Stage 0,1.4708705674213152e-20,0.9994648068468611
24,486,Stage 0,Stage 0,3.602219692156715e-22,0.9998201685615394
24,487,Stage 0,Stage 0,5.641221583131707e-20,0.9979665763051647
24,488,Stage 0,Stage 0,2.147543941775048e-23,0.9999418811193167
24,489,Stage 0,Stage 0,1.4943542536424022e-22,0.9998607682872229
24,490,Stage 0,Stage 0,3.831035865133013e-22,0.9997721156796835
24,491,Stage 0,Stage 0,4.0297536379170075e-24,0.9999452606747073
24,492,Stage 0,Stage 0,2.6954281117493503e-24,0.9999659566260627
24,493,Stage 0,Stage 0,2.354587190861551e-22,0.9997149848572329
24,494,Stage 0,Stage 0,1.7321770396606193e-25,0.9999857893351151
31,1,Stage 4,Stage 4,0.8347187552229481,0.8347187552229481
31,2,Stage 1,Stage 1,0.005562829220724456,0.9937345562798061
31,3,Stage 1,Stage 1,0.06604520546739784,0.9267540538217737
31,4,Stage 4,Stage 4,0.8566795023635873,0.8566795023635873
31,5,Stage 1,Stage 1,0.18877261441455837,0.7576791043705117
31,6,Stage 1,Stage 1,0.013213566381337674,0.9844740603845773
31,7,Stage 4,Stage 4,0.8621895877553186,0.8621895877553186
31,8,Stage 1,Stage 1,0.34137617482514787,0.6170537367652196
31,9,Stage 1,Stage 1,0.10597485150809932,0.8555550258446446
31,10,Stage 1,Stage 1,0.07192635465598093,0.9065506682209604
31,11,Stage 1,Stage 1,0.13901814998662027,0.8397095006864219
31,12,Stage 1,Stage 1,0.2926150422978404,0.6473016291855196
31,13,Stage 1,Stage 1,0.07499964059474581,0.9086740769171261
31,14,Stage 1,Stage 1,0.20865465580961817,0.7468433600636516
31,15,Stage 1,Stage 1,0.278981226321897,0.6718971746422473
31,16,Stage 1,Stage 1,0.10298167515173327,0.8398324544591532
31,17,Stage 4,Stage 1,0.37934250184331236,0.5581912890033675
31,18,Stage 1,Stage 1,0.012278664331541324,0.9822046424537987
31,19,Stage 4,Stage 4,0.4626960194529295,0.4626960194529295
31,20,Stage 4,Stage 4,0.5620054703571192,0.5620054703571192
31,21,Stage 4,Stage 1,0.4233590014277079,0.5313426154320675
31,22,Stage 1,Stage 1,0.06955118938942481,0.9020896125798238
31,23,Stage 1,Stage 1,0.021584124962601647,0.9732119610405445
31,24,Stage 4,Stage 1,0.3999710759984828,0.5787342403108926
31,25,Stage 1,Stage 1,0.0008483148934394074,0.9984275673103093
31,26,Stage 1,Stage 1,0.07978918187071579,0.8966451134647753
31,27,Stage 1,Stage 1,0.4771536943971443,0.4821726319497854
31,28,Stage 1,Stage 1,0.03857620340011262,0.9478549753196405
31,29,Stage 1,Stage 1,0.026237056279298784,0.9693992420031875
31,30,Stage 1,Stage 4,0.6931815020990132,0.6931815020990132
31,31,Stage 1,Stage 1,0.00458488995798365,0.9943649864585627
31,32,Stage 4,Stage 4,0.8786451720656764,0.8786451720656764
31,33,Stage 1,Stage 1,0.040686868645123435,0.9525536670518931
31,34,Stage 1,Stage 1,0.3481616904246663,0.6318791119679741
31,35,Stage 4,Stage 1,0.45078449191896475,0.5128000384489052
31,36,Stage 1,Stage 1,0.18004367947542255,0.8036073687938504
31,37,Stage 1,Stage 1,0.046865041799257594,0.9446674919834276
31,38,Stage 1,Stage 1,0.3428089895635051,0.632940977210255
31,39,Stage 1,Stage 1,0.012758825637920964,0.9851835402019511
31,40,Stage 1,Stage 1,0.36568620058258805,0.5984250263355531
31,41,Stage 1,Stage 1,0.3140426951337157,0.6517274466026846
31,42,Stage 1,Stage 1,0.4015499009937592,0.5628433188131757
31,43,Stage 1,Stage 1,0.21053881297864016,0.7763107869714714
31,44,Stage 1,Stage 1,0.01036261094373165,0.9871261188600315
31,45,Stage 1,Stage 1,0.2829656195104849,0.6428952399040958
31,46,Stage 1,Stage 1,0.001822605583000053,0.9974684662042012
31,47,Stage 1,Stage 1,0.01019139976856967,0.9855910170944826
31,48,Stage 1,Stage 1,0.010090592342938454,0.9875533453016021
31,49,Stage 1,Stage 1,0.0011904901684856959,0.9984276190253537
31,50,Stage 1,Stage 1,0.010738719035939502,0.9869965774011269
31,51,Stage 1,Stage 1,0.039411271970109726,0.9495981900992274
31,52,Stage 1,Stage 1,0.3598728622739869,0.5644810152796715
31,53,Stage 1,Stage 1,0.056976075659173286,0.9339079449811581
31,54,Stage 1,Stage 1,0.1589175701117956,0.8310415687828119
31,55,Stage 1,Stage 1,0.005123138462636502,0.9933102764852663
31,56,Stage 1,Stage 1,0.0038527066572629776,0.9948627222126205
31,57,Stage 4,Stage 1,0.1690276261687983,0.814737602305746
31,58,Stage 1,Stage 1,0.00790467747944445,0.9903647951013954
31,59,Stage 1,Stage 1,0.021793500206172416,0.974358518726012
31,60,Stage 1,Stage 1,0.003925501692595202,0.9951291558144393
31,61,Stage 1,Stage 1,0.0710623976699445,0.9201909099823203
31,62,Stage 1,Stage 1,0.00045739350893881904,0.9993407595480571
31,63,Stage 1,Stage 1,0.006756672611013499,0.992512190245506
31,64,Stage 1,Stage 1,0.00934793331593828,0.9901308394391823
31,65,Stage 1,Stage 1,0.013948766754115804,0.9834927377304898
31,66,Stage 1,Stage 1,0.2605569609448459,0.7084362394274607
31,67,Stage 1,Stage 1,0.0018043889787761243,0.9974583786048961
31,68,Stage 1,Stage 1,0.04348260236807352,0.9434382857241345
31,69,Stage 1,Stage 1,0.2658246428194755,0.6844359737786919
31,70,Stage 1,Stage 1,0.011508852931962792,0.9868406911770562
31,71,Stage 1,Stage 1,0.15424437773744704,0.8250921638283333
31,72,Stage 1,Stage 1,0.0006427517380166804,0.9990205743652301
31,73,Stage 1,Stage 1,0.007426219691944729,0.9912570217057286
31,74,Stage 1,Stage 1,0.004581072872044001,0.9941132625329044
31,75,Stage 1,Stage 1,0.0075856386285671155,0.9913894868569063
31,76,Stage 1,Stage 1,0.0640753722779069,0.9248962461705105
31,77,Stage 1,Stage 1,0.1562771710283955,0.8286509860088839
31,78,Stage 1,Stage 1,0.07765368535197853,0.9180557562169626
31,79,Stage 1,Stage 1,0.033209189589044744,0.9602898588906338
31,80,Stage 1,Stage 1,0.007775657654252912,0.9890194167668958
31,81,Stage 1,Stage 1,0.08513798408130611,0.9097357674413614
31,82,Stage 1,Stage 1,0.027680965079999606,0.9679290732703899
31,83,Stage 1,Stage 1,0.001383429276213232,0.9980891064910146
31,84,Stage 1,Stage 1,0.0018941885649254345,0.9979189990134629
31,85,Stage 1,Stage 1,0.1922167452094314,0.798230240610611
31,86,Stage 1,Stage 1,0.13073671489805022,0.8426803818385165
31,87,Stage 1,Stage 1,0.0035806819805134656,0.9957083129310256
31,88,Stage 1,Stage 1,0.0020543922488854556,0.9974229096478018
31,89,Stage 1,Stage 1,0.028279466412476167,0.9682919814645286
31,90,Stage 1,Stage 1,0.03824141559567849,0.956101689516206
31,91,Stage 1,Stage 1,0.014061692091563974,0.9845334437418697
31,92,Stage 1,Stage 1,0.0004433663961092034,0.9993129892453305
31,93,Stage 1,Stage 1,0.012797137000556031,0.9859462323566727
31,94,Stage 1,Stage 1,0.003143248141858869,0.9961579315109776
31,95,Stage 1,Stage 1,0.03674177643120821,0.9610398737121185
31,96,Stage 1,Stage 1,0.02558217306001377,0.9712284513619381
31,97,Stage 1,Stage 1,0.01518360309669836,0.9812199588795847
31,98,Stage 1,Stage 1,0.0004610437184986827,0.999378515565086
31,99,Stage 1,Stage 1,0.0015078671715715265,0.9981191139625083
31,100,Stage 1,Stage 1,0.00781601158282626,0.9905394351726584
31,101,Stage 1,Stage 1,0.020556374150272734,0.9760845196074946
31,102,Stage 1,Stage 1,0.004517596845712857,0.9951462688525485
31,103,Stage 1,Stage 1,0.13558068851289842,0.8598785784191298
31,104,Stage 1,Stage 1,0.0087861053974747,0.989380138959145
31,105,Stage 1,Stage 1,0.06265051083051902,0.9339423076557164
31,106,Stage 1,Stage 1,0.0002812052802394483,0.999533221374208
31,107,Stage 1,Stage 1,0.003721430015934805,0.9958212512190829
31,108,Stage 1,Stage 1,0.05201275675312278,0.9430115246326669
31,109,Stage 1,Stage 1,0.2338948237018173,0.7583149369206562
31,110,Stage 1,Stage 1,0.00021849521526305207,0.999648394237057
31,111,Stage 1,Stage 1,0.004851009861671375,0.9944406355868096
31,112,Stage 1,Stage 1,0.03420649014628809,0.9645459762595081
31,113,Stage 1,Stage 1,5.668586509332321e-05,0.9999158615255478
31,114,Stage 1,Stage 1,0.001274021244879218,0.9985682462334242
31,115,Stage 1,Stage 1,0.0019029056451636073,0.9978533495433766
31,116,Stage 1,Stage 1,0.018159257275215293,0.9789706885496315
31,117,Stage 1,Stage 1,0.022038528220118408,0.9762949092248475
31,118,Stage 1,Stage 1,0.00271071488693671,0.9971713378016521
31,119,Stage 1,Stage 1,6.209886094869644e-05,0.9999194372844098
31,120,Stage 1,Stage 1,0.0008804770177130303,0.9990530639917186
31,121,Stage 1,Stage 1,0.00226770027305156,0.9970858695915721
31,122,Stage 1,Stage 1,0.0013961797825981668,0.9983131701889576
31,123,Stage 1,Stage 1,1.31455111187549e-05,0.9999812779293553
31,124,Stage 1,Stage 1,9.796818754614578e-05,0.999889626283621
31,125,Stage 1,Stage 1,0.004784446403690738,0.9947917206093018
31,126,Stage 1,Stage 1,3.946472041227588e-05,0.9999542759231884
31,127,Stage 1,Stage 1,0.0004085040427951007,0.9995106602293131
31,128,Stage 1,Stage 1,0.0002542740761553983,0.9996943208862178
31,129,Stage 1,Stage 1,0.0008640804848899269,0.9990806849144173
31,130,Stage 1,Stage 1,5.9577878318354756e-05,0.9999281627693973
31,131,Stage 1,Stage 1,5.788268899257915e-05,0.9999163367514375
31,132,Stage 1,Stage 1,0.00020147704941591798,0.9997385319998771
31,133,Stage 1,Stage 1,0.00014508418897163573,0.9998410485121844
31,134,Stage 1,Stage 1,5.322254879027832e-05,0.9999336173096864
31,135,Stage 1,Stage 1,0.0002806641260887139,0.9996997039028775
31,136,Stage 1,Stage 1,5.876852991416982e-06,0.9999921187742694
31,137,Stage 1,Stage 1,0.0024783249272000494,0.9972727635195644
31,138,Stage 1,Stage 1,1.2940752239383042e-06,0.9999979190055679
31,139,Stage 1,Stage 1,0.0001762618530955176,0.9998085582771256
31,140,Stage 1,Stage 1,6.212214386217657e-05,0.9999269737713189
31,141,Stage 1,Stage 1,6.096218235951619e-06,0.9999921217938528
31,142,Stage 1,Stage 1,2.992481952381176e-06,0.9999949412900615
31,143,Stage 1,Stage 1,5.232821573225758e-05,0.9999372413926343
31,144,Stage 1,Stage 1,6.923173595223152e-06,0.9999923232957859
31,145,Stage 1,Stage 1,9.380245027062263e-05,0.999893761217635
31,146,Stage 1,Stage 1,2.7949898546212848e-05,0.999966998424932
31,147,Stage 1,Stage 1,1.1520629022642487e-06,0.9999985003513024
31,148,Stage 1,Stage 1,1.454438979764034e-06,0.9999983127820723
31,149,Stage 1,Stage 1,4.8050343492504855e-05,0.9999485380996227
31,150,Stage 1,Stage 1,2.2131527194112464e-05,0.9999717334807857
31,151,Stage 1,Stage 1,9.103602844325343e-06,0.9999898265811226
31,152,Stage 1,Stage 1,5.744413115797057e-07,0.9999991464780438
31,153,Stage 1,Stage 1,5.960629986316093e-06,0.9999919971056047
31,154,Stage 1,Stage 1,3.430840437919303e-05,0.9999631033770204
31,155,Stage 1,Stage 1,3.1870567008014486e-05,0.9999629210551839
31,156,Stage 1,Stage 1,2.817603402113719e-06,0.9999964101954159
31,157,Stage 1,Stage 1,9.508906134463572e-05,0.9998987818053272
31,158,Stage 1,Stage 1,5.42484936625657e-07,0.9999993060851896
31,159,Stage 1,Stage 1,2.6507210933714748e-05,0.999971809114553
31,160,Stage 1,Stage 1,2.805467360308862e-05,0.9999694699343166
31,161,Stage 1,Stage 1,1.7479742930117998e-07,0.9999997585699744
31,162,Stage 1,Stage 1,9.527190365142783e-07,0.9999988269464475
31,163,Stage 1,Stage 1,3.525796898295255e-06,0.9999961515938379
31,164,Stage 1,Stage 1,9.009624620862457e-06,0.9999893532560292
31,165,Stage 1,Stage 1,9.761193852999781e-06,0.9999892818971716
31,166,Stage 1,Stage 1,3.933705604248621e-07,0.99999939577472
31,167,Stage 1,Stage 1,2.736741512428887e-07,0.9999996640583558
31,168,Stage 1,Stage 1,5.480185886642089e-07,0.9999993312767368
31,169,Stage 1,Stage 1,5.10440893937785e-06,0.9999946613872852
31,170,Stage 1,Stage 1,4.815322291386015e-08,0.9999999233119833
31,171,Stage 1,Stage 1,3.8602362276792004e-08,0.9999999285536756
31,172,Stage 1,Stage 1,1.2714347737292423e-07,0.9999998192537434
31,173,Stage 1,Stage 1,8.222634638358777e-08,0.9999999024723047
31,174,Stage 1,Stage 1,1.085750852586063e-07,0.9999998334156077
31,175,Stage 1,Stage 1,2.407402365146691e-08,0.9999999679911799
31,176,Stage 1,Stage 1,2.648314072175091e-08,0.9999999595973293
31,177,Stage 1,Stage 1,7.311511558695945e-07,0.9999991849211647
31,178,Stage 1,Stage 1,1.0554348893997804e-08,0.9999999861452229
31,179,Stage 1,Stage 1,6.048959026346668e-08,0.9999999355105854
31,180,Stage 1,Stage 1,3.7750021336029225e-09,0.9999999911932876
31,181,Stage 1,Stage 1,6.298307307067126e-08,0.9999999295984264
31,182,Stage 1,Stage 1,4.936388946139957e-08,0.999999917109774
31,183,Stage 1,Stage 1,8.620382175545623e-09,0.999999987119092
44,1,Stage 1,Stage 1,0.0021581169917985546,0.9971540508141037
44,2,Stage 1,Stage 1,0.026077250612291603,0.9698462288869898
44,3,Stage 1,Stage 1,0.061158079125121494,0.927272278523723
44,4,Stage 1,Stage 1,0.056713761614842095,0.9308991136303013
44,5,Stage 4,Stage 1,0.0861490624670149,0.8938406895793503
44,6,Stage 1,Stage 1,0.14227148206273968,0.8429621648553621
44,7,Stage 1,Stage 1,0.1283523084447443,0.8437366674668623
44,8,Stage 1,Stage 1,0.09441899616548885,0.8895861499534256
44,9,Stage 1,Stage 1,0.006969141989264235,0.9919381490228948
44,10,Stage 1,Stage 1,0.05099040378025115,0.9259809375656438
44,11,Stage 1,Stage 1,0.0005887081542684396,0.9992184869255454
44,12,Stage 1,Stage 1,0.2847738195796031,0.700447285316776
44,13,Stage 1,Stage 1,0.0566536903673219,0.9319388510146708
44,14,Stage 1,Stage 1,0.013564826960222442,0.9798664064340837
44,15,Stage 1,Stage 1,0.01804821532174102,0.9747254703675956
44,16,Stage 1,Stage 1,0.011140932428494683,0.9863599766060146
44,17,Stage 1,Stage 1,0.002341736238452417,0.9971134694579431
44,18,Stage 1,Stage 1,0.21526323788313015,0.744287705464419
44,19,Stage 1,Stage 1,0.017567793360465586,0.9776988538568221
44,20,Stage 1,Stage 1,0.02321322095014467,0.9730655756666639
44,21,Stage 1,Stage 1,0.021249850410395614,0.975051829600132
44,22,Stage 1,Stage 1,0.2615150017022598,0.7029229075536315
44,23,Stage 1,Stage 1,0.02863009770032491,0.9686677070007901
44,24,Stage 1,Stage 1,0.006060881062120568,0.9913240880766124
44,25,Stage 1,Stage 1,0.2029963633540974,0.7655942661903005
44,26,Stage 1,Stage 1,0.243470063019561,0.738051774780536
44,27,Stage 1,Stage 1,0.18320039141912564,0.7934407072674924
44,28,Stage 1,Stage 1,0.03991417039087332,0.9565210678299481
44,29,Stage 1,Stage 1,0.008537004466286215,0.989871824375155
44,30,Stage 1,Stage 1,0.0006423841629301768,0.999251389858761
44,31,Stage 1,Stage 1,0.0033431176169832683,0.9959658426853011
44,32,Stage 1,Stage 1,0.009204315462469519,0.9880036607277138
44,33,Stage 1,Stage 1,0.3326821719984692,0.6356760731876023
44,34,Stage 1,Stage 1,0.0030253223651284383,0.995839906394876
44,35,Stage 1,Stage 1,0.12947064882266257,0.8557904889010995
44,36,Stage 1,Stage 1,0.27700426343678475,0.7021538471647095
44,37,Stage 1,Stage 1,0.11967293456159733,0.8663043313027909
44,38,Stage 1,Stage 1,0.012231400664404249,0.9857864488270275
44,39,Stage 1,Stage 4,0.6404368899479296,0.6404368899479296
44,40,Stage 1,Stage 1,0.009019782040540594,0.9890227249942981
44,41,Stage 1,Stage 1,0.030646473640056956,0.9542662279891502
44,42,Stage 1,Stage 1,0.006812436810381854,0.9917763106033227
44,43,Stage 1,Stage 1,0.005926644727311104,0.9933251901026281
44,44,Stage 1,Stage 1,0.0004217189967674674,0.9989168030100656
44,45,Stage 1,Stage 1,0.007849715502518935,0.9900294068960493
44,46,Stage 1,Stage 1,0.0015272069789016318,0.998122139141942
44,47,Stage 1,Stage 1,0.0016236126814734705,0.9978669029053442
44,48,Stage 1,Stage 1,0.010135147819923945,0.9857380777676227
44,49,Stage 1,Stage 1,0.07849781138093771,0.9157536782255526
44,50,Stage 1,Stage 1,0.040274891925497006,0.9522613050374366
44,51,Stage 1,Stage 1,0.13177980191795888,0.8590052005995051
44,52,Stage 1,Stage 1,0.02110318709000411,0.9768487326671825
44,53,Stage 1,Stage 1,0.006679617563781118,0.9922042084122372
44,54,Stage 1,Stage 1,0.09196758809755899,0.9016394807474941
44,55,Stage 1,Stage 1,0.006425238633236515,0.9922701676969921
44,56,Stage 1,Stage 1,0.001355643271447965,0.9978258129303097
44,57,Stage 1,Stage 1,0.013137112119504647,0.985931488159251
44,58,Stage 1,Stage 1,0.008866663464133036,0.9897051972603556
44,59,Stage 1,Stage 1,0.01580700511839574,0.9819968286253588
44,60,Stage 1,Stage 1,0.0010168419065732066,0.9987510666580602
44,61,Stage 1,Stage 1,0.001621174866562385,0.9975501195106382
44,62,Stage 1,Stage 1,0.00020846357252467712,0.9996150772926542
44,63,Stage 1,Stage 1,0.006551950985769819,0.9901275452864877
44,64,Stage 1,Stage 1,0.018926613108045148,0.9791312291836595
44,65,Stage 1,Stage 1,0.0688601712736707,0.9262309654861157
44,66,Stage 1,Stage 1,0.011321866133388047,0.9852058687994536
44,67,Stage 1,Stage 1,0.012619115577645336,0.9863355757078742
44,68,Stage 1,Stage 1,0.010126225593080039,0.9883332262956777
44,69,Stage 1,Stage 1,0.014447621967341876,0.9826163567635429
44,70,Stage 1,Stage 1,0.10103633635937691,0.8914773662141864
44,71,Stage 1,Stage 1,0.12217670986977483,0.8728921046962067
44,72,Stage 1,Stage 1,0.04035944936185824,0.95816199286535
44,73,Stage 1,Stage 1,0.009907073721660465,0.9893181221942047
44,74,Stage 1,Stage 1,0.09297871274565248,0.8967116945906761
44,75,Stage 1,Stage 1,0.004341218457864947,0.9948464803234185
44,76,Stage 1,Stage 1,0.036425815979824,0.959020085490881
44,77,Stage 1,Stage 1,0.0016193034580712807,0.9978138286773532
44,78,Stage 1,Stage 1,0.006826360210016589,0.9907067582902944
44,79,Stage 1,Stage 1,0.028540305815855434,0.9688624273637167
44,80,Stage 1,Stage 1,0.0484074164409007,0.944073561579326
44,81,Stage 1,Stage 1,0.001159023076723396,0.9986326083154964
44,82,Stage 1,Stage 1,0.005146264783723388,0.9943797955122607
44,83,Stage 1,Stage 1,0.0030602591329931227,0.9963155003610843
44,84,Stage 1,Stage 1,0.004053371924594568,0.9950140067410047
44,85,Stage 1,Stage 1,0.11505981350385759,0.8716846008442607
44,86,Stage 1,Stage 1,0.002645301763622037,0.9968762640740116
44,87,Stage 1,Stage 1,0.00021418548953749402,0.9997381013659185
44,88,Stage 1,Stage 1,0.00047760033537057827,0.9993375281340939
44,89,Stage 1,Stage 1,0.00031783224158745733,0.9995521884242419
44,90,Stage 1,Stage 1,0.0014636839338313795,0.9982796138069101
44,91,Stage 1,Stage 1,0.002417712920649948,0.9968005266575517
44,92,Stage 1,Stage 1,0.00011463688479674401,0.9998009349475814
44,93,Stage 1,Stage 1,0.01407697016687664,0.984319847857476
44,94,Stage 1,Stage 1,0.000738089335554353,0.9988833161692092
44,95,Stage 1,Stage 1,0.0013597840451901727,0.9983169329084816
44,96,Stage 1,Stage 1,0.00031327303271333354,0.9995763578987
44,97,Stage 1,Stage 1,0.02529790933959243,0.9723748121690817
44,98,Stage 1,Stage 1,0.0020482922564824717,0.9974379571976796
44,99,Stage 1,Stage 1,4.787246506085572e-05,0.9999388277919187
44,100,Stage 1,Stage 1,0.007506985979818087,0.9918444659983304
44,101,Stage 1,Stage 1,2.580635360023796e-05,0.9999612623129919
44,102,Stage 1,Stage 1,0.0015850127964929584,0.9979813198062557
44,103,Stage 1,Stage 1,0.04980032496981879,0.9467684186968452
44,104,Stage 1,Stage 1,0.00502033810442469,0.9942991702260038
44,105,Stage 1,Stage 1,0.0011874170775602467,0.9985578944810972
44,106,Stage 1,Stage 1,0.0042658776350550836,0.9947569500669325
44,107,Stage 1,Stage 1,0.005154915026093721,0.9944072673487391
44,108,Stage 1,Stage 1,0.0006805610230895677,0.9992434098622521
44,109,Stage 1,Stage 1,0.009883429872841288,0.9890079916908704
44,110,Stage 1,Stage 1,0.005088658773482769,0.9945650945789363
44,111,Stage 1,Stage 1,0.00041822237399408553,0.9994740410550133
44,112,Stage 1,Stage 1,0.0008850409725091085,0.9989076164838738
44,113,Stage 1,Stage 1,3.928194895823937e-05,0.9999334150691804
44,114,Stage 1,Stage 1,0.0006501598235554078,0.9992610281514447
44,115,Stage 1,Stage 1,9.407880068179688e-05,0.999852122707797
44,116,Stage 1,Stage 1,0.0038206476760005463,0.9956926352964837
44,117,Stage 1,Stage 1,0.0032872409929535513,0.9966165004555071
44,118,Stage 1,Stage 1,0.0003456975124141921,0.9995871257599038
44,119,Stage 1,Stage 1,0.00010508498811290927,0.9998764911606238
44,120,Stage 1,Stage 1,0.0010426244548433986,0.9988355679514281
44,121,Stage 1,Stage 1,0.00019770773479729024,0.9997396728150166
44,122,Stage 1,Stage 1,0.0005841421055936638,0.9993170825414797
44,123,Stage 1,Stage 1,0.0027931587065529993,0.9969442622262541
44,124,Stage 1,Stage 1,0.0027249141601013668,0.9967488519325943
44,125,Stage 1,Stage 1,6.888388247411613e-07,0.9999989974933914
44,126,Stage 1,Stage 1,0.000676700341006095,0.9992380829048418
44,127,Stage 1,Stage 1,2.563045785275471e-05,0.9999698806513255
44,128,Stage 1,Stage 1,0.00017972050768393994,0.9998071115632663
44,129,Stage 1,Stage 1,2.4664799193969337e-05,0.9999703818134145
44,130,Stage 1,Stage 1,4.209612046578548e-05,0.9999490548153723
44,131,Stage 1,Stage 1,0.0001109228787440574,0.9998774009087302
44,132,Stage 1,Stage 1,5.3127639862496756e-05,0.9999322634360079
44,133,Stage 1,Stage 1,4.551079256636882e-05,0.9999441019665501
44,134,Stage 1,Stage 1,8.969628818796526e-07,0.9999987380603788
44,135,Stage 1,Stage 1,7.007421416806567e-05,0.9999243053100332
44,136,Stage 1,Stage 1,0.0007285183561877277,0.9992099374162485
44,137,Stage 1,Stage 1,5.754266357872687e-05,0.9999280279963287
44,138,Stage 1,Stage 1,0.00032818549753337587,0.9996116891383744
44,139,Stage 1,Stage 1,5.332687612835152e-05,0.9999433943918198
44,140,Stage 1,Stage 1,5.505231407266253e-05,0.9999357374531129
44,141,Stage 1,Stage 1,1.4174337960224574e-05,0.9999812239903725
44,142,Stage 1,Stage 1,0.00018800810826103575,0.9998037668673003
44,143,Stage 1,Stage 1,7.959810168443681e-06,0.9999890769245258
44,144,Stage 1,Stage 1,2.9464446255927215e-05,0.9999689681261087
44,145,Stage 1,Stage 1,3.66502304244725e-05,0.9999589661856594
44,146,Stage 1,Stage 1,5.356687919553088e-06,0.9999941246288291
44,147,Stage 1,Stage 1,0.00010497201878948826,0.9998862180975835
44,148,Stage 1,Stage 1,2.962134256047319e-06,0.9999962992040126
44,149,Stage 1,Stage 1,3.2822901591234286e-05,0.9999656181422321
44,150,Stage 1,Stage 1,3.58381344251077e-06,0.9999957299298826
44,151,Stage 1,Stage 1,3.003364019031061e-06,0.9999964296832807
44,152,Stage 1,Stage 1,2.683657598595485e-07,0.9999996240771375
44,153,Stage 1,Stage 1,2.639001503105581e-05,0.9999708649250215
44,154,Stage 1,Stage 1,1.3597572871187406e-05,0.9999828050128131
44,155,Stage 1,Stage 1,4.621975612060207e-07,0.9999994231582067
44,156,Stage 1,Stage 1,1.5383564859166726e-05,0.999981589104807
44,157,Stage 1,Stage 1,1.1502895225563065e-07,0.9999997139276359
44,158,Stage 1,Stage 1,9.33562618847047e-07,0.9999987537406836
44,159,Stage 1,Stage 1,1.105791215065955e-06,0.9999984287754892
44,160,Stage 1,Stage 1,7.507803877045255e-08,0.9999998838155937
44,161,Stage 1,Stage 1,1.8446115473892306e-06,0.9999979384201223
44,162,Stage 1,Stage 1,9.160229901772601e-07,0.9999990286350061
44,163,Stage 1,Stage 1,7.923491012432927e-07,0.9999990783553837
44,164,Stage 1,Stage 1,5.609904257773069e-07,0.9999992507879885
44,165,Stage 1,Stage 1,9.360335837163411e-08,0.9999998027945249
44,166,Stage 1,Stage 1,4.667649896259852e-07,0.9999994865526761
44,167,Stage 1,Stage 1,3.864676216143879e-07,0.9999994891942732
44,168,Stage 1,Stage 1,4.520360257098171e-08,0.9999999373282834
44,169,Stage 1,Stage 1,6.152092461862915e-07,0.9999993059346438
44,170,Stage 1,Stage 1,1.0745553268341705e-07,0.9999998218961741
44,171,Stage 1,Stage 1,2.3285541281935598e-08,0.9999999613328187
44,172,Stage 1,Stage 1,4.64904347171159e-08,0.9999999399852053
44,173,Stage 1,Stage 1,1.961137990110311e-07,0.9999997552556295
44,174,Stage 1,Stage 1,8.120534887454651e-10,0.9999999953789109
44,175,Stage 1,Stage 1,8.233276489363042e-09,0.9999999835480249
44,176,Stage 1,Stage 1,6.585320527589253e-08,0.9999999172225353
44,177,Stage 1,Stage 1,1.061872393946667e-07,0.9999998750194828
44,178,Stage 1,Stage 1,1.1860968742734722e-07,0.9999998677523432
44,179,Stage 1,Stage 1,7.027168494270006e-09,0.9999999897936712
44,180,Stage 1,Stage 1,3.0314107796798395e-08,0.9999999661673535
57,1,Stage 2,Stage 2,0.30634168837371395,0.6908548605988479
57,2,Stage 2,Stage 2,0.3426014515728082,0.6522307734886894
57,3,Stage 2,Stage 2,0.09856041532355356,0.8886620424141248
57,4,Stage 2,Stage 2,0.03853386504380282,0.8844586361071037
57,5,Stage 2,Stage 2,0.3528740659782181,0.6431738845677429
57,6,Stage 2,Stage 4,0.5420932971647939,0.5420932971647939
57,7,Stage 2,Stage 2,0.11252697772226744,0.8710336389911753
57,8,Stage 2,Stage 2,0.2521969901246778,0.7411270822027772
57,9,Stage 2,Stage 2,0.22184159034788042,0.7675050042022137
57,10,Stage 2,Stage 2,0.16426825148609706,0.82616338929289
57,11,Stage 2,Stage 2,0.436933428656005,0.5587039565310241
57,12,Stage 2,Stage 2,0.14897558443881256,0.8372631131110478
57,13,Stage 2,Stage 2,0.09854588906361995,0.8676934138989768
57,14,Stage 2,Stage 2,0.3178745176270732,0.6793937611180176
57,15,Stage 2,Stage 2,0.28272455127844254,0.6946738915900624
57,16,Stage 2,Stage 2,0.08909916664921391,0.8714646734038259
57,17,Stage 2,Stage 2,0.2720558012792696,0.7177399348516363
57,18,Stage 2,Stage 2,0.173328089145417,0.8189327756835121
57,19,Stage 2,Stage 2,0.35251687004523163,0.6431673123238777
57,20,Stage 2,Stage 2,0.07404144679708202,0.9104663395572472
57,21,Stage 2,Stage 2,0.1027237909882134,0.8755682842456851
57,22,Stage 4,Stage 2,0.4371261534051961,0.5594046010272784
57,23,Stage 4,Stage 2,0.4739074227272101,0.5249042160027674
57,24,Stage 4,Stage 2,0.2581668527043454,0.7363847788141192
57,25,Stage 2,Stage 2,0.1336416175809727,0.8592454335855416
57,26,Stage 4,Stage 2,0.4236513523869189,0.563409958189679
57,27,Stage 2,Stage 2,0.20626264326789367,0.7834314968422242
57,28,Stage 4,Stage 2,0.3621778446242726,0.6239698817827575
57,29,Stage 2,Stage 2,0.25293556921007915,0.7400835768812675
57,30,Stage 4,Stage 2,0.25011171232208795,0.7449964282779343
57,31,Stage 4,Stage 2,0.1722284089454446,0.8082998014219016
57,32,Stage 2,Stage 2,0.030826213155780182,0.9178308268921052
57,33,Stage 4,Stage 2,0.30713249759584993,0.6910485397636987
57,34,Stage 4,Stage 2,0.18409401904941083,0.7848456784163197
57,35,Stage 2,Stage 2,0.3345874996045941,0.6600356403678652
57,36,Stage 2,Stage 2,0.1173827071042081,0.862639279824946
57,37,Stage 2,Stage 2,0.2465408186016763,0.7510242207838986
57,38,Stage 2,Stage 2,0.21171889030073412,0.7806589278727731
57,39,Stage 2,Stage 2,0.07095347858527418,0.9000736571437961
57,40,Stage 2,Stage 2,0.1710153133154527,0.8099494563534009
57,41,Stage 4,Stage 2,0.250697475760858,0.740332838100592
57,42,Stage 2,Stage 2,0.20909113173497149,0.7845094192897022
57,43,Stage 2,Stage 2,0.09607492625674603,0.8885073610824891
57,44,Stage 2,Stage 2,0.19951786961777235,0.7903717100331569
57,45,Stage 2,Stage 2,0.07084484459045585,0.9182855294780176
57,46,Stage 2,Stage 2,0.11527117544878587,0.8704061884526887
57,47,Stage 2,Stage 2,0.13941567283414086,0.8264339048383061
57,48,Stage 2,Stage 2,0.3445996778128202,0.6459160912892181
57,49,Stage 2,Stage 2,0.1353889143776426,0.8484363566177368
57,50,Stage 2,Stage 2,0.06693886754081496,0.889713355894498
57,51,Stage 2,Stage 2,0.12387051565345447,0.842239717367294
57,52,Stage 2,Stage 2,0.39752561486031385,0.5969911911127552
57,53,Stage 2,Stage 2,0.1840928925663299,0.8060826215099478
57,54,Stage 2,Stage 2,0.16880177396890064,0.8252330642807705
57,55,Stage 2,Stage 2,0.2459214818530284,0.7512070633788833
57,56,Stage 4,Stage 2,0.30033866421134925,0.6969403807367719
57,57,Stage 2,Stage 2,0.15396232926319134,0.8300671457546639
57,58,Stage 2,Stage 2,0.1021476373119408,0.880962514095838
57,59,Stage 2,Stage 2,0.07105646027480664,0.9066407036960026
57,60,Stage 2,Stage 2,0.08412769055834408,0.8895725218353289
57,61,Stage 2,Stage 2,0.03445768417105422,0.9039019231107166
57,62,Stage 2,Stage 2,0.10052534853407435,0.8668002374119936
57,63,Stage 2,Stage 2,0.07955895896512244,0.8997701812274309
57,64,Stage 2,Stage 2,0.15212723185782387,0.8314709625265163
57,65,Stage 2,Stage 2,0.12420588783602884,0.8695314830264295
57,66,Stage 2,Stage 2,0.053537995754892626,0.8877203868475568
57,67,Stage 2,Stage 2,0.14553635569748508,0.8432012822453835
57,68,Stage 2,Stage 2,0.06631652001122453,0.880316039997772
57,69,Stage 2,Stage 2,0.030508821029133614,0.926645108839705
57,70,Stage 2,Stage 2,0.28235835797148484,0.714655107035391
57,71,Stage 2,Stage 2,0.1645911970800414,0.819938888557771
57,72,Stage 2,Stage 2,0.09508311495477582,0.893843237463144
57,73,Stage 2,Stage 2,0.23761715427111463,0.7532379975712217
57,74,Stage 2,Stage 2,0.16946420761242326,0.8120473642649579
57,75,Stage 2,Stage 2,0.0822062779718793,0.9058699422430213
57,76,Stage 2,Stage 2,0.1456984287643449,0.8346810531681238
57,77,Stage 2,Stage 2,0.09610534906735388,0.8744930603177762
57,78,Stage 2,Stage 2,0.06340302140041153,0.9108962067281406
57,79,Stage 2,Stage 2,0.13170870981696647,0.8593067951671919
57,80,Stage 2,Stage 2,0.056675664615353234,0.8560338686641348
57,81,Stage 2,Stage 2,0.13113481495732707,0.862071249102619
57,82,Stage 2,Stage 2,0.0781797454364936,0.9007775184658368
57,83,Stage 2,Stage 2,0.05109087583131106,0.9002407850897398
57,84,Stage 2,Stage 2,0.017143423575331364,0.8339585388924307
57,85,Stage 2,Stage 2,0.08222676462576689,0.8705520133787666
57,86,Stage 2,Stage 2,0.017419388677165637,0.8846268465101301
57,87,Stage 2,Stage 2,0.0334473238732838,0.8767527409386702
57,88,Stage 2,Stage 2,0.05079029657240074,0.9231593093914325
57,89,Stage 2,Stage 2,0.011610030712758228,0.892133916939707
57,90,Stage 2,Stage 2,0.07275205622609082,0.9078051814576936
57,91,Stage 2,Stage 2,0.0836347584005308,0.8794348619315364
57,92,Stage 2,Stage 2,0.06599822939829865,0.9112253452374942
57,93,Stage 2,Stage 2,0.1128874538137666,0.878719905730895
57,94,Stage 2,Stage 2,0.07803507853201944,0.9013632916161992
57,95,Stage 2,Stage 2,0.03367423733716774,0.88923979346984
57,96,Stage 2,Stage 2,0.05315397995465599,0.9335296165077929
57,97,Stage 2,Stage 2,0.011372460717430874,0.8430459675703482
57,98,Stage 2,Stage 2,0.05466346157550209,0.9286631405791677
57,99,Stage 2,Stage 2,0.030927029801896627,0.9012190259735848
57,100,Stage 2,Stage 2,0.03049102006738614,0.9266338798386713
57,101,Stage 2,Stage 2,0.012855372594561166,0.9346083947612899
57,102,Stage 2,Stage 2,0.021820387319588345,0.9484052887781342
57,103,Stage 2,Stage 2,0.00988319738089049,0.8208914210914763
57,104,Stage 2,Stage 2,0.04211907861846428,0.9234563053349506
57,105,Stage 2,Stage 2,0.026480265883856494,0.9370657452498034
57,106,Stage 2,Stage 2,0.032579091460002804,0.9463048276784509
57,107,Stage 2,Stage 2,0.064979429624328,0.918917698673727
57,108,Stage 2,Stage 2,0.08978369151087844,0.8938304304606686
57,109,Stage 2,Stage 2,0.006022324582118652,0.8209694460910376
57,110,Stage 2,Stage 2,0.035714669509852935,0.8705114133662669
57,111,Stage 2,Stage 2,0.00794939826185282,0.854986411767967
57,112,Stage 2,Stage 2,0.012582667312581898,0.9344745946305011
57,113,Stage 2,Stage 2,0.017605394301492903,0.9127465281354398
57,114,Stage 2,Stage 2,0.021335242324680904,0.9314078661283535
57,115,Stage 2,Stage 2,0.016684130219530545,0.9087433510224731
57,116,Stage 2,Stage 2,0.015762017527944244,0.8714396958949275
57,117,Stage 2,Stage 2,0.016883026956603375,0.8685770113185487
57,118,Stage 2,Stage 2,0.03323696554839799,0.9143861989063554
57,119,Stage 2,Stage 2,0.01865069147122531,0.9498263433767935
57,120,Stage 2,Stage 2,0.007414437022032652,0.897016068760041
57,121,Stage 2,Stage 2,0.00456045500064453,0.8161741131842248
57,122,Stage 2,Stage 2,0.008166315550213155,0.9041485394669811
57,123,Stage 2,Stage 2,0.0042922149878122035,0.8521211213591044
57,124,Stage 2,Stage 2,0.0028240659540335715,0.7735581310725305
57,125,Stage 2,Stage 2,0.003620901838029914,0.8729925617695369
57,126,Stage 2,Stage 2,0.0010283743711514484,0.6312622002175875
57,127,Stage 2,Stage 2,0.008647656904513145,0.803206128021571
57,128,Stage 2,Stage 2,0.030887948604377123,0.9399216850993101
57,129,Stage 2,Stage 2,0.002093651661442972,0.6216109088738786
57,130,Stage 2,Stage 2,0.003623321804172681,0.8940103964567582
57,131,Stage 2,Stage 2,0.003032879362724177,0.7797097501556195
57,132,Stage 2,Stage 2,0.001760149439351971,0.6630619654952993
57,133,Stage 2,Stage 2,0.000918533618525261,0.5924204748363446
57,134,Stage 2,Stage 2,0.002548386863327631,0.842605130243753
57,135,Stage 2,Stage 2,0.0032977001726505195,0.7735279093622927
57,136,Stage 2,Stage 2,0.0006110577180378097,0.5893232000526879
57,137,Stage 2,Stage 2,0.003343406854588538,0.8638319882591009
57,138,Stage 2,Stage 2,0.002968267354561324,0.7396713372518494
57,139,Stage 2,Stage 2,0.0017212827693107108,0.7929988792085056
57,140,Stage 2,Stage 3,0.00044651854461118885,0.5158241850171076
57,141,Stage 3,Stage 2,0.0006408353676945073,0.6292166249028529
57,142,Stage 2,Stage 2,0.00043959658549677384,0.7218170727825952
57,143,Stage 2,Stage 2,0.0006778200106531884,0.6436623770256603
57,144,Stage 2,Stage 2,0.0003987215643223715,0.5526293366921539
57,145,Stage 3,Stage 3,9.558572161813065e-05,0.7049919397819036
57,146,Stage 2,Stage 3,0.00011672321719636235,0.6044721640604956
57,147,Stage 2,Stage 3,0.00010372599389631292,0.7430503381982915
57,148,Stage 2,Stage 2,0.0003335715555884005,0.7209300330992175
57,149,Stage 3,Stage 3,0.0002576980652823867,0.544813632490676
57,150,Stage 3,Stage 2,0.000982640792426854,0.7650270637650985
57,151,Stage 2,Stage 2,0.0007826574286193285,0.8099710119770756
57,152,Stage 2,Stage 3,0.0002725756614159536,0.5669751456494
57,153,Stage 3,Stage 3,0.00014316067772477358,0.5803245733119944
57,154,Stage 3,Stage 2,0.0006721429129456476,0.6245808963895488
57,155,Stage 3,Stage 3,2.0796407712544165e-05,0.8294056354071759
57,156,Stage 3,Stage 3,8.878551215049882e-06,0.8561131167262702
57,157,Stage 2,Stage 3,0.00012595064152712724,0.5471462095853226
57,158,Stage 3,Stage 3,2.2207766263731577e-05,0.7938403282457135
57,159,Stage 3,Stage 3,4.015584845238938e-05,0.666822826249248
57,160,Stage 2,Stage 2,0.00010378061742796356,0.530251885720326
57,161,Stage 3,Stage 3,2.8560565586361017e-05,0.7196291334480323
57,162,Stage 3,Stage 3,6.562386734020823e-06,0.8803954968432375
57,163,Stage 3,Stage 3,2.301438373034456e-06,0.8895743159906015
57,164,Stage 3,Stage 3,4.216055918927543e-06,0.877832333198728
57,165,Stage 3,Stage 3,5.824884642198644e-07,0.9543068222506595
57,166,Stage 3,Stage 3,1.897431985317783e-06,0.9078389979836333
57,167,Stage 3,Stage 3,4.666010585240761e-06,0.8568417490877182
57,168,Stage 3,Stage 3,5.477397718720228e-06,0.8513923746587262
57,169,Stage 3,Stage 3,4.769239914836391e-07,0.9488810442744802
57,170,Stage 3,Stage 3,9.159582604223145e-08,0.9565845757041535
57,171,Stage 3,Stage 3,2.466461023506666e-06,0.8339861636696945
57,172,Stage 3,Stage 3,5.55138438239663e-07,0.9154837475621049
57,173,Stage 3,Stage 3,5.364295352802282e-08,0.9638398532099939
57,174,Stage 3,Stage 3,3.579509333433969e-07,0.9510440828837358
57,175,Stage 3,Stage 3,1.0162349202794164e-07,0.9576987017128082
57,176,Stage 3,Stage 3,2.627159295513267e-08,0.9648151147879149
57,177,Stage 3,Stage 3,7.102103538328775e-08,0.96171837290659
57,178,Stage 3,Stage 3,6.876448693361187e-09,0.9615169362871958
57,179,Stage 3,Stage 3,2.561898231427405e-09,0.9225593181582012
57,180,Stage 3,Stage 3,1.2460249714537357e-08,0.9565432825574781
57,181,Stage 3,Stage 3,6.990629222507561e-11,0.6881685094610401
57,182,Stage 3,Stage 3,2.062452832274618e-09,0.9012212796508168
57,183,Stage 3,Stage 3,1.0107925885128301e-09,0.8736990726522267
57,184,Stage 3,Stage 3,6.918375709158223e-10,0.8763774305420376
57,185,Stage 3,Stage 3,5.2646333162181325e-11,0.6474452762958375
57,186,Stage 3,Stage 3,1.5258013281646945e-10,0.7687274774806175
57,187,Stage 3,Stage 3,5.466939798897434e-10,0.9003678914692378
57,188,Stage 3,Stage 3,1.1292945558052787e-10,0.7482142488990788
57,189,Stage 3,Stage 0,4.622113435966208e-12,0.5054145671818109
57,190,Stage 3,Stage 3,1.3328560244269958e-11,0.5716304212077291
57,191,Stage 3,Stage 3,5.005908156081641e-10,0.9156822868809983
57,192,Stage 0,Stage 0,1.742522157973619e-12,0.5707401108368682
57,193,Stage 0,Stage 0,1.7099802119269653e-12,0.5850154349820592
57,194,Stage 3,Stage 0,2.3502364525054362e-12,0.5836914433635446
57,195,Stage 0,Stage 0,1.1385631943301992e-14,0.9358670613162262
57,196,Stage 0,Stage 0,3.5833886092878026e-14,0.8593135029057463
57,197,Stage 0,Stage 0,5.34351112579977e-15,0.926203266198409
57,198,Stage 0,Stage 0,1.9559643920734083e-13,0.71915319276887
57,199,Stage 0,Stage 0,1.6444516772679454e-14,0.8658683702008585
57,200,Stage 0,Stage 0,9.569495221084136e-17,0.977700635365772
57,201,Stage 0,Stage 0,8.728563012372204e-16,0.947024761080094
57,202,Stage 0,Stage 0,2.112447923017065e-17,0.984713517582168
57,203,Stage 0,Stage 0,1.9411773944502674e-17,0.9903298252007056
57,204,Stage 0,Stage 0,3.600039486539276e-18,0.9937683113826408
57,205,Stage 0,Stage 0,3.136024216869209e-17,0.9783229827072334
57,206,Stage 0,Stage 0,4.160251301567451e-18,0.9906277805145349
57,207,Stage 0,Stage 0,7.222020445155849e-20,0.9978621620981352
57,208,Stage 0,Stage 0,2.560697858458274e-21,0.9995437075545911
57,209,Stage 0,Stage 0,2.6671372953476556e-21,0.9992742293810009
57,210,Stage 0,Stage 0,8.732388785605266e-22,0.9995925242236077
57,211,Stage 0,Stage 0,2.0667165477152116e-24,0.9999614950838472
57,212,Stage 0,Stage 0,2.9054599074664038e-22,0.9995656413937225
57,213,Stage 0,Stage 0,3.2092667502946284e-25,0.9999713987912846
57,214,Stage 0,Stage 0,6.11260921850101e-24,0.9999018666832755
57,215,Stage 0,Stage 0,9.530420360137658e-27,0.9999902991398071
60,1,Stage 4,Stage 4,0.9817465826505883,0.9817465826505883
60,2,Stage 4,Stage 4,0.9848163262957473,0.9848163262957473
60,3,Stage 4,Stage 4,0.9629258162583879,0.9629258162583879
60,4,Stage 4,Stage 4,0.9791521874135585,0.9791521874135585
60,5,Stage 4,Stage 4,0.9775117982139506,0.9775117982139506
60,6,Stage 4,Stage 4,0.9877758055748344,0.9877758055748344
60,7,Stage 4,Stage 4,0.9822861168190475,0.9822861168190475
60,8,Stage 4,Stage 4,0.9680807201365266,0.9680807201365266
60,9,Stage 4,Stage 4,0.9806574362385885,0.9806574362385885
60,10,Stage 4,Stage 4,0.9950738521452956,0.9950738521452956
60,11,Stage 4,Stage 4,0.9735074142945987,0.9735074142945987
60,12,Stage 4,Stage 4,0.9702291477992345,0.9702291477992345
60,13,Stage 4,Stage 4,0.9873262581341892,0.9873262581341892
60,14,Stage 4,Stage 4,0.9826910656800458,0.9826910656800458
60,15,Stage 4,Stage 4,0.9795310340574245,0.9795310340574245
60,16,Stage 4,Stage 4,0.9932097094039257,0.9932097094039257
60,17,Stage 4,Stage 4,0.9901271903571593,0.9901271903571593
60,18,Stage 4,Stage 4,0.9580522078951142,0.9580522078951142
60,19,Stage 4,Stage 4,0.9932785559953481,0.9932785559953481
60,20,Stage 4,Stage 4,0.985364072408826,0.985364072408826
60,21,Stage 4,Stage 4,0.9548879020140522,0.9548879020140522
60,22,Stage 4,Stage 4,0.9912834569614206,0.9912834569614206
60,23,Stage 4,Stage 4,0.9314362050921777,0.9314362050921777
60,24,Stage 4,Stage 4,0.9847214343844679,0.9847214343844679
60,25,Stage 4,Stage 4,0.9486785446670849,0.9486785446670849
60,26,Stage 4,Stage 4,0.9890544782685364,0.9890544782685364
60,27,Stage 4,Stage 4,0.9543987265254122,0.9543987265254122
60,28,Stage 4,Stage 4,0.9281557741935371,0.9281557741935371
60,29,Stage 4,Stage 4,0.9701806718736683,0.9701806718736683
60,30,Stage 4,Stage 4,0.9862211657106225,0.9862211657106225
60,31,Stage 4,Stage 4,0.9770383663932977,0.9770383663932977
60,32,Stage 4,Stage 4,0.9746705553531282,0.9746705553531282
60,33,Stage 4,Stage 4,0.9949565653883505,0.9949565653883505
60,34,Stage 4,Stage 4,0.9663374526952059,0.9663374526952059
60,35,Stage 4,Stage 4,0.9894688691157675,0.9894688691157675
60,36,Stage 4,Stage 4,0.9939302588877448,0.9939302588877448
60,37,Stage 4,Stage 4,0.96061893774322,0.96061893774322
60,38,Stage 4,Stage 4,0.9939302937834362,0.9939302937834362
60,39,Stage 4,Stage 4,0.9869231736180332,0.9869231736180332
60,40,Stage 4,Stage 4,0.9732652559785291,0.9732652559785291
60,41,Stage 4,Stage 4,0.9818307149320489,0.9818307149320489
60,42,Stage 4,Stage 4,0.9803151553636038,0.9803151553636038
60,43,Stage 4,Stage 4,0.9705159655557456,0.9705159655557456
60,44,Stage 4,Stage 4,0.9097749162045616,0.9097749162045616
60,45,Stage 4,Stage 4,0.9653175390861596,0.9653175390861596
60,46,Stage 4,Stage 4,0.9409849373920053,0.9409849373920053
60,47,Stage 4,Stage 4,0.9781107904808792,0.9781107904808792
60,48,Stage 4,Stage 4,0.9772887994827542,0.9772887994827542
60,49,Stage 4,Stage 4,0.9930368540068641,0.9930368540068641
60,50,Stage 4,Stage 4,0.9827098411211305,0.9827098411211305
60,51,Stage 4,Stage 4,0.9619272071423219,0.9619272071423219
60,52,Stage 4,Stage 4,0.9552660972794258,0.9552660972794258
60,53,Stage 4,Stage 4,0.9910246296597356,0.9910246296597356
60,54,Stage 4,Stage 4,0.9325245786912542,0.9325245786912542
60,55,Stage 4,Stage 4,0.9931168684097046,0.9931168684097046
60,56,Stage 4,Stage 4,0.9881531562023169,0.9881531562023169
60,57,Stage 4,Stage 4,0.9710779734372952,0.9710779734372952
60,58,Stage 4,Stage 4,0.9705252042090493,0.9705252042090493
60,59,Stage 4,Stage 4,0.9238209800814492,0.9238209800814492
60,60,Stage 4,Stage 4,0.9907564723888906,0.9907564723888906
60,61,Stage 4,Stage 4,0.9858322809444434,0.9858322809444434
60,62,Stage 4,Stage 4,0.9186258160922192,0.9186258160922192
60,63,Stage 4,Stage 4,0.8862333545538338,0.8862333545538338
60,64,Stage 4,Stage 4,0.9167682989161581,0.9167682989161581
60,65,Stage 4,Stage 4,0.9472813239922228,0.9472813239922228
60,66,Stage 4,Stage 4,0.8974259872323356,0.8974259872323356
60,67,Stage 4,Stage 4,0.9478659626019804,0.9478659626019804
60,68,Stage 4,Stage 4,0.9866072150040788,0.9866072150040788
60,69,Stage 4,Stage 4,0.9669790509851514,0.9669790509851514
60,70,Stage 4,Stage 4,0.9883006830309434,0.9883006830309434
60,71,Stage 4,Stage 4,0.9677934575989626,0.9677934575989626
60,72,Stage 4,Stage 4,0.9389131068769316,0.9389131068769316
60,73,Stage 4,Stage 4,0.9550874666531752,0.9550874666531752
60,74,Stage 4,Stage 4,0.9272956371443899,0.9272956371443899
60,75,Stage 4,Stage 4,0.967291936757113,0.967291936757113
60,76,Stage 4,Stage 4,0.9799066366470162,0.9799066366470162
60,77,Stage 4,Stage 4,0.9135503912819128,0.9135503912819128
60,78,Stage 4,Stage 4,0.9580596783711325,0.9580596783711325
60,79,Stage 4,Stage 4,0.9127186448667456,0.9127186448667456
60,80,Stage 4,Stage 4,0.8601736894409976,0.8601736894409976
60,81,Stage 4,Stage 4,0.9542203339523553,0.9542203339523553
60,82,Stage 4,Stage 4,0.9182930341865808,0.9182930341865808
60,83,Stage 4,Stage 4,0.9531832947859128,0.9531832947859128
60,84,Stage 4,Stage 4,0.8091488822051015,0.8091488822051015
60,85,Stage 4,Stage 4,0.8590478471400714,0.8590478471400714
60,86,Stage 4,Stage 4,0.9246911453875446,0.9246911453875446
60,87,Stage 4,Stage 4,0.7305932089992474,0.7305932089992474
60,88,Stage 4,Stage 4,0.7987377046842741,0.7987377046842741
60,89,Stage 4,Stage 4,0.9025999197372231,0.9025999197372231
60,90,Stage 4,Stage 4,0.9782584345110575,0.9782584345110575
60,91,Stage 4,Stage 4,0.8781197339469753,0.8781197339469753
60,92,Stage 4,Stage 4,0.8827142073223309,0.8827142073223309
60,93,Stage 4,Stage 4,0.7026882345039275,0.7026882345039275
60,94,Stage 2,Stage 2,0.22986359019819752,0.6476267115425409
60,95,Stage 4,Stage 4,0.898057204525021,0.898057204525021
60,96,Stage 4,Stage 4,0.8815456803349132,0.8815456803349132
60,97,Stage 4,Stage 4,0.6453875835253636,0.6453875835253636
60,98,Stage 4,Stage 4,0.8729015363815993,0.8729015363815993
60,99,Stage 4,Stage 4,0.8325073575349631,0.8325073575349631
60,100,Stage 4,Stage 4,0.7363751258294416,0.7363751258294416
60,101,Stage 4,Stage 4,0.6611971087396323,0.6611971087396323
60,102,Stage 4,Stage 4,0.6530676344673279,0.6530676344673279
60,103,Stage 4,Stage 4,0.7184485157536299,0.7184485157536299
60,104,Stage 4,Stage 4,0.7420432273014693,0.7420432273014693
60,105,Stage 2,Stage 4,0.6227600983245708,0.6227600983245708
60,106,Stage 4,Stage 4,0.779047143571736,0.779047143571736
60,107,Stage 4,Stage 4,0.6396618241099958,0.6396618241099958
60,108,Stage 4,Stage 4,0.9183984293542923,0.9183984293542923
60,109,Stage 4,Stage 4,0.5848536363597872,0.5848536363597872
60,110,Stage 4,Stage 4,0.8143728242866051,0.8143728242866051
60,111,Stage 4,Stage 4,0.6459430807141008,0.6459430807141008
60,112,Stage 2,Stage 2,0.1658046688853093,0.8084525841147279
60,113,Stage 2,Stage 2,0.450966712096174,0.5455603086413816
60,114,Stage 4,Stage 4,0.8704129034922921,0.8704129034922921
60,115,Stage 2,Stage 2,0.29735724707161615,0.6905252782105634
60,116,Stage 2,Stage 4,0.5490112255749741,0.5490112255749741
60,117,Stage 4,Stage 4,0.5166653692529991,0.5166653692529991
60,118,Stage 2,Stage 2,0.24052567333158037,0.7211078548511101
60,119,Stage 2,Stage 2,0.3037241585237253,0.6905999176580396
60,120,Stage 4,Stage 2,0.38775356207666917,0.6080676944484383
60,121,Stage 2,Stage 2,0.43948367101401364,0.45736329216531985
60,122,Stage 2,Stage 4,0.5119051703705624,0.5119051703705624
60,123,Stage 2,Stage 2,0.17039450667371475,0.8074434352532533
60,124,Stage 2,Stage 2,0.19078901781688468,0.7974103401077767
60,125,Stage 2,Stage 2,0.23546686769369943,0.7553065529887152
60,126,Stage 2,Stage 2,0.35279527625539503,0.6436596812438795
60,127,Stage 2,Stage 2,0.07413398241987396,0.9122690549582677
60,128,Stage 2,Stage 2,0.06434234886504833,0.912989073507569
60,129,Stage 2,Stage 2,0.1764076811669077,0.8086109613212029
60,130,Stage 2,Stage 2,0.11698037299677742,0.8604329965939863
60,131,Stage 2,Stage 2,0.025967075834496804,0.9523572033363713
60,132,Stage 2,Stage 2,0.09000289839122863,0.8407415077114653
60,133,Stage 2,Stage 2,0.0281673249159406,0.9376330170345121
60,134,Stage 2,Stage 2,0.026756502631816087,0.8537180255314558
60,135,Stage 2,Stage 2,0.13152761268370022,0.8585168348144572
60,136,Stage 2,Stage 2,0.028194781722353016,0.9238399016709329
60,137,Stage 2,Stage 2,0.013584748220556886,0.9049489558872068
60,138,Stage 2,Stage 2,0.02844578250334438,0.9119517910162469
60,139,Stage 2,Stage 2,0.012686386693868268,0.9216156521297924
60,140,Stage 2,Stage 2,0.005021495873437206,0.7908416282462533
60,141,Stage 2,Stage 2,0.007471992143641932,0.8172359360461013
60,142,Stage 2,Stage 2,0.03906916042931591,0.9077748145408018
60,143,Stage 2,Stage 2,0.005988260538717956,0.8448272959327959
60,144,Stage 2,Stage 3,0.0005794830954540863,0.5425200503637221
60,145,Stage 2,Stage 2,0.008719424525195309,0.8438217770472382
60,146,Stage 2,Stage 2,0.0023836732596513315,0.8050251079790334
60,147,Stage 3,Stage 3,8.743706108597379e-05,0.6642653644973732
60,148,Stage 2,Stage 2,0.004544387708229585,0.8762034485430323
60,149,Stage 2,Stage 2,0.0016060841597035312,0.71817928688085
60,150,Stage 2,Stage 2,0.0024394344669860977,0.8398102001865593
60,151,Stage 2,Stage 3,0.0004370148688788992,0.6077362072951141
60,152,Stage 2,Stage 2,0.0005934015936826947,0.5468019695461599
60,153,Stage 3,Stage 3,3.5504181519035965e-05,0.6927493384719724
60,154,Stage 3,Stage 3,2.595067616075814e-05,0.8176898904570199
60,155,Stage 3,Stage 3,0.0001041462133226205,0.5309307472593191
60,156,Stage 3,Stage 3,2.1724045431655753e-05,0.7905732297792211
60,157,Stage 3,Stage 3,1.5799340792641122e-05,0.8353418286045592
60,158,Stage 3,Stage 3,2.5824739850599146e-05,0.6414581610970419
60,159,Stage 3,Stage 3,5.249873098553147e-06,0.8926931512449942
60,160,Stage 3,Stage 3,1.1341111777567198e-05,0.8118036370392638
60,161,Stage 3,Stage 3,1.3868569669108498e-05,0.8198308257073912
60,162,Stage 3,Stage 3,1.9354603591342948e-06,0.8938718604958118
60,163,Stage 3,Stage 3,4.575612688913586e-06,0.8808698762795313
60,164,Stage 3,Stage 3,3.7867562970754406e-07,0.9399339329977967
60,165,Stage 3,Stage 3,3.4004327184674714e-09,0.9243808190039149
60,166,Stage 3,Stage 3,2.0136170487148908e-08,0.952541825906984
60,167,Stage 3,Stage 3,8.774789482660802e-09,0.9437442056524664
60,168,Stage 3,Stage 3,1.7902651868141721e-09,0.8198023547960608
60,169,Stage 3,Stage 3,2.6472545566639475e-09,0.9290632423829382
60,170,Stage 3,Stage 3,1.020671017204471e-09,0.7842495268321749
60,171,Stage 3,Stage 3,9.45081960482166e-10,0.8632046667776749
60,172,Stage 3,Stage 3,6.313608334052755e-10,0.9130469730175746
60,173,Stage 3,Stage 3,6.440562670096268e-11,0.6846152486220851
60,174,Stage 3,Stage 3,8.985893657421412e-11,0.6566929094239763
60,175,Stage 0,Stage 0,1.98952948573862e-12,0.6988747157998402
60,176,Stage 3,Stage 0,2.359126587174495e-12,0.6688234682750064
60,177,Stage 0,Stage 0,3.4438097306561077e-13,0.8152003338744057
60,178,Stage 0,Stage 0,3.1248819367876915e-13,0.7621378285501323
60,179,Stage 0,Stage 0,4.363122499052728e-15,0.9281929659499837
60,180,Stage 0,Stage 0,1.2873351199427086e-15,0.9580864027069573
60,181,Stage 0,Stage 0,1.943394789386946e-16,0.9664550842496127
60,182,Stage 0,Stage 0,1.115102756134611e-16,0.9737696315752147
60,183,Stage 0,Stage 0,1.6757455977664997e-17,0.990207413008183
60,184,Stage 0,Stage 0,3.1543319531104265e-21,0.9995615693760833
60,185,Stage 0,Stage 0,1.3228169255735575e-19,0.9985203466323715
60,186,Stage 0,Stage 0,2.3088299103203678e-21,0.9995341703461487
60,187,Stage 0,Stage 0,3.5240524519358258e-22,0.9998850990418514
60,188,Stage 0,Stage 0,1.1378753737778253e-24,0.9999482478271607
60,189,Stage 0,Stage 0,1.517312823376828e-24,0.9999588385751192
60,190,Stage 0,Stage 0,1.098713182226759e-24,0.9999445789602633
62,1,Stage 4,Stage 4,0.9933159536574628,0.9933159536574628
62,2,Stage 4,Stage 4,0.9902420688558327,0.9902420688558327
62,3,Stage 4,Stage 4,0.9886002479301004,0.9886002479301004
62,4,Stage 4,Stage 4,0.9902828829821954,0.9902828829821954
62,5,Stage 4,Stage 4,0.9914124193181031,0.9914124193181031
62,6,Stage 4,Stage 4,0.9873642212543563,0.9873642212543563
62,7,Stage 4,Stage 4,0.9859189718706425,0.9859189718706425
62,8,Stage 4,Stage 4,0.9872231964827886,0.9872231964827886
62,9,Stage 4,Stage 4,0.9927251777092975,0.9927251777092975
62,10,Stage 4,Stage 4,0.9585834106186192,0.9585834106186192
62,11,Stage 4,Stage 4,0.9958521167943873,0.9958521167943873
62,12,Stage 4,Stage 4,0.9791483118200746,0.9791483118200746
62,13,Stage 4,Stage 4,0.9808171753895026,0.9808171753895026
62,14,Stage 4,Stage 4,0.978525499619887,0.978525499619887
62,15,Stage 4,Stage 4,0.9936370224786092,0.9936370224786092
62,16,Stage 4,Stage 4,0.9980407231821814,0.9980407231821814
62,17,Stage 4,Stage 4,0.9986844120054977,0.9986844120054977
62,18,Stage 4,Stage 4,0.9882624136836662,0.9882624136836662
62,19,Stage 4,Stage 4,0.9957064206692974,0.9957064206692974
62,20,Stage 4,Stage 4,0.9849117060276504,0.9849117060276504
62,21,Stage 4,Stage 4,0.9963479148313175,0.9963479148313175
62,22,Stage 4,Stage 4,0.992302951802392,0.992302951802392
62,23,Stage 4,Stage 4,0.9929109895333099,0.9929109895333099
62,24,Stage 4,Stage 4,0.9991005330945821,0.9991005330945821
62,25,Stage 4,Stage 4,0.9968993960498137,0.9968993960498137
62,26,Stage 4,Stage 4,0.989378290065274,0.989378290065274
62,27,Stage 4,Stage 4,0.9876048885570637,0.9876048885570637
62,28,Stage 4,Stage 4,0.9901016967170935,0.9901016967170935
62,29,Stage 4,Stage 4,0.9866222563328398,0.9866222563328398
62,30,Stage 4,Stage 4,0.9977129883746253,0.9977129883746253
62,31,Stage 4,Stage 4,0.9801717672455819,0.9801717672455819
62,32,Stage 4,Stage 4,0.994218442292886,0.994218442292886
62,33,Stage 4,Stage 4,0.9289553647321391,0.9289553647321391
62,34,Stage 4,Stage 4,0.9884491161587644,0.9884491161587644
62,35,Stage 4,Stage 4,0.9993886651935777,0.9993886651935777
62,36,Stage 4,Stage 4,0.9939790029760924,0.9939790029760924
62,37,Stage 4,Stage 4,0.9833848398170586,0.9833848398170586
62,38,Stage 4,Stage 4,0.9908596567718002,0.9908596567718002
62,39,Stage 4,Stage 4,0.9884577768597758,0.9884577768597758
62,40,Stage 4,Stage 4,0.9934234242937229,0.9934234242937229
62,41,Stage 4,Stage 4,0.9822356857953485,0.9822356857953485
62,42,Stage 4,Stage 4,0.9944926319447777,0.9944926319447777
62,43,Stage 4,Stage 4,0.9935992306173707,0.9935992306173707
62,44,Stage 4,Stage 4,0.9914183716916756,0.9914183716916756
62,45,Stage 4,Stage 4,0.9888628199549009,0.9888628199549009
62,46,Stage 4,Stage 4,0.990153780425384,0.990153780425384
62,47,Stage 4,Stage 4,0.9957632616744496,0.9957632616744496
62,48,Stage 4,Stage 4,0.9912100767573484,0.9912100767573484
62,49,Stage 4,Stage 4,0.9929430769860705,0.9929430769860705
62,50,Stage 4,Stage 4,0.9692892821778518,0.9692892821778518
62,51,Stage 4,Stage 4,0.9921936557567128,0.9921936557567128
62,52,Stage 4,Stage 4,0.9973251924523623,0.9973251924523623
62,53,Stage 4,Stage 4,0.9956720189939822,0.9956720189939822
62,54,Stage 4,Stage 4,0.9900943651637902,0.9900943651637902
62,55,Stage 4,Stage 4,0.9968262193707593,0.9968262193707593
62,56,Stage 4,Stage 4,0.9911277994949119,0.9911277994949119
62,57,Stage 4,Stage 4,0.986860024569753,0.986860024569753
62,58,Stage 4,Stage 4,0.9928188806477954,0.9928188806477954
62,59,Stage 4,Stage 4,0.978509736931487,0.978509736931487
62,60,Stage 4,Stage 4,0.9943878398301997,0.9943878398301997
62,61,Stage 4,Stage 4,0.9825761793526546,0.9825761793526546
62,62,Stage 4,Stage 4,0.9800603559463698,0.9800603559463698
62,63,Stage 4,Stage 4,0.9964036908869224,0.9964036908869224
62,64,Stage 4,Stage 4,0.9931878172366596,0.9931878172366596
62,65,Stage 4,Stage 4,0.9863772261728199,0.9863772261728199
62,66,Stage 4,Stage 4,0.9768856597821182,0.9768856597821182
62,67,Stage 4,Stage 4,0.9965742526953315,0.9965742526953315
62,68,Stage 4,Stage 4,0.9905304145429945,0.9905304145429945
62,69,Stage 4,Stage 4,0.9793610428328626,0.9793610428328626
62,70,Stage 4,Stage 4,0.9795539072607168,0.9795539072607168
62,71,Stage 4,Stage 4,0.9906257897559775,0.9906257897559775
62,72,Stage 4,Stage 4,0.9857554266715235,0.9857554266715235
62,73,Stage 4,Stage 4,0.9848693872656171,0.9848693872656171
62,74,Stage 4,Stage 4,0.9962507167793145,0.9962507167793145
62,75,Stage 4,Stage 4,0.9956971122514481,0.9956971122514481
62,76,Stage 4,Stage 4,0.9938230080259951,0.9938230080259951
62,77,Stage 4,Stage 4,0.9793510749280259,0.9793510749280259
62,78,Stage 4,Stage 4,0.9691849214611774,0.9691849214611774
62,79,Stage 4,Stage 4,0.9620189875959236,0.9620189875959236
62,80,Stage 4,Stage 4,0.9845868385932811,0.9845868385932811
62,81,Stage 4,Stage 4,0.9758579511394077,0.9758579511394077
62,82,Stage 4,Stage 4,0.9756513571328321,0.9756513571328321
62,83,Stage 4,Stage 4,0.9812965085670198,0.9812965085670198
62,84,Stage 4,Stage 4,0.9622442257122892,0.9622442257122892
62,85,Stage 4,Stage 4,0.9771779946923355,0.9771779946923355
62,86,Stage 4,Stage 4,0.9858886771590916,0.9858886771590916
62,87,Stage 4,Stage 4,0.9398360815055854,0.9398360815055854
62,88,Stage 4,Stage 4,0.982705882668315,0.982705882668315
62,89,Stage 4,Stage 4,0.9361503083761711,0.9361503083761711
62,90,Stage 4,Stage 4,0.9906900612095142,0.9906900612095142
62,91,Stage 4,Stage 4,0.9733604235645781,0.9733604235645781
62,92,Stage 4,Stage 4,0.9822884069273011,0.9822884069273011
62,93,Stage 4,Stage 4,0.9879662365996951,0.9879662365996951
62,94,Stage 4,Stage 4,0.9616092862376127,0.9616092862376127
62,95,Stage 4,Stage 4,0.9802182100788513,0.9802182100788513
62,96,Stage 4,Stage 4,0.9832464355630487,0.9832464355630487
62,97,Stage 4,Stage 4,0.9422716621258657,0.9422716621258657
62,98,Stage 4,Stage 4,0.9876586312117065,0.9876586312117065
62,99,Stage 4,Stage 4,0.9611441588320767,0.9611441588320767
62,100,Stage 4,Stage 4,0.7142004300395235,0.7142004300395235
62,101,Stage 4,Stage 4,0.9607757477961479,0.9607757477961479
62,102,Stage 4,Stage 4,0.9878421382077864,0.9878421382077864
62,103,Stage 4,Stage 4,0.9878286919104786,0.9878286919104786
62,104,Stage 4,Stage 4,0.9897178475253406,0.9897178475253406
62,105,Stage 4,Stage 4,0.9735441335982565,0.9735441335982565
62,106,Stage 4,Stage 4,0.9850578783004637,0.9850578783004637
62,107,Stage 4,Stage 4,0.9622302843651287,0.9622302843651287
62,108,Stage 4,Stage 4,0.951003772438591,0.951003772438591
62,109,Stage 4,Stage 4,0.9830805866895116,0.9830805866895116
62,110,Stage 4,Stage 4,0.9665783816816998,0.9665783816816998
62,111,Stage 4,Stage 4,0.95311898571952,0.95311898571952
62,112,Stage 4,Stage 4,0.9536320637041282,0.9536320637041282
62,113,Stage 4,Stage 4,0.9325699479335963,0.9325699479335963
62,114,Stage 4,Stage 4,0.9620682828381654,0.9620682828381654
62,115,Stage 4,Stage 4,0.933214115767828,0.933214115767828
62,116,Stage 4,Stage 4,0.9423262256274183,0.9423262256274183
62,117,Stage 4,Stage 4,0.8211824495714264,0.8211824495714264
62,118,Stage 4,Stage 4,0.928566817978529,0.928566817978529
62,119,Stage 4,Stage 4,0.91734294392191,0.91734294392191
62,120,Stage 4,Stage 4,0.921688609048224,0.921688609048224
62,121,Stage 4,Stage 4,0.8945106141966621,0.8945106141966621
62,122,Stage 4,Stage 4,0.9624756431131917,0.9624756431131917
62,123,Stage 4,Stage 4,0.9770785691389995,0.9770785691389995
62,124,Stage 4,Stage 4,0.9516831952874268,0.9516831952874268
62,125,Stage 4,Stage 4,0.9708983004040695,0.9708983004040695
62,126,Stage 4,Stage 4,0.7922946153666247,0.7922946153666247
62,127,Stage 4,Stage 4,0.8313238798599928,0.8313238798599928
62,128,Stage 2,Stage 4,0.5019040533828704,0.5019040533828704
62,129,Stage 4,Stage 4,0.74741146840357,0.74741146840357
62,130,Stage 4,Stage 4,0.9648761296874874,0.9648761296874874
62,131,Stage 4,Stage 4,0.8205667333174788,0.8205667333174788
62,132,Stage 4,Stage 4,0.8892066779962539,0.8892066779962539
62,133,Stage 4,Stage 4,0.5537515038330825,0.5537515038330825
62,134,Stage 4,Stage 4,0.914054454784471,0.914054454784471
62,135,Stage 4,Stage 4,0.7128136565891966,0.7128136565891966
62,136,Stage 4,Stage 4,0.5980490773084753,0.5980490773084753
62,137,Stage 4,Stage 4,0.8869711872723537,0.8869711872723537
62,138,Stage 4,Stage 4,0.8792424641517153,0.8792424641517153
62,139,Stage 4,Stage 4,0.8551639955902363,0.8551639955902363
62,140,Stage 4,Stage 4,0.8356729059211832,0.8356729059211832
62,141,Stage 4,Stage 4,0.789577849157765,0.789577849157765
62,142,Stage 4,Stage 4,0.6595453971535692,0.6595453971535692
62,143,Stage 4,Stage 4,0.8814182518685829,0.8814182518685829
62,144,Stage 4,Stage 4,0.7594063210754244,0.7594063210754244
62,145,Stage 4,Stage 4,0.5526343290213726,0.5526343290213726
62,146,Stage 4,Stage 4,0.7904869272391369,0.7904869272391369
62,147,Stage 4,Stage 4,0.7630613303599844,0.7630613303599844
62,148,Stage 4,Stage 4,0.6191953765616589,0.6191953765616589
62,149,Stage 4,Stage 4,0.704046406571659,0.704046406571659
62,150,Stage 2,Stage 2,0.3643379182606395,0.6305251369729714
62,151,Stage 2,Stage 4,0.5767405046650718,0.5767405046650718
62,152,Stage 2,Stage 4,0.5394138760268345,0.5394138760268345
62,153,Stage 4,Stage 4,0.5606992198950641,0.5606992198950641
62,154,Stage 2,Stage 4,0.7420760109712077,0.7420760109712077
62,155,Stage 4,Stage 4,0.5082617658356237,0.5082617658356237
62,156,Stage 4,Stage 4,0.5078434663732179,0.5078434663732179
62,157,Stage 4,Stage 4,0.5023571253151179,0.5023571253151179
62,158,Stage 2,Stage 2,0.2047275810854189,0.7831178149053395
62,159,Stage 4,Stage 4,0.5255958596316451,0.5255958596316451
62,160,Stage 2,Stage 2,0.21558298390722005,0.7585954028803701
62,161,Stage 2,Stage 2,0.1770395842765518,0.8140362686336662
62,162,Stage 2,Stage 2,0.3955338379523721,0.6021720169921276
62,163,Stage 2,Stage 2,0.11070685751617353,0.8485132062073614
62,164,Stage 4,Stage 2,0.46799199990911033,0.5263648719475985
62,165,Stage 2,Stage 2,0.10279884243879044,0.8464391018057583
62,166,Stage 2,Stage 2,0.09543016747192042,0.8872786260866653
62,167,Stage 2,Stage 2,0.2375980669768961,0.7355052236650633
62,168,Stage 2,Stage 2,0.29263358381006604,0.6815023645660714
62,169,Stage 2,Stage 4,0.5592176816209048,0.5592176816209048
62,170,Stage 2,Stage 2,0.10864027882905092,0.848464878025459
62,171,Stage 2,Stage 2,0.06463510859660133,0.9039971300903128
62,172,Stage 2,Stage 2,0.04439341421047672,0.8715789673111309
62,173,Stage 2,Stage 2,0.044335769956566504,0.8769357926810265
62,174,Stage 2,Stage 2,0.15536723127193122,0.8328290740384588
62,175,Stage 2,Stage 2,0.045462930188106286,0.8843868393156575
62,176,Stage 2,Stage 2,0.13661718890572086,0.8456105698186038
62,177,Stage 2,Stage 2,0.018442719727396546,0.8740281418726912
62,178,Stage 2,Stage 2,0.07666079472125562,0.840173494199324
62,179,Stage 2,Stage 2,0.06608887863286364,0.8958093953226934
62,180,Stage 2,Stage 2,0.009136538483886847,0.8518141087371237
62,181,Stage 2,Stage 2,0.062160803688398825,0.8899580111626118
62,182,Stage 2,Stage 2,0.03929156085083425,0.9342083765297042
62,183,Stage 2,Stage 2,0.019645890773914047,0.9507467413193017
62,184,Stage 2,Stage 2,0.04470604603083042,0.9180691048631652
62,185,Stage 2,Stage 2,0.03058926225913882,0.8889006917443713
62,186,Stage 2,Stage 2,0.005674097741775022,0.886335118827721
62,187,Stage 2,Stage 2,0.006795591011258939,0.6978745058463819
62,188,Stage 2,Stage 2,0.015561749885630236,0.8708690029501964
62,189,Stage 2,Stage 2,0.003643481616066519,0.7618782719856749
62,190,Stage 2,Stage 2,0.0008341779915571798,0.5602572881139795
62,191,Stage 2,Stage 2,0.0013025663909998443,0.5772931727556226
62,192,Stage 2,Stage 3,0.0004500982406373085,0.5060319677836114
62,193,Stage 2,Stage 2,0.002069016580945444,0.6893752132856116
62,194,Stage 2,Stage 2,0.006160277392780791,0.8031833905799878
62,195,Stage 2,Stage 2,0.00022603607020435575,0.5192397516664182
62,196,Stage 2,Stage 2,0.0011836003018755297,0.6470273975473971
62,197,Stage 2,Stage 2,0.0016973766662796753,0.7478862135471893
62,198,Stage 2,Stage 3,0.0001579144886318211,0.6660307169244457
62,199,Stage 3,Stage 3,5.521828740314957e-05,0.7494463536960859
62,200,Stage 2,Stage 2,0.0005723475465806827,0.5159298109078034
62,201,Stage 2,Stage 2,0.00035320255361414633,0.5435712104040459
62,202,Stage 3,Stage 3,0.0001758140226140801,0.5224604635699794
62,203,Stage 2,Stage 3,1.862367910053173e-05,0.8099828288981499
62,204,Stage 2,Stage 3,1.5597971131088085e-05,0.7916816314635676
62,205,Stage 3,Stage 3,1.8888248074142177e-05,0.7642212724010705
62,206,Stage 3,Stage 3,1.0808184463107335e-05,0.8285508872969911
62,207,Stage 3,Stage 3,3.2314317306286037e-06,0.88487725399024
62,208,Stage 3,Stage 3,1.6149790112012393e-06,0.9267713175447087
62,209,Stage 3,Stage 3,8.557612164530915e-07,0.9272780538520973
62,210,Stage 3,Stage 3,4.7663440348420817e-07,0.9437372083631188
62,211,Stage 3,Stage 3,2.3991310553461058e-05,0.7138554160045459
62,212,Stage 3,Stage 3,1.3646707843557853e-07,0.9609585707693152
62,213,Stage 3,Stage 3,9.060125537526178e-08,0.9612267954248762
62,214,Stage 3,Stage 3,8.409799531301795e-08,0.9586248522381147
62,215,Stage 3,Stage 3,1.6587758972612912e-07,0.9603381945073997
62,216,Stage 3,Stage 3,4.709118583046906e-09,0.9398122725651232
62,217,Stage 3,Stage 3,5.66422608273114e-07,0.8957054708753233
62,218,Stage 3,Stage 3,6.690195130850059e-09,0.9260680328191535
62,219,Stage 3,Stage 3,1.3830714380348826e-09,0.8951859857835598
62,220,Stage 3,Stage 3,7.964521224847291e-11,0.5763630890360018
62,221,Stage 3,Stage 3,9.593172027877104e-11,0.6600675680836907
62,222,Stage 3,Stage 3,1.4079067592820838e-11,0.505459582758968
62,223,Stage 3,Stage 3,8.468264515681759e-11,0.6438500420389186
62,224,Stage 3,Stage 0,2.414292659021907e-12,0.569656104367995
62,225,Stage 0,Stage 0,1.4667373485562737e-11,0.5243079622394343
62,226,Stage 0,Stage 0,5.850569509087964e-14,0.9247168947565918
62,227,Stage 3,Stage 3,1.8637773118406526e-10,0.8128322040062863
62,228,Stage 0,Stage 0,1.7055677591262764e-14,0.9158710598330085
62,229,Stage 0,Stage 0,9.352737479773423e-14,0.8515418446766508
62,230,Stage 0,Stage 0,2.904831982113776e-13,0.8211492615266075
62,231,Stage 0,Stage 0,5.3770920475861054e-14,0.865042145207787
62,232,Stage 0,Stage 0,2.4009125765467298e-14,0.904157739662965
62,233,Stage 0,Stage 0,2.0162562452202096e-14,0.8923000862490036
62,234,Stage 0,Stage 0,4.9661598267302826e-17,0.9874520906242391
62,235,Stage 0,Stage 0,1.8442547990884874e-17,0.9912457870766949
62,236,Stage 0,Stage 0,1.1243547766571543e-19,0.9987560740423307
62,237,Stage 0,Stage 0,6.0699097065039544e-18,0.989592478960618
62,238,Stage 0,Stage 0,1.2061909912271246e-19,0.9980677986669193
62,239,Stage 0,Stage 0,6.867247467513615e-20,0.998497625442654
62,240,Stage 0,Stage 0,7.169343614113275e-22,0.9996885054140081
62,241,Stage 0,Stage 0,9.192044675731456e-22,0.9995899704874506
62,242,Stage 0,Stage 0,5.3329094859956666e-24,0.9999477486449612
62,243,Stage 0,Stage 0,5.425556255075904e-22,0.9995115542100665
62,244,Stage 0,Stage 0,5.046425053765558e-25,0.9999812287197493
62,245,Stage 0,Stage 0,3.849053555885444e-26,0.9999926468056521
62,246,Stage 0,Stage 0,1.626776585778746e-24,0.9999372171132821
65,1,Stage 4,Stage 4,0.5619007828137224,0.5619007828137224
65,2,Stage 4,Stage 4,0.9015103559895037,0.9015103559895037
65,3,Stage 4,Stage 4,0.8434996572812824,0.8434996572812824
65,4,Stage 4,Stage 4,0.8814211447706471,0.8814211447706471
65,5,Stage 4,Stage 4,0.7593610123382566,0.7593610123382566
65,6,Stage 4,Stage 4,0.6597211083489967,0.6597211083489967
65,7,Stage 4,Stage 4,0.8647115861693921,0.8647115861693921
65,8,Stage 4,Stage 4,0.8750822373788095,0.8750822373788095
65,9,Stage 4,Stage 4,0.7711136633341059,0.7711136633341059
65,10,Stage 4,Stage 4,0.8631156180613342,0.8631156180613342
65,11,Stage 4,Stage 4,0.8513898023677811,0.8513898023677811
65,12,Stage 4,Stage 4,0.6944284875884709,0.6944284875884709
65,13,Stage 4,Stage 4,0.8115471138313332,0.8115471138313332
65,14,Stage 4,Stage 4,0.8298970098629672,0.8298970098629672
65,15,Stage 4,Stage 4,0.3817172786259986,0.3817172786259986
65,16,Stage 4,Stage 4,0.6890869063825972,0.6890869063825972
65,17,Stage 4,Stage 4,0.9003573909949343,0.9003573909949343
65,18,Stage 4,Stage 4,0.871803844220829,0.871803844220829
65,19,Stage 4,Stage 4,0.6106192902660286,0.6106192902660286
65,20,Stage 4,Stage 4,0.6262034176307322,0.6262034176307322
65,21,Stage 4,Stage 4,0.7770407604549145,0.7770407604549145
65,22,Stage 4,Stage 4,0.674459285633994,0.674459285633994
65,23,Stage 4,Stage 4,0.713253077938444,0.713253077938444
65,24,Stage 4,Stage 4,0.8193553294962599,0.8193553294962599
65,25,Stage 4,Stage 4,0.8749776556403913,0.8749776556403913
65,26,Stage 4,Stage 4,0.8337511137595179,0.8337511137595179
65,27,Stage 4,Stage 4,0.8532786350693837,0.8532786350693837
65,28,Stage 4,Stage 4,0.7835950010009144,0.7835950010009144
65,29,Stage 4,Stage 4,0.8159279267553238,0.8159279267553238
65,30,Stage 4,Stage 4,0.838248208870727,0.838248208870727
65,31,Stage 4,Stage 4,0.7788077428921114,0.7788077428921114
65,32,Stage 4,Stage 4,0.9165646051278621,0.9165646051278621
65,33,Stage 4,Stage 4,0.6910839675187146,0.6910839675187146
65,34,Stage 4,Stage 4,0.7230819698923603,0.7230819698923603
65,35,Stage 4,Stage 4,0.6443182371134512,0.6443182371134512
65,36,Stage 4,Stage 4,0.8573189906682901,0.8573189906682901
65,37,Stage 4,Stage 4,0.8380701172944756,0.8380701172944756
65,38,Stage 4,Stage 4,0.7942717112399066,0.7942717112399066
65,39,Stage 4,Stage 4,0.6454628466180672,0.6454628466180672
65,40,Stage 4,Stage 4,0.9528960450345663,0.9528960450345663
65,41,Stage 4,Stage 4,0.8181788224994997,0.8181788224994997
65,42,Stage 4,Stage 4,0.7241827268425881,0.7241827268425881
65,43,Stage 4,Stage 4,0.8673695148734768,0.8673695148734768
65,44,Stage 4,Stage 4,0.6868807785439852,0.6868807785439852
65,45,Stage 4,Stage 4,0.9451063819425276,0.9451063819425276
65,46,Stage 4,Stage 4,0.8526770583810488,0.8526770583810488
65,47,Stage 4,Stage 4,0.768540422147906,0.768540422147906
65,48,Stage 4,Stage 4,0.7447770652106676,0.7447770652106676
65,49,Stage 4,Stage 4,0.8520824628515018,0.8520824628515018
65,50,Stage 4,Stage 4,0.7901996646905362,0.7901996646905362
65,51,Stage 4,Stage 4,0.6556799425797377,0.6556799425797377
65,52,Stage 4,Stage 4,0.8992857909085725,0.8992857909085725
65,53,Stage 4,Stage 4,0.8956947436820494,0.8956947436820494
65,54,Stage 4,Stage 4,0.8913050997179495,0.8913050997179495
65,55,Stage 4,Stage 4,0.7364720007437859,0.7364720007437859
65,56,Stage 4,Stage 4,0.8460699596048838,0.8460699596048838
65,57,Stage 4,Stage 4,0.8841009885913164,0.8841009885913164
65,58,Stage 4,Stage 4,0.8259182916761597,0.8259182916761597
65,59,Stage 4,Stage 4,0.830426857304874,0.830426857304874
65,60,Stage 4,Stage 4,0.6343450591288488,0.6343450591288488
65,61,Stage 4,Stage 4,0.7144143254776627,0.7144143254776627
65,62,Stage 4,Stage 4,0.8872757952111028,0.8872757952111028
65,63,Stage 4,Stage 4,0.9386082401031072,0.9386082401031072
65,64,Stage 4,Stage 4,0.7841086069522283,0.7841086069522283
65,65,Stage 4,Stage 4,0.575472273846652,0.575472273846652
65,66,Stage 4,Stage 4,0.746179871872535,0.746179871872535
65,67,Stage 4,Stage 4,0.5262118089639021,0.5262118089639021
65,68,Stage 4,Stage 4,0.8995669649430277,0.8995669649430277
65,69,Stage 4,Stage 4,0.8842668381262405,0.8842668381262405
65,70,Stage 4,Stage 4,0.6227367278650956,0.6227367278650956
65,71,Stage 4,Stage 4,0.8403563068678651,0.8403563068678651
65,72,Stage 4,Stage 4,0.9391164844901572,0.9391164844901572
65,73,Stage 4,Stage 4,0.6161407724073164,0.6161407724073164
65,74,Stage 4,Stage 4,0.6555117849989124,0.6555117849989124
65,75,Stage 4,Stage 4,0.8375385597755728,0.8375385597755728
65,76,Stage 4,Stage 4,0.8485215892796808,0.8485215892796808
65,77,Stage 4,Stage 4,0.8146455318984382,0.8146455318984382
65,78,Stage 4,Stage 4,0.8626312568041385,0.8626312568041385
65,79,Stage 4,Stage 4,0.549469953995593,0.549469953995593
65,80,Stage 4,Stage 4,0.7092494592861932,0.7092494592861932
65,81,Stage 4,Stage 4,0.7791934680448492,0.7791934680448492
65,82,Stage 4,Stage 4,0.8946590905254934,0.8946590905254934
65,83,Stage 4,Stage 4,0.8168904822218038,0.8168904822218038
65,84,Stage 4,Stage 4,0.4113893213126376,0.4113893213126376
65,85,Stage 4,Stage 4,0.8810785577535595,0.8810785577535595
65,86,Stage 4,Stage 4,0.9266321679207083,0.9266321679207083
65,87,Stage 4,Stage 4,0.710526053310817,0.710526053310817
65,88,Stage 4,Stage 4,0.8637550738660639,0.8637550738660639
65,89,Stage 4,Stage 4,0.8079923128775629,0.8079923128775629
65,90,Stage 4,Stage 4,0.6779825705628989,0.6779825705628989
65,91,Stage 4,Stage 4,0.8106307525762646,0.8106307525762646
65,92,Stage 1,Stage 1,0.02780397379041119,0.9331332715265321
65,93,Stage 4,Stage 4,0.8488808452075416,0.8488808452075416
65,94,Stage 4,Stage 4,0.8541332938223198,0.8541332938223198
65,95,Stage 4,Stage 4,0.9142479322588061,0.9142479322588061
65,96,Stage 4,Stage 4,0.8077806322327052,0.8077806322327052
65,97,Stage 4,Stage 4,0.9531207698119005,0.9531207698119005
65,98,Stage 4,Stage 4,0.8078624379860535,0.8078624379860535
65,99,Stage 4,Stage 4,0.7833230692657077,0.7833230692657077
65,100,Stage 4,Stage 4,0.5965974041751324,0.5965974041751324
65,101,Stage 4,Stage 4,0.8026368449722868,0.8026368449722868
65,102,Stage 4,Stage 4,0.6015326116695695,0.6015326116695695
65,103,Stage 4,Stage 1,0.2734465365925489,0.6495285032870628
65,104,Stage 4,Stage 4,0.704374892433342,0.704374892433342
65,105,Stage 4,Stage 4,0.9460166046072613,0.9460166046072613
65,106,Stage 4,Stage 4,0.8618571416938815,0.8618571416938815
65,107,Stage 4,Stage 4,0.7320098377456428,0.7320098377456428
65,108,Stage 4,Stage 4,0.7288886256641849,0.7288886256641849
65,109,Stage 4,Stage 4,0.7659505644725696,0.7659505644725696
65,110,Stage 4,Stage 4,0.525333150478727,0.525333150478727
65,111,Stage 4,Stage 4,0.7053426154563799,0.7053426154563799
65,112,Stage 4,Stage 4,0.8825414772363258,0.8825414772363258
65,113,Stage 4,Stage 4,0.8678602638962875,0.8678602638962875
65,114,Stage 4,Stage 4,0.8820799756255068,0.8820799756255068
65,115,Stage 4,Stage 4,0.866643541131437,0.866643541131437
65,116,Stage 4,Stage 4,0.9107112031193628,0.9107112031193628
65,117,Stage 4,Stage 4,0.8510370918558321,0.8510370918558321
65,118,Stage 4,Stage 1,0.24971099516132583,0.6691068294303217
65,119,Stage 1,Stage 1,0.10342734327326188,0.7955925570239336
65,120,Stage 4,Stage 4,0.8614981314098382,0.8614981314098382
65,121,Stage 4,Stage 4,0.8302574278273643,0.8302574278273643
65,122,Stage 4,Stage 4,0.7897482084852896,0.7897482084852896
65,123,Stage 4,Stage 4,0.7757666147634656,0.7757666147634656
65,124,Stage 4,Stage 4,0.7641531445858677,0.7641531445858677
65,125,Stage 4,Stage 1,0.3361690657655181,0.4822600771896631
65,126,Stage 4,Stage 4,0.9029112305982893,0.9029112305982893
65,127,Stage 4,Stage 4,0.6784694129419203,0.6784694129419203
65,128,Stage 4,Stage 1,0.22892992366705808,0.7188169193062381
65,129,Stage 4,Stage 4,0.5982941820237546,0.5982941820237546
65,130,Stage 4,Stage 4,0.7420413670390033,0.7420413670390033
65,131,Stage 4,Stage 4,0.7967192756100667,0.7967192756100667
65,132,Stage 4,Stage 4,0.8185126679294451,0.8185126679294451
65,133,Stage 4,Stage 1,0.34150006151523216,0.5423640996307504
65,134,Stage 4,Stage 4,0.6484261949830726,0.6484261949830726
65,135,Stage 4,Stage 4,0.470947873357456,0.470947873357456
65,136,Stage 4,Stage 1,0.19480388074421645,0.7600372356989901
65,137,Stage 1,Stage 1,0.20917855323181636,0.7272868325659037
65,138,Stage 4,Stage 4,0.7800994515031993,0.7800994515031993
65,139,Stage 4,Stage 4,0.7593691205360741,0.7593691205360741
65,140,Stage 4,Stage 1,0.3037236984494845,0.6054074013995161
65,141,Stage 4,Stage 4,0.48469450533953823,0.48469450533953823
65,142,Stage 4,Stage 4,0.832953235783191,0.832953235783191
65,143,Stage 4,Stage 4,0.5310161576286877,0.5310161576286877
65,144,Stage 4,Stage 4,0.7297699433885522,0.7297699433885522
65,145,Stage 4,Stage 4,0.6717405846736417,0.6717405846736417
65,146,Stage 1,Stage 1,0.024370425267820343,0.9663976400168666
65,147,Stage 1,Stage 4,0.5746568854451172,0.5746568854451172
65,148,Stage 1,Stage 1,0.03593711438305022,0.9415764606437341
65,149,Stage 4,Stage 4,0.6614024633545296,0.6614024633545296
65,150,Stage 4,Stage 4,0.7044396908871489,0.7044396908871489
65,151,Stage 1,Stage 1,0.2782099231379084,0.5813420068222716
65,152,Stage 1,Stage 1,0.057780858649467366,0.8997566918172786
65,153,Stage 1,Stage 1,0.09229160945331552,0.8851202728064387
65,154,Stage 4,Stage 4,0.6938880328569959,0.6938880328569959
65,155,Stage 4,Stage 1,0.22495871253717262,0.6695870842082361
65,156,Stage 4,Stage 4,0.7360562251065154,0.7360562251065154
65,157,Stage 1,Stage 1,0.08767875961094407,0.8866302410282647
65,158,Stage 1,Stage 1,0.024062736259768933,0.9645108993000372
65,159,Stage 1,Stage 1,0.005693099706824284,0.9923101877453172
65,160,Stage 4,Stage 4,0.49907244295191655,0.49907244295191655
65,161,Stage 4,Stage 4,0.7710067655816625,0.7710067655816625
65,162,Stage 1,Stage 4,0.4826255377939119,0.4826255377939119
65,163,Stage 1,Stage 1,0.2123180645864003,0.7468084294128572
65,164,Stage 1,Stage 1,0.1862797358752952,0.7913545818928047
65,165,Stage 4,Stage 4,0.9217394639417109,0.9217394639417109
65,166,Stage 1,Stage 1,0.06145768044805835,0.9233190937907848
65,167,Stage 1,Stage 1,0.09201479508416159,0.892855916089012
65,168,Stage 1,Stage 1,0.18352241898496796,0.7947172814619382
65,169,Stage 1,Stage 1,0.0174641458836822,0.9806608326319155
65,170,Stage 1,Stage 1,0.06654872198022435,0.9206466651876815
65,171,Stage 1,Stage 1,0.09376758593933443,0.8845996918262868
65,172,Stage 1,Stage 1,0.001991355367265493,0.9970542402042988
65,173,Stage 1,Stage 1,0.006736937704444613,0.9917683361939259
65,174,Stage 1,Stage 1,0.017577541435180068,0.9799136001843274
65,175,Stage 1,Stage 1,0.018351804806316964,0.975909098825976
65,176,Stage 1,Stage 1,0.043586949822001134,0.9481983220126087
65,177,Stage 1,Stage 1,0.03835679922338611,0.9552435388073612
65,178,Stage 1,Stage 1,0.0025831534194953533,0.9964767594188713
65,179,Stage 1,Stage 1,0.07007096702756953,0.913690041815474
65,180,Stage 1,Stage 1,0.3288501816956698,0.6448546587758845
65,181,Stage 1,Stage 1,0.005447140755842439,0.9935995904100722
65,182,Stage 1,Stage 1,0.002909715929890815,0.9961502934853294
65,183,Stage 1,Stage 1,0.007189427488189737,0.9909923711640118
65,184,Stage 1,Stage 1,0.0034108038147022727,0.995911709783851
65,185,Stage 1,Stage 1,0.003335407823052037,0.9961733538125032
65,186,Stage 1,Stage 1,0.02169499179098196,0.9750486282102961
65,187,Stage 1,Stage 1,0.008048911686004979,0.9909892161607956
65,188,Stage 1,Stage 1,0.05719795275910019,0.9400429861135834
65,189,Stage 1,Stage 1,0.010624970723005321,0.9853701107496627
65,190,Stage 1,Stage 1,0.004019965272595543,0.9954434664927755
65,191,Stage 1,Stage 1,0.002607127294073799,0.9969287669576281
65,192,Stage 1,Stage 1,0.009719561245437769,0.9887592553535413
65,193,Stage 1,Stage 1,8.335850900205368e-05,0.9998850886362478
65,194,Stage 1,Stage 1,0.03163561601993713,0.9664395381709251
65,195,Stage 1,Stage 1,0.002207518163974446,0.9973926816568652
65,196,Stage 1,Stage 1,1.573971272992734e-05,0.9999744304633127
65,197,Stage 1,Stage 1,0.0027524048561161953,0.9967769178027627
65,198,Stage 1,Stage 1,0.00020987642975564888,0.9997648262977439
65,199,Stage 1,Stage 1,0.000423318289622314,0.9995061738219334
65,200,Stage 1,Stage 1,4.217206435537342e-05,0.9999418025330732
65,201,Stage 1,Stage 1,0.0006728803306000718,0.9992444534869093
65,202,Stage 1,Stage 1,2.6506690818398908e-05,0.9999529354114193
65,203,Stage 1,Stage 1,0.0005609831440992886,0.9993712021310032
65,204,Stage 1,Stage 1,0.0006159574261532383,0.9992319676503568
65,205,Stage 1,Stage 1,0.0001918077980189391,0.9997921397638845
65,206,Stage 1,Stage 1,4.527679496801044e-05,0.999950577285121
65,207,Stage 1,Stage 1,4.646952538642214e-06,0.9999923977997475
65,208,Stage 1,Stage 1,0.00012134187247347964,0.9998685697041315
65,209,Stage 1,Stage 1,8.06486569870206e-05,0.9999148981765893
65,210,Stage 1,Stage 1,2.898653245897182e-06,0.9999964884234949
65,211,Stage 1,Stage 1,1.5450053253613233e-05,0.9999807077646347
65,212,Stage 1,Stage 1,1.7265768172597138e-05,0.9999794106674509
65,213,Stage 1,Stage 1,8.717341037076901e-06,0.9999897557128261
65,214,Stage 1,Stage 1,1.3451711771985617e-05,0.99998463884893
65,215,Stage 1,Stage 1,0.00015396542476258168,0.9998358825917917
65,216,Stage 1,Stage 1,3.508523750967679e-05,0.9999599759037724
65,217,Stage 1,Stage 1,3.2708469930153798e-06,0.9999962051042658
65,218,Stage 1,Stage 1,2.3356881037106713e-06,0.9999972086787077
65,219,Stage 1,Stage 1,4.628688839791914e-08,0.9999998971463392
65,220,Stage 1,Stage 1,1.0705474624779376e-05,0.9999883367713442
65,221,Stage 1,Stage 1,6.145651819175773e-06,0.9999932169403986
65,222,Stage 1,Stage 1,5.0758758684709835e-06,0.9999943246253369
65,223,Stage 1,Stage 1,1.3841737761430904e-07,0.9999998247709773
65,224,Stage 1,Stage 1,3.080169047531562e-06,0.9999964016541005
65,225,Stage 1,Stage 1,9.423270070504328e-07,0.9999989768508993
65,226,Stage 1,Stage 1,5.974104974787087e-07,0.9999993174322876
65,227,Stage 1,Stage 1,1.2149943436007104e-08,0.9999999662731032
65,228,Stage 1,Stage 1,2.2512612289490788e-07,0.9999997518787579
65,229,Stage 1,Stage 1,1.3744538143360125e-07,0.9999998466261557
65,230,Stage 1,Stage 1,6.800542469665372e-09,0.9999999856856698
65,231,Stage 1,Stage 1,8.263272237580536e-09,0.9999999905824647
65,232,Stage 1,Stage 1,1.9191582747010403e-08,0.9999999756677175
65,233,Stage 1,Stage 1,3.045769707630884e-08,0.9999999655037518
65,234,Stage 1,Stage 1,3.3893131121568413e-09,0.9999999947347462
67,1,Stage 4,Stage 1,0.3377453028519374,0.493394483379371
67,2,Stage 4,Stage 4,0.6589467803846001,0.6589467803846001
67,3,Stage 4,Stage 4,0.4954627138709034,0.4954627138709034
67,4,Stage 4,Stage 4,0.767720529965932,0.767720529965932
67,5,Stage 1,Stage 1,0.020639016818353603,0.9708786952866744
67,6,Stage 4,Stage 4,0.6598508008933027,0.6598508008933027
67,7,Stage 4,Stage 4,0.4668595617855657,0.4668595617855657
67,8,Stage 4,Stage 4,0.910350039133172,0.910350039133172
67,9,Stage 1,Stage 1,0.2727053345232683,0.6393287608730416
67,10,Stage 4,Stage 4,0.8632015118800614,0.8632015118800614
67,11,Stage 4,Stage 4,0.8270667152667364,0.8270667152667364
67,12,Stage 4,Stage 4,0.7092084070304882,0.7092084070304882
67,13,Stage 1,Stage 1,0.07477802309046098,0.9061546988296193
67,14,Stage 1,Stage 1,0.1734450611940266,0.7349396349112874
67,15,Stage 4,Stage 4,0.8108446786498756,0.8108446786498756
67,16,Stage 4,Stage 4,0.789097048689529,0.789097048689529
67,17,Stage 4,Stage 4,0.9037460936197865,0.9037460936197865
67,18,Stage 4,Stage 4,0.8138095478362424,0.8138095478362424
67,19,Stage 4,Stage 4,0.7126701193498697,0.7126701193498697
67,20,Stage 4,Stage 4,0.819259043050137,0.819259043050137
67,21,Stage 4,Stage 4,0.6839816688724465,0.6839816688724465
67,22,Stage 1,Stage 1,0.030262348330876137,0.9650292336035766
67,23,Stage 4,Stage 1,0.3227055349023033,0.5960612874211316
67,24,Stage 4,Stage 4,0.6458893063318557,0.6458893063318557
67,25,Stage 4,Stage 4,0.6931167456298832,0.6931167456298832
67,26,Stage 4,Stage 4,0.7261733913715859,0.7261733913715859
67,27,Stage 1,Stage 4,0.5107440738929802,0.5107440738929802
67,28,Stage 4,Stage 1,0.29051307986302916,0.6808166083852787
67,29,Stage 1,Stage 1,0.39629893453455073,0.5233968032834019
67,30,Stage 4,Stage 1,0.2726548131140978,0.6589619402728415
67,31,Stage 4,Stage 4,0.8608038181915388,0.8608038181915388
67,32,Stage 1,Stage 1,0.4319175703660295,0.509028370240883
67,33,Stage 1,Stage 4,0.43658416208456025,0.43658416208456025
67,34,Stage 4,Stage 4,0.6589538496346072,0.6589538496346072
67,35,Stage 1,Stage 1,0.1552609228626198,0.8113465880893775
67,36,Stage 4,Stage 4,0.8407977031562909,0.8407977031562909
67,37,Stage 4,Stage 4,0.6006973819380688,0.6006973819380688
67,38,Stage 4,Stage 4,0.723444906423317,0.723444906423317
67,39,Stage 1,Stage 1,0.2590280723946158,0.6901146979992238
67,40,Stage 1,Stage 4,0.4817657055461575,0.4817657055461575
67,41,Stage 1,Stage 4,0.6133210037314625,0.6133210037314625
67,42,Stage 4,Stage 1,0.40484147052567365,0.5391724063797678
67,43,Stage 4,Stage 4,0.700882405773563,0.700882405773563
67,44,Stage 1,Stage 1,0.0315212492046561,0.9592816383363009
67,45,Stage 4,Stage 1,0.40295077662792966,0.5480262404053998
67,46,Stage 1,Stage 1,0.062444176633243774,0.9124301215394991
67,47,Stage 1,Stage 1,0.3744960408333818,0.5185568827140956
67,48,Stage 1,Stage 1,0.26036091188141136,0.6896751871940145
67,49,Stage 4,Stage 4,0.576623513463058,0.576623513463058
67,50,Stage 1,Stage 4,0.6879050234444251,0.6879050234444251
67,51,Stage 4,Stage 1,0.20032419498944753,0.7635400847563852
67,52,Stage 1,Stage 1,0.3041183298697729,0.570241534316448
67,53,Stage 4,Stage 4,0.7894980636977026,0.7894980636977026
67,54,Stage 1,Stage 1,0.1046746100016286,0.8179641467276388
67,55,Stage 2,Stage 1,0.3318317044578147,0.5989284438048458
67,56,Stage 1,Stage 1,0.027929579649598482,0.9655515347063179
67,57,Stage 1,Stage 1,0.035433906188268645,0.9565844775528707
67,58,Stage 1,Stage 1,0.15957652925203344,0.8039173817298314
67,59,Stage 1,Stage 4,0.5434087967734212,0.5434087967734212
67,60,Stage 4,Stage 1,0.25216550410427524,0.6599541162528402
67,61,Stage 4,Stage 4,0.6336810556378679,0.6336810556378679
67,62,Stage 1,Stage 1,0.0387961322742957,0.9502500714402768
67,63,Stage 1,Stage 1,0.22439390882811408,0.7146781360411978
67,64,Stage 1,Stage 4,0.5338789451072765,0.5338789451072765
67,65,Stage 1,Stage 1,0.02900127327505244,0.9588951191600532
67,66,Stage 4,Stage 4,0.6763778609140245,0.6763778609140245
67,67,Stage 4,Stage 4,0.571319208861638,0.571319208861638
67,68,Stage 4,Stage 4,0.7373343144196409,0.7373343144196409
67,69,Stage 4,Stage 4,0.48895203641559176,0.48895203641559176
67,70,Stage 1,Stage 1,0.07075437536448731,0.8755561754106553
67,71,Stage 4,Stage 4,0.8342283466646231,0.8342283466646231
67,72,Stage 4,Stage 1,0.3877852383094294,0.5252941908250359
67,73,Stage 1,Stage 1,0.16191819845781624,0.7645237218772404
67,74,Stage 4,Stage 4,0.5582580037854468,0.5582580037854468
67,75,Stage 4,Stage 1,0.17013489319922223,0.7981589521475072
67,76,Stage 1,Stage 4,0.7012895614098695,0.7012895614098695
67,77,Stage 1,Stage 1,0.21111755577529992,0.7396147911008464
67,78,Stage 1,Stage 1,0.3736046110626441,0.5191248153059312
67,79,Stage 1,Stage 1,0.05000264671627251,0.9257372168528368
67,80,Stage 1,Stage 1,0.03087593433054499,0.9616020950642901
67,81,Stage 1,Stage 1,0.41210053296676413,0.564581408319188
67,82,Stage 1,Stage 1,0.15103070563353424,0.8152462060317408
67,83,Stage 1,Stage 4,0.5880378850806637,0.5880378850806637
67,84,Stage 1,Stage 1,0.24167590458365315,0.7052328203386061
67,85,Stage 1,Stage 1,0.014057003189918003,0.9788844547101262
67,86,Stage 1,Stage 4,0.5412796496232926,0.5412796496232926
67,87,Stage 1,Stage 4,0.6271477862830521,0.6271477862830521
67,88,Stage 4,Stage 4,0.8089193439084926,0.8089193439084926
67,89,Stage 1,Stage 1,0.060280593007275486,0.9253125032245517
67,90,Stage 1,Stage 4,0.5726390141918957,0.5726390141918957
67,91,Stage 1,Stage 1,0.3394729899493064,0.5750967150472517
67,92,Stage 1,Stage 1,0.09042889063817759,0.8838635251397129
67,93,Stage 1,Stage 1,0.16889854413641206,0.8011975482452358
67,94,Stage 4,Stage 4,0.5333971674332345,0.5333971674332345
67,95,Stage 1,Stage 1,0.11681366873590249,0.8578502321880203
67,96,Stage 1,Stage 1,0.011753733756926375,0.9833681197419137
67,97,Stage 1,Stage 1,0.2136807370953757,0.7549093403293288
67,98,Stage 1,Stage 1,0.11042110568864814,0.8786251087815105
67,99,Stage 1,Stage 4,0.6629490049335374,0.6629490049335374
67,100,Stage 4,Stage 4,0.8983677569392854,0.8983677569392854
67,101,Stage 1,Stage 1,0.006673173422031309,0.9876712717170234
67,102,Stage 4,Stage 4,0.739917303303681,0.739917303303681
67,103,Stage 1,Stage 1,0.38114925932595317,0.5758560183144317
67,104,Stage 1,Stage 1,0.02174940101377909,0.9635090243494098
67,105,Stage 1,Stage 1,0.09185021773850563,0.8932533970955623
67,106,Stage 4,Stage 4,0.6120070023898659,0.6120070023898659
67,107,Stage 1,Stage 1,0.18555627895813928,0.803238252098855
67,108,Stage 1,Stage 1,0.0034410125661695065,0.9923978285647326
67,109,Stage 1,Stage 1,0.006571400088590901,0.9915366163516169
67,110,Stage 1,Stage 1,0.04501567284288522,0.9442678939675841
67,111,Stage 1,Stage 4,0.7312231971972936,0.7312231971972936
67,112,Stage 1,Stage 1,0.04582590900251858,0.942630390450824
67,113,Stage 1,Stage 1,0.01733109646625545,0.9809892666071363
67,114,Stage 4,Stage 4,0.5182529796168021,0.5182529796168021
67,115,Stage 1,Stage 4,0.4594778542870814,0.4594778542870814
67,116,Stage 4,Stage 4,0.6026354583266493,0.6026354583266493
67,117,Stage 1,Stage 1,0.22237249810100215,0.7137659066111854
67,118,Stage 1,Stage 1,0.015216416611620884,0.9805730185883292
67,119,Stage 1,Stage 1,0.2807209935816769,0.6777517570330784
67,120,Stage 1,Stage 1,0.002746057708484342,0.9964341005990281
67,121,Stage 1,Stage 1,0.08707797873142469,0.8968041822235607
67,122,Stage 1,Stage 1,0.1107461588765587,0.8740556192424604
67,123,Stage 4,Stage 4,0.539025754892269,0.539025754892269
67,124,Stage 1,Stage 1,0.009255668899668971,0.9881327607073604
67,125,Stage 1,Stage 1,0.01191244963007291,0.9849031666373053
67,126,Stage 1,Stage 1,0.20928989525493435,0.7628761022622526
67,127,Stage 1,Stage 1,0.0026226291370015026,0.9963180383998207
67,128,Stage 1,Stage 1,0.004989289315303174,0.9930012353832419
67,129,Stage 1,Stage 1,0.039580515343924066,0.9510191109432209
67,130,Stage 1,Stage 1,0.043487134426333694,0.9455501752657031
67,131,Stage 1,Stage 1,0.00921774166959538,0.9891830172312827
67,132,Stage 1,Stage 1,0.17489570830622356,0.7988532385473494
67,133,Stage 1,Stage 1,0.14836371821231528,0.8408913873386049
67,134,Stage 1,Stage 1,0.08142172015439164,0.9035093148153563
67,135,Stage 1,Stage 1,0.001999261089788176,0.9972868889753245
67,136,Stage 1,Stage 1,0.003494614647895528,0.9942299348249004
67,137,Stage 1,Stage 1,0.18619357494759292,0.7936663407282107
67,138,Stage 1,Stage 1,0.06559334758372926,0.9174087320143721
67,139,Stage 1,Stage 1,0.002520414348893916,0.9969432654549715
67,140,Stage 1,Stage 1,0.07788254168395548,0.9095567656276953
67,141,Stage 1,Stage 1,0.00181474059430465,0.9976316190603641
67,142,Stage 1,Stage 1,0.014196533100873465,0.9835509651047614
67,143,Stage 1,Stage 1,0.165170512390155,0.818093878029064
67,144,Stage 1,Stage 1,0.018550812792504548,0.9780569741258827
67,145,Stage 1,Stage 1,0.42568589606417706,0.5240196055042923
67,146,Stage 1,Stage 1,0.009364533562533658,0.9883391242315984
67,147,Stage 1,Stage 1,0.010366709117764442,0.9790951321398605
67,148,Stage 1,Stage 1,0.021214429168233614,0.9740157806939557
67,149,Stage 1,Stage 1,0.04131794468591817,0.9480007433645153
67,150,Stage 1,Stage 1,0.04253404996377987,0.9516169417175506
67,151,Stage 1,Stage 1,0.05803658148339009,0.9328754224991046
67,152,Stage 1,Stage 1,0.018576636568690404,0.9795758513838175
67,153,Stage 1,Stage 1,0.002573219450627722,0.9967729028280926
67,154,Stage 1,Stage 1,0.011902287324373833,0.9861833262683884
67,155,Stage 1,Stage 1,0.02471983930793979,0.9702179414317054
67,156,Stage 1,Stage 1,0.0005035222840707517,0.999351914024038
67,157,Stage 1,Stage 1,0.0884254019464636,0.9001128298110703
67,158,Stage 1,Stage 1,0.1496208262797524,0.8354959666647342
67,159,Stage 1,Stage 1,0.012238022434493148,0.9863215153485597
67,160,Stage 1,Stage 1,0.010154449221276484,0.988362445056904
67,161,Stage 1,Stage 1,0.25396084098532623,0.7346538150178963
67,162,Stage 1,Stage 1,0.00041281611692497945,0.9994772058305081
67,163,Stage 1,Stage 1,0.019766832564248046,0.9771955427507899
67,164,Stage 1,Stage 1,0.0007742935312013485,0.9990642938675939
67,165,Stage 1,Stage 1,0.004732101475092009,0.993950404996353
67,166,Stage 1,Stage 1,0.02106555713036888,0.9775398828726474
67,167,Stage 1,Stage 1,0.005146794413370749,0.99388679539103
67,168,Stage 1,Stage 1,0.03958787152924459,0.9514301630123719
67,169,Stage 1,Stage 1,0.01819930853000055,0.9807717925293111
67,170,Stage 1,Stage 1,0.004599142448098988,0.9948687923226034
67,171,Stage 1,Stage 1,0.007860227634609444,0.9910988280037331
67,172,Stage 1,Stage 1,0.03873559614861497,0.954651863850405
67,173,Stage 1,Stage 1,0.0003468545967804851,0.9995485743394065
67,174,Stage 1,Stage 1,0.0022217968751088064,0.9972181407752863
67,175,Stage 1,Stage 1,0.0032304969404843764,0.9960379656294248
67,176,Stage 1,Stage 1,0.0008744775509575997,0.9989220247450212
67,177,Stage 1,Stage 1,0.004723184003764726,0.9941946028232356
67,178,Stage 1,Stage 1,0.005524195760766087,0.9939124382672352
67,179,Stage 1,Stage 1,0.01191889676076229,0.9871823761765618
67,180,Stage 1,Stage 1,0.017371686241033708,0.9792473776334415
67,181,Stage 1,Stage 1,0.004535621877142262,0.9945015961303164
67,182,Stage 1,Stage 1,0.007011648420448572,0.9924835023081005
67,183,Stage 1,Stage 1,0.0022201585267887162,0.9972977187503751
67,184,Stage 1,Stage 1,0.007018462647094975,0.9925196280198815
67,185,Stage 1,Stage 1,0.0005654721219660468,0.9992766399007457
67,186,Stage 1,Stage 1,0.029409769630861237,0.9661525255381969
67,187,Stage 1,Stage 1,9.482875078133855e-05,0.9998715120003402
67,188,Stage 1,Stage 1,0.14699638295177117,0.8401163574677245
67,189,Stage 1,Stage 1,0.022366715278019367,0.9761182337684251
67,190,Stage 1,Stage 1,2.6048775437668296e-05,0.9999672042387732
67,191,Stage 1,Stage 1,1.1175660002628327e-05,0.9999816220719973
67,192,Stage 1,Stage 1,0.0014880713654608342,0.9984292320165772
67,193,Stage 1,Stage 1,0.0027551424074578985,0.9969837237329542
67,194,Stage 1,Stage 1,0.00013104918291168374,0.9998388800274323
67,195,Stage 1,Stage 1,0.00032976063056926815,0.9996069474126469
67,196,Stage 1,Stage 1,1.721760049331549e-05,0.9999795466568362
67,197,Stage 1,Stage 1,0.00020843577700415013,0.9997261197391782
67,198,Stage 1,Stage 1,0.0004610455510014173,0.9994555398568796
67,199,Stage 1,Stage 1,0.0073046870536990416,0.9918804865112008
67,200,Stage 1,Stage 1,0.0001501138089394752,0.9998305299022979
67,201,Stage 1,Stage 1,0.00023426867595926346,0.9997429132839728
67,202,Stage 1,Stage 1,0.0002248980654388574,0.9997528328594419
67,203,Stage 1,Stage 1,0.004572127482727284,0.9950497968940331
67,204,Stage 1,Stage 1,0.002400953948438115,0.9973490404455975
67,205,Stage 1,Stage 1,0.0001277297556772229,0.9998424224875847
67,206,Stage 1,Stage 1,9.056621370156271e-05,0.9998793111871921
67,207,Stage 1,Stage 1,0.00214438447758146,0.9977405844349027
67,208,Stage 1,Stage 1,5.488665289518242e-05,0.999936624666854
67,209,Stage 1,Stage 1,0.0003649130833252866,0.9995560638537139
67,210,Stage 1,Stage 1,0.00014167474076072454,0.9998022525824166
67,211,Stage 1,Stage 1,0.00012091104772426769,0.9998449145193178
67,212,Stage 1,Stage 1,0.00016829577979001725,0.9998073060526601
67,213,Stage 1,Stage 1,9.899884762842349e-06,0.9999860346294439
67,214,Stage 1,Stage 1,1.1545733387673635e-06,0.9999977193262862
67,215,Stage 1,Stage 1,3.871661333860741e-05,0.9999494348203568
67,216,Stage 1,Stage 1,0.0001260116759677672,0.9998573760861326
67,217,Stage 1,Stage 1,8.42541146365606e-07,0.9999984686497092
67,218,Stage 1,Stage 1,0.0021543596537754207,0.9977550715659678
67,219,Stage 1,Stage 1,3.709563153801356e-06,0.9999956460612609
67,220,Stage 1,Stage 1,0.0001195425392363166,0.99985069371572
67,221,Stage 1,Stage 1,3.4047619146296522e-06,0.9999957607364762
67,222,Stage 1,Stage 1,2.333137379696574e-05,0.9999710682940052
67,223,Stage 1,Stage 1,5.73920799632281e-05,0.9999351519964453
67,224,Stage 1,Stage 1,0.0002691260974475897,0.9996922921699035
67,225,Stage 1,Stage 1,5.630626889920689e-06,0.9999932852714506
67,226,Stage 1,Stage 1,2.839155212217247e-06,0.999995840930586
67,227,Stage 1,Stage 1,2.3739122266737033e-06,0.9999964063692061
67,228,Stage 1,Stage 1,1.0265022978582364e-06,0.9999986250679123
67,229,Stage 1,Stage 1,9.358958409991162e-07,0.9999989288725522
67,230,Stage 1,Stage 1,3.43391092218843e-05,0.9999634878910287
67,231,Stage 1,Stage 1,8.90296137750018e-05,0.9999069542023038
67,232,Stage 1,Stage 1,4.874848590648073e-06,0.9999931368492321
67,233,Stage 1,Stage 1,2.686049674393132e-06,0.999996733443323
67,234,Stage 1,Stage 1,5.852141392427043e-07,0.9999990867587398
67,235,Stage 1,Stage 1,0.0004565586868070516,0.999530079439561
67,236,Stage 1,Stage 1,6.68422817384618e-07,0.9999992211638111
67,237,Stage 1,Stage 1,3.386991940123254e-07,0.9999995798022663
67,238,Stage 1,Stage 1,4.7737404936779965e-06,0.999994798059574
67,239,Stage 1,Stage 1,1.28980019980083e-07,0.9999997404262034
67,240,Stage 1,Stage 1,2.7251156881039143e-07,0.9999994995173873
67,241,Stage 1,Stage 1,1.407202713866346e-05,0.9999839657455514
67,242,Stage 1,Stage 1,4.7288258507858554e-07,0.9999993532210267
67,243,Stage 1,Stage 1,6.128123780465316e-07,0.9999992630715634
67,244,Stage 1,Stage 1,1.1100667120610295e-06,0.9999985700221994
67,245,Stage 1,Stage 1,2.1849927104885904e-07,0.9999997341763098
67,246,Stage 1,Stage 1,6.430479515316662e-08,0.9999999064970192
67,247,Stage 1,Stage 1,5.892004183411873e-08,0.9999998837556534
67,248,Stage 1,Stage 1,1.5906753828375685e-06,0.9999982409041657
67,249,Stage 1,Stage 1,5.70865855572318e-08,0.999999867623528
67,250,Stage 1,Stage 1,1.0627389598186122e-07,0.9999998743571659
67,251,Stage 1,Stage 1,2.1832921985857363e-09,0.9999999905343903
67,252,Stage 1,Stage 1,4.978104653929093e-07,0.9999993992323916
67,253,Stage 1,Stage 1,1.381270926783753e-06,0.9999985880847004
67,254,Stage 1,Stage 1,6.542713685679706e-07,0.9999993003460955
67,255,Stage 1,Stage 1,7.0027243126121995e-09,0.9999999819048374
67,256,Stage 1,Stage 1,2.7900136009465076e-08,0.9999999606886594
67,257,Stage 1,Stage 1,1.806950577129666e-08,0.9999999598298793
67,258,Stage 1,Stage 1,2.035725427417513e-08,0.999999958757042
67,259,Stage 1,Stage 1,2.5847147636286607e-08,0.999999967901403
67,260,Stage 1,Stage 1,7.033266405173789e-09,0.9999999893324901
67,261,Stage 1,Stage 1,4.3754230125917034e-09,0.9999999930437493
67,262,Stage 1,Stage 1,1.1323006325880179e-08,0.9999999841017606
67,263,Stage 1,Stage 1,1.6835406131300554e-08,0.9999999803467242
70,1,Stage 4,Stage 4,0.8844330962591156,0.8844330962591156
70,2,Stage 4,Stage 4,0.7695159894428691,0.7695159894428691
70,3,Stage 4,Stage 4,0.7075472651168712,0.7075472651168712
70,4,Stage 4,Stage 4,0.832248474526224,0.832248474526224
70,5,Stage 4,Stage 4,0.7728220024522039,0.7728220024522039
70,6,Stage 4,Stage 4,0.8073024351667246,0.8073024351667246
70,7,Stage 2,Stage 4,0.4749787792742773,0.4749787792742773
70,8,Stage 4,Stage 4,0.9095341102539616,0.9095341102539616
70,9,Stage 4,Stage 4,0.7001042489300983,0.7001042489300983
70,10,Stage 4,Stage 4,0.8584606584491046,0.8584606584491046
70,11,Stage 4,Stage 4,0.6169286935813133,0.6169286935813133
70,12,Stage 4,Stage 4,0.6543391602506611,0.6543391602506611
70,13,Stage 4,Stage 4,0.9424282139258564,0.9424282139258564
70,14,Stage 4,Stage 4,0.8819468222574202,0.8819468222574202
70,15,Stage 4,Stage 4,0.8383722938628475,0.8383722938628475
70,16,Stage 4,Stage 4,0.8874421408638291,0.8874421408638291
70,17,Stage 4,Stage 4,0.6392479385003605,0.6392479385003605
70,18,Stage 4,Stage 4,0.5933377917002541,0.5933377917002541
70,19,Stage 2,Stage 4,0.43368023182637894,0.43368023182637894
70,20,Stage 4,Stage 4,0.7472497280230516,0.7472497280230516
70,21,Stage 4,Stage 4,0.890921949664629,0.890921949664629
70,22,Stage 4,Stage 4,0.5081741127213424,0.5081741127213424
70,23,Stage 4,Stage 4,0.6948099013170532,0.6948099013170532
70,24,Stage 4,Stage 4,0.8356945722831223,0.8356945722831223
70,25,Stage 4,Stage 4,0.7053072108763377,0.7053072108763377
70,26,Stage 4,Stage 4,0.7580662343166925,0.7580662343166925
70,27,Stage 4,Stage 4,0.6935456747955626,0.6935456747955626
70,28,Stage 4,Stage 4,0.6871801374902773,0.6871801374902773
70,29,Stage 4,Stage 4,0.7423656716740468,0.7423656716740468
70,30,Stage 4,Stage 4,0.7503625568765674,0.7503625568765674
70,31,Stage 4,Stage 4,0.5951997237000299,0.5951997237000299
70,32,Stage 4,Stage 4,0.8460059324084205,0.8460059324084205
70,33,Stage 4,Stage 4,0.9063352168076064,0.9063352168076064
70,34,Stage 4,Stage 4,0.8729550004419571,0.8729550004419571
70,35,Stage 4,Stage 4,0.8804349961718143,0.8804349961718143
70,36,Stage 4,Stage 4,0.5455235650384787,0.5455235650384787
70,37,Stage 4,Stage 4,0.7897429843833541,0.7897429843833541
70,38,Stage 4,Stage 4,0.5057107097050322,0.5057107097050322
70,39,Stage 4,Stage 4,0.6812325355772545,0.6812325355772545
70,40,Stage 4,Stage 4,0.8603060073923465,0.8603060073923465
70,41,Stage 4,Stage 4,0.6962907351109476,0.6962907351109476
70,42,Stage 4,Stage 4,0.5555117310796694,0.5555117310796694
70,43,Stage 4,Stage 4,0.8044164087436702,0.8044164087436702
70,44,Stage 4,Stage 4,0.6671051621969755,0.6671051621969755
70,45,Stage 4,Stage 4,0.8234997103714075,0.8234997103714075
70,46,Stage 4,Stage 4,0.7132851889278733,0.7132851889278733
70,47,Stage 4,Stage 4,0.6811484793535391,0.6811484793535391
70,48,Stage 4,Stage 4,0.7897455056037936,0.7897455056037936
70,49,Stage 4,Stage 4,0.6552346388681244,0.6552346388681244
70,50,Stage 4,Stage 4,0.5517494710123881,0.5517494710123881
70,51,Stage 4,Stage 4,0.4079899478305899,0.4079899478305899
70,52,Stage 4,Stage 4,0.8691625368345719,0.8691625368345719
70,53,Stage 4,Stage 4,0.4850608668658737,0.4850608668658737
70,54,Stage 4,Stage 4,0.49929539475860435,0.49929539475860435
70,55,Stage 4,Stage 4,0.8879737149516249,0.8879737149516249
70,56,Stage 4,Stage 4,0.9313163116136296,0.9313163116136296
70,57,Stage 4,Stage 4,0.8657905187690158,0.8657905187690158
70,58,Stage 4,Stage 4,0.5653553932611884,0.5653553932611884
70,59,Stage 4,Stage 4,0.8735517483401168,0.8735517483401168
70,60,Stage 4,Stage 4,0.447628644475232,0.447628644475232
70,61,Stage 4,Stage 4,0.8966601316546341,0.8966601316546341
70,62,Stage 4,Stage 4,0.9036953730278979,0.9036953730278979
70,63,Stage 4,Stage 4,0.4479408354471615,0.4479408354471615
70,64,Stage 4,Stage 4,0.8862494109973826,0.8862494109973826
70,65,Stage 4,Stage 4,0.4374121908398719,0.4374121908398719
70,66,Stage 4,Stage 4,0.7277428917084494,0.7277428917084494
70,67,Stage 4,Stage 4,0.8690113402642401,0.8690113402642401
70,68,Stage 4,Stage 4,0.9084421105612198,0.9084421105612198
70,69,Stage 4,Stage 4,0.8669619212772132,0.8669619212772132
70,70,Stage 4,Stage 4,0.5638302385966215,0.5638302385966215
70,71,Stage 4,Stage 4,0.6517001954383861,0.6517001954383861
70,72,Stage 4,Stage 4,0.4764971618337107,0.4764971618337107
70,73,Stage 4,Stage 4,0.892925186153517,0.892925186153517
70,74,Stage 4,Stage 4,0.5123824744959494,0.5123824744959494
70,75,Stage 4,Stage 4,0.8955289399029749,0.8955289399029749
70,76,Stage 4,Stage 4,0.7231366531977695,0.7231366531977695
70,77,Stage 4,Stage 1,0.24517450395447762,0.6198018581562901
70,78,Stage 4,Stage 4,0.9197968884101959,0.9197968884101959
70,79,Stage 4,Stage 4,0.8965138520112156,0.8965138520112156
70,80,Stage 4,Stage 4,0.6250918692275805,0.6250918692275805
70,81,Stage 4,Stage 4,0.4343248761772025,0.4343248761772025
70,82,Stage 4,Stage 4,0.5784560609633788,0.5784560609633788
70,83,Stage 4,Stage 4,0.5595916410654094,0.5595916410654094
70,84,Stage 4,Stage 4,0.8668658938375897,0.8668658938375897
70,85,Stage 4,Stage 4,0.9268383145150211,0.9268383145150211
70,86,Stage 1,Stage 4,0.47731731844600234,0.47731731844600234
70,87,Stage 1,Stage 4,0.4632482576094024,0.4632482576094024
70,88,Stage 4,Stage 4,0.641685398280727,0.641685398280727
70,89,Stage 4,Stage 4,0.8285711065401152,0.8285711065401152
70,90,Stage 4,Stage 4,0.8245842935904727,0.8245842935904727
70,91,Stage 4,Stage 1,0.38037316351086276,0.5528859730151299
70,92,Stage 1,Stage 1,0.14394725829674926,0.7720825651936005
70,93,Stage 4,Stage 4,0.6482233806521784,0.6482233806521784
70,94,Stage 4,Stage 4,0.5714627797157515,0.5714627797157515
70,95,Stage 1,Stage 1,0.3738833801803522,0.5719525942303679
70,96,Stage 1,Stage 1,0.2592361658389714,0.7004401604428583
70,97,Stage 4,Stage 4,0.7517133970309916,0.7517133970309916
70,98,Stage 4,Stage 1,0.4274073383607322,0.5199567452643589
70,99,Stage 1,Stage 4,0.569489685067727,0.569489685067727
70,100,Stage 1,Stage 1,0.20802615916248263,0.7474963530320156
70,101,Stage 4,Stage 4,0.6389424104560217,0.6389424104560217
70,102,Stage 1,Stage 1,0.03678789239003395,0.9284287939303234
70,103,Stage 1,Stage 1,0.33632298016805295,0.622800334474922
70,104,Stage 1,Stage 1,0.11301502060406861,0.8579346615673661
70,105,Stage 4,Stage 4,0.4484451338324766,0.4484451338324766
70,106,Stage 4,Stage 4,0.48462161599631143,0.48462161599631143
70,107,Stage 1,Stage 1,0.4269035024745919,0.4903105622051309
70,108,Stage 1,Stage 1,0.1790923797339642,0.7635999908699778
70,109,Stage 1,Stage 1,0.22541163011371015,0.7036895456843741
70,110,Stage 1,Stage 1,0.1453225087034156,0.7908386487310965
70,111,Stage 1,Stage 1,0.043045716669815784,0.9397056462451465
70,112,Stage 4,Stage 4,0.8246327558153461,0.8246327558153461
70,113,Stage 1,Stage 4,0.5046485054345528,0.5046485054345528
70,114,Stage 1,Stage 4,0.5693996807685192,0.5693996807685192
70,115,Stage 1,Stage 1,0.24153309429483766,0.7166894301768559
70,116,Stage 1,Stage 1,0.04278466066177865,0.9501732786674421
70,117,Stage 1,Stage 1,0.007297673700030793,0.9899843169505496
70,118,Stage 1,Stage 1,0.02163263924837731,0.9747858461551141
70,119,Stage 1,Stage 1,0.3919387485468685,0.5097620458046894
70,120,Stage 1,Stage 1,0.05794703493673374,0.9196435181032369
70,121,Stage 1,Stage 1,0.0961295845297055,0.8814884398316585
70,122,Stage 1,Stage 1,0.398516527344767,0.5354137111305116
70,123,Stage 1,Stage 1,0.24809886969119674,0.7308214046922449
70,124,Stage 1,Stage 1,0.0023049137106633255,0.9968873760916289
70,125,Stage 1,Stage 1,0.2610142514949318,0.7014336680985724
70,126,Stage 1,Stage 1,0.20663800017308226,0.7676039087276543
70,127,Stage 1,Stage 1,0.2566274229247504,0.7290258015515979
70,128,Stage 1,Stage 1,0.069138360610752,0.9267467495650867
70,129,Stage 1,Stage 1,0.09427765301632533,0.8891493193424723
70,130,Stage 1,Stage 1,0.006010644934744261,0.9929129169672839
70,131,Stage 1,Stage 1,0.0007855704569668296,0.9990684003792877
70,132,Stage 1,Stage 1,0.00017528952507569475,0.9996373001856487
70,133,Stage 1,Stage 1,0.0009102433149646356,0.9987578974421308
70,134,Stage 1,Stage 1,0.001224811523610858,0.9982313072176029
70,135,Stage 1,Stage 1,0.007199075034784384,0.9896736778572934
70,136,Stage 1,Stage 1,8.089093673281598e-05,0.9998826372794122
70,137,Stage 1,Stage 1,0.0010123618265808151,0.9986773884771011
70,138,Stage 1,Stage 1,0.00013180875959079998,0.9998214973472919
70,139,Stage 1,Stage 1,9.567201367785062e-05,0.9998763824418225
70,140,Stage 1,Stage 1,0.002404913339303651,0.9975060823160817
70,141,Stage 1,Stage 1,0.0036070923029051663,0.9960587956779949
70,142,Stage 1,Stage 1,0.015897653110946184,0.9829481348229804
70,143,Stage 1,Stage 1,0.015430231468968164,0.983084386002213
70,144,Stage 1,Stage 1,0.00012293335656230988,0.9998423041082525
70,145,Stage 1,Stage 1,8.529486302911802e-05,0.9998453820262396
70,146,Stage 1,Stage 1,0.0008205117926364331,0.9990626750229855
70,147,Stage 1,Stage 1,1.6730689751601122e-05,0.9999753949587503
70,148,Stage 1,Stage 1,1.9985958594799302e-05,0.9999692657256256
70,149,Stage 1,Stage 1,0.0018180813843130764,0.9979385181901351
70,150,Stage 1,Stage 1,0.00023107849854843286,0.9997431358953849
70,151,Stage 1,Stage 1,0.00010190511314223798,0.9998773301407936
70,152,Stage 1,Stage 1,2.948784812174518e-05,0.9999633642689204
70,153,Stage 1,Stage 1,0.0008306941283011185,0.99907867330456
70,154,Stage 1,Stage 1,5.380303295511008e-05,0.9999326004874144
70,155,Stage 1,Stage 1,4.067052667242505e-06,0.9999951436757601
70,156,Stage 1,Stage 1,5.867442635253163e-06,0.9999928276255938
70,157,Stage 1,Stage 1,1.9700268074105328e-05,0.9999744760024936
70,158,Stage 1,Stage 1,1.558122424851194e-05,0.9999825997765109
70,159,Stage 1,Stage 1,6.702050733619319e-08,0.9999998899931156
70,160,Stage 1,Stage 1,1.4987636590254977e-07,0.9999997168585533
70,161,Stage 1,Stage 1,7.559081433670698e-06,0.9999914049410347
70,162,Stage 1,Stage 1,4.0445272070049e-06,0.9999952777007823
70,163,Stage 1,Stage 1,8.705300129064169e-07,0.9999990262605141
70,164,Stage 1,Stage 1,2.458170659863213e-07,0.9999996673173005
70,165,Stage 1,Stage 1,9.671864671606427e-07,0.9999987968658202
70,166,Stage 1,Stage 1,2.072456320371646e-08,0.9999999645949106
70,167,Stage 1,Stage 1,4.063942723481501e-06,0.9999957032417407
70,168,Stage 1,Stage 1,2.1315513263813433e-07,0.9999997316277164
70,169,Stage 1,Stage 1,5.375932376496951e-09,0.9999999899496651
70,170,Stage 1,Stage 1,7.641896931420171e-08,0.9999998859930611
70,171,Stage 1,Stage 1,3.658002448318449e-09,0.9999999916731649
70,172,Stage 1,Stage 1,5.793174714282414e-09,0.9999999927716632
74,1,Stage 4,Stage 4,0.5930944210849152,0.5930944210849152
74,2,Stage 4,Stage 4,0.8296580045719074,0.8296580045719074
74,3,Stage 1,Stage 1,0.25780273658535946,0.6071089499874188
74,4,Stage 1,Stage 1,0.37484010727008316,0.529064699323722
74,5,Stage 4,Stage 4,0.5385474089721229,0.5385474089721229
74,6,Stage 1,Stage 1,0.022825421642305038,0.9600403092066638
74,7,Stage 4,Stage 4,0.9258892871297395,0.9258892871297395
74,8,Stage 4,Stage 4,0.7663025731621115,0.7663025731621115
74,9,Stage 4,Stage 4,0.8175953251067134,0.8175953251067134
74,10,Stage 4,Stage 4,0.8886542794456758,0.8886542794456758
74,11,Stage 4,Stage 4,0.9229848502183279,0.9229848502183279
74,12,Stage 2,Stage 1,0.13073689655418916,0.7802878708267424
74,13,Stage 4,Stage 4,0.7772203741377439,0.7772203741377439
74,14,Stage 4,Stage 4,0.9201388993566495,0.9201388993566495
74,15,Stage 4,Stage 1,0.3243835546048727,0.5800894518671279
74,16,Stage 4,Stage 4,0.5528924709527293,0.5528924709527293
74,17,Stage 1,Stage 4,0.5258399013322457,0.5258399013322457
74,18,Stage 4,Stage 4,0.5128703960152773,0.5128703960152773
74,19,Stage 4,Stage 4,0.4967359619706127,0.4967359619706127
74,20,Stage 4,Stage 4,0.8030068082049504,0.8030068082049504
74,21,Stage 1,Stage 1,0.2575360758862156,0.6260978218068749
74,22,Stage 4,Stage 1,0.37855278604229003,0.4411836757070008
74,23,Stage 4,Stage 4,0.4837893511449198,0.4837893511449198
74,24,Stage 4,Stage 4,0.6654692754431383,0.6654692754431383
74,25,Stage 1,Stage 4,0.4909255991042456,0.4909255991042456
74,26,Stage 4,Stage 4,0.7194421128385913,0.7194421128385913
74,27,Stage 4,Stage 1,0.38974383754463754,0.560878897253539
74,28,Stage 1,Stage 1,0.22474340933008324,0.7478036119875399
74,29,Stage 4,Stage 4,0.7987804797547298,0.7987804797547298
74,30,Stage 4,Stage 1,0.27896138074566174,0.598771052943057
74,31,Stage 1,Stage 1,0.23225423135699425,0.701160357575547
74,32,Stage 4,Stage 1,0.19715542630944835,0.7652972879167255
74,33,Stage 4,Stage 4,0.6423057588941873,0.6423057588941873
74,34,Stage 4,Stage 4,0.7094140748270732,0.7094140748270732
74,35,Stage 4,Stage 4,0.8561658735496094,0.8561658735496094
74,36,Stage 1,Stage 1,0.3863563690576554,0.4804109973007617
74,37,Stage 4,Stage 4,0.665073573353648,0.665073573353648
74,38,Stage 4,Stage 1,0.15151953344880167,0.8044195320823224
74,39,Stage 1,Stage 4,0.5076383296136883,0.5076383296136883
74,40,Stage 4,Stage 4,0.6182284511854721,0.6182284511854721
74,41,Stage 1,Stage 1,0.35387644280710095,0.5505099538618325
74,42,Stage 4,Stage 4,0.7124571245947549,0.7124571245947549
74,43,Stage 4,Stage 4,0.6352038568393257,0.6352038568393257
74,44,Stage 1,Stage 4,0.8377584709770334,0.8377584709770334
74,45,Stage 4,Stage 4,0.6054785934190772,0.6054785934190772
74,46,Stage 4,Stage 4,0.719709418304328,0.719709418304328
74,47,Stage 1,Stage 1,0.16564555701964911,0.7646738746607532
74,48,Stage 4,Stage 1,0.265478214286532,0.6929895908851581
74,49,Stage 4,Stage 4,0.6042784763373509,0.6042784763373509
74,50,Stage 1,Stage 4,0.5941405421542207,0.5941405421542207
74,51,Stage 4,Stage 1,0.27979872427583374,0.5974982915264268
74,52,Stage 4,Stage 4,0.6095697990647112,0.6095697990647112
74,53,Stage 1,Stage 1,0.10894802030549526,0.8656828336494952
74,54,Stage 4,Stage 4,0.6149066919110279,0.6149066919110279
74,55,Stage 1,Stage 1,0.37206174066740566,0.6014971202224058
74,56,Stage 1,Stage 1,0.0782706814344978,0.9015041908997732
74,57,Stage 1,Stage 1,0.07808455866104919,0.8999871349932939
74,58,Stage 4,Stage 4,0.8964408079963055,0.8964408079963055
74,59,Stage 1,Stage 1,0.015027547187284718,0.9800976881591649
74,60,Stage 1,Stage 1,0.11006353731234893,0.8293292553511113
74,61,Stage 1,Stage 1,0.0876505645454535,0.8822169452433417
74,62,Stage 4,Stage 4,0.7200457628661037,0.7200457628661037
74,63,Stage 1,Stage 1,0.3284805202697308,0.6091394771287229
74,64,Stage 4,Stage 1,0.32556606338377614,0.6008336274454297
74,65,Stage 1,Stage 1,0.027116201301449608,0.958685971025369
74,66,Stage 1,Stage 1,0.06854776037146268,0.9059762234094433
74,67,Stage 4,Stage 4,0.6953483751740986,0.6953483751740986
74,68,Stage 1,Stage 1,0.00612496325103296,0.9862251099728641
74,69,Stage 1,Stage 1,0.4443149291606799,0.5077342430547209
74,70,Stage 1,Stage 1,0.26268805009872465,0.6851427639402558
74,71,Stage 4,Stage 4,0.6628526546994533,0.6628526546994533
74,72,Stage 4,Stage 4,0.5717571081252367,0.5717571081252367
74,73,Stage 4,Stage 1,0.2251338852834116,0.7579350731841973
74,74,Stage 1,Stage 1,0.09005728990436683,0.8751702681866286
74,75,Stage 4,Stage 1,0.38791318106439565,0.42527673211860295
74,76,Stage 1,Stage 1,0.13058490060058384,0.8496244486599994
74,77,Stage 1,Stage 1,0.09986255228386226,0.883693897882594
74,78,Stage 4,Stage 4,0.8788331923851838,0.8788331923851838
74,79,Stage 1,Stage 1,0.2479250281490745,0.6303249190235705
74,80,Stage 1,Stage 1,0.08954513920954839,0.8749075236695653
74,81,Stage 1,Stage 1,0.35650242228430246,0.5967008502628818
74,82,Stage 1,Stage 1,0.2808912692421837,0.6194417200610883
74,83,Stage 1,Stage 1,0.26989200338380265,0.6546893398132693
74,84,Stage 1,Stage 1,0.13034766810597842,0.8446511753436995
74,85,Stage 1,Stage 1,0.11725082049099506,0.853017390547943
74,86,Stage 1,Stage 1,0.05430465491806666,0.9322999795309145
74,87,Stage 1,Stage 1,0.01840889647671427,0.9764208456792559
74,88,Stage 1,Stage 1,0.13067928195972411,0.8561708772989426
74,89,Stage 1,Stage 1,0.05855342293808117,0.9165808060042552
74,90,Stage 1,Stage 1,0.041759006157623436,0.9466178491145704
74,91,Stage 1,Stage 1,0.09799691072390188,0.8536838688804129
74,92,Stage 1,Stage 1,0.04600776299628803,0.939531062938708
74,93,Stage 1,Stage 1,0.05422040032587984,0.9365644998003676
74,94,Stage 1,Stage 1,0.05874420158850077,0.9263475253821137
74,95,Stage 1,Stage 1,0.008109514627880707,0.9894055629625861
74,96,Stage 1,Stage 1,0.2527881579686632,0.7111424073827253
74,97,Stage 1,Stage 1,0.09185718890991741,0.8662239937107856
74,98,Stage 1,Stage 1,0.1334982072753311,0.8274484801187806
74,99,Stage 1,Stage 1,0.361027078829933,0.5527535212671496
74,100,Stage 1,Stage 1,0.007890208640260611,0.9867739690469787
74,101,Stage 1,Stage 1,0.01711782736871362,0.9769616185395336
74,102,Stage 1,Stage 1,0.08320273235729042,0.9064273792351162
74,103,Stage 1,Stage 1,0.08684905053111101,0.8900244724495766
74,104,Stage 1,Stage 1,0.041235288035676596,0.9493142251124522
74,105,Stage 1,Stage 1,0.022498040914582722,0.9726428983122
74,106,Stage 1,Stage 1,0.03723463686972934,0.9499937539640992
74,107,Stage 1,Stage 1,0.012769717765764292,0.9797126123902462
74,108,Stage 1,Stage 1,0.04425383335456111,0.9412694004102866
74,109,Stage 1,Stage 1,0.006877639433467977,0.9908156390516927
74,110,Stage 1,Stage 1,0.03179972819467294,0.956531465245887
74,111,Stage 1,Stage 1,0.19018548586418693,0.7943907639619004
74,112,Stage 1,Stage 1,0.018721290015802063,0.9774462388177981
74,113,Stage 1,Stage 1,0.29345794236336914,0.6630425110526446
74,114,Stage 1,Stage 1,0.0086365358046638,0.9899023015239844
74,115,Stage 1,Stage 1,0.003633501831823385,0.9941995010287259
74,116,Stage 1,Stage 1,0.05035274605574378,0.943637160985414
74,117,Stage 1,Stage 1,0.0017323837808008579,0.9975445046570035
74,118,Stage 1,Stage 4,0.546807125823376,0.546807125823376
74,119,Stage 1,Stage 1,0.0037384536793855882,0.994924174653633
74,120,Stage 1,Stage 1,0.06989155324632891,0.8824183228022742
74,121,Stage 1,Stage 1,0.01205789686016294,0.9865753540869896
74,122,Stage 1,Stage 1,0.0012110610598847996,0.9981524910509726
74,123,Stage 1,Stage 1,0.33035620800803656,0.6505367186599843
74,124,Stage 1,Stage 1,0.0013688865319883882,0.9979855140191579
74,125,Stage 1,Stage 1,0.11230310928763249,0.8511356500110725
74,126,Stage 1,Stage 1,0.00037272301483071,0.9994526229921792
74,127,Stage 1,Stage 1,0.03795579754014611,0.9512591656679628
74,128,Stage 1,Stage 1,0.00017651268996382534,0.9997200862424191
74,129,Stage 1,Stage 1,0.004150451140008187,0.9952464620842225
74,130,Stage 1,Stage 1,0.2216554959788491,0.7577243941926693
74,131,Stage 1,Stage 1,0.002563960887318542,0.9969531269425922
74,132,Stage 1,Stage 1,0.00662756216960336,0.9924155952280885
74,133,Stage 1,Stage 1,0.003192893766070308,0.9961219901029409
74,134,Stage 1,Stage 1,0.062136540187740515,0.9279633949248024
74,135,Stage 1,Stage 1,0.0011501128998732619,0.9984247948647645
74,136,Stage 1,Stage 1,0.00030727805752521665,0.9996350263386894
74,137,Stage 1,Stage 1,0.00021159634622166032,0.9996454594381713
74,138,Stage 1,Stage 1,0.004559824261307077,0.994540801511419
74,139,Stage 1,Stage 1,0.00019705389729670334,0.9997124493594403
74,140,Stage 1,Stage 1,0.172522309325361,0.8210073537067728
74,141,Stage 1,Stage 1,0.00019477561926502758,0.9997500113406961
74,142,Stage 1,Stage 1,5.6281085206861354e-05,0.9998916968422774
74,143,Stage 1,Stage 1,0.005122053332772585,0.994204622358448
74,144,Stage 1,Stage 1,0.004324016544643856,0.994758236539991
74,145,Stage 1,Stage 1,0.00021830457753131192,0.9997427554979285
74,146,Stage 1,Stage 1,0.0019327528496573165,0.9978968142698076
74,147,Stage 1,Stage 1,0.0012789260072334787,0.9984738129429191
74,148,Stage 1,Stage 1,7.006221898800235e-05,0.9998997247861509
74,149,Stage 1,Stage 1,0.002622121588530647,0.9972735319020993
74,150,Stage 1,Stage 1,0.0006620218801197699,0.9991581926288975
74,151,Stage 1,Stage 1,0.0033477585146191886,0.9963854997567165
74,152,Stage 1,Stage 1,0.005639330993619743,0.9938040467648221
74,153,Stage 1,Stage 1,4.6556051534673365e-05,0.9999409946712511
74,154,Stage 1,Stage 1,2.7551466945378247e-06,0.9999941953538387
74,155,Stage 1,Stage 1,0.0004956366781869261,0.9993825462629602
74,156,Stage 1,Stage 1,4.728012215518253e-05,0.9999215811525967
74,157,Stage 1,Stage 1,0.0003829190824238546,0.9995700679335685
74,158,Stage 1,Stage 1,0.0004489954067226617,0.9994675825624714
74,159,Stage 1,Stage 1,5.486562396062665e-06,0.9999911696259974
74,160,Stage 1,Stage 1,1.4551277401249173e-06,0.9999973115921992
74,161,Stage 1,Stage 1,0.00010223903986752494,0.9998830675981137
74,162,Stage 1,Stage 1,3.656023778884527e-05,0.9999569740522442
74,163,Stage 1,Stage 1,0.00022857955114692939,0.9997193394786792
74,164,Stage 1,Stage 1,5.101276150084969e-05,0.9999436193733408
74,165,Stage 1,Stage 1,2.580330312165271e-06,0.9999969413798475
74,166,Stage 1,Stage 1,4.607321991913705e-05,0.9999491114839669
74,167,Stage 1,Stage 1,2.2628915674197603e-05,0.9999717306550604
74,168,Stage 1,Stage 1,2.058969773199643e-06,0.9999965788301819
74,169,Stage 1,Stage 1,1.0678826383068225e-06,0.9999978421873704
74,170,Stage 1,Stage 1,1.6144967053434087e-06,0.9999975488620887
74,171,Stage 1,Stage 1,3.3014306445846124e-06,0.9999950063276792
74,172,Stage 1,Stage 1,2.5910104830871883e-06,0.9999957809448804
74,173,Stage 1,Stage 1,5.324468604942707e-06,0.9999919817390215
74,174,Stage 1,Stage 1,8.864945467268549e-08,0.9999998189451772
74,175,Stage 1,Stage 1,2.8509779673624557e-07,0.9999994874725784
74,176,Stage 1,Stage 1,1.2869291443224428e-07,0.9999997811093815
74,177,Stage 1,Stage 1,4.66567135664496e-06,0.9999938041968395
74,178,Stage 1,Stage 1,2.812231672710845e-07,0.9999995777861703
74,179,Stage 1,Stage 1,1.8314408224943733e-06,0.9999970576957343
74,180,Stage 1,Stage 1,3.0990432603241935e-06,0.9999958454853043
74,181,Stage 1,Stage 1,8.664908810791489e-07,0.9999988217823943
74,182,Stage 1,Stage 1,9.231562110864033e-08,0.9999998663842483
74,183,Stage 1,Stage 1,1.0002152151617543e-06,0.9999988756657177
74,184,Stage 1,Stage 1,2.4101192054315526e-07,0.9999996694992097
74,185,Stage 1,Stage 1,2.3110995513289372e-10,0.9999999907944891
74,186,Stage 1,Stage 1,2.624301022159648e-08,0.9999999459146007
74,187,Stage 1,Stage 1,1.204864774012365e-06,0.9999985415542313
74,188,Stage 1,Stage 1,1.735738740294625e-08,0.9999999709666632
74,189,Stage 1,Stage 1,7.468626133427368e-09,0.999999979015755
74,190,Stage 1,Stage 1,4.6891421859957146e-08,0.9999999435375809
74,191,Stage 1,Stage 1,2.63720015274932e-09,0.9999999886370635
74,192,Stage 1,Stage 1,4.1796823091025813e-08,0.9999999449576628
74,193,Stage 1,Stage 1,6.8549029026306474e-09,0.9999999838675937
79,1,Stage 4,Stage 4,0.8940223290654546,0.8940223290654546
79,2,Stage 4,Stage 4,0.7961815260722216,0.7961815260722216
79,3,Stage 4,Stage 4,0.9215059997335974,0.9215059997335974
79,4,Stage 4,Stage 4,0.8964556299106747,0.8964556299106747
79,5,Stage 4,Stage 4,0.9155192161765088,0.9155192161765088
79,6,Stage 4,Stage 4,0.5338552798915432,0.5338552798915432
79,7,Stage 4,Stage 4,0.945087837432117,0.945087837432117
79,8,Stage 4,Stage 4,0.7140361585581242,0.7140361585581242
79,9,Stage 4,Stage 4,0.7651434135513452,0.7651434135513452
79,10,Stage 4,Stage 4,0.7341261683579322,0.7341261683579322
79,11,Stage 4,Stage 4,0.43184620026168336,0.43184620026168336
79,12,Stage 4,Stage 4,0.6995497870199983,0.6995497870199983
79,13,Stage 4,Stage 4,0.8581215612604092,0.8581215612604092
79,14,Stage 4,Stage 4,0.5894186458931415,0.5894186458931415
79,15,Stage 4,Stage 4,0.5649679018354787,0.5649679018354787
79,16,Stage 4,Stage 4,0.47488153472921785,0.47488153472921785
79,17,Stage 4,Stage 4,0.8555933622825513,0.8555933622825513
79,18,Stage 4,Stage 4,0.565533714025152,0.565533714025152
79,19,Stage 4,Stage 4,0.6189400683723862,0.6189400683723862
79,20,Stage 4,Stage 4,0.79856762683633,0.79856762683633
79,21,Stage 4,Stage 4,0.7609526968185206,0.7609526968185206
79,22,Stage 4,Stage 4,0.9179986653407108,0.9179986653407108
79,23,Stage 4,Stage 4,0.7228815901075549,0.7228815901075549
79,24,Stage 4,Stage 4,0.7845684633956994,0.7845684633956994
79,25,Stage 4,Stage 4,0.7112348421580031,0.7112348421580031
79,26,Stage 4,Stage 4,0.6664636745058473,0.6664636745058473
79,27,Stage 4,Stage 4,0.6834985856102209,0.6834985856102209
79,28,Stage 4,Stage 4,0.5614510624828857,0.5614510624828857
79,29,Stage 4,Stage 4,0.6064624012829433,0.6064624012829433
79,30,Stage 4,Stage 4,0.5547899007094297,0.5547899007094297
79,31,Stage 4,Stage 4,0.48731166467766046,0.48731166467766046
79,32,Stage 4,Stage 4,0.4644231736637351,0.4644231736637351
79,33,Stage 4,Stage 4,0.892396796078164,0.892396796078164
79,34,Stage 4,Stage 1,0.36936885244787654,0.493771708068282
79,35,Stage 4,Stage 4,0.8940923195403584,0.8940923195403584
79,36,Stage 4,Stage 4,0.8698180939925358,0.8698180939925358
79,37,Stage 4,Stage 4,0.4604162260371454,0.4604162260371454
79,38,Stage 4,Stage 4,0.6132859193215745,0.6132859193215745
79,39,Stage 4,Stage 4,0.7561668423943502,0.7561668423943502
79,40,Stage 4,Stage 4,0.55688386538,0.55688386538
79,41,Stage 4,Stage 4,0.783424381189622,0.783424381189622
79,42,Stage 4,Stage 4,0.8205277542802967,0.8205277542802967
79,43,Stage 4,Stage 4,0.7764636359326103,0.7764636359326103
79,44,Stage 4,Stage 4,0.6192692930921517,0.6192692930921517
79,45,Stage 4,Stage 4,0.7979357150371224,0.7979357150371224
79,46,Stage 4,Stage 1,0.27248362022591943,0.532651942163922
79,47,Stage 4,Stage 4,0.4852442618811621,0.4852442618811621
79,48,Stage 4,Stage 4,0.5599063437526207,0.5599063437526207
79,49,Stage 4,Stage 4,0.6652858243710312,0.6652858243710312
79,50,Stage 4,Stage 4,0.8911707465037014,0.8911707465037014
79,51,Stage 4,Stage 4,0.7921284423060595,0.7921284423060595
79,52,Stage 4,Stage 4,0.8948142520000919,0.8948142520000919
79,53,Stage 4,Stage 4,0.6289984045257934,0.6289984045257934
79,54,Stage 4,Stage 4,0.5700144771744832,0.5700144771744832
79,55,Stage 4,Stage 4,0.4799677964356393,0.4799677964356393
79,56,Stage 4,Stage 4,0.7644704472671079,0.7644704472671079
79,57,Stage 4,Stage 4,0.4211896867252009,0.4211896867252009
79,58,Stage 4,Stage 1,0.06076947170020454,0.9249352449585859
79,59,Stage 4,Stage 4,0.7481145625389393,0.7481145625389393
79,60,Stage 4,Stage 4,0.88010131088556,0.88010131088556
79,61,Stage 4,Stage 4,0.6192533289191444,0.6192533289191444
79,62,Stage 1,Stage 1,0.2824301931861959,0.6498865495880087
79,63,Stage 4,Stage 4,0.5952354658032694,0.5952354658032694
79,64,Stage 4,Stage 4,0.8667702605108147,0.8667702605108147
79,65,Stage 4,Stage 4,0.8082332879322716,0.8082332879322716
79,66,Stage 4,Stage 4,0.515124169584522,0.515124169584522
79,67,Stage 4,Stage 1,0.15262341788339168,0.8255883775706361
79,68,Stage 4,Stage 4,0.8676554171560634,0.8676554171560634
79,69,Stage 4,Stage 1,0.24415884595175635,0.6973777012075201
79,70,Stage 4,Stage 4,0.899797581912759,0.899797581912759
79,71,Stage 4,Stage 4,0.6188734976029465,0.6188734976029465
79,72,Stage 4,Stage 4,0.6892105719820907,0.6892105719820907
79,73,Stage 4,Stage 4,0.5795701326411647,0.5795701326411647
79,74,Stage 4,Stage 1,0.3730259771253443,0.5388385167602551
79,75,Stage 4,Stage 1,0.28766838420623897,0.6061054510935222
79,76,Stage 4,Stage 1,0.3832776809197751,0.4717206981257214
79,77,Stage 4,Stage 4,0.6746449539422176,0.6746449539422176
79,78,Stage 4,Stage 4,0.8073493438426781,0.8073493438426781
79,79,Stage 4,Stage 4,0.6512641225414434,0.6512641225414434
79,80,Stage 4,Stage 4,0.8853747058453054,0.8853747058453054
79,81,Stage 4,Stage 4,0.8749238927687053,0.8749238927687053
79,82,Stage 4,Stage 4,0.6270525814721138,0.6270525814721138
79,83,Stage 1,Stage 4,0.7939206234111703,0.7939206234111703
79,84,Stage 4,Stage 4,0.724626639695634,0.724626639695634
79,85,Stage 4,Stage 1,0.3256379618714488,0.6190809823824456
79,86,Stage 4,Stage 4,0.8271972904782146,0.8271972904782146
79,87,Stage 1,Stage 1,0.026469252605024175,0.9200184523077959
79,88,Stage 4,Stage 4,0.6898554003391915,0.6898554003391915
79,89,Stage 4,Stage 1,0.1587913342394673,0.7442121555470167
79,90,Stage 4,Stage 1,0.37663180291256326,0.5194940310807064
79,91,Stage 1,Stage 1,0.0006415224934369197,0.999030742187002
79,92,Stage 1,Stage 1,0.17302617717590338,0.7500642043615389
79,93,Stage 4,Stage 1,0.40811719085077836,0.5315837061807813
79,94,Stage 4,Stage 1,0.17874935262176253,0.7546842733343587
79,95,Stage 1,Stage 1,0.03274805700722505,0.9511164288616504
79,96,Stage 1,Stage 1,0.25544815885328465,0.6996476232548493
79,97,Stage 4,Stage 1,0.3028946714135059,0.627487751228993
79,98,Stage 4,Stage 4,0.7541028871104162,0.7541028871104162
79,99,Stage 4,Stage 4,0.6504379709183052,0.6504379709183052
79,100,Stage 4,Stage 4,0.6049990570825946,0.6049990570825946
79,101,Stage 1,Stage 1,0.09233215704202943,0.880838105203975
79,102,Stage 1,Stage 4,0.6025236131755255,0.6025236131755255
79,103,Stage 1,Stage 1,0.05927355147703618,0.9330141242300267
79,104,Stage 1,Stage 1,0.1566786719919485,0.8174307267165983
79,105,Stage 1,Stage 1,0.007939873204800501,0.9894811963088
79,106,Stage 1,Stage 1,0.11696990619002239,0.8576808483622792
79,107,Stage 1,Stage 1,0.4668606905975694,0.48491766197967195
79,108,Stage 1,Stage 1,0.18514447019572056,0.7769920987393484
79,109,Stage 1,Stage 1,0.2860403376868757,0.6746066461625092
79,110,Stage 1,Stage 1,0.02562309977918296,0.9711715018950168
79,111,Stage 1,Stage 1,0.03935071544563035,0.9573618560637468
79,112,Stage 1,Stage 4,0.7164811459207833,0.7164811459207833
79,113,Stage 1,Stage 1,0.025038881477061847,0.9703295878693127
79,114,Stage 1,Stage 1,0.025657774637925946,0.9693303288395678
79,115,Stage 1,Stage 1,0.0007278971696223882,0.9985850381650375
79,116,Stage 1,Stage 1,0.0794775090349869,0.9036751111896063
79,117,Stage 1,Stage 1,0.007393825777487647,0.9909618628929956
79,118,Stage 1,Stage 1,0.026382615900536022,0.9668848398094431
79,119,Stage 1,Stage 1,0.03014278896082063,0.9633480424585025
79,120,Stage 1,Stage 1,0.03176211304516484,0.9664538274508998
79,121,Stage 1,Stage 1,0.0004269976863028506,0.9994844185877693
79,122,Stage 1,Stage 1,0.09828985113209923,0.890752072824773
79,123,Stage 1,Stage 1,0.001604066608616611,0.9975374775703015
79,124,Stage 1,Stage 1,0.07447065324046084,0.9190506006557528
79,125,Stage 1,Stage 1,0.04745076240374857,0.9488018478450899
79,126,Stage 1,Stage 1,0.22479162931757138,0.7654696206187799
79,127,Stage 1,Stage 1,0.11833667920714067,0.8778322646648848
79,128,Stage 1,Stage 1,0.0008408254269248629,0.9989358360446815
79,129,Stage 1,Stage 1,0.23543349301062214,0.754776871325384
79,130,Stage 1,Stage 1,0.000610479222170776,0.9992176500891254
79,131,Stage 1,Stage 1,0.0018875995128173413,0.997745486824588
79,132,Stage 1,Stage 1,0.01774478824149954,0.9807805597929035
79,133,Stage 1,Stage 1,0.0003459304779255031,0.9996000196432664
79,134,Stage 1,Stage 1,0.00038014030028294646,0.9995382684082191
79,135,Stage 1,Stage 1,0.0018517140319860446,0.9980137330849549
79,136,Stage 1,Stage 1,0.000658389884286076,0.9990440622721434
79,137,Stage 1,Stage 1,0.00011004207821796535,0.9998679518723291
79,138,Stage 1,Stage 1,0.007237660858946697,0.9922517846835277
79,139,Stage 1,Stage 1,0.00019793509395079557,0.9997472569090864
79,140,Stage 1,Stage 1,0.0016010391288445794,0.9982358669519278
79,141,Stage 1,Stage 1,0.002024276885573883,0.9978589085602526
79,142,Stage 1,Stage 1,0.00041863156539472397,0.9995066802125067
79,143,Stage 1,Stage 1,0.00021948879045950568,0.9997604113200157
79,144,Stage 1,Stage 1,0.002480106241810064,0.9972310604325207
79,145,Stage 1,Stage 1,3.3991179521223726e-05,0.9999574078085564
79,146,Stage 1,Stage 1,0.004705266498519555,0.9950870340993732
79,147,Stage 1,Stage 1,0.0002779651892983543,0.9997145511456438
79,148,Stage 1,Stage 1,3.8721950908576074e-05,0.9999552270473977
79,149,Stage 1,Stage 1,4.097909634101987e-05,0.9999563282927203
79,150,Stage 1,Stage 1,3.3452769489424726e-06,0.9999954079001409
79,151,Stage 1,Stage 1,0.00018782434275610224,0.9998066218273921
79,152,Stage 1,Stage 1,2.269582907454717e-05,0.9999758883053596
79,153,Stage 1,Stage 1,2.182078904005253e-05,0.9999756938676866
79,154,Stage 1,Stage 1,2.6107389845001325e-07,0.9999996441950034
79,155,Stage 1,Stage 1,2.148517976389677e-07,0.999999636556836
79,156,Stage 1,Stage 1,1.3772477795567393e-08,0.9999999631958871
79,157,Stage 1,Stage 1,5.812413925624453e-07,0.9999992329708783
79,158,Stage 1,Stage 1,5.688355352120483e-06,0.9999938835223828
79,159,Stage 1,Stage 1,3.0719268860929995e-05,0.9999682106483344
79,160,Stage 1,Stage 1,1.627598457772677e-08,0.9999999555917076
79,161,Stage 1,Stage 1,1.199960132462028e-07,0.999999832680925
79,162,Stage 1,Stage 1,3.134399581418655e-08,0.9999999498257576
79,163,Stage 1,Stage 1,1.5573543613934054e-08,0.9999999624673314
79,164,Stage 1,Stage 1,1.859572244543381e-07,0.9999997562930177
79,165,Stage 1,Stage 1,1.1423327617129135e-08,0.9999999828869158
79,166,Stage 1,Stage 1,5.6541330573903014e-08,0.9999999359138759
80,1,Stage 4,Stage 4,0.8094455208912819,0.8094455208912819
80,2,Stage 4,Stage 4,0.8369318249307202,0.8369318249307202
80,3,Stage 4,Stage 1,0.1091171701888852,0.844512443338412
80,4,Stage 4,Stage 4,0.7299004121865311,0.7299004121865311
80,5,Stage 4,Stage 4,0.72533414804992,0.72533414804992
80,6,Stage 4,Stage 4,0.694420535881112,0.694420535881112
80,7,Stage 4,Stage 1,0.35200151792288475,0.6142067571682492
80,8,Stage 4,Stage 4,0.8027006666273714,0.8027006666273714
80,9,Stage 4,Stage 4,0.951738370579254,0.951738370579254
80,10,Stage 4,Stage 4,0.9269584611660383,0.9269584611660383
80,11,Stage 4,Stage 4,0.681962200374461,0.681962200374461
80,12,Stage 4,Stage 1,0.1234367377004898,0.8334033316735799
80,13,Stage 4,Stage 4,0.4567693508249876,0.4567693508249876
80,14,Stage 4,Stage 1,0.3792106355251201,0.5498742522620832
80,15,Stage 4,Stage 4,0.6785651061717619,0.6785651061717619
80,16,Stage 4,Stage 4,0.48405594563349275,0.48405594563349275
80,17,Stage 4,Stage 4,0.6047475511708718,0.6047475511708718
80,18,Stage 4,Stage 4,0.5807907276562165,0.5807907276562165
80,19,Stage 4,Stage 4,0.7213290854093118,0.7213290854093118
80,20,Stage 4,Stage 4,0.8654456384680775,0.8654456384680775
80,21,Stage 4,Stage 4,0.6594898369019017,0.6594898369019017
80,22,Stage 4,Stage 4,0.5350847691549647,0.5350847691549647
80,23,Stage 4,Stage 4,0.8903660871025643,0.8903660871025643
80,24,Stage 4,Stage 4,0.5020675304166659,0.5020675304166659
80,25,Stage 4,Stage 4,0.7234093476239695,0.7234093476239695
80,26,Stage 4,Stage 4,0.8903771490494101,0.8903771490494101
80,27,Stage 4,Stage 4,0.8212524979621673,0.8212524979621673
80,28,Stage 4,Stage 4,0.7670309464917824,0.7670309464917824
80,29,Stage 4,Stage 4,0.869693945295008,0.869693945295008
80,30,Stage 4,Stage 4,0.6893698163788097,0.6893698163788097
80,31,Stage 4,Stage 4,0.5717542802209457,0.5717542802209457
80,32,Stage 4,Stage 1,0.33575410864115457,0.5992130270959738
80,33,Stage 4,Stage 4,0.7021438616353989,0.7021438616353989
80,34,Stage 4,Stage 4,0.504883627326033,0.504883627326033
80,35,Stage 4,Stage 4,0.5867254779745354,0.5867254779745354
80,36,Stage 4,Stage 4,0.842179098303737,0.842179098303737
80,37,Stage 4,Stage 4,0.9235683759481451,0.9235683759481451
80,38,Stage 4,Stage 4,0.70952121618479,0.70952121618479
80,39,Stage 4,Stage 4,0.5629488123681644,0.5629488123681644
80,40,Stage 4,Stage 4,0.7361012965322297,0.7361012965322297
80,41,Stage 4,Stage 4,0.8416089125362722,0.8416089125362722
80,42,Stage 4,Stage 4,0.6122147036993795,0.6122147036993795
80,43,Stage 4,Stage 1,0.46406374648630166,0.47122653327788344
80,44,Stage 4,Stage 4,0.6154881867814682,0.6154881867814682
80,45,Stage 4,Stage 4,0.5247395861100465,0.5247395861100465
80,46,Stage 4,Stage 1,0.32285727655805074,0.5642548483735274
80,47,Stage 4,Stage 4,0.7283740157618398,0.7283740157618398
80,48,Stage 1,Stage 1,0.444791677896963,0.457415680824114
80,49,Stage 4,Stage 4,0.7989593459891153,0.7989593459891153
80,50,Stage 4,Stage 4,0.5101159512684401,0.5101159512684401
80,51,Stage 4,Stage 1,0.1594406470270719,0.742663591420935
80,52,Stage 4,Stage 4,0.8269161166122677,0.8269161166122677
80,53,Stage 4,Stage 4,0.5356000206965642,0.5356000206965642
80,54,Stage 4,Stage 1,0.4597052856511945,0.47261515480064814
80,55,Stage 1,Stage 1,0.212243086625027,0.7195064163826445
80,56,Stage 4,Stage 1,0.3980539235506132,0.5033225080223654
80,57,Stage 4,Stage 4,0.9509499249647094,0.9509499249647094
80,58,Stage 1,Stage 1,0.03889853726593721,0.9406878445532751
80,59,Stage 4,Stage 4,0.8964290145755434,0.8964290145755434
80,60,Stage 4,Stage 4,0.5751007662250264,0.5751007662250264
80,61,Stage 1,Stage 1,0.07134811926333429,0.9075733763428482
80,62,Stage 4,Stage 4,0.5527911894007869,0.5527911894007869
80,63,Stage 1,Stage 1,0.27281556114875677,0.6969199280747338
80,64,Stage 4,Stage 4,0.5698325915363676,0.5698325915363676
80,65,Stage 1,Stage 1,0.0888901422777389,0.8737981810822679
80,66,Stage 1,Stage 1,0.3442802353389671,0.5127555407251609
80,67,Stage 4,Stage 1,0.3307903644867611,0.5978771235467197
80,68,Stage 1,Stage 1,0.14697141089414817,0.81542083109284
80,69,Stage 4,Stage 4,0.8770002570979284,0.8770002570979284
80,70,Stage 4,Stage 4,0.5055625200912635,0.5055625200912635
80,71,Stage 4,Stage 4,0.6581692055425739,0.6581692055425739
80,72,Stage 4,Stage 1,0.17449350371153766,0.7841366536776891
80,73,Stage 1,Stage 1,0.1153555037987526,0.8536310354799721
80,74,Stage 1,Stage 1,0.012822062221542103,0.982977564158115
80,75,Stage 4,Stage 4,0.8348805668461446,0.8348805668461446
80,76,Stage 4,Stage 4,0.6746562591726024,0.6746562591726024
80,77,Stage 1,Stage 1,0.17603012891321537,0.7847889647545608
80,78,Stage 1,Stage 1,0.1613053765964563,0.8043106747041079
80,79,Stage 1,Stage 1,0.022262907172671053,0.9727536818559612
80,80,Stage 1,Stage 1,0.04359908733194249,0.9373617529968951
80,81,Stage 1,Stage 1,0.005727536219357601,0.9915570739884492
80,82,Stage 1,Stage 1,0.3823306647687089,0.4347623503779052
80,83,Stage 1,Stage 1,0.04541785172372609,0.9450490635841902
80,84,Stage 1,Stage 1,0.12035359055068177,0.8517718469601416
80,85,Stage 1,Stage 1,0.10072432920879414,0.8652621981235836
80,86,Stage 1,Stage 1,0.03550052173075455,0.9522107416815758
80,87,Stage 1,Stage 1,0.24782346214578319,0.7224642396643995
80,88,Stage 1,Stage 1,0.06323890055419555,0.9283196035824426
80,89,Stage 1,Stage 4,0.581049801682434,0.581049801682434
80,90,Stage 1,Stage 1,0.048992106067853675,0.9331373359105111
80,91,Stage 1,Stage 1,0.06051782409235934,0.9323234585943075
80,92,Stage 1,Stage 1,0.36809607281475293,0.5815177138354731
80,93,Stage 1,Stage 1,0.168874764110079,0.7903147798796958
80,94,Stage 1,Stage 1,0.07413722285967471,0.9117604656346435
80,95,Stage 1,Stage 1,0.021700011728035828,0.9741365628513785
80,96,Stage 1,Stage 1,0.3640725295951333,0.5618546804674966
80,97,Stage 1,Stage 1,0.010592183542872429,0.9875686500476801
80,98,Stage 1,Stage 1,0.002342864024390785,0.9969355316641723
80,99,Stage 1,Stage 1,0.008949219897290679,0.9826801740456045
80,100,Stage 1,Stage 1,0.2366366096246344,0.7477682450264602
80,101,Stage 1,Stage 1,0.10499170362323779,0.8838536204793275
80,102,Stage 1,Stage 1,0.0031661100847512995,0.9954905318596051
80,103,Stage 1,Stage 1,0.008824592425208184,0.9896686059925163
80,104,Stage 1,Stage 1,0.03887605435580965,0.9553712433087159
80,105,Stage 1,Stage 1,0.0005815289766680463,0.999329491562052
80,106,Stage 1,Stage 1,0.0009222109278571513,0.9989422657622604
80,107,Stage 1,Stage 1,0.003311617486631765,0.9962768648035004
80,108,Stage 1,Stage 1,0.06882540103087556,0.9212874878051796
80,109,Stage 1,Stage 1,0.0021753652098199226,0.9976110676339867
80,110,Stage 1,Stage 1,0.10593332243837958,0.8862013071050711
80,111,Stage 1,Stage 1,0.0007629316159844391,0.9991493266382119
80,112,Stage 1,Stage 1,3.167365528804668e-05,0.9999465952328829
80,113,Stage 1,Stage 1,0.00010887289435341369,0.9998531449815019
80,114,Stage 1,Stage 1,0.00010141496394459388,0.9998839417386965
80,115,Stage 1,Stage 1,0.00042895537471344014,0.9995297078146754
80,116,Stage 1,Stage 1,3.0971629944373085e-05,0.9999587894494875
80,117,Stage 1,Stage 1,7.376706079461662e-06,0.9999839656329295
80,118,Stage 1,Stage 1,5.688169531870129e-06,0.9999931331759275
80,119,Stage 1,Stage 1,0.0023257968403472763,0.9972653880198942
80,120,Stage 1,Stage 1,0.006815002128010562,0.9927726240451202
80,121,Stage 1,Stage 1,6.025837351712418e-05,0.9999296109611138
80,122,Stage 1,Stage 1,0.0011888533827060332,0.9986113282541118
80,123,Stage 1,Stage 1,0.0007314966529322185,0.9991513580534213
80,124,Stage 1,Stage 1,0.004097081054689961,0.9952971687164056
80,125,Stage 1,Stage 1,4.027632285568599e-05,0.9999515134008959
80,126,Stage 1,Stage 1,3.2033902298217406e-07,0.9999995046155035
80,127,Stage 1,Stage 1,9.148410146692876e-07,0.9999987204801408
80,128,Stage 1,Stage 1,3.300755204359781e-05,0.9999636570990148
80,129,Stage 1,Stage 1,0.00014869218168256178,0.9998276770707129
80,130,Stage 1,Stage 1,1.1409568805946894e-06,0.9999984249720866
80,131,Stage 1,Stage 1,4.355441912971788e-07,0.9999993753017137
80,132,Stage 1,Stage 1,1.5559132043912098e-05,0.9999810242515649
80,133,Stage 1,Stage 1,1.141549934239786e-06,0.999998322559062
80,134,Stage 1,Stage 1,2.1764908961234802e-05,0.9999745975918859
80,135,Stage 1,Stage 1,1.1864260779825424e-06,0.9999985575777774
80,136,Stage 1,Stage 1,1.530376733720946e-07,0.9999995964689071
80,137,Stage 1,Stage 1,1.1165342278785672e-08,0.9999999828649629
80,138,Stage 1,Stage 1,3.0065225258852826e-06,0.9999967419706111
80,139,Stage 1,Stage 1,3.6303233864657624e-06,0.9999956650392287
80,140,Stage 1,Stage 1,1.9659868371598297e-08,0.9999999622968007
80,141,Stage 1,Stage 1,1.3708564678515957e-06,0.9999984230407649
80,142,Stage 1,Stage 1,2.2836408219131425e-08,0.9999999627762635
80,143,Stage 1,Stage 1,2.0243239007911114e-08,0.9999999776305507
80,144,Stage 1,Stage 1,3.1550171594705366e-08,0.9999999632903598
80,145,Stage 1,Stage 1,8.798511510772502e-09,0.9999999893551522
80,146,Stage 1,Stage 1,1.9587417882971413e-08,0.9999999633305008
80,147,Stage 1,Stage 1,1.0772614813903035e-08,0.9999999790856164
81,1,Stage 4,Stage 4,0.9798241914424408,0.9798241914424408
81,2,Stage 4,Stage 4,0.9032909477564481,0.9032909477564481
81,3,Stage 4,Stage 4,0.9727294300050198,0.9727294300050198
81,4,Stage 4,Stage 4,0.9520970022275335,0.9520970022275335
81,5,Stage 4,Stage 4,0.9069171392276314,0.9069171392276314
81,6,Stage 4,Stage 4,0.9369760321385405,0.9369760321385405
81,7,Stage 4,Stage 4,0.9686038372386742,0.9686038372386742
81,8,Stage 4,Stage 4,0.9650268912738139,0.9650268912738139
81,9,Stage 4,Stage 4,0.9365293029848452,0.9365293029848452
81,10,Stage 4,Stage 4,0.9856422846153883,0.9856422846153883
81,11,Stage 4,Stage 4,0.9754658742927479,0.9754658742927479
81,12,Stage 4,Stage 4,0.9688291202043559,0.9688291202043559
81,13,Stage 4,Stage 4,0.9425017570530677,0.9425017570530677
81,14,Stage 4,Stage 4,0.9743268231172847,0.9743268231172847
81,15,Stage 4,Stage 4,0.8130170394878975,0.8130170394878975
81,16,Stage 4,Stage 4,0.9614466287311548,0.9614466287311548
81,17,Stage 4,Stage 4,0.9512549965586191,0.9512549965586191
81,18,Stage 4,Stage 4,0.9189169659581016,0.9189169659581016
81,19,Stage 4,Stage 4,0.9656534759187795,0.9656534759187795
81,20,Stage 4,Stage 4,0.9832663898261949,0.9832663898261949
81,21,Stage 4,Stage 4,0.9176477812374294,0.9176477812374294
81,22,Stage 4,Stage 4,0.9741720261303145,0.9741720261303145
81,23,Stage 4,Stage 4,0.9765562812042908,0.9765562812042908
81,24,Stage 4,Stage 4,0.9664013228231872,0.9664013228231872
81,25,Stage 4,Stage 4,0.8833861480152159,0.8833861480152159
81,26,Stage 4,Stage 4,0.9745922702305835,0.9745922702305835
81,27,Stage 4,Stage 4,0.9428273332863851,0.9428273332863851
81,28,Stage 4,Stage 4,0.9576359820709619,0.9576359820709619
81,29,Stage 4,Stage 4,0.9342455265241492,0.9342455265241492
81,30,Stage 4,Stage 4,0.9649161491143864,0.9649161491143864
81,31,Stage 4,Stage 4,0.956464011408784,0.956464011408784
81,32,Stage 4,Stage 4,0.9855745928538969,0.9855745928538969
81,33,Stage 4,Stage 4,0.9483957933483427,0.9483957933483427
81,34,Stage 4,Stage 4,0.9146621661731891,0.9146621661731891
81,35,Stage 4,Stage 4,0.9875403071015914,0.9875403071015914
81,36,Stage 4,Stage 4,0.9623546477339204,0.9623546477339204
81,37,Stage 4,Stage 4,0.96119298634384,0.96119298634384
81,38,Stage 4,Stage 4,0.9119644410044973,0.9119644410044973
81,39,Stage 4,Stage 4,0.9868302412456207,0.9868302412456207
81,40,Stage 4,Stage 4,0.9595935169341453,0.9595935169341453
81,41,Stage 4,Stage 4,0.8740660519244571,0.8740660519244571
81,42,Stage 4,Stage 4,0.8813207481063793,0.8813207481063793
81,43,Stage 4,Stage 4,0.9733196987426471,0.9733196987426471
81,44,Stage 4,Stage 4,0.9788733998813451,0.9788733998813451
81,45,Stage 4,Stage 4,0.8981098529796008,0.8981098529796008
81,46,Stage 4,Stage 4,0.9731972802080634,0.9731972802080634
81,47,Stage 4,Stage 4,0.9388990620461005,0.9388990620461005
81,48,Stage 4,Stage 4,0.9799030840270718,0.9799030840270718
81,49,Stage 4,Stage 4,0.9440737967010492,0.9440737967010492
81,50,Stage 4,Stage 4,0.8841863438305537,0.8841863438305537
81,51,Stage 4,Stage 4,0.9825710705669507,0.9825710705669507
81,52,Stage 4,Stage 4,0.9293561381531743,0.9293561381531743
81,53,Stage 4,Stage 4,0.9742796752726801,0.9742796752726801
81,54,Stage 4,Stage 4,0.9604104666279035,0.9604104666279035
81,55,Stage 4,Stage 4,0.9602153251541734,0.9602153251541734
81,56,Stage 4,Stage 4,0.9375435302806817,0.9375435302806817
81,57,Stage 4,Stage 4,0.9544473367475463,0.9544473367475463
81,58,Stage 4,Stage 4,0.9110817830329788,0.9110817830329788
81,59,Stage 4,Stage 4,0.9644325417977024,0.9644325417977024
81,60,Stage 4,Stage 4,0.9786819978399299,0.9786819978399299
81,61,Stage 4,Stage 4,0.9603191354801659,0.9603191354801659
81,62,Stage 4,Stage 4,0.9744874798709569,0.9744874798709569
81,63,Stage 4,Stage 4,0.9342531067903335,0.9342531067903335
81,64,Stage 4,Stage 4,0.9438422862096314,0.9438422862096314
81,65,Stage 4,Stage 4,0.975085639651411,0.975085639651411
81,66,Stage 4,Stage 4,0.9485943940496372,0.9485943940496372
81,67,Stage 4,Stage 4,0.9508833433107615,0.9508833433107615
81,68,Stage 4,Stage 4,0.984606774714643,0.984606774714643
81,69,Stage 4,Stage 4,0.9417256244750563,0.9417256244750563
81,70,Stage 4,Stage 4,0.952086802139673,0.952086802139673
81,71,Stage 4,Stage 4,0.9744387401046658,0.9744387401046658
81,72,Stage 4,Stage 4,0.7288517020535803,0.7288517020535803
81,73,Stage 4,Stage 4,0.9811196924764549,0.9811196924764549
81,74,Stage 4,Stage 4,0.6824224835790286,0.6824224835790286
81,75,Stage 4,Stage 4,0.950066568093802,0.950066568093802
81,76,Stage 4,Stage 4,0.9577927058822081,0.9577927058822081
81,77,Stage 4,Stage 4,0.9394759160731119,0.9394759160731119
81,78,Stage 4,Stage 4,0.9179038174207769,0.9179038174207769
81,79,Stage 4,Stage 4,0.9672719636861667,0.9672719636861667
81,80,Stage 4,Stage 4,0.7986896459550166,0.7986896459550166
81,81,Stage 4,Stage 4,0.9819151983068822,0.9819151983068822
81,82,Stage 4,Stage 4,0.922547133205096,0.922547133205096
81,83,Stage 4,Stage 4,0.9106929985318146,0.9106929985318146
81,84,Stage 4,Stage 4,0.8964126611529554,0.8964126611529554
81,85,Stage 4,Stage 4,0.9207084418424981,0.9207084418424981
81,86,Stage 4,Stage 4,0.9860202973571688,0.9860202973571688
81,87,Stage 4,Stage 4,0.9795148611919303,0.9795148611919303
81,88,Stage 4,Stage 4,0.9046685930694072,0.9046685930694072
81,89,Stage 4,Stage 4,0.9341481848686543,0.9341481848686543
81,90,Stage 4,Stage 4,0.9180945257416266,0.9180945257416266
81,91,Stage 4,Stage 4,0.8956399213054402,0.8956399213054402
81,92,Stage 4,Stage 4,0.8587399505724731,0.8587399505724731
81,93,Stage 4,Stage 4,0.876056776963471,0.876056776963471
81,94,Stage 4,Stage 4,0.9379661421231685,0.9379661421231685
81,95,Stage 4,Stage 4,0.9580822012372691,0.9580822012372691
81,96,Stage 4,Stage 4,0.8994646321199395,0.8994646321199395
81,97,Stage 4,Stage 4,0.9447760177486794,0.9447760177486794
81,98,Stage 4,Stage 4,0.9451662143288867,0.9451662143288867
81,99,Stage 4,Stage 4,0.8706269585832306,0.8706269585832306
81,100,Stage 4,Stage 4,0.8190362607419027,0.8190362607419027
81,101,Stage 4,Stage 4,0.9716678865025181,0.9716678865025181
81,102,Stage 4,Stage 4,0.7796322639995562,0.7796322639995562
81,103,Stage 4,Stage 4,0.8432683155543396,0.8432683155543396
81,104,Stage 4,Stage 4,0.9187427441779737,0.9187427441779737
81,105,Stage 4,Stage 4,0.9581014556267253,0.9581014556267253
81,106,Stage 4,Stage 4,0.9321757381784991,0.9321757381784991
81,107,Stage 4,Stage 4,0.9104158939638088,0.9104158939638088
81,108,Stage 4,Stage 4,0.9898602902057503,0.9898602902057503
81,109,Stage 4,Stage 4,0.916012411790348,0.916012411790348
81,110,Stage 4,Stage 4,0.8520687778974099,0.8520687778974099
81,111,Stage 4,Stage 4,0.7696060626049994,0.7696060626049994
81,112,Stage 4,Stage 4,0.9484489635303605,0.9484489635303605
81,113,Stage 4,Stage 4,0.9486533823683503,0.9486533823683503
81,114,Stage 4,Stage 4,0.9743974719546615,0.9743974719546615
81,115,Stage 4,Stage 4,0.9096836163531787,0.9096836163531787
81,116,Stage 4,Stage 4,0.8772272176490746,0.8772272176490746
81,117,Stage 4,Stage 4,0.8931990279513438,0.8931990279513438
81,118,Stage 4,Stage 4,0.845102342069803,0.845102342069803
81,119,Stage 4,Stage 4,0.757500148114168,0.757500148114168
81,120,Stage 4,Stage 4,0.9578831426249333,0.9578831426249333
81,121,Stage 4,Stage 4,0.920329860897552,0.920329860897552
81,122,Stage 4,Stage 4,0.9273510123150817,0.9273510123150817
81,123,Stage 4,Stage 4,0.7416197619736663,0.7416197619736663
81,124,Stage 4,Stage 4,0.8781090506410246,0.8781090506410246
81,125,Stage 4,Stage 4,0.9001828146322881,0.9001828146322881
81,126,Stage 4,Stage 4,0.9429757283405045,0.9429757283405045
81,127,Stage 4,Stage 4,0.9113049220724323,0.9113049220724323
81,128,Stage 4,Stage 4,0.9594363537085346,0.9594363537085346
81,129,Stage 4,Stage 4,0.9446243248238166,0.9446243248238166
81,130,Stage 4,Stage 4,0.729664598256664,0.729664598256664
81,131,Stage 4,Stage 4,0.6088551535267592,0.6088551535267592
81,132,Stage 4,Stage 4,0.7668136234730226,0.7668136234730226
81,133,Stage 4,Stage 4,0.7875412490683662,0.7875412490683662
81,134,Stage 4,Stage 4,0.6078264782177213,0.6078264782177213
81,135,Stage 4,Stage 4,0.7295379111479292,0.7295379111479292
81,136,Stage 4,Stage 4,0.8695381601822275,0.8695381601822275
81,137,Stage 4,Stage 4,0.7322717755506375,0.7322717755506375
81,138,Stage 4,Stage 4,0.7475873891768915,0.7475873891768915
81,139,Stage 4,Stage 4,0.854898760455075,0.854898760455075
81,140,Stage 4,Stage 4,0.9366241284340502,0.9366241284340502
81,141,Stage 4,Stage 4,0.9168956928401742,0.9168956928401742
81,142,Stage 4,Stage 4,0.8961012379268531,0.8961012379268531
81,143,Stage 4,Stage 4,0.9450862040322339,0.9450862040322339
81,144,Stage 4,Stage 4,0.8470603406992788,0.8470603406992788
81,145,Stage 4,Stage 4,0.6506949727523974,0.6506949727523974
81,146,Stage 4,Stage 4,0.9675671337779294,0.9675671337779294
81,147,Stage 4,Stage 4,0.7386383513428525,0.7386383513428525
81,148,Stage 4,Stage 4,0.8792887235148484,0.8792887235148484
81,149,Stage 4,Stage 4,0.9033794880754519,0.9033794880754519
81,150,Stage 4,Stage 4,0.8156582308829776,0.8156582308829776
81,151,Stage 4,Stage 4,0.8295407385840148,0.8295407385840148
81,152,Stage 4,Stage 4,0.8243400472191399,0.8243400472191399
81,153,Stage 4,Stage 4,0.8126279724844315,0.8126279724844315
81,154,Stage 4,Stage 4,0.8237009459700487,0.8237009459700487
81,155,Stage 4,Stage 4,0.8642221530707556,0.8642221530707556
81,156,Stage 4,Stage 4,0.8077021752121527,0.8077021752121527
81,157,Stage 4,Stage 4,0.8777766455260234,0.8777766455260234
81,158,Stage 4,Stage 4,0.623200022416044,0.623200022416044
81,159,Stage 4,Stage 4,0.6484061485171184,0.6484061485171184
81,160,Stage 4,Stage 4,0.8171372242218801,0.8171372242218801
81,161,Stage 4,Stage 4,0.8728300954717705,0.8728300954717705
81,162,Stage 4,Stage 4,0.8539479790186087,0.8539479790186087
81,163,Stage 4,Stage 4,0.8854877562163447,0.8854877562163447
81,164,Stage 4,Stage 4,0.685497781472834,0.685497781472834
81,165,Stage 4,Stage 4,0.8232630229285751,0.8232630229285751
81,166,Stage 4,Stage 4,0.8539436738541762,0.8539436738541762
81,167,Stage 4,Stage 4,0.668179930347194,0.668179930347194
81,168,Stage 4,Stage 4,0.7762961637379223,0.7762961637379223
81,169,Stage 4,Stage 4,0.53427871737993,0.53427871737993
81,170,Stage 4,Stage 2,0.4885446178721986,0.504988980994534
81,171,Stage 4,Stage 4,0.7283919755675372,0.7283919755675372
81,172,Stage 4,Stage 4,0.8661598445380564,0.8661598445380564
81,173,Stage 4,Stage 4,0.6815761167530227,0.6815761167530227
81,174,Stage 2,Stage 2,0.3039960175583291,0.6837865378302206
81,175,Stage 4,Stage 4,0.8174448474250887,0.8174448474250887
81,176,Stage 4,Stage 4,0.6602502038119815,0.6602502038119815
81,177,Stage 4,Stage 2,0.4668270542609079,0.5155828865342235
81,178,Stage 2,Stage 4,0.6419595631875424,0.6419595631875424
81,179,Stage 4,Stage 4,0.6524897682807451,0.6524897682807451
81,180,Stage 4,Stage 4,0.7649761832270411,0.7649761832270411
81,181,Stage 4,Stage 4,0.7337522329542594,0.7337522329542594
81,182,Stage 4,Stage 4,0.67237118991617,0.67237118991617
81,183,Stage 2,Stage 4,0.7221637081211835,0.7221637081211835
81,184,Stage 2,Stage 2,0.42188836115307293,0.5706202411886556
81,185,Stage 2,Stage 2,0.41891266861850834,0.5650776612197622
81,186,Stage 4,Stage 4,0.8296951002722466,0.8296951002722466
81,187,Stage 4,Stage 4,0.6054076416712639,0.6054076416712639
81,188,Stage 4,Stage 4,0.5842095107783583,0.5842095107783583
81,189,Stage 2,Stage 2,0.3962344056602555,0.4785432479577152
81,190,Stage 2,Stage 4,0.538883856826204,0.538883856826204
81,191,Stage 4,Stage 4,0.4974281255575305,0.4974281255575305
81,192,Stage 4,Stage 4,0.774546855917561,0.774546855917561
81,193,Stage 2,Stage 2,0.385282284432347,0.6022865472998202
81,194,Stage 2,Stage 2,0.2800557083834372,0.6574010308296251
81,195,Stage 2,Stage 2,0.16999937844544893,0.8164769948842276
81,196,Stage 2,Stage 2,0.2044953324007753,0.755907962774905
81,197,Stage 4,Stage 4,0.788982847443283,0.788982847443283
81,198,Stage 2,Stage 2,0.13575265098911554,0.8371186387334715
81,199,Stage 4,Stage 4,0.5210029035583912,0.5210029035583912
81,200,Stage 2,Stage 2,0.2120465175135932,0.7824787849631255
81,201,Stage 4,Stage 4,0.5709550568484334,0.5709550568484334
81,202,Stage 2,Stage 2,0.17213637127461925,0.7684257243141766
81,203,Stage 2,Stage 2,0.17162441947671309,0.7845213042538296
81,204,Stage 4,Stage 2,0.24888768408831688,0.7355355374181475
81,205,Stage 2,Stage 2,0.4267534638797012,0.5658892963373969
81,206,Stage 2,Stage 2,0.1964766265942556,0.7968804133576587
81,207,Stage 2,Stage 2,0.20867986945539405,0.7743169619894552
81,208,Stage 2,Stage 2,0.32902003141495223,0.6622003264656079
81,209,Stage 2,Stage 2,0.2648547102971721,0.7265961781346615
81,210,Stage 2,Stage 2,0.2699766757975239,0.6611707105602672
81,211,Stage 4,Stage 2,0.3947802430820437,0.5965168798760967
81,212,Stage 2,Stage 2,0.16672181637313419,0.8169442600874537
81,213,Stage 2,Stage 2,0.3209495266271072,0.6758400259311527
81,214,Stage 2,Stage 2,0.13453696402080773,0.8438651405820666
81,215,Stage 2,Stage 2,0.07689621591311288,0.8885622939317873
81,216,Stage 4,Stage 4,0.5671131947993887,0.5671131947993887
81,217,Stage 4,Stage 2,0.29879658362923633,0.6987668588261344
81,218,Stage 2,Stage 2,0.20407971355976653,0.7199007504570836
81,219,Stage 4,Stage 2,0.3107003092035508,0.6744222316726929
81,220,Stage 2,Stage 2,0.2217818176615976,0.7628916874817506
81,221,Stage 2,Stage 2,0.22291198434373288,0.7598730825148378
81,222,Stage 2,Stage 2,0.12688803788591793,0.8259512256338774
81,223,Stage 2,Stage 2,0.3590061355694155,0.636143979541417
81,224,Stage 2,Stage 2,0.11664555669549966,0.8256795871310572
81,225,Stage 2,Stage 2,0.08763455815762228,0.7952762885467359
81,226,Stage 2,Stage 2,0.012337081091906899,0.7680972822371172
81,227,Stage 2,Stage 2,0.15477757887036872,0.834687075833886
81,228,Stage 2,Stage 2,0.09847066156926457,0.8913650205160482
81,229,Stage 2,Stage 2,0.030790177009704805,0.8846266047290322
81,230,Stage 2,Stage 2,0.22972410433852922,0.7599316194682102
81,231,Stage 2,Stage 2,0.0744571561761829,0.9021910216910789
81,232,Stage 2,Stage 2,0.08734725209119391,0.8211943066797865
81,233,Stage 2,Stage 2,0.09619907652411669,0.8803753437732758
81,234,Stage 2,Stage 2,0.15076966801863162,0.8243085227410684
81,235,Stage 2,Stage 2,0.025849276122178445,0.9278967834784655
81,236,Stage 2,Stage 2,0.1153973783507308,0.866683582630526
81,237,Stage 2,Stage 2,0.10375400823102864,0.8230906194085155
81,238,Stage 2,Stage 2,0.08746409182844492,0.8743204397580986
81,239,Stage 2,Stage 1,0.007913595126688863,0.4296465712577306
81,240,Stage 2,Stage 2,0.031213414185116826,0.8458190055791347
81,241,Stage 2,Stage 2,0.04742983337140896,0.8491618372627134
81,242,Stage 2,Stage 2,0.019614044571281117,0.9378094237915232
81,243,Stage 2,Stage 2,0.10195866863216295,0.8536228067146597
81,244,Stage 2,Stage 2,0.03871315925075342,0.9221614944066976
81,245,Stage 2,Stage 2,0.010594147887770373,0.8225083325816162
81,246,Stage 2,Stage 2,0.0215254408872697,0.9254708071095735
81,247,Stage 2,Stage 2,0.08352781517257303,0.8860904370150635
81,248,Stage 2,Stage 2,0.03986634211558898,0.8938868808238378
81,249,Stage 2,Stage 2,0.020590770680551315,0.9295645751555773
81,250,Stage 2,Stage 2,0.04832923403687855,0.9183357497653731
81,251,Stage 2,Stage 2,0.008258101734467636,0.8012601726651228
81,252,Stage 2,Stage 2,0.014277523170547124,0.8892458443806639
81,253,Stage 3,Stage 2,0.0018470473885141114,0.6067508872413593
81,254,Stage 2,Stage 2,0.007191844883170703,0.8707366555468836
81,255,Stage 2,Stage 2,0.01927315300742282,0.9369628697502047
81,256,Stage 2,Stage 2,0.006027349698513496,0.6935816173551677
81,257,Stage 2,Stage 2,0.003114430919364224,0.5423506199922107
81,258,Stage 2,Stage 2,0.00228166626013807,0.6608922681768111
81,259,Stage 2,Stage 2,0.00804456620961079,0.7166249973381488
81,260,Stage 3,Stage 2,0.002479394062490729,0.7439081844654484
81,261,Stage 2,Stage 2,0.0014029887860311757,0.7416549812706952
81,262,Stage 2,Stage 2,0.006613108032588923,0.8573715453919244
81,263,Stage 2,Stage 2,0.002053077365576945,0.5406235846740509
81,264,Stage 2,Stage 2,0.0005514047165823889,0.5751320845969528
81,265,Stage 2,Stage 2,0.0021252309747130838,0.8071703267790445
81,266,Stage 2,Stage 2,0.0005041252128539655,0.5433892713496148
81,267,Stage 2,Stage 2,0.0010982549790321907,0.48811855452380337
81,268,Stage 2,Stage 2,0.004236719018480255,0.8384383840491679
81,269,Stage 2,Stage 3,0.0006491239198169963,0.5006173867421275
81,270,Stage 3,Stage 3,0.0005292836080506005,0.5087307541302013
81,271,Stage 3,Stage 2,0.0012131709814349912,0.7424815190640822
81,272,Stage 2,Stage 2,0.0009946936023109687,0.6502125618356364
81,273,Stage 2,Stage 3,0.00018177040631349477,0.5674478717877982
81,274,Stage 2,Stage 3,0.00038313050364191905,0.5026116370360934
81,275,Stage 3,Stage 2,0.0003573077768426236,0.6629219498132596
81,276,Stage 3,Stage 3,0.00010579089841819738,0.6826269230894707
81,277,Stage 3,Stage 3,0.0001527860164810242,0.7022235516483539
81,278,Stage 3,Stage 3,6.12047988340121e-06,0.9022857589049794
81,279,Stage 2,Stage 3,2.044246468849616e-05,0.7290509567684254
81,280,Stage 2,Stage 3,0.00012839476856830675,0.5838087713263871
81,281,Stage 3,Stage 3,5.547526149037355e-05,0.6623885219935447
81,282,Stage 3,Stage 3,8.804478044297763e-06,0.8642961495674469
81,283,Stage 3,Stage 3,4.653280346768343e-06,0.9188870753680585
81,284,Stage 3,Stage 3,1.652003554922195e-05,0.8575708849510616
81,285,Stage 3,Stage 3,6.195187613452253e-06,0.865306999925031
81,286,Stage 3,Stage 3,3.39299781406618e-06,0.9208615689231232
81,287,Stage 3,Stage 3,4.018311019782507e-05,0.6065469417484967
81,288,Stage 3,Stage 3,6.47627117636191e-06,0.9005698197299669
81,289,Stage 3,Stage 3,8.361476553920749e-06,0.8405145857160524
81,290,Stage 3,Stage 3,4.753822719740815e-06,0.891864264474681
81,291,Stage 3,Stage 3,9.821708537291568e-07,0.9043882913725974
81,292,Stage 3,Stage 3,3.780397667872563e-07,0.94691713577759
81,293,Stage 3,Stage 3,1.1881769135313066e-07,0.962586144203554
81,294,Stage 3,Stage 3,6.118081646093313e-07,0.9409945474483271
81,295,Stage 3,Stage 3,1.1690831461088557e-07,0.9613735882808647
81,296,Stage 3,Stage 3,5.533796334382382e-07,0.9451096428506183
81,297,Stage 3,Stage 3,8.872144622510551e-08,0.9606874502795409
81,298,Stage 3,Stage 3,1.9004848147981114e-07,0.9583646862833775
81,299,Stage 3,Stage 3,8.116462492591673e-07,0.9306306947712712
81,300,Stage 3,Stage 3,3.528916827011236e-08,0.9534076938313668
81,301,Stage 3,Stage 3,2.2374697317103248e-08,0.9603705607319588
81,302,Stage 3,Stage 3,1.3288925294387537e-07,0.9606854820297058
81,303,Stage 3,Stage 3,1.482258601417499e-09,0.8577363596894986
81,304,Stage 3,Stage 3,1.1817526907081437e-09,0.892452988787261
81,305,Stage 3,Stage 3,1.211069188720452e-08,0.9642653003752633
81,306,Stage 3,Stage 3,9.911497365945225e-08,0.9563037289480663
81,307,Stage 3,Stage 3,5.069338199831802e-09,0.9284878844628108
81,308,Stage 3,Stage 3,1.8322242312147872e-09,0.9201207716858899
81,309,Stage 3,Stage 3,6.953892198120541e-10,0.8800958619493182
81,310,Stage 3,Stage 0,2.607671102808216e-11,0.5261103424955327
81,311,Stage 3,Stage 3,6.3133717306819175e-09,0.9563037543458255
81,312,Stage 3,Stage 3,5.526718582644068e-10,0.8598169791407201
81,313,Stage 3,Stage 3,4.700853886356008e-11,0.5915852523618418
81,314,Stage 3,Stage 3,8.141374847758027e-11,0.6907939665792707
81,315,Stage 3,Stage 3,1.1066965670481935e-09,0.9123427866656688
81,316,Stage 3,Stage 3,2.314730701954858e-11,0.7045555920290109
81,317,Stage 3,Stage 0,3.3686145508917616e-12,0.639131265187353
81,318,Stage 3,Stage 3,3.570474460776013e-11,0.6115486524756778
81,319,Stage 0,Stage 0,3.3193067905421627e-13,0.8770535678855623
81,320,Stage 0,Stage 0,5.099247352218238e-14,0.9206582759027301
81,321,Stage 3,Stage 0,2.6784853447541583e-12,0.6293093129593487
81,322,Stage 0,Stage 0,3.6769290219193773e-13,0.868843086928346
81,323,Stage 0,Stage 0,4.1584069798679554e-13,0.7910499418546207
81,324,Stage 0,Stage 0,1.1618602312896234e-14,0.9236370992880161
81,325,Stage 0,Stage 0,2.1161048942821316e-14,0.8763018784714577
81,326,Stage 0,Stage 0,5.286964221407887e-15,0.9467389248886492
81,327,Stage 0,Stage 0,6.523681065216854e-14,0.847540541880551
81,328,Stage 0,Stage 0,1.0492466646792847e-16,0.9764860321927779
81,329,Stage 0,Stage 0,2.0012985877666427e-15,0.9594792207757152
81,330,Stage 0,Stage 0,5.388803617457292e-16,0.9704900137769744
81,331,Stage 0,Stage 0,1.8739939173531034e-17,0.9916772836454238
81,332,Stage 0,Stage 0,8.50726416512357e-17,0.9878549529614218
81,333,Stage 0,Stage 0,4.4122291368745543e-16,0.971316792332999
81,334,Stage 0,Stage 0,8.231033858135861e-21,0.9996588832347014
81,335,Stage 0,Stage 0,8.896570656854345e-20,0.9986119532002716
81,336,Stage 0,Stage 0,1.004335064381903e-18,0.9969245093434479
81,337,Stage 0,Stage 0,4.993976534628978e-18,0.9929997715398771
81,338,Stage 0,Stage 0,6.005796407922493e-20,0.9992172841022249
81,339,Stage 0,Stage 0,1.3675735274831183e-23,0.9999430895473684
81,340,Stage 0,Stage 0,4.674141823204586e-20,0.9984280400530473
81,341,Stage 0,Stage 0,1.7937677832496557e-20,0.999231843305081
81,342,Stage 0,Stage 0,7.859929764984747e-21,0.999062319854592
81,343,Stage 0,Stage 0,1.3160502126396138e-21,0.9995682136898135
81,344,Stage 0,Stage 0,2.930319136883772e-23,0.9998736610612815
81,345,Stage 0,Stage 0,5.980891878740397e-23,0.9998866480950042
81,346,Stage 0,Stage 0,6.42274577770714e-26,0.9999910369947067
81,347,Stage 0,Stage 0,4.446698488337723e-23,0.9998862687512765
84,1,Stage 4,Stage 4,0.9388571855633139,0.9388571855633139
84,2,Stage 4,Stage 4,0.9106295807927987,0.9106295807927987
84,3,Stage 4,Stage 4,0.9646679296112844,0.9646679296112844
84,4,Stage 4,Stage 4,0.8808267902035465,0.8808267902035465
84,5,Stage 4,Stage 4,0.92917180694177,0.92917180694177
84,6,Stage 4,Stage 4,0.851436675421664,0.851436675421664
84,7,Stage 4,Stage 4,0.9147138924314498,0.9147138924314498
84,8,Stage 4,Stage 4,0.9741872870850053,0.9741872870850053
84,9,Stage 4,Stage 4,0.8115195966931467,0.8115195966931467
84,10,Stage 4,Stage 4,0.9126413329572237,0.9126413329572237
84,11,Stage 4,Stage 4,0.9041578673541069,0.9041578673541069
84,12,Stage 4,Stage 4,0.9451050416611184,0.9451050416611184
84,13,Stage 4,Stage 4,0.9538116605283407,0.9538116605283407
84,14,Stage 4,Stage 4,0.9623359186781699,0.9623359186781699
84,15,Stage 4,Stage 4,0.9781157684182018,0.9781157684182018
84,16,Stage 4,Stage 4,0.9436603365610309,0.9436603365610309
84,17,Stage 4,Stage 4,0.9736766188331812,0.9736766188331812
84,18,Stage 4,Stage 4,0.9219843680021443,0.9219843680021443
84,19,Stage 4,Stage 4,0.5774184936707827,0.5774184936707827
84,20,Stage 4,Stage 4,0.8868518617762899,0.8868518617762899
84,21,Stage 4,Stage 4,0.9791348937200232,0.9791348937200232
84,22,Stage 4,Stage 4,0.8056005443997609,0.8056005443997609
84,23,Stage 4,Stage 4,0.9581396802130341,0.9581396802130341
84,24,Stage 4,Stage 4,0.8125732818510287,0.8125732818510287
84,25,Stage 4,Stage 4,0.9403354632336084,0.9403354632336084
84,26,Stage 4,Stage 4,0.9596453377007911,0.9596453377007911
84,27,Stage 4,Stage 4,0.8930507392577158,0.8930507392577158
84,28,Stage 4,Stage 4,0.947019049661361,0.947019049661361
84,29,Stage 4,Stage 4,0.9398778233004988,0.9398778233004988
84,30,Stage 4,Stage 4,0.923094415868369,0.923094415868369
84,31,Stage 4,Stage 4,0.9524991794114247,0.9524991794114247
84,32,Stage 4,Stage 4,0.9434132932863756,0.9434132932863756
84,33,Stage 4,Stage 4,0.9695486311145193,0.9695486311145193
84,34,Stage 4,Stage 4,0.9704385746175579,0.9704385746175579
84,35,Stage 4,Stage 4,0.974352113488177,0.974352113488177
84,36,Stage 4,Stage 4,0.9333995346312671,0.9333995346312671
84,37,Stage 4,Stage 4,0.9408346560773817,0.9408346560773817
84,38,Stage 4,Stage 4,0.9809882962489115,0.9809882962489115
84,39,Stage 4,Stage 4,0.9403006416715028,0.9403006416715028
84,40,Stage 4,Stage 4,0.9636306353318649,0.9636306353318649
84,41,Stage 4,Stage 4,0.8967909757314114,0.8967909757314114
84,42,Stage 4,Stage 4,0.9730741028808243,0.9730741028808243
84,43,Stage 4,Stage 4,0.9081518095963897,0.9081518095963897
84,44,Stage 4,Stage 4,0.8142406667795353,0.8142406667795353
84,45,Stage 4,Stage 4,0.8284445179545945,0.8284445179545945
84,46,Stage 4,Stage 4,0.8943847303174426,0.8943847303174426
84,47,Stage 4,Stage 4,0.8989244515370072,0.8989244515370072
84,48,Stage 4,Stage 4,0.9645195568328468,0.9645195568328468
84,49,Stage 4,Stage 4,0.9171895938014969,0.9171895938014969
84,50,Stage 4,Stage 4,0.925777690879564,0.925777690879564
84,51,Stage 4,Stage 4,0.9493812466236293,0.9493812466236293
84,52,Stage 4,Stage 4,0.8210519802325978,0.8210519802325978
84,53,Stage 4,Stage 4,0.9355295159167342,0.9355295159167342
84,54,Stage 4,Stage 4,0.8133549217277659,0.8133549217277659
84,55,Stage 4,Stage 4,0.9045367612747185,0.9045367612747185
84,56,Stage 4,Stage 4,0.7618785668472219,0.7618785668472219
84,57,Stage 4,Stage 4,0.9272851787628731,0.9272851787628731
84,58,Stage 4,Stage 4,0.9297777870553394,0.9297777870553394
84,59,Stage 4,Stage 4,0.9418624535525483,0.9418624535525483
84,60,Stage 4,Stage 4,0.7096051007101001,0.7096051007101001
84,61,Stage 4,Stage 4,0.923718366411236,0.923718366411236
84,62,Stage 4,Stage 4,0.80407308274255,0.80407308274255
84,63,Stage 4,Stage 4,0.973531090760181,0.973531090760181
84,64,Stage 4,Stage 4,0.8913515673967852,0.8913515673967852
84,65,Stage 4,Stage 4,0.9067792436438146,0.9067792436438146
84,66,Stage 4,Stage 4,0.7991742762053966,0.7991742762053966
84,67,Stage 4,Stage 4,0.8097459493069441,0.8097459493069441
84,68,Stage 4,Stage 4,0.912119745777678,0.912119745777678
84,69,Stage 4,Stage 4,0.9578333000479504,0.9578333000479504
84,70,Stage 4,Stage 4,0.9174649760494739,0.9174649760494739
84,71,Stage 4,Stage 4,0.8790153997681603,0.8790153997681603
84,72,Stage 4,Stage 4,0.806096202488576,0.806096202488576
84,73,Stage 4,Stage 4,0.7551745559719134,0.7551745559719134
84,74,Stage 4,Stage 4,0.6200053427527367,0.6200053427527367
84,75,Stage 4,Stage 4,0.878171590378951,0.878171590378951
84,76,Stage 4,Stage 4,0.8630549497481427,0.8630549497481427
84,77,Stage 4,Stage 4,0.6784676367757952,0.6784676367757952
84,78,Stage 4,Stage 4,0.7453577292642802,0.7453577292642802
84,79,Stage 4,Stage 4,0.8834119844174813,0.8834119844174813
84,80,Stage 4,Stage 4,0.9392936298977367,0.9392936298977367
84,81,Stage 4,Stage 4,0.8665238834821761,0.8665238834821761
84,82,Stage 4,Stage 4,0.7524098622766396,0.7524098622766396
84,83,Stage 4,Stage 4,0.7374545701083993,0.7374545701083993
84,84,Stage 4,Stage 4,0.7027345682151129,0.7027345682151129
84,85,Stage 4,Stage 4,0.7030857621256027,0.7030857621256027
84,86,Stage 4,Stage 4,0.8681617822154165,0.8681617822154165
84,87,Stage 4,Stage 4,0.8532997177008498,0.8532997177008498
84,88,Stage 4,Stage 4,0.9160017692688961,0.9160017692688961
84,89,Stage 4,Stage 4,0.9154445250352492,0.9154445250352492
84,90,Stage 2,Stage 2,0.4851556871066556,0.5094026542891448
84,91,Stage 4,Stage 4,0.8693373240648608,0.8693373240648608
84,92,Stage 4,Stage 4,0.8207114818766715,0.8207114818766715
84,93,Stage 4,Stage 4,0.8458470110239472,0.8458470110239472
84,94,Stage 4,Stage 4,0.839918779622678,0.839918779622678
84,95,Stage 4,Stage 4,0.6495668702615132,0.6495668702615132
84,96,Stage 4,Stage 4,0.7777547437185172,0.7777547437185172
84,97,Stage 4,Stage 4,0.6929951142512006,0.6929951142512006
84,98,Stage 4,Stage 4,0.6143661963384137,0.6143661963384137
84,99,Stage 4,Stage 4,0.8753355235187469,0.8753355235187469
84,100,Stage 4,Stage 4,0.835661553381448,0.835661553381448
84,101,Stage 2,Stage 4,0.8700286345498783,0.8700286345498783
84,102,Stage 4,Stage 4,0.7747835106247645,0.7747835106247645
84,103,Stage 4,Stage 4,0.755846125702896,0.755846125702896
84,104,Stage 4,Stage 4,0.863288970615838,0.863288970615838
84,105,Stage 4,Stage 4,0.6968771110446307,0.6968771110446307
84,106,Stage 4,Stage 4,0.8328641104035758,0.8328641104035758
84,107,Stage 4,Stage 4,0.7639657954850894,0.7639657954850894
84,108,Stage 4,Stage 4,0.6026921843538847,0.6026921843538847
84,109,Stage 4,Stage 4,0.838589670786078,0.838589670786078
84,110,Stage 4,Stage 4,0.7302883518441116,0.7302883518441116
84,111,Stage 4,Stage 4,0.808110697169479,0.808110697169479
84,112,Stage 4,Stage 4,0.8558205665554558,0.8558205665554558
84,113,Stage 4,Stage 4,0.7822076922049399,0.7822076922049399
84,114,Stage 2,Stage 4,0.5151917763699513,0.5151917763699513
84,115,Stage 4,Stage 4,0.6329086310389603,0.6329086310389603
84,116,Stage 2,Stage 2,0.40118699989589585,0.5936126764232371
84,117,Stage 2,Stage 4,0.6568354201507842,0.6568354201507842
84,118,Stage 4,Stage 4,0.49958348307546174,0.49958348307546174
84,119,Stage 4,Stage 4,0.7178757433321131,0.7178757433321131
84,120,Stage 4,Stage 2,0.4362341375976845,0.5620216818619305
84,121,Stage 4,Stage 4,0.5426701620800736,0.5426701620800736
84,122,Stage 2,Stage 4,0.5048478025848351,0.5048478025848351
84,123,Stage 2,Stage 2,0.4395775878851592,0.5410935682700372
84,124,Stage 4,Stage 4,0.6233279196433019,0.6233279196433019
84,125,Stage 2,Stage 2,0.2883750019327246,0.7055108897595238
84,126,Stage 4,Stage 4,0.7284764740133556,0.7284764740133556
84,127,Stage 2,Stage 2,0.14527405845354915,0.8195767764444063
84,128,Stage 2,Stage 2,0.27470362583002694,0.7199812834981295
84,129,Stage 2,Stage 4,0.5751060756776222,0.5751060756776222
84,130,Stage 2,Stage 2,0.3550478052930816,0.6405899274196318
84,131,Stage 2,Stage 2,0.27787788373381905,0.7091298515106421
84,132,Stage 2,Stage 2,0.4306434332027593,0.5653526924434268
84,133,Stage 2,Stage 2,0.2890286378805463,0.6924827385216153
84,134,Stage 2,Stage 2,0.35467947017191603,0.616583332359626
84,135,Stage 2,Stage 2,0.15510416860889542,0.8070474296549034
84,136,Stage 2,Stage 2,0.05959688069008384,0.8731770616338089
84,137,Stage 2,Stage 2,0.3124827444174091,0.6824587347854977
84,138,Stage 2,Stage 2,0.3552557956694591,0.6240590991789862
84,139,Stage 2,Stage 2,0.052729663296803425,0.8583515333146384
84,140,Stage 2,Stage 2,0.07686286461154739,0.8912686447307593
84,141,Stage 2,Stage 2,0.14542976973641453,0.8244988365335684
84,142,Stage 2,Stage 2,0.020953240512266914,0.8973693302879175
84,143,Stage 2,Stage 2,0.14084781525199153,0.7995575672062979
84,144,Stage 2,Stage 2,0.19399130734375405,0.7858445045753885
84,145,Stage 2,Stage 2,0.019503464307901085,0.8362266834180799
84,146,Stage 2,Stage 2,0.20183637239842234,0.7860296907271598
84,147,Stage 2,Stage 2,0.052317172788241245,0.8853078630372261
84,148,Stage 2,Stage 2,0.01064950909681287,0.8274140650347073
84,149,Stage 2,Stage 2,0.09492304283657715,0.8455419620266043
84,150,Stage 2,Stage 2,0.0646884616503866,0.9047720272749182
84,151,Stage 2,Stage 2,0.018806429385588238,0.9173811283056632
84,152,Stage 2,Stage 2,0.03868054810136083,0.875418232536504
84,153,Stage 2,Stage 2,0.02383777214124092,0.9455257738117272
84,154,Stage 2,Stage 2,0.029947907123752178,0.877336395441797
84,155,Stage 2,Stage 2,0.12198372916773909,0.8581212818740594
84,156,Stage 2,Stage 2,0.0710146442570787,0.9170314182350473
84,157,Stage 2,Stage 2,0.03097836926687206,0.9138194978311128
84,158,Stage 2,Stage 2,0.007525359371589957,0.7687481665333132
84,159,Stage 2,Stage 2,0.005170263883374239,0.5339640391264393
84,160,Stage 2,Stage 2,0.021659633810220194,0.8695469784327277
84,161,Stage 2,Stage 2,0.03337415832378027,0.9073075459250642
84,162,Stage 2,Stage 2,0.029190228593777613,0.9495963012275253
84,163,Stage 2,Stage 2,0.009490944764767502,0.7722814805224779
84,164,Stage 2,Stage 2,0.015035808275204069,0.9244352292135699
84,165,Stage 2,Stage 2,0.01393772696113265,0.7795370862926745
84,166,Stage 2,Stage 2,0.002981120801880161,0.6744899572445399
84,167,Stage 2,Stage 2,0.0017048499267288506,0.7245322043724799
84,168,Stage 2,Stage 2,0.011314543198494962,0.9395947270566235
84,169,Stage 2,Stage 2,0.0029742693215299753,0.7231878870550148
84,170,Stage 2,Stage 2,0.002552096562792821,0.8650612864366057
84,171,Stage 2,Stage 2,0.0015099992476833189,0.7568165387984506
84,172,Stage 2,Stage 2,0.0007284931186826742,0.7067286554711981
84,173,Stage 2,Stage 2,0.00233182470474949,0.6898880853975404
84,174,Stage 3,Stage 3,7.772715322752866e-05,0.7470715091222159
84,175,Stage 2,Stage 2,0.0006636877627050102,0.6738447724862993
84,176,Stage 2,Stage 2,0.0009068786907762991,0.611812353490376
84,177,Stage 3,Stage 2,0.0006046148928963911,0.567048877543303
84,178,Stage 2,Stage 3,0.00014294851405911282,0.7023455837025443
84,179,Stage 2,Stage 2,0.0006995789561881179,0.6163087332392634
84,180,Stage 3,Stage 3,4.016089125444248e-05,0.8079670492889325
84,181,Stage 3,Stage 2,0.00015747709041655087,0.5115661195450565
84,182,Stage 3,Stage 3,0.00019184795433671537,0.563217123359567
84,183,Stage 2,Stage 3,2.4583551803040677e-05,0.713955545516276
84,184,Stage 3,Stage 3,7.260071947965958e-06,0.8994090593062515
84,185,Stage 3,Stage 3,1.1898065358003794e-05,0.7166160785801959
84,186,Stage 3,Stage 3,1.4936528601188867e-06,0.9162269307777596
84,187,Stage 3,Stage 3,4.053068186505828e-06,0.8803325184180001
84,188,Stage 3,Stage 3,1.9296790297315861e-07,0.9578444143686836
84,189,Stage 3,Stage 3,5.408325034290596e-06,0.8768741020017146
84,190,Stage 3,Stage 3,1.987403587307608e-07,0.9606180766632704
84,191,Stage 3,Stage 3,8.522416294219642e-07,0.940462924753449
84,192,Stage 3,Stage 3,5.068310178317452e-06,0.8569989020960699
84,193,Stage 3,Stage 3,2.3749760432079392e-07,0.9595980620204442
84,194,Stage 3,Stage 3,1.0678215466213845e-07,0.9617677182202644
84,195,Stage 3,Stage 3,1.2514955925746156e-07,0.9610961606699678
84,196,Stage 3,Stage 3,1.3558305684112517e-09,0.8541883110293781
84,197,Stage 3,Stage 3,3.793771568455815e-09,0.9000591799902701
84,198,Stage 3,Stage 3,5.924731486415061e-09,0.888495614462484
84,199,Stage 3,Stage 3,2.5174340791998817e-10,0.725608262185614
84,200,Stage 3,Stage 3,8.105325651978232e-08,0.9592436157952662
84,201,Stage 3,Stage 3,6.444329358847392e-09,0.912933872903603
84,202,Stage 3,Stage 3,2.3007619077201226e-09,0.8931217842314982
84,203,Stage 3,Stage 3,6.99050183953143e-10,0.8794966952981362
84,204,Stage 0,Stage 0,7.70284485397945e-12,0.5563411579940913
84,205,Stage 3,Stage 3,1.0093005483886784e-09,0.9352315970869819
84,206,Stage 3,Stage 3,5.295798133295224e-11,0.6649675109627434
84,207,Stage 3,Stage 3,4.7911220765892066e-11,0.5949508989387212
84,208,Stage 3,Stage 0,4.792712977930504e-12,0.5263393453359846
84,209,Stage 0,Stage 0,1.1383274895274827e-12,0.7198576306835355
84,210,Stage 0,Stage 0,6.175208851034651e-13,0.7135861090860794
84,211,Stage 0,Stage 0,2.6637464217984475e-13,0.8554636351557514
84,212,Stage 0,Stage 0,1.2911064376554459e-14,0.900169086222975
84,213,Stage 0,Stage 0,1.0470897544882845e-15,0.9625021276597627
84,214,Stage 0,Stage 0,4.6916312904351044e-18,0.9942790148304628
84,215,Stage 0,Stage 0,2.3592610053207947e-17,0.9938156861813345
84,216,Stage 0,Stage 0,5.3421311799235386e-15,0.9322586661437201
84,217,Stage 0,Stage 0,1.599191024424802e-19,0.9985830047646799
84,218,Stage 0,Stage 0,6.851311113370125e-20,0.9989206008452701
84,219,Stage 0,Stage 0,3.0146989653378146e-19,0.9971262654446555
84,220,Stage 0,Stage 0,8.333094388878528e-21,0.9994332156036524
84,221,Stage 0,Stage 0,9.587798621133577e-20,0.9982382692883546
84,222,Stage 0,Stage 0,3.1914940596726867e-19,0.9973382445150931
84,223,Stage 0,Stage 0,4.1788087709129504e-22,0.9997835729872027
84,224,Stage 0,Stage 0,1.5987743683897151e-24,0.9999780655570721
84,225,Stage 0,Stage 0,9.244545666473412e-22,0.9995665056982856
84,226,Stage 0,Stage 0,6.431975463342791e-25,0.9999758611534671
88,1,Stage 4,Stage 4,0.7832591095807644,0.7832591095807644
88,2,Stage 4,Stage 4,0.8647083667710014,0.8647083667710014
88,3,Stage 4,Stage 4,0.8800621107632745,0.8800621107632745
88,4,Stage 4,Stage 4,0.8774615552336023,0.8774615552336023
88,5,Stage 4,Stage 4,0.9754199204583593,0.9754199204583593
88,6,Stage 4,Stage 4,0.9587484921656525,0.9587484921656525
88,7,Stage 4,Stage 4,0.9164858870046729,0.9164858870046729
88,8,Stage 4,Stage 4,0.9695186346778579,0.9695186346778579
88,9,Stage 4,Stage 4,0.9470380258851128,0.9470380258851128
88,10,Stage 4,Stage 4,0.8750468325181439,0.8750468325181439
88,11,Stage 4,Stage 4,0.9367632387627832,0.9367632387627832
88,12,Stage 4,Stage 4,0.9397661555370083,0.9397661555370083
88,13,Stage 4,Stage 4,0.8579142983317491,0.8579142983317491
88,14,Stage 4,Stage 4,0.966908036618429,0.966908036618429
88,15,Stage 4,Stage 4,0.960088179174861,0.960088179174861
88,16,Stage 4,Stage 4,0.9146061104873254,0.9146061104873254
88,17,Stage 4,Stage 4,0.7955207773919392,0.7955207773919392
88,18,Stage 4,Stage 4,0.8486572926099731,0.8486572926099731
88,19,Stage 4,Stage 4,0.9636526177600829,0.9636526177600829
88,20,Stage 4,Stage 4,0.9455859975820415,0.9455859975820415
88,21,Stage 4,Stage 4,0.8707567755725141,0.8707567755725141
88,22,Stage 4,Stage 4,0.8951765888119706,0.8951765888119706
88,23,Stage 4,Stage 4,0.9558573025236035,0.9558573025236035
88,24,Stage 4,Stage 4,0.9321674320621253,0.9321674320621253
88,25,Stage 4,Stage 4,0.8048522115288336,0.8048522115288336
88,26,Stage 4,Stage 4,0.8459596809393225,0.8459596809393225
88,27,Stage 4,Stage 4,0.943506419017711,0.943506419017711
88,28,Stage 4,Stage 4,0.9342408620301242,0.9342408620301242
88,29,Stage 4,Stage 4,0.9289725777249218,0.9289725777249218
88,30,Stage 4,Stage 4,0.9266131851014334,0.9266131851014334
88,31,Stage 4,Stage 4,0.9335676623437799,0.9335676623437799
88,32,Stage 4,Stage 4,0.96109332914612,0.96109332914612
88,33,Stage 4,Stage 4,0.7166541948644347,0.7166541948644347
88,34,Stage 4,Stage 4,0.9273693693337353,0.9273693693337353
88,35,Stage 4,Stage 4,0.9523161669000687,0.9523161669000687
88,36,Stage 4,Stage 4,0.8546083196336974,0.8546083196336974
88,37,Stage 4,Stage 4,0.9633574248786133,0.9633574248786133
88,38,Stage 4,Stage 4,0.878786249270235,0.878786249270235
88,39,Stage 4,Stage 4,0.9493125693082524,0.9493125693082524
88,40,Stage 4,Stage 4,0.8371734033399241,0.8371734033399241
88,41,Stage 4,Stage 4,0.8597164147548865,0.8597164147548865
88,42,Stage 4,Stage 4,0.6685416157076348,0.6685416157076348
88,43,Stage 4,Stage 4,0.9021059491001178,0.9021059491001178
88,44,Stage 4,Stage 4,0.8554299478239338,0.8554299478239338
88,45,Stage 4,Stage 4,0.938204002521089,0.938204002521089
88,46,Stage 4,Stage 4,0.9418830812829979,0.9418830812829979
88,47,Stage 4,Stage 4,0.756001392704109,0.756001392704109
88,48,Stage 4,Stage 4,0.8067765785707033,0.8067765785707033
88,49,Stage 4,Stage 4,0.9560719300093589,0.9560719300093589
88,50,Stage 4,Stage 4,0.9756022395938511,0.9756022395938511
88,51,Stage 4,Stage 4,0.9103213647378136,0.9103213647378136
88,52,Stage 4,Stage 4,0.904787049811733,0.904787049811733
88,53,Stage 4,Stage 4,0.9299949214767401,0.9299949214767401
88,54,Stage 4,Stage 4,0.9780002233336883,0.9780002233336883
88,55,Stage 4,Stage 4,0.9185272967923437,0.9185272967923437
88,56,Stage 4,Stage 4,0.9162075069563026,0.9162075069563026
88,57,Stage 4,Stage 4,0.8965313085152753,0.8965313085152753
88,58,Stage 4,Stage 4,0.7685864616221839,0.7685864616221839
88,59,Stage 4,Stage 4,0.9543473718288963,0.9543473718288963
88,60,Stage 4,Stage 4,0.8563345572508799,0.8563345572508799
88,61,Stage 4,Stage 4,0.870476541984166,0.870476541984166
88,62,Stage 4,Stage 4,0.6122128017135576,0.6122128017135576
88,63,Stage 4,Stage 4,0.917330532093243,0.917330532093243
88,64,Stage 4,Stage 4,0.8586941582938264,0.8586941582938264
88,65,Stage 4,Stage 4,0.9367310970938338,0.9367310970938338
88,66,Stage 4,Stage 4,0.8792082181637066,0.8792082181637066
88,67,Stage 4,Stage 4,0.9315864915137474,0.9315864915137474
88,68,Stage 4,Stage 4,0.9368751008803732,0.9368751008803732
88,69,Stage 4,Stage 4,0.8494667422825533,0.8494667422825533
88,70,Stage 4,Stage 4,0.9329621595457698,0.9329621595457698
88,71,Stage 4,Stage 4,0.9377556292341853,0.9377556292341853
88,72,Stage 4,Stage 4,0.8395812694360657,0.8395812694360657
88,73,Stage 4,Stage 4,0.8518461973685674,0.8518461973685674
88,74,Stage 4,Stage 4,0.7397557070904704,0.7397557070904704
88,75,Stage 4,Stage 4,0.9462553483205308,0.9462553483205308
88,76,Stage 4,Stage 4,0.8343357392603472,0.8343357392603472
88,77,Stage 4,Stage 4,0.7796976310477538,0.7796976310477538
88,78,Stage 4,Stage 4,0.9403860811587512,0.9403860811587512
88,79,Stage 4,Stage 4,0.9050902551735052,0.9050902551735052
88,80,Stage 4,Stage 4,0.7590239078871611,0.7590239078871611
88,81,Stage 4,Stage 4,0.9360786853580781,0.9360786853580781
88,82,Stage 4,Stage 4,0.9292566893329671,0.9292566893329671
88,83,Stage 4,Stage 4,0.9769413502910569,0.9769413502910569
88,84,Stage 4,Stage 4,0.6439701361782771,0.6439701361782771
88,85,Stage 4,Stage 4,0.7419029822405245,0.7419029822405245
88,86,Stage 4,Stage 4,0.9288045856163534,0.9288045856163534
88,87,Stage 4,Stage 4,0.6454544254046664,0.6454544254046664
88,88,Stage 4,Stage 4,0.8196106373712939,0.8196106373712939
88,89,Stage 4,Stage 4,0.9542216139170747,0.9542216139170747
88,90,Stage 4,Stage 4,0.9022297495228293,0.9022297495228293
88,91,Stage 4,Stage 4,0.9227831315485177,0.9227831315485177
88,92,Stage 4,Stage 4,0.858507334080173,0.858507334080173
88,93,Stage 4,Stage 4,0.9588832921159729,0.9588832921159729
88,94,Stage 4,Stage 4,0.9450816912660527,0.9450816912660527
88,95,Stage 4,Stage 4,0.9464304851120185,0.9464304851120185
88,96,Stage 4,Stage 4,0.9596603269382868,0.9596603269382868
88,97,Stage 4,Stage 4,0.8858589581057428,0.8858589581057428
88,98,Stage 4,Stage 4,0.8306257455903084,0.8306257455903084
88,99,Stage 4,Stage 4,0.8866364081841829,0.8866364081841829
88,100,Stage 4,Stage 4,0.7557257511857828,0.7557257511857828
88,101,Stage 4,Stage 4,0.7348528567014262,0.7348528567014262
88,102,Stage 4,Stage 4,0.9190445322620197,0.9190445322620197
88,103,Stage 4,Stage 4,0.8808904380267314,0.8808904380267314
88,104,Stage 2,Stage 4,0.596854514560383,0.596854514560383
88,105,Stage 4,Stage 4,0.83790031004094,0.83790031004094
88,106,Stage 4,Stage 4,0.554157124678888,0.554157124678888
88,107,Stage 4,Stage 4,0.8497023832044329,0.8497023832044329
88,108,Stage 4,Stage 4,0.7566706153418975,0.7566706153418975
88,109,Stage 4,Stage 4,0.7522607016511708,0.7522607016511708
88,110,Stage 4,Stage 4,0.7270147485865129,0.7270147485865129
88,111,Stage 4,Stage 4,0.651161183024227,0.651161183024227
88,112,Stage 4,Stage 4,0.8024200010674774,0.8024200010674774
88,113,Stage 4,Stage 4,0.9385160266592707,0.9385160266592707
88,114,Stage 4,Stage 4,0.9464065439172111,0.9464065439172111
88,115,Stage 4,Stage 4,0.6735733995770996,0.6735733995770996
88,116,Stage 4,Stage 4,0.8058722735206243,0.8058722735206243
88,117,Stage 4,Stage 4,0.9019788800564951,0.9019788800564951
88,118,Stage 4,Stage 4,0.6717123666252558,0.6717123666252558
88,119,Stage 4,Stage 4,0.9241407796288253,0.9241407796288253
88,120,Stage 4,Stage 4,0.9154599762987633,0.9154599762987633
88,121,Stage 4,Stage 4,0.902510143770474,0.902510143770474
88,122,Stage 4,Stage 4,0.7957975811072664,0.7957975811072664
88,123,Stage 4,Stage 4,0.8349561072815355,0.8349561072815355
88,124,Stage 4,Stage 4,0.6721030417270957,0.6721030417270957
88,125,Stage 4,Stage 4,0.8091649397178269,0.8091649397178269
88,126,Stage 4,Stage 4,0.6982245567579127,0.6982245567579127
88,127,Stage 2,Stage 4,0.5734566092764488,0.5734566092764488
88,128,Stage 4,Stage 2,0.39712968843708174,0.5026655784615824
88,129,Stage 4,Stage 4,0.9187459266692944,0.9187459266692944
88,130,Stage 4,Stage 4,0.5196717391018986,0.5196717391018986
88,131,Stage 2,Stage 4,0.764556054132465,0.764556054132465
88,132,Stage 4,Stage 4,0.7578802152074718,0.7578802152074718
88,133,Stage 4,Stage 4,0.6579388420947202,0.6579388420947202
88,134,Stage 2,Stage 2,0.36347313287657834,0.6173056226824505
88,135,Stage 2,Stage 4,0.7083443947700285,0.7083443947700285
88,136,Stage 4,Stage 4,0.7296838597634379,0.7296838597634379
88,137,Stage 4,Stage 4,0.8593670200305938,0.8593670200305938
88,138,Stage 2,Stage 4,0.6864292052073694,0.6864292052073694
88,139,Stage 2,Stage 4,0.638186759561332,0.638186759561332
88,140,Stage 4,Stage 4,0.8031198370645731,0.8031198370645731
88,141,Stage 4,Stage 4,0.7691887864162336,0.7691887864162336
88,142,Stage 4,Stage 4,0.8118285157200553,0.8118285157200553
88,143,Stage 4,Stage 4,0.8017247348308665,0.8017247348308665
88,144,Stage 4,Stage 4,0.7493451648295607,0.7493451648295607
88,145,Stage 4,Stage 4,0.7404143472870545,0.7404143472870545
88,146,Stage 4,Stage 2,0.49699174583794276,0.4972014500712129
88,147,Stage 4,Stage 4,0.8931279504351234,0.8931279504351234
88,148,Stage 4,Stage 4,0.7718946514802835,0.7718946514802835
88,149,Stage 2,Stage 2,0.32095361889984325,0.6004486075381489
88,150,Stage 4,Stage 4,0.6311051501131894,0.6311051501131894
88,151,Stage 4,Stage 4,0.8348769023002532,0.8348769023002532
88,152,Stage 4,Stage 4,0.6041500668825434,0.6041500668825434
88,153,Stage 4,Stage 4,0.7538137037754267,0.7538137037754267
88,154,Stage 4,Stage 4,0.78627205163903,0.78627205163903
88,155,Stage 2,Stage 2,0.4340840064404757,0.5378463533177046
88,156,Stage 4,Stage 4,0.6505350456507675,0.6505350456507675
88,157,Stage 4,Stage 4,0.7240514710267193,0.7240514710267193
88,158,Stage 4,Stage 4,0.6712741333377136,0.6712741333377136
88,159,Stage 4,Stage 4,0.803091064422639,0.803091064422639
88,160,Stage 2,Stage 4,0.5538320493155529,0.5538320493155529
88,161,Stage 4,Stage 4,0.7666612614360345,0.7666612614360345
88,162,Stage 4,Stage 4,0.5748217535171187,0.5748217535171187
88,163,Stage 4,Stage 2,0.18203493960113007,0.793603683051591
88,164,Stage 4,Stage 2,0.3283102808109552,0.6667692803947171
88,165,Stage 4,Stage 2,0.46343076504266384,0.5263828369204692
88,166,Stage 2,Stage 4,0.7513454340665904,0.7513454340665904
88,167,Stage 2,Stage 2,0.4230521395150599,0.49274523106938706
88,168,Stage 4,Stage 4,0.6608936174404307,0.6608936174404307
88,169,Stage 2,Stage 2,0.32171216209139886,0.6580438739397145
88,170,Stage 4,Stage 4,0.6983370482390839,0.6983370482390839
88,171,Stage 4,Stage 4,0.5643219956094054,0.5643219956094054
88,172,Stage 2,Stage 4,0.5603755318783576,0.5603755318783576
88,173,Stage 2,Stage 2,0.3650823103894364,0.6036839470096075
88,174,Stage 4,Stage 4,0.5473888344448854,0.5473888344448854
88,175,Stage 4,Stage 2,0.3958098003523074,0.5850192327221246
88,176,Stage 4,Stage 2,0.4619032541900111,0.5331463334153578
88,177,Stage 2,Stage 4,0.7018898603984118,0.7018898603984118
88,178,Stage 2,Stage 2,0.21294250615041535,0.7778628400784682
88,179,Stage 4,Stage 4,0.6823325387612799,0.6823325387612799
88,180,Stage 4,Stage 4,0.7058437407391924,0.7058437407391924
88,181,Stage 4,Stage 4,0.6104863486278795,0.6104863486278795
88,182,Stage 4,Stage 2,0.383229275616021,0.6144822053916632
88,183,Stage 2,Stage 2,0.4414623189780746,0.4946544787004188
88,184,Stage 4,Stage 2,0.255807973542203,0.7126688758087572
88,185,Stage 2,Stage 2,0.47691963157106426,0.5156972130695245
88,186,Stage 2,Stage 2,0.34159438202200737,0.626403847515083
88,187,Stage 2,Stage 2,0.28976313136141413,0.5757502674660931
88,188,Stage 4,Stage 4,0.7260518039269673,0.7260518039269673
88,189,Stage 2,Stage 2,0.354828969536617,0.6226374470863638
88,190,Stage 2,Stage 2,0.24526024909027824,0.7313450021969636
88,191,Stage 2,Stage 2,0.19544515589103945,0.7920062673178649
88,192,Stage 2,Stage 4,0.6861642755042053,0.6861642755042053
88,193,Stage 2,Stage 2,0.2201941704377867,0.7328331398934347
88,194,Stage 2,Stage 2,0.18027454816543156,0.8039059667512743
88,195,Stage 2,Stage 2,0.3283437290475373,0.6401429492996124
88,196,Stage 2,Stage 2,0.4329650908808835,0.5636519171243389
88,197,Stage 2,Stage 2,0.047590172509827514,0.6367876554454069
88,198,Stage 2,Stage 2,0.2782850304595093,0.7089675515024244
88,199,Stage 4,Stage 2,0.30448768230473533,0.6861190374027817
88,200,Stage 2,Stage 2,0.02893691190261108,0.67110022034838
88,201,Stage 2,Stage 2,0.03817782995349945,0.8711877914441104
88,202,Stage 2,Stage 2,0.3017836152027445,0.6659156730045445
88,203,Stage 2,Stage 2,0.27053241798390804,0.6944103030483832
88,204,Stage 2,Stage 2,0.3301591329525457,0.6638575655202559
88,205,Stage 2,Stage 2,0.11895845978882849,0.8408090956943581
88,206,Stage 2,Stage 2,0.02659769058365228,0.8815654358988456
88,207,Stage 2,Stage 2,0.25432996836334315,0.7216743981630999
88,208,Stage 2,Stage 2,0.1196834778512476,0.854004706941737
88,209,Stage 2,Stage 2,0.04847819779188207,0.8365159221494936
88,210,Stage 2,Stage 2,0.06441250208975532,0.8231606272028692
88,211,Stage 2,Stage 2,0.1585431950114861,0.8309023019761566
88,212,Stage 2,Stage 2,0.08310415362726194,0.8522890699711715
88,213,Stage 2,Stage 2,0.07701684365307662,0.9013764550418759
88,214,Stage 2,Stage 2,0.03867976265651845,0.8333129922169613
88,215,Stage 2,Stage 2,0.1845156910571535,0.7990889977448097
88,216,Stage 2,Stage 2,0.11186235898266454,0.8651840259130156
88,217,Stage 2,Stage 2,0.04361091226982055,0.8824151412295587
88,218,Stage 2,Stage 2,0.030612561998882983,0.8660563021653236
88,219,Stage 2,Stage 2,0.03877026408559014,0.911729029882445
88,220,Stage 2,Stage 2,0.042267993251509525,0.841002295889797
88,221,Stage 2,Stage 2,0.06677624874030333,0.8986917655133201
88,222,Stage 2,Stage 2,0.11729155593583517,0.8596016586181556
88,223,Stage 2,Stage 2,0.28159867301696534,0.7069072671387121
88,224,Stage 2,Stage 2,0.017741744473138598,0.9082752235544778
88,225,Stage 2,Stage 2,0.008530964105134757,0.7644287535316591
88,226,Stage 2,Stage 2,0.016316139536672256,0.9032784460825343
88,227,Stage 2,Stage 2,0.05167072174024272,0.85438718114271
88,228,Stage 2,Stage 2,0.02768661895566307,0.9171297165044524
88,229,Stage 2,Stage 2,0.005836192496615441,0.7730543988323745
88,230,Stage 2,Stage 2,0.015225567808695079,0.9132678339847858
88,231,Stage 2,Stage 2,0.004542116300339745,0.709181155050834
88,232,Stage 2,Stage 2,0.02584860488759371,0.8911368732817745
88,233,Stage 2,Stage 2,0.039037605183095396,0.9065384447012047
88,234,Stage 2,Stage 2,0.007116565434214056,0.9218277096153265
88,235,Stage 2,Stage 2,0.007235374735457969,0.8032787545184565
88,236,Stage 2,Stage 2,0.013074644540632294,0.8845058960939389
88,237,Stage 2,Stage 2,0.0022735748163149475,0.6762012959832512
88,238,Stage 2,Stage 2,0.05075592019577301,0.884648269386321
88,239,Stage 2,Stage 2,0.0037663726304418316,0.7783094318610272
88,240,Stage 2,Stage 2,0.01101414342857659,0.8560620414583058
88,241,Stage 2,Stage 2,0.002030354753553128,0.6000934534071154
88,242,Stage 2,Stage 2,0.008284359144381087,0.7707814834147603
88,243,Stage 2,Stage 2,0.0073547564409126515,0.8722112549296822
88,244,Stage 2,Stage 2,0.007953053093901442,0.8843998367189232
88,245,Stage 2,Stage 2,0.0025683722155761687,0.68364131250267
88,246,Stage 3,Stage 2,0.001464909792661179,0.7025693150688941
88,247,Stage 2,Stage 2,0.003517263070954088,0.8171327550744424
88,248,Stage 2,Stage 2,0.0008970862163173334,0.7068813193379189
88,249,Stage 2,Stage 2,0.0015811995669939125,0.7176904743222308
88,250,Stage 2,Stage 2,0.0006101304954746841,0.582098115130669
88,251,Stage 2,Stage 3,4.25988671294057e-05,0.776986668089725
88,252,Stage 2,Stage 3,0.00012038538629850782,0.603422054761336
88,253,Stage 2,Stage 2,0.0014335637489219562,0.7783774026572917
88,254,Stage 2,Stage 2,0.0007793427656646395,0.6940484198634167
88,255,Stage 2,Stage 2,0.0004567649071374259,0.5709120223330685
88,256,Stage 2,Stage 3,5.942282013740044e-05,0.7693685857239858
88,257,Stage 2,Stage 3,0.00020429457041950868,0.670502000957835
88,258,Stage 3,Stage 3,2.0123359469100404e-05,0.8587438622663501
88,259,Stage 3,Stage 2,0.000448119962935815,0.5016720792913885
88,260,Stage 2,Stage 3,3.6136931961584925e-05,0.6782847963219808
88,261,Stage 2,Stage 3,7.988853602593513e-06,0.9008420152998599
88,262,Stage 3,Stage 3,7.937366201476007e-06,0.8933419265946408
88,263,Stage 3,Stage 3,0.00012097197475821892,0.707678283100608
88,264,Stage 3,Stage 3,4.525204607834289e-05,0.7714981401758942
88,265,Stage 3,Stage 3,1.4302532534413232e-05,0.8772372196318825
88,266,Stage 2,Stage 3,4.0863085839777816e-05,0.7422049889756944
88,267,Stage 3,Stage 3,2.44204749183787e-06,0.9355143668975024
88,268,Stage 3,Stage 3,2.161240454136315e-06,0.9252655110330993
88,269,Stage 3,Stage 3,1.983061669859842e-06,0.9387943198139981
88,270,Stage 3,Stage 3,8.997263963211573e-07,0.9412657105823428
88,271,Stage 3,Stage 3,7.266489815902756e-06,0.8325018125974133
88,272,Stage 3,Stage 3,1.9200072800439318e-05,0.7435543378741156
88,273,Stage 3,Stage 3,6.687998725781715e-07,0.9519895686863359
88,274,Stage 3,Stage 3,3.3821963520495606e-06,0.8930177419446977
88,275,Stage 3,Stage 3,3.0735332812807986e-07,0.9585109021213032
88,276,Stage 3,Stage 3,2.6438701638103865e-07,0.9575295800218264
88,277,Stage 3,Stage 3,5.2654424900771284e-08,0.9530368732588888
88,278,Stage 3,Stage 3,2.6943275808946167e-08,0.9619451432291632
88,279,Stage 3,Stage 3,1.191686571597599e-07,0.9592758097882503
88,280,Stage 3,Stage 3,1.6834690058527578e-07,0.9573495645927455
88,281,Stage 3,Stage 3,5.056701551245317e-08,0.9623888359044248
88,282,Stage 3,Stage 3,4.477306392158501e-07,0.9382294695451354
88,283,Stage 3,Stage 3,3.528162915555304e-08,0.9602128675929473
88,284,Stage 3,Stage 3,3.9233814971682964e-08,0.9547018252572032
88,285,Stage 3,Stage 3,3.901096228530453e-09,0.9145207070592138
88,286,Stage 3,Stage 3,1.2157453699974934e-09,0.8646238237024874
88,287,Stage 3,Stage 3,7.460440172157896e-09,0.9323652760617099
88,288,Stage 3,Stage 3,3.159855793050179e-10,0.7737949792924034
88,289,Stage 3,Stage 3,1.7514423106379245e-08,0.9528186347003516
88,290,Stage 3,Stage 3,2.5126918588514234e-10,0.8075696217447603
88,291,Stage 3,Stage 3,1.4824141169217824e-10,0.6220302295752884
88,292,Stage 3,Stage 3,1.1902080792356825e-09,0.9115339256994626
88,293,Stage 0,Stage 0,3.3965355783578516e-13,0.8925573593967034
88,294,Stage 3,Stage 3,5.074440446193324e-10,0.859906949419701
88,295,Stage 0,Stage 0,7.611505942250438e-14,0.902437139501903
88,296,Stage 3,Stage 3,7.734703985696101e-11,0.7375735305920225
88,297,Stage 0,Stage 0,5.899117753026114e-14,0.8995371505693455
88,298,Stage 0,Stage 0,3.816878005004601e-14,0.9132447079155663
88,299,Stage 0,Stage 0,8.551614722303816e-13,0.7447658550288888
88,300,Stage 0,Stage 0,1.0009546858319225e-11,0.6035246148638063
88,301,Stage 0,Stage 0,1.0891768633483573e-13,0.8962698681415946
88,302,Stage 0,Stage 0,5.296040007893364e-13,0.7176071096316665
88,303,Stage 0,Stage 0,7.166049010664279e-13,0.7156055374228217
88,304,Stage 0,Stage 0,2.7171318512263222e-15,0.954200319594071
88,305,Stage 0,Stage 0,6.466538452735055e-14,0.8638597944313937
88,306,Stage 0,Stage 0,1.1147797473571447e-14,0.9154742303722876
88,307,Stage 0,Stage 0,2.215402530139006e-16,0.9856360947613295
88,308,Stage 0,Stage 0,4.0720332905268833e-16,0.9793003114005497
88,309,Stage 0,Stage 0,3.768212470632025e-17,0.9887044425203118
88,310,Stage 0,Stage 0,1.6113474582094718e-18,0.9964725905716867
88,311,Stage 0,Stage 0,4.1478430517527354e-20,0.9987578648576295
88,312,Stage 0,Stage 0,9.628962861968913e-19,0.9969387474758103
88,313,Stage 0,Stage 0,2.9750167728891657e-21,0.9996506938054053
88,314,Stage 0,Stage 0,7.457744814263652e-18,0.9955022863247548
88,315,Stage 0,Stage 0,5.832978253832372e-19,0.997989490207958
88,316,Stage 0,Stage 0,3.802933527952515e-22,0.9998085088575179
88,317,Stage 0,Stage 0,6.615888498249886e-20,0.9985420321594668
88,318,Stage 0,Stage 0,1.864439954868112e-19,0.9984650114296343
88,319,Stage 0,Stage 0,4.876744676333884e-22,0.9998028984880546
88,320,Stage 0,Stage 0,2.7853587366723934e-24,0.9999685753136868
88,321,Stage 0,Stage 0,5.519119329668713e-22,0.9997090352744938
88,322,Stage 0,Stage 0,9.25985982775251e-24,0.9999279472319451
89,1,Stage 4,Stage 4,0.9974408281170082,0.9974408281170082
89,2,Stage 4,Stage 4,0.9993841134243938,0.9993841134243938
89,3,Stage 4,Stage 4,0.9819878987191923,0.9819878987191923
89,4,Stage 4,Stage 4,0.9753054326793758,0.9753054326793758
89,5,Stage 4,Stage 4,0.9937525350379419,0.9937525350379419
89,6,Stage 4,Stage 4,0.9953456026078752,0.9953456026078752
89,7,Stage 4,Stage 4,0.9868182841208375,0.9868182841208375
89,8,Stage 4,Stage 4,0.9681938308674843,0.9681938308674843
89,9,Stage 4,Stage 4,0.98255424303373,0.98255424303373
89,10,Stage 4,Stage 4,0.9982348674393176,0.9982348674393176
89,11,Stage 4,Stage 4,0.9547014952478495,0.9547014952478495
89,12,Stage 4,Stage 4,0.9956934264975461,0.9956934264975461
89,13,Stage 4,Stage 4,0.994047831325768,0.994047831325768
89,14,Stage 4,Stage 4,0.9990467478087885,0.9990467478087885
89,15,Stage 4,Stage 4,0.9785444041625609,0.9785444041625609
89,16,Stage 4,Stage 4,0.9951874920234935,0.9951874920234935
89,17,Stage 4,Stage 4,0.996401542674784,0.996401542674784
89,18,Stage 4,Stage 4,0.989867083787427,0.989867083787427
89,19,Stage 4,Stage 4,0.991885224608661,0.991885224608661
89,20,Stage 4,Stage 4,0.9967085131523401,0.9967085131523401
89,21,Stage 4,Stage 4,0.9959279859426614,0.9959279859426614
89,22,Stage 4,Stage 4,0.9972675408135591,0.9972675408135591
89,23,Stage 4,Stage 4,0.9994779977479968,0.9994779977479968
89,24,Stage 4,Stage 4,0.9936141723066378,0.9936141723066378
89,25,Stage 4,Stage 4,0.9844263514619844,0.9844263514619844
89,26,Stage 4,Stage 4,0.9924677736829224,0.9924677736829224
89,27,Stage 4,Stage 4,0.9995445741363513,0.9995445741363513
89,28,Stage 4,Stage 4,0.9989817750935762,0.9989817750935762
89,29,Stage 4,Stage 4,0.994876748212422,0.994876748212422
89,30,Stage 4,Stage 4,0.9782447057321283,0.9782447057321283
89,31,Stage 4,Stage 4,0.9962854101898747,0.9962854101898747
89,32,Stage 4,Stage 4,0.9838946053322078,0.9838946053322078
89,33,Stage 4,Stage 4,0.990052052536477,0.990052052536477
89,34,Stage 4,Stage 4,0.9758693741499426,0.9758693741499426
89,35,Stage 4,Stage 4,0.9881985577900773,0.9881985577900773
89,36,Stage 4,Stage 4,0.9954348267225673,0.9954348267225673
89,37,Stage 4,Stage 4,0.9813493629912247,0.9813493629912247
89,38,Stage 4,Stage 4,0.9883599843213975,0.9883599843213975
89,39,Stage 4,Stage 4,0.9960968595296992,0.9960968595296992
89,40,Stage 4,Stage 4,0.9914890631835247,0.9914890631835247
89,41,Stage 4,Stage 4,0.9887395589012612,0.9887395589012612
89,42,Stage 4,Stage 4,0.9891101071775928,0.9891101071775928
89,43,Stage 4,Stage 4,0.9347121273623845,0.9347121273623845
89,44,Stage 4,Stage 4,0.99600066311906,0.99600066311906
89,45,Stage 4,Stage 4,0.989872817688408,0.989872817688408
89,46,Stage 4,Stage 4,0.9901014661777414,0.9901014661777414
89,47,Stage 4,Stage 4,0.9940158609495273,0.9940158609495273
89,48,Stage 4,Stage 4,0.9883659070643032,0.9883659070643032
89,49,Stage 4,Stage 4,0.995186031064823,0.995186031064823
89,50,Stage 4,Stage 4,0.9929615896267832,0.9929615896267832
89,51,Stage 4,Stage 4,0.9950069410284615,0.9950069410284615
89,52,Stage 4,Stage 4,0.9972708302087903,0.9972708302087903
89,53,Stage 4,Stage 4,0.9708639889616334,0.9708639889616334
89,54,Stage 4,Stage 4,0.9456057662369101,0.9456057662369101
89,55,Stage 4,Stage 4,0.9914188751869589,0.9914188751869589
89,56,Stage 4,Stage 4,0.996468410519602,0.996468410519602
89,57,Stage 4,Stage 4,0.9965624767952067,0.9965624767952067
89,58,Stage 4,Stage 4,0.9921609584495423,0.9921609584495423
89,59,Stage 4,Stage 4,0.9950451363972294,0.9950451363972294
89,60,Stage 4,Stage 4,0.9963327106659009,0.9963327106659009
89,61,Stage 4,Stage 4,0.9907173058692916,0.9907173058692916
89,62,Stage 4,Stage 4,0.9945238314325937,0.9945238314325937
89,63,Stage 4,Stage 4,0.9838120752905676,0.9838120752905676
89,64,Stage 4,Stage 4,0.9744210566330973,0.9744210566330973
89,65,Stage 4,Stage 4,0.9425899039899118,0.9425899039899118
89,66,Stage 4,Stage 4,0.9836372422956905,0.9836372422956905
89,67,Stage 4,Stage 4,0.9827290074383832,0.9827290074383832
89,68,Stage 4,Stage 4,0.9976075588408916,0.9976075588408916
89,69,Stage 4,Stage 4,0.9665950952773802,0.9665950952773802
89,70,Stage 4,Stage 4,0.9937154994992343,0.9937154994992343
89,71,Stage 4,Stage 4,0.9680525294584478,0.9680525294584478
89,72,Stage 4,Stage 4,0.9862807318307121,0.9862807318307121
89,73,Stage 4,Stage 4,0.9943041493505941,0.9943041493505941
89,74,Stage 4,Stage 4,0.9952952743607607,0.9952952743607607
89,75,Stage 4,Stage 4,0.9912079383343781,0.9912079383343781
89,76,Stage 4,Stage 4,0.9958901995890377,0.9958901995890377
89,77,Stage 4,Stage 4,0.9942525396600069,0.9942525396600069
89,78,Stage 4,Stage 4,0.9563519758534152,0.9563519758534152
89,79,Stage 4,Stage 4,0.9738354912072568,0.9738354912072568
89,80,Stage 4,Stage 4,0.9752150178558515,0.9752150178558515
89,81,Stage 4,Stage 4,0.9558746181341395,0.9558746181341395
89,82,Stage 4,Stage 4,0.9481254887289081,0.9481254887289081
89,83,Stage 4,Stage 4,0.9879050537454328,0.9879050537454328
89,84,Stage 4,Stage 4,0.971880363911114,0.971880363911114
89,85,Stage 4,Stage 4,0.964568872721985,0.964568872721985
89,86,Stage 4,Stage 4,0.9841830178095262,0.9841830178095262
89,87,Stage 4,Stage 4,0.9846862996388994,0.9846862996388994
89,88,Stage 4,Stage 4,0.9573238450076962,0.9573238450076962
89,89,Stage 4,Stage 4,0.9796989652416762,0.9796989652416762
89,90,Stage 4,Stage 4,0.95265836704245,0.95265836704245
89,91,Stage 4,Stage 4,0.9730422738093432,0.9730422738093432
89,92,Stage 4,Stage 4,0.9743702030116551,0.9743702030116551
89,93,Stage 4,Stage 4,0.9720616809522667,0.9720616809522667
89,94,Stage 4,Stage 4,0.974154855565607,0.974154855565607
89,95,Stage 4,Stage 4,0.9909686158275084,0.9909686158275084
89,96,Stage 4,Stage 4,0.9804946076887822,0.9804946076887822
89,97,Stage 4,Stage 4,0.9662293100448025,0.9662293100448025
89,98,Stage 4,Stage 4,0.9746246878269877,0.9746246878269877
89,99,Stage 4,Stage 4,0.9716982546460183,0.9716982546460183
89,100,Stage 4,Stage 4,0.9535161642057149,0.9535161642057149
89,101,Stage 4,Stage 4,0.9896336604868441,0.9896336604868441
89,102,Stage 4,Stage 4,0.9841337987462918,0.9841337987462918
89,103,Stage 4,Stage 4,0.9399494039482579,0.9399494039482579
89,104,Stage 4,Stage 4,0.903989346136355,0.903989346136355
89,105,Stage 4,Stage 4,0.9814076422291734,0.9814076422291734
89,106,Stage 4,Stage 4,0.8936637575849524,0.8936637575849524
89,107,Stage 4,Stage 4,0.9139448207273143,0.9139448207273143
89,108,Stage 4,Stage 4,0.9675018350269264,0.9675018350269264
89,109,Stage 4,Stage 4,0.9661178619105315,0.9661178619105315
89,110,Stage 4,Stage 4,0.7960100550566832,0.7960100550566832
89,111,Stage 4,Stage 4,0.9496987272934938,0.9496987272934938
89,112,Stage 4,Stage 4,0.9185248737426664,0.9185248737426664
89,113,Stage 4,Stage 4,0.9453996475302946,0.9453996475302946
89,114,Stage 4,Stage 4,0.9433942442200856,0.9433942442200856
89,115,Stage 4,Stage 4,0.8314362390327521,0.8314362390327521
89,116,Stage 4,Stage 4,0.9025555748552793,0.9025555748552793
89,117,Stage 4,Stage 4,0.7455659399831368,0.7455659399831368
89,118,Stage 4,Stage 4,0.867754368064927,0.867754368064927
89,119,Stage 4,Stage 4,0.8936032720978222,0.8936032720978222
89,120,Stage 4,Stage 4,0.8888547651101184,0.8888547651101184
89,121,Stage 4,Stage 4,0.9079966323810252,0.9079966323810252
89,122,Stage 4,Stage 4,0.9356230836544203,0.9356230836544203
89,123,Stage 4,Stage 4,0.6371289367922278,0.6371289367922278
89,124,Stage 4,Stage 4,0.7745958675524734,0.7745958675524734
89,125,Stage 2,Stage 4,0.6538868838345019,0.6538868838345019
89,126,Stage 4,Stage 4,0.7472009510531327,0.7472009510531327
89,127,Stage 4,Stage 4,0.776973601427185,0.776973601427185
89,128,Stage 4,Stage 4,0.7488195723312752,0.7488195723312752
89,129,Stage 4,Stage 4,0.7592204903422048,0.7592204903422048
89,130,Stage 4,Stage 4,0.7718207387033604,0.7718207387033604
89,131,Stage 4,Stage 2,0.34191608447373995,0.6558703278893753
89,132,Stage 4,Stage 4,0.5908039267334094,0.5908039267334094
89,133,Stage 4,Stage 2,0.33424793492843674,0.4704884399897899
89,134,Stage 4,Stage 4,0.6368359761895914,0.6368359761895914
89,135,Stage 4,Stage 4,0.6157794783512089,0.6157794783512089
89,136,Stage 4,Stage 2,0.46182905718599937,0.5354420102460925
89,137,Stage 4,Stage 2,0.41181967404537684,0.5730252471142891
89,138,Stage 2,Stage 4,0.562188321465075,0.562188321465075
89,139,Stage 4,Stage 2,0.3543195087213812,0.6393922046584517
89,140,Stage 2,Stage 2,0.3648475880331483,0.6245525753175282
89,141,Stage 2,Stage 2,0.25109117855012997,0.7321168638064874
89,142,Stage 2,Stage 2,0.3826266646558884,0.6032775363230133
89,143,Stage 2,Stage 2,0.13732081895708428,0.6454252181930887
89,144,Stage 2,Stage 2,0.147006658339096,0.7899840519188199
89,145,Stage 2,Stage 2,0.2419431663230432,0.7447576735558289
89,146,Stage 2,Stage 2,0.11443645927925282,0.8203759951876582
89,147,Stage 2,Stage 2,0.18831253181828178,0.7833327880103345
89,148,Stage 2,Stage 2,0.02101595562533672,0.8648098206919366
89,149,Stage 2,Stage 2,0.13402017169885716,0.8548476060320314
89,150,Stage 2,Stage 2,0.25135615713533715,0.7434901709346261
89,151,Stage 2,Stage 2,0.1594276870469366,0.8333279975375512
89,152,Stage 2,Stage 2,0.05711224578934616,0.8936233386216066
89,153,Stage 2,Stage 2,0.01483118639477949,0.8683588993749738
89,154,Stage 2,Stage 2,0.07012929019600778,0.8959767165424342
89,155,Stage 2,Stage 2,0.03273338300047072,0.8954589268072419
89,156,Stage 2,Stage 2,0.0266163673450079,0.9111123505954973
89,157,Stage 2,Stage 2,0.028404602641545575,0.9455279595436359
89,158,Stage 2,Stage 2,0.12193052096311954,0.8582733747259685
89,159,Stage 2,Stage 2,0.0026608128350107843,0.7939138099455012
89,160,Stage 2,Stage 2,0.03712652050511558,0.9167412777102718
89,161,Stage 2,Stage 2,0.024242837385508722,0.9110863954075293
89,162,Stage 2,Stage 2,0.006117420357628838,0.7819330102476169
89,163,Stage 2,Stage 2,0.0005755996491907736,0.5187861973579571
89,164,Stage 2,Stage 2,0.0020285050370381008,0.7171891495137722
89,165,Stage 2,Stage 2,0.0034103144469163627,0.8234391429143973
89,166,Stage 2,Stage 2,0.008745405942785603,0.8388647816736522
89,167,Stage 2,Stage 3,0.00020916604722168782,0.5917094632080125
89,168,Stage 2,Stage 2,0.0020984963897629607,0.6516337386368122
89,169,Stage 3,Stage 3,0.00013410242077291815,0.6252496741387271
89,170,Stage 2,Stage 3,0.00013187418725642605,0.6185515728516077
89,171,Stage 2,Stage 3,0.00021003278262543787,0.5991793403640159
89,172,Stage 3,Stage 3,1.2616466295760958e-05,0.8451419887714444
89,173,Stage 2,Stage 3,6.614771036750875e-06,0.8980583503937497
89,174,Stage 3,Stage 3,2.748670173362199e-06,0.9231723245552089
89,175,Stage 3,Stage 3,4.329308694534937e-06,0.8798679973661181
89,176,Stage 3,Stage 3,2.0124365054011457e-06,0.9285419741270099
89,177,Stage 3,Stage 3,6.560346614268915e-06,0.8254500575261493
89,178,Stage 3,Stage 3,5.207765349231128e-06,0.8344009492342144
89,179,Stage 3,Stage 3,2.485072148148161e-07,0.9560045245262966
89,180,Stage 3,Stage 3,3.5746921616690874e-07,0.9450805017485139
89,181,Stage 3,Stage 3,2.6305322491701e-06,0.8465051646700058
89,182,Stage 3,Stage 3,1.8558129339464197e-07,0.9557352814555166
89,183,Stage 3,Stage 3,4.506877708380466e-09,0.8941106149916266
89,184,Stage 3,Stage 3,2.815806852242521e-09,0.9286102648555455
89,185,Stage 3,Stage 3,2.2364813953735016e-08,0.9618054902520338
89,186,Stage 3,Stage 3,2.001576324171092e-08,0.9616750680172251
89,187,Stage 3,Stage 3,3.4424826552154444e-09,0.877812640512
89,188,Stage 3,Stage 3,1.973735122888086e-10,0.7888217708805263
89,189,Stage 3,Stage 3,6.105791315045419e-11,0.5927323333995355
89,190,Stage 3,Stage 3,5.35119354874163e-11,0.6348618413372987
89,191,Stage 0,Stage 0,3.4565793145709135e-12,0.5491727916453907
89,192,Stage 0,Stage 0,8.472417791772356e-13,0.698488433865717
89,193,Stage 0,Stage 0,1.1607414304401896e-12,0.5745801552776006
89,194,Stage 0,Stage 0,1.709418734814968e-13,0.8809310161833183
89,195,Stage 0,Stage 0,6.228127536305509e-14,0.8680807525022058
89,196,Stage 0,Stage 0,3.1301166569055746e-14,0.9108062579303792
89,197,Stage 0,Stage 0,2.5590153317386125e-16,0.9761333519276547
89,198,Stage 0,Stage 0,7.168031100807053e-17,0.9868718458546353
89,199,Stage 0,Stage 0,7.643172823406567e-17,0.9826441747104742
89,200,Stage 0,Stage 0,5.53510579678095e-18,0.9925818988729215
89,201,Stage 0,Stage 0,1.6618262922311867e-19,0.9981684577208978
89,202,Stage 0,Stage 0,8.016661986080007e-20,0.9984348173445392
89,203,Stage 0,Stage 0,3.6054718813484495e-23,0.9999419037026344
89,204,Stage 0,Stage 0,3.6734832043160396e-19,0.9971520332046212
89,205,Stage 0,Stage 0,5.512319236175576e-24,0.9999338415496535
89,206,Stage 0,Stage 0,3.0005952426779753e-23,0.9998784864271854
89,207,Stage 0,Stage 0,1.4456850131256175e-23,0.9998785868871027
92,1,Stage 1,Stage 1,0.05179663439896203,0.9358249654530434
92,2,Stage 1,Stage 1,0.007523422963760453,0.9903877128467665
92,3,Stage 1,Stage 1,0.006763117086772547,0.991758799184086
92,4,Stage 1,Stage 1,0.016001071125265776,0.9822059980443789
92,5,Stage 1,Stage 1,0.008110212335616028,0.9897959465973729
92,6,Stage 1,Stage 1,0.027190381367183634,0.9657168981198141
92,7,Stage 1,Stage 1,0.10473066078203248,0.8712900571732651
92,8,Stage 1,Stage 1,0.04170520488451164,0.9507247665168196
92,9,Stage 1,Stage 1,0.05574675958364911,0.9390931125342298
92,10,Stage 1,Stage 4,0.6887968882865363,0.6887968882865363
92,11,Stage 1,Stage 4,0.6566033947254502,0.6566033947254502
92,12,Stage 1,Stage 1,0.0014671851823628997,0.9982680544645237
92,13,Stage 1,Stage 1,0.3408088804023156,0.6220946783685978
92,14,Stage 1,Stage 1,0.07980211697671905,0.9044079230751184
92,15,Stage 1,Stage 1,0.24721714635982317,0.7299009099105023
92,16,Stage 1,Stage 1,0.00998189417413996,0.984427606857939
92,17,Stage 1,Stage 1,0.008586247714426202,0.989306822098722
92,18,Stage 1,Stage 1,0.1029185438877323,0.8784114682379903
92,19,Stage 1,Stage 1,0.38100707938611594,0.5738315683304344
92,20,Stage 1,Stage 1,0.08907989221662474,0.9039122490438115
92,21,Stage 1,Stage 1,0.010127776265070774,0.9871603197040416
92,22,Stage 1,Stage 1,0.016206103043919853,0.9773572380953207
92,23,Stage 1,Stage 1,0.01597660448459536,0.9791818531361548
92,24,Stage 1,Stage 4,0.480271613099783,0.480271613099783
92,25,Stage 1,Stage 1,0.027815326761613964,0.9679135396968799
92,26,Stage 1,Stage 1,0.0015630898878731042,0.9961992111277355
92,27,Stage 1,Stage 1,0.007302383749895325,0.9919958292315799
92,28,Stage 1,Stage 1,0.08147696690818267,0.9091228216967683
92,29,Stage 1,Stage 1,0.00779801901400261,0.9908806707903597
92,30,Stage 1,Stage 1,0.07007744418721033,0.9180278138747258
92,31,Stage 4,Stage 4,0.8116722811932291,0.8116722811932291
92,32,Stage 1,Stage 1,0.018354713168657527,0.9783291097297883
92,33,Stage 1,Stage 1,0.00921563614749665,0.9896344126111383
92,34,Stage 1,Stage 4,0.8059241821481596,0.8059241821481596
92,35,Stage 1,Stage 1,0.12448367741271711,0.8650582956740418
92,36,Stage 1,Stage 1,0.050951892012259276,0.9400075330254065
92,37,Stage 1,Stage 1,0.01793323835842106,0.9781997733151593
92,38,Stage 1,Stage 1,0.13773271289389882,0.8308213923852091
92,39,Stage 1,Stage 1,0.0039773806682987575,0.9945957258835212
92,40,Stage 1,Stage 1,0.002206372437375519,0.9972775269894896
92,41,Stage 1,Stage 1,0.08738662402773392,0.903085876275173
92,42,Stage 1,Stage 1,0.011135439289072412,0.9848446797909295
92,43,Stage 1,Stage 1,0.0018114837890159466,0.9980002790610785
92,44,Stage 1,Stage 1,0.10393475599805421,0.8712428686141486
92,45,Stage 1,Stage 1,0.01336813891433822,0.9828974057424029
92,46,Stage 1,Stage 1,0.052365834238442883,0.9396651402842223
92,47,Stage 1,Stage 1,0.0038462265204315406,0.9953858017415556
92,48,Stage 1,Stage 1,0.008702620501189952,0.9905263577375475
92,49,Stage 1,Stage 1,0.02089726335692256,0.9746873681756641
92,50,Stage 1,Stage 1,0.0827069011666575,0.9121344536511148
92,51,Stage 1,Stage 1,0.01043194235314762,0.9878042509782695
92,52,Stage 1,Stage 1,0.06334218780946178,0.9269722502143387
92,53,Stage 1,Stage 1,0.023938692564284273,0.9741457337315262
92,54,Stage 1,Stage 1,0.0067237698675008135,0.9926356470558099
92,55,Stage 1,Stage 1,0.12052751746094771,0.8679820233391425
92,56,Stage 1,Stage 1,0.40940530878578785,0.5789426263230457
92,57,Stage 1,Stage 1,0.011068669663233829,0.9870493860164741
92,58,Stage 1,Stage 1,0.0006959257364276543,0.9991783905730062
92,59,Stage 1,Stage 1,0.17293517109125298,0.8192729836381177
92,60,Stage 1,Stage 1,0.0630738125783835,0.9349086494467138
92,61,Stage 1,Stage 1,0.03288133091995176,0.9648384782338212
92,62,Stage 1,Stage 1,0.0012938912040962142,0.9984192742571537
92,63,Stage 1,Stage 1,0.004443643903970517,0.9944306620146101
92,64,Stage 1,Stage 1,0.004332244692798645,0.9947203337036379
92,65,Stage 1,Stage 1,0.027851306136973043,0.963738077846819
92,66,Stage 1,Stage 1,0.06533941260464465,0.9197660821255494
92,67,Stage 1,Stage 1,0.007356419148011169,0.9920621670261892
92,68,Stage 1,Stage 1,0.00033908603194771433,0.999531297878601
92,69,Stage 1,Stage 1,0.0021950068703044836,0.9975880835243974
92,70,Stage 1,Stage 1,0.0046169216962516175,0.9941187974508768
92,71,Stage 1,Stage 1,0.009482576217028778,0.9894981872073337
92,72,Stage 1,Stage 1,0.008049483144290591,0.9907331041172541
92,73,Stage 1,Stage 1,0.015791682627063756,0.981925300465383
92,74,Stage 1,Stage 1,0.001488433503868691,0.9978957772252128
92,75,Stage 1,Stage 1,0.07354072594649473,0.9093135064993194
92,76,Stage 1,Stage 1,0.0009849199405763296,0.9988657990109504
92,77,Stage 1,Stage 1,0.007109522302142035,0.990794754490558
92,78,Stage 1,Stage 1,0.019718272180457172,0.9771290212752748
92,79,Stage 1,Stage 1,0.05309893323923505,0.9352849428045522
92,80,Stage 1,Stage 1,0.008900150992175388,0.9902444645556725
92,81,Stage 1,Stage 1,0.0010263241805906543,0.9987691081374356
92,82,Stage 1,Stage 1,0.004846300096690098,0.9944019388023014
92,83,Stage 1,Stage 1,0.010946602340970404,0.9882826960684069
92,84,Stage 1,Stage 1,0.037835856034607866,0.9566677831857445
92,85,Stage 1,Stage 1,0.007680035999429936,0.9915517955362223
92,86,Stage 1,Stage 1,0.0001008518738385705,0.9998758889620177
92,87,Stage 1,Stage 1,0.001961723929601209,0.9978118857391602
92,88,Stage 1,Stage 1,0.00045743335814604395,0.9994307521401773
92,89,Stage 1,Stage 1,0.0012074443515139852,0.9985390384029954
92,90,Stage 1,Stage 1,0.00029807095657673937,0.9996313113249374
92,91,Stage 1,Stage 1,0.018868694738180203,0.9776095274155016
92,92,Stage 1,Stage 1,0.0006353878771557089,0.999297650745743
92,93,Stage 1,Stage 1,0.0006683537694023367,0.9990900463305177
92,94,Stage 1,Stage 1,0.0016260148460427826,0.9981612906337914
92,95,Stage 1,Stage 1,0.0018784995436002972,0.9979328948569705
92,96,Stage 1,Stage 1,0.002118921871761618,0.9973401076471264
92,97,Stage 1,Stage 1,0.0005046900775461686,0.9994087039237131
92,98,Stage 1,Stage 1,1.046913800973935e-05,0.9999851192661409
92,99,Stage 1,Stage 1,0.000150801860890911,0.9998107504443519
92,100,Stage 1,Stage 1,0.00038794295568619474,0.9995676148037296
92,101,Stage 1,Stage 1,0.0015111169861018268,0.9982764102875212
92,102,Stage 1,Stage 1,4.169213372947666e-05,0.9999373174261662
92,103,Stage 1,Stage 1,0.0010565547488017313,0.9986653855585986
92,104,Stage 1,Stage 1,0.0012403161004465447,0.9986369070644073
92,105,Stage 1,Stage 1,0.0002610992155479535,0.9996916480972636
92,106,Stage 1,Stage 1,0.004119290481247808,0.995519871694632
92,107,Stage 1,Stage 1,0.011399195848332551,0.9874763254739178
92,108,Stage 1,Stage 1,0.0009104734033519593,0.9990184607018764
92,109,Stage 1,Stage 1,0.0006196482774559472,0.9993210677134208
92,110,Stage 1,Stage 1,0.006001242434084297,0.9935848114974027
92,111,Stage 1,Stage 1,0.0010300390012834928,0.9988516435937054
92,112,Stage 1,Stage 1,0.0008648044017197714,0.9990402640196054
92,113,Stage 1,Stage 1,0.00011285313440061333,0.9998596239782224
92,114,Stage 1,Stage 1,0.004476402372296644,0.995140991047714
92,115,Stage 1,Stage 1,9.200412168562608e-05,0.9998767623721971
92,116,Stage 1,Stage 1,1.887563587483759e-05,0.9999764313695296
92,117,Stage 1,Stage 1,0.0015697181751133846,0.9982624381498119
92,118,Stage 1,Stage 1,0.00029650682457374667,0.9996664143116227
92,119,Stage 1,Stage 1,4.5122847537920385e-05,0.9999475830980975
92,120,Stage 1,Stage 1,1.6008067064199022e-05,0.9999826771861717
92,121,Stage 1,Stage 1,0.0007011674651953725,0.9992356603651331
92,122,Stage 1,Stage 1,8.784497776806917e-06,0.9999897182021685
92,123,Stage 1,Stage 1,2.4514616647285547e-05,0.9999718127414641
92,124,Stage 1,Stage 1,0.00044448377436163175,0.999489630429638
92,125,Stage 1,Stage 1,1.0342031873899337e-05,0.9999886470881184
92,126,Stage 1,Stage 1,2.487504804178089e-05,0.9999717761105594
92,127,Stage 1,Stage 1,4.687584646816422e-05,0.9999423908305806
92,128,Stage 1,Stage 1,1.4978886236074662e-07,0.9999994564015702
92,129,Stage 1,Stage 1,2.0945599051260745e-05,0.999977090922522
92,130,Stage 1,Stage 1,1.2556435629515555e-05,0.9999857267284485
92,131,Stage 1,Stage 1,1.7277036329350468e-05,0.9999810735109185
92,132,Stage 1,Stage 1,1.3289981169245183e-05,0.9999835653522225
92,133,Stage 1,Stage 1,5.721456542858693e-06,0.9999929103665174
92,134,Stage 1,Stage 1,5.5909320310847575e-06,0.9999939247005006
92,135,Stage 1,Stage 1,7.857959073819929e-06,0.9999900077596704
92,136,Stage 1,Stage 1,2.3443333403636994e-07,0.9999996663691838
92,137,Stage 1,Stage 1,1.8725407934566696e-07,0.9999997598337591
92,138,Stage 1,Stage 1,4.3209684785332916e-07,0.9999994720544495
92,139,Stage 1,Stage 1,3.0246958090223155e-06,0.9999967271222804
92,140,Stage 1,Stage 1,1.1945185431376136e-07,0.99999982559697
92,141,Stage 1,Stage 1,2.1322867482015388e-07,0.9999997248991814
92,142,Stage 1,Stage 1,2.206027091760532e-07,0.9999996999431003
92,143,Stage 1,Stage 1,1.6780333537324674e-05,0.9999811040700716
92,144,Stage 1,Stage 1,1.6150073552102275e-06,0.9999982362389801
92,145,Stage 1,Stage 1,9.845051845443332e-08,0.9999998536045075
92,146,Stage 1,Stage 1,1.0042545652517499e-07,0.9999998759288441
92,147,Stage 1,Stage 1,1.1508041057577018e-07,0.9999998381224318
92,148,Stage 1,Stage 1,1.0315603587057593e-06,0.9999988507738178
92,149,Stage 1,Stage 1,7.414336173688444e-08,0.9999999121564156
92,150,Stage 1,Stage 1,1.401062442888967e-07,0.9999998471193753
92,151,Stage 1,Stage 1,7.940680512597035e-08,0.9999999089555868
92,152,Stage 1,Stage 1,2.0349499113747746e-08,0.999999973321472
92,153,Stage 1,Stage 1,1.2344706914158923e-07,0.9999998563098866
92,154,Stage 1,Stage 1,1.324871192711223e-08,0.9999999841423572
92,155,Stage 1,Stage 1,5.580501256138425e-09,0.9999999933225812
92,156,Stage 1,Stage 1,2.666878756970671e-08,0.9999999614314957
92,157,Stage 1,Stage 1,6.764248330703767e-08,0.9999999254116663
92,158,Stage 1,Stage 1,2.658649929223404e-08,0.9999999702003579
94,1,Stage 2,Stage 2,0.016335353031525213,0.8688674009826134
94,2,Stage 2,Stage 2,0.04255858755225867,0.8881845037870498
94,3,Stage 2,Stage 2,0.09070825152397782,0.897644114864278
94,4,Stage 2,Stage 2,0.0052338649075409725,0.7964365365247437
94,5,Stage 2,Stage 2,0.007385904735638191,0.7850361212365179
94,6,Stage 2,Stage 2,0.009491251934655378,0.901189469726706
94,7,Stage 2,Stage 2,0.023143145068308786,0.8889481857275855
94,8,Stage 2,Stage 2,0.030950764360366905,0.9029494980675118
94,9,Stage 2,Stage 2,0.019634736491310905,0.9446879751076712
94,10,Stage 2,Stage 2,0.038039111013329394,0.9355040245207583
94,11,Stage 2,Stage 2,0.016116219180851,0.9139571479825654
94,12,Stage 2,Stage 2,0.016912308669958884,0.8920131632277566
94,13,Stage 2,Stage 2,0.021728173720994587,0.9192364723297431
94,14,Stage 2,Stage 2,0.01858715480395603,0.9169903411295663
94,15,Stage 2,Stage 2,0.00199804072289527,0.5621495453704632
94,16,Stage 2,Stage 2,0.07673960642644628,0.9053569818212742
94,17,Stage 2,Stage 2,0.022015572029231677,0.863119666187422
94,18,Stage 2,Stage 2,0.0035447187185563738,0.8185894008334396
94,19,Stage 2,Stage 2,0.02864963553060456,0.920836335568139
94,20,Stage 2,Stage 2,0.010746654562336472,0.8950209881313409
94,21,Stage 2,Stage 2,0.03246962861638486,0.9481508304730949
94,22,Stage 2,Stage 2,0.07690356168629542,0.89621692440284
94,23,Stage 2,Stage 2,0.0257043078038165,0.9215583285507528
94,24,Stage 2,Stage 2,0.005358351251924325,0.842771516989921
94,25,Stage 2,Stage 2,0.020816109150089565,0.930761235526594
94,26,Stage 2,Stage 2,0.01624369385950272,0.9254325731007735
94,27,Stage 2,Stage 2,0.027198621990541027,0.921705140920087
94,28,Stage 2,Stage 2,0.010782991478381698,0.9228141029544628
94,29,Stage 2,Stage 2,0.052034791747916594,0.9218690040223573
94,30,Stage 2,Stage 2,0.0035674186733637148,0.8588538650494921
94,31,Stage 2,Stage 2,0.02603245224406179,0.9381376047808391
94,32,Stage 2,Stage 2,0.038084509871222215,0.884116479303034
94,33,Stage 2,Stage 2,0.05064677039481271,0.9284581620826073
94,34,Stage 2,Stage 2,0.018208484584747817,0.9258594785002008
94,35,Stage 2,Stage 2,0.009968529537577426,0.9209263360301809
94,36,Stage 2,Stage 2,0.00550352797615252,0.8616962825086537
94,37,Stage 2,Stage 2,0.007834658323912252,0.8269602115021236
94,38,Stage 2,Stage 2,0.008894118093106045,0.818494098294589
94,39,Stage 2,Stage 2,0.006340955950261069,0.6299458519332404
94,40,Stage 2,Stage 2,0.009135187235653099,0.9150645199797252
94,41,Stage 2,Stage 2,0.014575663931627686,0.84061520085689
94,42,Stage 2,Stage 2,0.016849350656340405,0.8437646626423316
94,43,Stage 2,Stage 2,0.009129249324272967,0.9009984358235847
94,44,Stage 2,Stage 2,0.01551467951245594,0.901122223705554
94,45,Stage 2,Stage 2,0.03220184455186882,0.9112192762748735
94,46,Stage 2,Stage 2,0.015488214729206959,0.9104947344454183
94,47,Stage 2,Stage 2,0.002269784358141037,0.7456346279707998
94,48,Stage 2,Stage 2,0.04840541223422776,0.9310859474394445
94,49,Stage 2,Stage 2,0.054308186657608136,0.9196565488715085
94,50,Stage 2,Stage 2,0.007973478943901473,0.8478953878541328
94,51,Stage 2,Stage 2,0.028569777781565327,0.9184409135277783
94,52,Stage 2,Stage 2,0.008284615063622987,0.9134741839183914
94,53,Stage 2,Stage 2,0.06113415248930367,0.9009854928003106
94,54,Stage 2,Stage 2,0.013994044723362327,0.8553060514377971
94,55,Stage 2,Stage 2,0.00765573023578413,0.8635209786176967
94,56,Stage 2,Stage 2,0.005338425619969063,0.7386502402082161
94,57,Stage 2,Stage 2,0.006777462987155133,0.7492797466407509
94,58,Stage 2,Stage 2,0.022353597365508678,0.8666995620558176
94,59,Stage 2,Stage 2,0.05079044010333898,0.9045654381012052
94,60,Stage 2,Stage 2,0.0383614405434203,0.9204132981494498
94,61,Stage 2,Stage 2,0.024373223369364733,0.9201196309919538
94,62,Stage 2,Stage 2,0.00478237043916091,0.8325791380131149
94,63,Stage 2,Stage 2,0.015491895541602565,0.9486927105482458
94,64,Stage 2,Stage 2,0.020178863442169605,0.9008602042103259
94,65,Stage 2,Stage 2,0.00616810937716021,0.8676469438184747
94,66,Stage 2,Stage 2,0.006992247983094549,0.8034411506476137
94,67,Stage 2,Stage 2,0.0023567474156592416,0.6374625818017047
94,68,Stage 2,Stage 2,0.016912656477382045,0.9126835454726023
94,69,Stage 2,Stage 2,0.002681051507313769,0.7355031528743929
94,70,Stage 2,Stage 2,0.0236761952655225,0.9259609245491505
94,71,Stage 2,Stage 2,0.0070755491484187465,0.8674079254035596
94,72,Stage 2,Stage 2,0.008256626107834841,0.8490258013123884
94,73,Stage 2,Stage 2,0.01402123231382815,0.8600833070206627
94,74,Stage 2,Stage 2,0.01873389005631229,0.9047858160222721
94,75,Stage 2,Stage 2,0.019459616569899117,0.9277925990894894
94,76,Stage 2,Stage 2,0.022166063064143916,0.9277839966720133
94,77,Stage 2,Stage 2,0.03580880098075938,0.9400789755146638
94,78,Stage 2,Stage 2,0.011472435102708092,0.7641544737075706
94,79,Stage 2,Stage 2,0.014751814700204131,0.8880971688114911
94,80,Stage 2,Stage 2,0.02579368051650189,0.9378222754077276
94,81,Stage 2,Stage 2,0.008594418582042355,0.8678230200487884
94,82,Stage 2,Stage 2,0.00757636721523374,0.8538741309946929
94,83,Stage 2,Stage 2,0.011111312336072258,0.9381826091148303
94,84,Stage 2,Stage 2,0.011792126754519745,0.9152276367967197
94,85,Stage 2,Stage 2,0.04421979317576423,0.945171248739914
94,86,Stage 2,Stage 2,0.018107984102035825,0.9529840606501241
94,87,Stage 2,Stage 2,0.017395292437713268,0.9448628691639318
94,88,Stage 2,Stage 2,0.004518949938076434,0.617613908755828
94,89,Stage 2,Stage 2,0.01221272938694338,0.8929915112517743
94,90,Stage 2,Stage 2,0.010211246882761921,0.840906183341479
94,91,Stage 2,Stage 2,0.01515097910402642,0.8979979089475407
94,92,Stage 2,Stage 2,0.013371331357545011,0.947856994648648
94,93,Stage 2,Stage 2,0.010434220701624418,0.8206674293965222
94,94,Stage 2,Stage 2,0.0045678168770488725,0.7435196404797035
94,95,Stage 2,Stage 2,0.0035151145020408136,0.8455765044720102
94,96,Stage 2,Stage 2,0.0022845285107503666,0.6459838258163833
94,97,Stage 2,Stage 2,0.008913451969682299,0.9079342856045084
94,98,Stage 2,Stage 2,0.023101619531172873,0.8982446063216409
94,99,Stage 2,Stage 2,0.0037486454707576786,0.884026392190693
94,100,Stage 2,Stage 2,0.019766310760411115,0.9297834982959581
94,101,Stage 2,Stage 2,0.0021317096852043675,0.7841597410281587
94,102,Stage 2,Stage 2,0.004657126541904421,0.5315620239986582
94,103,Stage 2,Stage 2,0.002978244100584405,0.6619900258480426
94,104,Stage 2,Stage 2,0.0016411633273758653,0.685479359593023
94,105,Stage 2,Stage 2,0.004782915846958805,0.8560618825652375
94,106,Stage 2,Stage 2,0.004283494050837777,0.6320126610383594
94,107,Stage 2,Stage 2,0.00883683931732757,0.9189361384838566
94,108,Stage 2,Stage 2,0.013017411802950558,0.9316676325069719
94,109,Stage 2,Stage 2,0.015607837675382435,0.8633702404183379
94,110,Stage 2,Stage 2,0.001527281430943545,0.7107462152921044
94,111,Stage 2,Stage 2,0.010568103859262068,0.9199036358919488
94,112,Stage 2,Stage 2,0.026025458986304054,0.9469780036315439
94,113,Stage 2,Stage 2,0.004088353971849542,0.8553302762845236
94,114,Stage 2,Stage 2,0.008605567165741412,0.9306422228095006
94,115,Stage 2,Stage 2,0.016931927921206576,0.8976092551810564
94,116,Stage 2,Stage 2,0.011107017163494931,0.8776751942082311
94,117,Stage 2,Stage 2,0.001021320387429835,0.691058059243393
94,118,Stage 2,Stage 2,0.017014996630572526,0.9156873167383892
94,119,Stage 2,Stage 2,0.03761288893142005,0.9338894858235792
94,120,Stage 2,Stage 2,0.0029832780608054048,0.8604248141317407
94,121,Stage 2,Stage 2,0.008344546921185624,0.8472856212273332
94,122,Stage 2,Stage 2,0.006040121916685442,0.834562086501391
94,123,Stage 2,Stage 2,0.010009296907354406,0.8889395125336926
94,124,Stage 2,Stage 2,0.004049753488134948,0.8563437263371736
94,125,Stage 2,Stage 2,0.015709664887097484,0.9335027801465012
94,126,Stage 2,Stage 2,0.005059010848870851,0.7971085410238195
94,127,Stage 2,Stage 2,0.031612546935237705,0.9441638439351567
94,128,Stage 2,Stage 2,0.009342115601088823,0.889453959816286
94,129,Stage 2,Stage 2,0.004062729913905878,0.8220515027647877
94,130,Stage 2,Stage 2,0.003966369129036464,0.7782381170257748
94,131,Stage 2,Stage 2,0.004368723821758943,0.8132528056577552
94,132,Stage 2,Stage 2,0.005823151007522481,0.6173342582649676
94,133,Stage 2,Stage 2,0.005292757929911018,0.8369828758625165
94,134,Stage 2,Stage 2,0.0070372016330888165,0.9133539444452653
94,135,Stage 2,Stage 2,0.005268846339528214,0.8014272337985963
94,136,Stage 2,Stage 2,0.0026297517240093543,0.8037164939541077
94,137,Stage 2,Stage 2,0.002174138822903919,0.7031120649932368
94,138,Stage 2,Stage 2,0.0037329945890148646,0.6390758702909839
94,139,Stage 2,Stage 2,0.008553046923877976,0.8476033958037449
94,140,Stage 2,Stage 2,0.011755843271353698,0.8904189793053565
94,141,Stage 2,Stage 2,0.009618777808588297,0.8978473063624538
94,142,Stage 2,Stage 2,0.004059680669150019,0.8837395575417132
94,143,Stage 2,Stage 2,0.004403002964810886,0.7410401831316906
94,144,Stage 2,Stage 2,0.006498461135839702,0.8703714857829432
94,145,Stage 2,Stage 2,0.01006739953436168,0.9309957696644421
94,146,Stage 2,Stage 2,0.009500601592763431,0.8630578641554979
94,147,Stage 2,Stage 2,0.003208411661148218,0.7867201465442301
94,148,Stage 2,Stage 2,0.0018097032137482823,0.6922870137373701
94,149,Stage 2,Stage 2,0.01057291979758854,0.8928087689862386
94,150,Stage 2,Stage 2,0.002252398334346934,0.709762838370722
94,151,Stage 2,Stage 2,0.02490173011893235,0.9357333460959675
94,152,Stage 2,Stage 2,0.00516663744806706,0.8378691674136751
94,153,Stage 2,Stage 2,0.003030769564437682,0.818932010739521
94,154,Stage 2,Stage 2,0.015492533306807235,0.9602917888285183
94,155,Stage 2,Stage 2,0.0038494047967839516,0.8143821472555531
94,156,Stage 2,Stage 2,0.0021899118192461537,0.6748980477917375
94,157,Stage 2,Stage 2,0.007157584525966643,0.8305634279079973
94,158,Stage 2,Stage 2,0.00282132492719865,0.7785444479074904
94,159,Stage 2,Stage 2,0.007685708553349082,0.8303280101840114
94,160,Stage 2,Stage 2,0.001815019744528364,0.6187308510987652
94,161,Stage 2,Stage 2,0.007110164328781776,0.8699867918667136
94,162,Stage 2,Stage 2,0.012877329442437411,0.8766139350070822
94,163,Stage 2,Stage 2,0.003790677357999064,0.7131371493807184
94,164,Stage 2,Stage 2,0.004291093906491283,0.8590286532630299
94,165,Stage 2,Stage 2,0.002135363348329102,0.8764592549131874
94,166,Stage 2,Stage 2,0.006284323379596441,0.8155988333455968
94,167,Stage 2,Stage 2,0.0031895746813949953,0.858620961731745
94,168,Stage 3,Stage 2,0.001574856442232038,0.6600514459770908
94,169,Stage 2,Stage 2,0.006154685093893343,0.8066569670792134
94,170,Stage 2,Stage 2,0.0009344901529959631,0.5493322959591481
94,171,Stage 2,Stage 2,0.006297790572411468,0.8854156956539442
94,172,Stage 2,Stage 2,0.005082663773610698,0.8543034400118096
94,173,Stage 2,Stage 2,0.0006611740377177038,0.5784783208955491
94,174,Stage 2,Stage 2,0.00878759949412997,0.9284368985968373
94,175,Stage 2,Stage 2,0.012582258010843889,0.9301402131573981
94,176,Stage 2,Stage 2,0.0033656948129631914,0.9257343333188457
94,177,Stage 2,Stage 2,0.0023227834876448092,0.8077855444243944
94,178,Stage 2,Stage 2,0.003487361595909882,0.8511926427512867
94,179,Stage 2,Stage 2,0.0005477368491482614,0.6257976378076655
94,180,Stage 2,Stage 2,0.010433117639371235,0.8903964497422051
94,181,Stage 2,Stage 2,0.0014241983584362744,0.8162944591092671
94,182,Stage 2,Stage 2,0.003731243155015889,0.8832584896766829
94,183,Stage 2,Stage 2,0.0020025903968345898,0.7479940192745963
94,184,Stage 2,Stage 2,0.0010785702688268309,0.7615745689888197
94,185,Stage 2,Stage 2,0.0029175539134933073,0.8490488409133564
94,186,Stage 2,Stage 2,0.004092965426146417,0.8575705926131046
94,187,Stage 2,Stage 2,0.001831091781218595,0.799973983556568
94,188,Stage 2,Stage 2,0.0007829591829402387,0.7116274958596915
94,189,Stage 2,Stage 3,0.0007290173098681097,0.5284848221480479
94,190,Stage 2,Stage 2,0.0005211336810970251,0.5472626597004389
94,191,Stage 2,Stage 3,0.0002871951665270872,0.6253831627271996
94,192,Stage 2,Stage 2,0.002451561798050611,0.8622092722687212
94,193,Stage 2,Stage 2,0.002310016679063377,0.7717422089595783
94,194,Stage 2,Stage 2,0.0006848979922957628,0.7452900899904492
94,195,Stage 2,Stage 2,0.006955382676480897,0.8633847743089981
94,196,Stage 2,Stage 2,0.0014181607740425153,0.7255672699112775
94,197,Stage 2,Stage 2,0.0004408084357610412,0.6207947883763308
94,198,Stage 2,Stage 2,0.001933398336978333,0.6908638627886967
94,199,Stage 2,Stage 2,0.0008249232466894851,0.6124145042730368
94,200,Stage 2,Stage 2,0.0006643160104305114,0.6066979760986185
94,201,Stage 2,Stage 3,0.00027066979496719723,0.6534903751530208
94,202,Stage 2,Stage 2,0.0025431530189449236,0.8207847561315147
94,203,Stage 2,Stage 2,0.0031199645526179057,0.9252552681389565
94,204,Stage 2,Stage 3,0.0002464969071698097,0.617236239185473
94,205,Stage 2,Stage 2,0.000549491689145916,0.650595325239176
94,206,Stage 2,Stage 2,0.0013657268740446564,0.783241944381345
94,207,Stage 2,Stage 3,0.00028416427498624737,0.5726994122476057
94,208,Stage 3,Stage 2,0.00042710305901527245,0.5087560172484205
94,209,Stage 2,Stage 2,0.00048444966175892904,0.5192740085111458
94,210,Stage 2,Stage 2,0.0009377617111726496,0.7069045092369933
94,211,Stage 2,Stage 2,0.0009328347796567476,0.665364349226701
94,212,Stage 2,Stage 2,0.0012219576409481015,0.75754896391929
94,213,Stage 2,Stage 2,0.004187334112830957,0.8588357548940908
94,214,Stage 2,Stage 2,0.0005526431427789368,0.5660333783373458
94,215,Stage 3,Stage 3,0.00025279690666564513,0.512463386891873
94,216,Stage 2,Stage 3,0.0004392257429629798,0.5032941774987468
94,217,Stage 2,Stage 2,0.0014077163860375498,0.7684374613733336
94,218,Stage 3,Stage 2,0.000351505731129747,0.6850962963922762
94,219,Stage 2,Stage 2,0.0004728956157284647,0.5554428852257752
94,220,Stage 2,Stage 2,0.0004943958154718679,0.6641507850444509
94,221,Stage 2,Stage 2,0.0007759065964176058,0.661749547921777
94,222,Stage 3,Stage 2,0.00034318959488001524,0.5444889162646995
94,223,Stage 3,Stage 3,0.00018233882860214376,0.6622802728298621
94,224,Stage 3,Stage 2,0.0011114618024061582,0.6343896472440969
94,225,Stage 2,Stage 3,0.00018318136707574207,0.6324800176131654
94,226,Stage 3,Stage 3,6.120700035604557e-05,0.7543940158189845
94,227,Stage 3,Stage 2,0.00018790548048956254,0.5532395017423647
94,228,Stage 3,Stage 3,7.180635884732311e-05,0.6855012433985224
94,229,Stage 3,Stage 3,0.00010375621258711557,0.707141428279362
94,230,Stage 2,Stage 2,0.001338362004604412,0.8962839711686885
94,231,Stage 3,Stage 3,8.517134778127611e-05,0.6143572204136097
94,232,Stage 3,Stage 3,1.7005765130551084e-05,0.8393968057448413
94,233,Stage 3,Stage 3,0.00010942119704052438,0.5736819407108017
94,234,Stage 2,Stage 2,0.0006037505212178542,0.5790357336006366
94,235,Stage 3,Stage 2,0.00015289253513272916,0.5458189992764991
94,236,Stage 3,Stage 3,5.671717237570721e-05,0.7219154500089991
94,237,Stage 2,Stage 3,4.0259392298698065e-05,0.7400628360323909
94,238,Stage 3,Stage 3,3.2998566662731825e-05,0.7925232432338446
94,239,Stage 3,Stage 3,7.15535697133125e-05,0.5821332905064606
94,240,Stage 3,Stage 3,0.00018996745081331003,0.5049933696550136
94,241,Stage 2,Stage 3,5.485283485793864e-05,0.7661975903820435
94,242,Stage 3,Stage 3,0.00027336501860634235,0.5185735562752285
94,243,Stage 2,Stage 3,2.5341092911014498e-05,0.7451016028087605
94,244,Stage 2,Stage 3,5.33384904295949e-05,0.7328562520508832
94,245,Stage 3,Stage 3,0.00026923092509018216,0.5350044737873436
94,246,Stage 2,Stage 3,9.677909731997551e-05,0.7075396756999862
94,247,Stage 3,Stage 2,0.00017983253644955353,0.5094631291081129
94,248,Stage 3,Stage 3,6.613121220728623e-05,0.6497569479051953
94,249,Stage 2,Stage 2,0.000985512352005829,0.8227172358468314
94,250,Stage 3,Stage 2,0.00025054544554723823,0.5196397630270754
94,251,Stage 2,Stage 3,0.00013872743065424875,0.5209565997786273
94,252,Stage 3,Stage 3,5.603741270711597e-05,0.6538979466773766
94,253,Stage 3,Stage 2,0.0002326020833267179,0.5728198666722192
94,254,Stage 3,Stage 2,0.00014130040469345902,0.5605033721693975
94,255,Stage 2,Stage 3,4.000827010573588e-05,0.7615008935235976
94,256,Stage 2,Stage 3,5.8181935731071774e-05,0.6951415076142268
94,257,Stage 3,Stage 3,5.0466725721696185e-05,0.6194133222654044
94,258,Stage 2,Stage 3,2.594538446263305e-05,0.7554459374607664
94,259,Stage 3,Stage 3,1.561875522593982e-05,0.8079074417347574
94,260,Stage 2,Stage 3,2.3015648242647965e-05,0.7217208175072612
94,261,Stage 3,Stage 3,1.2698182797380032e-05,0.7707870805750551
94,262,Stage 3,Stage 2,0.00010014584083504628,0.5332158980127213
94,263,Stage 3,Stage 3,2.517735945460706e-05,0.7687954656498827
94,264,Stage 3,Stage 3,3.970895675073956e-05,0.6887248562212749
94,265,Stage 3,Stage 3,1.330196493858698e-05,0.8212992880908048
94,266,Stage 3,Stage 3,4.913577889707268e-05,0.7148605985188206
94,267,Stage 3,Stage 3,7.533990116793882e-06,0.8670444149662926
94,268,Stage 3,Stage 3,1.0842346676334797e-05,0.7855349990222463
94,269,Stage 2,Stage 3,2.573442532850865e-05,0.645948348089127
94,270,Stage 3,Stage 3,1.1928762569848464e-06,0.908599868079852
94,271,Stage 3,Stage 3,2.6874990617371664e-06,0.9296268771435415
94,272,Stage 3,Stage 3,2.6842118339840086e-07,0.9575319213850048
94,273,Stage 3,Stage 3,5.653572345885312e-06,0.8776693878475166
94,274,Stage 3,Stage 3,3.837379415401845e-06,0.8421318608915496
94,275,Stage 3,Stage 3,1.9204613206511426e-06,0.9087033395053661
94,276,Stage 3,Stage 3,9.38299004726891e-05,0.5662590549322501
94,277,Stage 3,Stage 3,2.064792606739474e-06,0.9028590003506834
94,278,Stage 3,Stage 3,4.2904295037085986e-06,0.8598654652152845
94,279,Stage 3,Stage 3,2.9963754872182655e-06,0.918987905129416
94,280,Stage 3,Stage 3,4.232714828283016e-06,0.8590047710792397
94,281,Stage 3,Stage 3,4.799222683241007e-06,0.8210954964993393
94,282,Stage 3,Stage 3,1.8581403470471854e-06,0.9017547103594384
94,283,Stage 3,Stage 3,4.524336704443154e-06,0.8403481869075387
94,284,Stage 3,Stage 3,4.9261243943238e-07,0.9332719228318413
94,285,Stage 3,Stage 3,2.44678072355412e-06,0.9024120500387337
94,286,Stage 3,Stage 3,1.184425915937479e-05,0.8346722742693652
94,287,Stage 3,Stage 3,3.991045554984602e-08,0.9419678147590591
94,288,Stage 3,Stage 3,2.127481409136852e-06,0.8827570342432657
94,289,Stage 3,Stage 3,3.178674732396191e-06,0.872243000650439
94,290,Stage 3,Stage 3,3.4023623174109154e-07,0.9556483754732797
94,291,Stage 3,Stage 3,1.2971124342905232e-06,0.9022087050471513
94,292,Stage 3,Stage 3,1.8737058359438774e-06,0.8959556948961198
94,293,Stage 3,Stage 3,1.6196899525875313e-07,0.9584889848286994
94,294,Stage 3,Stage 3,9.269326483645777e-07,0.9203055696984574
94,295,Stage 3,Stage 3,6.609126038173553e-07,0.9289802949385876
94,296,Stage 3,Stage 3,2.9793948803760588e-06,0.8409762627058543
94,297,Stage 3,Stage 3,8.597508544780703e-07,0.8804998755372824
94,298,Stage 3,Stage 3,7.71824107088007e-08,0.9590178155000303
94,299,Stage 3,Stage 3,2.5850948001797263e-07,0.9546511240270545
94,300,Stage 3,Stage 3,1.0111272380642334e-08,0.9500428832404865
94,301,Stage 3,Stage 3,6.213969019652428e-07,0.8829854106240049
94,302,Stage 3,Stage 3,1.3926514137820413e-07,0.9598849588155934
94,303,Stage 3,Stage 3,7.75907944661499e-09,0.9446624159073791
94,304,Stage 3,Stage 3,9.482190401939646e-08,0.9566452598924107
94,305,Stage 3,Stage 3,4.66299621880407e-08,0.963294737649193
94,306,Stage 3,Stage 3,9.48023842988043e-09,0.9550073973249552
94,307,Stage 3,Stage 3,4.6058345227988846e-08,0.9618704641867183
94,308,Stage 3,Stage 3,4.851208068723681e-07,0.9089514576983588
94,309,Stage 3,Stage 3,6.905114562875521e-09,0.8959905063727583
94,310,Stage 3,Stage 3,1.620533777806725e-08,0.9601775174426959
94,311,Stage 3,Stage 3,2.3292958936904355e-07,0.937686592546106
94,312,Stage 3,Stage 3,3.058544927654452e-08,0.9628617028818749
94,313,Stage 3,Stage 3,7.3075094949878066e-09,0.9549773229469404
94,314,Stage 3,Stage 3,4.241102065617158e-10,0.8091348841732496
94,315,Stage 3,Stage 3,2.2477529095817602e-07,0.9270534127213664
94,316,Stage 3,Stage 3,3.3034488735779184e-09,0.9090023590462537
94,317,Stage 3,Stage 3,1.2979486752914318e-08,0.965375795141688
94,318,Stage 3,Stage 3,2.0411010676865552e-09,0.9166853843385412
94,319,Stage 3,Stage 3,1.345297509105238e-09,0.9074677074618003
94,320,Stage 3,Stage 3,1.6520996837646583e-09,0.8765423956342856
94,321,Stage 3,Stage 3,3.400359002166251e-10,0.8585734707270348
94,322,Stage 3,Stage 3,1.6607883561870195e-08,0.9645147631466561
94,323,Stage 3,Stage 3,5.362423977661507e-09,0.9452252069689072
94,324,Stage 3,Stage 3,1.13439865625241e-08,0.9641028325952887
94,325,Stage 3,Stage 3,5.0451803496072593e-11,0.5651597678262967
94,326,Stage 3,Stage 3,1.2149360799549785e-09,0.858285996173348
94,327,Stage 3,Stage 3,8.176076710159456e-11,0.7561913693982109
94,328,Stage 3,Stage 3,1.3974979632733284e-09,0.9446590827407977
94,329,Stage 3,Stage 3,4.160368710075758e-09,0.9208410932343459
94,330,Stage 3,Stage 3,1.4236322897911065e-10,0.7461322528293299
94,331,Stage 3,Stage 3,3.97123247636972e-09,0.9486662243414719
94,332,Stage 3,Stage 3,2.6263820901519415e-10,0.8994461119249645
94,333,Stage 3,Stage 3,1.9788562937330953e-11,0.5990496836581928
94,334,Stage 3,Stage 3,8.6500074000857e-10,0.9343432331902729
94,335,Stage 3,Stage 3,6.171893768735663e-10,0.8697567967038243
94,336,Stage 3,Stage 3,2.830553115333113e-10,0.8344249594590093
94,337,Stage 3,Stage 3,1.0606671096595047e-11,0.6141253234542601
94,338,Stage 3,Stage 3,3.454464600702147e-11,0.6453121382493069
94,339,Stage 0,Stage 0,1.398582714669937e-13,0.8641915268666419
94,340,Stage 3,Stage 3,2.613796460987589e-11,0.777345748001141
94,341,Stage 0,Stage 0,6.619426340060065e-12,0.5578570343610012
94,342,Stage 3,Stage 3,1.4448944064276202e-11,0.5795135549895496
94,343,Stage 0,Stage 0,2.7580767909640548e-14,0.8581293506218449
94,344,Stage 0,Stage 0,1.0281918080536889e-12,0.6626584825961922
94,345,Stage 0,Stage 0,1.4118880829368518e-12,0.6270415433296089
94,346,Stage 0,Stage 0,7.159264375412382e-15,0.948697770616696
94,347,Stage 0,Stage 0,7.336393116528555e-13,0.690294681291937
94,348,Stage 0,Stage 3,2.517959382528291e-12,0.5115806012009068
94,349,Stage 0,Stage 0,7.663707928468163e-13,0.6903686690125066
94,350,Stage 0,Stage 0,1.2690185127295185e-13,0.8748986179747476
94,351,Stage 0,Stage 0,2.9347438302454876e-13,0.8164595913235945
94,352,Stage 0,Stage 0,1.1736727004904236e-14,0.902067590269631
94,353,Stage 0,Stage 0,2.712753291260814e-15,0.9480006591558221
94,354,Stage 0,Stage 0,4.815958433224447e-15,0.9278019125989718
94,355,Stage 0,Stage 0,7.246796736494311e-16,0.9687602514105349
94,356,Stage 0,Stage 0,1.7254358012728845e-13,0.7574541479136704
94,357,Stage 0,Stage 0,9.315940407131409e-13,0.5696412811416154
94,358,Stage 0,Stage 0,2.0425834657843873e-16,0.9797984660642155
94,359,Stage 0,Stage 0,6.479020417108584e-17,0.9871969332648803
94,360,Stage 0,Stage 0,1.509399287063871e-16,0.9865969029037349
94,361,Stage 0,Stage 0,6.624848467590355e-17,0.989233115447414
94,362,Stage 0,Stage 0,4.062899248291026e-16,0.9758533964633456
94,363,Stage 0,Stage 0,1.744272629781237e-13,0.6926499965389395
94,364,Stage 0,Stage 0,2.1395451005927578e-16,0.9778940972485215
94,365,Stage 0,Stage 0,1.563413630375833e-18,0.9962459222590873
94,366,Stage 0,Stage 0,1.818876481700176e-16,0.9783171835662039
94,367,Stage 0,Stage 0,2.9085227541205094e-18,0.9940851169662228
94,368,Stage 0,Stage 0,1.5054332183748161e-18,0.9945368249597919
94,369,Stage 0,Stage 0,3.189238671913807e-17,0.9794203405389725
94,370,Stage 0,Stage 0,3.3041546765146595e-18,0.9934508863132532
94,371,Stage 0,Stage 0,7.160648430696843e-18,0.9927683272930325
94,372,Stage 0,Stage 0,2.864902489914056e-17,0.9870046809845395
94,373,Stage 0,Stage 0,5.821884274068235e-18,0.9874311617397903
94,374,Stage 0,Stage 0,2.6113665800711835e-19,0.9971604954089652
94,375,Stage 0,Stage 0,1.0368176721342651e-19,0.997432078828991
94,376,Stage 0,Stage 0,3.8518179374172507e-19,0.9965007465203735
94,377,Stage 0,Stage 0,9.195735923539724e-21,0.9992785909837401
94,378,Stage 0,Stage 0,5.880345013070434e-22,0.9997364951015273
94,379,Stage 0,Stage 0,2.37952230528943e-21,0.9993409522918884
94,380,Stage 0,Stage 0,7.993922447862588e-22,0.9995337143480023
94,381,Stage 0,Stage 0,2.6115005927573168e-21,0.9993704974807024
94,382,Stage 0,Stage 0,1.3610775762456158e-22,0.9997864272217526
94,383,Stage 0,Stage 0,6.81743506368839e-22,0.9995779580378092
94,384,Stage 0,Stage 0,2.68925767061573e-21,0.9992453169664276
94,385,Stage 0,Stage 0,2.739655941856563e-23,0.999908105416749
94,386,Stage 0,Stage 0,1.493934979731475e-23,0.9998992698711655
94,387,Stage 0,Stage 0,1.6432926537547076e-25,0.9999850516894383
94,388,Stage 0,Stage 0,4.137106173394136e-25,0.9999758277002804
94,389,Stage 0,Stage 0,3.797303565974699e-24,0.9999413142610657
94,390,Stage 0,Stage 0,2.2707289093836856e-25,0.9999817672379274
94,391,Stage 0,Stage 0,1.7832496179753915e-23,0.9998040500537874
94,392,Stage 0,Stage 0,4.28644049850021e-24,0.99992456861747
