unit,time,y_true,y_pred,prob_stage4,confidence
13,1,Stage 1,Stage 1,0.1542244701305473,0.8457755298694528
13,2,Stage 1,Stage 1,0.00018113921622064878,0.9998188607837794
13,3,Stage 4,Stage 4,0.5975136880533485,0.5975136880533485
13,4,Stage 1,Stage 1,0.2798745496769142,0.7197449561772923
13,5,Stage 1,Stage 1,0.08988174809350385,0.9098827493544089
13,6,Stage 1,Stage 1,2.7438403756186857e-05,0.9999725615962438
13,7,Stage 1,Stage 1,0.0004738002225827935,0.9995261997774172
13,8,Stage 1,Stage 1,0.0006296597366621537,0.9993703402633379
13,9,Stage 1,Stage 1,0.0002599620706202245,0.9997400379293797
13,10,Stage 1,Stage 1,0.0013670375980640323,0.998632962401936
13,11,Stage 1,Stage 1,0.05194496318955558,0.9480550368104442
13,12,Stage 1,Stage 1,0.24507881057250994,0.7549211894274901
13,13,Stage 1,Stage 1,0.25619221118135244,0.7438077888186475
13,14,Stage 1,Stage 1,0.0004270306639342238,0.9995729693360659
13,15,Stage 1,Stage 1,0.004107327183687408,0.9958926728163128
13,16,Stage 1,Stage 1,0.0018777041589526052,0.9981222958410473
13,17,Stage 1,Stage 1,0.13341913705841654,0.8663221545803294
13,18,Stage 1,Stage 4,0.918089118927569,0.918089118927569
13,19,Stage 1,Stage 1,0.01646397545808578,0.9835360245419142
13,20,Stage 1,Stage 1,0.00013833271611395052,0.999861667283886
13,21,Stage 1,Stage 1,0.0514196950522685,0.9474864198690618
13,22,Stage 1,Stage 1,0.0006084737061261266,0.9993915262938738
13,23,Stage 1,Stage 1,0.031845822425053044,0.9681541775749473
13,24,Stage 1,Stage 1,0.06572701728116623,0.9342729827188339
13,25,Stage 1,Stage 1,0.007411846303864325,0.9925881536961357
13,26,Stage 1,Stage 1,0.02682061318984717,0.9731793868101528
13,27,Stage 1,Stage 1,0.031039457488359054,0.9683664530153775
13,28,Stage 1,Stage 1,0.03352465240873182,0.9664753475912677
13,29,Stage 1,Stage 1,0.02573381441387668,0.9742661855861233
13,30,Stage 1,Stage 1,0.016617665419286148,0.9833823345807139
13,31,Stage 4,Stage 4,0.5821316108812937,0.5821316108812937
13,32,Stage 1,Stage 1,0.016827569420226403,0.9831724305797735
13,33,Stage 1,Stage 1,0.09496301730308633,0.9031651736324599
13,34,Stage 1,Stage 1,0.002163535527330656,0.9978364644726694
13,35,Stage 1,Stage 1,2.7438403756186857e-05,0.9999725615962438
13,36,Stage 1,Stage 1,0.06510421679656397,0.934895783203436
13,37,Stage 1,Stage 1,0.0038154822308634428,0.996184517769137
13,38,Stage 1,Stage 1,0.005750759608495032,0.9939343648567488
13,39,Stage 1,Stage 1,0.009170430851436939,0.9908295691485631
13,40,Stage 1,Stage 1,0.11865228473646809,0.8813477152635322
13,41,Stage 1,Stage 1,0.3382923138267811,0.644668668569522
13,42,Stage 1,Stage 1,0.016942146285378157,0.9830578537146223
13,43,Stage 1,Stage 1,0.0024933546448289005,0.9975066453551711
13,44,Stage 1,Stage 1,0.03595145871021286,0.9640485412897872
13,45,Stage 1,Stage 1,0.059878669251075545,0.9401213307489245
13,46,Stage 4,Stage 4,0.7341472970779318,0.7341472970779318
13,47,Stage 1,Stage 1,0.0014958679716380071,0.998504132028362
13,48,Stage 1,Stage 1,0.06588722255465558,0.9341127774453444
13,49,Stage 1,Stage 1,0.033894234934222965,0.9661057650657771
13,50,Stage 1,Stage 1,0.0007037484192382634,0.999296251580762
13,51,Stage 1,Stage 1,0.002032584504732585,0.9979674154952674
13,52,Stage 1,Stage 1,0.058746564548552885,0.9386469136785752
13,53,Stage 1,Stage 1,0.0006259045327334849,0.9943174816401719
13,54,Stage 1,Stage 1,0.019962901533023096,0.9800370984669771
13,55,Stage 1,Stage 1,0.0011226756325680776,0.9988773243674319
13,56,Stage 1,Stage 1,0.009492818256060295,0.9905071817439399
13,57,Stage 1,Stage 1,0.004007482336863025,0.9959925176631369
13,58,Stage 1,Stage 1,0.000204827875771669,0.9997951721242282
13,59,Stage 1,Stage 1,0.046062320597563294,0.953937679402437
13,60,Stage 1,Stage 1,0.012592360910270663,0.9874076390897293
13,61,Stage 1,Stage 1,0.016453754640946196,0.9835462453590539
13,62,Stage 1,Stage 1,0.0019906995946241306,0.9980093004053757
13,63,Stage 1,Stage 1,0.013873765011850106,0.9861262349881499
13,64,Stage 1,Stage 1,0.008819620649573,0.991180379350427
13,65,Stage 1,Stage 1,0.06990067238349292,0.9298794031480363
13,66,Stage 1,Stage 1,0.010421577456033714,0.9895784225439663
13,67,Stage 1,Stage 1,0.000152545780879787,0.9998474542191201
13,68,Stage 1,Stage 1,0.10906324325179062,0.8909367567482095
13,69,Stage 1,Stage 1,0.2418140124257099,0.75818598757429
13,70,Stage 1,Stage 1,0.025434413528622773,0.9745655864713774
13,71,Stage 1,Stage 1,0.005269378110841282,0.9947306218891587
13,72,Stage 1,Stage 1,0.0007144077268825521,0.9992855922731174
13,73,Stage 1,Stage 1,0.02224452475339024,0.9777554752466094
13,74,Stage 1,Stage 1,0.009518715559055814,0.9904812844409442
13,75,Stage 1,Stage 1,0.015016775106168861,0.9849832248938309
13,76,Stage 1,Stage 1,0.0025756100962041287,0.997424389903796
13,77,Stage 1,Stage 1,0.0006122386498044179,0.9993877613501957
13,78,Stage 1,Stage 1,0.35999972573115163,0.6400002742688485
13,79,Stage 1,Stage 1,0.06557965564901932,0.9344203443509811
13,80,Stage 1,Stage 1,0.0012634423744710887,0.9987365576255289
13,81,Stage 1,Stage 1,0.000728560275236715,0.9992714397247634
13,82,Stage 1,Stage 1,0.014828635451626014,0.9851713645483738
13,83,Stage 1,Stage 1,0.00010438050259719058,0.9998956194974028
13,84,Stage 1,Stage 1,5.244972450586472e-06,0.9999947550275495
13,85,Stage 1,Stage 1,0.0014806980735197462,0.9985193019264801
13,86,Stage 1,Stage 1,0.10861479398048168,0.8913852060195181
13,87,Stage 1,Stage 1,0.00027506186894612957,0.9997249381310538
13,88,Stage 1,Stage 1,0.0004028759724094573,0.9995971240275907
13,89,Stage 1,Stage 1,0.00042767921496469105,0.9995723207850352
13,90,Stage 1,Stage 1,0.4641845086741828,0.5357553671341987
13,91,Stage 1,Stage 1,0.04652914367670363,0.9531559807885405
13,92,Stage 1,Stage 1,0.17318935133498123,0.8268106486650186
13,93,Stage 1,Stage 1,0.04161743800435194,0.9517158953289813
13,94,Stage 1,Stage 1,0.0003213940585246625,0.9996786059414753
13,95,Stage 1,Stage 1,0.0002215442724920438,0.999778455727508
13,96,Stage 1,Stage 1,0.0003790757565248362,0.9996209242434752
13,97,Stage 1,Stage 1,0.02586885234761519,0.9741311476523848
13,98,Stage 1,Stage 1,0.0002550083531543762,0.9997449916468457
13,99,Stage 1,Stage 1,0.003476095419029085,0.9965239045809711
13,100,Stage 1,Stage 1,0.34555541781099547,0.6544445821890043
13,101,Stage 1,Stage 1,0.0005033320092951159,0.9994966679907048
13,102,Stage 1,Stage 1,0.017371453342695173,0.9826285466573049
13,103,Stage 1,Stage 1,0.009273877562891676,0.9907261224371082
13,104,Stage 1,Stage 1,0.0015407321064594699,0.9984592678935406
13,105,Stage 1,Stage 1,0.00016354668284641977,0.9998364533171537
13,106,Stage 1,Stage 1,0.0003157827296757448,0.9996842172703242
13,107,Stage 1,Stage 1,0.0013940803183308918,0.998605919681669
13,108,Stage 1,Stage 1,5.244972450586472e-06,0.9999947550275495
13,109,Stage 1,Stage 1,0.00200367086593193,0.9979963291340681
13,110,Stage 1,Stage 1,4.3159525306630664e-05,0.9999568404746936
13,111,Stage 1,Stage 1,0.0009599073301011844,0.9990400926698988
13,112,Stage 1,Stage 1,2.0462682722380503e-05,0.9999795373172776
13,113,Stage 1,Stage 1,0.0001595362125879903,0.999840463787412
13,114,Stage 1,Stage 1,0.00014589833695664156,0.9998541016630433
13,115,Stage 1,Stage 1,0.04386450113479367,0.9561354988652063
13,116,Stage 1,Stage 1,5.244972450586472e-06,0.9999947550275495
13,117,Stage 1,Stage 1,0.00013354651596017258,0.9998664534840399
13,118,Stage 1,Stage 1,0.007613793123533696,0.9923862068764663
13,119,Stage 1,Stage 1,0.0007181204523937739,0.9992818795476063
13,120,Stage 1,Stage 1,0.0002790210456796011,0.9997209789543205
13,121,Stage 1,Stage 1,0.007367943775892936,0.992632056224107
13,122,Stage 1,Stage 1,0.0004849008437063662,0.9995150991562937
13,123,Stage 1,Stage 1,0.008928542808461124,0.9910714571915388
13,124,Stage 1,Stage 1,5.525485187444549e-05,0.9999447451481255
13,125,Stage 1,Stage 1,5.244972450586472e-06,0.9999947550275495
13,126,Stage 1,Stage 1,5.244972450586472e-06,0.9999947550275495
13,127,Stage 1,Stage 1,5.244972450586472e-06,0.9999947550275495
13,128,Stage 1,Stage 1,5.244972450586472e-06,0.9999947550275495
13,129,Stage 1,Stage 1,5.244972450586472e-06,0.9999947550275495
13,130,Stage 1,Stage 1,5.244972450586472e-06,0.9999947550275495
13,131,Stage 1,Stage 1,2.7438403756186857e-05,0.9999725615962438
13,132,Stage 1,Stage 1,4.285750101695553e-05,0.9999571424989832
13,133,Stage 1,Stage 1,2.7438403756186857e-05,0.9999725615962438
13,134,Stage 1,Stage 1,4.285750101695553e-05,0.9999571424989832
13,135,Stage 1,Stage 1,5.244972450586472e-06,0.9999947550275495
13,136,Stage 1,Stage 1,0.00011555198447630688,0.9998844480155238
13,137,Stage 1,Stage 1,0.0002942387559513951,0.9997057612440486
13,138,Stage 1,Stage 1,5.244972450586472e-06,0.9999947550275495
13,139,Stage 1,Stage 1,5.244972450586472e-06,0.9999947550275495
13,140,Stage 1,Stage 1,0.01443507077117364,0.9855649292288262
13,141,Stage 1,Stage 1,5.244972450586472e-06,0.9999947550275495
13,142,Stage 1,Stage 1,0.00011555198447630688,0.9998844480155238
13,143,Stage 1,Stage 1,0.0011751232167279372,0.9988248767832721
13,144,Stage 1,Stage 1,5.244972450586472e-06,0.9999947550275495
13,145,Stage 1,Stage 1,5.244972450586472e-06,0.9999947550275495
13,146,Stage 1,Stage 1,0.00680021318262684,0.9931997868173732
13,147,Stage 1,Stage 1,4.285750101695553e-05,0.9999571424989832
13,148,Stage 1,Stage 1,5.244972450586472e-06,0.9999947550275495
13,149,Stage 1,Stage 1,0.0003081533363303624,0.9996918466636697
13,150,Stage 1,Stage 1,5.244972450586472e-06,0.9999947550275495
13,151,Stage 1,Stage 1,4.285750101695553e-05,0.9999571424989832
13,152,Stage 1,Stage 1,5.244972450586472e-06,0.9999947550275495
13,153,Stage 1,Stage 1,5.244972450586472e-06,0.9999947550275495
13,154,Stage 1,Stage 1,5.244972450586472e-06,0.9999947550275495
13,155,Stage 1,Stage 1,4.285750101695553e-05,0.9999571424989832
13,156,Stage 1,Stage 1,5.244972450586472e-06,0.9999947550275495
13,157,Stage 1,Stage 1,5.053663563426519e-05,0.9999494633643657
13,158,Stage 1,Stage 1,5.244972450586472e-06,0.9999947550275495
13,159,Stage 1,Stage 1,8.684172912863895e-05,0.9999131582708713
13,160,Stage 1,Stage 1,5.244972450586472e-06,0.9999947550275495
13,161,Stage 1,Stage 1,5.244972450586472e-06,0.9999947550275495
13,162,Stage 1,Stage 1,5.244972450586472e-06,0.9999947550275495
13,163,Stage 1,Stage 1,5.244972450586472e-06,0.9999947550275495
13,164,Stage 1,Stage 1,5.244972450586472e-06,0.9999947550275495
13,165,Stage 1,Stage 1,5.244972450586472e-06,0.9999947550275495
13,166,Stage 1,Stage 1,5.244972450586472e-06,0.9999947550275495
13,167,Stage 1,Stage 1,5.244972450586472e-06,0.9999947550275495
13,168,Stage 1,Stage 1,5.244972450586472e-06,0.9999947550275495
13,169,Stage 1,Stage 1,5.244972450586472e-06,0.9999947550275495
13,170,Stage 1,Stage 1,5.244972450586472e-06,0.9999947550275495
13,171,Stage 1,Stage 1,5.244972450586472e-06,0.9999947550275495
13,172,Stage 1,Stage 1,5.244972450586472e-06,0.9999947550275495
13,173,Stage 1,Stage 1,5.244972450586472e-06,0.9999947550275495
13,174,Stage 1,Stage 1,5.244972450586472e-06,0.9999947550275495
13,175,Stage 1,Stage 1,5.244972450586472e-06,0.9999947550275495
13,176,Stage 1,Stage 1,5.244972450586472e-06,0.9999947550275495
13,177,Stage 1,Stage 1,5.244972450586472e-06,0.9999947550275495
13,178,Stage 1,Stage 1,5.244972450586472e-06,0.9999947550275495
13,179,Stage 1,Stage 1,5.244972450586472e-06,0.9999947550275495
13,180,Stage 1,Stage 1,5.244972450586472e-06,0.9999947550275495
13,181,Stage 1,Stage 1,5.244972450586472e-06,0.9999947550275495
13,182,Stage 1,Stage 1,5.244972450586472e-06,0.9999947550275495
13,183,Stage 1,Stage 1,5.244972450586472e-06,0.9999947550275495
13,184,Stage 1,Stage 1,5.244972450586472e-06,0.9999947550275495
13,185,Stage 1,Stage 1,5.244972450586472e-06,0.9999947550275495
19,1,Stage 2,Stage 2,0.01056588384859748,0.9888783565978524
19,2,Stage 2,Stage 2,0.0005204660753887372,0.9924936676162472
19,3,Stage 2,Stage 2,0.019689030621309677,0.9802227907510911
19,4,Stage 2,Stage 2,0.0005895774323484656,0.9967817992700481
19,5,Stage 2,Stage 2,0.0007027630154301522,0.9988185442735297
19,6,Stage 2,Stage 2,0.002577076146634164,0.9685915062132454
19,7,Stage 2,Stage 2,0.009588145391606961,0.9900136141180655
19,8,Stage 2,Stage 2,0.0009877161055749425,0.9974050956613403
19,9,Stage 2,Stage 2,0.001089261254566933,0.9982743606197197
19,10,Stage 2,Stage 2,0.023162304515359878,0.9766570531102936
19,11,Stage 2,Stage 2,0.0007740851156151152,0.9850427872985357
19,12,Stage 2,Stage 2,0.0010197593956112131,0.9214917246352389
19,13,Stage 2,Stage 2,0.0015919388942925476,0.9968042703081439
19,14,Stage 2,Stage 2,0.0008178791080569695,0.9888645802402946
19,15,Stage 2,Stage 2,0.03723082588930382,0.9598573098417821
19,16,Stage 2,Stage 2,0.0013083129193433402,0.9925317623245813
19,17,Stage 2,Stage 2,0.004051427734304164,0.9777254937284784
19,18,Stage 2,Stage 2,0.001226285464273265,0.9916283551580201
19,19,Stage 2,Stage 2,0.0004407219997053725,0.983234336343938
19,20,Stage 2,Stage 2,0.0005242380342286791,0.9823037240536638
19,21,Stage 2,Stage 2,0.0005063487937312144,0.9833786896653028
19,22,Stage 2,Stage 2,0.0008379925524301231,0.9967792664495323
19,23,Stage 2,Stage 2,0.0017151829906968694,0.9977961295097608
19,24,Stage 2,Stage 2,0.003041675519791531,0.9963634006465272
19,25,Stage 2,Stage 2,0.0007204742251024952,0.9874910792585418
19,26,Stage 2,Stage 2,0.007561563540550128,0.9883855689705907
19,27,Stage 2,Stage 2,0.006653804965366924,0.9932564639554655
19,28,Stage 2,Stage 2,0.00897559543661023,0.9885495652222058
19,29,Stage 2,Stage 2,0.001947019532547868,0.9978133693089476
19,30,Stage 2,Stage 2,0.0013965142555566682,0.9960856593941301
19,31,Stage 2,Stage 2,0.00020056331659501064,0.9959735590152408
19,32,Stage 2,Stage 2,0.0019388739535241232,0.9975293396306932
19,33,Stage 2,Stage 2,0.0012102243275683732,0.9911321501967546
19,34,Stage 2,Stage 2,0.0020981450977088636,0.9977822734723062
19,35,Stage 2,Stage 2,0.0011796421184296446,0.9956773925144605
19,36,Stage 2,Stage 2,0.006951321097909229,0.992948071513222
19,37,Stage 2,Stage 2,0.0008402771743601624,0.9888176323870876
19,38,Stage 2,Stage 2,0.00036872133980937684,0.9786357192953645
19,39,Stage 2,Stage 2,0.004375129809647217,0.9951332863826917
19,40,Stage 2,Stage 2,0.007497567738476394,0.990968370842839
19,41,Stage 2,Stage 2,0.000615439388040921,0.9972077320399677
19,42,Stage 2,Stage 2,0.016489243234149718,0.983410149376982
19,43,Stage 2,Stage 2,0.000905958396255618,0.9982839081953718
19,44,Stage 2,Stage 2,0.009732255129642282,0.9894157297051808
19,45,Stage 2,Stage 2,0.0021040231086932796,0.9968848352898744
19,46,Stage 2,Stage 2,0.0009404174117371574,0.9903579909835752
19,47,Stage 2,Stage 2,0.00044989963788290814,0.9777017181249054
19,48,Stage 2,Stage 2,0.0010880983315064874,0.9970883447941602
19,49,Stage 2,Stage 2,0.0025822091479828437,0.9973296122244182
19,50,Stage 2,Stage 2,0.0010322226717341418,0.9981576439198934
19,51,Stage 2,Stage 2,0.0008823079224991419,0.9935861011627175
19,52,Stage 2,Stage 2,0.001344291287341115,0.9979053075794684
19,53,Stage 2,Stage 2,0.0005433964964937194,0.998226646085991
19,54,Stage 2,Stage 2,0.0008482009705326388,0.9981806449211267
19,55,Stage 2,Stage 2,0.0011296720944466484,0.9975142966100261
19,56,Stage 2,Stage 2,0.001125161167831036,0.9983824010429841
19,57,Stage 2,Stage 2,0.0009410606150813568,0.9818746966644772
19,58,Stage 2,Stage 2,0.0007271640026666282,0.9961682294044114
19,59,Stage 2,Stage 2,6.150679291484883e-05,0.9452638507212523
19,60,Stage 2,Stage 2,0.0012123490909108315,0.9981291037779507
19,61,Stage 2,Stage 2,0.001461567478407398,0.9836327229659599
19,62,Stage 2,Stage 2,0.0030709631778780997,0.992108235790043
19,63,Stage 2,Stage 2,0.0007902884030398696,0.9970681604198952
19,64,Stage 2,Stage 2,0.0015018771215240796,0.9962526270018128
19,65,Stage 2,Stage 2,0.0015181525195343355,0.9980153082045695
19,66,Stage 2,Stage 2,0.0005417022909902078,0.9840924227513205
19,67,Stage 2,Stage 2,0.0017564913789017192,0.9941746127881093
19,68,Stage 2,Stage 2,0.0015022037606670924,0.9936525422261474
19,69,Stage 2,Stage 2,0.1580085481749105,0.8418498425338176
19,70,Stage 2,Stage 2,0.0017889047949064141,0.997784758537319
19,71,Stage 2,Stage 2,0.0009802532724205385,0.995825022185661
19,72,Stage 2,Stage 2,0.0020406306699421494,0.9964623581900542
19,73,Stage 2,Stage 2,0.0008900985762259765,0.9982792475577439
19,74,Stage 2,Stage 2,0.0002964218541974874,0.9871729869772724
19,75,Stage 2,Stage 2,0.005291888173933886,0.9944886081739569
19,76,Stage 2,Stage 2,0.001963576508958622,0.9970252818896091
19,77,Stage 2,Stage 2,0.0020141109077902314,0.9971214451657634
19,78,Stage 2,Stage 2,0.0006428461643471019,0.9973904980189171
19,79,Stage 2,Stage 2,0.00129184659206896,0.9731202112714205
19,80,Stage 2,Stage 2,0.0006509573260119596,0.991012913480711
19,81,Stage 2,Stage 2,0.00026497481225319256,0.9970446589284286
19,82,Stage 2,Stage 2,0.0006983085289720556,0.9981318490706826
19,83,Stage 2,Stage 2,0.0009434778657582297,0.9965482236679585
19,84,Stage 2,Stage 2,0.0012821657329790362,0.998274522545467
19,85,Stage 2,Stage 2,0.00028446587838111233,0.9085692057904466
19,86,Stage 2,Stage 2,0.0003829784090439587,0.9926959599124836
19,87,Stage 2,Stage 2,0.000190453906785828,0.8637927820849529
19,88,Stage 2,Stage 2,0.007106493890251954,0.9896907926534548
19,89,Stage 2,Stage 2,0.0014776134154806963,0.9958775896140527
19,90,Stage 2,Stage 2,0.01845437075069409,0.9495595042444204
19,91,Stage 2,Stage 2,0.001201430660915946,0.9968616047467171
19,92,Stage 2,Stage 2,0.0006121348645402548,0.9968075779982308
19,93,Stage 2,Stage 2,0.0004296069943181676,0.9646633951724063
19,94,Stage 2,Stage 2,0.0007006591896128086,0.9430647300792689
19,95,Stage 2,Stage 2,0.0002736201956208609,0.7530096384395337
19,96,Stage 2,Stage 2,0.0002687408366900047,0.9880290881555313
19,97,Stage 2,Stage 2,0.0008597956585986046,0.9915407840159501
19,98,Stage 2,Stage 2,6.946788450185104e-05,0.7543871617929895
19,99,Stage 2,Stage 2,0.0007154533263876342,0.9942941595343613
19,100,Stage 2,Stage 2,0.0003503478610178269,0.9976319418800644
19,101,Stage 2,Stage 2,0.0013696276694052725,0.9432547740036055
19,102,Stage 2,Stage 2,0.0007035458951104724,0.9540867295072184
19,103,Stage 2,Stage 2,0.015922739460801045,0.9838966181648522
19,104,Stage 2,Stage 2,0.0007271640026666282,0.9958674032160887
19,105,Stage 2,Stage 3,0.0,0.5617630536391351
19,106,Stage 2,Stage 2,7.019364929831722e-05,0.7887648040353871
19,107,Stage 3,Stage 2,0.00017407027081760672,0.8795172421968304
19,108,Stage 2,Stage 2,0.00024174262050238768,0.8666819613788477
19,109,Stage 2,Stage 2,0.0002053918749336832,0.8813593549045894
19,110,Stage 2,Stage 2,0.00018623079357033744,0.9238700638059766
19,111,Stage 2,Stage 2,7.120882202537621e-05,0.8869742165066263
19,112,Stage 3,Stage 2,0.0009197075700447933,0.9935744309499015
19,113,Stage 2,Stage 2,0.0005888385649785664,0.9735097006899868
19,114,Stage 2,Stage 2,6.333800322790038e-05,0.8604647213309082
19,115,Stage 2,Stage 2,0.0007724370785039079,0.9973488089176773
19,116,Stage 2,Stage 2,0.00010313710334733983,0.6428585691056772
19,117,Stage 2,Stage 2,2.9993719185535587e-05,0.8453289588363013
19,118,Stage 2,Stage 3,0.0,0.5816073400069223
19,119,Stage 2,Stage 2,0.0005304609475337702,0.9580076396281857
19,120,Stage 2,Stage 2,0.0009602476708695514,0.9944153985662202
19,121,Stage 2,Stage 2,6.222039329514382e-05,0.8100820499243058
19,122,Stage 2,Stage 2,0.0,0.7062362694378225
19,123,Stage 2,Stage 2,0.0,0.8265580927280292
19,124,Stage 2,Stage 2,0.00016220463142402265,0.9665018115363032
19,125,Stage 3,Stage 2,0.00015297265762086399,0.7123037285007799
19,126,Stage 2,Stage 2,0.0003019934718783881,0.9019381254809986
19,127,Stage 2,Stage 2,2.9993719185535587e-05,0.7597775619232799
19,128,Stage 2,Stage 2,0.0,0.5679118835720482
19,129,Stage 2,Stage 2,0.0,0.691257088686083
19,130,Stage 2,Stage 2,0.00027498197871442866,0.8722958731776272
19,131,Stage 2,Stage 3,0.0,0.5286196751055579
19,132,Stage 3,Stage 3,1.8320376189169755e-05,0.5175262640695609
19,133,Stage 2,Stage 3,0.0,0.8110126639130621
19,134,Stage 2,Stage 3,0.0,0.5515819155472929
19,135,Stage 2,Stage 2,0.000154203249165495,0.9308590258745681
19,136,Stage 2,Stage 2,0.0,0.8056497409235183
19,137,Stage 2,Stage 2,4.861156078368914e-06,0.513155085706603
19,138,Stage 2,Stage 3,0.0,0.7943985716983124
19,139,Stage 3,Stage 3,0.0,0.8992153462334179
19,140,Stage 2,Stage 2,2.9993719185535587e-05,0.7015956249773772
19,141,Stage 2,Stage 3,0.0,0.5575901887693732
19,142,Stage 3,Stage 3,0.0,0.7159486452181173
19,143,Stage 2,Stage 3,0.0,0.7011103000162399
19,144,Stage 2,Stage 2,0.0,0.6930758816330765
19,145,Stage 2,Stage 2,0.0,0.7930852344915239
19,146,Stage 3,Stage 3,0.0,0.6463646066663878
19,147,Stage 2,Stage 3,0.0,0.6157779537909415
19,148,Stage 3,Stage 3,0.0,0.88777744538397
19,149,Stage 2,Stage 3,0.0,0.7531019855658303
19,150,Stage 2,Stage 3,0.0,0.6870815582007064
19,151,Stage 2,Stage 3,0.0,0.8583903288928496
19,152,Stage 3,Stage 3,0.0,0.8294576087524651
19,153,Stage 2,Stage 3,0.0,0.5128596872452464
19,154,Stage 2,Stage 3,0.0,0.8837178526935119
19,155,Stage 3,Stage 3,0.0,0.799585910691523
19,156,Stage 3,Stage 3,0.0,0.944794969236479
19,157,Stage 3,Stage 3,0.0,0.9866393038636878
19,158,Stage 3,Stage 3,0.0,0.9785767183218417
19,159,Stage 3,Stage 3,0.0,0.7458468046415495
19,160,Stage 3,Stage 3,0.0,0.9262093830411751
19,161,Stage 3,Stage 3,0.0,0.8007208594900196
19,162,Stage 3,Stage 3,0.0,0.9989507139325751
19,163,Stage 3,Stage 3,0.0,0.9991291660641931
19,164,Stage 3,Stage 3,0.0,0.9598427143789866
19,165,Stage 3,Stage 3,0.0,0.9970243161406224
19,166,Stage 3,Stage 3,0.0,0.9990079661751163
19,167,Stage 3,Stage 3,0.0,0.9760669103773071
19,168,Stage 3,Stage 3,0.0,0.9979234949375727
19,169,Stage 3,Stage 3,0.0,0.8327971371350085
19,170,Stage 3,Stage 3,0.0,0.9996227160135583
19,171,Stage 3,Stage 3,0.0,0.99895807902908
19,172,Stage 3,Stage 3,0.0,0.9989431833246315
19,173,Stage 3,Stage 3,0.0,0.9960344598709852
19,174,Stage 3,Stage 3,0.0,0.9623076224756341
19,175,Stage 3,Stage 3,0.0,0.9966723999574866
19,176,Stage 3,Stage 3,0.0,0.9979539928157387
19,177,Stage 3,Stage 3,0.0,0.9994436699359635
19,178,Stage 3,Stage 3,0.0,0.9991813099117831
19,179,Stage 3,Stage 3,0.0,0.9995746665972786
19,180,Stage 3,Stage 3,0.0,0.9930777280471017
19,181,Stage 3,Stage 3,0.0,0.9989713542446881
19,182,Stage 3,Stage 3,0.0,0.9993635043379662
19,183,Stage 3,Stage 3,0.0,0.9862722583268219
19,184,Stage 3,Stage 3,0.0,0.9990792716868003
19,185,Stage 3,Stage 3,0.0,0.9998265704312229
19,186,Stage 3,Stage 3,0.0,0.9922952336692629
19,187,Stage 3,Stage 3,0.0,0.9987607679050455
19,188,Stage 3,Stage 3,0.0,0.999103688964017
19,189,Stage 3,Stage 3,0.0,0.9930050268161517
19,190,Stage 3,Stage 3,0.0,0.9917071747538527
19,191,Stage 3,Stage 3,0.0,0.9713917558954148
19,192,Stage 3,Stage 3,0.0,0.9676857550217246
19,193,Stage 3,Stage 3,0.0,0.9440983328244037
19,194,Stage 3,Stage 3,0.0,0.6541528633617806
19,195,Stage 3,Stage 3,0.0,0.9720174941876611
19,196,Stage 3,Stage 3,0.0,0.9916547789689889
19,197,Stage 3,Stage 3,0.0,0.9162134270065962
19,198,Stage 0,Stage 0,0.0,0.5970834612029182
19,199,Stage 3,Stage 0,0.0,0.9221870322567003
19,200,Stage 0,Stage 0,0.0,0.7088242195436602
19,201,Stage 0,Stage 0,0.0,0.92
19,202,Stage 0,Stage 0,0.0,0.94
19,203,Stage 0,Stage 0,0.0,0.98
19,204,Stage 0,Stage 0,0.0,1.0
19,205,Stage 0,Stage 0,0.0,1.0
19,206,Stage 0,Stage 3,0.0,0.5718090898458112
19,207,Stage 0,Stage 0,0.0,1.0
19,208,Stage 0,Stage 0,0.0,1.0
19,209,Stage 0,Stage 0,0.0,1.0
19,210,Stage 0,Stage 0,0.0,0.9933333333333333
19,211,Stage 0,Stage 0,0.0,1.0
19,212,Stage 0,Stage 0,0.0,1.0
19,213,Stage 0,Stage 0,0.0,1.0
19,214,Stage 0,Stage 0,0.0,0.9933333333333333
19,215,Stage 0,Stage 0,0.0,1.0
19,216,Stage 0,Stage 0,0.0,1.0
19,217,Stage 0,Stage 0,0.0,1.0
19,218,Stage 0,Stage 0,0.0,1.0
19,219,Stage 0,Stage 0,0.0,1.0
19,220,Stage 0,Stage 0,0.0,1.0
19,221,Stage 0,Stage 0,0.0,1.0
19,222,Stage 0,Stage 0,0.0,1.0
19,223,Stage 0,Stage 0,0.0,1.0
19,224,Stage 0,Stage 0,0.0,1.0
19,225,Stage 0,Stage 0,0.0,1.0
19,226,Stage 0,Stage 0,0.0,1.0
19,227,Stage 0,Stage 0,0.0,1.0
19,228,Stage 0,Stage 0,0.0,1.0
19,229,Stage 0,Stage 0,0.0,1.0
24,1,Stage 4,Stage 4,0.9990455372834616,0.9990455372834616
24,2,Stage 4,Stage 4,0.9997635709523681,0.9997635709523681
24,3,Stage 4,Stage 4,0.9997343963574389,0.9997343963574389
24,4,Stage 4,Stage 4,0.9989249192127516,0.9989249192127516
24,5,Stage 4,Stage 4,0.9993238788485502,0.9993238788485502
24,6,Stage 4,Stage 4,0.9995316234426789,0.9995316234426789
24,7,Stage 4,Stage 4,0.9926550734867201,0.9926550734867201
24,8,Stage 4,Stage 4,0.9937074482753127,0.9937074482753127
24,9,Stage 4,Stage 4,0.999835588514786,0.999835588514786
24,10,Stage 4,Stage 4,0.9889773877453465,0.9889773877453465
24,11,Stage 4,Stage 4,0.999835588514786,0.999835588514786
24,12,Stage 4,Stage 4,0.9990473950321037,0.9990473950321037
24,13,Stage 4,Stage 4,0.9998568721767909,0.9998568721767909
24,14,Stage 4,Stage 4,0.9998568721767909,0.9998568721767909
24,15,Stage 4,Stage 4,0.9942832430526011,0.9942832430526011
24,16,Stage 4,Stage 4,0.9781161171987188,0.9781161171987188
24,17,Stage 4,Stage 4,0.9994581646691696,0.9994581646691696
24,18,Stage 4,Stage 4,0.9919703885625178,0.9919703885625178
24,19,Stage 4,Stage 4,0.9990291945862143,0.9990291945862143
24,20,Stage 4,Stage 4,0.9895121861821732,0.9895121861821732
24,21,Stage 4,Stage 4,0.9928227577769655,0.9928227577769655
24,22,Stage 4,Stage 4,0.9997635709523681,0.9997635709523681
24,23,Stage 4,Stage 4,0.998911202031663,0.998911202031663
24,24,Stage 4,Stage 4,0.9996468739781433,0.9996468739781433
24,25,Stage 4,Stage 4,0.9921060568078002,0.9921060568078002
24,26,Stage 4,Stage 4,0.9989898245627787,0.9989898245627787
24,27,Stage 4,Stage 4,0.9984064653041022,0.9984064653041022
24,28,Stage 4,Stage 4,0.9908601359705045,0.9908601359705045
24,29,Stage 4,Stage 4,0.9986441787600469,0.9986441787600469
24,30,Stage 4,Stage 4,0.9998568721767909,0.9998568721767909
24,31,Stage 4,Stage 4,0.9982816605283318,0.9982816605283318
24,32,Stage 4,Stage 4,0.9937199609023747,0.9937199609023747
24,33,Stage 4,Stage 4,0.9713508569739978,0.9713508569739978
24,34,Stage 4,Stage 4,0.9988580923195182,0.9988580923195182
24,35,Stage 4,Stage 4,0.9981429100229059,0.9981429100229059
24,36,Stage 4,Stage 4,0.9544048898657521,0.9544048898657521
24,37,Stage 4,Stage 4,0.9631238780374991,0.9631238780374991
24,38,Stage 4,Stage 4,0.9964275361213957,0.9964275361213957
24,39,Stage 4,Stage 4,0.9997343963574389,0.9997343963574389
24,40,Stage 4,Stage 4,0.9967038504142067,0.9967038504142067
24,41,Stage 4,Stage 4,0.9994509393852821,0.9994509393852821
24,42,Stage 4,Stage 4,0.9998568721767909,0.9998568721767909
24,43,Stage 4,Stage 4,0.9990773296305029,0.9990773296305029
24,44,Stage 4,Stage 4,0.9926272071981256,0.9926272071981256
24,45,Stage 4,Stage 4,0.982506962832444,0.982506962832444
24,46,Stage 4,Stage 4,0.9997670221708288,0.9997670221708288
24,47,Stage 4,Stage 4,0.9986762423005511,0.9986762423005511
24,48,Stage 4,Stage 4,0.9232329958611277,0.9232329958611277
24,49,Stage 4,Stage 4,0.9992088099182378,0.9992088099182378
24,50,Stage 4,Stage 4,0.9977752201981294,0.9977752201981294
24,51,Stage 4,Stage 4,0.9984525439625029,0.9984525439625029
24,52,Stage 4,Stage 4,0.9998568721767909,0.9998568721767909
24,53,Stage 4,Stage 4,0.9984933382998332,0.9984933382998332
24,54,Stage 4,Stage 4,0.9986130676591237,0.9986130676591237
24,55,Stage 4,Stage 4,0.9998568721767909,0.9998568721767909
24,56,Stage 4,Stage 4,0.9996830594642531,0.9996830594642531
24,57,Stage 4,Stage 4,0.9989077340412431,0.9989077340412431
24,58,Stage 4,Stage 4,0.9993021111426605,0.9993021111426605
24,59,Stage 4,Stage 4,0.9959719256204295,0.9959719256204295
24,60,Stage 4,Stage 4,0.9994820529130878,0.9994820529130878
24,61,Stage 4,Stage 4,0.9985319729123139,0.9985319729123139
24,62,Stage 4,Stage 4,0.9913719013987374,0.9913719013987374
24,63,Stage 4,Stage 4,0.9997343963574389,0.9997343963574389
24,64,Stage 4,Stage 4,0.9994244824437627,0.9994244824437627
24,65,Stage 4,Stage 4,0.9998568721767909,0.9998568721767909
24,66,Stage 4,Stage 4,0.9879228127900423,0.9879228127900423
24,67,Stage 4,Stage 4,0.992948827853877,0.992948827853877
24,68,Stage 4,Stage 4,0.9990303722139569,0.9990303722139569
24,69,Stage 4,Stage 4,0.9987394116708573,0.9987394116708573
24,70,Stage 4,Stage 4,0.9997635709523681,0.9997635709523681
24,71,Stage 4,Stage 4,0.9997478069031372,0.9997478069031372
24,72,Stage 4,Stage 4,0.9995469582631148,0.9995469582631148
24,73,Stage 4,Stage 4,0.9997635709523681,0.9997635709523681
24,74,Stage 4,Stage 4,0.9988718320082274,0.9988718320082274
24,75,Stage 4,Stage 4,0.9956733138583013,0.9956733138583013
24,76,Stage 4,Stage 4,0.9997343963574389,0.9997343963574389
24,77,Stage 4,Stage 4,0.9932753999100417,0.9932753999100417
24,78,Stage 4,Stage 4,0.9993021111426605,0.9993021111426605
24,79,Stage 4,Stage 4,0.9985402960870474,0.9985402960870474
24,80,Stage 4,Stage 4,0.9921000851715394,0.9921000851715394
24,81,Stage 4,Stage 4,0.9959368691394975,0.9959368691394975
24,82,Stage 4,Stage 4,0.9944802206829424,0.9944802206829424
24,83,Stage 4,Stage 4,0.9879599606935358,0.9879599606935358
24,84,Stage 4,Stage 4,0.9972167668064581,0.9972167668064581
24,85,Stage 4,Stage 4,0.9998568721767909,0.9998568721767909
24,86,Stage 4,Stage 4,0.924284709325719,0.924284709325719
24,87,Stage 4,Stage 4,0.9998568721767909,0.9998568721767909
24,88,Stage 4,Stage 4,0.9998198244655553,0.9998198244655553
24,89,Stage 4,Stage 4,0.994885750950505,0.994885750950505
24,90,Stage 4,Stage 4,0.999835588514786,0.999835588514786
24,91,Stage 4,Stage 4,0.994655543893915,0.994655543893915
24,92,Stage 4,Stage 4,0.9736727772575043,0.9736727772575043
24,93,Stage 4,Stage 4,0.9973778224941411,0.9973778224941411
24,94,Stage 4,Stage 4,0.9990455372834616,0.9990455372834616
24,95,Stage 4,Stage 4,0.9997469320477929,0.9997469320477929
24,96,Stage 4,Stage 4,0.9986762423005511,0.9986762423005511
24,97,Stage 4,Stage 4,0.998666609591998,0.998666609591998
24,98,Stage 4,Stage 4,0.9949645146841349,0.9949645146841349
24,99,Stage 4,Stage 4,0.9997616489215545,0.9997616489215545
24,100,Stage 4,Stage 4,0.9939259042613565,0.9939259042613565
24,101,Stage 4,Stage 4,0.524107770865686,0.524107770865686
24,102,Stage 4,Stage 4,0.9990354455189799,0.9990354455189799
24,103,Stage 4,Stage 4,0.9997670221708288,0.9997670221708288
24,104,Stage 4,Stage 4,0.9972167668064581,0.9972167668064581
24,105,Stage 4,Stage 4,0.8201236017622358,0.8201236017622358
24,106,Stage 4,Stage 4,0.9958960022527862,0.9958960022527862
24,107,Stage 4,Stage 4,0.9993238788485502,0.9993238788485502
24,108,Stage 4,Stage 4,0.991199769682219,0.991199769682219
24,109,Stage 4,Stage 4,0.9953424598234276,0.9953424598234276
24,110,Stage 4,Stage 4,0.9930652645333811,0.9930652645333811
24,111,Stage 4,Stage 4,0.9990867650555394,0.9990867650555394
24,112,Stage 4,Stage 4,0.9947476558121116,0.9947476558121116
24,113,Stage 4,Stage 4,0.9917608430735153,0.9917608430735153
24,114,Stage 4,Stage 4,0.9917421045781589,0.9917421045781589
24,115,Stage 4,Stage 4,0.9987617631973209,0.9987617631973209
24,116,Stage 4,Stage 4,0.9931485104399894,0.9931485104399894
24,117,Stage 4,Stage 4,0.9501450805146434,0.9501450805146434
24,118,Stage 4,Stage 4,0.9992014030291981,0.9992014030291981
24,119,Stage 4,Stage 4,0.982030139977475,0.982030139977475
24,120,Stage 4,Stage 4,0.5463291792679018,0.5463291792679018
24,121,Stage 4,Stage 4,0.9963079128990895,0.9963079128990895
24,122,Stage 4,Stage 4,0.9998568721767909,0.9998568721767909
24,123,Stage 4,Stage 4,0.9995712403420083,0.9995712403420083
24,124,Stage 4,Stage 4,0.9998568721767909,0.9998568721767909
24,125,Stage 4,Stage 4,0.9994254722728012,0.9994254722728012
24,126,Stage 4,Stage 4,0.9997469320477929,0.9997469320477929
24,127,Stage 4,Stage 4,0.9743510685401954,0.9743510685401954
24,128,Stage 4,Stage 4,0.9987256369608737,0.9987256369608737
24,129,Stage 4,Stage 4,0.9996255903161384,0.9996255903161384
24,130,Stage 4,Stage 4,0.9998568721767909,0.9998568721767909
24,131,Stage 4,Stage 4,0.9998411081275602,0.9998411081275602
24,132,Stage 4,Stage 4,0.999492408101345,0.999492408101345
24,133,Stage 4,Stage 4,0.8768720830671441,0.8768720830671441
24,134,Stage 4,Stage 4,0.999093357761794,0.999093357761794
24,135,Stage 4,Stage 4,0.8888270404143228,0.8888270404143228
24,136,Stage 4,Stage 4,0.9894915682413673,0.9894915682413673
24,137,Stage 4,Stage 4,0.9986593438295518,0.9986593438295518
24,138,Stage 4,Stage 4,0.9996468739781433,0.9996468739781433
24,139,Stage 4,Stage 4,0.9997635709523681,0.9997635709523681
24,140,Stage 4,Stage 4,0.998355213800394,0.998355213800394
24,141,Stage 4,Stage 4,0.999835588514786,0.999835588514786
24,142,Stage 4,Stage 4,0.9998411081275602,0.9998411081275602
24,143,Stage 4,Stage 4,0.9977331201676861,0.9977331201676861
24,144,Stage 4,Stage 4,0.9989249192127516,0.9989249192127516
24,145,Stage 4,Stage 4,0.9920362552730128,0.9920362552730128
24,146,Stage 4,Stage 4,0.9991851268349313,0.9991851268349313
24,147,Stage 4,Stage 4,0.997933500807455,0.997933500807455
24,148,Stage 4,Stage 4,0.9989249192127516,0.9989249192127516
24,149,Stage 4,Stage 4,0.9992732642233642,0.9992732642233642
24,150,Stage 4,Stage 4,0.9998568721767909,0.9998568721767909
24,151,Stage 4,Stage 4,0.9998568721767909,0.9998568721767909
24,152,Stage 4,Stage 4,0.9998568721767909,0.9998568721767909
24,153,Stage 4,Stage 4,0.9998568721767909,0.9998568721767909
24,154,Stage 4,Stage 4,0.9995144621917289,0.9995144621917289
24,155,Stage 4,Stage 4,0.9998568721767909,0.9998568721767909
24,156,Stage 4,Stage 4,0.9998568721767909,0.9998568721767909
24,157,Stage 4,Stage 4,0.9990286103229098,0.9990286103229098
24,158,Stage 4,Stage 4,0.999093357761794,0.999093357761794
24,159,Stage 4,Stage 4,0.999093357761794,0.999093357761794
24,160,Stage 4,Stage 4,0.999745738508824,0.999745738508824
24,161,Stage 4,Stage 4,0.9954572203924986,0.9954572203924986
24,162,Stage 4,Stage 4,0.9890467063579685,0.9890467063579685
24,163,Stage 4,Stage 4,0.9997635709523681,0.9997635709523681
24,164,Stage 4,Stage 4,0.9997682157097978,0.9997682157097978
24,165,Stage 4,Stage 4,0.9991815796883111,0.9991815796883111
24,166,Stage 4,Stage 4,0.9998568721767909,0.9998568721767909
24,167,Stage 4,Stage 4,0.9998568721767909,0.9998568721767909
24,168,Stage 4,Stage 4,0.998799095734383,0.998799095734383
24,169,Stage 4,Stage 4,0.9993238788485502,0.9993238788485502
24,170,Stage 4,Stage 4,0.9997635709523681,0.9997635709523681
24,171,Stage 4,Stage 4,0.9996468739781433,0.9996468739781433
24,172,Stage 4,Stage 4,0.999835588514786,0.999835588514786
24,173,Stage 4,Stage 4,0.9996540992620309,0.9996540992620309
24,174,Stage 4,Stage 4,0.9996410951330161,0.9996410951330161
24,175,Stage 4,Stage 4,0.9997635709523681,0.9997635709523681
24,176,Stage 4,Stage 4,0.9990808952220245,0.9990808952220245
24,177,Stage 4,Stage 4,0.9997311679985622,0.9997311679985622
24,178,Stage 4,Stage 4,0.9998507258362234,0.9998507258362234
24,179,Stage 4,Stage 4,0.9963055714720003,0.9963055714720003
24,180,Stage 4,Stage 4,0.9943575435159876,0.9943575435159876
24,181,Stage 4,Stage 4,0.9998568721767909,0.9998568721767909
24,182,Stage 4,Stage 4,0.9998568721767909,0.9998568721767909
24,183,Stage 4,Stage 4,0.9998411081275602,0.9998411081275602
24,184,Stage 4,Stage 4,0.9998568721767909,0.9998568721767909
24,185,Stage 4,Stage 4,0.9997635709523681,0.9997635709523681
24,186,Stage 4,Stage 4,0.999835588514786,0.999835588514786
24,187,Stage 4,Stage 4,0.9997478069031372,0.9997478069031372
24,188,Stage 4,Stage 4,0.995712683881737,0.995712683881737
24,189,Stage 4,Stage 4,0.9997478069031372,0.9997478069031372
24,190,Stage 4,Stage 4,0.9998411081275602,0.9998411081275602
24,191,Stage 4,Stage 4,0.9998568721767909,0.9998568721767909
24,192,Stage 4,Stage 4,0.9997635709523681,0.9997635709523681
24,193,Stage 4,Stage 4,0.9997343963574389,0.9997343963574389
24,194,Stage 4,Stage 4,0.9997343963574389,0.9997343963574389
24,195,Stage 4,Stage 4,0.9991172207581053,0.9991172207581053
24,196,Stage 4,Stage 4,0.998844439405575,0.998844439405575
24,197,Stage 4,Stage 4,0.8688712642679042,0.8688712642679042
24,198,Stage 4,Stage 4,0.9987110632647892,0.9987110632647892
24,199,Stage 4,Stage 4,0.9985766944183424,0.9985766944183424
24,200,Stage 4,Stage 4,0.9994293700372092,0.9994293700372092
24,201,Stage 4,Stage 4,0.999093357761794,0.999093357761794
24,202,Stage 4,Stage 4,0.9997343963574389,0.9997343963574389
24,203,Stage 4,Stage 4,0.9997512581215979,0.9997512581215979
24,204,Stage 4,Stage 4,0.9925075654798189,0.9925075654798189
24,205,Stage 4,Stage 4,0.9997343963574389,0.9997343963574389
24,206,Stage 4,Stage 4,0.9997616489215545,0.9997616489215545
24,207,Stage 4,Stage 4,0.9997186323082081,0.9997186323082081
24,208,Stage 4,Stage 4,0.9998568721767909,0.9998568721767909
24,209,Stage 4,Stage 4,0.9997478069031372,0.9997478069031372
24,210,Stage 4,Stage 4,0.9996579568971752,0.9996579568971752
24,211,Stage 4,Stage 4,0.9997635709523681,0.9997635709523681
24,212,Stage 4,Stage 4,0.9998568721767909,0.9998568721767909
24,213,Stage 4,Stage 4,0.9996410951330161,0.9996410951330161
24,214,Stage 4,Stage 4,0.9996468739781433,0.9996468739781433
24,215,Stage 4,Stage 4,0.999093357761794,0.999093357761794
24,216,Stage 4,Stage 4,0.9984624959273227,0.9984624959273227
24,217,Stage 4,Stage 4,0.9996526572066818,0.9996526572066818
24,218,Stage 4,Stage 4,0.9996683476971316,0.9996683476971316
24,219,Stage 4,Stage 4,0.9987776835860255,0.9987776835860255
24,220,Stage 4,Stage 4,0.9997635709523681,0.9997635709523681
24,221,Stage 4,Stage 4,0.9997363407224414,0.9997363407224414
24,222,Stage 4,Stage 4,0.9998568721767909,0.9998568721767909
24,223,Stage 4,Stage 4,0.999835588514786,0.999835588514786
24,224,Stage 4,Stage 4,0.9869001077890767,0.9869001077890767
24,225,Stage 4,Stage 4,0.9921525863925558,0.9921525863925558
24,226,Stage 4,Stage 4,0.9997616489215545,0.9997616489215545
24,227,Stage 4,Stage 4,0.9996187816851051,0.9996187816851051
24,228,Stage 4,Stage 4,0.9921969290327656,0.9921969290327656
24,229,Stage 4,Stage 4,0.9996683476971316,0.9996683476971316
24,230,Stage 4,Stage 4,0.9995196606654607,0.9995196606654607
24,231,Stage 4,Stage 4,0.9995450788280236,0.9995450788280236
24,232,Stage 4,Stage 4,0.9997478069031372,0.9997478069031372
24,233,Stage 4,Stage 4,0.9998568721767909,0.9998568721767909
24,234,Stage 4,Stage 4,0.9996540992620309,0.9996540992620309
24,235,Stage 4,Stage 4,0.9998568721767909,0.9998568721767909
24,236,Stage 4,Stage 4,0.9996148839206971,0.9996148839206971
24,237,Stage 4,Stage 4,0.9997103967845901,0.9997103967845901
24,238,Stage 4,Stage 4,0.999093357761794,0.999093357761794
24,239,Stage 4,Stage 4,0.9997363407224414,0.9997363407224414
24,240,Stage 4,Stage 4,0.9997403652595497,0.9997403652595497
24,241,Stage 4,Stage 4,0.9782718911599156,0.9782718911599156
24,242,Stage 4,Stage 4,0.9997521047716723,0.9997521047716723
24,243,Stage 4,Stage 4,0.9995915514551785,0.9995915514551785
24,244,Stage 4,Stage 4,0.9986803103337515,0.9986803103337515
24,245,Stage 4,Stage 4,0.9997103967845901,0.9997103967845901
24,246,Stage 4,Stage 4,0.9971343192817257,0.9971343192817257
24,247,Stage 4,Stage 4,0.9998452062234494,0.9998452062234494
24,248,Stage 4,Stage 4,0.9997103967845901,0.9997103967845901
24,249,Stage 4,Stage 4,0.9995205636786667,0.9995205636786667
24,250,Stage 4,Stage 4,0.9996311099289127,0.9996311099289127
24,251,Stage 4,Stage 4,0.9996841117463625,0.9996841117463625
24,252,Stage 4,Stage 4,0.9993575466152189,0.9993575466152189
24,253,Stage 4,Stage 4,0.9998568721767909,0.9998568721767909
24,254,Stage 4,Stage 4,0.9993532564682588,0.9993532564682588
24,255,Stage 4,Stage 4,0.9990086684371444,0.9990086684371444
24,256,Stage 4,Stage 4,0.9997103967845901,0.9997103967845901
24,257,Stage 4,Stage 4,0.9997635709523681,0.9997635709523681
24,258,Stage 4,Stage 4,0.9997616489215545,0.9997616489215545
24,259,Stage 4,Stage 4,0.9997682157097978,0.9997682157097978
24,260,Stage 4,Stage 4,0.9978142622684936,0.9978142622684936
24,261,Stage 4,Stage 4,0.9994304118093414,0.9994304118093414
24,262,Stage 4,Stage 4,0.99681149103705,0.99681149103705
24,263,Stage 4,Stage 4,0.999525033914735,0.999525033914735
24,264,Stage 4,Stage 4,0.9997635709523681,0.9997635709523681
24,265,Stage 4,Stage 4,0.9782391387786178,0.9782391387786178
24,266,Stage 4,Stage 4,0.9979145799165402,0.9979145799165402
24,267,Stage 4,Stage 4,0.9997261608338209,0.9997261608338209
24,268,Stage 4,Stage 4,0.9986797938905221,0.9986797938905221
24,269,Stage 4,Stage 4,0.9998568721767909,0.9998568721767909
24,270,Stage 4,Stage 4,0.9980629397780258,0.9980629397780258
24,271,Stage 4,Stage 4,0.9986646308769173,0.9986646308769173
24,272,Stage 4,Stage 4,0.9997261608338209,0.9997261608338209
24,273,Stage 4,Stage 4,0.9995100162946058,0.9995100162946058
24,274,Stage 4,Stage 4,0.999530367060902,0.999530367060902
24,275,Stage 4,Stage 4,0.9848133517397525,0.9848133517397525
24,276,Stage 4,Stage 4,0.9976495199495232,0.9976495199495232
24,277,Stage 4,Stage 4,0.9997103967845901,0.9997103967845901
24,278,Stage 4,Stage 4,0.9994042946338637,0.9994042946338637
24,279,Stage 4,Stage 4,0.9985119469794582,0.9985119469794582
24,280,Stage 4,Stage 4,0.9740557435032065,0.9740557435032065
24,281,Stage 4,Stage 4,0.9961086672835601,0.9961086672835601
24,282,Stage 4,Stage 4,0.9996683476971316,0.9996683476971316
24,283,Stage 4,Stage 4,0.9994803130483467,0.9994803130483467
24,284,Stage 4,Stage 4,0.9996737209464059,0.9996737209464059
24,285,Stage 4,Stage 4,0.9985854712644903,0.9985854712644903
24,286,Stage 4,Stage 4,0.9994629771838077,0.9994629771838077
24,287,Stage 4,Stage 4,0.9996142330662912,0.9996142330662912
24,288,Stage 4,Stage 4,0.999587920965238,0.999587920965238
24,289,Stage 4,Stage 4,0.9987336128544899,0.9987336128544899
24,290,Stage 4,Stage 4,0.9960037682195417,0.9960037682195417
24,291,Stage 4,Stage 4,0.9992881030752473,0.9992881030752473
24,292,Stage 4,Stage 4,0.9994982502307557,0.9994982502307557
24,293,Stage 4,Stage 4,0.9987635891441745,0.9987635891441745
24,294,Stage 4,Stage 4,0.999661940916121,0.999661940916121
24,295,Stage 4,Stage 4,0.9591130124855041,0.9591130124855041
24,296,Stage 4,Stage 4,0.9872620165708451,0.9872620165708451
24,297,Stage 4,Stage 4,0.9925319464672439,0.9925319464672439
24,298,Stage 4,Stage 4,0.998844439405575,0.998844439405575
24,299,Stage 4,Stage 4,0.999573284449128,0.999573284449128
24,300,Stage 4,Stage 4,0.9995992146639255,0.9995992146639255
24,301,Stage 4,Stage 4,0.9994508086297759,0.9994508086297759
24,302,Stage 4,Stage 4,0.9670296932869735,0.9670296932869735
24,303,Stage 4,Stage 4,0.9523878847704195,0.9523878847704195
24,304,Stage 4,Stage 4,0.9995971296445119,0.9995971296445119
24,305,Stage 4,Stage 4,0.998721708744608,0.998721708744608
24,306,Stage 4,Stage 4,0.999120432200924,0.999120432200924
24,307,Stage 4,Stage 4,0.995414500588829,0.995414500588829
24,308,Stage 4,Stage 4,0.9775502891508393,0.9775502891508393
24,309,Stage 4,Stage 4,0.9994952230809506,0.9994952230809506
24,310,Stage 4,Stage 4,0.9990680771738751,0.9990680771738751
24,311,Stage 4,Stage 4,0.999661940916121,0.999661940916121
24,312,Stage 4,Stage 4,0.9943930154694282,0.9943930154694282
24,313,Stage 4,Stage 4,0.9596003959507368,0.9596003959507368
24,314,Stage 4,Stage 4,0.9983830690061272,0.9983830690061272
24,315,Stage 2,Stage 4,0.7460263809114183,0.7460263809114183
24,316,Stage 4,Stage 4,0.9993091127162024,0.9993091127162024
24,317,Stage 4,Stage 4,0.9915632475493105,0.9915632475493105
24,318,Stage 4,Stage 4,0.9545354198660292,0.9545354198660292
24,319,Stage 4,Stage 4,0.9925524609336354,0.9925524609336354
24,320,Stage 4,Stage 4,0.9733075511791486,0.9733075511791486
24,321,Stage 4,Stage 4,0.9868426083235085,0.9868426083235085
24,322,Stage 4,Stage 4,0.9948519065276544,0.9948519065276544
24,323,Stage 4,Stage 4,0.9597908994408745,0.9597908994408745
24,324,Stage 4,Stage 4,0.976439900605386,0.976439900605386
24,325,Stage 4,Stage 4,0.9427680833630712,0.9427680833630712
24,326,Stage 4,Stage 4,0.9941937208192432,0.9941937208192432
24,327,Stage 4,Stage 4,0.9864238574148823,0.9864238574148823
24,328,Stage 2,Stage 4,0.5334643728432646,0.5334643728432646
24,329,Stage 4,Stage 4,0.9729901536427754,0.9729901536427754
24,330,Stage 4,Stage 4,0.8728592496813015,0.8728592496813015
24,331,Stage 4,Stage 4,0.9844459622190403,0.9844459622190403
24,332,Stage 4,Stage 4,0.9164323742333766,0.9164323742333766
24,333,Stage 4,Stage 4,0.9171691076954697,0.9171691076954697
24,334,Stage 4,Stage 4,0.5134277346174422,0.5134277346174422
24,335,Stage 4,Stage 2,0.3347229699414913,0.6652770300585092
24,336,Stage 4,Stage 4,0.9927997163492339,0.9927997163492339
24,337,Stage 4,Stage 2,0.2079805887254903,0.7920194112745098
24,338,Stage 4,Stage 4,0.9958375290653932,0.9958375290653932
24,339,Stage 4,Stage 4,0.5568840900424541,0.5568840900424541
24,340,Stage 2,Stage 4,0.7608684070849371,0.7608684070849371
24,341,Stage 4,Stage 4,0.6816310353510018,0.6816310353510018
24,342,Stage 2,Stage 4,0.9116321604171279,0.9116321604171279
24,343,Stage 4,Stage 4,0.6387640319206696,0.6387640319206696
24,344,Stage 2,Stage 4,0.8332604839960494,0.8332604839960494
24,345,Stage 4,Stage 2,0.32641710570568894,0.6735524365065035
24,346,Stage 2,Stage 2,0.24255523906276727,0.7574447609372329
24,347,Stage 4,Stage 2,0.24142396215144168,0.7585760378485583
24,348,Stage 2,Stage 4,0.6152704424146058,0.6152704424146058
24,349,Stage 2,Stage 2,0.33799956486701355,0.6619699773451789
24,350,Stage 2,Stage 4,0.7258699061640542,0.7258699061640542
24,351,Stage 4,Stage 4,0.8663643010482682,0.8663643010482682
24,352,Stage 2,Stage 2,0.10010480707679778,0.8998647351353947
24,353,Stage 2,Stage 2,0.18353976923116624,0.8164602307688339
24,354,Stage 4,Stage 2,0.36486562525182753,0.6351343747481727
24,355,Stage 4,Stage 2,0.44938996665370157,0.5506100333462984
24,356,Stage 4,Stage 2,0.16017758048914876,0.8398224195108516
24,357,Stage 2,Stage 2,0.1556867091194021,0.8443132908805978
24,358,Stage 2,Stage 2,0.10108837878331314,0.898844842365736
24,359,Stage 2,Stage 2,0.10944233082881524,0.8905272113833772
24,360,Stage 2,Stage 2,0.41278847632486915,0.5872115236751309
24,361,Stage 2,Stage 2,0.004408500055811707,0.9950390878410279
24,362,Stage 2,Stage 2,0.07388954115771035,0.92611045884229
24,363,Stage 2,Stage 2,0.021383716964926015,0.9781908069536772
24,364,Stage 2,Stage 2,0.009159580273262498,0.9904628788930959
24,365,Stage 2,Stage 2,0.13521361887780592,0.8647559233343866
24,366,Stage 2,Stage 2,0.11496549086000397,0.8735701335814144
24,367,Stage 2,Stage 2,0.007314159899694479,0.9921009517986605
24,368,Stage 2,Stage 2,0.04858470303152044,0.9514152969684795
24,369,Stage 2,Stage 2,0.0011132785284429117,0.9981883790446408
24,370,Stage 2,Stage 2,0.002446748450365545,0.9966255222354471
24,371,Stage 2,Stage 2,0.0029208028770120655,0.9953527875334396
24,372,Stage 2,Stage 2,0.0948399408561647,0.9051600591438357
24,373,Stage 2,Stage 2,0.001997490867987275,0.9971728279228802
24,374,Stage 2,Stage 2,0.0022799426649394304,0.9971655777422311
24,375,Stage 2,Stage 2,0.06120338380901065,0.9387435824181832
24,376,Stage 2,Stage 2,0.001852933000675157,0.9963653608991889
24,377,Stage 2,Stage 2,0.002484935762796207,0.997048524961308
24,378,Stage 2,Stage 2,0.0011181558413558101,0.9984153048827481
24,379,Stage 2,Stage 2,0.0010913410101163752,0.9984421197139877
24,380,Stage 2,Stage 2,0.0016493125710980601,0.9842897773265787
24,381,Stage 2,Stage 2,0.0014677980633790218,0.9971717607191062
24,382,Stage 2,Stage 2,0.029684050347628735,0.9701516899181125
24,383,Stage 2,Stage 2,0.010309759291054066,0.98922370143305
24,384,Stage 2,Stage 2,0.0006835018778723402,0.9977816104119899
24,385,Stage 2,Stage 2,0.04244015516215877,0.9571022376467833
24,386,Stage 2,Stage 2,0.0018960313267030288,0.9972319243796179
24,387,Stage 2,Stage 2,0.000895282639416272,0.9981719637017993
24,388,Stage 2,Stage 2,0.0033241821546531212,0.996219622331311
24,389,Stage 2,Stage 2,0.0016069668939202282,0.9966793560628565
24,390,Stage 2,Stage 2,0.0015360704465013939,0.9983633221646303
24,391,Stage 2,Stage 2,0.00048566796244682434,0.998781156458853
24,392,Stage 2,Stage 2,0.0005172120118477644,0.998252830570637
24,393,Stage 2,Stage 2,0.0010307073838203755,0.9984905999051396
24,394,Stage 2,Stage 2,0.0010684811958492457,0.9984649795282547
24,395,Stage 2,Stage 2,0.0005304056570648752,0.9971935216974509
24,396,Stage 2,Stage 2,0.0011392048620972894,0.9967364120752464
24,397,Stage 2,Stage 2,0.00074148791868054,0.9970190028193404
24,398,Stage 2,Stage 2,0.0008620152587900237,0.9986053844053874
24,399,Stage 2,Stage 2,0.0003513447071755875,0.9670866813230714
24,400,Stage 2,Stage 2,0.0004344190024633459,0.9965330415843084
24,401,Stage 2,Stage 2,0.000442987601413548,0.9808055744026011
24,402,Stage 2,Stage 2,0.0004567618078761678,0.9982844925774674
24,403,Stage 2,Stage 2,0.000208694341257128,0.9045090466159263
24,404,Stage 2,Stage 2,0.00028233622550796197,0.950808566213552
24,405,Stage 2,Stage 2,3.344223399194415e-05,0.9123617259976347
24,406,Stage 2,Stage 2,1.1716265678232724e-05,0.7021739696265401
24,407,Stage 2,Stage 2,0.00044232123856434696,0.956930224479335
24,408,Stage 2,Stage 2,0.0005111278927781952,0.954300926235901
24,409,Stage 2,Stage 2,0.0003067189823585395,0.9246311710852152
24,410,Stage 2,Stage 2,1.132348515417565e-05,0.9076186305715451
24,411,Stage 2,Stage 2,0.0,0.572337057161126
24,412,Stage 2,Stage 2,0.00041365268739164754,0.9512543329828886
24,413,Stage 2,Stage 2,2.6393156122142222e-05,0.5475805923078224
24,414,Stage 3,Stage 2,6.471102909719586e-05,0.8913774214255905
24,415,Stage 2,Stage 2,0.0,0.5656871479578116
24,416,Stage 2,Stage 2,0.00018709608751007274,0.9791583607717509
24,417,Stage 2,Stage 3,0.0,0.570589913133044
24,418,Stage 2,Stage 3,0.0,0.7665354839850425
24,419,Stage 3,Stage 3,0.0,0.8817927422835531
24,420,Stage 3,Stage 3,0.0,0.7973434660229329
24,421,Stage 3,Stage 3,0.0,0.7043739976971268
24,422,Stage 3,Stage 3,0.0,0.8790524326332386
24,423,Stage 3,Stage 3,0.0,0.9852896649749152
24,424,Stage 2,Stage 3,0.0,0.7359336927171771
24,425,Stage 3,Stage 3,0.0,0.6789774958342162
24,426,Stage 3,Stage 3,0.0,0.9671076358095121
24,427,Stage 2,Stage 3,0.0,0.8950780555901554
24,428,Stage 3,Stage 3,0.0,0.764892085189886
24,429,Stage 3,Stage 3,0.0,0.9238515418042721
24,430,Stage 3,Stage 3,0.0,0.9994437976218801
24,431,Stage 3,Stage 3,0.0,0.850315194804572
24,432,Stage 3,Stage 3,0.0,0.9673971143825438
24,433,Stage 3,Stage 3,0.0,0.7556426413351738
24,434,Stage 3,Stage 3,0.0,0.9761212442915324
24,435,Stage 3,Stage 3,0.0,0.9515647845514564
24,436,Stage 3,Stage 3,0.0,0.9970774404568659
24,437,Stage 3,Stage 3,0.0,0.9988690938464279
24,438,Stage 3,Stage 3,0.0,0.9993635043379662
24,439,Stage 3,Stage 3,0.0,0.999431122134107
24,440,Stage 3,Stage 3,0.0,0.998509963791907
24,441,Stage 3,Stage 3,0.0,0.9987192103143346
24,442,Stage 3,Stage 3,0.0,0.9989729656229889
24,443,Stage 3,Stage 3,0.0,0.9993071969601611
24,444,Stage 3,Stage 3,0.0,0.9988291203473707
24,445,Stage 3,Stage 3,0.0,0.9993218417782894
24,446,Stage 3,Stage 3,0.0,0.9994534435231595
24,447,Stage 3,Stage 3,0.0,0.9995883214942988
24,448,Stage 3,Stage 3,0.0,0.9995495008123595
24,449,Stage 3,Stage 3,0.0,0.9997108509137602
24,450,Stage 3,Stage 3,0.0,0.986359223695775
24,451,Stage 3,Stage 3,0.0,0.9988431025275607
24,452,Stage 3,Stage 3,0.0,0.8880007442667991
24,453,Stage 3,Stage 3,0.0,0.9862961973813852
24,454,Stage 3,Stage 3,0.0,0.999563315468147
24,455,Stage 3,Stage 3,0.0,0.8590354596678283
24,456,Stage 0,Stage 0,0.0,0.6473176204575988
24,457,Stage 3,Stage 0,0.0,0.6675368349001638
24,458,Stage 3,Stage 3,0.0,0.7803274252852197
24,459,Stage 0,Stage 3,0.0,0.7371783723065555
24,460,Stage 3,Stage 3,0.0,0.7466698137148459
24,461,Stage 0,Stage 0,0.0,0.5167534352216379
24,462,Stage 0,Stage 0,0.0,0.7960435930854725
24,463,Stage 0,Stage 0,0.0,0.9487059668153363
24,464,Stage 0,Stage 3,0.0,0.7017981336569343
24,465,Stage 3,Stage 0,0.0,0.552228957797805
24,466,Stage 0,Stage 0,0.0,0.9933333333333333
24,467,Stage 0,Stage 0,0.0,1.0
24,468,Stage 0,Stage 0,0.0,1.0
24,469,Stage 0,Stage 0,0.0,1.0
24,470,Stage 0,Stage 0,0.0,0.9333333333333333
24,471,Stage 0,Stage 0,0.0,0.98
24,472,Stage 0,Stage 0,0.0,1.0
24,473,Stage 0,Stage 0,0.0,0.9866666666666667
24,474,Stage 0,Stage 0,0.0,1.0
24,475,Stage 0,Stage 0,0.0,1.0
24,476,Stage 0,Stage 0,0.0,1.0
24,477,Stage 0,Stage 0,0.0,1.0
24,478,Stage 0,Stage 0,0.0,1.0
24,479,Stage 0,Stage 0,0.0,1.0
24,480,Stage 0,Stage 0,0.0,1.0
24,481,Stage 0,Stage 0,0.0,1.0
24,482,Stage 0,Stage 0,0.0,1.0
24,483,Stage 0,Stage 0,0.0,1.0
24,484,Stage 0,Stage 0,0.0,1.0
24,485,Stage 0,Stage 0,0.0,0.9933333333333333
24,486,Stage 0,Stage 0,0.0,1.0
24,487,Stage 0,Stage 0,0.0,1.0
24,488,Stage 0,Stage 0,0.0,1.0
24,489,Stage 0,Stage 0,0.0,1.0
24,490,Stage 0,Stage 0,0.0,1.0
24,491,Stage 0,Stage 0,0.0,1.0
24,492,Stage 0,Stage 0,0.0,1.0
24,493,Stage 0,Stage 0,0.0,1.0
24,494,Stage 0,Stage 0,0.0,0.9933333333333333
31,1,Stage 4,Stage 4,0.8382926850530459,0.8382926850530459
31,2,Stage 1,Stage 1,0.00010438050259719058,0.9998956194974028
31,3,Stage 1,Stage 1,0.0013801564122402567,0.9986198435877598
31,4,Stage 4,Stage 4,0.811440646511833,0.811440646511833
31,5,Stage 1,Stage 1,0.24176687923653342,0.7457482786482443
31,6,Stage 1,Stage 1,0.03521953994149361,0.9647804600585064
31,7,Stage 4,Stage 4,0.8308132106303535,0.8308132106303535
31,8,Stage 1,Stage 1,0.3123627029441953,0.6874320790219958
31,9,Stage 1,Stage 1,0.10416951693984611,0.8887265320249748
31,10,Stage 1,Stage 1,0.01757310624135795,0.9824268937586422
31,11,Stage 1,Stage 1,0.05392852700779836,0.9460714729922017
31,12,Stage 1,Stage 1,0.20896737513881353,0.7881072378891469
31,13,Stage 1,Stage 1,0.11202746304670236,0.8810071984143129
31,14,Stage 1,Stage 1,0.21159164881999318,0.7881282416727788
31,15,Stage 1,Stage 1,0.27343152556148725,0.7265684744385131
31,16,Stage 1,Stage 1,0.16137530940810277,0.7519580239252306
31,17,Stage 4,Stage 1,0.3146948648912798,0.6848567692130091
31,18,Stage 1,Stage 1,0.03642987550204353,0.9635701244979566
31,19,Stage 4,Stage 4,0.6571765539878618,0.6571765539878618
31,20,Stage 4,Stage 1,0.30199608309198184,0.6980039169080186
31,21,Stage 4,Stage 1,0.3151128389628216,0.6842437589989623
31,22,Stage 1,Stage 1,0.06270449007275762,0.9364678530928653
31,23,Stage 1,Stage 1,0.008369336396105674,0.9916306636038943
31,24,Stage 4,Stage 1,0.09384440174952456,0.9061555982504755
31,25,Stage 1,Stage 1,0.0007199165842275351,0.9992800834157723
31,26,Stage 1,Stage 1,0.0816146214825742,0.9183853785174257
31,27,Stage 1,Stage 1,0.19152524455300368,0.8084747554469965
31,28,Stage 1,Stage 1,0.06158298231177317,0.938417017688227
31,29,Stage 1,Stage 1,0.0003266387685837965,0.9996733612314163
31,30,Stage 1,Stage 4,0.5391767456641839,0.5391767456641839
31,31,Stage 1,Stage 1,2.0462682722380503e-05,0.9999795373172776
31,32,Stage 4,Stage 4,0.9832397323891255,0.9832397323891255
31,33,Stage 1,Stage 1,0.06420986691367264,0.9357901330863274
31,34,Stage 1,Stage 1,0.20387530193801326,0.7961246980619869
31,35,Stage 4,Stage 1,0.15940718090864206,0.8405928190913581
31,36,Stage 1,Stage 1,0.022850630216267022,0.977149369783733
31,37,Stage 1,Stage 1,0.014800736736595231,0.9851992632634047
31,38,Stage 1,Stage 1,0.09916022572380633,0.9008397742761937
31,39,Stage 1,Stage 1,0.0011802060650292956,0.9988197939349709
31,40,Stage 1,Stage 1,0.168300965505063,0.8316990344949372
31,41,Stage 1,Stage 1,0.17486287482314153,0.8251371251768587
31,42,Stage 1,Stage 1,0.2827660338894357,0.7172339661105643
31,43,Stage 1,Stage 1,0.044985719013669476,0.9550142809863307
31,44,Stage 1,Stage 1,0.002155744412261736,0.9978442555877384
31,45,Stage 1,Stage 1,0.2993794454582407,0.7002544542211232
31,46,Stage 1,Stage 1,0.0007379623460250958,0.9992620376539749
31,47,Stage 1,Stage 1,0.009208539961766082,0.9907914600382342
31,48,Stage 1,Stage 1,0.00011959821286898461,0.9998804017871311
31,49,Stage 1,Stage 1,5.244972450586472e-06,0.9999947550275495
31,50,Stage 1,Stage 1,0.020234695726793647,0.9797653042732067
31,51,Stage 1,Stage 1,0.022974827983492454,0.9770251720165077
31,52,Stage 1,Stage 4,0.5044840948461146,0.5044840948461146
31,53,Stage 1,Stage 1,0.004795487912549696,0.9952045120874501
31,54,Stage 1,Stage 1,0.006720814845159834,0.9932791851548405
31,55,Stage 1,Stage 1,0.0016644080454393635,0.9983355919545606
31,56,Stage 1,Stage 1,0.0003752046439858824,0.9996247953560142
31,57,Stage 4,Stage 1,0.13488600319246413,0.8651139968075359
31,58,Stage 1,Stage 1,6.870115172558855e-05,0.9999312988482746
31,59,Stage 1,Stage 1,0.005075105110552594,0.9949248948894475
31,60,Stage 1,Stage 1,0.0002068578493563676,0.9997931421506435
31,61,Stage 1,Stage 1,0.1116366495833806,0.8883633504166194
31,62,Stage 1,Stage 1,0.00022605604503779847,0.9997739439549622
31,63,Stage 1,Stage 1,4.285750101695553e-05,0.9999571424989832
31,64,Stage 1,Stage 1,2.0462682722380503e-05,0.9999795373172776
31,65,Stage 1,Stage 1,0.018385670914493245,0.9812994535507507
31,66,Stage 1,Stage 1,0.09677280518933917,0.9032271948106607
31,67,Stage 1,Stage 1,0.009925318890985009,0.9900746811090149
31,68,Stage 1,Stage 1,0.02042044011547499,0.9793596354160542
31,69,Stage 1,Stage 1,0.24852019318678453,0.7496215209978946
31,70,Stage 1,Stage 1,0.001922316782069041,0.998077683217931
31,71,Stage 1,Stage 1,0.08510065092048484,0.9148993490795154
31,72,Stage 1,Stage 1,0.0004273939786585933,0.9995726060213415
31,73,Stage 1,Stage 1,0.014284209418644406,0.9857157905813555
31,74,Stage 1,Stage 1,0.0006775153666220459,0.9993224846333781
31,75,Stage 1,Stage 1,0.0002790210456796011,0.9997209789543205
31,76,Stage 1,Stage 1,0.020019391862708937,0.979980608137291
31,77,Stage 1,Stage 1,0.009355068735006737,0.9906449312649933
31,78,Stage 1,Stage 1,0.003475739012314487,0.9965242609876852
31,79,Stage 1,Stage 1,0.0010519752093404357,0.9989480247906596
31,80,Stage 1,Stage 1,0.007883514862682402,0.9921164851373179
31,81,Stage 1,Stage 1,0.0022352246096064383,0.9977647753903935
31,82,Stage 1,Stage 1,0.07239523123003469,0.9276047687699654
31,83,Stage 1,Stage 1,0.00010438050259719058,0.9998956194974028
31,84,Stage 1,Stage 1,4.285750101695553e-05,0.9999571424989832
31,85,Stage 1,Stage 1,0.021340723882121417,0.9786592761178787
31,86,Stage 1,Stage 1,0.033687951124300404,0.9663120488756999
31,87,Stage 1,Stage 1,0.00035849776329778706,0.9996415022367023
31,88,Stage 1,Stage 1,0.002690356120784107,0.997309643879216
31,89,Stage 1,Stage 1,0.009122948086679773,0.9908770519133202
31,90,Stage 1,Stage 1,0.020839748331582506,0.9791602516684177
31,91,Stage 1,Stage 1,0.0006940901395608153,0.9993059098604393
31,92,Stage 1,Stage 1,5.622011391391642e-05,0.9999437798860862
31,93,Stage 1,Stage 1,0.003334605034325732,0.9966653949656742
31,94,Stage 1,Stage 1,0.00011555198447630688,0.9998844480155238
31,95,Stage 1,Stage 1,0.00020632656222024977,0.9997936734377799
31,96,Stage 1,Stage 1,0.0002790210456796011,0.9997209789543205
31,97,Stage 1,Stage 1,0.0004065449156921723,0.9995934550843079
31,98,Stage 1,Stage 1,2.7438403756186857e-05,0.9999725615962438
31,99,Stage 1,Stage 1,0.00011103322872793232,0.9998889667712721
31,100,Stage 1,Stage 1,0.026255556009424235,0.9737444439905761
31,101,Stage 1,Stage 1,0.005185485478979578,0.9948145145210204
31,102,Stage 1,Stage 1,0.0003170273287246016,0.9996829726712755
31,103,Stage 1,Stage 1,0.05258177844317524,0.9474182215568246
31,104,Stage 1,Stage 1,0.01385261359107188,0.9861473864089281
31,105,Stage 1,Stage 1,0.0012227558440271729,0.9987772441559728
31,106,Stage 1,Stage 1,0.0004849008437063662,0.9995150991562937
31,107,Stage 1,Stage 1,4.285750101695553e-05,0.9999571424989832
31,108,Stage 1,Stage 1,0.019049515407348745,0.9809504845926513
31,109,Stage 1,Stage 1,0.06200023520171411,0.937999764798286
31,110,Stage 1,Stage 1,3.4026682608316025e-05,0.9999659733173917
31,111,Stage 1,Stage 1,0.0021214862591904244,0.9978785137408098
31,112,Stage 1,Stage 1,0.0007877973657194208,0.9992122026342808
31,113,Stage 1,Stage 1,5.244972450586472e-06,0.9999947550275495
31,114,Stage 1,Stage 1,5.244972450586472e-06,0.9999947550275495
31,115,Stage 1,Stage 1,5.244972450586472e-06,0.9999947550275495
31,116,Stage 1,Stage 1,0.0008123672753713797,0.9991876327246285
31,117,Stage 1,Stage 1,0.022103622614232144,0.9778963773857678
31,118,Stage 1,Stage 1,0.00015030810170579367,0.9998496918982943
31,119,Stage 1,Stage 1,5.244972450586472e-06,0.9999947550275495
31,120,Stage 1,Stage 1,2.7438403756186857e-05,0.9999725615962438
31,121,Stage 1,Stage 1,2.0462682722380503e-05,0.9999795373172776
31,122,Stage 1,Stage 1,0.00011745715566815446,0.999882542844332
31,123,Stage 1,Stage 1,4.285750101695553e-05,0.9999571424989832
31,124,Stage 1,Stage 1,5.244972450586472e-06,0.9999947550275495
31,125,Stage 1,Stage 1,0.003362753489280588,0.9966372465107194
31,126,Stage 1,Stage 1,5.244972450586472e-06,0.9999947550275495
31,127,Stage 1,Stage 1,0.007059576516708096,0.9929404234832918
31,128,Stage 1,Stage 1,5.244972450586472e-06,0.9999947550275495
31,129,Stage 1,Stage 1,4.285750101695553e-05,0.9999571424989832
31,130,Stage 1,Stage 1,5.244972450586472e-06,0.9999947550275495
31,131,Stage 1,Stage 1,0.00014589833695664156,0.9998541016630433
31,132,Stage 1,Stage 1,5.244972450586472e-06,0.9999947550275495
31,133,Stage 1,Stage 1,5.244972450586472e-06,0.9999947550275495
31,134,Stage 1,Stage 1,5.244972450586472e-06,0.9999947550275495
31,135,Stage 1,Stage 1,5.244972450586472e-06,0.9999947550275495
31,136,Stage 1,Stage 1,5.244972450586472e-06,0.9999947550275495
31,137,Stage 1,Stage 1,2.7438403756186857e-05,0.9999725615962438
31,138,Stage 1,Stage 1,5.244972450586472e-06,0.9999947550275495
31,139,Stage 1,Stage 1,5.244972450586472e-06,0.9999947550275495
31,140,Stage 1,Stage 1,5.244972450586472e-06,0.9999947550275495
31,141,Stage 1,Stage 1,5.244972450586472e-06,0.9999947550275495
31,142,Stage 1,Stage 1,5.244972450586472e-06,0.9999947550275495
31,143,Stage 1,Stage 1,5.244972450586472e-06,0.9999947550275495
31,144,Stage 1,Stage 1,5.244972450586472e-06,0.9999947550275495
31,145,Stage 1,Stage 1,5.244972450586472e-06,0.9999947550275495
31,146,Stage 1,Stage 1,5.244972450586472e-06,0.9999947550275495
31,147,Stage 1,Stage 1,5.244972450586472e-06,0.9999947550275495
31,148,Stage 1,Stage 1,5.244972450586472e-06,0.9999947550275495
31,149,Stage 1,Stage 1,5.244972450586472e-06,0.9999947550275495
31,150,Stage 1,Stage 1,5.244972450586472e-06,0.9999947550275495
31,151,Stage 1,Stage 1,5.244972450586472e-06,0.9999947550275495
31,152,Stage 1,Stage 1,5.244972450586472e-06,0.9999947550275495
31,153,Stage 1,Stage 1,5.244972450586472e-06,0.9933280883608828
31,154,Stage 1,Stage 1,5.244972450586472e-06,0.9999947550275495
31,155,Stage 1,Stage 1,5.244972450586472e-06,0.9999947550275495
31,156,Stage 1,Stage 1,5.244972450586472e-06,0.9999947550275495
31,157,Stage 1,Stage 1,5.244972450586472e-06,0.9999947550275495
31,158,Stage 1,Stage 1,5.244972450586472e-06,0.9999947550275495
31,159,Stage 1,Stage 1,5.244972450586472e-06,0.9999947550275495
31,160,Stage 1,Stage 1,5.244972450586472e-06,0.9999947550275495
31,161,Stage 1,Stage 1,5.244972450586472e-06,0.9999947550275495
31,162,Stage 1,Stage 1,5.244972450586472e-06,0.9999947550275495
31,163,Stage 1,Stage 1,5.244972450586472e-06,0.9999947550275495
31,164,Stage 1,Stage 1,5.244972450586472e-06,0.9999947550275495
31,165,Stage 1,Stage 1,5.244972450586472e-06,0.9999947550275495
31,166,Stage 1,Stage 1,5.244972450586472e-06,0.9999947550275495
31,167,Stage 1,Stage 1,5.244972450586472e-06,0.9999947550275495
31,168,Stage 1,Stage 1,5.244972450586472e-06,0.9999947550275495
31,169,Stage 1,Stage 1,5.244972450586472e-06,0.9999947550275495
31,170,Stage 1,Stage 1,5.244972450586472e-06,0.9999947550275495
31,171,Stage 1,Stage 1,5.244972450586472e-06,0.9999947550275495
31,172,Stage 1,Stage 1,5.244972450586472e-06,0.9999947550275495
31,173,Stage 1,Stage 1,5.244972450586472e-06,0.9999947550275495
31,174,Stage 1,Stage 1,5.244972450586472e-06,0.9999947550275495
31,175,Stage 1,Stage 1,5.244972450586472e-06,0.9999947550275495
31,176,Stage 1,Stage 1,5.244972450586472e-06,0.9999947550275495
31,177,Stage 1,Stage 1,5.244972450586472e-06,0.9999947550275495
31,178,Stage 1,Stage 1,5.244972450586472e-06,0.9999947550275495
31,179,Stage 1,Stage 1,5.244972450586472e-06,0.9999947550275495
31,180,Stage 1,Stage 1,5.244972450586472e-06,0.9999947550275495
31,181,Stage 1,Stage 1,5.244972450586472e-06,0.9999947550275495
31,182,Stage 1,Stage 1,5.244972450586472e-06,0.9999947550275495
31,183,Stage 1,Stage 1,5.244972450586472e-06,0.9999947550275495
44,1,Stage 1,Stage 1,0.0009039595336391814,0.9990960404663608
44,2,Stage 1,Stage 1,0.00022250100538901145,0.999777498994611
44,3,Stage 1,Stage 1,0.023013310390983546,0.9767065801017882
44,4,Stage 1,Stage 1,0.04071883850640373,0.9592811614935961
44,5,Stage 4,Stage 1,0.012395709664421101,0.987604290335579
44,6,Stage 1,Stage 1,0.0323158896142946,0.9676841103857049
44,7,Stage 1,Stage 1,0.07352022552192826,0.9198131078114051
44,8,Stage 1,Stage 1,0.010489692237007237,0.9895103077629929
44,9,Stage 1,Stage 1,0.00013774541578190727,0.9998622545842182
44,10,Stage 1,Stage 1,0.10882344152426784,0.873548961136292
44,11,Stage 1,Stage 1,0.0006236719672299808,0.9993763280327702
44,12,Stage 1,Stage 1,0.15087863607951504,0.8491213639204851
44,13,Stage 1,Stage 1,0.02818370064416965,0.9718162993558301
44,14,Stage 1,Stage 1,0.003920830080412566,0.995641885551075
44,15,Stage 1,Stage 1,0.046423303375693066,0.953032424483185
44,16,Stage 1,Stage 1,0.0002508339689390982,0.999749166031061
44,17,Stage 1,Stage 1,0.00011555198447630688,0.9998844480155238
44,18,Stage 1,Stage 1,0.28550830505527736,0.6849882290672696
44,19,Stage 1,Stage 1,0.0012554548828830371,0.9987445451171171
44,20,Stage 1,Stage 1,0.014741479452398955,0.985258520547601
44,21,Stage 1,Stage 1,0.0009506916732600424,0.99904930832674
44,22,Stage 1,Stage 1,0.11517579535133628,0.8846288976897482
44,23,Stage 1,Stage 1,0.00020632656222024977,0.9997936734377799
44,24,Stage 1,Stage 1,0.01579517263909798,0.9842048273609019
44,25,Stage 1,Stage 1,0.02204037463391879,0.9779596253660812
44,26,Stage 1,Stage 1,0.15994719276883795,0.840006042236878
44,27,Stage 1,Stage 1,0.022485016613040146,0.9775149833869601
44,28,Stage 1,Stage 1,0.00723505076741302,0.9927649492325866
44,29,Stage 1,Stage 1,0.0011286289841307149,0.9988713710158693
44,30,Stage 1,Stage 1,5.244972450586472e-06,0.9999947550275495
44,31,Stage 1,Stage 1,0.00036081738988221206,0.9996391826101177
44,32,Stage 1,Stage 1,0.002598198983170293,0.9974018010168296
44,33,Stage 1,Stage 1,0.332005606077573,0.6679943939224272
44,34,Stage 1,Stage 1,0.00024443024469778706,0.9997555697553021
44,35,Stage 1,Stage 1,0.07137967548782415,0.9283054489774196
44,36,Stage 1,Stage 1,0.0940673273698152,0.9059326726301848
44,37,Stage 1,Stage 1,0.005137855096977188,0.9948621449030228
44,38,Stage 1,Stage 1,0.0018802521142835212,0.9981197478857162
44,39,Stage 1,Stage 4,0.7677505266161577,0.7677505266161577
44,40,Stage 1,Stage 1,0.0006458750600966743,0.9993541249399035
44,41,Stage 1,Stage 1,0.02993286538829698,0.970067134611703
44,42,Stage 1,Stage 1,0.00035008856509322013,0.9996499114349069
44,43,Stage 1,Stage 1,0.00013774541578190727,0.9998622545842182
44,44,Stage 1,Stage 1,0.03696694386816904,0.963033056131831
44,45,Stage 1,Stage 1,0.026835169368000015,0.9731648306320003
44,46,Stage 1,Stage 1,2.7438403756186857e-05,0.9999725615962438
44,47,Stage 1,Stage 1,4.5068044419058136e-05,0.9999549319555808
44,48,Stage 1,Stage 1,0.0015405533027841463,0.998459446697216
44,49,Stage 1,Stage 1,0.0447434632656195,0.9552565367343806
44,50,Stage 1,Stage 1,0.011748254677931497,0.9882517453220686
44,51,Stage 1,Stage 1,0.007724479621546118,0.992275520378454
44,52,Stage 1,Stage 1,0.0001529631260537013,0.9998470368739464
44,53,Stage 1,Stage 1,8.601301423165988e-05,0.9999139869857684
44,54,Stage 1,Stage 1,0.002846954507494051,0.9971530454925059
44,55,Stage 1,Stage 1,0.00013174443726182136,0.9998682555627382
44,56,Stage 1,Stage 1,0.0005806743521373988,0.9994193256478625
44,57,Stage 1,Stage 1,0.0019359039308720046,0.9980640960691282
44,58,Stage 1,Stage 1,0.001114942249932719,0.9988850577500674
44,59,Stage 1,Stage 1,0.001093940088960131,0.9989060599110395
44,60,Stage 1,Stage 1,5.244972450586472e-06,0.9999947550275495
44,61,Stage 1,Stage 1,0.00036049562204333417,0.9996395043779567
44,62,Stage 1,Stage 1,0.00023108985864626747,0.9997689101413537
44,63,Stage 1,Stage 1,0.005476507306725677,0.9945234926932744
44,64,Stage 1,Stage 1,0.00035860349067405557,0.999641396509326
44,65,Stage 1,Stage 1,0.008884763212661911,0.9911152367873381
44,66,Stage 1,Stage 1,0.0005082009365937926,0.9994917990634062
44,67,Stage 1,Stage 1,5.807521128874955e-05,0.9999419247887112
44,68,Stage 1,Stage 1,0.00013774541578190727,0.9998622545842182
44,69,Stage 1,Stage 1,0.03932999208676129,0.9606700079132389
44,70,Stage 1,Stage 1,0.0050985630311266876,0.994901436968873
44,71,Stage 1,Stage 1,0.022722601307515012,0.9772773986924851
44,72,Stage 1,Stage 1,0.00020632656222024977,0.9997936734377799
44,73,Stage 1,Stage 1,0.0006859467373566882,0.9993140532626432
44,74,Stage 1,Stage 1,0.045400571421849924,0.9545994285781503
44,75,Stage 1,Stage 1,0.00011239538035226573,0.9998876046196478
44,76,Stage 1,Stage 1,0.0006076185799846078,0.9993923814200155
44,77,Stage 1,Stage 1,0.00029293562605856835,0.9997070643739416
44,78,Stage 1,Stage 1,0.0037390290965690154,0.996260970903431
44,79,Stage 1,Stage 1,0.009879823518667038,0.9901201764813328
44,80,Stage 1,Stage 1,0.0006824800465870591,0.999317519953413
44,81,Stage 1,Stage 1,5.244972450586472e-06,0.9999947550275495
44,82,Stage 1,Stage 1,4.285750101695553e-05,0.9999571424989832
44,83,Stage 1,Stage 1,5.244972450586472e-06,0.9999947550275495
44,84,Stage 1,Stage 1,0.026500193105520625,0.9734998068944793
44,85,Stage 1,Stage 1,0.010646599540441436,0.9893534004595588
44,86,Stage 1,Stage 1,2.0462682722380503e-05,0.9999795373172776
44,87,Stage 1,Stage 1,0.00011555198447630688,0.9998844480155238
44,88,Stage 1,Stage 1,3.4026682608316025e-05,0.9999659733173917
44,89,Stage 1,Stage 1,0.00016590367030683926,0.9998340963296931
44,90,Stage 1,Stage 1,2.7438403756186857e-05,0.9999725615962438
44,91,Stage 1,Stage 1,0.00042745204002813276,0.9995725479599719
44,92,Stage 1,Stage 1,0.0032732624804353142,0.9967267375195645
44,93,Stage 1,Stage 1,0.00020632656222024977,0.9997936734377799
44,94,Stage 1,Stage 1,0.000160234001492623,0.9998397659985073
44,95,Stage 1,Stage 1,5.244972450586472e-06,0.9999947550275495
44,96,Stage 1,Stage 1,5.244972450586472e-06,0.9999947550275495
44,97,Stage 1,Stage 1,0.00047623284910943293,0.9995237671508905
44,98,Stage 1,Stage 1,2.7438403756186857e-05,0.9999725615962438
44,99,Stage 1,Stage 1,5.244972450586472e-06,0.9999947550275495
44,100,Stage 1,Stage 1,4.285750101695553e-05,0.9999571424989832
44,101,Stage 1,Stage 1,5.244972450586472e-06,0.9999947550275495
44,102,Stage 1,Stage 1,2.7438403756186857e-05,0.9999725615962438
44,103,Stage 1,Stage 1,0.01136834834914598,0.9886316516508541
44,104,Stage 1,Stage 1,0.0001307696947481009,0.9998692303052519
44,105,Stage 1,Stage 1,0.00030518585696003773,0.9996948141430398
44,106,Stage 1,Stage 1,0.0006484396022344742,0.9993515603977655
44,107,Stage 1,Stage 1,5.807521128874955e-05,0.9999419247887112
44,108,Stage 1,Stage 1,5.244972450586472e-06,0.9999947550275495
44,109,Stage 1,Stage 1,0.0007805786276240195,0.999219421372376
44,110,Stage 1,Stage 1,6.50509323225559e-05,0.9999349490676775
44,111,Stage 1,Stage 1,2.7438403756186857e-05,0.9999725615962438
44,112,Stage 1,Stage 1,2.7438403756186857e-05,0.9999725615962438
44,113,Stage 1,Stage 1,5.244972450586472e-06,0.9999947550275495
44,114,Stage 1,Stage 1,4.285750101695553e-05,0.9999571424989832
44,115,Stage 1,Stage 1,5.244972450586472e-06,0.9999947550275495
44,116,Stage 1,Stage 1,2.0462682722380503e-05,0.9999795373172776
44,117,Stage 1,Stage 1,4.285750101695553e-05,0.9999571424989832
44,118,Stage 1,Stage 1,2.7438403756186857e-05,0.9999725615962438
44,119,Stage 1,Stage 1,5.244972450586472e-06,0.9999947550275495
44,120,Stage 1,Stage 1,5.244972450586472e-06,0.9999947550275495
44,121,Stage 1,Stage 1,5.244972450586472e-06,0.9999947550275495
44,122,Stage 1,Stage 1,5.244972450586472e-06,0.9999947550275495
44,123,Stage 1,Stage 1,4.285750101695553e-05,0.9999571424989832
44,124,Stage 1,Stage 1,0.0006366129785390545,0.9993633870214609
44,125,Stage 1,Stage 1,5.244972450586472e-06,0.9999947550275495
44,126,Stage 1,Stage 1,0.00011555198447630688,0.9998844480155238
44,127,Stage 1,Stage 1,4.285750101695553e-05,0.9999571424989832
44,128,Stage 1,Stage 1,5.244972450586472e-06,0.9999947550275495
44,129,Stage 1,Stage 1,5.244972450586472e-06,0.9999947550275495
44,130,Stage 1,Stage 1,5.244972450586472e-06,0.9999947550275495
44,131,Stage 1,Stage 1,5.244972450586472e-06,0.9999947550275495
44,132,Stage 1,Stage 1,5.244972450586472e-06,0.9999947550275495
44,133,Stage 1,Stage 1,5.244972450586472e-06,0.9999947550275495
44,134,Stage 1,Stage 1,5.244972450586472e-06,0.9999947550275495
44,135,Stage 1,Stage 1,5.244972450586472e-06,0.9999947550275495
44,136,Stage 1,Stage 1,4.285750101695553e-05,0.9999571424989832
44,137,Stage 1,Stage 1,5.244972450586472e-06,0.9999947550275495
44,138,Stage 1,Stage 1,5.244972450586472e-06,0.9999947550275495
44,139,Stage 1,Stage 1,5.244972450586472e-06,0.9999947550275495
44,140,Stage 1,Stage 1,4.285750101695553e-05,0.9999571424989832
44,141,Stage 1,Stage 1,5.244972450586472e-06,0.9999947550275495
44,142,Stage 1,Stage 1,5.244972450586472e-06,0.9999947550275495
44,143,Stage 1,Stage 1,5.244972450586472e-06,0.9999947550275495
44,144,Stage 1,Stage 1,4.285750101695553e-05,0.9999571424989832
44,145,Stage 1,Stage 1,4.285750101695553e-05,0.9999571424989832
44,146,Stage 1,Stage 1,5.244972450586472e-06,0.9999947550275495
44,147,Stage 1,Stage 1,5.244972450586472e-06,0.9999947550275495
44,148,Stage 1,Stage 1,5.244972450586472e-06,0.9999947550275495
44,149,Stage 1,Stage 1,5.244972450586472e-06,0.9999947550275495
44,150,Stage 1,Stage 1,5.244972450586472e-06,0.9999947550275495
44,151,Stage 1,Stage 1,5.244972450586472e-06,0.9999947550275495
44,152,Stage 1,Stage 1,5.244972450586472e-06,0.9999947550275495
44,153,Stage 1,Stage 1,5.244972450586472e-06,0.9999947550275495
44,154,Stage 1,Stage 1,5.244972450586472e-06,0.9999947550275495
44,155,Stage 1,Stage 1,5.244972450586472e-06,0.9999947550275495
44,156,Stage 1,Stage 1,5.244972450586472e-06,0.9999947550275495
44,157,Stage 1,Stage 1,5.244972450586472e-06,0.9999947550275495
44,158,Stage 1,Stage 1,5.244972450586472e-06,0.9999947550275495
44,159,Stage 1,Stage 1,5.244972450586472e-06,0.9999947550275495
44,160,Stage 1,Stage 1,5.244972450586472e-06,0.9999947550275495
44,161,Stage 1,Stage 1,5.244972450586472e-06,0.9999947550275495
44,162,Stage 1,Stage 1,5.244972450586472e-06,0.9999947550275495
44,163,Stage 1,Stage 1,5.244972450586472e-06,0.9999947550275495
44,164,Stage 1,Stage 1,5.244972450586472e-06,0.9999947550275495
44,165,Stage 1,Stage 1,5.244972450586472e-06,0.9999947550275495
44,166,Stage 1,Stage 1,5.244972450586472e-06,0.9999947550275495
44,167,Stage 1,Stage 1,5.244972450586472e-06,0.9999947550275495
44,168,Stage 1,Stage 1,5.244972450586472e-06,0.9999947550275495
44,169,Stage 1,Stage 1,5.244972450586472e-06,0.9999947550275495
44,170,Stage 1,Stage 1,5.244972450586472e-06,0.9999947550275495
44,171,Stage 1,Stage 1,5.244972450586472e-06,0.9999947550275495
44,172,Stage 1,Stage 1,5.244972450586472e-06,0.9999947550275495
44,173,Stage 1,Stage 1,5.244972450586472e-06,0.9999947550275495
44,174,Stage 1,Stage 1,5.244972450586472e-06,0.9999947550275495
44,175,Stage 1,Stage 1,5.244972450586472e-06,0.9999947550275495
44,176,Stage 1,Stage 1,5.244972450586472e-06,0.9999947550275495
44,177,Stage 1,Stage 1,5.244972450586472e-06,0.9999947550275495
44,178,Stage 1,Stage 1,5.244972450586472e-06,0.9999947550275495
44,179,Stage 1,Stage 1,5.244972450586472e-06,0.9999947550275495
44,180,Stage 1,Stage 1,5.244972450586472e-06,0.9999947550275495
57,1,Stage 2,Stage 2,0.06613006047859488,0.9337955059719512
57,2,Stage 2,Stage 2,0.12058051562032406,0.8793484215803328
57,3,Stage 2,Stage 2,0.03377680066563372,0.9657947157838777
57,4,Stage 2,Stage 2,0.0016063175033443932,0.9977540692176468
57,5,Stage 2,Stage 2,0.23640435214111785,0.7635956478588823
57,6,Stage 2,Stage 4,0.5598706315113475,0.5598706315113475
57,7,Stage 2,Stage 2,0.015281643989466446,0.9842453172882457
57,8,Stage 2,Stage 2,0.11907601535347197,0.8807934115799778
57,9,Stage 2,Stage 2,0.07485070828070003,0.9250986182720292
57,10,Stage 2,Stage 2,0.03433689393999063,0.9655624986711412
57,11,Stage 2,Stage 2,0.3484449189436725,0.6515550810563275
57,12,Stage 2,Stage 2,0.005819902369372747,0.9939008925736418
57,13,Stage 2,Stage 2,0.007667934785139856,0.9915850320636601
57,14,Stage 2,Stage 2,0.29917496105079494,0.7007634891922332
57,15,Stage 2,Stage 2,0.14049375412203097,0.8594757880901613
57,16,Stage 2,Stage 2,0.004087855065216504,0.9954138971188443
57,17,Stage 2,Stage 2,0.13474121165404904,0.8651587859970898
57,18,Stage 2,Stage 2,0.08604760858333166,0.9137110903580301
57,19,Stage 2,Stage 2,0.11243328613508421,0.8875123637752347
57,20,Stage 2,Stage 2,0.017294018174105488,0.9822978437405195
57,21,Stage 2,Stage 2,0.00542841230573736,0.9940928876790835
57,22,Stage 4,Stage 2,0.39569229484588975,0.6042772473663027
57,23,Stage 4,Stage 4,0.6364080517858377,0.6364080517858377
57,24,Stage 4,Stage 2,0.1976990139677261,0.802300986032274
57,25,Stage 2,Stage 2,0.018086720707289245,0.9818126719038421
57,26,Stage 4,Stage 2,0.3761880404389316,0.6238119595610683
57,27,Stage 2,Stage 2,0.11813651578105822,0.8817189266982816
57,28,Stage 4,Stage 2,0.1659208659853504,0.8340791340146495
57,29,Stage 2,Stage 2,0.1722646346830073,0.827682331544187
57,30,Stage 4,Stage 2,0.1037236471594115,0.8962256793933175
57,31,Stage 4,Stage 2,0.04873169691456793,0.9512574267757312
57,32,Stage 2,Stage 2,0.0011994598206640451,0.9978025393806648
57,33,Stage 4,Stage 2,0.4152684506052958,0.5847315493947042
57,34,Stage 4,Stage 2,0.06982205061549603,0.9300944578238908
57,35,Stage 2,Stage 2,0.4080119092027026,0.5919880907972974
57,36,Stage 2,Stage 2,0.01894166259995469,0.9807955829495285
57,37,Stage 2,Stage 2,0.1306352190581499,0.8693418287136332
57,38,Stage 2,Stage 2,0.07618465686315859,0.9235527318325034
57,39,Stage 2,Stage 2,0.0023723139745920156,0.9972013493576335
57,40,Stage 2,Stage 2,0.055532546077900855,0.9444144201492931
57,41,Stage 4,Stage 2,0.08695795593593948,0.9128463005141343
57,42,Stage 2,Stage 2,0.04461849012315169,0.9553042075589508
57,43,Stage 2,Stage 2,0.015246983215887614,0.9842600837580907
57,44,Stage 2,Stage 2,0.019150600818621258,0.9807596681022112
57,45,Stage 2,Stage 2,0.0061907792359782755,0.9934861574293287
57,46,Stage 2,Stage 2,0.0055221208347018425,0.9943772717764298
57,47,Stage 2,Stage 2,0.02449302717108932,0.9751736783506892
57,48,Stage 2,Stage 2,0.17147864249112574,0.8285213575088746
57,49,Stage 2,Stage 2,0.01609047570187592,0.9836140614485813
57,50,Stage 2,Stage 2,0.0015985555294437625,0.9978651712175675
57,51,Stage 2,Stage 2,0.012361545697552063,0.9868594618221277
57,52,Stage 2,Stage 2,0.11558785020776054,0.8844121497922398
57,53,Stage 2,Stage 2,0.00930765085149423,0.9906150468306077
57,54,Stage 2,Stage 2,0.15624514697828712,0.8436671892821938
57,55,Stage 2,Stage 2,0.1512800187175571,0.8486455477329884
57,56,Stage 4,Stage 2,0.17450860176384242,0.825481329800423
57,57,Stage 2,Stage 2,0.014045755718190268,0.9855677258698059
57,58,Stage 2,Stage 2,0.005275493243868575,0.9942514680338439
57,59,Stage 2,Stage 2,0.002739495262287375,0.9971598973488441
57,60,Stage 2,Stage 2,0.004353746911519078,0.9951144666726984
57,61,Stage 2,Stage 2,0.0010439900617853974,0.9979852646209503
57,62,Stage 2,Stage 2,0.014049248584093134,0.9858501440270385
57,63,Stage 2,Stage 2,0.002055827656620222,0.9978435649545112
57,64,Stage 2,Stage 2,0.007143775240365527,0.9924697063476309
57,65,Stage 2,Stage 2,0.023488526888082863,0.9764370395624629
57,66,Stage 2,Stage 2,0.00180055295666775,0.9970904143117355
57,67,Stage 2,Stage 2,0.02914269341265799,0.9707828730378882
57,68,Stage 2,Stage 2,0.002301083994051648,0.9972431755231251
57,69,Stage 2,Stage 2,0.016413273253871187,0.9829938763804738
57,70,Stage 2,Stage 2,0.34797827330604275,0.6519601769369849
57,71,Stage 2,Stage 2,0.011873727462479198,0.9879050490535781
57,72,Stage 2,Stage 2,0.02122620141555568,0.9783786129078332
57,73,Stage 2,Stage 2,0.13621429941505692,0.8637857005849431
57,74,Stage 2,Stage 2,0.00671979560823582,0.9930138831272607
57,75,Stage 2,Stage 2,0.004945595951027259,0.9947313407142798
57,76,Stage 2,Stage 2,0.014158970197810055,0.9854783790229185
57,77,Stage 2,Stage 2,0.0034800265902144244,0.9960434835045906
57,78,Stage 2,Stage 2,0.0031399706268933087,0.9963684455654459
57,79,Stage 2,Stage 2,0.013587345121617437,0.9863382213289288
57,80,Stage 2,Stage 2,0.0028500722602084433,0.9962344789331148
57,81,Stage 2,Stage 2,0.05686171652911704,0.9431044549329652
57,82,Stage 2,Stage 2,0.012498474539035253,0.9872214591183164
57,83,Stage 2,Stage 2,0.0010684811958492457,0.9984649795282547
57,84,Stage 2,Stage 2,0.0007835014572146334,0.9981804048579804
57,85,Stage 2,Stage 2,0.009741019977690547,0.9898607395319821
57,86,Stage 2,Stage 2,0.001014661676016034,0.9980718648895913
57,87,Stage 2,Stage 2,0.0011710555860743165,0.9978638239851724
57,88,Stage 2,Stage 2,0.016086601685182104,0.9838127909259494
57,89,Stage 2,Stage 2,0.0009459563068782547,0.998556683693156
57,90,Stage 2,Stage 2,0.0041883918574662305,0.99573717459308
57,91,Stage 2,Stage 2,0.0032452684645453817,0.9966227213442002
57,92,Stage 2,Stage 2,0.0028387522745633967,0.9970730690978379
57,93,Stage 2,Stage 2,0.04039314245711158,0.9595606002437009
57,94,Stage 2,Stage 2,0.0038919585468297577,0.996007434064302
57,95,Stage 2,Stage 2,0.0035955994127527375,0.9958229071380837
57,96,Stage 2,Stage 2,0.004086320060265378,0.9955055418543598
57,97,Stage 2,Stage 2,0.0008927938316001775,0.99841526885212
57,98,Stage 2,Stage 2,0.023398010938371138,0.9761939195925358
57,99,Stage 2,Stage 2,0.0008900985762259765,0.9982792475577439
57,100,Stage 2,Stage 2,0.0015606434389610917,0.9975719512697949
57,101,Stage 2,Stage 2,0.0018362067213686048,0.9974621680130314
57,102,Stage 2,Stage 2,0.002961836286056688,0.996546579906282
57,103,Stage 2,Stage 2,0.00718015268894532,0.992250495550018
57,104,Stage 2,Stage 2,0.0021363850905998867,0.9974087825269532
57,105,Stage 2,Stage 2,0.0020357935216711778,0.9978635990894605
57,106,Stage 2,Stage 2,0.009502027747364989,0.990423538703181
57,107,Stage 2,Stage 2,0.008326513136336108,0.9913233303513316
57,108,Stage 2,Stage 2,0.0030641124484856994,0.9968614540020604
57,109,Stage 2,Stage 2,0.0006932764064187145,0.9936510270158774
57,110,Stage 2,Stage 2,0.0008515378629317579,0.9984035758685824
57,111,Stage 2,Stage 2,0.000650040490495061,0.9954909120946229
57,112,Stage 2,Stage 2,0.002283218583027441,0.9976423478675188
57,113,Stage 2,Stage 2,0.0011571092464818119,0.9983763514776223
57,114,Stage 2,Stage 2,0.015543072121385683,0.9838620040449331
57,115,Stage 2,Stage 2,0.0010232781979486111,0.9979787210033799
57,116,Stage 2,Stage 2,0.0005714996038038439,0.9960419758795185
57,117,Stage 2,Stage 2,0.0006357236032315726,0.9953394151539123
57,118,Stage 2,Stage 2,0.0017037603312762984,0.9977113513670784
57,119,Stage 2,Stage 2,0.007149388870640771,0.9927761775799054
57,120,Stage 2,Stage 2,0.0008465332025755422,0.9950500215534684
57,121,Stage 2,Stage 2,0.000563119625594823,0.9946447703553014
57,122,Stage 2,Stage 2,0.0010008006038659451,0.9972509085357715
57,123,Stage 2,Stage 2,0.0009708271263088123,0.9912186850926944
57,124,Stage 2,Stage 2,0.0005957866603239025,0.9862082879152387
57,125,Stage 2,Stage 2,0.0011270719593043778,0.9658237853880683
57,126,Stage 2,Stage 2,0.0003319400780568163,0.938747341146713
57,127,Stage 2,Stage 2,0.0007598918523105754,0.9982347851108145
57,128,Stage 2,Stage 2,0.002726991145833139,0.9971724014652985
57,129,Stage 2,Stage 2,0.0004070027163486889,0.9646624980703028
57,130,Stage 2,Stage 2,0.0014351829855119307,0.9267640864519696
57,131,Stage 2,Stage 2,0.0005403176896884566,0.9836863377778191
57,132,Stage 2,Stage 2,0.00021879861787067373,0.8626949223434923
57,133,Stage 2,Stage 2,0.0003013671898817157,0.8108582618802092
57,134,Stage 2,Stage 2,0.0006367523070136145,0.918625501459315
57,135,Stage 2,Stage 2,0.00034864303671126704,0.9846706690765495
57,136,Stage 2,Stage 2,0.00017704716384883744,0.8796282021232139
57,137,Stage 2,Stage 2,0.001040240304611872,0.9898322133367246
57,138,Stage 2,Stage 2,0.0002921589901608054,0.9867949401879692
57,139,Stage 2,Stage 2,0.00023312535267213432,0.9746834252599345
57,140,Stage 2,Stage 2,0.0,0.6592915921554461
57,141,Stage 3,Stage 2,0.0,0.7985819347176398
57,142,Stage 2,Stage 2,0.006666666666666667,0.7759914251464174
57,143,Stage 2,Stage 2,7.124664123936055e-05,0.702662038167703
57,144,Stage 2,Stage 2,0.0,0.5579238962871859
57,145,Stage 3,Stage 3,0.0,0.746790188633886
57,146,Stage 2,Stage 3,0.0,0.5714748174271174
57,147,Stage 2,Stage 2,0.0,0.7386867964446209
57,148,Stage 2,Stage 2,0.0,0.6033692041621542
57,149,Stage 3,Stage 2,0.0,0.5871496131437
57,150,Stage 3,Stage 2,0.0,0.8503249106119839
57,151,Stage 2,Stage 2,0.00016327855798079882,0.7393645356778976
57,152,Stage 2,Stage 3,0.0,0.570184025929084
57,153,Stage 3,Stage 3,0.0,0.5452629755263295
57,154,Stage 3,Stage 2,0.0,0.6525578874251953
57,155,Stage 3,Stage 3,0.0,0.7997143734447598
57,156,Stage 3,Stage 3,0.0,0.9505255962604476
57,157,Stage 2,Stage 3,0.0,0.7214751389284735
57,158,Stage 3,Stage 3,0.0,0.901935811803506
57,159,Stage 3,Stage 3,0.0,0.8257102642504348
57,160,Stage 2,Stage 3,0.0,0.6556959623359465
57,161,Stage 3,Stage 3,0.0,0.746068427529164
57,162,Stage 3,Stage 3,0.0,0.9793137356417829
57,163,Stage 3,Stage 3,0.0,0.998749257877714
57,164,Stage 3,Stage 3,0.0,0.9947949903109583
57,165,Stage 3,Stage 3,0.0,0.9802845518613962
57,166,Stage 3,Stage 3,0.0,0.9974243217853005
57,167,Stage 3,Stage 3,0.0,0.8866283878170926
57,168,Stage 3,Stage 3,0.0,0.8890640076886958
57,169,Stage 3,Stage 3,0.0,0.9987127218605627
57,170,Stage 3,Stage 3,0.0,0.9919556867339012
57,171,Stage 3,Stage 3,0.0,0.9778300549610252
57,172,Stage 3,Stage 3,0.0,0.9994185345879831
57,173,Stage 3,Stage 3,0.0,0.9991911865386034
57,174,Stage 3,Stage 3,0.0,0.9988737698508091
57,175,Stage 3,Stage 3,0.0,0.9987016842630959
57,176,Stage 3,Stage 3,0.0,0.9993039063242475
57,177,Stage 3,Stage 3,0.0,0.9989025441095565
57,178,Stage 3,Stage 3,0.0,0.9988119306723982
57,179,Stage 3,Stage 3,0.0,0.9992576576045539
57,180,Stage 3,Stage 3,0.0,0.9992631901926509
57,181,Stage 3,Stage 3,0.0,0.9236587542474795
57,182,Stage 3,Stage 3,0.0,0.9993607745865299
57,183,Stage 3,Stage 3,0.0,0.9928131918884151
57,184,Stage 3,Stage 3,0.0,0.9995958640900244
57,185,Stage 3,Stage 3,0.0,0.6996356871519503
57,186,Stage 3,Stage 3,0.0,0.9991783053874379
57,187,Stage 3,Stage 3,0.0,0.9982790818141916
57,188,Stage 3,Stage 3,0.0,0.8066098515274281
57,189,Stage 3,Stage 3,0.0,0.8404393059834527
57,190,Stage 3,Stage 3,0.0,0.5828980871446767
57,191,Stage 3,Stage 3,0.0,0.9367087857080658
57,192,Stage 0,Stage 0,0.0,0.6894916941387675
57,193,Stage 0,Stage 0,0.0,0.5266666666666666
57,194,Stage 3,Stage 0,0.0,0.82
57,195,Stage 0,Stage 0,0.0,1.0
57,196,Stage 0,Stage 0,0.0,0.98
57,197,Stage 0,Stage 0,0.0,0.9933333333333333
57,198,Stage 0,Stage 0,0.0,0.8
57,199,Stage 0,Stage 0,0.0,1.0
57,200,Stage 0,Stage 0,0.0,1.0
57,201,Stage 0,Stage 0,0.0,0.94
57,202,Stage 0,Stage 0,0.0,1.0
57,203,Stage 0,Stage 0,0.0,0.9866666666666667
57,204,Stage 0,Stage 0,0.0,1.0
57,205,Stage 0,Stage 0,0.0,0.9866666666666667
57,206,Stage 0,Stage 0,0.0,1.0
57,207,Stage 0,Stage 0,0.0,1.0
57,208,Stage 0,Stage 0,0.0,1.0
57,209,Stage 0,Stage 0,0.0,1.0
57,210,Stage 0,Stage 0,0.0,1.0
57,211,Stage 0,Stage 0,0.0,1.0
57,212,Stage 0,Stage 0,0.0,1.0
57,213,Stage 0,Stage 0,0.0,1.0
57,214,Stage 0,Stage 0,0.0,1.0
57,215,Stage 0,Stage 0,0.0,1.0
60,1,Stage 4,Stage 4,0.9980629397780258,0.9980629397780258
60,2,Stage 4,Stage 4,0.9996506818268943,0.9996506818268943
60,3,Stage 4,Stage 4,0.9990240253044255,0.9990240253044255
60,4,Stage 4,Stage 4,0.9986826909366758,0.9986826909366758
60,5,Stage 4,Stage 4,0.999835588514786,0.999835588514786
60,6,Stage 4,Stage 4,0.9991527327690147,0.9991527327690147
60,7,Stage 4,Stage 4,0.9979363379988992,0.9979363379988992
60,8,Stage 4,Stage 4,0.9979768872913485,0.9979768872913485
60,9,Stage 4,Stage 4,0.9970260950253322,0.9970260950253322
60,10,Stage 4,Stage 4,0.9997616489215545,0.9997616489215545
60,11,Stage 4,Stage 4,0.9968218540281841,0.9968218540281841
60,12,Stage 4,Stage 4,0.9987076689166385,0.9987076689166385
60,13,Stage 4,Stage 4,0.9995741593044724,0.9995741593044724
60,14,Stage 4,Stage 4,0.9995656075173271,0.9995656075173271
60,15,Stage 4,Stage 4,0.9982262702388808,0.9982262702388808
60,16,Stage 4,Stage 4,0.9997363407224414,0.9997363407224414
60,17,Stage 4,Stage 4,0.9997103967845901,0.9997103967845901
60,18,Stage 4,Stage 4,0.9995314428177857,0.9995314428177857
60,19,Stage 4,Stage 4,0.9995003985859424,0.9995003985859424
60,20,Stage 4,Stage 4,0.9995263425237939,0.9995263425237939
60,21,Stage 4,Stage 4,0.9993871314458643,0.9993871314458643
60,22,Stage 4,Stage 4,0.9997616489215545,0.9997616489215545
60,23,Stage 4,Stage 4,0.9992234876437923,0.9992234876437923
60,24,Stage 4,Stage 4,0.9921969290327656,0.9921969290327656
60,25,Stage 4,Stage 4,0.998721390102523,0.998721390102523
60,26,Stage 4,Stage 4,0.9998568721767909,0.9998568721767909
60,27,Stage 4,Stage 4,0.9982338386345145,0.9982338386345145
60,28,Stage 4,Stage 4,0.9984822161463204,0.9984822161463204
60,29,Stage 4,Stage 4,0.999459168001361,0.999459168001361
60,30,Stage 4,Stage 4,0.9989793442633529,0.9989793442633529
60,31,Stage 4,Stage 4,0.9995627980281826,0.9995627980281826
60,32,Stage 4,Stage 4,0.9997261608338209,0.9997261608338209
60,33,Stage 4,Stage 4,0.9997200144932534,0.9997200144932534
60,34,Stage 4,Stage 4,0.9980574647634953,0.9980574647634953
60,35,Stage 4,Stage 4,0.9997635709523681,0.9997635709523681
60,36,Stage 4,Stage 4,0.9924266910951273,0.9924266910951273
60,37,Stage 4,Stage 4,0.9989782437848038,0.9989782437848038
60,38,Stage 4,Stage 4,0.9997682157097978,0.9997682157097978
60,39,Stage 4,Stage 4,0.9997103967845901,0.9997103967845901
60,40,Stage 4,Stage 4,0.9991995454761053,0.9991995454761053
60,41,Stage 4,Stage 4,0.9996461768668902,0.9996461768668902
60,42,Stage 4,Stage 4,0.9975296223923354,0.9975296223923354
60,43,Stage 4,Stage 4,0.9994293700372092,0.9994293700372092
60,44,Stage 4,Stage 4,0.9943206282483577,0.9943206282483577
60,45,Stage 4,Stage 4,0.9984474906282605,0.9984474906282605
60,46,Stage 4,Stage 4,0.9960858403694709,0.9960858403694709
60,47,Stage 4,Stage 4,0.9985117105459604,0.9985117105459604
60,48,Stage 4,Stage 4,0.9993936868158213,0.9993936868158213
60,49,Stage 4,Stage 4,0.9997103967845901,0.9997103967845901
60,50,Stage 4,Stage 4,0.9994516834851203,0.9994516834851203
60,51,Stage 4,Stage 4,0.9995174556508722,0.9995174556508722
60,52,Stage 4,Stage 4,0.9936450207923091,0.9936450207923091
60,53,Stage 4,Stage 4,0.9996430394980187,0.9996430394980187
60,54,Stage 4,Stage 4,0.9961966344115839,0.9961966344115839
60,55,Stage 4,Stage 4,0.9997103967845901,0.9997103967845901
60,56,Stage 4,Stage 4,0.9997774129707853,0.9997774129707853
60,57,Stage 4,Stage 4,0.999589923353703,0.999589923353703
60,58,Stage 4,Stage 4,0.9962599617705075,0.9962599617705075
60,59,Stage 4,Stage 4,0.9965284080398636,0.9965284080398636
60,60,Stage 4,Stage 4,0.9997103967845901,0.9997103967845901
60,61,Stage 4,Stage 4,0.999492408101345,0.999492408101345
60,62,Stage 4,Stage 4,0.9990850240158723,0.9990850240158723
60,63,Stage 4,Stage 4,0.9870947409850002,0.9870947409850002
60,64,Stage 4,Stage 4,0.9985344449359004,0.9985344449359004
60,65,Stage 4,Stage 4,0.9993028142001709,0.9993028142001709
60,66,Stage 4,Stage 4,0.9592431091676571,0.9592431091676571
60,67,Stage 4,Stage 4,0.999555879367079,0.999555879367079
60,68,Stage 4,Stage 4,0.999458053340239,0.999458053340239
60,69,Stage 4,Stage 4,0.9995700102902682,0.9995700102902682
60,70,Stage 4,Stage 4,0.9997103967845901,0.9997103967845901
60,71,Stage 4,Stage 4,0.9980347390600376,0.9980347390600376
60,72,Stage 4,Stage 4,0.9990620548682326,0.9990620548682326
60,73,Stage 4,Stage 4,0.9993837700034749,0.9993837700034749
60,74,Stage 4,Stage 4,0.9983935764472598,0.9983935764472598
60,75,Stage 4,Stage 4,0.9975373704830939,0.9975373704830939
60,76,Stage 4,Stage 4,0.9996461768668902,0.9996461768668902
60,77,Stage 4,Stage 4,0.9979159713355169,0.9979159713355169
60,78,Stage 4,Stage 4,0.9994560862580613,0.9994560862580613
60,79,Stage 4,Stage 4,0.9931920693326303,0.9931920693326303
60,80,Stage 4,Stage 4,0.9925968386772158,0.9925968386772158
60,81,Stage 4,Stage 4,0.9986455920000559,0.9986455920000559
60,82,Stage 4,Stage 4,0.9957919876468679,0.9957919876468679
60,83,Stage 4,Stage 4,0.9986288555797762,0.9986288555797762
60,84,Stage 4,Stage 4,0.9628761378129362,0.9628761378129362
60,85,Stage 4,Stage 4,0.9775523649905132,0.9775523649905132
60,86,Stage 4,Stage 4,0.996443603977339,0.996443603977339
60,87,Stage 4,Stage 4,0.9271740272944856,0.9271740272944856
60,88,Stage 4,Stage 4,0.9714070395257778,0.9714070395257778
60,89,Stage 4,Stage 4,0.99730651161989,0.99730651161989
60,90,Stage 4,Stage 4,0.9996613495622118,0.9996613495622118
60,91,Stage 4,Stage 4,0.9948427891568966,0.9948427891568966
60,92,Stage 4,Stage 4,0.99634037045955,0.99634037045955
60,93,Stage 4,Stage 4,0.8058982762932885,0.8058982762932885
60,94,Stage 2,Stage 2,0.2695332533535035,0.7299553442466328
60,95,Stage 4,Stage 4,0.9944835909951,0.9944835909951
60,96,Stage 4,Stage 4,0.9875367672154057,0.9875367672154057
60,97,Stage 4,Stage 4,0.7184956342714548,0.7184956342714548
60,98,Stage 4,Stage 4,0.9952521484660452,0.9952521484660452
60,99,Stage 4,Stage 4,0.988928295719783,0.988928295719783
60,100,Stage 4,Stage 4,0.8661203797472687,0.8661203797472687
60,101,Stage 4,Stage 4,0.8838230336689107,0.8838230336689107
60,102,Stage 4,Stage 4,0.9207015904348477,0.9207015904348477
60,103,Stage 4,Stage 4,0.7337511949975105,0.7337511949975105
60,104,Stage 4,Stage 4,0.9724985223577259,0.9724985223577259
60,105,Stage 2,Stage 4,0.7822950013467759,0.7822950013467759
60,106,Stage 4,Stage 4,0.983780921066835,0.983780921066835
60,107,Stage 4,Stage 4,0.5685410806348459,0.5685410806348459
60,108,Stage 4,Stage 4,0.9990931357504956,0.9990931357504956
60,109,Stage 4,Stage 4,0.8227442197257875,0.8227442197257875
60,110,Stage 4,Stage 4,0.9864206372940875,0.9864206372940875
60,111,Stage 4,Stage 4,0.8240929987597858,0.8240929987597858
60,112,Stage 2,Stage 2,0.10768999405963738,0.8919767114621412
60,113,Stage 2,Stage 2,0.3753451200115283,0.6246548799884721
60,114,Stage 4,Stage 4,0.9921509213025284,0.9921509213025284
60,115,Stage 2,Stage 2,0.19343122080863345,0.8065383214035589
60,116,Stage 2,Stage 2,0.43930092023753425,0.5606990797624659
60,117,Stage 4,Stage 4,0.5545841291700503,0.5545841291700503
60,118,Stage 2,Stage 2,0.16117444490238012,0.8388255550976202
60,119,Stage 2,Stage 2,0.10517996588217458,0.8945800089139525
60,120,Stage 4,Stage 2,0.3697767436779984,0.6302232563220016
60,121,Stage 2,Stage 4,0.5954742040599768,0.5954742040599768
60,122,Stage 2,Stage 4,0.5021693869769418,0.5021693869769418
60,123,Stage 2,Stage 2,0.07455398617691668,0.9251414811903331
60,124,Stage 2,Stage 2,0.007946833832010038,0.9919649875403911
60,125,Stage 2,Stage 2,0.14065962926330997,0.8592735918857392
60,126,Stage 2,Stage 2,0.29246180147759576,0.7075381985224046
60,127,Stage 2,Stage 2,0.020941130100625004,0.9787358065646818
60,128,Stage 2,Stage 2,0.0019388739535241232,0.9975293396306932
60,129,Stage 2,Stage 2,0.07618092311891203,0.923525985010988
60,130,Stage 2,Stage 2,0.08200856282480284,0.9177904260157241
60,131,Stage 2,Stage 2,0.05672756527691969,0.943212432345748
60,132,Stage 2,Stage 2,0.003875597836336629,0.9953568485548058
60,133,Stage 2,Stage 2,0.0019767090547160465,0.9979226835564154
60,134,Stage 2,Stage 2,0.0014434865394249408,0.9974458731944145
60,135,Stage 2,Stage 2,0.09139584582513606,0.9083709054446094
60,136,Stage 2,Stage 2,0.0011457837932970039,0.9983224297909203
60,137,Stage 2,Stage 2,0.0014170639389087562,0.9976121907438269
60,138,Stage 2,Stage 2,0.0015332313045666325,0.9980002294195373
60,139,Stage 2,Stage 2,0.008194216635296622,0.9059920480555548
60,140,Stage 2,Stage 2,0.0004854234480482859,0.9846163328992795
60,141,Stage 2,Stage 2,0.0006901651818356935,0.9989546283498502
60,142,Stage 2,Stage 2,0.001296961465863103,0.9982106007449518
60,143,Stage 2,Stage 2,0.0004757845889224068,0.9959442567996716
60,144,Stage 2,Stage 2,2.675489421545216e-05,0.9529406251350815
60,145,Stage 2,Stage 2,0.000650040490495061,0.9951900859063001
60,146,Stage 2,Stage 2,0.000674704210428002,0.9829344425544669
60,147,Stage 3,Stage 3,0.0,0.60817983081419
60,148,Stage 2,Stage 2,0.0011380764620381523,0.9977181024236319
60,149,Stage 2,Stage 2,0.00037348844310529497,0.9228933343552012
60,150,Stage 2,Stage 2,0.0005879656692289381,0.9772078779958249
60,151,Stage 2,Stage 2,1.3494258179860307e-05,0.9063189621438956
60,152,Stage 2,Stage 2,0.0,0.7965841811386233
60,153,Stage 3,Stage 3,0.0,0.7321565558033399
60,154,Stage 3,Stage 3,0.0,0.871500242240635
60,155,Stage 3,Stage 3,0.0,0.6212361317300227
60,156,Stage 3,Stage 3,0.0,0.914503804615692
60,157,Stage 3,Stage 3,0.0,0.80080535833665
60,158,Stage 3,Stage 3,0.0,0.8749682021613716
60,159,Stage 3,Stage 3,0.0,0.9627409428323508
60,160,Stage 3,Stage 3,0.0,0.9607712946936484
60,161,Stage 3,Stage 3,0.0,0.9568611103093574
60,162,Stage 3,Stage 3,0.0,0.9975843371051362
60,163,Stage 3,Stage 3,0.0,0.984330792727322
60,164,Stage 3,Stage 3,0.0,0.9987207194515288
60,165,Stage 3,Stage 3,0.0,0.9995297716681386
60,166,Stage 3,Stage 3,0.0,0.9994860337574274
60,167,Stage 3,Stage 3,0.0,0.9988140450877099
60,168,Stage 3,Stage 3,0.0,0.9796221420672426
60,169,Stage 3,Stage 3,0.0,0.9988337742319308
60,170,Stage 3,Stage 3,0.0,0.9987435269951649
60,171,Stage 3,Stage 3,0.0,0.9841702558312373
60,172,Stage 3,Stage 3,0.0,0.9299958156770456
60,173,Stage 3,Stage 3,0.0,0.8823999647556022
60,174,Stage 3,Stage 3,0.0,0.9721639821912172
60,175,Stage 0,Stage 0,0.0,0.5722214245888219
60,176,Stage 3,Stage 0,0.0,0.8650149970173
60,177,Stage 0,Stage 0,0.0,1.0
60,178,Stage 0,Stage 0,0.0,0.9694491837809373
60,179,Stage 0,Stage 0,0.0,1.0
60,180,Stage 0,Stage 0,0.0,1.0
60,181,Stage 0,Stage 0,0.0,1.0
60,182,Stage 0,Stage 0,0.0,0.9933333333333333
60,183,Stage 0,Stage 0,0.0,1.0
60,184,Stage 0,Stage 0,0.0,1.0
60,185,Stage 0,Stage 0,0.0,1.0
60,186,Stage 0,Stage 0,0.0,1.0
60,187,Stage 0,Stage 0,0.0,1.0
60,188,Stage 0,Stage 0,0.0,1.0
60,189,Stage 0,Stage 0,0.0,1.0
60,190,Stage 0,Stage 0,0.0,1.0
62,1,Stage 4,Stage 4,0.9995469582631148,0.9995469582631148
62,2,Stage 4,Stage 4,0.9997103967845901,0.9997103967845901
62,3,Stage 4,Stage 4,0.9991039654040176,0.9991039654040176
62,4,Stage 4,Stage 4,0.999093357761794,0.999093357761794
62,5,Stage 4,Stage 4,0.9997403652595497,0.9997403652595497
62,6,Stage 4,Stage 4,0.9980629397780258,0.9980629397780258
62,7,Stage 4,Stage 4,0.9995741593044724,0.9995741593044724
62,8,Stage 4,Stage 4,0.98996648086373,0.98996648086373
62,9,Stage 4,Stage 4,0.9997363407224414,0.9997363407224414
62,10,Stage 4,Stage 4,0.998257671679163,0.998257671679163
62,11,Stage 4,Stage 4,0.993104599963551,0.993104599963551
62,12,Stage 4,Stage 4,0.9997561293087803,0.9997561293087803
62,13,Stage 4,Stage 4,0.9995122841456765,0.9995122841456765
62,14,Stage 4,Stage 4,0.999589923353703,0.999589923353703
62,15,Stage 4,Stage 4,0.9996830594642531,0.9996830594642531
62,16,Stage 4,Stage 4,0.9998411081275602,0.9998411081275602
62,17,Stage 4,Stage 4,0.9978708915804234,0.9978708915804234
62,18,Stage 4,Stage 4,0.9906896468645257,0.9906896468645257
62,19,Stage 4,Stage 4,0.9998411081275602,0.9998411081275602
62,20,Stage 4,Stage 4,0.9986745922486875,0.9986745922486875
62,21,Stage 4,Stage 4,0.9998411081275602,0.9998411081275602
62,22,Stage 4,Stage 4,0.9997635709523681,0.9997635709523681
62,23,Stage 4,Stage 4,0.9997186323082081,0.9997186323082081
62,24,Stage 4,Stage 4,0.9992014030291981,0.9992014030291981
62,25,Stage 4,Stage 4,0.9998568721767909,0.9998568721767909
62,26,Stage 4,Stage 4,0.999331972806254,0.999331972806254
62,27,Stage 4,Stage 4,0.999093357761794,0.999093357761794
62,28,Stage 4,Stage 4,0.9995741593044724,0.9995741593044724
62,29,Stage 4,Stage 4,0.9980629397780258,0.9980629397780258
62,30,Stage 4,Stage 4,0.9921244494064604,0.9921244494064604
62,31,Stage 4,Stage 4,0.9987498679582901,0.9987498679582901
62,32,Stage 4,Stage 4,0.9997616489215545,0.9997616489215545
62,33,Stage 4,Stage 4,0.9914258707816468,0.9914258707816468
62,34,Stage 4,Stage 4,0.9997403652595497,0.9997403652595497
62,35,Stage 4,Stage 4,0.9983891710807187,0.9983891710807187
62,36,Stage 4,Stage 4,0.9996683476971316,0.9996683476971316
62,37,Stage 4,Stage 4,0.9995837770131355,0.9995837770131355
62,38,Stage 4,Stage 4,0.9996001032423237,0.9996001032423237
62,39,Stage 4,Stage 4,0.9997635709523681,0.9997635709523681
62,40,Stage 4,Stage 4,0.9998568721767909,0.9998568721767909
62,41,Stage 4,Stage 4,0.9882164979646378,0.9882164979646378
62,42,Stage 4,Stage 4,0.9997635709523681,0.9997635709523681
62,43,Stage 4,Stage 4,0.9997635709523681,0.9997635709523681
62,44,Stage 4,Stage 4,0.9996391731022025,0.9996391731022025
62,45,Stage 4,Stage 4,0.999835588514786,0.999835588514786
62,46,Stage 4,Stage 4,0.9996830594642531,0.9996830594642531
62,47,Stage 4,Stage 4,0.9996683476971316,0.9996683476971316
62,48,Stage 4,Stage 4,0.9988870393980037,0.9988870393980037
62,49,Stage 4,Stage 4,0.9998411081275602,0.9998411081275602
62,50,Stage 4,Stage 4,0.9985642318785728,0.9985642318785728
62,51,Stage 4,Stage 4,0.9997103967845901,0.9997103967845901
62,52,Stage 4,Stage 4,0.9998568721767909,0.9998568721767909
62,53,Stage 4,Stage 4,0.9997635709523681,0.9997635709523681
62,54,Stage 4,Stage 4,0.9997403652595497,0.9997403652595497
62,55,Stage 4,Stage 4,0.9998568721767909,0.9998568721767909
62,56,Stage 4,Stage 4,0.9996683476971316,0.9996683476971316
62,57,Stage 4,Stage 4,0.9995741593044724,0.9995741593044724
62,58,Stage 4,Stage 4,0.999835588514786,0.999835588514786
62,59,Stage 4,Stage 4,0.9985489555048105,0.9985489555048105
62,60,Stage 4,Stage 4,0.999835588514786,0.999835588514786
62,61,Stage 4,Stage 4,0.9996588035472495,0.9996588035472495
62,62,Stage 4,Stage 4,0.9997261608338209,0.9997261608338209
62,63,Stage 4,Stage 4,0.9997635709523681,0.9997635709523681
62,64,Stage 4,Stage 4,0.999620546778628,0.999620546778628
62,65,Stage 4,Stage 4,0.9996001032423237,0.9996001032423237
62,66,Stage 4,Stage 4,0.9987758118961415,0.9987758118961415
62,67,Stage 4,Stage 4,0.9998411081275602,0.9998411081275602
62,68,Stage 4,Stage 4,0.9996963188602971,0.9996963188602971
62,69,Stage 4,Stage 4,0.997082320751313,0.997082320751313
62,70,Stage 4,Stage 4,0.999589923353703,0.999589923353703
62,71,Stage 4,Stage 4,0.9996252070544744,0.9996252070544744
62,72,Stage 4,Stage 4,0.9997311679985622,0.9997311679985622
62,73,Stage 4,Stage 4,0.9988870393980037,0.9988870393980037
62,74,Stage 4,Stage 4,0.9997616489215545,0.9997616489215545
62,75,Stage 4,Stage 4,0.999776360688676,0.999776360688676
62,76,Stage 4,Stage 4,0.999093357761794,0.999093357761794
62,77,Stage 4,Stage 4,0.9996296289523203,0.9996296289523203
62,78,Stage 4,Stage 4,0.9995161626351734,0.9995161626351734
62,79,Stage 4,Stage 4,0.999661940916121,0.999661940916121
62,80,Stage 4,Stage 4,0.9997774129707853,0.9997774129707853
62,81,Stage 4,Stage 4,0.9988653063269525,0.9988653063269525
62,82,Stage 4,Stage 4,0.9995627980281826,0.9995627980281826
62,83,Stage 4,Stage 4,0.9995003985859424,0.9995003985859424
62,84,Stage 4,Stage 4,0.9984341937825216,0.9984341937825216
62,85,Stage 4,Stage 4,0.9996633108396533,0.9996633108396533
62,86,Stage 4,Stage 4,0.9988870393980037,0.9988870393980037
62,87,Stage 4,Stage 4,0.9983730901133646,0.9983730901133646
62,88,Stage 4,Stage 4,0.9994038667044418,0.9994038667044418
62,89,Stage 4,Stage 4,0.9987876801799693,0.9987876801799693
62,90,Stage 4,Stage 4,0.9997635709523681,0.9997635709523681
62,91,Stage 4,Stage 4,0.9996461768668902,0.9996461768668902
62,92,Stage 4,Stage 4,0.9996461768668902,0.9996461768668902
62,93,Stage 4,Stage 4,0.9982691530420726,0.9982691530420726
62,94,Stage 4,Stage 4,0.9994629771838077,0.9994629771838077
62,95,Stage 4,Stage 4,0.9964942203062329,0.9964942203062329
62,96,Stage 4,Stage 4,0.9994839972780903,0.9994839972780903
62,97,Stage 4,Stage 4,0.9980633925194454,0.9980633925194454
62,98,Stage 4,Stage 4,0.9997103967845901,0.9997103967845901
62,99,Stage 4,Stage 4,0.9987076689166385,0.9987076689166385
62,100,Stage 4,Stage 4,0.9025688720673569,0.9025688720673569
62,101,Stage 4,Stage 4,0.9928614371538125,0.9928614371538125
62,102,Stage 4,Stage 4,0.9978531788339066,0.9978531788339066
62,103,Stage 4,Stage 4,0.9997103967845901,0.9997103967845901
62,104,Stage 4,Stage 4,0.9997363407224414,0.9997363407224414
62,105,Stage 4,Stage 4,0.9995765596889483,0.9995765596889483
62,106,Stage 4,Stage 4,0.9993779227665904,0.9993779227665904
62,107,Stage 4,Stage 4,0.9977196486558702,0.9977196486558702
62,108,Stage 4,Stage 4,0.9977539039618264,0.9977539039618264
62,109,Stage 4,Stage 4,0.9982089587067267,0.9982089587067267
62,110,Stage 4,Stage 4,0.9987290688468348,0.9987290688468348
62,111,Stage 4,Stage 4,0.9976068803135051,0.9976068803135051
62,112,Stage 4,Stage 4,0.9986475486807058,0.9986475486807058
62,113,Stage 4,Stage 4,0.9993707503674233,0.9993707503674233
62,114,Stage 4,Stage 4,0.9305098685804363,0.9305098685804363
62,115,Stage 4,Stage 4,0.9992625226633686,0.9992625226633686
62,116,Stage 4,Stage 4,0.997389917034706,0.997389917034706
62,117,Stage 4,Stage 4,0.9832379886422608,0.9832379886422608
62,118,Stage 4,Stage 4,0.9975816309253936,0.9975816309253936
62,119,Stage 4,Stage 4,0.9913599843014431,0.9913599843014431
62,120,Stage 4,Stage 4,0.9926692114365392,0.9926692114365392
62,121,Stage 4,Stage 4,0.9957476186774056,0.9957476186774056
62,122,Stage 4,Stage 4,0.999589923353703,0.999589923353703
62,123,Stage 4,Stage 4,0.9981550189064362,0.9981550189064362
62,124,Stage 4,Stage 4,0.9994405814411839,0.9994405814411839
62,125,Stage 4,Stage 4,0.999661940916121,0.999661940916121
62,126,Stage 4,Stage 4,0.9846543714891698,0.9846543714891698
62,127,Stage 4,Stage 4,0.9742499586131446,0.9742499586131446
62,128,Stage 2,Stage 4,0.5383644556561493,0.5383644556561493
62,129,Stage 4,Stage 4,0.9414109188483021,0.9414109188483021
62,130,Stage 4,Stage 4,0.9995992146639255,0.9995992146639255
62,131,Stage 4,Stage 4,0.9205044512400523,0.9205044512400523
62,132,Stage 4,Stage 4,0.9974846748147431,0.9974846748147431
62,133,Stage 4,Stage 4,0.8242399489695735,0.8242399489695735
62,134,Stage 4,Stage 4,0.9926220296218389,0.9926220296218389
62,135,Stage 4,Stage 4,0.9260995614962453,0.9260995614962453
62,136,Stage 4,Stage 4,0.8090341370740337,0.8090341370740337
62,137,Stage 4,Stage 4,0.9922710923477552,0.9922710923477552
62,138,Stage 4,Stage 4,0.9904784551102114,0.9904784551102114
62,139,Stage 4,Stage 4,0.995770510874011,0.995770510874011
62,140,Stage 4,Stage 4,0.9721321561016936,0.9721321561016936
62,141,Stage 4,Stage 4,0.9706899623841155,0.9706899623841155
62,142,Stage 4,Stage 4,0.9054400630566387,0.9054400630566387
62,143,Stage 4,Stage 4,0.9953196891505849,0.9953196891505849
62,144,Stage 4,Stage 4,0.9277777465124204,0.9277777465124204
62,145,Stage 4,Stage 2,0.4992833569577027,0.5007166430422972
62,146,Stage 4,Stage 4,0.8511680651722136,0.8511680651722136
62,147,Stage 4,Stage 4,0.9710006790327123,0.9710006790327123
62,148,Stage 4,Stage 4,0.573949800744868,0.573949800744868
62,149,Stage 4,Stage 4,0.9260469195600962,0.9260469195600962
62,150,Stage 2,Stage 2,0.34636607119561463,0.6536339288043858
62,151,Stage 2,Stage 4,0.5737136538970766,0.5737136538970766
62,152,Stage 2,Stage 4,0.6062192177716804,0.6062192177716804
62,153,Stage 4,Stage 4,0.6427792005987789,0.6427792005987789
62,154,Stage 2,Stage 4,0.936434419047877,0.936434419047877
62,155,Stage 4,Stage 4,0.7327317712547725,0.7327317712547725
62,156,Stage 4,Stage 2,0.4582915449728106,0.5417084550271892
62,157,Stage 4,Stage 4,0.5960867036817353,0.5960867036817353
62,158,Stage 2,Stage 2,0.06024902679600182,0.9396674816433851
62,159,Stage 4,Stage 4,0.6682324403466067,0.6682324403466067
62,160,Stage 2,Stage 2,0.05623863828247801,0.94351897286061
62,161,Stage 2,Stage 2,0.10886350045058578,0.890947917151211
62,162,Stage 2,Stage 2,0.3738162274191573,0.6261533147930353
62,163,Stage 2,Stage 2,0.02217175555578306,0.9774498091628662
62,164,Stage 4,Stage 4,0.5838503135180718,0.5838503135180718
62,165,Stage 2,Stage 2,0.00391411022282345,0.9952688993315292
62,166,Stage 2,Stage 2,0.008049626817444916,0.9914251499930149
62,167,Stage 2,Stage 2,0.06864119423154318,0.9313588057684571
62,168,Stage 2,Stage 2,0.130751759199705,0.8692177830124876
62,169,Stage 2,Stage 4,0.5826319269014595,0.5826319269014595
62,170,Stage 2,Stage 2,0.20136194089155152,0.798503792266159
62,171,Stage 2,Stage 2,0.0016215398785461154,0.9982778527325854
62,172,Stage 2,Stage 2,0.0007879435011875254,0.9984671702303266
62,173,Stage 2,Stage 2,0.0022925955885059243,0.9970913064198307
62,174,Stage 2,Stage 2,0.00887823497496893,0.9910335863974319
62,175,Stage 2,Stage 2,0.0012973598611603935,0.9980445003200447
62,176,Stage 2,Stage 2,0.009352624765584594,0.9905467678455473
62,177,Stage 2,Stage 2,0.0015846555244580297,0.9973047042093812
62,178,Stage 2,Stage 2,0.0012663306893909347,0.998479980812477
62,179,Stage 2,Stage 2,0.0030650488160458584,0.9965271596015532
62,180,Stage 2,Stage 2,0.0009965098172098152,0.997287031222541
62,181,Stage 2,Stage 2,0.0034026654127412223,0.9961944811998654
62,182,Stage 2,Stage 2,0.008184565613357515,0.9915305250141968
62,183,Stage 2,Stage 2,0.003154860658879717,0.9967445319522517
62,184,Stage 2,Stage 2,0.0023661877783796477,0.9972641079085283
62,185,Stage 2,Stage 2,0.000810173416935385,0.9982285772096074
62,186,Stage 2,Stage 2,0.0013696994243172333,0.9958364198576474
62,187,Stage 2,Stage 2,0.0004264330447022232,0.9969038254218121
62,188,Stage 2,Stage 2,0.000979886344944665,0.99660788685595
62,189,Stage 2,Stage 2,0.000521587076731966,0.9839620215379035
62,190,Stage 2,Stage 2,5.844036458408159e-05,0.889027982503481
62,191,Stage 2,Stage 2,0.0002216782616229167,0.9320926400202706
62,192,Stage 2,Stage 2,0.00017704716384883744,0.8573391187664466
62,193,Stage 2,Stage 2,0.00016876849992007606,0.9926489717894117
62,194,Stage 2,Stage 2,0.0007282301411339593,0.9956509771492357
62,195,Stage 2,Stage 3,0.0,0.5637048377754696
62,196,Stage 2,Stage 2,0.0002297443700462334,0.8491901157215136
62,197,Stage 2,Stage 2,0.0004986887194373003,0.9876357283546487
62,198,Stage 2,Stage 2,0.0,0.5662670960949552
62,199,Stage 3,Stage 3,0.0,0.6646795551151045
62,200,Stage 2,Stage 2,0.000190453906785828,0.9251938286047533
62,201,Stage 2,Stage 2,0.00011165682043113116,0.8901560203109428
62,202,Stage 3,Stage 2,0.0,0.6718167339397917
62,203,Stage 2,Stage 3,0.0,0.6944323162782934
62,204,Stage 2,Stage 3,0.0,0.8250461547618901
62,205,Stage 3,Stage 3,0.0,0.898870607927274
62,206,Stage 3,Stage 3,0.0,0.9630285353286664
62,207,Stage 3,Stage 3,0.0,0.9605945148743096
62,208,Stage 3,Stage 3,0.0,0.9981439418058511
62,209,Stage 3,Stage 3,0.0,0.995317786580103
62,210,Stage 3,Stage 3,0.0,0.9982179126429096
62,211,Stage 3,Stage 3,0.0,0.8580385445292628
62,212,Stage 3,Stage 3,0.0,0.9992509369698578
62,213,Stage 3,Stage 3,0.0,0.9986144865514536
62,214,Stage 3,Stage 3,0.0,0.9994461750569178
62,215,Stage 3,Stage 3,0.0,0.9989976253770629
62,216,Stage 3,Stage 3,0.0,0.9995495008123595
62,217,Stage 3,Stage 3,0.0,0.9878988390262867
62,218,Stage 3,Stage 3,0.0,0.9995297716681386
62,219,Stage 3,Stage 3,0.0,0.9995495008123595
62,220,Stage 3,Stage 3,0.0,0.9575563710067971
62,221,Stage 3,Stage 3,0.0,0.999644285748088
62,222,Stage 3,Stage 3,0.0,0.7753444623594611
62,223,Stage 3,Stage 3,0.0,0.9864468310608786
62,224,Stage 3,Stage 0,0.0,0.8978830147523104
62,225,Stage 0,Stage 3,0.0,0.7999026698977157
62,226,Stage 0,Stage 0,0.0,0.9533333333333334
62,227,Stage 3,Stage 3,0.0,0.9753548309375194
62,228,Stage 0,Stage 0,0.0,0.9933333333333333
62,229,Stage 0,Stage 0,0.0,1.0
62,230,Stage 0,Stage 0,0.0,0.9731283351120598
62,231,Stage 0,Stage 0,0.0,0.9866666666666667
62,232,Stage 0,Stage 0,0.0,1.0
62,233,Stage 0,Stage 0,0.0,1.0
62,234,Stage 0,Stage 0,0.0,1.0
62,235,Stage 0,Stage 0,0.0,1.0
62,236,Stage 0,Stage 0,0.0,1.0
62,237,Stage 0,Stage 0,0.0,1.0
62,238,Stage 0,Stage 0,0.0,1.0
62,239,Stage 0,Stage 0,0.0,1.0
62,240,Stage 0,Stage 0,0.0,1.0
62,241,Stage 0,Stage 0,0.0,1.0
62,242,Stage 0,Stage 0,0.0,1.0
62,243,Stage 0,Stage 0,0.0,1.0
62,244,Stage 0,Stage 0,0.0,1.0
62,245,Stage 0,Stage 0,0.0,1.0
62,246,Stage 0,Stage 0,0.0,1.0
65,1,Stage 4,Stage 4,0.8840012929539715,0.8840012929539715
65,2,Stage 4,Stage 4,0.997641169297119,0.997641169297119
65,3,Stage 4,Stage 4,0.9853031053945077,0.9853031053945077
65,4,Stage 4,Stage 4,0.993472249363072,0.993472249363072
65,5,Stage 4,Stage 4,0.9807020535639015,0.9807020535639015
65,6,Stage 4,Stage 4,0.9292505327102496,0.9292505327102496
65,7,Stage 4,Stage 4,0.9963183927591168,0.9963183927591168
65,8,Stage 4,Stage 4,0.9836567040610692,0.9836567040610692
65,9,Stage 4,Stage 4,0.9489245954321998,0.9489245954321998
65,10,Stage 4,Stage 4,0.9945749909312027,0.9945749909312027
65,11,Stage 4,Stage 4,0.9933274963458564,0.9933274963458564
65,12,Stage 4,Stage 4,0.9100503225584293,0.9100503225584293
65,13,Stage 4,Stage 4,0.9842442571632868,0.9842442571632868
65,14,Stage 4,Stage 4,0.9865534903698236,0.9865534903698236
65,15,Stage 4,Stage 4,0.8740038294327224,0.8740038294327224
65,16,Stage 4,Stage 4,0.9419508969416162,0.9419508969416162
65,17,Stage 4,Stage 4,0.9927838180781627,0.9927838180781627
65,18,Stage 4,Stage 4,0.9931495445852189,0.9931495445852189
65,19,Stage 4,Stage 4,0.7767794995035278,0.7767794995035278
65,20,Stage 4,Stage 4,0.8396137795097846,0.8396137795097846
65,21,Stage 4,Stage 4,0.9653672020521605,0.9653672020521605
65,22,Stage 4,Stage 4,0.8036434359139929,0.8036434359139929
65,23,Stage 4,Stage 4,0.9227649955693956,0.9227649955693956
65,24,Stage 4,Stage 4,0.9890698976777681,0.9890698976777681
65,25,Stage 4,Stage 4,0.9728525231482128,0.9728525231482128
65,26,Stage 4,Stage 4,0.9810784897866781,0.9810784897866781
65,27,Stage 4,Stage 4,0.961434481233374,0.961434481233374
65,28,Stage 4,Stage 4,0.980636562475662,0.980636562475662
65,29,Stage 4,Stage 4,0.9157526690484828,0.9157526690484828
65,30,Stage 4,Stage 4,0.9912058292313943,0.9912058292313943
65,31,Stage 4,Stage 4,0.962261921022527,0.962261921022527
65,32,Stage 4,Stage 4,0.9785515767794905,0.9785515767794905
65,33,Stage 4,Stage 4,0.9576271552523785,0.9576271552523785
65,34,Stage 4,Stage 4,0.9044492810743696,0.9044492810743696
65,35,Stage 4,Stage 4,0.5709781522388574,0.5709781522388574
65,36,Stage 4,Stage 4,0.9945051692179747,0.9945051692179747
65,37,Stage 4,Stage 4,0.9876389895549562,0.9876389895549562
65,38,Stage 4,Stage 4,0.9669924465516079,0.9669924465516079
65,39,Stage 4,Stage 4,0.901956678827165,0.901956678827165
65,40,Stage 4,Stage 4,0.998265868497641,0.998265868497641
65,41,Stage 4,Stage 4,0.9862650904229385,0.9862650904229385
65,42,Stage 4,Stage 4,0.9343489417481936,0.9343489417481936
65,43,Stage 4,Stage 4,0.9906231061159328,0.9906231061159328
65,44,Stage 4,Stage 4,0.8267854328984799,0.8267854328984799
65,45,Stage 4,Stage 4,0.9984035906840554,0.9984035906840554
65,46,Stage 4,Stage 4,0.9857539532039999,0.9857539532039999
65,47,Stage 4,Stage 4,0.8980792792355196,0.8980792792355196
65,48,Stage 4,Stage 4,0.9858380442145157,0.9858380442145157
65,49,Stage 4,Stage 4,0.9916123083951213,0.9916123083951213
65,50,Stage 4,Stage 4,0.9769990896887267,0.9769990896887267
65,51,Stage 4,Stage 4,0.9523431720702146,0.9523431720702146
65,52,Stage 4,Stage 4,0.9960186309972695,0.9960186309972695
65,53,Stage 4,Stage 4,0.994914116766926,0.994914116766926
65,54,Stage 4,Stage 4,0.9954471605500667,0.9954471605500667
65,55,Stage 4,Stage 4,0.9115014840634518,0.9115014840634518
65,56,Stage 4,Stage 4,0.987531137113064,0.987531137113064
65,57,Stage 4,Stage 4,0.9960692972601244,0.9960692972601244
65,58,Stage 4,Stage 4,0.9757181973388604,0.9757181973388604
65,59,Stage 4,Stage 4,0.983497739918583,0.983497739918583
65,60,Stage 4,Stage 4,0.9129449002787609,0.9129449002787609
65,61,Stage 4,Stage 4,0.9548183869926062,0.9548183869926062
65,62,Stage 4,Stage 4,0.9967494033139798,0.9967494033139798
65,63,Stage 4,Stage 4,0.9987456329683481,0.9987456329683481
65,64,Stage 4,Stage 4,0.926867576781616,0.926867576781616
65,65,Stage 4,Stage 4,0.9114375793892502,0.9114375793892502
65,66,Stage 4,Stage 4,0.9354043189349643,0.9354043189349643
65,67,Stage 4,Stage 4,0.8303912582941525,0.8303912582941525
65,68,Stage 4,Stage 4,0.979871685015625,0.979871685015625
65,69,Stage 4,Stage 4,0.9977614188797136,0.9977614188797136
65,70,Stage 4,Stage 4,0.7454300481787158,0.7454300481787158
65,71,Stage 4,Stage 4,0.9876588443251203,0.9876588443251203
65,72,Stage 4,Stage 4,0.9969860576256326,0.9969860576256326
65,73,Stage 4,Stage 4,0.8837733692770899,0.8837733692770899
65,74,Stage 4,Stage 4,0.8036007569640894,0.8036007569640894
65,75,Stage 4,Stage 4,0.9843148247257172,0.9843148247257172
65,76,Stage 4,Stage 4,0.9948202468825567,0.9948202468825567
65,77,Stage 4,Stage 4,0.9924095399498386,0.9924095399498386
65,78,Stage 4,Stage 4,0.9378228484750857,0.9378228484750857
65,79,Stage 4,Stage 4,0.7173196306093114,0.7173196306093114
65,80,Stage 4,Stage 4,0.9372527886324139,0.9372527886324139
65,81,Stage 4,Stage 4,0.978097946456594,0.978097946456594
65,82,Stage 4,Stage 4,0.9928837291704767,0.9928837291704767
65,83,Stage 4,Stage 4,0.9829300033277508,0.9829300033277508
65,84,Stage 4,Stage 4,0.8589635702414872,0.8589635702414872
65,85,Stage 4,Stage 4,0.9948706924049742,0.9948706924049742
65,86,Stage 4,Stage 4,0.9975670516252012,0.9975670516252012
65,87,Stage 4,Stage 4,0.9657806698401261,0.9657806698401261
65,88,Stage 4,Stage 4,0.9949766826814797,0.9949766826814797
65,89,Stage 4,Stage 4,0.9937972288028796,0.9937972288028796
65,90,Stage 4,Stage 4,0.8856635973907021,0.8856635973907021
65,91,Stage 4,Stage 4,0.8020978920555393,0.8020978920555393
65,92,Stage 1,Stage 1,0.10379782451894182,0.8608298569366254
65,93,Stage 4,Stage 4,0.9168429429899211,0.9168429429899211
65,94,Stage 4,Stage 4,0.9930217840991071,0.9930217840991071
65,95,Stage 4,Stage 4,0.9959081804326614,0.9959081804326614
65,96,Stage 4,Stage 4,0.9798002551033733,0.9798002551033733
65,97,Stage 4,Stage 4,0.9968857267110329,0.9968857267110329
65,98,Stage 4,Stage 4,0.968334450028539,0.968334450028539
65,99,Stage 4,Stage 4,0.990696641787656,0.990696641787656
65,100,Stage 4,Stage 4,0.9260756299307451,0.9260756299307451
65,101,Stage 4,Stage 4,0.9756574366448832,0.9756574366448832
65,102,Stage 4,Stage 4,0.845386980237324,0.845386980237324
65,103,Stage 4,Stage 1,0.4701472199956036,0.5231975358223261
65,104,Stage 4,Stage 4,0.9517607968788372,0.9517607968788372
65,105,Stage 4,Stage 4,0.9975604282205965,0.9975604282205965
65,106,Stage 4,Stage 4,0.9893856249184885,0.9893856249184885
65,107,Stage 4,Stage 4,0.9037411048933738,0.9037411048933738
65,108,Stage 4,Stage 4,0.8795548839040409,0.8795548839040409
65,109,Stage 4,Stage 4,0.9697336035665881,0.9697336035665881
65,110,Stage 4,Stage 4,0.8078511791044234,0.8078511791044234
65,111,Stage 4,Stage 4,0.9546335901921771,0.9546335901921771
65,112,Stage 4,Stage 4,0.9590703059222269,0.9590703059222269
65,113,Stage 4,Stage 4,0.9932172392723694,0.9932172392723694
65,114,Stage 4,Stage 4,0.9960758882766153,0.9960758882766153
65,115,Stage 4,Stage 4,0.9949100554046759,0.9949100554046759
65,116,Stage 4,Stage 4,0.9885729199571843,0.9885729199571843
65,117,Stage 4,Stage 4,0.9900214310088745,0.9900214310088745
65,118,Stage 4,Stage 1,0.3904902316137123,0.6091938182218972
65,119,Stage 1,Stage 1,0.2631688722995771,0.6235887752312936
65,120,Stage 4,Stage 4,0.9763737462774627,0.9763737462774627
65,121,Stage 4,Stage 4,0.9941636229204405,0.9941636229204405
65,122,Stage 4,Stage 4,0.985895601904315,0.985895601904315
65,123,Stage 4,Stage 4,0.9642062545638368,0.9642062545638368
65,124,Stage 4,Stage 4,0.9534309415556068,0.9534309415556068
65,125,Stage 4,Stage 4,0.6858790990150418,0.6858790990150418
65,126,Stage 4,Stage 4,0.9926357964787546,0.9926357964787546
65,127,Stage 4,Stage 4,0.9183872112420935,0.9183872112420935
65,128,Stage 4,Stage 1,0.2119216756706497,0.7853672290770505
65,129,Stage 4,Stage 4,0.9065659288485018,0.9065659288485018
65,130,Stage 4,Stage 4,0.9603706871106367,0.9603706871106367
65,131,Stage 4,Stage 4,0.6836306615786671,0.6836306615786671
65,132,Stage 4,Stage 4,0.8853014035766427,0.8853014035766427
65,133,Stage 4,Stage 4,0.5556590774230555,0.5556590774230555
65,134,Stage 4,Stage 4,0.8577944084526774,0.8577944084526774
65,135,Stage 4,Stage 4,0.5870650333384988,0.5870650333384988
65,136,Stage 4,Stage 1,0.23823911094053396,0.7617608890594664
65,137,Stage 1,Stage 1,0.17285615381879516,0.8269833823976107
65,138,Stage 4,Stage 4,0.9871538849086998,0.9871538849086998
65,139,Stage 4,Stage 4,0.9855443382711132,0.9855443382711132
65,140,Stage 4,Stage 1,0.3433160510038454,0.608988418360632
65,141,Stage 4,Stage 4,0.5706252591939438,0.5706252591939438
65,142,Stage 4,Stage 4,0.9242906378675165,0.9242906378675165
65,143,Stage 4,Stage 4,0.9062785046165628,0.9062785046165628
65,144,Stage 4,Stage 4,0.949171112427203,0.949171112427203
65,145,Stage 4,Stage 4,0.8501225256004644,0.8501225256004644
65,146,Stage 1,Stage 1,0.10750187033612983,0.8924981296638702
65,147,Stage 1,Stage 1,0.4526706399956881,0.5464418645936011
65,148,Stage 1,Stage 1,0.08534928730054882,0.9110791438465391
65,149,Stage 4,Stage 4,0.7154019371923955,0.7154019371923955
65,150,Stage 4,Stage 4,0.712815244430779,0.712815244430779
65,151,Stage 1,Stage 4,0.7020519549930097,0.7020519549930097
65,152,Stage 1,Stage 1,0.1685329856238782,0.6862521851707132
65,153,Stage 1,Stage 1,0.08779391029750891,0.9122060897024913
65,154,Stage 4,Stage 4,0.7861490794528843,0.7861490794528843
65,155,Stage 4,Stage 1,0.43057685259214357,0.5582037729039296
65,156,Stage 4,Stage 4,0.8500082794537485,0.8500082794537485
65,157,Stage 1,Stage 1,0.0321166458050298,0.9678833541949702
65,158,Stage 1,Stage 1,0.01194427275203031,0.9872342306862539
65,159,Stage 1,Stage 1,0.0013049552017352325,0.9986950447982649
65,160,Stage 4,Stage 1,0.45632712736917935,0.5428011337063643
65,161,Stage 4,Stage 4,0.8927748800887852,0.8927748800887852
65,162,Stage 1,Stage 1,0.1691895615959062,0.8305639034095472
65,163,Stage 1,Stage 1,0.16984086225744416,0.8299986739589621
65,164,Stage 1,Stage 1,0.06859347923644832,0.9314065207635521
65,165,Stage 4,Stage 4,0.9874002929487022,0.9874002929487022
65,166,Stage 1,Stage 1,0.0999388193469478,0.8995530331183003
65,167,Stage 1,Stage 1,0.00765593034145794,0.992344069658542
65,168,Stage 1,Stage 1,0.08608643760905713,0.9139135623909427
65,169,Stage 1,Stage 1,0.0007667846230201667,0.99923321537698
65,170,Stage 1,Stage 1,0.030006828815891062,0.9699931711841089
65,171,Stage 1,Stage 1,0.13458076660292023,0.8654192333970798
65,172,Stage 1,Stage 1,0.0004040988083253891,0.9995959011916746
65,173,Stage 1,Stage 1,0.00031483817231503074,0.999685161827685
65,174,Stage 1,Stage 1,0.0002068578493563676,0.9997931421506435
65,175,Stage 1,Stage 1,0.037949910168216104,0.9620500898317839
65,176,Stage 1,Stage 1,0.032440894543655625,0.9675591054563445
65,177,Stage 1,Stage 1,0.004618300200103613,0.9953816997998965
65,178,Stage 1,Stage 1,0.01007867483096045,0.9899213251690395
65,179,Stage 1,Stage 1,0.06569072276090442,0.9343092772390952
65,180,Stage 1,Stage 1,0.05261418950311463,0.9473858104968856
65,181,Stage 1,Stage 1,0.0001548426691398997,0.9998451573308601
65,182,Stage 1,Stage 1,0.0002273147864169024,0.9997726852135829
65,183,Stage 1,Stage 1,0.006734473550243227,0.993265526449757
65,184,Stage 1,Stage 1,0.001365326543462618,0.9986346734565374
65,185,Stage 1,Stage 1,0.018178360843115627,0.9818216391568846
65,186,Stage 1,Stage 1,0.0004201707181296808,0.9995798292818703
65,187,Stage 1,Stage 1,0.0011054463034022902,0.9988945536965979
65,188,Stage 1,Stage 1,0.0007011644476284822,0.9992988355523715
65,189,Stage 1,Stage 1,0.0023658440254069996,0.997634155974593
65,190,Stage 1,Stage 1,0.00015894578491504842,0.9998410542150848
65,191,Stage 1,Stage 1,0.00035044990223158417,0.9996495500977683
65,192,Stage 1,Stage 1,0.00013774541578190727,0.9998622545842182
65,193,Stage 1,Stage 1,5.244972450586472e-06,0.9999947550275495
65,194,Stage 1,Stage 1,0.0014218101448649526,0.9985781898551351
65,195,Stage 1,Stage 1,5.244972450586472e-06,0.9999947550275495
65,196,Stage 1,Stage 1,5.244972450586472e-06,0.9999947550275495
65,197,Stage 1,Stage 1,2.0462682722380503e-05,0.9999795373172776
65,198,Stage 1,Stage 1,5.244972450586472e-06,0.9999947550275495
65,199,Stage 1,Stage 1,5.244972450586472e-06,0.9999947550275495
65,200,Stage 1,Stage 1,5.244972450586472e-06,0.9999947550275495
65,201,Stage 1,Stage 1,5.244972450586472e-06,0.9999947550275495
65,202,Stage 1,Stage 1,5.244972450586472e-06,0.9999947550275495
65,203,Stage 1,Stage 1,5.244972450586472e-06,0.9999947550275495
65,204,Stage 1,Stage 1,5.053663563426519e-05,0.9999494633643657
65,205,Stage 1,Stage 1,4.285750101695553e-05,0.9999571424989832
65,206,Stage 1,Stage 1,5.244972450586472e-06,0.9999947550275495
65,207,Stage 1,Stage 1,5.244972450586472e-06,0.9999947550275495
65,208,Stage 1,Stage 1,2.7438403756186857e-05,0.9999725615962438
65,209,Stage 1,Stage 1,4.285750101695553e-05,0.9999571424989832
65,210,Stage 1,Stage 1,5.244972450586472e-06,0.9999947550275495
65,211,Stage 1,Stage 1,5.244972450586472e-06,0.9999947550275495
65,212,Stage 1,Stage 1,5.244972450586472e-06,0.9999947550275495
65,213,Stage 1,Stage 1,5.244972450586472e-06,0.9999947550275495
65,214,Stage 1,Stage 1,5.244972450586472e-06,0.9999947550275495
65,215,Stage 1,Stage 1,5.244972450586472e-06,0.9999947550275495
65,216,Stage 1,Stage 1,5.244972450586472e-06,0.9999947550275495
65,217,Stage 1,Stage 1,5.244972450586472e-06,0.9999947550275495
65,218,Stage 1,Stage 1,5.244972450586472e-06,0.9999947550275495
65,219,Stage 1,Stage 1,5.244972450586472e-06,0.9999947550275495
65,220,Stage 1,Stage 1,5.244972450586472e-06,0.9999947550275495
65,221,Stage 1,Stage 1,5.244972450586472e-06,0.9999947550275495
65,222,Stage 1,Stage 1,5.244972450586472e-06,0.9999947550275495
65,223,Stage 1,Stage 1,5.244972450586472e-06,0.9999947550275495
65,224,Stage 1,Stage 1,5.244972450586472e-06,0.9999947550275495
65,225,Stage 1,Stage 1,5.244972450586472e-06,0.9999947550275495
65,226,Stage 1,Stage 1,5.244972450586472e-06,0.9999947550275495
65,227,Stage 1,Stage 1,5.244972450586472e-06,0.9999947550275495
65,228,Stage 1,Stage 1,5.244972450586472e-06,0.9999947550275495
65,229,Stage 1,Stage 1,5.244972450586472e-06,0.9999947550275495
65,230,Stage 1,Stage 1,5.244972450586472e-06,0.9999947550275495
65,231,Stage 1,Stage 1,5.244972450586472e-06,0.9999947550275495
65,232,Stage 1,Stage 1,5.244972450586472e-06,0.9999947550275495
65,233,Stage 1,Stage 1,5.244972450586472e-06,0.9999947550275495
65,234,Stage 1,Stage 1,5.244972450586472e-06,0.9999947550275495
67,1,Stage 4,Stage 4,0.644441171047382,0.644441171047382
67,2,Stage 4,Stage 4,0.7736816424740265,0.7736816424740265
67,3,Stage 4,Stage 4,0.6485106924219015,0.6485106924219015
67,4,Stage 4,Stage 4,0.9669840783327527,0.9669840783327527
67,5,Stage 1,Stage 1,0.07429790211420145,0.9222003797691453
67,6,Stage 4,Stage 4,0.741841417160364,0.741841417160364
67,7,Stage 4,Stage 4,0.8806141831792677,0.8806141831792677
67,8,Stage 4,Stage 4,0.9836629394268038,0.9836629394268038
67,9,Stage 1,Stage 1,0.2580916793798677,0.6926810857705464
67,10,Stage 4,Stage 4,0.8670697313258133,0.8670697313258133
67,11,Stage 4,Stage 4,0.9716943284010222,0.9716943284010222
67,12,Stage 4,Stage 4,0.8138645625322597,0.8138645625322597
67,13,Stage 1,Stage 1,0.01705265326449187,0.9829473467355084
67,14,Stage 1,Stage 1,0.20671997702604528,0.7688284242745318
67,15,Stage 4,Stage 4,0.9888398565214815,0.9888398565214815
67,16,Stage 4,Stage 4,0.9406205857672927,0.9406205857672927
67,17,Stage 4,Stage 4,0.9878194179006855,0.9878194179006855
67,18,Stage 4,Stage 4,0.6956215092096646,0.6956215092096646
67,19,Stage 4,Stage 4,0.8342103277165202,0.8342103277165202
67,20,Stage 4,Stage 4,0.8738628744055404,0.8738628744055404
67,21,Stage 4,Stage 4,0.7300583347049548,0.7300583347049548
67,22,Stage 1,Stage 1,0.01137459469927044,0.988625405300729
67,23,Stage 4,Stage 1,0.34742871582468365,0.6515340744729055
67,24,Stage 4,Stage 4,0.850964158953152,0.850964158953152
67,25,Stage 4,Stage 4,0.9208273679168144,0.9208273679168144
67,26,Stage 4,Stage 4,0.9740923200779664,0.9740923200779664
67,27,Stage 1,Stage 1,0.4250746630348757,0.5721162988743064
67,28,Stage 4,Stage 1,0.08976397136505856,0.9102360286349419
67,29,Stage 1,Stage 1,0.31960992746437894,0.6792900096273319
67,30,Stage 4,Stage 1,0.32173144793142755,0.6775519481105512
67,31,Stage 4,Stage 4,0.9908840683763125,0.9908840683763125
67,32,Stage 1,Stage 1,0.3902644740800387,0.6087847977539499
67,33,Stage 1,Stage 4,0.7199380657605735,0.7199380657605735
67,34,Stage 4,Stage 4,0.9393327945393865,0.9393327945393865
67,35,Stage 1,Stage 1,0.13569149234699743,0.8643085076530023
67,36,Stage 4,Stage 4,0.9880893536957641,0.9880893536957641
67,37,Stage 4,Stage 4,0.8554804718432037,0.8554804718432037
67,38,Stage 4,Stage 4,0.8885046483690775,0.8885046483690775
67,39,Stage 1,Stage 1,0.4991302107348615,0.5000983386290372
67,40,Stage 1,Stage 4,0.5157284093683474,0.5157284093683474
67,41,Stage 1,Stage 4,0.8726300602823079,0.8726300602823079
67,42,Stage 4,Stage 1,0.1232089546618568,0.8766835474688947
67,43,Stage 4,Stage 4,0.8422789189671879,0.8422789189671879
67,44,Stage 1,Stage 1,0.08434978823499607,0.9156502117650039
67,45,Stage 4,Stage 4,0.504035590752311,0.504035590752311
67,46,Stage 1,Stage 1,0.04757055245145048,0.951470983132173
67,47,Stage 1,Stage 1,0.4450559280493535,0.5525196393976808
67,48,Stage 1,Stage 1,0.3361676661068487,0.6638323338931512
67,49,Stage 4,Stage 4,0.8522602586688799,0.8522602586688799
67,50,Stage 1,Stage 4,0.5571106161585028,0.5571106161585028
67,51,Stage 4,Stage 1,0.1721834036029633,0.8278165963970369
67,52,Stage 1,Stage 1,0.43480928882511277,0.5577068568653039
67,53,Stage 4,Stage 4,0.9831933094502783,0.9831933094502783
67,54,Stage 1,Stage 4,0.49978790407990686,0.49978790407990686
67,55,Stage 2,Stage 1,0.18329848363555162,0.8164382368272091
67,56,Stage 1,Stage 1,0.0014924322184539155,0.9985075677815464
67,57,Stage 1,Stage 1,0.008863692468147734,0.9911363075318521
67,58,Stage 1,Stage 1,0.15947811625077535,0.8405218837492247
67,59,Stage 1,Stage 4,0.7289194930652535,0.7289194930652535
67,60,Stage 4,Stage 1,0.341031815935896,0.6580640939597816
67,61,Stage 4,Stage 4,0.9745576732310949,0.9745576732310949
67,62,Stage 1,Stage 1,0.007639718713477428,0.9923602812865224
67,63,Stage 1,Stage 1,0.38297411986258245,0.6170258801374177
67,64,Stage 1,Stage 4,0.89080720192811,0.89080720192811
67,65,Stage 1,Stage 1,0.011193215471770207,0.98880678452823
67,66,Stage 4,Stage 4,0.9547043030436652,0.9547043030436652
67,67,Stage 4,Stage 4,0.679196101848747,0.679196101848747
67,68,Stage 4,Stage 4,0.9734367034313945,0.9734367034313945
67,69,Stage 4,Stage 4,0.5380173594348799,0.5380173594348799
67,70,Stage 1,Stage 1,0.1862338252457857,0.6983466749298225
67,71,Stage 4,Stage 4,0.9585703209949412,0.9585703209949412
67,72,Stage 4,Stage 1,0.2470573352418512,0.708299529872415
67,73,Stage 1,Stage 1,0.18908306608938966,0.8096411303542462
67,74,Stage 4,Stage 4,0.952329108125275,0.952329108125275
67,75,Stage 4,Stage 1,0.02601471028507782,0.9739852897149226
67,76,Stage 1,Stage 4,0.643305265373129,0.643305265373129
67,77,Stage 1,Stage 1,0.18323320502022558,0.8146529372209546
67,78,Stage 1,Stage 4,0.7907284305214739,0.7907284305214739
67,79,Stage 1,Stage 1,0.03574578332553388,0.9554092694824491
67,80,Stage 1,Stage 1,0.03319487915090412,0.966805120849096
67,81,Stage 1,Stage 1,0.07983499286224562,0.9201650071377545
67,82,Stage 1,Stage 1,0.11086928701510144,0.8891307129848985
67,83,Stage 1,Stage 4,0.8771307589617676,0.8771307589617676
67,84,Stage 1,Stage 1,0.09244919548308232,0.8752382663496951
67,85,Stage 1,Stage 1,0.016734436092325382,0.9828813517144713
67,86,Stage 1,Stage 1,0.36242536704465794,0.5700974148847671
67,87,Stage 1,Stage 4,0.6826702214763208,0.6826702214763208
67,88,Stage 4,Stage 4,0.9449007894661664,0.9449007894661664
67,89,Stage 1,Stage 1,0.014943037639761169,0.985056962360239
67,90,Stage 1,Stage 1,0.3485330449996717,0.6513743573397294
67,91,Stage 1,Stage 1,0.4974991092914289,0.4982647092134921
67,92,Stage 1,Stage 1,0.018947230012946584,0.9806782996938406
67,93,Stage 1,Stage 1,0.09278165569735454,0.9069382347954174
67,94,Stage 4,Stage 1,0.26499402578424197,0.734826416518514
67,95,Stage 1,Stage 1,0.09117900281231385,0.908820997187686
67,96,Stage 1,Stage 1,0.0008512064311446868,0.9991487935688553
67,97,Stage 1,Stage 1,0.09629505666241564,0.9037049433375843
67,98,Stage 1,Stage 1,0.04836546228634636,0.9516345377136539
67,99,Stage 1,Stage 4,0.8527083560137262,0.8527083560137262
67,100,Stage 4,Stage 4,0.9043077152061998,0.9043077152061998
67,101,Stage 1,Stage 1,0.0362815395771756,0.9546705955868386
67,102,Stage 4,Stage 4,0.8653598259297847,0.8653598259297847
67,103,Stage 1,Stage 1,0.23176074107684277,0.7680925701289231
67,104,Stage 1,Stage 1,0.025829091486718934,0.9537614950229124
67,105,Stage 1,Stage 1,0.03203322669386018,0.9679667733061397
67,106,Stage 4,Stage 1,0.23368804110647973,0.7659420238131436
67,107,Stage 1,Stage 1,0.010548866858794269,0.9894511331412059
67,108,Stage 1,Stage 1,0.11057865556253098,0.888967232263056
67,109,Stage 1,Stage 1,0.0007537692099700916,0.9992462307900297
67,110,Stage 1,Stage 1,0.002800807453453904,0.9971991925465462
67,111,Stage 1,Stage 4,0.8197557525618421,0.8197557525618421
67,112,Stage 1,Stage 1,0.005777475782439804,0.9942225242175602
67,113,Stage 1,Stage 1,0.00481153533131427,0.9951884646686856
67,114,Stage 4,Stage 1,0.16507235458055813,0.8349276454194421
67,115,Stage 1,Stage 4,0.5360696252348306,0.5360696252348306
67,116,Stage 4,Stage 4,0.5797711889546542,0.5797711889546542
67,117,Stage 1,Stage 1,0.26661418237499324,0.7244863948498064
67,118,Stage 1,Stage 1,0.0004037003076128838,0.9995962996923872
67,119,Stage 1,Stage 1,0.25581701648302424,0.744182983516976
67,120,Stage 1,Stage 1,0.00011745715566815446,0.999882542844332
67,121,Stage 1,Stage 1,0.017754081589058012,0.9822459184109421
67,122,Stage 1,Stage 1,0.01830820282740583,0.9816917971725939
67,123,Stage 4,Stage 4,0.52298938620367,0.52298938620367
67,124,Stage 1,Stage 1,0.0003895630384267127,0.9996104369615734
67,125,Stage 1,Stage 1,0.010240433072745216,0.9897595669272549
67,126,Stage 1,Stage 1,0.15804680708816377,0.8419531929118365
67,127,Stage 1,Stage 1,0.000610041132679287,0.9993899588673207
67,128,Stage 1,Stage 1,0.01086423337958409,0.989135766620416
67,129,Stage 1,Stage 1,0.013132019833733818,0.986867980166266
67,130,Stage 1,Stage 1,0.004188139251470477,0.9958118607485296
67,131,Stage 1,Stage 1,0.0012169403929404596,0.9987830596070597
67,132,Stage 1,Stage 1,0.018134418235296892,0.9818655817647036
67,133,Stage 1,Stage 1,0.02429355286103761,0.9757064471389627
67,134,Stage 1,Stage 1,0.10227552729725699,0.8977244727027428
67,135,Stage 1,Stage 1,0.00010991035156019711,0.9998900896484398
67,136,Stage 1,Stage 1,0.003068678758727009,0.9969313212412729
67,137,Stage 1,Stage 1,0.11282878624625925,0.8871712137537406
67,138,Stage 1,Stage 1,0.03473184181204854,0.9652681581879515
67,139,Stage 1,Stage 1,0.000873541071089869,0.99912645892891
67,140,Stage 1,Stage 1,0.006219042373857506,0.9937809576261426
67,141,Stage 1,Stage 1,2.7438403756186857e-05,0.9999725615962438
67,142,Stage 1,Stage 1,0.0004158089932253792,0.9995841910067745
67,143,Stage 1,Stage 1,0.09753684098055976,0.9024631590194402
67,144,Stage 1,Stage 1,0.002972795111139603,0.9970272048888605
67,145,Stage 1,Stage 1,0.2702740157898838,0.7292964579274722
67,146,Stage 1,Stage 1,0.00031719941700833145,0.9996828005829917
67,147,Stage 1,Stage 1,0.04878704715584912,0.9377195595628992
67,148,Stage 1,Stage 1,0.002414894344925113,0.9975851056550747
67,149,Stage 1,Stage 1,0.004059028756750651,0.9959409712432494
67,150,Stage 1,Stage 1,0.0002942387559513951,0.9997057612440486
67,151,Stage 1,Stage 1,0.09201046055668113,0.907769614974848
67,152,Stage 1,Stage 1,0.0008403263818168148,0.9991596736181831
67,153,Stage 1,Stage 1,4.265611402798089e-05,0.9999573438859721
67,154,Stage 1,Stage 1,0.0008428974130951657,0.9991571025869048
67,155,Stage 1,Stage 1,0.0006954629441323852,0.9993045370558675
67,156,Stage 1,Stage 1,0.00015030810170579367,0.9998496918982943
67,157,Stage 1,Stage 1,0.00613881778833262,0.9938611822116674
67,158,Stage 1,Stage 1,0.07362610454132561,0.9263738954586743
67,159,Stage 1,Stage 1,0.00011832880568837856,0.9998816711943118
67,160,Stage 1,Stage 1,0.00015537505644477853,0.9998446249435551
67,161,Stage 1,Stage 1,0.025953862222235478,0.9740461377777645
67,162,Stage 1,Stage 1,5.244972450586472e-06,0.9999947550275495
67,163,Stage 1,Stage 1,0.00024383134352110795,0.9997561686564789
67,164,Stage 1,Stage 1,5.244972450586472e-06,0.9999947550275495
67,165,Stage 1,Stage 1,0.0002682602512224894,0.9997317397487776
67,166,Stage 1,Stage 1,0.00026156968364109405,0.9997384303163591
67,167,Stage 1,Stage 1,0.0001743375984970086,0.9998256624015032
67,168,Stage 1,Stage 1,0.0031265478394440966,0.9968734521605559
67,169,Stage 1,Stage 1,5.807521128874955e-05,0.9999419247887112
67,170,Stage 1,Stage 1,2.7438403756186857e-05,0.9999725615962438
67,171,Stage 1,Stage 1,4.285750101695553e-05,0.9999571424989832
67,172,Stage 1,Stage 1,0.11736893166423211,0.882316192801012
67,173,Stage 1,Stage 1,3.1290010148194134e-05,0.9999687099898518
67,174,Stage 1,Stage 1,5.244972450586472e-06,0.9999947550275495
67,175,Stage 1,Stage 1,5.3483441453794516e-05,0.9999465165585463
67,176,Stage 1,Stage 1,0.00013339213369142165,0.9998666078663084
67,177,Stage 1,Stage 1,0.0008966624364794499,0.9991033375635207
67,178,Stage 1,Stage 1,0.0018614056437376502,0.9914719276895958
67,179,Stage 1,Stage 1,6.50509323225559e-05,0.9999349490676775
67,180,Stage 1,Stage 1,0.0036408615442550165,0.996359138455745
67,181,Stage 1,Stage 1,0.00025422947142736673,0.9997457705285726
67,182,Stage 1,Stage 1,6.50509323225559e-05,0.9999349490676775
67,183,Stage 1,Stage 1,0.0004692099637172234,0.9995307900362828
67,184,Stage 1,Stage 1,0.0031984446856876095,0.9968015553143124
67,185,Stage 1,Stage 1,5.244972450586472e-06,0.9999947550275495
67,186,Stage 1,Stage 1,0.002174180619468386,0.9978258193805317
67,187,Stage 1,Stage 1,2.7438403756186857e-05,0.9999725615962438
67,188,Stage 1,Stage 1,0.011595480755110391,0.9884045192448898
67,189,Stage 1,Stage 1,0.0022371941841121297,0.9977628058158878
67,190,Stage 1,Stage 1,5.244972450586472e-06,0.9999947550275495
67,191,Stage 1,Stage 1,5.244972450586472e-06,0.9999947550275495
67,192,Stage 1,Stage 1,0.00020632656222024977,0.9997936734377799
67,193,Stage 1,Stage 1,5.244972450586472e-06,0.9999947550275495
67,194,Stage 1,Stage 1,0.00010438050259719058,0.9998956194974028
67,195,Stage 1,Stage 1,5.244972450586472e-06,0.9999947550275495
67,196,Stage 1,Stage 1,5.244972450586472e-06,0.9999947550275495
67,197,Stage 1,Stage 1,5.244972450586472e-06,0.9999947550275495
67,198,Stage 1,Stage 1,5.244972450586472e-06,0.9999947550275495
67,199,Stage 1,Stage 1,0.00010438050259719058,0.9998956194974028
67,200,Stage 1,Stage 1,5.244972450586472e-06,0.9999947550275495
67,201,Stage 1,Stage 1,4.285750101695553e-05,0.9999571424989832
67,202,Stage 1,Stage 1,5.244972450586472e-06,0.9999947550275495
67,203,Stage 1,Stage 1,4.285750101695553e-05,0.9999571424989832
67,204,Stage 1,Stage 1,0.0006162698240310411,0.9993837301759689
67,205,Stage 1,Stage 1,5.244972450586472e-06,0.9999947550275495
67,206,Stage 1,Stage 1,5.244972450586472e-06,0.9999947550275495
67,207,Stage 1,Stage 1,4.285750101695553e-05,0.9999571424989832
67,208,Stage 1,Stage 1,5.244972450586472e-06,0.9999947550275495
67,209,Stage 1,Stage 1,5.244972450586472e-06,0.9999947550275495
67,210,Stage 1,Stage 1,5.244972450586472e-06,0.9999947550275495
67,211,Stage 1,Stage 1,5.244972450586472e-06,0.9999947550275495
67,212,Stage 1,Stage 1,5.244972450586472e-06,0.9999947550275495
67,213,Stage 1,Stage 1,5.244972450586472e-06,0.9999947550275495
67,214,Stage 1,Stage 1,5.244972450586472e-06,0.9999947550275495
67,215,Stage 1,Stage 1,5.244972450586472e-06,0.9999947550275495
67,216,Stage 1,Stage 1,5.244972450586472e-06,0.9999947550275495
67,217,Stage 1,Stage 1,5.244972450586472e-06,0.9999947550275495
67,218,Stage 1,Stage 1,5.244972450586472e-06,0.9999947550275495
67,219,Stage 1,Stage 1,5.244972450586472e-06,0.9999947550275495
67,220,Stage 1,Stage 1,5.244972450586472e-06,0.9999947550275495
67,221,Stage 1,Stage 1,5.244972450586472e-06,0.9999947550275495
67,222,Stage 1,Stage 1,5.244972450586472e-06,0.9999947550275495
67,223,Stage 1,Stage 1,5.244972450586472e-06,0.9999947550275495
67,224,Stage 1,Stage 1,5.244972450586472e-06,0.9999947550275495
67,225,Stage 1,Stage 1,5.244972450586472e-06,0.9999947550275495
67,226,Stage 1,Stage 1,5.244972450586472e-06,0.9999947550275495
67,227,Stage 1,Stage 1,5.244972450586472e-06,0.9999947550275495
67,228,Stage 1,Stage 1,5.244972450586472e-06,0.9999947550275495
67,229,Stage 1,Stage 1,5.244972450586472e-06,0.9999947550275495
67,230,Stage 1,Stage 1,5.244972450586472e-06,0.9999947550275495
67,231,Stage 1,Stage 1,4.285750101695553e-05,0.9999571424989832
67,232,Stage 1,Stage 1,5.244972450586472e-06,0.9999947550275495
67,233,Stage 1,Stage 1,5.244972450586472e-06,0.9999947550275495
67,234,Stage 1,Stage 1,5.244972450586472e-06,0.9999947550275495
67,235,Stage 1,Stage 1,4.285750101695553e-05,0.9999571424989832
67,236,Stage 1,Stage 1,5.244972450586472e-06,0.9999947550275495
67,237,Stage 1,Stage 1,5.244972450586472e-06,0.9999947550275495
67,238,Stage 1,Stage 1,4.285750101695553e-05,0.9999571424989832
67,239,Stage 1,Stage 1,5.244972450586472e-06,0.9999947550275495
67,240,Stage 1,Stage 1,5.244972450586472e-06,0.9999947550275495
67,241,Stage 1,Stage 1,5.244972450586472e-06,0.9999947550275495
67,242,Stage 1,Stage 1,5.244972450586472e-06,0.9999947550275495
67,243,Stage 1,Stage 1,5.244972450586472e-06,0.9999947550275495
67,244,Stage 1,Stage 1,5.244972450586472e-06,0.9999947550275495
67,245,Stage 1,Stage 1,5.244972450586472e-06,0.9999947550275495
67,246,Stage 1,Stage 1,5.244972450586472e-06,0.9999947550275495
67,247,Stage 1,Stage 1,5.244972450586472e-06,0.9999947550275495
67,248,Stage 1,Stage 1,5.244972450586472e-06,0.9999947550275495
67,249,Stage 1,Stage 1,5.244972450586472e-06,0.9999947550275495
67,250,Stage 1,Stage 1,5.244972450586472e-06,0.9999947550275495
67,251,Stage 1,Stage 1,5.244972450586472e-06,0.9999947550275495
67,252,Stage 1,Stage 1,5.244972450586472e-06,0.9999947550275495
67,253,Stage 1,Stage 1,5.244972450586472e-06,0.9999947550275495
67,254,Stage 1,Stage 1,5.244972450586472e-06,0.9999947550275495
67,255,Stage 1,Stage 1,5.244972450586472e-06,0.9999947550275495
67,256,Stage 1,Stage 1,5.244972450586472e-06,0.9999947550275495
67,257,Stage 1,Stage 1,5.244972450586472e-06,0.9999947550275495
67,258,Stage 1,Stage 1,5.244972450586472e-06,0.9999947550275495
67,259,Stage 1,Stage 1,5.244972450586472e-06,0.9999947550275495
67,260,Stage 1,Stage 1,5.244972450586472e-06,0.9999947550275495
67,261,Stage 1,Stage 1,5.244972450586472e-06,0.9999947550275495
67,262,Stage 1,Stage 1,5.244972450586472e-06,0.9999947550275495
67,263,Stage 1,Stage 1,5.244972450586472e-06,0.9999947550275495
70,1,Stage 4,Stage 4,0.984753440819988,0.984753440819988
70,2,Stage 4,Stage 4,0.984583680482083,0.984583680482083
70,3,Stage 4,Stage 4,0.9482365877700702,0.9482365877700702
70,4,Stage 4,Stage 4,0.9738041377955151,0.9738041377955151
70,5,Stage 4,Stage 4,0.9776590940542116,0.9776590940542116
70,6,Stage 4,Stage 4,0.9765505420484755,0.9765505420484755
70,7,Stage 2,Stage 4,0.8723115139003422,0.8723115139003422
70,8,Stage 4,Stage 4,0.9959311507050131,0.9959311507050131
70,9,Stage 4,Stage 4,0.9440103625041735,0.9440103625041735
70,10,Stage 4,Stage 4,0.9932348197859038,0.9932348197859038
70,11,Stage 4,Stage 4,0.8696169577207792,0.8696169577207792
70,12,Stage 4,Stage 4,0.8500759215085122,0.8500759215085122
70,13,Stage 4,Stage 4,0.9956511765426296,0.9956511765426296
70,14,Stage 4,Stage 4,0.9959389939305875,0.9959389939305875
70,15,Stage 4,Stage 4,0.9939937182199873,0.9939937182199873
70,16,Stage 4,Stage 4,0.9918536654162438,0.9918536654162438
70,17,Stage 4,Stage 4,0.9059882878259121,0.9059882878259121
70,18,Stage 4,Stage 4,0.5866793670358319,0.5866793670358319
70,19,Stage 2,Stage 4,0.7540630274756605,0.7540630274756605
70,20,Stage 4,Stage 4,0.9745241445349679,0.9745241445349679
70,21,Stage 4,Stage 4,0.9942999102355181,0.9942999102355181
70,22,Stage 4,Stage 4,0.8700858427885934,0.8700858427885934
70,23,Stage 4,Stage 4,0.9476570753013084,0.9476570753013084
70,24,Stage 4,Stage 4,0.9924899093046904,0.9924899093046904
70,25,Stage 4,Stage 4,0.7314165037180778,0.7314165037180778
70,26,Stage 4,Stage 4,0.9835295071991194,0.9835295071991194
70,27,Stage 4,Stage 4,0.9479115849795026,0.9479115849795026
70,28,Stage 4,Stage 4,0.8784263110219653,0.8784263110219653
70,29,Stage 4,Stage 4,0.940393883960653,0.940393883960653
70,30,Stage 4,Stage 4,0.9428167252260299,0.9428167252260299
70,31,Stage 4,Stage 4,0.8114113639817331,0.8114113639817331
70,32,Stage 4,Stage 4,0.9943325605933608,0.9943325605933608
70,33,Stage 4,Stage 4,0.9959626437967266,0.9959626437967266
70,34,Stage 4,Stage 4,0.9880975928229409,0.9880975928229409
70,35,Stage 4,Stage 4,0.9913196693092925,0.9913196693092925
70,36,Stage 4,Stage 4,0.9238929454345587,0.9238929454345587
70,37,Stage 4,Stage 4,0.9768880458123016,0.9768880458123016
70,38,Stage 4,Stage 4,0.7196949415486497,0.7196949415486497
70,39,Stage 4,Stage 4,0.9569788700351455,0.9569788700351455
70,40,Stage 4,Stage 4,0.9825037629978154,0.9825037629978154
70,41,Stage 4,Stage 4,0.8412020107656291,0.8412020107656291
70,42,Stage 4,Stage 4,0.9779233474399333,0.9779233474399333
70,43,Stage 4,Stage 4,0.9791952225577618,0.9791952225577618
70,44,Stage 4,Stage 4,0.9082695649342462,0.9082695649342462
70,45,Stage 4,Stage 4,0.965831585529616,0.965831585529616
70,46,Stage 4,Stage 4,0.9862476119232549,0.9862476119232549
70,47,Stage 4,Stage 4,0.9382943711251263,0.9382943711251263
70,48,Stage 4,Stage 4,0.9842402928903616,0.9842402928903616
70,49,Stage 4,Stage 4,0.9007446356943172,0.9007446356943172
70,50,Stage 4,Stage 4,0.7199232770341182,0.7199232770341182
70,51,Stage 4,Stage 4,0.9329818826192847,0.9329818826192847
70,52,Stage 4,Stage 4,0.993308817367901,0.993308817367901
70,53,Stage 4,Stage 4,0.7784480655927948,0.7784480655927948
70,54,Stage 4,Stage 4,0.8934913601859868,0.8934913601859868
70,55,Stage 4,Stage 4,0.9976265274679113,0.9976265274679113
70,56,Stage 4,Stage 4,0.9954771576613751,0.9954771576613751
70,57,Stage 4,Stage 4,0.9654308099657737,0.9654308099657737
70,58,Stage 4,Stage 4,0.9633623580837833,0.9633623580837833
70,59,Stage 4,Stage 4,0.9342663002229323,0.9342663002229323
70,60,Stage 4,Stage 4,0.5800482172720405,0.5800482172720405
70,61,Stage 4,Stage 4,0.9939737767749528,0.9939737767749528
70,62,Stage 4,Stage 4,0.9968504582547065,0.9968504582547065
70,63,Stage 4,Stage 4,0.8543110421123642,0.8543110421123642
70,64,Stage 4,Stage 4,0.995755089144277,0.995755089144277
70,65,Stage 4,Stage 4,0.7954216561438,0.7954216561438
70,66,Stage 4,Stage 4,0.9338695628891003,0.9338695628891003
70,67,Stage 4,Stage 4,0.9911365000387544,0.9911365000387544
70,68,Stage 4,Stage 4,0.9981357146770009,0.9981357146770009
70,69,Stage 4,Stage 4,0.9896792229121587,0.9896792229121587
70,70,Stage 4,Stage 1,0.4407622736639713,0.5574703345984132
70,71,Stage 4,Stage 4,0.9366707383211142,0.9366707383211142
70,72,Stage 4,Stage 4,0.8586151116355493,0.8586151116355493
70,73,Stage 4,Stage 4,0.9869685268534534,0.9869685268534534
70,74,Stage 4,Stage 4,0.7952518535022751,0.7952518535022751
70,75,Stage 4,Stage 4,0.9375252614236994,0.9375252614236994
70,76,Stage 4,Stage 4,0.8512567567563567,0.8512567567563567
70,77,Stage 4,Stage 4,0.5916009950630021,0.5916009950630021
70,78,Stage 4,Stage 4,0.9976442198473677,0.9976442198473677
70,79,Stage 4,Stage 4,0.995064838605842,0.995064838605842
70,80,Stage 4,Stage 4,0.8285331120848235,0.8285331120848235
70,81,Stage 4,Stage 4,0.8620440017517901,0.8620440017517901
70,82,Stage 4,Stage 4,0.8630061044112489,0.8630061044112489
70,83,Stage 4,Stage 4,0.7606060598177583,0.7606060598177583
70,84,Stage 4,Stage 4,0.9952122572658008,0.9952122572658008
70,85,Stage 4,Stage 4,0.9925102635852379,0.9925102635852379
70,86,Stage 1,Stage 4,0.8935055978265939,0.8935055978265939
70,87,Stage 1,Stage 1,0.41230972375122393,0.5608715947191256
70,88,Stage 4,Stage 4,0.9307893627455618,0.9307893627455618
70,89,Stage 4,Stage 4,0.9875969745345768,0.9875969745345768
70,90,Stage 4,Stage 4,0.9897181812529785,0.9897181812529785
70,91,Stage 4,Stage 1,0.29800678707900147,0.7008765345049669
70,92,Stage 1,Stage 4,0.47766290307275056,0.47766290307275056
70,93,Stage 4,Stage 4,0.8024901493287445,0.8024901493287445
70,94,Stage 4,Stage 4,0.8716899473386385,0.8716899473386385
70,95,Stage 1,Stage 1,0.2508797689365027,0.7491202310634975
70,96,Stage 1,Stage 1,0.15311122585495324,0.8468887741450465
70,97,Stage 4,Stage 4,0.9799961225377607,0.9799961225377607
70,98,Stage 4,Stage 4,0.5541051174161847,0.5541051174161847
70,99,Stage 1,Stage 4,0.7319421451583626,0.7319421451583626
70,100,Stage 1,Stage 1,0.08338160785710211,0.9142758973481663
70,101,Stage 4,Stage 4,0.9259376706421449,0.9259376706421449
70,102,Stage 1,Stage 1,0.26457212774035405,0.6937637578064614
70,103,Stage 1,Stage 1,0.2332560367559373,0.7667439632440627
70,104,Stage 1,Stage 1,0.11574029107659865,0.8842597089234014
70,105,Stage 4,Stage 4,0.5757251589334029,0.5757251589334029
70,106,Stage 4,Stage 4,0.6191334584012095,0.6191334584012095
70,107,Stage 1,Stage 1,0.46923060304022024,0.5187017054784822
70,108,Stage 1,Stage 1,0.05725317320004155,0.9403593760873082
70,109,Stage 1,Stage 1,0.3236785359954748,0.6715887066047224
70,110,Stage 1,Stage 1,0.42111360986557267,0.5689875556577934
70,111,Stage 1,Stage 1,0.024087945010636304,0.9759120549893636
70,112,Stage 4,Stage 4,0.9185231067770765,0.9185231067770765
70,113,Stage 1,Stage 1,0.4150697371479896,0.5848376651914114
70,114,Stage 1,Stage 1,0.18394200294963656,0.8160579970503634
70,115,Stage 1,Stage 1,0.2068071833227127,0.7928941448049691
70,116,Stage 1,Stage 1,0.03490575462455267,0.9650942453754472
70,117,Stage 1,Stage 1,0.0005328970979219165,0.999467102902078
70,118,Stage 1,Stage 1,0.0011353602224805444,0.9988646397775195
70,119,Stage 1,Stage 1,0.47109380695233977,0.5172213893444012
70,120,Stage 1,Stage 1,0.24005846460711433,0.7535527186555003
70,121,Stage 1,Stage 1,0.030055544450236543,0.9699444555497634
70,122,Stage 1,Stage 1,0.2450985901961712,0.7526875911692347
70,123,Stage 1,Stage 1,0.16576957248934823,0.8342304275106517
70,124,Stage 1,Stage 1,0.0002220203646237894,0.9997779796353763
70,125,Stage 1,Stage 1,0.1534067357527462,0.8457428867655776
70,126,Stage 1,Stage 1,0.10769580381377514,0.8918760309544861
70,127,Stage 1,Stage 1,0.018025260546801886,0.9819747394531981
70,128,Stage 1,Stage 1,0.0009913882302085546,0.9990086117697914
70,129,Stage 1,Stage 1,0.04209615005247486,0.9579038499475252
70,130,Stage 1,Stage 1,2.7438403756186857e-05,0.9999725615962438
70,131,Stage 1,Stage 1,5.244972450586472e-06,0.9999947550275495
70,132,Stage 1,Stage 1,0.0017105758112838975,0.9982894241887159
70,133,Stage 1,Stage 1,4.5068044419058136e-05,0.9999549319555808
70,134,Stage 1,Stage 1,0.0002338283083977851,0.9997661716916021
70,135,Stage 1,Stage 1,0.0005518025682711514,0.999448197431729
70,136,Stage 1,Stage 1,5.244972450586472e-06,0.9999947550275495
70,137,Stage 1,Stage 1,0.0022264181707562507,0.9977735818292437
70,138,Stage 1,Stage 1,5.244972450586472e-06,0.9999947550275495
70,139,Stage 1,Stage 1,5.244972450586472e-06,0.9999947550275495
70,140,Stage 1,Stage 1,4.285750101695553e-05,0.9999571424989832
70,141,Stage 1,Stage 1,0.00011555198447630688,0.9998844480155238
70,142,Stage 1,Stage 1,0.0024250804102432535,0.9975749195897569
70,143,Stage 1,Stage 1,0.0004306375258357647,0.9995693624741642
70,144,Stage 1,Stage 1,5.244972450586472e-06,0.9999947550275495
70,145,Stage 1,Stage 1,3.1290010148194134e-05,0.9999687099898518
70,146,Stage 1,Stage 1,5.244972450586472e-06,0.9999947550275495
70,147,Stage 1,Stage 1,5.244972450586472e-06,0.9999947550275495
70,148,Stage 1,Stage 1,5.244972450586472e-06,0.9999947550275495
70,149,Stage 1,Stage 1,5.244972450586472e-06,0.9999947550275495
70,150,Stage 1,Stage 1,5.244972450586472e-06,0.9999947550275495
70,151,Stage 1,Stage 1,5.244972450586472e-06,0.9999947550275495
70,152,Stage 1,Stage 1,4.285750101695553e-05,0.9999571424989832
70,153,Stage 1,Stage 1,5.244972450586472e-06,0.9999947550275495
70,154,Stage 1,Stage 1,4.285750101695553e-05,0.9999571424989832
70,155,Stage 1,Stage 1,5.244972450586472e-06,0.9999947550275495
70,156,Stage 1,Stage 1,5.244972450586472e-06,0.9999947550275495
70,157,Stage 1,Stage 1,5.244972450586472e-06,0.9999947550275495
70,158,Stage 1,Stage 1,5.244972450586472e-06,0.9999947550275495
70,159,Stage 1,Stage 1,5.244972450586472e-06,0.9999947550275495
70,160,Stage 1,Stage 1,5.244972450586472e-06,0.9999947550275495
70,161,Stage 1,Stage 1,5.244972450586472e-06,0.9999947550275495
70,162,Stage 1,Stage 1,5.244972450586472e-06,0.9999947550275495
70,163,Stage 1,Stage 1,5.244972450586472e-06,0.9999947550275495
70,164,Stage 1,Stage 1,5.244972450586472e-06,0.9999947550275495
70,165,Stage 1,Stage 1,5.244972450586472e-06,0.9999947550275495
70,166,Stage 1,Stage 1,5.244972450586472e-06,0.9999947550275495
70,167,Stage 1,Stage 1,5.244972450586472e-06,0.9999947550275495
70,168,Stage 1,Stage 1,5.244972450586472e-06,0.9999947550275495
70,169,Stage 1,Stage 1,5.244972450586472e-06,0.9999947550275495
70,170,Stage 1,Stage 1,5.244972450586472e-06,0.9999947550275495
70,171,Stage 1,Stage 1,5.244972450586472e-06,0.9999947550275495
70,172,Stage 1,Stage 1,5.244972450586472e-06,0.9999947550275495
74,1,Stage 4,Stage 4,0.8021527888825494,0.8021527888825494
74,2,Stage 4,Stage 4,0.9695151249821912,0.9695151249821912
74,3,Stage 1,Stage 4,0.6654761818103743,0.6654761818103743
74,4,Stage 1,Stage 4,0.6637415457982703,0.6637415457982703
74,5,Stage 4,Stage 4,0.7366205718894173,0.7366205718894173
74,6,Stage 1,Stage 1,0.014355635952298378,0.985484304099783
74,7,Stage 4,Stage 4,0.9962955797979792,0.9962955797979792
74,8,Stage 4,Stage 4,0.9631420588907946,0.9631420588907946
74,9,Stage 4,Stage 4,0.9650868373765303,0.9650868373765303
74,10,Stage 4,Stage 4,0.9672747245499287,0.9672747245499287
74,11,Stage 4,Stage 4,0.9918572519534183,0.9918572519534183
74,12,Stage 2,Stage 1,0.4418810625752616,0.5507984221356859
74,13,Stage 4,Stage 4,0.943073864424644,0.943073864424644
74,14,Stage 4,Stage 4,0.980105810697511,0.980105810697511
74,15,Stage 4,Stage 1,0.305664274950288,0.6943357250497126
74,16,Stage 4,Stage 4,0.8182343977696759,0.8182343977696759
74,17,Stage 1,Stage 1,0.31411221112365034,0.6838587026775582
74,18,Stage 4,Stage 4,0.8353873572546411,0.8353873572546411
74,19,Stage 4,Stage 4,0.5990563451394806,0.5990563451394806
74,20,Stage 4,Stage 4,0.9470077113600585,0.9470077113600585
74,21,Stage 1,Stage 4,0.5009204347150409,0.5009204347150409
74,22,Stage 4,Stage 4,0.8363576211168054,0.8363576211168054
74,23,Stage 4,Stage 4,0.882943286997743,0.882943286997743
74,24,Stage 4,Stage 4,0.9695188512709967,0.9695188512709967
74,25,Stage 1,Stage 1,0.4765795801755986,0.520970406534511
74,26,Stage 4,Stage 4,0.7727425212074448,0.7727425212074448
74,27,Stage 4,Stage 1,0.22117942201252486,0.7788205779874755
74,28,Stage 1,Stage 1,0.13708332177192542,0.8629166782280745
74,29,Stage 4,Stage 4,0.9357742573206457,0.9357742573206457
74,30,Stage 4,Stage 4,0.7461551836533008,0.7461551836533008
74,31,Stage 1,Stage 1,0.2559592594074381,0.7427081616996989
74,32,Stage 4,Stage 1,0.06963897917609096,0.9236943541572424
74,33,Stage 4,Stage 4,0.9043752357038737,0.9043752357038737
74,34,Stage 4,Stage 4,0.8339056273187834,0.8339056273187834
74,35,Stage 4,Stage 4,0.9049816402669779,0.9049816402669779
74,36,Stage 1,Stage 4,0.5055596946229758,0.5055596946229758
74,37,Stage 4,Stage 4,0.8558532842891132,0.8558532842891132
74,38,Stage 4,Stage 1,0.13866464971804734,0.8480020169486193
74,39,Stage 1,Stage 4,0.6656104964377237,0.6656104964377237
74,40,Stage 4,Stage 4,0.7830942375992032,0.7830942375992032
74,41,Stage 1,Stage 4,0.5049483011122468,0.5049483011122468
74,42,Stage 4,Stage 4,0.653222671453021,0.653222671453021
74,43,Stage 4,Stage 4,0.8205563726281043,0.8205563726281043
74,44,Stage 1,Stage 4,0.9456640257429397,0.9456640257429397
74,45,Stage 4,Stage 4,0.8002829089897364,0.8002829089897364
74,46,Stage 4,Stage 4,0.9740621409459628,0.9740621409459628
74,47,Stage 1,Stage 1,0.21420203674044772,0.7840005631171695
74,48,Stage 4,Stage 1,0.1350094644832696,0.8649905355167302
74,49,Stage 4,Stage 4,0.8537168380700269,0.8537168380700269
74,50,Stage 1,Stage 4,0.8742747594430271,0.8742747594430271
74,51,Stage 4,Stage 1,0.48365607281954,0.4859076671603551
74,52,Stage 4,Stage 4,0.8505393935566468,0.8505393935566468
74,53,Stage 1,Stage 1,0.10223515825998811,0.8973157438374545
74,54,Stage 4,Stage 4,0.7896663049421476,0.7896663049421476
74,55,Stage 1,Stage 1,0.28009434453518367,0.7199056554648164
74,56,Stage 1,Stage 1,0.04633830632131862,0.9536616936786815
74,57,Stage 1,Stage 1,0.02024381381831983,0.9797561861816803
74,58,Stage 4,Stage 4,0.9872234486115282,0.9872234486115282
74,59,Stage 1,Stage 1,0.0013341019869732964,0.9986658980130269
74,60,Stage 1,Stage 1,0.2668689226032949,0.7175924346398584
74,61,Stage 1,Stage 1,0.19819164575756312,0.8018083542424369
74,62,Stage 4,Stage 4,0.8166709597245816,0.8166709597245816
74,63,Stage 1,Stage 1,0.3682322396271592,0.631532257820754
74,64,Stage 4,Stage 4,0.5941326134720828,0.5941326134720828
74,65,Stage 1,Stage 1,0.11158944528717117,0.8880395587485246
74,66,Stage 1,Stage 1,0.05765726473962411,0.9420626257531476
74,67,Stage 4,Stage 4,0.8563900290867097,0.8563900290867097
74,68,Stage 1,Stage 1,0.09891767338853756,0.886973528733343
74,69,Stage 1,Stage 1,0.14861471440168686,0.851385285598313
74,70,Stage 1,Stage 1,0.21082070681099196,0.7861089388024403
74,71,Stage 4,Stage 4,0.8336581905127739,0.8336581905127739
74,72,Stage 4,Stage 4,0.9125611365208263,0.9125611365208263
74,73,Stage 4,Stage 1,0.028378954478243727,0.9716210455217562
74,74,Stage 1,Stage 1,0.09146238199750863,0.9014336669673122
74,75,Stage 4,Stage 4,0.8147883105041108,0.8147883105041108
74,76,Stage 1,Stage 1,0.04573957251587545,0.9542604274841242
74,77,Stage 1,Stage 1,0.03862521772554305,0.961374782274457
74,78,Stage 4,Stage 4,0.9875064911255725,0.9875064911255725
74,79,Stage 1,Stage 4,0.5639687918641973,0.5639687918641973
74,80,Stage 1,Stage 1,0.1991626097915617,0.7987192331240791
74,81,Stage 1,Stage 1,0.36994276369419055,0.6275888550091085
74,82,Stage 1,Stage 1,0.4853673871081427,0.5067562576554758
74,83,Stage 1,Stage 1,0.40331994245407166,0.5911536063337753
74,84,Stage 1,Stage 1,0.10153994863981745,0.8984600513601824
74,85,Stage 1,Stage 1,0.03730010170236069,0.9626998982976394
74,86,Stage 1,Stage 1,0.0356955037260528,0.9643044962739473
74,87,Stage 1,Stage 1,0.0005430601414033077,0.9994569398585967
74,88,Stage 1,Stage 1,0.014296356405680727,0.9857036435943191
74,89,Stage 1,Stage 1,0.07800661602347478,0.9136829183172447
74,90,Stage 1,Stage 1,0.03748302122046274,0.9554012142103135
74,91,Stage 1,Stage 1,0.1439270182200188,0.8556324084891587
74,92,Stage 1,Stage 1,0.00669998738551832,0.9933000126144816
74,93,Stage 1,Stage 1,0.06971784099763081,0.9284027650029633
74,94,Stage 1,Stage 1,0.013029896921027736,0.9869701030789725
74,95,Stage 1,Stage 1,0.011070884157627256,0.9889291158423728
74,96,Stage 1,Stage 1,0.1964819109775178,0.7966719254491458
74,97,Stage 1,Stage 1,0.21613769064927685,0.7733935327518344
74,98,Stage 1,Stage 1,0.08735767930381573,0.9055383696610051
74,99,Stage 1,Stage 4,0.5031175048756817,0.5031175048756817
74,100,Stage 1,Stage 1,0.013277068338239762,0.9865628717138416
74,101,Stage 1,Stage 1,0.0008900529818526552,0.9991099470181473
74,102,Stage 1,Stage 1,0.10519742495386754,0.8948025750461326
74,103,Stage 1,Stage 1,0.10131431074851141,0.8986856892514887
74,104,Stage 1,Stage 1,0.018372923000534395,0.9816270769994656
74,105,Stage 1,Stage 1,0.0002470815362494612,0.9997529184637508
74,106,Stage 1,Stage 1,0.05217312255334685,0.9478268774466531
74,107,Stage 1,Stage 1,0.04035833210762079,0.9451486578210563
74,108,Stage 1,Stage 1,0.0023139865232140195,0.9910193468101193
74,109,Stage 1,Stage 1,0.0004097107666072192,0.9995902892333929
74,110,Stage 1,Stage 1,0.01759483528543442,0.9824051647145656
74,111,Stage 1,Stage 1,0.015612890914152671,0.9843871090858477
74,112,Stage 1,Stage 1,0.00048442767398901743,0.9995155723260111
74,113,Stage 1,Stage 1,0.18544222703199303,0.8143222704159199
74,114,Stage 1,Stage 1,0.00023643942581795215,0.9997635605741821
74,115,Stage 1,Stage 1,0.0045977895742753735,0.9954022104257245
74,116,Stage 1,Stage 1,0.003969129622431882,0.9893642037109015
74,117,Stage 1,Stage 1,0.00023149399791604094,0.999768506002084
74,118,Stage 1,Stage 1,0.24198313997318863,0.7570848272817529
74,119,Stage 1,Stage 1,0.010278090977151726,0.9897219090228483
74,120,Stage 1,Stage 1,0.2723821040680627,0.7096959310161625
74,121,Stage 1,Stage 1,0.000713805740390128,0.9992861942596097
74,122,Stage 1,Stage 1,0.0056470624887252855,0.9943529375112748
74,123,Stage 1,Stage 1,0.0637662893093402,0.9362337106906596
74,124,Stage 1,Stage 1,0.00031483817231503074,0.999685161827685
74,125,Stage 1,Stage 1,0.14994662041556475,0.7960249334961429
74,126,Stage 1,Stage 1,5.244972450586472e-06,0.9999947550275495
74,127,Stage 1,Stage 1,0.021022230524699242,0.9786032991820878
74,128,Stage 1,Stage 1,5.244972450586472e-06,0.9999947550275495
74,129,Stage 1,Stage 1,0.00043645604273218405,0.9995635439572679
74,130,Stage 1,Stage 1,0.05887617711149429,0.9411238228885054
74,131,Stage 1,Stage 1,0.00010438050259719058,0.9998956194974028
74,132,Stage 1,Stage 1,0.00011555198447630688,0.9998844480155238
74,133,Stage 1,Stage 1,0.00029293562605856835,0.9997070643739416
74,134,Stage 1,Stage 1,0.018938457889188322,0.9810615421108118
74,135,Stage 1,Stage 1,0.000206086617150773,0.9997939133828491
74,136,Stage 1,Stage 1,0.00026617001972169117,0.9997338299802785
74,137,Stage 1,Stage 1,3.4026682608316025e-05,0.9999659733173917
74,138,Stage 1,Stage 1,0.0002795523328157189,0.9997204476671842
74,139,Stage 1,Stage 1,5.244972450586472e-06,0.9999947550275495
74,140,Stage 1,Stage 1,0.09838821778850168,0.9016117822114982
74,141,Stage 1,Stage 1,5.244972450586472e-06,0.9999947550275495
74,142,Stage 1,Stage 1,0.0001691809226001257,0.9998308190773999
74,143,Stage 1,Stage 1,2.7438403756186857e-05,0.9999725615962438
74,144,Stage 1,Stage 1,4.3159525306630664e-05,0.9999568404746936
74,145,Stage 1,Stage 1,5.244972450586472e-06,0.9999947550275495
74,146,Stage 1,Stage 1,0.00010438050259719058,0.9998956194974028
74,147,Stage 1,Stage 1,4.285750101695553e-05,0.9999571424989832
74,148,Stage 1,Stage 1,5.244972450586472e-06,0.9999947550275495
74,149,Stage 1,Stage 1,4.285750101695553e-05,0.9999571424989832
74,150,Stage 1,Stage 1,5.244972450586472e-06,0.9999947550275495
74,151,Stage 1,Stage 1,4.285750101695553e-05,0.9999571424989832
74,152,Stage 1,Stage 1,4.285750101695553e-05,0.9999571424989832
74,153,Stage 1,Stage 1,5.244972450586472e-06,0.9999947550275495
74,154,Stage 1,Stage 1,5.244972450586472e-06,0.9999947550275495
74,155,Stage 1,Stage 1,5.244972450586472e-06,0.9999947550275495
74,156,Stage 1,Stage 1,5.244972450586472e-06,0.9999947550275495
74,157,Stage 1,Stage 1,5.244972450586472e-06,0.9999947550275495
74,158,Stage 1,Stage 1,0.00010438050259719058,0.9998956194974028
74,159,Stage 1,Stage 1,5.244972450586472e-06,0.9999947550275495
74,160,Stage 1,Stage 1,5.244972450586472e-06,0.9999947550275495
74,161,Stage 1,Stage 1,5.244972450586472e-06,0.9999947550275495
74,162,Stage 1,Stage 1,5.244972450586472e-06,0.9999947550275495
74,163,Stage 1,Stage 1,5.244972450586472e-06,0.9999947550275495
74,164,Stage 1,Stage 1,5.244972450586472e-06,0.9999947550275495
74,165,Stage 1,Stage 1,5.244972450586472e-06,0.9999947550275495
74,166,Stage 1,Stage 1,5.244972450586472e-06,0.9999947550275495
74,167,Stage 1,Stage 1,5.244972450586472e-06,0.9999947550275495
74,168,Stage 1,Stage 1,5.244972450586472e-06,0.9999947550275495
74,169,Stage 1,Stage 1,5.244972450586472e-06,0.9999947550275495
74,170,Stage 1,Stage 1,5.244972450586472e-06,0.9999947550275495
74,171,Stage 1,Stage 1,5.244972450586472e-06,0.9999947550275495
74,172,Stage 1,Stage 1,5.244972450586472e-06,0.9999947550275495
74,173,Stage 1,Stage 1,5.244972450586472e-06,0.9999947550275495
74,174,Stage 1,Stage 1,5.244972450586472e-06,0.9999947550275495
74,175,Stage 1,Stage 1,5.244972450586472e-06,0.9999947550275495
74,176,Stage 1,Stage 1,5.244972450586472e-06,0.9999947550275495
74,177,Stage 1,Stage 1,5.244972450586472e-06,0.9999947550275495
74,178,Stage 1,Stage 1,5.244972450586472e-06,0.9999947550275495
74,179,Stage 1,Stage 1,5.244972450586472e-06,0.9999947550275495
74,180,Stage 1,Stage 1,5.244972450586472e-06,0.9999947550275495
74,181,Stage 1,Stage 1,5.244972450586472e-06,0.9999947550275495
74,182,Stage 1,Stage 1,5.244972450586472e-06,0.9999947550275495
74,183,Stage 1,Stage 1,5.244972450586472e-06,0.9999947550275495
74,184,Stage 1,Stage 1,5.244972450586472e-06,0.9999947550275495
74,185,Stage 1,Stage 1,5.244972450586472e-06,0.9999947550275495
74,186,Stage 1,Stage 1,5.244972450586472e-06,0.9999947550275495
74,187,Stage 1,Stage 1,5.244972450586472e-06,0.9999947550275495
74,188,Stage 1,Stage 1,5.244972450586472e-06,0.9999947550275495
74,189,Stage 1,Stage 1,5.244972450586472e-06,0.9999947550275495
74,190,Stage 1,Stage 1,5.244972450586472e-06,0.9999947550275495
74,191,Stage 1,Stage 1,5.244972450586472e-06,0.9999947550275495
74,192,Stage 1,Stage 1,5.244972450586472e-06,0.9999947550275495
74,193,Stage 1,Stage 1,5.244972450586472e-06,0.9999947550275495
79,1,Stage 4,Stage 4,0.9968028044938889,0.9968028044938889
79,2,Stage 4,Stage 4,0.7000715166070751,0.7000715166070751
79,3,Stage 4,Stage 4,0.999190257539216,0.999190257539216
79,4,Stage 4,Stage 4,0.9561620149200507,0.9561620149200507
79,5,Stage 4,Stage 4,0.9912126125426378,0.9912126125426378
79,6,Stage 4,Stage 4,0.8234133635427353,0.8234133635427353
79,7,Stage 4,Stage 4,0.9970650843198084,0.9970650843198084
79,8,Stage 4,Stage 4,0.9425715783784185,0.9425715783784185
79,9,Stage 4,Stage 4,0.9052812812799056,0.9052812812799056
79,10,Stage 4,Stage 4,0.9718359316214247,0.9718359316214247
79,11,Stage 4,Stage 4,0.7411962841725063,0.7411962841725063
79,12,Stage 4,Stage 4,0.9553176040867771,0.9553176040867771
79,13,Stage 4,Stage 4,0.9897760689324796,0.9897760689324796
79,14,Stage 4,Stage 4,0.7514011007364401,0.7514011007364401
79,15,Stage 4,Stage 4,0.9080718805466618,0.9080718805466618
79,16,Stage 4,Stage 4,0.9498769083076644,0.9498769083076644
79,17,Stage 4,Stage 4,0.994853810332114,0.994853810332114
79,18,Stage 4,Stage 4,0.8564553080462648,0.8564553080462648
79,19,Stage 4,Stage 4,0.7129022468611486,0.7129022468611486
79,20,Stage 4,Stage 4,0.978909015752454,0.978909015752454
79,21,Stage 4,Stage 4,0.9578829742868965,0.9578829742868965
79,22,Stage 4,Stage 4,0.9975795181435151,0.9975795181435151
79,23,Stage 4,Stage 4,0.9098396421879299,0.9098396421879299
79,24,Stage 4,Stage 4,0.9560444793928928,0.9560444793928928
79,25,Stage 4,Stage 4,0.9376338264966496,0.9376338264966496
79,26,Stage 4,Stage 4,0.8679087161206108,0.8679087161206108
79,27,Stage 4,Stage 4,0.9421567777655305,0.9421567777655305
79,28,Stage 4,Stage 4,0.8123388542142778,0.8123388542142778
79,29,Stage 4,Stage 4,0.9469032315014736,0.9469032315014736
79,30,Stage 4,Stage 4,0.8439643543588825,0.8439643543588825
79,31,Stage 4,Stage 4,0.897150623156003,0.897150623156003
79,32,Stage 4,Stage 4,0.6710743000622241,0.6710743000622241
79,33,Stage 4,Stage 4,0.9917352722358047,0.9917352722358047
79,34,Stage 4,Stage 4,0.6950904227947526,0.6950904227947526
79,35,Stage 4,Stage 4,0.9991175667123603,0.9991175667123603
79,36,Stage 4,Stage 4,0.9030826943615435,0.9030826943615435
79,37,Stage 4,Stage 4,0.6721077576231564,0.6721077576231564
79,38,Stage 4,Stage 4,0.8914971845792193,0.8914971845792193
79,39,Stage 4,Stage 4,0.9068677577890211,0.9068677577890211
79,40,Stage 4,Stage 1,0.47388640597141496,0.4975886925248517
79,41,Stage 4,Stage 4,0.9817797230379509,0.9817797230379509
79,42,Stage 4,Stage 4,0.9868632036879696,0.9868632036879696
79,43,Stage 4,Stage 4,0.9306096461182112,0.9306096461182112
79,44,Stage 4,Stage 4,0.8780723397040867,0.8780723397040867
79,45,Stage 4,Stage 4,0.9755820417795161,0.9755820417795161
79,46,Stage 4,Stage 4,0.6263076909763575,0.6263076909763575
79,47,Stage 4,Stage 4,0.8390129233418425,0.8390129233418425
79,48,Stage 4,Stage 4,0.8618123650367479,0.8618123650367479
79,49,Stage 4,Stage 4,0.8134366740260631,0.8134366740260631
79,50,Stage 4,Stage 4,0.9509889708720181,0.9509889708720181
79,51,Stage 4,Stage 4,0.963877920181583,0.963877920181583
79,52,Stage 4,Stage 4,0.9922814701966325,0.9922814701966325
79,53,Stage 4,Stage 4,0.9122426523411054,0.9122426523411054
79,54,Stage 4,Stage 4,0.9269016155586375,0.9269016155586375
79,55,Stage 4,Stage 4,0.7826116473806665,0.7826116473806665
79,56,Stage 4,Stage 4,0.973270434432501,0.973270434432501
79,57,Stage 4,Stage 4,0.6459670051816164,0.6459670051816164
79,58,Stage 4,Stage 1,0.02084881103872076,0.9791511889612792
79,59,Stage 4,Stage 4,0.9413851125591112,0.9413851125591112
79,60,Stage 4,Stage 4,0.9563066861540235,0.9563066861540235
79,61,Stage 4,Stage 4,0.8757849382389215,0.8757849382389215
79,62,Stage 1,Stage 1,0.3428484666828048,0.6537488678516058
79,63,Stage 4,Stage 4,0.9032774458138952,0.9032774458138952
79,64,Stage 4,Stage 4,0.981541025430465,0.981541025430465
79,65,Stage 4,Stage 4,0.9689533973276216,0.9689533973276216
79,66,Stage 4,Stage 4,0.9126288353408036,0.9126288353408036
79,67,Stage 4,Stage 1,0.04805382545015147,0.9519461745498483
79,68,Stage 4,Stage 4,0.9693337150459581,0.9693337150459581
79,69,Stage 4,Stage 1,0.1339731830981891,0.8629666795371833
79,70,Stage 4,Stage 4,0.9641430865331134,0.9641430865331134
79,71,Stage 4,Stage 4,0.9186721924855101,0.9186721924855101
79,72,Stage 4,Stage 4,0.8989634215006955,0.8989634215006955
79,73,Stage 4,Stage 4,0.8837049721864209,0.8837049721864209
79,74,Stage 4,Stage 4,0.6678444263917672,0.6678444263917672
79,75,Stage 4,Stage 1,0.4817001186001593,0.5138265403323813
79,76,Stage 4,Stage 4,0.5734695641625362,0.5734695641625362
79,77,Stage 4,Stage 4,0.9481575624304869,0.9481575624304869
79,78,Stage 4,Stage 4,0.9116616420052139,0.9116616420052139
79,79,Stage 4,Stage 4,0.9282994051277491,0.9282994051277491
79,80,Stage 4,Stage 4,0.9972573993298594,0.9972573993298594
79,81,Stage 4,Stage 4,0.9955834912617617,0.9955834912617617
79,82,Stage 4,Stage 4,0.830173083815341,0.830173083815341
79,83,Stage 1,Stage 4,0.9613889404827854,0.9613889404827854
79,84,Stage 4,Stage 4,0.943976743578245,0.943976743578245
79,85,Stage 4,Stage 1,0.23609816935962855,0.7576410479870267
79,86,Stage 4,Stage 4,0.848708744918858,0.848708744918858
79,87,Stage 1,Stage 1,0.33680452771031677,0.5006359496252758
79,88,Stage 4,Stage 4,0.9534107918586078,0.9534107918586078
79,89,Stage 4,Stage 1,0.24098093135108817,0.7419781553637244
79,90,Stage 4,Stage 4,0.525165036156523,0.525165036156523
79,91,Stage 1,Stage 1,0.0010372801593579559,0.9989627198406422
79,92,Stage 1,Stage 1,0.41361569502762463,0.5819202813751181
79,93,Stage 4,Stage 4,0.5084729596913168,0.5084729596913168
79,94,Stage 4,Stage 1,0.16126896778309333,0.7982319200504999
79,95,Stage 1,Stage 1,0.054003244347435087,0.9361520118230156
79,96,Stage 1,Stage 1,0.3458366863589988,0.6541633136410011
79,97,Stage 4,Stage 1,0.32963138353783045,0.6614286559487524
79,98,Stage 4,Stage 4,0.8801384521570613,0.8801384521570613
79,99,Stage 4,Stage 4,0.9496343573468777,0.9496343573468777
79,100,Stage 4,Stage 1,0.27636890888026516,0.7236310911197348
79,101,Stage 1,Stage 1,0.03543752170758688,0.964562478292413
79,102,Stage 1,Stage 4,0.5351136591451288,0.5351136591451288
79,103,Stage 1,Stage 1,0.0032515033674344906,0.9967484966325655
79,104,Stage 1,Stage 1,0.04660989563977784,0.9531546018081349
79,105,Stage 1,Stage 1,0.0006238686472758413,0.9993761313527241
79,106,Stage 1,Stage 1,0.05968882829496803,0.9400310621978034
79,107,Stage 1,Stage 1,0.28058969443342907,0.719410305566571
79,108,Stage 1,Stage 1,0.24283001295014864,0.7571699870498513
79,109,Stage 1,Stage 1,0.10213839126186607,0.897861608738134
79,110,Stage 1,Stage 1,0.0015883915432486533,0.9984116084567516
79,111,Stage 1,Stage 1,0.002353057322913808,0.9976469426770863
79,112,Stage 1,Stage 4,0.5885506772548087,0.5885506772548087
79,113,Stage 1,Stage 1,0.0017511841211070515,0.9982488158788929
79,114,Stage 1,Stage 1,0.0006083282213124412,0.9993916717786878
79,115,Stage 1,Stage 1,0.00043287000021515745,0.9995671299997847
79,116,Stage 1,Stage 1,0.10434719690198369,0.8956528030980163
79,117,Stage 1,Stage 1,2.0462682722380503e-05,0.9999795373172776
79,118,Stage 1,Stage 1,0.007860898227116612,0.9921391017728833
79,119,Stage 1,Stage 1,0.0011573097867622073,0.9988426902132378
79,120,Stage 1,Stage 1,0.0005033320092951159,0.9994966679907048
79,121,Stage 1,Stage 1,5.244972450586472e-06,0.9999947550275495
79,122,Stage 1,Stage 1,0.003044039815598886,0.9969559601844012
79,123,Stage 1,Stage 1,0.028193602936651883,0.9718063970633481
79,124,Stage 1,Stage 1,0.0329936792994829,0.9670063207005171
79,125,Stage 1,Stage 1,0.0002215442724920438,0.999778455727508
79,126,Stage 1,Stage 1,0.015598351522811367,0.9844016484771888
79,127,Stage 1,Stage 1,0.003546826276072215,0.9964531737239279
79,128,Stage 1,Stage 1,0.00011555198447630688,0.9998844480155238
79,129,Stage 1,Stage 1,0.04505191069487478,0.9549480893051253
79,130,Stage 1,Stage 1,5.244972450586472e-06,0.9999947550275495
79,131,Stage 1,Stage 1,2.0462682722380503e-05,0.9999795373172776
79,132,Stage 1,Stage 1,0.007600702679493515,0.9923992973205066
79,133,Stage 1,Stage 1,5.244972450586472e-06,0.9999947550275495
79,134,Stage 1,Stage 1,0.00011555198447630688,0.9998844480155238
79,135,Stage 1,Stage 1,0.00010438050259719058,0.9998956194974028
79,136,Stage 1,Stage 1,0.00014967216578086926,0.9998503278342192
79,137,Stage 1,Stage 1,0.00011555198447630688,0.9998844480155238
79,138,Stage 1,Stage 1,5.807521128874955e-05,0.9999419247887112
79,139,Stage 1,Stage 1,5.244972450586472e-06,0.9999947550275495
79,140,Stage 1,Stage 1,5.244972450586472e-06,0.9999947550275495
79,141,Stage 1,Stage 1,4.285750101695553e-05,0.9999571424989832
79,142,Stage 1,Stage 1,5.244972450586472e-06,0.9999947550275495
79,143,Stage 1,Stage 1,5.244972450586472e-06,0.9999947550275495
79,144,Stage 1,Stage 1,4.285750101695553e-05,0.9999571424989832
79,145,Stage 1,Stage 1,5.244972450586472e-06,0.9999947550275495
79,146,Stage 1,Stage 1,4.285750101695553e-05,0.9999571424989832
79,147,Stage 1,Stage 1,4.285750101695553e-05,0.9999571424989832
79,148,Stage 1,Stage 1,5.244972450586472e-06,0.9999947550275495
79,149,Stage 1,Stage 1,5.244972450586472e-06,0.9999947550275495
79,150,Stage 1,Stage 1,5.244972450586472e-06,0.9999947550275495
79,151,Stage 1,Stage 1,5.244972450586472e-06,0.9999947550275495
79,152,Stage 1,Stage 1,5.244972450586472e-06,0.9999947550275495
79,153,Stage 1,Stage 1,4.285750101695553e-05,0.9999571424989832
79,154,Stage 1,Stage 1,5.244972450586472e-06,0.9999947550275495
79,155,Stage 1,Stage 1,5.244972450586472e-06,0.9999947550275495
79,156,Stage 1,Stage 1,5.244972450586472e-06,0.9999947550275495
79,157,Stage 1,Stage 1,5.244972450586472e-06,0.9999947550275495
79,158,Stage 1,Stage 1,5.244972450586472e-06,0.9999947550275495
79,159,Stage 1,Stage 1,5.244972450586472e-06,0.9999947550275495
79,160,Stage 1,Stage 1,5.244972450586472e-06,0.9999947550275495
79,161,Stage 1,Stage 1,5.244972450586472e-06,0.9999947550275495
79,162,Stage 1,Stage 1,5.244972450586472e-06,0.9999947550275495
79,163,Stage 1,Stage 1,5.244972450586472e-06,0.9999947550275495
79,164,Stage 1,Stage 1,5.244972450586472e-06,0.9999947550275495
79,165,Stage 1,Stage 1,5.244972450586472e-06,0.9999947550275495
79,166,Stage 1,Stage 1,5.244972450586472e-06,0.9999947550275495
80,1,Stage 4,Stage 4,0.9586637196553308,0.9586637196553308
80,2,Stage 4,Stage 4,0.7641150974924593,0.7641150974924593
80,3,Stage 4,Stage 1,0.12695415432768253,0.8730458456723174
80,4,Stage 4,Stage 4,0.9231616527865331,0.9231616527865331
80,5,Stage 4,Stage 4,0.9192647128910212,0.9192647128910212
80,6,Stage 4,Stage 4,0.9260294845798172,0.9260294845798172
80,7,Stage 4,Stage 1,0.231847438390558,0.7678376860746858
80,8,Stage 4,Stage 4,0.9595051725711766,0.9595051725711766
80,9,Stage 4,Stage 4,0.9856203156642922,0.9856203156642922
80,10,Stage 4,Stage 4,0.9936391810457216,0.9936391810457216
80,11,Stage 4,Stage 4,0.8082582395025852,0.8082582395025852
80,12,Stage 4,Stage 1,0.1694706199594724,0.8301549097473147
80,13,Stage 4,Stage 4,0.7007744484412247,0.7007744484412247
80,14,Stage 4,Stage 4,0.500274038761293,0.500274038761293
80,15,Stage 4,Stage 4,0.9193095395300847,0.9193095395300847
80,16,Stage 4,Stage 4,0.9029125390375476,0.9029125390375476
80,17,Stage 4,Stage 4,0.9295425651695397,0.9295425651695397
80,18,Stage 4,Stage 4,0.7800003809143297,0.7800003809143297
80,19,Stage 4,Stage 4,0.9306710904083597,0.9306710904083597
80,20,Stage 4,Stage 4,0.9689290500724348,0.9689290500724348
80,21,Stage 4,Stage 4,0.9410792168616962,0.9410792168616962
80,22,Stage 4,Stage 4,0.6825961937702444,0.6825961937702444
80,23,Stage 4,Stage 4,0.9934393742941391,0.9934393742941391
80,24,Stage 4,Stage 4,0.7746591754658945,0.7746591754658945
80,25,Stage 4,Stage 4,0.9718609459467501,0.9718609459467501
80,26,Stage 4,Stage 4,0.9951351132243252,0.9951351132243252
80,27,Stage 4,Stage 4,0.9289262510246498,0.9289262510246498
80,28,Stage 4,Stage 4,0.7513651367124974,0.7513651367124974
80,29,Stage 4,Stage 4,0.9148097494178719,0.9148097494178719
80,30,Stage 4,Stage 4,0.943771576197131,0.943771576197131
80,31,Stage 4,Stage 4,0.8891551262960492,0.8891551262960492
80,32,Stage 4,Stage 1,0.18507866632080563,0.8144582328838688
80,33,Stage 4,Stage 4,0.9461253509862799,0.9461253509862799
80,34,Stage 4,Stage 4,0.886328954770039,0.886328954770039
80,35,Stage 4,Stage 4,0.8938018698869329,0.8938018698869329
80,36,Stage 4,Stage 4,0.986661839173327,0.986661839173327
80,37,Stage 4,Stage 4,0.9496491275615981,0.9496491275615981
80,38,Stage 4,Stage 4,0.9218630402316764,0.9218630402316764
80,39,Stage 4,Stage 4,0.9062930995594701,0.9062930995594701
80,40,Stage 4,Stage 4,0.9623716946412006,0.9623716946412006
80,41,Stage 4,Stage 4,0.9743715753890159,0.9743715753890159
80,42,Stage 4,Stage 4,0.8986809198297101,0.8986809198297101
80,43,Stage 4,Stage 1,0.34930730349494316,0.650226359506868
80,44,Stage 4,Stage 4,0.9283162004051534,0.9283162004051534
80,45,Stage 4,Stage 4,0.5114626145603131,0.5114626145603131
80,46,Stage 4,Stage 4,0.5803026060297016,0.5803026060297016
80,47,Stage 4,Stage 4,0.8658645752690596,0.8658645752690596
80,48,Stage 1,Stage 1,0.38776745675395957,0.6122325432460407
80,49,Stage 4,Stage 4,0.8599262399889854,0.8599262399889854
80,50,Stage 4,Stage 4,0.5080453282204251,0.5080453282204251
80,51,Stage 4,Stage 1,0.3273511656142458,0.5988455990749391
80,52,Stage 4,Stage 4,0.9883264573139499,0.9883264573139499
80,53,Stage 4,Stage 1,0.49842348487717203,0.5012454169761239
80,54,Stage 4,Stage 1,0.39153560839418033,0.6053720788046928
80,55,Stage 1,Stage 1,0.39163180358962574,0.5994962032765917
80,56,Stage 4,Stage 1,0.3894812159476275,0.6030406078503955
80,57,Stage 4,Stage 4,0.9569335608627182,0.9569335608627182
80,58,Stage 1,Stage 1,0.06590306632639685,0.9332692768392258
80,59,Stage 4,Stage 4,0.9747259910357601,0.9747259910357601
80,60,Stage 4,Stage 4,0.8843706701142603,0.8843706701142603
80,61,Stage 1,Stage 1,0.14403561845598464,0.8554562340092631
80,62,Stage 4,Stage 4,0.7666591594921475,0.7666591594921475
80,63,Stage 1,Stage 1,0.04938207469785834,0.9506179253021414
80,64,Stage 4,Stage 4,0.6941139869291311,0.6941139869291311
80,65,Stage 1,Stage 1,0.17833523161889514,0.8210622136604055
80,66,Stage 1,Stage 1,0.4634535869813067,0.5343010319353588
80,67,Stage 4,Stage 1,0.38976469136454156,0.6099366367631399
80,68,Stage 1,Stage 1,0.04387652508953219,0.953296899209095
80,69,Stage 4,Stage 4,0.931032454962579,0.931032454962579
80,70,Stage 4,Stage 4,0.7945444891358006,0.7945444891358006
80,71,Stage 4,Stage 1,0.33762386984200804,0.662376130157992
80,72,Stage 4,Stage 1,0.1465480887636808,0.8467852445696525
80,73,Stage 1,Stage 1,0.03863499737765828,0.9609341421374853
80,74,Stage 1,Stage 1,0.0007138935996001456,0.9992861064003997
80,75,Stage 4,Stage 4,0.9615466613337217,0.9615466613337217
80,76,Stage 4,Stage 4,0.6821035796033553,0.6821035796033553
80,77,Stage 1,Stage 1,0.05919068351920493,0.9334419118241482
80,78,Stage 1,Stage 1,0.08009276597635763,0.919907234023642
80,79,Stage 1,Stage 1,0.011526892091730622,0.9884731079082694
80,80,Stage 1,Stage 1,0.014485670512731636,0.9855143294872684
80,81,Stage 1,Stage 1,0.01637827758977301,0.9836217224102272
80,82,Stage 1,Stage 1,0.42825523431865586,0.5522095512709566
80,83,Stage 1,Stage 1,0.009178805727506375,0.9908211942724936
80,84,Stage 1,Stage 1,0.054984284796686336,0.9450157152033141
80,85,Stage 1,Stage 1,0.14616802039564636,0.838861590592595
80,86,Stage 1,Stage 1,0.06223863750169163,0.9307273091735179
80,87,Stage 1,Stage 1,0.12234510090318146,0.8776548990968185
80,88,Stage 1,Stage 1,0.01958996979178647,0.9804100302082136
80,89,Stage 1,Stage 4,0.7504387173604832,0.7504387173604832
80,90,Stage 1,Stage 1,0.02814468658190009,0.9718553134181
80,91,Stage 1,Stage 1,0.007807991752712808,0.9921920082472871
80,92,Stage 1,Stage 1,0.1827136330954962,0.817286366904504
80,93,Stage 1,Stage 1,0.1875597200118629,0.79868673391584
80,94,Stage 1,Stage 1,0.003202100036299136,0.9967978999637009
80,95,Stage 1,Stage 1,0.005907118838063102,0.9940928811619372
80,96,Stage 1,Stage 1,0.2684292613895877,0.7276417043413199
80,97,Stage 1,Stage 1,0.0001307696947481009,0.9998692303052519
80,98,Stage 1,Stage 1,0.008088701294393494,0.9919112987056067
80,99,Stage 1,Stage 1,0.010350592718883037,0.9845927934540223
80,100,Stage 1,Stage 1,0.043467230070828373,0.956532769929172
80,101,Stage 1,Stage 1,0.04085599267654222,0.9591440073234578
80,102,Stage 1,Stage 1,0.00024758494752811095,0.9997524150524719
80,103,Stage 1,Stage 1,0.00011959821286898461,0.9998804017871311
80,104,Stage 1,Stage 1,0.05025730800313351,0.9497426919968666
80,105,Stage 1,Stage 1,5.244972450586472e-06,0.9999947550275495
80,106,Stage 1,Stage 1,4.285750101695553e-05,0.9999571424989832
80,107,Stage 1,Stage 1,5.244972450586472e-06,0.9999947550275495
80,108,Stage 1,Stage 1,0.023102061059621898,0.9768979389403782
80,109,Stage 1,Stage 1,4.285750101695553e-05,0.9999571424989832
80,110,Stage 1,Stage 1,0.009741803324719082,0.9902581966752806
80,111,Stage 1,Stage 1,5.244972450586472e-06,0.9999947550275495
80,112,Stage 1,Stage 1,5.244972450586472e-06,0.9999947550275495
80,113,Stage 1,Stage 1,5.244972450586472e-06,0.9999947550275495
80,114,Stage 1,Stage 1,5.244972450586472e-06,0.9999947550275495
80,115,Stage 1,Stage 1,5.244972450586472e-06,0.9999947550275495
80,116,Stage 1,Stage 1,5.244972450586472e-06,0.9999947550275495
80,117,Stage 1,Stage 1,5.244972450586472e-06,0.9999947550275495
80,118,Stage 1,Stage 1,5.244972450586472e-06,0.9999947550275495
80,119,Stage 1,Stage 1,0.00029293562605856835,0.9997070643739416
80,120,Stage 1,Stage 1,6.50509323225559e-05,0.9999349490676775
80,121,Stage 1,Stage 1,5.244972450586472e-06,0.9999947550275495
80,122,Stage 1,Stage 1,5.244972450586472e-06,0.9999947550275495
80,123,Stage 1,Stage 1,0.028600765253189983,0.97139923474681
80,124,Stage 1,Stage 1,0.0005549158633356562,0.9994450841366644
80,125,Stage 1,Stage 1,5.244972450586472e-06,0.9999947550275495
80,126,Stage 1,Stage 1,5.244972450586472e-06,0.9999947550275495
80,127,Stage 1,Stage 1,5.244972450586472e-06,0.9999947550275495
80,128,Stage 1,Stage 1,5.244972450586472e-06,0.9999947550275495
80,129,Stage 1,Stage 1,5.244972450586472e-06,0.9999947550275495
80,130,Stage 1,Stage 1,5.244972450586472e-06,0.9999947550275495
80,131,Stage 1,Stage 1,5.244972450586472e-06,0.9999947550275495
80,132,Stage 1,Stage 1,5.244972450586472e-06,0.9999947550275495
80,133,Stage 1,Stage 1,5.244972450586472e-06,0.9999947550275495
80,134,Stage 1,Stage 1,5.244972450586472e-06,0.9999947550275495
80,135,Stage 1,Stage 1,5.244972450586472e-06,0.9999947550275495
80,136,Stage 1,Stage 1,5.244972450586472e-06,0.9999947550275495
80,137,Stage 1,Stage 1,5.244972450586472e-06,0.9999947550275495
80,138,Stage 1,Stage 1,5.244972450586472e-06,0.9999947550275495
80,139,Stage 1,Stage 1,5.244972450586472e-06,0.9999947550275495
80,140,Stage 1,Stage 1,5.244972450586472e-06,0.9999947550275495
80,141,Stage 1,Stage 1,5.244972450586472e-06,0.9999947550275495
80,142,Stage 1,Stage 1,5.244972450586472e-06,0.9999947550275495
80,143,Stage 1,Stage 1,5.244972450586472e-06,0.9999947550275495
80,144,Stage 1,Stage 1,5.244972450586472e-06,0.9999947550275495
80,145,Stage 1,Stage 1,0.020005244972450587,0.9799947550275495
80,146,Stage 1,Stage 1,5.244972450586472e-06,0.9999947550275495
80,147,Stage 1,Stage 1,5.244972450586472e-06,0.9999947550275495
81,1,Stage 4,Stage 4,0.9994759102754057,0.9994759102754057
81,2,Stage 4,Stage 4,0.9985601906606073,0.9985601906606073
81,3,Stage 4,Stage 4,0.9994516834851203,0.9994516834851203
81,4,Stage 4,Stage 4,0.9982586053347969,0.9982586053347969
81,5,Stage 4,Stage 4,0.9971692661866922,0.9971692661866922
81,6,Stage 4,Stage 4,0.9993405013644557,0.9993405013644557
81,7,Stage 4,Stage 4,0.9996461768668902,0.9996461768668902
81,8,Stage 4,Stage 4,0.9995045143911732,0.9995045143911732
81,9,Stage 4,Stage 4,0.9992583367671157,0.9992583367671157
81,10,Stage 4,Stage 4,0.997849832477656,0.997849832477656
81,11,Stage 4,Stage 4,0.9983546973243388,0.9983546973243388
81,12,Stage 4,Stage 4,0.9957579526992104,0.9957579526992104
81,13,Stage 4,Stage 4,0.943368513292653,0.943368513292653
81,14,Stage 4,Stage 4,0.9975292523849307,0.9975292523849307
81,15,Stage 4,Stage 4,0.9889842487003011,0.9889842487003011
81,16,Stage 4,Stage 4,0.9995251120820938,0.9995251120820938
81,17,Stage 4,Stage 4,0.9981030771581297,0.9981030771581297
81,18,Stage 4,Stage 4,0.9988014013658538,0.9988014013658538
81,19,Stage 4,Stage 4,0.9995785620774134,0.9995785620774134
81,20,Stage 4,Stage 4,0.9997261608338209,0.9997261608338209
81,21,Stage 4,Stage 4,0.9990878511334862,0.9990878511334862
81,22,Stage 4,Stage 4,0.9977224674909363,0.9977224674909363
81,23,Stage 4,Stage 4,0.9995992146639255,0.9995992146639255
81,24,Stage 4,Stage 4,0.9985350130075561,0.9985350130075561
81,25,Stage 4,Stage 4,0.9810754565821715,0.9810754565821715
81,26,Stage 4,Stage 4,0.9995992146639255,0.9995992146639255
81,27,Stage 4,Stage 4,0.9987708380635311,0.9987708380635311
81,28,Stage 4,Stage 4,0.9994629771838077,0.9994629771838077
81,29,Stage 4,Stage 4,0.998721390102523,0.998721390102523
81,30,Stage 4,Stage 4,0.999589923353703,0.999589923353703
81,31,Stage 4,Stage 4,0.9974414398912521,0.9974414398912521
81,32,Stage 4,Stage 4,0.9995741593044724,0.9995741593044724
81,33,Stage 4,Stage 4,0.9990738570108283,0.9990738570108283
81,34,Stage 4,Stage 4,0.9978985365904174,0.9978985365904174
81,35,Stage 4,Stage 4,0.9997621719040385,0.9997621719040385
81,36,Stage 4,Stage 4,0.992664026188441,0.992664026188441
81,37,Stage 4,Stage 4,0.9977409288486049,0.9977409288486049
81,38,Stage 4,Stage 4,0.9980992085738226,0.9980992085738226
81,39,Stage 4,Stage 4,0.9996683476971316,0.9996683476971316
81,40,Stage 4,Stage 4,0.9839934192229978,0.9839934192229978
81,41,Stage 4,Stage 4,0.9956758136398023,0.9956758136398023
81,42,Stage 4,Stage 4,0.9921968183848744,0.9921968183848744
81,43,Stage 4,Stage 4,0.9671158109609225,0.9671158109609225
81,44,Stage 4,Stage 4,0.9989278460691107,0.9989278460691107
81,45,Stage 4,Stage 4,0.9971383830614413,0.9971383830614413
81,46,Stage 4,Stage 4,0.9995575203998971,0.9995575203998971
81,47,Stage 4,Stage 4,0.9987076689166385,0.9987076689166385
81,48,Stage 4,Stage 4,0.9994254722728012,0.9994254722728012
81,49,Stage 4,Stage 4,0.9969017315470214,0.9969017315470214
81,50,Stage 4,Stage 4,0.9882448526774161,0.9882448526774161
81,51,Stage 4,Stage 4,0.9996296289523203,0.9996296289523203
81,52,Stage 4,Stage 4,0.9980925247502235,0.9980925247502235
81,53,Stage 4,Stage 4,0.999086903710561,0.999086903710561
81,54,Stage 4,Stage 4,0.999661940916121,0.999661940916121
81,55,Stage 4,Stage 4,0.999539465096769,0.999539465096769
81,56,Stage 4,Stage 4,0.9940553054468855,0.9940553054468855
81,57,Stage 4,Stage 4,0.9995630710128601,0.9995630710128601
81,58,Stage 4,Stage 4,0.992912334390529,0.992912334390529
81,59,Stage 4,Stage 4,0.9994952230809506,0.9994952230809506
81,60,Stage 4,Stage 4,0.9996252070544744,0.9996252070544744
81,61,Stage 4,Stage 4,0.9993780477907542,0.9993780477907542
81,62,Stage 4,Stage 4,0.9993137028488905,0.9993137028488905
81,63,Stage 4,Stage 4,0.9888108506987034,0.9888108506987034
81,64,Stage 4,Stage 4,0.9985704297169531,0.9985704297169531
81,65,Stage 4,Stage 4,0.9994516834851203,0.9994516834851203
81,66,Stage 4,Stage 4,0.9993181879165447,0.9993181879165447
81,67,Stage 4,Stage 4,0.999539465096769,0.999539465096769
81,68,Stage 4,Stage 4,0.9997103967845901,0.9997103967845901
81,69,Stage 4,Stage 4,0.9992920114913162,0.9992920114913162
81,70,Stage 4,Stage 4,0.9995666492894594,0.9995666492894594
81,71,Stage 4,Stage 4,0.9985383547685697,0.9985383547685697
81,72,Stage 4,Stage 4,0.8687660606139707,0.8687660606139707
81,73,Stage 4,Stage 4,0.9996636375041,0.9996636375041
81,74,Stage 4,Stage 4,0.9343128013308327,0.9343128013308327
81,75,Stage 4,Stage 4,0.9994298750457424,0.9994298750457424
81,76,Stage 4,Stage 4,0.9994241050193317,0.9994241050193317
81,77,Stage 4,Stage 4,0.9987893861612334,0.9987893861612334
81,78,Stage 4,Stage 4,0.9969369991792867,0.9969369991792867
81,79,Stage 4,Stage 4,0.9987635891441745,0.9987635891441745
81,80,Stage 4,Stage 4,0.9914163619305051,0.9914163619305051
81,81,Stage 4,Stage 4,0.9996455855129809,0.9996455855129809
81,82,Stage 4,Stage 4,0.9983957003789676,0.9983957003789676
81,83,Stage 4,Stage 4,0.9990006526074247,0.9990006526074247
81,84,Stage 4,Stage 4,0.9982468365795758,0.9982468365795758
81,85,Stage 4,Stage 4,0.9990151139759506,0.9990151139759506
81,86,Stage 4,Stage 4,0.9997261608338209,0.9997261608338209
81,87,Stage 4,Stage 4,0.9995741593044724,0.9995741593044724
81,88,Stage 4,Stage 4,0.9981656020700472,0.9981656020700472
81,89,Stage 4,Stage 4,0.999289846261947,0.999289846261947
81,90,Stage 4,Stage 4,0.9980656165558799,0.9980656165558799
81,91,Stage 4,Stage 4,0.9964399233584574,0.9964399233584574
81,92,Stage 4,Stage 4,0.9906539470884063,0.9906539470884063
81,93,Stage 4,Stage 4,0.9976446992707197,0.9976446992707197
81,94,Stage 4,Stage 4,0.998347956548987,0.998347956548987
81,95,Stage 4,Stage 4,0.9994544253966624,0.9994544253966624
81,96,Stage 4,Stage 4,0.992179857044455,0.992179857044455
81,97,Stage 4,Stage 4,0.9987327513788127,0.9987327513788127
81,98,Stage 4,Stage 4,0.9994613566815982,0.9994613566815982
81,99,Stage 4,Stage 4,0.995832038924611,0.995832038924611
81,100,Stage 4,Stage 4,0.9632952682835033,0.9632952682835033
81,101,Stage 4,Stage 4,0.998607153529091,0.998607153529091
81,102,Stage 4,Stage 4,0.9475599915163468,0.9475599915163468
81,103,Stage 4,Stage 4,0.9953958143430242,0.9953958143430242
81,104,Stage 4,Stage 4,0.9915935410402671,0.9915935410402671
81,105,Stage 4,Stage 4,0.9993731271778455,0.9993731271778455
81,106,Stage 4,Stage 4,0.9992882709767598,0.9992882709767598
81,107,Stage 4,Stage 4,0.9980827842158206,0.9980827842158206
81,108,Stage 4,Stage 4,0.9995992146639255,0.9995992146639255
81,109,Stage 4,Stage 4,0.9959047906134957,0.9959047906134957
81,110,Stage 4,Stage 4,0.9937918959223947,0.9937918959223947
81,111,Stage 4,Stage 4,0.9803209652121215,0.9803209652121215
81,112,Stage 4,Stage 4,0.9993405013644557,0.9993405013644557
81,113,Stage 4,Stage 4,0.9964532302396244,0.9964532302396244
81,114,Stage 4,Stage 4,0.999589923353703,0.999589923353703
81,115,Stage 4,Stage 4,0.9982160954960528,0.9982160954960528
81,116,Stage 4,Stage 4,0.9975799836578729,0.9975799836578729
81,117,Stage 4,Stage 4,0.9969927346687263,0.9969927346687263
81,118,Stage 4,Stage 4,0.9810772243208754,0.9810772243208754
81,119,Stage 4,Stage 4,0.9677782795494344,0.9677782795494344
81,120,Stage 4,Stage 4,0.999459168001361,0.999459168001361
81,121,Stage 4,Stage 4,0.9980477314616597,0.9980477314616597
81,122,Stage 4,Stage 4,0.9984058840051598,0.9984058840051598
81,123,Stage 4,Stage 4,0.956462126060217,0.956462126060217
81,124,Stage 4,Stage 4,0.9952282727136517,0.9952282727136517
81,125,Stage 4,Stage 4,0.997956924980816,0.997956924980816
81,126,Stage 4,Stage 4,0.9995024293717595,0.9995024293717595
81,127,Stage 4,Stage 4,0.9976383901509994,0.9976383901509994
81,128,Stage 4,Stage 4,0.9994415998480047,0.9994415998480047
81,129,Stage 4,Stage 4,0.9992946245547446,0.9992946245547446
81,130,Stage 4,Stage 4,0.9410146640600431,0.9410146640600431
81,131,Stage 4,Stage 4,0.6319920666813453,0.6319920666813453
81,132,Stage 4,Stage 4,0.9509248765745771,0.9509248765745771
81,133,Stage 4,Stage 4,0.9874425825023276,0.9874425825023276
81,134,Stage 4,Stage 4,0.7071853447486999,0.7071853447486999
81,135,Stage 4,Stage 4,0.9541302976794183,0.9541302976794183
81,136,Stage 4,Stage 4,0.9903906395200509,0.9903906395200509
81,137,Stage 4,Stage 4,0.9645573178159513,0.9645573178159513
81,138,Stage 4,Stage 4,0.9770316122820194,0.9770316122820194
81,139,Stage 4,Stage 4,0.9862473231230814,0.9862473231230814
81,140,Stage 4,Stage 4,0.9985344449359004,0.9985344449359004
81,141,Stage 4,Stage 4,0.9974692471409294,0.9974692471409294
81,142,Stage 4,Stage 4,0.9651061709911054,0.9651061709911054
81,143,Stage 4,Stage 4,0.9994629771838077,0.9994629771838077
81,144,Stage 4,Stage 4,0.993282922700812,0.993282922700812
81,145,Stage 4,Stage 4,0.8005499612360306,0.8005499612360306
81,146,Stage 4,Stage 4,0.9996348155906005,0.9996348155906005
81,147,Stage 4,Stage 4,0.9752092605465824,0.9752092605465824
81,148,Stage 4,Stage 4,0.991539655435155,0.991539655435155
81,149,Stage 4,Stage 4,0.9914905016626655,0.9914905016626655
81,150,Stage 4,Stage 4,0.9854949499281668,0.9854949499281668
81,151,Stage 4,Stage 4,0.9685285795335223,0.9685285795335223
81,152,Stage 4,Stage 4,0.921278608871423,0.921278608871423
81,153,Stage 4,Stage 4,0.9913542692532228,0.9913542692532228
81,154,Stage 4,Stage 4,0.9520178351485977,0.9520178351485977
81,155,Stage 4,Stage 4,0.9503001859272141,0.9503001859272141
81,156,Stage 4,Stage 4,0.97091571715386,0.97091571715386
81,157,Stage 4,Stage 4,0.9947306524260906,0.9947306524260906
81,158,Stage 4,Stage 4,0.8096493986592532,0.8096493986592532
81,159,Stage 4,Stage 4,0.9285686579945039,0.9285686579945039
81,160,Stage 4,Stage 4,0.9824610898738194,0.9824610898738194
81,161,Stage 4,Stage 4,0.9918731333135467,0.9918731333135467
81,162,Stage 4,Stage 4,0.9425184200167674,0.9425184200167674
81,163,Stage 4,Stage 4,0.9717053658665242,0.9717053658665242
81,164,Stage 4,Stage 4,0.7584213459200019,0.7584213459200019
81,165,Stage 4,Stage 4,0.9960871090168287,0.9960871090168287
81,166,Stage 4,Stage 4,0.9907913889277703,0.9907913889277703
81,167,Stage 4,Stage 4,0.8686007780154485,0.8686007780154485
81,168,Stage 4,Stage 4,0.9850596376545477,0.9850596376545477
81,169,Stage 4,Stage 4,0.6947048745557741,0.6947048745557741
81,170,Stage 4,Stage 2,0.2696154239767713,0.7303845760232287
81,171,Stage 4,Stage 4,0.969594907056506,0.969594907056506
81,172,Stage 4,Stage 4,0.9830481244524982,0.9830481244524982
81,173,Stage 4,Stage 4,0.9172861624884513,0.9172861624884513
81,174,Stage 2,Stage 2,0.2810344556425351,0.7189350865696575
81,175,Stage 4,Stage 4,0.9908553779657738,0.9908553779657738
81,176,Stage 4,Stage 4,0.8092964252123452,0.8092964252123452
81,177,Stage 4,Stage 4,0.5826765327180841,0.5826765327180841
81,178,Stage 2,Stage 4,0.9534323189876471,0.9534323189876471
81,179,Stage 4,Stage 4,0.8682676938901682,0.8682676938901682
81,180,Stage 4,Stage 4,0.8733216584039563,0.8733216584039563
81,181,Stage 4,Stage 4,0.9119295598012915,0.9119295598012915
81,182,Stage 4,Stage 4,0.874351040755333,0.874351040755333
81,183,Stage 2,Stage 4,0.9298792915716269,0.9298792915716269
81,184,Stage 2,Stage 2,0.45610970248777705,0.5438902975122233
81,185,Stage 2,Stage 2,0.45216469962572753,0.5478353003742724
81,186,Stage 4,Stage 4,0.9785538312389666,0.9785538312389666
81,187,Stage 4,Stage 4,0.5317139063739437,0.5317139063739437
81,188,Stage 4,Stage 4,0.7362551528169665,0.7362551528169665
81,189,Stage 2,Stage 4,0.5342383935342502,0.5342383935342502
81,190,Stage 2,Stage 2,0.4686138395497638,0.5313861604502363
81,191,Stage 4,Stage 4,0.7677119670617225,0.7677119670617225
81,192,Stage 4,Stage 4,0.9721083467107285,0.9721083467107285
81,193,Stage 2,Stage 2,0.21791486994551715,0.7820546722666755
81,194,Stage 2,Stage 2,0.1920349889197456,0.8079650110802544
81,195,Stage 2,Stage 2,0.0160336892834332,0.9838657033276985
81,196,Stage 2,Stage 2,0.057348274010771666,0.9425405000277752
81,197,Stage 4,Stage 4,0.9830675703155193,0.9830675703155193
81,198,Stage 2,Stage 2,0.040184197848023594,0.9596581359077864
81,199,Stage 4,Stage 2,0.4207192116414277,0.5792807883585724
81,200,Stage 2,Stage 2,0.04049109234518785,0.9594083002659435
81,201,Stage 4,Stage 4,0.673881117358005,0.673881117358005
81,202,Stage 2,Stage 2,0.029813617163098004,0.9699037913718691
81,203,Stage 2,Stage 2,0.03690313231242697,0.9628003246345659
81,204,Stage 4,Stage 2,0.1375400806375024,0.862446174284353
81,205,Stage 2,Stage 2,0.24132039156528856,0.7586796084347114
81,206,Stage 2,Stage 2,0.10637495057376865,0.8934171199229305
81,207,Stage 2,Stage 2,0.10100235424205879,0.898853088237281
81,208,Stage 2,Stage 2,0.1393577315011937,0.8606118107109989
81,209,Stage 2,Stage 2,0.12348324326977478,0.8764637229574194
81,210,Stage 2,Stage 2,0.1825282499958107,0.8174717500041894
81,211,Stage 4,Stage 2,0.21881479866015174,0.7811852013398484
81,212,Stage 2,Stage 2,0.05124788846365043,0.94845901966625
81,213,Stage 2,Stage 2,0.31328559592080557,0.6865662265750134
81,214,Stage 2,Stage 2,0.005891528799078371,0.9940078638120533
81,215,Stage 2,Stage 2,0.0039692769985936694,0.9954854343854214
81,216,Stage 4,Stage 4,0.6050732416508718,0.6050732416508718
81,217,Stage 4,Stage 2,0.3865271214937906,0.6134620021965085
81,218,Stage 2,Stage 2,0.03400981804895756,0.9651807530252231
81,219,Stage 4,Stage 2,0.21144081978043022,0.7885287224317623
81,220,Stage 2,Stage 2,0.12697819400684568,0.8729095049313904
81,221,Stage 2,Stage 2,0.0614921832666838,0.9383598393466491
81,222,Stage 2,Stage 2,0.006729036833849291,0.9928397553088195
81,223,Stage 2,Stage 2,0.1630493102575225,0.8369100847309413
81,224,Stage 2,Stage 2,0.005147956979102937,0.9942352752129802
81,225,Stage 2,Stage 2,0.003189167677892678,0.9963764376259148
81,226,Stage 2,Stage 2,0.0005266364955960397,0.9985309474678877
81,227,Stage 2,Stage 2,0.04013575617221433,0.9595771653670243
81,228,Stage 2,Stage 2,0.0077820149707157355,0.9920088469402651
81,229,Stage 2,Stage 2,0.0010443677789745186,0.9985938163576238
81,230,Stage 2,Stage 2,0.1063664038508575,0.8935668172981915
81,231,Stage 2,Stage 2,0.006041848032303767,0.9936205743550716
81,232,Stage 2,Stage 2,0.003227390883016751,0.9907080566005039
81,233,Stage 2,Stage 2,0.004100741292251275,0.9954729220399744
81,234,Stage 2,Stage 2,0.0063135876217998346,0.9935982337506014
81,235,Stage 2,Stage 2,0.001183898492683868,0.9982843150915335
81,236,Stage 2,Stage 2,0.01920122244273023,0.9803089191192459
81,237,Stage 2,Stage 2,0.004409074271883002,0.9948898970987564
81,238,Stage 2,Stage 2,0.002196438941885492,0.9973248683470743
81,239,Stage 2,Stage 2,0.007162827735870133,0.9920164078505693
81,240,Stage 2,Stage 2,0.0010925347782919364,0.99710458496359
81,241,Stage 2,Stage 2,0.0011582795929628,0.9982531231167778
81,242,Stage 2,Stage 2,0.0019483166217158343,0.9977087321937596
81,243,Stage 2,Stage 2,0.00384834165809548,0.9953199848809351
81,244,Stage 2,Stage 2,0.0016756901915855912,0.9982237024195459
81,245,Stage 2,Stage 2,0.00069144740939044,0.9977298600721974
81,246,Stage 2,Stage 2,0.008393531466527682,0.9910482961250051
81,247,Stage 2,Stage 2,0.012778226430256534,0.9867085322393344
81,248,Stage 2,Stage 2,0.0008856215496938036,0.9983122202989487
81,249,Stage 2,Stage 2,0.001941621856916119,0.9976320414753093
81,250,Stage 2,Stage 2,0.0031013763775625896,0.9963222448741296
81,251,Stage 2,Stage 2,0.0008028913371452632,0.9976105571642273
81,252,Stage 2,Stage 2,0.0013816849911424747,0.988489771841487
81,253,Stage 3,Stage 2,0.00022836886795608597,0.9721131161930475
81,254,Stage 2,Stage 2,0.0007699673628233378,0.998515071099079
81,255,Stage 2,Stage 2,0.0015088803227362871,0.9981344836536302
81,256,Stage 2,Stage 2,0.0004995847509943453,0.9979154486175389
81,257,Stage 2,Stage 2,0.00011412337633877377,0.991570748469472
81,258,Stage 2,Stage 2,0.007008700586927169,0.9868218317989234
81,259,Stage 2,Stage 2,0.0004995847509943453,0.9979154486175389
81,260,Stage 3,Stage 2,0.0003006720768381707,0.9336698413119829
81,261,Stage 2,Stage 2,0.00030946928523907334,0.9831146392631306
81,262,Stage 2,Stage 2,0.0008500944441959431,0.945557292201727
81,263,Stage 2,Stage 2,0.00012280360009738844,0.9908250644734526
81,264,Stage 2,Stage 2,0.00014165053961666673,0.7452480017820121
81,265,Stage 2,Stage 2,0.0004529612681555185,0.9743919206077031
81,266,Stage 2,Stage 2,3.9542741603107505e-05,0.8028325125976921
81,267,Stage 2,Stage 2,5.3137624968566864e-05,0.9743022178127015
81,268,Stage 2,Stage 2,0.0007388808597246265,0.9961850082620259
81,269,Stage 2,Stage 2,0.000190453906785828,0.9333186621911664
81,270,Stage 3,Stage 2,4.5168763086653e-05,0.8987334039678514
81,271,Stage 3,Stage 2,0.00029167440811850396,0.9429899691593709
81,272,Stage 2,Stage 2,0.00020756264795936786,0.9709082613994807
81,273,Stage 2,Stage 2,0.0,0.6501740139720954
81,274,Stage 2,Stage 2,0.0,0.6755220505767197
81,275,Stage 3,Stage 3,0.0,0.5529640063210006
81,276,Stage 3,Stage 3,0.0,0.5747933138724803
81,277,Stage 3,Stage 3,0.0,0.5653102978930733
81,278,Stage 3,Stage 3,0.0,0.797245805409711
81,279,Stage 2,Stage 3,0.0,0.8740981043214242
81,280,Stage 2,Stage 2,0.0,0.617326649150363
81,281,Stage 3,Stage 3,0.0,0.7165265487348339
81,282,Stage 3,Stage 3,0.0,0.9348755881950647
81,283,Stage 3,Stage 3,0.0,0.93001048724913
81,284,Stage 3,Stage 3,0.0,0.9102755413945128
81,285,Stage 3,Stage 3,0.0,0.9472337912738209
81,286,Stage 3,Stage 3,0.0,0.9565950637740415
81,287,Stage 3,Stage 3,0.0,0.7778746940223048
81,288,Stage 3,Stage 3,0.0,0.9334294251428766
81,289,Stage 3,Stage 3,0.0,0.9779317747452875
81,290,Stage 3,Stage 3,0.0,0.9332358873795029
81,291,Stage 3,Stage 3,0.0,0.9971680999986373
81,292,Stage 3,Stage 3,0.0,0.9982992324067502
81,293,Stage 3,Stage 3,0.0,0.9995841609665544
81,294,Stage 3,Stage 3,0.0,0.9978888492155122
81,295,Stage 3,Stage 3,0.0,0.9992242573844102
81,296,Stage 3,Stage 3,0.0,0.9990792716868003
81,297,Stage 3,Stage 3,0.0,0.9952113918508292
81,298,Stage 3,Stage 3,0.0,0.9991729792148974
81,299,Stage 3,Stage 3,0.0,0.9983735756080381
81,300,Stage 3,Stage 3,0.0,0.9995098722082256
81,301,Stage 3,Stage 3,0.0,0.9993635043379662
81,302,Stage 3,Stage 3,0.0,0.9992242573844102
81,303,Stage 3,Stage 3,0.0,0.9995588291079894
81,304,Stage 3,Stage 3,0.0,0.9988475888877182
81,305,Stage 3,Stage 3,0.0,0.999248157100357
81,306,Stage 3,Stage 3,0.0,0.9983142230216113
81,307,Stage 3,Stage 3,0.0,0.9988417397337961
81,308,Stage 3,Stage 3,0.0,0.9995057629016483
81,309,Stage 3,Stage 3,0.0,0.9990445710548814
81,310,Stage 3,Stage 3,0.0,0.9211134948287288
81,311,Stage 3,Stage 3,0.0,0.9993635043379662
81,312,Stage 3,Stage 3,0.0,0.9990538993505114
81,313,Stage 3,Stage 3,0.0,0.9459079225569339
81,314,Stage 3,Stage 3,0.0,0.8899425952310901
81,315,Stage 3,Stage 3,0.0,0.9927839947504087
81,316,Stage 3,Stage 3,0.0,0.7288682163260245
81,317,Stage 3,Stage 0,0.0,0.528096027607927
81,318,Stage 3,Stage 3,0.0,0.8524705939973858
81,319,Stage 0,Stage 0,0.0,0.7671843296388124
81,320,Stage 0,Stage 0,0.0,1.0
81,321,Stage 3,Stage 0,0.0,0.5658130312615577
81,322,Stage 0,Stage 0,0.0,0.8397950017787263
81,323,Stage 0,Stage 0,0.0,0.8091705244887681
81,324,Stage 0,Stage 0,0.0,1.0
81,325,Stage 0,Stage 0,0.0,1.0
81,326,Stage 0,Stage 0,0.0,1.0
81,327,Stage 0,Stage 0,0.0,0.864549681418977
81,328,Stage 0,Stage 0,0.0,1.0
81,329,Stage 0,Stage 0,0.0,1.0
81,330,Stage 0,Stage 0,0.0,1.0
81,331,Stage 0,Stage 0,0.0,1.0
81,332,Stage 0,Stage 0,0.0,1.0
81,333,Stage 0,Stage 0,0.0,1.0
81,334,Stage 0,Stage 0,0.0,1.0
81,335,Stage 0,Stage 0,0.0,1.0
81,336,Stage 0,Stage 0,0.0,1.0
81,337,Stage 0,Stage 0,0.0,1.0
81,338,Stage 0,Stage 0,0.0,1.0
81,339,Stage 0,Stage 0,0.0,1.0
81,340,Stage 0,Stage 0,0.0,1.0
81,341,Stage 0,Stage 0,0.0,1.0
81,342,Stage 0,Stage 0,0.0,1.0
81,343,Stage 0,Stage 0,0.0,1.0
81,344,Stage 0,Stage 0,0.0,1.0
81,345,Stage 0,Stage 0,0.0,1.0
81,346,Stage 0,Stage 0,0.0,1.0
81,347,Stage 0,Stage 0,0.0,1.0
84,1,Stage 4,Stage 4,0.9881863719355151,0.9881863719355151
84,2,Stage 4,Stage 4,0.9930565267076649,0.9930565267076649
84,3,Stage 4,Stage 4,0.9987498679582901,0.9987498679582901
84,4,Stage 4,Stage 4,0.9935996236388553,0.9935996236388553
84,5,Stage 4,Stage 4,0.9991419385412385,0.9991419385412385
84,6,Stage 4,Stage 4,0.9797175037765847,0.9797175037765847
84,7,Stage 4,Stage 4,0.9972620075002337,0.9972620075002337
84,8,Stage 4,Stage 4,0.9995627980281826,0.9995627980281826
84,9,Stage 4,Stage 4,0.9884244377403176,0.9884244377403176
84,10,Stage 4,Stage 4,0.9979434605698236,0.9979434605698236
84,11,Stage 4,Stage 4,0.9981612674556744,0.9981612674556744
84,12,Stage 4,Stage 4,0.9972544449640054,0.9972544449640054
84,13,Stage 4,Stage 4,0.9966522519777072,0.9966522519777072
84,14,Stage 4,Stage 4,0.999661940916121,0.999661940916121
84,15,Stage 4,Stage 4,0.9994361786682426,0.9994361786682426
84,16,Stage 4,Stage 4,0.988139600849025,0.988139600849025
84,17,Stage 4,Stage 4,0.9995393635144965,0.9995393635144965
84,18,Stage 4,Stage 4,0.9966729854322646,0.9966729854322646
84,19,Stage 4,Stage 4,0.6650036707248909,0.6650036707248909
84,20,Stage 4,Stage 4,0.9953895787528991,0.9953895787528991
84,21,Stage 4,Stage 4,0.9995627980281826,0.9995627980281826
84,22,Stage 4,Stage 4,0.9838815300402365,0.9838815300402365
84,23,Stage 4,Stage 4,0.999469443799028,0.999469443799028
84,24,Stage 4,Stage 4,0.9752387086711213,0.9752387086711213
84,25,Stage 4,Stage 4,0.998693399178707,0.998693399178707
84,26,Stage 4,Stage 4,0.9995045143911732,0.9995045143911732
84,27,Stage 4,Stage 4,0.9896604475813168,0.9896604475813168
84,28,Stage 4,Stage 4,0.9968670244115888,0.9968670244115888
84,29,Stage 4,Stage 4,0.9993902054789625,0.9993902054789625
84,30,Stage 4,Stage 4,0.9966359522529854,0.9966359522529854
84,31,Stage 4,Stage 4,0.998844439405575,0.998844439405575
84,32,Stage 4,Stage 4,0.9985562001896939,0.9985562001896939
84,33,Stage 4,Stage 4,0.9995923237381792,0.9995923237381792
84,34,Stage 4,Stage 4,0.9996348155906005,0.9996348155906005
84,35,Stage 4,Stage 4,0.9996990355083003,0.9996990355083003
84,36,Stage 4,Stage 4,0.9994125189268735,0.9994125189268735
84,37,Stage 4,Stage 4,0.9986073127003635,0.9986073127003635
84,38,Stage 4,Stage 4,0.999587920965238,0.999587920965238
84,39,Stage 4,Stage 4,0.9992026715139396,0.9992026715139396
84,40,Stage 4,Stage 4,0.999539465096769,0.999539465096769
84,41,Stage 4,Stage 4,0.9973227159752309,0.9973227159752309
84,42,Stage 4,Stage 4,0.9988381810014321,0.9988381810014321
84,43,Stage 4,Stage 4,0.9982189753551339,0.9982189753551339
84,44,Stage 4,Stage 4,0.982221356931172,0.982221356931172
84,45,Stage 4,Stage 4,0.9853110100788314,0.9853110100788314
84,46,Stage 4,Stage 4,0.9871395236033531,0.9871395236033531
84,47,Stage 4,Stage 4,0.9959690530437956,0.9959690530437956
84,48,Stage 4,Stage 4,0.9995507247907862,0.9995507247907862
84,49,Stage 4,Stage 4,0.996721910785143,0.996721910785143
84,50,Stage 4,Stage 4,0.998265868497641,0.998265868497641
84,51,Stage 4,Stage 4,0.9995785620774134,0.9995785620774134
84,52,Stage 4,Stage 4,0.9838237675199355,0.9838237675199355
84,53,Stage 4,Stage 4,0.9994451447402636,0.9994451447402636
84,54,Stage 4,Stage 4,0.992250390216722,0.992250390216722
84,55,Stage 4,Stage 4,0.9968585790735638,0.9968585790735638
84,56,Stage 4,Stage 4,0.8974214628912809,0.8974214628912809
84,57,Stage 4,Stage 4,0.9977297680169357,0.9977297680169357
84,58,Stage 4,Stage 4,0.9870979331699264,0.9870979331699264
84,59,Stage 4,Stage 4,0.9995024293717595,0.9995024293717595
84,60,Stage 4,Stage 4,0.8981473140247027,0.8981473140247027
84,61,Stage 4,Stage 4,0.9982174856198874,0.9982174856198874
84,62,Stage 4,Stage 4,0.9362728768821783,0.9362728768821783
84,63,Stage 4,Stage 4,0.9987498679582901,0.9987498679582901
84,64,Stage 4,Stage 4,0.9874305692497288,0.9874305692497288
84,65,Stage 4,Stage 4,0.9976521443028568,0.9976521443028568
84,66,Stage 4,Stage 4,0.9650403188124606,0.9650403188124606
84,67,Stage 4,Stage 4,0.9618723922340296,0.9618723922340296
84,68,Stage 4,Stage 4,0.9872762179320108,0.9872762179320108
84,69,Stage 4,Stage 4,0.998369325388533,0.998369325388533
84,70,Stage 4,Stage 4,0.9810399588873565,0.9810399588873565
84,71,Stage 4,Stage 4,0.9905512614402475,0.9905512614402475
84,72,Stage 4,Stage 4,0.9897349288645834,0.9897349288645834
84,73,Stage 4,Stage 4,0.9098285442556304,0.9098285442556304
84,74,Stage 4,Stage 4,0.940674577222394,0.940674577222394
84,75,Stage 4,Stage 4,0.9971470198709589,0.9971470198709589
84,76,Stage 4,Stage 4,0.9927582510921907,0.9927582510921907
84,77,Stage 4,Stage 4,0.8157823132289331,0.8157823132289331
84,78,Stage 4,Stage 4,0.9777502005401069,0.9777502005401069
84,79,Stage 4,Stage 4,0.9924960179118815,0.9924960179118815
84,80,Stage 4,Stage 4,0.9931060971695177,0.9931060971695177
84,81,Stage 4,Stage 4,0.9924190367213632,0.9924190367213632
84,82,Stage 4,Stage 4,0.9564063030311054,0.9564063030311054
84,83,Stage 4,Stage 4,0.9400991967812325,0.9400991967812325
84,84,Stage 4,Stage 4,0.861455186767843,0.861455186767843
84,85,Stage 4,Stage 4,0.9421203951458161,0.9421203951458161
84,86,Stage 4,Stage 4,0.9822023854850118,0.9822023854850118
84,87,Stage 4,Stage 4,0.9952078497306018,0.9952078497306018
84,88,Stage 4,Stage 4,0.9972810144985188,0.9972810144985188
84,89,Stage 4,Stage 4,0.9979994509576602,0.9979994509576602
84,90,Stage 2,Stage 2,0.4463055692336415,0.5536944307663586
84,91,Stage 4,Stage 4,0.991988185925375,0.991988185925375
84,92,Stage 4,Stage 4,0.9792085775692385,0.9792085775692385
84,93,Stage 4,Stage 4,0.9912538739756072,0.9912538739756072
84,94,Stage 4,Stage 4,0.918969948372241,0.918969948372241
84,95,Stage 4,Stage 4,0.7578890563240204,0.7578890563240204
84,96,Stage 4,Stage 4,0.90371856992127,0.90371856992127
84,97,Stage 4,Stage 4,0.917189850057419,0.917189850057419
84,98,Stage 4,Stage 4,0.7371437098100848,0.7371437098100848
84,99,Stage 4,Stage 4,0.9956690050549489,0.9956690050549489
84,100,Stage 4,Stage 4,0.9938856677008844,0.9938856677008844
84,101,Stage 2,Stage 4,0.9950806820854694,0.9950806820854694
84,102,Stage 4,Stage 4,0.9810855627802137,0.9810855627802137
84,103,Stage 4,Stage 4,0.9205261606185504,0.9205261606185504
84,104,Stage 4,Stage 4,0.9755396064320743,0.9755396064320743
84,105,Stage 4,Stage 4,0.9440463624703903,0.9440463624703903
84,106,Stage 4,Stage 4,0.9944250422239796,0.9944250422239796
84,107,Stage 4,Stage 4,0.9721391355047676,0.9721391355047676
84,108,Stage 4,Stage 4,0.7553967880090883,0.7553967880090883
84,109,Stage 4,Stage 4,0.8999131903466399,0.8999131903466399
84,110,Stage 4,Stage 4,0.9387924922422246,0.9387924922422246
84,111,Stage 4,Stage 4,0.9709067932390187,0.9709067932390187
84,112,Stage 4,Stage 4,0.9823573185432152,0.9823573185432152
84,113,Stage 4,Stage 4,0.9340291835811276,0.9340291835811276
84,114,Stage 2,Stage 4,0.62766701131491,0.62766701131491
84,115,Stage 4,Stage 4,0.6153518496840136,0.6153518496840136
84,116,Stage 2,Stage 2,0.4235233551896163,0.5764766448103836
84,117,Stage 2,Stage 4,0.8726091521907978,0.8726091521907978
84,118,Stage 4,Stage 4,0.6046455211578275,0.6046455211578275
84,119,Stage 4,Stage 4,0.9510818052534394,0.9510818052534394
84,120,Stage 4,Stage 4,0.6444479099890618,0.6444479099890618
84,121,Stage 4,Stage 4,0.6547424177555717,0.6547424177555717
84,122,Stage 2,Stage 4,0.730465692639819,0.730465692639819
84,123,Stage 2,Stage 2,0.35813669355377153,0.6418633064462285
84,124,Stage 4,Stage 4,0.5754260474981255,0.5754260474981255
84,125,Stage 2,Stage 2,0.3827651925421974,0.6171775355749308
84,126,Stage 4,Stage 4,0.9127186814927687,0.9127186814927687
84,127,Stage 2,Stage 2,0.017942829284331097,0.9817238762374475
84,128,Stage 2,Stage 2,0.15127738093984497,0.848711742750454
84,129,Stage 2,Stage 4,0.8830705395043503,0.8830705395043503
84,130,Stage 2,Stage 2,0.34215071236476186,0.6578188298474309
84,131,Stage 2,Stage 2,0.1606682643877754,0.839331735612225
84,132,Stage 2,Stage 2,0.13953981310562247,0.8604195818828418
84,133,Stage 2,Stage 2,0.09619418102119144,0.9037753611910015
84,134,Stage 2,Stage 2,0.3030225232133552,0.6969774767866447
84,135,Stage 2,Stage 2,0.02645791152683311,0.9727510482974734
84,136,Stage 2,Stage 2,0.028241166656131966,0.9714458111505566
84,137,Stage 2,Stage 2,0.24287401090006658,0.757083258633944
84,138,Stage 2,Stage 2,0.11273158512084708,0.887268414879153
84,139,Stage 2,Stage 2,0.000876622809464039,0.9970384412423965
84,140,Stage 2,Stage 2,0.00773009370697648,0.9918736161318729
84,141,Stage 2,Stage 2,0.005592997256887815,0.9939390434605667
84,142,Stage 2,Stage 2,0.0010481601032881513,0.9972068852217901
84,143,Stage 2,Stage 2,0.01780658351479993,0.981882989847634
84,144,Stage 2,Stage 2,0.04683326052913638,0.9530024797366049
84,145,Stage 2,Stage 2,0.0009450609625170359,0.9983574001752777
84,146,Stage 2,Stage 2,0.16729145974446372,0.8326555064827306
84,147,Stage 2,Stage 2,0.0019129868297081069,0.9975171338683759
84,148,Stage 2,Stage 2,0.007229967049774421,0.9921875395995238
84,149,Stage 2,Stage 2,0.01182952710132781,0.9874359232634912
84,150,Stage 2,Stage 2,0.010233275157846418,0.9889565914337811
84,151,Stage 2,Stage 2,0.001111072921768283,0.9983938920876633
84,152,Stage 2,Stage 2,0.0008515378629317579,0.9984035758685824
84,153,Stage 2,Stage 2,0.0025595034952631745,0.9970140931440234
84,154,Stage 2,Stage 2,0.000986767744826564,0.9982110741038158
84,155,Stage 2,Stage 2,0.00598527932227537,0.993652069898453
84,156,Stage 2,Stage 2,0.03540588628132802,0.9645196801692177
84,157,Stage 2,Stage 2,0.0013909441903797658,0.9981425165337242
84,158,Stage 2,Stage 2,0.0006668223880929899,0.9981999043350411
84,159,Stage 2,Stage 2,0.0003792424478067044,0.9985918470624459
84,160,Stage 2,Stage 2,0.0007640226157105817,0.9980077775807312
84,161,Stage 2,Stage 2,0.0016832608603661885,0.9977870624458389
84,162,Stage 2,Stage 2,0.02751777804310868,0.9722730838678721
84,163,Stage 2,Stage 2,0.0002979534608085091,0.9967323569486867
84,164,Stage 2,Stage 2,0.001155003905894991,0.998143370828505
84,165,Stage 2,Stage 2,0.0014839065261851095,0.9956757929968277
84,166,Stage 2,Stage 2,0.0005040159726517809,0.9758414847823913
84,167,Stage 2,Stage 2,0.000190453906785828,0.9239327804935434
84,168,Stage 2,Stage 2,0.0024256132045885415,0.9970828029877502
84,169,Stage 2,Stage 2,0.00023976344021414502,0.8960363482005556
84,170,Stage 2,Stage 2,0.00022627207036886795,0.8598615893613548
84,171,Stage 2,Stage 2,7.060667823609646e-05,0.9140260964489926
84,172,Stage 2,Stage 2,0.0,0.5103747940915747
84,173,Stage 2,Stage 2,0.0005309795070779147,0.9909937133185082
84,174,Stage 3,Stage 2,0.0,0.6460726218575157
84,175,Stage 2,Stage 2,2.9993719185535587e-05,0.6362716403910345
84,176,Stage 2,Stage 2,1.132348515417565e-05,0.8718952823798926
84,177,Stage 3,Stage 2,0.00012378238877448102,0.9263409302139566
84,178,Stage 2,Stage 2,0.0,0.5057851358967103
84,179,Stage 2,Stage 2,8.18349981747425e-05,0.9296590098299582
84,180,Stage 3,Stage 3,0.0,0.8312409400415142
84,181,Stage 3,Stage 3,0.0,0.7104189919761208
84,182,Stage 3,Stage 3,0.0,0.510815764044654
84,183,Stage 2,Stage 3,0.0,0.8681847321813162
84,184,Stage 3,Stage 3,0.0,0.7191610738920589
84,185,Stage 3,Stage 3,0.0,0.9373454787989772
84,186,Stage 3,Stage 3,0.0,0.9988191167816033
84,187,Stage 3,Stage 3,0.0,0.9372602657077904
84,188,Stage 3,Stage 3,0.0,0.999241244502402
84,189,Stage 3,Stage 3,0.0,0.9971300749267645
84,190,Stage 3,Stage 3,0.0,0.9904175688878759
84,191,Stage 3,Stage 3,0.0,0.9973417482274232
84,192,Stage 3,Stage 3,0.0,0.9949792185234634
84,193,Stage 3,Stage 3,0.0,0.9991051499552064
84,194,Stage 3,Stage 3,0.0,0.9992807529235052
84,195,Stage 3,Stage 3,0.0,0.9993218417782894
84,196,Stage 3,Stage 3,0.0,0.9989158951497203
84,197,Stage 3,Stage 3,0.0,0.9995977619162298
84,198,Stage 3,Stage 3,0.0,0.9992907614760802
84,199,Stage 3,Stage 3,0.0,0.9930005989425575
84,200,Stage 3,Stage 3,0.0,0.9987628936675774
84,201,Stage 3,Stage 3,0.0,0.9994390782113514
84,202,Stage 3,Stage 3,0.0,0.9988707971736468
84,203,Stage 3,Stage 3,0.0,0.976415966571147
84,204,Stage 0,Stage 0,0.0,0.6673545688385019
84,205,Stage 3,Stage 3,0.0,0.9921978163147005
84,206,Stage 3,Stage 3,0.0,0.7882259267942864
84,207,Stage 3,Stage 3,0.0,0.7523862361202355
84,208,Stage 3,Stage 0,0.0,0.6539797918971925
84,209,Stage 0,Stage 0,0.0,0.9133333333333333
84,210,Stage 0,Stage 0,0.0,0.98
84,211,Stage 0,Stage 0,0.0,0.906461668445393
84,212,Stage 0,Stage 0,0.0,1.0
84,213,Stage 0,Stage 0,0.0,1.0
84,214,Stage 0,Stage 0,0.0,1.0
84,215,Stage 0,Stage 0,0.0,1.0
84,216,Stage 0,Stage 0,0.0,1.0
84,217,Stage 0,Stage 0,0.0,1.0
84,218,Stage 0,Stage 0,0.0,1.0
84,219,Stage 0,Stage 0,0.0,1.0
84,220,Stage 0,Stage 0,0.0,1.0
84,221,Stage 0,Stage 0,0.0,0.9933333333333333
84,222,Stage 0,Stage 0,0.0,1.0
84,223,Stage 0,Stage 0,0.0,1.0
84,224,Stage 0,Stage 0,0.0,1.0
84,225,Stage 0,Stage 0,0.0,1.0
84,226,Stage 0,Stage 0,0.0,1.0
88,1,Stage 4,Stage 4,0.9788369977201233,0.9788369977201233
88,2,Stage 4,Stage 4,0.9887575582134775,0.9887575582134775
88,3,Stage 4,Stage 4,0.9875520486423854,0.9875520486423854
88,4,Stage 4,Stage 4,0.9908377807997849,0.9908377807997849
88,5,Stage 4,Stage 4,0.9975699553634182,0.9975699553634182
88,6,Stage 4,Stage 4,0.99524005202931,0.99524005202931
88,7,Stage 4,Stage 4,0.9957491362712466,0.9957491362712466
88,8,Stage 4,Stage 4,0.9970566098226845,0.9970566098226845
88,9,Stage 4,Stage 4,0.9992390616142012,0.9992390616142012
88,10,Stage 4,Stage 4,0.9951430874808399,0.9951430874808399
88,11,Stage 4,Stage 4,0.9993042624494122,0.9993042624494122
88,12,Stage 4,Stage 4,0.998265868497641,0.998265868497641
88,13,Stage 4,Stage 4,0.944964577510126,0.944964577510126
88,14,Stage 4,Stage 4,0.9989484790662956,0.9989484790662956
88,15,Stage 4,Stage 4,0.999589923353703,0.999589923353703
88,16,Stage 4,Stage 4,0.9985649252909529,0.9985649252909529
88,17,Stage 4,Stage 4,0.9586727834459717,0.9586727834459717
88,18,Stage 4,Stage 4,0.9951629623441834,0.9951629623441834
88,19,Stage 4,Stage 4,0.9993253958164019,0.9993253958164019
88,20,Stage 4,Stage 4,0.9975492949578444,0.9975492949578444
88,21,Stage 4,Stage 4,0.9961509083299609,0.9961509083299609
88,22,Stage 4,Stage 4,0.9965697744468749,0.9965697744468749
88,23,Stage 4,Stage 4,0.9963602916406938,0.9963602916406938
88,24,Stage 4,Stage 4,0.9990643229615042,0.9990643229615042
88,25,Stage 4,Stage 4,0.9838342217166731,0.9838342217166731
88,26,Stage 4,Stage 4,0.9950853790686005,0.9950853790686005
88,27,Stage 4,Stage 4,0.9991179359747836,0.9991179359747836
88,28,Stage 4,Stage 4,0.9987876801799693,0.9987876801799693
88,29,Stage 4,Stage 4,0.9982189753551339,0.9982189753551339
88,30,Stage 4,Stage 4,0.9988808382529568,0.9988808382529568
88,31,Stage 4,Stage 4,0.9959184744481036,0.9959184744481036
88,32,Stage 4,Stage 4,0.9983374310378947,0.9983374310378947
88,33,Stage 4,Stage 4,0.9413321214614773,0.9413321214614773
88,34,Stage 4,Stage 4,0.9974422224217204,0.9974422224217204
88,35,Stage 4,Stage 4,0.9995971296445119,0.9995971296445119
88,36,Stage 4,Stage 4,0.9870350856705128,0.9870350856705128
88,37,Stage 4,Stage 4,0.9868954000293487,0.9868954000293487
88,38,Stage 4,Stage 4,0.9844030624230397,0.9844030624230397
88,39,Stage 4,Stage 4,0.9984770532123364,0.9984770532123364
88,40,Stage 4,Stage 4,0.9936885545207186,0.9936885545207186
88,41,Stage 4,Stage 4,0.9941926859852656,0.9941926859852656
88,42,Stage 4,Stage 4,0.8711832603009875,0.8711832603009875
88,43,Stage 4,Stage 4,0.9953969904402667,0.9953969904402667
88,44,Stage 4,Stage 4,0.9890869468515812,0.9890869468515812
88,45,Stage 4,Stage 4,0.9967160234719858,0.9967160234719858
88,46,Stage 4,Stage 4,0.9987363584246852,0.9987363584246852
88,47,Stage 4,Stage 4,0.9822232912060997,0.9822232912060997
88,48,Stage 4,Stage 4,0.989654701404847,0.989654701404847
88,49,Stage 4,Stage 4,0.9974081095206304,0.9974081095206304
88,50,Stage 4,Stage 4,0.9994320426758404,0.9994320426758404
88,51,Stage 4,Stage 4,0.9967930962277902,0.9967930962277902
88,52,Stage 4,Stage 4,0.9918153014210609,0.9918153014210609
88,53,Stage 4,Stage 4,0.9982160954960528,0.9982160954960528
88,54,Stage 4,Stage 4,0.9996613495622118,0.9996613495622118
88,55,Stage 4,Stage 4,0.9982858626961614,0.9982858626961614
88,56,Stage 4,Stage 4,0.9993347428044647,0.9993347428044647
88,57,Stage 4,Stage 4,0.9960203199713743,0.9960203199713743
88,58,Stage 4,Stage 4,0.9602868076436605,0.9602868076436605
88,59,Stage 4,Stage 4,0.9987341922041132,0.9987341922041132
88,60,Stage 4,Stage 4,0.9931995159423743,0.9931995159423743
88,61,Stage 4,Stage 4,0.9980512577490975,0.9980512577490975
88,62,Stage 4,Stage 4,0.8477647905656545,0.8477647905656545
88,63,Stage 4,Stage 4,0.9953081692943823,0.9953081692943823
88,64,Stage 4,Stage 4,0.9937148733781291,0.9937148733781291
88,65,Stage 4,Stage 4,0.9975957583025816,0.9975957583025816
88,66,Stage 4,Stage 4,0.9964560684316094,0.9964560684316094
88,67,Stage 4,Stage 4,0.9986291452086528,0.9986291452086528
88,68,Stage 4,Stage 4,0.9988014013658538,0.9988014013658538
88,69,Stage 4,Stage 4,0.9896562754859342,0.9896562754859342
88,70,Stage 4,Stage 4,0.9988921995292466,0.9988921995292466
88,71,Stage 4,Stage 4,0.9974890397247629,0.9974890397247629
88,72,Stage 4,Stage 4,0.9929183078377052,0.9929183078377052
88,73,Stage 4,Stage 4,0.9889130786929369,0.9889130786929369
88,74,Stage 4,Stage 4,0.9081848545025466,0.9081848545025466
88,75,Stage 4,Stage 4,0.9988469131245249,0.9988469131245249
88,76,Stage 4,Stage 4,0.9825369322109837,0.9825369322109837
88,77,Stage 4,Stage 4,0.9831610966769792,0.9831610966769792
88,78,Stage 4,Stage 4,0.998902002615395,0.998902002615395
88,79,Stage 4,Stage 4,0.9984723154986697,0.9984723154986697
88,80,Stage 4,Stage 4,0.9570851058239015,0.9570851058239015
88,81,Stage 4,Stage 4,0.9978758645927227,0.9978758645927227
88,82,Stage 4,Stage 4,0.9975018584561847,0.9975018584561847
88,83,Stage 4,Stage 4,0.997504743573068,0.997504743573068
88,84,Stage 4,Stage 4,0.8562998031191675,0.8562998031191675
88,85,Stage 4,Stage 4,0.9798394637049389,0.9798394637049389
88,86,Stage 4,Stage 4,0.9939853028174505,0.9939853028174505
88,87,Stage 4,Stage 4,0.758275538739578,0.758275538739578
88,88,Stage 4,Stage 4,0.9611490830202221,0.9611490830202221
88,89,Stage 4,Stage 4,0.999661940916121,0.999661940916121
88,90,Stage 4,Stage 4,0.9937119063839219,0.9937119063839219
88,91,Stage 4,Stage 4,0.9990032857445336,0.9990032857445336
88,92,Stage 4,Stage 4,0.9816120389717103,0.9816120389717103
88,93,Stage 4,Stage 4,0.9995093646579634,0.9995093646579634
88,94,Stage 4,Stage 4,0.9979201872728763,0.9979201872728763
88,95,Stage 4,Stage 4,0.9904673446720671,0.9904673446720671
88,96,Stage 4,Stage 4,0.9993936868158213,0.9993936868158213
88,97,Stage 4,Stage 4,0.9934790026589375,0.9934790026589375
88,98,Stage 4,Stage 4,0.9897229095215266,0.9897229095215266
88,99,Stage 4,Stage 4,0.992782200729964,0.992782200729964
88,100,Stage 4,Stage 4,0.9395975987906298,0.9395975987906298
88,101,Stage 4,Stage 4,0.959808538222686,0.959808538222686
88,102,Stage 4,Stage 4,0.9986376405171874,0.9986376405171874
88,103,Stage 4,Stage 4,0.9896249965278101,0.9896249965278101
88,104,Stage 2,Stage 4,0.833670057500819,0.833670057500819
88,105,Stage 4,Stage 4,0.9908699501978899,0.9908699501978899
88,106,Stage 4,Stage 2,0.4361101607297719,0.5638898392702282
88,107,Stage 4,Stage 4,0.9927031602587393,0.9927031602587393
88,108,Stage 4,Stage 4,0.9582885094339015,0.9582885094339015
88,109,Stage 4,Stage 4,0.969574958105015,0.969574958105015
88,110,Stage 4,Stage 4,0.9185845230266521,0.9185845230266521
88,111,Stage 4,Stage 4,0.7268375715653214,0.7268375715653214
88,112,Stage 4,Stage 4,0.9708637424058444,0.9708637424058444
88,113,Stage 4,Stage 4,0.9963188671788964,0.9963188671788964
88,114,Stage 4,Stage 4,0.9995349947462256,0.9995349947462256
88,115,Stage 4,Stage 4,0.9297598469525942,0.9297598469525942
88,116,Stage 4,Stage 4,0.9874429988590894,0.9874429988590894
88,117,Stage 4,Stage 4,0.99804082616281,0.99804082616281
88,118,Stage 4,Stage 4,0.7891817734089709,0.7891817734089709
88,119,Stage 4,Stage 4,0.9993516380064801,0.9993516380064801
88,120,Stage 4,Stage 4,0.9656928146994147,0.9656928146994147
88,121,Stage 4,Stage 4,0.997831895751667,0.997831895751667
88,122,Stage 4,Stage 4,0.9801659233856136,0.9801659233856136
88,123,Stage 4,Stage 4,0.9890187394716554,0.9890187394716554
88,124,Stage 4,Stage 4,0.9034488441056555,0.9034488441056555
88,125,Stage 4,Stage 4,0.9860135010623119,0.9860135010623119
88,126,Stage 4,Stage 4,0.8072246865719097,0.8072246865719097
88,127,Stage 2,Stage 4,0.7955919895683516,0.7955919895683516
88,128,Stage 4,Stage 4,0.57282599112607,0.57282599112607
88,129,Stage 4,Stage 4,0.9849478327939882,0.9849478327939882
88,130,Stage 4,Stage 2,0.34501868891239545,0.6549813110876047
88,131,Stage 2,Stage 4,0.9413535374419475,0.9413535374419475
88,132,Stage 4,Stage 4,0.9484597637110233,0.9484597637110233
88,133,Stage 4,Stage 4,0.8232785691954317,0.8232785691954317
88,134,Stage 2,Stage 2,0.17492511169429723,0.8250444305178953
88,135,Stage 2,Stage 4,0.8500891592692338,0.8500891592692338
88,136,Stage 4,Stage 4,0.9391973313850878,0.9391973313850878
88,137,Stage 4,Stage 4,0.987659949749564,0.987659949749564
88,138,Stage 2,Stage 4,0.9202725606139914,0.9202725606139914
88,139,Stage 2,Stage 4,0.8556284206326472,0.8556284206326472
88,140,Stage 4,Stage 4,0.9695692027958787,0.9695692027958787
88,141,Stage 4,Stage 4,0.913226688842978,0.913226688842978
88,142,Stage 4,Stage 4,0.9506539625973562,0.9506539625973562
88,143,Stage 4,Stage 4,0.9861979111777331,0.9861979111777331
88,144,Stage 4,Stage 4,0.9251135524673206,0.9251135524673206
88,145,Stage 4,Stage 4,0.9747665161253646,0.9747665161253646
88,146,Stage 4,Stage 2,0.42057373908319223,0.5794262609168079
88,147,Stage 4,Stage 4,0.9936207734091994,0.9936207734091994
88,148,Stage 4,Stage 4,0.963508929216324,0.963508929216324
88,149,Stage 2,Stage 2,0.14967906608306034,0.85032093391694
88,150,Stage 4,Stage 4,0.8090260787669498,0.8090260787669498
88,151,Stage 4,Stage 4,0.9911057518643365,0.9911057518643365
88,152,Stage 4,Stage 4,0.7853377645793996,0.7853377645793996
88,153,Stage 4,Stage 4,0.9593482639712492,0.9593482639712492
88,154,Stage 4,Stage 4,0.9375261157299023,0.9375261157299023
88,155,Stage 2,Stage 2,0.20870834177268155,0.7912916582273185
88,156,Stage 4,Stage 4,0.7914478915485651,0.7914478915485651
88,157,Stage 4,Stage 4,0.9554054936334216,0.9554054936334216
88,158,Stage 4,Stage 4,0.9257038128369631,0.9257038128369631
88,159,Stage 4,Stage 4,0.9730442829677027,0.9730442829677027
88,160,Stage 2,Stage 4,0.659027008317705,0.659027008317705
88,161,Stage 4,Stage 4,0.9332676294727793,0.9332676294727793
88,162,Stage 4,Stage 4,0.595948260457024,0.595948260457024
88,163,Stage 4,Stage 2,0.038421226875313484,0.9613224326798008
88,164,Stage 4,Stage 2,0.12608414808074458,0.8738752469077193
88,165,Stage 4,Stage 2,0.3514297700100221,0.6485702299899777
88,166,Stage 2,Stage 4,0.9745254077506004,0.9745254077506004
88,167,Stage 2,Stage 4,0.6435161767444209,0.6435161767444209
88,168,Stage 4,Stage 4,0.8728378901121782,0.8728378901121782
88,169,Stage 2,Stage 2,0.3814768726620542,0.6185231273379457
88,170,Stage 4,Stage 4,0.9443479692430717,0.9443479692430717
88,171,Stage 4,Stage 4,0.5227130977831332,0.5227130977831332
88,172,Stage 2,Stage 4,0.6958266594172504,0.6958266594172504
88,173,Stage 2,Stage 2,0.362112706320797,0.6378872936792032
88,174,Stage 4,Stage 4,0.6547273246248871,0.6547273246248871
88,175,Stage 4,Stage 2,0.194277225119731,0.8057227748802693
88,176,Stage 4,Stage 2,0.4198099450479105,0.5801900549520892
88,177,Stage 2,Stage 4,0.8313598692192481,0.8313598692192481
88,178,Stage 2,Stage 2,0.0628573582489033,0.9368495498809967
88,179,Stage 4,Stage 4,0.8556147875323075,0.8556147875323075
88,180,Stage 4,Stage 4,0.9281007941597803,0.9281007941597803
88,181,Stage 4,Stage 4,0.7294975238914275,0.7294975238914275
88,182,Stage 4,Stage 2,0.39325426284525666,0.6067051321432069
88,183,Stage 2,Stage 2,0.4382315454923318,0.5609533040325193
88,184,Stage 4,Stage 2,0.0778851775089994,0.9220843647031931
88,185,Stage 2,Stage 2,0.3695541945021679,0.630445805497832
88,186,Stage 2,Stage 2,0.21685057843198802,0.783149421568012
88,187,Stage 2,Stage 2,0.08413633988402575,0.9158636601159745
88,188,Stage 4,Stage 4,0.9702663701921068,0.9702663701921068
88,189,Stage 2,Stage 2,0.273828806599048,0.7261711934009518
88,190,Stage 2,Stage 2,0.040068711885493526,0.9598602253151628
88,191,Stage 2,Stage 2,0.05596759103197248,0.9439490734905017
88,192,Stage 2,Stage 4,0.9190918944286831,0.9190918944286831
88,193,Stage 2,Stage 2,0.08129721051601205,0.9185033099541074
88,194,Stage 2,Stage 2,0.05517210553699648,0.9444611660751018
88,195,Stage 2,Stage 4,0.6079480294819954,0.6079480294819954
88,196,Stage 2,Stage 4,0.6905726314363105,0.6905726314363105
88,197,Stage 2,Stage 2,0.0029848074006193596,0.9957596350997712
88,198,Stage 2,Stage 2,0.10848061888123989,0.8914316514480809
88,199,Stage 4,Stage 2,0.15476472928804733,0.8452352707119529
88,200,Stage 2,Stage 2,0.006803224187175362,0.9928305279832795
88,201,Stage 2,Stage 2,0.0017533403428968875,0.9975903590573182
88,202,Stage 2,Stage 2,0.11094516569102836,0.8890548343089718
88,203,Stage 2,Stage 2,0.10416910123947677,0.8953841678791662
88,204,Stage 2,Stage 2,0.22862539297801288,0.7713608619438421
88,205,Stage 2,Stage 2,0.00586230372587734,0.993519376014637
88,206,Stage 2,Stage 2,0.001110155320804017,0.9982335440794109
88,207,Stage 2,Stage 2,0.18853005462741934,0.8114576726943987
88,208,Stage 2,Stage 2,0.004606976666750295,0.994912180258222
88,209,Stage 2,Stage 2,0.0024616377834478713,0.9964914078388941
88,210,Stage 2,Stage 2,0.004578005900441612,0.9945077855261474
88,211,Stage 2,Stage 2,0.020648419957146284,0.9792771464933999
88,212,Stage 2,Stage 2,0.009251297508226997,0.9899334808278587
88,213,Stage 2,Stage 2,0.011505009491469759,0.9879000666748491
88,214,Stage 2,Stage 2,0.0016780143915910485,0.9711288765077372
88,215,Stage 2,Stage 2,0.0160334769470844,0.9838896757662305
88,216,Stage 2,Stage 2,0.005443663087492671,0.9944557295236386
88,217,Stage 2,Stage 2,0.0012301135216948066,0.9978410202918974
88,218,Stage 2,Stage 2,0.0008515378629317579,0.9984035758685824
88,219,Stage 2,Stage 2,0.0010729582223814186,0.9984320067870501
88,220,Stage 2,Stage 2,0.005679176815037626,0.9938921333856549
88,221,Stage 2,Stage 2,0.003702408872169237,0.9961969837389626
88,222,Stage 2,Stage 2,0.004529206909564961,0.9949783553012503
88,223,Stage 2,Stage 2,0.2413332506561304,0.7586667493438698
88,224,Stage 2,Stage 2,0.00124724994968226,0.9969710439501819
88,225,Stage 2,Stage 2,0.0005640583252272733,0.9985854231559012
88,226,Stage 2,Stage 2,0.0014982011976793508,0.997162051822452
88,227,Stage 2,Stage 2,0.0031770726214595496,0.9959356545719569
88,228,Stage 2,Stage 2,0.001611837498092019,0.9975074861677578
88,229,Stage 2,Stage 2,0.0003275094384085128,0.988298883776673
88,230,Stage 2,Stage 2,0.0013657566093548306,0.9979991169488424
88,231,Stage 2,Stage 2,0.0002742600031765143,0.9971340155490335
88,232,Stage 2,Stage 2,0.0007783079576444074,0.9985860971394336
88,233,Stage 2,Stage 2,0.0013517583415442196,0.9983106640458315
88,234,Stage 2,Stage 2,0.0018725942401046276,0.9947119737369196
88,235,Stage 2,Stage 2,0.0006421458699712644,0.9973476715085661
88,236,Stage 2,Stage 2,0.0010987637643097862,0.9982449356359052
88,237,Stage 2,Stage 2,0.00040368935753871027,0.9855135379960897
88,238,Stage 2,Stage 2,0.00659279808647276,0.9928223136118819
88,239,Stage 2,Stage 2,0.0006121348645402548,0.9958643279008434
88,240,Stage 2,Stage 2,0.0009973217331904986,0.9978935929685929
88,241,Stage 2,Stage 2,0.00024374529770802904,0.9830880832508903
88,242,Stage 2,Stage 2,0.00027726475720965375,0.9913104556488161
88,243,Stage 2,Stage 2,0.0008612039894370989,0.9981383032947154
88,244,Stage 2,Stage 2,0.001133453275137992,0.992374154082403
88,245,Stage 2,Stage 2,0.0005043974186956755,0.9838742535239244
88,246,Stage 3,Stage 2,9.491429263416163e-05,0.9013350168713183
88,247,Stage 2,Stage 2,0.0005599322648323471,0.9966527827322224
88,248,Stage 2,Stage 2,0.00016770850613773296,0.7710015609345536
88,249,Stage 2,Stage 2,0.00011368342954395795,0.8109053471630929
88,250,Stage 2,Stage 2,6.539034341770628e-05,0.8672572968248511
88,251,Stage 2,Stage 3,0.0,0.6655568646430943
88,252,Stage 2,Stage 3,0.0,0.5439037894602012
88,253,Stage 2,Stage 2,0.0,0.6982606690693088
88,254,Stage 2,Stage 2,0.00014165053961666673,0.7940090141280827
88,255,Stage 2,Stage 2,0.0,0.6152818961428514
88,256,Stage 2,Stage 3,0.0,0.6282674338008607
88,257,Stage 2,Stage 2,0.0,0.5080786919534223
88,258,Stage 3,Stage 3,0.0,0.5130320840328958
88,259,Stage 3,Stage 2,0.0,0.6377322022620526
88,260,Stage 2,Stage 3,0.0,0.8516543871981119
88,261,Stage 2,Stage 3,0.0,0.8941002714590216
88,262,Stage 3,Stage 3,0.0,0.8911448905698338
88,263,Stage 3,Stage 3,0.0,0.6315718364062523
88,264,Stage 3,Stage 2,0.0,0.594569925456221
88,265,Stage 3,Stage 3,0.0,0.7990715837421962
88,266,Stage 2,Stage 3,0.0,0.8549412351517177
88,267,Stage 3,Stage 3,0.0,0.972392810039784
88,268,Stage 3,Stage 3,0.0,0.9971171700292365
88,269,Stage 3,Stage 3,0.0,0.9735114423819278
88,270,Stage 3,Stage 3,0.0,0.9989027742019594
88,271,Stage 3,Stage 3,0.0,0.9060000002692425
88,272,Stage 3,Stage 3,0.0,0.9044910221694319
88,273,Stage 3,Stage 3,0.0,0.9969346023110475
88,274,Stage 3,Stage 3,0.0,0.980715596736528
88,275,Stage 3,Stage 3,0.0,0.9967059701859384
88,276,Stage 3,Stage 3,0.0,0.9989103238610803
88,277,Stage 3,Stage 3,0.0,0.9995001865940969
88,278,Stage 3,Stage 3,0.0,0.9995057629016483
88,279,Stage 3,Stage 3,0.0,0.9992035570575662
88,280,Stage 3,Stage 3,0.0,0.9988817815878449
88,281,Stage 3,Stage 3,0.0,0.9986915156682487
88,282,Stage 3,Stage 3,0.0,0.9988246339872131
88,283,Stage 3,Stage 3,0.0,0.9993218417782894
88,284,Stage 3,Stage 3,0.0,0.9996242297461241
88,285,Stage 3,Stage 3,0.0,0.9995297716681386
88,286,Stage 3,Stage 3,0.0,0.9862353711430457
88,287,Stage 3,Stage 3,0.0,0.9994961910404593
88,288,Stage 3,Stage 3,0.0,0.9841884737124027
88,289,Stage 3,Stage 3,0.0,0.9995150911972782
88,290,Stage 3,Stage 3,0.0,0.9873124222008963
88,291,Stage 3,Stage 3,0.0,0.9021415198420105
88,292,Stage 3,Stage 3,0.0,0.9988259619172919
88,293,Stage 0,Stage 0,0.0,0.8945192450587013
88,294,Stage 3,Stage 3,0.0,0.9996791239522429
88,295,Stage 0,Stage 0,0.0,0.7997950017787264
88,296,Stage 3,Stage 3,0.0,0.9640908812933227
88,297,Stage 0,Stage 0,0.0,1.0
88,298,Stage 0,Stage 0,0.0,0.9990095606402406
88,299,Stage 0,Stage 0,0.0,0.9654083930399181
88,300,Stage 0,Stage 3,0.0,0.6418341840842383
88,301,Stage 0,Stage 0,0.0,0.9866666666666667
88,302,Stage 0,Stage 0,0.0,0.94
88,303,Stage 0,Stage 0,0.0,0.6784326463476185
88,304,Stage 0,Stage 0,0.0,1.0
88,305,Stage 0,Stage 0,0.0,1.0
88,306,Stage 0,Stage 0,0.0,1.0
88,307,Stage 0,Stage 0,0.0,1.0
88,308,Stage 0,Stage 0,0.0,1.0
88,309,Stage 0,Stage 0,0.0,1.0
88,310,Stage 0,Stage 0,0.0,1.0
88,311,Stage 0,Stage 0,0.0,1.0
88,312,Stage 0,Stage 0,0.0,1.0
88,313,Stage 0,Stage 0,0.0,1.0
88,314,Stage 0,Stage 0,0.0,1.0
88,315,Stage 0,Stage 0,0.0,1.0
88,316,Stage 0,Stage 0,0.0,1.0
88,317,Stage 0,Stage 0,0.0,1.0
88,318,Stage 0,Stage 0,0.0,1.0
88,319,Stage 0,Stage 0,0.0,1.0
88,320,Stage 0,Stage 0,0.0,1.0
88,321,Stage 0,Stage 0,0.0,1.0
88,322,Stage 0,Stage 0,0.0,1.0
89,1,Stage 4,Stage 4,0.9953158190092743,0.9953158190092743
89,2,Stage 4,Stage 4,0.9992389365012332,0.9992389365012332
89,3,Stage 4,Stage 4,0.988120528171007,0.988120528171007
89,4,Stage 4,Stage 4,0.9968977125949181,0.9968977125949181
89,5,Stage 4,Stage 4,0.8816090466478984,0.8816090466478984
89,6,Stage 4,Stage 4,0.999093357761794,0.999093357761794
89,7,Stage 4,Stage 4,0.99916035442803,0.99916035442803
89,8,Stage 4,Stage 4,0.9975547953720049,0.9975547953720049
89,9,Stage 4,Stage 4,0.9982994036083278,0.9982994036083278
89,10,Stage 4,Stage 4,0.9752077593264621,0.9752077593264621
89,11,Stage 4,Stage 4,0.9994629771838077,0.9994629771838077
89,12,Stage 4,Stage 4,0.9394183946572056,0.9394183946572056
89,13,Stage 4,Stage 4,0.9998411081275602,0.9998411081275602
89,14,Stage 4,Stage 4,0.998922899110748,0.998922899110748
89,15,Stage 4,Stage 4,0.99778386857357,0.99778386857357
89,16,Stage 4,Stage 4,0.9996468739781433,0.9996468739781433
89,17,Stage 4,Stage 4,0.9997616489215545,0.9997616489215545
89,18,Stage 4,Stage 4,0.9995531894920564,0.9995531894920564
89,19,Stage 4,Stage 4,0.9888153033757767,0.9888153033757767
89,20,Stage 4,Stage 4,0.9996410951330161,0.9996410951330161
89,21,Stage 4,Stage 4,0.9998568721767909,0.9998568721767909
89,22,Stage 4,Stage 4,0.9998568721767909,0.9998568721767909
89,23,Stage 4,Stage 4,0.998235356089451,0.998235356089451
89,24,Stage 4,Stage 4,0.999776360688676,0.999776360688676
89,25,Stage 4,Stage 4,0.9987662179530346,0.9987662179530346
89,26,Stage 4,Stage 4,0.9995263425237939,0.9995263425237939
89,27,Stage 4,Stage 4,0.9995570239721813,0.9995570239721813
89,28,Stage 4,Stage 4,0.9984087712448254,0.9984087712448254
89,29,Stage 4,Stage 4,0.9998411081275602,0.9998411081275602
89,30,Stage 4,Stage 4,0.9991133164029423,0.9991133164029423
89,31,Stage 4,Stage 4,0.9997635709523681,0.9997635709523681
89,32,Stage 4,Stage 4,0.9986436910845784,0.9986436910845784
89,33,Stage 4,Stage 4,0.9996187816851051,0.9996187816851051
89,34,Stage 4,Stage 4,0.9895121861821732,0.9895121861821732
89,35,Stage 4,Stage 4,0.9988870393980037,0.9988870393980037
89,36,Stage 4,Stage 4,0.999776360688676,0.999776360688676
89,37,Stage 4,Stage 4,0.982822994346117,0.982822994346117
89,38,Stage 4,Stage 4,0.9988870393980037,0.9988870393980037
89,39,Stage 4,Stage 4,0.9998411081275602,0.9998411081275602
89,40,Stage 4,Stage 4,0.9995003985859424,0.9995003985859424
89,41,Stage 4,Stage 4,0.9988870393980037,0.9988870393980037
89,42,Stage 4,Stage 4,0.9989123475971169,0.9989123475971169
89,43,Stage 4,Stage 4,0.9917467512948724,0.9917467512948724
89,44,Stage 4,Stage 4,0.9998568721767909,0.9998568721767909
89,45,Stage 4,Stage 4,0.99681149103705,0.99681149103705
89,46,Stage 4,Stage 4,0.9996168596542915,0.9996168596542915
89,47,Stage 4,Stage 4,0.9997363407224414,0.9997363407224414
89,48,Stage 4,Stage 4,0.9997521047716723,0.9997521047716723
89,49,Stage 4,Stage 4,0.9998568721767909,0.9998568721767909
89,50,Stage 4,Stage 4,0.9997712666302176,0.9997712666302176
89,51,Stage 4,Stage 4,0.9997103967845901,0.9997103967845901
89,52,Stage 4,Stage 4,0.999835588514786,0.999835588514786
89,53,Stage 4,Stage 4,0.9980766609639103,0.9980766609639103
89,54,Stage 4,Stage 4,0.9983618391596967,0.9983618391596967
89,55,Stage 4,Stage 4,0.9997103967845901,0.9997103967845901
89,56,Stage 4,Stage 4,0.999093357761794,0.999093357761794
89,57,Stage 4,Stage 4,0.9997616489215545,0.9997616489215545
89,58,Stage 4,Stage 4,0.9996973486462033,0.9996973486462033
89,59,Stage 4,Stage 4,0.9997635709523681,0.9997635709523681
89,60,Stage 4,Stage 4,0.9998568721767909,0.9998568721767909
89,61,Stage 4,Stage 4,0.9995915514551785,0.9995915514551785
89,62,Stage 4,Stage 4,0.9996468739781433,0.9996468739781433
89,63,Stage 4,Stage 4,0.999247723186294,0.999247723186294
89,64,Stage 4,Stage 4,0.9995992146639255,0.9995992146639255
89,65,Stage 4,Stage 4,0.9987076689166385,0.9987076689166385
89,66,Stage 4,Stage 4,0.9921969290327656,0.9921969290327656
89,67,Stage 4,Stage 4,0.9995161626351734,0.9995161626351734
89,68,Stage 4,Stage 4,0.9998057101233598,0.9998057101233598
89,69,Stage 4,Stage 4,0.9938922475716067,0.9938922475716067
89,70,Stage 4,Stage 4,0.9997616489215545,0.9997616489215545
89,71,Stage 4,Stage 4,0.9996613495622118,0.9996613495622118
89,72,Stage 4,Stage 4,0.9997921247379067,0.9997921247379067
89,73,Stage 4,Stage 4,0.9989705592858339,0.9989705592858339
89,74,Stage 4,Stage 4,0.9997524516605671,0.9997524516605671
89,75,Stage 4,Stage 4,0.9928584454154272,0.9928584454154272
89,76,Stage 4,Stage 4,0.9997103967845901,0.9997103967845901
89,77,Stage 4,Stage 4,0.9996311099289127,0.9996311099289127
89,78,Stage 4,Stage 4,0.9977710873265928,0.9977710873265928
89,79,Stage 4,Stage 4,0.9980766609639103,0.9980766609639103
89,80,Stage 4,Stage 4,0.9984015679691316,0.9984015679691316
89,81,Stage 4,Stage 4,0.9987041818902587,0.9987041818902587
89,82,Stage 4,Stage 4,0.9865971444003929,0.9865971444003929
89,83,Stage 4,Stage 4,0.9778775684858055,0.9778775684858055
89,84,Stage 4,Stage 4,0.9624158281652933,0.9624158281652933
89,85,Stage 4,Stage 4,0.9987635891441745,0.9987635891441745
89,86,Stage 4,Stage 4,0.9996588035472495,0.9996588035472495
89,87,Stage 4,Stage 4,0.9989123475971169,0.9989123475971169
89,88,Stage 4,Stage 4,0.9963703949681267,0.9963703949681267
89,89,Stage 4,Stage 4,0.9997261608338209,0.9997261608338209
89,90,Stage 4,Stage 4,0.9986559533040429,0.9986559533040429
89,91,Stage 4,Stage 4,0.9990923528775483,0.9990923528775483
89,92,Stage 4,Stage 4,0.9995765596889483,0.9995765596889483
89,93,Stage 4,Stage 4,0.9997261608338209,0.9997261608338209
89,94,Stage 4,Stage 4,0.9982871438841526,0.9982871438841526
89,95,Stage 4,Stage 4,0.9997616489215545,0.9997616489215545
89,96,Stage 4,Stage 4,0.9994516834851203,0.9994516834851203
89,97,Stage 4,Stage 4,0.9987635891441745,0.9987635891441745
89,98,Stage 4,Stage 4,0.9997261608338209,0.9997261608338209
89,99,Stage 4,Stage 4,0.9988347180479255,0.9988347180479255
89,100,Stage 4,Stage 4,0.9964882985748195,0.9964882985748195
89,101,Stage 4,Stage 4,0.9997103967845901,0.9997103967845901
89,102,Stage 4,Stage 4,0.9997103967845901,0.9997103967845901
89,103,Stage 4,Stage 4,0.997213262430071,0.997213262430071
89,104,Stage 4,Stage 4,0.9965868551174413,0.9965868551174413
89,105,Stage 4,Stage 4,0.9996001032423237,0.9996001032423237
89,106,Stage 4,Stage 4,0.984328338988582,0.984328338988582
89,107,Stage 4,Stage 4,0.9967048026955574,0.9967048026955574
89,108,Stage 4,Stage 4,0.9996361208369151,0.9996361208369151
89,109,Stage 4,Stage 4,0.9995393635144965,0.9995393635144965
89,110,Stage 4,Stage 4,0.9572851744345392,0.9572851744345392
89,111,Stage 4,Stage 4,0.9992988094706887,0.9992988094706887
89,112,Stage 4,Stage 4,0.9974737246780744,0.9974737246780744
89,113,Stage 4,Stage 4,0.9987179030761432,0.9987179030761432
89,114,Stage 4,Stage 4,0.9983523600532234,0.9983523600532234
89,115,Stage 4,Stage 4,0.9826725427658767,0.9826725427658767
89,116,Stage 4,Stage 4,0.9910615326715871,0.9910615326715871
89,117,Stage 4,Stage 4,0.94373209408993,0.94373209408993
89,118,Stage 4,Stage 4,0.9949718403150414,0.9949718403150414
89,119,Stage 4,Stage 4,0.9946048735871064,0.9946048735871064
89,120,Stage 4,Stage 4,0.9939565762937732,0.9939565762937732
89,121,Stage 4,Stage 4,0.9241649906029162,0.9241649906029162
89,122,Stage 4,Stage 4,0.9908238318369048,0.9908238318369048
89,123,Stage 4,Stage 4,0.8954640887182935,0.8954640887182935
89,124,Stage 4,Stage 4,0.9605187318375434,0.9605187318375434
89,125,Stage 2,Stage 4,0.8861282106297481,0.8861282106297481
89,126,Stage 4,Stage 4,0.9813661883602214,0.9813661883602214
89,127,Stage 4,Stage 4,0.9784581452903094,0.9784581452903094
89,128,Stage 4,Stage 4,0.9840820296013608,0.9840820296013608
89,129,Stage 4,Stage 4,0.9167632667594326,0.9167632667594326
89,130,Stage 4,Stage 4,0.9545174413503705,0.9545174413503705
89,131,Stage 4,Stage 2,0.4514512083637023,0.5485183338484905
89,132,Stage 4,Stage 2,0.461274189815852,0.538725810184148
89,133,Stage 4,Stage 4,0.7355524700688472,0.7355524700688472
89,134,Stage 4,Stage 4,0.8711705011738686,0.8711705011738686
89,135,Stage 4,Stage 4,0.7947615525148771,0.7947615525148771
89,136,Stage 4,Stage 2,0.474592612480877,0.5254073875191232
89,137,Stage 4,Stage 4,0.5242895346073577,0.5242895346073577
89,138,Stage 2,Stage 2,0.3979468083224346,0.6020531916775653
89,139,Stage 4,Stage 2,0.28772218228879165,0.7122778177112088
89,140,Stage 2,Stage 2,0.11650701420102619,0.8834625280111663
89,141,Stage 2,Stage 2,0.08347974662730422,0.9159948509069767
89,142,Stage 2,Stage 2,0.26013549249427914,0.7398340497179132
89,143,Stage 2,Stage 2,0.13003034612064523,0.8699696538793547
89,144,Stage 2,Stage 2,0.019048653738438514,0.9802653442100688
89,145,Stage 2,Stage 2,0.033624574009269104,0.9661868435925278
89,146,Stage 2,Stage 2,0.036200317576200666,0.9635967172587158
89,147,Stage 2,Stage 2,0.015640485979318972,0.9840629709676737
89,148,Stage 2,Stage 2,0.0007873603233927978,0.9982975185683441
89,149,Stage 2,Stage 2,0.008663261659632233,0.9912623047909142
89,150,Stage 2,Stage 2,0.14984393797924198,0.8501154570092221
89,151,Stage 2,Stage 2,0.029611434442800566,0.9703003869296002
89,152,Stage 2,Stage 2,0.0012077420903688707,0.9983257186337352
89,153,Stage 2,Stage 2,0.0011390744031121022,0.9954459937590993
89,154,Stage 2,Stage 2,0.0018466264937916864,0.9976215870904258
89,155,Stage 2,Stage 2,0.0018124542536541702,0.9972740723119531
89,156,Stage 2,Stage 2,0.0014909982373698017,0.9984083943737617
89,157,Stage 2,Stage 2,0.008033138080629922,0.9917862195450233
89,158,Stage 2,Stage 2,0.00558925567265427,0.9943210132481781
89,159,Stage 2,Stage 2,0.0004486759871238268,0.9923081305667986
89,160,Stage 2,Stage 2,0.0016065263013226943,0.9982928663098088
89,161,Stage 2,Stage 2,0.0032531421819455173,0.9964217089666998
89,162,Stage 2,Stage 2,0.0006168521486573752,0.9663242082572987
89,163,Stage 2,Stage 2,0.0,0.6538207737538092
89,164,Stage 2,Stage 2,0.0005091646042466147,0.9818307734615463
89,165,Stage 2,Stage 2,0.0007802655786172734,0.9669483218962569
89,166,Stage 2,Stage 2,0.0010204248933140781,0.9963202528402043
89,167,Stage 2,Stage 2,9.373505450255202e-05,0.7670101380739576
89,168,Stage 2,Stage 2,7.2711765034028e-05,0.951489871672124
89,169,Stage 3,Stage 3,0.0,0.5343580799261624
89,170,Stage 2,Stage 3,0.0,0.5874471933731796
89,171,Stage 2,Stage 2,0.0,0.6741519837905443
89,172,Stage 3,Stage 3,0.0,0.7994319740864716
89,173,Stage 2,Stage 3,0.0,0.9087552764554964
89,174,Stage 3,Stage 3,0.0,0.9882741132563376
89,175,Stage 3,Stage 3,0.0,0.9969693192250414
89,176,Stage 3,Stage 3,0.0,0.9711266777155617
89,177,Stage 3,Stage 3,0.0,0.8813569765480153
89,178,Stage 3,Stage 3,0.0,0.9898522961091452
89,179,Stage 3,Stage 3,0.0,0.9993635043379662
89,180,Stage 3,Stage 3,0.0,0.9994057622021937
89,181,Stage 3,Stage 3,0.0,0.9843961320136692
89,182,Stage 3,Stage 3,0.0,0.9990107857576328
89,183,Stage 3,Stage 3,0.0,0.999668564343378
89,184,Stage 3,Stage 3,0.0,0.9988140450877099
89,185,Stage 3,Stage 3,0.0,0.9995057629016483
89,186,Stage 3,Stage 3,0.0,0.9991291660641931
89,187,Stage 3,Stage 3,0.0,0.9930018976767112
89,188,Stage 3,Stage 3,0.0,0.7959656430208476
89,189,Stage 3,Stage 3,0.0,0.9554242431776396
89,190,Stage 3,Stage 3,0.0,0.9526544344609397
89,191,Stage 0,Stage 0,0.0,0.7120750597065847
89,192,Stage 0,Stage 0,0.0,0.96
89,193,Stage 0,Stage 0,0.0,0.9266666666666666
89,194,Stage 0,Stage 0,0.0,0.9466666666666667
89,195,Stage 0,Stage 0,0.0,1.0
89,196,Stage 0,Stage 0,0.0,1.0
89,197,Stage 0,Stage 0,0.0,1.0
89,198,Stage 0,Stage 0,0.0,1.0
89,199,Stage 0,Stage 0,0.0,1.0
89,200,Stage 0,Stage 0,0.0,1.0
89,201,Stage 0,Stage 0,0.0,1.0
89,202,Stage 0,Stage 0,0.0,1.0
89,203,Stage 0,Stage 0,0.0,1.0
89,204,Stage 0,Stage 0,0.0,1.0
89,205,Stage 0,Stage 0,0.0,1.0
89,206,Stage 0,Stage 0,0.0,1.0
89,207,Stage 0,Stage 0,0.0,1.0
92,1,Stage 1,Stage 1,0.027059414694375856,0.9726257097708684
92,2,Stage 1,Stage 1,0.019083845863683092,0.980916154136317
92,3,Stage 1,Stage 1,0.00048442767398901743,0.9995155723260111
92,4,Stage 1,Stage 1,0.00019229141831446494,0.9998077085816857
92,5,Stage 1,Stage 1,0.0004720327835870757,0.9995279672164131
92,6,Stage 1,Stage 1,0.0036455199298455073,0.9963544800701543
92,7,Stage 1,Stage 1,0.05626235939757609,0.9437376406024238
92,8,Stage 1,Stage 1,0.0007173880173624698,0.9992826119826377
92,9,Stage 1,Stage 1,0.00046152087912849704,0.9995384791208716
92,10,Stage 1,Stage 1,0.46031967744335767,0.5391314304623254
92,11,Stage 1,Stage 1,0.37344253283441425,0.6257457001306249
92,12,Stage 1,Stage 1,0.00010438050259719058,0.9998956194974028
92,13,Stage 1,Stage 1,0.10866378220797814,0.891336217792022
92,14,Stage 1,Stage 1,0.014082894740272139,0.985917105259728
92,15,Stage 1,Stage 1,0.08086163267780594,0.9191383673221939
92,16,Stage 1,Stage 1,0.006251149011862309,0.9937488509881376
92,17,Stage 1,Stage 1,0.007346089830235411,0.9926539101697646
92,18,Stage 1,Stage 1,0.013842850113469873,0.9859216473344431
92,19,Stage 1,Stage 1,0.14681711957779303,0.8137916506713313
92,20,Stage 1,Stage 1,0.006248573898821968,0.993751426101178
92,21,Stage 1,Stage 1,0.00022440765765326887,0.9997755923423468
92,22,Stage 1,Stage 1,0.008321951043206259,0.9916780489567937
92,23,Stage 1,Stage 1,0.0024165467821495664,0.9975834532178505
92,24,Stage 1,Stage 1,0.4563959193466722,0.5392693165409006
92,25,Stage 1,Stage 1,0.00031158932862285194,0.9996884106713773
92,26,Stage 1,Stage 1,0.030643091397706722,0.9693569086022933
92,27,Stage 1,Stage 1,0.0001307696947481009,0.9998692303052519
92,28,Stage 1,Stage 1,0.007532955293575411,0.9924670447064248
92,29,Stage 1,Stage 1,0.0001345888116578661,0.9998654111883423
92,30,Stage 1,Stage 1,0.02891191344600476,0.9710880865539951
92,31,Stage 4,Stage 4,0.5363624534188656,0.5363624534188656
92,32,Stage 1,Stage 1,0.001219017850200778,0.9987809821497992
92,33,Stage 1,Stage 1,4.265611402798089e-05,0.9999573438859721
92,34,Stage 1,Stage 4,0.6627652453956961,0.6627652453956961
92,35,Stage 1,Stage 1,0.020264155736506872,0.979735844263493
92,36,Stage 1,Stage 1,0.002837371197499009,0.9971626288025012
92,37,Stage 1,Stage 1,0.0005515603328828765,0.9994484396671173
92,38,Stage 1,Stage 1,0.12553535349419223,0.8739142246519968
92,39,Stage 1,Stage 1,0.0002699838959214138,0.9997300161040785
92,40,Stage 1,Stage 1,0.00011555198447630688,0.9998844480155238
92,41,Stage 1,Stage 1,0.02256516168825469,0.9774348383117452
92,42,Stage 1,Stage 1,0.007661600546756602,0.9923383994532433
92,43,Stage 1,Stage 1,5.244972450586472e-06,0.9999947550275495
92,44,Stage 1,Stage 1,0.02861814661558471,0.9707739874437503
92,45,Stage 1,Stage 1,0.00027506186894612957,0.9997249381310538
92,46,Stage 1,Stage 1,0.0012402775555621416,0.998759722444438
92,47,Stage 1,Stage 1,0.00019262998540598477,0.9998073700145941
92,48,Stage 1,Stage 1,0.0008645378040665371,0.9991354621959334
92,49,Stage 1,Stage 1,0.001348972157443509,0.9986510278425565
92,50,Stage 1,Stage 1,0.06280828235212191,0.9371917176478785
92,51,Stage 1,Stage 1,0.00043129797413340694,0.9995687020258667
92,52,Stage 1,Stage 1,0.0008842830993963391,0.9991157169006036
92,53,Stage 1,Stage 1,0.00041986414115958347,0.9995801358588405
92,54,Stage 1,Stage 1,0.00013774541578190727,0.9998622545842182
92,55,Stage 1,Stage 1,0.080101608527712,0.9193375179466043
92,56,Stage 1,Stage 1,0.17408142405599042,0.8259185759440096
92,57,Stage 1,Stage 1,0.0004936566607726716,0.9995063433392274
92,58,Stage 1,Stage 1,5.244972450586472e-06,0.9999947550275495
92,59,Stage 1,Stage 1,0.01782146896981524,0.9821785310301849
92,60,Stage 1,Stage 1,0.020087763824537586,0.9799122361754625
92,61,Stage 1,Stage 1,0.0003170273287246016,0.9996829726712755
92,62,Stage 1,Stage 1,5.053663563426519e-05,0.9999494633643657
92,63,Stage 1,Stage 1,0.00011959821286898461,0.9998804017871311
92,64,Stage 1,Stage 1,0.0004692099637172234,0.9995307900362828
92,65,Stage 1,Stage 1,0.1575137611145312,0.8419780913507169
92,66,Stage 1,Stage 1,0.013309600956982035,0.986690399043018
92,67,Stage 1,Stage 1,4.285750101695553e-05,0.9999571424989832
92,68,Stage 1,Stage 1,2.0966094001030276e-05,0.9999790339059991
92,69,Stage 1,Stage 1,0.00011832880568837856,0.9998816711943118
92,70,Stage 1,Stage 1,0.00035661710214665424,0.9996433828978534
92,71,Stage 1,Stage 1,0.00011239538035226573,0.9998876046196478
92,72,Stage 1,Stage 1,4.265611402798089e-05,0.9999573438859721
92,73,Stage 1,Stage 1,0.007776069719719908,0.99222393028028
92,74,Stage 1,Stage 1,0.00036847726399089206,0.999631522736009
92,75,Stage 1,Stage 1,0.010615370981657688,0.9893846290183423
92,76,Stage 1,Stage 1,5.244972450586472e-06,0.9999947550275495
92,77,Stage 1,Stage 1,0.009303178253883018,0.990696821746117
92,78,Stage 1,Stage 1,0.00030839916749200524,0.9996916008325081
92,79,Stage 1,Stage 1,0.03644825205796416,0.9635517479420359
92,80,Stage 1,Stage 1,0.001673893758014832,0.9983261062419851
92,81,Stage 1,Stage 1,0.00010438050259719058,0.9998956194974028
92,82,Stage 1,Stage 1,2.0462682722380503e-05,0.9999795373172776
92,83,Stage 1,Stage 1,6.50509323225559e-05,0.9999349490676775
92,84,Stage 1,Stage 1,0.07537416474743311,0.9246258352525668
92,85,Stage 1,Stage 1,0.00013774541578190727,0.9998622545842182
92,86,Stage 1,Stage 1,5.244972450586472e-06,0.9999947550275495
92,87,Stage 1,Stage 1,5.244972450586472e-06,0.9999947550275495
92,88,Stage 1,Stage 1,5.244972450586472e-06,0.9999947550275495
92,89,Stage 1,Stage 1,5.244972450586472e-06,0.9999947550275495
92,90,Stage 1,Stage 1,5.244972450586472e-06,0.9999947550275495
92,91,Stage 1,Stage 1,0.008221087748492274,0.9917789122515078
92,92,Stage 1,Stage 1,5.244972450586472e-06,0.9999947550275495
92,93,Stage 1,Stage 1,0.0003606772077536592,0.9996393227922463
92,94,Stage 1,Stage 1,0.00010438050259719058,0.9998956194974028
92,95,Stage 1,Stage 1,0.00013213339231231766,0.9998678666076876
92,96,Stage 1,Stage 1,0.0001427755027438267,0.9998572244972562
92,97,Stage 1,Stage 1,4.285750101695553e-05,0.9999571424989832
92,98,Stage 1,Stage 1,5.244972450586472e-06,0.9999947550275495
92,99,Stage 1,Stage 1,5.244972450586472e-06,0.9999947550275495
92,100,Stage 1,Stage 1,5.244972450586472e-06,0.9999947550275495
92,101,Stage 1,Stage 1,0.0007805786276240195,0.999219421372376
92,102,Stage 1,Stage 1,2.7438403756186857e-05,0.9999725615962438
92,103,Stage 1,Stage 1,5.244972450586472e-06,0.9999947550275495
92,104,Stage 1,Stage 1,5.244972450586472e-06,0.9999947550275495
92,105,Stage 1,Stage 1,2.7438403756186857e-05,0.9999725615962438
92,106,Stage 1,Stage 1,2.0462682722380503e-05,0.9999795373172776
92,107,Stage 1,Stage 1,0.00011959821286898461,0.9998804017871311
92,108,Stage 1,Stage 1,5.244972450586472e-06,0.9999947550275495
92,109,Stage 1,Stage 1,4.285750101695553e-05,0.9999571424989832
92,110,Stage 1,Stage 1,2.7438403756186857e-05,0.9999725615962438
92,111,Stage 1,Stage 1,0.00010438050259719058,0.9998956194974028
92,112,Stage 1,Stage 1,5.244972450586472e-06,0.9999947550275495
92,113,Stage 1,Stage 1,5.244972450586472e-06,0.9999947550275495
92,114,Stage 1,Stage 1,0.00040464643088778936,0.9995953535691122
92,115,Stage 1,Stage 1,5.244972450586472e-06,0.9999947550275495
92,116,Stage 1,Stage 1,5.244972450586472e-06,0.9999947550275495
92,117,Stage 1,Stage 1,0.00026617001972169117,0.9997338299802785
92,118,Stage 1,Stage 1,4.285750101695553e-05,0.9999571424989832
92,119,Stage 1,Stage 1,5.244972450586472e-06,0.9999947550275495
92,120,Stage 1,Stage 1,5.244972450586472e-06,0.9999947550275495
92,121,Stage 1,Stage 1,5.244972450586472e-06,0.9999947550275495
92,122,Stage 1,Stage 1,5.244972450586472e-06,0.9999947550275495
92,123,Stage 1,Stage 1,5.244972450586472e-06,0.9999947550275495
92,124,Stage 1,Stage 1,2.7438403756186857e-05,0.9999725615962438
92,125,Stage 1,Stage 1,5.244972450586472e-06,0.9999947550275495
92,126,Stage 1,Stage 1,5.244972450586472e-06,0.9999947550275495
92,127,Stage 1,Stage 1,5.244972450586472e-06,0.9999947550275495
92,128,Stage 1,Stage 1,5.244972450586472e-06,0.9999947550275495
92,129,Stage 1,Stage 1,5.244972450586472e-06,0.9999947550275495
92,130,Stage 1,Stage 1,4.285750101695553e-05,0.9999571424989832
92,131,Stage 1,Stage 1,4.285750101695553e-05,0.9999571424989832
92,132,Stage 1,Stage 1,5.244972450586472e-06,0.9999947550275495
92,133,Stage 1,Stage 1,5.244972450586472e-06,0.9999947550275495
92,134,Stage 1,Stage 1,5.244972450586472e-06,0.9999947550275495
92,135,Stage 1,Stage 1,5.244972450586472e-06,0.9999947550275495
92,136,Stage 1,Stage 1,5.244972450586472e-06,0.9999947550275495
92,137,Stage 1,Stage 1,5.244972450586472e-06,0.9999947550275495
92,138,Stage 1,Stage 1,5.244972450586472e-06,0.9999947550275495
92,139,Stage 1,Stage 1,5.244972450586472e-06,0.9999947550275495
92,140,Stage 1,Stage 1,5.244972450586472e-06,0.9999947550275495
92,141,Stage 1,Stage 1,5.244972450586472e-06,0.9999947550275495
92,142,Stage 1,Stage 1,5.244972450586472e-06,0.9999947550275495
92,143,Stage 1,Stage 1,5.244972450586472e-06,0.9999947550275495
92,144,Stage 1,Stage 1,5.244972450586472e-06,0.9999947550275495
92,145,Stage 1,Stage 1,5.244972450586472e-06,0.9999947550275495
92,146,Stage 1,Stage 1,5.244972450586472e-06,0.9999947550275495
92,147,Stage 1,Stage 1,5.244972450586472e-06,0.9999947550275495
92,148,Stage 1,Stage 1,5.244972450586472e-06,0.9999947550275495
92,149,Stage 1,Stage 1,5.244972450586472e-06,0.9999947550275495
92,150,Stage 1,Stage 1,5.244972450586472e-06,0.9999947550275495
92,151,Stage 1,Stage 1,5.244972450586472e-06,0.9999947550275495
92,152,Stage 1,Stage 1,5.244972450586472e-06,0.9999947550275495
92,153,Stage 1,Stage 1,5.244972450586472e-06,0.9999947550275495
92,154,Stage 1,Stage 1,5.244972450586472e-06,0.9999947550275495
92,155,Stage 1,Stage 1,5.244972450586472e-06,0.9999947550275495
92,156,Stage 1,Stage 1,5.244972450586472e-06,0.9999947550275495
92,157,Stage 1,Stage 1,0.006671911639117252,0.9933280883608828
92,158,Stage 1,Stage 1,0.006671911639117252,0.9933280883608828
94,1,Stage 2,Stage 2,0.0008725375805078684,0.9981934685274418
94,2,Stage 2,Stage 2,0.01153670928746026,0.9875664190596395
94,3,Stage 2,Stage 2,0.07459903952534512,0.9251107903977457
94,4,Stage 2,Stage 2,0.0006876567564314211,0.9813902514500046
94,5,Stage 2,Stage 2,0.0006623399299252546,0.996708758625926
94,6,Stage 2,Stage 2,0.0011224637990188031,0.9823317206150173
94,7,Stage 2,Stage 2,0.0012038989448501037,0.9976081038597132
94,8,Stage 2,Stage 2,0.0015445311727140616,0.9979889295513898
94,9,Stage 2,Stage 2,0.0038904671878570844,0.9960089254232747
94,10,Stage 2,Stage 2,0.0034220522964664773,0.9964897690759347
94,11,Stage 2,Stage 2,0.0012757141832768504,0.9978108123823305
94,12,Stage 2,Stage 2,0.0011294557095032395,0.9984040050146007
94,13,Stage 2,Stage 2,0.0035448234241757613,0.9963545691869559
94,14,Stage 2,Stage 2,0.0011994598206640451,0.9978025393806648
94,15,Stage 2,Stage 2,0.00025034239016172576,0.9720227290515123
94,16,Stage 2,Stage 2,0.003254248345241016,0.9966575730271601
94,17,Stage 2,Stage 2,0.0011505563213962703,0.9976212438750455
94,18,Stage 2,Stage 2,0.0004762047684000798,0.9811003612724893
94,19,Stage 2,Stage 2,0.0012956766768401505,0.9977063225244885
94,20,Stage 2,Stage 2,0.0011377721761718445,0.9979787392660345
94,21,Stage 2,Stage 2,0.021458422908118963,0.9783324390028618
94,22,Stage 2,Stage 2,0.00630525345482433,0.9933695976938207
94,23,Stage 2,Stage 2,0.0018175753180624773,0.9976242522734704
94,24,Stage 2,Stage 2,0.000710961479129184,0.9794296954257946
94,25,Stage 2,Stage 2,0.0015552157975678381,0.9950186310484939
94,26,Stage 2,Stage 2,0.0020272430300223563,0.9975464203022032
94,27,Stage 2,Stage 2,0.003247568084756522,0.9963446403328424
94,28,Stage 2,Stage 2,0.0012050439363230133,0.9973747512478465
94,29,Stage 2,Stage 2,0.002133813984468337,0.9973746022078706
94,30,Stage 2,Stage 2,0.0003525689082095826,0.9771783300045442
94,31,Stage 2,Stage 2,0.003356164922845609,0.9965556564495556
94,32,Stage 2,Stage 2,0.0010149164518319465,0.9984773060098516
94,33,Stage 2,Stage 2,0.0013435170264294125,0.998416871815066
94,34,Stage 2,Stage 2,0.0020272430300223563,0.9975464203022032
94,35,Stage 2,Stage 2,0.0015796593360294072,0.9917448337130418
94,36,Stage 2,Stage 2,0.000985301734787257,0.9648303360923204
94,37,Stage 2,Stage 2,0.00026525290682726904,0.9861988552592357
94,38,Stage 2,Stage 2,0.00034203392026050164,0.9873283816831672
94,39,Stage 2,Stage 2,0.0003909587134849371,0.9982202410895739
94,40,Stage 2,Stage 2,0.001397736038276952,0.9958689350886266
94,41,Stage 2,Stage 2,0.0008597956585986046,0.9915407840159501
94,42,Stage 2,Stage 2,0.0008515378629317579,0.9984035758685824
94,43,Stage 2,Stage 2,0.001148808204574136,0.9953811639317589
94,44,Stage 2,Stage 2,0.0012236739701640175,0.9982377277674499
94,45,Stage 2,Stage 2,0.0010078335322444192,0.9984558932147667
94,46,Stage 2,Stage 2,0.0017327826701234073,0.993225015731129
94,47,Stage 2,Stage 2,0.0005840349060483202,0.991595570026971
94,48,Stage 2,Stage 2,0.004524596777493781,0.9953872245949074
94,49,Stage 2,Stage 2,0.0023801727638632,0.9975192198472683
94,50,Stage 2,Stage 2,0.0007763133011081692,0.9977526523616035
94,51,Stage 2,Stage 2,0.001098020550842327,0.9984095416599726
94,52,Stage 2,Stage 2,0.0016771667875171874,0.9872300809835304
94,53,Stage 2,Stage 2,0.010245624059337185,0.9888869706494187
94,54,Stage 2,Stage 2,0.0011910398425162448,0.9943253335263049
94,55,Stage 2,Stage 2,0.0007963851604992376,0.9886983888625441
94,56,Stage 2,Stage 2,0.000217514701008673,0.982138524236759
94,57,Stage 2,Stage 2,0.0005932410921322178,0.9988398589903725
94,58,Stage 2,Stage 2,0.0009916486611314464,0.9972054710807505
94,59,Stage 2,Stage 2,0.0018319647479939523,0.9974916705477828
94,60,Stage 2,Stage 2,0.004450638622858598,0.9951230247093671
94,61,Stage 2,Stage 2,0.0017173173570645024,0.9977530059491406
94,62,Stage 2,Stage 2,0.0012372719616117848,0.9975596838371329
94,63,Stage 2,Stage 2,0.009135029618791653,0.9885974079676301
94,64,Stage 2,Stage 2,0.0009513220900877143,0.9985409003715959
94,65,Stage 2,Stage 2,0.0008040055498616258,0.9966660004009888
94,66,Stage 2,Stage 2,0.00074148791868054,0.9970190028193404
94,67,Stage 2,Stage 2,0.0005365918802978471,0.9914343925879776
94,68,Stage 2,Stage 2,0.001239492333876307,0.9981253812243208
94,69,Stage 2,Stage 2,0.00020243663806665936,0.9584233987846462
94,70,Stage 2,Stage 2,0.0019098316858370623,0.9974550418723601
94,71,Stage 2,Stage 2,0.0010813371005958103,0.9980351743416107
94,72,Stage 2,Stage 2,0.00112012219080431,0.9966635985998793
94,73,Stage 2,Stage 2,0.0009404174117371574,0.9970246576502417
94,74,Stage 2,Stage 2,0.000905958396255618,0.9982839081953718
94,75,Stage 2,Stage 2,0.029702666736086212,0.9697044828982587
94,76,Stage 2,Stage 2,0.0014167944111477438,0.9984825981999838
94,77,Stage 2,Stage 2,0.0028948810305759235,0.9970045115805558
94,78,Stage 2,Stage 2,0.0007217359796829232,0.9975019511978007
94,79,Stage 2,Stage 2,0.0012868712405918075,0.9985811185681538
94,80,Stage 2,Stage 2,0.0020802863941629737,0.9974648812233899
94,81,Stage 2,Stage 2,0.0009971961907829692,0.992732246042032
94,82,Stage 2,Stage 2,0.0012372719616117848,0.9975596838371329
94,83,Stage 2,Stage 2,0.0024754370047267095,0.9969296391615917
94,84,Stage 2,Stage 2,0.0015110695999468082,0.9979938954094846
94,85,Stage 2,Stage 2,0.052659116765479665,0.9468173315717091
94,86,Stage 2,Stage 2,0.0032542088500632158,0.9962542073422755
94,87,Stage 2,Stage 2,0.0020142721853854645,0.9976143411544537
94,88,Stage 2,Stage 2,0.00020974263608893994,0.9770779868500701
94,89,Stage 2,Stage 2,0.0018133607555546616,0.996591444719595
94,90,Stage 2,Stage 2,0.0007637178344283998,0.99686683109649
94,91,Stage 2,Stage 2,0.0017726255997847955,0.9961561392772016
94,92,Stage 2,Stage 2,0.0025738671315606028,0.9959291217284358
94,93,Stage 2,Stage 2,0.00043857159969357156,0.9981872846934364
94,94,Stage 2,Stage 2,0.0007392032967505008,0.9960177966407713
94,95,Stage 2,Stage 2,0.0006590874406314437,0.9789144200307902
94,96,Stage 2,Stage 2,0.0004398272235852853,0.9835506756185496
94,97,Stage 2,Stage 2,0.0011145832977086786,0.9960261007501465
94,98,Stage 2,Stage 2,0.0015028220262436464,0.998396570584888
94,99,Stage 2,Stage 2,0.0012854392195982619,0.9869186098089756
94,100,Stage 2,Stage 2,0.0018681512648926987,0.9968323043633601
94,101,Stage 2,Stage 2,0.0004503217591161401,0.984007818420284
94,102,Stage 2,Stage 2,0.00016333568378651048,0.9987948133453949
94,103,Stage 2,Stage 2,0.006845564279411242,0.9901705176308582
94,104,Stage 2,Stage 2,0.00023966837690682895,0.8973013091332147
94,105,Stage 2,Stage 2,0.007157599208985876,0.9912310018945186
94,106,Stage 2,Stage 2,0.00041497355051371113,0.990138566951536
94,107,Stage 2,Stage 2,0.0011388350642726297,0.9902689385555539
94,108,Stage 2,Stage 2,0.0022242718187801855,0.9973208957987729
94,109,Stage 2,Stage 2,0.00043553554658543156,0.9965874043338318
94,110,Stage 2,Stage 2,8.349921012737929e-05,0.8917332571404339
94,111,Stage 2,Stage 2,0.0014513716471074797,0.9902458232821817
94,112,Stage 2,Stage 2,0.020330716258332722,0.9795393148145914
94,113,Stage 2,Stage 2,0.000885997233382931,0.9928233227054915
94,114,Stage 2,Stage 2,0.0009048727115156772,0.9964595785760351
94,115,Stage 2,Stage 2,0.0014971364797366688,0.9980363242443673
94,116,Stage 2,Stage 2,0.0015677431613066025,0.9966387047172408
94,117,Stage 2,Stage 2,0.0003041954703286021,0.896463311716119
94,118,Stage 2,Stage 2,0.0016098127793180322,0.9982895798318134
94,119,Stage 2,Stage 2,0.002298279255821494,0.9971699343283957
94,120,Stage 2,Stage 2,0.0010534449213915234,0.9882349883294135
94,121,Stage 2,Stage 2,0.0008226432761428802,0.998262631605554
94,122,Stage 2,Stage 2,0.0007258378911091527,0.9976152603813038
94,123,Stage 2,Stage 2,0.001129195799094077,0.9982724291843171
94,124,Stage 2,Stage 2,0.0011578700104805768,0.9970441839744314
94,125,Stage 2,Stage 2,0.0012766691052241578,0.9981915444789932
94,126,Stage 2,Stage 2,0.0005552026725921768,0.9967449794988403
94,127,Stage 2,Stage 2,0.011335055771258153,0.988576765601143
94,128,Stage 2,Stage 2,0.0012581340080447504,0.9952189763048371
94,129,Stage 2,Stage 2,0.0007006226108027756,0.9853346935590355
94,130,Stage 2,Stage 2,0.0006121348645402548,0.9968075779982308
94,131,Stage 2,Stage 2,0.0009474762853592915,0.9861355174142326
94,132,Stage 2,Stage 2,0.000158588212569453,0.9899036372487466
94,133,Stage 2,Stage 2,0.0009033064308681464,0.9959869211866325
94,134,Stage 2,Stage 2,0.0009474326126361409,0.9938418573738788
94,135,Stage 2,Stage 2,0.00035675839577334795,0.8836719131345441
94,136,Stage 2,Stage 2,0.0008030321444856713,0.9910896793693615
94,137,Stage 2,Stage 2,0.00043497221920332313,0.9903531850162598
94,138,Stage 2,Stage 2,0.00029246633181446275,0.9972053052031065
94,139,Stage 2,Stage 2,0.0009916486611314464,0.9972918923786193
94,140,Stage 2,Stage 2,0.0009148918201718081,0.9902313404278842
94,141,Stage 2,Stage 2,0.0012804269469899195,0.9977993330700023
94,142,Stage 2,Stage 2,0.0010678643724435566,0.9856085627295565
94,143,Stage 2,Stage 2,0.0005275154314644439,0.9296109614040781
94,144,Stage 2,Stage 2,0.0010624464233274981,0.9978697065408763
94,145,Stage 2,Stage 2,0.0013908923112833985,0.9806520866293689
94,146,Stage 2,Stage 2,0.0009973217331904986,0.9978935929685929
94,147,Stage 2,Stage 2,0.0006816753268333305,0.9913539418644239
94,148,Stage 2,Stage 2,0.0001335370970962457,0.9105111803861706
94,149,Stage 2,Stage 2,0.0009789389454555415,0.9983149489517383
94,150,Stage 2,Stage 2,0.0004904021022176102,0.996163190106919
94,151,Stage 2,Stage 2,0.0019032160075443461,0.9975649975766732
94,152,Stage 2,Stage 2,0.000620762637718955,0.984587553992878
94,153,Stage 2,Stage 2,0.0006835755262995971,0.9809999082706266
94,154,Stage 2,Stage 2,0.03634354034617911,0.9631329079910097
94,155,Stage 2,Stage 2,0.0006211459037061835,0.9899611588407593
94,156,Stage 2,Stage 2,0.0001120779485597975,0.9259670800580494
94,157,Stage 2,Stage 2,0.0006783141231406154,0.9982615886131708
94,158,Stage 2,Stage 2,0.0005241867256192093,0.9647039750690733
94,159,Stage 2,Stage 2,0.0006545290019035745,0.9986957565998853
94,160,Stage 2,Stage 2,2.835731651792218e-05,0.9341341252860722
94,161,Stage 2,Stage 2,0.0010272849612525093,0.9966304217734857
94,162,Stage 2,Stage 2,0.0011330869206384276,0.9964423336112757
94,163,Stage 2,Stage 2,0.0002528561316374522,0.9698485922790053
94,164,Stage 2,Stage 2,0.0008591054350720939,0.9865618357427212
94,165,Stage 2,Stage 2,0.00024502298530815723,0.9367398781734121
94,166,Stage 2,Stage 2,0.0004056685103224606,0.9948742497817606
94,167,Stage 2,Stage 2,0.0009462135765833552,0.9960070437228677
94,168,Stage 3,Stage 2,2.393711127947912e-05,0.8498858208894703
94,169,Stage 2,Stage 2,0.0006171036284066424,0.9981529602580875
94,170,Stage 2,Stage 2,0.00018244654457821145,0.9768874425944218
94,171,Stage 2,Stage 2,0.000886548024028212,0.9749288209602851
94,172,Stage 2,Stage 2,0.0008153054180090551,0.9962232316227585
94,173,Stage 2,Stage 2,9.40614247848707e-05,0.8477899886897372
94,174,Stage 2,Stage 2,0.0015269268070698901,0.9938809317343555
94,175,Stage 2,Stage 2,0.001565448086891701,0.9977329266475082
94,176,Stage 2,Stage 2,0.001732629547285486,0.9629491902881584
94,177,Stage 2,Stage 2,0.00041352393423498826,0.9823620587128294
94,178,Stage 2,Stage 2,0.000551705601940924,0.996541998486914
94,179,Stage 2,Stage 2,0.00022922838240380447,0.8464113243294754
94,180,Stage 2,Stage 2,0.0008457701468577724,0.9821022228218301
94,181,Stage 2,Stage 2,0.0001665068967702434,0.8950044094739673
94,182,Stage 2,Stage 2,0.000597858837083742,0.9303750827767546
94,183,Stage 2,Stage 2,0.0002774176915174565,0.9771029641143254
94,184,Stage 2,Stage 2,0.00026963351844073535,0.975236309954571
94,185,Stage 2,Stage 2,0.0006323487364578511,0.9755132255843281
94,186,Stage 2,Stage 2,0.0009537542605891048,0.9948008624286384
94,187,Stage 2,Stage 2,9.923562135018363e-05,0.9152673889350892
94,188,Stage 2,Stage 2,7.02514994960752e-05,0.6956205469104324
94,189,Stage 2,Stage 2,7.9468982297896e-05,0.931279009895367
94,190,Stage 2,Stage 2,0.00011165682043113116,0.5945972837278984
94,191,Stage 2,Stage 2,0.0,0.6279719474821954
94,192,Stage 2,Stage 2,0.0005738966082547214,0.9242522473784344
94,193,Stage 2,Stage 2,0.0007840023523291867,0.9598692700614279
94,194,Stage 2,Stage 2,0.0001758241608709553,0.8991128805415213
94,195,Stage 2,Stage 2,0.0010534378349286268,0.9301363727254102
94,196,Stage 2,Stage 2,0.00024509345068781475,0.9181001853001629
94,197,Stage 2,Stage 3,0.0,0.63023092639244
94,198,Stage 2,Stage 2,0.0004904021022176102,0.9819842286267741
94,199,Stage 2,Stage 2,0.0003520385357364817,0.9250594101216977
94,200,Stage 2,Stage 2,0.006706209408269773,0.7614616897228321
94,201,Stage 2,Stage 2,1.132348515417565e-05,0.8859151586526891
94,202,Stage 2,Stage 2,0.00019487411202427104,0.9678036225781081
94,203,Stage 2,Stage 2,0.0011035770724920702,0.8180343419287096
94,204,Stage 2,Stage 2,1.132348515417565e-05,0.8211542092960926
94,205,Stage 2,Stage 2,0.0,0.6475822239437726
94,206,Stage 2,Stage 2,0.0003019569921978596,0.9083098891256901
94,207,Stage 2,Stage 2,0.0,0.5929788921655992
94,208,Stage 3,Stage 2,0.000204993693007553,0.8359154121227951
94,209,Stage 2,Stage 2,0.0,0.908672056783066
94,210,Stage 2,Stage 2,0.00010808065993925431,0.6816310287339765
94,211,Stage 2,Stage 2,0.00026979675841088974,0.8564236344457341
94,212,Stage 2,Stage 2,7.867525281422418e-06,0.6932831480508407
94,213,Stage 2,Stage 2,0.0008222686349487703,0.9968636709041152
94,214,Stage 2,Stage 2,0.0,0.65634805302453
94,215,Stage 3,Stage 2,0.00011165682043113116,0.6564971448465226
94,216,Stage 2,Stage 2,0.0,0.6417848613752876
94,217,Stage 2,Stage 2,0.0002238702080357867,0.8576424067568871
94,218,Stage 3,Stage 3,0.0,0.6239235528498152
94,219,Stage 2,Stage 2,0.00011165682043113116,0.61352714033211
94,220,Stage 2,Stage 3,0.0,0.5596064084666315
94,221,Stage 2,Stage 2,0.00012519105958051058,0.9182041627757117
94,222,Stage 3,Stage 2,2.9993719185535587e-05,0.7549704825618858
94,223,Stage 3,Stage 3,0.0,0.5978162418076924
94,224,Stage 3,Stage 2,0.00011108093492885508,0.8509919058912508
94,225,Stage 2,Stage 2,0.0,0.5786868565771176
94,226,Stage 3,Stage 3,0.0,0.6630961000007619
94,227,Stage 3,Stage 3,0.0,0.7567129464013922
94,228,Stage 3,Stage 3,0.0,0.5264698937642882
94,229,Stage 3,Stage 2,0.0,0.5581068229508958
94,230,Stage 2,Stage 2,0.000172735899851878,0.6602458602062428
94,231,Stage 3,Stage 3,0.0,0.639556385605488
94,232,Stage 3,Stage 3,0.0,0.9497498687691723
94,233,Stage 3,Stage 3,0.0,0.7799049422027914
94,234,Stage 2,Stage 2,0.0,0.5452985200261241
94,235,Stage 3,Stage 3,0.0,0.6550068886045721
94,236,Stage 3,Stage 3,0.0,0.8696843911883424
94,237,Stage 2,Stage 3,0.0,0.5715085791795016
94,238,Stage 3,Stage 3,0.0,0.7310587728345591
94,239,Stage 3,Stage 3,0.0,0.8322263952522236
94,240,Stage 3,Stage 3,0.0,0.6791516611523808
94,241,Stage 2,Stage 3,0.0,0.6685578610964688
94,242,Stage 3,Stage 2,0.0,0.5313517370282573
94,243,Stage 2,Stage 3,0.0,0.9373826649102462
94,244,Stage 2,Stage 2,0.0,0.5173108181949031
94,245,Stage 3,Stage 2,0.0,0.5188259667716744
94,246,Stage 2,Stage 2,0.0,0.7771408821386379
94,247,Stage 3,Stage 3,0.0,0.721700078187656
94,248,Stage 3,Stage 3,0.0,0.7823721971919028
94,249,Stage 2,Stage 2,3.48548752639045e-05,0.7706946729813918
94,250,Stage 3,Stage 2,0.0,0.5099598456300349
94,251,Stage 2,Stage 3,0.0,0.7541753174321043
94,252,Stage 3,Stage 3,0.0,0.7830007758930978
94,253,Stage 3,Stage 3,0.0,0.6375285579045883
94,254,Stage 3,Stage 3,0.0,0.6719686662534405
94,255,Stage 2,Stage 3,0.0,0.879297104666478
94,256,Stage 2,Stage 3,0.0,0.6648020478019986
94,257,Stage 3,Stage 3,0.0,0.8671547180977062
94,258,Stage 2,Stage 3,0.0,0.9045504158115646
94,259,Stage 3,Stage 3,0.0,0.942196763001059
94,260,Stage 2,Stage 3,0.0,0.8449649153638461
94,261,Stage 3,Stage 3,0.0,0.8772294227277502
94,262,Stage 3,Stage 3,0.0,0.9598973779331721
94,263,Stage 3,Stage 3,0.0,0.9107706991268357
94,264,Stage 3,Stage 3,0.0,0.8993883858580648
94,265,Stage 3,Stage 3,0.0,0.9168489576414777
94,266,Stage 3,Stage 3,0.0,0.9401064745152596
94,267,Stage 3,Stage 3,0.0,0.9731087451186988
94,268,Stage 3,Stage 3,0.0,0.9008364793975381
94,269,Stage 2,Stage 3,0.0,0.9463856398529443
94,270,Stage 3,Stage 3,0.0,0.9973630907238269
94,271,Stage 3,Stage 3,0.0,0.9434704281408844
94,272,Stage 3,Stage 3,0.0,0.9986915156682487
94,273,Stage 3,Stage 3,0.0,0.8763218189839165
94,274,Stage 3,Stage 3,0.0,0.9982281617684032
94,275,Stage 3,Stage 3,0.0,0.9937222758974845
94,276,Stage 3,Stage 3,0.0,0.8844479112698711
94,277,Stage 3,Stage 3,0.0,0.9960926065879964
94,278,Stage 3,Stage 3,0.0,0.9490825505903095
94,279,Stage 3,Stage 3,0.0,0.959345709283087
94,280,Stage 3,Stage 3,0.0,0.9895286317033777
94,281,Stage 3,Stage 3,0.0,0.8745520725529159
94,282,Stage 3,Stage 3,0.0,0.9801389506211624
94,283,Stage 3,Stage 3,0.0,0.9975297162359239
94,284,Stage 3,Stage 3,0.0,0.9981364710944592
94,285,Stage 3,Stage 3,0.0,0.9717629414204609
94,286,Stage 3,Stage 3,0.0,0.9553608765243043
94,287,Stage 3,Stage 3,0.0,0.9993236586030487
94,288,Stage 3,Stage 3,0.0,0.9551589326964985
94,289,Stage 3,Stage 3,0.0,0.9976701833447779
94,290,Stage 3,Stage 3,0.0,0.9943840071491716
94,291,Stage 3,Stage 3,0.0,0.9596736812440562
94,292,Stage 3,Stage 3,0.0,0.9996467798880657
94,293,Stage 3,Stage 3,0.0,0.9993635043379662
94,294,Stage 3,Stage 3,0.0,0.9818126552979723
94,295,Stage 3,Stage 3,0.0,0.9987733558176999
94,296,Stage 3,Stage 3,0.0,0.9391848630051114
94,297,Stage 3,Stage 3,0.0,0.9879123455895442
94,298,Stage 3,Stage 3,0.0,0.9994270815918678
94,299,Stage 3,Stage 3,0.0,0.9993635043379662
94,300,Stage 3,Stage 3,0.0,0.9994860337574274
94,301,Stage 3,Stage 3,0.0,0.9406592825142648
94,302,Stage 3,Stage 3,0.0,0.9995573673892864
94,303,Stage 3,Stage 3,0.0,0.9993218417782894
94,304,Stage 3,Stage 3,0.0,0.9988402473502555
94,305,Stage 3,Stage 3,0.0,0.9995057629016483
94,306,Stage 3,Stage 3,0.0,0.9994860337574274
94,307,Stage 3,Stage 3,0.0,0.9988737698508091
94,308,Stage 3,Stage 3,0.0,0.9968702763995634
94,309,Stage 3,Stage 3,0.0,0.9928058232164504
94,310,Stage 3,Stage 3,0.0,0.9989713542446881
94,311,Stage 3,Stage 3,0.0,0.8928397220999369
94,312,Stage 3,Stage 3,0.0,0.9994436699359635
94,313,Stage 3,Stage 3,0.0,0.9995057629016483
94,314,Stage 3,Stage 3,0.0,0.9791965908879803
94,315,Stage 3,Stage 3,0.0,0.9781072955745375
94,316,Stage 3,Stage 3,0.0,0.9954419158599372
94,317,Stage 3,Stage 3,0.0,0.9994830009418744
94,318,Stage 3,Stage 3,0.0,0.9995297716681386
94,319,Stage 3,Stage 3,0.0,0.9854915854874311
94,320,Stage 3,Stage 3,0.0,0.9995687044763792
94,321,Stage 3,Stage 3,0.0,0.9862280843086082
94,322,Stage 3,Stage 3,0.0,0.9991857962719407
94,323,Stage 3,Stage 3,0.0,0.9992516954836546
94,324,Stage 3,Stage 3,0.0,0.992573929076608
94,325,Stage 3,Stage 3,0.0,0.966751618481167
94,326,Stage 3,Stage 3,0.0,0.9995588291079894
94,327,Stage 3,Stage 3,0.0,0.7404743805803714
94,328,Stage 3,Stage 3,0.0,0.9927659461146568
94,329,Stage 3,Stage 3,0.0,0.9993607745865299
94,330,Stage 3,Stage 3,0.0,0.9929040792709048
94,331,Stage 3,Stage 3,0.0,0.9987266407837592
94,332,Stage 3,Stage 3,0.0,0.9487766009311918
94,333,Stage 3,Stage 3,0.0,0.8775843912233195
94,334,Stage 3,Stage 3,0.0,0.9797414877997822
94,335,Stage 3,Stage 3,0.0,0.9361898485298661
94,336,Stage 3,Stage 3,0.0,0.9983651835463668
94,337,Stage 3,Stage 0,0.0,0.6121296088980138
94,338,Stage 3,Stage 3,0.0,0.8190477831666267
94,339,Stage 0,Stage 0,0.0,0.8657109305319072
94,340,Stage 3,Stage 3,0.0,0.715992638352121
94,341,Stage 0,Stage 0,0.0,0.5334227482795547
94,342,Stage 3,Stage 3,0.0,0.5448940159897105
94,343,Stage 0,Stage 0,0.0,0.9733333333333334
94,344,Stage 0,Stage 0,0.0,0.9015667538453523
94,345,Stage 0,Stage 0,0.0,0.9066666666666666
94,346,Stage 0,Stage 0,0.0,1.0
94,347,Stage 0,Stage 0,0.0,0.9733333333333334
94,348,Stage 0,Stage 0,0.0,0.6466666666666666
94,349,Stage 0,Stage 0,0.0,0.9266666666666666
94,350,Stage 0,Stage 0,0.0,0.8666666666666667
94,351,Stage 0,Stage 0,0.0,1.0
94,352,Stage 0,Stage 0,0.0,1.0
94,353,Stage 0,Stage 0,0.0,1.0
94,354,Stage 0,Stage 0,0.0,1.0
94,355,Stage 0,Stage 0,0.0,1.0
94,356,Stage 0,Stage 0,0.0,0.9866666666666667
94,357,Stage 0,Stage 0,0.0,0.88
94,358,Stage 0,Stage 0,0.0,1.0
94,359,Stage 0,Stage 0,0.0,1.0
94,360,Stage 0,Stage 0,0.0,1.0
94,361,Stage 0,Stage 0,0.0,1.0
94,362,Stage 0,Stage 0,0.0,1.0
94,363,Stage 0,Stage 0,0.0,0.9333333333333333
94,364,Stage 0,Stage 0,0.0,1.0
94,365,Stage 0,Stage 0,0.0,1.0
94,366,Stage 0,Stage 0,0.0,1.0
94,367,Stage 0,Stage 0,0.0,1.0
94,368,Stage 0,Stage 0,0.0,1.0
94,369,Stage 0,Stage 0,0.0,1.0
94,370,Stage 0,Stage 0,0.0,1.0
94,371,Stage 0,Stage 0,0.0,1.0
94,372,Stage 0,Stage 0,0.0,1.0
94,373,Stage 0,Stage 0,0.0,1.0
94,374,Stage 0,Stage 0,0.0,1.0
94,375,Stage 0,Stage 0,0.0,1.0
94,376,Stage 0,Stage 0,0.0,1.0
94,377,Stage 0,Stage 0,0.0,1.0
94,378,Stage 0,Stage 0,0.0,1.0
94,379,Stage 0,Stage 0,0.0,1.0
94,380,Stage 0,Stage 0,0.0,1.0
94,381,Stage 0,Stage 0,0.0,1.0
94,382,Stage 0,Stage 0,0.0,1.0
94,383,Stage 0,Stage 0,0.0,1.0
94,384,Stage 0,Stage 0,0.0,1.0
94,385,Stage 0,Stage 0,0.0,1.0
94,386,Stage 0,Stage 0,0.0,1.0
94,387,Stage 0,Stage 0,0.0,1.0
94,388,Stage 0,Stage 0,0.0,1.0
94,389,Stage 0,Stage 0,0.0,1.0
94,390,Stage 0,Stage 0,0.0,1.0
94,391,Stage 0,Stage 0,0.0,1.0
94,392,Stage 0,Stage 0,0.0,1.0
