unit,time,y_true,y_pred,prob_stage4,confidence
10,1,Stage 1,Stage 1,0.0019779625992064048,0.9980218483555927
10,2,Stage 1,Stage 1,0.0029360909225404925,0.9970634780815669
10,3,Stage 1,Stage 1,0.028873086931280524,0.9710980409539798
10,4,Stage 1,Stage 1,0.0027209609047321925,0.9972787087439384
10,5,Stage 1,Stage 1,0.028038008891079727,0.9719342839258712
10,6,Stage 1,Stage 1,0.004530416553020731,0.9954686679252424
10,7,Stage 1,Stage 1,0.010757521546028522,0.9892373840887682
10,8,Stage 1,Stage 1,0.007696171102696674,0.9923017539844334
10,9,Stage 1,Stage 1,0.009766071187787181,0.9902299277432068
10,10,Stage 1,Stage 1,0.01984355866841328,0.9801416225401556
10,11,Stage 1,Stage 1,0.03526098761372228,0.9646875394610189
10,12,Stage 1,Stage 1,0.0028969409720498137,0.9971026130398654
10,13,Stage 1,Stage 1,0.028672165539863757,0.9713010909443716
10,14,Stage 1,Stage 1,0.019953081086361873,0.9800313334495331
10,15,Stage 1,Stage 1,0.009224301841840383,0.9907720490804357
10,16,Stage 1,Stage 1,0.006480752990605267,0.9935174547134197
10,17,Stage 1,Stage 1,0.004130021267084185,0.9958691394339745
10,18,Stage 1,Stage 1,0.056852549129882315,0.9430537321962681
10,19,Stage 1,Stage 1,0.020787606277376334,0.9791958683342726
10,20,Stage 1,Stage 1,0.017538917600321714,0.9824499164213383
10,21,Stage 1,Stage 1,0.06806653897500695,0.9317821999009551
10,22,Stage 1,Stage 1,0.05051065033343881,0.9494028990076583
10,23,Stage 1,Stage 1,0.03037944329224893,0.9695866782209749
10,24,Stage 1,Stage 1,0.009908344793020985,0.9900877920328216
10,25,Stage 1,Stage 1,0.34167443332897746,0.6530168658654586
10,26,Stage 1,Stage 1,0.01369564088740802,0.986296792963654
10,27,Stage 1,Stage 1,0.016849588558315212,0.9831392030123827
10,28,Stage 1,Stage 1,0.003527423791977675,0.9964720565877108
10,29,Stage 1,Stage 1,0.018893500855009716,0.9810956573935925
10,30,Stage 1,Stage 1,0.05727753026007742,0.9426098340971839
10,31,Stage 1,Stage 1,0.008351904554242328,0.9916448799420926
10,32,Stage 1,Stage 1,0.003447120219186432,0.996552369970932
10,33,Stage 1,Stage 1,0.033842441139305235,0.966113267775379
10,34,Stage 1,Stage 1,0.12694672702900806,0.8725109190290936
10,35,Stage 1,Stage 1,0.0028422752689295392,0.997157285132803
10,36,Stage 1,Stage 1,0.010285411929220964,0.9897109885991295
10,37,Stage 1,Stage 1,0.0507151991737485,0.9492028933248788
10,38,Stage 1,Stage 1,0.027756363874116282,0.9722144780774041
10,39,Stage 1,Stage 1,0.006987622335299556,0.9930100348291667
10,40,Stage 1,Stage 1,0.008903425280734626,0.9910933666590762
10,41,Stage 1,Stage 1,0.010385322578164583,0.9896110198135404
10,42,Stage 1,Stage 1,0.002703375431766127,0.9972962883342763
10,43,Stage 1,Stage 1,0.06383337286504291,0.9360009182994399
10,44,Stage 1,Stage 1,0.04253752746500086,0.957398854910263
10,45,Stage 1,Stage 1,0.015131304876761805,0.9848595618331918
10,46,Stage 1,Stage 1,0.011686613647422416,0.9883077132570905
10,47,Stage 1,Stage 1,0.004502489830056779,0.9954965931717935
10,48,Stage 1,Stage 1,0.007783774948415305,0.9922133619303268
10,49,Stage 1,Stage 1,0.03537571858270899,0.9645781985348324
10,50,Stage 1,Stage 1,0.013432071830808445,0.9865608215100339
10,51,Stage 1,Stage 1,0.06989629983885758,0.9299534101074979
10,52,Stage 1,Stage 1,0.011802512122800582,0.9881917664662401
10,53,Stage 1,Stage 1,0.12679202953758947,0.8727761501158382
10,54,Stage 1,Stage 1,0.027461689346237144,0.9725105180266503
10,55,Stage 1,Stage 1,0.010634416487138603,0.9893610980441948
10,56,Stage 1,Stage 1,0.031470673885458475,0.9684930608496535
10,57,Stage 1,Stage 1,0.09483927154789533,0.9048870047832356
10,58,Stage 1,Stage 1,0.09025532127284552,0.909494372919314
10,59,Stage 1,Stage 1,0.08314671139423337,0.916612951534043
10,60,Stage 1,Stage 1,0.173181581565455,0.8258889947046755
10,61,Stage 1,Stage 1,0.01547320685832755,0.984517745213803
10,62,Stage 1,Stage 1,0.05017008789393294,0.949732550036946
10,63,Stage 1,Stage 1,0.027561195924129814,0.9724160604934421
10,64,Stage 1,Stage 1,0.02549387812901485,0.9744815791491035
10,65,Stage 1,Stage 1,0.10436590916936282,0.8952600603273739
10,66,Stage 1,Stage 1,0.05965233485482086,0.9402325560794605
10,67,Stage 1,Stage 1,0.06262000562565177,0.9372284946993976
10,68,Stage 1,Stage 1,0.02227804047632458,0.9777024113685585
10,69,Stage 1,Stage 1,0.046974330465746124,0.9529553415481276
10,70,Stage 1,Stage 1,0.07569756056215893,0.9241355093383539
10,71,Stage 1,Stage 1,0.03169262470152777,0.9682773049513207
10,72,Stage 1,Stage 1,0.11567457613369543,0.8838511355912838
10,73,Stage 1,Stage 1,0.049419445679372155,0.9504982953231034
10,74,Stage 1,Stage 1,0.06906239864303873,0.9307761987036661
10,75,Stage 1,Stage 1,0.09586310024130051,0.9038818335751859
10,76,Stage 1,Stage 1,0.031529487001579516,0.9684369412312721
10,77,Stage 1,Stage 1,0.09068126974912609,0.9090000819778672
10,78,Stage 1,Stage 1,0.03216763409054611,0.9677942936460161
10,79,Stage 1,Stage 1,0.03323157623176064,0.9667283085794942
10,80,Stage 1,Stage 1,0.021832199302453892,0.9781493552236418
10,81,Stage 1,Stage 1,0.0234365969634689,0.9765434756184201
10,82,Stage 1,Stage 1,0.11970737408753672,0.8798554241289518
10,83,Stage 1,Stage 4,0.5089246771749514,0.5089246771749514
10,84,Stage 1,Stage 1,0.04862328276039262,0.9512950555949894
10,85,Stage 1,Stage 1,0.010455461883877491,0.9895406271162572
10,86,Stage 1,Stage 1,0.1075540294596718,0.8920521009292937
10,87,Stage 1,Stage 1,0.4377173656601185,0.5542104732099288
10,88,Stage 1,Stage 4,0.6369708388820935,0.6369708388820935
10,89,Stage 1,Stage 1,0.012527107395742693,0.9874683017734236
10,90,Stage 1,Stage 1,0.03587897437986661,0.9640792208952275
10,91,Stage 1,Stage 1,0.4628069451694127,0.5281491393437806
10,92,Stage 1,Stage 1,0.03747715906066701,0.9624746886874421
10,93,Stage 1,Stage 1,0.08670465675062325,0.9130751540843776
10,94,Stage 1,Stage 1,0.03571419820847317,0.9642449229414424
10,95,Stage 1,Stage 1,0.21367211227316918,0.7847317582785734
10,96,Stage 1,Stage 1,0.25805148795978217,0.7393104782771032
10,97,Stage 1,Stage 1,0.10562827899624332,0.8940285852820237
10,98,Stage 1,Stage 1,0.14829996014973587,0.8510512499354322
10,99,Stage 1,Stage 1,0.026425586805635518,0.9735519260213247
10,100,Stage 1,Stage 1,0.08421336116850864,0.9155657063524055
10,101,Stage 1,Stage 1,0.006732463242248739,0.9932654837011744
10,102,Stage 1,Stage 1,0.015205696240350883,0.9847851459469207
10,103,Stage 1,Stage 1,0.0410031291253352,0.9589396703439808
10,104,Stage 1,Stage 4,0.5743297561479853,0.5743297561479853
10,105,Stage 1,Stage 1,0.41059818945089516,0.5820474648480788
10,106,Stage 1,Stage 1,0.1355579301972416,0.8638230106594705
10,107,Stage 1,Stage 1,0.11292953208910916,0.88669577383758
10,108,Stage 1,Stage 1,0.18932779150995832,0.8094882952398502
10,109,Stage 1,Stage 1,0.08578724349960623,0.9139941138292159
10,110,Stage 1,Stage 1,0.046180901614872816,0.9537565030017932
10,111,Stage 4,Stage 4,0.5480661729273091,0.5480661729273091
10,112,Stage 1,Stage 1,0.23262889345477403,0.7657418062288536
10,113,Stage 1,Stage 1,0.09356877417481418,0.9061021087861661
10,114,Stage 1,Stage 4,0.6373373476422202,0.6373373476422202
10,115,Stage 1,Stage 1,0.375330554298299,0.6196988976562817
10,116,Stage 1,Stage 1,0.027727732419224674,0.9722465944940604
10,117,Stage 1,Stage 1,0.4106864158443022,0.5830819411120313
10,118,Stage 1,Stage 1,0.25284934706075735,0.7450340770977194
10,119,Stage 1,Stage 1,0.18198065392858256,0.8168647309751496
10,120,Stage 1,Stage 1,0.15452830137911353,0.8447444191465098
10,121,Stage 1,Stage 1,0.11254608628957917,0.8870204659112114
10,122,Stage 4,Stage 4,0.5366645658684701,0.5366645658684701
10,123,Stage 1,Stage 1,0.13920086390105074,0.8601631090705469
10,124,Stage 1,Stage 4,0.5233358663268047,0.5233358663268047
10,125,Stage 1,Stage 4,0.6513261775966431,0.6513261775966431
10,126,Stage 4,Stage 1,0.28234756085174284,0.7147394735173485
10,127,Stage 4,Stage 4,0.6388215156877155,0.6388215156877155
10,128,Stage 4,Stage 1,0.27487732377736357,0.7219628977965662
10,129,Stage 4,Stage 4,0.7758607969689293,0.7758607969689293
10,130,Stage 4,Stage 4,0.7122127029593647,0.7122127029593647
10,131,Stage 1,Stage 1,0.32359902563481946,0.6722376713931458
10,132,Stage 1,Stage 1,0.2000261413697359,0.7987231662891093
10,133,Stage 4,Stage 4,0.5785260067572677,0.5785260067572677
10,134,Stage 1,Stage 4,0.510719225776396,0.510719225776396
10,135,Stage 4,Stage 4,0.7322949200172753,0.7322949200172753
10,136,Stage 4,Stage 4,0.7160125868763163,0.7160125868763163
10,137,Stage 4,Stage 1,0.1151754401400393,0.8844471984319612
10,138,Stage 4,Stage 1,0.31314525920196795,0.6833716137247042
10,139,Stage 4,Stage 1,0.17127470884421503,0.8278527444674895
10,140,Stage 4,Stage 4,0.686008926652807,0.686008926652807
10,141,Stage 4,Stage 4,0.6815886160836556,0.6815886160836556
10,142,Stage 4,Stage 4,0.7427221567087405,0.7427221567087405
10,143,Stage 1,Stage 4,0.5225373618461092,0.5225373618461092
10,144,Stage 4,Stage 1,0.4754518073422527,0.5145182040910945
10,145,Stage 4,Stage 1,0.2089893848608242,0.7896038886555005
10,146,Stage 4,Stage 4,0.7409402521058557,0.7409402521058557
10,147,Stage 4,Stage 1,0.4934058504671621,0.49548083912040813
10,148,Stage 4,Stage 4,0.7420463485561983,0.7420463485561983
10,149,Stage 4,Stage 4,0.7789029194108078,0.7789029194108078
10,150,Stage 1,Stage 1,0.10790335681825479,0.8917021902664566
10,151,Stage 4,Stage 4,0.8002454328373236,0.8002454328373236
10,152,Stage 4,Stage 4,0.5323160250247352,0.5323160250247352
10,153,Stage 4,Stage 4,0.5807570384094002,0.5807570384094002
10,154,Stage 1,Stage 4,0.5696451746923414,0.5696451746923414
10,155,Stage 4,Stage 0,0.4103941933042538,0.5652937262842826
10,156,Stage 4,Stage 4,0.760470182610736,0.760470182610736
10,157,Stage 4,Stage 4,0.700907805825971,0.700907805825971
10,158,Stage 0,Stage 0,0.13466464121513694,0.7434447776381204
10,159,Stage 4,Stage 4,0.6581721992910213,0.6581721992910213
10,160,Stage 4,Stage 0,0.4161151016551846,0.5454153812439893
10,161,Stage 4,Stage 4,0.7162867093258728,0.7162867093258728
10,162,Stage 4,Stage 4,0.576155261740672,0.576155261740672
10,163,Stage 4,Stage 4,0.5864628555409265,0.5864628555409265
10,164,Stage 0,Stage 0,0.14063317799379463,0.7440095600293747
10,165,Stage 4,Stage 0,0.3830240930229669,0.5915661477747666
10,166,Stage 0,Stage 0,0.12632932766880817,0.6859155812086918
10,167,Stage 0,Stage 0,0.2499507421496628,0.698742303790641
10,168,Stage 4,Stage 4,0.5690058000935345,0.5690058000935345
10,169,Stage 0,Stage 0,0.2977456457413044,0.6630970557598765
10,170,Stage 0,Stage 0,0.23646097552071219,0.6909379233596279
10,171,Stage 4,Stage 4,0.5298378720544162,0.5298378720544162
10,172,Stage 0,Stage 0,0.2533890693636577,0.6868843881974743
10,173,Stage 0,Stage 0,0.17664074393218965,0.7447445584696646
10,174,Stage 4,Stage 0,0.3580930772112624,0.6106622237323079
10,175,Stage 0,Stage 0,0.0899037248572125,0.7601170502138663
10,176,Stage 0,Stage 0,0.45343925371215016,0.5237772948149113
10,177,Stage 0,Stage 0,0.3124548278735157,0.6307752334544015
10,178,Stage 4,Stage 0,0.06062868274922429,0.7250714952585192
10,179,Stage 0,Stage 0,0.2378762518733115,0.698929502168337
10,180,Stage 0,Stage 0,0.3052147496648454,0.6464529509719635
10,181,Stage 0,Stage 0,0.06788953385776739,0.7692461627237739
10,182,Stage 0,Stage 4,0.765387361112852,0.765387361112852
10,183,Stage 0,Stage 0,0.24447769185666243,0.7004998783976634
10,184,Stage 0,Stage 0,0.054948285969483,0.7029432616323409
10,185,Stage 0,Stage 0,0.07044835049562954,0.7025556021561343
10,186,Stage 0,Stage 0,0.06956149725461831,0.6731741090456034
10,187,Stage 0,Stage 0,0.030774989231941954,0.6268735519708916
10,188,Stage 0,Stage 0,0.016380022336650348,0.5695972665237483
10,189,Stage 0,Stage 0,0.02834385189422979,0.6510113796104571
10,190,Stage 0,Stage 2,0.00031876942736458816,0.5307214765181199
10,191,Stage 0,Stage 0,0.011868058012454743,0.5263994081007864
10,192,Stage 0,Stage 0,0.033533003289963496,0.7020512900953566
10,193,Stage 0,Stage 2,0.00018448527048023697,0.7367761677956695
10,194,Stage 2,Stage 2,0.0011445829056179072,0.44522568560450904
10,195,Stage 0,Stage 3,0.0030431860289687625,0.34157416821364145
10,196,Stage 0,Stage 3,0.00019355460263067526,0.5946192208993576
10,197,Stage 0,Stage 0,0.004622975454087183,0.39025328215009075
10,198,Stage 0,Stage 0,0.009170550677756722,0.47150742896212444
10,199,Stage 0,Stage 0,0.006441938045679342,0.44491129739815477
10,200,Stage 2,Stage 2,0.0008825983362261294,0.49162509391729664
10,201,Stage 0,Stage 2,0.002205533348301721,0.445552996139091
10,202,Stage 2,Stage 2,0.00265031000375136,0.49901619194447144
10,203,Stage 2,Stage 2,5.076367666963092e-06,0.6754338629313337
10,204,Stage 2,Stage 2,0.00014931040591233696,0.462047759795803
10,205,Stage 2,Stage 2,0.00023863466739207243,0.580018976305481
10,206,Stage 2,Stage 3,7.164768087557543e-05,0.4752803335418196
10,207,Stage 2,Stage 2,1.443334841402001e-05,0.5434823422524947
10,208,Stage 2,Stage 3,4.100896671131557e-05,0.6401174141543373
10,209,Stage 2,Stage 2,0.0053103131220114804,0.41941364908836015
10,210,Stage 2,Stage 3,9.068745268452094e-05,0.5518766240463864
10,211,Stage 2,Stage 2,6.267155030991185e-05,0.6582786857456044
10,212,Stage 2,Stage 2,0.000766327348972316,0.5301927670992749
10,213,Stage 2,Stage 3,3.3214021315659637e-07,0.5778473875996829
10,214,Stage 2,Stage 3,2.772314931142544e-06,0.6144934601704263
10,215,Stage 2,Stage 3,1.9116129548847757e-06,0.7904101344811146
10,216,Stage 2,Stage 2,2.403672169432984e-05,0.5079751564201871
10,217,Stage 2,Stage 2,1.0826029496313628e-07,0.5369678548272497
10,218,Stage 2,Stage 2,4.0216008805971804e-07,0.5000084225294158
10,219,Stage 2,Stage 3,5.215797626063544e-07,0.7204526218915162
10,220,Stage 2,Stage 3,1.306691872741103e-05,0.521141826989608
10,221,Stage 2,Stage 3,4.122195230209397e-10,0.8279963899860058
10,222,Stage 2,Stage 3,1.205478631764979e-08,0.5128729616118154
12,1,Stage 4,Stage 4,0.7188579583437709,0.7188579583437709
12,2,Stage 4,Stage 4,0.7866424865232123,0.7866424865232123
12,3,Stage 4,Stage 4,0.7752412631694107,0.7752412631694107
12,4,Stage 4,Stage 4,0.6658431785948214,0.6658431785948214
12,5,Stage 4,Stage 0,0.3155661257702425,0.6349428544340898
12,6,Stage 4,Stage 4,0.6650771449802287,0.6650771449802287
12,7,Stage 4,Stage 4,0.5386726545513985,0.5386726545513985
12,8,Stage 4,Stage 4,0.7893804292427712,0.7893804292427712
12,9,Stage 4,Stage 1,0.49035900566945656,0.5010961012171148
12,10,Stage 4,Stage 4,0.7272177583025303,0.7272177583025303
12,11,Stage 4,Stage 0,0.13851399408006915,0.777275268368943
12,12,Stage 4,Stage 0,0.2996360782294887,0.6607358725976807
12,13,Stage 4,Stage 4,0.5709358336996969,0.5709358336996969
12,14,Stage 4,Stage 4,0.6282447888091605,0.6282447888091605
12,15,Stage 4,Stage 4,0.803563916142305,0.803563916142305
12,16,Stage 4,Stage 4,0.7732646295593671,0.7732646295593671
12,17,Stage 4,Stage 4,0.6874440983638307,0.6874440983638307
12,18,Stage 4,Stage 4,0.5844293719604859,0.5844293719604859
12,19,Stage 4,Stage 4,0.5007134818479284,0.5007134818479284
12,20,Stage 4,Stage 4,0.7550860272925616,0.7550860272925616
12,21,Stage 4,Stage 4,0.7476220755619127,0.7476220755619127
12,22,Stage 4,Stage 4,0.7075952977068507,0.7075952977068507
12,23,Stage 4,Stage 4,0.5209528139411559,0.5209528139411559
12,24,Stage 4,Stage 4,0.6831443158088965,0.6831443158088965
12,25,Stage 4,Stage 4,0.7601219543380023,0.7601219543380023
12,26,Stage 4,Stage 4,0.49143046607150875,0.49143046607150875
12,27,Stage 4,Stage 4,0.6529247943502274,0.6529247943502274
12,28,Stage 4,Stage 4,0.7835770779992839,0.7835770779992839
12,29,Stage 4,Stage 0,0.3846868347360477,0.5845133967211651
12,30,Stage 4,Stage 4,0.7676261334798188,0.7676261334798188
12,31,Stage 4,Stage 4,0.6956165421359826,0.6956165421359826
12,32,Stage 0,Stage 4,0.548204014168436,0.548204014168436
12,33,Stage 4,Stage 4,0.7584861632286212,0.7584861632286212
12,34,Stage 0,Stage 4,0.6005833109952522,0.6005833109952522
12,35,Stage 4,Stage 4,0.7659015754323455,0.7659015754323455
12,36,Stage 4,Stage 4,0.7925513814903064,0.7925513814903064
12,37,Stage 4,Stage 4,0.6670749420837956,0.6670749420837956
12,38,Stage 4,Stage 4,0.7034337560980521,0.7034337560980521
12,39,Stage 4,Stage 4,0.7745993151009218,0.7745993151009218
12,40,Stage 4,Stage 4,0.6088372842431206,0.6088372842431206
12,41,Stage 4,Stage 4,0.7860744200134875,0.7860744200134875
12,42,Stage 4,Stage 4,0.6494356018165125,0.6494356018165125
12,43,Stage 4,Stage 4,0.7549902629277321,0.7549902629277321
12,44,Stage 4,Stage 4,0.7761129673130206,0.7761129673130206
12,45,Stage 0,Stage 0,0.23992364186532128,0.7075111838498465
12,46,Stage 4,Stage 4,0.772543439433073,0.772543439433073
12,47,Stage 4,Stage 4,0.7352256695359253,0.7352256695359253
12,48,Stage 4,Stage 4,0.7603552084700874,0.7603552084700874
12,49,Stage 4,Stage 4,0.7865958704252551,0.7865958704252551
12,50,Stage 4,Stage 4,0.7967710906744842,0.7967710906744842
12,51,Stage 4,Stage 0,0.316174301392329,0.6249431120410316
12,52,Stage 4,Stage 4,0.7607868782605244,0.7607868782605244
12,53,Stage 0,Stage 4,0.7681661830176153,0.7681661830176153
12,54,Stage 4,Stage 4,0.596540016840524,0.596540016840524
12,55,Stage 0,Stage 0,0.10388834796701295,0.7110310208831941
12,56,Stage 4,Stage 4,0.7075904992982216,0.7075904992982216
12,57,Stage 0,Stage 0,0.11738763626555057,0.7503723035886761
12,58,Stage 4,Stage 4,0.7997683038903183,0.7997683038903183
12,59,Stage 4,Stage 4,0.7054050440164584,0.7054050440164584
12,60,Stage 0,Stage 0,0.43098123135375394,0.5429614130378431
12,61,Stage 0,Stage 0,0.18268641577060862,0.7564023082110701
12,62,Stage 4,Stage 4,0.7069303709457955,0.7069303709457955
12,63,Stage 4,Stage 4,0.6853089596133396,0.6853089596133396
12,64,Stage 4,Stage 4,0.7527956232989488,0.7527956232989488
12,65,Stage 4,Stage 0,0.4153253734290289,0.5263884289386502
12,66,Stage 0,Stage 4,0.581207391265096,0.581207391265096
12,67,Stage 0,Stage 0,0.46539565936851973,0.5142506417843227
12,68,Stage 4,Stage 4,0.594470372937893,0.594470372937893
12,69,Stage 0,Stage 0,0.09078419859843705,0.7344725673864338
12,70,Stage 4,Stage 4,0.5560731269993272,0.5560731269993272
12,71,Stage 4,Stage 4,0.780383679241962,0.780383679241962
12,72,Stage 0,Stage 0,0.29104972850790856,0.6740881473848118
12,73,Stage 4,Stage 4,0.789251711493905,0.789251711493905
12,74,Stage 4,Stage 0,0.38456424081905655,0.5858758726096407
12,75,Stage 0,Stage 0,0.22706043238015444,0.7289543922000671
12,76,Stage 0,Stage 0,0.4767442231133457,0.5047895265740685
12,77,Stage 4,Stage 4,0.5645192667911695,0.5645192667911695
12,78,Stage 0,Stage 0,0.10956411463612352,0.6861326795500968
12,79,Stage 4,Stage 0,0.44283633884254436,0.5395895499005287
12,80,Stage 0,Stage 0,0.23828729720002975,0.6860953131977434
12,81,Stage 0,Stage 0,0.22194068905981426,0.6816440607978828
12,82,Stage 0,Stage 0,0.32982445430686635,0.6390860291264687
12,83,Stage 0,Stage 0,0.3290314884104964,0.648465541000963
12,84,Stage 0,Stage 4,0.5709656487584676,0.5709656487584676
12,85,Stage 0,Stage 0,0.1380410560970405,0.7366855157878963
12,86,Stage 0,Stage 0,0.22877587911251662,0.7235216282326442
12,87,Stage 4,Stage 4,0.7164146957127757,0.7164146957127757
12,88,Stage 0,Stage 0,0.31303051819038,0.6429457194236469
12,89,Stage 4,Stage 0,0.23104688594494996,0.7235202738990684
12,90,Stage 0,Stage 0,0.2706670439224126,0.6717430324264548
12,91,Stage 0,Stage 0,0.20852088821101722,0.7110180920252125
12,92,Stage 0,Stage 0,0.019307379831708753,0.627422269592235
12,93,Stage 0,Stage 0,0.046971684445803366,0.5968545734882554
12,94,Stage 0,Stage 4,0.5599939348120517,0.5599939348120517
12,95,Stage 0,Stage 0,0.2604380384721818,0.6765744946454955
12,96,Stage 0,Stage 0,0.1922449471467445,0.740871635257658
12,97,Stage 0,Stage 0,0.25289830796927043,0.687237290536647
12,98,Stage 4,Stage 4,0.647258039569585,0.647258039569585
12,99,Stage 0,Stage 0,0.19545870549756444,0.7239385500549995
12,100,Stage 0,Stage 0,0.17064311929085593,0.7446988689733627
12,101,Stage 4,Stage 4,0.8095362454366133,0.8095362454366133
12,102,Stage 0,Stage 0,0.02747738756775063,0.6160631273508663
12,103,Stage 0,Stage 0,0.12113387188262145,0.7456079056653316
12,104,Stage 0,Stage 0,0.12712694947222947,0.7643106688019597
12,105,Stage 0,Stage 0,0.041429874374286746,0.7221794227596802
12,106,Stage 0,Stage 0,0.2363311942321854,0.7077443001970369
12,107,Stage 0,Stage 0,0.03055970734078781,0.6656683488694956
12,108,Stage 0,Stage 0,0.16924651586560005,0.7425885731439591
12,109,Stage 0,Stage 0,0.10781406212040807,0.6356056230832134
12,110,Stage 0,Stage 0,0.2922839064861612,0.6353744255575509
12,111,Stage 0,Stage 0,0.044566501343325404,0.7328533341708268
12,112,Stage 0,Stage 0,0.05983743699102018,0.7697516477176398
12,113,Stage 0,Stage 0,0.1761703087235111,0.7469448562066104
12,114,Stage 0,Stage 0,0.04638146279592828,0.7160290335099949
12,115,Stage 0,Stage 0,0.035730919493792965,0.6837329640939276
12,116,Stage 0,Stage 0,0.03552717024453427,0.6293980097627235
12,117,Stage 0,Stage 0,0.01104727981581394,0.5153503824041802
12,118,Stage 0,Stage 2,0.0030077391621140355,0.591078886986864
12,119,Stage 0,Stage 0,0.044976705154779154,0.6450734562480873
12,120,Stage 0,Stage 0,0.009563204000525087,0.45921055282358925
12,121,Stage 0,Stage 0,0.21939435959349526,0.708565710642138
12,122,Stage 0,Stage 3,0.0024764617309883472,0.3481802560895214
12,123,Stage 0,Stage 0,0.012794580484386316,0.5667092656037908
12,124,Stage 0,Stage 0,0.033412763897352114,0.5946792605514301
12,125,Stage 0,Stage 2,0.0043694837475507,0.5078451319234871
12,126,Stage 0,Stage 2,0.0052346033463891006,0.44045372672727623
12,127,Stage 3,Stage 3,0.00036224309997521387,0.534310186446988
12,128,Stage 0,Stage 3,0.0006984724475383705,0.553095890361142
12,129,Stage 0,Stage 2,6.779450052511358e-05,0.6675281755328986
12,130,Stage 0,Stage 2,0.001969169361792995,0.37897024536620044
12,131,Stage 3,Stage 2,4.37928991272784e-05,0.6739030301669267
12,132,Stage 3,Stage 2,0.001441053756469892,0.5833614708168418
12,133,Stage 0,Stage 0,0.025091775682923013,0.6203564993188841
12,134,Stage 0,Stage 0,0.008654198625351,0.4791213121882862
12,135,Stage 3,Stage 2,0.0007435678650198017,0.4111981256257151
12,136,Stage 0,Stage 0,0.004741738902683421,0.3893158104651706
12,137,Stage 0,Stage 2,0.0018185473568904026,0.3756121844969702
12,138,Stage 3,Stage 3,0.00015669729143193189,0.45735148282946725
12,139,Stage 3,Stage 2,0.0005558350947103963,0.5193427598577344
12,140,Stage 0,Stage 2,0.002635388798534479,0.36786546987232654
12,141,Stage 3,Stage 2,3.584235739205651e-06,0.5036613605097829
12,142,Stage 3,Stage 2,2.7381674582670107e-05,0.4909939196128672
12,143,Stage 3,Stage 2,0.0016938131191318495,0.42905117722710073
12,144,Stage 3,Stage 3,1.891842976741659e-05,0.6055842133024948
12,145,Stage 3,Stage 0,0.005915137868482759,0.425222655786787
12,146,Stage 3,Stage 3,0.0009775229039253395,0.4372759455485732
12,147,Stage 3,Stage 2,0.0010289077811912884,0.5388414789171664
12,148,Stage 3,Stage 2,0.0012765133071091297,0.39772493882768833
12,149,Stage 3,Stage 3,6.7000179296240705e-06,0.5070520963787403
12,150,Stage 3,Stage 2,2.2808849081734497e-05,0.5138617932234933
12,151,Stage 3,Stage 3,7.502838175041438e-06,0.6759092935075238
12,152,Stage 3,Stage 3,6.018635794095931e-06,0.7141812932626905
12,153,Stage 3,Stage 3,3.62247184955155e-05,0.5262179103498089
12,154,Stage 3,Stage 2,4.890890497169159e-06,0.6199396850444654
12,155,Stage 3,Stage 3,4.0935448021812216e-08,0.7518983724102918
12,156,Stage 3,Stage 3,1.7394608782781354e-05,0.686283409729057
12,157,Stage 3,Stage 3,6.731677920249529e-06,0.6594622296802191
12,158,Stage 3,Stage 2,4.453981907618034e-06,0.5241378341063042
12,159,Stage 3,Stage 3,8.537012946059073e-08,0.5141183547209299
12,160,Stage 3,Stage 3,1.1327612290254353e-08,0.5988079945652937
12,161,Stage 3,Stage 3,1.2415592888873645e-07,0.7886782468257885
12,162,Stage 3,Stage 3,5.077212876433758e-07,0.9107656945811943
12,163,Stage 3,Stage 3,1.719640743147353e-09,0.8475157860639668
12,164,Stage 3,Stage 3,4.491719903409489e-06,0.8555241480381565
12,165,Stage 3,Stage 3,7.432999571238151e-08,0.5816101269277627
12,166,Stage 3,Stage 3,8.194101356407158e-09,0.6526110494163784
12,167,Stage 3,Stage 3,7.57227303775442e-08,0.754714048114097
12,168,Stage 3,Stage 3,7.57002662966872e-10,0.9213524138225642
12,169,Stage 3,Stage 3,1.8180597704270623e-08,0.8711507503005923
12,170,Stage 3,Stage 3,1.2806375929723163e-08,0.7741792668200262
17,1,Stage 1,Stage 1,0.028160675612987403,0.971813649356743
17,2,Stage 1,Stage 1,0.1730887324008766,0.8259847339653028
17,3,Stage 1,Stage 1,0.014540408807869606,0.9854504192360722
17,4,Stage 1,Stage 1,0.019639928339079085,0.9803461963208492
17,5,Stage 1,Stage 1,0.027283545144917407,0.9726878845889676
17,6,Stage 1,Stage 1,0.2411462693549039,0.7567547023928927
17,7,Stage 1,Stage 1,0.01220594015763331,0.9877886754384267
17,8,Stage 1,Stage 1,0.018938325833062864,0.9810464405574927
17,9,Stage 1,Stage 1,0.018265749048191886,0.9817226250252097
17,10,Stage 1,Stage 1,0.008861833688433124,0.9911349080458738
17,11,Stage 1,Stage 1,0.11498634282346666,0.8845984888810429
17,12,Stage 1,Stage 1,0.0015758631221729233,0.9984240246155989
17,13,Stage 1,Stage 1,0.039061757775140794,0.9608898550729781
17,14,Stage 1,Stage 1,0.008790692083451174,0.9912060841052227
17,15,Stage 1,Stage 1,0.01796002913232392,0.9820283727863379
17,16,Stage 1,Stage 1,0.012466366467858333,0.9875281641632635
17,17,Stage 1,Stage 1,0.19363962855355887,0.8051085033302413
17,18,Stage 1,Stage 1,0.06936200871692319,0.9304944221065073
17,19,Stage 1,Stage 1,0.022084549317445166,0.9778951569735659
17,20,Stage 1,Stage 1,0.004556331858857881,0.9954427395062305
17,21,Stage 1,Stage 1,0.014001318667915619,0.9859917263184189
17,22,Stage 1,Stage 1,0.060742502862563205,0.9391225881438205
17,23,Stage 1,Stage 1,0.009059746484814113,0.9909363013725266
17,24,Stage 1,Stage 1,0.019429660532247924,0.9805557059500056
17,25,Stage 1,Stage 1,0.018502089962458605,0.981484776932278
17,26,Stage 1,Stage 1,0.02271464184004511,0.9772676233736961
17,27,Stage 1,Stage 1,0.13449735186542303,0.8649684429494542
17,28,Stage 1,Stage 1,0.06776652729268365,0.9320812089325802
17,29,Stage 1,Stage 1,0.004779064550121206,0.9952198360517891
17,30,Stage 1,Stage 1,0.008746182100266326,0.9912507664766377
17,31,Stage 1,Stage 1,0.11131509290526109,0.8882791808110128
17,32,Stage 1,Stage 1,0.008019283659077635,0.9919779818362338
17,33,Stage 1,Stage 1,0.13099808421091985,0.8684743966881292
17,34,Stage 1,Stage 1,0.03371912328919696,0.9662420983863734
17,35,Stage 1,Stage 1,0.07833194252407567,0.9214737773011008
17,36,Stage 1,Stage 1,0.14810705753818132,0.8511778903645733
17,37,Stage 1,Stage 1,0.049913570593756146,0.94999857834231
17,38,Stage 1,Stage 1,0.3252342725668271,0.67118449099307
17,39,Stage 1,Stage 1,0.2487395658426772,0.7492382878239566
17,40,Stage 1,Stage 1,0.02103907692663578,0.9789449229044686
17,41,Stage 1,Stage 1,0.030880642641738433,0.969085021551319
17,42,Stage 1,Stage 1,0.1214749425928361,0.8779846113325008
17,43,Stage 1,Stage 1,0.0037004461322334378,0.9962989233388745
17,44,Stage 1,Stage 1,0.029447491248979298,0.9705239789179418
17,45,Stage 1,Stage 1,0.12065435274990348,0.8788029664975803
17,46,Stage 1,Stage 1,0.0024068036226807107,0.9975929199760524
17,47,Stage 1,Stage 1,0.09505545031930526,0.9045998221589536
17,48,Stage 1,Stage 1,0.200044146997994,0.7987257681006152
17,49,Stage 1,Stage 1,0.027846615427450497,0.9721285357614345
17,50,Stage 1,Stage 1,0.01441366902223322,0.9855776484342876
17,51,Stage 1,Stage 1,0.01433160737272349,0.9856602370064766
17,52,Stage 1,Stage 1,0.1330355828090458,0.8664108857269539
17,53,Stage 1,Stage 1,0.026569335676003322,0.9734030039236001
17,54,Stage 1,Stage 1,0.0820891463431084,0.9176625067992242
17,55,Stage 1,Stage 1,0.23169727013246566,0.7668629189890445
17,56,Stage 1,Stage 1,0.018932618520873412,0.9810539679223209
17,57,Stage 1,Stage 1,0.020051607986661262,0.9799345144482021
17,58,Stage 1,Stage 1,0.1211568743037626,0.8782918824358206
17,59,Stage 1,Stage 1,0.10876504411529771,0.890847304896449
17,60,Stage 1,Stage 1,0.42953347521874413,0.5633778086394614
17,61,Stage 1,Stage 1,0.03598681825693571,0.9639594196217093
17,62,Stage 1,Stage 1,0.02978196167867377,0.9701906723652547
17,63,Stage 1,Stage 1,0.10864675829265154,0.8909672677887807
17,64,Stage 1,Stage 1,0.10010647563349405,0.8995550919684261
17,65,Stage 1,Stage 1,0.3215690405377024,0.6739937714291269
17,66,Stage 1,Stage 1,0.01486354120199764,0.9851275712046087
17,67,Stage 1,Stage 1,0.05210490010559656,0.9477823706465747
17,68,Stage 1,Stage 1,0.12920557323098747,0.8701847206817639
17,69,Stage 1,Stage 1,0.17593770578408027,0.8229961142578723
17,70,Stage 1,Stage 1,0.35581000852456385,0.639916088250397
17,71,Stage 1,Stage 1,0.15757862960919428,0.841403547430864
17,72,Stage 1,Stage 1,0.05516997265413983,0.9447331762164882
17,73,Stage 1,Stage 1,0.011659563825783613,0.9883350316462677
17,74,Stage 1,Stage 1,0.06630649732944319,0.9335566516447688
17,75,Stage 1,Stage 1,0.05362994277344267,0.9462600734153479
17,76,Stage 1,Stage 1,0.1109651001401601,0.8886068166101959
17,77,Stage 1,Stage 1,0.03853091966638127,0.9614199332068593
17,78,Stage 1,Stage 1,0.06904849721776389,0.9307726778574429
17,79,Stage 1,Stage 1,0.14392821192338212,0.8553651574298547
17,80,Stage 1,Stage 1,0.39204945053993917,0.6019561394366496
17,81,Stage 1,Stage 1,0.06352583001760476,0.9363279238970065
17,82,Stage 1,Stage 1,0.029092062175698073,0.9708748172505133
17,83,Stage 1,Stage 1,0.14082545049638018,0.8586316723266063
17,84,Stage 1,Stage 1,0.19459547147439987,0.8040249333312133
17,85,Stage 1,Stage 1,0.04891820375235952,0.9509949531306625
17,86,Stage 1,Stage 1,0.19434154438384746,0.804433671203981
17,87,Stage 1,Stage 1,0.0203850447893822,0.979599322097457
17,88,Stage 1,Stage 1,0.15253757123381442,0.8466760521632393
17,89,Stage 1,Stage 1,0.38724356899919415,0.6070130996603639
17,90,Stage 1,Stage 1,0.36479912728875397,0.6304211364242668
17,91,Stage 1,Stage 1,0.3390714126373356,0.6558057493715302
17,92,Stage 1,Stage 1,0.2881106739291076,0.7090636006529335
17,93,Stage 1,Stage 1,0.06613062763139368,0.9337102053998779
17,94,Stage 1,Stage 1,0.3743375927323965,0.6205057293476564
17,95,Stage 1,Stage 1,0.061670775131030926,0.9381876093686083
17,96,Stage 1,Stage 4,0.5499559509696821,0.5499559509696821
17,97,Stage 1,Stage 1,0.06974483057676309,0.9300933812489173
17,98,Stage 1,Stage 1,0.15816910960564104,0.840934954446941
17,99,Stage 1,Stage 1,0.08212670836795917,0.9176392282032982
17,100,Stage 1,Stage 1,0.10250846799449863,0.8971577231488428
17,101,Stage 1,Stage 1,0.06141700418518112,0.9384471733311608
17,102,Stage 1,Stage 1,0.09933510089825745,0.9003280490365573
17,103,Stage 1,Stage 1,0.11454292765093912,0.8850303215307705
17,104,Stage 1,Stage 1,0.09917464974801378,0.9004773495854418
17,105,Stage 1,Stage 1,0.036237233823390495,0.9637198941073152
17,106,Stage 1,Stage 1,0.28608506186917265,0.7110507851750159
17,107,Stage 1,Stage 1,0.3069683341572596,0.6893494045336577
17,108,Stage 1,Stage 1,0.065350768332761,0.9345195024279053
17,109,Stage 1,Stage 1,0.054316876520489096,0.9455694433928461
17,110,Stage 1,Stage 1,0.44685624315733175,0.5448195566394652
17,111,Stage 1,Stage 1,0.015075253806507864,0.9849154615040427
17,112,Stage 1,Stage 1,0.3401249043520864,0.6552126721134013
17,113,Stage 1,Stage 1,0.37818935247280494,0.615961044799448
17,114,Stage 1,Stage 1,0.0824148786737181,0.9173464198414447
17,115,Stage 1,Stage 1,0.46691635385698976,0.5244386280559801
17,116,Stage 1,Stage 1,0.0319637586575784,0.968000163600568
17,117,Stage 1,Stage 1,0.06589395518656493,0.9339560926914239
17,118,Stage 1,Stage 1,0.4357757451601533,0.5564014475050636
17,119,Stage 1,Stage 1,0.04033008165185525,0.9596143380092126
17,120,Stage 1,Stage 1,0.1364290383298243,0.8629829362434837
17,121,Stage 1,Stage 1,0.4802554879999287,0.511374051829616
17,122,Stage 1,Stage 4,0.6666880140868743,0.6666880140868743
17,123,Stage 4,Stage 1,0.09361481126973241,0.9060514504718696
17,124,Stage 1,Stage 1,0.2630913781872667,0.7342756878367594
17,125,Stage 1,Stage 1,0.14522272009550624,0.854154296956838
17,126,Stage 1,Stage 4,0.5215475694797076,0.5215475694797076
17,127,Stage 1,Stage 4,0.6561311271039755,0.6561311271039755
17,128,Stage 1,Stage 1,0.41697931675113786,0.5760740030212478
17,129,Stage 1,Stage 1,0.08045252482797226,0.9193743015180988
17,130,Stage 4,Stage 1,0.32729488994219275,0.6683301774549987
17,131,Stage 1,Stage 1,0.29519493007172876,0.7017114930897679
17,132,Stage 1,Stage 1,0.47298020681061226,0.5152828778130111
17,133,Stage 1,Stage 1,0.3056976987201672,0.69119900741815
17,134,Stage 1,Stage 1,0.366401607738881,0.6278305112416687
17,135,Stage 1,Stage 1,0.28741497849985154,0.7096834661991649
17,136,Stage 1,Stage 1,0.16802081787718906,0.8309779445671299
17,137,Stage 1,Stage 1,0.21386414964570485,0.7843957334383469
17,138,Stage 1,Stage 1,0.25648074290860384,0.7409040089250187
17,139,Stage 1,Stage 1,0.25867786941868387,0.7391753315378696
17,140,Stage 4,Stage 1,0.09225539076475951,0.9074764458955447
17,141,Stage 1,Stage 1,0.45386914928832545,0.5379238694338538
17,142,Stage 4,Stage 1,0.24101769050574648,0.7572142792666929
17,143,Stage 4,Stage 1,0.1845891575380464,0.8141123700799531
17,144,Stage 1,Stage 1,0.40940590658822407,0.5841162764497051
17,145,Stage 1,Stage 1,0.15362090627766675,0.8456357719784673
17,146,Stage 1,Stage 4,0.5555224681044496,0.5555224681044496
17,147,Stage 1,Stage 1,0.4070089289337183,0.5873692576213695
17,148,Stage 4,Stage 4,0.77063085784592,0.77063085784592
17,149,Stage 4,Stage 4,0.6956684810687569,0.6956684810687569
17,150,Stage 1,Stage 1,0.11679090529129314,0.8827901978778422
17,151,Stage 1,Stage 1,0.147882061691632,0.8513220185637088
17,152,Stage 1,Stage 1,0.13753886552124941,0.8618409364608448
17,153,Stage 4,Stage 4,0.7270889655505459,0.7270889655505459
17,154,Stage 4,Stage 4,0.7352343336829467,0.7352343336829467
17,155,Stage 1,Stage 1,0.25374448660963195,0.7442235503641486
17,156,Stage 1,Stage 1,0.49048558621860516,0.5001442596629954
17,157,Stage 4,Stage 4,0.6516602568832577,0.6516602568832577
17,158,Stage 1,Stage 4,0.6763546683796223,0.6763546683796223
17,159,Stage 4,Stage 4,0.5077047879104181,0.5077047879104181
17,160,Stage 4,Stage 1,0.2572661657181945,0.7406123934324614
17,161,Stage 4,Stage 4,0.7751046014905895,0.7751046014905895
17,162,Stage 1,Stage 1,0.19825028621413932,0.8004877085168277
17,163,Stage 4,Stage 4,0.687488341027451,0.687488341027451
17,164,Stage 1,Stage 1,0.06755051770375668,0.9322427573497443
17,165,Stage 1,Stage 1,0.18288377132350223,0.8160363718070996
17,166,Stage 1,Stage 1,0.22957332774134953,0.7687287067944492
17,167,Stage 1,Stage 1,0.3062357264791185,0.6904002265259056
17,168,Stage 1,Stage 1,0.0576254217299275,0.9422760519990515
17,169,Stage 4,Stage 4,0.6344190156977491,0.6344190156977491
17,170,Stage 4,Stage 4,0.5030064242677316,0.5030064242677316
17,171,Stage 1,Stage 4,0.565461191800181,0.565461191800181
17,172,Stage 4,Stage 4,0.6600034551871033,0.6600034551871033
17,173,Stage 1,Stage 4,0.7400307650702261,0.7400307650702261
17,174,Stage 4,Stage 4,0.6322960158125467,0.6322960158125467
17,175,Stage 4,Stage 4,0.7274111838016657,0.7274111838016657
17,176,Stage 4,Stage 4,0.5709175042555256,0.5709175042555256
17,177,Stage 4,Stage 4,0.7937899995151867,0.7937899995151867
17,178,Stage 4,Stage 4,0.5483097989379879,0.5483097989379879
17,179,Stage 4,Stage 4,0.7927864516368817,0.7927864516368817
17,180,Stage 4,Stage 4,0.7847071464180863,0.7847071464180863
17,181,Stage 4,Stage 4,0.7695034254909303,0.7695034254909303
17,182,Stage 4,Stage 4,0.772653152019465,0.772653152019465
17,183,Stage 4,Stage 4,0.7812870148245823,0.7812870148245823
17,184,Stage 4,Stage 4,0.5523784158880894,0.5523784158880894
17,185,Stage 4,Stage 1,0.46135024905442024,0.5293004911778632
17,186,Stage 4,Stage 4,0.5215337659131777,0.5215337659131777
17,187,Stage 4,Stage 4,0.7702873232075369,0.7702873232075369
17,188,Stage 4,Stage 4,0.7424085562947783,0.7424085562947783
17,189,Stage 4,Stage 4,0.500649493303515,0.500649493303515
17,190,Stage 4,Stage 4,0.6909434714836247,0.6909434714836247
17,191,Stage 4,Stage 4,0.6930783293171187,0.6930783293171187
17,192,Stage 1,Stage 4,0.6785828689880001,0.6785828689880001
17,193,Stage 4,Stage 4,0.7720919496413747,0.7720919496413747
17,194,Stage 4,Stage 0,0.4034897613141033,0.5456429732774566
17,195,Stage 4,Stage 4,0.7096644258421174,0.7096644258421174
17,196,Stage 4,Stage 4,0.7818732586038375,0.7818732586038375
17,197,Stage 4,Stage 4,0.7798621059218019,0.7798621059218019
17,198,Stage 4,Stage 4,0.7724296416869363,0.7724296416869363
17,199,Stage 4,Stage 4,0.7440747410871527,0.7440747410871527
17,200,Stage 4,Stage 4,0.547515839267303,0.547515839267303
17,201,Stage 4,Stage 4,0.5320698275035887,0.5320698275035887
17,202,Stage 4,Stage 4,0.6604267077441319,0.6604267077441319
17,203,Stage 4,Stage 0,0.38079038549312105,0.5893472222344778
17,204,Stage 4,Stage 4,0.574207511981233,0.574207511981233
17,205,Stage 4,Stage 4,0.7301092271672048,0.7301092271672048
17,206,Stage 4,Stage 4,0.7607618099917557,0.7607618099917557
17,207,Stage 4,Stage 4,0.7209268698627234,0.7209268698627234
17,208,Stage 4,Stage 4,0.7263438924561454,0.7263438924561454
17,209,Stage 4,Stage 4,0.787421262601785,0.787421262601785
17,210,Stage 4,Stage 4,0.7571619384781423,0.7571619384781423
17,211,Stage 4,Stage 4,0.6824508412955204,0.6824508412955204
17,212,Stage 4,Stage 0,0.27621838163233237,0.6787013539011991
17,213,Stage 4,Stage 4,0.7025451848995076,0.7025451848995076
17,214,Stage 0,Stage 0,0.26133696188045036,0.6659581960239105
17,215,Stage 4,Stage 4,0.7313256246233545,0.7313256246233545
17,216,Stage 0,Stage 0,0.37471557620918094,0.5891235867595982
17,217,Stage 0,Stage 0,0.4536175268979777,0.5244254333841902
17,218,Stage 4,Stage 4,0.6819455577342343,0.6819455577342343
17,219,Stage 4,Stage 4,0.7815095871667126,0.7815095871667126
17,220,Stage 4,Stage 4,0.7556495024531275,0.7556495024531275
17,221,Stage 4,Stage 0,0.34985396916147543,0.6205904857098742
17,222,Stage 0,Stage 0,0.1748578203750071,0.723307278602063
17,223,Stage 4,Stage 4,0.6085893868876427,0.6085893868876427
17,224,Stage 0,Stage 0,0.3824408154122578,0.572658286625211
17,225,Stage 0,Stage 0,0.13476836505684658,0.6855052141848637
17,226,Stage 0,Stage 0,0.04494127057208785,0.6869595763382907
17,227,Stage 0,Stage 0,0.23357654300044692,0.7161563114804944
17,228,Stage 0,Stage 0,0.39256498093078773,0.5673372845127711
17,229,Stage 0,Stage 0,0.17111525011539908,0.7401051547817588
17,230,Stage 0,Stage 0,0.13893729039248418,0.7561592431601112
17,231,Stage 0,Stage 0,0.07199553747378448,0.7306555112818075
17,232,Stage 0,Stage 0,0.14371631262352083,0.733819049221567
17,233,Stage 0,Stage 0,0.15747965433472724,0.7466740641020582
17,234,Stage 0,Stage 0,0.2358041911573633,0.6915443845212084
17,235,Stage 0,Stage 0,0.20475916406893233,0.7073747133468452
17,236,Stage 2,Stage 0,0.010339335951527582,0.49845507974203873
17,237,Stage 0,Stage 0,0.4272099570717169,0.5539343935349457
17,238,Stage 2,Stage 0,0.058321642390925535,0.639591793719587
17,239,Stage 2,Stage 0,0.03335968550067014,0.6066753328977718
17,240,Stage 0,Stage 0,0.013728203822022545,0.49487042611989246
17,241,Stage 0,Stage 0,0.1981959659389689,0.6805058705252738
17,242,Stage 2,Stage 2,0.009544877798050591,0.4975521063563064
17,243,Stage 2,Stage 0,0.010063635721909102,0.4434163448556322
17,244,Stage 2,Stage 0,0.02221306124846739,0.5051830743815905
17,245,Stage 2,Stage 2,0.006862401973701256,0.43031795320190613
17,246,Stage 0,Stage 0,0.03621072369633276,0.6870889781936684
17,247,Stage 2,Stage 0,0.020266127973747026,0.5523463675317964
17,248,Stage 2,Stage 0,0.01995208538290943,0.6342112066487445
17,249,Stage 2,Stage 2,0.0012615591991095205,0.6566564194908419
17,250,Stage 2,Stage 0,0.008555324826853596,0.4750249055729658
17,251,Stage 2,Stage 2,0.010317726780776425,0.4436874112813732
17,252,Stage 2,Stage 0,0.019737758705254765,0.6179390427605106
17,253,Stage 2,Stage 2,0.0037547284187336755,0.5060256043920213
17,254,Stage 2,Stage 2,0.00230753411903362,0.4655375187288347
17,255,Stage 2,Stage 2,0.00027762898276284623,0.44228345894054555
17,256,Stage 2,Stage 2,0.0002544076108940812,0.5208647330514485
17,257,Stage 2,Stage 2,3.899016250558137e-05,0.7240556629048921
17,258,Stage 2,Stage 2,0.00022740308034575887,0.6848297745188685
17,259,Stage 2,Stage 2,3.723204338781369e-05,0.7383088297584194
17,260,Stage 2,Stage 2,4.7017160654948784e-05,0.6554296804010806
17,261,Stage 2,Stage 2,3.482409159675825e-05,0.6750547872523958
17,262,Stage 2,Stage 3,3.863560983241734e-05,0.6814183558178204
17,263,Stage 2,Stage 2,1.2887021648450662e-05,0.5430201068416363
17,264,Stage 2,Stage 2,1.7486026636170654e-05,0.7485709628114308
17,265,Stage 2,Stage 2,1.3609192333867999e-05,0.795326361290811
17,266,Stage 2,Stage 2,4.009796063765701e-07,0.5020482098421714
17,267,Stage 2,Stage 2,0.00012813579929878195,0.6965561104482003
17,268,Stage 2,Stage 3,5.09623339033671e-06,0.5202387389051691
17,269,Stage 2,Stage 2,1.4191694641693244e-07,0.6853174026562339
17,270,Stage 2,Stage 3,1.9053489508992313e-05,0.5150599897819862
17,271,Stage 2,Stage 2,2.4937441079638347e-07,0.6806268548524576
17,272,Stage 2,Stage 3,1.5772275175980943e-06,0.6884771090960214
17,273,Stage 2,Stage 3,1.333520143971006e-07,0.6229130143555173
17,274,Stage 2,Stage 3,5.895622347892312e-07,0.7637293822742326
17,275,Stage 2,Stage 3,3.793694023963268e-09,0.8197140973790553
17,276,Stage 2,Stage 2,3.038746557881825e-08,0.5979732499417477
20,1,Stage 4,Stage 4,0.7581870558928897,0.7581870558928897
20,2,Stage 4,Stage 0,0.16861175296042358,0.7682688766565402
20,3,Stage 4,Stage 4,0.5995335660645307,0.5995335660645307
20,4,Stage 4,Stage 0,0.4313106343684574,0.532743541609496
20,5,Stage 4,Stage 4,0.7166572261494694,0.7166572261494694
20,6,Stage 4,Stage 4,0.7135627559931125,0.7135627559931125
20,7,Stage 4,Stage 4,0.6734697302536103,0.6734697302536103
20,8,Stage 4,Stage 4,0.5959509801352616,0.5959509801352616
20,9,Stage 4,Stage 4,0.7598947649630772,0.7598947649630772
20,10,Stage 4,Stage 4,0.6561403229985574,0.6561403229985574
20,11,Stage 4,Stage 4,0.7515386413600393,0.7515386413600393
20,12,Stage 4,Stage 4,0.7876727387253817,0.7876727387253817
20,13,Stage 4,Stage 4,0.7899227462614985,0.7899227462614985
20,14,Stage 4,Stage 4,0.6879339570560826,0.6879339570560826
20,15,Stage 4,Stage 4,0.7979876818363049,0.7979876818363049
20,16,Stage 4,Stage 1,0.43810352048432394,0.5542235679773785
20,17,Stage 4,Stage 4,0.7745483842555639,0.7745483842555639
20,18,Stage 4,Stage 0,0.2401831279157595,0.7223713181805245
20,19,Stage 4,Stage 4,0.6330671691463445,0.6330671691463445
20,20,Stage 4,Stage 4,0.7746275969566532,0.7746275969566532
20,21,Stage 4,Stage 4,0.5341526402262673,0.5341526402262673
20,22,Stage 4,Stage 4,0.7871319927531132,0.7871319927531132
20,23,Stage 0,Stage 0,0.1621922035834489,0.7273047651554181
20,24,Stage 4,Stage 4,0.7997913080764132,0.7997913080764132
20,25,Stage 4,Stage 4,0.7938648803168421,0.7938648803168421
20,26,Stage 4,Stage 4,0.7149963752589312,0.7149963752589312
20,27,Stage 4,Stage 4,0.6521502456132987,0.6521502456132987
20,28,Stage 4,Stage 4,0.7959131166095417,0.7959131166095417
20,29,Stage 4,Stage 0,0.32658218372059383,0.6181331508912732
20,30,Stage 0,Stage 0,0.3879629524183456,0.5886519055379875
20,31,Stage 4,Stage 4,0.7324568099319217,0.7324568099319217
20,32,Stage 4,Stage 4,0.6343089735728439,0.6343089735728439
20,33,Stage 4,Stage 4,0.715053576973237,0.715053576973237
20,34,Stage 4,Stage 4,0.7689440745723944,0.7689440745723944
20,35,Stage 4,Stage 0,0.4093430353977668,0.5699220752081517
20,36,Stage 4,Stage 4,0.7592497445792659,0.7592497445792659
20,37,Stage 4,Stage 4,0.6619566862953647,0.6619566862953647
20,38,Stage 4,Stage 4,0.6630500400680956,0.6630500400680956
20,39,Stage 4,Stage 4,0.7828745497703957,0.7828745497703957
20,40,Stage 4,Stage 4,0.5839239773962329,0.5839239773962329
20,41,Stage 4,Stage 4,0.6669680610670239,0.6669680610670239
20,42,Stage 4,Stage 4,0.6160288699650612,0.6160288699650612
20,43,Stage 4,Stage 4,0.8088306733995393,0.8088306733995393
20,44,Stage 4,Stage 4,0.7566482597038466,0.7566482597038466
20,45,Stage 4,Stage 4,0.5232753116247614,0.5232753116247614
20,46,Stage 4,Stage 4,0.7763710373472242,0.7763710373472242
20,47,Stage 4,Stage 4,0.7426606211232323,0.7426606211232323
20,48,Stage 4,Stage 0,0.27069257257338997,0.66953813594076
20,49,Stage 4,Stage 4,0.616408951203976,0.616408951203976
20,50,Stage 4,Stage 4,0.6560275981257552,0.6560275981257552
20,51,Stage 0,Stage 0,0.45080637307524374,0.5255765289003631
20,52,Stage 4,Stage 4,0.6110053126073142,0.6110053126073142
20,53,Stage 4,Stage 4,0.7438505972289149,0.7438505972289149
20,54,Stage 4,Stage 4,0.5090367090059909,0.5090367090059909
20,55,Stage 4,Stage 4,0.7053559594873314,0.7053559594873314
20,56,Stage 4,Stage 0,0.2887881446197188,0.6263159499046776
20,57,Stage 4,Stage 4,0.7748330017256051,0.7748330017256051
20,58,Stage 4,Stage 4,0.73364280986928,0.73364280986928
20,59,Stage 0,Stage 4,0.4945274361737749,0.4945274361737749
20,60,Stage 0,Stage 0,0.337715847679918,0.6248427268839283
20,61,Stage 4,Stage 4,0.6516325646846743,0.6516325646846743
20,62,Stage 4,Stage 4,0.8148168253971453,0.8148168253971453
20,63,Stage 4,Stage 4,0.7042309400953526,0.7042309400953526
20,64,Stage 4,Stage 4,0.5708775272830643,0.5708775272830643
20,65,Stage 4,Stage 4,0.7235767469138312,0.7235767469138312
20,66,Stage 4,Stage 4,0.7721264215850324,0.7721264215850324
20,67,Stage 4,Stage 4,0.7893819602358484,0.7893819602358484
20,68,Stage 4,Stage 4,0.7546236476466534,0.7546236476466534
20,69,Stage 4,Stage 4,0.7785227844376239,0.7785227844376239
20,70,Stage 4,Stage 4,0.593782321734369,0.593782321734369
20,71,Stage 4,Stage 4,0.7938214948483558,0.7938214948483558
20,72,Stage 4,Stage 4,0.800779224978044,0.800779224978044
20,73,Stage 4,Stage 4,0.6659710763106333,0.6659710763106333
20,74,Stage 4,Stage 4,0.5484543818421215,0.5484543818421215
20,75,Stage 4,Stage 4,0.6326260416104721,0.6326260416104721
20,76,Stage 4,Stage 4,0.7533242714955825,0.7533242714955825
20,77,Stage 4,Stage 4,0.7810400086060253,0.7810400086060253
20,78,Stage 4,Stage 4,0.759477214841179,0.759477214841179
20,79,Stage 4,Stage 4,0.5018044126331055,0.5018044126331055
20,80,Stage 4,Stage 4,0.7809997012878597,0.7809997012878597
20,81,Stage 4,Stage 0,0.18947596877409734,0.7103314845831097
20,82,Stage 4,Stage 4,0.6363155156132605,0.6363155156132605
20,83,Stage 0,Stage 0,0.2868553615607742,0.6726623053266845
20,84,Stage 4,Stage 4,0.7749909144529228,0.7749909144529228
20,85,Stage 4,Stage 4,0.7597817293730275,0.7597817293730275
20,86,Stage 4,Stage 4,0.7563644766314185,0.7563644766314185
20,87,Stage 4,Stage 4,0.7819393622121287,0.7819393622121287
20,88,Stage 4,Stage 4,0.5030798790127756,0.5030798790127756
20,89,Stage 0,Stage 4,0.6506542750869545,0.6506542750869545
20,90,Stage 4,Stage 4,0.680477111691748,0.680477111691748
20,91,Stage 4,Stage 4,0.7458664391730241,0.7458664391730241
20,92,Stage 0,Stage 0,0.04174990145201814,0.6271441369702669
20,93,Stage 0,Stage 0,0.3945114527221396,0.5776282792875299
20,94,Stage 4,Stage 4,0.6724858042130863,0.6724858042130863
20,95,Stage 4,Stage 4,0.766551289626582,0.766551289626582
20,96,Stage 0,Stage 0,0.34312842004583866,0.6233292047803431
20,97,Stage 0,Stage 0,0.07972585241835203,0.7367123669904801
20,98,Stage 4,Stage 4,0.6207362887375284,0.6207362887375284
20,99,Stage 4,Stage 4,0.6276761131011717,0.6276761131011717
20,100,Stage 0,Stage 0,0.44044526995217365,0.5394441846466338
20,101,Stage 4,Stage 0,0.37975378594683934,0.5994966702420407
20,102,Stage 0,Stage 0,0.3132748134741966,0.6528005499341862
20,103,Stage 4,Stage 4,0.689256917646587,0.689256917646587
20,104,Stage 4,Stage 4,0.7718247388253782,0.7718247388253782
20,105,Stage 4,Stage 0,0.1664850725259771,0.7355064606088313
20,106,Stage 4,Stage 4,0.7372712313921113,0.7372712313921113
20,107,Stage 0,Stage 0,0.2777907770831887,0.6803151796411029
20,108,Stage 4,Stage 4,0.7761195469907239,0.7761195469907239
20,109,Stage 4,Stage 4,0.7344135642185216,0.7344135642185216
20,110,Stage 0,Stage 0,0.10015444212013136,0.7785068768078462
20,111,Stage 4,Stage 4,0.6090926272352022,0.6090926272352022
20,112,Stage 0,Stage 0,0.028863078244201923,0.6542140193012237
20,113,Stage 0,Stage 0,0.13895792960130857,0.7816751109582982
20,114,Stage 0,Stage 4,0.6321367750721354,0.6321367750721354
20,115,Stage 0,Stage 4,0.6592714152670989,0.6592714152670989
20,116,Stage 0,Stage 0,0.3333514164172191,0.6305748943007308
20,117,Stage 0,Stage 0,0.11477341794901151,0.6556278430682071
20,118,Stage 0,Stage 0,0.06882117027749309,0.7551778143200771
20,119,Stage 4,Stage 4,0.5417147300741042,0.5417147300741042
20,120,Stage 0,Stage 0,0.32643230572212684,0.6455768465607106
20,121,Stage 0,Stage 0,0.4040712849994825,0.5592545157650658
20,122,Stage 0,Stage 0,0.1338561579129571,0.682974078291443
20,123,Stage 0,Stage 0,0.13613817706839115,0.7593321530726129
20,124,Stage 0,Stage 0,0.2844075301388767,0.661119791538235
20,125,Stage 0,Stage 4,0.5204044581851797,0.5204044581851797
20,126,Stage 0,Stage 0,0.2325294736165482,0.6893116629867007
20,127,Stage 0,Stage 0,0.2173477260337855,0.7128927565674921
20,128,Stage 4,Stage 4,0.6273277713534708,0.6273277713534708
20,129,Stage 0,Stage 0,0.149605392334852,0.7093088015728579
20,130,Stage 0,Stage 0,0.4837092816282242,0.49771859070144137
20,131,Stage 0,Stage 0,0.37245065730772364,0.5895957802813608
20,132,Stage 0,Stage 0,0.24786414633995846,0.7175554329630973
20,133,Stage 0,Stage 4,0.502409552325169,0.502409552325169
20,134,Stage 0,Stage 0,0.10145132050239704,0.7118111036202294
20,135,Stage 0,Stage 0,0.4702231313565529,0.5059522097578402
20,136,Stage 0,Stage 0,0.41876732721697685,0.5542062344949383
20,137,Stage 0,Stage 0,0.31315061919618437,0.6204903610906792
20,138,Stage 0,Stage 0,0.22816097756772702,0.7077337437362442
20,139,Stage 0,Stage 0,0.2953164357429866,0.6519716140012318
20,140,Stage 0,Stage 4,0.4931940970425439,0.4931940970425439
20,141,Stage 0,Stage 0,0.1542280501994647,0.6518544659527498
20,142,Stage 0,Stage 0,0.16612764914544825,0.760924350517052
20,143,Stage 0,Stage 0,0.0947672859878314,0.6789246335822139
20,144,Stage 0,Stage 0,0.13157576231939333,0.7369611308655185
20,145,Stage 0,Stage 0,0.14984669152092686,0.7092403957930092
20,146,Stage 0,Stage 0,0.12560166265275197,0.7641040611083948
20,147,Stage 0,Stage 0,0.04671220913788258,0.7109310706427702
20,148,Stage 0,Stage 0,0.20072714601836655,0.6978118506249461
20,149,Stage 0,Stage 0,0.22017387075344874,0.6662341659200414
20,150,Stage 0,Stage 0,0.06828445898078447,0.7378195934725841
20,151,Stage 0,Stage 0,0.16561500798282905,0.6989243265154986
20,152,Stage 0,Stage 4,0.6531171357136754,0.6531171357136754
20,153,Stage 0,Stage 0,0.2609642375004386,0.68930822270922
20,154,Stage 0,Stage 0,0.2720231827100356,0.6924309855510684
20,155,Stage 0,Stage 0,0.02028583027346827,0.615393726819253
20,156,Stage 0,Stage 0,0.028817083305984002,0.6479983768530392
20,157,Stage 0,Stage 0,0.23658211254275835,0.6971898586243311
20,158,Stage 0,Stage 0,0.08203279225165158,0.7348930032371443
20,159,Stage 0,Stage 0,0.02388547109239373,0.6502847256451564
20,160,Stage 0,Stage 2,0.013246382678581017,0.45911703192208225
20,161,Stage 0,Stage 0,0.009513223967480992,0.45194969264816615
20,162,Stage 0,Stage 0,0.037268935413167774,0.6596773794496302
20,163,Stage 0,Stage 0,0.022487549104144702,0.624240777602039
20,164,Stage 0,Stage 0,0.0070306683979158464,0.42750161730252606
20,165,Stage 0,Stage 0,0.11531857921990953,0.7784423645748346
20,166,Stage 0,Stage 0,0.03092174573396852,0.6483061596134212
20,167,Stage 0,Stage 0,0.11954965009314013,0.7797120176904355
20,168,Stage 0,Stage 0,0.015492730921375177,0.5238604350479564
20,169,Stage 0,Stage 0,0.10563526558360288,0.7836485808379735
20,170,Stage 0,Stage 0,0.15131016339391035,0.7721866120202407
20,171,Stage 0,Stage 3,0.0006228454376399298,0.6010419085990912
20,172,Stage 0,Stage 0,0.11079864369834416,0.7727285803434999
20,173,Stage 0,Stage 0,0.022295408213134135,0.6245118231271887
20,174,Stage 0,Stage 0,0.010318052032630611,0.5301453382137585
20,175,Stage 0,Stage 2,0.00854112581137764,0.4368023497256705
20,176,Stage 0,Stage 0,0.01239787992059617,0.47144567135248494
20,177,Stage 0,Stage 0,0.015158229448838259,0.5781567088355979
20,178,Stage 0,Stage 0,0.05835452805206024,0.7230208033880666
20,179,Stage 0,Stage 2,0.0012297033458085597,0.583025065736292
20,180,Stage 0,Stage 0,0.031488795526253714,0.6585770172183582
20,181,Stage 0,Stage 0,0.014537495973370177,0.4740531797717055
20,182,Stage 0,Stage 2,0.002134731597638544,0.38594987244276063
20,183,Stage 0,Stage 0,0.054073031777578495,0.7280197791410616
20,184,Stage 0,Stage 0,0.014213199593302122,0.4880420398801576
20,185,Stage 0,Stage 2,0.002362436723449617,0.5107172729782055
20,186,Stage 0,Stage 2,0.0017943774080695291,0.5923713760620226
20,187,Stage 0,Stage 2,0.009091984308202595,0.5574545742842979
20,188,Stage 3,Stage 2,0.00011516658976870829,0.7202662863880198
20,189,Stage 0,Stage 2,0.008125904859782663,0.5013304893797605
20,190,Stage 0,Stage 2,0.0014146527251182677,0.39446046801825435
20,191,Stage 0,Stage 2,0.0023005791395992676,0.44817220312663375
20,192,Stage 3,Stage 3,0.00010711493196780679,0.6106466019828956
20,193,Stage 3,Stage 3,1.831093083564183e-05,0.6223431807643568
20,194,Stage 3,Stage 2,3.341742977452776e-05,0.5516105531812162
20,195,Stage 0,Stage 0,0.026230626373530307,0.616721045197137
20,196,Stage 3,Stage 2,0.0010093684553564445,0.5068726066555236
20,197,Stage 0,Stage 3,0.0023908305521273174,0.4778284580709037
20,198,Stage 3,Stage 2,0.008167673188217517,0.4700353956733699
20,199,Stage 3,Stage 2,5.59603967889107e-05,0.664419682206341
20,200,Stage 0,Stage 2,0.002378120250758128,0.5656643533792013
20,201,Stage 3,Stage 3,0.0002355109803662168,0.5161473222293569
20,202,Stage 0,Stage 3,0.0017031660670239785,0.4418746779057127
20,203,Stage 3,Stage 2,0.0003003621020128384,0.5369916060980982
20,204,Stage 3,Stage 3,3.2058902219338656e-07,0.8052895566137112
20,205,Stage 3,Stage 3,0.00171066032513034,0.42519841196801716
20,206,Stage 0,Stage 3,0.0025580349912333253,0.4319139735056601
20,207,Stage 3,Stage 2,1.760275724939174e-05,0.5944361116943584
20,208,Stage 3,Stage 2,6.25118645140118e-05,0.5823067002504085
20,209,Stage 3,Stage 3,0.0005946434252844363,0.4275622844908084
20,210,Stage 3,Stage 3,1.7977682581508265e-06,0.7458385710147583
20,211,Stage 3,Stage 3,1.114820121020704e-06,0.5421299746457134
20,212,Stage 3,Stage 3,3.022311151110672e-06,0.6477158901052801
20,213,Stage 3,Stage 2,2.056891684338821e-06,0.6026735910820524
20,214,Stage 3,Stage 3,1.596510309684875e-06,0.6564179318430476
20,215,Stage 3,Stage 2,2.5749584310840803e-06,0.6589148097477405
20,216,Stage 3,Stage 3,5.14493668919145e-07,0.5189465194548314
20,217,Stage 3,Stage 2,2.1208290727660656e-06,0.5654334250637375
20,218,Stage 3,Stage 3,1.5220135757470659e-07,0.8313356131022248
20,219,Stage 3,Stage 3,5.842693534461519e-06,0.608725863752459
20,220,Stage 3,Stage 3,4.845255949447341e-07,0.7417791546995954
20,221,Stage 3,Stage 3,1.3105297103732459e-06,0.9146342637826164
20,222,Stage 3,Stage 3,3.5419568063976185e-07,0.612587059915019
20,223,Stage 3,Stage 3,1.9783731743067428e-07,0.5113132713991523
20,224,Stage 3,Stage 3,1.143376905857949e-05,0.8709673480787765
20,225,Stage 3,Stage 3,2.943193519944607e-07,0.6674128268723186
20,226,Stage 3,Stage 3,1.216972514509516e-06,0.5827514621614264
20,227,Stage 3,Stage 2,9.97559347602647e-07,0.5299457506878652
20,228,Stage 3,Stage 3,4.3213140555718384e-07,0.5470617736709197
20,229,Stage 3,Stage 3,7.777677352359877e-08,0.6471983876408025
20,230,Stage 3,Stage 3,4.499491005998854e-08,0.5343225090065622
20,231,Stage 3,Stage 3,3.1479054568090417e-10,0.7292704626193635
20,232,Stage 3,Stage 3,4.607389362118711e-10,0.8399095885214984
20,233,Stage 3,Stage 3,5.641117508260558e-10,0.5197304188870009
20,234,Stage 3,Stage 3,4.6381562436316945e-09,0.6844020169817655
21,1,Stage 4,Stage 4,0.7817749876091654,0.7817749876091654
21,2,Stage 4,Stage 4,0.6014898844234002,0.6014898844234002
21,3,Stage 4,Stage 4,0.7369220796231711,0.7369220796231711
21,4,Stage 4,Stage 4,0.7435112522014352,0.7435112522014352
21,5,Stage 4,Stage 4,0.7213115548668405,0.7213115548668405
21,6,Stage 1,Stage 4,0.6817441318923172,0.6817441318923172
21,7,Stage 4,Stage 4,0.50277888648995,0.50277888648995
21,8,Stage 4,Stage 4,0.6926933337023317,0.6926933337023317
21,9,Stage 4,Stage 1,0.234352286955844,0.7639250571081435
21,10,Stage 4,Stage 4,0.6873242969506392,0.6873242969506392
21,11,Stage 4,Stage 1,0.4619436995186566,0.5283831884604907
21,12,Stage 4,Stage 1,0.37113714578103585,0.6243985736737699
21,13,Stage 4,Stage 4,0.7471429763870356,0.7471429763870356
21,14,Stage 4,Stage 4,0.7117002668070146,0.7117002668070146
21,15,Stage 4,Stage 4,0.8024439009690617,0.8024439009690617
21,16,Stage 4,Stage 4,0.7997825224938975,0.7997825224938975
21,17,Stage 4,Stage 4,0.8045814356368817,0.8045814356368817
21,18,Stage 4,Stage 4,0.7139347571692962,0.7139347571692962
21,19,Stage 4,Stage 1,0.30294650834164205,0.693888352804685
21,20,Stage 4,Stage 1,0.16721455220285028,0.8317772963245497
21,21,Stage 4,Stage 4,0.7826284544947364,0.7826284544947364
21,22,Stage 1,Stage 1,0.12814594552824507,0.8713202531910941
21,23,Stage 4,Stage 4,0.7572610169426064,0.7572610169426064
21,24,Stage 4,Stage 4,0.7484623640471672,0.7484623640471672
21,25,Stage 4,Stage 0,0.34553648198601455,0.6085182860422138
21,26,Stage 4,Stage 4,0.7223031228130384,0.7223031228130384
21,27,Stage 4,Stage 1,0.24585749206426424,0.752094130077118
21,28,Stage 4,Stage 4,0.6048763108812534,0.6048763108812534
21,29,Stage 4,Stage 4,0.7739484058907863,0.7739484058907863
21,30,Stage 4,Stage 4,0.7136756375394393,0.7136756375394393
21,31,Stage 4,Stage 4,0.7913395513847423,0.7913395513847423
21,32,Stage 4,Stage 4,0.5988920254570226,0.5988920254570226
21,33,Stage 4,Stage 4,0.6898910058510287,0.6898910058510287
21,34,Stage 4,Stage 4,0.7579729919494714,0.7579729919494714
21,35,Stage 4,Stage 4,0.7455347984826466,0.7455347984826466
21,36,Stage 4,Stage 4,0.7813069666580624,0.7813069666580624
21,37,Stage 4,Stage 4,0.6365528379239909,0.6365528379239909
21,38,Stage 4,Stage 1,0.20938806818772313,0.7892417655472891
21,39,Stage 4,Stage 4,0.7916012108666246,0.7916012108666246
21,40,Stage 4,Stage 4,0.7395927281349177,0.7395927281349177
21,41,Stage 4,Stage 4,0.5624270323914228,0.5624270323914228
21,42,Stage 4,Stage 4,0.7326574657514007,0.7326574657514007
21,43,Stage 4,Stage 4,0.7212670736808511,0.7212670736808511
21,44,Stage 4,Stage 4,0.7834529818697156,0.7834529818697156
21,45,Stage 4,Stage 4,0.7852450744444249,0.7852450744444249
21,46,Stage 4,Stage 4,0.5813898332107159,0.5813898332107159
21,47,Stage 4,Stage 4,0.5888270135784285,0.5888270135784285
21,48,Stage 4,Stage 1,0.186857066621025,0.8119284348697497
21,49,Stage 4,Stage 4,0.6689359668126149,0.6689359668126149
21,50,Stage 4,Stage 4,0.7713233723748174,0.7713233723748174
21,51,Stage 4,Stage 4,0.7617874473944823,0.7617874473944823
21,52,Stage 4,Stage 4,0.7793852301156092,0.7793852301156092
21,53,Stage 4,Stage 4,0.7776000539791853,0.7776000539791853
21,54,Stage 4,Stage 4,0.7723069689661014,0.7723069689661014
21,55,Stage 4,Stage 1,0.46661338966651966,0.5236231149016876
21,56,Stage 4,Stage 0,0.4567603679946606,0.525861490800667
21,57,Stage 4,Stage 4,0.7699290909078281,0.7699290909078281
21,58,Stage 4,Stage 4,0.7052541833646265,0.7052541833646265
21,59,Stage 4,Stage 4,0.5346528439390883,0.5346528439390883
21,60,Stage 4,Stage 1,0.3266119513468924,0.6695507112210088
21,61,Stage 4,Stage 4,0.7685094068816856,0.7685094068816856
21,62,Stage 4,Stage 4,0.5065024650275249,0.5065024650275249
21,63,Stage 4,Stage 4,0.7770931282108725,0.7770931282108725
21,64,Stage 4,Stage 4,0.7871097165674639,0.7871097165674639
21,65,Stage 4,Stage 4,0.749110553400886,0.749110553400886
21,66,Stage 4,Stage 4,0.7978839837862565,0.7978839837862565
21,67,Stage 4,Stage 4,0.6474585079529724,0.6474585079529724
21,68,Stage 4,Stage 4,0.7074834053895865,0.7074834053895865
21,69,Stage 4,Stage 1,0.28263173539791137,0.7150563911147423
21,70,Stage 4,Stage 4,0.7835621565401208,0.7835621565401208
21,71,Stage 4,Stage 4,0.5489309931592206,0.5489309931592206
21,72,Stage 4,Stage 4,0.7235463655073757,0.7235463655073757
21,73,Stage 4,Stage 4,0.6077042377547562,0.6077042377547562
21,74,Stage 4,Stage 4,0.7902636043476206,0.7902636043476206
21,75,Stage 4,Stage 4,0.5692757717075658,0.5692757717075658
21,76,Stage 4,Stage 4,0.7873667301414962,0.7873667301414962
21,77,Stage 4,Stage 4,0.7421429534502472,0.7421429534502472
21,78,Stage 4,Stage 4,0.7187336202604845,0.7187336202604845
21,79,Stage 4,Stage 4,0.7922681399032672,0.7922681399032672
21,80,Stage 4,Stage 4,0.7581920099968076,0.7581920099968076
21,81,Stage 4,Stage 4,0.5070143329896347,0.5070143329896347
21,82,Stage 4,Stage 4,0.6885771461643418,0.6885771461643418
21,83,Stage 4,Stage 4,0.7887947241012722,0.7887947241012722
21,84,Stage 4,Stage 4,0.7862373163574754,0.7862373163574754
21,85,Stage 4,Stage 4,0.7815079948649241,0.7815079948649241
21,86,Stage 4,Stage 4,0.5736557254751302,0.5736557254751302
21,87,Stage 4,Stage 4,0.6235109495494185,0.6235109495494185
21,88,Stage 4,Stage 4,0.7958462766105358,0.7958462766105358
21,89,Stage 4,Stage 4,0.744669311186207,0.744669311186207
21,90,Stage 4,Stage 4,0.7974824373558986,0.7974824373558986
21,91,Stage 4,Stage 4,0.783014935011693,0.783014935011693
21,92,Stage 4,Stage 0,0.11992793094518255,0.7285744176441903
21,93,Stage 0,Stage 0,0.22844139881475223,0.6926113231951536
21,94,Stage 4,Stage 4,0.6132770130019555,0.6132770130019555
21,95,Stage 4,Stage 0,0.4618470222501603,0.5176720907423998
21,96,Stage 4,Stage 4,0.6141525312426263,0.6141525312426263
21,97,Stage 4,Stage 4,0.5466931484767018,0.5466931484767018
21,98,Stage 4,Stage 4,0.7471805116080047,0.7471805116080047
21,99,Stage 4,Stage 4,0.6012249850820601,0.6012249850820601
21,100,Stage 4,Stage 4,0.6581279652973572,0.6581279652973572
21,101,Stage 4,Stage 4,0.779177459822956,0.779177459822956
21,102,Stage 4,Stage 4,0.5268022925152331,0.5268022925152331
21,103,Stage 4,Stage 4,0.7777898091497913,0.7777898091497913
21,104,Stage 4,Stage 4,0.5358869892930596,0.5358869892930596
21,105,Stage 4,Stage 4,0.7915500988800861,0.7915500988800861
21,106,Stage 4,Stage 4,0.7693946692291588,0.7693946692291588
21,107,Stage 4,Stage 4,0.7763907387041041,0.7763907387041041
21,108,Stage 4,Stage 4,0.6210235420461193,0.6210235420461193
21,109,Stage 0,Stage 4,0.7310880432170335,0.7310880432170335
21,110,Stage 4,Stage 4,0.7036926390785054,0.7036926390785054
21,111,Stage 4,Stage 0,0.15822058134646277,0.7491841875505227
21,112,Stage 0,Stage 0,0.3489449059299548,0.6210673779711858
21,113,Stage 4,Stage 4,0.7803049743480713,0.7803049743480713
21,114,Stage 0,Stage 0,0.22455127866164612,0.6685245996935641
21,115,Stage 4,Stage 4,0.7629254959527904,0.7629254959527904
21,116,Stage 4,Stage 0,0.2644899918767964,0.635788151757308
21,117,Stage 4,Stage 4,0.5291463547026688,0.5291463547026688
21,118,Stage 0,Stage 0,0.2669759821067037,0.6613056948675375
21,119,Stage 4,Stage 4,0.7169049465249837,0.7169049465249837
21,120,Stage 4,Stage 4,0.5021782927411232,0.5021782927411232
21,121,Stage 4,Stage 4,0.5055738300117264,0.5055738300117264
21,122,Stage 4,Stage 4,0.5029135724017316,0.5029135724017316
21,123,Stage 4,Stage 0,0.1392534929333471,0.7178610365470794
21,124,Stage 4,Stage 0,0.18800987398099508,0.7402291908840436
21,125,Stage 4,Stage 4,0.6297213307489405,0.6297213307489405
21,126,Stage 4,Stage 4,0.7423322714847205,0.7423322714847205
21,127,Stage 4,Stage 4,0.8010405213145483,0.8010405213145483
21,128,Stage 0,Stage 0,0.16090774548962725,0.7504737332888717
21,129,Stage 4,Stage 4,0.6160118633109889,0.6160118633109889
21,130,Stage 4,Stage 0,0.41931261663965075,0.5603753477689762
21,131,Stage 0,Stage 0,0.39580928784866154,0.5509886623550281
21,132,Stage 4,Stage 4,0.7359962415999304,0.7359962415999304
21,133,Stage 4,Stage 4,0.6360268364143674,0.6360268364143674
21,134,Stage 0,Stage 0,0.42968347671446105,0.5488946200770287
21,135,Stage 4,Stage 4,0.8042265129664362,0.8042265129664362
21,136,Stage 0,Stage 0,0.320972043838105,0.632042083514895
21,137,Stage 0,Stage 0,0.4078714430366451,0.5657662885075262
21,138,Stage 4,Stage 4,0.7049633748879728,0.7049633748879728
21,139,Stage 0,Stage 0,0.05314998451350656,0.6691552434590163
21,140,Stage 4,Stage 0,0.20569555103425186,0.7230948564732221
21,141,Stage 0,Stage 0,0.2898329058314275,0.6741211914751329
21,142,Stage 4,Stage 4,0.5284744642811461,0.5284744642811461
21,143,Stage 0,Stage 0,0.022220960202880686,0.5218656494094884
21,144,Stage 0,Stage 2,0.005346407119170968,0.39963687190513597
21,145,Stage 0,Stage 0,0.15309620309423075,0.7469396447683927
21,146,Stage 0,Stage 0,0.03716080515230843,0.572920565038505
21,147,Stage 0,Stage 0,0.013575312615454282,0.5601899468308588
21,148,Stage 0,Stage 0,0.239995370917857,0.7050332235889476
21,149,Stage 0,Stage 0,0.13748699214655302,0.7397012910712327
21,150,Stage 0,Stage 0,0.39214143369288373,0.5817380755539533
21,151,Stage 0,Stage 0,0.10792426777150549,0.7379432976611365
21,152,Stage 0,Stage 0,0.05776648159481473,0.7308604229540318
21,153,Stage 0,Stage 2,0.004687366361313696,0.3993014375433925
21,154,Stage 0,Stage 0,0.017143567807819032,0.6006564225196974
21,155,Stage 0,Stage 0,0.19553523288511118,0.7482764195306928
21,156,Stage 0,Stage 0,0.05155052788464543,0.7454234272817895
21,157,Stage 0,Stage 0,0.036049863581737215,0.642648819356111
21,158,Stage 0,Stage 0,0.020785059213729945,0.6437994457243681
21,159,Stage 0,Stage 0,0.018692663678208453,0.6122652689743134
21,160,Stage 0,Stage 0,0.18144897807036392,0.7425364883681517
21,161,Stage 0,Stage 0,0.02732527501397342,0.5914585647959211
21,162,Stage 0,Stage 0,0.013248273291702145,0.498751792239901
21,163,Stage 0,Stage 0,0.034451801507552386,0.6430715869188338
21,164,Stage 2,Stage 0,0.016473761687575368,0.5575522664929105
21,165,Stage 2,Stage 0,0.009192804222098703,0.44176330366907673
21,166,Stage 2,Stage 2,0.004969002791138971,0.4660101154279302
21,167,Stage 0,Stage 0,0.023934026312601702,0.6150672380377693
21,168,Stage 2,Stage 2,0.0020876202128467755,0.46182911477989164
21,169,Stage 0,Stage 0,0.17609769800289263,0.7588359089188685
21,170,Stage 2,Stage 3,0.00020836100740694645,0.5874499238732824
21,171,Stage 0,Stage 0,0.012386581221471975,0.5353233247698359
21,172,Stage 2,Stage 0,0.005739235555254922,0.4342295805506574
21,173,Stage 2,Stage 2,0.0007084194381136014,0.563830908164811
21,174,Stage 2,Stage 2,0.0032965140178469196,0.4284622248931014
21,175,Stage 2,Stage 2,0.0003732776196413978,0.6282429043062501
21,176,Stage 2,Stage 2,0.00015742122972554057,0.7982423486314872
21,177,Stage 2,Stage 2,0.002607890354957991,0.5221276934067001
21,178,Stage 2,Stage 3,0.0008458955465421292,0.41443099412821094
21,179,Stage 2,Stage 2,0.00034315153992231165,0.5987662454445835
21,180,Stage 2,Stage 3,1.6123500980401865e-05,0.5310676062247583
21,181,Stage 2,Stage 3,0.0002852597480494118,0.4470127101489927
21,182,Stage 2,Stage 2,2.282411196123816e-07,0.6605989506752868
21,183,Stage 2,Stage 2,0.006598644672804156,0.5127498614526914
21,184,Stage 2,Stage 2,0.00017134224591843611,0.46259542054515973
21,185,Stage 2,Stage 3,3.9954920230064896e-05,0.6460246686145893
21,186,Stage 2,Stage 3,7.963113941208934e-06,0.5739628497866327
21,187,Stage 2,Stage 3,1.7967746159761973e-07,0.7952268888282246
21,188,Stage 2,Stage 3,0.00016685998103984213,0.45574794290797466
21,189,Stage 2,Stage 2,1.9629050577609488e-05,0.592059856234625
21,190,Stage 2,Stage 3,1.6740141468542872e-06,0.5467701389458256
21,191,Stage 2,Stage 3,2.245636537745989e-07,0.5304053942991395
21,192,Stage 2,Stage 2,1.7467810237596e-06,0.7508611769153579
21,193,Stage 2,Stage 3,6.414298334531063e-08,0.667537718441641
21,194,Stage 2,Stage 2,2.134065485968361e-08,0.6988187611878507
21,195,Stage 2,Stage 2,5.717182164947367e-08,0.6108518140281775
29,1,Stage 4,Stage 4,0.7792283263695244,0.7792283263695244
29,2,Stage 4,Stage 4,0.5578681908469963,0.5578681908469963
29,3,Stage 4,Stage 4,0.7487010584691186,0.7487010584691186
29,4,Stage 4,Stage 1,0.25843414661867603,0.7387679891634882
29,5,Stage 4,Stage 4,0.7881813426906061,0.7881813426906061
29,6,Stage 4,Stage 1,0.3753424192825142,0.6194453948702726
29,7,Stage 4,Stage 1,0.32147405485707414,0.6749016940602561
29,8,Stage 1,Stage 4,0.7226314702808092,0.7226314702808092
29,9,Stage 1,Stage 1,0.37790250047821056,0.6169212937103231
29,10,Stage 4,Stage 1,0.4545747443213626,0.5359593985640996
29,11,Stage 4,Stage 4,0.7338496585221971,0.7338496585221971
29,12,Stage 4,Stage 4,0.6289580898616285,0.6289580898616285
29,13,Stage 4,Stage 1,0.4811655458987782,0.5090381421353929
29,14,Stage 4,Stage 1,0.236285756531027,0.7617430021179923
29,15,Stage 1,Stage 4,0.5051216493431406,0.5051216493431406
29,16,Stage 1,Stage 1,0.2607632891599356,0.7368031108292744
29,17,Stage 4,Stage 1,0.42927163420230485,0.5626097574992001
29,18,Stage 4,Stage 4,0.5154741765521901,0.5154741765521901
29,19,Stage 4,Stage 4,0.6544579085875359,0.6544579085875359
29,20,Stage 4,Stage 1,0.3767871362647439,0.6176110210106618
29,21,Stage 4,Stage 1,0.48949753495782616,0.49969314284194605
29,22,Stage 1,Stage 4,0.7777937116193512,0.7777937116193512
29,23,Stage 4,Stage 4,0.7881422180347779,0.7881422180347779
29,24,Stage 4,Stage 4,0.587294089095022,0.587294089095022
29,25,Stage 4,Stage 4,0.7189337962628471,0.7189337962628471
29,26,Stage 4,Stage 4,0.7934722337138431,0.7934722337138431
29,27,Stage 4,Stage 4,0.7358755132089198,0.7358755132089198
29,28,Stage 4,Stage 4,0.6658020264245056,0.6658020264245056
29,29,Stage 4,Stage 4,0.6775520249430812,0.6775520249430812
29,30,Stage 4,Stage 4,0.7296129108787557,0.7296129108787557
29,31,Stage 4,Stage 4,0.628114434815817,0.628114434815817
29,32,Stage 4,Stage 4,0.7615372631179844,0.7615372631179844
29,33,Stage 4,Stage 4,0.601287627507907,0.601287627507907
29,34,Stage 1,Stage 4,0.5852460837630976,0.5852460837630976
29,35,Stage 4,Stage 1,0.3900890096566091,0.6044703937877987
29,36,Stage 4,Stage 4,0.7903794301717016,0.7903794301717016
29,37,Stage 1,Stage 4,0.786386801811484,0.786386801811484
29,38,Stage 4,Stage 4,0.7950653751139838,0.7950653751139838
29,39,Stage 4,Stage 4,0.7957944181684804,0.7957944181684804
29,40,Stage 4,Stage 4,0.6672213812999807,0.6672213812999807
29,41,Stage 4,Stage 1,0.37350921071624443,0.6207716975532459
29,42,Stage 4,Stage 4,0.5856467815397987,0.5856467815397987
29,43,Stage 4,Stage 4,0.5361228909200905,0.5361228909200905
29,44,Stage 4,Stage 4,0.7859183439236118,0.7859183439236118
29,45,Stage 4,Stage 4,0.678732088670337,0.678732088670337
29,46,Stage 4,Stage 1,0.4812654854809613,0.5074965195165486
29,47,Stage 4,Stage 4,0.8041900386615469,0.8041900386615469
29,48,Stage 4,Stage 4,0.7494581159652628,0.7494581159652628
29,49,Stage 4,Stage 4,0.7448788992824679,0.7448788992824679
29,50,Stage 4,Stage 4,0.5025436379690758,0.5025436379690758
29,51,Stage 4,Stage 4,0.655209795677751,0.655209795677751
29,52,Stage 4,Stage 4,0.5233355285859143,0.5233355285859143
29,53,Stage 4,Stage 4,0.6705085344339687,0.6705085344339687
29,54,Stage 4,Stage 4,0.7938522146470973,0.7938522146470973
29,55,Stage 4,Stage 4,0.8017143593906603,0.8017143593906603
29,56,Stage 4,Stage 4,0.5079443115386142,0.5079443115386142
29,57,Stage 4,Stage 4,0.5506402907174631,0.5506402907174631
29,58,Stage 4,Stage 4,0.6469664199783003,0.6469664199783003
29,59,Stage 4,Stage 4,0.7414701973939538,0.7414701973939538
29,60,Stage 4,Stage 4,0.7524381144068429,0.7524381144068429
29,61,Stage 4,Stage 4,0.7891320779757647,0.7891320779757647
29,62,Stage 4,Stage 4,0.7352346341575023,0.7352346341575023
29,63,Stage 4,Stage 0,0.3725222983384648,0.6013847449767473
29,64,Stage 4,Stage 4,0.6768177908217673,0.6768177908217673
29,65,Stage 4,Stage 4,0.7140038484564,0.7140038484564
29,66,Stage 4,Stage 4,0.7048352239904188,0.7048352239904188
29,67,Stage 4,Stage 0,0.46630637230312033,0.512772575314853
29,68,Stage 0,Stage 0,0.3076189892721659,0.6583034024360527
29,69,Stage 4,Stage 4,0.5682323271945742,0.5682323271945742
29,70,Stage 4,Stage 4,0.6635575488905008,0.6635575488905008
29,71,Stage 0,Stage 4,0.5692502608591491,0.5692502608591491
29,72,Stage 4,Stage 4,0.7391373340803005,0.7391373340803005
29,73,Stage 4,Stage 4,0.7841111093556209,0.7841111093556209
29,74,Stage 4,Stage 4,0.7078635713334321,0.7078635713334321
29,75,Stage 4,Stage 4,0.7090812384521501,0.7090812384521501
29,76,Stage 4,Stage 4,0.639075935150845,0.639075935150845
29,77,Stage 4,Stage 4,0.5099451073259484,0.5099451073259484
29,78,Stage 4,Stage 4,0.7766887258795231,0.7766887258795231
29,79,Stage 4,Stage 4,0.6961597403453693,0.6961597403453693
29,80,Stage 4,Stage 4,0.8061336678316907,0.8061336678316907
29,81,Stage 4,Stage 4,0.748068129790886,0.748068129790886
29,82,Stage 0,Stage 0,0.3412417781896845,0.5845891715901005
29,83,Stage 4,Stage 0,0.3750441056724831,0.5744493215865245
29,84,Stage 4,Stage 4,0.5045820594280467,0.5045820594280467
29,85,Stage 4,Stage 0,0.31547502330134924,0.6520710256214254
29,86,Stage 4,Stage 4,0.5344822075198986,0.5344822075198986
29,87,Stage 4,Stage 4,0.6599403404739941,0.6599403404739941
29,88,Stage 0,Stage 0,0.4122469579884759,0.5586892966977551
29,89,Stage 4,Stage 4,0.769503995184687,0.769503995184687
29,90,Stage 0,Stage 0,0.4140527582475334,0.5651095099698626
29,91,Stage 4,Stage 4,0.7228295526633577,0.7228295526633577
29,92,Stage 0,Stage 0,0.4302804228356491,0.5455950548946344
29,93,Stage 0,Stage 4,0.6956032345524159,0.6956032345524159
29,94,Stage 4,Stage 4,0.6173266357700108,0.6173266357700108
29,95,Stage 4,Stage 4,0.6654984578615326,0.6654984578615326
29,96,Stage 0,Stage 4,0.5903611317982347,0.5903611317982347
29,97,Stage 0,Stage 4,0.6314923955916774,0.6314923955916774
29,98,Stage 0,Stage 0,0.22769274138044027,0.7119916392760745
29,99,Stage 4,Stage 4,0.5979421038113822,0.5979421038113822
29,100,Stage 0,Stage 4,0.6080482317731936,0.6080482317731936
29,101,Stage 0,Stage 0,0.46046792101154477,0.5160233818283335
29,102,Stage 0,Stage 0,0.24505234668840029,0.7072687089536057
29,103,Stage 4,Stage 4,0.7847692849823179,0.7847692849823179
29,104,Stage 0,Stage 0,0.18569411683562168,0.7483376755356204
29,105,Stage 0,Stage 0,0.37341201980317223,0.5961820684717991
29,106,Stage 4,Stage 0,0.19958532769034604,0.6681478241986503
29,107,Stage 0,Stage 4,0.774081057659608,0.774081057659608
29,108,Stage 0,Stage 0,0.05514124055808818,0.6735555787044548
29,109,Stage 0,Stage 0,0.35592708643536375,0.6178720544695838
29,110,Stage 0,Stage 4,0.7892149121841321,0.7892149121841321
29,111,Stage 0,Stage 0,0.0623702841850195,0.6934277951455482
29,112,Stage 0,Stage 0,0.3704269972200706,0.5874553722764246
29,113,Stage 0,Stage 0,0.27334798242635217,0.6710000039443444
29,114,Stage 0,Stage 0,0.038399043540942854,0.6654103873410131
29,115,Stage 0,Stage 0,0.052518605238607796,0.6955827279411727
29,116,Stage 0,Stage 0,0.15187273793473244,0.7573887275024582
29,117,Stage 0,Stage 0,0.03716524725914562,0.7046052759394107
29,118,Stage 0,Stage 0,0.028740268000609234,0.6012933577641532
29,119,Stage 0,Stage 0,0.07999063012840434,0.7363498235360278
29,120,Stage 0,Stage 0,0.01950764699198596,0.5379801173118672
29,121,Stage 0,Stage 0,0.13362888314905366,0.7744949555337131
29,122,Stage 0,Stage 0,0.1583194937289712,0.7513371699915184
29,123,Stage 0,Stage 0,0.2548641127817494,0.6866296443183024
29,124,Stage 0,Stage 0,0.1009474882344143,0.7695641860638114
29,125,Stage 0,Stage 0,0.02187162259930351,0.5828459589522446
29,126,Stage 0,Stage 0,0.050433423186572596,0.7075863220238384
29,127,Stage 0,Stage 0,0.053072594091613724,0.6719667343917497
29,128,Stage 0,Stage 0,0.009540199758879752,0.4578085473151112
29,129,Stage 0,Stage 0,0.01971904400886426,0.5737221762637164
29,130,Stage 0,Stage 0,0.024913656812338696,0.6363657594048903
29,131,Stage 0,Stage 2,0.0037234691444549494,0.5242684414452629
29,132,Stage 0,Stage 3,0.002294474441090358,0.4172828122971063
29,133,Stage 0,Stage 2,0.000555654887497938,0.5551082849324094
29,134,Stage 0,Stage 0,0.013655896998871894,0.4720557497959969
29,135,Stage 3,Stage 2,0.00015796425172772042,0.5887185067603363
29,136,Stage 0,Stage 3,0.0004388077080250433,0.5002754553301559
29,137,Stage 0,Stage 0,0.012710661701396567,0.5484543895010058
29,138,Stage 3,Stage 2,0.0005888362191608888,0.7423358529473834
29,139,Stage 3,Stage 2,0.0011923930891575372,0.4455856792211754
29,140,Stage 0,Stage 0,0.01303261700926141,0.562901808184954
29,141,Stage 3,Stage 0,0.009133400940722574,0.43664428132321803
29,142,Stage 3,Stage 2,1.2191615687883832e-05,0.5233589745689845
29,143,Stage 3,Stage 3,2.5046581971115593e-05,0.6178408082399921
29,144,Stage 3,Stage 3,1.267505767342785e-05,0.48664371317041355
29,145,Stage 3,Stage 3,6.3216896730223685e-06,0.5278778573174737
29,146,Stage 3,Stage 2,0.0005152997844913609,0.5727564864574014
29,147,Stage 3,Stage 2,2.6848484363147987e-05,0.5755790852980247
29,148,Stage 3,Stage 3,0.0001349858441342888,0.520153952864182
29,149,Stage 3,Stage 3,0.00015066242439703528,0.5869727949835468
29,150,Stage 3,Stage 3,8.770027981364129e-07,0.7262430207777126
29,151,Stage 3,Stage 3,3.0429784286516017e-06,0.5480986359780657
29,152,Stage 3,Stage 3,1.6163944686192416e-06,0.7206161922836488
29,153,Stage 3,Stage 3,4.416228541151286e-07,0.5737725319937756
29,154,Stage 3,Stage 3,5.7798973478516746e-08,0.7998870584408831
29,155,Stage 3,Stage 3,1.4305358350680358e-08,0.8606004449772858
29,156,Stage 3,Stage 3,1.7469011846186411e-06,0.5490447171886175
29,157,Stage 3,Stage 3,1.413976846552446e-07,0.7120492715408002
29,158,Stage 3,Stage 3,1.813466496893534e-08,0.8156532603627847
29,159,Stage 3,Stage 2,1.8820866885386506e-09,0.502123043775423
29,160,Stage 3,Stage 3,5.455676469505683e-11,0.9118180962855177
29,161,Stage 3,Stage 3,9.000877374981453e-08,0.6731122392563624
29,162,Stage 3,Stage 3,2.124337862332862e-09,0.5602598563368693
29,163,Stage 3,Stage 3,5.277203453892672e-10,0.6169973059882862
36,1,Stage 4,Stage 4,0.7686770801952751,0.7686770801952751
36,2,Stage 4,Stage 4,0.7565138792985786,0.7565138792985786
36,3,Stage 4,Stage 4,0.7259634373834996,0.7259634373834996
36,4,Stage 4,Stage 4,0.7873266713849549,0.7873266713849549
36,5,Stage 4,Stage 4,0.7731841006874242,0.7731841006874242
36,6,Stage 4,Stage 4,0.7572600094372094,0.7572600094372094
36,7,Stage 4,Stage 4,0.6666671994401668,0.6666671994401668
36,8,Stage 4,Stage 4,0.6813111039761899,0.6813111039761899
36,9,Stage 4,Stage 0,0.4673994839012583,0.493290417142862
36,10,Stage 4,Stage 4,0.7493175927453589,0.7493175927453589
36,11,Stage 4,Stage 4,0.739655225672719,0.739655225672719
36,12,Stage 4,Stage 4,0.7310719209133509,0.7310719209133509
36,13,Stage 4,Stage 4,0.7889692945958018,0.7889692945958018
36,14,Stage 4,Stage 4,0.7867747064720458,0.7867747064720458
36,15,Stage 4,Stage 1,0.3370404094001056,0.6591303651243366
36,16,Stage 4,Stage 0,0.4514842348760533,0.5244395592971498
36,17,Stage 4,Stage 4,0.7982721189868647,0.7982721189868647
36,18,Stage 4,Stage 4,0.7770208600266896,0.7770208600266896
36,19,Stage 4,Stage 4,0.7882888502308718,0.7882888502308718
36,20,Stage 4,Stage 4,0.7287500865326209,0.7287500865326209
36,21,Stage 4,Stage 4,0.7916290792761449,0.7916290792761449
36,22,Stage 4,Stage 0,0.49118940545338907,0.49304766092166047
36,23,Stage 4,Stage 4,0.5855275021102329,0.5855275021102329
36,24,Stage 4,Stage 4,0.7679864628860683,0.7679864628860683
36,25,Stage 4,Stage 4,0.758098325856687,0.758098325856687
36,26,Stage 4,Stage 4,0.7516079797496759,0.7516079797496759
36,27,Stage 4,Stage 4,0.7683501036187979,0.7683501036187979
36,28,Stage 4,Stage 4,0.7911399879873049,0.7911399879873049
36,29,Stage 4,Stage 4,0.7557834742972369,0.7557834742972369
36,30,Stage 4,Stage 4,0.7776681393894076,0.7776681393894076
36,31,Stage 4,Stage 4,0.7742964609176495,0.7742964609176495
36,32,Stage 4,Stage 4,0.8002394277120037,0.8002394277120037
36,33,Stage 4,Stage 4,0.7572783075355985,0.7572783075355985
36,34,Stage 4,Stage 4,0.694689907519548,0.694689907519548
36,35,Stage 4,Stage 4,0.7605056836448981,0.7605056836448981
36,36,Stage 4,Stage 4,0.6166039634693642,0.6166039634693642
36,37,Stage 4,Stage 0,0.3119937143049737,0.6604393129056594
36,38,Stage 4,Stage 4,0.7106507086266655,0.7106507086266655
36,39,Stage 4,Stage 4,0.7826905929313084,0.7826905929313084
36,40,Stage 0,Stage 0,0.1364383274880579,0.7547393464547224
36,41,Stage 0,Stage 0,0.3158062459203063,0.6031561561308741
36,42,Stage 4,Stage 4,0.7124053459154963,0.7124053459154963
36,43,Stage 4,Stage 4,0.557966132969119,0.557966132969119
36,44,Stage 4,Stage 0,0.47635700172607526,0.4997656428642976
36,45,Stage 0,Stage 0,0.11275165269659251,0.7469189018244576
36,46,Stage 4,Stage 4,0.7616363240040448,0.7616363240040448
36,47,Stage 4,Stage 4,0.7944201005712338,0.7944201005712338
36,48,Stage 4,Stage 4,0.7763539040149852,0.7763539040149852
36,49,Stage 4,Stage 4,0.6097597122745531,0.6097597122745531
36,50,Stage 0,Stage 0,0.4627390277698761,0.5149517122324193
36,51,Stage 4,Stage 4,0.6863540794999733,0.6863540794999733
36,52,Stage 4,Stage 4,0.7403373979369265,0.7403373979369265
36,53,Stage 4,Stage 4,0.7840603485730271,0.7840603485730271
36,54,Stage 4,Stage 4,0.7779698413483536,0.7779698413483536
36,55,Stage 4,Stage 0,0.22497440313988393,0.7247369060152644
36,56,Stage 0,Stage 0,0.4555798860263375,0.5201273432873806
36,57,Stage 4,Stage 4,0.7570611070041355,0.7570611070041355
36,58,Stage 4,Stage 0,0.20463056824080006,0.7186050516690805
36,59,Stage 4,Stage 4,0.6370187623030528,0.6370187623030528
36,60,Stage 4,Stage 4,0.5119232105236479,0.5119232105236479
36,61,Stage 0,Stage 0,0.2633009537992655,0.693098137946086
36,62,Stage 0,Stage 4,0.5240404548264206,0.5240404548264206
36,63,Stage 4,Stage 4,0.540335724680665,0.540335724680665
36,64,Stage 4,Stage 4,0.7710877021876394,0.7710877021876394
36,65,Stage 4,Stage 4,0.7962429813785937,0.7962429813785937
36,66,Stage 4,Stage 0,0.36574048944392035,0.5791388981285147
36,67,Stage 0,Stage 4,0.6597490414728995,0.6597490414728995
36,68,Stage 4,Stage 4,0.7155762568343079,0.7155762568343079
36,69,Stage 4,Stage 0,0.38549066688399125,0.5848622348172395
36,70,Stage 0,Stage 0,0.2117970817897279,0.6344927786678596
36,71,Stage 4,Stage 4,0.667777570556459,0.667777570556459
36,72,Stage 0,Stage 0,0.11306135679834078,0.7975165426689849
36,73,Stage 4,Stage 4,0.6329388728434927,0.6329388728434927
36,74,Stage 4,Stage 4,0.6952146443757452,0.6952146443757452
36,75,Stage 4,Stage 4,0.7834074489150509,0.7834074489150509
36,76,Stage 4,Stage 4,0.584037864512913,0.584037864512913
36,77,Stage 0,Stage 0,0.24416104643423875,0.6885266563149441
36,78,Stage 0,Stage 0,0.09020307973004896,0.7193401361883565
36,79,Stage 4,Stage 4,0.5363388761993001,0.5363388761993001
36,80,Stage 0,Stage 0,0.09698024500524226,0.7845297208760793
36,81,Stage 0,Stage 0,0.0558129246672737,0.731302492180942
36,82,Stage 0,Stage 0,0.44029105008515573,0.5305425128435795
36,83,Stage 0,Stage 2,0.033599103623778034,0.49120140588445027
36,84,Stage 4,Stage 4,0.5797254110500859,0.5797254110500859
36,85,Stage 0,Stage 0,0.2315289817554432,0.6658823279202971
36,86,Stage 0,Stage 0,0.4800537096542151,0.4976946980827826
36,87,Stage 0,Stage 0,0.18642526377579566,0.7149923777753884
36,88,Stage 0,Stage 0,0.24804750117028357,0.6698798579428824
36,89,Stage 0,Stage 0,0.07287398488822754,0.6824229139102715
36,90,Stage 4,Stage 0,0.3720141113258014,0.5951198334198692
36,91,Stage 0,Stage 4,0.5766621370751961,0.5766621370751961
36,92,Stage 0,Stage 0,0.14327766436711115,0.7036326036345251
36,93,Stage 4,Stage 4,0.6105441831498905,0.6105441831498905
36,94,Stage 0,Stage 0,0.06896757310156611,0.7538546332258348
36,95,Stage 0,Stage 0,0.03969638570185976,0.6310471133721878
36,96,Stage 0,Stage 0,0.17702067426262721,0.7507578719732665
36,97,Stage 0,Stage 0,0.05686152581019512,0.6410553922620323
36,98,Stage 0,Stage 0,0.037779119752371804,0.7280283438746386
36,99,Stage 0,Stage 0,0.09841892576047069,0.747851266191763
36,100,Stage 0,Stage 0,0.056817271430010696,0.6606405644410621
36,101,Stage 0,Stage 0,0.05949075265953844,0.7622328329571644
36,102,Stage 0,Stage 0,0.007348303872366142,0.4335017895817391
36,103,Stage 0,Stage 0,0.06535644516264566,0.7767504996502375
36,104,Stage 0,Stage 0,0.0636020520091027,0.7495669856982098
36,105,Stage 0,Stage 0,0.19526276992154995,0.7549655943494011
36,106,Stage 0,Stage 2,0.0025987722752622215,0.5424881034426344
36,107,Stage 0,Stage 0,0.3184497857609394,0.6462047336469194
36,108,Stage 0,Stage 0,0.1196033488598936,0.6925985465528618
36,109,Stage 0,Stage 0,0.025385886142450124,0.5590100984818576
36,110,Stage 0,Stage 0,0.018517825841195837,0.6129752270239857
36,111,Stage 0,Stage 0,0.06508200583626793,0.743954724766449
36,112,Stage 3,Stage 0,0.0053623352378793275,0.4238617163360925
36,113,Stage 0,Stage 2,0.005358015952741313,0.40430834362698664
36,114,Stage 0,Stage 0,0.03476124648902693,0.7010661420475518
36,115,Stage 0,Stage 0,0.10486646504407605,0.7470591677093921
36,116,Stage 0,Stage 2,0.0017955575216691785,0.46745641853704084
36,117,Stage 0,Stage 0,0.012895653822088227,0.4932962058755692
36,118,Stage 0,Stage 0,0.20477311455193578,0.7128937440733629
36,119,Stage 0,Stage 0,0.034954771633235016,0.6041078328303303
36,120,Stage 0,Stage 0,0.0047368181400800425,0.4027524415572884
36,121,Stage 0,Stage 2,0.0004492083203512114,0.6152093290763736
36,122,Stage 0,Stage 3,0.0018445740784627308,0.38751595805817435
36,123,Stage 3,Stage 2,0.0025405863744533317,0.398163424899438
36,124,Stage 0,Stage 0,0.007312025680749514,0.47225761418428397
36,125,Stage 3,Stage 3,0.0006660804942853567,0.4751434344813418
36,126,Stage 0,Stage 3,0.0007551686283070866,0.4655170006472394
36,127,Stage 0,Stage 2,0.0007383989207274545,0.4480841946647306
36,128,Stage 0,Stage 3,0.0011031197729774408,0.43302981057303636
36,129,Stage 3,Stage 3,0.00017631138852133244,0.7015782030104566
36,130,Stage 0,Stage 2,0.0026852541493968965,0.407965137990211
36,131,Stage 3,Stage 3,0.0009579659697397407,0.4057566872263116
36,132,Stage 3,Stage 3,0.0025055383074595746,0.3705532873734526
36,133,Stage 3,Stage 2,0.00012619424567444402,0.5936695591269361
36,134,Stage 3,Stage 2,4.685885954103083e-06,0.5039289113982217
36,135,Stage 3,Stage 2,1.2994801508197016e-05,0.826488709896475
36,136,Stage 3,Stage 3,2.367288859476746e-05,0.7043179796892636
36,137,Stage 3,Stage 2,1.6907695264169814e-05,0.5076856437564298
36,138,Stage 3,Stage 2,1.0970105627317734e-05,0.5071919276577868
36,139,Stage 3,Stage 3,0.00012107699029277292,0.5726460258450574
36,140,Stage 3,Stage 2,1.8189188009808382e-08,0.5124320677553055
36,141,Stage 3,Stage 3,7.769036963801454e-05,0.6586695435630487
36,142,Stage 3,Stage 2,0.0002800389333359087,0.46800280773384584
36,143,Stage 3,Stage 3,2.6917651567039085e-06,0.5843118252967547
36,144,Stage 3,Stage 2,8.169864397187404e-06,0.500067427984462
36,145,Stage 3,Stage 3,3.822421200085434e-07,0.6123482543212451
36,146,Stage 3,Stage 3,6.383302698768407e-07,0.7056461126785584
36,147,Stage 3,Stage 3,1.311558136215303e-07,0.7065531913793054
36,148,Stage 3,Stage 2,1.3389389266346584e-05,0.6127142206484681
36,149,Stage 3,Stage 3,6.051543613702521e-08,0.7179904579128062
36,150,Stage 3,Stage 2,9.453919700910331e-07,0.5201385371601731
36,151,Stage 3,Stage 3,2.5745553388496645e-08,0.7454288109014844
36,152,Stage 3,Stage 3,2.2783111238417396e-09,0.8362805013814357
36,153,Stage 3,Stage 3,1.1869953885836694e-07,0.6573358343368955
36,154,Stage 3,Stage 3,1.6741246450229618e-07,0.7962875200948915
36,155,Stage 3,Stage 3,1.3930201758337384e-08,0.7479945053380267
36,156,Stage 3,Stage 3,1.1335578633325556e-08,0.6947718643266656
36,157,Stage 3,Stage 3,3.7664317784487736e-09,0.7264654209334661
36,158,Stage 3,Stage 3,1.8272935618143631e-09,0.8553549452990286
39,1,Stage 4,Stage 4,0.5715278092143012,0.5715278092143012
39,2,Stage 4,Stage 4,0.6407105374027299,0.6407105374027299
39,3,Stage 4,Stage 4,0.7335498776321686,0.7335498776321686
39,4,Stage 4,Stage 4,0.6895475398227038,0.6895475398227038
39,5,Stage 4,Stage 4,0.7929203843622457,0.7929203843622457
39,6,Stage 4,Stage 4,0.606445197870112,0.606445197870112
39,7,Stage 4,Stage 4,0.7377720346294763,0.7377720346294763
39,8,Stage 4,Stage 4,0.7422066868694409,0.7422066868694409
39,9,Stage 4,Stage 4,0.7956725445738814,0.7956725445738814
39,10,Stage 4,Stage 4,0.7984696699370253,0.7984696699370253
39,11,Stage 4,Stage 4,0.596155790460669,0.596155790460669
39,12,Stage 4,Stage 4,0.593137910675036,0.593137910675036
39,13,Stage 4,Stage 4,0.7883545780232987,0.7883545780232987
39,14,Stage 4,Stage 0,0.428348481510038,0.5263111829194985
39,15,Stage 4,Stage 4,0.7753785841382587,0.7753785841382587
39,16,Stage 4,Stage 4,0.5962733715172273,0.5962733715172273
39,17,Stage 4,Stage 0,0.42785302982558476,0.5482258723609829
39,18,Stage 4,Stage 0,0.44558487204246017,0.5368123452412993
39,19,Stage 4,Stage 4,0.7588647780545222,0.7588647780545222
39,20,Stage 4,Stage 4,0.7033000496321168,0.7033000496321168
39,21,Stage 4,Stage 4,0.5221652597267928,0.5221652597267928
39,22,Stage 4,Stage 4,0.5680009236029473,0.5680009236029473
39,23,Stage 4,Stage 4,0.4940762799235128,0.4940762799235128
39,24,Stage 4,Stage 4,0.7615192164993188,0.7615192164993188
39,25,Stage 4,Stage 4,0.6498905440881048,0.6498905440881048
39,26,Stage 4,Stage 4,0.7306840330548836,0.7306840330548836
39,27,Stage 0,Stage 4,0.5955123867545955,0.5955123867545955
39,28,Stage 4,Stage 4,0.7861610574795664,0.7861610574795664
39,29,Stage 4,Stage 4,0.7708328072909127,0.7708328072909127
39,30,Stage 0,Stage 0,0.18206992732000316,0.7401735192627867
39,31,Stage 4,Stage 4,0.5295062522915897,0.5295062522915897
39,32,Stage 4,Stage 4,0.7575658637693033,0.7575658637693033
39,33,Stage 0,Stage 0,0.26954953487812766,0.6653253618384731
39,34,Stage 0,Stage 0,0.3709832279467779,0.6013335139094071
39,35,Stage 4,Stage 0,0.39431658167812006,0.5819140346601296
39,36,Stage 4,Stage 4,0.6597423631797805,0.6597423631797805
39,37,Stage 4,Stage 4,0.5688517415747059,0.5688517415747059
39,38,Stage 0,Stage 0,0.2146115612067608,0.7148505620657346
39,39,Stage 4,Stage 4,0.7686751579758498,0.7686751579758498
39,40,Stage 0,Stage 0,0.26998419289360986,0.6754513678984195
39,41,Stage 4,Stage 4,0.7875793869820883,0.7875793869820883
39,42,Stage 0,Stage 0,0.38947675395204756,0.5805678520044987
39,43,Stage 0,Stage 0,0.30819154086208256,0.6384009010800838
39,44,Stage 0,Stage 0,0.0878410178472923,0.7046496538945022
39,45,Stage 0,Stage 0,0.10328371582059888,0.710821060699948
39,46,Stage 0,Stage 4,0.6390947318906642,0.6390947318906642
39,47,Stage 0,Stage 0,0.18064907415296583,0.7350034525911994
39,48,Stage 0,Stage 0,0.3094496001282765,0.6420404337230494
39,49,Stage 4,Stage 4,0.7832896128066033,0.7832896128066033
39,50,Stage 0,Stage 0,0.05475224733675772,0.6348462372953728
39,51,Stage 0,Stage 4,0.707044977896485,0.707044977896485
39,52,Stage 4,Stage 4,0.8045393599390382,0.8045393599390382
39,53,Stage 4,Stage 4,0.7805418126997046,0.7805418126997046
39,54,Stage 0,Stage 0,0.15551763341569466,0.764195986929696
39,55,Stage 0,Stage 0,0.3973528621439308,0.5793417827403976
39,56,Stage 0,Stage 0,0.040179175493633236,0.69507364260492
39,57,Stage 0,Stage 0,0.46363803601506814,0.5087017915534444
39,58,Stage 0,Stage 4,0.615511393526024,0.615511393526024
39,59,Stage 0,Stage 0,0.21403320686009503,0.6930622722139445
39,60,Stage 0,Stage 0,0.3348272007540093,0.6148800716373022
39,61,Stage 0,Stage 0,0.35835149397158444,0.5964762791424179
39,62,Stage 4,Stage 0,0.33829672344849937,0.6228632884093676
39,63,Stage 0,Stage 0,0.20184241587979848,0.7080688505529986
39,64,Stage 4,Stage 4,0.5226761079722959,0.5226761079722959
39,65,Stage 0,Stage 0,0.10531594925579141,0.7537550417190082
39,66,Stage 0,Stage 0,0.1296314557911076,0.7725854217752675
39,67,Stage 0,Stage 0,0.06736252326321837,0.7182644203797758
39,68,Stage 0,Stage 0,0.13322412021350347,0.733425167855301
39,69,Stage 0,Stage 2,0.0019204814135697326,0.6173226392023443
39,70,Stage 0,Stage 0,0.13043527544493203,0.6980109479105093
39,71,Stage 0,Stage 0,0.3344588126061781,0.6416078624467603
39,72,Stage 0,Stage 0,0.08330730410074554,0.7729282822493538
39,73,Stage 0,Stage 0,0.16480852240560037,0.7423460070678477
39,74,Stage 0,Stage 4,0.7449032565689148,0.7449032565689148
39,75,Stage 0,Stage 0,0.03789958271396489,0.6394114619374613
39,76,Stage 0,Stage 0,0.009158091598787391,0.5003410644679637
39,77,Stage 0,Stage 0,0.07169645872463282,0.6319990246597976
39,78,Stage 0,Stage 0,0.0189270154196694,0.5888587766897615
39,79,Stage 0,Stage 0,0.22172293979331742,0.6962212926890057
39,80,Stage 0,Stage 0,0.15260392364588818,0.7447919883187074
39,81,Stage 0,Stage 0,0.07682355698437998,0.7655184222071375
39,82,Stage 0,Stage 0,0.010284461245864502,0.514450832757666
39,83,Stage 0,Stage 2,0.009943861912354402,0.44252389546146126
39,84,Stage 0,Stage 2,0.002021029270782364,0.6856933034703561
39,85,Stage 0,Stage 0,0.0981339190616169,0.7880186546500684
39,86,Stage 0,Stage 0,0.010400026392564356,0.45658764205282665
39,87,Stage 0,Stage 2,0.0016953412402771922,0.5108520040172786
39,88,Stage 0,Stage 0,0.06272613641622736,0.7360114881784329
39,89,Stage 0,Stage 0,0.014143896762173534,0.5280773360227935
39,90,Stage 0,Stage 0,0.004450908098792655,0.37640457921248033
39,91,Stage 0,Stage 2,0.004919559610818258,0.44124543112816855
39,92,Stage 0,Stage 2,0.005472846043583167,0.47252179254927806
39,93,Stage 0,Stage 0,0.055861676830141996,0.7669154569013351
39,94,Stage 0,Stage 0,0.053836641342129066,0.7683094869432673
39,95,Stage 0,Stage 0,0.039889493803707696,0.6964091385001846
39,96,Stage 3,Stage 2,0.0002781507176886481,0.5679630879532567
39,97,Stage 0,Stage 0,0.019563176271911425,0.5944014982246074
39,98,Stage 0,Stage 0,0.007907793841953496,0.44178970278606533
39,99,Stage 0,Stage 2,0.00022512916667882167,0.6193960266995178
39,100,Stage 0,Stage 2,0.00047207249167724094,0.4538694842382403
39,101,Stage 0,Stage 0,0.015434312493487846,0.59347084674107
39,102,Stage 3,Stage 2,0.0006984797780204468,0.7198884769367996
39,103,Stage 3,Stage 3,0.002569554147079926,0.38752063252020336
39,104,Stage 3,Stage 2,0.0008840709703717792,0.4568009709860475
39,105,Stage 3,Stage 2,0.0007045265590774747,0.4991425563702118
39,106,Stage 3,Stage 3,0.00012976626308147115,0.6986848381587808
39,107,Stage 3,Stage 2,0.0001234555161846621,0.6015262142887466
39,108,Stage 0,Stage 0,0.030947289504641606,0.6755785447722632
39,109,Stage 3,Stage 2,0.00010531879144019625,0.571406369960141
39,110,Stage 3,Stage 2,3.9536537338285834e-05,0.6259066774908307
39,111,Stage 3,Stage 2,2.7494719214314116e-05,0.7986498179585109
39,112,Stage 3,Stage 3,2.3036748666356138e-05,0.7871213498660987
39,113,Stage 3,Stage 3,3.622811404229318e-05,0.7547253719764053
39,114,Stage 3,Stage 3,6.26529276396181e-08,0.802142335219061
39,115,Stage 3,Stage 3,2.6239665760295933e-06,0.4992725462877547
39,116,Stage 3,Stage 3,1.6618472427943948e-07,0.5032758854216256
39,117,Stage 3,Stage 3,1.142205129596008e-06,0.6768490710894198
39,118,Stage 3,Stage 2,3.164814377773218e-08,0.527159817475128
39,119,Stage 3,Stage 3,1.8101172073142803e-08,0.8248869463135536
39,120,Stage 3,Stage 3,3.212256100675038e-08,0.7858989690143499
39,121,Stage 3,Stage 3,2.2873500811087972e-08,0.7696531771975789
39,122,Stage 3,Stage 3,6.555836150364004e-09,0.6593455469701612
39,123,Stage 3,Stage 3,6.763746429208024e-08,0.7593166767012308
39,124,Stage 3,Stage 3,8.380223117807873e-08,0.8165827399333766
39,125,Stage 3,Stage 3,3.8637644023175e-10,0.5278319247529987
39,126,Stage 3,Stage 3,1.6349201402849354e-08,0.6840808952145784
39,127,Stage 3,Stage 3,4.241305317053816e-11,0.8367693179431273
39,128,Stage 3,Stage 3,1.2718314972860242e-10,0.947660233860775
42,1,Stage 1,Stage 1,0.2918105298373625,0.7054058206399323
42,2,Stage 1,Stage 1,0.055630173155982364,0.9442557170432359
42,3,Stage 4,Stage 4,0.7526666299740132,0.7526666299740132
42,4,Stage 1,Stage 1,0.08786561162041673,0.9118654446797029
42,5,Stage 4,Stage 4,0.5294320456106094,0.5294320456106094
42,6,Stage 1,Stage 1,0.19751839924989548,0.801133765179257
42,7,Stage 1,Stage 1,0.2017730527393594,0.7968060406944738
42,8,Stage 1,Stage 1,0.20396558551226543,0.7946759809051408
42,9,Stage 1,Stage 1,0.24542597896192292,0.7522352089751928
42,10,Stage 4,Stage 1,0.43695801768758163,0.5555428897726202
42,11,Stage 1,Stage 4,0.6476484099451872,0.6476484099451872
42,12,Stage 4,Stage 4,0.7778488243358939,0.7778488243358939
42,13,Stage 1,Stage 4,0.7963788682232438,0.7963788682232438
42,14,Stage 1,Stage 1,0.22680394539003068,0.77160816594038
42,15,Stage 1,Stage 4,0.7854725912269982,0.7854725912269982
42,16,Stage 1,Stage 1,0.26070498806021025,0.73710810919529
42,17,Stage 1,Stage 4,0.6796562722100656,0.6796562722100656
42,18,Stage 1,Stage 1,0.08102644575237485,0.9187255056283754
42,19,Stage 1,Stage 1,0.11500416476750355,0.8845765908635029
42,20,Stage 1,Stage 1,0.31993148055019854,0.6758256061913989
42,21,Stage 1,Stage 1,0.21897759301269157,0.7793386104531934
42,22,Stage 1,Stage 1,0.10057482439486375,0.8990933808453444
42,23,Stage 1,Stage 4,0.5082557561118496,0.5082557561118496
42,24,Stage 4,Stage 4,0.6141219254198537,0.6141219254198537
42,25,Stage 4,Stage 4,0.6854425069984863,0.6854425069984863
42,26,Stage 4,Stage 1,0.16926479104655337,0.8296882884453293
42,27,Stage 1,Stage 1,0.07237387597564442,0.9274393843424625
42,28,Stage 1,Stage 1,0.3291219850429563,0.6664670027493176
42,29,Stage 1,Stage 1,0.09310976466540637,0.9066010412346598
42,30,Stage 1,Stage 4,0.6255226431407159,0.6255226431407159
42,31,Stage 1,Stage 1,0.28361124432984797,0.7131233550680661
42,32,Stage 4,Stage 4,0.6367135388368101,0.6367135388368101
42,33,Stage 4,Stage 4,0.5501486943867792,0.5501486943867792
42,34,Stage 1,Stage 1,0.24262083327906098,0.7553629291600199
42,35,Stage 1,Stage 1,0.09913202515217809,0.9005293100841391
42,36,Stage 1,Stage 1,0.4657080837874977,0.5258561243431553
42,37,Stage 4,Stage 1,0.20725670928301296,0.7914307740637335
42,38,Stage 1,Stage 1,0.14890243294880548,0.8503868041856066
42,39,Stage 4,Stage 4,0.5255010212893659,0.5255010212893659
42,40,Stage 4,Stage 4,0.593936597724689,0.593936597724689
42,41,Stage 1,Stage 1,0.08309457596928622,0.9166528114976595
42,42,Stage 1,Stage 1,0.19805873430597495,0.8007032142623984
42,43,Stage 1,Stage 1,0.13669229555626283,0.8627288839281303
42,44,Stage 1,Stage 1,0.47509582557926405,0.5148908951064862
42,45,Stage 4,Stage 4,0.6172126082741398,0.6172126082741398
42,46,Stage 1,Stage 4,0.6047010401280503,0.6047010401280503
42,47,Stage 1,Stage 1,0.4146647231660426,0.5783171686526715
42,48,Stage 1,Stage 1,0.3027504136981292,0.6941968037979236
42,49,Stage 1,Stage 1,0.2788326051744141,0.7186518080150653
42,50,Stage 4,Stage 1,0.4121357663743641,0.5820676854462312
42,51,Stage 1,Stage 1,0.11180880858020155,0.8877611481125417
42,52,Stage 1,Stage 1,0.33529492660987864,0.6604315654290231
42,53,Stage 1,Stage 1,0.08917847818022298,0.9105839047101496
42,54,Stage 1,Stage 1,0.2953591065126415,0.7012846053995759
42,55,Stage 1,Stage 1,0.10273377862537016,0.896956287557663
42,56,Stage 1,Stage 1,0.40294670821467277,0.5897099129665769
42,57,Stage 4,Stage 4,0.7500443002612585,0.7500443002612585
42,58,Stage 4,Stage 4,0.5849727544063359,0.5849727544063359
42,59,Stage 1,Stage 4,0.5290560656827131,0.5290560656827131
42,60,Stage 1,Stage 1,0.4827173725362553,0.5059927855891838
42,61,Stage 4,Stage 4,0.6731397383262617,0.6731397383262617
42,62,Stage 4,Stage 4,0.7557080612586039,0.7557080612586039
42,63,Stage 4,Stage 1,0.3515595824448214,0.6441441429587942
42,64,Stage 4,Stage 1,0.11484998960899519,0.8848080218911009
42,65,Stage 1,Stage 1,0.16942297703908987,0.8296578846108561
42,66,Stage 4,Stage 4,0.776769148946223,0.776769148946223
42,67,Stage 4,Stage 4,0.5606188300148812,0.5606188300148812
42,68,Stage 1,Stage 4,0.7370360012197249,0.7370360012197249
42,69,Stage 1,Stage 4,0.7311220859039873,0.7311220859039873
42,70,Stage 4,Stage 1,0.49386627946983974,0.49435831136332
42,71,Stage 4,Stage 4,0.5984240266790861,0.5984240266790861
42,72,Stage 4,Stage 4,0.7313225866006866,0.7313225866006866
42,73,Stage 4,Stage 4,0.7806966307162588,0.7806966307162588
42,74,Stage 4,Stage 4,0.7229249969247582,0.7229249969247582
42,75,Stage 4,Stage 4,0.7737392748361169,0.7737392748361169
42,76,Stage 1,Stage 1,0.0936837973101801,0.9060355263066165
42,77,Stage 1,Stage 1,0.27969570520899734,0.7173679820002984
42,78,Stage 4,Stage 4,0.7159006695010337,0.7159006695010337
42,79,Stage 4,Stage 4,0.7701895778761338,0.7701895778761338
42,80,Stage 4,Stage 4,0.5645786617180224,0.5645786617180224
42,81,Stage 4,Stage 4,0.509195459880802,0.509195459880802
42,82,Stage 4,Stage 1,0.4844326439453997,0.5065786852070926
42,83,Stage 4,Stage 4,0.7812518460964338,0.7812518460964338
42,84,Stage 4,Stage 4,0.7585235670876864,0.7585235670876864
42,85,Stage 4,Stage 4,0.580700422658746,0.580700422658746
42,86,Stage 4,Stage 4,0.7463198861836007,0.7463198861836007
42,87,Stage 4,Stage 4,0.6759976813569201,0.6759976813569201
42,88,Stage 4,Stage 4,0.7401497007085935,0.7401497007085935
42,89,Stage 4,Stage 1,0.412546618848073,0.5793000361361431
42,90,Stage 4,Stage 1,0.371694795240346,0.623161633487255
42,91,Stage 4,Stage 1,0.48898147254982016,0.5005195595218441
42,92,Stage 1,Stage 1,0.14957768078964812,0.8496836787717197
42,93,Stage 4,Stage 4,0.7455849743091382,0.7455849743091382
42,94,Stage 4,Stage 4,0.7629134585259719,0.7629134585259719
42,95,Stage 4,Stage 4,0.7882002517975056,0.7882002517975056
42,96,Stage 4,Stage 4,0.5612458722248094,0.5612458722248094
42,97,Stage 4,Stage 4,0.7644716854947469,0.7644716854947469
42,98,Stage 4,Stage 4,0.7953666347711903,0.7953666347711903
42,99,Stage 4,Stage 1,0.37393940028576567,0.6208485354883696
42,100,Stage 4,Stage 4,0.6141317593188607,0.6141317593188607
42,101,Stage 4,Stage 4,0.7190130012575349,0.7190130012575349
42,102,Stage 4,Stage 4,0.797725361037803,0.797725361037803
42,103,Stage 4,Stage 4,0.6768319022107109,0.6768319022107109
42,104,Stage 4,Stage 4,0.5985871126044714,0.5985871126044714
42,105,Stage 4,Stage 4,0.7555673780482655,0.7555673780482655
42,106,Stage 4,Stage 4,0.7438460126040483,0.7438460126040483
42,107,Stage 4,Stage 4,0.6517129072397744,0.6517129072397744
42,108,Stage 4,Stage 4,0.616992522468672,0.616992522468672
42,109,Stage 4,Stage 4,0.6842506393820365,0.6842506393820365
42,110,Stage 4,Stage 4,0.7525534637930363,0.7525534637930363
42,111,Stage 4,Stage 4,0.8048113625442596,0.8048113625442596
42,112,Stage 4,Stage 4,0.7800177068657813,0.7800177068657813
42,113,Stage 4,Stage 4,0.7980515383897038,0.7980515383897038
42,114,Stage 4,Stage 4,0.7911560722459682,0.7911560722459682
42,115,Stage 4,Stage 4,0.7733296080083228,0.7733296080083228
42,116,Stage 4,Stage 0,0.39349390539131174,0.5679081737302069
42,117,Stage 4,Stage 4,0.7109346641984376,0.7109346641984376
42,118,Stage 4,Stage 4,0.74714329679406,0.74714329679406
42,119,Stage 4,Stage 4,0.6650637175664252,0.6650637175664252
42,120,Stage 4,Stage 0,0.46855953208039414,0.5054574237945917
42,121,Stage 4,Stage 4,0.5845376232644022,0.5845376232644022
42,122,Stage 4,Stage 4,0.6448419181016656,0.6448419181016656
42,123,Stage 0,Stage 0,0.11899710495521111,0.6720279862513557
42,124,Stage 4,Stage 4,0.6531150521230036,0.6531150521230036
42,125,Stage 4,Stage 4,0.7863903275123616,0.7863903275123616
42,126,Stage 4,Stage 4,0.7246545781756955,0.7246545781756955
42,127,Stage 4,Stage 4,0.755230368366843,0.755230368366843
42,128,Stage 4,Stage 4,0.7481066467041975,0.7481066467041975
42,129,Stage 0,Stage 0,0.34464045247944936,0.6150039111668327
42,130,Stage 4,Stage 4,0.640992860165122,0.640992860165122
42,131,Stage 4,Stage 0,0.392603984184882,0.579569465834842
42,132,Stage 0,Stage 4,0.7903957558398776,0.7903957558398776
42,133,Stage 0,Stage 0,0.38731285809393157,0.5786611843184911
42,134,Stage 0,Stage 0,0.46016446910726,0.520616184688119
42,135,Stage 4,Stage 4,0.6687780887410002,0.6687780887410002
42,136,Stage 0,Stage 0,0.1712185655940002,0.751048456069704
42,137,Stage 4,Stage 0,0.21948617349383562,0.7280285868611784
42,138,Stage 0,Stage 0,0.22440862897309038,0.7284490139249467
42,139,Stage 4,Stage 0,0.351014246002856,0.6162330233521499
42,140,Stage 4,Stage 0,0.32035028127645804,0.6556745962848449
42,141,Stage 0,Stage 0,0.14598160658417694,0.7335305932251918
42,142,Stage 4,Stage 4,0.7217677944156626,0.7217677944156626
42,143,Stage 0,Stage 0,0.044708601509795616,0.6549309532180551
42,144,Stage 0,Stage 0,0.017191675863851882,0.614617723588873
42,145,Stage 0,Stage 0,0.055371217406896864,0.7453395852925707
42,146,Stage 0,Stage 0,0.1566171188187385,0.7555950516907302
42,147,Stage 0,Stage 0,0.23280516041104915,0.7129648864618063
42,148,Stage 0,Stage 0,0.11837896143575327,0.7358586641063222
42,149,Stage 0,Stage 0,0.11839213360418424,0.7433538677371072
42,150,Stage 0,Stage 0,0.019925939768844034,0.5513910185350774
42,151,Stage 0,Stage 0,0.05701033511811463,0.665096964709246
42,152,Stage 0,Stage 4,0.6754227516581437,0.6754227516581437
42,153,Stage 0,Stage 0,0.10580958288811375,0.7801357270473082
42,154,Stage 0,Stage 0,0.19925709022744245,0.7380440562478991
42,155,Stage 0,Stage 0,0.15328426477682533,0.7645711676900819
42,156,Stage 0,Stage 0,0.02248176432502401,0.6311301873551427
42,157,Stage 0,Stage 0,0.017281329641849443,0.6009326260911978
42,158,Stage 0,Stage 0,0.03421423546018469,0.6102261687768997
42,159,Stage 0,Stage 0,0.21609611013211008,0.7259642276518898
42,160,Stage 0,Stage 2,0.0008791708562317983,0.5874066908800325
42,161,Stage 0,Stage 0,0.08572153150501041,0.7354791375816556
42,162,Stage 0,Stage 0,0.007266100728484205,0.4149314765152311
42,163,Stage 0,Stage 0,0.065476552309639,0.7396833133256273
42,164,Stage 0,Stage 0,0.011183287938407959,0.5200913805522706
42,165,Stage 0,Stage 0,0.04892268417575488,0.7517900682159755
42,166,Stage 0,Stage 0,0.00717967103796309,0.45564104151865625
42,167,Stage 0,Stage 3,0.002311910510708948,0.3632209706471111
42,168,Stage 0,Stage 0,0.0032430015224795836,0.35076022150709685
42,169,Stage 3,Stage 2,0.00013324250089354297,0.7339806575243318
42,170,Stage 0,Stage 0,0.008604120896175653,0.5054098048039875
42,171,Stage 0,Stage 3,0.0010823886359010574,0.4222722602705525
42,172,Stage 3,Stage 2,8.566308811897399e-05,0.5050739923635922
42,173,Stage 3,Stage 2,0.0019219407519331627,0.3718717255107415
42,174,Stage 0,Stage 0,0.005248175634335102,0.41047469696103117
42,175,Stage 3,Stage 3,5.493263753828285e-05,0.6370320451149392
42,176,Stage 0,Stage 3,0.002998597708884538,0.35236042828594755
42,177,Stage 3,Stage 2,0.00015578730622830994,0.5233006361659148
42,178,Stage 3,Stage 2,1.4759356293646444e-05,0.6629335898331022
42,179,Stage 3,Stage 3,0.0001414493745137115,0.6849444524432949
42,180,Stage 3,Stage 2,1.1031860037737407e-05,0.6200455008118361
42,181,Stage 3,Stage 3,2.596974834964243e-07,0.7792997406206953
42,182,Stage 3,Stage 3,0.00020210614270263803,0.45071747528943407
42,183,Stage 3,Stage 3,3.0469133760269994e-06,0.7233204238662908
42,184,Stage 3,Stage 2,8.156421221393632e-05,0.5125221670359431
42,185,Stage 3,Stage 3,8.061981737182301e-06,0.5045677305709717
42,186,Stage 3,Stage 3,3.9456873792133755e-06,0.7962374213412078
42,187,Stage 3,Stage 2,2.468581248368705e-05,0.5301448604300629
42,188,Stage 3,Stage 3,1.2757672539283109e-06,0.7368217559534601
42,189,Stage 3,Stage 3,6.751372364503365e-07,0.6908021310146159
42,190,Stage 3,Stage 3,3.889024530101774e-07,0.6896096087957212
42,191,Stage 3,Stage 3,8.028989581381354e-08,0.5407225223726684
42,192,Stage 3,Stage 2,3.3843005523128366e-06,0.5535670006650151
42,193,Stage 3,Stage 3,3.09056800457996e-07,0.5274792918439807
42,194,Stage 3,Stage 3,5.861432148469054e-08,0.9019865578878216
42,195,Stage 3,Stage 3,4.5967127508501746e-08,0.6997748977328225
42,196,Stage 3,Stage 3,5.203530333923003e-07,0.7543507689915098
44,1,Stage 1,Stage 1,0.07896431725635471,0.9208198153910562
44,2,Stage 1,Stage 1,0.2974291894085658,0.6998357268619191
44,3,Stage 1,Stage 1,0.23743195173044976,0.760472790690715
44,4,Stage 1,Stage 1,0.07370988768327554,0.9261021622018188
44,5,Stage 1,Stage 1,0.031596123846968034,0.9683671543759564
44,6,Stage 1,Stage 1,0.2334139836067768,0.7649869071396631
44,7,Stage 1,Stage 1,0.30942228236764274,0.6873655936360947
44,8,Stage 1,Stage 1,0.06187912589225228,0.9379884834046208
44,9,Stage 1,Stage 1,0.06299019782892028,0.9368811599851858
44,10,Stage 1,Stage 1,0.13295581838096424,0.8665155606939731
44,11,Stage 1,Stage 1,0.38246735602940435,0.6113463513202123
44,12,Stage 1,Stage 1,0.23464400099489816,0.7636870479312418
44,13,Stage 1,Stage 1,0.10616834000965901,0.8934843942907974
44,14,Stage 1,Stage 1,0.10123652899881395,0.8984563816776318
44,15,Stage 1,Stage 1,0.34666406750773276,0.6488302692077235
44,16,Stage 1,Stage 1,0.02729775086244194,0.9726711027010869
44,17,Stage 1,Stage 1,0.005259354904008263,0.994739522963285
44,18,Stage 1,Stage 1,0.18908856204830932,0.8097647460673951
44,19,Stage 1,Stage 1,0.23235165792649884,0.7659995248332495
44,20,Stage 1,Stage 1,0.006213271289381695,0.9937850717155691
44,21,Stage 1,Stage 4,0.5807986698336799,0.5807986698336799
44,22,Stage 1,Stage 1,0.4491846784816984,0.5416235514428573
44,23,Stage 1,Stage 1,0.041115987607420496,0.9588073547758449
44,24,Stage 1,Stage 1,0.02602733708353887,0.9739452322375288
44,25,Stage 1,Stage 1,0.04634697709319248,0.9535710816178042
44,26,Stage 1,Stage 1,0.22677030919094435,0.7713191422239425
44,27,Stage 1,Stage 1,0.07026226688986936,0.9295702773162424
44,28,Stage 1,Stage 1,0.16511077925863235,0.8338875394270933
44,29,Stage 1,Stage 1,0.10334317468816616,0.8962770220202007
44,30,Stage 1,Stage 1,0.040043700827168405,0.9599045792481712
44,31,Stage 1,Stage 1,0.21544852974565015,0.783004940273842
44,32,Stage 1,Stage 1,0.19936334071990977,0.7995178011387839
44,33,Stage 1,Stage 1,0.10778633328814476,0.891843600942059
44,34,Stage 1,Stage 1,0.35004770138057395,0.6455130885259776
44,35,Stage 1,Stage 1,0.07236317062339087,0.9274563452048367
44,36,Stage 1,Stage 1,0.15606999775971736,0.8430104150686162
44,37,Stage 1,Stage 1,0.07360969393033452,0.9262080489737571
44,38,Stage 1,Stage 1,0.09609982896881318,0.9035379630078085
44,39,Stage 1,Stage 1,0.21384599965530385,0.7848617650452057
44,40,Stage 1,Stage 1,0.012815360312523281,0.9871783146864321
44,41,Stage 1,Stage 1,0.02521993797103268,0.9747578848931036
44,42,Stage 1,Stage 1,0.18506565860008553,0.8138202087919949
44,43,Stage 1,Stage 4,0.5820563483613044,0.5820563483613044
44,44,Stage 1,Stage 1,0.028316169683758104,0.9716470325193577
44,45,Stage 1,Stage 1,0.05440310195702877,0.9454991396184013
44,46,Stage 1,Stage 1,0.16425467688754275,0.8349886036698452
44,47,Stage 4,Stage 1,0.4847480068855072,0.5045181103814887
44,48,Stage 1,Stage 1,0.04372125431613376,0.9562146643611472
44,49,Stage 1,Stage 1,0.05467930537321797,0.9452305325674908
44,50,Stage 1,Stage 1,0.09252326665754801,0.9071827541928313
44,51,Stage 1,Stage 1,0.2673154994151422,0.7303467481744808
44,52,Stage 1,Stage 1,0.05427488837829701,0.945640530771179
44,53,Stage 1,Stage 1,0.050385028797269645,0.9495291567780689
44,54,Stage 1,Stage 4,0.6315451687679863,0.6315451687679863
44,55,Stage 1,Stage 1,0.048412685207232645,0.951496537077239
44,56,Stage 1,Stage 1,0.10020845569918838,0.8994852955052597
44,57,Stage 1,Stage 1,0.012367979196499252,0.9876260577971313
44,58,Stage 1,Stage 1,0.35692280425919826,0.638933027781031
44,59,Stage 1,Stage 1,0.17253794219148533,0.826598644363963
44,60,Stage 1,Stage 1,0.240184846988629,0.7580185376692801
44,61,Stage 1,Stage 1,0.05064350995226596,0.9492623445317923
44,62,Stage 1,Stage 1,0.2530073836738775,0.7446047176018671
44,63,Stage 1,Stage 1,0.3170569122045477,0.6790036704976183
44,64,Stage 1,Stage 1,0.262664290996793,0.735192528568245
44,65,Stage 1,Stage 1,0.23224237689679644,0.7659966607746054
44,66,Stage 1,Stage 1,0.22770064892754252,0.7705183879234662
44,67,Stage 1,Stage 1,0.2572324051784742,0.7404060254253041
44,68,Stage 1,Stage 1,0.3654927036136332,0.6292532620534095
44,69,Stage 1,Stage 4,0.5804944740637953,0.5804944740637953
44,70,Stage 1,Stage 1,0.0949080052294765,0.9048139519596521
44,71,Stage 1,Stage 1,0.09492508706681071,0.9047890987913649
44,72,Stage 1,Stage 1,0.29335380660024274,0.7033685951407329
44,73,Stage 4,Stage 1,0.24968543769490756,0.7480856520233876
44,74,Stage 1,Stage 1,0.07999643218412714,0.9198050847663262
44,75,Stage 1,Stage 1,0.13256020606199256,0.8669158500511662
44,76,Stage 1,Stage 1,0.16302860088388896,0.8362780598584558
44,77,Stage 1,Stage 4,0.7308299625049196,0.7308299625049196
44,78,Stage 1,Stage 1,0.4237202326983091,0.5687264850729478
44,79,Stage 1,Stage 4,0.5195033921439844,0.5195033921439844
44,80,Stage 1,Stage 1,0.46556264875428244,0.5249924323568297
44,81,Stage 4,Stage 4,0.6492054742559399,0.6492054742559399
44,82,Stage 4,Stage 4,0.6180541332301527,0.6180541332301527
44,83,Stage 1,Stage 1,0.02243160491375701,0.9775485751503903
44,84,Stage 1,Stage 1,0.2642625147521153,0.7333481718215236
44,85,Stage 1,Stage 1,0.4041109550590759,0.5889409466782966
44,86,Stage 4,Stage 1,0.3621230099168129,0.6326478515689723
44,87,Stage 1,Stage 4,0.6535410662922896,0.6535410662922896
44,88,Stage 1,Stage 4,0.7208111361635449,0.7208111361635449
44,89,Stage 1,Stage 4,0.6445369680270465,0.6445369680270465
44,90,Stage 4,Stage 1,0.20051847966208455,0.7982398240274062
44,91,Stage 4,Stage 4,0.6078302137522871,0.6078302137522871
44,92,Stage 4,Stage 4,0.7918532306457361,0.7918532306457361
44,93,Stage 1,Stage 1,0.18327813727645015,0.8156051480860227
44,94,Stage 4,Stage 1,0.4233776400537821,0.5698951580897175
44,95,Stage 1,Stage 1,0.26697341809187175,0.7304218549825507
44,96,Stage 4,Stage 1,0.3879236722861204,0.6062421331469616
44,97,Stage 4,Stage 4,0.7473832212506667,0.7473832212506667
44,98,Stage 4,Stage 4,0.7543817218706204,0.7543817218706204
44,99,Stage 4,Stage 1,0.440890336529135,0.5494032397864567
44,100,Stage 1,Stage 1,0.35005736883580035,0.6452500219462843
44,101,Stage 1,Stage 1,0.3344644347602245,0.6616235857125291
44,102,Stage 4,Stage 4,0.6049324497347583,0.6049324497347583
44,103,Stage 1,Stage 1,0.30941111166923974,0.6871466189614052
44,104,Stage 4,Stage 4,0.693242041719891,0.693242041719891
44,105,Stage 4,Stage 4,0.7683616556326377,0.7683616556326377
44,106,Stage 4,Stage 4,0.7815438299843971,0.7815438299843971
44,107,Stage 4,Stage 4,0.7650008429703834,0.7650008429703834
44,108,Stage 4,Stage 4,0.7721345797950475,0.7721345797950475
44,109,Stage 4,Stage 1,0.2615304491406794,0.7360439735910812
44,110,Stage 4,Stage 1,0.22317972490856136,0.7752497975445554
44,111,Stage 4,Stage 4,0.7746745685700257,0.7746745685700257
44,112,Stage 4,Stage 4,0.638598329163079,0.638598329163079
44,113,Stage 4,Stage 4,0.7829445226891146,0.7829445226891146
44,114,Stage 4,Stage 4,0.7852701473273552,0.7852701473273552
44,115,Stage 4,Stage 4,0.669463776301535,0.669463776301535
44,116,Stage 4,Stage 4,0.7060135163507741,0.7060135163507741
44,117,Stage 4,Stage 4,0.7921007024344521,0.7921007024344521
44,118,Stage 4,Stage 4,0.8074591760923785,0.8074591760923785
44,119,Stage 4,Stage 1,0.386532610016757,0.6083661294409293
44,120,Stage 4,Stage 4,0.6455656949106356,0.6455656949106356
44,121,Stage 4,Stage 4,0.7931114119164021,0.7931114119164021
44,122,Stage 4,Stage 4,0.6457852240119631,0.6457852240119631
44,123,Stage 4,Stage 4,0.7808011002467353,0.7808011002467353
44,124,Stage 4,Stage 4,0.7774594789385624,0.7774594789385624
44,125,Stage 4,Stage 4,0.66965867633385,0.66965867633385
44,126,Stage 4,Stage 4,0.6757379745618766,0.6757379745618766
44,127,Stage 4,Stage 4,0.780807651622315,0.780807651622315
44,128,Stage 4,Stage 4,0.5563432676526151,0.5563432676526151
44,129,Stage 4,Stage 4,0.7522741489220256,0.7522741489220256
44,130,Stage 4,Stage 4,0.7596279686223627,0.7596279686223627
44,131,Stage 4,Stage 4,0.7974997812531769,0.7974997812531769
44,132,Stage 4,Stage 4,0.765062154469617,0.765062154469617
44,133,Stage 4,Stage 4,0.7836613847416646,0.7836613847416646
44,134,Stage 4,Stage 4,0.7945359032035599,0.7945359032035599
44,135,Stage 0,Stage 4,0.5752823293863154,0.5752823293863154
44,136,Stage 4,Stage 4,0.7377095312361598,0.7377095312361598
44,137,Stage 4,Stage 4,0.6757795461169934,0.6757795461169934
44,138,Stage 4,Stage 0,0.3504954293912751,0.6142430977739115
44,139,Stage 0,Stage 0,0.2941563710533476,0.6386240220890221
44,140,Stage 0,Stage 4,0.6507412328861114,0.6507412328861114
44,141,Stage 4,Stage 4,0.7678535377799368,0.7678535377799368
44,142,Stage 0,Stage 0,0.3401542880917088,0.6296054631866426
44,143,Stage 4,Stage 4,0.7086340304960863,0.7086340304960863
44,144,Stage 0,Stage 0,0.3063283981696396,0.6433245858997613
44,145,Stage 0,Stage 0,0.39206231931793745,0.5763560634462483
44,146,Stage 0,Stage 0,0.1341686981712274,0.7312689383663016
44,147,Stage 4,Stage 4,0.681422375751896,0.681422375751896
44,148,Stage 0,Stage 0,0.4149398849631997,0.5566400642244891
44,149,Stage 0,Stage 0,0.07895785411767783,0.689179980647034
44,150,Stage 0,Stage 0,0.16258535772676494,0.7191151943233749
44,151,Stage 0,Stage 0,0.08255640439295281,0.637197313883448
44,152,Stage 0,Stage 2,0.006829745998748028,0.4405826802396751
44,153,Stage 0,Stage 2,0.006157662663730291,0.5488222198896361
44,154,Stage 0,Stage 0,0.18525946908484264,0.7343463210860244
44,155,Stage 0,Stage 0,0.0280382510409244,0.6116989758357354
44,156,Stage 0,Stage 4,0.7385897708042445,0.7385897708042445
44,157,Stage 0,Stage 0,0.2506024362094138,0.7066785626596268
44,158,Stage 0,Stage 0,0.03048042022223397,0.5848949721457443
44,159,Stage 0,Stage 3,0.0001453172126216706,0.5249995120043777
44,160,Stage 0,Stage 0,0.0855290816127992,0.7328066997147605
44,161,Stage 0,Stage 0,0.1687108744699692,0.7244175885742498
44,162,Stage 0,Stage 0,0.019202665499145767,0.5447175523766455
44,163,Stage 0,Stage 0,0.037490992542325074,0.5687854421206108
44,164,Stage 0,Stage 0,0.21682327554977915,0.7081107029278602
44,165,Stage 0,Stage 2,0.0018134626852907023,0.5749208355293978
44,166,Stage 0,Stage 2,0.0005787274273557639,0.6507126769858744
44,167,Stage 0,Stage 0,0.017856517892498255,0.6049141360627548
44,168,Stage 0,Stage 2,0.0010400333343166168,0.4976403359261875
44,169,Stage 0,Stage 2,0.001985545886143188,0.5505266121808112
44,170,Stage 0,Stage 2,0.0015701868330417843,0.6826172552974676
44,171,Stage 3,Stage 3,0.00046506911611693836,0.47881572409119794
44,172,Stage 3,Stage 2,0.0002028271979488793,0.6830855706199763
44,173,Stage 3,Stage 3,0.0001557785653071774,0.6234177598797918
44,174,Stage 3,Stage 2,0.0008494841749810037,0.4444416666855024
44,175,Stage 0,Stage 2,0.00042786550528654675,0.5479953805806229
44,176,Stage 3,Stage 3,0.00015051812899987386,0.6037713215463414
44,177,Stage 3,Stage 3,0.00023218770774820855,0.5026136222662189
44,178,Stage 3,Stage 2,7.546572515389585e-06,0.5226397565830595
44,179,Stage 3,Stage 2,1.6625761441960463e-05,0.5957671393678355
44,180,Stage 3,Stage 2,4.120494667655493e-06,0.5000240838784895
44,181,Stage 3,Stage 2,2.6148879469959306e-05,0.5521908657187338
44,182,Stage 3,Stage 3,7.313173284771997e-08,0.544240297230254
44,183,Stage 3,Stage 2,0.00010685134280247867,0.5251390908453875
44,184,Stage 3,Stage 3,2.454042043767981e-07,0.7344277620636566
44,185,Stage 3,Stage 3,9.549669986856585e-08,0.7877698642392003
44,186,Stage 3,Stage 3,1.1493266219865016e-06,0.6474110174932558
44,187,Stage 3,Stage 3,8.64594778980319e-07,0.6612836309254335
44,188,Stage 3,Stage 3,7.535390359619235e-08,0.760540083518178
44,189,Stage 3,Stage 3,4.631960777969856e-07,0.5168418358610993
44,190,Stage 3,Stage 3,1.7132846266844594e-07,0.7535773698922863
44,191,Stage 3,Stage 3,1.4114752834755837e-07,0.5039205904882141
44,192,Stage 3,Stage 3,1.6827365931582122e-09,0.5150249216581522
46,1,Stage 1,Stage 1,0.0157474077626232,0.9842433105521621
46,2,Stage 1,Stage 1,0.028681544264194763,0.9712845948286464
46,3,Stage 1,Stage 1,0.06560385555266202,0.9342484417107072
46,4,Stage 1,Stage 1,0.024935074235054436,0.9750434323838558
46,5,Stage 1,Stage 1,0.012826142008700343,0.9871675402522048
46,6,Stage 1,Stage 1,0.015769935406749522,0.9842188162607041
46,7,Stage 1,Stage 1,0.029011207245362797,0.970959580979839
46,8,Stage 1,Stage 1,0.041386375486043014,0.9585503615121664
46,9,Stage 1,Stage 1,0.006987464475039455,0.9930102803735331
46,10,Stage 1,Stage 1,0.01142491480729188,0.988569655359068
46,11,Stage 1,Stage 1,0.0399046923651595,0.9600430979181743
46,12,Stage 1,Stage 1,0.03654696191876535,0.9634060771027496
46,13,Stage 1,Stage 1,0.008016101113148657,0.9919812435372407
46,14,Stage 1,Stage 1,0.009270885924132855,0.9907248722160295
46,15,Stage 1,Stage 1,0.06936280287570187,0.9304748833360319
46,16,Stage 1,Stage 1,0.016403287848701632,0.9835860063199202
46,17,Stage 1,Stage 1,0.008209275446697981,0.9917877462647193
46,18,Stage 1,Stage 1,0.19065656363541894,0.8078843226031824
46,19,Stage 1,Stage 1,0.044014289549705383,0.9559157696578939
46,20,Stage 1,Stage 1,0.024888834211097152,0.9750897430011638
46,21,Stage 1,Stage 1,0.03505718968937638,0.9649025742856564
46,22,Stage 1,Stage 1,0.012925605897523227,0.98706761867097
46,23,Stage 1,Stage 1,0.00277395575433891,0.997225658256416
46,24,Stage 1,Stage 1,0.04536756215845591,0.9545613400130262
46,25,Stage 1,Stage 1,0.026740042214095164,0.9732340211562566
46,26,Stage 1,Stage 1,0.02573879252749061,0.9742369618289474
46,27,Stage 1,Stage 1,0.07135298740208759,0.928463186245657
46,28,Stage 1,Stage 1,0.0032423386917131516,0.9967571969039346
46,29,Stage 1,Stage 1,0.09140444058394523,0.9083336796682245
46,30,Stage 1,Stage 1,0.03192243828237309,0.9680393167864982
46,31,Stage 1,Stage 1,0.016010363283853628,0.9839790875887282
46,32,Stage 1,Stage 1,0.006881832818833655,0.9931161714333161
46,33,Stage 1,Stage 1,0.083415006696306,0.9163391049534548
46,34,Stage 1,Stage 1,0.011237915670018344,0.9887572801775015
46,35,Stage 1,Stage 1,0.006959580523272933,0.9930383583349978
46,36,Stage 1,Stage 1,0.12186114813951579,0.8776763125611851
46,37,Stage 1,Stage 1,0.03612487721182288,0.9638242054581041
46,38,Stage 1,Stage 1,0.009410906689010436,0.9905855301290765
46,39,Stage 1,Stage 1,0.01971369631074109,0.9802686126407965
46,40,Stage 1,Stage 1,0.015769333872335343,0.9842191410492137
46,41,Stage 1,Stage 1,0.10714620909388785,0.8924772257746182
46,42,Stage 1,Stage 1,0.050878001984720644,0.9490139001155249
46,43,Stage 1,Stage 1,0.03929333587972931,0.9606558685567673
46,44,Stage 1,Stage 1,0.1997572472599917,0.798974468254385
46,45,Stage 1,Stage 1,0.01637170135695822,0.9836180099175242
46,46,Stage 1,Stage 1,0.21417271487092995,0.7842505355494609
46,47,Stage 1,Stage 1,0.01644929148212488,0.9835408191632949
46,48,Stage 1,Stage 1,0.011813561546224285,0.9881813496490662
46,49,Stage 1,Stage 1,0.04207043252826213,0.9578605676256357
46,50,Stage 1,Stage 1,0.16851686203169008,0.830678831217499
46,51,Stage 1,Stage 1,0.08886754504435253,0.910864087585455
46,52,Stage 1,Stage 1,0.09293399613701997,0.9067803901407268
46,53,Stage 1,Stage 1,0.03444091603684892,0.965527353016982
46,54,Stage 1,Stage 1,0.17960713289466082,0.8194334001700165
46,55,Stage 1,Stage 1,0.045211618964034306,0.9547267776874359
46,56,Stage 1,Stage 1,0.02516706925887634,0.974813475966941
46,57,Stage 1,Stage 1,0.0025832924876419824,0.9974164156444668
46,58,Stage 1,Stage 1,0.0018218818705749735,0.9981779498139381
46,59,Stage 1,Stage 1,0.014391881345282718,0.9855990966497212
46,60,Stage 1,Stage 1,0.012460762197841476,0.9875329044593234
46,61,Stage 1,Stage 1,0.06995243258845558,0.9298985573800143
46,62,Stage 1,Stage 1,0.10692082056809622,0.8927004113320446
46,63,Stage 1,Stage 1,0.004480741098928619,0.995518361763863
46,64,Stage 1,Stage 1,0.005413073030436806,0.994585655559066
46,65,Stage 1,Stage 1,0.025383467018465042,0.974587801018347
46,66,Stage 1,Stage 1,0.12231718018527611,0.8772461596372004
46,67,Stage 1,Stage 1,0.18163061373325,0.8171320697235551
46,68,Stage 1,Stage 1,0.024374730018726466,0.9756048799442042
46,69,Stage 1,Stage 1,0.05043872621266872,0.9494852179999883
46,70,Stage 1,Stage 1,0.0027317672193420475,0.9972678168233049
46,71,Stage 1,Stage 1,0.16213928048280177,0.837021936927849
46,72,Stage 1,Stage 1,0.21817165084624454,0.7803865335661403
46,73,Stage 1,Stage 1,0.17736674987218298,0.8213214365441301
46,74,Stage 1,Stage 1,0.07895237242551419,0.9208308758531092
46,75,Stage 1,Stage 1,0.08558586978157234,0.9141439031158829
46,76,Stage 1,Stage 1,0.01301230463957488,0.9869804191001021
46,77,Stage 1,Stage 1,0.12695658429275156,0.8725529010153259
46,78,Stage 1,Stage 1,0.07423476669782354,0.9255860376540938
46,79,Stage 1,Stage 1,0.15081782162861587,0.8483862551240307
46,80,Stage 1,Stage 1,0.05690166531923758,0.942990578809628
46,81,Stage 1,Stage 1,0.10154620861017129,0.8980298573446951
46,82,Stage 1,Stage 1,0.0339715913162151,0.9659871570290651
46,83,Stage 1,Stage 1,0.34554717313259986,0.6493450689877892
46,84,Stage 1,Stage 1,0.45598577655883143,0.5357479927694114
46,85,Stage 1,Stage 1,0.06653965071235972,0.9333051225468968
46,86,Stage 1,Stage 1,0.04345408318989915,0.9564799192498716
46,87,Stage 1,Stage 1,0.023906429907836504,0.9760728504947536
46,88,Stage 1,Stage 1,0.03481826831291871,0.9651340819415672
46,89,Stage 1,Stage 1,0.0870447660834203,0.9127207765849868
46,90,Stage 1,Stage 1,0.14396157873588744,0.8554047268629126
46,91,Stage 1,Stage 1,0.1978501841874886,0.8010480324689059
46,92,Stage 1,Stage 1,0.0458628217722798,0.9540743510629164
46,93,Stage 1,Stage 1,0.03183043571214973,0.9681356772782972
46,94,Stage 1,Stage 1,0.17764599437770942,0.8214896720811258
46,95,Stage 1,Stage 1,0.0038319692879555853,0.9961674065073762
46,96,Stage 1,Stage 1,0.12271494556288605,0.8768165431255392
46,97,Stage 1,Stage 1,0.09997018533846148,0.8997001027160284
46,98,Stage 1,Stage 1,0.27470790934786565,0.7225318883924104
46,99,Stage 1,Stage 1,0.06276365776430498,0.9371140542738459
46,100,Stage 1,Stage 1,0.06294068154115524,0.9369254033060417
46,101,Stage 1,Stage 4,0.5253095625420138,0.5253095625420138
46,102,Stage 1,Stage 1,0.0313113548690808,0.9686503895981704
46,103,Stage 1,Stage 1,0.3326592713941343,0.6635916864599968
46,104,Stage 1,Stage 1,0.21965629353461674,0.7788283520278833
46,105,Stage 1,Stage 1,0.22431075268433268,0.7740499888945988
46,106,Stage 1,Stage 4,0.6961245399878642,0.6961245399878642
46,107,Stage 1,Stage 1,0.22744776090468224,0.7708463256633336
46,108,Stage 1,Stage 1,0.066548650834194,0.933304114756846
46,109,Stage 1,Stage 1,0.4689837582123872,0.522052830192057
46,110,Stage 1,Stage 1,0.11224857450871538,0.8873125449500258
46,111,Stage 1,Stage 1,0.06135380031332343,0.9385039450518899
46,112,Stage 4,Stage 1,0.17764290468445623,0.821254362406435
46,113,Stage 1,Stage 1,0.45811318663961204,0.5324684268726865
46,114,Stage 1,Stage 1,0.2005633250400272,0.7979829498859448
46,115,Stage 1,Stage 1,0.2999593496890472,0.6973879674212047
46,116,Stage 1,Stage 1,0.16216381849602363,0.8370933724184196
46,117,Stage 1,Stage 1,0.21924683216065802,0.7794794114608333
46,118,Stage 4,Stage 1,0.40144265155006303,0.5911173614566373
46,119,Stage 4,Stage 4,0.497197484001918,0.497197484001918
46,120,Stage 1,Stage 1,0.27238182169551683,0.7250433990203183
46,121,Stage 1,Stage 4,0.5763005616141034,0.5763005616141034
46,122,Stage 4,Stage 4,0.520366685341007,0.520366685341007
46,123,Stage 4,Stage 1,0.3747976264687395,0.6196947838008282
46,124,Stage 1,Stage 1,0.11588144466543168,0.8836937263667449
46,125,Stage 1,Stage 1,0.09632515329037275,0.9034012127337814
46,126,Stage 1,Stage 1,0.2646580127380593,0.7328115472425036
46,127,Stage 1,Stage 1,0.06761839476145816,0.9322156184861763
46,128,Stage 1,Stage 1,0.1268749005830852,0.8726144394935343
46,129,Stage 1,Stage 1,0.4665906324980042,0.5254587343176212
46,130,Stage 1,Stage 1,0.22651084084793188,0.7718364887345165
46,131,Stage 1,Stage 1,0.47910299707586024,0.5100708095947533
46,132,Stage 4,Stage 1,0.3055125503010814,0.6913626385711871
46,133,Stage 1,Stage 1,0.14687983588704492,0.8523634784248733
46,134,Stage 1,Stage 1,0.3153200904130381,0.6813385139909858
46,135,Stage 1,Stage 1,0.16209443142594637,0.8369889571522668
46,136,Stage 1,Stage 4,0.5170880944455176,0.5170880944455176
46,137,Stage 1,Stage 1,0.17741115019540102,0.8216550463559978
46,138,Stage 1,Stage 1,0.43371709073122117,0.5594406094839435
46,139,Stage 1,Stage 1,0.1351939970549959,0.8642240899837776
46,140,Stage 1,Stage 4,0.6157466779267902,0.6157466779267902
46,141,Stage 1,Stage 4,0.5240573912724622,0.5240573912724622
46,142,Stage 4,Stage 1,0.3510751715868921,0.6437946181978157
46,143,Stage 1,Stage 4,0.6404133618600524,0.6404133618600524
46,144,Stage 1,Stage 1,0.30732540164004785,0.6895272349704792
46,145,Stage 4,Stage 1,0.40206522489717766,0.5912236622379399
46,146,Stage 4,Stage 1,0.4373241699238114,0.5543072308814078
46,147,Stage 4,Stage 4,0.7314022274687219,0.7314022274687219
46,148,Stage 1,Stage 1,0.03547105514720287,0.9644911992548333
46,149,Stage 4,Stage 1,0.42472587234905324,0.5675315157629952
46,150,Stage 4,Stage 4,0.7842043816290536,0.7842043816290536
46,151,Stage 4,Stage 4,0.7583291180953085,0.7583291180953085
46,152,Stage 4,Stage 4,0.7358908787351938,0.7358908787351938
46,153,Stage 1,Stage 4,0.6034246246131802,0.6034246246131802
46,154,Stage 4,Stage 4,0.6745409206678252,0.6745409206678252
46,155,Stage 4,Stage 4,0.7810336039443564,0.7810336039443564
46,156,Stage 4,Stage 4,0.5105262531498391,0.5105262531498391
46,157,Stage 4,Stage 4,0.7639294235359552,0.7639294235359552
46,158,Stage 4,Stage 4,0.8063229457994199,0.8063229457994199
46,159,Stage 4,Stage 4,0.7889198891664743,0.7889198891664743
46,160,Stage 4,Stage 4,0.6582674405713989,0.6582674405713989
46,161,Stage 4,Stage 4,0.6625145036093377,0.6625145036093377
46,162,Stage 4,Stage 4,0.7252121522212062,0.7252121522212062
46,163,Stage 4,Stage 4,0.5385650861713478,0.5385650861713478
46,164,Stage 4,Stage 4,0.5962219757419276,0.5962219757419276
46,165,Stage 4,Stage 4,0.7867997656225559,0.7867997656225559
46,166,Stage 4,Stage 4,0.7451751387726858,0.7451751387726858
46,167,Stage 4,Stage 4,0.7762011881737712,0.7762011881737712
46,168,Stage 1,Stage 1,0.22538131591162114,0.7728210935232129
46,169,Stage 4,Stage 4,0.565431322681812,0.565431322681812
46,170,Stage 1,Stage 1,0.456940814562405,0.5351957968243578
46,171,Stage 1,Stage 1,0.2724152524966118,0.7253066450439736
46,172,Stage 4,Stage 4,0.7975865526275518,0.7975865526275518
46,173,Stage 4,Stage 4,0.703072180353267,0.703072180353267
46,174,Stage 4,Stage 4,0.5150005891567083,0.5150005891567083
46,175,Stage 4,Stage 4,0.7504250311737963,0.7504250311737963
46,176,Stage 4,Stage 4,0.5809994586711277,0.5809994586711277
46,177,Stage 4,Stage 4,0.6907320078766391,0.6907320078766391
46,178,Stage 4,Stage 4,0.8017727564155273,0.8017727564155273
46,179,Stage 4,Stage 0,0.2167259358206408,0.7053171428086805
46,180,Stage 4,Stage 4,0.7383083788502159,0.7383083788502159
46,181,Stage 4,Stage 4,0.7753565358659746,0.7753565358659746
46,182,Stage 4,Stage 0,0.40507701706413896,0.5735766685235671
46,183,Stage 4,Stage 4,0.6849818269943789,0.6849818269943789
46,184,Stage 4,Stage 4,0.745926491773207,0.745926491773207
46,185,Stage 4,Stage 4,0.5884324897412948,0.5884324897412948
46,186,Stage 4,Stage 4,0.688454786366291,0.688454786366291
46,187,Stage 0,Stage 4,0.6978883754221549,0.6978883754221549
46,188,Stage 4,Stage 4,0.6501940129905961,0.6501940129905961
46,189,Stage 0,Stage 0,0.24303627825574375,0.6992039830555671
46,190,Stage 4,Stage 0,0.4546382662767397,0.5217465648715002
46,191,Stage 4,Stage 4,0.6280717320385126,0.6280717320385126
46,192,Stage 0,Stage 4,0.6003705481143922,0.6003705481143922
46,193,Stage 0,Stage 0,0.23496611074711612,0.7106436505436103
46,194,Stage 4,Stage 4,0.738112445460418,0.738112445460418
46,195,Stage 0,Stage 0,0.2962143065705975,0.6479740266374335
46,196,Stage 4,Stage 0,0.20149565593968163,0.7414335667214574
46,197,Stage 0,Stage 0,0.47816538706042105,0.4997284479853356
46,198,Stage 0,Stage 0,0.143388284747329,0.6657496096324695
46,199,Stage 0,Stage 0,0.2013851393382433,0.7230266351923338
46,200,Stage 0,Stage 0,0.07765215098116687,0.7614942677614549
46,201,Stage 0,Stage 0,0.2231877913944767,0.71602942602888
46,202,Stage 0,Stage 0,0.3116983784883819,0.6464412819329678
46,203,Stage 0,Stage 0,0.03522318119257818,0.6580689492875239
46,204,Stage 0,Stage 0,0.27712991978564033,0.6712776999052146
46,205,Stage 0,Stage 0,0.35944703566511954,0.6142264041586699
46,206,Stage 0,Stage 4,0.5120521882807594,0.5120521882807594
46,207,Stage 0,Stage 0,0.05685035381042668,0.7222437978369912
46,208,Stage 0,Stage 0,0.13836720116627596,0.7873996750907727
46,209,Stage 0,Stage 0,0.02787691290891105,0.6007269494610047
46,210,Stage 0,Stage 0,0.014640334928116207,0.5447123046947109
46,211,Stage 0,Stage 0,0.23387808411277866,0.6971563216256318
46,212,Stage 0,Stage 0,0.11018176084899428,0.7589048425345344
46,213,Stage 0,Stage 0,0.03839874962682107,0.6377067669162734
46,214,Stage 0,Stage 0,0.043880357523611836,0.6032821440675351
46,215,Stage 0,Stage 0,0.026872707688264965,0.5908153996090606
46,216,Stage 0,Stage 2,0.0042519148391847155,0.5207063458228552
46,217,Stage 0,Stage 0,0.018272535052211075,0.5682130210933386
46,218,Stage 3,Stage 2,0.0008230266939949131,0.4921922899767961
46,219,Stage 0,Stage 0,0.004789170242785936,0.3978472017365823
46,220,Stage 0,Stage 2,0.0008477233529789708,0.5858799117304927
46,221,Stage 0,Stage 2,0.0011353097492119908,0.4028756437426612
46,222,Stage 0,Stage 0,0.04036561040649809,0.658000555653998
46,223,Stage 0,Stage 0,0.006883939119710869,0.46854984300509883
46,224,Stage 0,Stage 0,0.004555932477548595,0.39714698109854474
46,225,Stage 3,Stage 2,0.00033874489968411153,0.6789107442029245
46,226,Stage 0,Stage 0,0.07807925522002254,0.7314265822114417
46,227,Stage 3,Stage 0,0.005180442999489042,0.4276278185672242
46,228,Stage 0,Stage 0,0.026011608636230685,0.6697673136985952
46,229,Stage 0,Stage 2,0.002931839210845715,0.7745255567790097
46,230,Stage 3,Stage 2,2.3059497711640098e-05,0.6027738992747627
46,231,Stage 3,Stage 2,0.0003178435982658264,0.606865614922464
46,232,Stage 0,Stage 0,0.013895033776988058,0.5736936021874153
46,233,Stage 3,Stage 3,0.0006228760185483875,0.5471379316116542
46,234,Stage 3,Stage 3,0.000492229026451688,0.5929654189029603
46,235,Stage 3,Stage 2,0.00011673862948653338,0.7160206107736339
46,236,Stage 3,Stage 3,0.0008561893052449424,0.4939182886693234
46,237,Stage 3,Stage 3,5.4907713432277036e-05,0.8217025999432604
46,238,Stage 3,Stage 3,8.880019360113886e-06,0.6734637676351021
46,239,Stage 3,Stage 3,1.7223801796769771e-06,0.5659042770280419
46,240,Stage 3,Stage 2,5.444398988949443e-05,0.4830194621331372
46,241,Stage 3,Stage 3,0.0025710985469728537,0.364383758787506
46,242,Stage 3,Stage 3,2.62311527921513e-06,0.6766935948545698
46,243,Stage 3,Stage 3,3.6539680680289976e-07,0.792434820184218
46,244,Stage 3,Stage 2,6.871716679506693e-05,0.5169594214942299
46,245,Stage 3,Stage 3,2.1028709605712533e-06,0.771178788203376
46,246,Stage 3,Stage 3,3.581853665111903e-08,0.6939352604024479
46,247,Stage 3,Stage 3,2.496515978956022e-06,0.6944593045021126
46,248,Stage 3,Stage 3,9.274641314749348e-08,0.5746565677218254
46,249,Stage 3,Stage 3,1.0858645124312441e-07,0.8590689869784143
46,250,Stage 3,Stage 3,3.967317279763922e-08,0.6302960750680705
46,251,Stage 3,Stage 3,3.344791328234999e-08,0.6981305784740617
46,252,Stage 3,Stage 3,1.7332759273393155e-08,0.708244564415567
46,253,Stage 3,Stage 3,1.4580658252516995e-09,0.6132260330905953
46,254,Stage 3,Stage 3,1.921951263376913e-08,0.5664411330609491
46,255,Stage 3,Stage 3,5.000525678716434e-09,0.6129896921940743
46,256,Stage 3,Stage 3,3.788689912006108e-11,0.7100622733048408
47,1,Stage 1,Stage 1,0.040332214229442574,0.9596030564829
47,2,Stage 1,Stage 1,0.08912142868761833,0.9105773603419998
47,3,Stage 1,Stage 1,0.00185135995447133,0.9981484571280957
47,4,Stage 1,Stage 1,0.00031790933845742984,0.9996820840863542
47,5,Stage 1,Stage 1,0.012169228074282402,0.9878250400956081
47,6,Stage 1,Stage 1,0.014245874354347935,0.9857464185974655
47,7,Stage 1,Stage 1,0.05218868549413109,0.9477120390958225
47,8,Stage 1,Stage 1,0.009004213248946766,0.990992758471903
47,9,Stage 1,Stage 1,0.014623032242005762,0.9853692262593846
47,10,Stage 1,Stage 1,0.02775814253945854,0.9722147184485113
47,11,Stage 1,Stage 1,0.06907308422776327,0.9307795538486682
47,12,Stage 1,Stage 1,0.2037114197298818,0.7948669688669984
47,13,Stage 1,Stage 1,0.11197508190058929,0.8876040257116127
47,14,Stage 1,Stage 1,0.01905000309332114,0.9809368607233073
47,15,Stage 1,Stage 1,0.024200950918791833,0.9757777182214292
47,16,Stage 1,Stage 1,0.05752283349217017,0.9423712087489431
47,17,Stage 1,Stage 1,0.0007801134104444036,0.9992198502558037
47,18,Stage 1,Stage 1,0.013249028475862077,0.9867422622083557
47,19,Stage 1,Stage 1,0.039003999295117435,0.9609432823724435
47,20,Stage 1,Stage 1,0.09862175483011842,0.9010383631285909
47,21,Stage 1,Stage 1,0.013782603834558553,0.9862084965647009
47,22,Stage 1,Stage 1,0.034869626229763896,0.9650900620917008
47,23,Stage 1,Stage 1,0.15503266162784504,0.8440724909645292
47,24,Stage 1,Stage 1,0.05944247500186246,0.9404414388925041
47,25,Stage 1,Stage 1,0.044600876998101294,0.9553368459841897
47,26,Stage 1,Stage 1,0.07336561976300185,0.9264448272904006
47,27,Stage 1,Stage 1,0.0022070734501905783,0.9977926753662317
47,28,Stage 1,Stage 1,0.12755983219355682,0.8718766167151365
47,29,Stage 1,Stage 1,0.008680873457291105,0.9913160652187808
47,30,Stage 1,Stage 1,0.006651926590280282,0.9933463499923479
47,31,Stage 1,Stage 1,0.021839765134887824,0.9781436504849522
47,32,Stage 1,Stage 1,0.13862484390764893,0.860710361043387
47,33,Stage 1,Stage 1,0.11373984939606124,0.8857416575934176
47,34,Stage 1,Stage 1,0.03665604413696282,0.9632875087874455
47,35,Stage 1,Stage 1,0.10708479397998064,0.8924771851384165
47,36,Stage 1,Stage 1,0.002934495189015147,0.9970650534791986
47,37,Stage 1,Stage 1,0.011006568829650858,0.9889881282235624
47,38,Stage 1,Stage 1,0.0174159068469354,0.982573054740866
47,39,Stage 1,Stage 1,0.05479822772743899,0.9451085868957901
47,40,Stage 1,Stage 1,0.05831074897378586,0.9415757668958628
47,41,Stage 1,Stage 1,0.007238418904023157,0.9927593310929475
47,42,Stage 1,Stage 1,0.15946807932439513,0.8396786128862653
47,43,Stage 1,Stage 1,0.036771346916604414,0.963172393441435
47,44,Stage 1,Stage 1,0.009977863148318519,0.9900176351080477
47,45,Stage 1,Stage 1,0.07315111305472151,0.9266580510694695
47,46,Stage 1,Stage 1,0.17480843334071094,0.824157428991974
47,47,Stage 1,Stage 1,0.011610832742875403,0.9883841988099163
47,48,Stage 1,Stage 1,0.03473850130368756,0.9652184806527017
47,49,Stage 1,Stage 1,0.01479657713353761,0.985193375056477
47,50,Stage 1,Stage 1,0.04387362173123227,0.956068711921542
47,51,Stage 1,Stage 1,0.11162206446310773,0.8880081021380083
47,52,Stage 1,Stage 1,0.1844469405791216,0.8143723107774945
47,53,Stage 1,Stage 1,0.08197231040955215,0.9178126117670785
47,54,Stage 1,Stage 1,0.41822148322901265,0.5762757160535051
47,55,Stage 1,Stage 1,0.15655097856660852,0.8427613518417965
47,56,Stage 1,Stage 1,0.0022190981061946755,0.9977806397459646
47,57,Stage 1,Stage 1,0.1011295654488624,0.8985302391510788
47,58,Stage 1,Stage 1,0.2651055684890243,0.7326707716597154
47,59,Stage 1,Stage 1,0.023635942729154764,0.9763431462803945
47,60,Stage 1,Stage 1,0.02154790106560887,0.9784372378522251
47,61,Stage 1,Stage 1,0.03887854043138704,0.9610656436370865
47,62,Stage 1,Stage 1,0.041863923096184176,0.9580772863104222
47,63,Stage 1,Stage 4,0.6100726147890497,0.6100726147890497
47,64,Stage 1,Stage 1,0.04676393992245676,0.953165733671342
47,65,Stage 1,Stage 1,0.2368598912876261,0.7613216272784701
47,66,Stage 1,Stage 1,0.03531617971360302,0.9646405551436393
47,67,Stage 1,Stage 1,0.12989136889719702,0.8695693772578424
47,68,Stage 1,Stage 1,0.015233347464034578,0.9847581809361826
47,69,Stage 1,Stage 1,0.20323713360861528,0.7956078015134402
47,70,Stage 1,Stage 1,0.1447272417139212,0.8544999951089987
47,71,Stage 1,Stage 1,0.004701276428493546,0.9952977846550632
47,72,Stage 1,Stage 1,0.20584150318703487,0.7926424304733957
47,73,Stage 1,Stage 1,0.3507539776083937,0.6445573275449857
47,74,Stage 1,Stage 1,0.013654942450197834,0.9863388601779647
47,75,Stage 1,Stage 1,0.0690083879236493,0.9307987554584257
47,76,Stage 1,Stage 1,0.1376273968292502,0.8617088940611909
47,77,Stage 1,Stage 1,0.07194675955719493,0.9278942919241083
47,78,Stage 1,Stage 1,0.4611433684503025,0.5291004047570044
47,79,Stage 1,Stage 1,0.07217565588797391,0.9276317553427728
47,80,Stage 1,Stage 1,0.027801690569203983,0.9721668823728341
47,81,Stage 1,Stage 1,0.008339107312670064,0.991657788851947
47,82,Stage 1,Stage 1,0.17314939261348564,0.8257823795229555
47,83,Stage 1,Stage 1,0.005369204198860681,0.9946294712966871
47,84,Stage 1,Stage 1,0.31838455035438085,0.67826496181266
47,85,Stage 1,Stage 1,0.06073597771911446,0.9391293568639044
47,86,Stage 1,Stage 1,0.04686066413855462,0.9530582785767141
47,87,Stage 1,Stage 1,0.04028701169778067,0.9596551495197122
47,88,Stage 1,Stage 1,0.04462368648338329,0.9552923823478809
47,89,Stage 1,Stage 1,0.34795492273393885,0.6465372188014324
47,90,Stage 1,Stage 1,0.1340393923655712,0.8653349119251403
47,91,Stage 1,Stage 1,0.18364364375136955,0.8151375389475782
47,92,Stage 1,Stage 1,0.18390809531574903,0.8151379016928353
47,93,Stage 1,Stage 1,0.33348015844023476,0.6625023985309642
47,94,Stage 1,Stage 1,0.4033215902427286,0.5902668189467194
47,95,Stage 1,Stage 1,0.46341025441616973,0.5289144889438329
47,96,Stage 1,Stage 1,0.11000533272352808,0.8896060392877688
47,97,Stage 1,Stage 1,0.13744648878244298,0.8619159410016212
47,98,Stage 1,Stage 1,0.08294596496504414,0.9168817681329524
47,99,Stage 1,Stage 1,0.4521896441432647,0.538294601440332
47,100,Stage 1,Stage 1,0.22933929336619785,0.7689669877007436
47,101,Stage 1,Stage 1,0.09991628154067836,0.8997864619521221
47,102,Stage 1,Stage 1,0.34062590850869723,0.6545138162217289
47,103,Stage 4,Stage 4,0.7667862551553063,0.7667862551553063
47,104,Stage 1,Stage 1,0.29168505512681064,0.7053721182155848
47,105,Stage 4,Stage 4,0.7906565950906548,0.7906565950906548
47,106,Stage 1,Stage 1,0.44530409433583557,0.5459425543216968
47,107,Stage 1,Stage 1,0.08483054837121119,0.9149136656476217
47,108,Stage 1,Stage 1,0.17511810297965555,0.8237248312187502
47,109,Stage 4,Stage 4,0.5342753452088302,0.5342753452088302
47,110,Stage 1,Stage 1,0.34383124955519734,0.6515361468939799
47,111,Stage 4,Stage 4,0.7738143452889923,0.7738143452889923
47,112,Stage 1,Stage 1,0.2030898295661545,0.7956147470606959
47,113,Stage 1,Stage 1,0.42632261540925454,0.5663585562178372
47,114,Stage 4,Stage 1,0.477776611023441,0.5111300132681496
47,115,Stage 1,Stage 4,0.4951314833104029,0.4951314833104029
47,116,Stage 4,Stage 1,0.2971173819969929,0.6993369467786161
47,117,Stage 1,Stage 4,0.7078986026222123,0.7078986026222123
47,118,Stage 1,Stage 1,0.016106795430336246,0.9838829352928098
47,119,Stage 1,Stage 1,0.2409782589136718,0.7570067633512859
47,120,Stage 4,Stage 4,0.5785147786240016,0.5785147786240016
47,121,Stage 1,Stage 1,0.35111140644084804,0.6441747980713073
47,122,Stage 1,Stage 1,0.1366258780984282,0.8628124287239131
47,123,Stage 4,Stage 1,0.2534018567795772,0.7441954123372737
47,124,Stage 4,Stage 4,0.6763215318752382,0.6763215318752382
47,125,Stage 4,Stage 4,0.741712997906992,0.741712997906992
47,126,Stage 4,Stage 4,0.7466036791230186,0.7466036791230186
47,127,Stage 1,Stage 4,0.514060190171015,0.514060190171015
47,128,Stage 4,Stage 4,0.5024391461209572,0.5024391461209572
47,129,Stage 4,Stage 4,0.7011615693111501,0.7011615693111501
47,130,Stage 4,Stage 4,0.6417863969466976,0.6417863969466976
47,131,Stage 4,Stage 4,0.7782476280430753,0.7782476280430753
47,132,Stage 4,Stage 4,0.7716453119286523,0.7716453119286523
47,133,Stage 4,Stage 1,0.4594175630325278,0.530963092932604
47,134,Stage 1,Stage 1,0.40321801748152786,0.5897759819895544
47,135,Stage 4,Stage 1,0.20179925404664056,0.7968208863371729
47,136,Stage 4,Stage 4,0.7789939825624252,0.7789939825624252
47,137,Stage 4,Stage 4,0.7976756961959338,0.7976756961959338
47,138,Stage 4,Stage 4,0.7446926970467589,0.7446926970467589
47,139,Stage 4,Stage 4,0.7795327555334838,0.7795327555334838
47,140,Stage 4,Stage 4,0.7659964527567171,0.7659964527567171
47,141,Stage 4,Stage 4,0.7134921845130522,0.7134921845130522
47,142,Stage 4,Stage 4,0.7842571330060812,0.7842571330060812
47,143,Stage 4,Stage 4,0.7912061647113744,0.7912061647113744
47,144,Stage 4,Stage 1,0.4653424486032701,0.5263623123359005
47,145,Stage 4,Stage 1,0.4747871240206081,0.5154439500501539
47,146,Stage 4,Stage 4,0.7868453196450766,0.7868453196450766
47,147,Stage 4,Stage 4,0.7331148727530526,0.7331148727530526
47,148,Stage 4,Stage 4,0.7637107363466583,0.7637107363466583
47,149,Stage 4,Stage 4,0.7067220393335885,0.7067220393335885
47,150,Stage 4,Stage 4,0.7763164992457738,0.7763164992457738
47,151,Stage 4,Stage 4,0.767466717687523,0.767466717687523
47,152,Stage 4,Stage 4,0.7254769019396484,0.7254769019396484
47,153,Stage 4,Stage 4,0.5763686265347746,0.5763686265347746
47,154,Stage 0,Stage 0,0.3543121471662707,0.606999204672477
47,155,Stage 4,Stage 4,0.530031929058543,0.530031929058543
47,156,Stage 4,Stage 4,0.6660261992139616,0.6660261992139616
47,157,Stage 4,Stage 4,0.6835484289903679,0.6835484289903679
47,158,Stage 0,Stage 0,0.059967276887551574,0.7159860755046134
47,159,Stage 4,Stage 4,0.621785756690327,0.621785756690327
47,160,Stage 4,Stage 4,0.6555112455119985,0.6555112455119985
47,161,Stage 4,Stage 4,0.7861583592585077,0.7861583592585077
47,162,Stage 0,Stage 0,0.05032161958148739,0.7232652033277797
47,163,Stage 0,Stage 4,0.721404156760997,0.721404156760997
47,164,Stage 0,Stage 0,0.018499564326820064,0.5354001155923488
47,165,Stage 0,Stage 0,0.2468276421141894,0.6834141053085878
47,166,Stage 0,Stage 0,0.2619137410946108,0.6916576116792685
47,167,Stage 0,Stage 0,0.31112829556251614,0.6440615886568769
47,168,Stage 4,Stage 4,0.49417646838144363,0.49417646838144363
47,169,Stage 0,Stage 0,0.09704638504005127,0.7732493515276496
47,170,Stage 0,Stage 0,0.06673673736825665,0.7401810760825902
47,171,Stage 0,Stage 0,0.06606893660263448,0.7527704927163563
47,172,Stage 0,Stage 0,0.2136116625315785,0.6836412452952703
47,173,Stage 0,Stage 0,0.13073747460825008,0.7749674454137938
47,174,Stage 0,Stage 0,0.06751893816334943,0.7030278380905922
47,175,Stage 0,Stage 0,0.09110867689185749,0.6757255954811179
47,176,Stage 0,Stage 0,0.07369814113056125,0.6835238672178707
47,177,Stage 0,Stage 0,0.25692343819781016,0.7000749496821684
47,178,Stage 0,Stage 0,0.01964795030299954,0.5780444133520585
47,179,Stage 0,Stage 0,0.16820576309047908,0.7620724795010992
47,180,Stage 0,Stage 0,0.01475769411348874,0.5544431818536939
47,181,Stage 0,Stage 0,0.04934812361930554,0.6265691395028603
47,182,Stage 0,Stage 0,0.15636978832813545,0.7464564045519553
47,183,Stage 0,Stage 2,0.007685308756027968,0.4751651139836793
47,184,Stage 0,Stage 0,0.020852134911953833,0.5760860239956186
47,185,Stage 0,Stage 0,0.011695730329350031,0.5026168669555431
47,186,Stage 0,Stage 2,0.004839270266662069,0.551699472364145
47,187,Stage 0,Stage 0,0.03590788828380466,0.671920311941242
47,188,Stage 0,Stage 2,0.00219019293220921,0.4797342001354783
47,189,Stage 0,Stage 2,0.006510621231277796,0.5125913983540271
47,190,Stage 0,Stage 0,0.027495681090030435,0.6535172893492986
47,191,Stage 0,Stage 0,0.047360188124523445,0.7328872289499396
47,192,Stage 2,Stage 3,0.00023862959449619115,0.5533404624750254
47,193,Stage 2,Stage 2,0.002019253220929343,0.6353697317901338
47,194,Stage 2,Stage 3,1.7295741664329963e-06,0.6140578814076024
47,195,Stage 2,Stage 2,0.0011611277544526994,0.5628532348753292
47,196,Stage 2,Stage 2,0.00015612502802858207,0.6001803906881531
47,197,Stage 2,Stage 3,0.0018725248344771755,0.3650798689480389
47,198,Stage 2,Stage 3,9.203674347960556e-05,0.5113497802505377
47,199,Stage 2,Stage 3,9.798900934524634e-06,0.5190918122853171
47,200,Stage 2,Stage 3,3.6050150677578754e-06,0.6740858498638613
47,201,Stage 2,Stage 2,6.753821818428241e-05,0.5131586707101685
47,202,Stage 2,Stage 2,3.541015556860868e-05,0.49587749959913713
47,203,Stage 2,Stage 2,3.439248957272535e-05,0.5890375282531254
47,204,Stage 3,Stage 3,2.4002727542827106e-07,0.5117801043949415
47,205,Stage 2,Stage 2,3.370380161385527e-06,0.6064861716324638
47,206,Stage 2,Stage 2,5.5362242385179144e-05,0.6201290033299781
47,207,Stage 3,Stage 3,7.126739646579574e-07,0.6064431669305019
47,208,Stage 2,Stage 3,2.4443002855194017e-08,0.8172967821631958
47,209,Stage 2,Stage 2,7.6099707971951266e-06,0.5754293116205045
47,210,Stage 2,Stage 3,7.014677586424281e-07,0.6746413539301085
47,211,Stage 3,Stage 3,4.405015631299244e-07,0.5662859015818498
47,212,Stage 2,Stage 2,9.092604998185949e-06,0.6406762220439257
47,213,Stage 2,Stage 3,8.523812544137439e-08,0.5526878837270682
47,214,Stage 3,Stage 3,2.000716266610889e-09,0.7326826737487503
62,1,Stage 4,Stage 0,0.43996147024379434,0.5266217287049844
62,2,Stage 4,Stage 0,0.35426920237050047,0.6184897726962989
62,3,Stage 4,Stage 4,0.5767789953203672,0.5767789953203672
62,4,Stage 4,Stage 4,0.63847638582003,0.63847638582003
62,5,Stage 4,Stage 4,0.7758866476076614,0.7758866476076614
62,6,Stage 4,Stage 4,0.7220761652043626,0.7220761652043626
62,7,Stage 4,Stage 4,0.6786733567092798,0.6786733567092798
62,8,Stage 4,Stage 0,0.4447613301163205,0.5393137367509544
62,9,Stage 4,Stage 4,0.7868451246883639,0.7868451246883639
62,10,Stage 0,Stage 0,0.28618476704043855,0.6865125975125423
62,11,Stage 0,Stage 0,0.07015964420518427,0.7349843230029368
62,12,Stage 4,Stage 0,0.46088898875082046,0.5196536139302272
62,13,Stage 0,Stage 0,0.05679039753182451,0.7039697446290223
62,14,Stage 4,Stage 4,0.7187247323821649,0.7187247323821649
62,15,Stage 0,Stage 0,0.43189044129853177,0.5469322660014883
62,16,Stage 0,Stage 0,0.34946878557470357,0.609939290477258
62,17,Stage 4,Stage 4,0.7318942538587624,0.7318942538587624
62,18,Stage 0,Stage 0,0.3162755461389186,0.637893438132684
62,19,Stage 4,Stage 0,0.38934333839536145,0.5889254815352797
62,20,Stage 0,Stage 0,0.1400966214635222,0.7347803951021571
62,21,Stage 0,Stage 4,0.6010243609153464,0.6010243609153464
62,22,Stage 4,Stage 4,0.7673435525753437,0.7673435525753437
62,23,Stage 4,Stage 4,0.6922090259093427,0.6922090259093427
62,24,Stage 0,Stage 0,0.3198739339156081,0.6347849909445493
62,25,Stage 4,Stage 4,0.5121496114595308,0.5121496114595308
62,26,Stage 0,Stage 0,0.485896411743645,0.4880109819975688
62,27,Stage 0,Stage 0,0.22977387045477066,0.700926926724787
62,28,Stage 4,Stage 4,0.7863662661537504,0.7863662661537504
62,29,Stage 0,Stage 4,0.5911178094577091,0.5911178094577091
62,30,Stage 4,Stage 4,0.5695704393947664,0.5695704393947664
62,31,Stage 0,Stage 0,0.20367295074451125,0.7126699195214916
62,32,Stage 4,Stage 0,0.4701192493709793,0.507808967003053
62,33,Stage 4,Stage 4,0.5958194956748953,0.5958194956748953
62,34,Stage 0,Stage 4,0.5947553860556367,0.5947553860556367
62,35,Stage 4,Stage 0,0.16207504455899827,0.7595228673799321
62,36,Stage 4,Stage 4,0.7754627163902683,0.7754627163902683
62,37,Stage 0,Stage 0,0.4641311912775404,0.5164277684090834
62,38,Stage 0,Stage 0,0.07349237274587236,0.7839595099595105
62,39,Stage 0,Stage 0,0.04727320756351934,0.7009505619316933
62,40,Stage 0,Stage 0,0.2739154813693577,0.6731072192365424
62,41,Stage 4,Stage 4,0.5257720658303751,0.5257720658303751
62,42,Stage 4,Stage 4,0.693417040948159,0.693417040948159
62,43,Stage 0,Stage 0,0.20033626077096212,0.7066153996064918
62,44,Stage 4,Stage 4,0.5417335051326055,0.5417335051326055
62,45,Stage 4,Stage 4,0.6936110829118582,0.6936110829118582
62,46,Stage 0,Stage 0,0.18202544017246367,0.7383441111538407
62,47,Stage 0,Stage 0,0.30408685777481315,0.6553204380250619
62,48,Stage 4,Stage 4,0.6256669411471066,0.6256669411471066
62,49,Stage 4,Stage 0,0.1295377828603335,0.7162757538493049
62,50,Stage 4,Stage 4,0.5211098746098918,0.5211098746098918
62,51,Stage 0,Stage 4,0.5143784539789408,0.5143784539789408
62,52,Stage 4,Stage 0,0.24229541418253153,0.7048653286548572
62,53,Stage 0,Stage 4,0.6540908160812097,0.6540908160812097
62,54,Stage 0,Stage 0,0.46101575468618483,0.5197151959841732
62,55,Stage 0,Stage 0,0.13428917836433507,0.7495416562525696
62,56,Stage 0,Stage 0,0.3421661332788983,0.6186427073091196
62,57,Stage 0,Stage 0,0.26826905607257406,0.6894913390220223
62,58,Stage 0,Stage 0,0.05014787651653272,0.6323722921025435
62,59,Stage 0,Stage 0,0.14638756311697718,0.7420682836967197
62,60,Stage 0,Stage 4,0.8002030362625753,0.8002030362625753
62,61,Stage 0,Stage 0,0.17357139606264443,0.7511971481738753
62,62,Stage 0,Stage 4,0.5883756052563256,0.5883756052563256
62,63,Stage 0,Stage 0,0.1089237747785632,0.7751792188695642
62,64,Stage 0,Stage 0,0.2394321661040789,0.7093551924563882
62,65,Stage 0,Stage 0,0.34530980772191233,0.6211190474636473
62,66,Stage 0,Stage 0,0.14778951357792713,0.7467763365759583
62,67,Stage 0,Stage 0,0.06997619207357354,0.6113328305322269
62,68,Stage 4,Stage 0,0.46828248060140787,0.5116361599387399
62,69,Stage 0,Stage 0,0.11663574588548338,0.7733638244685984
62,70,Stage 0,Stage 0,0.44761921545513017,0.5349839846810033
62,71,Stage 4,Stage 0,0.20101643039750122,0.7300766580999511
62,72,Stage 0,Stage 0,0.05924272312526857,0.677234817815196
62,73,Stage 0,Stage 0,0.34534709974043787,0.6282823958300123
62,74,Stage 0,Stage 0,0.1654957646420567,0.7426355405089519
62,75,Stage 0,Stage 0,0.24171994068869931,0.6658983159100136
62,76,Stage 0,Stage 0,0.15374552426271654,0.7340160593973368
62,77,Stage 0,Stage 0,0.4069068951714008,0.5333685208779589
62,78,Stage 0,Stage 0,0.20729158128588607,0.6879856023619955
62,79,Stage 0,Stage 0,0.2476851519637167,0.6897242344108067
62,80,Stage 0,Stage 0,0.04792974197239148,0.6697617939219191
62,81,Stage 0,Stage 0,0.2986905417990858,0.6504031854180685
62,82,Stage 0,Stage 0,0.16752198342158012,0.7571122325969752
62,83,Stage 0,Stage 0,0.4896101741643221,0.4925295378609805
62,84,Stage 0,Stage 0,0.4091221853248008,0.5615543058839628
62,85,Stage 0,Stage 0,0.2669106956587583,0.6696010630357903
62,86,Stage 0,Stage 0,0.14175631127185048,0.7660303444037277
62,87,Stage 0,Stage 2,0.003417359966490438,0.48659625519045946
62,88,Stage 0,Stage 4,0.6612670551047021,0.6612670551047021
62,89,Stage 0,Stage 0,0.10765428720389843,0.7735449778263987
62,90,Stage 0,Stage 0,0.19579224136182535,0.7472297247694325
62,91,Stage 0,Stage 0,0.09039182044162448,0.7526513759258066
62,92,Stage 0,Stage 0,0.055933349891142396,0.6828058432445476
62,93,Stage 0,Stage 0,0.1255296716024479,0.7864345026002504
62,94,Stage 0,Stage 4,0.5209516619598091,0.5209516619598091
62,95,Stage 0,Stage 0,0.2636118298644791,0.6819729506582913
62,96,Stage 0,Stage 0,0.07371377088534091,0.7278029744097269
62,97,Stage 0,Stage 0,0.025963221179656472,0.6532357355465018
62,98,Stage 0,Stage 0,0.20250832144959915,0.7356932727073288
62,99,Stage 0,Stage 0,0.06783179732111462,0.7501031959883073
62,100,Stage 0,Stage 0,0.16021961286027364,0.7532979925877343
62,101,Stage 0,Stage 0,0.12043036044583552,0.7093185060555397
62,102,Stage 0,Stage 0,0.3047269100344875,0.6524461812202963
62,103,Stage 0,Stage 2,0.017294088847538348,0.5340799936711752
62,104,Stage 0,Stage 0,0.046257434021291094,0.7033296728531377
62,105,Stage 0,Stage 0,0.10121409913435486,0.7757518961987682
62,106,Stage 0,Stage 0,0.09094010501629454,0.7577866064764609
62,107,Stage 0,Stage 0,0.22791989173830957,0.6990905596560179
62,108,Stage 0,Stage 0,0.12857214135464123,0.7840611756225095
62,109,Stage 0,Stage 0,0.02564551367528628,0.56845310987662
62,110,Stage 0,Stage 2,0.0026509846230665293,0.5487034830300578
62,111,Stage 0,Stage 0,0.025263882234990792,0.5357922864342824
62,112,Stage 0,Stage 0,0.03281931244423574,0.7074306764750153
62,113,Stage 0,Stage 0,0.01370354884400211,0.5382340811803344
62,114,Stage 0,Stage 0,0.010883282887177208,0.48315670283220924
62,115,Stage 0,Stage 0,0.05330345285649182,0.7603362023967057
62,116,Stage 0,Stage 0,0.01599724709985175,0.5185266335715076
62,117,Stage 0,Stage 0,0.01952992330648356,0.6102919961818074
62,118,Stage 0,Stage 0,0.013900605116731284,0.5150818925359215
62,119,Stage 0,Stage 0,0.007818526448838667,0.457694982068461
62,120,Stage 0,Stage 0,0.007944928330228022,0.47818470528477625
62,121,Stage 0,Stage 0,0.016996711027917024,0.5584824454895366
62,122,Stage 0,Stage 0,0.03007294638912997,0.6226693470923245
62,123,Stage 0,Stage 0,0.28513954413460124,0.6619730492408197
62,124,Stage 0,Stage 0,0.00865199181828742,0.44120229214346796
62,125,Stage 0,Stage 2,0.0018807216829003026,0.47589417116518273
62,126,Stage 3,Stage 2,0.002223906073146514,0.6304808905886333
62,127,Stage 0,Stage 2,0.0007732331648088753,0.5284131164405078
62,128,Stage 3,Stage 2,0.00020562195357067152,0.4922380987931205
62,129,Stage 0,Stage 0,0.010831599414295796,0.46768764941281377
62,130,Stage 0,Stage 0,0.02669889575803061,0.66198823800174
62,131,Stage 0,Stage 2,0.0004698780271382524,0.43971580228041096
62,132,Stage 0,Stage 0,0.06984278205062831,0.7684477329642522
62,133,Stage 0,Stage 0,0.008199764993341113,0.43404228072920337
62,134,Stage 3,Stage 0,0.01030186317918872,0.5290184202441508
62,135,Stage 0,Stage 3,0.003127938487510113,0.4336374400508047
62,136,Stage 0,Stage 0,0.008207971785079473,0.504618425413147
62,137,Stage 0,Stage 0,0.04428312495892261,0.717212288576811
62,138,Stage 3,Stage 2,0.0003053993040833378,0.4577650219047418
62,139,Stage 3,Stage 0,0.004701538719662191,0.3998069819207869
62,140,Stage 0,Stage 0,0.008972446842395496,0.45735779618223815
62,141,Stage 0,Stage 0,0.008621388685381835,0.43209345997440174
62,142,Stage 0,Stage 0,0.006297734157579148,0.4284195269143085
62,143,Stage 3,Stage 2,3.01896414749363e-05,0.5025954336433859
62,144,Stage 0,Stage 0,0.019963947102455065,0.5961229305592849
62,145,Stage 3,Stage 3,0.0006899253499276433,0.4560835841940655
62,146,Stage 3,Stage 2,0.000367260627853219,0.4550992845103441
62,147,Stage 3,Stage 3,7.128923260034375e-05,0.6598857261429497
62,148,Stage 3,Stage 3,0.0003869571514928721,0.5002513009182179
62,149,Stage 3,Stage 0,0.005163163725546948,0.40979234063516473
62,150,Stage 3,Stage 2,0.00012289849672952673,0.6114988128486527
62,151,Stage 3,Stage 2,0.00022068082521493228,0.4587828576860607
62,152,Stage 3,Stage 3,9.54114849559545e-05,0.5415883721800532
62,153,Stage 3,Stage 3,2.291738564350873e-05,0.6081202612656318
62,154,Stage 3,Stage 3,6.32359399255997e-05,0.5795041674758803
62,155,Stage 3,Stage 3,6.446012381010186e-05,0.48949468796607926
62,156,Stage 3,Stage 3,2.7178446926060565e-05,0.4886351284993591
62,157,Stage 3,Stage 3,3.162235731306596e-05,0.6484413210107832
62,158,Stage 3,Stage 3,5.6643373770434585e-05,0.5843518464939921
62,159,Stage 3,Stage 3,9.580429058873804e-06,0.7772696827513976
62,160,Stage 3,Stage 2,3.0365320198339203e-07,0.5022300429387698
62,161,Stage 3,Stage 3,7.716759316267256e-05,0.5373295363196424
62,162,Stage 3,Stage 3,0.0003372277505802782,0.5016384721858441
62,163,Stage 3,Stage 3,1.7485201263260457e-06,0.6663805333207883
62,164,Stage 3,Stage 3,2.6596087932803093e-08,0.7165525668980707
62,165,Stage 3,Stage 3,2.093239739388856e-05,0.6707601398907422
62,166,Stage 3,Stage 3,1.4106755694304049e-07,0.6891823573483421
62,167,Stage 3,Stage 3,5.641973732353545e-07,0.8321857775859229
62,168,Stage 3,Stage 3,2.750871825428891e-06,0.818002987189667
62,169,Stage 3,Stage 3,9.060903190379559e-06,0.7314819040831834
62,170,Stage 3,Stage 3,2.587997835269172e-08,0.6169431293192926
62,171,Stage 3,Stage 3,5.853952221919692e-07,0.5589324382294004
62,172,Stage 3,Stage 3,1.1866518221855383e-07,0.7685957849324276
62,173,Stage 3,Stage 3,1.9354309536242694e-08,0.634649661828213
62,174,Stage 3,Stage 3,8.344491705812907e-08,0.8280039673302462
62,175,Stage 3,Stage 3,2.9448354993128333e-08,0.7511042492904609
62,176,Stage 3,Stage 3,2.895293861101202e-07,0.5546172627177328
62,177,Stage 3,Stage 3,2.676580512963696e-07,0.7391158345508397
62,178,Stage 3,Stage 3,1.6106233583686953e-06,0.7739840075458773
62,179,Stage 3,Stage 3,4.7050782986870595e-08,0.7494525912858805
62,180,Stage 3,Stage 3,3.574494152511896e-08,0.770799897093966
72,1,Stage 4,Stage 1,0.33600679689232404,0.6596341016401163
72,2,Stage 4,Stage 4,0.6551080115155533,0.6551080115155533
72,3,Stage 4,Stage 4,0.6512552204829964,0.6512552204829964
72,4,Stage 1,Stage 1,0.20297705550594708,0.7958269769210214
72,5,Stage 1,Stage 4,0.6917917569795446,0.6917917569795446
72,6,Stage 4,Stage 1,0.43432365622194313,0.557910768431392
72,7,Stage 4,Stage 4,0.5178716555996887,0.5178716555996887
72,8,Stage 4,Stage 4,0.5925260706235834,0.5925260706235834
72,9,Stage 1,Stage 1,0.25189196475404935,0.7462395925990265
72,10,Stage 4,Stage 4,0.4988932065150228,0.4988932065150228
72,11,Stage 1,Stage 1,0.4446437652392977,0.5473367885977553
72,12,Stage 4,Stage 1,0.47330817552417936,0.5160656649749596
72,13,Stage 4,Stage 4,0.5049974735682715,0.5049974735682715
72,14,Stage 1,Stage 1,0.26054214848349383,0.7370518164172751
72,15,Stage 1,Stage 1,0.2739625739535599,0.72332057703199
72,16,Stage 1,Stage 1,0.2066389211679628,0.7919286516143923
72,17,Stage 4,Stage 1,0.4890621461863239,0.5002108816558755
72,18,Stage 1,Stage 1,0.2795010716114935,0.7180468029104813
72,19,Stage 1,Stage 1,0.34502276385795705,0.6505096215291066
72,20,Stage 4,Stage 4,0.6433010550797789,0.6433010550797789
72,21,Stage 4,Stage 4,0.7298459177504177,0.7298459177504177
72,22,Stage 4,Stage 1,0.3211226200251149,0.6753574522431881
72,23,Stage 1,Stage 1,0.2376505863960309,0.7607853865624494
72,24,Stage 4,Stage 4,0.7135130419208572,0.7135130419208572
72,25,Stage 1,Stage 1,0.13691451166478075,0.8624474272649195
72,26,Stage 4,Stage 1,0.28170177736572927,0.715987557759572
72,27,Stage 1,Stage 1,0.013800054273070022,0.9861922052356841
72,28,Stage 1,Stage 1,0.44787585122529744,0.5432930175986309
72,29,Stage 4,Stage 4,0.7787969167707501,0.7787969167707501
72,30,Stage 4,Stage 1,0.05859271756339714,0.9412807364435469
72,31,Stage 4,Stage 1,0.409189792974914,0.5840768682300459
72,32,Stage 1,Stage 1,0.16369566332034727,0.8354984489977069
72,33,Stage 4,Stage 1,0.2803914255670039,0.7167356054535359
72,34,Stage 1,Stage 1,0.10512257829935234,0.8945348975731721
72,35,Stage 1,Stage 1,0.09368920013649573,0.905993579814764
72,36,Stage 4,Stage 1,0.10892262101037335,0.8906787478400956
72,37,Stage 4,Stage 4,0.5588572399416203,0.5588572399416203
72,38,Stage 1,Stage 1,0.1886824366152842,0.8100941524044045
72,39,Stage 1,Stage 1,0.24307557835762583,0.754737940877368
72,40,Stage 1,Stage 4,0.5341014474693607,0.5341014474693607
72,41,Stage 1,Stage 4,0.7018658768057218,0.7018658768057218
72,42,Stage 4,Stage 4,0.5120752955611992,0.5120752955611992
72,43,Stage 1,Stage 1,0.4768140201377045,0.5131272308681524
72,44,Stage 4,Stage 1,0.41544005158641517,0.5785055192214422
72,45,Stage 4,Stage 4,0.778779797195912,0.778779797195912
72,46,Stage 4,Stage 4,0.6729663880940739,0.6729663880940739
72,47,Stage 1,Stage 1,0.48795103659492156,0.5016747145306508
72,48,Stage 4,Stage 1,0.30996068310033814,0.6863190301242305
72,49,Stage 4,Stage 4,0.7393027438097279,0.7393027438097279
72,50,Stage 1,Stage 1,0.48930078111182534,0.499658862807068
72,51,Stage 1,Stage 4,0.506023462288741,0.506023462288741
72,52,Stage 4,Stage 4,0.6956398773311384,0.6956398773311384
72,53,Stage 4,Stage 1,0.17808633878331165,0.8208424507908334
72,54,Stage 4,Stage 4,0.769493518476987,0.769493518476987
72,55,Stage 4,Stage 4,0.5393418576462403,0.5393418576462403
72,56,Stage 4,Stage 1,0.49310792700011635,0.49736177134496207
72,57,Stage 4,Stage 4,0.731025523343843,0.731025523343843
72,58,Stage 1,Stage 1,0.1549869100235584,0.8442958709123665
72,59,Stage 4,Stage 4,0.7610646075197625,0.7610646075197625
72,60,Stage 4,Stage 4,0.7306551424993875,0.7306551424993875
72,61,Stage 4,Stage 1,0.2529694926444261,0.7449717170659161
72,62,Stage 4,Stage 4,0.5791214321950641,0.5791214321950641
72,63,Stage 1,Stage 1,0.24341475056163353,0.7544129351129019
72,64,Stage 1,Stage 1,0.1684240478738754,0.8305787267427428
72,65,Stage 4,Stage 4,0.7640872474396683,0.7640872474396683
72,66,Stage 4,Stage 4,0.7607526236063521,0.7607526236063521
72,67,Stage 1,Stage 1,0.2816430884647978,0.7156418864986656
72,68,Stage 4,Stage 4,0.6815063441884004,0.6815063441884004
72,69,Stage 1,Stage 1,0.2377135025769662,0.7598534044135249
72,70,Stage 4,Stage 4,0.6272179022018479,0.6272179022018479
72,71,Stage 4,Stage 1,0.3647367655744493,0.6305424186744149
72,72,Stage 4,Stage 1,0.37393851587111965,0.6204543792187194
72,73,Stage 4,Stage 4,0.7801940704042233,0.7801940704042233
72,74,Stage 1,Stage 1,0.24636341548866347,0.751280350442257
72,75,Stage 4,Stage 4,0.78082891446005,0.78082891446005
72,76,Stage 4,Stage 4,0.6045454166047667,0.6045454166047667
72,77,Stage 4,Stage 4,0.7890933819057885,0.7890933819057885
72,78,Stage 4,Stage 1,0.34903197383952067,0.6463054049624214
72,79,Stage 4,Stage 4,0.802637450279991,0.802637450279991
72,80,Stage 4,Stage 1,0.46139421636669187,0.5296565864073635
72,81,Stage 1,Stage 1,0.28236041393953154,0.7149833545943567
72,82,Stage 4,Stage 4,0.6778586933029125,0.6778586933029125
72,83,Stage 4,Stage 4,0.7925741661634533,0.7925741661634533
72,84,Stage 4,Stage 4,0.5017132146828176,0.5017132146828176
72,85,Stage 1,Stage 1,0.4167659333495298,0.575928619826228
72,86,Stage 4,Stage 4,0.6213011279210301,0.6213011279210301
72,87,Stage 4,Stage 4,0.664738923467815,0.664738923467815
72,88,Stage 4,Stage 4,0.7858308278682449,0.7858308278682449
72,89,Stage 4,Stage 4,0.6284507471012882,0.6284507471012882
72,90,Stage 4,Stage 4,0.7543067710480378,0.7543067710480378
72,91,Stage 4,Stage 4,0.7528578147567985,0.7528578147567985
72,92,Stage 4,Stage 4,0.7121799406348291,0.7121799406348291
72,93,Stage 4,Stage 4,0.7957800525913173,0.7957800525913173
72,94,Stage 4,Stage 4,0.7460824113187581,0.7460824113187581
72,95,Stage 4,Stage 4,0.7404165676788085,0.7404165676788085
72,96,Stage 0,Stage 4,0.5239085030808752,0.5239085030808752
72,97,Stage 4,Stage 4,0.7630153064093865,0.7630153064093865
72,98,Stage 1,Stage 4,0.6306684895609554,0.6306684895609554
72,99,Stage 4,Stage 4,0.614335810692191,0.614335810692191
72,100,Stage 4,Stage 4,0.7741555755371599,0.7741555755371599
72,101,Stage 4,Stage 4,0.6695301914350975,0.6695301914350975
72,102,Stage 4,Stage 4,0.7033125872161785,0.7033125872161785
72,103,Stage 4,Stage 4,0.8092038791512312,0.8092038791512312
72,104,Stage 4,Stage 0,0.4402308123616573,0.529909439562799
72,105,Stage 4,Stage 4,0.7807135990962876,0.7807135990962876
72,106,Stage 4,Stage 4,0.6680523582726651,0.6680523582726651
72,107,Stage 4,Stage 4,0.7161237194356208,0.7161237194356208
72,108,Stage 4,Stage 4,0.6799000951615775,0.6799000951615775
72,109,Stage 4,Stage 4,0.7864290463071196,0.7864290463071196
72,110,Stage 4,Stage 4,0.7425775073683147,0.7425775073683147
72,111,Stage 4,Stage 4,0.7967872236687016,0.7967872236687016
72,112,Stage 4,Stage 4,0.6131813977717958,0.6131813977717958
72,113,Stage 4,Stage 4,0.7271965429849614,0.7271965429849614
72,114,Stage 4,Stage 4,0.6697404577602502,0.6697404577602502
72,115,Stage 4,Stage 4,0.7882105575307236,0.7882105575307236
72,116,Stage 4,Stage 4,0.7649810890411703,0.7649810890411703
72,117,Stage 4,Stage 4,0.7538270249272482,0.7538270249272482
72,118,Stage 4,Stage 4,0.7685485045560678,0.7685485045560678
72,119,Stage 4,Stage 0,0.14284931994764263,0.6872912616025189
72,120,Stage 4,Stage 4,0.7850135676208645,0.7850135676208645
72,121,Stage 4,Stage 4,0.6524227930014121,0.6524227930014121
72,122,Stage 4,Stage 0,0.41155762571187265,0.5620522861568951
72,123,Stage 4,Stage 4,0.7923267584167021,0.7923267584167021
72,124,Stage 4,Stage 4,0.6848156115352285,0.6848156115352285
72,125,Stage 4,Stage 4,0.7752239536777538,0.7752239536777538
72,126,Stage 4,Stage 4,0.7809592895567202,0.7809592895567202
72,127,Stage 4,Stage 4,0.617116042389779,0.617116042389779
72,128,Stage 4,Stage 4,0.5637396916575155,0.5637396916575155
72,129,Stage 4,Stage 4,0.8038057885003888,0.8038057885003888
72,130,Stage 0,Stage 0,0.07352450459748833,0.7195617246876054
72,131,Stage 4,Stage 4,0.7058219126950014,0.7058219126950014
72,132,Stage 4,Stage 4,0.6199265385289966,0.6199265385289966
72,133,Stage 0,Stage 0,0.09093156212225373,0.7733277673735424
72,134,Stage 4,Stage 4,0.7207759346797981,0.7207759346797981
72,135,Stage 0,Stage 4,0.713946041478947,0.713946041478947
72,136,Stage 4,Stage 4,0.7853930340006187,0.7853930340006187
72,137,Stage 0,Stage 4,0.7848816953758476,0.7848816953758476
72,138,Stage 4,Stage 4,0.7014779396051459,0.7014779396051459
72,139,Stage 0,Stage 0,0.2972482279541997,0.6531214947178848
72,140,Stage 0,Stage 4,0.5178628201401605,0.5178628201401605
72,141,Stage 4,Stage 4,0.6226747654480154,0.6226747654480154
72,142,Stage 0,Stage 0,0.2112981739730088,0.7030467765650144
72,143,Stage 0,Stage 0,0.10595193972295557,0.760018521227225
72,144,Stage 0,Stage 0,0.15067884413280394,0.7436309001262446
72,145,Stage 4,Stage 4,0.5707327296384559,0.5707327296384559
72,146,Stage 0,Stage 4,0.6188420592155246,0.6188420592155246
72,147,Stage 4,Stage 4,0.4944693541422923,0.4944693541422923
72,148,Stage 4,Stage 4,0.6353457126283106,0.6353457126283106
72,149,Stage 0,Stage 4,0.6536568892908969,0.6536568892908969
72,150,Stage 4,Stage 4,0.7952127309259487,0.7952127309259487
72,151,Stage 0,Stage 0,0.4758960223668824,0.5048365219849433
72,152,Stage 0,Stage 0,0.37476990072331895,0.5863867560416715
72,153,Stage 0,Stage 0,0.2625781929954721,0.6927622561990296
72,154,Stage 0,Stage 0,0.22543136736356856,0.7105457046556438
72,155,Stage 0,Stage 0,0.2562372917142559,0.6925853598592597
72,156,Stage 0,Stage 0,0.16117485632686843,0.7519410789435895
72,157,Stage 0,Stage 0,0.19698711258915433,0.7499801075849875
72,158,Stage 0,Stage 0,0.13998889785911375,0.7721826080412751
72,159,Stage 0,Stage 2,0.005688603257146386,0.44079319645000503
72,160,Stage 0,Stage 0,0.09040917669909546,0.7631256112084501
72,161,Stage 0,Stage 0,0.016887647670911395,0.5564220474167646
72,162,Stage 0,Stage 0,0.0597638609678856,0.7526378770573041
72,163,Stage 0,Stage 0,0.042967263950223454,0.6785554524779647
72,164,Stage 0,Stage 3,0.0011209902824750883,0.3972172065937938
72,165,Stage 0,Stage 0,0.012390577361639985,0.533621970387015
72,166,Stage 0,Stage 0,0.1380454182970597,0.7392155552320931
72,167,Stage 0,Stage 2,0.0009646008380016751,0.43824750655042816
72,168,Stage 0,Stage 3,0.0018078465290480798,0.4003023632148968
72,169,Stage 0,Stage 2,0.005809114005752241,0.5497409049675559
72,170,Stage 0,Stage 3,0.002215426779836067,0.4283497958097418
72,171,Stage 0,Stage 0,0.21244909320240485,0.7326159409894297
72,172,Stage 0,Stage 0,0.053268526745591765,0.7650413197942043
72,173,Stage 0,Stage 3,0.0002723918308149886,0.44670138600762427
72,174,Stage 0,Stage 0,0.007238514400958961,0.43077123586449756
72,175,Stage 3,Stage 3,0.0012140720948737175,0.4331580707566376
72,176,Stage 0,Stage 0,0.008656381838465248,0.43589056632755746
72,177,Stage 3,Stage 2,6.24443344783179e-05,0.5588382052815226
72,178,Stage 3,Stage 2,0.006259014398412063,0.6137740025993286
72,179,Stage 3,Stage 3,0.00039000934946072953,0.6411888596163801
72,180,Stage 3,Stage 2,0.0003258147210524286,0.6568462389709566
72,181,Stage 3,Stage 2,0.0019293211777415737,0.4054083530997077
72,182,Stage 0,Stage 0,0.043748431371723615,0.6767380344574024
72,183,Stage 3,Stage 2,0.0005106965530558341,0.5488620229220768
72,184,Stage 3,Stage 2,0.004615955988327406,0.5278832630343225
72,185,Stage 0,Stage 2,9.641393554703753e-05,0.5536517908467298
72,186,Stage 0,Stage 0,0.004523016913931872,0.4016262679163676
72,187,Stage 3,Stage 2,0.0014149143882178083,0.5712414346027715
72,188,Stage 3,Stage 3,0.00078961649061907,0.5121075020832832
72,189,Stage 3,Stage 3,4.981528289958918e-06,0.5792782899624394
72,190,Stage 0,Stage 3,0.00047785053703843807,0.5623014775521655
72,191,Stage 3,Stage 3,6.966923500002012e-07,0.6469580213763946
72,192,Stage 3,Stage 2,0.0014658381519114434,0.4779511731907657
72,193,Stage 3,Stage 3,0.00039664614005785405,0.533605980695599
72,194,Stage 3,Stage 3,1.2268833483849952e-05,0.6308921285570143
72,195,Stage 3,Stage 3,1.1360176787149748e-05,0.6257611248591693
72,196,Stage 3,Stage 3,3.218542886168283e-08,0.6631453353592605
72,197,Stage 3,Stage 3,2.543640623683937e-05,0.5286404262477599
72,198,Stage 3,Stage 2,9.521126051336477e-05,0.5457320578590713
72,199,Stage 3,Stage 3,1.776007628734211e-07,0.5269602391176977
72,200,Stage 3,Stage 3,8.656663502465136e-08,0.8280061453712239
72,201,Stage 3,Stage 3,4.224039484112387e-06,0.8060760946824256
72,202,Stage 3,Stage 3,4.783197377438239e-06,0.762937717653839
72,203,Stage 3,Stage 3,4.8794941591552774e-08,0.7091047817325971
72,204,Stage 3,Stage 3,1.1347755410568135e-07,0.8490310533788304
72,205,Stage 3,Stage 3,3.116699046404909e-06,0.8140993751399823
72,206,Stage 3,Stage 3,8.776132831243536e-06,0.6322628707482145
72,207,Stage 3,Stage 3,4.831138053427322e-10,0.8139068136691869
72,208,Stage 3,Stage 3,4.8929953928488556e-06,0.6336370420094171
72,209,Stage 3,Stage 3,6.863031886215829e-10,0.5880888937370712
72,210,Stage 3,Stage 3,9.489314686946254e-09,0.8580513600034244
72,211,Stage 3,Stage 3,8.597643709987307e-09,0.7579403856885328
72,212,Stage 3,Stage 2,7.362148736067029e-09,0.596418959180815
72,213,Stage 3,Stage 3,2.7392821946511085e-09,0.7992368609815264
73,1,Stage 0,Stage 4,0.5651448920994865,0.5651448920994865
73,2,Stage 0,Stage 0,0.2761367077846264,0.6797770956579904
73,3,Stage 4,Stage 4,0.5141133882475133,0.5141133882475133
73,4,Stage 0,Stage 4,0.6861188222267991,0.6861188222267991
73,5,Stage 0,Stage 0,0.053019889325869096,0.7041898589017733
73,6,Stage 0,Stage 0,0.37444642290101116,0.5973016615790917
73,7,Stage 0,Stage 0,0.4842491453640668,0.4971202958723833
73,8,Stage 4,Stage 0,0.40555354325642823,0.5769507941089856
73,9,Stage 4,Stage 0,0.3482447258786751,0.6064658963894992
73,10,Stage 0,Stage 0,0.183410777328194,0.7264366455620371
73,11,Stage 0,Stage 4,0.7643893994965257,0.7643893994965257
73,12,Stage 4,Stage 4,0.5788374350606892,0.5788374350606892
73,13,Stage 0,Stage 0,0.243417067459602,0.7015156500211146
73,14,Stage 4,Stage 0,0.42118719582629255,0.5562347453397564
73,15,Stage 0,Stage 4,0.532092587911331,0.532092587911331
73,16,Stage 0,Stage 4,0.4967916951926326,0.4967916951926326
73,17,Stage 4,Stage 4,0.785146150175788,0.785146150175788
73,18,Stage 0,Stage 0,0.12678202317194148,0.7717412507721974
73,19,Stage 0,Stage 0,0.2647988010003685,0.6986486972835575
73,20,Stage 4,Stage 4,0.6054129353950467,0.6054129353950467
73,21,Stage 4,Stage 4,0.7574376002823443,0.7574376002823443
73,22,Stage 4,Stage 4,0.7163211874312578,0.7163211874312578
73,23,Stage 4,Stage 4,0.6641575767052341,0.6641575767052341
73,24,Stage 4,Stage 4,0.713238656097425,0.713238656097425
73,25,Stage 4,Stage 4,0.7861831830398778,0.7861831830398778
73,26,Stage 4,Stage 4,0.781916505276988,0.781916505276988
73,27,Stage 4,Stage 4,0.5355654540065616,0.5355654540065616
73,28,Stage 0,Stage 0,0.34434308704599886,0.6214806622393235
73,29,Stage 0,Stage 0,0.14121581679704096,0.7774800932082222
73,30,Stage 4,Stage 0,0.26575599465495886,0.6963011397980268
73,31,Stage 4,Stage 0,0.32115157041932857,0.6287169641738473
73,32,Stage 4,Stage 4,0.5958562385191152,0.5958562385191152
73,33,Stage 4,Stage 0,0.2899607421015024,0.6724313669527695
73,34,Stage 4,Stage 4,0.7382271306676442,0.7382271306676442
73,35,Stage 4,Stage 4,0.6220558217029348,0.6220558217029348
73,36,Stage 4,Stage 4,0.6772450647768946,0.6772450647768946
73,37,Stage 0,Stage 0,0.3627979298620449,0.5931871804226395
73,38,Stage 0,Stage 4,0.5135816433116593,0.5135816433116593
73,39,Stage 0,Stage 0,0.023726472621145113,0.6658612456673649
73,40,Stage 4,Stage 4,0.7697586285298329,0.7697586285298329
73,41,Stage 0,Stage 0,0.24696307591109995,0.6962413282747976
73,42,Stage 0,Stage 0,0.3380919919355959,0.6267529734505665
73,43,Stage 4,Stage 0,0.2712851709394274,0.6657012370133562
73,44,Stage 0,Stage 4,0.686568977077186,0.686568977077186
73,45,Stage 0,Stage 0,0.2276980741750681,0.7090531397670389
73,46,Stage 4,Stage 4,0.6780644797539853,0.6780644797539853
73,47,Stage 0,Stage 0,0.41446853045733795,0.5626615587446298
73,48,Stage 0,Stage 4,0.6322273991080835,0.6322273991080835
73,49,Stage 4,Stage 4,0.6634743327217855,0.6634743327217855
73,50,Stage 4,Stage 0,0.4310098136471554,0.5101702165950147
73,51,Stage 0,Stage 0,0.19814555290698121,0.7327015137368992
73,52,Stage 4,Stage 4,0.789932738551321,0.789932738551321
73,53,Stage 0,Stage 0,0.03501571678227253,0.6036836027124706
73,54,Stage 0,Stage 0,0.07870515677624548,0.7520265571935723
73,55,Stage 0,Stage 4,0.5782705728712682,0.5782705728712682
73,56,Stage 0,Stage 0,0.11814314083482877,0.7644762604854564
73,57,Stage 0,Stage 0,0.02091720105039798,0.5338609962954122
73,58,Stage 0,Stage 0,0.0843561747348612,0.7831726930830377
73,59,Stage 0,Stage 0,0.249151755195129,0.6996128225997434
73,60,Stage 0,Stage 0,0.20123378461004687,0.7184481025376513
73,61,Stage 4,Stage 4,0.6312268044631545,0.6312268044631545
73,62,Stage 0,Stage 0,0.13443648603673222,0.7199147003316272
73,63,Stage 0,Stage 0,0.25604326287423257,0.6845695727826966
73,64,Stage 0,Stage 4,0.5393995916394124,0.5393995916394124
73,65,Stage 0,Stage 0,0.10637806598806772,0.7669139495634361
73,66,Stage 0,Stage 0,0.06611804791143024,0.7416106039985115
73,67,Stage 0,Stage 0,0.23129853260326763,0.722844436761071
73,68,Stage 0,Stage 4,0.5751394110363345,0.5751394110363345
73,69,Stage 4,Stage 4,0.8015251838608889,0.8015251838608889
73,70,Stage 4,Stage 4,0.7837984149906012,0.7837984149906012
73,71,Stage 0,Stage 0,0.22048021640888874,0.7125632644068511
73,72,Stage 4,Stage 4,0.654174284154469,0.654174284154469
73,73,Stage 0,Stage 0,0.3202879096815999,0.6535229791279837
73,74,Stage 0,Stage 0,0.06163777974245261,0.7185330286806244
73,75,Stage 0,Stage 0,0.22148003932102533,0.681367232474357
73,76,Stage 0,Stage 0,0.2730779089121367,0.6746711097087449
73,77,Stage 0,Stage 0,0.11775085601273681,0.7630021109900597
73,78,Stage 0,Stage 0,0.07892039246123099,0.6982905990809041
73,79,Stage 0,Stage 4,0.7661012550580485,0.7661012550580485
73,80,Stage 4,Stage 0,0.23886725045035323,0.716731674015387
73,81,Stage 0,Stage 0,0.11433004527616196,0.7374228860908129
73,82,Stage 0,Stage 0,0.39892198435602017,0.5472555833663042
73,83,Stage 0,Stage 0,0.17475440237553883,0.7504806136100909
73,84,Stage 0,Stage 0,0.2251122360522727,0.6946370692427707
73,85,Stage 0,Stage 0,0.009686124250532996,0.4930890650353172
73,86,Stage 4,Stage 4,0.6185492172547659,0.6185492172547659
73,87,Stage 0,Stage 0,0.14781234072681734,0.7802687280305053
73,88,Stage 0,Stage 0,0.01905101698691391,0.5901437679353277
73,89,Stage 0,Stage 0,0.04361735684655529,0.7359173844715265
73,90,Stage 0,Stage 0,0.20363780306166268,0.7248124067868605
73,91,Stage 0,Stage 0,0.06385335771527234,0.7737524297390324
73,92,Stage 0,Stage 0,0.2434149903151008,0.6702543208987259
73,93,Stage 0,Stage 0,0.32640167135282594,0.6425398431565278
73,94,Stage 0,Stage 0,0.09322763764721749,0.767765686180781
73,95,Stage 0,Stage 0,0.23495693610884474,0.7188855058912159
73,96,Stage 0,Stage 0,0.23457800319567332,0.6988635118099712
73,97,Stage 0,Stage 4,0.5449009314561822,0.5449009314561822
73,98,Stage 0,Stage 0,0.1449634962506546,0.7525060406187557
73,99,Stage 0,Stage 0,0.1714631263361299,0.762706610927923
73,100,Stage 0,Stage 0,0.006747727776300985,0.46381845235836966
73,101,Stage 0,Stage 0,0.02828847438336287,0.6348194133050484
73,102,Stage 0,Stage 0,0.3722785792533867,0.6041279171269717
73,103,Stage 0,Stage 0,0.023016851169283183,0.6066906934538411
73,104,Stage 0,Stage 0,0.34658079095037464,0.6255767182566426
73,105,Stage 0,Stage 0,0.14385074933692174,0.7350240328166012
73,106,Stage 0,Stage 0,0.031299617055466626,0.5969709230543607
73,107,Stage 0,Stage 0,0.11899743378710465,0.727669979873191
73,108,Stage 0,Stage 0,0.21984994783900122,0.7138817434773108
73,109,Stage 0,Stage 0,0.2887382297587324,0.6536273538872686
73,110,Stage 0,Stage 0,0.025249216210744514,0.605534971973315
73,111,Stage 0,Stage 0,0.09994114635701846,0.7838201254820077
73,112,Stage 0,Stage 0,0.2438830348496387,0.6999237549365845
73,113,Stage 0,Stage 0,0.28215364640375745,0.6840221637621619
73,114,Stage 0,Stage 0,0.11122635373403228,0.7667064543246461
73,115,Stage 0,Stage 0,0.07109183246224493,0.7237664175940487
73,116,Stage 0,Stage 0,0.2377237244672442,0.6755754261660841
73,117,Stage 0,Stage 0,0.08785409737370597,0.7820421274114759
73,118,Stage 0,Stage 0,0.06268655964403735,0.7645366063569969
73,119,Stage 0,Stage 0,0.017374142179478212,0.5937972400429324
73,120,Stage 0,Stage 0,0.013011306425185748,0.5487922293333966
73,121,Stage 0,Stage 0,0.12328636913518795,0.7435123428327416
73,122,Stage 0,Stage 0,0.044090538805891095,0.746711391736759
73,123,Stage 0,Stage 0,0.024295548491757628,0.6655033283135705
73,124,Stage 0,Stage 0,0.04399283617866201,0.6318290039196469
73,125,Stage 0,Stage 0,0.11361247056201006,0.7934567786604358
73,126,Stage 0,Stage 0,0.14230175813347717,0.7655014715036338
73,127,Stage 0,Stage 2,0.0025485649887564406,0.43024238055355873
73,128,Stage 0,Stage 0,0.15421317828106418,0.76883927433414
73,129,Stage 0,Stage 0,0.0191912292544365,0.5363199119170619
73,130,Stage 0,Stage 0,0.1334608179725261,0.7621408851276257
73,131,Stage 0,Stage 0,0.09268800681329951,0.7539656531897365
73,132,Stage 0,Stage 0,0.004016806648654703,0.37072936021559316
73,133,Stage 0,Stage 0,0.008687427706021971,0.47844541972658855
73,134,Stage 0,Stage 0,0.14696047795150816,0.7555335396965351
73,135,Stage 0,Stage 0,0.009314388292246852,0.5097204181228389
73,136,Stage 0,Stage 0,0.05562906394135836,0.7507791011915084
73,137,Stage 0,Stage 0,0.06803498316044546,0.7600627071567486
73,138,Stage 0,Stage 0,0.19378191915729112,0.7504421844425886
73,139,Stage 0,Stage 0,0.008602535970472017,0.4939994395580684
73,140,Stage 0,Stage 2,0.0020397841233997134,0.3682864832849159
73,141,Stage 0,Stage 0,0.09323961940962287,0.7955577387277203
73,142,Stage 3,Stage 0,0.014649633471473357,0.5559407642205391
73,143,Stage 0,Stage 0,0.05132711944487451,0.712151875959305
73,144,Stage 0,Stage 2,0.003412238316134158,0.5284129013842308
73,145,Stage 0,Stage 2,0.0002432783658387906,0.48147996204128346
73,146,Stage 0,Stage 0,0.022649866680206365,0.642665386758442
73,147,Stage 0,Stage 0,0.007038407581123471,0.4338912216061269
73,148,Stage 0,Stage 2,0.00825589419650411,0.46379061218874706
73,149,Stage 0,Stage 0,0.03292603177474866,0.7002250219938372
73,150,Stage 0,Stage 0,0.037475934926581064,0.7030101941399808
73,151,Stage 0,Stage 2,0.004949305613350894,0.5067279456675613
73,152,Stage 0,Stage 3,0.0016954060205584638,0.4957534843098667
73,153,Stage 3,Stage 2,0.00031097583610544726,0.6141903459469034
73,154,Stage 0,Stage 0,0.015693962238282677,0.5334704097294212
73,155,Stage 0,Stage 0,0.02354747683692828,0.6562435870463569
73,156,Stage 3,Stage 3,0.0009220154136851125,0.5647280819247323
73,157,Stage 3,Stage 2,0.004011421237537246,0.44174269732259563
73,158,Stage 0,Stage 0,0.01896530217085363,0.5919820293492788
73,159,Stage 0,Stage 2,0.0046305387969140105,0.3946378192882599
73,160,Stage 0,Stage 3,0.002772743837935726,0.4567622565461774
73,161,Stage 3,Stage 3,7.742033835227328e-05,0.5378920659633976
73,162,Stage 0,Stage 3,0.0010724312020590847,0.48304666482328523
73,163,Stage 3,Stage 0,0.008346883673378802,0.44540808846529223
73,164,Stage 3,Stage 0,0.00571311972530487,0.43519502156812345
73,165,Stage 0,Stage 2,0.0035133934677199496,0.4803391854893566
73,166,Stage 3,Stage 0,0.014578373074569932,0.5435052937005789
73,167,Stage 3,Stage 3,0.0002568821203104178,0.5198416273970714
73,168,Stage 3,Stage 3,4.191144880592239e-05,0.4948206664150507
73,169,Stage 3,Stage 2,0.00045545790414320886,0.46544696373188627
73,170,Stage 3,Stage 3,0.0007248923542427847,0.533577439071515
73,171,Stage 3,Stage 3,0.0001911411512023109,0.4700730675820432
73,172,Stage 3,Stage 2,2.5033796626317306e-05,0.7009720099425217
73,173,Stage 0,Stage 0,0.009562859615799156,0.5270658887792521
73,174,Stage 3,Stage 2,6.795696531934803e-05,0.558773342297644
73,175,Stage 3,Stage 3,3.0465404808016496e-06,0.7646627792306416
73,176,Stage 3,Stage 2,0.001308016682449776,0.6325040997738186
73,177,Stage 3,Stage 2,0.0001139989857326239,0.7195484023112502
73,178,Stage 3,Stage 2,1.811856514045542e-05,0.5940330879242218
73,179,Stage 3,Stage 3,2.1662781980293207e-06,0.5200993499373762
73,180,Stage 3,Stage 3,3.9452503178272514e-05,0.6108833060072972
73,181,Stage 3,Stage 3,0.0004378919817115078,0.45277696616565083
73,182,Stage 3,Stage 2,0.001681690240435447,0.5171852992871304
73,183,Stage 3,Stage 3,0.00010768656465142525,0.6222715752274355
73,184,Stage 3,Stage 2,1.0678387888512104e-05,0.6372649135413788
73,185,Stage 3,Stage 3,1.3130432250713577e-05,0.5399552926960356
73,186,Stage 3,Stage 3,1.5252521018821714e-07,0.5055375617357775
73,187,Stage 3,Stage 3,1.6864044157088467e-05,0.7413698172735786
73,188,Stage 3,Stage 3,3.5637668144031974e-05,0.7542420146882175
73,189,Stage 3,Stage 3,2.685051999958642e-05,0.5778439053484469
73,190,Stage 3,Stage 3,4.667748313298907e-06,0.5730497011730095
73,191,Stage 3,Stage 3,3.0671400627682975e-06,0.8286746790331835
73,192,Stage 3,Stage 3,4.968083686411331e-05,0.5407782785826271
73,193,Stage 3,Stage 3,3.587010306829637e-07,0.7479700576328692
73,194,Stage 3,Stage 3,4.215218588157807e-08,0.7733465649567259
73,195,Stage 3,Stage 3,2.1430517991322846e-05,0.691086944401483
73,196,Stage 3,Stage 3,3.531711379405789e-08,0.7139461863316592
73,197,Stage 3,Stage 3,2.8065662761191107e-07,0.7971681216902924
73,198,Stage 3,Stage 2,2.565976850020589e-06,0.5539346100612225
73,199,Stage 3,Stage 3,6.562198548036295e-07,0.5994487209390644
73,200,Stage 3,Stage 2,1.1269611874862213e-07,0.5670773314265942
73,201,Stage 3,Stage 3,1.4633586887235547e-06,0.8362138400359236
73,202,Stage 3,Stage 3,5.3560217855190176e-08,0.8562548414571914
73,203,Stage 3,Stage 3,1.5638835631536812e-06,0.6215240650325249
73,204,Stage 3,Stage 3,4.521434297277269e-09,0.8319422324722903
73,205,Stage 3,Stage 2,1.2190383038965794e-07,0.5057346724539986
73,206,Stage 3,Stage 3,1.71368889852499e-06,0.5851859093096173
73,207,Stage 3,Stage 3,2.6169959208083363e-08,0.5830041086400451
73,208,Stage 3,Stage 3,1.2461680779267093e-10,0.6430927693628714
73,209,Stage 3,Stage 3,7.958495451997126e-08,0.7981549992430003
73,210,Stage 3,Stage 3,2.1730516645806337e-07,0.8206041835831726
73,211,Stage 3,Stage 3,3.1795686005455316e-10,0.7598817146671641
73,212,Stage 3,Stage 3,2.7843843417511593e-08,0.5512413298050999
73,213,Stage 3,Stage 3,3.4861956597903555e-08,0.7433529379690527
75,1,Stage 4,Stage 4,0.7748000259623846,0.7748000259623846
75,2,Stage 4,Stage 4,0.6131023297653512,0.6131023297653512
75,3,Stage 4,Stage 4,0.5728880935525448,0.5728880935525448
75,4,Stage 4,Stage 4,0.7347465936406372,0.7347465936406372
75,5,Stage 4,Stage 4,0.6920023436413411,0.6920023436413411
75,6,Stage 4,Stage 4,0.784200402148612,0.784200402148612
75,7,Stage 4,Stage 4,0.7330397706467024,0.7330397706467024
75,8,Stage 4,Stage 4,0.7765130742675808,0.7765130742675808
75,9,Stage 4,Stage 4,0.7993156901466845,0.7993156901466845
75,10,Stage 4,Stage 4,0.7841950810847061,0.7841950810847061
75,11,Stage 4,Stage 4,0.7873622931632084,0.7873622931632084
75,12,Stage 4,Stage 1,0.4590434061845548,0.532783703766136
75,13,Stage 4,Stage 4,0.7018905855991772,0.7018905855991772
75,14,Stage 4,Stage 4,0.7990836224821887,0.7990836224821887
75,15,Stage 4,Stage 4,0.5603773265979296,0.5603773265979296
75,16,Stage 4,Stage 1,0.36220960788147705,0.6327709243375609
75,17,Stage 4,Stage 4,0.6825392926039746,0.6825392926039746
75,18,Stage 4,Stage 4,0.7876922295023842,0.7876922295023842
75,19,Stage 0,Stage 4,0.7121772017008866,0.7121772017008866
75,20,Stage 4,Stage 4,0.6849376711400467,0.6849376711400467
75,21,Stage 4,Stage 0,0.27323485722771756,0.6504242352080867
75,22,Stage 4,Stage 4,0.6581634518981502,0.6581634518981502
75,23,Stage 4,Stage 4,0.7912890973680786,0.7912890973680786
75,24,Stage 4,Stage 4,0.7951571027171263,0.7951571027171263
75,25,Stage 4,Stage 4,0.6460905851807707,0.6460905851807707
75,26,Stage 4,Stage 4,0.7065192880656984,0.7065192880656984
75,27,Stage 4,Stage 4,0.7986774620090674,0.7986774620090674
75,28,Stage 4,Stage 4,0.6992449613011177,0.6992449613011177
75,29,Stage 4,Stage 4,0.7921485721623955,0.7921485721623955
75,30,Stage 4,Stage 4,0.5907704409673787,0.5907704409673787
75,31,Stage 4,Stage 4,0.5243072531168598,0.5243072531168598
75,32,Stage 4,Stage 4,0.7955582684103981,0.7955582684103981
75,33,Stage 4,Stage 4,0.7229063678301708,0.7229063678301708
75,34,Stage 4,Stage 4,0.656629218539591,0.656629218539591
75,35,Stage 0,Stage 4,0.5897412702578464,0.5897412702578464
75,36,Stage 4,Stage 4,0.7166138625433985,0.7166138625433985
75,37,Stage 4,Stage 4,0.7981267106042284,0.7981267106042284
75,38,Stage 4,Stage 4,0.6813555201498255,0.6813555201498255
75,39,Stage 4,Stage 4,0.7809545049641828,0.7809545049641828
75,40,Stage 4,Stage 4,0.7266509365550473,0.7266509365550473
75,41,Stage 4,Stage 4,0.7660201446642944,0.7660201446642944
75,42,Stage 4,Stage 4,0.6394738439243629,0.6394738439243629
75,43,Stage 4,Stage 4,0.5361754697479992,0.5361754697479992
75,44,Stage 4,Stage 4,0.6650626402517964,0.6650626402517964
75,45,Stage 0,Stage 0,0.10383798528142828,0.7750237856318705
75,46,Stage 4,Stage 4,0.6847973623090654,0.6847973623090654
75,47,Stage 4,Stage 4,0.6169872437553351,0.6169872437553351
75,48,Stage 4,Stage 4,0.7990469647232097,0.7990469647232097
75,49,Stage 4,Stage 4,0.6840896779480541,0.6840896779480541
75,50,Stage 4,Stage 0,0.49083355179652854,0.4910316103173514
75,51,Stage 4,Stage 4,0.748902868136554,0.748902868136554
75,52,Stage 4,Stage 4,0.7345023518335485,0.7345023518335485
75,53,Stage 4,Stage 4,0.6424262715777023,0.6424262715777023
75,54,Stage 4,Stage 4,0.5433109961319124,0.5433109961319124
75,55,Stage 4,Stage 4,0.5736163819010633,0.5736163819010633
75,56,Stage 4,Stage 4,0.7062127199829806,0.7062127199829806
75,57,Stage 4,Stage 4,0.7176316087074008,0.7176316087074008
75,58,Stage 4,Stage 4,0.507202919349165,0.507202919349165
75,59,Stage 4,Stage 4,0.8044059687488121,0.8044059687488121
75,60,Stage 4,Stage 4,0.7933946723102657,0.7933946723102657
75,61,Stage 4,Stage 4,0.6910279419014057,0.6910279419014057
75,62,Stage 4,Stage 4,0.7917683416336054,0.7917683416336054
75,63,Stage 4,Stage 0,0.23133851068518027,0.7032370907114625
75,64,Stage 4,Stage 4,0.713962493984886,0.713962493984886
75,65,Stage 4,Stage 4,0.7777182280934037,0.7777182280934037
75,66,Stage 4,Stage 4,0.7951307820571496,0.7951307820571496
75,67,Stage 4,Stage 4,0.7657249333859224,0.7657249333859224
75,68,Stage 4,Stage 0,0.14656517262964802,0.7271277982107315
75,69,Stage 4,Stage 4,0.7049651878602871,0.7049651878602871
75,70,Stage 4,Stage 4,0.6529560374283384,0.6529560374283384
75,71,Stage 4,Stage 4,0.7882921151657004,0.7882921151657004
75,72,Stage 4,Stage 4,0.7865041665526179,0.7865041665526179
75,73,Stage 0,Stage 0,0.4104695522361645,0.5624503256833857
75,74,Stage 4,Stage 4,0.6660116912722635,0.6660116912722635
75,75,Stage 4,Stage 4,0.7855895461374337,0.7855895461374337
75,76,Stage 4,Stage 0,0.4352118789607712,0.5421889225636431
75,77,Stage 0,Stage 0,0.2505552166752443,0.6924989019572729
75,78,Stage 4,Stage 4,0.7285106572905958,0.7285106572905958
75,79,Stage 0,Stage 4,0.7889733181094097,0.7889733181094097
75,80,Stage 4,Stage 4,0.6444580464453932,0.6444580464453932
75,81,Stage 0,Stage 0,0.12985938596827326,0.7796965365686621
75,82,Stage 0,Stage 0,0.3343132955344091,0.6197845152216647
75,83,Stage 0,Stage 0,0.4717998907966867,0.4973805748706616
75,84,Stage 4,Stage 4,0.7847600901378217,0.7847600901378217
75,85,Stage 4,Stage 4,0.5964229729316556,0.5964229729316556
75,86,Stage 4,Stage 0,0.3383613195593367,0.6274449650848107
75,87,Stage 4,Stage 4,0.7073956983207972,0.7073956983207972
75,88,Stage 4,Stage 4,0.7582072602315004,0.7582072602315004
75,89,Stage 4,Stage 0,0.22537091592981925,0.7060961032849569
75,90,Stage 4,Stage 4,0.6625695441170026,0.6625695441170026
75,91,Stage 0,Stage 4,0.6768471760734925,0.6768471760734925
75,92,Stage 0,Stage 0,0.2784552959824992,0.6674543515020165
75,93,Stage 4,Stage 4,0.6678441121135883,0.6678441121135883
75,94,Stage 0,Stage 4,0.6810168987146712,0.6810168987146712
75,95,Stage 0,Stage 0,0.20755031306710947,0.7327757017550072
75,96,Stage 4,Stage 4,0.7092777334902752,0.7092777334902752
75,97,Stage 4,Stage 0,0.46741139536847626,0.5118721727226532
75,98,Stage 4,Stage 0,0.3796092307859816,0.5924882201112335
75,99,Stage 4,Stage 4,0.7662139756228744,0.7662139756228744
75,100,Stage 4,Stage 4,0.5629960144801259,0.5629960144801259
75,101,Stage 4,Stage 4,0.6186744413770214,0.6186744413770214
75,102,Stage 4,Stage 0,0.35175115980664823,0.5935654108350938
75,103,Stage 4,Stage 0,0.3925750276207002,0.5713712928347214
75,104,Stage 4,Stage 0,0.3139242865304377,0.6468346853761424
75,105,Stage 0,Stage 0,0.23567638496764243,0.6958476112586285
75,106,Stage 4,Stage 4,0.6921209031158553,0.6921209031158553
75,107,Stage 4,Stage 0,0.4037875251706523,0.5714617546378019
75,108,Stage 4,Stage 0,0.23283791374401303,0.7160864478817045
75,109,Stage 4,Stage 4,0.5787355904389052,0.5787355904389052
75,110,Stage 0,Stage 0,0.29923520030343187,0.6606229781934473
75,111,Stage 4,Stage 4,0.5490865882951794,0.5490865882951794
75,112,Stage 0,Stage 0,0.48982291468887984,0.49196352626206163
75,113,Stage 0,Stage 0,0.4439417030868671,0.5241289519685329
75,114,Stage 0,Stage 0,0.11682079039104104,0.6608086344487553
75,115,Stage 0,Stage 0,0.12699956758188757,0.7299183054160925
75,116,Stage 0,Stage 0,0.06273008271316417,0.7188907177021436
75,117,Stage 0,Stage 0,0.26854213681500977,0.6608888515678544
75,118,Stage 4,Stage 4,0.6556078978310813,0.6556078978310813
75,119,Stage 0,Stage 0,0.2532207821960671,0.6832340554160138
75,120,Stage 0,Stage 4,0.6454173583430569,0.6454173583430569
75,121,Stage 0,Stage 4,0.5303216700743425,0.5303216700743425
75,122,Stage 0,Stage 0,0.0812302165613843,0.7655767514531296
75,123,Stage 0,Stage 0,0.12352883362709721,0.7399449854568904
75,124,Stage 0,Stage 0,0.27792025527592085,0.6851969585896835
75,125,Stage 0,Stage 0,0.12894195058406657,0.7727102807900029
75,126,Stage 4,Stage 0,0.4478976622588014,0.5203609240426795
75,127,Stage 0,Stage 0,0.17621443042062718,0.7458188555167039
75,128,Stage 0,Stage 0,0.08785453065956908,0.7557454955183059
75,129,Stage 0,Stage 0,0.31301418810999765,0.6551249011736211
75,130,Stage 0,Stage 0,0.15870304618446338,0.7405804002992783
75,131,Stage 0,Stage 0,0.15454552773399494,0.7759998058303251
75,132,Stage 0,Stage 0,0.27045693016863576,0.6381588294249396
75,133,Stage 0,Stage 0,0.2477187451972679,0.706126429680296
75,134,Stage 0,Stage 0,0.07774589185979656,0.7853761736762294
75,135,Stage 0,Stage 0,0.15337650527009664,0.7486738771105443
75,136,Stage 0,Stage 0,0.2761678929965227,0.6872619852116562
75,137,Stage 0,Stage 2,0.003412642972550956,0.5443395055670898
75,138,Stage 0,Stage 2,0.008256624723228747,0.42942856684587827
75,139,Stage 0,Stage 0,0.04470983233846212,0.7511149273736935
75,140,Stage 0,Stage 0,0.036644745704430465,0.7153399185209555
75,141,Stage 0,Stage 0,0.01775114161247706,0.5101836632170295
75,142,Stage 0,Stage 0,0.17293959796157504,0.7352005692903938
75,143,Stage 0,Stage 0,0.2806067737560714,0.6774204626467776
75,144,Stage 0,Stage 0,0.4241568295300063,0.5562952063141438
75,145,Stage 0,Stage 0,0.040572510678649205,0.7061035095086639
75,146,Stage 0,Stage 0,0.2159707093499505,0.7247990905069581
75,147,Stage 0,Stage 0,0.0615825546124217,0.6894969750785341
75,148,Stage 0,Stage 0,0.10896936448538533,0.7620149757357066
75,149,Stage 0,Stage 2,0.0045901608788596615,0.4452550541491487
75,150,Stage 0,Stage 0,0.1201740790202439,0.7251219509120349
75,151,Stage 0,Stage 0,0.1922660140092968,0.6716239111917923
75,152,Stage 0,Stage 0,0.08008512843700208,0.6753754558155909
75,153,Stage 0,Stage 0,0.3806985025218021,0.5838474119598188
75,154,Stage 0,Stage 0,0.11008614622397112,0.7530820123888312
75,155,Stage 0,Stage 0,0.031251475359518076,0.6864789222258082
75,156,Stage 0,Stage 0,0.062232138508968526,0.694324423518898
75,157,Stage 0,Stage 0,0.019705862194795042,0.6309301571768349
75,158,Stage 0,Stage 0,0.14140434068665456,0.7539103079325827
75,159,Stage 0,Stage 0,0.09102420962787758,0.729610525075868
75,160,Stage 0,Stage 0,0.01653750164150985,0.5129462036715065
75,161,Stage 0,Stage 0,0.1694001176346799,0.7416883771356627
75,162,Stage 0,Stage 0,0.06384970200356681,0.7603844827143138
75,163,Stage 0,Stage 2,0.0026389103555369987,0.6346145428284253
75,164,Stage 3,Stage 2,0.00013632753699358507,0.4997398608485605
75,165,Stage 0,Stage 2,0.010401437006321937,0.455485396114927
75,166,Stage 0,Stage 0,0.13321841107743987,0.7671476029737365
75,167,Stage 0,Stage 0,0.005860288746931067,0.4005166407447
75,168,Stage 0,Stage 2,0.0016474195003558058,0.43746005095116
75,169,Stage 0,Stage 0,0.03173275066448961,0.5792113362123447
75,170,Stage 0,Stage 0,0.14587739025997615,0.7143505160300462
75,171,Stage 3,Stage 2,0.0006005189413806265,0.44037658403925245
75,172,Stage 0,Stage 2,0.0020028814628436854,0.386825975648718
75,173,Stage 0,Stage 2,0.0041416083135587,0.4408734204166296
75,174,Stage 0,Stage 0,0.11449584578406585,0.7504012400113412
75,175,Stage 3,Stage 2,0.00012785038733078625,0.6486093716851499
75,176,Stage 0,Stage 0,0.015768466156101328,0.5844903414403436
75,177,Stage 0,Stage 3,0.00280547405023353,0.43851679759628864
75,178,Stage 0,Stage 0,0.013694205578943025,0.5514982036686602
75,179,Stage 0,Stage 0,0.006800046247132206,0.4583385852824007
75,180,Stage 3,Stage 3,5.7605658497881475e-05,0.5429901780682297
75,181,Stage 0,Stage 3,0.0009197166904614666,0.558042549595631
75,182,Stage 3,Stage 3,1.5629884810690792e-05,0.6384565500750854
75,183,Stage 3,Stage 2,0.0006180844889182297,0.5816734874139712
75,184,Stage 3,Stage 2,0.0013758088836735094,0.5263710211494373
75,185,Stage 3,Stage 2,0.0012730165131030684,0.441121164965913
75,186,Stage 3,Stage 0,0.08304546421554491,0.7865328898351569
75,187,Stage 3,Stage 2,0.0030656497187728474,0.5289494167346651
75,188,Stage 3,Stage 3,0.0015448554145645749,0.40860102841765833
75,189,Stage 3,Stage 2,0.0002275324523448439,0.5344573959819287
75,190,Stage 3,Stage 2,8.659137195563471e-05,0.4783164390001006
75,191,Stage 3,Stage 3,0.00036076180827601786,0.5270925509472979
75,192,Stage 3,Stage 2,0.0007228053492022049,0.4493738346170313
75,193,Stage 3,Stage 2,0.00011019856403014192,0.6199794530642591
75,194,Stage 3,Stage 2,0.0012887052396162253,0.3939328732732391
75,195,Stage 3,Stage 2,4.484159253996293e-05,0.5059413025225923
75,196,Stage 3,Stage 2,0.0008182890876737693,0.5362336463137153
75,197,Stage 3,Stage 3,1.7995095437804753e-05,0.6595428488323111
75,198,Stage 3,Stage 2,4.530782594384653e-05,0.5554603519705184
75,199,Stage 3,Stage 3,0.001187275729971093,0.4399381343226477
75,200,Stage 3,Stage 2,3.5405953571490977e-06,0.5533939327800474
75,201,Stage 3,Stage 2,5.6467074817945025e-06,0.5995618374412144
75,202,Stage 3,Stage 3,4.134767763621824e-05,0.5070434955125737
75,203,Stage 3,Stage 3,3.651490564747566e-05,0.5470496220200476
75,204,Stage 3,Stage 3,3.131171732287412e-07,0.5384379634233469
75,205,Stage 3,Stage 2,6.004562636878693e-06,0.6066671443067114
75,206,Stage 3,Stage 3,1.5235285621677028e-05,0.6522733082149317
75,207,Stage 3,Stage 3,2.608796146187074e-06,0.5394901600421848
75,208,Stage 3,Stage 3,2.6216235001177475e-06,0.6399087686698769
75,209,Stage 3,Stage 3,4.0656411364049863e-07,0.716132749296478
75,210,Stage 3,Stage 3,3.601000255945193e-06,0.7609708860123308
75,211,Stage 3,Stage 3,2.771779242914771e-07,0.7513583873925567
75,212,Stage 3,Stage 3,2.5154462209204305e-06,0.7763644025623025
75,213,Stage 3,Stage 3,0.00010482485811455643,0.6235368141757742
75,214,Stage 3,Stage 3,5.837955836825812e-09,0.8686129763482067
75,215,Stage 3,Stage 3,2.5079875358542423e-08,0.7431315836729795
75,216,Stage 3,Stage 3,5.147153543424321e-06,0.7112146274180069
75,217,Stage 3,Stage 2,4.324673124023479e-06,0.5528874144495016
75,218,Stage 3,Stage 3,1.8090489670424643e-06,0.8565082415717776
75,219,Stage 3,Stage 3,9.186506090245449e-08,0.744290002592161
75,220,Stage 3,Stage 3,1.1329041312511132e-08,0.6048930303634729
75,221,Stage 3,Stage 3,1.1905910841458954e-07,0.753247805032324
75,222,Stage 3,Stage 2,5.053400012745227e-09,0.5641777038283123
75,223,Stage 3,Stage 3,3.021102937606018e-09,0.8145839873842871
75,224,Stage 3,Stage 3,1.7681363616334307e-08,0.856906510907322
75,225,Stage 3,Stage 3,3.02619959895065e-08,0.765066967586367
75,226,Stage 3,Stage 3,9.987932680224507e-10,0.751538855938963
75,227,Stage 3,Stage 3,3.7536702470737435e-09,0.8791113104881906
75,228,Stage 3,Stage 3,4.802347363904645e-10,0.8224313756327901
75,229,Stage 3,Stage 3,8.672412212605852e-10,0.7823702201611151
78,1,Stage 1,Stage 1,0.0028846779449687664,0.997114915905788
78,2,Stage 1,Stage 1,0.001711688375714653,0.998288175365612
78,3,Stage 1,Stage 1,0.0025856882676360783,0.9974139644950425
78,4,Stage 1,Stage 1,0.01562511507943765,0.984365478103792
78,5,Stage 1,Stage 1,0.009276597092336214,0.990719778440628
78,6,Stage 1,Stage 1,0.007919654421190981,0.9920775893506506
78,7,Stage 1,Stage 1,0.011387653601650751,0.9886074021259469
78,8,Stage 1,Stage 1,0.0006483712535046628,0.9993516033147916
78,9,Stage 1,Stage 1,0.007219063733984816,0.9927787256696144
78,10,Stage 1,Stage 1,0.014555317817994039,0.9854364163522439
78,11,Stage 1,Stage 1,0.0027282820945557285,0.9972712634391769
78,12,Stage 1,Stage 1,0.008269444179695894,0.9917282111314567
78,13,Stage 1,Stage 1,0.049043930064749726,0.9508701453736949
78,14,Stage 1,Stage 1,0.010921781916778143,0.9890729492018869
78,15,Stage 1,Stage 1,0.04864315483935457,0.951274492404375
78,16,Stage 1,Stage 1,0.002574045639153111,0.9974256637799476
78,17,Stage 1,Stage 1,0.002239790409511971,0.9977599537821904
78,18,Stage 1,Stage 1,0.0022730362418151603,0.9977266697133141
78,19,Stage 1,Stage 1,0.031997730593011586,0.9679644610524003
78,20,Stage 1,Stage 1,0.021799539777548744,0.9781831802685981
78,21,Stage 1,Stage 1,0.015979496016595113,0.9840115680125463
78,22,Stage 1,Stage 1,0.015082007611807767,0.9849091839399575
78,23,Stage 1,Stage 1,0.0007728702773152579,0.9992270980999801
78,24,Stage 1,Stage 1,0.01879284946730902,0.9811960530724921
78,25,Stage 1,Stage 1,0.01487738390924065,0.9851138006668909
78,26,Stage 1,Stage 1,0.028403291982516773,0.9715689738860774
78,27,Stage 1,Stage 1,0.003973885454567244,0.9960254749825608
78,28,Stage 1,Stage 1,0.0028943498609432304,0.9971052277922902
78,29,Stage 1,Stage 1,0.00205052391048115,0.9979492780398632
78,30,Stage 1,Stage 1,0.014607969812736496,0.9853837518462962
78,31,Stage 1,Stage 1,0.011627641233526958,0.9883676188989461
78,32,Stage 1,Stage 1,0.0016738104698604363,0.9983260677049403
78,33,Stage 1,Stage 1,0.010074192228227023,0.9899215687234616
78,34,Stage 1,Stage 1,0.00226947435245842,0.997730272101092
78,35,Stage 1,Stage 1,0.004760263732999833,0.9952387169288203
78,36,Stage 1,Stage 1,0.04489014679150145,0.9550390432214516
78,37,Stage 1,Stage 1,0.01905873326503582,0.9809238382128916
78,38,Stage 1,Stage 1,0.0071589361325347465,0.9928389740114837
78,39,Stage 1,Stage 1,0.008268037669552959,0.9917291643295001
78,40,Stage 1,Stage 1,0.008697911845554412,0.9912993777431408
78,41,Stage 1,Stage 1,0.0771718762995187,0.9226179322989261
78,42,Stage 1,Stage 1,0.07369366049976177,0.9261307089300314
78,43,Stage 1,Stage 1,0.021977310458146302,0.9780014046831148
78,44,Stage 1,Stage 1,0.010077143544260637,0.9899187254611798
78,45,Stage 1,Stage 1,0.02004661715829122,0.9799354751635106
78,46,Stage 1,Stage 1,0.01368200847939237,0.9863097696021971
78,47,Stage 1,Stage 1,0.0014107541244970038,0.9985891492143512
78,48,Stage 1,Stage 1,0.018141142871977947,0.9818471842460367
78,49,Stage 1,Stage 1,0.04109962169313951,0.9588477003352047
78,50,Stage 1,Stage 1,0.0014542832431582746,0.9985456172626258
78,51,Stage 1,Stage 1,0.04627055634682701,0.9536427851362798
78,52,Stage 1,Stage 1,0.011651400620109685,0.9883433773933679
78,53,Stage 1,Stage 1,0.010673515498357596,0.98932197640622
78,54,Stage 1,Stage 1,0.03334642813075615,0.966619818141921
78,55,Stage 1,Stage 1,0.004088296696973752,0.9959111116274981
78,56,Stage 1,Stage 1,0.007656215575629011,0.992341253118403
78,57,Stage 1,Stage 1,0.005044656803266272,0.9949541660378607
78,58,Stage 1,Stage 1,0.14173642430241842,0.8575574822826536
78,59,Stage 1,Stage 1,0.01691417574415038,0.9830746630580834
78,60,Stage 1,Stage 1,0.015826902819294702,0.984163305507113
78,61,Stage 1,Stage 1,0.013633452386211595,0.9863597330316878
78,62,Stage 1,Stage 1,0.011305664657724021,0.988688406375797
78,63,Stage 1,Stage 1,0.044406407475175255,0.9555326427335632
78,64,Stage 1,Stage 1,0.012693854151280777,0.9872995805162641
78,65,Stage 1,Stage 1,0.017763464263210803,0.9822237713261059
78,66,Stage 1,Stage 1,0.04350263181838584,0.9564370538366588
78,67,Stage 1,Stage 1,0.07267730516054796,0.9271696990956453
78,68,Stage 1,Stage 1,0.07676447986210064,0.9230419954159126
78,69,Stage 1,Stage 1,0.0073491047697871875,0.9926489787348486
78,70,Stage 1,Stage 1,0.0007926087997608309,0.9992073549305384
78,71,Stage 1,Stage 1,0.041056603581136664,0.9588867521382607
78,72,Stage 1,Stage 1,0.04756648198901186,0.952351348493204
78,73,Stage 1,Stage 1,0.015312213840664477,0.9846786172282961
78,74,Stage 1,Stage 1,0.20058015199802462,0.7979079905470169
78,75,Stage 1,Stage 1,0.019197794049215424,0.9807877723731075
78,76,Stage 1,Stage 1,0.0033291175879687045,0.996670357161385
78,77,Stage 1,Stage 1,0.03738135520997986,0.9625708340370756
78,78,Stage 1,Stage 1,0.2654596273919643,0.7318019311864145
78,79,Stage 1,Stage 1,0.00845041098841324,0.9915461410113812
78,80,Stage 1,Stage 1,0.39196845982694817,0.6034161973918415
78,81,Stage 1,Stage 1,0.0036079613961765736,0.996391355229829
78,82,Stage 1,Stage 1,0.004570932525361471,0.9954281124577928
78,83,Stage 1,Stage 1,0.020935035732017885,0.9790503835732797
78,84,Stage 1,Stage 1,0.021494292976400497,0.9784865048010115
78,85,Stage 1,Stage 1,0.1386074689000062,0.8608083258623429
78,86,Stage 1,Stage 1,0.045839974228416,0.9540659857095742
78,87,Stage 1,Stage 1,0.21361896741757144,0.7849229106909963
78,88,Stage 1,Stage 1,0.06196167047577607,0.9379047885124064
78,89,Stage 1,Stage 1,0.041312393042128304,0.9586266012597763
78,90,Stage 1,Stage 4,0.791990406592562,0.791990406592562
78,91,Stage 1,Stage 1,0.034414238418845514,0.9655483693358734
78,92,Stage 1,Stage 1,0.02172201022738592,0.9782582725514333
78,93,Stage 1,Stage 1,0.05460042864364936,0.9453055927491268
78,94,Stage 1,Stage 1,0.07808329950282024,0.9217086922339549
78,95,Stage 1,Stage 1,0.02608449124384617,0.9738917772695397
78,96,Stage 1,Stage 1,0.28493631721528667,0.7123397362134146
78,97,Stage 1,Stage 1,0.1783161385103955,0.8206259800308212
78,98,Stage 1,Stage 1,0.06681518657969487,0.9330334160601041
78,99,Stage 1,Stage 1,0.02367485278276598,0.9763054743944599
78,100,Stage 1,Stage 1,0.02510909564033565,0.974869763246311
78,101,Stage 1,Stage 1,0.12737820457539714,0.8720528293176937
78,102,Stage 1,Stage 1,0.08816143537514676,0.9115870730381336
78,103,Stage 1,Stage 4,0.5630181918240288,0.5630181918240288
78,104,Stage 1,Stage 1,0.012032188122435892,0.9879623645637637
78,105,Stage 1,Stage 1,0.2877653744312762,0.7090449909345076
78,106,Stage 1,Stage 1,0.30924807973171375,0.687512994068853
78,107,Stage 1,Stage 1,0.04734762720158995,0.9525856745433193
78,108,Stage 1,Stage 1,0.01863670375327704,0.981351074355384
78,109,Stage 1,Stage 1,0.13690511605606018,0.8624795372459806
78,110,Stage 1,Stage 1,0.19977074007392578,0.7988643018154302
78,111,Stage 1,Stage 1,0.4405439686727926,0.5514788599680807
78,112,Stage 1,Stage 1,0.21832975564156537,0.7796044842640986
78,113,Stage 1,Stage 1,0.013682112656372371,0.98630841247604
78,114,Stage 1,Stage 1,0.2217963834430536,0.776456576657756
78,115,Stage 1,Stage 1,0.06428943679480649,0.9355781132771942
78,116,Stage 1,Stage 1,0.07317223892888389,0.9266541324733248
78,117,Stage 1,Stage 1,0.13739363457788514,0.8621092238482202
78,118,Stage 4,Stage 1,0.41920658155375007,0.5744377387209493
78,119,Stage 1,Stage 1,0.07479387978714278,0.9250229252318986
78,120,Stage 1,Stage 1,0.0465133177749957,0.9534234818748187
78,121,Stage 1,Stage 1,0.4399025473795618,0.5528347560169914
78,122,Stage 1,Stage 1,0.05894339896086923,0.9409349882236573
78,123,Stage 1,Stage 1,0.41124314918793803,0.5821458532869692
78,124,Stage 1,Stage 1,0.0517874343502386,0.9481201776572499
78,125,Stage 1,Stage 1,0.3184597454073151,0.6777289186865033
78,126,Stage 4,Stage 4,0.5226288899534406,0.5226288899534406
78,127,Stage 1,Stage 1,0.19531783693766006,0.803317580147343
78,128,Stage 1,Stage 1,0.18260828531543838,0.8163528398362166
78,129,Stage 1,Stage 1,0.021718337612561714,0.9782644133094994
78,130,Stage 4,Stage 4,0.5008869037233001,0.5008869037233001
78,131,Stage 1,Stage 1,0.22673841961851196,0.7716796648153744
78,132,Stage 1,Stage 1,0.1589340446848755,0.840133931196307
78,133,Stage 1,Stage 1,0.22769798527575982,0.7706310163245692
78,134,Stage 1,Stage 1,0.2746345843387926,0.7229374780109712
78,135,Stage 1,Stage 1,0.041403032195255735,0.9585387734341926
78,136,Stage 4,Stage 1,0.23396856780947653,0.7639554812303311
78,137,Stage 1,Stage 1,0.47325357312581307,0.5159270743023125
78,138,Stage 1,Stage 1,0.4720510834682573,0.5185973371898377
78,139,Stage 1,Stage 4,0.5999862884720913,0.5999862884720913
78,140,Stage 4,Stage 4,0.6274999356929778,0.6274999356929778
78,141,Stage 1,Stage 1,0.14858391079757094,0.8506816718061737
78,142,Stage 1,Stage 1,0.35702246523351483,0.638062657913826
78,143,Stage 4,Stage 1,0.45395517373257793,0.5378727953154092
78,144,Stage 4,Stage 4,0.7686580837818618,0.7686580837818618
78,145,Stage 4,Stage 4,0.5526940746257603,0.5526940746257603
78,146,Stage 1,Stage 1,0.15922796492928498,0.8399602080221524
78,147,Stage 1,Stage 1,0.4802128870605263,0.5102110584899858
78,148,Stage 1,Stage 4,0.6596910724908288,0.6596910724908288
78,149,Stage 4,Stage 4,0.7916463444147286,0.7916463444147286
78,150,Stage 4,Stage 1,0.26699546467744917,0.7307154962640431
78,151,Stage 4,Stage 4,0.7896634849673563,0.7896634849673563
78,152,Stage 1,Stage 1,0.2256611045575633,0.772836248356148
78,153,Stage 4,Stage 4,0.7895634738651016,0.7895634738651016
78,154,Stage 1,Stage 1,0.4421456504542436,0.54917188054995
78,155,Stage 4,Stage 4,0.7959791987172296,0.7959791987172296
78,156,Stage 4,Stage 4,0.5733318861397527,0.5733318861397527
78,157,Stage 4,Stage 4,0.6318680747785763,0.6318680747785763
78,158,Stage 1,Stage 1,0.2496304215545582,0.7478683088309132
78,159,Stage 4,Stage 4,0.6917714183030103,0.6917714183030103
78,160,Stage 4,Stage 4,0.7760093702722232,0.7760093702722232
78,161,Stage 4,Stage 4,0.5970858695230093,0.5970858695230093
78,162,Stage 4,Stage 1,0.4288946335516681,0.564826607262092
78,163,Stage 4,Stage 0,0.48929622099781533,0.4904557218139951
78,164,Stage 4,Stage 4,0.7808479010534076,0.7808479010534076
78,165,Stage 4,Stage 4,0.7616988423590716,0.7616988423590716
78,166,Stage 4,Stage 4,0.7868935498097644,0.7868935498097644
78,167,Stage 4,Stage 4,0.7490800310542687,0.7490800310542687
78,168,Stage 4,Stage 4,0.7397493540630662,0.7397493540630662
78,169,Stage 4,Stage 4,0.6387854453866958,0.6387854453866958
78,170,Stage 4,Stage 4,0.7792276757755797,0.7792276757755797
78,171,Stage 4,Stage 4,0.7666222453858462,0.7666222453858462
78,172,Stage 4,Stage 4,0.8037926374594083,0.8037926374594083
78,173,Stage 4,Stage 4,0.5413805212124535,0.5413805212124535
78,174,Stage 4,Stage 4,0.7249689645739951,0.7249689645739951
78,175,Stage 0,Stage 4,0.6807670158452883,0.6807670158452883
78,176,Stage 4,Stage 4,0.7601161506517512,0.7601161506517512
78,177,Stage 4,Stage 4,0.5719121698985873,0.5719121698985873
78,178,Stage 4,Stage 4,0.7570103008003769,0.7570103008003769
78,179,Stage 0,Stage 0,0.10724783394502399,0.6835861053160913
78,180,Stage 0,Stage 0,0.18670666608961303,0.7306437434036319
78,181,Stage 0,Stage 0,0.39153759381675607,0.5747274833044701
78,182,Stage 0,Stage 0,0.0936535844687319,0.7498686862986425
78,183,Stage 0,Stage 0,0.23278097695916153,0.7154653416180705
78,184,Stage 0,Stage 0,0.22530082422012077,0.6762162168050669
78,185,Stage 4,Stage 0,0.3757139285452371,0.5952557243149454
78,186,Stage 0,Stage 0,0.16651328038609411,0.7350158081396915
78,187,Stage 0,Stage 0,0.1803471166514073,0.6748721575558815
78,188,Stage 0,Stage 0,0.02660005645699521,0.6394393307501451
78,189,Stage 0,Stage 0,0.3157816363546135,0.6508715173917347
78,190,Stage 0,Stage 0,0.4694467251426275,0.5112701273421972
78,191,Stage 0,Stage 0,0.10575433437582649,0.7571518642174482
78,192,Stage 0,Stage 0,0.19308628527233943,0.7116483522943242
78,193,Stage 0,Stage 0,0.0424467863358131,0.7107226139846667
78,194,Stage 0,Stage 0,0.09266126299996409,0.694147681701632
78,195,Stage 0,Stage 0,0.045420735662302925,0.6764432177169968
78,196,Stage 0,Stage 0,0.2254936567192043,0.7124614651053747
78,197,Stage 0,Stage 2,0.006149145375734624,0.439285093613939
78,198,Stage 0,Stage 2,0.0018750273752514803,0.367681995262203
78,199,Stage 0,Stage 0,0.02976661822418157,0.6875925061493753
78,200,Stage 0,Stage 2,0.003996431107499083,0.4066020463058433
78,201,Stage 0,Stage 0,0.08674395272600295,0.7708789821348658
78,202,Stage 0,Stage 0,0.2271672410577756,0.7017071852970607
78,203,Stage 0,Stage 2,0.007427464166719263,0.4292992789824207
78,204,Stage 0,Stage 0,0.007361303319727994,0.45369941373708145
78,205,Stage 0,Stage 3,0.0021932396828575956,0.5468190297278636
78,206,Stage 0,Stage 2,0.001926810941533056,0.48228410939359756
78,207,Stage 3,Stage 3,0.0001307489914913268,0.4911648347720297
78,208,Stage 0,Stage 3,0.0015778822692591797,0.4117044286255809
78,209,Stage 3,Stage 2,0.00011435831100136087,0.5241909929675217
78,210,Stage 3,Stage 2,0.0001505282081218007,0.6882286451206028
78,211,Stage 3,Stage 3,9.751148063187003e-05,0.6594734240864266
78,212,Stage 3,Stage 2,0.0001718390252728055,0.6447880043606636
78,213,Stage 3,Stage 2,0.0025932880663697725,0.3938938731370472
78,214,Stage 3,Stage 3,0.0009946447045441568,0.5431211979230467
78,215,Stage 3,Stage 2,1.0020011673588786e-05,0.7221752842627778
78,216,Stage 3,Stage 2,0.000266486230804145,0.5519862146381137
78,217,Stage 3,Stage 2,1.432643737509495e-05,0.5203955799085946
78,218,Stage 3,Stage 3,8.561727448271691e-06,0.5274179460228825
78,219,Stage 3,Stage 3,2.751166719533354e-06,0.657381951387721
78,220,Stage 3,Stage 2,9.68303615509717e-05,0.5654243699734633
78,221,Stage 3,Stage 3,5.5963361892814775e-06,0.5393755694878373
78,222,Stage 3,Stage 2,8.051946162531878e-06,0.5036193078146042
78,223,Stage 3,Stage 3,4.149114787373771e-05,0.5030218459379473
78,224,Stage 3,Stage 3,6.445659917692273e-06,0.5724568167771328
78,225,Stage 3,Stage 3,1.3515095944999419e-08,0.7047876071830368
78,226,Stage 3,Stage 2,9.723022371557463e-08,0.5402334969385352
78,227,Stage 3,Stage 3,3.8692506388542234e-08,0.6992554363075518
78,228,Stage 3,Stage 3,8.493418082313411e-07,0.5736828132819645
78,229,Stage 3,Stage 3,7.962290190804199e-08,0.6944223213495544
78,230,Stage 3,Stage 3,8.055446457609182e-09,0.7203023221387674
78,231,Stage 3,Stage 3,3.435574483605425e-09,0.9256017074051666
83,1,Stage 1,Stage 1,0.011845024203357861,0.9881497078515198
83,2,Stage 1,Stage 1,0.0013488703268139546,0.9986510376957256
83,3,Stage 1,Stage 1,0.004264435546473837,0.9957348154516839
83,4,Stage 1,Stage 1,0.06846606844940936,0.9313719561539067
83,5,Stage 1,Stage 1,0.006744053193736821,0.9932536990173427
83,6,Stage 1,Stage 1,0.016250197388819936,0.9837410550731354
83,7,Stage 1,Stage 1,0.0015577778226233507,0.9984420955911771
83,8,Stage 1,Stage 1,0.004981517918728375,0.9950174357024048
83,9,Stage 1,Stage 1,0.0010318311374881747,0.9989681082316854
83,10,Stage 1,Stage 1,0.020697697849977284,0.9792859245184711
83,11,Stage 1,Stage 1,0.00217877351876735,0.9978209949640088
83,12,Stage 1,Stage 1,0.007829441631615752,0.992168017708597
83,13,Stage 1,Stage 1,0.008858436596017538,0.991138368664572
83,14,Stage 1,Stage 1,0.02013197352567864,0.9798544650033021
83,15,Stage 1,Stage 1,0.023848866533799216,0.9761307829341805
83,16,Stage 1,Stage 1,0.021511214224020185,0.9784715269463446
83,17,Stage 1,Stage 1,0.009676870204036084,0.9903190729167978
83,18,Stage 1,Stage 1,0.0032972496345070965,0.9967023033205904
83,19,Stage 1,Stage 1,0.05074726417430212,0.9491778040908695
83,20,Stage 1,Stage 1,0.0012615920161652711,0.9987383344810974
83,21,Stage 1,Stage 1,0.028353730280772132,0.971614591648375
83,22,Stage 1,Stage 1,0.009232470677985265,0.9907640246582303
83,23,Stage 1,Stage 1,0.05498655763634475,0.9449147103591632
83,24,Stage 1,Stage 1,0.046270268397573734,0.9536633839111515
83,25,Stage 1,Stage 1,0.003154863143211308,0.9968446880519443
83,26,Stage 1,Stage 1,0.0035259449050869455,0.9964733726986719
83,27,Stage 1,Stage 1,0.033595107394898814,0.9663647173437828
83,28,Stage 1,Stage 1,0.016722965941828146,0.9832682133441232
83,29,Stage 1,Stage 1,0.005839037358698359,0.994159791186678
83,30,Stage 1,Stage 1,0.028579731519024827,0.9713868349534848
83,31,Stage 1,Stage 1,0.09955048448125374,0.9001099329931597
83,32,Stage 1,Stage 1,0.005471755949756314,0.9945269552117288
83,33,Stage 1,Stage 1,0.004782898462853465,0.9952160775678538
83,34,Stage 1,Stage 1,0.025585633362102927,0.9743901952834753
83,35,Stage 1,Stage 1,0.04959919045454087,0.9503150165678422
83,36,Stage 1,Stage 1,0.042190095522338544,0.9577426027923454
83,37,Stage 1,Stage 1,0.003815922277879645,0.9961834824121643
83,38,Stage 1,Stage 1,0.014348171867674155,0.9856436521858374
83,39,Stage 1,Stage 1,0.005576268335775709,0.9944222925846631
83,40,Stage 1,Stage 1,0.07953359021204381,0.9202405912467089
83,41,Stage 1,Stage 1,0.050596276676149424,0.9493185394781537
83,42,Stage 1,Stage 1,0.008183324615862679,0.9918142897625027
83,43,Stage 1,Stage 1,0.00460972874137704,0.9953893229928349
83,44,Stage 1,Stage 1,0.0032138109099125317,0.996785693852324
83,45,Stage 1,Stage 1,0.06404081090394316,0.9358193767941055
83,46,Stage 1,Stage 1,0.006950662538081219,0.9930472925803495
83,47,Stage 1,Stage 1,0.027481723383617186,0.9724897121506341
83,48,Stage 1,Stage 1,0.09737161680398998,0.902331470795652
83,49,Stage 1,Stage 1,0.010660051178842883,0.989335602918932
83,50,Stage 1,Stage 1,0.000992559190320863,0.9990073958795941
83,51,Stage 1,Stage 1,0.1933865088565573,0.8054549836012714
83,52,Stage 1,Stage 1,0.0032515095980404254,0.996748021176593
83,53,Stage 1,Stage 1,0.008474139179362862,0.9915230506543565
83,54,Stage 1,Stage 1,0.01345913818457075,0.9865337482989397
83,55,Stage 1,Stage 1,0.09791212603073608,0.9017631903083627
83,56,Stage 1,Stage 1,0.013148181812832966,0.9868456744999491
83,57,Stage 1,Stage 1,0.04508296968254408,0.9548447470865514
83,58,Stage 1,Stage 1,0.010436857609380266,0.9895568230618998
83,59,Stage 1,Stage 1,0.09788023444910388,0.9017253768981187
83,60,Stage 1,Stage 1,0.00192833832185317,0.9980714742747732
83,61,Stage 1,Stage 1,0.09636911375298597,0.9033491657477456
83,62,Stage 1,Stage 1,0.10644641669850473,0.893162186341163
83,63,Stage 1,Stage 1,0.006265420542964564,0.993732723761846
83,64,Stage 1,Stage 1,0.01545516676744725,0.9845345546788701
83,65,Stage 1,Stage 1,0.021252432406583956,0.9787281347994012
83,66,Stage 1,Stage 1,0.0045485396217607044,0.9954503866599635
83,67,Stage 1,Stage 1,0.009127386935594997,0.990869264305681
83,68,Stage 1,Stage 1,0.04379828208883568,0.9561214071336548
83,69,Stage 1,Stage 1,0.009269807162541171,0.9907267195804552
83,70,Stage 1,Stage 1,0.03935792567093455,0.9605894041697213
83,71,Stage 1,Stage 1,0.02507714521477447,0.9748987870733065
83,72,Stage 1,Stage 1,0.025807600622173126,0.974168936929255
83,73,Stage 1,Stage 1,0.014523923353684636,0.9854672836511761
83,74,Stage 1,Stage 1,0.011920661348541374,0.988073462916256
83,75,Stage 1,Stage 1,0.04806012587826266,0.9518512744275234
83,76,Stage 1,Stage 1,0.06776312791788512,0.9320781584095782
83,77,Stage 1,Stage 1,0.016760370355856345,0.9832287572174999
83,78,Stage 1,Stage 1,0.02524922289560064,0.9747275360654767
83,79,Stage 1,Stage 1,0.001064951998740771,0.9989349695215586
83,80,Stage 1,Stage 1,0.018643563231127827,0.9813418621643196
83,81,Stage 1,Stage 1,0.03218757119527483,0.9677748993911546
83,82,Stage 1,Stage 1,0.04039766291730898,0.9595459199641649
83,83,Stage 1,Stage 1,0.025296111271124008,0.9746794260172552
83,84,Stage 1,Stage 1,0.030306904698156514,0.9696547024330069
83,85,Stage 1,Stage 1,0.00355799278263827,0.9964413725623892
83,86,Stage 1,Stage 1,0.07115274253232484,0.9286629285371372
83,87,Stage 1,Stage 1,0.009054796984582362,0.9909416344986737
83,88,Stage 1,Stage 1,0.00515613591167559,0.9948427929635674
83,89,Stage 1,Stage 1,0.003106033661130775,0.9968934887185755
83,90,Stage 1,Stage 1,0.009720169359732966,0.9902767111673039
83,91,Stage 1,Stage 1,0.02975973909218362,0.9702066402316106
83,92,Stage 1,Stage 1,0.08200776925886762,0.9177523372371131
83,93,Stage 1,Stage 1,0.005519814438949033,0.9944787456479092
83,94,Stage 1,Stage 1,0.0495230115032494,0.9504005904776281
83,95,Stage 1,Stage 1,0.12127210178380791,0.8782413625124883
83,96,Stage 1,Stage 1,0.036781710108356055,0.9631749951971433
83,97,Stage 1,Stage 1,0.023970401908662002,0.9760075839943474
83,98,Stage 1,Stage 1,0.05562289502251257,0.9442697685656821
83,99,Stage 1,Stage 1,0.0008204074898976877,0.9991795546101631
83,100,Stage 1,Stage 1,0.012618774425996357,0.9873754345913269
83,101,Stage 1,Stage 1,0.017221553896068116,0.9827669699595112
83,102,Stage 1,Stage 1,0.16663654266876116,0.8324012925298946
83,103,Stage 1,Stage 1,0.050005608421071254,0.9499097547271353
83,104,Stage 1,Stage 1,0.037397877979660814,0.9625607028988207
83,105,Stage 1,Stage 1,0.01799365674100803,0.9819954752407375
83,106,Stage 1,Stage 1,0.024170021288257845,0.9758068121259473
83,107,Stage 1,Stage 1,0.02472919490540431,0.9752477897023777
83,108,Stage 1,Stage 1,0.11528546492064708,0.8842943414712804
83,109,Stage 1,Stage 1,0.08178061038298537,0.917967262339965
83,110,Stage 1,Stage 1,0.02629436377045236,0.9736805060891616
83,111,Stage 1,Stage 1,0.24755220114244364,0.7502972319717667
83,112,Stage 1,Stage 1,0.021343760614664413,0.9786388614785809
83,113,Stage 1,Stage 1,0.06209462096763502,0.9377684328511734
83,114,Stage 1,Stage 1,0.23168923783750028,0.7662316729807904
83,115,Stage 1,Stage 1,0.02205939791243496,0.9779250868394449
83,116,Stage 1,Stage 1,0.04387275563470667,0.9560545407765496
83,117,Stage 1,Stage 1,0.19274827029323024,0.8061799109082193
83,118,Stage 1,Stage 1,0.1400054948490302,0.8593150168733931
83,119,Stage 1,Stage 1,0.1988409506984776,0.7996182629546776
83,120,Stage 1,Stage 1,0.042917605794061696,0.9570130127363294
83,121,Stage 1,Stage 1,0.07083443542962341,0.9290157906626066
83,122,Stage 1,Stage 1,0.10167884997611296,0.8979642389593057
83,123,Stage 1,Stage 1,0.21446232102729107,0.7838892784673275
83,124,Stage 1,Stage 1,0.39448445886291655,0.5979251859081528
83,125,Stage 1,Stage 1,0.01826728582597119,0.981720254404219
83,126,Stage 1,Stage 1,0.038682536884999,0.9612626607722112
83,127,Stage 1,Stage 1,0.07959943515740424,0.9201922458348878
83,128,Stage 1,Stage 1,0.02182558128823106,0.9781588899560854
83,129,Stage 1,Stage 1,0.09069576535897847,0.9089805247930882
83,130,Stage 1,Stage 1,0.004335078771651609,0.9956641049815244
83,131,Stage 1,Stage 1,0.11640119392105279,0.8832156336415415
83,132,Stage 1,Stage 1,0.11092078706127044,0.8887227138073794
83,133,Stage 1,Stage 4,0.5689575053631626,0.5689575053631626
83,134,Stage 1,Stage 1,0.08482193110129242,0.9149545282389688
83,135,Stage 1,Stage 1,0.326996587228837,0.6701165172448179
83,136,Stage 1,Stage 1,0.08616268824144648,0.9135690637874204
83,137,Stage 1,Stage 1,0.017452860163585496,0.9825360328794911
83,138,Stage 1,Stage 1,0.0595639099674584,0.9403182603397499
83,139,Stage 1,Stage 1,0.06268892333227905,0.9371790663342559
83,140,Stage 1,Stage 1,0.016894628686772054,0.9830937400432664
83,141,Stage 1,Stage 1,0.05628993809365199,0.9436004628882315
83,142,Stage 1,Stage 1,0.17648101770359778,0.8225571223430939
83,143,Stage 1,Stage 1,0.09296594793667963,0.9067550084939106
83,144,Stage 1,Stage 1,0.35427728191725133,0.6409934006375645
83,145,Stage 1,Stage 1,0.038094575435319536,0.9618542946248267
83,146,Stage 1,Stage 1,0.19081529619464457,0.8080477542122657
83,147,Stage 1,Stage 4,0.60429359047141,0.60429359047141
83,148,Stage 1,Stage 1,0.19217855423377458,0.8067097304261566
83,149,Stage 4,Stage 4,0.5947552361903736,0.5947552361903736
83,150,Stage 1,Stage 1,0.0699320904092206,0.9299007865571488
83,151,Stage 1,Stage 1,0.0929281337270518,0.9067839940769863
83,152,Stage 1,Stage 1,0.09498739218270692,0.9047011767086928
83,153,Stage 1,Stage 1,0.031108839904794523,0.9688597921826468
83,154,Stage 1,Stage 1,0.09600445804454194,0.9036849688986981
83,155,Stage 1,Stage 1,0.43768943643429364,0.5555229323554879
83,156,Stage 1,Stage 1,0.1116944595525792,0.8878682674934956
83,157,Stage 1,Stage 1,0.09856458461722974,0.901105657100953
83,158,Stage 4,Stage 4,0.7507654676202798,0.7507654676202798
83,159,Stage 1,Stage 1,0.016890477938887098,0.9830993117420238
83,160,Stage 1,Stage 1,0.46123345803277244,0.5287399732957464
83,161,Stage 1,Stage 1,0.35337379568545135,0.6428317400680006
83,162,Stage 4,Stage 1,0.2911452862642711,0.7062817653009756
83,163,Stage 1,Stage 1,0.08014409764680905,0.9196287914946785
83,164,Stage 1,Stage 1,0.44650105249439553,0.5462153236574461
83,165,Stage 1,Stage 1,0.12821215053242602,0.8712447662680609
83,166,Stage 4,Stage 4,0.6277614486677688,0.6277614486677688
83,167,Stage 4,Stage 1,0.30914259819859324,0.687107512312829
83,168,Stage 1,Stage 1,0.1817039698901293,0.8171592946081905
83,169,Stage 1,Stage 1,0.3970642763182754,0.5970987596555761
83,170,Stage 1,Stage 4,0.5378509344340088,0.5378509344340088
83,171,Stage 1,Stage 4,0.5706177901248415,0.5706177901248415
83,172,Stage 1,Stage 1,0.2884920102297353,0.7085781782825343
83,173,Stage 1,Stage 1,0.46985340758000343,0.5206298652473001
83,174,Stage 4,Stage 4,0.7757715294035032,0.7757715294035032
83,175,Stage 1,Stage 1,0.15033142822762227,0.8489367313809325
83,176,Stage 1,Stage 1,0.41683150130973984,0.5772906942983558
83,177,Stage 1,Stage 4,0.5270047751367316,0.5270047751367316
83,178,Stage 1,Stage 1,0.4676171365267315,0.5222560394326619
83,179,Stage 4,Stage 4,0.7957391173939969,0.7957391173939969
83,180,Stage 1,Stage 1,0.050516244478163455,0.9493950622256919
83,181,Stage 1,Stage 1,0.22480272691193676,0.7736845766421657
83,182,Stage 1,Stage 4,0.6666570039524893,0.6666570039524893
83,183,Stage 4,Stage 4,0.5673072492611733,0.5673072492611733
83,184,Stage 4,Stage 4,0.7936648779355799,0.7936648779355799
83,185,Stage 4,Stage 4,0.5257790295521467,0.5257790295521467
83,186,Stage 4,Stage 4,0.7158572601969528,0.7158572601969528
83,187,Stage 4,Stage 1,0.40987324306847306,0.5839531354990435
83,188,Stage 4,Stage 4,0.6843194037397448,0.6843194037397448
83,189,Stage 4,Stage 4,0.7787198310740836,0.7787198310740836
83,190,Stage 4,Stage 4,0.5829248603422122,0.5829248603422122
83,191,Stage 4,Stage 4,0.582130000201969,0.582130000201969
83,192,Stage 4,Stage 4,0.6897886267805373,0.6897886267805373
83,193,Stage 4,Stage 4,0.5759696558640788,0.5759696558640788
83,194,Stage 4,Stage 4,0.7865275451974543,0.7865275451974543
83,195,Stage 4,Stage 4,0.5200686664734824,0.5200686664734824
83,196,Stage 4,Stage 4,0.7707779343325052,0.7707779343325052
83,197,Stage 1,Stage 4,0.7227758270650392,0.7227758270650392
83,198,Stage 4,Stage 4,0.7140642852937006,0.7140642852937006
83,199,Stage 4,Stage 4,0.7928472648708328,0.7928472648708328
83,200,Stage 4,Stage 1,0.4316032735614611,0.5616706846400097
83,201,Stage 4,Stage 1,0.3481551230212432,0.6480179735901792
83,202,Stage 4,Stage 4,0.7512641186725599,0.7512641186725599
83,203,Stage 4,Stage 4,0.7978050293778298,0.7978050293778298
83,204,Stage 4,Stage 4,0.7505843849760031,0.7505843849760031
83,205,Stage 4,Stage 4,0.7257473115380202,0.7257473115380202
83,206,Stage 4,Stage 4,0.7787225090105044,0.7787225090105044
83,207,Stage 4,Stage 4,0.7941719221380652,0.7941719221380652
83,208,Stage 4,Stage 4,0.8001181081966595,0.8001181081966595
83,209,Stage 4,Stage 1,0.4169145389866528,0.5759533389781454
83,210,Stage 4,Stage 4,0.5413071907954292,0.5413071907954292
83,211,Stage 4,Stage 0,0.47407964513555867,0.5066533673066465
83,212,Stage 4,Stage 4,0.5337643389155589,0.5337643389155589
83,213,Stage 4,Stage 4,0.7222652444355927,0.7222652444355927
83,214,Stage 4,Stage 4,0.6486944168965328,0.6486944168965328
83,215,Stage 4,Stage 4,0.7552349927195762,0.7552349927195762
83,216,Stage 4,Stage 4,0.7631339798228446,0.7631339798228446
83,217,Stage 4,Stage 4,0.5939913419277545,0.5939913419277545
83,218,Stage 4,Stage 4,0.8042213880810164,0.8042213880810164
83,219,Stage 4,Stage 4,0.7964593891225137,0.7964593891225137
83,220,Stage 4,Stage 4,0.7101896738108278,0.7101896738108278
83,221,Stage 4,Stage 4,0.6678653813975063,0.6678653813975063
83,222,Stage 4,Stage 0,0.1361780660161451,0.7320444964804087
83,223,Stage 4,Stage 4,0.6750507741252819,0.6750507741252819
83,224,Stage 4,Stage 0,0.4538970529658926,0.5102649339583364
83,225,Stage 4,Stage 4,0.509761400634477,0.509761400634477
83,226,Stage 4,Stage 4,0.767501929062017,0.767501929062017
83,227,Stage 0,Stage 0,0.31889772199893873,0.6253533373332897
83,228,Stage 4,Stage 4,0.7728856543922353,0.7728856543922353
83,229,Stage 4,Stage 4,0.7826324436594329,0.7826324436594329
83,230,Stage 0,Stage 0,0.18978017146134157,0.7413532731063494
83,231,Stage 0,Stage 4,0.6983575555253515,0.6983575555253515
83,232,Stage 0,Stage 0,0.4404889851764061,0.5093918520491074
83,233,Stage 4,Stage 4,0.7382178564511536,0.7382178564511536
83,234,Stage 4,Stage 4,0.5083329043170827,0.5083329043170827
83,235,Stage 0,Stage 4,0.5215161352442915,0.5215161352442915
83,236,Stage 0,Stage 0,0.3649058893571464,0.6119412301036558
83,237,Stage 0,Stage 0,0.026240636176345294,0.6153205401605876
83,238,Stage 0,Stage 0,0.11000887406931315,0.7449862757231378
83,239,Stage 0,Stage 0,0.08884975576837892,0.6926393998130579
83,240,Stage 0,Stage 0,0.05862239252719231,0.7344569664988259
83,241,Stage 0,Stage 0,0.2673627405406249,0.6854983900075738
83,242,Stage 0,Stage 0,0.029234000678854902,0.6515857695624422
83,243,Stage 0,Stage 0,0.36905814972810413,0.6076381784675775
83,244,Stage 0,Stage 0,0.052135331536954474,0.7384411090214008
83,245,Stage 0,Stage 0,0.16421279321988708,0.7551521477386827
83,246,Stage 0,Stage 0,0.21517563470278106,0.7272241577403651
83,247,Stage 0,Stage 0,0.06314184779902329,0.6542071519247517
83,248,Stage 0,Stage 0,0.04933121291123698,0.7527006219450707
83,249,Stage 0,Stage 0,0.12342768601431231,0.7775871577899616
83,250,Stage 0,Stage 0,0.01168003622653322,0.55232206784938
83,251,Stage 0,Stage 0,0.0733306783976212,0.6947195897336357
83,252,Stage 0,Stage 0,0.01256038427344057,0.5599271252996745
83,253,Stage 0,Stage 2,0.0033196931407380318,0.6412646956613461
83,254,Stage 0,Stage 0,0.08224277222156678,0.7694016922590379
83,255,Stage 0,Stage 0,0.03671995177830425,0.6973137569789394
83,256,Stage 0,Stage 0,0.012090802278350287,0.5472840762583725
83,257,Stage 0,Stage 0,0.05485657909586597,0.7665832597781786
83,258,Stage 0,Stage 0,0.1503084630918664,0.7736592480823077
83,259,Stage 0,Stage 0,0.018704014597122846,0.6159804321535405
83,260,Stage 3,Stage 3,0.0014019927793782747,0.3950132060287655
83,261,Stage 0,Stage 2,0.001902716625724272,0.46153007137310204
83,262,Stage 3,Stage 2,5.876482942223981e-05,0.48951121746253956
83,263,Stage 0,Stage 0,0.005398548835297236,0.4202903388048253
83,264,Stage 3,Stage 0,0.007260295257338125,0.42874986297604584
83,265,Stage 3,Stage 3,0.00022403963947438004,0.5510520774455812
83,266,Stage 0,Stage 0,0.02746009154957846,0.6902478837844678
83,267,Stage 3,Stage 3,4.5238777479846775e-05,0.7796192784346241
83,268,Stage 3,Stage 2,0.0002576033864031898,0.455114636865323
83,269,Stage 3,Stage 3,2.2230435153540883e-06,0.6851815448325552
83,270,Stage 3,Stage 2,6.105213263348531e-05,0.518342158356327
83,271,Stage 3,Stage 3,2.1097906824591575e-06,0.7367882166590123
83,272,Stage 3,Stage 2,0.0016917728412075054,0.5353413753853358
83,273,Stage 3,Stage 3,1.7727350731615427e-05,0.5911736269011926
83,274,Stage 3,Stage 3,2.7215571984204375e-05,0.6336600236993831
83,275,Stage 3,Stage 2,1.4733406015704296e-05,0.5955274473759888
83,276,Stage 3,Stage 2,0.00011847625471357296,0.5335018558973823
83,277,Stage 3,Stage 3,0.0004390797485533073,0.45774181805297187
83,278,Stage 3,Stage 3,7.275053161150837e-06,0.5172296643716718
83,279,Stage 3,Stage 3,7.484490915833144e-07,0.7917798261414846
83,280,Stage 3,Stage 2,0.00028304138171704403,0.5296210983116205
83,281,Stage 3,Stage 3,4.18436907416995e-08,0.7273021285788357
83,282,Stage 3,Stage 3,1.2204604088050054e-07,0.6807362560656841
83,283,Stage 3,Stage 3,1.3110051373971377e-06,0.6153783323173507
83,284,Stage 3,Stage 3,4.5764673586041565e-09,0.8399265084673966
83,285,Stage 3,Stage 3,8.902960190032156e-08,0.736239970204788
83,286,Stage 3,Stage 3,1.9919919125318546e-06,0.6288285422147907
83,287,Stage 3,Stage 3,2.4094102636947905e-08,0.7527023250381911
83,288,Stage 3,Stage 3,1.0837336322649884e-08,0.8459861201849822
83,289,Stage 3,Stage 3,2.6987883335480557e-09,0.5461702978686065
83,290,Stage 3,Stage 3,8.380216131677985e-10,0.8943354645154351
83,291,Stage 3,Stage 3,1.7024774588752722e-08,0.8163018886762092
83,292,Stage 3,Stage 3,2.6572859586013607e-09,0.8355650454247376
83,293,Stage 3,Stage 3,1.17418469675581e-09,0.8093991109423923
85,1,Stage 1,Stage 1,0.3509053996197042,0.644348741866795
85,2,Stage 4,Stage 1,0.2707096639776995,0.7269933812589221
85,3,Stage 4,Stage 4,0.6963722067201623,0.6963722067201623
85,4,Stage 4,Stage 4,0.49799994370959205,0.49799994370959205
85,5,Stage 4,Stage 1,0.144192446580061,0.8551615486904786
85,6,Stage 4,Stage 4,0.5011617367533091,0.5011617367533091
85,7,Stage 4,Stage 1,0.4562343799454391,0.5329754133466995
85,8,Stage 4,Stage 4,0.5823494298616391,0.5823494298616391
85,9,Stage 1,Stage 4,0.8056700271592325,0.8056700271592325
85,10,Stage 4,Stage 4,0.715983373524772,0.715983373524772
85,11,Stage 4,Stage 4,0.7796277570672537,0.7796277570672537
85,12,Stage 4,Stage 4,0.7884750463381246,0.7884750463381246
85,13,Stage 4,Stage 4,0.7271760440354147,0.7271760440354147
85,14,Stage 4,Stage 4,0.6983491113432282,0.6983491113432282
85,15,Stage 4,Stage 4,0.6504885299039428,0.6504885299039428
85,16,Stage 4,Stage 4,0.7778492677001875,0.7778492677001875
85,17,Stage 4,Stage 4,0.6824686168520795,0.6824686168520795
85,18,Stage 4,Stage 4,0.7876249269198967,0.7876249269198967
85,19,Stage 4,Stage 1,0.39095363243436454,0.6025838874214716
85,20,Stage 4,Stage 4,0.6854073657873124,0.6854073657873124
85,21,Stage 4,Stage 4,0.724334777303506,0.724334777303506
85,22,Stage 4,Stage 1,0.4940353949270423,0.49539357197276934
85,23,Stage 4,Stage 4,0.7711056220011707,0.7711056220011707
85,24,Stage 4,Stage 4,0.6433007076070418,0.6433007076070418
85,25,Stage 4,Stage 4,0.703900221748202,0.703900221748202
85,26,Stage 4,Stage 4,0.7864870666351887,0.7864870666351887
85,27,Stage 4,Stage 4,0.618391076700939,0.618391076700939
85,28,Stage 4,Stage 4,0.6499976815860804,0.6499976815860804
85,29,Stage 4,Stage 4,0.77879293836801,0.77879293836801
85,30,Stage 4,Stage 4,0.6666163214217925,0.6666163214217925
85,31,Stage 4,Stage 4,0.5938585755427226,0.5938585755427226
85,32,Stage 4,Stage 4,0.7265311934339513,0.7265311934339513
85,33,Stage 4,Stage 4,0.5287348284699607,0.5287348284699607
85,34,Stage 4,Stage 4,0.7419537507715537,0.7419537507715537
85,35,Stage 4,Stage 4,0.7924406678964977,0.7924406678964977
85,36,Stage 4,Stage 1,0.4751610837181435,0.5160787376304257
85,37,Stage 4,Stage 4,0.7680384263417797,0.7680384263417797
85,38,Stage 4,Stage 4,0.5702535821727917,0.5702535821727917
85,39,Stage 4,Stage 4,0.6875840067531631,0.6875840067531631
85,40,Stage 4,Stage 4,0.782548713093512,0.782548713093512
85,41,Stage 4,Stage 4,0.5154199075706325,0.5154199075706325
85,42,Stage 4,Stage 4,0.6334597754303894,0.6334597754303894
85,43,Stage 4,Stage 4,0.7870177711683206,0.7870177711683206
85,44,Stage 4,Stage 4,0.7515004194556237,0.7515004194556237
85,45,Stage 4,Stage 4,0.7454462463485871,0.7454462463485871
85,46,Stage 4,Stage 4,0.5267035651787068,0.5267035651787068
85,47,Stage 4,Stage 4,0.7075578110129983,0.7075578110129983
85,48,Stage 4,Stage 4,0.48901503564676985,0.48901503564676985
85,49,Stage 4,Stage 4,0.7931351581221365,0.7931351581221365
85,50,Stage 4,Stage 4,0.7530466142383789,0.7530466142383789
85,51,Stage 4,Stage 4,0.7944329508351362,0.7944329508351362
85,52,Stage 4,Stage 4,0.7352411385204572,0.7352411385204572
85,53,Stage 4,Stage 4,0.7485424296485992,0.7485424296485992
85,54,Stage 4,Stage 4,0.7885489517816263,0.7885489517816263
85,55,Stage 4,Stage 4,0.7679207648294506,0.7679207648294506
85,56,Stage 4,Stage 4,0.5962991145051846,0.5962991145051846
85,57,Stage 4,Stage 4,0.7335164796448613,0.7335164796448613
85,58,Stage 4,Stage 4,0.6247717927844352,0.6247717927844352
85,59,Stage 4,Stage 1,0.4919332794666605,0.4964984783550743
85,60,Stage 4,Stage 4,0.6070466136948682,0.6070466136948682
85,61,Stage 4,Stage 4,0.6025352086746698,0.6025352086746698
85,62,Stage 4,Stage 4,0.7597714768123466,0.7597714768123466
85,63,Stage 4,Stage 1,0.38355773130780985,0.6107604977612229
85,64,Stage 4,Stage 4,0.5666054035606767,0.5666054035606767
85,65,Stage 4,Stage 4,0.73330205257349,0.73330205257349
85,66,Stage 4,Stage 4,0.7368311698132493,0.7368311698132493
85,67,Stage 4,Stage 4,0.7319740853134334,0.7319740853134334
85,68,Stage 4,Stage 1,0.4078965261355583,0.584144724880994
85,69,Stage 4,Stage 4,0.749917768010905,0.749917768010905
85,70,Stage 4,Stage 4,0.7817685652831569,0.7817685652831569
85,71,Stage 4,Stage 4,0.7774553737825214,0.7774553737825214
85,72,Stage 4,Stage 4,0.4960892056370021,0.4960892056370021
85,73,Stage 4,Stage 4,0.7833125263512281,0.7833125263512281
85,74,Stage 4,Stage 4,0.754077818697398,0.754077818697398
85,75,Stage 4,Stage 4,0.719294374306827,0.719294374306827
85,76,Stage 4,Stage 4,0.7684461953751788,0.7684461953751788
85,77,Stage 4,Stage 4,0.7682812654315961,0.7682812654315961
85,78,Stage 4,Stage 4,0.6934877905306744,0.6934877905306744
85,79,Stage 4,Stage 4,0.7654641968612719,0.7654641968612719
85,80,Stage 4,Stage 4,0.6114343439347292,0.6114343439347292
85,81,Stage 4,Stage 4,0.5765908784522409,0.5765908784522409
85,82,Stage 4,Stage 4,0.7611554474032193,0.7611554474032193
85,83,Stage 4,Stage 4,0.7863562452440483,0.7863562452440483
85,84,Stage 0,Stage 4,0.6014197698000836,0.6014197698000836
85,85,Stage 4,Stage 4,0.7660449373046239,0.7660449373046239
85,86,Stage 4,Stage 4,0.5754884487123533,0.5754884487123533
85,87,Stage 4,Stage 4,0.6166139809244073,0.6166139809244073
85,88,Stage 4,Stage 4,0.7871251088116851,0.7871251088116851
85,89,Stage 4,Stage 4,0.5042281308923039,0.5042281308923039
85,90,Stage 4,Stage 4,0.7466774236141293,0.7466774236141293
85,91,Stage 4,Stage 4,0.7634885219106928,0.7634885219106928
85,92,Stage 4,Stage 4,0.7049722960157951,0.7049722960157951
85,93,Stage 0,Stage 0,0.40497831678647267,0.5728895279057702
85,94,Stage 4,Stage 4,0.7975464873657444,0.7975464873657444
85,95,Stage 4,Stage 4,0.7243273730694221,0.7243273730694221
85,96,Stage 4,Stage 4,0.8098484455791588,0.8098484455791588
85,97,Stage 4,Stage 4,0.7336461976747676,0.7336461976747676
85,98,Stage 4,Stage 4,0.6349308127044999,0.6349308127044999
85,99,Stage 0,Stage 4,0.6275921361982126,0.6275921361982126
85,100,Stage 4,Stage 4,0.792232445636157,0.792232445636157
85,101,Stage 4,Stage 4,0.7272910953319506,0.7272910953319506
85,102,Stage 4,Stage 0,0.48639896976811764,0.4952845264375
85,103,Stage 0,Stage 0,0.44108040251768293,0.5344521881740025
85,104,Stage 4,Stage 4,0.6968281053937057,0.6968281053937057
85,105,Stage 4,Stage 4,0.5405626167327342,0.5405626167327342
85,106,Stage 4,Stage 4,0.7880103104061602,0.7880103104061602
85,107,Stage 0,Stage 0,0.3229577905756577,0.6160555109374409
85,108,Stage 4,Stage 4,0.640504922894822,0.640504922894822
85,109,Stage 4,Stage 4,0.6388877390374632,0.6388877390374632
85,110,Stage 4,Stage 4,0.7351403732471475,0.7351403732471475
85,111,Stage 4,Stage 4,0.7320655623465284,0.7320655623465284
85,112,Stage 0,Stage 0,0.08810824791366623,0.7640613582361031
85,113,Stage 0,Stage 0,0.14737981025288494,0.766641139692772
85,114,Stage 0,Stage 4,0.5357467811543597,0.5357467811543597
85,115,Stage 4,Stage 0,0.4198143949612026,0.5598706785123381
85,116,Stage 0,Stage 4,0.5607672957768837,0.5607672957768837
85,117,Stage 0,Stage 0,0.13035410355789726,0.7587314455315052
85,118,Stage 0,Stage 0,0.457902677732774,0.5007804135235958
85,119,Stage 4,Stage 0,0.3900227448801408,0.5857596482574369
85,120,Stage 4,Stage 4,0.7051218206404174,0.7051218206404174
85,121,Stage 0,Stage 0,0.1246531963399954,0.7556982930349889
85,122,Stage 0,Stage 0,0.11966386374152935,0.7083783666046822
85,123,Stage 0,Stage 0,0.2608003955497138,0.6751767803073437
85,124,Stage 0,Stage 0,0.2527804365230224,0.6742967419954722
85,125,Stage 0,Stage 0,0.27960078530097543,0.675791261686977
85,126,Stage 0,Stage 0,0.3210136509330861,0.6503424717686449
85,127,Stage 0,Stage 0,0.3178741486487496,0.652646475827418
85,128,Stage 0,Stage 0,0.12798572732739227,0.7443245698732522
85,129,Stage 0,Stage 0,0.36329460632047017,0.5943523408835357
85,130,Stage 0,Stage 0,0.05534058608340759,0.7182004833061798
85,131,Stage 0,Stage 0,0.05009958911970872,0.6519757663807078
85,132,Stage 0,Stage 4,0.5199731578387125,0.5199731578387125
85,133,Stage 0,Stage 0,0.017687597564299905,0.5494966767328294
85,134,Stage 0,Stage 0,0.013582161942312827,0.5165072170747232
85,135,Stage 0,Stage 0,0.2088612683929387,0.7287931272035377
85,136,Stage 0,Stage 0,0.06225311071722638,0.7548869359589166
85,137,Stage 0,Stage 0,0.21113207675619705,0.7230417750529123
85,138,Stage 0,Stage 0,0.04401645869035332,0.7043412823470518
85,139,Stage 0,Stage 4,0.6908808685660517,0.6908808685660517
85,140,Stage 0,Stage 0,0.20458524250084875,0.7277138720200579
85,141,Stage 0,Stage 0,0.010697584820580822,0.5279908594506586
85,142,Stage 0,Stage 0,0.12800768794667228,0.7739861825179044
85,143,Stage 0,Stage 0,0.14338136866800225,0.7688681802690817
85,144,Stage 0,Stage 0,0.13620140808805992,0.752280447674381
85,145,Stage 0,Stage 0,0.029738756746680084,0.6482825026549994
85,146,Stage 0,Stage 0,0.00940273047663629,0.49135748787169764
85,147,Stage 0,Stage 0,0.1091889292399029,0.7509308749935459
85,148,Stage 0,Stage 0,0.00817049709123294,0.44865163639596345
85,149,Stage 0,Stage 2,0.005673099794892297,0.44031242826868927
85,150,Stage 0,Stage 0,0.007381397357069827,0.441030038678086
85,151,Stage 0,Stage 0,0.016730992345836797,0.5645465632604627
85,152,Stage 0,Stage 2,0.0008561798611009002,0.659970926037877
85,153,Stage 0,Stage 3,0.0005841530164910854,0.46050968517856744
85,154,Stage 0,Stage 0,0.023233423751521917,0.671892092082786
85,155,Stage 0,Stage 0,0.0066290048993700584,0.4697096487621946
85,156,Stage 0,Stage 0,0.08180925061018159,0.7466722932133442
85,157,Stage 0,Stage 0,0.044785472534135895,0.7411124829226221
85,158,Stage 3,Stage 3,0.0006850939552037953,0.675130757039531
85,159,Stage 0,Stage 2,0.005479109562909957,0.40038936890911586
85,160,Stage 3,Stage 3,0.00044269343219259494,0.6073955196128057
85,161,Stage 3,Stage 2,0.0003995264442222003,0.4894139631644127
85,162,Stage 3,Stage 3,0.00014829299935613702,0.5563065842496608
85,163,Stage 3,Stage 2,0.00012854118830065578,0.563057836054583
85,164,Stage 0,Stage 2,0.00401326982613013,0.49336488829513997
85,165,Stage 3,Stage 2,0.00010679449525956385,0.5388597423284799
85,166,Stage 0,Stage 3,7.544074321523127e-05,0.5703420051153257
85,167,Stage 3,Stage 3,3.538083997007554e-05,0.6196915086756238
85,168,Stage 3,Stage 3,7.099043493578846e-05,0.5726407669243175
85,169,Stage 3,Stage 2,5.629665886999912e-06,0.547171789143532
85,170,Stage 3,Stage 3,0.00012197213516642953,0.6662335717619958
85,171,Stage 3,Stage 3,0.0004586632003884167,0.4658631716948797
85,172,Stage 3,Stage 3,3.981500545601769e-06,0.692404281175005
85,173,Stage 3,Stage 3,8.935092729141382e-06,0.5324452644804226
85,174,Stage 3,Stage 3,0.0002279156243985108,0.5747757302852782
85,175,Stage 3,Stage 3,1.6912768397652434e-06,0.5452061619711204
85,176,Stage 3,Stage 3,1.1126841061482913e-05,0.49407939530032885
85,177,Stage 3,Stage 3,7.443109398059451e-06,0.615986704545916
85,178,Stage 3,Stage 3,2.2060378213546133e-06,0.6846999475248191
85,179,Stage 3,Stage 3,3.1969350922447257e-06,0.6298262745091806
85,180,Stage 3,Stage 3,5.574843568119893e-05,0.6147423740251188
85,181,Stage 3,Stage 3,4.678272258765704e-06,0.5396881702236754
85,182,Stage 3,Stage 3,1.6813983747028176e-07,0.6158763023068273
85,183,Stage 3,Stage 3,4.568184203525065e-08,0.5256730005688794
85,184,Stage 3,Stage 3,5.51301578465919e-07,0.8737772842258757
85,185,Stage 3,Stage 3,2.6870920815519297e-07,0.4989429500835183
85,186,Stage 3,Stage 3,6.932475042020895e-09,0.7128876836788947
85,187,Stage 3,Stage 3,6.613827880159346e-12,0.9346840387232394
85,188,Stage 3,Stage 3,1.7276426579228735e-09,0.7319451594670331
93,1,Stage 1,Stage 1,0.0663954630578742,0.9334293860622664
93,2,Stage 1,Stage 1,0.027654035501627736,0.9723212979064308
93,3,Stage 1,Stage 1,0.032679339637201876,0.9672911151593165
93,4,Stage 1,Stage 1,0.004658737627509037,0.9953403719359868
93,5,Stage 1,Stage 1,0.05714336780533679,0.9427407754876679
93,6,Stage 1,Stage 1,0.06092374122205725,0.9389483672560976
93,7,Stage 1,Stage 1,0.05700052749831737,0.9428892655242392
93,8,Stage 1,Stage 1,0.07904709542303526,0.920754894502433
93,9,Stage 1,Stage 1,0.09316917381200308,0.9065257877713563
93,10,Stage 1,Stage 1,0.060887483342066506,0.9389923209884395
93,11,Stage 1,Stage 1,0.1598949589978671,0.8393589911214199
93,12,Stage 1,Stage 1,0.018837057867932393,0.9811506814639339
93,13,Stage 1,Stage 1,0.03562318969146955,0.9643345319065556
93,14,Stage 1,Stage 4,0.6027830520905827,0.6027830520905827
93,15,Stage 1,Stage 1,0.02402452087644176,0.9759562928532854
93,16,Stage 1,Stage 1,0.14013242956632435,0.8592822395239011
93,17,Stage 1,Stage 1,0.29607126607404655,0.7008982741814863
93,18,Stage 1,Stage 1,0.4334560257575951,0.5588961005325719
93,19,Stage 1,Stage 1,0.020603694372557962,0.9793797806805359
93,20,Stage 1,Stage 1,0.10172020514398171,0.8979507535102024
93,21,Stage 1,Stage 1,0.29888259057418215,0.6977958008636798
93,22,Stage 1,Stage 1,0.12096117240822733,0.8786147942438886
93,23,Stage 1,Stage 1,0.1601375325939861,0.8389055921848545
93,24,Stage 1,Stage 1,0.05799402785978184,0.9418871982968862
93,25,Stage 1,Stage 1,0.479487076297298,0.5107734005898773
93,26,Stage 1,Stage 1,0.005909030202626039,0.99408935701386
93,27,Stage 1,Stage 1,0.08152032078377836,0.918248452671857
93,28,Stage 1,Stage 1,0.11491868739781626,0.8846857574944965
93,29,Stage 1,Stage 1,0.051366755579223294,0.948547010416765
93,30,Stage 1,Stage 1,0.39293792224402485,0.6006780814506429
93,31,Stage 1,Stage 1,0.07593286396929072,0.9238397405536659
93,32,Stage 1,Stage 1,0.04422539852445068,0.9556947021923257
93,33,Stage 1,Stage 1,0.005846836989393563,0.9941516681164452
93,34,Stage 1,Stage 1,0.05880847312170316,0.941092736318893
93,35,Stage 1,Stage 1,0.06705373241480973,0.9328127980935011
93,36,Stage 1,Stage 1,0.14279382925458006,0.8566465136815294
93,37,Stage 1,Stage 1,0.02914148860787265,0.9708215135482575
93,38,Stage 4,Stage 1,0.3178740038800795,0.6784873769565996
93,39,Stage 1,Stage 1,0.15754739766535428,0.8417545476792264
93,40,Stage 4,Stage 4,0.7116401506852367,0.7116401506852367
93,41,Stage 1,Stage 1,0.011555180909472402,0.9884403401543277
93,42,Stage 1,Stage 1,0.08121908843944149,0.9185787349008555
93,43,Stage 1,Stage 1,0.4635222647344736,0.5268727699517115
93,44,Stage 1,Stage 1,0.08634721853933706,0.9133844879095318
93,45,Stage 1,Stage 1,0.08288968661608416,0.9168937730291353
93,46,Stage 1,Stage 4,0.650136527875696,0.650136527875696
93,47,Stage 1,Stage 1,0.38924527343388343,0.605586459017475
93,48,Stage 1,Stage 1,0.16995820973659734,0.8291933984652318
93,49,Stage 1,Stage 1,0.11165219295627614,0.8878923106297969
93,50,Stage 1,Stage 1,0.49354110659647576,0.4956886035328597
93,51,Stage 1,Stage 1,0.22799419582419722,0.7703230155290518
93,52,Stage 1,Stage 1,0.4819813598452516,0.5083981565115676
93,53,Stage 1,Stage 1,0.27947422041018155,0.7175769891575685
93,54,Stage 1,Stage 1,0.4106728930444341,0.5837858521331456
93,55,Stage 1,Stage 1,0.46279989995952414,0.5299882932695492
93,56,Stage 1,Stage 1,0.02786388476017605,0.9721079050424417
93,57,Stage 1,Stage 1,0.18778731401185467,0.8110311432181125
93,58,Stage 1,Stage 1,0.4386919864132669,0.552600859414839
93,59,Stage 1,Stage 1,0.19401751179852586,0.8047181842854915
93,60,Stage 1,Stage 4,0.7588895622794051,0.7588895622794051
93,61,Stage 1,Stage 1,0.2963228745970686,0.700843018331924
93,62,Stage 1,Stage 4,0.5206170798583709,0.5206170798583709
93,63,Stage 1,Stage 1,0.487595774644073,0.50224485087206
93,64,Stage 1,Stage 1,0.1378042759601963,0.8616104191937182
93,65,Stage 1,Stage 1,0.14997278438953315,0.849337935173046
93,66,Stage 4,Stage 4,0.5325909665770071,0.5325909665770071
93,67,Stage 4,Stage 1,0.4761104466167001,0.5145939702599526
93,68,Stage 1,Stage 1,0.20194804135377442,0.7965170873869382
93,69,Stage 1,Stage 1,0.2690985508823169,0.7288260445415762
93,70,Stage 4,Stage 4,0.7933931923521007,0.7933931923521007
93,71,Stage 1,Stage 1,0.4060137939883844,0.5864237306152914
93,72,Stage 4,Stage 1,0.48296801861003713,0.5062438860585873
93,73,Stage 4,Stage 4,0.7380189795246261,0.7380189795246261
93,74,Stage 1,Stage 4,0.5229726691390681,0.5229726691390681
93,75,Stage 4,Stage 4,0.7981282603150514,0.7981282603150514
93,76,Stage 1,Stage 1,0.14895368340827386,0.8503821664858392
93,77,Stage 4,Stage 4,0.7546064842336274,0.7546064842336274
93,78,Stage 1,Stage 1,0.2994095323435834,0.6972185565112837
93,79,Stage 4,Stage 1,0.327288127463616,0.6683630039981071
93,80,Stage 4,Stage 4,0.7226409198846419,0.7226409198846419
93,81,Stage 4,Stage 4,0.751361552601474,0.751361552601474
93,82,Stage 4,Stage 4,0.7873797637522989,0.7873797637522989
93,83,Stage 4,Stage 4,0.7962621968071618,0.7962621968071618
93,84,Stage 4,Stage 4,0.7792483809163265,0.7792483809163265
93,85,Stage 4,Stage 4,0.793569747375194,0.793569747375194
93,86,Stage 4,Stage 4,0.8029052688622957,0.8029052688622957
93,87,Stage 4,Stage 4,0.6383700564767165,0.6383700564767165
93,88,Stage 4,Stage 4,0.7630210318480893,0.7630210318480893
93,89,Stage 4,Stage 4,0.7152763467665689,0.7152763467665689
93,90,Stage 4,Stage 4,0.7878399353653637,0.7878399353653637
93,91,Stage 4,Stage 4,0.7739713371490877,0.7739713371490877
93,92,Stage 4,Stage 4,0.7742485442218076,0.7742485442218076
93,93,Stage 4,Stage 4,0.7437306528319855,0.7437306528319855
93,94,Stage 4,Stage 4,0.6410545804600799,0.6410545804600799
93,95,Stage 4,Stage 4,0.7196573270071341,0.7196573270071341
93,96,Stage 4,Stage 4,0.8031000062562638,0.8031000062562638
93,97,Stage 4,Stage 4,0.59679678133576,0.59679678133576
93,98,Stage 4,Stage 4,0.8032722594298528,0.8032722594298528
93,99,Stage 4,Stage 4,0.7978233868631878,0.7978233868631878
93,100,Stage 4,Stage 4,0.7622804292936893,0.7622804292936893
93,101,Stage 4,Stage 4,0.5431515780276648,0.5431515780276648
93,102,Stage 4,Stage 4,0.5807853584797117,0.5807853584797117
93,103,Stage 4,Stage 4,0.5092026615140435,0.5092026615140435
93,104,Stage 4,Stage 4,0.7035937555659039,0.7035937555659039
93,105,Stage 4,Stage 4,0.8026870042649309,0.8026870042649309
93,106,Stage 4,Stage 4,0.5968972513743276,0.5968972513743276
93,107,Stage 4,Stage 4,0.7155797040008719,0.7155797040008719
93,108,Stage 4,Stage 4,0.7528670392168721,0.7528670392168721
93,109,Stage 0,Stage 4,0.7249705417314181,0.7249705417314181
93,110,Stage 0,Stage 0,0.09731390071543032,0.7668621811037936
93,111,Stage 4,Stage 0,0.45729558769325723,0.5162718115308496
93,112,Stage 4,Stage 0,0.4194110355409379,0.5623936024262947
93,113,Stage 4,Stage 4,0.774355598790743,0.774355598790743
93,114,Stage 0,Stage 0,0.09381563337122464,0.76081468224246
93,115,Stage 0,Stage 0,0.2411212493933526,0.7105780616144738
93,116,Stage 4,Stage 0,0.31828874058905193,0.6377313553503562
93,117,Stage 0,Stage 0,0.3222006402694548,0.637666308365099
93,118,Stage 0,Stage 0,0.029617397915208298,0.624651193207183
93,119,Stage 0,Stage 0,0.15227378772427866,0.6971075790425088
93,120,Stage 0,Stage 4,0.4912616048876177,0.4912616048876177
93,121,Stage 0,Stage 0,0.1369452050876607,0.7144934156816092
93,122,Stage 0,Stage 0,0.09844219996706642,0.7839003250156256
93,123,Stage 0,Stage 0,0.06508383667907053,0.7484665023100796
93,124,Stage 0,Stage 0,0.14362450633858792,0.7178347911953398
93,125,Stage 0,Stage 0,0.0066856977123993435,0.43256323469633184
93,126,Stage 0,Stage 0,0.025732474543609427,0.5960248590377777
93,127,Stage 0,Stage 0,0.22322654880455461,0.7288106281177265
93,128,Stage 0,Stage 2,0.003943809679305089,0.3771831050886053
93,129,Stage 0,Stage 0,0.006192619530018754,0.40957728793080067
93,130,Stage 0,Stage 0,0.034729270721181184,0.5528038498212207
93,131,Stage 0,Stage 0,0.019191061157795092,0.5909394332140704
93,132,Stage 0,Stage 2,0.0024592236383187047,0.5120223836363132
93,133,Stage 0,Stage 0,0.005450701598465759,0.430655665844821
93,134,Stage 0,Stage 0,0.017501986905430585,0.5791549904561937
93,135,Stage 0,Stage 2,0.0018603451742321467,0.41505642101910784
93,136,Stage 3,Stage 0,0.04185876608249378,0.6869576725383454
93,137,Stage 3,Stage 3,0.0012018156986763858,0.4634417142922706
93,138,Stage 3,Stage 2,0.003283888239616739,0.4518254854195203
93,139,Stage 0,Stage 2,0.00042144326970388783,0.5433251026887302
93,140,Stage 3,Stage 3,0.00016597139409896836,0.4539326980973541
93,141,Stage 3,Stage 2,0.0005593375278929871,0.6648130514209041
93,142,Stage 3,Stage 3,8.24894470834709e-05,0.48027184258891237
93,143,Stage 3,Stage 3,0.0004931910601110157,0.5589452942113976
93,144,Stage 3,Stage 2,5.153614874496338e-05,0.7581744456073022
93,145,Stage 3,Stage 3,3.0622137515930053e-06,0.5889586299712875
93,146,Stage 3,Stage 2,1.0938305518633863e-05,0.558420718094356
93,147,Stage 3,Stage 3,1.4671178412174217e-07,0.7380785567408642
93,148,Stage 3,Stage 3,5.6979464174090436e-08,0.8032740147859159
93,149,Stage 3,Stage 3,8.152648849124692e-08,0.6795238111084502
93,150,Stage 3,Stage 3,5.302574824339039e-07,0.5618988545329092
93,151,Stage 3,Stage 3,5.847175366087551e-08,0.5467226685154605
93,152,Stage 3,Stage 3,7.1593671553044266e-09,0.8937382294418525
93,153,Stage 3,Stage 3,7.558265480687934e-09,0.7825333460310592
93,154,Stage 3,Stage 3,1.392177409553449e-09,0.5865162732091092
93,155,Stage 3,Stage 3,4.9392162225199374e-09,0.868770022539331
