unit,time,y_true,y_pred,prob_Stage4,confidence
2,1,Stage 0,Stage 0,0.0,1.0
2,2,Stage 2,Stage 2,0.0,1.0
2,3,Stage 0,Stage 0,0.0,1.0
2,4,Stage 0,Stage 0,0.0,1.0
2,5,Stage 3,Stage 3,0.0,1.0
2,6,Stage 2,Stage 2,0.0,1.0
2,7,Stage 2,Stage 2,0.0,1.0
2,8,Stage 1,Stage 1,0.0,1.0
2,9,Stage 1,Stage 1,0.0,1.0
2,10,Stage 4,Stage 4,0.9924932933273165,0.9924932933273165
2,11,Stage 4,Stage 4,0.9948880576984798,0.9948880576984798
2,12,Stage 2,Stage 2,0.0,1.0
2,13,Stage 4,Stage 4,0.9876932881715945,0.9876932881715945
2,14,Stage 0,Stage 0,0.0,1.0
2,15,Stage 0,Stage 0,0.0,1.0
2,16,Stage 4,Stage 4,0.9998953569368154,0.9998953569368154
2,17,Stage 4,Stage 4,0.9607130707622694,0.9607130707622694
2,18,Stage 0,Stage 0,0.0,1.0
2,19,Stage 4,Stage 4,0.9834979793636001,0.9834979793636001
2,20,Stage 1,Stage 1,0.0,1.0
2,21,Stage 1,Stage 1,0.0,1.0
2,22,Stage 4,Stage 4,0.9985007302536165,0.9985007302536165
2,23,Stage 3,Stage 3,0.0,1.0
2,24,Stage 0,Stage 0,0.0,1.0
2,25,Stage 2,Stage 2,0.0,1.0
2,26,Stage 0,Stage 0,0.0,1.0
2,27,Stage 0,Stage 0,0.0,1.0
2,28,Stage 0,Stage 0,0.0,1.0
2,29,Stage 2,Stage 2,0.0,1.0
2,30,Stage 0,Stage 0,0.0,1.0
2,31,Stage 2,Stage 2,0.0,1.0
2,32,Stage 0,Stage 0,0.0,1.0
2,33,Stage 3,Stage 3,0.0,1.0
2,34,Stage 1,Stage 1,0.0,1.0
2,35,Stage 3,Stage 3,0.0,1.0
2,36,Stage 3,Stage 3,0.0,1.0
2,37,Stage 3,Stage 3,0.0,1.0
2,38,Stage 4,Stage 4,0.9978609539488698,0.9978609539488698
2,39,Stage 2,Stage 2,0.0,1.0
2,40,Stage 1,Stage 1,0.0,1.0
2,41,Stage 2,Stage 2,0.0,1.0
2,42,Stage 2,Stage 2,0.05032307240830773,0.9496769275916919
2,43,Stage 2,Stage 2,0.0,1.0
2,44,Stage 0,Stage 0,0.0,1.0
2,45,Stage 3,Stage 3,0.0,1.0
2,46,Stage 2,Stage 2,0.0,1.0
2,47,Stage 1,Stage 1,0.0,1.0
2,48,Stage 1,Stage 1,0.0,1.0
2,49,Stage 0,Stage 0,0.0,1.0
2,50,Stage 0,Stage 0,0.0,1.0
2,51,Stage 2,Stage 2,0.0,1.0
2,52,Stage 3,Stage 3,0.0,1.0
2,53,Stage 0,Stage 0,0.0,1.0
2,54,Stage 0,Stage 0,0.0,1.0
2,55,Stage 4,Stage 4,0.9985007302536165,0.9985007302536165
2,56,Stage 0,Stage 0,0.0,1.0
2,57,Stage 0,Stage 0,0.0,1.0
2,58,Stage 1,Stage 1,0.0,1.0
2,59,Stage 4,Stage 4,0.9650465610102422,0.9650465610102422
2,60,Stage 0,Stage 0,0.0,1.0
2,61,Stage 3,Stage 3,0.0,1.0
2,62,Stage 1,Stage 1,0.0,1.0
2,63,Stage 0,Stage 0,0.0,1.0
2,64,Stage 3,Stage 3,0.0,1.0
2,65,Stage 3,Stage 3,0.0,1.0
2,66,Stage 1,Stage 1,0.0,1.0
2,67,Stage 0,Stage 0,0.0,1.0
2,68,Stage 0,Stage 0,0.0,1.0
2,69,Stage 1,Stage 1,0.0,1.0
2,70,Stage 2,Stage 2,0.0,1.0
2,71,Stage 0,Stage 0,0.0,1.0
2,72,Stage 0,Stage 0,0.0,1.0
2,73,Stage 0,Stage 0,0.0,1.0
2,74,Stage 0,Stage 0,0.0,1.0
2,75,Stage 0,Stage 0,0.0,1.0
2,76,Stage 3,Stage 3,0.0,1.0
2,77,Stage 0,Stage 0,0.0,1.0
2,78,Stage 1,Stage 1,0.0,1.0
2,79,Stage 0,Stage 0,0.0,1.0
2,80,Stage 0,Stage 0,0.0,1.0
2,81,Stage 1,Stage 1,0.0,1.0
2,82,Stage 2,Stage 2,0.0,1.0
2,83,Stage 3,Stage 3,0.0,1.0
2,84,Stage 0,Stage 0,0.0,1.0
2,85,Stage 0,Stage 0,0.0,1.0
2,86,Stage 4,Stage 4,0.9607052736317414,0.9607052736317414
2,87,Stage 0,Stage 0,0.0,1.0
2,88,Stage 3,Stage 3,0.0,1.0
2,89,Stage 3,Stage 3,0.0,1.0
2,90,Stage 0,Stage 0,0.0,1.0
2,91,Stage 4,Stage 4,0.9917133180587698,0.9917133180587698
2,92,Stage 0,Stage 0,0.0,1.0
2,93,Stage 1,Stage 1,0.0,1.0
2,94,Stage 4,Stage 4,0.7720326761361517,0.7720326761361517
2,95,Stage 2,Stage 2,0.0,1.0
2,96,Stage 4,Stage 4,0.9824666731868933,0.9824666731868933
2,97,Stage 3,Stage 3,0.0,1.0
2,98,Stage 1,Stage 1,0.0,1.0
2,99,Stage 2,Stage 2,0.0,1.0
2,100,Stage 4,Stage 4,0.9932192405375908,0.9932192405375908
2,101,Stage 0,Stage 0,0.0,1.0
2,102,Stage 4,Stage 4,0.7913842757083381,0.7913842757083381
2,103,Stage 4,Stage 4,0.9626540162772553,0.9626540162772553
2,104,Stage 3,Stage 3,0.0,1.0
2,105,Stage 0,Stage 0,0.0,1.0
2,106,Stage 0,Stage 0,0.0,1.0
2,107,Stage 2,Stage 2,0.0,1.0
2,108,Stage 4,Stage 4,0.866105778819992,0.866105778819992
2,109,Stage 4,Stage 4,0.9020143020204584,0.9020143020204584
2,110,Stage 1,Stage 1,0.0,1.0
2,111,Stage 3,Stage 3,0.0,1.0
2,112,Stage 3,Stage 3,0.0,1.0
2,113,Stage 0,Stage 0,0.0,1.0
2,114,Stage 4,Stage 4,0.9989387997231959,0.9989387997231959
2,115,Stage 4,Stage 4,0.9998070080552094,0.9998070080552094
2,116,Stage 0,Stage 0,0.0,1.0
2,117,Stage 2,Stage 2,0.0,1.0
2,118,Stage 0,Stage 0,0.0,1.0
2,119,Stage 3,Stage 3,0.0,1.0
2,120,Stage 1,Stage 1,0.0,1.0
2,121,Stage 0,Stage 0,0.0,1.0
2,122,Stage 4,Stage 4,0.9415287293783318,0.9415287293783318
2,123,Stage 0,Stage 0,0.0,1.0
2,124,Stage 4,Stage 4,0.9155991037574143,0.9155991037574143
2,125,Stage 3,Stage 3,0.0,1.0
2,126,Stage 2,Stage 2,0.0,1.0
2,127,Stage 0,Stage 0,0.0,1.0
2,128,Stage 0,Stage 0,0.0,1.0
2,129,Stage 0,Stage 0,0.0,1.0
2,130,Stage 0,Stage 0,0.0,1.0
2,131,Stage 0,Stage 0,0.0,1.0
2,132,Stage 3,Stage 3,0.0,1.0
2,133,Stage 0,Stage 0,0.0,1.0
2,134,Stage 0,Stage 0,0.0,1.0
2,135,Stage 3,Stage 3,0.0,1.0
2,136,Stage 0,Stage 0,0.0,1.0
2,137,Stage 0,Stage 0,0.0,1.0
2,138,Stage 4,Stage 4,0.9985007302536165,0.9985007302536165
2,139,Stage 1,Stage 1,0.0,1.0
2,140,Stage 0,Stage 0,0.0,1.0
2,141,Stage 0,Stage 0,0.0,1.0
2,142,Stage 0,Stage 0,0.0,1.0
2,143,Stage 2,Stage 2,0.0,1.0
2,144,Stage 4,Stage 4,0.9325569778076929,0.9325569778076929
2,145,Stage 0,Stage 0,0.0,1.0
2,146,Stage 4,Stage 4,0.9802639450357651,0.9802639450357651
2,147,Stage 0,Stage 0,0.0,1.0
2,148,Stage 1,Stage 1,0.0,1.0
2,149,Stage 0,Stage 0,0.0,1.0
2,150,Stage 0,Stage 0,0.0,1.0
2,151,Stage 1,Stage 1,0.0,1.0
2,152,Stage 4,Stage 4,0.9962742154207905,0.9962742154207905
2,153,Stage 0,Stage 0,0.0,1.0
2,154,Stage 0,Stage 0,0.0,1.0
2,155,Stage 3,Stage 3,0.0,1.0
2,156,Stage 0,Stage 0,0.0,1.0
2,157,Stage 3,Stage 3,0.0,1.0
2,158,Stage 2,Stage 2,0.0,1.0
2,159,Stage 1,Stage 1,0.0,1.0
2,160,Stage 4,Stage 4,0.9917133180587698,0.9917133180587698
2,161,Stage 0,Stage 0,0.0,1.0
2,162,Stage 0,Stage 0,0.0,1.0
2,163,Stage 3,Stage 3,0.0,1.0
2,164,Stage 4,Stage 4,0.9999339624760237,0.9999339624760237
2,165,Stage 0,Stage 0,0.0,1.0
2,166,Stage 4,Stage 4,0.9191806954309615,0.9191806954309615
2,167,Stage 3,Stage 3,0.0,1.0
2,168,Stage 0,Stage 0,0.0,1.0
2,169,Stage 1,Stage 1,0.0,1.0
2,170,Stage 4,Stage 4,0.9924932933273165,0.9924932933273165
2,171,Stage 0,Stage 0,0.0,1.0
2,172,Stage 1,Stage 1,0.0,1.0
2,173,Stage 0,Stage 0,0.0,1.0
2,174,Stage 3,Stage 3,0.0,1.0
2,175,Stage 4,Stage 2,0.3467130517915099,0.6532869482084901
2,176,Stage 0,Stage 0,0.0,1.0
2,177,Stage 3,Stage 3,0.0,1.0
2,178,Stage 1,Stage 1,0.0,1.0
2,179,Stage 3,Stage 3,0.0,1.0
2,180,Stage 0,Stage 0,0.0,1.0
2,181,Stage 3,Stage 3,0.0,1.0
2,182,Stage 0,Stage 0,0.0,1.0
2,183,Stage 2,Stage 2,0.0,1.0
2,184,Stage 0,Stage 0,0.0,1.0
2,185,Stage 2,Stage 2,0.0,1.0
2,186,Stage 1,Stage 1,0.0,1.0
2,187,Stage 3,Stage 3,0.0,1.0
2,188,Stage 0,Stage 0,0.0,1.0
2,189,Stage 1,Stage 1,0.0,1.0
2,190,Stage 4,Stage 4,0.9972944955832509,0.9972944955832509
2,191,Stage 4,Stage 4,0.8776409049698252,0.8776409049698252
2,192,Stage 2,Stage 2,0.0,1.0
2,193,Stage 4,Stage 4,0.8776409049698252,0.8776409049698252
2,194,Stage 4,Stage 4,0.9155991037574143,0.9155991037574143
2,195,Stage 3,Stage 3,0.0,1.0
2,196,Stage 3,Stage 3,0.0,1.0
2,197,Stage 1,Stage 1,0.0,1.0
2,198,Stage 1,Stage 1,0.0,1.0
2,199,Stage 1,Stage 1,0.0,1.0
2,200,Stage 1,Stage 1,0.0,1.0
2,201,Stage 4,Stage 2,0.37202376800919706,0.6279762319908029
2,202,Stage 4,Stage 4,0.7462243382352246,0.7462243382352246
2,203,Stage 3,Stage 3,0.0,1.0
2,204,Stage 2,Stage 2,0.0,1.0
2,205,Stage 2,Stage 2,0.0,1.0
2,206,Stage 0,Stage 0,0.0,1.0
2,207,Stage 1,Stage 1,0.0,1.0
2,208,Stage 3,Stage 3,0.0,1.0
2,209,Stage 0,Stage 0,0.0,1.0
2,210,Stage 0,Stage 0,0.0,1.0
2,211,Stage 3,Stage 3,0.0,1.0
2,212,Stage 4,Stage 4,0.9155991037574143,0.9155991037574143
2,213,Stage 0,Stage 0,0.0,1.0
2,214,Stage 0,Stage 0,0.0,1.0
2,215,Stage 2,Stage 2,0.0,1.0
2,216,Stage 0,Stage 0,0.0,1.0
2,217,Stage 0,Stage 0,0.0,1.0
2,218,Stage 2,Stage 2,0.0,1.0
2,219,Stage 1,Stage 1,0.0,1.0
2,220,Stage 2,Stage 2,0.0,1.0
2,221,Stage 0,Stage 0,0.0,1.0
2,222,Stage 4,Stage 4,0.8434394632730455,0.8434394632730455
2,223,Stage 0,Stage 0,0.0,1.0
2,224,Stage 2,Stage 2,0.0,1.0
2,225,Stage 1,Stage 1,0.0,1.0
2,226,Stage 2,Stage 2,0.0,1.0
2,227,Stage 0,Stage 0,0.0,1.0
2,228,Stage 1,Stage 1,0.0,1.0
2,229,Stage 3,Stage 3,0.0,1.0
2,230,Stage 2,Stage 2,0.0,1.0
2,231,Stage 0,Stage 0,0.0,1.0
2,232,Stage 0,Stage 0,0.0,1.0
2,233,Stage 2,Stage 2,0.0,1.0
2,234,Stage 1,Stage 1,0.0,1.0
2,235,Stage 3,Stage 3,0.0,1.0
2,236,Stage 0,Stage 0,0.0,1.0
2,237,Stage 0,Stage 0,0.0,1.0
2,238,Stage 2,Stage 2,0.0,1.0
2,239,Stage 2,Stage 2,0.0,1.0
2,240,Stage 0,Stage 0,0.0,1.0
2,241,Stage 2,Stage 2,0.0,1.0
2,242,Stage 0,Stage 0,0.0,1.0
2,243,Stage 1,Stage 1,0.0,1.0
2,244,Stage 2,Stage 2,0.38867645626826997,0.6113235437317296
2,245,Stage 4,Stage 4,0.8520404411420309,0.8520404411420309
2,246,Stage 1,Stage 1,0.0,1.0
2,247,Stage 0,Stage 0,0.0,1.0
2,248,Stage 0,Stage 0,0.0,1.0
2,249,Stage 0,Stage 0,0.0,1.0
2,250,Stage 4,Stage 4,0.9100266990218986,0.9100266990218986
2,251,Stage 1,Stage 1,0.0,1.0
2,252,Stage 2,Stage 2,0.0,1.0
2,253,Stage 3,Stage 3,0.0,1.0
2,254,Stage 4,Stage 2,0.4715548514305982,0.5284451485694018
2,255,Stage 0,Stage 0,0.0,1.0
2,256,Stage 3,Stage 3,0.0,1.0
2,257,Stage 0,Stage 0,0.0,1.0
2,258,Stage 3,Stage 3,0.0,1.0
2,259,Stage 0,Stage 0,0.0,1.0
2,260,Stage 0,Stage 0,0.0,1.0
2,261,Stage 3,Stage 3,0.0,1.0
2,262,Stage 0,Stage 0,0.0,1.0
2,263,Stage 2,Stage 2,0.0,1.0
2,264,Stage 1,Stage 1,0.0,1.0
2,265,Stage 0,Stage 0,0.0,1.0
2,266,Stage 3,Stage 3,0.0,1.0
2,267,Stage 0,Stage 0,0.0,1.0
2,268,Stage 1,Stage 1,0.0,1.0
2,269,Stage 3,Stage 3,0.0,1.0
2,270,Stage 2,Stage 2,0.0,1.0
2,271,Stage 3,Stage 3,0.0,1.0
2,272,Stage 0,Stage 0,0.0,1.0
2,273,Stage 2,Stage 2,0.43087544371378983,0.5691245562862101
2,274,Stage 0,Stage 0,0.0,1.0
2,275,Stage 0,Stage 0,0.0,1.0
2,276,Stage 0,Stage 0,0.0,1.0
2,277,Stage 2,Stage 4,0.8342884177762228,0.8342884177762228
2,278,Stage 0,Stage 0,0.0,1.0
2,279,Stage 0,Stage 0,0.0,1.0
2,280,Stage 0,Stage 0,0.0,1.0
2,281,Stage 3,Stage 3,0.0,1.0
2,282,Stage 2,Stage 2,0.0,1.0
2,283,Stage 3,Stage 3,0.0,1.0
2,284,Stage 0,Stage 0,0.0,1.0
2,285,Stage 2,Stage 2,0.0,1.0
2,286,Stage 0,Stage 0,0.0,1.0
2,287,Stage 0,Stage 0,0.0,1.0
2,288,Stage 0,Stage 0,0.0,1.0
2,289,Stage 1,Stage 1,0.0,1.0
2,290,Stage 2,Stage 2,0.003569405483413189,0.9964305945165868
2,291,Stage 0,Stage 0,0.0,1.0
2,292,Stage 3,Stage 3,0.0,1.0
2,293,Stage 0,Stage 0,0.0,1.0
2,294,Stage 1,Stage 1,0.0,1.0
2,295,Stage 2,Stage 2,0.1646558257168644,0.8353441742831358
2,296,Stage 2,Stage 2,0.007269663671193948,0.992730336328806
2,297,Stage 3,Stage 3,0.0,1.0
2,298,Stage 2,Stage 2,0.44897537838504237,0.5510246216149578
2,299,Stage 0,Stage 0,0.0,1.0
4,1,Stage 4,Stage 4,0.9415287293783318,0.9415287293783318
4,2,Stage 3,Stage 3,0.0,1.0
4,3,Stage 0,Stage 0,0.0,1.0
4,4,Stage 0,Stage 0,0.0,1.0
4,5,Stage 3,Stage 3,0.0,1.0
4,6,Stage 0,Stage 0,0.0,1.0
4,7,Stage 1,Stage 1,0.0,1.0
4,8,Stage 0,Stage 0,0.0,1.0
4,9,Stage 2,Stage 2,0.0,1.0
4,10,Stage 3,Stage 3,0.0,1.0
4,11,Stage 1,Stage 1,0.0,1.0
4,12,Stage 3,Stage 3,0.0,1.0
4,13,Stage 3,Stage 3,0.0,1.0
4,14,Stage 4,Stage 4,0.9921742807805474,0.9921742807805474
4,15,Stage 0,Stage 0,0.0,1.0
4,16,Stage 3,Stage 3,0.0,1.0
4,17,Stage 4,Stage 4,0.9824666731868933,0.9824666731868933
4,18,Stage 0,Stage 0,0.0,1.0
4,19,Stage 1,Stage 1,0.0,1.0
4,20,Stage 1,Stage 1,0.0,1.0
4,21,Stage 3,Stage 3,0.0,1.0
4,22,Stage 0,Stage 0,0.0,1.0
4,23,Stage 4,Stage 4,0.8642681022944091,0.8642681022944091
4,24,Stage 4,Stage 4,0.7720326761361517,0.7720326761361517
4,25,Stage 0,Stage 0,0.0,1.0
4,26,Stage 0,Stage 0,0.0,1.0
4,27,Stage 1,Stage 1,0.0,1.0
4,28,Stage 0,Stage 0,0.0,1.0
4,29,Stage 0,Stage 0,0.0,1.0
4,30,Stage 0,Stage 0,0.0,1.0
4,31,Stage 1,Stage 1,0.0,1.0
4,32,Stage 0,Stage 0,0.0,1.0
4,33,Stage 0,Stage 0,0.0,1.0
4,34,Stage 1,Stage 1,0.0,1.0
4,35,Stage 2,Stage 2,0.0,1.0
4,36,Stage 2,Stage 2,0.0,1.0
4,37,Stage 0,Stage 0,0.0,1.0
4,38,Stage 4,Stage 4,0.981926600698104,0.981926600698104
4,39,Stage 0,Stage 0,0.0,1.0
4,40,Stage 4,Stage 4,0.796620323828894,0.796620323828894
4,41,Stage 3,Stage 3,0.0,1.0
4,42,Stage 0,Stage 0,0.0,1.0
4,43,Stage 3,Stage 3,0.0,1.0
4,44,Stage 4,Stage 4,0.8010694484398324,0.8010694484398324
4,45,Stage 2,Stage 2,0.0,1.0
4,46,Stage 0,Stage 0,0.0,1.0
4,47,Stage 0,Stage 0,0.0,1.0
4,48,Stage 1,Stage 1,0.0,1.0
4,49,Stage 2,Stage 2,0.0,1.0
4,50,Stage 4,Stage 4,0.866105778819992,0.866105778819992
4,51,Stage 4,Stage 4,0.9824666731868933,0.9824666731868933
4,52,Stage 2,Stage 2,0.0,1.0
4,53,Stage 1,Stage 1,0.0,1.0
4,54,Stage 0,Stage 0,0.0,1.0
4,55,Stage 0,Stage 0,0.0,1.0
4,56,Stage 2,Stage 2,0.0,1.0
4,57,Stage 4,Stage 4,0.9824666731868933,0.9824666731868933
4,58,Stage 4,Stage 4,0.9975878016129752,0.9975878016129752
4,59,Stage 3,Stage 3,0.0,1.0
4,60,Stage 1,Stage 1,0.0,1.0
4,61,Stage 0,Stage 0,0.0,1.0
4,62,Stage 4,Stage 4,0.8642681022944091,0.8642681022944091
4,63,Stage 3,Stage 3,0.0,1.0
4,64,Stage 1,Stage 1,0.0,1.0
4,65,Stage 4,Stage 4,0.9607130707622694,0.9607130707622694
4,66,Stage 0,Stage 0,0.0,1.0
4,67,Stage 0,Stage 0,0.0,1.0
4,68,Stage 2,Stage 2,0.0,1.0
4,69,Stage 2,Stage 2,0.0,1.0
4,70,Stage 1,Stage 1,0.0,1.0
4,71,Stage 0,Stage 0,0.0,1.0
4,72,Stage 1,Stage 1,0.0,1.0
4,73,Stage 2,Stage 2,0.0,1.0
4,74,Stage 0,Stage 0,0.0,1.0
4,75,Stage 0,Stage 0,0.0,1.0
4,76,Stage 3,Stage 3,0.0,1.0
4,77,Stage 3,Stage 3,0.0,1.0
4,78,Stage 0,Stage 0,0.0,1.0
4,79,Stage 0,Stage 0,0.0,1.0
4,80,Stage 3,Stage 3,0.0,1.0
4,81,Stage 0,Stage 0,0.0,1.0
4,82,Stage 1,Stage 1,0.0,1.0
4,83,Stage 4,Stage 4,0.7462243382352246,0.7462243382352246
4,84,Stage 3,Stage 3,0.0,1.0
4,85,Stage 0,Stage 0,0.0,1.0
4,86,Stage 3,Stage 3,0.0,1.0
4,87,Stage 3,Stage 3,0.0,1.0
4,88,Stage 0,Stage 0,0.0,1.0
4,89,Stage 4,Stage 4,0.7244802264417022,0.7244802264417022
4,90,Stage 1,Stage 1,0.0,1.0
4,91,Stage 0,Stage 0,0.0,1.0
4,92,Stage 0,Stage 0,0.0,1.0
4,93,Stage 3,Stage 3,0.0,1.0
4,94,Stage 3,Stage 3,0.0,1.0
4,95,Stage 0,Stage 0,0.0,1.0
4,96,Stage 3,Stage 3,0.0,1.0
4,97,Stage 0,Stage 0,0.0,1.0
4,98,Stage 2,Stage 2,0.0,1.0
4,99,Stage 2,Stage 2,0.0,1.0
4,100,Stage 0,Stage 0,0.0,1.0
4,101,Stage 4,Stage 4,0.9499993864621158,0.9499993864621158
4,102,Stage 0,Stage 0,0.0,1.0
4,103,Stage 2,Stage 2,0.0,1.0
4,104,Stage 4,Stage 4,0.7113694218942217,0.7113694218942217
4,105,Stage 0,Stage 0,0.0,1.0
4,106,Stage 1,Stage 1,0.0,1.0
4,107,Stage 4,Stage 4,0.8746251110978637,0.8746251110978637
4,108,Stage 1,Stage 1,0.0,1.0
4,109,Stage 0,Stage 0,0.0,1.0
4,110,Stage 0,Stage 0,0.0,1.0
4,111,Stage 1,Stage 1,0.0,1.0
4,112,Stage 1,Stage 1,0.0,1.0
4,113,Stage 2,Stage 2,0.0,1.0
4,114,Stage 1,Stage 1,0.0,1.0
4,115,Stage 3,Stage 3,0.0,1.0
4,116,Stage 4,Stage 4,0.9364034605127471,0.9364034605127471
4,117,Stage 0,Stage 0,0.0,1.0
4,118,Stage 0,Stage 0,0.0,1.0
4,119,Stage 2,Stage 2,0.0,1.0
4,120,Stage 0,Stage 0,0.0,1.0
4,121,Stage 4,Stage 4,0.7113694218942217,0.7113694218942217
4,122,Stage 3,Stage 3,0.0,1.0
4,123,Stage 2,Stage 2,0.0,1.0
4,124,Stage 0,Stage 0,0.0,1.0
4,125,Stage 3,Stage 3,0.0,1.0
4,126,Stage 0,Stage 0,0.0,1.0
4,127,Stage 0,Stage 0,0.0,1.0
4,128,Stage 0,Stage 0,0.0,1.0
4,129,Stage 3,Stage 3,0.0,1.0
4,130,Stage 0,Stage 0,0.0,1.0
4,131,Stage 0,Stage 0,0.0,1.0
4,132,Stage 0,Stage 0,0.0,1.0
4,133,Stage 0,Stage 0,0.0,1.0
4,134,Stage 3,Stage 3,0.0,1.0
4,135,Stage 2,Stage 2,0.0,1.0
4,136,Stage 3,Stage 3,0.0,1.0
4,137,Stage 0,Stage 0,0.0,1.0
4,138,Stage 1,Stage 1,0.0,1.0
4,139,Stage 0,Stage 0,0.0,1.0
4,140,Stage 3,Stage 3,0.0,1.0
4,141,Stage 1,Stage 1,0.0,1.0
4,142,Stage 0,Stage 0,0.0,1.0
4,143,Stage 1,Stage 1,0.0,1.0
4,144,Stage 0,Stage 0,0.0,1.0
4,145,Stage 3,Stage 3,0.0,1.0
4,146,Stage 2,Stage 2,0.0,1.0
4,147,Stage 0,Stage 0,0.0,1.0
4,148,Stage 0,Stage 0,0.0,1.0
4,149,Stage 3,Stage 3,0.0,1.0
4,150,Stage 0,Stage 0,0.0,1.0
4,151,Stage 0,Stage 0,0.0,1.0
4,152,Stage 0,Stage 0,0.0,1.0
4,153,Stage 2,Stage 2,0.0,1.0
4,154,Stage 0,Stage 0,0.0,1.0
4,155,Stage 0,Stage 0,0.0,1.0
4,156,Stage 3,Stage 3,0.0,1.0
4,157,Stage 0,Stage 0,0.0,1.0
4,158,Stage 0,Stage 0,0.0,1.0
4,159,Stage 0,Stage 0,0.0,1.0
4,160,Stage 2,Stage 2,0.0,1.0
4,161,Stage 0,Stage 0,0.0,1.0
4,162,Stage 4,Stage 4,0.6420466460717965,0.6420466460717965
4,163,Stage 1,Stage 1,0.0,1.0
4,164,Stage 3,Stage 3,0.0,1.0
4,165,Stage 0,Stage 0,0.0,1.0
4,166,Stage 0,Stage 0,0.0,1.0
4,167,Stage 2,Stage 2,0.0,1.0
4,168,Stage 4,Stage 4,0.9862904509919722,0.9862904509919722
4,169,Stage 2,Stage 2,0.0,1.0
4,170,Stage 0,Stage 0,0.0,1.0
4,171,Stage 4,Stage 4,0.8642681022944091,0.8642681022944091
4,172,Stage 2,Stage 2,0.0,1.0
4,173,Stage 0,Stage 0,0.0,1.0
4,174,Stage 3,Stage 3,0.0,1.0
4,175,Stage 4,Stage 4,0.9862904509919722,0.9862904509919722
4,176,Stage 0,Stage 0,0.0,1.0
4,177,Stage 0,Stage 0,0.0,1.0
4,178,Stage 2,Stage 2,0.0,1.0
4,179,Stage 3,Stage 3,0.0,1.0
4,180,Stage 0,Stage 0,0.0,1.0
4,181,Stage 0,Stage 0,0.0,1.0
4,182,Stage 3,Stage 3,0.0,1.0
4,183,Stage 4,Stage 4,0.7913842757083381,0.7913842757083381
4,184,Stage 0,Stage 0,0.0,1.0
4,185,Stage 0,Stage 0,0.0,1.0
4,186,Stage 0,Stage 0,0.0,1.0
4,187,Stage 0,Stage 0,0.0,1.0
4,188,Stage 0,Stage 0,0.0,1.0
4,189,Stage 0,Stage 0,0.0,1.0
4,190,Stage 0,Stage 0,0.0,1.0
4,191,Stage 0,Stage 0,0.0,1.0
4,192,Stage 3,Stage 3,0.0,1.0
4,193,Stage 3,Stage 3,0.0,1.0
4,194,Stage 4,Stage 4,0.8891057929150975,0.8891057929150975
4,195,Stage 2,Stage 2,0.0,1.0
4,196,Stage 1,Stage 1,0.0,1.0
4,197,Stage 2,Stage 2,0.0,1.0
4,198,Stage 0,Stage 0,0.0,1.0
4,199,Stage 4,Stage 2,0.2897313079799132,0.7102686920200867
4,200,Stage 0,Stage 0,0.0,1.0
4,201,Stage 0,Stage 0,0.0,1.0
4,202,Stage 2,Stage 2,0.0,1.0
4,203,Stage 3,Stage 3,0.0,1.0
4,204,Stage 0,Stage 0,0.0,1.0
4,205,Stage 3,Stage 3,0.0,1.0
4,206,Stage 1,Stage 1,0.0,1.0
4,207,Stage 4,Stage 4,0.9607052736317414,0.9607052736317414
4,208,Stage 0,Stage 0,0.0,1.0
4,209,Stage 1,Stage 1,0.0,1.0
4,210,Stage 1,Stage 1,0.0,1.0
4,211,Stage 0,Stage 0,0.0,1.0
4,212,Stage 0,Stage 0,0.0,1.0
4,213,Stage 3,Stage 3,0.0,1.0
4,214,Stage 1,Stage 1,0.0,1.0
4,215,Stage 0,Stage 0,0.0,1.0
4,216,Stage 0,Stage 0,0.0,1.0
4,217,Stage 0,Stage 0,0.0,1.0
4,218,Stage 0,Stage 0,0.0,1.0
4,219,Stage 0,Stage 0,0.0,1.0
4,220,Stage 2,Stage 2,0.0,1.0
4,221,Stage 2,Stage 2,0.0,1.0
4,222,Stage 0,Stage 0,0.0,1.0
4,223,Stage 4,Stage 2,0.38867645626826997,0.6113235437317296
4,224,Stage 0,Stage 0,0.0,1.0
4,225,Stage 2,Stage 2,0.0,1.0
4,226,Stage 2,Stage 2,0.0,1.0
4,227,Stage 0,Stage 0,0.0,1.0
4,228,Stage 4,Stage 2,0.49996988381980667,0.5000301161801931
4,229,Stage 3,Stage 3,0.0,1.0
4,230,Stage 2,Stage 2,0.0,1.0
4,231,Stage 1,Stage 1,0.0,1.0
4,232,Stage 2,Stage 4,0.7462243382352246,0.7462243382352246
4,233,Stage 0,Stage 0,0.0,1.0
4,234,Stage 2,Stage 2,0.0,1.0
4,235,Stage 0,Stage 0,0.0,1.0
4,236,Stage 1,Stage 1,0.0,1.0
4,237,Stage 4,Stage 2,0.37202376800919706,0.6279762319908029
4,238,Stage 3,Stage 3,0.0,1.0
4,239,Stage 2,Stage 2,0.0,1.0
4,240,Stage 3,Stage 3,0.0,1.0
4,241,Stage 0,Stage 0,0.0,1.0
4,242,Stage 3,Stage 3,0.0,1.0
4,243,Stage 0,Stage 0,0.0,1.0
4,244,Stage 3,Stage 3,0.0,1.0
4,245,Stage 3,Stage 3,0.0,1.0
4,246,Stage 3,Stage 3,0.0,1.0
4,247,Stage 2,Stage 2,0.0,1.0
4,248,Stage 0,Stage 0,0.0,1.0
4,249,Stage 0,Stage 0,0.0,1.0
4,250,Stage 2,Stage 2,0.2130593097384019,0.7869406902615983
4,251,Stage 2,Stage 4,0.8349402179420571,0.8349402179420571
4,252,Stage 2,Stage 2,0.0,1.0
4,253,Stage 3,Stage 3,0.0,1.0
4,254,Stage 1,Stage 1,0.0,1.0
4,255,Stage 0,Stage 0,0.0,1.0
4,256,Stage 2,Stage 2,0.0,1.0
4,257,Stage 1,Stage 1,0.0,1.0
4,258,Stage 4,Stage 2,0.49370104027802086,0.506298959721979
4,259,Stage 0,Stage 0,0.0,1.0
4,260,Stage 0,Stage 0,0.0,1.0
4,261,Stage 0,Stage 0,0.0,1.0
4,262,Stage 2,Stage 2,0.007269663671193948,0.992730336328806
4,263,Stage 2,Stage 2,0.0,1.0
4,264,Stage 2,Stage 2,0.003569405483413189,0.9964305945165868
4,265,Stage 2,Stage 2,0.0,1.0
4,266,Stage 2,Stage 2,0.1532567527827258,0.8467432472172738
4,267,Stage 1,Stage 1,0.0,1.0
4,268,Stage 0,Stage 0,0.0,1.0
4,269,Stage 2,Stage 2,0.0,1.0
4,270,Stage 1,Stage 1,0.0,1.0
4,271,Stage 2,Stage 2,0.14503368756469193,0.8549663124353081
4,272,Stage 3,Stage 3,0.0,1.0
4,273,Stage 2,Stage 2,0.0,1.0
4,274,Stage 0,Stage 0,0.0,1.0
11,1,Stage 0,Stage 0,0.0,1.0
11,2,Stage 2,Stage 2,0.0,1.0
11,3,Stage 0,Stage 0,0.0,1.0
11,4,Stage 2,Stage 2,0.0,1.0
11,5,Stage 1,Stage 1,0.0,1.0
11,6,Stage 0,Stage 0,0.0,1.0
11,7,Stage 0,Stage 0,0.0,1.0
11,8,Stage 2,Stage 2,0.0,1.0
11,9,Stage 4,Stage 4,0.8656719512147011,0.8656719512147011
11,10,Stage 1,Stage 1,0.0,1.0
11,11,Stage 2,Stage 2,0.0,1.0
11,12,Stage 0,Stage 0,0.0,1.0
11,13,Stage 0,Stage 0,0.0,1.0
11,14,Stage 0,Stage 0,0.0,1.0
11,15,Stage 1,Stage 1,0.0,1.0
11,16,Stage 3,Stage 3,0.0,1.0
11,17,Stage 1,Stage 1,0.0,1.0
11,18,Stage 0,Stage 0,0.0,1.0
11,19,Stage 2,Stage 2,0.0,1.0
11,20,Stage 2,Stage 2,0.0,1.0
11,21,Stage 0,Stage 0,0.0,1.0
11,22,Stage 3,Stage 3,0.0,1.0
11,23,Stage 0,Stage 0,0.0,1.0
11,24,Stage 0,Stage 0,0.0,1.0
11,25,Stage 4,Stage 4,0.7884846171590882,0.7884846171590882
11,26,Stage 0,Stage 0,0.0,1.0
11,27,Stage 0,Stage 0,0.0,1.0
11,28,Stage 4,Stage 4,0.9878025947614272,0.9878025947614272
11,29,Stage 2,Stage 2,0.0,1.0
11,30,Stage 4,Stage 4,0.722675912901298,0.722675912901298
11,31,Stage 0,Stage 0,0.0,1.0
11,32,Stage 0,Stage 0,0.0,1.0
11,33,Stage 0,Stage 0,0.0,1.0
11,34,Stage 1,Stage 1,0.0,1.0
11,35,Stage 4,Stage 4,0.8520404411420309,0.8520404411420309
11,36,Stage 0,Stage 0,0.0,1.0
11,37,Stage 1,Stage 1,0.0,1.0
11,38,Stage 0,Stage 0,0.0,1.0
11,39,Stage 0,Stage 0,0.0,1.0
11,40,Stage 0,Stage 0,0.0,1.0
11,41,Stage 0,Stage 0,0.0,1.0
11,42,Stage 3,Stage 3,0.0,1.0
11,43,Stage 0,Stage 0,0.0,1.0
11,44,Stage 4,Stage 4,0.9876932881715945,0.9876932881715945
11,45,Stage 3,Stage 3,0.0,1.0
11,46,Stage 3,Stage 3,0.0,1.0
11,47,Stage 3,Stage 3,0.0,1.0
11,48,Stage 1,Stage 1,0.0,1.0
11,49,Stage 0,Stage 0,0.0,1.0
11,50,Stage 1,Stage 1,0.0,1.0
11,51,Stage 2,Stage 2,0.0,1.0
11,52,Stage 3,Stage 3,0.0,1.0
11,53,Stage 4,Stage 4,0.8656719512147011,0.8656719512147011
11,54,Stage 2,Stage 2,0.0,1.0
11,55,Stage 0,Stage 0,0.0,1.0
11,56,Stage 2,Stage 2,0.0,1.0
11,57,Stage 0,Stage 0,0.0,1.0
11,58,Stage 0,Stage 0,0.0,1.0
11,59,Stage 0,Stage 0,0.0,1.0
11,60,Stage 4,Stage 4,0.647141386050722,0.647141386050722
11,61,Stage 0,Stage 0,0.0,1.0
11,62,Stage 0,Stage 0,0.0,1.0
11,63,Stage 0,Stage 0,0.0,1.0
11,64,Stage 0,Stage 0,0.0,1.0
11,65,Stage 3,Stage 3,0.0,1.0
11,66,Stage 3,Stage 3,0.0,1.0
11,67,Stage 2,Stage 2,0.0,1.0
11,68,Stage 0,Stage 0,0.0,1.0
11,69,Stage 0,Stage 0,0.0,1.0
11,70,Stage 0,Stage 0,0.0,1.0
11,71,Stage 0,Stage 0,0.0,1.0
11,72,Stage 2,Stage 2,0.0,1.0
11,73,Stage 0,Stage 0,0.0,1.0
11,74,Stage 4,Stage 4,0.7884846171590882,0.7884846171590882
11,75,Stage 3,Stage 3,0.0,1.0
11,76,Stage 0,Stage 0,0.0,1.0
11,77,Stage 4,Stage 4,0.9849264415716236,0.9849264415716236
11,78,Stage 3,Stage 3,0.0,1.0
11,79,Stage 0,Stage 0,0.0,1.0
11,80,Stage 0,Stage 0,0.0,1.0
11,81,Stage 3,Stage 3,0.0,1.0
11,82,Stage 1,Stage 1,0.0,1.0
11,83,Stage 4,Stage 4,0.8893426483343351,0.8893426483343351
11,84,Stage 4,Stage 4,0.8811428182525202,0.8811428182525202
11,85,Stage 1,Stage 1,0.0,1.0
11,86,Stage 0,Stage 0,0.0,1.0
11,87,Stage 1,Stage 1,0.0,1.0
11,88,Stage 0,Stage 0,0.0,1.0
11,89,Stage 0,Stage 0,0.0,1.0
11,90,Stage 0,Stage 0,0.0,1.0
11,91,Stage 0,Stage 0,0.0,1.0
11,92,Stage 0,Stage 0,0.0,1.0
11,93,Stage 0,Stage 0,0.0,1.0
11,94,Stage 4,Stage 4,0.8576291809919231,0.8576291809919231
11,95,Stage 2,Stage 2,0.0,1.0
11,96,Stage 3,Stage 3,0.0,1.0
11,97,Stage 0,Stage 0,0.0,1.0
11,98,Stage 0,Stage 0,0.0,1.0
11,99,Stage 0,Stage 0,0.0,1.0
11,100,Stage 3,Stage 3,0.0,1.0
11,101,Stage 3,Stage 3,0.0,1.0
11,102,Stage 0,Stage 0,0.0,1.0
11,103,Stage 2,Stage 2,0.0,1.0
11,104,Stage 0,Stage 0,0.0,1.0
11,105,Stage 0,Stage 0,0.0,1.0
11,106,Stage 0,Stage 0,0.0,1.0
11,107,Stage 0,Stage 0,0.0,1.0
11,108,Stage 1,Stage 1,0.0,1.0
11,109,Stage 1,Stage 1,0.0,1.0
11,110,Stage 1,Stage 1,0.0,1.0
11,111,Stage 4,Stage 4,0.8893426483343351,0.8893426483343351
11,112,Stage 1,Stage 1,0.0,1.0
11,113,Stage 0,Stage 0,0.0,1.0
11,114,Stage 0,Stage 0,0.0,1.0
11,115,Stage 0,Stage 0,0.0,1.0
11,116,Stage 3,Stage 3,0.0,1.0
11,117,Stage 3,Stage 3,0.0,1.0
11,118,Stage 4,Stage 4,0.8776409049698252,0.8776409049698252
11,119,Stage 3,Stage 3,0.0,1.0
11,120,Stage 4,Stage 4,0.9871804087658124,0.9871804087658124
11,121,Stage 1,Stage 1,0.0,1.0
11,122,Stage 2,Stage 2,0.0,1.0
11,123,Stage 2,Stage 2,0.0,1.0
11,124,Stage 0,Stage 0,0.0,1.0
11,125,Stage 0,Stage 0,0.0,1.0
11,126,Stage 4,Stage 4,0.8744905051482625,0.8744905051482625
11,127,Stage 0,Stage 0,0.0,1.0
11,128,Stage 0,Stage 0,0.0,1.0
11,129,Stage 0,Stage 0,0.0,1.0
11,130,Stage 1,Stage 1,0.0,1.0
11,131,Stage 2,Stage 2,0.0,1.0
11,132,Stage 2,Stage 2,0.0,1.0
11,133,Stage 3,Stage 3,0.0,1.0
11,134,Stage 1,Stage 1,0.0,1.0
11,135,Stage 4,Stage 4,0.9191806954309615,0.9191806954309615
11,136,Stage 0,Stage 0,0.0,1.0
11,137,Stage 0,Stage 0,0.0,1.0
11,138,Stage 4,Stage 4,0.84461479593568,0.84461479593568
11,139,Stage 2,Stage 2,0.0,1.0
11,140,Stage 2,Stage 4,0.8947853571945482,0.8947853571945482
11,141,Stage 1,Stage 1,0.0,1.0
11,142,Stage 3,Stage 3,0.0,1.0
11,143,Stage 1,Stage 1,0.0,1.0
11,144,Stage 0,Stage 0,0.0,1.0
11,145,Stage 0,Stage 0,0.0,1.0
11,146,Stage 1,Stage 1,0.0,1.0
11,147,Stage 3,Stage 3,0.0,1.0
11,148,Stage 1,Stage 1,0.0,1.0
11,149,Stage 3,Stage 3,0.0,1.0
11,150,Stage 0,Stage 0,0.0,1.0
11,151,Stage 1,Stage 1,0.0,1.0
11,152,Stage 0,Stage 0,0.0,1.0
11,153,Stage 4,Stage 4,0.7803015306936071,0.7803015306936071
11,154,Stage 1,Stage 1,0.0,1.0
11,155,Stage 2,Stage 4,0.8520404411420309,0.8520404411420309
11,156,Stage 0,Stage 0,0.0,1.0
11,157,Stage 4,Stage 4,0.9834979793636001,0.9834979793636001
11,158,Stage 1,Stage 1,0.0,1.0
11,159,Stage 0,Stage 0,0.0,1.0
11,160,Stage 3,Stage 3,0.0,1.0
11,161,Stage 4,Stage 4,0.8811428182525202,0.8811428182525202
11,162,Stage 4,Stage 4,0.9325569778076929,0.9325569778076929
11,163,Stage 3,Stage 3,0.0,1.0
11,164,Stage 3,Stage 3,0.0,1.0
11,165,Stage 1,Stage 1,0.0,1.0
11,166,Stage 3,Stage 3,0.0,1.0
11,167,Stage 1,Stage 1,0.0,1.0
11,168,Stage 4,Stage 4,0.84461479593568,0.84461479593568
11,169,Stage 4,Stage 4,0.8891057929150975,0.8891057929150975
11,170,Stage 4,Stage 4,0.8445403232878554,0.8445403232878554
11,171,Stage 0,Stage 0,0.0,1.0
11,172,Stage 0,Stage 0,0.0,1.0
11,173,Stage 4,Stage 4,0.9415287293783318,0.9415287293783318
11,174,Stage 3,Stage 3,0.0,1.0
11,175,Stage 2,Stage 4,0.8434394632730455,0.8434394632730455
11,176,Stage 0,Stage 0,0.0,1.0
11,177,Stage 2,Stage 2,0.0,1.0
11,178,Stage 0,Stage 0,0.0,1.0
11,179,Stage 0,Stage 0,0.0,1.0
11,180,Stage 2,Stage 2,0.0,1.0
11,181,Stage 0,Stage 0,0.0,1.0
11,182,Stage 4,Stage 4,0.9924932933273165,0.9924932933273165
11,183,Stage 0,Stage 0,0.0,1.0
11,184,Stage 4,Stage 4,0.647141386050722,0.647141386050722
11,185,Stage 0,Stage 0,0.0,1.0
11,186,Stage 1,Stage 1,0.0,1.0
11,187,Stage 1,Stage 1,0.0,1.0
11,188,Stage 0,Stage 0,0.0,1.0
11,189,Stage 4,Stage 4,0.8349402179420571,0.8349402179420571
11,190,Stage 0,Stage 0,0.0,1.0
11,191,Stage 0,Stage 0,0.0,1.0
11,192,Stage 3,Stage 3,0.0,1.0
11,193,Stage 1,Stage 1,0.0,1.0
11,194,Stage 2,Stage 2,0.0,1.0
11,195,Stage 2,Stage 2,0.0,1.0
11,196,Stage 0,Stage 0,0.0,1.0
11,197,Stage 0,Stage 0,0.0,1.0
11,198,Stage 0,Stage 0,0.0,1.0
11,199,Stage 1,Stage 1,0.0,1.0
11,200,Stage 2,Stage 2,0.0,1.0
11,201,Stage 4,Stage 4,0.7244802264417022,0.7244802264417022
11,202,Stage 0,Stage 0,0.0,1.0
11,203,Stage 0,Stage 0,0.0,1.0
11,204,Stage 0,Stage 0,0.0,1.0
11,205,Stage 0,Stage 0,0.0,1.0
11,206,Stage 0,Stage 0,0.0,1.0
11,207,Stage 1,Stage 1,0.0,1.0
11,208,Stage 3,Stage 3,0.0,1.0
11,209,Stage 3,Stage 3,0.0,1.0
11,210,Stage 2,Stage 2,0.0,1.0
11,211,Stage 0,Stage 0,0.0,1.0
11,212,Stage 2,Stage 2,0.0,1.0
11,213,Stage 2,Stage 4,0.8944410255352568,0.8944410255352568
11,214,Stage 3,Stage 3,0.0,1.0
11,215,Stage 4,Stage 4,0.7884846171590882,0.7884846171590882
11,216,Stage 0,Stage 0,0.0,1.0
11,217,Stage 0,Stage 0,0.0,1.0
11,218,Stage 0,Stage 0,0.0,1.0
11,219,Stage 2,Stage 2,0.0,1.0
11,220,Stage 3,Stage 3,0.0,1.0
11,221,Stage 0,Stage 0,0.0,1.0
11,222,Stage 1,Stage 1,0.0,1.0
11,223,Stage 0,Stage 0,0.0,1.0
11,224,Stage 3,Stage 3,0.0,1.0
11,225,Stage 3,Stage 3,0.0,1.0
11,226,Stage 2,Stage 2,0.0,1.0
11,227,Stage 0,Stage 0,0.0,1.0
11,228,Stage 3,Stage 3,0.0,1.0
11,229,Stage 3,Stage 3,0.0,1.0
11,230,Stage 2,Stage 2,0.0,1.0
11,231,Stage 0,Stage 0,0.0,1.0
11,232,Stage 0,Stage 0,0.0,1.0
11,233,Stage 2,Stage 2,0.0,1.0
11,234,Stage 3,Stage 3,0.0,1.0
11,235,Stage 0,Stage 0,0.0,1.0
11,236,Stage 3,Stage 3,0.0,1.0
11,237,Stage 2,Stage 2,0.0,1.0
11,238,Stage 0,Stage 0,0.0,1.0
11,239,Stage 2,Stage 4,0.6870105034230617,0.6870105034230617
11,240,Stage 2,Stage 2,0.2321876521238697,0.7678123478761302
11,241,Stage 0,Stage 0,0.0,1.0
11,242,Stage 4,Stage 4,0.6404933884367061,0.6404933884367061
11,243,Stage 2,Stage 2,0.0,1.0
11,244,Stage 2,Stage 2,0.0,1.0
11,245,Stage 0,Stage 0,0.0,1.0
11,246,Stage 2,Stage 2,0.0,1.0
11,247,Stage 3,Stage 3,0.0,1.0
11,248,Stage 0,Stage 0,0.0,1.0
11,249,Stage 0,Stage 0,0.0,1.0
11,250,Stage 3,Stage 3,0.0,1.0
11,251,Stage 2,Stage 2,0.0,1.0
11,252,Stage 1,Stage 1,0.0,1.0
11,253,Stage 0,Stage 0,0.0,1.0
11,254,Stage 3,Stage 3,0.0,1.0
11,255,Stage 2,Stage 2,0.4236998747087108,0.5763001252912892
11,256,Stage 2,Stage 2,0.0,1.0
11,257,Stage 2,Stage 2,0.0,1.0
11,258,Stage 0,Stage 0,0.0,1.0
11,259,Stage 2,Stage 4,0.5879670616093844,0.5879670616093844
11,260,Stage 0,Stage 0,0.0,1.0
11,261,Stage 0,Stage 0,0.0,1.0
11,262,Stage 3,Stage 3,0.0,1.0
11,263,Stage 0,Stage 0,0.0,1.0
11,264,Stage 2,Stage 2,0.44897537838504237,0.5510246216149578
11,265,Stage 2,Stage 4,0.7089401704384415,0.7089401704384415
11,266,Stage 0,Stage 0,0.0,1.0
11,267,Stage 0,Stage 0,0.0,1.0
11,268,Stage 3,Stage 3,0.0,1.0
11,269,Stage 2,Stage 2,0.0,1.0
11,270,Stage 0,Stage 0,0.0,1.0
11,271,Stage 1,Stage 1,0.0,1.0
11,272,Stage 1,Stage 1,0.0,1.0
11,273,Stage 0,Stage 0,0.0,1.0
11,274,Stage 4,Stage 2,0.4442360155152546,0.5557639844847451
11,275,Stage 0,Stage 0,0.0,1.0
11,276,Stage 2,Stage 2,0.41324540336068666,0.5867545966393132
11,277,Stage 1,Stage 1,0.0,1.0
11,278,Stage 1,Stage 1,0.0,1.0
11,279,Stage 2,Stage 4,0.5826946755668082,0.5826946755668082
11,280,Stage 3,Stage 3,0.0,1.0
11,281,Stage 4,Stage 2,0.38867645626826997,0.6113235437317296
11,282,Stage 2,Stage 4,0.6205878773057801,0.6205878773057801
11,283,Stage 0,Stage 0,0.0,1.0
11,284,Stage 0,Stage 0,0.0,1.0
11,285,Stage 3,Stage 3,0.0,1.0
11,286,Stage 2,Stage 2,0.0,1.0
11,287,Stage 0,Stage 0,0.0,1.0
11,288,Stage 0,Stage 0,0.0,1.0
11,289,Stage 2,Stage 2,0.006666666666666667,0.9933333333333333
11,290,Stage 2,Stage 2,0.43087544371378983,0.5691245562862101
11,291,Stage 3,Stage 3,0.0,1.0
11,292,Stage 0,Stage 0,0.0,1.0
11,293,Stage 2,Stage 2,0.030585937844206327,0.9694140621557937
11,294,Stage 2,Stage 4,0.6517868886107425,0.6517868886107425
11,295,Stage 0,Stage 0,0.0,1.0
11,296,Stage 2,Stage 2,0.3467130517915099,0.6532869482084901
11,297,Stage 1,Stage 1,0.0,1.0
11,298,Stage 0,Stage 0,0.0,1.0
11,299,Stage 2,Stage 2,0.0,1.0
11,300,Stage 3,Stage 3,0.0,1.0
11,301,Stage 0,Stage 0,0.0,1.0
12,1,Stage 3,Stage 3,0.0,1.0
12,2,Stage 4,Stage 4,0.9998070080552094,0.9998070080552094
12,3,Stage 2,Stage 2,0.0,1.0
12,4,Stage 1,Stage 1,0.0,1.0
12,5,Stage 2,Stage 2,0.0,1.0
12,6,Stage 0,Stage 0,0.0,1.0
12,7,Stage 3,Stage 3,0.0,1.0
12,8,Stage 1,Stage 1,0.0,1.0
12,9,Stage 0,Stage 0,0.0,1.0
12,10,Stage 2,Stage 2,0.0,1.0
12,11,Stage 0,Stage 0,0.0,1.0
12,12,Stage 0,Stage 0,0.0,1.0
12,13,Stage 0,Stage 0,0.0,1.0
12,14,Stage 0,Stage 0,0.0,1.0
12,15,Stage 0,Stage 0,0.0,1.0
12,16,Stage 1,Stage 1,0.0,1.0
12,17,Stage 0,Stage 0,0.0,1.0
12,18,Stage 2,Stage 2,0.0,1.0
12,19,Stage 0,Stage 0,0.0,1.0
12,20,Stage 2,Stage 2,0.0,1.0
12,21,Stage 0,Stage 0,0.0,1.0
12,22,Stage 1,Stage 1,0.0,1.0
12,23,Stage 0,Stage 0,0.0,1.0
12,24,Stage 0,Stage 0,0.0,1.0
12,25,Stage 1,Stage 1,0.0,1.0
12,26,Stage 1,Stage 1,0.0,1.0
12,27,Stage 2,Stage 2,0.0,1.0
12,28,Stage 1,Stage 1,0.0,1.0
12,29,Stage 4,Stage 4,0.9998070080552094,0.9998070080552094
12,30,Stage 0,Stage 0,0.0,1.0
12,31,Stage 2,Stage 2,0.0,1.0
12,32,Stage 0,Stage 0,0.0,1.0
12,33,Stage 0,Stage 0,0.0,1.0
12,34,Stage 4,Stage 4,0.9999022010127095,0.9999022010127095
12,35,Stage 0,Stage 0,0.0,1.0
12,36,Stage 4,Stage 4,0.9990286822294617,0.9990286822294617
12,37,Stage 3,Stage 3,0.0,1.0
12,38,Stage 1,Stage 1,0.0,1.0
12,39,Stage 1,Stage 1,0.0,1.0
12,40,Stage 0,Stage 0,0.0,1.0
12,41,Stage 0,Stage 0,0.0,1.0
12,42,Stage 0,Stage 0,0.0,1.0
12,43,Stage 0,Stage 0,0.0,1.0
12,44,Stage 1,Stage 1,0.0,1.0
12,45,Stage 0,Stage 0,0.0,1.0
12,46,Stage 4,Stage 4,0.9999339624760237,0.9999339624760237
12,47,Stage 0,Stage 0,0.0,1.0
12,48,Stage 2,Stage 2,0.0,1.0
12,49,Stage 2,Stage 2,0.0,1.0
12,50,Stage 4,Stage 4,0.9892898864791082,0.9892898864791082
12,51,Stage 0,Stage 0,0.0,1.0
12,52,Stage 1,Stage 1,0.0,1.0
12,53,Stage 1,Stage 1,0.0,1.0
12,54,Stage 3,Stage 3,0.0,1.0
12,55,Stage 0,Stage 0,0.0,1.0
12,56,Stage 4,Stage 4,0.9990286822294617,0.9990286822294617
12,57,Stage 0,Stage 0,0.0,1.0
12,58,Stage 2,Stage 2,0.0,1.0
12,59,Stage 1,Stage 1,0.0,1.0
12,60,Stage 4,Stage 4,0.8720802375403641,0.8720802375403641
12,61,Stage 1,Stage 1,0.0,1.0
12,62,Stage 0,Stage 0,0.0,1.0
12,63,Stage 1,Stage 1,0.0,1.0
12,64,Stage 0,Stage 0,0.0,1.0
12,65,Stage 4,Stage 4,0.989424647390052,0.989424647390052
12,66,Stage 2,Stage 2,0.03386819974327718,0.9661318002567231
12,67,Stage 4,Stage 4,0.9999445689853212,0.9999445689853212
12,68,Stage 1,Stage 1,0.0,1.0
12,69,Stage 0,Stage 0,0.0,1.0
12,70,Stage 0,Stage 0,0.0,1.0
12,71,Stage 4,Stage 4,0.9998070080552094,0.9998070080552094
12,72,Stage 3,Stage 3,0.0,1.0
12,73,Stage 1,Stage 1,0.0,1.0
12,74,Stage 0,Stage 0,0.0,1.0
12,75,Stage 2,Stage 2,0.0,1.0
12,76,Stage 3,Stage 3,0.0,1.0
12,77,Stage 2,Stage 2,0.0,1.0
12,78,Stage 3,Stage 3,0.0,1.0
12,79,Stage 1,Stage 1,0.0,1.0
12,80,Stage 4,Stage 4,0.9998070080552094,0.9998070080552094
12,81,Stage 2,Stage 2,0.0,1.0
12,82,Stage 4,Stage 4,0.9978609539488698,0.9978609539488698
12,83,Stage 2,Stage 2,0.0,1.0
12,84,Stage 3,Stage 3,0.0,1.0
12,85,Stage 3,Stage 3,0.0,1.0
12,86,Stage 4,Stage 4,0.9998953569368154,0.9998953569368154
12,87,Stage 0,Stage 0,0.0,1.0
12,88,Stage 2,Stage 2,0.0,1.0
12,89,Stage 3,Stage 3,0.0,1.0
12,90,Stage 1,Stage 1,0.0,1.0
12,91,Stage 0,Stage 0,0.0,1.0
12,92,Stage 2,Stage 2,0.0,1.0
12,93,Stage 2,Stage 2,0.0,1.0
12,94,Stage 2,Stage 2,0.0,1.0
12,95,Stage 2,Stage 2,0.0,1.0
12,96,Stage 1,Stage 1,0.0,1.0
12,97,Stage 0,Stage 0,0.0,1.0
12,98,Stage 1,Stage 1,0.0,1.0
12,99,Stage 0,Stage 0,0.0,1.0
12,100,Stage 0,Stage 0,0.0,1.0
12,101,Stage 2,Stage 2,0.0,1.0
12,102,Stage 3,Stage 3,0.0,1.0
12,103,Stage 3,Stage 3,0.0,1.0
12,104,Stage 2,Stage 2,0.0,1.0
12,105,Stage 4,Stage 4,0.9989387997231959,0.9989387997231959
12,106,Stage 0,Stage 0,0.0,1.0
12,107,Stage 1,Stage 1,0.0,1.0
12,108,Stage 3,Stage 3,0.0,1.0
12,109,Stage 0,Stage 0,0.0,1.0
12,110,Stage 2,Stage 2,0.0,1.0
12,111,Stage 3,Stage 3,0.0,1.0
12,112,Stage 2,Stage 2,0.0,1.0
12,113,Stage 0,Stage 0,0.0,1.0
12,114,Stage 2,Stage 2,0.0,1.0
12,115,Stage 0,Stage 0,0.0,1.0
12,116,Stage 4,Stage 4,0.9972944955832509,0.9972944955832509
12,117,Stage 1,Stage 1,0.0,1.0
12,118,Stage 0,Stage 0,0.0,1.0
12,119,Stage 0,Stage 0,0.0,1.0
12,120,Stage 0,Stage 0,0.0,1.0
12,121,Stage 2,Stage 2,0.0,1.0
12,122,Stage 0,Stage 0,0.0,1.0
12,123,Stage 3,Stage 3,0.0,1.0
12,124,Stage 1,Stage 1,0.0,1.0
12,125,Stage 1,Stage 1,0.0,1.0
12,126,Stage 3,Stage 3,0.0,1.0
12,127,Stage 3,Stage 3,0.0,1.0
12,128,Stage 1,Stage 1,0.0,1.0
12,129,Stage 0,Stage 0,0.0,1.0
12,130,Stage 0,Stage 0,0.0,1.0
12,131,Stage 4,Stage 4,0.9948880576984798,0.9948880576984798
12,132,Stage 4,Stage 4,0.9962742154207905,0.9962742154207905
12,133,Stage 0,Stage 0,0.0,1.0
12,134,Stage 4,Stage 4,0.8520404411420309,0.8520404411420309
12,135,Stage 0,Stage 0,0.0,1.0
12,136,Stage 0,Stage 0,0.0,1.0
12,137,Stage 4,Stage 4,0.9989387997231959,0.9989387997231959
12,138,Stage 0,Stage 0,0.0,1.0
12,139,Stage 0,Stage 0,0.0,1.0
12,140,Stage 4,Stage 4,0.9998070080552094,0.9998070080552094
12,141,Stage 1,Stage 1,0.0,1.0
12,142,Stage 2,Stage 2,0.0,1.0
12,143,Stage 3,Stage 3,0.0,1.0
12,144,Stage 0,Stage 0,0.0,1.0
12,145,Stage 3,Stage 3,0.0,1.0
12,146,Stage 0,Stage 0,0.0,1.0
12,147,Stage 2,Stage 2,0.0,1.0
12,148,Stage 0,Stage 0,0.0,1.0
12,149,Stage 0,Stage 0,0.0,1.0
12,150,Stage 0,Stage 0,0.0,1.0
12,151,Stage 0,Stage 0,0.0,1.0
12,152,Stage 0,Stage 0,0.0,1.0
12,153,Stage 1,Stage 1,0.0,1.0
12,154,Stage 1,Stage 1,0.0,1.0
12,155,Stage 0,Stage 0,0.0,1.0
12,156,Stage 3,Stage 3,0.0,1.0
12,157,Stage 3,Stage 3,0.0,1.0
12,158,Stage 0,Stage 0,0.0,1.0
12,159,Stage 0,Stage 0,0.0,1.0
12,160,Stage 3,Stage 3,0.0,1.0
12,161,Stage 0,Stage 0,0.0,1.0
12,162,Stage 0,Stage 0,0.0,1.0
12,163,Stage 0,Stage 0,0.0,1.0
12,164,Stage 0,Stage 0,0.0,1.0
12,165,Stage 3,Stage 3,0.0,1.0
12,166,Stage 4,Stage 4,0.9998070080552094,0.9998070080552094
12,167,Stage 4,Stage 4,0.8342884177762228,0.8342884177762228
12,168,Stage 1,Stage 1,0.0,1.0
12,169,Stage 0,Stage 0,0.0,1.0
12,170,Stage 4,Stage 4,0.9924932933273165,0.9924932933273165
12,171,Stage 2,Stage 2,0.05032307240830773,0.9496769275916919
12,172,Stage 0,Stage 0,0.0,1.0
12,173,Stage 0,Stage 0,0.0,1.0
12,174,Stage 1,Stage 1,0.0,1.0
12,175,Stage 0,Stage 0,0.0,1.0
12,176,Stage 3,Stage 3,0.0,1.0
12,177,Stage 3,Stage 3,0.0,1.0
12,178,Stage 4,Stage 4,0.9962742154207905,0.9962742154207905
12,179,Stage 4,Stage 4,0.9975878016129752,0.9975878016129752
12,180,Stage 2,Stage 2,0.0,1.0
12,181,Stage 0,Stage 0,0.0,1.0
12,182,Stage 4,Stage 4,0.9989387997231959,0.9989387997231959
12,183,Stage 0,Stage 0,0.0,1.0
12,184,Stage 0,Stage 0,0.0,1.0
12,185,Stage 4,Stage 4,0.9962742154207905,0.9962742154207905
12,186,Stage 2,Stage 2,0.03386819974327718,0.9661318002567231
12,187,Stage 3,Stage 3,0.0,1.0
12,188,Stage 2,Stage 2,0.0,1.0
12,189,Stage 0,Stage 0,0.0,1.0
12,190,Stage 0,Stage 0,0.0,1.0
12,191,Stage 0,Stage 0,0.0,1.0
12,192,Stage 0,Stage 0,0.0,1.0
12,193,Stage 4,Stage 4,0.9650465610102422,0.9650465610102422
12,194,Stage 1,Stage 1,0.0,1.0
12,195,Stage 2,Stage 2,0.0,1.0
12,196,Stage 0,Stage 0,0.0,1.0
12,197,Stage 3,Stage 3,0.0,1.0
12,198,Stage 2,Stage 2,0.0,1.0
12,199,Stage 1,Stage 1,0.0,1.0
12,200,Stage 3,Stage 3,0.0,1.0
12,201,Stage 2,Stage 2,0.0,1.0
12,202,Stage 2,Stage 2,0.0,1.0
12,203,Stage 0,Stage 0,0.0,1.0
12,204,Stage 2,Stage 2,0.0,1.0
12,205,Stage 4,Stage 4,0.8342884177762228,0.8342884177762228
12,206,Stage 0,Stage 0,0.0,1.0
12,207,Stage 2,Stage 2,0.0,1.0
12,208,Stage 1,Stage 1,0.0,1.0
12,209,Stage 0,Stage 0,0.0,1.0
12,210,Stage 2,Stage 2,0.0,1.0
12,211,Stage 3,Stage 3,0.0,1.0
12,212,Stage 1,Stage 1,0.0,1.0
12,213,Stage 4,Stage 4,0.9989387997231959,0.9989387997231959
12,214,Stage 2,Stage 2,0.0,1.0
12,215,Stage 0,Stage 0,0.0,1.0
12,216,Stage 4,Stage 4,0.84461479593568,0.84461479593568
12,217,Stage 4,Stage 4,0.9989387997231959,0.9989387997231959
12,218,Stage 3,Stage 3,0.0,1.0
12,219,Stage 1,Stage 1,0.0,1.0
12,220,Stage 1,Stage 1,0.0,1.0
12,221,Stage 0,Stage 0,0.0,1.0
12,222,Stage 0,Stage 0,0.0,1.0
12,223,Stage 3,Stage 3,0.0,1.0
12,224,Stage 3,Stage 3,0.0,1.0
12,225,Stage 4,Stage 4,0.9802639450357651,0.9802639450357651
12,226,Stage 4,Stage 4,0.9325569778076929,0.9325569778076929
12,227,Stage 1,Stage 1,0.0,1.0
12,228,Stage 3,Stage 3,0.0,1.0
12,229,Stage 1,Stage 1,0.0,1.0
12,230,Stage 2,Stage 2,0.0,1.0
12,231,Stage 4,Stage 4,0.9985007302536165,0.9985007302536165
12,232,Stage 2,Stage 2,0.0,1.0
12,233,Stage 0,Stage 0,0.0,1.0
12,234,Stage 2,Stage 2,0.0,1.0
12,235,Stage 4,Stage 4,0.8323261636882893,0.8323261636882893
12,236,Stage 0,Stage 0,0.0,1.0
12,237,Stage 4,Stage 4,0.8746251110978637,0.8746251110978637
12,238,Stage 0,Stage 0,0.0,1.0
12,239,Stage 3,Stage 3,0.0,1.0
12,240,Stage 0,Stage 0,0.0,1.0
12,241,Stage 0,Stage 0,0.0,1.0
12,242,Stage 3,Stage 3,0.0,1.0
12,243,Stage 1,Stage 1,0.0,1.0
12,244,Stage 2,Stage 2,0.0,1.0
12,245,Stage 1,Stage 1,0.0,1.0
12,246,Stage 3,Stage 3,0.0,1.0
12,247,Stage 0,Stage 0,0.0,1.0
12,248,Stage 2,Stage 4,0.9985007302536165,0.9985007302536165
12,249,Stage 3,Stage 3,0.0,1.0
12,250,Stage 1,Stage 1,0.0,1.0
12,251,Stage 3,Stage 3,0.0,1.0
12,252,Stage 0,Stage 0,0.0,1.0
12,253,Stage 0,Stage 0,0.0,1.0
12,254,Stage 2,Stage 4,0.9082393611300394,0.9082393611300394
12,255,Stage 2,Stage 2,0.0,1.0
12,256,Stage 0,Stage 0,0.0,1.0
12,257,Stage 2,Stage 2,0.0,1.0
12,258,Stage 1,Stage 1,0.0,1.0
12,259,Stage 0,Stage 0,0.0,1.0
12,260,Stage 0,Stage 0,0.0,1.0
12,261,Stage 0,Stage 0,0.0,1.0
12,262,Stage 3,Stage 3,0.0,1.0
12,263,Stage 0,Stage 0,0.0,1.0
12,264,Stage 2,Stage 2,0.0,1.0
12,265,Stage 2,Stage 4,0.8342884177762228,0.8342884177762228
12,266,Stage 3,Stage 3,0.0,1.0
12,267,Stage 3,Stage 3,0.0,1.0
12,268,Stage 3,Stage 3,0.0,1.0
12,269,Stage 0,Stage 0,0.0,1.0
12,270,Stage 3,Stage 3,0.0,1.0
12,271,Stage 3,Stage 3,0.0,1.0
12,272,Stage 1,Stage 1,0.0,1.0
15,1,Stage 1,Stage 1,0.0,1.0
15,2,Stage 2,Stage 2,0.0,1.0
15,3,Stage 2,Stage 2,0.0,1.0
15,4,Stage 2,Stage 2,0.0,1.0
15,5,Stage 2,Stage 2,0.0,1.0
15,6,Stage 4,Stage 4,0.9990286822294617,0.9990286822294617
15,7,Stage 2,Stage 2,0.0,1.0
15,8,Stage 0,Stage 0,0.0,1.0
15,9,Stage 2,Stage 2,0.0,1.0
15,10,Stage 4,Stage 4,0.9948880576984798,0.9948880576984798
15,11,Stage 2,Stage 2,0.0,1.0
15,12,Stage 1,Stage 1,0.0,1.0
15,13,Stage 4,Stage 4,0.9195663214490736,0.9195663214490736
15,14,Stage 0,Stage 0,0.0,1.0
15,15,Stage 3,Stage 3,0.0,1.0
15,16,Stage 0,Stage 0,0.0,1.0
15,17,Stage 3,Stage 3,0.0,1.0
15,18,Stage 2,Stage 2,0.0,1.0
15,19,Stage 3,Stage 3,0.0,1.0
15,20,Stage 4,Stage 4,0.9632199222745819,0.9632199222745819
15,21,Stage 0,Stage 0,0.0,1.0
15,22,Stage 1,Stage 1,0.0,1.0
15,23,Stage 0,Stage 0,0.0,1.0
15,24,Stage 0,Stage 0,0.0,1.0
15,25,Stage 2,Stage 2,0.0,1.0
15,26,Stage 0,Stage 0,0.0,1.0
15,27,Stage 0,Stage 0,0.0,1.0
15,28,Stage 3,Stage 3,0.0,1.0
15,29,Stage 0,Stage 0,0.0,1.0
15,30,Stage 0,Stage 0,0.0,1.0
15,31,Stage 2,Stage 2,0.0,1.0
15,32,Stage 1,Stage 1,0.0,1.0
15,33,Stage 4,Stage 4,0.9802639450357651,0.9802639450357651
15,34,Stage 3,Stage 3,0.0,1.0
15,35,Stage 0,Stage 0,0.0,1.0
15,36,Stage 3,Stage 3,0.0,1.0
15,37,Stage 1,Stage 1,0.0,1.0
15,38,Stage 2,Stage 2,0.0,1.0
15,39,Stage 0,Stage 0,0.0,1.0
15,40,Stage 0,Stage 0,0.0,1.0
15,41,Stage 3,Stage 3,0.0,1.0
15,42,Stage 0,Stage 0,0.0,1.0
15,43,Stage 0,Stage 0,0.0,1.0
15,44,Stage 0,Stage 0,0.0,1.0
15,45,Stage 3,Stage 3,0.0,1.0
15,46,Stage 4,Stage 4,0.9985007302536165,0.9985007302536165
15,47,Stage 0,Stage 0,0.0,1.0
15,48,Stage 0,Stage 0,0.0,1.0
15,49,Stage 3,Stage 3,0.0,1.0
15,50,Stage 4,Stage 4,0.9932192405375908,0.9932192405375908
15,51,Stage 0,Stage 0,0.0,1.0
15,52,Stage 3,Stage 3,0.0,1.0
15,53,Stage 1,Stage 1,0.0,1.0
15,54,Stage 1,Stage 1,0.0,1.0
15,55,Stage 4,Stage 4,0.9700952022263095,0.9700952022263095
15,56,Stage 0,Stage 0,0.0,1.0
15,57,Stage 0,Stage 0,0.0,1.0
15,58,Stage 0,Stage 0,0.0,1.0
15,59,Stage 0,Stage 0,0.0,1.0
15,60,Stage 4,Stage 4,0.9857782524137444,0.9857782524137444
15,61,Stage 3,Stage 3,0.0,1.0
15,62,Stage 4,Stage 4,0.9998070080552094,0.9998070080552094
15,63,Stage 3,Stage 3,0.0,1.0
15,64,Stage 4,Stage 4,0.8576291809919231,0.8576291809919231
15,65,Stage 4,Stage 4,0.9975878016129752,0.9975878016129752
15,66,Stage 1,Stage 1,0.0,1.0
15,67,Stage 0,Stage 0,0.0,1.0
15,68,Stage 1,Stage 1,0.0,1.0
15,69,Stage 2,Stage 2,0.0,1.0
15,70,Stage 0,Stage 0,0.0,1.0
15,71,Stage 0,Stage 0,0.0,1.0
15,72,Stage 3,Stage 3,0.0,1.0
15,73,Stage 2,Stage 2,0.0,1.0
15,74,Stage 0,Stage 0,0.0,1.0
15,75,Stage 1,Stage 1,0.0,1.0
15,76,Stage 2,Stage 2,0.0,1.0
15,77,Stage 0,Stage 0,0.0,1.0
15,78,Stage 0,Stage 0,0.0,1.0
15,79,Stage 4,Stage 4,0.9020143020204584,0.9020143020204584
15,80,Stage 0,Stage 0,0.0,1.0
15,81,Stage 0,Stage 0,0.0,1.0
15,82,Stage 3,Stage 3,0.0,1.0
15,83,Stage 1,Stage 1,0.0,1.0
15,84,Stage 2,Stage 2,0.0,1.0
15,85,Stage 3,Stage 3,0.0,1.0
15,86,Stage 0,Stage 0,0.0,1.0
15,87,Stage 3,Stage 3,0.0,1.0
15,88,Stage 0,Stage 0,0.0,1.0
15,89,Stage 3,Stage 3,0.0,1.0
15,90,Stage 1,Stage 1,0.0,1.0
15,91,Stage 1,Stage 1,0.0,1.0
15,92,Stage 2,Stage 2,0.0,1.0
15,93,Stage 2,Stage 2,0.0,1.0
15,94,Stage 4,Stage 4,0.9414125247548252,0.9414125247548252
15,95,Stage 1,Stage 1,0.0,1.0
15,96,Stage 2,Stage 2,0.0,1.0
15,97,Stage 0,Stage 0,0.0,1.0
15,98,Stage 0,Stage 0,0.0,1.0
15,99,Stage 3,Stage 3,0.0,1.0
15,100,Stage 2,Stage 2,0.0,1.0
15,101,Stage 4,Stage 4,0.9269211197610833,0.9269211197610833
15,102,Stage 4,Stage 4,0.9286613700329731,0.9286613700329731
15,103,Stage 0,Stage 0,0.0,1.0
15,104,Stage 2,Stage 2,0.0,1.0
15,105,Stage 1,Stage 1,0.0,1.0
15,106,Stage 0,Stage 0,0.0,1.0
15,107,Stage 4,Stage 4,0.9650465610102422,0.9650465610102422
15,108,Stage 2,Stage 2,0.0,1.0
15,109,Stage 0,Stage 0,0.0,1.0
15,110,Stage 2,Stage 2,0.0,1.0
15,111,Stage 0,Stage 0,0.0,1.0
15,112,Stage 4,Stage 4,0.9948880576984798,0.9948880576984798
15,113,Stage 0,Stage 0,0.0,1.0
15,114,Stage 0,Stage 0,0.0,1.0
15,115,Stage 4,Stage 4,0.9975878016129752,0.9975878016129752
15,116,Stage 1,Stage 1,0.0,1.0
15,117,Stage 0,Stage 0,0.0,1.0
15,118,Stage 3,Stage 3,0.0,1.0
15,119,Stage 3,Stage 3,0.0,1.0
15,120,Stage 2,Stage 2,0.0,1.0
15,121,Stage 0,Stage 0,0.0,1.0
15,122,Stage 1,Stage 1,0.0,1.0
15,123,Stage 2,Stage 2,0.0,1.0
15,124,Stage 0,Stage 0,0.0,1.0
15,125,Stage 4,Stage 4,0.7642437074005719,0.7642437074005719
15,126,Stage 1,Stage 1,0.0,1.0
15,127,Stage 1,Stage 1,0.0,1.0
15,128,Stage 0,Stage 0,0.0,1.0
15,129,Stage 1,Stage 1,0.0,1.0
15,130,Stage 3,Stage 3,0.0,1.0
15,131,Stage 3,Stage 3,0.0,1.0
15,132,Stage 4,Stage 4,0.9989387997231959,0.9989387997231959
15,133,Stage 3,Stage 3,0.0,1.0
15,134,Stage 3,Stage 3,0.0,1.0
15,135,Stage 0,Stage 0,0.0,1.0
15,136,Stage 1,Stage 1,0.0,1.0
15,137,Stage 0,Stage 0,0.0,1.0
15,138,Stage 0,Stage 0,0.0,1.0
15,139,Stage 1,Stage 1,0.0,1.0
15,140,Stage 1,Stage 1,0.0,1.0
15,141,Stage 3,Stage 3,0.0,1.0
15,142,Stage 4,Stage 4,0.9195663214490736,0.9195663214490736
15,143,Stage 0,Stage 0,0.0,1.0
15,144,Stage 4,Stage 4,0.9700952022263095,0.9700952022263095
15,145,Stage 4,Stage 4,0.9989387997231959,0.9989387997231959
15,146,Stage 0,Stage 0,0.0,1.0
15,147,Stage 0,Stage 0,0.0,1.0
15,148,Stage 3,Stage 3,0.0,1.0
15,149,Stage 4,Stage 4,0.9191806954309615,0.9191806954309615
15,150,Stage 0,Stage 0,0.0,1.0
15,151,Stage 1,Stage 1,0.0,1.0
15,152,Stage 3,Stage 3,0.0,1.0
15,153,Stage 4,Stage 4,0.9442582004783833,0.9442582004783833
15,154,Stage 0,Stage 0,0.0,1.0
15,155,Stage 0,Stage 0,0.0,1.0
15,156,Stage 4,Stage 4,0.9924932933273165,0.9924932933273165
15,157,Stage 0,Stage 0,0.0,1.0
15,158,Stage 0,Stage 0,0.0,1.0
15,159,Stage 0,Stage 0,0.0,1.0
15,160,Stage 2,Stage 2,0.0,1.0
15,161,Stage 0,Stage 0,0.0,1.0
15,162,Stage 0,Stage 0,0.0,1.0
15,163,Stage 0,Stage 0,0.0,1.0
15,164,Stage 4,Stage 4,0.9499993864621158,0.9499993864621158
15,165,Stage 3,Stage 3,0.0,1.0
15,166,Stage 0,Stage 0,0.0,1.0
15,167,Stage 2,Stage 2,0.0,1.0
15,168,Stage 0,Stage 0,0.0,1.0
15,169,Stage 0,Stage 0,0.0,1.0
15,170,Stage 0,Stage 0,0.0,1.0
15,171,Stage 1,Stage 1,0.0,1.0
15,172,Stage 3,Stage 3,0.0,1.0
15,173,Stage 2,Stage 2,0.0,1.0
15,174,Stage 2,Stage 2,0.0,1.0
15,175,Stage 4,Stage 4,0.9364034605127471,0.9364034605127471
15,176,Stage 1,Stage 1,0.0,1.0
15,177,Stage 0,Stage 0,0.0,1.0
15,178,Stage 1,Stage 1,0.0,1.0
15,179,Stage 2,Stage 4,0.9932192405375908,0.9932192405375908
15,180,Stage 3,Stage 3,0.0,1.0
15,181,Stage 1,Stage 1,0.0,1.0
15,182,Stage 2,Stage 4,0.8342884177762228,0.8342884177762228
15,183,Stage 0,Stage 0,0.0,1.0
15,184,Stage 3,Stage 3,0.0,1.0
15,185,Stage 0,Stage 0,0.0,1.0
15,186,Stage 0,Stage 0,0.0,1.0
15,187,Stage 0,Stage 0,0.0,1.0
15,188,Stage 3,Stage 3,0.0,1.0
15,189,Stage 0,Stage 0,0.0,1.0
15,190,Stage 1,Stage 1,0.0,1.0
15,191,Stage 0,Stage 0,0.0,1.0
15,192,Stage 1,Stage 1,0.0,1.0
15,193,Stage 4,Stage 4,0.8944410255352568,0.8944410255352568
15,194,Stage 4,Stage 4,0.9797670875759311,0.9797670875759311
15,195,Stage 2,Stage 2,0.0,1.0
15,196,Stage 2,Stage 2,0.0,1.0
15,197,Stage 0,Stage 0,0.0,1.0
15,198,Stage 0,Stage 0,0.0,1.0
15,199,Stage 0,Stage 0,0.0,1.0
15,200,Stage 0,Stage 0,0.0,1.0
15,201,Stage 0,Stage 0,0.0,1.0
15,202,Stage 1,Stage 1,0.0,1.0
15,203,Stage 2,Stage 2,0.0,1.0
15,204,Stage 2,Stage 2,0.4715548514305982,0.5284451485694018
15,205,Stage 1,Stage 1,0.0,1.0
15,206,Stage 0,Stage 0,0.0,1.0
15,207,Stage 2,Stage 2,0.0,1.0
15,208,Stage 0,Stage 0,0.0,1.0
15,209,Stage 0,Stage 0,0.0,1.0
15,210,Stage 1,Stage 1,0.0,1.0
15,211,Stage 0,Stage 0,0.0,1.0
15,212,Stage 0,Stage 0,0.0,1.0
15,213,Stage 0,Stage 0,0.0,1.0
15,214,Stage 2,Stage 2,0.0,1.0
15,215,Stage 2,Stage 4,0.6517868886107425,0.6517868886107425
15,216,Stage 2,Stage 2,0.0,1.0
15,217,Stage 1,Stage 1,0.0,1.0
15,218,Stage 2,Stage 2,0.0,1.0
15,219,Stage 0,Stage 0,0.0,1.0
15,220,Stage 1,Stage 1,0.0,1.0
15,221,Stage 2,Stage 2,0.4442360155152546,0.5557639844847451
15,222,Stage 1,Stage 1,0.0,1.0
15,223,Stage 2,Stage 4,0.7089401704384415,0.7089401704384415
15,224,Stage 0,Stage 0,0.0,1.0
31,1,Stage 0,Stage 0,0.0,1.0
31,2,Stage 0,Stage 0,0.0,1.0
31,3,Stage 0,Stage 0,0.0,1.0
31,4,Stage 1,Stage 1,0.0,1.0
31,5,Stage 0,Stage 0,0.0,1.0
31,6,Stage 2,Stage 2,0.0,1.0
31,7,Stage 0,Stage 0,0.0,1.0
31,8,Stage 0,Stage 0,0.0,1.0
31,9,Stage 0,Stage 0,0.0,1.0
31,10,Stage 0,Stage 0,0.0,1.0
31,11,Stage 0,Stage 0,0.0,1.0
31,12,Stage 0,Stage 0,0.0,1.0
31,13,Stage 0,Stage 0,0.0,1.0
31,14,Stage 0,Stage 0,0.0,1.0
31,15,Stage 3,Stage 3,0.0,1.0
31,16,Stage 2,Stage 2,0.0,1.0
31,17,Stage 0,Stage 0,0.0,1.0
31,18,Stage 0,Stage 0,0.0,1.0
31,19,Stage 0,Stage 0,0.0,1.0
31,20,Stage 4,Stage 4,0.8891057929150975,0.8891057929150975
31,21,Stage 4,Stage 2,0.49370104027802086,0.506298959721979
31,22,Stage 0,Stage 0,0.0,1.0
31,23,Stage 0,Stage 0,0.0,1.0
31,24,Stage 0,Stage 0,0.0,1.0
31,25,Stage 3,Stage 3,0.0,1.0
31,26,Stage 0,Stage 0,0.0,1.0
31,27,Stage 0,Stage 0,0.0,1.0
31,28,Stage 1,Stage 1,0.0,1.0
31,29,Stage 0,Stage 0,0.0,1.0
31,30,Stage 0,Stage 0,0.0,1.0
31,31,Stage 0,Stage 0,0.0,1.0
31,32,Stage 3,Stage 3,0.0,1.0
31,33,Stage 4,Stage 4,0.8520404411420309,0.8520404411420309
31,34,Stage 0,Stage 0,0.0,1.0
31,35,Stage 3,Stage 3,0.0,1.0
31,36,Stage 0,Stage 0,0.0,1.0
31,37,Stage 0,Stage 0,0.0,1.0
31,38,Stage 4,Stage 4,0.9892365200064338,0.9892365200064338
31,39,Stage 2,Stage 2,0.0,1.0
31,40,Stage 0,Stage 0,0.0,1.0
31,41,Stage 0,Stage 0,0.0,1.0
31,42,Stage 2,Stage 2,0.0,1.0
31,43,Stage 1,Stage 1,0.0,1.0
31,44,Stage 0,Stage 0,0.0,1.0
31,45,Stage 0,Stage 0,0.0,1.0
31,46,Stage 0,Stage 0,0.0,1.0
31,47,Stage 1,Stage 1,0.0,1.0
31,48,Stage 2,Stage 2,0.0,1.0
31,49,Stage 0,Stage 0,0.0,1.0
31,50,Stage 4,Stage 4,0.9975878016129752,0.9975878016129752
31,51,Stage 2,Stage 2,0.0,1.0
31,52,Stage 0,Stage 0,0.0,1.0
31,53,Stage 3,Stage 3,0.0,1.0
31,54,Stage 2,Stage 2,0.0,1.0
31,55,Stage 0,Stage 0,0.0,1.0
31,56,Stage 2,Stage 2,0.0,1.0
31,57,Stage 0,Stage 0,0.0,1.0
31,58,Stage 0,Stage 0,0.0,1.0
31,59,Stage 4,Stage 4,0.9972944955832509,0.9972944955832509
31,60,Stage 2,Stage 2,0.0,1.0
31,61,Stage 0,Stage 0,0.0,1.0
31,62,Stage 2,Stage 2,0.0,1.0
31,63,Stage 0,Stage 0,0.0,1.0
31,64,Stage 3,Stage 3,0.0,1.0
31,65,Stage 0,Stage 0,0.0,1.0
31,66,Stage 4,Stage 4,0.9849264415716236,0.9849264415716236
31,67,Stage 0,Stage 0,0.0,1.0
31,68,Stage 1,Stage 1,0.0,1.0
31,69,Stage 0,Stage 0,0.0,1.0
31,70,Stage 0,Stage 0,0.0,1.0
31,71,Stage 0,Stage 0,0.0,1.0
31,72,Stage 1,Stage 1,0.0,1.0
31,73,Stage 4,Stage 4,0.647141386050722,0.647141386050722
31,74,Stage 0,Stage 0,0.0,1.0
31,75,Stage 0,Stage 0,0.0,1.0
31,76,Stage 0,Stage 0,0.0,1.0
31,77,Stage 0,Stage 0,0.0,1.0
31,78,Stage 1,Stage 1,0.0,1.0
31,79,Stage 4,Stage 4,0.9802639450357651,0.9802639450357651
31,80,Stage 0,Stage 0,0.0,1.0
31,81,Stage 1,Stage 1,0.0,1.0
31,82,Stage 0,Stage 0,0.0,1.0
31,83,Stage 4,Stage 4,0.8642681022944091,0.8642681022944091
31,84,Stage 1,Stage 1,0.0,1.0
31,85,Stage 1,Stage 1,0.0,1.0
31,86,Stage 4,Stage 4,0.9650465610102422,0.9650465610102422
31,87,Stage 0,Stage 0,0.0,1.0
31,88,Stage 3,Stage 3,0.0,1.0
31,89,Stage 0,Stage 0,0.0,1.0
31,90,Stage 1,Stage 1,0.0,1.0
31,91,Stage 1,Stage 1,0.0,1.0
31,92,Stage 0,Stage 0,0.0,1.0
31,93,Stage 3,Stage 3,0.0,1.0
31,94,Stage 1,Stage 1,0.0,1.0
31,95,Stage 0,Stage 0,0.0,1.0
31,96,Stage 3,Stage 3,0.0,1.0
31,97,Stage 0,Stage 0,0.0,1.0
31,98,Stage 3,Stage 3,0.0,1.0
31,99,Stage 4,Stage 4,0.8642681022944091,0.8642681022944091
31,100,Stage 4,Stage 4,0.9191806954309615,0.9191806954309615
31,101,Stage 1,Stage 1,0.0,1.0
31,102,Stage 4,Stage 4,0.6757095421035346,0.6757095421035346
31,103,Stage 0,Stage 0,0.0,1.0
31,104,Stage 0,Stage 0,0.0,1.0
31,105,Stage 0,Stage 0,0.0,1.0
31,106,Stage 0,Stage 0,0.0,1.0
31,107,Stage 0,Stage 0,0.0,1.0
31,108,Stage 4,Stage 4,0.8944410255352568,0.8944410255352568
31,109,Stage 0,Stage 0,0.0,1.0
31,110,Stage 4,Stage 4,0.5733493508403674,0.5733493508403674
31,111,Stage 3,Stage 3,0.0,1.0
31,112,Stage 4,Stage 4,0.8520404411420309,0.8520404411420309
31,113,Stage 1,Stage 1,0.0,1.0
31,114,Stage 4,Stage 4,0.8642681022944091,0.8642681022944091
31,115,Stage 0,Stage 0,0.0,1.0
31,116,Stage 0,Stage 0,0.0,1.0
31,117,Stage 4,Stage 4,0.9442582004783833,0.9442582004783833
31,118,Stage 0,Stage 0,0.0,1.0
31,119,Stage 2,Stage 2,0.0,1.0
31,120,Stage 0,Stage 0,0.0,1.0
31,121,Stage 2,Stage 2,0.0,1.0
31,122,Stage 4,Stage 4,0.796620323828894,0.796620323828894
31,123,Stage 4,Stage 4,0.8944410255352568,0.8944410255352568
31,124,Stage 3,Stage 3,0.0,1.0
31,125,Stage 1,Stage 1,0.0,1.0
31,126,Stage 0,Stage 0,0.0,1.0
31,127,Stage 2,Stage 2,0.0,1.0
31,128,Stage 1,Stage 1,0.0,1.0
31,129,Stage 0,Stage 0,0.0,1.0
31,130,Stage 4,Stage 4,0.9849264415716236,0.9849264415716236
31,131,Stage 0,Stage 0,0.0,1.0
31,132,Stage 4,Stage 4,0.6420466460717965,0.6420466460717965
31,133,Stage 4,Stage 4,0.8811428182525202,0.8811428182525202
31,134,Stage 4,Stage 2,0.4442360155152546,0.5557639844847451
31,135,Stage 4,Stage 4,0.9195663214490736,0.9195663214490736
31,136,Stage 2,Stage 2,0.0,1.0
31,137,Stage 3,Stage 3,0.0,1.0
31,138,Stage 0,Stage 0,0.0,1.0
31,139,Stage 4,Stage 4,0.8349402179420571,0.8349402179420571
31,140,Stage 0,Stage 0,0.0,1.0
31,141,Stage 4,Stage 4,0.9145746078965359,0.9145746078965359
31,142,Stage 2,Stage 2,0.0,1.0
31,143,Stage 2,Stage 2,0.0,1.0
31,144,Stage 1,Stage 1,0.0,1.0
31,145,Stage 0,Stage 0,0.0,1.0
31,146,Stage 0,Stage 0,0.0,1.0
31,147,Stage 3,Stage 3,0.0,1.0
31,148,Stage 1,Stage 1,0.0,1.0
31,149,Stage 0,Stage 0,0.0,1.0
31,150,Stage 0,Stage 0,0.0,1.0
31,151,Stage 2,Stage 4,0.9802639450357651,0.9802639450357651
31,152,Stage 0,Stage 0,0.0,1.0
31,153,Stage 2,Stage 2,0.0,1.0
31,154,Stage 1,Stage 1,0.0,1.0
31,155,Stage 1,Stage 1,0.0,1.0
31,156,Stage 0,Stage 0,0.0,1.0
31,157,Stage 3,Stage 3,0.0,1.0
31,158,Stage 4,Stage 2,0.3467130517915099,0.6532869482084901
31,159,Stage 0,Stage 0,0.0,1.0
31,160,Stage 2,Stage 2,0.0,1.0
31,161,Stage 2,Stage 2,0.0,1.0
31,162,Stage 0,Stage 0,0.0,1.0
31,163,Stage 0,Stage 0,0.0,1.0
31,164,Stage 0,Stage 0,0.0,1.0
31,165,Stage 4,Stage 2,0.41910348096398,0.5808965190360199
31,166,Stage 3,Stage 3,0.0,1.0
31,167,Stage 0,Stage 0,0.0,1.0
31,168,Stage 2,Stage 2,0.0,1.0
31,169,Stage 3,Stage 3,0.0,1.0
31,170,Stage 4,Stage 4,0.9269211197610833,0.9269211197610833
31,171,Stage 1,Stage 1,0.0,1.0
31,172,Stage 2,Stage 2,0.0,1.0
31,173,Stage 4,Stage 4,0.8776409049698252,0.8776409049698252
31,174,Stage 1,Stage 1,0.0,1.0
31,175,Stage 4,Stage 4,0.6778287469632981,0.6778287469632981
31,176,Stage 2,Stage 2,0.0,1.0
31,177,Stage 2,Stage 2,0.0,1.0
31,178,Stage 0,Stage 0,0.0,1.0
31,179,Stage 0,Stage 0,0.0,1.0
31,180,Stage 3,Stage 3,0.0,1.0
31,181,Stage 3,Stage 3,0.0,1.0
31,182,Stage 2,Stage 2,0.0,1.0
31,183,Stage 0,Stage 0,0.0,1.0
31,184,Stage 2,Stage 2,0.0,1.0
31,185,Stage 2,Stage 4,0.9488239418133202,0.9488239418133202
31,186,Stage 1,Stage 1,0.0,1.0
31,187,Stage 2,Stage 2,0.0,1.0
31,188,Stage 0,Stage 0,0.0,1.0
31,189,Stage 4,Stage 4,0.8434394632730455,0.8434394632730455
31,190,Stage 2,Stage 4,0.5997753322493038,0.5997753322493038
31,191,Stage 3,Stage 3,0.0,1.0
31,192,Stage 3,Stage 3,0.0,1.0
31,193,Stage 0,Stage 0,0.0,1.0
31,194,Stage 3,Stage 3,0.0,1.0
31,195,Stage 4,Stage 4,0.6757095421035346,0.6757095421035346
31,196,Stage 3,Stage 3,0.0,1.0
31,197,Stage 0,Stage 0,0.0,1.0
31,198,Stage 0,Stage 0,0.0,1.0
31,199,Stage 0,Stage 0,0.0,1.0
31,200,Stage 0,Stage 0,0.0,1.0
31,201,Stage 2,Stage 4,0.5653166111965878,0.5653166111965878
31,202,Stage 2,Stage 2,0.0,1.0
31,203,Stage 0,Stage 0,0.0,1.0
31,204,Stage 3,Stage 3,0.0,1.0
31,205,Stage 1,Stage 1,0.0,1.0
31,206,Stage 0,Stage 0,0.0,1.0
31,207,Stage 4,Stage 2,0.37202376800919706,0.6279762319908029
31,208,Stage 0,Stage 0,0.0,1.0
31,209,Stage 0,Stage 0,0.0,1.0
31,210,Stage 3,Stage 3,0.0,1.0
31,211,Stage 0,Stage 0,0.0,1.0
31,212,Stage 0,Stage 0,0.0,1.0
31,213,Stage 3,Stage 3,0.0,1.0
31,214,Stage 0,Stage 0,0.0,1.0
31,215,Stage 2,Stage 2,0.0,1.0
31,216,Stage 0,Stage 0,0.0,1.0
31,217,Stage 2,Stage 2,0.0,1.0
31,218,Stage 3,Stage 3,0.0,1.0
31,219,Stage 0,Stage 0,0.0,1.0
31,220,Stage 3,Stage 3,0.0,1.0
31,221,Stage 1,Stage 1,0.0,1.0
31,222,Stage 2,Stage 2,0.0,1.0
31,223,Stage 2,Stage 2,0.0,1.0
31,224,Stage 3,Stage 3,0.0,1.0
31,225,Stage 1,Stage 1,0.0,1.0
31,226,Stage 0,Stage 0,0.0,1.0
31,227,Stage 1,Stage 1,0.0,1.0
31,228,Stage 3,Stage 3,0.0,1.0
31,229,Stage 0,Stage 0,0.0,1.0
31,230,Stage 0,Stage 0,0.0,1.0
31,231,Stage 1,Stage 1,0.0,1.0
31,232,Stage 4,Stage 4,0.6870105034230617,0.6870105034230617
31,233,Stage 2,Stage 2,0.0,1.0
31,234,Stage 3,Stage 3,0.0,1.0
31,235,Stage 0,Stage 0,0.0,1.0
31,236,Stage 2,Stage 2,0.0,1.0
31,237,Stage 3,Stage 3,0.0,1.0
31,238,Stage 0,Stage 0,0.0,1.0
31,239,Stage 1,Stage 1,0.0,1.0
31,240,Stage 1,Stage 1,0.0,1.0
31,241,Stage 3,Stage 3,0.0,1.0
31,242,Stage 2,Stage 2,0.0,1.0
31,243,Stage 0,Stage 0,0.0,1.0
31,244,Stage 2,Stage 2,0.0,1.0
31,245,Stage 0,Stage 0,0.0,1.0
31,246,Stage 1,Stage 1,0.0,1.0
31,247,Stage 1,Stage 1,0.0,1.0
31,248,Stage 0,Stage 0,0.0,1.0
31,249,Stage 0,Stage 0,0.0,1.0
31,250,Stage 0,Stage 0,0.0,1.0
31,251,Stage 1,Stage 1,0.0,1.0
31,252,Stage 2,Stage 2,0.0,1.0
31,253,Stage 1,Stage 1,0.0,1.0
31,254,Stage 0,Stage 0,0.0,1.0
31,255,Stage 0,Stage 0,0.0,1.0
31,256,Stage 2,Stage 2,0.0,1.0
31,257,Stage 2,Stage 2,0.20620912484602455,0.7937908751539757
31,258,Stage 0,Stage 0,0.0,1.0
31,259,Stage 1,Stage 1,0.0,1.0
31,260,Stage 2,Stage 2,0.34410105920623757,0.6558989407937622
31,261,Stage 2,Stage 2,0.0,1.0
31,262,Stage 2,Stage 2,0.0,1.0
31,263,Stage 2,Stage 2,0.006666666666666667,0.9933333333333333
32,1,Stage 2,Stage 2,0.0,1.0
32,2,Stage 0,Stage 0,0.0,1.0
32,3,Stage 0,Stage 0,0.0,1.0
32,4,Stage 1,Stage 1,0.0,1.0
32,5,Stage 3,Stage 3,0.0,1.0
32,6,Stage 0,Stage 0,0.0,1.0
32,7,Stage 0,Stage 0,0.0,1.0
32,8,Stage 1,Stage 1,0.0,1.0
32,9,Stage 0,Stage 0,0.0,1.0
32,10,Stage 0,Stage 0,0.0,1.0
32,11,Stage 4,Stage 4,0.9325569778076929,0.9325569778076929
32,12,Stage 1,Stage 1,0.0,1.0
32,13,Stage 3,Stage 3,0.0,1.0
32,14,Stage 1,Stage 1,0.0,1.0
32,15,Stage 1,Stage 1,0.0,1.0
32,16,Stage 1,Stage 1,0.0,1.0
32,17,Stage 2,Stage 2,0.0,1.0
32,18,Stage 1,Stage 1,0.0,1.0
32,19,Stage 4,Stage 4,0.9962742154207905,0.9962742154207905
32,20,Stage 0,Stage 0,0.0,1.0
32,21,Stage 0,Stage 0,0.0,1.0
32,22,Stage 0,Stage 0,0.0,1.0
32,23,Stage 3,Stage 3,0.0,1.0
32,24,Stage 0,Stage 0,0.0,1.0
32,25,Stage 2,Stage 2,0.0,1.0
32,26,Stage 0,Stage 0,0.0,1.0
32,27,Stage 0,Stage 0,0.0,1.0
32,28,Stage 0,Stage 0,0.0,1.0
32,29,Stage 2,Stage 2,0.0,1.0
32,30,Stage 0,Stage 0,0.0,1.0
32,31,Stage 4,Stage 4,0.9607052736317414,0.9607052736317414
32,32,Stage 3,Stage 3,0.0,1.0
32,33,Stage 2,Stage 2,0.0,1.0
32,34,Stage 4,Stage 4,0.9948880576984798,0.9948880576984798
32,35,Stage 0,Stage 0,0.0,1.0
32,36,Stage 0,Stage 0,0.0,1.0
32,37,Stage 0,Stage 0,0.0,1.0
32,38,Stage 2,Stage 2,0.0,1.0
32,39,Stage 4,Stage 4,0.9876932881715945,0.9876932881715945
32,40,Stage 2,Stage 2,0.0,1.0
32,41,Stage 2,Stage 2,0.0,1.0
32,42,Stage 4,Stage 4,0.9989387997231959,0.9989387997231959
32,43,Stage 0,Stage 0,0.0,1.0
32,44,Stage 3,Stage 3,0.0,1.0
32,45,Stage 3,Stage 3,0.0,1.0
32,46,Stage 0,Stage 0,0.0,1.0
32,47,Stage 0,Stage 0,0.0,1.0
32,48,Stage 1,Stage 1,0.0,1.0
32,49,Stage 0,Stage 0,0.0,1.0
32,50,Stage 2,Stage 2,0.0,1.0
32,51,Stage 0,Stage 0,0.0,1.0
32,52,Stage 3,Stage 3,0.0,1.0
32,53,Stage 4,Stage 4,0.8746251110978637,0.8746251110978637
32,54,Stage 0,Stage 0,0.0,1.0
32,55,Stage 1,Stage 1,0.0,1.0
32,56,Stage 4,Stage 4,0.9155991037574143,0.9155991037574143
32,57,Stage 0,Stage 0,0.0,1.0
32,58,Stage 4,Stage 4,0.8947854332115529,0.8947854332115529
32,59,Stage 0,Stage 0,0.0,1.0
32,60,Stage 0,Stage 0,0.0,1.0
32,61,Stage 2,Stage 2,0.0,1.0
32,62,Stage 4,Stage 4,0.9286613700329731,0.9286613700329731
32,63,Stage 0,Stage 0,0.0,1.0
32,64,Stage 2,Stage 2,0.0,1.0
32,65,Stage 0,Stage 0,0.0,1.0
32,66,Stage 2,Stage 2,0.0,1.0
32,67,Stage 1,Stage 1,0.0,1.0
32,68,Stage 4,Stage 4,0.9975878016129752,0.9975878016129752
32,69,Stage 4,Stage 4,0.9499993864621158,0.9499993864621158
32,70,Stage 3,Stage 3,0.0,1.0
32,71,Stage 0,Stage 0,0.0,1.0
32,72,Stage 2,Stage 2,0.0,1.0
32,73,Stage 3,Stage 3,0.0,1.0
32,74,Stage 3,Stage 3,0.0,1.0
32,75,Stage 1,Stage 1,0.0,1.0
32,76,Stage 1,Stage 1,0.0,1.0
32,77,Stage 0,Stage 0,0.0,1.0
32,78,Stage 0,Stage 0,0.0,1.0
32,79,Stage 0,Stage 0,0.0,1.0
32,80,Stage 0,Stage 0,0.0,1.0
32,81,Stage 1,Stage 1,0.0,1.0
32,82,Stage 0,Stage 0,0.0,1.0
32,83,Stage 1,Stage 1,0.0,1.0
32,84,Stage 2,Stage 2,0.0,1.0
32,85,Stage 0,Stage 0,0.0,1.0
32,86,Stage 1,Stage 1,0.0,1.0
32,87,Stage 0,Stage 0,0.0,1.0
32,88,Stage 0,Stage 0,0.0,1.0
32,89,Stage 0,Stage 0,0.0,1.0
32,90,Stage 0,Stage 0,0.0,1.0
32,91,Stage 0,Stage 0,0.0,1.0
32,92,Stage 0,Stage 0,0.0,1.0
32,93,Stage 0,Stage 0,0.0,1.0
32,94,Stage 2,Stage 2,0.0,1.0
32,95,Stage 0,Stage 0,0.0,1.0
32,96,Stage 3,Stage 3,0.0,1.0
32,97,Stage 2,Stage 2,0.0,1.0
32,98,Stage 0,Stage 0,0.0,1.0
32,99,Stage 0,Stage 0,0.0,1.0
32,100,Stage 3,Stage 3,0.0,1.0
32,101,Stage 0,Stage 0,0.0,1.0
32,102,Stage 0,Stage 0,0.0,1.0
32,103,Stage 0,Stage 0,0.0,1.0
32,104,Stage 2,Stage 2,0.0,1.0
32,105,Stage 2,Stage 2,0.0,1.0
32,106,Stage 0,Stage 0,0.0,1.0
32,107,Stage 4,Stage 4,0.8434394632730455,0.8434394632730455
32,108,Stage 4,Stage 4,0.8656719512147011,0.8656719512147011
32,109,Stage 0,Stage 0,0.0,1.0
32,110,Stage 0,Stage 0,0.0,1.0
32,111,Stage 3,Stage 3,0.0,1.0
32,112,Stage 0,Stage 0,0.0,1.0
32,113,Stage 3,Stage 3,0.0,1.0
32,114,Stage 0,Stage 0,0.0,1.0
32,115,Stage 4,Stage 4,0.9191806954309615,0.9191806954309615
32,116,Stage 1,Stage 1,0.0,1.0
32,117,Stage 0,Stage 0,0.0,1.0
32,118,Stage 1,Stage 1,0.0,1.0
32,119,Stage 0,Stage 0,0.0,1.0
32,120,Stage 2,Stage 2,0.0,1.0
32,121,Stage 0,Stage 0,0.0,1.0
32,122,Stage 0,Stage 0,0.0,1.0
32,123,Stage 1,Stage 1,0.0,1.0
32,124,Stage 3,Stage 3,0.0,1.0
32,125,Stage 3,Stage 3,0.0,1.0
32,126,Stage 0,Stage 0,0.0,1.0
32,127,Stage 1,Stage 1,0.0,1.0
32,128,Stage 0,Stage 0,0.0,1.0
32,129,Stage 4,Stage 4,0.9700952022263095,0.9700952022263095
32,130,Stage 3,Stage 3,0.0,1.0
32,131,Stage 0,Stage 0,0.0,1.0
32,132,Stage 0,Stage 0,0.0,1.0
32,133,Stage 3,Stage 3,0.0,1.0
32,134,Stage 2,Stage 2,0.0,1.0
32,135,Stage 3,Stage 3,0.0,1.0
32,136,Stage 1,Stage 1,0.0,1.0
32,137,Stage 2,Stage 2,0.0,1.0
32,138,Stage 0,Stage 0,0.0,1.0
32,139,Stage 3,Stage 3,0.0,1.0
32,140,Stage 4,Stage 4,0.6404933884367061,0.6404933884367061
32,141,Stage 4,Stage 4,0.866105778819992,0.866105778819992
32,142,Stage 1,Stage 1,0.0,1.0
32,143,Stage 4,Stage 4,0.84461479593568,0.84461479593568
32,144,Stage 0,Stage 0,0.0,1.0
32,145,Stage 2,Stage 2,0.0,1.0
32,146,Stage 0,Stage 0,0.0,1.0
32,147,Stage 0,Stage 0,0.0,1.0
32,148,Stage 4,Stage 4,0.8893426483343351,0.8893426483343351
32,149,Stage 3,Stage 3,0.0,1.0
32,150,Stage 2,Stage 2,0.0,1.0
32,151,Stage 3,Stage 3,0.0,1.0
32,152,Stage 1,Stage 1,0.0,1.0
32,153,Stage 0,Stage 0,0.0,1.0
32,154,Stage 0,Stage 0,0.0,1.0
32,155,Stage 1,Stage 1,0.0,1.0
32,156,Stage 3,Stage 3,0.0,1.0
32,157,Stage 3,Stage 3,0.0,1.0
32,158,Stage 2,Stage 2,0.0,1.0
32,159,Stage 3,Stage 3,0.0,1.0
32,160,Stage 0,Stage 0,0.0,1.0
32,161,Stage 0,Stage 0,0.0,1.0
32,162,Stage 0,Stage 0,0.0,1.0
32,163,Stage 4,Stage 4,0.7680927013727961,0.7680927013727961
32,164,Stage 2,Stage 2,0.0,1.0
32,165,Stage 0,Stage 0,0.0,1.0
32,166,Stage 1,Stage 1,0.0,1.0
32,167,Stage 0,Stage 0,0.0,1.0
32,168,Stage 4,Stage 4,0.5826946755668082,0.5826946755668082
32,169,Stage 2,Stage 2,0.0,1.0
32,170,Stage 2,Stage 2,0.0,1.0
32,171,Stage 0,Stage 0,0.0,1.0
32,172,Stage 0,Stage 0,0.0,1.0
32,173,Stage 1,Stage 1,0.0,1.0
32,174,Stage 1,Stage 1,0.0,1.0
32,175,Stage 1,Stage 1,0.0,1.0
32,176,Stage 0,Stage 0,0.0,1.0
32,177,Stage 0,Stage 0,0.0,1.0
32,178,Stage 0,Stage 0,0.0,1.0
32,179,Stage 3,Stage 3,0.0,1.0
32,180,Stage 0,Stage 0,0.0,1.0
32,181,Stage 4,Stage 4,0.6538385295226224,0.6538385295226224
32,182,Stage 0,Stage 0,0.0,1.0
32,183,Stage 2,Stage 4,0.8656719512147011,0.8656719512147011
32,184,Stage 2,Stage 2,0.0,1.0
32,185,Stage 0,Stage 0,0.0,1.0
32,186,Stage 0,Stage 0,0.0,1.0
32,187,Stage 0,Stage 0,0.0,1.0
32,188,Stage 2,Stage 2,0.0,1.0
32,189,Stage 2,Stage 2,0.0,1.0
32,190,Stage 0,Stage 0,0.0,1.0
32,191,Stage 0,Stage 0,0.0,1.0
32,192,Stage 0,Stage 0,0.0,1.0
32,193,Stage 1,Stage 1,0.0,1.0
32,194,Stage 2,Stage 2,0.0,1.0
32,195,Stage 0,Stage 0,0.0,1.0
32,196,Stage 2,Stage 2,0.0,1.0
32,197,Stage 0,Stage 0,0.0,1.0
32,198,Stage 3,Stage 3,0.0,1.0
32,199,Stage 1,Stage 1,0.0,1.0
32,200,Stage 0,Stage 0,0.0,1.0
32,201,Stage 2,Stage 2,0.3191331476456423,0.6808668523543577
32,202,Stage 2,Stage 4,0.7113694218942217,0.7113694218942217
32,203,Stage 2,Stage 2,0.0,1.0
32,204,Stage 2,Stage 2,0.0,1.0
32,205,Stage 0,Stage 0,0.0,1.0
32,206,Stage 0,Stage 0,0.0,1.0
32,207,Stage 1,Stage 1,0.0,1.0
32,208,Stage 1,Stage 1,0.0,1.0
32,209,Stage 0,Stage 0,0.0,1.0
32,210,Stage 3,Stage 3,0.0,1.0
32,211,Stage 2,Stage 2,0.0,1.0
32,212,Stage 0,Stage 0,0.0,1.0
32,213,Stage 2,Stage 2,0.49370104027802086,0.506298959721979
32,214,Stage 0,Stage 0,0.0,1.0
32,215,Stage 0,Stage 0,0.0,1.0
32,216,Stage 2,Stage 2,0.030585937844206327,0.9694140621557937
32,217,Stage 3,Stage 3,0.0,1.0
32,218,Stage 0,Stage 0,0.0,1.0
32,219,Stage 2,Stage 2,0.0,1.0
41,1,Stage 2,Stage 2,0.0,1.0
41,2,Stage 0,Stage 0,0.0,1.0
41,3,Stage 0,Stage 0,0.0,1.0
41,4,Stage 4,Stage 4,0.9269211197610833,0.9269211197610833
41,5,Stage 2,Stage 2,0.0,1.0
41,6,Stage 0,Stage 0,0.0,1.0
41,7,Stage 0,Stage 0,0.0,1.0
41,8,Stage 0,Stage 0,0.0,1.0
41,9,Stage 0,Stage 0,0.0,1.0
41,10,Stage 4,Stage 4,0.7642437074005719,0.7642437074005719
41,11,Stage 0,Stage 0,0.0,1.0
41,12,Stage 4,Stage 4,0.9100266990218986,0.9100266990218986
41,13,Stage 2,Stage 2,0.0,1.0
41,14,Stage 4,Stage 4,0.8520404411420309,0.8520404411420309
41,15,Stage 0,Stage 0,0.0,1.0
41,16,Stage 3,Stage 3,0.0,1.0
41,17,Stage 4,Stage 4,0.9607052736317414,0.9607052736317414
41,18,Stage 0,Stage 0,0.0,1.0
41,19,Stage 0,Stage 0,0.0,1.0
41,20,Stage 4,Stage 4,0.8445403232878554,0.8445403232878554
41,21,Stage 0,Stage 0,0.0,1.0
41,22,Stage 1,Stage 1,0.0,1.0
41,23,Stage 0,Stage 0,0.0,1.0
41,24,Stage 0,Stage 0,0.0,1.0
41,25,Stage 4,Stage 4,0.84461479593568,0.84461479593568
41,26,Stage 3,Stage 3,0.0,1.0
41,27,Stage 2,Stage 2,0.0,1.0
41,28,Stage 0,Stage 0,0.0,1.0
41,29,Stage 2,Stage 2,0.0,1.0
41,30,Stage 0,Stage 0,0.0,1.0
41,31,Stage 3,Stage 3,0.0,1.0
41,32,Stage 1,Stage 1,0.0,1.0
41,33,Stage 2,Stage 4,0.722675912901298,0.722675912901298
41,34,Stage 0,Stage 0,0.0,1.0
41,35,Stage 3,Stage 3,0.0,1.0
41,36,Stage 3,Stage 3,0.0,1.0
41,37,Stage 0,Stage 0,0.0,1.0
41,38,Stage 2,Stage 2,0.0,1.0
41,39,Stage 1,Stage 1,0.0,1.0
41,40,Stage 4,Stage 4,0.8010694484398324,0.8010694484398324
41,41,Stage 3,Stage 3,0.0,1.0
41,42,Stage 3,Stage 3,0.0,1.0
41,43,Stage 3,Stage 3,0.0,1.0
41,44,Stage 0,Stage 0,0.0,1.0
41,45,Stage 0,Stage 0,0.0,1.0
41,46,Stage 3,Stage 3,0.0,1.0
41,47,Stage 0,Stage 0,0.0,1.0
41,48,Stage 3,Stage 3,0.0,1.0
41,49,Stage 0,Stage 0,0.0,1.0
41,50,Stage 1,Stage 1,0.0,1.0
41,51,Stage 2,Stage 2,0.0,1.0
41,52,Stage 0,Stage 0,0.0,1.0
41,53,Stage 3,Stage 3,0.0,1.0
41,54,Stage 1,Stage 1,0.0,1.0
41,55,Stage 1,Stage 1,0.0,1.0
41,56,Stage 0,Stage 0,0.0,1.0
41,57,Stage 0,Stage 0,0.0,1.0
41,58,Stage 1,Stage 1,0.0,1.0
41,59,Stage 0,Stage 0,0.0,1.0
41,60,Stage 2,Stage 2,0.0,1.0
41,61,Stage 0,Stage 0,0.0,1.0
41,62,Stage 0,Stage 0,0.0,1.0
41,63,Stage 0,Stage 0,0.0,1.0
41,64,Stage 0,Stage 0,0.0,1.0
41,65,Stage 0,Stage 0,0.0,1.0
41,66,Stage 3,Stage 3,0.0,1.0
41,67,Stage 1,Stage 1,0.0,1.0
41,68,Stage 1,Stage 1,0.0,1.0
41,69,Stage 2,Stage 2,0.0,1.0
41,70,Stage 0,Stage 0,0.0,1.0
41,71,Stage 1,Stage 1,0.0,1.0
41,72,Stage 4,Stage 4,0.9985007302536165,0.9985007302536165
41,73,Stage 0,Stage 0,0.0,1.0
41,74,Stage 0,Stage 0,0.0,1.0
41,75,Stage 2,Stage 2,0.0,1.0
41,76,Stage 0,Stage 0,0.0,1.0
41,77,Stage 0,Stage 0,0.0,1.0
41,78,Stage 3,Stage 3,0.0,1.0
41,79,Stage 3,Stage 3,0.0,1.0
41,80,Stage 1,Stage 1,0.0,1.0
41,81,Stage 2,Stage 2,0.0,1.0
41,82,Stage 0,Stage 0,0.0,1.0
41,83,Stage 0,Stage 0,0.0,1.0
41,84,Stage 0,Stage 0,0.0,1.0
41,85,Stage 3,Stage 3,0.0,1.0
41,86,Stage 0,Stage 0,0.0,1.0
41,87,Stage 0,Stage 0,0.0,1.0
41,88,Stage 3,Stage 3,0.0,1.0
41,89,Stage 0,Stage 0,0.0,1.0
41,90,Stage 1,Stage 1,0.0,1.0
41,91,Stage 0,Stage 0,0.0,1.0
41,92,Stage 2,Stage 2,0.0,1.0
41,93,Stage 0,Stage 0,0.0,1.0
41,94,Stage 2,Stage 2,0.0,1.0
41,95,Stage 0,Stage 0,0.0,1.0
41,96,Stage 0,Stage 0,0.0,1.0
41,97,Stage 0,Stage 0,0.0,1.0
41,98,Stage 0,Stage 0,0.0,1.0
41,99,Stage 0,Stage 0,0.0,1.0
41,100,Stage 4,Stage 4,0.8811428182525202,0.8811428182525202
41,101,Stage 0,Stage 0,0.0,1.0
41,102,Stage 3,Stage 3,0.0,1.0
41,103,Stage 0,Stage 0,0.0,1.0
41,104,Stage 4,Stage 4,0.609709727757213,0.609709727757213
41,105,Stage 3,Stage 3,0.0,1.0
41,106,Stage 3,Stage 3,0.0,1.0
41,107,Stage 1,Stage 1,0.0,1.0
41,108,Stage 0,Stage 0,0.0,1.0
41,109,Stage 3,Stage 3,0.0,1.0
41,110,Stage 2,Stage 2,0.0,1.0
41,111,Stage 3,Stage 3,0.0,1.0
41,112,Stage 2,Stage 2,0.0,1.0
41,113,Stage 2,Stage 4,0.609709727757213,0.609709727757213
41,114,Stage 4,Stage 4,0.84461479593568,0.84461479593568
41,115,Stage 3,Stage 3,0.0,1.0
41,116,Stage 0,Stage 0,0.0,1.0
41,117,Stage 0,Stage 0,0.0,1.0
41,118,Stage 1,Stage 1,0.0,1.0
41,119,Stage 0,Stage 0,0.0,1.0
41,120,Stage 0,Stage 0,0.0,1.0
41,121,Stage 4,Stage 4,0.8744905051482625,0.8744905051482625
41,122,Stage 4,Stage 4,0.7451452560156209,0.7451452560156209
41,123,Stage 4,Stage 4,0.722675912901298,0.722675912901298
41,124,Stage 2,Stage 2,0.0,1.0
41,125,Stage 3,Stage 3,0.0,1.0
41,126,Stage 2,Stage 2,0.0,1.0
41,127,Stage 0,Stage 0,0.0,1.0
41,128,Stage 3,Stage 3,0.0,1.0
41,129,Stage 4,Stage 2,0.3467130517915099,0.6532869482084901
41,130,Stage 0,Stage 0,0.0,1.0
41,131,Stage 0,Stage 0,0.0,1.0
41,132,Stage 2,Stage 2,0.0,1.0
41,133,Stage 2,Stage 2,0.0,1.0
41,134,Stage 2,Stage 2,0.0,1.0
41,135,Stage 3,Stage 3,0.0,1.0
41,136,Stage 1,Stage 1,0.0,1.0
41,137,Stage 2,Stage 2,0.0,1.0
41,138,Stage 2,Stage 2,0.0,1.0
41,139,Stage 1,Stage 1,0.0,1.0
41,140,Stage 2,Stage 2,0.0,1.0
41,141,Stage 2,Stage 4,0.6068739264252959,0.6068739264252959
41,142,Stage 2,Stage 2,0.0,1.0
41,143,Stage 2,Stage 2,0.0,1.0
41,144,Stage 0,Stage 0,0.0,1.0
41,145,Stage 4,Stage 4,0.9100266990218986,0.9100266990218986
41,146,Stage 2,Stage 4,0.8893426483343351,0.8893426483343351
41,147,Stage 2,Stage 2,0.0,1.0
41,148,Stage 0,Stage 0,0.0,1.0
41,149,Stage 0,Stage 0,0.0,1.0
41,150,Stage 2,Stage 2,0.0,1.0
41,151,Stage 0,Stage 0,0.0,1.0
41,152,Stage 3,Stage 3,0.0,1.0
41,153,Stage 2,Stage 2,0.0,1.0
41,154,Stage 4,Stage 4,0.6301714256080069,0.6301714256080069
41,155,Stage 3,Stage 3,0.0,1.0
41,156,Stage 3,Stage 3,0.0,1.0
41,157,Stage 3,Stage 3,0.0,1.0
41,158,Stage 1,Stage 1,0.0,1.0
41,159,Stage 1,Stage 1,0.0,1.0
41,160,Stage 2,Stage 4,0.609709727757213,0.609709727757213
41,161,Stage 3,Stage 3,0.0,1.0
41,162,Stage 2,Stage 2,0.0,1.0
41,163,Stage 0,Stage 0,0.0,1.0
41,164,Stage 0,Stage 0,0.0,1.0
41,165,Stage 0,Stage 0,0.0,1.0
41,166,Stage 2,Stage 2,0.0,1.0
41,167,Stage 4,Stage 4,0.9837900103016276,0.9837900103016276
41,168,Stage 1,Stage 1,0.0,1.0
41,169,Stage 2,Stage 4,0.8893426483343351,0.8893426483343351
41,170,Stage 0,Stage 0,0.0,1.0
41,171,Stage 4,Stage 2,0.13390270643358262,0.8660972935664176
41,172,Stage 0,Stage 0,0.0,1.0
41,173,Stage 0,Stage 0,0.0,1.0
41,174,Stage 1,Stage 1,0.0,1.0
41,175,Stage 3,Stage 3,0.0,1.0
41,176,Stage 3,Stage 3,0.0,1.0
41,177,Stage 0,Stage 0,0.0,1.0
41,178,Stage 3,Stage 3,0.0,1.0
41,179,Stage 0,Stage 0,0.0,1.0
41,180,Stage 4,Stage 2,0.2957242319594042,0.7042757680405956
41,181,Stage 4,Stage 4,0.84461479593568,0.84461479593568
41,182,Stage 4,Stage 4,0.8893426483343351,0.8893426483343351
41,183,Stage 3,Stage 3,0.0,1.0
41,184,Stage 2,Stage 2,0.0,1.0
41,185,Stage 2,Stage 4,0.9975878016129752,0.9975878016129752
41,186,Stage 0,Stage 0,0.0,1.0
41,187,Stage 0,Stage 0,0.0,1.0
41,188,Stage 0,Stage 0,0.0,1.0
41,189,Stage 0,Stage 0,0.0,1.0
41,190,Stage 2,Stage 4,0.8891057929150975,0.8891057929150975
41,191,Stage 0,Stage 0,0.0,1.0
41,192,Stage 0,Stage 0,0.0,1.0
41,193,Stage 2,Stage 2,0.0,1.0
41,194,Stage 0,Stage 0,0.0,1.0
41,195,Stage 2,Stage 2,0.0,1.0
41,196,Stage 1,Stage 1,0.0,1.0
41,197,Stage 1,Stage 1,0.0,1.0
41,198,Stage 3,Stage 3,0.0,1.0
41,199,Stage 0,Stage 0,0.0,1.0
41,200,Stage 1,Stage 1,0.0,1.0
41,201,Stage 3,Stage 3,0.0,1.0
41,202,Stage 0,Stage 0,0.0,1.0
41,203,Stage 0,Stage 0,0.0,1.0
41,204,Stage 1,Stage 1,0.0,1.0
41,205,Stage 0,Stage 0,0.0,1.0
41,206,Stage 3,Stage 3,0.0,1.0
41,207,Stage 0,Stage 0,0.0,1.0
41,208,Stage 0,Stage 0,0.0,1.0
41,209,Stage 1,Stage 1,0.0,1.0
41,210,Stage 1,Stage 1,0.0,1.0
41,211,Stage 2,Stage 2,0.0,1.0
41,212,Stage 3,Stage 3,0.0,1.0
41,213,Stage 1,Stage 1,0.0,1.0
41,214,Stage 1,Stage 1,0.0,1.0
41,215,Stage 1,Stage 1,0.0,1.0
41,216,Stage 1,Stage 1,0.0,1.0
41,217,Stage 3,Stage 3,0.0,1.0
41,218,Stage 0,Stage 0,0.0,1.0
41,219,Stage 3,Stage 3,0.0,1.0
41,220,Stage 2,Stage 2,0.0,1.0
41,221,Stage 0,Stage 0,0.0,1.0
41,222,Stage 2,Stage 2,0.0,1.0
41,223,Stage 1,Stage 1,0.0,1.0
41,224,Stage 1,Stage 1,0.0,1.0
41,225,Stage 2,Stage 2,0.0,1.0
41,226,Stage 2,Stage 2,0.0,1.0
41,227,Stage 0,Stage 0,0.0,1.0
41,228,Stage 1,Stage 1,0.0,1.0
41,229,Stage 1,Stage 1,0.0,1.0
41,230,Stage 1,Stage 1,0.0,1.0
41,231,Stage 0,Stage 0,0.0,1.0
41,232,Stage 0,Stage 0,0.0,1.0
41,233,Stage 1,Stage 1,0.0,1.0
41,234,Stage 2,Stage 2,0.0,1.0
41,235,Stage 2,Stage 2,0.0,1.0
41,236,Stage 0,Stage 0,0.0,1.0
41,237,Stage 2,Stage 2,0.0,1.0
41,238,Stage 0,Stage 0,0.0,1.0
41,239,Stage 2,Stage 2,0.0,1.0
41,240,Stage 2,Stage 2,0.0,1.0
41,241,Stage 2,Stage 2,0.3191331476456423,0.6808668523543577
41,242,Stage 2,Stage 2,0.030585937844206327,0.9694140621557937
41,243,Stage 2,Stage 2,0.0,1.0
41,244,Stage 0,Stage 0,0.0,1.0
41,245,Stage 1,Stage 1,0.0,1.0
41,246,Stage 2,Stage 2,0.0,1.0
41,247,Stage 1,Stage 1,0.0,1.0
41,248,Stage 2,Stage 4,0.7642437074005719,0.7642437074005719
41,249,Stage 2,Stage 2,0.030585937844206327,0.9694140621557937
41,250,Stage 2,Stage 2,0.3191331476456423,0.6808668523543577
41,251,Stage 2,Stage 2,0.0,1.0
41,252,Stage 1,Stage 1,0.0,1.0
41,253,Stage 0,Stage 0,0.0,1.0
41,254,Stage 4,Stage 2,0.020033614750774916,0.9799663852492251
41,255,Stage 0,Stage 0,0.0,1.0
41,256,Stage 0,Stage 0,0.0,1.0
41,257,Stage 0,Stage 0,0.0,1.0
41,258,Stage 0,Stage 0,0.0,1.0
41,259,Stage 0,Stage 0,0.0,1.0
41,260,Stage 2,Stage 2,0.0,1.0
41,261,Stage 0,Stage 0,0.0,1.0
41,262,Stage 0,Stage 0,0.0,1.0
41,263,Stage 2,Stage 2,0.0,1.0
41,264,Stage 1,Stage 1,0.0,1.0
41,265,Stage 3,Stage 3,0.0,1.0
41,266,Stage 1,Stage 1,0.0,1.0
41,267,Stage 0,Stage 0,0.0,1.0
41,268,Stage 0,Stage 0,0.0,1.0
41,269,Stage 0,Stage 0,0.0,1.0
41,270,Stage 0,Stage 0,0.0,1.0
41,271,Stage 0,Stage 0,0.0,1.0
41,272,Stage 3,Stage 3,0.0,1.0
41,273,Stage 3,Stage 3,0.0,1.0
41,274,Stage 0,Stage 0,0.0,1.0
41,275,Stage 2,Stage 2,0.34410105920623757,0.6558989407937622
41,276,Stage 0,Stage 0,0.0,1.0
41,277,Stage 2,Stage 2,0.3325858888166864,0.6674141111833138
41,278,Stage 2,Stage 2,0.030585937844206327,0.9694140621557937
41,279,Stage 0,Stage 0,0.0,1.0
49,1,Stage 3,Stage 3,0.0,1.0
49,2,Stage 1,Stage 1,0.0,1.0
49,3,Stage 3,Stage 3,0.0,1.0
49,4,Stage 0,Stage 0,0.0,1.0
49,5,Stage 2,Stage 2,0.0,1.0
49,6,Stage 1,Stage 1,0.0,1.0
49,7,Stage 1,Stage 1,0.0,1.0
49,8,Stage 0,Stage 0,0.0,1.0
49,9,Stage 4,Stage 4,0.9802639450357651,0.9802639450357651
49,10,Stage 0,Stage 0,0.0,1.0
49,11,Stage 4,Stage 4,0.9978609539488698,0.9978609539488698
49,12,Stage 1,Stage 1,0.0,1.0
49,13,Stage 4,Stage 4,0.989424647390052,0.989424647390052
49,14,Stage 2,Stage 2,0.0,1.0
49,15,Stage 2,Stage 2,0.0,1.0
49,16,Stage 0,Stage 0,0.0,1.0
49,17,Stage 0,Stage 0,0.0,1.0
49,18,Stage 1,Stage 1,0.0,1.0
49,19,Stage 1,Stage 1,0.0,1.0
49,20,Stage 0,Stage 0,0.0,1.0
49,21,Stage 3,Stage 3,0.0,1.0
49,22,Stage 0,Stage 0,0.0,1.0
49,23,Stage 4,Stage 4,0.9998070080552094,0.9998070080552094
49,24,Stage 0,Stage 0,0.0,1.0
49,25,Stage 0,Stage 0,0.0,1.0
49,26,Stage 4,Stage 4,0.9990286822294617,0.9990286822294617
49,27,Stage 1,Stage 1,0.0,1.0
49,28,Stage 4,Stage 4,0.9442582004783833,0.9442582004783833
49,29,Stage 2,Stage 2,0.0,1.0
49,30,Stage 4,Stage 4,0.9999339624760237,0.9999339624760237
49,31,Stage 1,Stage 1,0.0,1.0
49,32,Stage 0,Stage 0,0.0,1.0
49,33,Stage 4,Stage 4,0.9962742154207905,0.9962742154207905
49,34,Stage 0,Stage 0,0.0,1.0
49,35,Stage 3,Stage 3,0.0,1.0
49,36,Stage 4,Stage 4,0.9998070080552094,0.9998070080552094
49,37,Stage 2,Stage 2,0.0,1.0
49,38,Stage 0,Stage 0,0.0,1.0
49,39,Stage 4,Stage 4,0.9626540162772553,0.9626540162772553
49,40,Stage 2,Stage 2,0.0,1.0
49,41,Stage 0,Stage 0,0.0,1.0
49,42,Stage 3,Stage 3,0.0,1.0
49,43,Stage 2,Stage 2,0.0,1.0
49,44,Stage 0,Stage 0,0.0,1.0
49,45,Stage 3,Stage 3,0.0,1.0
49,46,Stage 4,Stage 4,0.6404933884367061,0.6404933884367061
49,47,Stage 0,Stage 0,0.0,1.0
49,48,Stage 2,Stage 2,0.0,1.0
49,49,Stage 0,Stage 0,0.0,1.0
49,50,Stage 4,Stage 4,0.9824666731868933,0.9824666731868933
49,51,Stage 0,Stage 0,0.0,1.0
49,52,Stage 1,Stage 1,0.0,1.0
49,53,Stage 0,Stage 0,0.0,1.0
49,54,Stage 3,Stage 3,0.0,1.0
49,55,Stage 0,Stage 0,0.0,1.0
49,56,Stage 1,Stage 1,0.0,1.0
49,57,Stage 0,Stage 0,0.0,1.0
49,58,Stage 0,Stage 0,0.0,1.0
49,59,Stage 0,Stage 0,0.0,1.0
49,60,Stage 0,Stage 0,0.0,1.0
49,61,Stage 2,Stage 2,0.0,1.0
49,62,Stage 2,Stage 2,0.0,1.0
49,63,Stage 4,Stage 4,0.9998953569368154,0.9998953569368154
49,64,Stage 0,Stage 0,0.0,1.0
49,65,Stage 1,Stage 1,0.0,1.0
49,66,Stage 0,Stage 0,0.0,1.0
49,67,Stage 4,Stage 4,0.9364034605127471,0.9364034605127471
49,68,Stage 1,Stage 1,0.0,1.0
49,69,Stage 2,Stage 2,0.0,1.0
49,70,Stage 3,Stage 3,0.0,1.0
49,71,Stage 2,Stage 2,0.05032307240830773,0.9496769275916919
49,72,Stage 1,Stage 1,0.0,1.0
49,73,Stage 2,Stage 2,0.0,1.0
49,74,Stage 0,Stage 0,0.0,1.0
49,75,Stage 0,Stage 0,0.0,1.0
49,76,Stage 4,Stage 4,0.9932192405375908,0.9932192405375908
49,77,Stage 4,Stage 4,0.9834979793636001,0.9834979793636001
49,78,Stage 3,Stage 3,0.0,1.0
49,79,Stage 4,Stage 4,0.9892898864791082,0.9892898864791082
49,80,Stage 0,Stage 0,0.0,1.0
49,81,Stage 2,Stage 2,0.0,1.0
49,82,Stage 3,Stage 3,0.0,1.0
49,83,Stage 1,Stage 1,0.0,1.0
49,84,Stage 0,Stage 0,0.0,1.0
49,85,Stage 1,Stage 1,0.0,1.0
49,86,Stage 0,Stage 0,0.0,1.0
49,87,Stage 0,Stage 0,0.0,1.0
49,88,Stage 3,Stage 3,0.0,1.0
49,89,Stage 2,Stage 2,0.0,1.0
49,90,Stage 0,Stage 0,0.0,1.0
49,91,Stage 0,Stage 0,0.0,1.0
49,92,Stage 4,Stage 4,0.981926600698104,0.981926600698104
49,93,Stage 4,Stage 4,0.9975878016129752,0.9975878016129752
49,94,Stage 0,Stage 0,0.0,1.0
49,95,Stage 0,Stage 0,0.0,1.0
49,96,Stage 3,Stage 3,0.0,1.0
49,97,Stage 0,Stage 0,0.0,1.0
49,98,Stage 3,Stage 3,0.0,1.0
49,99,Stage 0,Stage 0,0.0,1.0
49,100,Stage 0,Stage 0,0.0,1.0
49,101,Stage 3,Stage 3,0.0,1.0
49,102,Stage 0,Stage 0,0.0,1.0
49,103,Stage 3,Stage 3,0.0,1.0
49,104,Stage 0,Stage 0,0.0,1.0
49,105,Stage 0,Stage 0,0.0,1.0
49,106,Stage 0,Stage 0,0.0,1.0
49,107,Stage 3,Stage 3,0.0,1.0
49,108,Stage 0,Stage 0,0.0,1.0
49,109,Stage 1,Stage 1,0.0,1.0
49,110,Stage 0,Stage 0,0.0,1.0
49,111,Stage 0,Stage 0,0.0,1.0
49,112,Stage 0,Stage 0,0.0,1.0
49,113,Stage 0,Stage 0,0.0,1.0
49,114,Stage 0,Stage 0,0.0,1.0
49,115,Stage 3,Stage 3,0.0,1.0
49,116,Stage 0,Stage 0,0.0,1.0
49,117,Stage 2,Stage 2,0.0,1.0
49,118,Stage 0,Stage 0,0.0,1.0
49,119,Stage 1,Stage 1,0.0,1.0
49,120,Stage 4,Stage 4,0.9962742154207905,0.9962742154207905
49,121,Stage 3,Stage 3,0.0,1.0
49,122,Stage 0,Stage 0,0.0,1.0
49,123,Stage 0,Stage 0,0.0,1.0
49,124,Stage 2,Stage 2,0.0,1.0
49,125,Stage 4,Stage 4,0.9834979793636001,0.9834979793636001
49,126,Stage 1,Stage 1,0.0,1.0
49,127,Stage 0,Stage 0,0.0,1.0
49,128,Stage 4,Stage 4,0.9985007302536165,0.9985007302536165
49,129,Stage 3,Stage 3,0.0,1.0
49,130,Stage 3,Stage 3,0.0,1.0
49,131,Stage 0,Stage 0,0.0,1.0
49,132,Stage 3,Stage 3,0.0,1.0
49,133,Stage 4,Stage 4,0.9921742807805474,0.9921742807805474
49,134,Stage 0,Stage 0,0.0,1.0
49,135,Stage 4,Stage 4,0.9857782524137444,0.9857782524137444
49,136,Stage 3,Stage 3,0.0,1.0
49,137,Stage 2,Stage 2,0.0,1.0
49,138,Stage 3,Stage 3,0.0,1.0
49,139,Stage 3,Stage 3,0.0,1.0
49,140,Stage 4,Stage 4,0.9837900103016276,0.9837900103016276
49,141,Stage 0,Stage 0,0.0,1.0
49,142,Stage 0,Stage 0,0.0,1.0
49,143,Stage 0,Stage 0,0.0,1.0
49,144,Stage 0,Stage 0,0.0,1.0
49,145,Stage 3,Stage 3,0.0,1.0
49,146,Stage 4,Stage 4,0.9989387997231959,0.9989387997231959
49,147,Stage 3,Stage 3,0.0,1.0
49,148,Stage 0,Stage 0,0.0,1.0
49,149,Stage 4,Stage 4,0.9958251419178974,0.9958251419178974
49,150,Stage 0,Stage 0,0.0,1.0
49,151,Stage 0,Stage 0,0.0,1.0
49,152,Stage 2,Stage 2,0.0,1.0
49,153,Stage 0,Stage 0,0.0,1.0
49,154,Stage 4,Stage 4,0.9972944955832509,0.9972944955832509
49,155,Stage 0,Stage 0,0.0,1.0
49,156,Stage 1,Stage 1,0.0,1.0
49,157,Stage 0,Stage 0,0.0,1.0
49,158,Stage 0,Stage 0,0.0,1.0
49,159,Stage 2,Stage 2,0.03386819974327718,0.9661318002567231
49,160,Stage 3,Stage 3,0.0,1.0
49,161,Stage 0,Stage 0,0.0,1.0
49,162,Stage 4,Stage 4,0.9700952022263095,0.9700952022263095
49,163,Stage 1,Stage 1,0.0,1.0
49,164,Stage 0,Stage 0,0.0,1.0
49,165,Stage 4,Stage 4,0.9762595395277566,0.9762595395277566
49,166,Stage 3,Stage 3,0.0,1.0
49,167,Stage 1,Stage 1,0.0,1.0
49,168,Stage 1,Stage 1,0.0,1.0
49,169,Stage 4,Stage 4,0.9020143020204584,0.9020143020204584
49,170,Stage 3,Stage 3,0.0,1.0
49,171,Stage 1,Stage 1,0.0,1.0
49,172,Stage 0,Stage 0,0.0,1.0
49,173,Stage 0,Stage 0,0.0,1.0
49,174,Stage 1,Stage 1,0.0,1.0
49,175,Stage 0,Stage 0,0.0,1.0
49,176,Stage 2,Stage 2,0.0,1.0
49,177,Stage 0,Stage 0,0.0,1.0
49,178,Stage 2,Stage 2,0.0,1.0
49,179,Stage 2,Stage 2,0.0,1.0
49,180,Stage 2,Stage 2,0.0,1.0
49,181,Stage 1,Stage 1,0.0,1.0
49,182,Stage 4,Stage 4,0.9978609539488698,0.9978609539488698
49,183,Stage 3,Stage 3,0.0,1.0
49,184,Stage 1,Stage 1,0.0,1.0
49,185,Stage 3,Stage 3,0.0,1.0
49,186,Stage 0,Stage 0,0.0,1.0
49,187,Stage 0,Stage 0,0.0,1.0
49,188,Stage 2,Stage 2,0.0,1.0
49,189,Stage 2,Stage 2,0.0,1.0
49,190,Stage 0,Stage 0,0.0,1.0
49,191,Stage 1,Stage 1,0.0,1.0
49,192,Stage 0,Stage 0,0.0,1.0
49,193,Stage 2,Stage 2,0.0,1.0
49,194,Stage 0,Stage 0,0.0,1.0
49,195,Stage 3,Stage 3,0.0,1.0
49,196,Stage 1,Stage 1,0.0,1.0
49,197,Stage 0,Stage 0,0.0,1.0
49,198,Stage 4,Stage 4,0.9499993864621158,0.9499993864621158
49,199,Stage 1,Stage 1,0.0,1.0
49,200,Stage 2,Stage 2,0.0,1.0
49,201,Stage 2,Stage 2,0.0,1.0
49,202,Stage 0,Stage 0,0.0,1.0
49,203,Stage 0,Stage 0,0.0,1.0
49,204,Stage 3,Stage 3,0.0,1.0
49,205,Stage 1,Stage 1,0.0,1.0
49,206,Stage 0,Stage 0,0.0,1.0
49,207,Stage 0,Stage 0,0.0,1.0
49,208,Stage 0,Stage 0,0.0,1.0
49,209,Stage 3,Stage 3,0.0,1.0
49,210,Stage 3,Stage 3,0.0,1.0
49,211,Stage 1,Stage 1,0.0,1.0
49,212,Stage 4,Stage 4,0.9832208766201544,0.9832208766201544
49,213,Stage 0,Stage 0,0.0,1.0
49,214,Stage 2,Stage 2,0.0,1.0
49,215,Stage 0,Stage 0,0.0,1.0
49,216,Stage 0,Stage 0,0.0,1.0
49,217,Stage 2,Stage 2,0.0,1.0
49,218,Stage 0,Stage 0,0.0,1.0
49,219,Stage 1,Stage 1,0.0,1.0
49,220,Stage 2,Stage 2,0.0,1.0
49,221,Stage 3,Stage 3,0.0,1.0
49,222,Stage 2,Stage 2,0.0,1.0
49,223,Stage 0,Stage 0,0.0,1.0
49,224,Stage 4,Stage 4,0.9958251419178974,0.9958251419178974
49,225,Stage 0,Stage 0,0.0,1.0
49,226,Stage 3,Stage 3,0.0,1.0
49,227,Stage 4,Stage 4,0.9948880576984798,0.9948880576984798
49,228,Stage 4,Stage 4,0.9958251419178974,0.9958251419178974
49,229,Stage 0,Stage 0,0.0,1.0
49,230,Stage 0,Stage 0,0.0,1.0
49,231,Stage 0,Stage 0,0.0,1.0
49,232,Stage 1,Stage 1,0.0,1.0
49,233,Stage 0,Stage 0,0.0,1.0
49,234,Stage 3,Stage 3,0.0,1.0
49,235,Stage 0,Stage 0,0.0,1.0
49,236,Stage 2,Stage 2,0.0,1.0
49,237,Stage 2,Stage 2,0.0,1.0
49,238,Stage 2,Stage 2,0.0,1.0
49,239,Stage 3,Stage 3,0.0,1.0
49,240,Stage 1,Stage 1,0.0,1.0
49,241,Stage 0,Stage 0,0.0,1.0
49,242,Stage 1,Stage 1,0.0,1.0
49,243,Stage 3,Stage 3,0.0,1.0
49,244,Stage 0,Stage 0,0.0,1.0
49,245,Stage 2,Stage 2,0.0,1.0
49,246,Stage 0,Stage 0,0.0,1.0
49,247,Stage 1,Stage 1,0.0,1.0
49,248,Stage 4,Stage 4,0.9975878016129752,0.9975878016129752
49,249,Stage 4,Stage 4,0.9989387997231959,0.9989387997231959
49,250,Stage 0,Stage 0,0.0,1.0
49,251,Stage 0,Stage 0,0.0,1.0
49,252,Stage 2,Stage 2,0.0,1.0
49,253,Stage 4,Stage 4,0.9989387997231959,0.9989387997231959
49,254,Stage 2,Stage 2,0.0,1.0
49,255,Stage 0,Stage 0,0.0,1.0
49,256,Stage 0,Stage 0,0.0,1.0
49,257,Stage 2,Stage 2,0.0,1.0
49,258,Stage 1,Stage 1,0.0,1.0
49,259,Stage 4,Stage 4,0.9989387997231959,0.9989387997231959
49,260,Stage 3,Stage 3,0.0,1.0
49,261,Stage 3,Stage 3,0.0,1.0
49,262,Stage 1,Stage 1,0.0,1.0
49,263,Stage 4,Stage 4,0.9849264415716236,0.9849264415716236
49,264,Stage 1,Stage 1,0.0,1.0
49,265,Stage 1,Stage 1,0.0,1.0
49,266,Stage 0,Stage 0,0.0,1.0
49,267,Stage 4,Stage 4,0.9892898864791082,0.9892898864791082
49,268,Stage 3,Stage 3,0.0,1.0
49,269,Stage 3,Stage 3,0.0,1.0
49,270,Stage 2,Stage 2,0.0,1.0
49,271,Stage 0,Stage 0,0.0,1.0
49,272,Stage 1,Stage 1,0.0,1.0
49,273,Stage 0,Stage 0,0.0,1.0
49,274,Stage 0,Stage 0,0.0,1.0
49,275,Stage 0,Stage 0,0.0,1.0
49,276,Stage 1,Stage 1,0.0,1.0
49,277,Stage 4,Stage 4,0.9990286822294617,0.9990286822294617
49,278,Stage 3,Stage 3,0.0,1.0
49,279,Stage 2,Stage 2,0.0,1.0
49,280,Stage 1,Stage 1,0.0,1.0
49,281,Stage 0,Stage 0,0.0,1.0
49,282,Stage 0,Stage 0,0.0,1.0
49,283,Stage 0,Stage 0,0.0,1.0
49,284,Stage 0,Stage 0,0.0,1.0
49,285,Stage 1,Stage 1,0.0,1.0
49,286,Stage 1,Stage 1,0.0,1.0
49,287,Stage 0,Stage 0,0.0,1.0
49,288,Stage 4,Stage 4,0.939201641444181,0.939201641444181
49,289,Stage 3,Stage 3,0.0,1.0
49,290,Stage 4,Stage 4,0.9415287293783318,0.9415287293783318
49,291,Stage 2,Stage 2,0.0,1.0
49,292,Stage 2,Stage 2,0.0,1.0
49,293,Stage 0,Stage 0,0.0,1.0
49,294,Stage 2,Stage 2,0.0,1.0
49,295,Stage 4,Stage 4,0.9607130707622694,0.9607130707622694
49,296,Stage 0,Stage 0,0.0,1.0
49,297,Stage 2,Stage 2,0.0,1.0
49,298,Stage 0,Stage 0,0.0,1.0
49,299,Stage 4,Stage 4,0.9990286822294617,0.9990286822294617
49,300,Stage 3,Stage 3,0.0,1.0
49,301,Stage 3,Stage 3,0.0,1.0
49,302,Stage 3,Stage 3,0.0,1.0
49,303,Stage 0,Stage 0,0.0,1.0
49,304,Stage 0,Stage 0,0.0,1.0
49,305,Stage 2,Stage 2,0.0,1.0
49,306,Stage 3,Stage 3,0.0,1.0
49,307,Stage 4,Stage 4,0.9145746078965359,0.9145746078965359
49,308,Stage 3,Stage 3,0.0,1.0
49,309,Stage 2,Stage 2,0.0,1.0
49,310,Stage 1,Stage 1,0.0,1.0
49,311,Stage 0,Stage 0,0.0,1.0
49,312,Stage 1,Stage 1,0.0,1.0
49,313,Stage 4,Stage 4,0.9962742154207905,0.9962742154207905
49,314,Stage 1,Stage 1,0.0,1.0
49,315,Stage 2,Stage 2,0.0,1.0
49,316,Stage 4,Stage 4,0.9989387997231959,0.9989387997231959
49,317,Stage 0,Stage 0,0.0,1.0
49,318,Stage 4,Stage 4,0.9607130707622694,0.9607130707622694
49,319,Stage 0,Stage 0,0.0,1.0
49,320,Stage 1,Stage 1,0.0,1.0
49,321,Stage 3,Stage 3,0.0,1.0
49,322,Stage 0,Stage 0,0.0,1.0
49,323,Stage 2,Stage 2,0.0,1.0
49,324,Stage 0,Stage 0,0.0,1.0
49,325,Stage 0,Stage 0,0.0,1.0
49,326,Stage 0,Stage 0,0.0,1.0
49,327,Stage 0,Stage 0,0.0,1.0
49,328,Stage 0,Stage 0,0.0,1.0
49,329,Stage 0,Stage 0,0.0,1.0
49,330,Stage 0,Stage 0,0.0,1.0
49,331,Stage 0,Stage 0,0.0,1.0
49,332,Stage 0,Stage 0,0.0,1.0
49,333,Stage 3,Stage 3,0.0,1.0
49,334,Stage 0,Stage 0,0.0,1.0
49,335,Stage 0,Stage 0,0.0,1.0
49,336,Stage 0,Stage 0,0.0,1.0
49,337,Stage 4,Stage 4,0.9632199222745819,0.9632199222745819
49,338,Stage 0,Stage 0,0.0,1.0
49,339,Stage 1,Stage 1,0.0,1.0
49,340,Stage 0,Stage 0,0.0,1.0
49,341,Stage 4,Stage 4,0.84461479593568,0.84461479593568
49,342,Stage 3,Stage 3,0.0,1.0
49,343,Stage 2,Stage 2,0.0,1.0
49,344,Stage 1,Stage 1,0.0,1.0
49,345,Stage 1,Stage 1,0.0,1.0
49,346,Stage 0,Stage 0,0.0,1.0
49,347,Stage 1,Stage 1,0.0,1.0
49,348,Stage 4,Stage 4,0.9877252138926669,0.9877252138926669
49,349,Stage 4,Stage 4,0.9962742154207905,0.9962742154207905
49,350,Stage 0,Stage 0,0.0,1.0
49,351,Stage 0,Stage 0,0.0,1.0
49,352,Stage 1,Stage 1,0.0,1.0
49,353,Stage 0,Stage 0,0.0,1.0
49,354,Stage 2,Stage 2,0.0,1.0
49,355,Stage 3,Stage 3,0.0,1.0
49,356,Stage 4,Stage 4,0.9548086382382833,0.9548086382382833
49,357,Stage 0,Stage 0,0.0,1.0
49,358,Stage 3,Stage 3,0.0,1.0
49,359,Stage 0,Stage 0,0.0,1.0
49,360,Stage 1,Stage 1,0.0,1.0
49,361,Stage 3,Stage 3,0.0,1.0
49,362,Stage 0,Stage 0,0.0,1.0
49,363,Stage 4,Stage 4,0.9975878016129752,0.9975878016129752
49,364,Stage 0,Stage 0,0.0,1.0
49,365,Stage 2,Stage 2,0.0,1.0
49,366,Stage 4,Stage 4,0.9096056246014147,0.9096056246014147
49,367,Stage 3,Stage 3,0.0,1.0
49,368,Stage 1,Stage 1,0.0,1.0
49,369,Stage 2,Stage 2,0.0,1.0
49,370,Stage 1,Stage 1,0.0,1.0
49,371,Stage 0,Stage 0,0.0,1.0
49,372,Stage 0,Stage 0,0.0,1.0
49,373,Stage 4,Stage 4,0.9837900103016276,0.9837900103016276
49,374,Stage 1,Stage 1,0.0,1.0
49,375,Stage 1,Stage 1,0.0,1.0
49,376,Stage 0,Stage 0,0.0,1.0
49,377,Stage 1,Stage 1,0.0,1.0
49,378,Stage 3,Stage 3,0.0,1.0
49,379,Stage 2,Stage 2,0.0,1.0
49,380,Stage 1,Stage 1,0.0,1.0
49,381,Stage 4,Stage 4,0.9762595395277566,0.9762595395277566
49,382,Stage 2,Stage 2,0.0,1.0
49,383,Stage 2,Stage 2,0.0,1.0
49,384,Stage 0,Stage 0,0.0,1.0
49,385,Stage 4,Stage 4,0.9892365200064338,0.9892365200064338
49,386,Stage 1,Stage 1,0.0,1.0
49,387,Stage 2,Stage 2,0.0,1.0
49,388,Stage 0,Stage 0,0.0,1.0
49,389,Stage 0,Stage 0,0.0,1.0
49,390,Stage 0,Stage 0,0.0,1.0
49,391,Stage 3,Stage 3,0.0,1.0
49,392,Stage 0,Stage 0,0.0,1.0
49,393,Stage 3,Stage 3,0.0,1.0
49,394,Stage 2,Stage 2,0.0,1.0
49,395,Stage 0,Stage 0,0.0,1.0
49,396,Stage 0,Stage 0,0.0,1.0
49,397,Stage 2,Stage 4,0.9924932933273165,0.9924932933273165
49,398,Stage 0,Stage 0,0.0,1.0
49,399,Stage 0,Stage 0,0.0,1.0
49,400,Stage 0,Stage 0,0.0,1.0
49,401,Stage 3,Stage 3,0.0,1.0
49,402,Stage 2,Stage 2,0.0,1.0
49,403,Stage 0,Stage 0,0.0,1.0
49,404,Stage 2,Stage 4,0.9286613700329731,0.9286613700329731
49,405,Stage 0,Stage 0,0.0,1.0
49,406,Stage 0,Stage 0,0.0,1.0
49,407,Stage 2,Stage 2,0.0,1.0
49,408,Stage 3,Stage 3,0.0,1.0
49,409,Stage 3,Stage 3,0.0,1.0
49,410,Stage 3,Stage 3,0.0,1.0
49,411,Stage 1,Stage 1,0.0,1.0
49,412,Stage 0,Stage 0,0.0,1.0
49,413,Stage 2,Stage 2,0.0,1.0
49,414,Stage 0,Stage 0,0.0,1.0
49,415,Stage 0,Stage 0,0.0,1.0
49,416,Stage 0,Stage 0,0.0,1.0
49,417,Stage 0,Stage 0,0.0,1.0
49,418,Stage 0,Stage 0,0.0,1.0
49,419,Stage 1,Stage 1,0.0,1.0
49,420,Stage 2,Stage 4,0.7113694218942217,0.7113694218942217
49,421,Stage 2,Stage 4,0.6538385295226224,0.6538385295226224
49,422,Stage 0,Stage 0,0.0,1.0
49,423,Stage 2,Stage 4,0.722675912901298,0.722675912901298
49,424,Stage 2,Stage 4,0.722675912901298,0.722675912901298
49,425,Stage 2,Stage 2,0.0,1.0
49,426,Stage 0,Stage 0,0.0,1.0
49,427,Stage 1,Stage 1,0.0,1.0
49,428,Stage 0,Stage 0,0.0,1.0
49,429,Stage 3,Stage 3,0.0,1.0
49,430,Stage 0,Stage 0,0.0,1.0
49,431,Stage 1,Stage 1,0.0,1.0
49,432,Stage 0,Stage 0,0.0,1.0
49,433,Stage 0,Stage 0,0.0,1.0
49,434,Stage 0,Stage 0,0.0,1.0
49,435,Stage 1,Stage 1,0.0,1.0
49,436,Stage 0,Stage 0,0.0,1.0
49,437,Stage 0,Stage 0,0.0,1.0
49,438,Stage 2,Stage 4,0.9797670875759311,0.9797670875759311
49,439,Stage 0,Stage 0,0.0,1.0
49,440,Stage 1,Stage 1,0.0,1.0
49,441,Stage 2,Stage 4,0.8576291809919231,0.8576291809919231
49,442,Stage 2,Stage 2,0.0,1.0
49,443,Stage 2,Stage 4,0.6420466460717965,0.6420466460717965
49,444,Stage 2,Stage 2,0.0,1.0
49,445,Stage 2,Stage 2,0.0,1.0
49,446,Stage 1,Stage 1,0.0,1.0
51,1,Stage 1,Stage 1,0.0,1.0
51,2,Stage 4,Stage 4,0.9978609539488698,0.9978609539488698
51,3,Stage 1,Stage 1,0.0,1.0
51,4,Stage 0,Stage 0,0.0,1.0
51,5,Stage 1,Stage 1,0.0,1.0
51,6,Stage 4,Stage 4,0.9990286822294617,0.9990286822294617
51,7,Stage 2,Stage 2,0.0,1.0
51,8,Stage 0,Stage 0,0.0,1.0
51,9,Stage 0,Stage 0,0.0,1.0
51,10,Stage 2,Stage 2,0.0,1.0
51,11,Stage 3,Stage 3,0.0,1.0
51,12,Stage 2,Stage 2,0.0,1.0
51,13,Stage 4,Stage 4,0.9948880576984798,0.9948880576984798
51,14,Stage 0,Stage 0,0.0,1.0
51,15,Stage 1,Stage 1,0.0,1.0
51,16,Stage 0,Stage 0,0.0,1.0
51,17,Stage 2,Stage 2,0.0,1.0
51,18,Stage 1,Stage 1,0.0,1.0
51,19,Stage 0,Stage 0,0.0,1.0
51,20,Stage 2,Stage 2,0.0,1.0
51,21,Stage 4,Stage 4,0.9962742154207905,0.9962742154207905
51,22,Stage 4,Stage 4,0.9499993864621158,0.9499993864621158
51,23,Stage 0,Stage 0,0.0,1.0
51,24,Stage 0,Stage 0,0.0,1.0
51,25,Stage 0,Stage 0,0.0,1.0
51,26,Stage 0,Stage 0,0.0,1.0
51,27,Stage 3,Stage 3,0.0,1.0
51,28,Stage 0,Stage 0,0.0,1.0
51,29,Stage 4,Stage 4,0.9892365200064338,0.9892365200064338
51,30,Stage 4,Stage 4,0.9932192405375908,0.9932192405375908
51,31,Stage 3,Stage 3,0.0,1.0
51,32,Stage 0,Stage 0,0.0,1.0
51,33,Stage 0,Stage 0,0.0,1.0
51,34,Stage 0,Stage 0,0.0,1.0
51,35,Stage 2,Stage 2,0.0,1.0
51,36,Stage 1,Stage 1,0.0,1.0
51,37,Stage 3,Stage 3,0.0,1.0
51,38,Stage 2,Stage 2,0.0,1.0
51,39,Stage 0,Stage 0,0.0,1.0
51,40,Stage 0,Stage 0,0.0,1.0
51,41,Stage 0,Stage 0,0.0,1.0
51,42,Stage 0,Stage 0,0.0,1.0
51,43,Stage 3,Stage 3,0.0,1.0
51,44,Stage 1,Stage 1,0.0,1.0
51,45,Stage 3,Stage 3,0.0,1.0
51,46,Stage 0,Stage 0,0.0,1.0
51,47,Stage 0,Stage 0,0.0,1.0
51,48,Stage 2,Stage 2,0.0,1.0
51,49,Stage 0,Stage 0,0.0,1.0
51,50,Stage 2,Stage 2,0.0,1.0
51,51,Stage 4,Stage 4,0.9998953569368154,0.9998953569368154
51,52,Stage 0,Stage 0,0.0,1.0
51,53,Stage 4,Stage 4,0.9998070080552094,0.9998070080552094
51,54,Stage 4,Stage 4,0.9998070080552094,0.9998070080552094
51,55,Stage 4,Stage 4,0.8893426483343351,0.8893426483343351
51,56,Stage 0,Stage 0,0.0,1.0
51,57,Stage 0,Stage 0,0.0,1.0
51,58,Stage 3,Stage 3,0.0,1.0
51,59,Stage 0,Stage 0,0.0,1.0
51,60,Stage 0,Stage 0,0.0,1.0
51,61,Stage 0,Stage 0,0.0,1.0
51,62,Stage 0,Stage 0,0.0,1.0
51,63,Stage 4,Stage 4,0.9998953569368154,0.9998953569368154
51,64,Stage 0,Stage 0,0.0,1.0
51,65,Stage 0,Stage 0,0.0,1.0
51,66,Stage 0,Stage 0,0.0,1.0
51,67,Stage 4,Stage 4,0.9985007302536165,0.9985007302536165
51,68,Stage 3,Stage 3,0.0,1.0
51,69,Stage 0,Stage 0,0.0,1.0
51,70,Stage 3,Stage 3,0.0,1.0
51,71,Stage 0,Stage 0,0.0,1.0
51,72,Stage 0,Stage 0,0.0,1.0
51,73,Stage 0,Stage 0,0.0,1.0
51,74,Stage 2,Stage 2,0.0,1.0
51,75,Stage 3,Stage 3,0.0,1.0
51,76,Stage 1,Stage 1,0.0,1.0
51,77,Stage 1,Stage 1,0.0,1.0
51,78,Stage 1,Stage 1,0.0,1.0
51,79,Stage 4,Stage 4,0.989424647390052,0.989424647390052
51,80,Stage 2,Stage 2,0.0,1.0
51,81,Stage 0,Stage 0,0.0,1.0
51,82,Stage 2,Stage 2,0.0,1.0
51,83,Stage 0,Stage 0,0.0,1.0
51,84,Stage 0,Stage 0,0.0,1.0
51,85,Stage 0,Stage 0,0.0,1.0
51,86,Stage 0,Stage 0,0.0,1.0
51,87,Stage 0,Stage 0,0.0,1.0
51,88,Stage 0,Stage 0,0.0,1.0
51,89,Stage 3,Stage 3,0.0,1.0
51,90,Stage 1,Stage 1,0.0,1.0
51,91,Stage 4,Stage 4,0.9958251419178974,0.9958251419178974
51,92,Stage 0,Stage 0,0.0,1.0
51,93,Stage 0,Stage 0,0.0,1.0
51,94,Stage 0,Stage 0,0.0,1.0
51,95,Stage 0,Stage 0,0.0,1.0
51,96,Stage 1,Stage 1,0.0,1.0
51,97,Stage 0,Stage 0,0.0,1.0
51,98,Stage 0,Stage 0,0.0,1.0
51,99,Stage 2,Stage 2,0.0,1.0
51,100,Stage 0,Stage 0,0.0,1.0
51,101,Stage 0,Stage 0,0.0,1.0
51,102,Stage 1,Stage 1,0.0,1.0
51,103,Stage 1,Stage 1,0.0,1.0
51,104,Stage 0,Stage 0,0.0,1.0
51,105,Stage 2,Stage 2,0.0,1.0
51,106,Stage 2,Stage 2,0.0,1.0
51,107,Stage 2,Stage 2,0.0,1.0
51,108,Stage 3,Stage 3,0.0,1.0
51,109,Stage 2,Stage 2,0.0,1.0
51,110,Stage 0,Stage 0,0.0,1.0
51,111,Stage 0,Stage 0,0.0,1.0
51,112,Stage 0,Stage 0,0.0,1.0
51,113,Stage 3,Stage 3,0.0,1.0
51,114,Stage 0,Stage 0,0.0,1.0
51,115,Stage 1,Stage 1,0.0,1.0
51,116,Stage 4,Stage 4,0.9892365200064338,0.9892365200064338
51,117,Stage 0,Stage 0,0.0,1.0
51,118,Stage 3,Stage 3,0.0,1.0
51,119,Stage 2,Stage 2,0.0,1.0
51,120,Stage 4,Stage 4,0.9650465610102422,0.9650465610102422
51,121,Stage 4,Stage 4,0.9364034605127471,0.9364034605127471
51,122,Stage 0,Stage 0,0.0,1.0
51,123,Stage 3,Stage 3,0.0,1.0
51,124,Stage 0,Stage 0,0.0,1.0
51,125,Stage 0,Stage 0,0.0,1.0
51,126,Stage 0,Stage 0,0.0,1.0
51,127,Stage 2,Stage 2,0.0,1.0
51,128,Stage 4,Stage 4,0.9989387997231959,0.9989387997231959
51,129,Stage 4,Stage 4,0.9975878016129752,0.9975878016129752
51,130,Stage 0,Stage 0,0.0,1.0
51,131,Stage 2,Stage 2,0.0,1.0
51,132,Stage 3,Stage 3,0.0,1.0
51,133,Stage 1,Stage 1,0.0,1.0
51,134,Stage 3,Stage 3,0.0,1.0
51,135,Stage 4,Stage 4,0.9921742807805474,0.9921742807805474
51,136,Stage 1,Stage 1,0.0,1.0
51,137,Stage 3,Stage 3,0.0,1.0
51,138,Stage 2,Stage 2,0.0,1.0
51,139,Stage 0,Stage 0,0.0,1.0
51,140,Stage 2,Stage 2,0.0,1.0
51,141,Stage 0,Stage 0,0.0,1.0
51,142,Stage 2,Stage 2,0.05032307240830773,0.9496769275916919
51,143,Stage 1,Stage 1,0.0,1.0
51,144,Stage 0,Stage 0,0.0,1.0
51,145,Stage 2,Stage 2,0.0,1.0
51,146,Stage 0,Stage 0,0.0,1.0
51,147,Stage 0,Stage 0,0.0,1.0
51,148,Stage 2,Stage 2,0.0,1.0
51,149,Stage 1,Stage 1,0.0,1.0
51,150,Stage 0,Stage 0,0.0,1.0
51,151,Stage 3,Stage 3,0.0,1.0
51,152,Stage 2,Stage 2,0.0,1.0
51,153,Stage 3,Stage 3,0.0,1.0
51,154,Stage 0,Stage 0,0.0,1.0
51,155,Stage 3,Stage 3,0.0,1.0
51,156,Stage 2,Stage 2,0.0,1.0
51,157,Stage 0,Stage 0,0.0,1.0
51,158,Stage 0,Stage 0,0.0,1.0
51,159,Stage 3,Stage 3,0.0,1.0
51,160,Stage 3,Stage 3,0.0,1.0
51,161,Stage 0,Stage 0,0.0,1.0
51,162,Stage 0,Stage 0,0.0,1.0
51,163,Stage 2,Stage 2,0.0,1.0
51,164,Stage 0,Stage 0,0.0,1.0
51,165,Stage 2,Stage 2,0.0,1.0
51,166,Stage 3,Stage 3,0.0,1.0
51,167,Stage 3,Stage 3,0.0,1.0
51,168,Stage 3,Stage 3,0.0,1.0
51,169,Stage 0,Stage 0,0.0,1.0
51,170,Stage 3,Stage 3,0.0,1.0
51,171,Stage 0,Stage 0,0.0,1.0
51,172,Stage 3,Stage 3,0.0,1.0
51,173,Stage 1,Stage 1,0.0,1.0
51,174,Stage 0,Stage 0,0.0,1.0
51,175,Stage 4,Stage 4,0.9948880576984798,0.9948880576984798
51,176,Stage 0,Stage 0,0.0,1.0
51,177,Stage 4,Stage 4,0.9917133180587698,0.9917133180587698
51,178,Stage 0,Stage 0,0.0,1.0
51,179,Stage 3,Stage 3,0.0,1.0
51,180,Stage 1,Stage 1,0.0,1.0
51,181,Stage 0,Stage 0,0.0,1.0
51,182,Stage 3,Stage 3,0.0,1.0
51,183,Stage 2,Stage 2,0.0,1.0
51,184,Stage 1,Stage 1,0.0,1.0
51,185,Stage 2,Stage 2,0.0,1.0
51,186,Stage 0,Stage 0,0.0,1.0
51,187,Stage 3,Stage 3,0.0,1.0
51,188,Stage 0,Stage 0,0.0,1.0
51,189,Stage 1,Stage 1,0.0,1.0
51,190,Stage 0,Stage 0,0.0,1.0
51,191,Stage 2,Stage 2,0.0,1.0
51,192,Stage 2,Stage 2,0.0,1.0
51,193,Stage 4,Stage 4,0.9972944955832509,0.9972944955832509
51,194,Stage 0,Stage 0,0.0,1.0
51,195,Stage 2,Stage 2,0.0,1.0
51,196,Stage 4,Stage 4,0.9834979793636001,0.9834979793636001
51,197,Stage 4,Stage 4,0.9499993864621158,0.9499993864621158
51,198,Stage 0,Stage 0,0.0,1.0
51,199,Stage 0,Stage 0,0.0,1.0
51,200,Stage 0,Stage 0,0.0,1.0
51,201,Stage 0,Stage 0,0.0,1.0
51,202,Stage 2,Stage 2,0.0,1.0
51,203,Stage 1,Stage 1,0.0,1.0
51,204,Stage 3,Stage 3,0.0,1.0
51,205,Stage 1,Stage 1,0.0,1.0
51,206,Stage 0,Stage 0,0.0,1.0
51,207,Stage 4,Stage 4,0.9191806954309615,0.9191806954309615
51,208,Stage 4,Stage 4,0.9975878016129752,0.9975878016129752
51,209,Stage 3,Stage 3,0.0,1.0
51,210,Stage 3,Stage 3,0.0,1.0
51,211,Stage 1,Stage 1,0.0,1.0
51,212,Stage 1,Stage 1,0.0,1.0
51,213,Stage 3,Stage 3,0.0,1.0
51,214,Stage 0,Stage 0,0.0,1.0
51,215,Stage 1,Stage 1,0.0,1.0
51,216,Stage 0,Stage 0,0.0,1.0
51,217,Stage 4,Stage 4,0.9962742154207905,0.9962742154207905
51,218,Stage 0,Stage 0,0.0,1.0
51,219,Stage 0,Stage 0,0.0,1.0
51,220,Stage 2,Stage 2,0.0,1.0
51,221,Stage 0,Stage 0,0.0,1.0
51,222,Stage 1,Stage 1,0.0,1.0
51,223,Stage 3,Stage 3,0.0,1.0
51,224,Stage 0,Stage 0,0.0,1.0
51,225,Stage 1,Stage 1,0.0,1.0
51,226,Stage 4,Stage 4,0.8720802375403641,0.8720802375403641
51,227,Stage 0,Stage 0,0.0,1.0
51,228,Stage 1,Stage 1,0.0,1.0
51,229,Stage 0,Stage 0,0.0,1.0
51,230,Stage 0,Stage 0,0.0,1.0
51,231,Stage 4,Stage 4,0.939201641444181,0.939201641444181
51,232,Stage 1,Stage 1,0.0,1.0
51,233,Stage 1,Stage 1,0.0,1.0
51,234,Stage 0,Stage 0,0.0,1.0
51,235,Stage 4,Stage 4,0.9972944955832509,0.9972944955832509
51,236,Stage 0,Stage 0,0.0,1.0
51,237,Stage 0,Stage 0,0.0,1.0
51,238,Stage 4,Stage 4,0.8010694484398324,0.8010694484398324
51,239,Stage 0,Stage 0,0.0,1.0
51,240,Stage 3,Stage 3,0.0,1.0
51,241,Stage 3,Stage 3,0.0,1.0
51,242,Stage 3,Stage 3,0.0,1.0
51,243,Stage 4,Stage 4,0.9325569778076929,0.9325569778076929
51,244,Stage 1,Stage 1,0.0,1.0
51,245,Stage 4,Stage 4,0.9802639450357651,0.9802639450357651
51,246,Stage 1,Stage 1,0.0,1.0
51,247,Stage 4,Stage 4,0.6538385295226224,0.6538385295226224
51,248,Stage 0,Stage 0,0.0,1.0
51,249,Stage 0,Stage 0,0.0,1.0
51,250,Stage 1,Stage 1,0.0,1.0
51,251,Stage 0,Stage 0,0.0,1.0
51,252,Stage 0,Stage 0,0.0,1.0
51,253,Stage 4,Stage 4,0.9948880576984798,0.9948880576984798
51,254,Stage 2,Stage 2,0.0,1.0
51,255,Stage 0,Stage 0,0.0,1.0
51,256,Stage 3,Stage 3,0.0,1.0
51,257,Stage 2,Stage 2,0.31284083934016516,0.687159160659835
51,258,Stage 2,Stage 2,0.0,1.0
51,259,Stage 0,Stage 0,0.0,1.0
51,260,Stage 3,Stage 3,0.0,1.0
51,261,Stage 0,Stage 0,0.0,1.0
51,262,Stage 0,Stage 0,0.0,1.0
51,263,Stage 0,Stage 0,0.0,1.0
51,264,Stage 3,Stage 3,0.0,1.0
51,265,Stage 3,Stage 3,0.0,1.0
51,266,Stage 0,Stage 0,0.0,1.0
51,267,Stage 1,Stage 1,0.0,1.0
51,268,Stage 0,Stage 0,0.0,1.0
51,269,Stage 4,Stage 4,0.8476959332087518,0.8476959332087518
51,270,Stage 0,Stage 0,0.0,1.0
51,271,Stage 2,Stage 2,0.0,1.0
51,272,Stage 1,Stage 1,0.0,1.0
51,273,Stage 2,Stage 2,0.0,1.0
51,274,Stage 0,Stage 0,0.0,1.0
51,275,Stage 2,Stage 4,0.6778287469632981,0.6778287469632981
51,276,Stage 0,Stage 0,0.0,1.0
51,277,Stage 3,Stage 3,0.0,1.0
51,278,Stage 2,Stage 2,0.006666666666666667,0.9933333333333333
51,279,Stage 2,Stage 2,0.0,1.0
51,280,Stage 3,Stage 3,0.0,1.0
51,281,Stage 1,Stage 1,0.0,1.0
51,282,Stage 0,Stage 0,0.0,1.0
51,283,Stage 3,Stage 3,0.0,1.0
51,284,Stage 3,Stage 3,0.0,1.0
51,285,Stage 0,Stage 0,0.0,1.0
52,1,Stage 0,Stage 0,0.0,1.0
52,2,Stage 3,Stage 3,0.0,1.0
52,3,Stage 2,Stage 2,0.0,1.0
52,4,Stage 0,Stage 0,0.0,1.0
52,5,Stage 1,Stage 1,0.0,1.0
52,6,Stage 1,Stage 1,0.0,1.0
52,7,Stage 2,Stage 2,0.0,1.0
52,8,Stage 2,Stage 2,0.0,1.0
52,9,Stage 4,Stage 4,0.866105778819992,0.866105778819992
52,10,Stage 0,Stage 0,0.0,1.0
52,11,Stage 0,Stage 0,0.0,1.0
52,12,Stage 0,Stage 0,0.0,1.0
52,13,Stage 1,Stage 1,0.0,1.0
52,14,Stage 4,Stage 4,0.9989387997231959,0.9989387997231959
52,15,Stage 0,Stage 0,0.0,1.0
52,16,Stage 1,Stage 1,0.0,1.0
52,17,Stage 0,Stage 0,0.0,1.0
52,18,Stage 0,Stage 0,0.0,1.0
52,19,Stage 1,Stage 1,0.0,1.0
52,20,Stage 0,Stage 0,0.0,1.0
52,21,Stage 0,Stage 0,0.0,1.0
52,22,Stage 1,Stage 1,0.0,1.0
52,23,Stage 3,Stage 3,0.0,1.0
52,24,Stage 0,Stage 0,0.0,1.0
52,25,Stage 3,Stage 3,0.0,1.0
52,26,Stage 0,Stage 0,0.0,1.0
52,27,Stage 4,Stage 4,0.9499993864621158,0.9499993864621158
52,28,Stage 0,Stage 0,0.0,1.0
52,29,Stage 0,Stage 0,0.0,1.0
52,30,Stage 0,Stage 0,0.0,1.0
52,31,Stage 0,Stage 0,0.0,1.0
52,32,Stage 2,Stage 2,0.0,1.0
52,33,Stage 0,Stage 0,0.0,1.0
52,34,Stage 0,Stage 0,0.0,1.0
52,35,Stage 0,Stage 0,0.0,1.0
52,36,Stage 2,Stage 2,0.0,1.0
52,37,Stage 4,Stage 4,0.9626540162772553,0.9626540162772553
52,38,Stage 0,Stage 0,0.0,1.0
52,39,Stage 0,Stage 0,0.0,1.0
52,40,Stage 3,Stage 3,0.0,1.0
52,41,Stage 1,Stage 1,0.0,1.0
52,42,Stage 2,Stage 2,0.0,1.0
52,43,Stage 2,Stage 2,0.0,1.0
52,44,Stage 0,Stage 0,0.0,1.0
52,45,Stage 0,Stage 0,0.0,1.0
52,46,Stage 0,Stage 0,0.0,1.0
52,47,Stage 0,Stage 0,0.0,1.0
52,48,Stage 0,Stage 0,0.0,1.0
52,49,Stage 0,Stage 0,0.0,1.0
52,50,Stage 0,Stage 0,0.0,1.0
52,51,Stage 1,Stage 1,0.0,1.0
52,52,Stage 2,Stage 2,0.0,1.0
52,53,Stage 2,Stage 2,0.0,1.0
52,54,Stage 0,Stage 0,0.0,1.0
52,55,Stage 0,Stage 0,0.0,1.0
52,56,Stage 0,Stage 0,0.0,1.0
52,57,Stage 3,Stage 3,0.0,1.0
52,58,Stage 0,Stage 0,0.0,1.0
52,59,Stage 4,Stage 4,0.9999339624760237,0.9999339624760237
52,60,Stage 1,Stage 1,0.0,1.0
52,61,Stage 3,Stage 3,0.0,1.0
52,62,Stage 0,Stage 0,0.0,1.0
52,63,Stage 2,Stage 2,0.0,1.0
52,64,Stage 0,Stage 0,0.0,1.0
52,65,Stage 0,Stage 0,0.0,1.0
52,66,Stage 2,Stage 2,0.0,1.0
52,67,Stage 0,Stage 0,0.0,1.0
52,68,Stage 0,Stage 0,0.0,1.0
52,69,Stage 0,Stage 0,0.0,1.0
52,70,Stage 1,Stage 1,0.0,1.0
52,71,Stage 4,Stage 4,0.9871804087658124,0.9871804087658124
52,72,Stage 0,Stage 0,0.0,1.0
52,73,Stage 4,Stage 4,0.9998070080552094,0.9998070080552094
52,74,Stage 1,Stage 1,0.0,1.0
52,75,Stage 0,Stage 0,0.0,1.0
52,76,Stage 0,Stage 0,0.0,1.0
52,77,Stage 1,Stage 1,0.0,1.0
52,78,Stage 2,Stage 2,0.0,1.0
52,79,Stage 4,Stage 4,0.9990286822294617,0.9990286822294617
52,80,Stage 1,Stage 1,0.0,1.0
52,81,Stage 0,Stage 0,0.0,1.0
52,82,Stage 0,Stage 0,0.0,1.0
52,83,Stage 3,Stage 3,0.0,1.0
52,84,Stage 3,Stage 3,0.0,1.0
52,85,Stage 0,Stage 0,0.0,1.0
52,86,Stage 0,Stage 0,0.0,1.0
52,87,Stage 0,Stage 0,0.0,1.0
52,88,Stage 2,Stage 2,0.0,1.0
52,89,Stage 2,Stage 2,0.0,1.0
52,90,Stage 1,Stage 1,0.0,1.0
52,91,Stage 0,Stage 0,0.0,1.0
52,92,Stage 0,Stage 0,0.0,1.0
52,93,Stage 1,Stage 1,0.0,1.0
52,94,Stage 2,Stage 2,0.0,1.0
52,95,Stage 1,Stage 1,0.0,1.0
52,96,Stage 4,Stage 4,0.9962742154207905,0.9962742154207905
52,97,Stage 0,Stage 0,0.0,1.0
52,98,Stage 2,Stage 2,0.0,1.0
52,99,Stage 4,Stage 4,0.9862904509919722,0.9862904509919722
52,100,Stage 2,Stage 2,0.0,1.0
52,101,Stage 2,Stage 2,0.0,1.0
52,102,Stage 1,Stage 1,0.0,1.0
52,103,Stage 2,Stage 2,0.03386819974327718,0.9661318002567231
52,104,Stage 0,Stage 0,0.0,1.0
52,105,Stage 1,Stage 1,0.0,1.0
52,106,Stage 0,Stage 0,0.0,1.0
52,107,Stage 4,Stage 4,0.9998070080552094,0.9998070080552094
52,108,Stage 0,Stage 0,0.0,1.0
52,109,Stage 3,Stage 3,0.0,1.0
52,110,Stage 1,Stage 1,0.0,1.0
52,111,Stage 3,Stage 3,0.0,1.0
52,112,Stage 3,Stage 3,0.0,1.0
52,113,Stage 3,Stage 3,0.0,1.0
52,114,Stage 2,Stage 2,0.0,1.0
52,115,Stage 1,Stage 1,0.0,1.0
52,116,Stage 4,Stage 4,0.9607130707622694,0.9607130707622694
52,117,Stage 4,Stage 4,0.9762595395277566,0.9762595395277566
52,118,Stage 0,Stage 0,0.0,1.0
52,119,Stage 4,Stage 4,0.9632199222745819,0.9632199222745819
52,120,Stage 0,Stage 0,0.0,1.0
52,121,Stage 0,Stage 0,0.0,1.0
52,122,Stage 3,Stage 3,0.0,1.0
52,123,Stage 3,Stage 3,0.0,1.0
52,124,Stage 2,Stage 2,0.0,1.0
52,125,Stage 2,Stage 2,0.0,1.0
52,126,Stage 4,Stage 4,0.9990286822294617,0.9990286822294617
52,127,Stage 0,Stage 0,0.0,1.0
52,128,Stage 3,Stage 3,0.0,1.0
52,129,Stage 0,Stage 0,0.0,1.0
52,130,Stage 0,Stage 0,0.0,1.0
52,131,Stage 2,Stage 2,0.03386819974327718,0.9661318002567231
52,132,Stage 0,Stage 0,0.0,1.0
52,133,Stage 1,Stage 1,0.0,1.0
52,134,Stage 3,Stage 3,0.0,1.0
52,135,Stage 3,Stage 3,0.0,1.0
52,136,Stage 0,Stage 0,0.0,1.0
52,137,Stage 4,Stage 4,0.9998070080552094,0.9998070080552094
52,138,Stage 2,Stage 2,0.0,1.0
52,139,Stage 0,Stage 0,0.0,1.0
52,140,Stage 0,Stage 0,0.0,1.0
52,141,Stage 4,Stage 4,0.9978609539488698,0.9978609539488698
52,142,Stage 3,Stage 3,0.0,1.0
52,143,Stage 0,Stage 0,0.0,1.0
52,144,Stage 0,Stage 0,0.0,1.0
52,145,Stage 0,Stage 0,0.0,1.0
52,146,Stage 0,Stage 0,0.0,1.0
52,147,Stage 0,Stage 0,0.0,1.0
52,148,Stage 1,Stage 1,0.0,1.0
52,149,Stage 1,Stage 1,0.0,1.0
52,150,Stage 4,Stage 4,0.9096056246014147,0.9096056246014147
52,151,Stage 3,Stage 3,0.0,1.0
52,152,Stage 1,Stage 1,0.0,1.0
52,153,Stage 1,Stage 1,0.0,1.0
52,154,Stage 3,Stage 3,0.0,1.0
52,155,Stage 1,Stage 1,0.0,1.0
52,156,Stage 0,Stage 0,0.0,1.0
52,157,Stage 0,Stage 0,0.0,1.0
52,158,Stage 3,Stage 3,0.0,1.0
52,159,Stage 3,Stage 3,0.0,1.0
52,160,Stage 0,Stage 0,0.0,1.0
52,161,Stage 0,Stage 0,0.0,1.0
52,162,Stage 3,Stage 3,0.0,1.0
52,163,Stage 1,Stage 1,0.0,1.0
52,164,Stage 0,Stage 0,0.0,1.0
52,165,Stage 2,Stage 2,0.0,1.0
52,166,Stage 3,Stage 3,0.0,1.0
52,167,Stage 3,Stage 3,0.0,1.0
52,168,Stage 4,Stage 4,0.9948880576984798,0.9948880576984798
52,169,Stage 0,Stage 0,0.0,1.0
52,170,Stage 1,Stage 1,0.0,1.0
52,171,Stage 3,Stage 3,0.0,1.0
52,172,Stage 0,Stage 0,0.0,1.0
52,173,Stage 3,Stage 3,0.0,1.0
52,174,Stage 0,Stage 0,0.0,1.0
52,175,Stage 1,Stage 1,0.0,1.0
52,176,Stage 1,Stage 1,0.0,1.0
52,177,Stage 0,Stage 0,0.0,1.0
52,178,Stage 4,Stage 4,0.9877252138926669,0.9877252138926669
52,179,Stage 4,Stage 4,0.9862904509919722,0.9862904509919722
52,180,Stage 0,Stage 0,0.0,1.0
52,181,Stage 4,Stage 4,0.9958251419178974,0.9958251419178974
52,182,Stage 1,Stage 1,0.0,1.0
52,183,Stage 3,Stage 3,0.0,1.0
52,184,Stage 4,Stage 4,0.9921742807805474,0.9921742807805474
52,185,Stage 0,Stage 0,0.0,1.0
52,186,Stage 1,Stage 1,0.0,1.0
52,187,Stage 0,Stage 0,0.0,1.0
52,188,Stage 2,Stage 2,0.0,1.0
52,189,Stage 0,Stage 0,0.0,1.0
52,190,Stage 2,Stage 2,0.0,1.0
52,191,Stage 2,Stage 2,0.0,1.0
52,192,Stage 4,Stage 4,0.989424647390052,0.989424647390052
52,193,Stage 1,Stage 1,0.0,1.0
52,194,Stage 0,Stage 0,0.0,1.0
52,195,Stage 0,Stage 0,0.0,1.0
52,196,Stage 0,Stage 0,0.0,1.0
52,197,Stage 0,Stage 0,0.0,1.0
52,198,Stage 3,Stage 3,0.0,1.0
52,199,Stage 0,Stage 0,0.0,1.0
52,200,Stage 0,Stage 0,0.0,1.0
52,201,Stage 2,Stage 2,0.0,1.0
52,202,Stage 2,Stage 2,0.0,1.0
52,203,Stage 0,Stage 0,0.0,1.0
52,204,Stage 0,Stage 0,0.0,1.0
52,205,Stage 0,Stage 0,0.0,1.0
52,206,Stage 0,Stage 0,0.0,1.0
52,207,Stage 0,Stage 0,0.0,1.0
52,208,Stage 3,Stage 3,0.0,1.0
52,209,Stage 1,Stage 1,0.0,1.0
52,210,Stage 0,Stage 0,0.0,1.0
52,211,Stage 3,Stage 3,0.0,1.0
52,212,Stage 3,Stage 3,0.0,1.0
52,213,Stage 4,Stage 4,0.9877252138926669,0.9877252138926669
52,214,Stage 4,Stage 4,0.9989387997231959,0.9989387997231959
52,215,Stage 4,Stage 4,0.9878025947614272,0.9878025947614272
52,216,Stage 0,Stage 0,0.0,1.0
52,217,Stage 4,Stage 4,0.9948880576984798,0.9948880576984798
52,218,Stage 0,Stage 0,0.0,1.0
52,219,Stage 2,Stage 2,0.0,1.0
52,220,Stage 2,Stage 2,0.0,1.0
52,221,Stage 1,Stage 1,0.0,1.0
52,222,Stage 2,Stage 2,0.0,1.0
52,223,Stage 1,Stage 1,0.0,1.0
52,224,Stage 1,Stage 1,0.0,1.0
52,225,Stage 0,Stage 0,0.0,1.0
52,226,Stage 2,Stage 2,0.0,1.0
52,227,Stage 0,Stage 0,0.0,1.0
52,228,Stage 2,Stage 2,0.0,1.0
52,229,Stage 0,Stage 0,0.0,1.0
52,230,Stage 2,Stage 2,0.0,1.0
52,231,Stage 4,Stage 4,0.8445403232878554,0.8445403232878554
52,232,Stage 0,Stage 0,0.0,1.0
52,233,Stage 3,Stage 3,0.0,1.0
52,234,Stage 0,Stage 0,0.0,1.0
52,235,Stage 4,Stage 4,0.9096056246014147,0.9096056246014147
52,236,Stage 3,Stage 3,0.0,1.0
52,237,Stage 0,Stage 0,0.0,1.0
52,238,Stage 2,Stage 2,0.0,1.0
52,239,Stage 4,Stage 4,0.9948880576984798,0.9948880576984798
52,240,Stage 4,Stage 4,0.9632199222745819,0.9632199222745819
52,241,Stage 3,Stage 3,0.0,1.0
52,242,Stage 3,Stage 3,0.0,1.0
52,243,Stage 3,Stage 3,0.0,1.0
52,244,Stage 2,Stage 2,0.0,1.0
52,245,Stage 1,Stage 1,0.0,1.0
52,246,Stage 4,Stage 4,0.9875090064376034,0.9875090064376034
52,247,Stage 1,Stage 1,0.0,1.0
52,248,Stage 0,Stage 0,0.0,1.0
52,249,Stage 0,Stage 0,0.0,1.0
52,250,Stage 0,Stage 0,0.0,1.0
52,251,Stage 1,Stage 1,0.0,1.0
52,252,Stage 1,Stage 1,0.0,1.0
52,253,Stage 4,Stage 4,0.9989387997231959,0.9989387997231959
52,254,Stage 0,Stage 0,0.0,1.0
52,255,Stage 4,Stage 4,0.9020143020204584,0.9020143020204584
52,256,Stage 3,Stage 3,0.0,1.0
52,257,Stage 0,Stage 0,0.0,1.0
52,258,Stage 4,Stage 4,0.939201641444181,0.939201641444181
52,259,Stage 0,Stage 0,0.0,1.0
52,260,Stage 0,Stage 0,0.0,1.0
52,261,Stage 0,Stage 0,0.0,1.0
52,262,Stage 0,Stage 0,0.0,1.0
52,263,Stage 0,Stage 0,0.0,1.0
52,264,Stage 4,Stage 4,0.9145746078965359,0.9145746078965359
52,265,Stage 1,Stage 1,0.0,1.0
52,266,Stage 0,Stage 0,0.0,1.0
52,267,Stage 0,Stage 0,0.0,1.0
52,268,Stage 1,Stage 1,0.0,1.0
52,269,Stage 2,Stage 2,0.0,1.0
52,270,Stage 1,Stage 1,0.0,1.0
52,271,Stage 0,Stage 0,0.0,1.0
52,272,Stage 0,Stage 0,0.0,1.0
52,273,Stage 0,Stage 0,0.0,1.0
52,274,Stage 0,Stage 0,0.0,1.0
52,275,Stage 4,Stage 4,0.9962742154207905,0.9962742154207905
52,276,Stage 1,Stage 1,0.0,1.0
52,277,Stage 2,Stage 2,0.0,1.0
52,278,Stage 0,Stage 0,0.0,1.0
52,279,Stage 3,Stage 3,0.0,1.0
52,280,Stage 2,Stage 2,0.0,1.0
52,281,Stage 3,Stage 3,0.0,1.0
52,282,Stage 1,Stage 1,0.0,1.0
52,283,Stage 0,Stage 0,0.0,1.0
52,284,Stage 0,Stage 0,0.0,1.0
52,285,Stage 4,Stage 4,0.9985007302536165,0.9985007302536165
52,286,Stage 4,Stage 4,0.84461479593568,0.84461479593568
52,287,Stage 2,Stage 2,0.0,1.0
52,288,Stage 0,Stage 0,0.0,1.0
52,289,Stage 1,Stage 1,0.0,1.0
52,290,Stage 4,Stage 4,0.9325569778076929,0.9325569778076929
52,291,Stage 3,Stage 3,0.0,1.0
52,292,Stage 4,Stage 4,0.9985007302536165,0.9985007302536165
52,293,Stage 0,Stage 0,0.0,1.0
52,294,Stage 4,Stage 4,0.9985007302536165,0.9985007302536165
52,295,Stage 3,Stage 3,0.0,1.0
52,296,Stage 4,Stage 4,0.9082393611300394,0.9082393611300394
52,297,Stage 0,Stage 0,0.0,1.0
52,298,Stage 4,Stage 4,0.9962742154207905,0.9962742154207905
52,299,Stage 3,Stage 3,0.0,1.0
52,300,Stage 0,Stage 0,0.0,1.0
52,301,Stage 2,Stage 2,0.0,1.0
52,302,Stage 0,Stage 0,0.0,1.0
52,303,Stage 2,Stage 2,0.0,1.0
52,304,Stage 0,Stage 0,0.0,1.0
52,305,Stage 1,Stage 1,0.0,1.0
52,306,Stage 2,Stage 4,0.9195663214490736,0.9195663214490736
52,307,Stage 2,Stage 2,0.0,1.0
52,308,Stage 2,Stage 2,0.0,1.0
52,309,Stage 0,Stage 0,0.0,1.0
52,310,Stage 0,Stage 0,0.0,1.0
52,311,Stage 3,Stage 3,0.0,1.0
52,312,Stage 3,Stage 3,0.0,1.0
52,313,Stage 2,Stage 2,0.0,1.0
52,314,Stage 0,Stage 0,0.0,1.0
52,315,Stage 0,Stage 0,0.0,1.0
52,316,Stage 0,Stage 0,0.0,1.0
52,317,Stage 0,Stage 0,0.0,1.0
52,318,Stage 4,Stage 4,0.9548086382382833,0.9548086382382833
52,319,Stage 2,Stage 2,0.0,1.0
52,320,Stage 2,Stage 2,0.0,1.0
52,321,Stage 3,Stage 3,0.0,1.0
52,322,Stage 2,Stage 4,0.9849264415716236,0.9849264415716236
52,323,Stage 1,Stage 1,0.0,1.0
52,324,Stage 3,Stage 3,0.0,1.0
52,325,Stage 2,Stage 4,0.9892365200064338,0.9892365200064338
52,326,Stage 0,Stage 0,0.0,1.0
52,327,Stage 0,Stage 0,0.0,1.0
52,328,Stage 1,Stage 1,0.0,1.0
52,329,Stage 3,Stage 3,0.0,1.0
52,330,Stage 1,Stage 1,0.0,1.0
52,331,Stage 3,Stage 3,0.0,1.0
52,332,Stage 2,Stage 2,0.0,1.0
52,333,Stage 3,Stage 3,0.0,1.0
52,334,Stage 2,Stage 2,0.0,1.0
52,335,Stage 0,Stage 0,0.0,1.0
52,336,Stage 0,Stage 0,0.0,1.0
52,337,Stage 1,Stage 1,0.0,1.0
52,338,Stage 2,Stage 2,0.0,1.0
52,339,Stage 2,Stage 2,0.0,1.0
52,340,Stage 0,Stage 0,0.0,1.0
52,341,Stage 0,Stage 0,0.0,1.0
52,342,Stage 3,Stage 3,0.0,1.0
52,343,Stage 2,Stage 4,0.84461479593568,0.84461479593568
52,344,Stage 0,Stage 0,0.0,1.0
52,345,Stage 1,Stage 1,0.0,1.0
52,346,Stage 0,Stage 0,0.0,1.0
52,347,Stage 3,Stage 3,0.0,1.0
52,348,Stage 0,Stage 0,0.0,1.0
52,349,Stage 2,Stage 4,0.7823568853584157,0.7823568853584157
52,350,Stage 0,Stage 0,0.0,1.0
52,351,Stage 1,Stage 1,0.0,1.0
52,352,Stage 0,Stage 0,0.0,1.0
52,353,Stage 2,Stage 2,0.06432153054421509,0.9356784694557848
52,354,Stage 2,Stage 2,0.0,1.0
52,355,Stage 3,Stage 3,0.0,1.0
52,356,Stage 2,Stage 4,0.8244978866807811,0.8244978866807811
52,357,Stage 0,Stage 0,0.0,1.0
53,1,Stage 0,Stage 0,0.0,1.0
53,2,Stage 1,Stage 1,0.0,1.0
53,3,Stage 0,Stage 0,0.0,1.0
53,4,Stage 0,Stage 0,0.0,1.0
53,5,Stage 1,Stage 1,0.0,1.0
53,6,Stage 2,Stage 2,0.0,1.0
53,7,Stage 0,Stage 0,0.0,1.0
53,8,Stage 4,Stage 4,0.9990286822294617,0.9990286822294617
53,9,Stage 0,Stage 0,0.0,1.0
53,10,Stage 3,Stage 3,0.0,1.0
53,11,Stage 4,Stage 4,0.9998070080552094,0.9998070080552094
53,12,Stage 2,Stage 2,0.0,1.0
53,13,Stage 2,Stage 2,0.0,1.0
53,14,Stage 4,Stage 4,0.9972944955832509,0.9972944955832509
53,15,Stage 1,Stage 1,0.0,1.0
53,16,Stage 2,Stage 2,0.0,1.0
53,17,Stage 4,Stage 4,0.9834979793636001,0.9834979793636001
53,18,Stage 4,Stage 4,0.9998070080552094,0.9998070080552094
53,19,Stage 0,Stage 0,0.0,1.0
53,20,Stage 0,Stage 0,0.0,1.0
53,21,Stage 4,Stage 4,0.9824666731868933,0.9824666731868933
53,22,Stage 3,Stage 3,0.0,1.0
53,23,Stage 0,Stage 0,0.0,1.0
53,24,Stage 3,Stage 3,0.0,1.0
53,25,Stage 1,Stage 1,0.0,1.0
53,26,Stage 0,Stage 0,0.0,1.0
53,27,Stage 0,Stage 0,0.0,1.0
53,28,Stage 0,Stage 0,0.0,1.0
53,29,Stage 4,Stage 4,0.9990286822294617,0.9990286822294617
53,30,Stage 0,Stage 0,0.0,1.0
53,31,Stage 2,Stage 2,0.0,1.0
53,32,Stage 4,Stage 4,0.9990286822294617,0.9990286822294617
53,33,Stage 0,Stage 0,0.0,1.0
53,34,Stage 0,Stage 0,0.0,1.0
53,35,Stage 1,Stage 1,0.0,1.0
53,36,Stage 0,Stage 0,0.0,1.0
53,37,Stage 3,Stage 3,0.0,1.0
53,38,Stage 3,Stage 3,0.0,1.0
53,39,Stage 4,Stage 4,0.9972944955832509,0.9972944955832509
53,40,Stage 0,Stage 0,0.0,1.0
53,41,Stage 1,Stage 1,0.0,1.0
53,42,Stage 1,Stage 1,0.0,1.0
53,43,Stage 0,Stage 0,0.0,1.0
53,44,Stage 1,Stage 1,0.0,1.0
53,45,Stage 0,Stage 0,0.0,1.0
53,46,Stage 2,Stage 2,0.0,1.0
53,47,Stage 0,Stage 0,0.0,1.0
53,48,Stage 0,Stage 0,0.0,1.0
53,49,Stage 0,Stage 0,0.0,1.0
53,50,Stage 3,Stage 3,0.0,1.0
53,51,Stage 1,Stage 1,0.0,1.0
53,52,Stage 4,Stage 4,0.9975878016129752,0.9975878016129752
53,53,Stage 0,Stage 0,0.0,1.0
53,54,Stage 2,Stage 2,0.0,1.0
53,55,Stage 4,Stage 4,0.9998070080552094,0.9998070080552094
53,56,Stage 3,Stage 3,0.0,1.0
53,57,Stage 0,Stage 0,0.0,1.0
53,58,Stage 0,Stage 0,0.0,1.0
53,59,Stage 1,Stage 1,0.0,1.0
53,60,Stage 2,Stage 2,0.0,1.0
53,61,Stage 2,Stage 2,0.0,1.0
53,62,Stage 0,Stage 0,0.0,1.0
53,63,Stage 0,Stage 0,0.0,1.0
53,64,Stage 0,Stage 0,0.0,1.0
53,65,Stage 4,Stage 4,0.9978609539488698,0.9978609539488698
53,66,Stage 4,Stage 4,0.9862904509919722,0.9862904509919722
53,67,Stage 2,Stage 2,0.0,1.0
53,68,Stage 2,Stage 2,0.0,1.0
53,69,Stage 0,Stage 0,0.0,1.0
53,70,Stage 0,Stage 0,0.0,1.0
53,71,Stage 0,Stage 0,0.0,1.0
53,72,Stage 0,Stage 0,0.0,1.0
53,73,Stage 4,Stage 4,0.9999445689853212,0.9999445689853212
53,74,Stage 0,Stage 0,0.0,1.0
53,75,Stage 2,Stage 2,0.0,1.0
53,76,Stage 0,Stage 0,0.0,1.0
53,77,Stage 0,Stage 0,0.0,1.0
53,78,Stage 2,Stage 2,0.0,1.0
53,79,Stage 3,Stage 3,0.0,1.0
53,80,Stage 2,Stage 2,0.0,1.0
53,81,Stage 3,Stage 3,0.0,1.0
53,82,Stage 4,Stage 4,0.9998953569368154,0.9998953569368154
53,83,Stage 3,Stage 3,0.0,1.0
53,84,Stage 2,Stage 2,0.0,1.0
53,85,Stage 4,Stage 4,0.9978609539488698,0.9978609539488698
53,86,Stage 0,Stage 0,0.0,1.0
53,87,Stage 0,Stage 0,0.0,1.0
53,88,Stage 2,Stage 2,0.0,1.0
53,89,Stage 4,Stage 4,0.9998953569368154,0.9998953569368154
53,90,Stage 3,Stage 3,0.0,1.0
53,91,Stage 4,Stage 4,0.9999339624760237,0.9999339624760237
53,92,Stage 0,Stage 0,0.0,1.0
53,93,Stage 1,Stage 1,0.0,1.0
53,94,Stage 0,Stage 0,0.0,1.0
53,95,Stage 2,Stage 2,0.0,1.0
53,96,Stage 1,Stage 1,0.0,1.0
53,97,Stage 3,Stage 3,0.0,1.0
53,98,Stage 1,Stage 1,0.0,1.0
53,99,Stage 0,Stage 0,0.0,1.0
53,100,Stage 2,Stage 2,0.0,1.0
53,101,Stage 1,Stage 1,0.0,1.0
53,102,Stage 2,Stage 2,0.0,1.0
53,103,Stage 0,Stage 0,0.0,1.0
53,104,Stage 3,Stage 3,0.0,1.0
53,105,Stage 0,Stage 0,0.0,1.0
53,106,Stage 0,Stage 0,0.0,1.0
53,107,Stage 0,Stage 0,0.0,1.0
53,108,Stage 4,Stage 4,0.9998070080552094,0.9998070080552094
53,109,Stage 0,Stage 0,0.0,1.0
53,110,Stage 0,Stage 0,0.0,1.0
53,111,Stage 0,Stage 0,0.0,1.0
53,112,Stage 0,Stage 0,0.0,1.0
53,113,Stage 3,Stage 3,0.0,1.0
53,114,Stage 0,Stage 0,0.0,1.0
53,115,Stage 1,Stage 1,0.0,1.0
53,116,Stage 3,Stage 3,0.0,1.0
53,117,Stage 2,Stage 2,0.0,1.0
53,118,Stage 4,Stage 4,0.9978609539488698,0.9978609539488698
53,119,Stage 0,Stage 0,0.0,1.0
53,120,Stage 0,Stage 0,0.0,1.0
53,121,Stage 1,Stage 1,0.0,1.0
53,122,Stage 3,Stage 3,0.0,1.0
53,123,Stage 2,Stage 2,0.0,1.0
53,124,Stage 0,Stage 0,0.0,1.0
53,125,Stage 2,Stage 2,0.0,1.0
53,126,Stage 0,Stage 0,0.0,1.0
53,127,Stage 0,Stage 0,0.0,1.0
53,128,Stage 0,Stage 0,0.0,1.0
53,129,Stage 0,Stage 0,0.0,1.0
53,130,Stage 1,Stage 1,0.0,1.0
53,131,Stage 0,Stage 0,0.0,1.0
53,132,Stage 0,Stage 0,0.0,1.0
53,133,Stage 2,Stage 2,0.0,1.0
53,134,Stage 2,Stage 2,0.0,1.0
53,135,Stage 3,Stage 3,0.0,1.0
53,136,Stage 3,Stage 3,0.0,1.0
53,137,Stage 0,Stage 0,0.0,1.0
53,138,Stage 0,Stage 0,0.0,1.0
53,139,Stage 0,Stage 0,0.0,1.0
53,140,Stage 0,Stage 0,0.0,1.0
53,141,Stage 3,Stage 3,0.0,1.0
53,142,Stage 3,Stage 3,0.0,1.0
53,143,Stage 3,Stage 3,0.0,1.0
53,144,Stage 1,Stage 1,0.0,1.0
53,145,Stage 2,Stage 2,0.0,1.0
53,146,Stage 0,Stage 0,0.0,1.0
53,147,Stage 0,Stage 0,0.0,1.0
53,148,Stage 0,Stage 0,0.0,1.0
53,149,Stage 1,Stage 1,0.0,1.0
53,150,Stage 0,Stage 0,0.0,1.0
53,151,Stage 1,Stage 1,0.0,1.0
53,152,Stage 4,Stage 4,0.9998070080552094,0.9998070080552094
53,153,Stage 2,Stage 2,0.0,1.0
53,154,Stage 2,Stage 2,0.0,1.0
53,155,Stage 0,Stage 0,0.0,1.0
53,156,Stage 2,Stage 2,0.0,1.0
53,157,Stage 0,Stage 0,0.0,1.0
53,158,Stage 0,Stage 0,0.0,1.0
53,159,Stage 4,Stage 4,0.9998070080552094,0.9998070080552094
53,160,Stage 3,Stage 3,0.0,1.0
53,161,Stage 1,Stage 1,0.0,1.0
53,162,Stage 4,Stage 4,0.9286613700329731,0.9286613700329731
53,163,Stage 0,Stage 0,0.0,1.0
53,164,Stage 0,Stage 0,0.0,1.0
53,165,Stage 0,Stage 0,0.0,1.0
53,166,Stage 0,Stage 0,0.0,1.0
53,167,Stage 2,Stage 2,0.0,1.0
53,168,Stage 0,Stage 0,0.0,1.0
53,169,Stage 4,Stage 4,0.9998953569368154,0.9998953569368154
53,170,Stage 3,Stage 3,0.0,1.0
53,171,Stage 1,Stage 1,0.0,1.0
53,172,Stage 0,Stage 0,0.0,1.0
53,173,Stage 4,Stage 4,0.9875090064376034,0.9875090064376034
53,174,Stage 0,Stage 0,0.0,1.0
53,175,Stage 4,Stage 4,0.8642681022944091,0.8642681022944091
53,176,Stage 0,Stage 0,0.0,1.0
53,177,Stage 2,Stage 2,0.0,1.0
53,178,Stage 1,Stage 1,0.0,1.0
53,179,Stage 4,Stage 4,0.9989387997231959,0.9989387997231959
53,180,Stage 0,Stage 0,0.0,1.0
53,181,Stage 4,Stage 4,0.9998070080552094,0.9998070080552094
53,182,Stage 1,Stage 1,0.0,1.0
53,183,Stage 0,Stage 0,0.0,1.0
53,184,Stage 0,Stage 0,0.0,1.0
53,185,Stage 1,Stage 1,0.0,1.0
53,186,Stage 0,Stage 0,0.0,1.0
53,187,Stage 0,Stage 0,0.0,1.0
53,188,Stage 3,Stage 3,0.0,1.0
53,189,Stage 2,Stage 2,0.03386819974327718,0.9661318002567231
53,190,Stage 0,Stage 0,0.0,1.0
53,191,Stage 4,Stage 4,0.9998070080552094,0.9998070080552094
53,192,Stage 3,Stage 3,0.0,1.0
53,193,Stage 4,Stage 4,0.9797670875759311,0.9797670875759311
53,194,Stage 1,Stage 1,0.0,1.0
53,195,Stage 3,Stage 3,0.0,1.0
53,196,Stage 2,Stage 2,0.0,1.0
53,197,Stage 2,Stage 2,0.0,1.0
53,198,Stage 0,Stage 0,0.0,1.0
53,199,Stage 1,Stage 1,0.0,1.0
53,200,Stage 0,Stage 0,0.0,1.0
53,201,Stage 3,Stage 3,0.0,1.0
53,202,Stage 0,Stage 0,0.0,1.0
53,203,Stage 2,Stage 2,0.0,1.0
53,204,Stage 3,Stage 3,0.0,1.0
53,205,Stage 4,Stage 4,0.9989387997231959,0.9989387997231959
53,206,Stage 0,Stage 0,0.0,1.0
53,207,Stage 0,Stage 0,0.0,1.0
53,208,Stage 0,Stage 0,0.0,1.0
53,209,Stage 3,Stage 3,0.0,1.0
53,210,Stage 0,Stage 0,0.0,1.0
53,211,Stage 4,Stage 4,0.9990286822294617,0.9990286822294617
53,212,Stage 1,Stage 1,0.0,1.0
53,213,Stage 0,Stage 0,0.0,1.0
53,214,Stage 0,Stage 0,0.0,1.0
53,215,Stage 0,Stage 0,0.0,1.0
53,216,Stage 1,Stage 1,0.0,1.0
53,217,Stage 4,Stage 4,0.9972944955832509,0.9972944955832509
53,218,Stage 1,Stage 1,0.0,1.0
53,219,Stage 0,Stage 0,0.0,1.0
53,220,Stage 1,Stage 1,0.0,1.0
53,221,Stage 1,Stage 1,0.0,1.0
53,222,Stage 4,Stage 4,0.9799742704386957,0.9799742704386957
53,223,Stage 2,Stage 2,0.0,1.0
53,224,Stage 0,Stage 0,0.0,1.0
53,225,Stage 3,Stage 3,0.0,1.0
53,226,Stage 0,Stage 0,0.0,1.0
53,227,Stage 0,Stage 0,0.0,1.0
53,228,Stage 0,Stage 0,0.0,1.0
53,229,Stage 0,Stage 0,0.0,1.0
53,230,Stage 4,Stage 4,0.9989387997231959,0.9989387997231959
53,231,Stage 0,Stage 0,0.0,1.0
53,232,Stage 0,Stage 0,0.0,1.0
53,233,Stage 2,Stage 2,0.0,1.0
53,234,Stage 1,Stage 1,0.0,1.0
53,235,Stage 4,Stage 4,0.8434394632730455,0.8434394632730455
53,236,Stage 0,Stage 0,0.0,1.0
53,237,Stage 1,Stage 1,0.0,1.0
53,238,Stage 0,Stage 0,0.0,1.0
53,239,Stage 2,Stage 2,0.0,1.0
53,240,Stage 0,Stage 0,0.0,1.0
53,241,Stage 4,Stage 4,0.9978609539488698,0.9978609539488698
53,242,Stage 0,Stage 0,0.0,1.0
53,243,Stage 4,Stage 4,0.9998953569368154,0.9998953569368154
53,244,Stage 0,Stage 0,0.0,1.0
53,245,Stage 4,Stage 4,0.9975878016129752,0.9975878016129752
53,246,Stage 4,Stage 4,0.9626540162772553,0.9626540162772553
53,247,Stage 0,Stage 0,0.0,1.0
53,248,Stage 3,Stage 3,0.0,1.0
53,249,Stage 0,Stage 0,0.0,1.0
53,250,Stage 0,Stage 0,0.0,1.0
53,251,Stage 1,Stage 1,0.0,1.0
53,252,Stage 2,Stage 2,0.0,1.0
53,253,Stage 3,Stage 3,0.0,1.0
53,254,Stage 3,Stage 3,0.0,1.0
53,255,Stage 0,Stage 0,0.0,1.0
53,256,Stage 0,Stage 0,0.0,1.0
53,257,Stage 0,Stage 0,0.0,1.0
53,258,Stage 2,Stage 2,0.0,1.0
53,259,Stage 3,Stage 3,0.0,1.0
53,260,Stage 3,Stage 3,0.0,1.0
53,261,Stage 1,Stage 1,0.0,1.0
53,262,Stage 2,Stage 2,0.0,1.0
53,263,Stage 3,Stage 3,0.0,1.0
53,264,Stage 2,Stage 2,0.0,1.0
53,265,Stage 4,Stage 4,0.9876932881715945,0.9876932881715945
53,266,Stage 0,Stage 0,0.0,1.0
53,267,Stage 0,Stage 0,0.0,1.0
53,268,Stage 1,Stage 1,0.0,1.0
53,269,Stage 4,Stage 4,0.9626540162772553,0.9626540162772553
53,270,Stage 0,Stage 0,0.0,1.0
53,271,Stage 3,Stage 3,0.0,1.0
53,272,Stage 1,Stage 1,0.0,1.0
53,273,Stage 0,Stage 0,0.0,1.0
53,274,Stage 3,Stage 3,0.0,1.0
53,275,Stage 2,Stage 2,0.0,1.0
53,276,Stage 1,Stage 1,0.0,1.0
53,277,Stage 0,Stage 0,0.0,1.0
53,278,Stage 2,Stage 2,0.0,1.0
53,279,Stage 3,Stage 3,0.0,1.0
53,280,Stage 0,Stage 0,0.0,1.0
53,281,Stage 2,Stage 4,0.9989387997231959,0.9989387997231959
53,282,Stage 4,Stage 4,0.9975878016129752,0.9975878016129752
53,283,Stage 2,Stage 2,0.0,1.0
53,284,Stage 0,Stage 0,0.0,1.0
53,285,Stage 4,Stage 4,0.8148279518158453,0.8148279518158453
53,286,Stage 0,Stage 0,0.0,1.0
53,287,Stage 3,Stage 3,0.0,1.0
53,288,Stage 3,Stage 3,0.0,1.0
53,289,Stage 0,Stage 0,0.0,1.0
53,290,Stage 0,Stage 0,0.0,1.0
53,291,Stage 2,Stage 2,0.0,1.0
53,292,Stage 0,Stage 0,0.0,1.0
53,293,Stage 0,Stage 0,0.0,1.0
53,294,Stage 3,Stage 3,0.0,1.0
53,295,Stage 0,Stage 0,0.0,1.0
53,296,Stage 2,Stage 2,0.0,1.0
53,297,Stage 1,Stage 1,0.0,1.0
53,298,Stage 0,Stage 0,0.0,1.0
53,299,Stage 1,Stage 1,0.0,1.0
53,300,Stage 0,Stage 0,0.0,1.0
53,301,Stage 2,Stage 2,0.0,1.0
53,302,Stage 0,Stage 0,0.0,1.0
53,303,Stage 3,Stage 3,0.0,1.0
53,304,Stage 0,Stage 0,0.0,1.0
57,1,Stage 4,Stage 2,0.32494783241899444,0.6750521675810051
57,2,Stage 0,Stage 0,0.0,1.0
57,3,Stage 4,Stage 4,0.8947854332115529,0.8947854332115529
57,4,Stage 2,Stage 4,0.9020143020204584,0.9020143020204584
57,5,Stage 0,Stage 0,0.0,1.0
57,6,Stage 0,Stage 0,0.0,1.0
57,7,Stage 0,Stage 0,0.0,1.0
57,8,Stage 3,Stage 3,0.0,1.0
57,9,Stage 1,Stage 1,0.0,1.0
57,10,Stage 4,Stage 4,0.9632199222745819,0.9632199222745819
57,11,Stage 1,Stage 1,0.0,1.0
57,12,Stage 0,Stage 0,0.0,1.0
57,13,Stage 4,Stage 2,0.4236998747087108,0.5763001252912892
57,14,Stage 0,Stage 0,0.0,1.0
57,15,Stage 0,Stage 0,0.0,1.0
57,16,Stage 0,Stage 0,0.0,1.0
57,17,Stage 4,Stage 4,0.9286613700329731,0.9286613700329731
57,18,Stage 0,Stage 0,0.0,1.0
57,19,Stage 3,Stage 3,0.0,1.0
57,20,Stage 0,Stage 0,0.0,1.0
57,21,Stage 0,Stage 0,0.0,1.0
57,22,Stage 0,Stage 0,0.0,1.0
57,23,Stage 0,Stage 0,0.0,1.0
57,24,Stage 2,Stage 2,0.0,1.0
57,25,Stage 4,Stage 4,0.9488239418133202,0.9488239418133202
57,26,Stage 0,Stage 0,0.0,1.0
57,27,Stage 0,Stage 0,0.0,1.0
57,28,Stage 4,Stage 2,0.22681674064584678,0.7731832593541533
57,29,Stage 0,Stage 0,0.0,1.0
57,30,Stage 0,Stage 0,0.0,1.0
57,31,Stage 1,Stage 1,0.0,1.0
57,32,Stage 1,Stage 1,0.0,1.0
57,33,Stage 4,Stage 4,0.9082393611300394,0.9082393611300394
57,34,Stage 0,Stage 0,0.0,1.0
57,35,Stage 0,Stage 0,0.0,1.0
57,36,Stage 4,Stage 4,0.9877252138926669,0.9877252138926669
57,37,Stage 2,Stage 2,0.0,1.0
57,38,Stage 2,Stage 2,0.0,1.0
57,39,Stage 1,Stage 1,0.0,1.0
57,40,Stage 3,Stage 3,0.0,1.0
57,41,Stage 1,Stage 1,0.0,1.0
57,42,Stage 2,Stage 2,0.0,1.0
57,43,Stage 2,Stage 2,0.0,1.0
57,44,Stage 2,Stage 2,0.0,1.0
57,45,Stage 2,Stage 2,0.0,1.0
57,46,Stage 0,Stage 0,0.0,1.0
57,47,Stage 0,Stage 0,0.0,1.0
57,48,Stage 1,Stage 1,0.0,1.0
57,49,Stage 4,Stage 4,0.6538385295226224,0.6538385295226224
57,50,Stage 1,Stage 1,0.0,1.0
57,51,Stage 4,Stage 2,0.41324540336068666,0.5867545966393132
57,52,Stage 3,Stage 3,0.0,1.0
57,53,Stage 0,Stage 0,0.0,1.0
57,54,Stage 3,Stage 3,0.0,1.0
57,55,Stage 2,Stage 2,0.4236998747087108,0.5763001252912892
57,56,Stage 0,Stage 0,0.0,1.0
57,57,Stage 3,Stage 3,0.0,1.0
57,58,Stage 0,Stage 0,0.0,1.0
57,59,Stage 0,Stage 0,0.0,1.0
57,60,Stage 0,Stage 0,0.0,1.0
57,61,Stage 2,Stage 2,0.0,1.0
57,62,Stage 4,Stage 4,0.609709727757213,0.609709727757213
57,63,Stage 3,Stage 3,0.0,1.0
57,64,Stage 0,Stage 0,0.0,1.0
57,65,Stage 3,Stage 3,0.0,1.0
57,66,Stage 3,Stage 3,0.0,1.0
57,67,Stage 0,Stage 0,0.0,1.0
57,68,Stage 4,Stage 4,0.9414125247548252,0.9414125247548252
57,69,Stage 4,Stage 4,0.8893426483343351,0.8893426483343351
57,70,Stage 1,Stage 1,0.0,1.0
57,71,Stage 0,Stage 0,0.0,1.0
57,72,Stage 4,Stage 4,0.6446689690177482,0.6446689690177482
57,73,Stage 2,Stage 2,0.0,1.0
57,74,Stage 1,Stage 1,0.0,1.0
57,75,Stage 3,Stage 3,0.0,1.0
57,76,Stage 1,Stage 1,0.0,1.0
57,77,Stage 4,Stage 4,0.9442582004783833,0.9442582004783833
57,78,Stage 3,Stage 3,0.0,1.0
57,79,Stage 0,Stage 0,0.0,1.0
57,80,Stage 2,Stage 2,0.0,1.0
57,81,Stage 2,Stage 4,0.8944410255352568,0.8944410255352568
57,82,Stage 3,Stage 3,0.0,1.0
57,83,Stage 2,Stage 2,0.0,1.0
57,84,Stage 4,Stage 4,0.8244978866807811,0.8244978866807811
57,85,Stage 2,Stage 2,0.0,1.0
57,86,Stage 1,Stage 1,0.0,1.0
57,87,Stage 0,Stage 0,0.0,1.0
57,88,Stage 2,Stage 2,0.0,1.0
57,89,Stage 0,Stage 0,0.0,1.0
57,90,Stage 1,Stage 1,0.0,1.0
57,91,Stage 0,Stage 0,0.0,1.0
57,92,Stage 3,Stage 3,0.0,1.0
57,93,Stage 3,Stage 3,0.0,1.0
57,94,Stage 3,Stage 3,0.0,1.0
57,95,Stage 0,Stage 0,0.0,1.0
57,96,Stage 0,Stage 0,0.0,1.0
57,97,Stage 4,Stage 4,0.9286613700329731,0.9286613700329731
57,98,Stage 2,Stage 2,0.0,1.0
57,99,Stage 1,Stage 1,0.0,1.0
57,100,Stage 1,Stage 1,0.0,1.0
57,101,Stage 4,Stage 2,0.41324540336068666,0.5867545966393132
57,102,Stage 2,Stage 4,0.6446689690177482,0.6446689690177482
57,103,Stage 2,Stage 2,0.0,1.0
57,104,Stage 0,Stage 0,0.0,1.0
57,105,Stage 0,Stage 0,0.0,1.0
57,106,Stage 0,Stage 0,0.0,1.0
57,107,Stage 0,Stage 0,0.0,1.0
57,108,Stage 0,Stage 0,0.0,1.0
57,109,Stage 0,Stage 0,0.0,1.0
57,110,Stage 0,Stage 0,0.0,1.0
57,111,Stage 0,Stage 0,0.0,1.0
57,112,Stage 2,Stage 2,0.0,1.0
57,113,Stage 0,Stage 0,0.0,1.0
57,114,Stage 0,Stage 0,0.0,1.0
57,115,Stage 0,Stage 0,0.0,1.0
57,116,Stage 2,Stage 2,0.0,1.0
57,117,Stage 0,Stage 0,0.0,1.0
57,118,Stage 3,Stage 3,0.0,1.0
57,119,Stage 0,Stage 0,0.0,1.0
57,120,Stage 1,Stage 1,0.0,1.0
57,121,Stage 3,Stage 3,0.0,1.0
57,122,Stage 2,Stage 2,0.0,1.0
57,123,Stage 0,Stage 0,0.0,1.0
57,124,Stage 1,Stage 1,0.0,1.0
57,125,Stage 0,Stage 0,0.0,1.0
57,126,Stage 0,Stage 0,0.0,1.0
57,127,Stage 1,Stage 1,0.0,1.0
57,128,Stage 0,Stage 0,0.0,1.0
57,129,Stage 0,Stage 0,0.0,1.0
57,130,Stage 2,Stage 2,0.0,1.0
57,131,Stage 0,Stage 0,0.0,1.0
57,132,Stage 4,Stage 4,0.8893426483343351,0.8893426483343351
57,133,Stage 3,Stage 3,0.0,1.0
57,134,Stage 4,Stage 4,0.9962742154207905,0.9962742154207905
57,135,Stage 3,Stage 3,0.0,1.0
57,136,Stage 0,Stage 0,0.0,1.0
57,137,Stage 1,Stage 1,0.0,1.0
57,138,Stage 3,Stage 3,0.0,1.0
57,139,Stage 0,Stage 0,0.0,1.0
57,140,Stage 0,Stage 0,0.0,1.0
57,141,Stage 1,Stage 1,0.0,1.0
57,142,Stage 2,Stage 2,0.08887978903877622,0.9111202109612239
57,143,Stage 0,Stage 0,0.0,1.0
57,144,Stage 4,Stage 2,0.3191331476456423,0.6808668523543577
57,145,Stage 3,Stage 3,0.0,1.0
57,146,Stage 1,Stage 1,0.0,1.0
57,147,Stage 0,Stage 0,0.0,1.0
57,148,Stage 3,Stage 3,0.0,1.0
57,149,Stage 0,Stage 0,0.0,1.0
57,150,Stage 0,Stage 0,0.0,1.0
57,151,Stage 2,Stage 2,0.0,1.0
57,152,Stage 0,Stage 0,0.0,1.0
57,153,Stage 2,Stage 2,0.0,1.0
57,154,Stage 0,Stage 0,0.0,1.0
57,155,Stage 3,Stage 3,0.0,1.0
57,156,Stage 1,Stage 1,0.0,1.0
57,157,Stage 2,Stage 2,0.0,1.0
57,158,Stage 3,Stage 3,0.0,1.0
57,159,Stage 0,Stage 0,0.0,1.0
57,160,Stage 2,Stage 2,0.41324540336068666,0.5867545966393132
57,161,Stage 2,Stage 2,0.0,1.0
57,162,Stage 2,Stage 2,0.0,1.0
57,163,Stage 1,Stage 1,0.0,1.0
57,164,Stage 0,Stage 0,0.0,1.0
57,165,Stage 2,Stage 4,0.6187094644931457,0.6187094644931457
57,166,Stage 0,Stage 0,0.0,1.0
57,167,Stage 1,Stage 1,0.0,1.0
57,168,Stage 0,Stage 0,0.0,1.0
57,169,Stage 0,Stage 0,0.0,1.0
57,170,Stage 2,Stage 2,0.0,1.0
57,171,Stage 0,Stage 0,0.0,1.0
57,172,Stage 0,Stage 0,0.0,1.0
57,173,Stage 3,Stage 3,0.0,1.0
57,174,Stage 1,Stage 1,0.0,1.0
57,175,Stage 0,Stage 0,0.0,1.0
57,176,Stage 1,Stage 1,0.0,1.0
57,177,Stage 0,Stage 0,0.0,1.0
57,178,Stage 0,Stage 0,0.0,1.0
57,179,Stage 1,Stage 1,0.0,1.0
57,180,Stage 0,Stage 0,0.0,1.0
57,181,Stage 2,Stage 2,0.0,1.0
57,182,Stage 0,Stage 0,0.0,1.0
57,183,Stage 2,Stage 2,0.003569405483413189,0.9964305945165868
57,184,Stage 0,Stage 0,0.0,1.0
57,185,Stage 0,Stage 0,0.0,1.0
57,186,Stage 1,Stage 1,0.0,1.0
57,187,Stage 2,Stage 2,0.0,1.0
57,188,Stage 1,Stage 1,0.0,1.0
57,189,Stage 0,Stage 0,0.0,1.0
57,190,Stage 3,Stage 3,0.0,1.0
57,191,Stage 0,Stage 0,0.0,1.0
57,192,Stage 0,Stage 0,0.0,1.0
57,193,Stage 0,Stage 0,0.0,1.0
58,1,Stage 1,Stage 1,0.0,1.0
58,2,Stage 4,Stage 4,0.9989387997231959,0.9989387997231959
58,3,Stage 2,Stage 2,0.0,1.0
58,4,Stage 1,Stage 1,0.0,1.0
58,5,Stage 2,Stage 2,0.0,1.0
58,6,Stage 2,Stage 2,0.0,1.0
58,7,Stage 1,Stage 1,0.0,1.0
58,8,Stage 3,Stage 3,0.0,1.0
58,9,Stage 4,Stage 4,0.9736156743868046,0.9736156743868046
58,10,Stage 1,Stage 1,0.0,1.0
58,11,Stage 4,Stage 4,0.9932192405375908,0.9932192405375908
58,12,Stage 4,Stage 4,0.9998070080552094,0.9998070080552094
58,13,Stage 0,Stage 0,0.0,1.0
58,14,Stage 2,Stage 2,0.0,1.0
58,15,Stage 0,Stage 0,0.0,1.0
58,16,Stage 3,Stage 3,0.0,1.0
58,17,Stage 1,Stage 1,0.0,1.0
58,18,Stage 0,Stage 0,0.0,1.0
58,19,Stage 0,Stage 0,0.0,1.0
58,20,Stage 2,Stage 2,0.0,1.0
58,21,Stage 0,Stage 0,0.0,1.0
58,22,Stage 0,Stage 0,0.0,1.0
58,23,Stage 0,Stage 0,0.0,1.0
58,24,Stage 2,Stage 2,0.0,1.0
58,25,Stage 0,Stage 0,0.0,1.0
58,26,Stage 1,Stage 1,0.0,1.0
58,27,Stage 0,Stage 0,0.0,1.0
58,28,Stage 4,Stage 4,0.9921742807805474,0.9921742807805474
58,29,Stage 0,Stage 0,0.0,1.0
58,30,Stage 0,Stage 0,0.0,1.0
58,31,Stage 0,Stage 0,0.0,1.0
58,32,Stage 0,Stage 0,0.0,1.0
58,33,Stage 0,Stage 0,0.0,1.0
58,34,Stage 0,Stage 0,0.0,1.0
58,35,Stage 2,Stage 2,0.0,1.0
58,36,Stage 0,Stage 0,0.0,1.0
58,37,Stage 4,Stage 4,0.9269211197610833,0.9269211197610833
58,38,Stage 0,Stage 0,0.0,1.0
58,39,Stage 0,Stage 0,0.0,1.0
58,40,Stage 0,Stage 0,0.0,1.0
58,41,Stage 0,Stage 0,0.0,1.0
58,42,Stage 0,Stage 0,0.0,1.0
58,43,Stage 0,Stage 0,0.0,1.0
58,44,Stage 4,Stage 4,0.9155991037574143,0.9155991037574143
58,45,Stage 0,Stage 0,0.0,1.0
58,46,Stage 3,Stage 3,0.0,1.0
58,47,Stage 4,Stage 4,0.9499993864621158,0.9499993864621158
58,48,Stage 2,Stage 2,0.0,1.0
58,49,Stage 1,Stage 1,0.0,1.0
58,50,Stage 0,Stage 0,0.0,1.0
58,51,Stage 1,Stage 1,0.0,1.0
58,52,Stage 2,Stage 2,0.0,1.0
58,53,Stage 0,Stage 0,0.0,1.0
58,54,Stage 4,Stage 4,0.9269211197610833,0.9269211197610833
58,55,Stage 0,Stage 0,0.0,1.0
58,56,Stage 0,Stage 0,0.0,1.0
58,57,Stage 0,Stage 0,0.0,1.0
58,58,Stage 2,Stage 2,0.0,1.0
58,59,Stage 0,Stage 0,0.0,1.0
58,60,Stage 1,Stage 1,0.0,1.0
58,61,Stage 1,Stage 1,0.0,1.0
58,62,Stage 0,Stage 0,0.0,1.0
58,63,Stage 3,Stage 3,0.0,1.0
58,64,Stage 3,Stage 3,0.0,1.0
58,65,Stage 3,Stage 3,0.0,1.0
58,66,Stage 0,Stage 0,0.0,1.0
58,67,Stage 0,Stage 0,0.0,1.0
58,68,Stage 2,Stage 2,0.0,1.0
58,69,Stage 3,Stage 3,0.0,1.0
58,70,Stage 0,Stage 0,0.0,1.0
58,71,Stage 0,Stage 0,0.0,1.0
58,72,Stage 0,Stage 0,0.0,1.0
58,73,Stage 3,Stage 3,0.0,1.0
58,74,Stage 4,Stage 4,0.9998070080552094,0.9998070080552094
58,75,Stage 3,Stage 3,0.0,1.0
58,76,Stage 4,Stage 4,0.9985007302536165,0.9985007302536165
58,77,Stage 0,Stage 0,0.0,1.0
58,78,Stage 2,Stage 2,0.0,1.0
58,79,Stage 0,Stage 0,0.0,1.0
58,80,Stage 0,Stage 0,0.0,1.0
58,81,Stage 2,Stage 2,0.05032307240830773,0.9496769275916919
58,82,Stage 2,Stage 2,0.0,1.0
58,83,Stage 2,Stage 2,0.0,1.0
58,84,Stage 0,Stage 0,0.0,1.0
58,85,Stage 2,Stage 2,0.0,1.0
58,86,Stage 3,Stage 3,0.0,1.0
58,87,Stage 3,Stage 3,0.0,1.0
58,88,Stage 3,Stage 3,0.0,1.0
58,89,Stage 0,Stage 0,0.0,1.0
58,90,Stage 0,Stage 0,0.0,1.0
58,91,Stage 0,Stage 0,0.0,1.0
58,92,Stage 1,Stage 1,0.0,1.0
58,93,Stage 4,Stage 4,0.9736156743868046,0.9736156743868046
58,94,Stage 1,Stage 1,0.0,1.0
58,95,Stage 2,Stage 2,0.0,1.0
58,96,Stage 2,Stage 2,0.0,1.0
58,97,Stage 0,Stage 0,0.0,1.0
58,98,Stage 2,Stage 2,0.0,1.0
58,99,Stage 0,Stage 0,0.0,1.0
58,100,Stage 4,Stage 4,0.9998070080552094,0.9998070080552094
58,101,Stage 0,Stage 0,0.0,1.0
58,102,Stage 0,Stage 0,0.0,1.0
58,103,Stage 4,Stage 4,0.9975878016129752,0.9975878016129752
58,104,Stage 0,Stage 0,0.0,1.0
58,105,Stage 3,Stage 3,0.0,1.0
58,106,Stage 3,Stage 3,0.0,1.0
58,107,Stage 1,Stage 1,0.0,1.0
58,108,Stage 1,Stage 1,0.0,1.0
58,109,Stage 1,Stage 1,0.0,1.0
58,110,Stage 0,Stage 0,0.0,1.0
58,111,Stage 0,Stage 0,0.0,1.0
58,112,Stage 0,Stage 0,0.0,1.0
58,113,Stage 0,Stage 0,0.0,1.0
58,114,Stage 1,Stage 1,0.0,1.0
58,115,Stage 1,Stage 1,0.0,1.0
58,116,Stage 3,Stage 3,0.0,1.0
58,117,Stage 4,Stage 4,0.9921742807805474,0.9921742807805474
58,118,Stage 0,Stage 0,0.0,1.0
58,119,Stage 0,Stage 0,0.0,1.0
58,120,Stage 0,Stage 0,0.0,1.0
58,121,Stage 4,Stage 4,0.9998070080552094,0.9998070080552094
58,122,Stage 3,Stage 3,0.0,1.0
58,123,Stage 0,Stage 0,0.0,1.0
58,124,Stage 2,Stage 2,0.0,1.0
58,125,Stage 3,Stage 3,0.0,1.0
58,126,Stage 3,Stage 3,0.0,1.0
58,127,Stage 0,Stage 0,0.0,1.0
58,128,Stage 3,Stage 3,0.0,1.0
58,129,Stage 0,Stage 0,0.0,1.0
58,130,Stage 1,Stage 1,0.0,1.0
58,131,Stage 0,Stage 0,0.0,1.0
58,132,Stage 0,Stage 0,0.0,1.0
58,133,Stage 1,Stage 1,0.0,1.0
58,134,Stage 2,Stage 2,0.0,1.0
58,135,Stage 0,Stage 0,0.0,1.0
58,136,Stage 0,Stage 0,0.0,1.0
58,137,Stage 1,Stage 1,0.0,1.0
58,138,Stage 2,Stage 2,0.0,1.0
58,139,Stage 0,Stage 0,0.0,1.0
58,140,Stage 2,Stage 2,0.0,1.0
58,141,Stage 1,Stage 1,0.0,1.0
58,142,Stage 3,Stage 3,0.0,1.0
58,143,Stage 0,Stage 0,0.0,1.0
58,144,Stage 3,Stage 3,0.0,1.0
58,145,Stage 2,Stage 2,0.0,1.0
58,146,Stage 0,Stage 0,0.0,1.0
58,147,Stage 2,Stage 2,0.0,1.0
58,148,Stage 3,Stage 3,0.0,1.0
58,149,Stage 4,Stage 4,0.9877252138926669,0.9877252138926669
58,150,Stage 2,Stage 2,0.0,1.0
58,151,Stage 3,Stage 3,0.0,1.0
58,152,Stage 2,Stage 2,0.0,1.0
58,153,Stage 4,Stage 4,0.9990286822294617,0.9990286822294617
58,154,Stage 0,Stage 0,0.0,1.0
58,155,Stage 1,Stage 1,0.0,1.0
58,156,Stage 1,Stage 1,0.0,1.0
58,157,Stage 2,Stage 2,0.0,1.0
58,158,Stage 1,Stage 1,0.0,1.0
58,159,Stage 1,Stage 1,0.0,1.0
58,160,Stage 4,Stage 4,0.9989387997231959,0.9989387997231959
58,161,Stage 2,Stage 2,0.0,1.0
58,162,Stage 0,Stage 0,0.0,1.0
58,163,Stage 4,Stage 4,0.9632199222745819,0.9632199222745819
58,164,Stage 0,Stage 0,0.0,1.0
58,165,Stage 0,Stage 0,0.0,1.0
58,166,Stage 3,Stage 3,0.0,1.0
58,167,Stage 2,Stage 2,0.0,1.0
58,168,Stage 1,Stage 1,0.0,1.0
58,169,Stage 2,Stage 2,0.0,1.0
58,170,Stage 2,Stage 2,0.0,1.0
58,171,Stage 4,Stage 4,0.9958251419178974,0.9958251419178974
58,172,Stage 0,Stage 0,0.0,1.0
58,173,Stage 0,Stage 0,0.0,1.0
58,174,Stage 0,Stage 0,0.0,1.0
58,175,Stage 0,Stage 0,0.0,1.0
58,176,Stage 4,Stage 4,0.9834979793636001,0.9834979793636001
58,177,Stage 0,Stage 0,0.0,1.0
58,178,Stage 0,Stage 0,0.0,1.0
58,179,Stage 0,Stage 0,0.0,1.0
58,180,Stage 3,Stage 3,0.0,1.0
58,181,Stage 1,Stage 1,0.0,1.0
58,182,Stage 2,Stage 2,0.0,1.0
58,183,Stage 3,Stage 3,0.0,1.0
58,184,Stage 0,Stage 0,0.0,1.0
58,185,Stage 0,Stage 0,0.0,1.0
58,186,Stage 0,Stage 0,0.0,1.0
58,187,Stage 4,Stage 4,0.9998070080552094,0.9998070080552094
58,188,Stage 4,Stage 4,0.9857782524137444,0.9857782524137444
58,189,Stage 0,Stage 0,0.0,1.0
58,190,Stage 1,Stage 1,0.0,1.0
58,191,Stage 1,Stage 1,0.0,1.0
58,192,Stage 4,Stage 4,0.9834979793636001,0.9834979793636001
58,193,Stage 4,Stage 4,0.9958251419178974,0.9958251419178974
58,194,Stage 1,Stage 1,0.0,1.0
58,195,Stage 3,Stage 3,0.0,1.0
58,196,Stage 4,Stage 4,0.9962742154207905,0.9962742154207905
58,197,Stage 3,Stage 3,0.0,1.0
58,198,Stage 0,Stage 0,0.0,1.0
58,199,Stage 1,Stage 1,0.0,1.0
58,200,Stage 2,Stage 2,0.0,1.0
58,201,Stage 0,Stage 0,0.0,1.0
58,202,Stage 0,Stage 0,0.0,1.0
58,203,Stage 0,Stage 0,0.0,1.0
58,204,Stage 0,Stage 0,0.0,1.0
58,205,Stage 0,Stage 0,0.0,1.0
58,206,Stage 3,Stage 3,0.0,1.0
58,207,Stage 0,Stage 0,0.0,1.0
58,208,Stage 4,Stage 4,0.9917133180587698,0.9917133180587698
58,209,Stage 3,Stage 3,0.0,1.0
58,210,Stage 0,Stage 0,0.0,1.0
58,211,Stage 1,Stage 1,0.0,1.0
58,212,Stage 0,Stage 0,0.0,1.0
58,213,Stage 0,Stage 0,0.0,1.0
58,214,Stage 0,Stage 0,0.0,1.0
58,215,Stage 0,Stage 0,0.0,1.0
58,216,Stage 0,Stage 0,0.0,1.0
58,217,Stage 0,Stage 0,0.0,1.0
58,218,Stage 1,Stage 1,0.0,1.0
58,219,Stage 2,Stage 2,0.0,1.0
58,220,Stage 0,Stage 0,0.0,1.0
58,221,Stage 4,Stage 4,0.9921742807805474,0.9921742807805474
58,222,Stage 3,Stage 3,0.0,1.0
58,223,Stage 1,Stage 1,0.0,1.0
58,224,Stage 0,Stage 0,0.0,1.0
58,225,Stage 0,Stage 0,0.0,1.0
58,226,Stage 1,Stage 1,0.0,1.0
58,227,Stage 4,Stage 4,0.9978609539488698,0.9978609539488698
58,228,Stage 0,Stage 0,0.0,1.0
58,229,Stage 0,Stage 0,0.0,1.0
58,230,Stage 2,Stage 2,0.0,1.0
58,231,Stage 1,Stage 1,0.0,1.0
58,232,Stage 1,Stage 1,0.0,1.0
58,233,Stage 0,Stage 0,0.0,1.0
58,234,Stage 0,Stage 0,0.0,1.0
58,235,Stage 4,Stage 4,0.9985007302536165,0.9985007302536165
58,236,Stage 0,Stage 0,0.0,1.0
58,237,Stage 3,Stage 3,0.0,1.0
58,238,Stage 1,Stage 1,0.0,1.0
58,239,Stage 0,Stage 0,0.0,1.0
58,240,Stage 0,Stage 0,0.0,1.0
58,241,Stage 2,Stage 2,0.0,1.0
58,242,Stage 1,Stage 1,0.0,1.0
58,243,Stage 2,Stage 2,0.0,1.0
58,244,Stage 3,Stage 3,0.0,1.0
58,245,Stage 4,Stage 4,0.9548086382382833,0.9548086382382833
58,246,Stage 3,Stage 3,0.0,1.0
58,247,Stage 0,Stage 0,0.0,1.0
58,248,Stage 1,Stage 1,0.0,1.0
58,249,Stage 0,Stage 0,0.0,1.0
58,250,Stage 0,Stage 0,0.0,1.0
58,251,Stage 0,Stage 0,0.0,1.0
58,252,Stage 4,Stage 4,0.8342884177762228,0.8342884177762228
58,253,Stage 3,Stage 3,0.0,1.0
58,254,Stage 1,Stage 1,0.0,1.0
58,255,Stage 2,Stage 2,0.0,1.0
58,256,Stage 3,Stage 3,0.0,1.0
58,257,Stage 0,Stage 0,0.0,1.0
58,258,Stage 2,Stage 2,0.0,1.0
58,259,Stage 2,Stage 4,0.5997753322493038,0.5997753322493038
58,260,Stage 1,Stage 1,0.0,1.0
58,261,Stage 0,Stage 0,0.0,1.0
58,262,Stage 1,Stage 1,0.0,1.0
58,263,Stage 4,Stage 4,0.8010694484398324,0.8010694484398324
58,264,Stage 3,Stage 3,0.0,1.0
58,265,Stage 1,Stage 1,0.0,1.0
58,266,Stage 0,Stage 0,0.0,1.0
58,267,Stage 2,Stage 4,0.6517868886107425,0.6517868886107425
58,268,Stage 0,Stage 0,0.0,1.0
58,269,Stage 0,Stage 0,0.0,1.0
58,270,Stage 0,Stage 0,0.0,1.0
58,271,Stage 2,Stage 2,0.0,1.0
58,272,Stage 3,Stage 3,0.0,1.0
58,273,Stage 0,Stage 0,0.0,1.0
58,274,Stage 1,Stage 1,0.0,1.0
58,275,Stage 2,Stage 4,0.7451452560156209,0.7451452560156209
58,276,Stage 0,Stage 0,0.0,1.0
58,277,Stage 2,Stage 4,0.6870105034230617,0.6870105034230617
58,278,Stage 0,Stage 0,0.0,1.0
58,279,Stage 0,Stage 0,0.0,1.0
58,280,Stage 0,Stage 0,0.0,1.0
58,281,Stage 0,Stage 0,0.0,1.0
59,1,Stage 3,Stage 3,0.0,1.0
59,2,Stage 0,Stage 0,0.0,1.0
59,3,Stage 0,Stage 0,0.0,1.0
59,4,Stage 2,Stage 2,0.0,1.0
59,5,Stage 0,Stage 0,0.0,1.0
59,6,Stage 0,Stage 0,0.0,1.0
59,7,Stage 0,Stage 0,0.0,1.0
59,8,Stage 0,Stage 0,0.0,1.0
59,9,Stage 1,Stage 1,0.0,1.0
59,10,Stage 0,Stage 0,0.0,1.0
59,11,Stage 0,Stage 0,0.0,1.0
59,12,Stage 1,Stage 1,0.0,1.0
59,13,Stage 4,Stage 4,0.8947854332115529,0.8947854332115529
59,14,Stage 2,Stage 2,0.0,1.0
59,15,Stage 0,Stage 0,0.0,1.0
59,16,Stage 3,Stage 3,0.0,1.0
59,17,Stage 1,Stage 1,0.0,1.0
59,18,Stage 0,Stage 0,0.0,1.0
59,19,Stage 3,Stage 3,0.0,1.0
59,20,Stage 1,Stage 1,0.0,1.0
59,21,Stage 0,Stage 0,0.0,1.0
59,22,Stage 0,Stage 0,0.0,1.0
59,23,Stage 0,Stage 0,0.0,1.0
59,24,Stage 3,Stage 3,0.0,1.0
59,25,Stage 1,Stage 1,0.0,1.0
59,26,Stage 0,Stage 0,0.0,1.0
59,27,Stage 0,Stage 0,0.0,1.0
59,28,Stage 0,Stage 0,0.0,1.0
59,29,Stage 2,Stage 2,0.0,1.0
59,30,Stage 1,Stage 1,0.0,1.0
59,31,Stage 2,Stage 2,0.0,1.0
59,32,Stage 2,Stage 2,0.0,1.0
59,33,Stage 0,Stage 0,0.0,1.0
59,34,Stage 3,Stage 3,0.0,1.0
59,35,Stage 2,Stage 2,0.0,1.0
59,36,Stage 0,Stage 0,0.0,1.0
59,37,Stage 0,Stage 0,0.0,1.0
59,38,Stage 4,Stage 4,0.8148279518158453,0.8148279518158453
59,39,Stage 0,Stage 0,0.0,1.0
59,40,Stage 1,Stage 1,0.0,1.0
59,41,Stage 4,Stage 4,0.9989387997231959,0.9989387997231959
59,42,Stage 4,Stage 4,0.9020143020204584,0.9020143020204584
59,43,Stage 4,Stage 2,0.44897537838504237,0.5510246216149578
59,44,Stage 0,Stage 0,0.0,1.0
59,45,Stage 3,Stage 3,0.0,1.0
59,46,Stage 3,Stage 3,0.0,1.0
59,47,Stage 0,Stage 0,0.0,1.0
59,48,Stage 2,Stage 2,0.0,1.0
59,49,Stage 3,Stage 3,0.0,1.0
59,50,Stage 0,Stage 0,0.0,1.0
59,51,Stage 0,Stage 0,0.0,1.0
59,52,Stage 1,Stage 1,0.0,1.0
59,53,Stage 0,Stage 0,0.0,1.0
59,54,Stage 4,Stage 4,0.8244978866807811,0.8244978866807811
59,55,Stage 1,Stage 1,0.0,1.0
59,56,Stage 3,Stage 3,0.0,1.0
59,57,Stage 4,Stage 4,0.84461479593568,0.84461479593568
59,58,Stage 3,Stage 3,0.0,1.0
59,59,Stage 2,Stage 2,0.0,1.0
59,60,Stage 4,Stage 4,0.9499993864621158,0.9499993864621158
59,61,Stage 0,Stage 0,0.0,1.0
59,62,Stage 0,Stage 0,0.0,1.0
59,63,Stage 1,Stage 1,0.0,1.0
59,64,Stage 2,Stage 2,0.0,1.0
59,65,Stage 1,Stage 1,0.0,1.0
59,66,Stage 4,Stage 4,0.9155991037574143,0.9155991037574143
59,67,Stage 3,Stage 3,0.0,1.0
59,68,Stage 1,Stage 1,0.0,1.0
59,69,Stage 2,Stage 2,0.0,1.0
59,70,Stage 3,Stage 3,0.0,1.0
59,71,Stage 0,Stage 0,0.0,1.0
59,72,Stage 4,Stage 4,0.8520404411420309,0.8520404411420309
59,73,Stage 0,Stage 0,0.0,1.0
59,74,Stage 2,Stage 4,0.9985007302536165,0.9985007302536165
59,75,Stage 0,Stage 0,0.0,1.0
59,76,Stage 4,Stage 4,0.9876932881715945,0.9876932881715945
59,77,Stage 0,Stage 0,0.0,1.0
59,78,Stage 3,Stage 3,0.0,1.0
59,79,Stage 0,Stage 0,0.0,1.0
59,80,Stage 0,Stage 0,0.0,1.0
59,81,Stage 4,Stage 4,0.9191806954309615,0.9191806954309615
59,82,Stage 0,Stage 0,0.0,1.0
59,83,Stage 0,Stage 0,0.0,1.0
59,84,Stage 0,Stage 0,0.0,1.0
59,85,Stage 0,Stage 0,0.0,1.0
59,86,Stage 0,Stage 0,0.0,1.0
59,87,Stage 3,Stage 3,0.0,1.0
59,88,Stage 0,Stage 0,0.0,1.0
59,89,Stage 0,Stage 0,0.0,1.0
59,90,Stage 0,Stage 0,0.0,1.0
59,91,Stage 0,Stage 0,0.0,1.0
59,92,Stage 2,Stage 2,0.0,1.0
59,93,Stage 2,Stage 2,0.0,1.0
59,94,Stage 0,Stage 0,0.0,1.0
59,95,Stage 0,Stage 0,0.0,1.0
59,96,Stage 3,Stage 3,0.0,1.0
59,97,Stage 0,Stage 0,0.0,1.0
59,98,Stage 3,Stage 3,0.0,1.0
59,99,Stage 0,Stage 0,0.0,1.0
59,100,Stage 4,Stage 4,0.8010694484398324,0.8010694484398324
59,101,Stage 0,Stage 0,0.0,1.0
59,102,Stage 1,Stage 1,0.0,1.0
59,103,Stage 3,Stage 3,0.0,1.0
59,104,Stage 3,Stage 3,0.0,1.0
59,105,Stage 0,Stage 0,0.0,1.0
59,106,Stage 4,Stage 4,0.9972944955832509,0.9972944955832509
59,107,Stage 3,Stage 3,0.0,1.0
59,108,Stage 4,Stage 4,0.8776409049698252,0.8776409049698252
59,109,Stage 2,Stage 2,0.0,1.0
59,110,Stage 0,Stage 0,0.0,1.0
59,111,Stage 4,Stage 4,0.5733493508403674,0.5733493508403674
59,112,Stage 0,Stage 0,0.0,1.0
59,113,Stage 1,Stage 1,0.0,1.0
59,114,Stage 1,Stage 1,0.0,1.0
59,115,Stage 1,Stage 1,0.0,1.0
59,116,Stage 1,Stage 1,0.0,1.0
59,117,Stage 3,Stage 3,0.0,1.0
59,118,Stage 3,Stage 3,0.0,1.0
59,119,Stage 0,Stage 0,0.0,1.0
59,120,Stage 3,Stage 3,0.0,1.0
59,121,Stage 1,Stage 1,0.0,1.0
59,122,Stage 0,Stage 0,0.0,1.0
59,123,Stage 2,Stage 4,0.8520404411420309,0.8520404411420309
59,124,Stage 4,Stage 4,0.8744905051482625,0.8744905051482625
59,125,Stage 2,Stage 2,0.0,1.0
59,126,Stage 4,Stage 4,0.8944410255352568,0.8944410255352568
59,127,Stage 1,Stage 1,0.0,1.0
59,128,Stage 4,Stage 2,0.1604330324617558,0.8395669675382441
59,129,Stage 0,Stage 0,0.0,1.0
59,130,Stage 2,Stage 2,0.0,1.0
59,131,Stage 0,Stage 0,0.0,1.0
59,132,Stage 2,Stage 2,0.0,1.0
59,133,Stage 2,Stage 2,0.37202376800919706,0.6279762319908029
59,134,Stage 0,Stage 0,0.0,1.0
59,135,Stage 3,Stage 3,0.0,1.0
59,136,Stage 3,Stage 3,0.0,1.0
59,137,Stage 2,Stage 4,0.9548086382382833,0.9548086382382833
59,138,Stage 3,Stage 3,0.0,1.0
59,139,Stage 2,Stage 2,0.0,1.0
59,140,Stage 0,Stage 0,0.0,1.0
59,141,Stage 1,Stage 1,0.0,1.0
59,142,Stage 0,Stage 0,0.0,1.0
59,143,Stage 0,Stage 0,0.0,1.0
59,144,Stage 2,Stage 4,0.6205878773057801,0.6205878773057801
59,145,Stage 4,Stage 4,0.7089401704384415,0.7089401704384415
59,146,Stage 4,Stage 4,0.8349402179420571,0.8349402179420571
59,147,Stage 0,Stage 0,0.0,1.0
59,148,Stage 2,Stage 4,0.8642681022944091,0.8642681022944091
59,149,Stage 4,Stage 4,0.9488239418133202,0.9488239418133202
59,150,Stage 1,Stage 1,0.0,1.0
59,151,Stage 0,Stage 0,0.0,1.0
59,152,Stage 2,Stage 2,0.0,1.0
59,153,Stage 3,Stage 3,0.0,1.0
59,154,Stage 2,Stage 2,0.0,1.0
59,155,Stage 1,Stage 1,0.0,1.0
59,156,Stage 3,Stage 3,0.0,1.0
59,157,Stage 0,Stage 0,0.0,1.0
59,158,Stage 0,Stage 0,0.0,1.0
59,159,Stage 2,Stage 4,0.6124931794201548,0.6124931794201548
59,160,Stage 0,Stage 0,0.0,1.0
59,161,Stage 2,Stage 2,0.0,1.0
59,162,Stage 0,Stage 0,0.0,1.0
59,163,Stage 3,Stage 3,0.0,1.0
59,164,Stage 0,Stage 0,0.0,1.0
59,165,Stage 0,Stage 0,0.0,1.0
59,166,Stage 0,Stage 0,0.0,1.0
59,167,Stage 0,Stage 0,0.0,1.0
59,168,Stage 0,Stage 0,0.0,1.0
59,169,Stage 2,Stage 2,0.0,1.0
59,170,Stage 0,Stage 0,0.0,1.0
59,171,Stage 1,Stage 1,0.0,1.0
59,172,Stage 0,Stage 0,0.0,1.0
59,173,Stage 1,Stage 1,0.0,1.0
59,174,Stage 3,Stage 3,0.0,1.0
59,175,Stage 3,Stage 3,0.0,1.0
59,176,Stage 1,Stage 1,0.0,1.0
59,177,Stage 2,Stage 2,0.17880443477458322,0.8211955652254166
61,1,Stage 3,Stage 3,0.0,1.0
61,2,Stage 3,Stage 3,0.0,1.0
61,3,Stage 1,Stage 1,0.0,1.0
61,4,Stage 0,Stage 0,0.0,1.0
61,5,Stage 1,Stage 1,0.0,1.0
61,6,Stage 4,Stage 4,0.9998070080552094,0.9998070080552094
61,7,Stage 4,Stage 4,0.9990286822294617,0.9990286822294617
61,8,Stage 2,Stage 2,0.0,1.0
61,9,Stage 1,Stage 1,0.0,1.0
61,10,Stage 0,Stage 0,0.0,1.0
61,11,Stage 1,Stage 1,0.0,1.0
61,12,Stage 3,Stage 3,0.0,1.0
61,13,Stage 2,Stage 2,0.0,1.0
61,14,Stage 3,Stage 3,0.0,1.0
61,15,Stage 1,Stage 1,0.0,1.0
61,16,Stage 0,Stage 0,0.0,1.0
61,17,Stage 1,Stage 1,0.0,1.0
61,18,Stage 0,Stage 0,0.0,1.0
61,19,Stage 2,Stage 2,0.0,1.0
61,20,Stage 0,Stage 0,0.0,1.0
61,21,Stage 0,Stage 0,0.0,1.0
61,22,Stage 4,Stage 4,0.9857782524137444,0.9857782524137444
61,23,Stage 2,Stage 2,0.0,1.0
61,24,Stage 2,Stage 2,0.0,1.0
61,25,Stage 0,Stage 0,0.0,1.0
61,26,Stage 0,Stage 0,0.0,1.0
61,27,Stage 0,Stage 0,0.0,1.0
61,28,Stage 4,Stage 4,0.9975878016129752,0.9975878016129752
61,29,Stage 2,Stage 2,0.0,1.0
61,30,Stage 0,Stage 0,0.0,1.0
61,31,Stage 0,Stage 0,0.0,1.0
61,32,Stage 4,Stage 4,0.9876932881715945,0.9876932881715945
61,33,Stage 0,Stage 0,0.0,1.0
61,34,Stage 4,Stage 4,0.9975878016129752,0.9975878016129752
61,35,Stage 0,Stage 0,0.0,1.0
61,36,Stage 3,Stage 3,0.0,1.0
61,37,Stage 2,Stage 2,0.0,1.0
61,38,Stage 1,Stage 1,0.0,1.0
61,39,Stage 3,Stage 3,0.0,1.0
61,40,Stage 0,Stage 0,0.0,1.0
61,41,Stage 2,Stage 2,0.0,1.0
61,42,Stage 1,Stage 1,0.0,1.0
61,43,Stage 3,Stage 3,0.0,1.0
61,44,Stage 0,Stage 0,0.0,1.0
61,45,Stage 0,Stage 0,0.0,1.0
61,46,Stage 1,Stage 1,0.0,1.0
61,47,Stage 3,Stage 3,0.0,1.0
61,48,Stage 3,Stage 3,0.0,1.0
61,49,Stage 0,Stage 0,0.0,1.0
61,50,Stage 0,Stage 0,0.0,1.0
61,51,Stage 3,Stage 3,0.0,1.0
61,52,Stage 1,Stage 1,0.0,1.0
61,53,Stage 3,Stage 3,0.0,1.0
61,54,Stage 2,Stage 2,0.0,1.0
61,55,Stage 4,Stage 4,0.9978609539488698,0.9978609539488698
61,56,Stage 0,Stage 0,0.0,1.0
61,57,Stage 2,Stage 2,0.0,1.0
61,58,Stage 0,Stage 0,0.0,1.0
61,59,Stage 1,Stage 1,0.0,1.0
61,60,Stage 1,Stage 1,0.0,1.0
61,61,Stage 0,Stage 0,0.0,1.0
61,62,Stage 1,Stage 1,0.0,1.0
61,63,Stage 0,Stage 0,0.0,1.0
61,64,Stage 0,Stage 0,0.0,1.0
61,65,Stage 2,Stage 2,0.0,1.0
61,66,Stage 1,Stage 1,0.0,1.0
61,67,Stage 4,Stage 4,0.9989387997231959,0.9989387997231959
61,68,Stage 3,Stage 3,0.0,1.0
61,69,Stage 0,Stage 0,0.0,1.0
61,70,Stage 0,Stage 0,0.0,1.0
61,71,Stage 4,Stage 4,0.9948880576984798,0.9948880576984798
61,72,Stage 2,Stage 2,0.0,1.0
61,73,Stage 2,Stage 2,0.0,1.0
61,74,Stage 4,Stage 4,0.9650465610102422,0.9650465610102422
61,75,Stage 3,Stage 3,0.0,1.0
61,76,Stage 0,Stage 0,0.0,1.0
61,77,Stage 1,Stage 1,0.0,1.0
61,78,Stage 2,Stage 2,0.0,1.0
61,79,Stage 0,Stage 0,0.0,1.0
61,80,Stage 4,Stage 4,0.9990286822294617,0.9990286822294617
61,81,Stage 0,Stage 0,0.0,1.0
61,82,Stage 0,Stage 0,0.0,1.0
61,83,Stage 2,Stage 2,0.0,1.0
61,84,Stage 4,Stage 4,0.8891057929150975,0.8891057929150975
61,85,Stage 0,Stage 0,0.0,1.0
61,86,Stage 0,Stage 0,0.0,1.0
61,87,Stage 1,Stage 1,0.0,1.0
61,88,Stage 3,Stage 3,0.0,1.0
61,89,Stage 1,Stage 1,0.0,1.0
61,90,Stage 3,Stage 3,0.0,1.0
61,91,Stage 1,Stage 1,0.0,1.0
61,92,Stage 2,Stage 2,0.0,1.0
61,93,Stage 3,Stage 3,0.0,1.0
61,94,Stage 0,Stage 0,0.0,1.0
61,95,Stage 3,Stage 3,0.0,1.0
61,96,Stage 2,Stage 2,0.0,1.0
61,97,Stage 0,Stage 0,0.0,1.0
61,98,Stage 2,Stage 2,0.0,1.0
61,99,Stage 0,Stage 0,0.0,1.0
61,100,Stage 4,Stage 4,0.9985007302536165,0.9985007302536165
61,101,Stage 0,Stage 0,0.0,1.0
61,102,Stage 3,Stage 3,0.0,1.0
61,103,Stage 3,Stage 3,0.0,1.0
61,104,Stage 1,Stage 1,0.0,1.0
61,105,Stage 0,Stage 0,0.0,1.0
61,106,Stage 0,Stage 0,0.0,1.0
61,107,Stage 2,Stage 2,0.0,1.0
61,108,Stage 3,Stage 3,0.0,1.0
61,109,Stage 0,Stage 0,0.0,1.0
61,110,Stage 4,Stage 4,0.9837900103016276,0.9837900103016276
61,111,Stage 0,Stage 0,0.0,1.0
61,112,Stage 3,Stage 3,0.0,1.0
61,113,Stage 4,Stage 4,0.9989387997231959,0.9989387997231959
61,114,Stage 3,Stage 3,0.0,1.0
61,115,Stage 0,Stage 0,0.0,1.0
61,116,Stage 0,Stage 0,0.0,1.0
61,117,Stage 0,Stage 0,0.0,1.0
61,118,Stage 0,Stage 0,0.0,1.0
61,119,Stage 0,Stage 0,0.0,1.0
61,120,Stage 0,Stage 0,0.0,1.0
61,121,Stage 0,Stage 0,0.0,1.0
61,122,Stage 1,Stage 1,0.0,1.0
61,123,Stage 2,Stage 2,0.0,1.0
61,124,Stage 3,Stage 3,0.0,1.0
61,125,Stage 1,Stage 1,0.0,1.0
61,126,Stage 2,Stage 2,0.0,1.0
61,127,Stage 0,Stage 0,0.0,1.0
61,128,Stage 4,Stage 4,0.9191806954309615,0.9191806954309615
61,129,Stage 0,Stage 0,0.0,1.0
61,130,Stage 4,Stage 4,0.9797670875759311,0.9797670875759311
61,131,Stage 0,Stage 0,0.0,1.0
61,132,Stage 4,Stage 4,0.9797670875759311,0.9797670875759311
61,133,Stage 2,Stage 2,0.0,1.0
61,134,Stage 2,Stage 2,0.0,1.0
61,135,Stage 2,Stage 2,0.0,1.0
61,136,Stage 3,Stage 3,0.0,1.0
61,137,Stage 0,Stage 0,0.0,1.0
61,138,Stage 0,Stage 0,0.0,1.0
61,139,Stage 0,Stage 0,0.0,1.0
61,140,Stage 1,Stage 1,0.0,1.0
61,141,Stage 2,Stage 2,0.0,1.0
61,142,Stage 4,Stage 4,0.9325569778076929,0.9325569778076929
61,143,Stage 0,Stage 0,0.0,1.0
61,144,Stage 1,Stage 1,0.0,1.0
61,145,Stage 0,Stage 0,0.0,1.0
61,146,Stage 3,Stage 3,0.0,1.0
61,147,Stage 4,Stage 4,0.9155991037574143,0.9155991037574143
61,148,Stage 0,Stage 0,0.0,1.0
61,149,Stage 0,Stage 0,0.0,1.0
61,150,Stage 0,Stage 0,0.0,1.0
61,151,Stage 4,Stage 4,0.9948880576984798,0.9948880576984798
61,152,Stage 2,Stage 2,0.0,1.0
61,153,Stage 0,Stage 0,0.0,1.0
61,154,Stage 0,Stage 0,0.0,1.0
61,155,Stage 3,Stage 3,0.0,1.0
61,156,Stage 4,Stage 4,0.9998070080552094,0.9998070080552094
61,157,Stage 2,Stage 2,0.0,1.0
61,158,Stage 2,Stage 2,0.0,1.0
61,159,Stage 4,Stage 4,0.9415287293783318,0.9415287293783318
61,160,Stage 0,Stage 0,0.0,1.0
61,161,Stage 1,Stage 1,0.0,1.0
61,162,Stage 1,Stage 1,0.0,1.0
61,163,Stage 2,Stage 2,0.0,1.0
61,164,Stage 1,Stage 1,0.0,1.0
61,165,Stage 0,Stage 0,0.0,1.0
61,166,Stage 0,Stage 0,0.0,1.0
61,167,Stage 1,Stage 1,0.0,1.0
61,168,Stage 4,Stage 4,0.9972944955832509,0.9972944955832509
61,169,Stage 1,Stage 1,0.0,1.0
61,170,Stage 0,Stage 0,0.0,1.0
61,171,Stage 4,Stage 4,0.9442582004783833,0.9442582004783833
61,172,Stage 3,Stage 3,0.0,1.0
61,173,Stage 0,Stage 0,0.0,1.0
61,174,Stage 0,Stage 0,0.0,1.0
61,175,Stage 3,Stage 3,0.0,1.0
61,176,Stage 2,Stage 2,0.0,1.0
61,177,Stage 3,Stage 3,0.0,1.0
61,178,Stage 2,Stage 2,0.0,1.0
61,179,Stage 3,Stage 3,0.0,1.0
61,180,Stage 0,Stage 0,0.0,1.0
61,181,Stage 4,Stage 4,0.8720802375403641,0.8720802375403641
61,182,Stage 0,Stage 0,0.0,1.0
61,183,Stage 1,Stage 1,0.0,1.0
61,184,Stage 2,Stage 2,0.0,1.0
61,185,Stage 0,Stage 0,0.0,1.0
61,186,Stage 1,Stage 1,0.0,1.0
61,187,Stage 1,Stage 1,0.0,1.0
61,188,Stage 4,Stage 4,0.9325569778076929,0.9325569778076929
61,189,Stage 0,Stage 0,0.0,1.0
61,190,Stage 2,Stage 2,0.0,1.0
61,191,Stage 2,Stage 2,0.0,1.0
61,192,Stage 3,Stage 3,0.0,1.0
61,193,Stage 3,Stage 3,0.0,1.0
61,194,Stage 0,Stage 0,0.0,1.0
61,195,Stage 3,Stage 3,0.0,1.0
61,196,Stage 3,Stage 3,0.0,1.0
61,197,Stage 1,Stage 1,0.0,1.0
61,198,Stage 2,Stage 2,0.0,1.0
61,199,Stage 0,Stage 0,0.0,1.0
61,200,Stage 3,Stage 3,0.0,1.0
61,201,Stage 4,Stage 4,0.6757095421035346,0.6757095421035346
61,202,Stage 0,Stage 0,0.0,1.0
61,203,Stage 0,Stage 0,0.0,1.0
61,204,Stage 0,Stage 0,0.0,1.0
61,205,Stage 0,Stage 0,0.0,1.0
61,206,Stage 2,Stage 2,0.0,1.0
61,207,Stage 3,Stage 3,0.0,1.0
61,208,Stage 4,Stage 4,0.9989387997231959,0.9989387997231959
61,209,Stage 4,Stage 4,0.6404933884367061,0.6404933884367061
61,210,Stage 0,Stage 0,0.0,1.0
61,211,Stage 0,Stage 0,0.0,1.0
61,212,Stage 3,Stage 3,0.0,1.0
61,213,Stage 0,Stage 0,0.0,1.0
61,214,Stage 3,Stage 3,0.0,1.0
61,215,Stage 0,Stage 0,0.0,1.0
61,216,Stage 2,Stage 2,0.0,1.0
61,217,Stage 0,Stage 0,0.0,1.0
61,218,Stage 0,Stage 0,0.0,1.0
61,219,Stage 0,Stage 0,0.0,1.0
61,220,Stage 0,Stage 0,0.0,1.0
61,221,Stage 2,Stage 2,0.41324540336068666,0.5867545966393132
61,222,Stage 0,Stage 0,0.0,1.0
61,223,Stage 3,Stage 3,0.0,1.0
61,224,Stage 0,Stage 0,0.0,1.0
61,225,Stage 2,Stage 4,0.7823568853584157,0.7823568853584157
61,226,Stage 0,Stage 0,0.0,1.0
61,227,Stage 2,Stage 2,0.0,1.0
61,228,Stage 2,Stage 2,0.0,1.0
61,229,Stage 0,Stage 0,0.0,1.0
61,230,Stage 2,Stage 2,0.0,1.0
61,231,Stage 3,Stage 3,0.0,1.0
61,232,Stage 0,Stage 0,0.0,1.0
61,233,Stage 2,Stage 2,0.0,1.0
61,234,Stage 2,Stage 2,0.0,1.0
61,235,Stage 0,Stage 0,0.0,1.0
61,236,Stage 0,Stage 0,0.0,1.0
61,237,Stage 1,Stage 1,0.0,1.0
61,238,Stage 0,Stage 0,0.0,1.0
61,239,Stage 2,Stage 2,0.2897313079799132,0.7102686920200867
61,240,Stage 1,Stage 1,0.0,1.0
61,241,Stage 2,Stage 2,0.0,1.0
61,242,Stage 0,Stage 0,0.0,1.0
61,243,Stage 2,Stage 2,0.3493527952303661,0.6506472047696341
61,244,Stage 2,Stage 2,0.39116361250404047,0.6088363874959593
62,1,Stage 1,Stage 1,0.0,1.0
62,2,Stage 0,Stage 0,0.0,1.0
62,3,Stage 2,Stage 2,0.0,1.0
62,4,Stage 3,Stage 3,0.0,1.0
62,5,Stage 4,Stage 4,0.9834979793636001,0.9834979793636001
62,6,Stage 2,Stage 2,0.0,1.0
62,7,Stage 2,Stage 2,0.0,1.0
62,8,Stage 0,Stage 0,0.0,1.0
62,9,Stage 0,Stage 0,0.0,1.0
62,10,Stage 3,Stage 3,0.0,1.0
62,11,Stage 2,Stage 2,0.0,1.0
62,12,Stage 1,Stage 1,0.0,1.0
62,13,Stage 1,Stage 1,0.0,1.0
62,14,Stage 0,Stage 0,0.0,1.0
62,15,Stage 0,Stage 0,0.0,1.0
62,16,Stage 3,Stage 3,0.0,1.0
62,17,Stage 4,Stage 4,0.9962742154207905,0.9962742154207905
62,18,Stage 0,Stage 0,0.0,1.0
62,19,Stage 4,Stage 4,0.9414125247548252,0.9414125247548252
62,20,Stage 2,Stage 2,0.0,1.0
62,21,Stage 1,Stage 1,0.0,1.0
62,22,Stage 4,Stage 4,0.9998070080552094,0.9998070080552094
62,23,Stage 4,Stage 4,0.9999339624760237,0.9999339624760237
62,24,Stage 4,Stage 4,0.9998070080552094,0.9998070080552094
62,25,Stage 3,Stage 3,0.0,1.0
62,26,Stage 0,Stage 0,0.0,1.0
62,27,Stage 0,Stage 0,0.0,1.0
62,28,Stage 0,Stage 0,0.0,1.0
62,29,Stage 0,Stage 0,0.0,1.0
62,30,Stage 0,Stage 0,0.0,1.0
62,31,Stage 0,Stage 0,0.0,1.0
62,32,Stage 0,Stage 0,0.0,1.0
62,33,Stage 1,Stage 1,0.0,1.0
62,34,Stage 0,Stage 0,0.0,1.0
62,35,Stage 2,Stage 2,0.0,1.0
62,36,Stage 0,Stage 0,0.0,1.0
62,37,Stage 0,Stage 0,0.0,1.0
62,38,Stage 2,Stage 2,0.0,1.0
62,39,Stage 3,Stage 3,0.0,1.0
62,40,Stage 0,Stage 0,0.0,1.0
62,41,Stage 3,Stage 3,0.0,1.0
62,42,Stage 4,Stage 4,0.9948880576984798,0.9948880576984798
62,43,Stage 0,Stage 0,0.0,1.0
62,44,Stage 4,Stage 4,0.9972944955832509,0.9972944955832509
62,45,Stage 3,Stage 3,0.0,1.0
62,46,Stage 0,Stage 0,0.0,1.0
62,47,Stage 1,Stage 1,0.0,1.0
62,48,Stage 0,Stage 0,0.0,1.0
62,49,Stage 2,Stage 2,0.0,1.0
62,50,Stage 0,Stage 0,0.0,1.0
62,51,Stage 0,Stage 0,0.0,1.0
62,52,Stage 4,Stage 4,0.9990286822294617,0.9990286822294617
62,53,Stage 0,Stage 0,0.0,1.0
62,54,Stage 2,Stage 2,0.0,1.0
62,55,Stage 4,Stage 4,0.989424647390052,0.989424647390052
62,56,Stage 1,Stage 1,0.0,1.0
62,57,Stage 1,Stage 1,0.0,1.0
62,58,Stage 2,Stage 2,0.0,1.0
62,59,Stage 0,Stage 0,0.0,1.0
62,60,Stage 4,Stage 4,0.9998070080552094,0.9998070080552094
62,61,Stage 2,Stage 2,0.0,1.0
62,62,Stage 1,Stage 1,0.0,1.0
62,63,Stage 0,Stage 0,0.0,1.0
62,64,Stage 2,Stage 2,0.0,1.0
62,65,Stage 3,Stage 3,0.0,1.0
62,66,Stage 2,Stage 2,0.0,1.0
62,67,Stage 1,Stage 1,0.0,1.0
62,68,Stage 2,Stage 2,0.0,1.0
62,69,Stage 0,Stage 0,0.0,1.0
62,70,Stage 4,Stage 4,0.9972944955832509,0.9972944955832509
62,71,Stage 3,Stage 3,0.0,1.0
62,72,Stage 1,Stage 1,0.0,1.0
62,73,Stage 0,Stage 0,0.0,1.0
62,74,Stage 2,Stage 2,0.0,1.0
62,75,Stage 3,Stage 3,0.0,1.0
62,76,Stage 3,Stage 3,0.0,1.0
62,77,Stage 3,Stage 3,0.0,1.0
62,78,Stage 4,Stage 4,0.9985007302536165,0.9985007302536165
62,79,Stage 0,Stage 0,0.0,1.0
62,80,Stage 3,Stage 3,0.0,1.0
62,81,Stage 3,Stage 3,0.0,1.0
62,82,Stage 0,Stage 0,0.0,1.0
62,83,Stage 3,Stage 3,0.0,1.0
62,84,Stage 0,Stage 0,0.0,1.0
62,85,Stage 0,Stage 0,0.0,1.0
62,86,Stage 1,Stage 1,0.0,1.0
62,87,Stage 0,Stage 0,0.0,1.0
62,88,Stage 0,Stage 0,0.0,1.0
62,89,Stage 0,Stage 0,0.0,1.0
62,90,Stage 3,Stage 3,0.0,1.0
62,91,Stage 0,Stage 0,0.0,1.0
62,92,Stage 0,Stage 0,0.0,1.0
62,93,Stage 0,Stage 0,0.0,1.0
62,94,Stage 3,Stage 3,0.0,1.0
62,95,Stage 2,Stage 2,0.0,1.0
62,96,Stage 4,Stage 4,0.9998070080552094,0.9998070080552094
62,97,Stage 0,Stage 0,0.0,1.0
62,98,Stage 0,Stage 0,0.0,1.0
62,99,Stage 3,Stage 3,0.0,1.0
62,100,Stage 0,Stage 0,0.0,1.0
62,101,Stage 0,Stage 0,0.0,1.0
62,102,Stage 4,Stage 4,0.9990286822294617,0.9990286822294617
62,103,Stage 3,Stage 3,0.0,1.0
62,104,Stage 4,Stage 4,0.8744905051482625,0.8744905051482625
62,105,Stage 2,Stage 2,0.0,1.0
62,106,Stage 2,Stage 2,0.0,1.0
62,107,Stage 4,Stage 4,0.9998070080552094,0.9998070080552094
62,108,Stage 1,Stage 1,0.0,1.0
62,109,Stage 4,Stage 4,0.9989387997231959,0.9989387997231959
62,110,Stage 1,Stage 1,0.0,1.0
62,111,Stage 1,Stage 1,0.0,1.0
62,112,Stage 0,Stage 0,0.0,1.0
62,113,Stage 0,Stage 0,0.0,1.0
62,114,Stage 2,Stage 2,0.0,1.0
62,115,Stage 0,Stage 0,0.0,1.0
62,116,Stage 4,Stage 4,0.9948880576984798,0.9948880576984798
62,117,Stage 2,Stage 2,0.0,1.0
62,118,Stage 3,Stage 3,0.0,1.0
62,119,Stage 2,Stage 2,0.0,1.0
62,120,Stage 4,Stage 4,0.9989387997231959,0.9989387997231959
62,121,Stage 1,Stage 1,0.0,1.0
62,122,Stage 1,Stage 1,0.0,1.0
62,123,Stage 0,Stage 0,0.0,1.0
62,124,Stage 4,Stage 4,0.9892898864791082,0.9892898864791082
62,125,Stage 4,Stage 4,0.9985007302536165,0.9985007302536165
62,126,Stage 3,Stage 3,0.0,1.0
62,127,Stage 0,Stage 0,0.0,1.0
62,128,Stage 2,Stage 2,0.0,1.0
62,129,Stage 1,Stage 1,0.0,1.0
62,130,Stage 1,Stage 1,0.0,1.0
62,131,Stage 0,Stage 0,0.0,1.0
62,132,Stage 1,Stage 1,0.0,1.0
62,133,Stage 0,Stage 0,0.0,1.0
62,134,Stage 0,Stage 0,0.0,1.0
62,135,Stage 2,Stage 2,0.0,1.0
62,136,Stage 1,Stage 1,0.0,1.0
62,137,Stage 2,Stage 2,0.0,1.0
62,138,Stage 1,Stage 1,0.0,1.0
62,139,Stage 3,Stage 3,0.0,1.0
62,140,Stage 4,Stage 4,0.9989387997231959,0.9989387997231959
62,141,Stage 2,Stage 2,0.0,1.0
62,142,Stage 1,Stage 1,0.0,1.0
62,143,Stage 1,Stage 1,0.0,1.0
62,144,Stage 0,Stage 0,0.0,1.0
62,145,Stage 4,Stage 4,0.9837900103016276,0.9837900103016276
62,146,Stage 0,Stage 0,0.0,1.0
62,147,Stage 3,Stage 3,0.0,1.0
62,148,Stage 2,Stage 2,0.0,1.0
62,149,Stage 1,Stage 1,0.0,1.0
62,150,Stage 0,Stage 0,0.0,1.0
62,151,Stage 0,Stage 0,0.0,1.0
62,152,Stage 0,Stage 0,0.0,1.0
62,153,Stage 0,Stage 0,0.0,1.0
62,154,Stage 0,Stage 0,0.0,1.0
62,155,Stage 0,Stage 0,0.0,1.0
62,156,Stage 0,Stage 0,0.0,1.0
62,157,Stage 1,Stage 1,0.0,1.0
62,158,Stage 2,Stage 2,0.0,1.0
62,159,Stage 0,Stage 0,0.0,1.0
62,160,Stage 3,Stage 3,0.0,1.0
62,161,Stage 0,Stage 0,0.0,1.0
62,162,Stage 1,Stage 1,0.0,1.0
62,163,Stage 4,Stage 4,0.9989387997231959,0.9989387997231959
62,164,Stage 0,Stage 0,0.0,1.0
62,165,Stage 3,Stage 3,0.0,1.0
62,166,Stage 0,Stage 0,0.0,1.0
62,167,Stage 4,Stage 4,0.9415287293783318,0.9415287293783318
62,168,Stage 0,Stage 0,0.0,1.0
62,169,Stage 0,Stage 0,0.0,1.0
62,170,Stage 0,Stage 0,0.0,1.0
62,171,Stage 1,Stage 1,0.0,1.0
62,172,Stage 2,Stage 2,0.0,1.0
62,173,Stage 2,Stage 2,0.0,1.0
62,174,Stage 1,Stage 1,0.0,1.0
62,175,Stage 0,Stage 0,0.0,1.0
62,176,Stage 0,Stage 0,0.0,1.0
62,177,Stage 2,Stage 2,0.0,1.0
62,178,Stage 0,Stage 0,0.0,1.0
62,179,Stage 0,Stage 0,0.0,1.0
62,180,Stage 0,Stage 0,0.0,1.0
62,181,Stage 0,Stage 0,0.0,1.0
62,182,Stage 0,Stage 0,0.0,1.0
62,183,Stage 1,Stage 1,0.0,1.0
62,184,Stage 0,Stage 0,0.0,1.0
62,185,Stage 4,Stage 4,0.9762595395277566,0.9762595395277566
62,186,Stage 1,Stage 1,0.0,1.0
62,187,Stage 2,Stage 2,0.0,1.0
62,188,Stage 4,Stage 4,0.9924932933273165,0.9924932933273165
62,189,Stage 2,Stage 2,0.0,1.0
62,190,Stage 0,Stage 0,0.0,1.0
62,191,Stage 0,Stage 0,0.0,1.0
62,192,Stage 1,Stage 1,0.0,1.0
62,193,Stage 0,Stage 0,0.0,1.0
62,194,Stage 1,Stage 1,0.0,1.0
62,195,Stage 0,Stage 0,0.0,1.0
62,196,Stage 4,Stage 4,0.9837900103016276,0.9837900103016276
62,197,Stage 0,Stage 0,0.0,1.0
62,198,Stage 3,Stage 3,0.0,1.0
62,199,Stage 1,Stage 1,0.0,1.0
62,200,Stage 0,Stage 0,0.0,1.0
62,201,Stage 2,Stage 2,0.0,1.0
62,202,Stage 0,Stage 0,0.0,1.0
62,203,Stage 0,Stage 0,0.0,1.0
62,204,Stage 1,Stage 1,0.0,1.0
62,205,Stage 3,Stage 3,0.0,1.0
62,206,Stage 4,Stage 4,0.9871804087658124,0.9871804087658124
62,207,Stage 0,Stage 0,0.0,1.0
62,208,Stage 2,Stage 2,0.0,1.0
62,209,Stage 3,Stage 3,0.0,1.0
62,210,Stage 2,Stage 2,0.0,1.0
62,211,Stage 1,Stage 1,0.0,1.0
62,212,Stage 1,Stage 1,0.0,1.0
62,213,Stage 0,Stage 0,0.0,1.0
62,214,Stage 4,Stage 4,0.9797670875759311,0.9797670875759311
62,215,Stage 0,Stage 0,0.0,1.0
62,216,Stage 2,Stage 2,0.0,1.0
62,217,Stage 0,Stage 0,0.0,1.0
62,218,Stage 1,Stage 1,0.0,1.0
62,219,Stage 2,Stage 2,0.0,1.0
62,220,Stage 2,Stage 2,0.0,1.0
62,221,Stage 2,Stage 2,0.0,1.0
62,222,Stage 2,Stage 2,0.0,1.0
62,223,Stage 2,Stage 4,0.9862904509919722,0.9862904509919722
62,224,Stage 0,Stage 0,0.0,1.0
62,225,Stage 1,Stage 1,0.0,1.0
62,226,Stage 0,Stage 0,0.0,1.0
62,227,Stage 0,Stage 0,0.0,1.0
62,228,Stage 0,Stage 0,0.0,1.0
62,229,Stage 2,Stage 4,0.8148279518158453,0.8148279518158453
62,230,Stage 3,Stage 3,0.0,1.0
62,231,Stage 3,Stage 3,0.0,1.0
62,232,Stage 1,Stage 1,0.0,1.0
62,233,Stage 0,Stage 0,0.0,1.0
62,234,Stage 0,Stage 0,0.0,1.0
62,235,Stage 4,Stage 4,0.9191806954309615,0.9191806954309615
62,236,Stage 1,Stage 1,0.0,1.0
62,237,Stage 1,Stage 1,0.0,1.0
62,238,Stage 2,Stage 2,0.0,1.0
62,239,Stage 2,Stage 2,0.0,1.0
62,240,Stage 0,Stage 0,0.0,1.0
62,241,Stage 0,Stage 0,0.0,1.0
62,242,Stage 3,Stage 3,0.0,1.0
62,243,Stage 2,Stage 2,0.0,1.0
62,244,Stage 0,Stage 0,0.0,1.0
62,245,Stage 4,Stage 4,0.9415287293783318,0.9415287293783318
62,246,Stage 0,Stage 0,0.0,1.0
62,247,Stage 2,Stage 2,0.0,1.0
62,248,Stage 0,Stage 0,0.0,1.0
62,249,Stage 2,Stage 2,0.0,1.0
62,250,Stage 4,Stage 4,0.9878025947614272,0.9878025947614272
62,251,Stage 3,Stage 3,0.0,1.0
62,252,Stage 0,Stage 0,0.0,1.0
62,253,Stage 4,Stage 4,0.9989387997231959,0.9989387997231959
62,254,Stage 0,Stage 0,0.0,1.0
62,255,Stage 1,Stage 1,0.0,1.0
62,256,Stage 2,Stage 4,0.9962742154207905,0.9962742154207905
62,257,Stage 0,Stage 0,0.0,1.0
62,258,Stage 2,Stage 2,0.0,1.0
62,259,Stage 2,Stage 2,0.0,1.0
62,260,Stage 0,Stage 0,0.0,1.0
62,261,Stage 0,Stage 0,0.0,1.0
62,262,Stage 0,Stage 0,0.0,1.0
62,263,Stage 2,Stage 4,0.7451452560156209,0.7451452560156209
62,264,Stage 0,Stage 0,0.0,1.0
62,265,Stage 0,Stage 0,0.0,1.0
62,266,Stage 3,Stage 3,0.0,1.0
62,267,Stage 0,Stage 0,0.0,1.0
62,268,Stage 2,Stage 2,0.0,1.0
62,269,Stage 0,Stage 0,0.0,1.0
62,270,Stage 2,Stage 2,0.0,1.0
62,271,Stage 2,Stage 4,0.5653166111965878,0.5653166111965878
62,272,Stage 2,Stage 4,0.9100266990218986,0.9100266990218986
62,273,Stage 0,Stage 0,0.0,1.0
62,274,Stage 0,Stage 0,0.0,1.0
62,275,Stage 0,Stage 0,0.0,1.0
62,276,Stage 2,Stage 2,0.0,1.0
62,277,Stage 1,Stage 1,0.0,1.0
62,278,Stage 3,Stage 3,0.0,1.0
62,279,Stage 3,Stage 3,0.0,1.0
62,280,Stage 0,Stage 0,0.0,1.0
62,281,Stage 2,Stage 2,0.0,1.0
62,282,Stage 2,Stage 2,0.0,1.0
62,283,Stage 3,Stage 3,0.0,1.0
62,284,Stage 0,Stage 0,0.0,1.0
62,285,Stage 2,Stage 2,0.0,1.0
62,286,Stage 0,Stage 0,0.0,1.0
62,287,Stage 1,Stage 1,0.0,1.0
62,288,Stage 0,Stage 0,0.0,1.0
62,289,Stage 0,Stage 0,0.0,1.0
62,290,Stage 0,Stage 0,0.0,1.0
62,291,Stage 0,Stage 0,0.0,1.0
62,292,Stage 3,Stage 3,0.0,1.0
62,293,Stage 0,Stage 0,0.0,1.0
62,294,Stage 0,Stage 0,0.0,1.0
62,295,Stage 3,Stage 3,0.0,1.0
62,296,Stage 2,Stage 2,0.37202376800919706,0.6279762319908029
62,297,Stage 0,Stage 0,0.0,1.0
64,1,Stage 1,Stage 1,0.0,1.0
64,2,Stage 4,Stage 4,0.9857782524137444,0.9857782524137444
64,3,Stage 2,Stage 2,0.0,1.0
64,4,Stage 1,Stage 1,0.0,1.0
64,5,Stage 2,Stage 2,0.0,1.0
64,6,Stage 2,Stage 2,0.0,1.0
64,7,Stage 1,Stage 1,0.0,1.0
64,8,Stage 3,Stage 3,0.0,1.0
64,9,Stage 4,Stage 2,0.43087544371378983,0.5691245562862101
64,10,Stage 1,Stage 1,0.0,1.0
64,11,Stage 4,Stage 4,0.9962742154207905,0.9962742154207905
64,12,Stage 4,Stage 4,0.8642681022944091,0.8642681022944091
64,13,Stage 0,Stage 0,0.0,1.0
64,14,Stage 2,Stage 2,0.0,1.0
64,15,Stage 0,Stage 0,0.0,1.0
64,16,Stage 3,Stage 3,0.0,1.0
64,17,Stage 1,Stage 1,0.0,1.0
64,18,Stage 0,Stage 0,0.0,1.0
64,19,Stage 0,Stage 0,0.0,1.0
64,20,Stage 2,Stage 2,0.0,1.0
64,21,Stage 0,Stage 0,0.0,1.0
64,22,Stage 0,Stage 0,0.0,1.0
64,23,Stage 0,Stage 0,0.0,1.0
64,24,Stage 2,Stage 2,0.0,1.0
64,25,Stage 0,Stage 0,0.0,1.0
64,26,Stage 1,Stage 1,0.0,1.0
64,27,Stage 0,Stage 0,0.0,1.0
64,28,Stage 4,Stage 4,0.9145746078965359,0.9145746078965359
64,29,Stage 0,Stage 0,0.0,1.0
64,30,Stage 0,Stage 0,0.0,1.0
64,31,Stage 0,Stage 0,0.0,1.0
64,32,Stage 0,Stage 0,0.0,1.0
64,33,Stage 0,Stage 0,0.0,1.0
64,34,Stage 0,Stage 0,0.0,1.0
64,35,Stage 2,Stage 2,0.0,1.0
64,36,Stage 0,Stage 0,0.0,1.0
64,37,Stage 4,Stage 4,0.7642437074005719,0.7642437074005719
64,38,Stage 0,Stage 0,0.0,1.0
64,39,Stage 0,Stage 0,0.0,1.0
64,40,Stage 0,Stage 0,0.0,1.0
64,41,Stage 0,Stage 0,0.0,1.0
64,42,Stage 0,Stage 0,0.0,1.0
64,43,Stage 0,Stage 0,0.0,1.0
64,44,Stage 4,Stage 4,0.8244978866807811,0.8244978866807811
64,45,Stage 0,Stage 0,0.0,1.0
64,46,Stage 3,Stage 3,0.0,1.0
64,47,Stage 4,Stage 4,0.9998070080552094,0.9998070080552094
64,48,Stage 2,Stage 2,0.0,1.0
64,49,Stage 1,Stage 1,0.0,1.0
64,50,Stage 0,Stage 0,0.0,1.0
64,51,Stage 1,Stage 1,0.0,1.0
64,52,Stage 2,Stage 2,0.0,1.0
64,53,Stage 0,Stage 0,0.0,1.0
64,54,Stage 4,Stage 4,0.7244802264417022,0.7244802264417022
64,55,Stage 0,Stage 0,0.0,1.0
64,56,Stage 0,Stage 0,0.0,1.0
64,57,Stage 0,Stage 0,0.0,1.0
64,58,Stage 2,Stage 2,0.0,1.0
64,59,Stage 0,Stage 0,0.0,1.0
64,60,Stage 1,Stage 1,0.0,1.0
64,61,Stage 1,Stage 1,0.0,1.0
64,62,Stage 0,Stage 0,0.0,1.0
64,63,Stage 3,Stage 3,0.0,1.0
64,64,Stage 3,Stage 3,0.0,1.0
64,65,Stage 3,Stage 3,0.0,1.0
64,66,Stage 0,Stage 0,0.0,1.0
64,67,Stage 0,Stage 0,0.0,1.0
64,68,Stage 2,Stage 2,0.0,1.0
64,69,Stage 3,Stage 3,0.0,1.0
64,70,Stage 0,Stage 0,0.0,1.0
64,71,Stage 0,Stage 0,0.0,1.0
64,72,Stage 0,Stage 0,0.0,1.0
64,73,Stage 3,Stage 3,0.0,1.0
64,74,Stage 4,Stage 4,0.9989387997231959,0.9989387997231959
64,75,Stage 3,Stage 3,0.0,1.0
64,76,Stage 4,Stage 4,0.9415287293783318,0.9415287293783318
64,77,Stage 0,Stage 0,0.0,1.0
64,78,Stage 2,Stage 2,0.0,1.0
64,79,Stage 0,Stage 0,0.0,1.0
64,80,Stage 0,Stage 0,0.0,1.0
64,81,Stage 2,Stage 2,0.0,1.0
64,82,Stage 2,Stage 2,0.0,1.0
64,83,Stage 2,Stage 2,0.0,1.0
64,84,Stage 0,Stage 0,0.0,1.0
64,85,Stage 2,Stage 2,0.0,1.0
64,86,Stage 3,Stage 3,0.0,1.0
64,87,Stage 3,Stage 3,0.0,1.0
64,88,Stage 3,Stage 3,0.0,1.0
64,89,Stage 0,Stage 0,0.0,1.0
64,90,Stage 0,Stage 0,0.0,1.0
64,91,Stage 0,Stage 0,0.0,1.0
64,92,Stage 1,Stage 1,0.0,1.0
64,93,Stage 4,Stage 4,0.796620323828894,0.796620323828894
64,94,Stage 1,Stage 1,0.0,1.0
64,95,Stage 2,Stage 2,0.0,1.0
64,96,Stage 2,Stage 2,0.0,1.0
64,97,Stage 0,Stage 0,0.0,1.0
64,98,Stage 2,Stage 2,0.0,1.0
64,99,Stage 0,Stage 0,0.0,1.0
64,100,Stage 4,Stage 4,0.9802639450357651,0.9802639450357651
64,101,Stage 0,Stage 0,0.0,1.0
64,102,Stage 0,Stage 0,0.0,1.0
64,103,Stage 4,Stage 4,0.9917133180587698,0.9917133180587698
64,104,Stage 0,Stage 0,0.0,1.0
64,105,Stage 3,Stage 3,0.0,1.0
64,106,Stage 3,Stage 3,0.0,1.0
64,107,Stage 1,Stage 1,0.0,1.0
64,108,Stage 1,Stage 1,0.0,1.0
64,109,Stage 1,Stage 1,0.0,1.0
64,110,Stage 0,Stage 0,0.0,1.0
64,111,Stage 0,Stage 0,0.0,1.0
64,112,Stage 0,Stage 0,0.0,1.0
64,113,Stage 0,Stage 0,0.0,1.0
64,114,Stage 1,Stage 1,0.0,1.0
64,115,Stage 1,Stage 1,0.0,1.0
64,116,Stage 3,Stage 3,0.0,1.0
64,117,Stage 4,Stage 4,0.8010694484398324,0.8010694484398324
64,118,Stage 0,Stage 0,0.0,1.0
64,119,Stage 0,Stage 0,0.0,1.0
64,120,Stage 0,Stage 0,0.0,1.0
64,121,Stage 4,Stage 4,0.8434394632730455,0.8434394632730455
64,122,Stage 3,Stage 3,0.0,1.0
64,123,Stage 0,Stage 0,0.0,1.0
64,124,Stage 2,Stage 2,0.0,1.0
64,125,Stage 3,Stage 3,0.0,1.0
64,126,Stage 3,Stage 3,0.0,1.0
64,127,Stage 0,Stage 0,0.0,1.0
64,128,Stage 3,Stage 3,0.0,1.0
64,129,Stage 0,Stage 0,0.0,1.0
64,130,Stage 1,Stage 1,0.0,1.0
64,131,Stage 0,Stage 0,0.0,1.0
64,132,Stage 0,Stage 0,0.0,1.0
64,133,Stage 1,Stage 1,0.0,1.0
64,134,Stage 2,Stage 2,0.0,1.0
64,135,Stage 0,Stage 0,0.0,1.0
64,136,Stage 0,Stage 0,0.0,1.0
64,137,Stage 1,Stage 1,0.0,1.0
64,138,Stage 2,Stage 2,0.0,1.0
64,139,Stage 0,Stage 0,0.0,1.0
64,140,Stage 2,Stage 2,0.0,1.0
64,141,Stage 1,Stage 1,0.0,1.0
64,142,Stage 3,Stage 3,0.0,1.0
64,143,Stage 0,Stage 0,0.0,1.0
64,144,Stage 3,Stage 3,0.0,1.0
64,145,Stage 2,Stage 2,0.0,1.0
64,146,Stage 0,Stage 0,0.0,1.0
64,147,Stage 2,Stage 2,0.0,1.0
64,148,Stage 3,Stage 3,0.0,1.0
64,149,Stage 2,Stage 4,0.8476959332087518,0.8476959332087518
64,150,Stage 2,Stage 2,0.0,1.0
64,151,Stage 3,Stage 3,0.0,1.0
64,152,Stage 2,Stage 2,0.0,1.0
64,153,Stage 4,Stage 4,0.6517868886107425,0.6517868886107425
64,154,Stage 0,Stage 0,0.0,1.0
64,155,Stage 1,Stage 1,0.0,1.0
64,156,Stage 1,Stage 1,0.0,1.0
64,157,Stage 2,Stage 2,0.0,1.0
64,158,Stage 1,Stage 1,0.0,1.0
64,159,Stage 1,Stage 1,0.0,1.0
64,160,Stage 2,Stage 4,0.6124931794201548,0.6124931794201548
64,161,Stage 2,Stage 2,0.0,1.0
64,162,Stage 0,Stage 0,0.0,1.0
64,163,Stage 2,Stage 2,0.05578588317935322,0.9442141168206465
64,164,Stage 0,Stage 0,0.0,1.0
64,165,Stage 0,Stage 0,0.0,1.0
64,166,Stage 3,Stage 3,0.0,1.0
64,167,Stage 2,Stage 2,0.0,1.0
64,168,Stage 1,Stage 1,0.0,1.0
64,169,Stage 2,Stage 2,0.0,1.0
64,170,Stage 2,Stage 2,0.0,1.0
64,171,Stage 2,Stage 2,0.2897313079799132,0.7102686920200867
64,172,Stage 0,Stage 0,0.0,1.0
64,173,Stage 0,Stage 0,0.0,1.0
64,174,Stage 0,Stage 0,0.0,1.0
64,175,Stage 0,Stage 0,0.0,1.0
64,176,Stage 4,Stage 4,0.7803015306936071,0.7803015306936071
64,177,Stage 0,Stage 0,0.0,1.0
64,178,Stage 0,Stage 0,0.0,1.0
64,179,Stage 0,Stage 0,0.0,1.0
64,180,Stage 3,Stage 3,0.0,1.0
64,181,Stage 1,Stage 1,0.0,1.0
64,182,Stage 2,Stage 2,0.0,1.0
64,183,Stage 3,Stage 3,0.0,1.0
64,184,Stage 0,Stage 0,0.0,1.0
65,1,Stage 0,Stage 0,0.0,1.0
65,2,Stage 0,Stage 0,0.0,1.0
65,3,Stage 1,Stage 1,0.0,1.0
65,4,Stage 0,Stage 0,0.0,1.0
65,5,Stage 0,Stage 0,0.0,1.0
65,6,Stage 0,Stage 0,0.0,1.0
65,7,Stage 2,Stage 2,0.0,1.0
65,8,Stage 0,Stage 0,0.0,1.0
65,9,Stage 2,Stage 2,0.0,1.0
65,10,Stage 4,Stage 4,0.9921742807805474,0.9921742807805474
65,11,Stage 2,Stage 2,0.0,1.0
65,12,Stage 0,Stage 0,0.0,1.0
65,13,Stage 4,Stage 4,0.9985007302536165,0.9985007302536165
65,14,Stage 4,Stage 4,0.9892365200064338,0.9892365200064338
65,15,Stage 0,Stage 0,0.0,1.0
65,16,Stage 3,Stage 3,0.0,1.0
65,17,Stage 3,Stage 3,0.0,1.0
65,18,Stage 4,Stage 4,0.9975878016129752,0.9975878016129752
65,19,Stage 2,Stage 2,0.0,1.0
65,20,Stage 1,Stage 1,0.0,1.0
65,21,Stage 1,Stage 1,0.0,1.0
65,22,Stage 2,Stage 2,0.0,1.0
65,23,Stage 0,Stage 0,0.0,1.0
65,24,Stage 0,Stage 0,0.0,1.0
65,25,Stage 0,Stage 0,0.0,1.0
65,26,Stage 0,Stage 0,0.0,1.0
65,27,Stage 4,Stage 4,0.9875090064376034,0.9875090064376034
65,28,Stage 0,Stage 0,0.0,1.0
65,29,Stage 2,Stage 2,0.0,1.0
65,30,Stage 3,Stage 3,0.0,1.0
65,31,Stage 3,Stage 3,0.0,1.0
65,32,Stage 1,Stage 1,0.0,1.0
65,33,Stage 0,Stage 0,0.0,1.0
65,34,Stage 4,Stage 4,0.9972944955832509,0.9972944955832509
65,35,Stage 0,Stage 0,0.0,1.0
65,36,Stage 1,Stage 1,0.0,1.0
65,37,Stage 2,Stage 2,0.0,1.0
65,38,Stage 4,Stage 4,0.9948880576984798,0.9948880576984798
65,39,Stage 0,Stage 0,0.0,1.0
65,40,Stage 0,Stage 0,0.0,1.0
65,41,Stage 0,Stage 0,0.0,1.0
65,42,Stage 1,Stage 1,0.0,1.0
65,43,Stage 3,Stage 3,0.0,1.0
65,44,Stage 0,Stage 0,0.0,1.0
65,45,Stage 4,Stage 4,0.9990286822294617,0.9990286822294617
65,46,Stage 0,Stage 0,0.0,1.0
65,47,Stage 0,Stage 0,0.0,1.0
65,48,Stage 1,Stage 1,0.0,1.0
65,49,Stage 1,Stage 1,0.0,1.0
65,50,Stage 4,Stage 4,0.9878025947614272,0.9878025947614272
65,51,Stage 2,Stage 2,0.0,1.0
65,52,Stage 0,Stage 0,0.0,1.0
65,53,Stage 3,Stage 3,0.0,1.0
65,54,Stage 3,Stage 3,0.0,1.0
65,55,Stage 2,Stage 2,0.0,1.0
65,56,Stage 4,Stage 4,0.9985007302536165,0.9985007302536165
65,57,Stage 4,Stage 4,0.9990286822294617,0.9990286822294617
65,58,Stage 0,Stage 0,0.0,1.0
65,59,Stage 4,Stage 4,0.9989387997231959,0.9989387997231959
65,60,Stage 0,Stage 0,0.0,1.0
65,61,Stage 1,Stage 1,0.0,1.0
65,62,Stage 0,Stage 0,0.0,1.0
65,63,Stage 4,Stage 4,0.9962742154207905,0.9962742154207905
65,64,Stage 2,Stage 2,0.0,1.0
65,65,Stage 0,Stage 0,0.0,1.0
65,66,Stage 2,Stage 2,0.0,1.0
65,67,Stage 0,Stage 0,0.0,1.0
65,68,Stage 1,Stage 1,0.0,1.0
65,69,Stage 3,Stage 3,0.0,1.0
65,70,Stage 0,Stage 0,0.0,1.0
65,71,Stage 0,Stage 0,0.0,1.0
65,72,Stage 3,Stage 3,0.0,1.0
65,73,Stage 0,Stage 0,0.0,1.0
65,74,Stage 4,Stage 4,0.9998070080552094,0.9998070080552094
65,75,Stage 0,Stage 0,0.0,1.0
65,76,Stage 1,Stage 1,0.0,1.0
65,77,Stage 3,Stage 3,0.0,1.0
65,78,Stage 1,Stage 1,0.0,1.0
65,79,Stage 2,Stage 2,0.0,1.0
65,80,Stage 0,Stage 0,0.0,1.0
65,81,Stage 1,Stage 1,0.0,1.0
65,82,Stage 2,Stage 2,0.0,1.0
65,83,Stage 0,Stage 0,0.0,1.0
65,84,Stage 0,Stage 0,0.0,1.0
65,85,Stage 3,Stage 3,0.0,1.0
65,86,Stage 0,Stage 0,0.0,1.0
65,87,Stage 4,Stage 4,0.9985007302536165,0.9985007302536165
65,88,Stage 2,Stage 2,0.0,1.0
65,89,Stage 3,Stage 3,0.0,1.0
65,90,Stage 2,Stage 2,0.0,1.0
65,91,Stage 0,Stage 0,0.0,1.0
65,92,Stage 4,Stage 4,0.9837900103016276,0.9837900103016276
65,93,Stage 2,Stage 2,0.0,1.0
65,94,Stage 0,Stage 0,0.0,1.0
65,95,Stage 4,Stage 4,0.9985007302536165,0.9985007302536165
65,96,Stage 2,Stage 2,0.0,1.0
65,97,Stage 0,Stage 0,0.0,1.0
65,98,Stage 1,Stage 1,0.0,1.0
65,99,Stage 2,Stage 2,0.0,1.0
65,100,Stage 1,Stage 1,0.0,1.0
65,101,Stage 2,Stage 2,0.0,1.0
65,102,Stage 4,Stage 4,0.9998070080552094,0.9998070080552094
65,103,Stage 4,Stage 4,0.9989387997231959,0.9989387997231959
65,104,Stage 3,Stage 3,0.0,1.0
65,105,Stage 0,Stage 0,0.0,1.0
65,106,Stage 1,Stage 1,0.0,1.0
65,107,Stage 0,Stage 0,0.0,1.0
65,108,Stage 2,Stage 2,0.0,1.0
65,109,Stage 0,Stage 0,0.0,1.0
65,110,Stage 0,Stage 0,0.0,1.0
65,111,Stage 1,Stage 1,0.0,1.0
65,112,Stage 2,Stage 2,0.0,1.0
65,113,Stage 4,Stage 4,0.9650465610102422,0.9650465610102422
65,114,Stage 3,Stage 3,0.0,1.0
65,115,Stage 0,Stage 0,0.0,1.0
65,116,Stage 3,Stage 3,0.0,1.0
65,117,Stage 0,Stage 0,0.0,1.0
65,118,Stage 0,Stage 0,0.0,1.0
65,119,Stage 0,Stage 0,0.0,1.0
65,120,Stage 1,Stage 1,0.0,1.0
65,121,Stage 0,Stage 0,0.0,1.0
65,122,Stage 1,Stage 1,0.0,1.0
65,123,Stage 0,Stage 0,0.0,1.0
65,124,Stage 0,Stage 0,0.0,1.0
65,125,Stage 4,Stage 4,0.9962742154207905,0.9962742154207905
65,126,Stage 0,Stage 0,0.0,1.0
65,127,Stage 0,Stage 0,0.0,1.0
65,128,Stage 0,Stage 0,0.0,1.0
65,129,Stage 0,Stage 0,0.0,1.0
65,130,Stage 3,Stage 3,0.0,1.0
65,131,Stage 0,Stage 0,0.0,1.0
65,132,Stage 3,Stage 3,0.0,1.0
65,133,Stage 3,Stage 3,0.0,1.0
65,134,Stage 1,Stage 1,0.0,1.0
65,135,Stage 0,Stage 0,0.0,1.0
65,136,Stage 1,Stage 1,0.0,1.0
65,137,Stage 4,Stage 4,0.9917133180587698,0.9917133180587698
65,138,Stage 0,Stage 0,0.0,1.0
65,139,Stage 1,Stage 1,0.0,1.0
65,140,Stage 4,Stage 4,0.9998070080552094,0.9998070080552094
65,141,Stage 2,Stage 2,0.0,1.0
65,142,Stage 2,Stage 2,0.0,1.0
65,143,Stage 0,Stage 0,0.0,1.0
65,144,Stage 4,Stage 4,0.9972944955832509,0.9972944955832509
65,145,Stage 0,Stage 0,0.0,1.0
65,146,Stage 3,Stage 3,0.0,1.0
65,147,Stage 4,Stage 4,0.9548086382382833,0.9548086382382833
65,148,Stage 0,Stage 0,0.0,1.0
65,149,Stage 4,Stage 4,0.9877252138926669,0.9877252138926669
65,150,Stage 3,Stage 3,0.0,1.0
65,151,Stage 0,Stage 0,0.0,1.0
65,152,Stage 0,Stage 0,0.0,1.0
65,153,Stage 0,Stage 0,0.0,1.0
65,154,Stage 2,Stage 2,0.0,1.0
65,155,Stage 1,Stage 1,0.0,1.0
65,156,Stage 2,Stage 2,0.0,1.0
65,157,Stage 0,Stage 0,0.0,1.0
65,158,Stage 4,Stage 4,0.9797670875759311,0.9797670875759311
65,159,Stage 4,Stage 4,0.9958251419178974,0.9958251419178974
65,160,Stage 0,Stage 0,0.0,1.0
65,161,Stage 0,Stage 0,0.0,1.0
65,162,Stage 3,Stage 3,0.0,1.0
65,163,Stage 2,Stage 2,0.0,1.0
65,164,Stage 1,Stage 1,0.0,1.0
65,165,Stage 0,Stage 0,0.0,1.0
65,166,Stage 0,Stage 0,0.0,1.0
65,167,Stage 0,Stage 0,0.0,1.0
65,168,Stage 1,Stage 1,0.0,1.0
65,169,Stage 3,Stage 3,0.0,1.0
65,170,Stage 2,Stage 2,0.0,1.0
65,171,Stage 3,Stage 3,0.0,1.0
65,172,Stage 2,Stage 2,0.0,1.0
65,173,Stage 1,Stage 1,0.0,1.0
65,174,Stage 3,Stage 3,0.0,1.0
65,175,Stage 1,Stage 1,0.0,1.0
65,176,Stage 0,Stage 0,0.0,1.0
65,177,Stage 1,Stage 1,0.0,1.0
65,178,Stage 4,Stage 4,0.9932192405375908,0.9932192405375908
65,179,Stage 0,Stage 0,0.0,1.0
65,180,Stage 1,Stage 1,0.0,1.0
65,181,Stage 3,Stage 3,0.0,1.0
65,182,Stage 1,Stage 1,0.0,1.0
65,183,Stage 0,Stage 0,0.0,1.0
65,184,Stage 3,Stage 3,0.0,1.0
65,185,Stage 0,Stage 0,0.0,1.0
65,186,Stage 2,Stage 2,0.0,1.0
65,187,Stage 4,Stage 4,0.9985007302536165,0.9985007302536165
65,188,Stage 4,Stage 4,0.9990286822294617,0.9990286822294617
65,189,Stage 2,Stage 2,0.0,1.0
65,190,Stage 0,Stage 0,0.0,1.0
65,191,Stage 2,Stage 2,0.0,1.0
65,192,Stage 1,Stage 1,0.0,1.0
65,193,Stage 0,Stage 0,0.0,1.0
65,194,Stage 1,Stage 1,0.0,1.0
65,195,Stage 1,Stage 1,0.0,1.0
65,196,Stage 3,Stage 3,0.0,1.0
65,197,Stage 2,Stage 2,0.0,1.0
65,198,Stage 1,Stage 1,0.0,1.0
65,199,Stage 0,Stage 0,0.0,1.0
65,200,Stage 4,Stage 4,0.9962742154207905,0.9962742154207905
65,201,Stage 3,Stage 3,0.0,1.0
65,202,Stage 1,Stage 1,0.0,1.0
65,203,Stage 1,Stage 1,0.0,1.0
65,204,Stage 3,Stage 3,0.0,1.0
65,205,Stage 0,Stage 0,0.0,1.0
65,206,Stage 0,Stage 0,0.0,1.0
65,207,Stage 2,Stage 2,0.0,1.0
65,208,Stage 4,Stage 4,0.9985007302536165,0.9985007302536165
65,209,Stage 0,Stage 0,0.0,1.0
65,210,Stage 4,Stage 4,0.9958251419178974,0.9958251419178974
65,211,Stage 2,Stage 2,0.0,1.0
65,212,Stage 0,Stage 0,0.0,1.0
65,213,Stage 1,Stage 1,0.0,1.0
65,214,Stage 4,Stage 4,0.9985007302536165,0.9985007302536165
65,215,Stage 0,Stage 0,0.0,1.0
65,216,Stage 0,Stage 0,0.0,1.0
65,217,Stage 2,Stage 2,0.0,1.0
65,218,Stage 0,Stage 0,0.0,1.0
65,219,Stage 2,Stage 2,0.0,1.0
65,220,Stage 0,Stage 0,0.0,1.0
65,221,Stage 0,Stage 0,0.0,1.0
65,222,Stage 0,Stage 0,0.0,1.0
65,223,Stage 2,Stage 2,0.0,1.0
65,224,Stage 1,Stage 1,0.0,1.0
65,225,Stage 0,Stage 0,0.0,1.0
65,226,Stage 0,Stage 0,0.0,1.0
65,227,Stage 3,Stage 3,0.0,1.0
65,228,Stage 4,Stage 4,0.9985007302536165,0.9985007302536165
65,229,Stage 4,Stage 4,0.9985007302536165,0.9985007302536165
65,230,Stage 0,Stage 0,0.0,1.0
65,231,Stage 0,Stage 0,0.0,1.0
65,232,Stage 0,Stage 0,0.0,1.0
65,233,Stage 2,Stage 2,0.0,1.0
65,234,Stage 0,Stage 0,0.0,1.0
65,235,Stage 0,Stage 0,0.0,1.0
65,236,Stage 2,Stage 2,0.0,1.0
65,237,Stage 0,Stage 0,0.0,1.0
65,238,Stage 0,Stage 0,0.0,1.0
65,239,Stage 4,Stage 4,0.9990286822294617,0.9990286822294617
65,240,Stage 0,Stage 0,0.0,1.0
65,241,Stage 2,Stage 2,0.0,1.0
65,242,Stage 0,Stage 0,0.0,1.0
65,243,Stage 2,Stage 2,0.0,1.0
65,244,Stage 4,Stage 4,0.9837900103016276,0.9837900103016276
65,245,Stage 1,Stage 1,0.0,1.0
65,246,Stage 3,Stage 3,0.0,1.0
65,247,Stage 4,Stage 4,0.9924932933273165,0.9924932933273165
65,248,Stage 0,Stage 0,0.0,1.0
65,249,Stage 3,Stage 3,0.0,1.0
65,250,Stage 0,Stage 0,0.0,1.0
65,251,Stage 4,Stage 4,0.9191806954309615,0.9191806954309615
65,252,Stage 0,Stage 0,0.0,1.0
65,253,Stage 1,Stage 1,0.0,1.0
65,254,Stage 3,Stage 3,0.0,1.0
65,255,Stage 1,Stage 1,0.0,1.0
65,256,Stage 2,Stage 2,0.0,1.0
65,257,Stage 0,Stage 0,0.0,1.0
65,258,Stage 3,Stage 3,0.0,1.0
65,259,Stage 3,Stage 3,0.0,1.0
65,260,Stage 2,Stage 2,0.0,1.0
65,261,Stage 1,Stage 1,0.0,1.0
65,262,Stage 0,Stage 0,0.0,1.0
65,263,Stage 0,Stage 0,0.0,1.0
65,264,Stage 4,Stage 4,0.9892365200064338,0.9892365200064338
65,265,Stage 0,Stage 0,0.0,1.0
65,266,Stage 2,Stage 2,0.0,1.0
65,267,Stage 0,Stage 0,0.0,1.0
65,268,Stage 3,Stage 3,0.0,1.0
65,269,Stage 0,Stage 0,0.0,1.0
65,270,Stage 0,Stage 0,0.0,1.0
65,271,Stage 0,Stage 0,0.0,1.0
65,272,Stage 1,Stage 1,0.0,1.0
65,273,Stage 3,Stage 3,0.0,1.0
65,274,Stage 0,Stage 0,0.0,1.0
65,275,Stage 0,Stage 0,0.0,1.0
65,276,Stage 0,Stage 0,0.0,1.0
65,277,Stage 1,Stage 1,0.0,1.0
65,278,Stage 1,Stage 1,0.0,1.0
65,279,Stage 0,Stage 0,0.0,1.0
65,280,Stage 1,Stage 1,0.0,1.0
65,281,Stage 2,Stage 4,0.8811428182525202,0.8811428182525202
65,282,Stage 2,Stage 2,0.0,1.0
65,283,Stage 0,Stage 0,0.0,1.0
65,284,Stage 2,Stage 2,0.0,1.0
65,285,Stage 1,Stage 1,0.0,1.0
65,286,Stage 0,Stage 0,0.0,1.0
65,287,Stage 0,Stage 0,0.0,1.0
65,288,Stage 3,Stage 3,0.0,1.0
65,289,Stage 0,Stage 0,0.0,1.0
65,290,Stage 1,Stage 1,0.0,1.0
65,291,Stage 2,Stage 4,0.9871804087658124,0.9871804087658124
65,292,Stage 2,Stage 4,0.7113694218942217,0.7113694218942217
65,293,Stage 2,Stage 4,0.6068739264252959,0.6068739264252959
65,294,Stage 3,Stage 3,0.0,1.0
65,295,Stage 2,Stage 4,0.9364034605127471,0.9364034605127471
65,296,Stage 3,Stage 3,0.0,1.0
65,297,Stage 2,Stage 4,0.8576291809919231,0.8576291809919231
65,298,Stage 2,Stage 2,0.0,1.0
65,299,Stage 2,Stage 2,0.0,1.0
65,300,Stage 2,Stage 2,0.0,1.0
65,301,Stage 1,Stage 1,0.0,1.0
65,302,Stage 0,Stage 0,0.0,1.0
65,303,Stage 3,Stage 3,0.0,1.0
65,304,Stage 0,Stage 0,0.0,1.0
65,305,Stage 0,Stage 0,0.0,1.0
65,306,Stage 0,Stage 0,0.0,1.0
65,307,Stage 3,Stage 3,0.0,1.0
65,308,Stage 0,Stage 0,0.0,1.0
65,309,Stage 1,Stage 1,0.0,1.0
65,310,Stage 0,Stage 0,0.0,1.0
65,311,Stage 2,Stage 2,0.0,1.0
65,312,Stage 2,Stage 2,0.0,1.0
65,313,Stage 0,Stage 0,0.0,1.0
65,314,Stage 2,Stage 2,0.0,1.0
65,315,Stage 1,Stage 1,0.0,1.0
65,316,Stage 0,Stage 0,0.0,1.0
65,317,Stage 2,Stage 2,0.0,1.0
65,318,Stage 1,Stage 1,0.0,1.0
65,319,Stage 1,Stage 1,0.0,1.0
65,320,Stage 3,Stage 3,0.0,1.0
65,321,Stage 2,Stage 4,0.9632199222745819,0.9632199222745819
65,322,Stage 0,Stage 0,0.0,1.0
65,323,Stage 2,Stage 2,0.0,1.0
65,324,Stage 3,Stage 3,0.0,1.0
65,325,Stage 3,Stage 3,0.0,1.0
65,326,Stage 1,Stage 1,0.0,1.0
65,327,Stage 3,Stage 3,0.0,1.0
65,328,Stage 0,Stage 0,0.0,1.0
65,329,Stage 0,Stage 0,0.0,1.0
65,330,Stage 2,Stage 4,0.9962742154207905,0.9962742154207905
65,331,Stage 0,Stage 0,0.0,1.0
65,332,Stage 0,Stage 0,0.0,1.0
65,333,Stage 3,Stage 3,0.0,1.0
65,334,Stage 0,Stage 0,0.0,1.0
65,335,Stage 2,Stage 2,0.0,1.0
65,336,Stage 0,Stage 0,0.0,1.0
65,337,Stage 3,Stage 3,0.0,1.0
65,338,Stage 2,Stage 2,0.0,1.0
65,339,Stage 2,Stage 2,0.0,1.0
65,340,Stage 0,Stage 0,0.0,1.0
65,341,Stage 0,Stage 0,0.0,1.0
65,342,Stage 1,Stage 1,0.0,1.0
65,343,Stage 0,Stage 0,0.0,1.0
65,344,Stage 0,Stage 0,0.0,1.0
65,345,Stage 2,Stage 4,0.8520404411420309,0.8520404411420309
65,346,Stage 2,Stage 2,0.0,1.0
65,347,Stage 1,Stage 1,0.0,1.0
65,348,Stage 0,Stage 0,0.0,1.0
65,349,Stage 2,Stage 2,0.0,1.0
65,350,Stage 1,Stage 1,0.0,1.0
65,351,Stage 0,Stage 0,0.0,1.0
69,1,Stage 3,Stage 3,0.0,1.0
69,2,Stage 3,Stage 3,0.0,1.0
69,3,Stage 1,Stage 1,0.0,1.0
69,4,Stage 0,Stage 0,0.0,1.0
69,5,Stage 1,Stage 1,0.0,1.0
69,6,Stage 4,Stage 4,0.9650465610102422,0.9650465610102422
69,7,Stage 4,Stage 4,0.9985007302536165,0.9985007302536165
69,8,Stage 2,Stage 2,0.0,1.0
69,9,Stage 1,Stage 1,0.0,1.0
69,10,Stage 0,Stage 0,0.0,1.0
69,11,Stage 1,Stage 1,0.0,1.0
69,12,Stage 3,Stage 3,0.0,1.0
69,13,Stage 2,Stage 2,0.0,1.0
69,14,Stage 3,Stage 3,0.0,1.0
69,15,Stage 1,Stage 1,0.0,1.0
69,16,Stage 0,Stage 0,0.0,1.0
69,17,Stage 1,Stage 1,0.0,1.0
69,18,Stage 0,Stage 0,0.0,1.0
69,19,Stage 2,Stage 2,0.03386819974327718,0.9661318002567231
69,20,Stage 0,Stage 0,0.0,1.0
69,21,Stage 0,Stage 0,0.0,1.0
69,22,Stage 4,Stage 4,0.9892898864791082,0.9892898864791082
69,23,Stage 2,Stage 2,0.0,1.0
69,24,Stage 2,Stage 2,0.0,1.0
69,25,Stage 0,Stage 0,0.0,1.0
69,26,Stage 0,Stage 0,0.0,1.0
69,27,Stage 0,Stage 0,0.0,1.0
69,28,Stage 4,Stage 4,0.9999339624760237,0.9999339624760237
69,29,Stage 2,Stage 2,0.0,1.0
69,30,Stage 0,Stage 0,0.0,1.0
69,31,Stage 0,Stage 0,0.0,1.0
69,32,Stage 4,Stage 4,0.9985007302536165,0.9985007302536165
69,33,Stage 0,Stage 0,0.0,1.0
69,34,Stage 4,Stage 4,0.9917133180587698,0.9917133180587698
69,35,Stage 0,Stage 0,0.0,1.0
69,36,Stage 3,Stage 3,0.0,1.0
69,37,Stage 2,Stage 2,0.0,1.0
69,38,Stage 1,Stage 1,0.0,1.0
69,39,Stage 3,Stage 3,0.0,1.0
69,40,Stage 0,Stage 0,0.0,1.0
69,41,Stage 2,Stage 2,0.0,1.0
69,42,Stage 1,Stage 1,0.0,1.0
69,43,Stage 3,Stage 3,0.0,1.0
69,44,Stage 0,Stage 0,0.0,1.0
69,45,Stage 0,Stage 0,0.0,1.0
69,46,Stage 1,Stage 1,0.0,1.0
69,47,Stage 3,Stage 3,0.0,1.0
69,48,Stage 3,Stage 3,0.0,1.0
69,49,Stage 0,Stage 0,0.0,1.0
69,50,Stage 0,Stage 0,0.0,1.0
69,51,Stage 3,Stage 3,0.0,1.0
69,52,Stage 1,Stage 1,0.0,1.0
69,53,Stage 3,Stage 3,0.0,1.0
69,54,Stage 2,Stage 2,0.0,1.0
69,55,Stage 4,Stage 4,0.9999445689853212,0.9999445689853212
69,56,Stage 0,Stage 0,0.0,1.0
69,57,Stage 4,Stage 2,0.0,1.0
69,58,Stage 0,Stage 0,0.0,1.0
69,59,Stage 1,Stage 1,0.0,1.0
69,60,Stage 1,Stage 1,0.0,1.0
69,61,Stage 0,Stage 0,0.0,1.0
69,62,Stage 1,Stage 1,0.0,1.0
69,63,Stage 0,Stage 0,0.0,1.0
69,64,Stage 0,Stage 0,0.0,1.0
69,65,Stage 2,Stage 2,0.0,1.0
69,66,Stage 1,Stage 1,0.0,1.0
69,67,Stage 4,Stage 4,0.9989387997231959,0.9989387997231959
69,68,Stage 3,Stage 3,0.0,1.0
69,69,Stage 0,Stage 0,0.0,1.0
69,70,Stage 0,Stage 0,0.0,1.0
69,71,Stage 4,Stage 4,0.9990286822294617,0.9990286822294617
69,72,Stage 2,Stage 2,0.0,1.0
69,73,Stage 2,Stage 2,0.0,1.0
69,74,Stage 4,Stage 4,0.9958251419178974,0.9958251419178974
69,75,Stage 3,Stage 3,0.0,1.0
69,76,Stage 0,Stage 0,0.0,1.0
69,77,Stage 1,Stage 1,0.0,1.0
69,78,Stage 2,Stage 2,0.0,1.0
69,79,Stage 0,Stage 0,0.0,1.0
69,80,Stage 4,Stage 4,0.9990286822294617,0.9990286822294617
69,81,Stage 0,Stage 0,0.0,1.0
69,82,Stage 0,Stage 0,0.0,1.0
69,83,Stage 2,Stage 2,0.0,1.0
69,84,Stage 4,Stage 4,0.9998070080552094,0.9998070080552094
69,85,Stage 0,Stage 0,0.0,1.0
69,86,Stage 0,Stage 0,0.0,1.0
69,87,Stage 1,Stage 1,0.0,1.0
69,88,Stage 3,Stage 3,0.0,1.0
69,89,Stage 1,Stage 1,0.0,1.0
69,90,Stage 3,Stage 3,0.0,1.0
69,91,Stage 1,Stage 1,0.0,1.0
69,92,Stage 2,Stage 2,0.0,1.0
69,93,Stage 3,Stage 3,0.0,1.0
69,94,Stage 0,Stage 0,0.0,1.0
69,95,Stage 3,Stage 3,0.0,1.0
69,96,Stage 2,Stage 2,0.0,1.0
69,97,Stage 0,Stage 0,0.0,1.0
69,98,Stage 2,Stage 2,0.0,1.0
69,99,Stage 0,Stage 0,0.0,1.0
69,100,Stage 4,Stage 4,0.9958251419178974,0.9958251419178974
69,101,Stage 0,Stage 0,0.0,1.0
69,102,Stage 3,Stage 3,0.0,1.0
69,103,Stage 3,Stage 3,0.0,1.0
69,104,Stage 1,Stage 1,0.0,1.0
69,105,Stage 0,Stage 0,0.0,1.0
69,106,Stage 0,Stage 0,0.0,1.0
69,107,Stage 2,Stage 2,0.0,1.0
69,108,Stage 3,Stage 3,0.0,1.0
69,109,Stage 0,Stage 0,0.0,1.0
69,110,Stage 4,Stage 4,0.9989387997231959,0.9989387997231959
69,111,Stage 0,Stage 0,0.0,1.0
69,112,Stage 3,Stage 3,0.0,1.0
69,113,Stage 4,Stage 4,0.9990286822294617,0.9990286822294617
69,114,Stage 3,Stage 3,0.0,1.0
69,115,Stage 0,Stage 0,0.0,1.0
69,116,Stage 0,Stage 0,0.0,1.0
69,117,Stage 0,Stage 0,0.0,1.0
69,118,Stage 0,Stage 0,0.0,1.0
69,119,Stage 0,Stage 0,0.0,1.0
69,120,Stage 0,Stage 0,0.0,1.0
69,121,Stage 0,Stage 0,0.0,1.0
69,122,Stage 1,Stage 1,0.0,1.0
69,123,Stage 2,Stage 2,0.0,1.0
69,124,Stage 3,Stage 3,0.0,1.0
69,125,Stage 1,Stage 1,0.0,1.0
69,126,Stage 2,Stage 2,0.0,1.0
69,127,Stage 0,Stage 0,0.0,1.0
69,128,Stage 4,Stage 4,0.9824666731868933,0.9824666731868933
69,129,Stage 0,Stage 0,0.0,1.0
69,130,Stage 4,Stage 4,0.9998070080552094,0.9998070080552094
69,131,Stage 0,Stage 0,0.0,1.0
69,132,Stage 4,Stage 4,0.9985007302536165,0.9985007302536165
69,133,Stage 2,Stage 2,0.0,1.0
69,134,Stage 2,Stage 2,0.0,1.0
69,135,Stage 2,Stage 2,0.0,1.0
69,136,Stage 3,Stage 3,0.0,1.0
69,137,Stage 0,Stage 0,0.0,1.0
69,138,Stage 0,Stage 0,0.0,1.0
69,139,Stage 0,Stage 0,0.0,1.0
69,140,Stage 1,Stage 1,0.0,1.0
69,141,Stage 2,Stage 2,0.0,1.0
69,142,Stage 4,Stage 4,0.9990286822294617,0.9990286822294617
69,143,Stage 0,Stage 0,0.0,1.0
69,144,Stage 1,Stage 1,0.0,1.0
69,145,Stage 0,Stage 0,0.0,1.0
69,146,Stage 3,Stage 3,0.0,1.0
69,147,Stage 4,Stage 4,0.9999022010127095,0.9999022010127095
69,148,Stage 0,Stage 0,0.0,1.0
69,149,Stage 0,Stage 0,0.0,1.0
69,150,Stage 0,Stage 0,0.0,1.0
69,151,Stage 4,Stage 4,0.9871804087658124,0.9871804087658124
69,152,Stage 2,Stage 2,0.0,1.0
69,153,Stage 0,Stage 0,0.0,1.0
69,154,Stage 0,Stage 0,0.0,1.0
69,155,Stage 3,Stage 3,0.0,1.0
69,156,Stage 4,Stage 4,0.8642681022944091,0.8642681022944091
69,157,Stage 2,Stage 2,0.0,1.0
69,158,Stage 2,Stage 2,0.0,1.0
69,159,Stage 4,Stage 4,0.9921742807805474,0.9921742807805474
69,160,Stage 0,Stage 0,0.0,1.0
69,161,Stage 1,Stage 1,0.0,1.0
69,162,Stage 1,Stage 1,0.0,1.0
69,163,Stage 2,Stage 2,0.0,1.0
69,164,Stage 1,Stage 1,0.0,1.0
69,165,Stage 0,Stage 0,0.0,1.0
69,166,Stage 0,Stage 0,0.0,1.0
69,167,Stage 1,Stage 1,0.0,1.0
69,168,Stage 4,Stage 4,0.9932192405375908,0.9932192405375908
69,169,Stage 1,Stage 1,0.0,1.0
69,170,Stage 0,Stage 0,0.0,1.0
69,171,Stage 4,Stage 4,0.9990286822294617,0.9990286822294617
69,172,Stage 3,Stage 3,0.0,1.0
69,173,Stage 0,Stage 0,0.0,1.0
69,174,Stage 0,Stage 0,0.0,1.0
69,175,Stage 3,Stage 3,0.0,1.0
69,176,Stage 2,Stage 2,0.0,1.0
69,177,Stage 3,Stage 3,0.0,1.0
69,178,Stage 2,Stage 2,0.0,1.0
69,179,Stage 3,Stage 3,0.0,1.0
69,180,Stage 0,Stage 0,0.0,1.0
69,181,Stage 4,Stage 4,0.9990286822294617,0.9990286822294617
69,182,Stage 0,Stage 0,0.0,1.0
69,183,Stage 1,Stage 1,0.0,1.0
69,184,Stage 2,Stage 2,0.0,1.0
69,185,Stage 0,Stage 0,0.0,1.0
69,186,Stage 1,Stage 1,0.0,1.0
69,187,Stage 1,Stage 1,0.0,1.0
69,188,Stage 4,Stage 4,0.8642681022944091,0.8642681022944091
69,189,Stage 0,Stage 0,0.0,1.0
69,190,Stage 2,Stage 2,0.0,1.0
69,191,Stage 2,Stage 2,0.0,1.0
69,192,Stage 3,Stage 3,0.0,1.0
69,193,Stage 3,Stage 3,0.0,1.0
69,194,Stage 0,Stage 0,0.0,1.0
69,195,Stage 3,Stage 3,0.0,1.0
69,196,Stage 3,Stage 3,0.0,1.0
69,197,Stage 1,Stage 1,0.0,1.0
69,198,Stage 2,Stage 2,0.0,1.0
69,199,Stage 0,Stage 0,0.0,1.0
69,200,Stage 3,Stage 3,0.0,1.0
69,201,Stage 4,Stage 4,0.9499993864621158,0.9499993864621158
69,202,Stage 0,Stage 0,0.0,1.0
69,203,Stage 0,Stage 0,0.0,1.0
69,204,Stage 0,Stage 0,0.0,1.0
69,205,Stage 0,Stage 0,0.0,1.0
69,206,Stage 2,Stage 2,0.0,1.0
69,207,Stage 3,Stage 3,0.0,1.0
69,208,Stage 2,Stage 4,0.9414125247548252,0.9414125247548252
69,209,Stage 4,Stage 4,0.6124931794201548,0.6124931794201548
69,210,Stage 0,Stage 0,0.0,1.0
69,211,Stage 0,Stage 0,0.0,1.0
69,212,Stage 3,Stage 3,0.0,1.0
69,213,Stage 0,Stage 0,0.0,1.0
69,214,Stage 3,Stage 3,0.0,1.0
69,215,Stage 0,Stage 0,0.0,1.0
69,216,Stage 2,Stage 2,0.0,1.0
69,217,Stage 0,Stage 0,0.0,1.0
69,218,Stage 0,Stage 0,0.0,1.0
69,219,Stage 0,Stage 0,0.0,1.0
69,220,Stage 0,Stage 0,0.0,1.0
69,221,Stage 2,Stage 4,0.647141386050722,0.647141386050722
69,222,Stage 0,Stage 0,0.0,1.0
69,223,Stage 3,Stage 3,0.0,1.0
69,224,Stage 0,Stage 0,0.0,1.0
69,225,Stage 2,Stage 4,0.8656719512147011,0.8656719512147011
69,226,Stage 0,Stage 0,0.0,1.0
74,1,Stage 0,Stage 0,0.0,1.0
74,2,Stage 1,Stage 1,0.0,1.0
74,3,Stage 1,Stage 1,0.0,1.0
74,4,Stage 0,Stage 0,0.0,1.0
74,5,Stage 4,Stage 4,0.9985007302536165,0.9985007302536165
74,6,Stage 4,Stage 4,0.9999339624760237,0.9999339624760237
74,7,Stage 2,Stage 2,0.03386819974327718,0.9661318002567231
74,8,Stage 0,Stage 0,0.0,1.0
74,9,Stage 0,Stage 0,0.0,1.0
74,10,Stage 4,Stage 4,0.9998070080552094,0.9998070080552094
74,11,Stage 3,Stage 3,0.0,1.0
74,12,Stage 0,Stage 0,0.0,1.0
74,13,Stage 3,Stage 3,0.0,1.0
74,14,Stage 2,Stage 2,0.0,1.0
74,15,Stage 1,Stage 1,0.0,1.0
74,16,Stage 4,Stage 4,0.9975878016129752,0.9975878016129752
74,17,Stage 0,Stage 0,0.0,1.0
74,18,Stage 3,Stage 3,0.0,1.0
74,19,Stage 1,Stage 1,0.0,1.0
74,20,Stage 1,Stage 1,0.0,1.0
74,21,Stage 0,Stage 0,0.0,1.0
74,22,Stage 3,Stage 3,0.0,1.0
74,23,Stage 4,Stage 4,0.866105778819992,0.866105778819992
74,24,Stage 4,Stage 4,0.8746251110978637,0.8746251110978637
74,25,Stage 1,Stage 1,0.0,1.0
74,26,Stage 2,Stage 2,0.0,1.0
74,27,Stage 0,Stage 0,0.0,1.0
74,28,Stage 4,Stage 4,0.9998070080552094,0.9998070080552094
74,29,Stage 4,Stage 4,0.9832208766201544,0.9832208766201544
74,30,Stage 2,Stage 2,0.0,1.0
74,31,Stage 2,Stage 2,0.0,1.0
74,32,Stage 4,Stage 4,0.9989387997231959,0.9989387997231959
74,33,Stage 3,Stage 3,0.0,1.0
74,34,Stage 3,Stage 3,0.0,1.0
74,35,Stage 1,Stage 1,0.0,1.0
74,36,Stage 0,Stage 0,0.0,1.0
74,37,Stage 0,Stage 0,0.0,1.0
74,38,Stage 0,Stage 0,0.0,1.0
74,39,Stage 2,Stage 2,0.0,1.0
74,40,Stage 0,Stage 0,0.0,1.0
74,41,Stage 0,Stage 0,0.0,1.0
74,42,Stage 1,Stage 1,0.0,1.0
74,43,Stage 0,Stage 0,0.0,1.0
74,44,Stage 4,Stage 4,0.9958251419178974,0.9958251419178974
74,45,Stage 2,Stage 2,0.0,1.0
74,46,Stage 4,Stage 4,0.9999022010127095,0.9999022010127095
74,47,Stage 2,Stage 2,0.0,1.0
74,48,Stage 1,Stage 1,0.0,1.0
74,49,Stage 0,Stage 0,0.0,1.0
74,50,Stage 3,Stage 3,0.0,1.0
74,51,Stage 3,Stage 3,0.0,1.0
74,52,Stage 2,Stage 2,0.0,1.0
74,53,Stage 4,Stage 4,0.9650465610102422,0.9650465610102422
74,54,Stage 4,Stage 4,0.9998070080552094,0.9998070080552094
74,55,Stage 1,Stage 1,0.0,1.0
74,56,Stage 0,Stage 0,0.0,1.0
74,57,Stage 1,Stage 1,0.0,1.0
74,58,Stage 1,Stage 1,0.0,1.0
74,59,Stage 2,Stage 2,0.0,1.0
74,60,Stage 2,Stage 2,0.0,1.0
74,61,Stage 2,Stage 2,0.0,1.0
74,62,Stage 1,Stage 1,0.0,1.0
74,63,Stage 0,Stage 0,0.0,1.0
74,64,Stage 3,Stage 3,0.0,1.0
74,65,Stage 0,Stage 0,0.0,1.0
74,66,Stage 2,Stage 2,0.0,1.0
74,67,Stage 0,Stage 0,0.0,1.0
74,68,Stage 1,Stage 1,0.0,1.0
74,69,Stage 4,Stage 4,0.9958251419178974,0.9958251419178974
74,70,Stage 2,Stage 2,0.0,1.0
74,71,Stage 0,Stage 0,0.0,1.0
74,72,Stage 1,Stage 1,0.0,1.0
74,73,Stage 0,Stage 0,0.0,1.0
74,74,Stage 4,Stage 4,0.9837900103016276,0.9837900103016276
74,75,Stage 1,Stage 1,0.0,1.0
74,76,Stage 0,Stage 0,0.0,1.0
74,77,Stage 2,Stage 2,0.0,1.0
74,78,Stage 3,Stage 3,0.0,1.0
74,79,Stage 0,Stage 0,0.0,1.0
74,80,Stage 0,Stage 0,0.0,1.0
74,81,Stage 1,Stage 1,0.0,1.0
74,82,Stage 1,Stage 1,0.0,1.0
74,83,Stage 3,Stage 3,0.0,1.0
74,84,Stage 4,Stage 4,0.9155991037574143,0.9155991037574143
74,85,Stage 1,Stage 1,0.0,1.0
74,86,Stage 3,Stage 3,0.0,1.0
74,87,Stage 2,Stage 2,0.0,1.0
74,88,Stage 0,Stage 0,0.0,1.0
74,89,Stage 0,Stage 0,0.0,1.0
74,90,Stage 0,Stage 0,0.0,1.0
74,91,Stage 3,Stage 3,0.0,1.0
74,92,Stage 0,Stage 0,0.0,1.0
74,93,Stage 3,Stage 3,0.0,1.0
74,94,Stage 0,Stage 0,0.0,1.0
74,95,Stage 2,Stage 2,0.0,1.0
74,96,Stage 2,Stage 2,0.0,1.0
74,97,Stage 0,Stage 0,0.0,1.0
74,98,Stage 2,Stage 2,0.0,1.0
74,99,Stage 0,Stage 0,0.0,1.0
74,100,Stage 3,Stage 3,0.0,1.0
74,101,Stage 3,Stage 3,0.0,1.0
74,102,Stage 0,Stage 0,0.0,1.0
74,103,Stage 2,Stage 2,0.0,1.0
74,104,Stage 2,Stage 2,0.0,1.0
74,105,Stage 0,Stage 0,0.0,1.0
74,106,Stage 0,Stage 0,0.0,1.0
74,107,Stage 0,Stage 0,0.0,1.0
74,108,Stage 0,Stage 0,0.0,1.0
74,109,Stage 0,Stage 0,0.0,1.0
74,110,Stage 3,Stage 3,0.0,1.0
74,111,Stage 0,Stage 0,0.0,1.0
74,112,Stage 3,Stage 3,0.0,1.0
74,113,Stage 3,Stage 3,0.0,1.0
74,114,Stage 4,Stage 4,0.9862904509919722,0.9862904509919722
74,115,Stage 1,Stage 1,0.0,1.0
74,116,Stage 0,Stage 0,0.0,1.0
74,117,Stage 0,Stage 0,0.0,1.0
74,118,Stage 3,Stage 3,0.0,1.0
74,119,Stage 4,Stage 4,0.9989387997231959,0.9989387997231959
74,120,Stage 0,Stage 0,0.0,1.0
74,121,Stage 1,Stage 1,0.0,1.0
74,122,Stage 1,Stage 1,0.0,1.0
74,123,Stage 0,Stage 0,0.0,1.0
74,124,Stage 1,Stage 1,0.0,1.0
74,125,Stage 3,Stage 3,0.0,1.0
74,126,Stage 3,Stage 3,0.0,1.0
74,127,Stage 0,Stage 0,0.0,1.0
74,128,Stage 2,Stage 2,0.0,1.0
74,129,Stage 4,Stage 4,0.9607130707622694,0.9607130707622694
74,130,Stage 0,Stage 0,0.0,1.0
74,131,Stage 0,Stage 0,0.0,1.0
74,132,Stage 4,Stage 4,0.9989387997231959,0.9989387997231959
74,133,Stage 3,Stage 3,0.0,1.0
74,134,Stage 3,Stage 3,0.0,1.0
74,135,Stage 0,Stage 0,0.0,1.0
74,136,Stage 1,Stage 1,0.0,1.0
74,137,Stage 0,Stage 0,0.0,1.0
74,138,Stage 0,Stage 0,0.0,1.0
74,139,Stage 2,Stage 2,0.0,1.0
74,140,Stage 2,Stage 2,0.0,1.0
74,141,Stage 0,Stage 0,0.0,1.0
74,142,Stage 4,Stage 4,0.939201641444181,0.939201641444181
74,143,Stage 3,Stage 3,0.0,1.0
74,144,Stage 4,Stage 4,0.9100266990218986,0.9100266990218986
74,145,Stage 0,Stage 0,0.0,1.0
74,146,Stage 3,Stage 3,0.0,1.0
74,147,Stage 3,Stage 3,0.0,1.0
74,148,Stage 1,Stage 1,0.0,1.0
74,149,Stage 3,Stage 3,0.0,1.0
74,150,Stage 1,Stage 1,0.0,1.0
74,151,Stage 0,Stage 0,0.0,1.0
74,152,Stage 2,Stage 2,0.0,1.0
74,153,Stage 0,Stage 0,0.0,1.0
74,154,Stage 0,Stage 0,0.0,1.0
74,155,Stage 1,Stage 1,0.0,1.0
74,156,Stage 1,Stage 1,0.0,1.0
74,157,Stage 4,Stage 4,0.9975878016129752,0.9975878016129752
74,158,Stage 4,Stage 4,0.5997753322493038,0.5997753322493038
74,159,Stage 3,Stage 3,0.0,1.0
74,160,Stage 3,Stage 3,0.0,1.0
74,161,Stage 0,Stage 0,0.0,1.0
74,162,Stage 1,Stage 1,0.0,1.0
74,163,Stage 1,Stage 1,0.0,1.0
74,164,Stage 1,Stage 1,0.0,1.0
74,165,Stage 1,Stage 1,0.0,1.0
74,166,Stage 0,Stage 0,0.0,1.0
74,167,Stage 0,Stage 0,0.0,1.0
74,168,Stage 4,Stage 4,0.7642437074005719,0.7642437074005719
74,169,Stage 2,Stage 2,0.0,1.0
74,170,Stage 4,Stage 4,0.9269211197610833,0.9269211197610833
74,171,Stage 4,Stage 4,0.989424647390052,0.989424647390052
74,172,Stage 1,Stage 1,0.0,1.0
74,173,Stage 0,Stage 0,0.0,1.0
74,174,Stage 3,Stage 3,0.0,1.0
74,175,Stage 0,Stage 0,0.0,1.0
74,176,Stage 0,Stage 0,0.0,1.0
74,177,Stage 0,Stage 0,0.0,1.0
74,178,Stage 2,Stage 2,0.0,1.0
74,179,Stage 2,Stage 2,0.0,1.0
74,180,Stage 4,Stage 4,0.5879670616093844,0.5879670616093844
74,181,Stage 0,Stage 0,0.0,1.0
74,182,Stage 1,Stage 1,0.0,1.0
74,183,Stage 2,Stage 2,0.0,1.0
74,184,Stage 1,Stage 1,0.0,1.0
74,185,Stage 0,Stage 0,0.0,1.0
74,186,Stage 4,Stage 2,0.49996988381980667,0.5000301161801931
74,187,Stage 0,Stage 0,0.0,1.0
74,188,Stage 4,Stage 4,0.84461479593568,0.84461479593568
74,189,Stage 1,Stage 1,0.0,1.0
74,190,Stage 4,Stage 4,0.8720802375403641,0.8720802375403641
74,191,Stage 2,Stage 2,0.0,1.0
74,192,Stage 0,Stage 0,0.0,1.0
74,193,Stage 0,Stage 0,0.0,1.0
74,194,Stage 1,Stage 1,0.0,1.0
74,195,Stage 0,Stage 0,0.0,1.0
74,196,Stage 2,Stage 4,0.9155991037574143,0.9155991037574143
74,197,Stage 2,Stage 2,0.0,1.0
74,198,Stage 0,Stage 0,0.0,1.0
74,199,Stage 3,Stage 3,0.0,1.0
74,200,Stage 0,Stage 0,0.0,1.0
74,201,Stage 0,Stage 0,0.0,1.0
74,202,Stage 0,Stage 0,0.0,1.0
74,203,Stage 0,Stage 0,0.0,1.0
74,204,Stage 1,Stage 1,0.0,1.0
74,205,Stage 4,Stage 4,0.9499993864621158,0.9499993864621158
74,206,Stage 1,Stage 1,0.0,1.0
74,207,Stage 0,Stage 0,0.0,1.0
74,208,Stage 1,Stage 1,0.0,1.0
74,209,Stage 0,Stage 0,0.0,1.0
74,210,Stage 0,Stage 0,0.0,1.0
74,211,Stage 2,Stage 4,0.8323261636882893,0.8323261636882893
74,212,Stage 1,Stage 1,0.0,1.0
74,213,Stage 1,Stage 1,0.0,1.0
74,214,Stage 2,Stage 2,0.0,1.0
74,215,Stage 0,Stage 0,0.0,1.0
74,216,Stage 2,Stage 4,0.6219084277243732,0.6219084277243732
74,217,Stage 0,Stage 0,0.0,1.0
74,218,Stage 0,Stage 0,0.0,1.0
74,219,Stage 0,Stage 0,0.0,1.0
74,220,Stage 0,Stage 0,0.0,1.0
74,221,Stage 0,Stage 0,0.0,1.0
74,222,Stage 3,Stage 3,0.0,1.0
74,223,Stage 0,Stage 0,0.0,1.0
74,224,Stage 3,Stage 3,0.0,1.0
74,225,Stage 2,Stage 2,0.0,1.0
74,226,Stage 3,Stage 3,0.0,1.0
74,227,Stage 1,Stage 1,0.0,1.0
74,228,Stage 2,Stage 2,0.007269663671193948,0.992730336328806
74,229,Stage 1,Stage 1,0.0,1.0
74,230,Stage 3,Stage 3,0.0,1.0
74,231,Stage 2,Stage 2,0.0,1.0
74,232,Stage 2,Stage 2,0.0,1.0
74,233,Stage 2,Stage 2,0.0,1.0
74,234,Stage 2,Stage 4,0.5307588120139841,0.5307588120139841
74,235,Stage 0,Stage 0,0.0,1.0
74,236,Stage 0,Stage 0,0.0,1.0
74,237,Stage 0,Stage 0,0.0,1.0
74,238,Stage 2,Stage 4,0.6870105034230617,0.6870105034230617
74,239,Stage 3,Stage 3,0.0,1.0
74,240,Stage 3,Stage 3,0.0,1.0
74,241,Stage 0,Stage 0,0.0,1.0
74,242,Stage 0,Stage 0,0.0,1.0
74,243,Stage 0,Stage 0,0.0,1.0
74,244,Stage 0,Stage 0,0.0,1.0
87,1,Stage 0,Stage 0,0.0,1.0
87,2,Stage 0,Stage 0,0.0,1.0
87,3,Stage 0,Stage 0,0.0,1.0
87,4,Stage 0,Stage 0,0.0,1.0
87,5,Stage 0,Stage 0,0.0,1.0
87,6,Stage 0,Stage 0,0.0,1.0
87,7,Stage 1,Stage 1,0.0,1.0
87,8,Stage 2,Stage 2,0.0,1.0
87,9,Stage 2,Stage 2,0.0,1.0
87,10,Stage 0,Stage 0,0.0,1.0
87,11,Stage 4,Stage 4,0.8947854332115529,0.8947854332115529
87,12,Stage 0,Stage 0,0.0,1.0
87,13,Stage 4,Stage 4,0.9958251419178974,0.9958251419178974
87,14,Stage 0,Stage 0,0.0,1.0
87,15,Stage 0,Stage 0,0.0,1.0
87,16,Stage 2,Stage 2,0.0,1.0
87,17,Stage 3,Stage 3,0.0,1.0
87,18,Stage 1,Stage 1,0.0,1.0
87,19,Stage 3,Stage 3,0.0,1.0
87,20,Stage 0,Stage 0,0.0,1.0
87,21,Stage 0,Stage 0,0.0,1.0
87,22,Stage 0,Stage 0,0.0,1.0
87,23,Stage 0,Stage 0,0.0,1.0
87,24,Stage 4,Stage 4,0.9998070080552094,0.9998070080552094
87,25,Stage 3,Stage 3,0.0,1.0
87,26,Stage 3,Stage 3,0.0,1.0
87,27,Stage 0,Stage 0,0.0,1.0
87,28,Stage 4,Stage 4,0.84461479593568,0.84461479593568
87,29,Stage 0,Stage 0,0.0,1.0
87,30,Stage 3,Stage 3,0.0,1.0
87,31,Stage 1,Stage 1,0.0,1.0
87,32,Stage 2,Stage 2,0.0,1.0
87,33,Stage 2,Stage 2,0.0,1.0
87,34,Stage 3,Stage 3,0.0,1.0
87,35,Stage 4,Stage 4,0.9875090064376034,0.9875090064376034
87,36,Stage 0,Stage 0,0.0,1.0
87,37,Stage 1,Stage 1,0.0,1.0
87,38,Stage 0,Stage 0,0.0,1.0
87,39,Stage 0,Stage 0,0.0,1.0
87,40,Stage 3,Stage 3,0.0,1.0
87,41,Stage 3,Stage 3,0.0,1.0
87,42,Stage 0,Stage 0,0.0,1.0
87,43,Stage 0,Stage 0,0.0,1.0
87,44,Stage 0,Stage 0,0.0,1.0
87,45,Stage 1,Stage 1,0.0,1.0
87,46,Stage 1,Stage 1,0.0,1.0
87,47,Stage 3,Stage 3,0.0,1.0
87,48,Stage 1,Stage 1,0.0,1.0
87,49,Stage 4,Stage 4,0.9857782524137444,0.9857782524137444
87,50,Stage 3,Stage 3,0.0,1.0
87,51,Stage 1,Stage 1,0.0,1.0
87,52,Stage 2,Stage 2,0.0,1.0
87,53,Stage 3,Stage 3,0.0,1.0
87,54,Stage 4,Stage 4,0.9990286822294617,0.9990286822294617
87,55,Stage 0,Stage 0,0.0,1.0
87,56,Stage 2,Stage 2,0.0,1.0
87,57,Stage 3,Stage 3,0.0,1.0
87,58,Stage 4,Stage 4,0.9948880576984798,0.9948880576984798
87,59,Stage 0,Stage 0,0.0,1.0
87,60,Stage 2,Stage 2,0.0,1.0
87,61,Stage 2,Stage 2,0.0,1.0
87,62,Stage 0,Stage 0,0.0,1.0
87,63,Stage 3,Stage 3,0.0,1.0
87,64,Stage 0,Stage 0,0.0,1.0
87,65,Stage 0,Stage 0,0.0,1.0
87,66,Stage 4,Stage 4,0.8893426483343351,0.8893426483343351
87,67,Stage 2,Stage 2,0.0,1.0
87,68,Stage 2,Stage 2,0.0,1.0
87,69,Stage 1,Stage 1,0.0,1.0
87,70,Stage 0,Stage 0,0.0,1.0
87,71,Stage 1,Stage 1,0.0,1.0
87,72,Stage 0,Stage 0,0.0,1.0
87,73,Stage 0,Stage 0,0.0,1.0
87,74,Stage 4,Stage 4,0.9948880576984798,0.9948880576984798
87,75,Stage 0,Stage 0,0.0,1.0
87,76,Stage 2,Stage 2,0.0,1.0
87,77,Stage 1,Stage 1,0.0,1.0
87,78,Stage 0,Stage 0,0.0,1.0
87,79,Stage 0,Stage 0,0.0,1.0
87,80,Stage 2,Stage 2,0.0,1.0
87,81,Stage 1,Stage 1,0.0,1.0
87,82,Stage 2,Stage 2,0.0,1.0
87,83,Stage 0,Stage 0,0.0,1.0
87,84,Stage 0,Stage 0,0.0,1.0
87,85,Stage 0,Stage 0,0.0,1.0
87,86,Stage 2,Stage 2,0.0,1.0
87,87,Stage 0,Stage 0,0.0,1.0
87,88,Stage 1,Stage 1,0.0,1.0
87,89,Stage 0,Stage 0,0.0,1.0
87,90,Stage 1,Stage 1,0.0,1.0
87,91,Stage 3,Stage 3,0.0,1.0
87,92,Stage 0,Stage 0,0.0,1.0
87,93,Stage 1,Stage 1,0.0,1.0
87,94,Stage 2,Stage 2,0.0,1.0
87,95,Stage 0,Stage 0,0.0,1.0
87,96,Stage 0,Stage 0,0.0,1.0
87,97,Stage 0,Stage 0,0.0,1.0
87,98,Stage 1,Stage 1,0.0,1.0
87,99,Stage 0,Stage 0,0.0,1.0
87,100,Stage 0,Stage 0,0.0,1.0
87,101,Stage 2,Stage 2,0.0,1.0
87,102,Stage 0,Stage 0,0.0,1.0
87,103,Stage 0,Stage 0,0.0,1.0
87,104,Stage 4,Stage 4,0.9990286822294617,0.9990286822294617
87,105,Stage 2,Stage 2,0.0,1.0
87,106,Stage 4,Stage 4,0.9990286822294617,0.9990286822294617
87,107,Stage 0,Stage 0,0.0,1.0
87,108,Stage 2,Stage 2,0.0,1.0
87,109,Stage 0,Stage 0,0.0,1.0
87,110,Stage 3,Stage 3,0.0,1.0
87,111,Stage 0,Stage 0,0.0,1.0
87,112,Stage 0,Stage 0,0.0,1.0
87,113,Stage 3,Stage 3,0.0,1.0
87,114,Stage 2,Stage 2,0.0,1.0
87,115,Stage 0,Stage 0,0.0,1.0
87,116,Stage 4,Stage 4,0.9990286822294617,0.9990286822294617
87,117,Stage 1,Stage 1,0.0,1.0
87,118,Stage 1,Stage 1,0.0,1.0
87,119,Stage 0,Stage 0,0.0,1.0
87,120,Stage 3,Stage 3,0.0,1.0
87,121,Stage 0,Stage 0,0.0,1.0
87,122,Stage 3,Stage 3,0.0,1.0
87,123,Stage 0,Stage 0,0.0,1.0
87,124,Stage 1,Stage 1,0.0,1.0
87,125,Stage 1,Stage 1,0.0,1.0
87,126,Stage 4,Stage 4,0.9932192405375908,0.9932192405375908
87,127,Stage 0,Stage 0,0.0,1.0
87,128,Stage 0,Stage 0,0.0,1.0
87,129,Stage 0,Stage 0,0.0,1.0
87,130,Stage 0,Stage 0,0.0,1.0
87,131,Stage 4,Stage 4,0.8893426483343351,0.8893426483343351
87,132,Stage 0,Stage 0,0.0,1.0
87,133,Stage 3,Stage 3,0.0,1.0
87,134,Stage 0,Stage 0,0.0,1.0
87,135,Stage 2,Stage 2,0.0,1.0
87,136,Stage 0,Stage 0,0.0,1.0
87,137,Stage 2,Stage 2,0.0,1.0
87,138,Stage 2,Stage 2,0.0,1.0
87,139,Stage 1,Stage 1,0.0,1.0
87,140,Stage 3,Stage 3,0.0,1.0
87,141,Stage 2,Stage 2,0.0,1.0
87,142,Stage 4,Stage 4,0.9989387997231959,0.9989387997231959
87,143,Stage 2,Stage 2,0.0,1.0
87,144,Stage 3,Stage 3,0.0,1.0
87,145,Stage 0,Stage 0,0.0,1.0
87,146,Stage 1,Stage 1,0.0,1.0
87,147,Stage 0,Stage 0,0.0,1.0
87,148,Stage 1,Stage 1,0.0,1.0
87,149,Stage 4,Stage 4,0.9972944955832509,0.9972944955832509
87,150,Stage 3,Stage 3,0.0,1.0
87,151,Stage 4,Stage 4,0.8893426483343351,0.8893426483343351
87,152,Stage 1,Stage 1,0.0,1.0
87,153,Stage 0,Stage 0,0.0,1.0
87,154,Stage 3,Stage 3,0.0,1.0
87,155,Stage 0,Stage 0,0.0,1.0
87,156,Stage 4,Stage 4,0.9145746078965359,0.9145746078965359
87,157,Stage 0,Stage 0,0.0,1.0
87,158,Stage 2,Stage 2,0.0,1.0
87,159,Stage 2,Stage 2,0.0,1.0
87,160,Stage 2,Stage 2,0.0,1.0
87,161,Stage 2,Stage 2,0.0,1.0
87,162,Stage 2,Stage 2,0.0,1.0
87,163,Stage 0,Stage 0,0.0,1.0
87,164,Stage 3,Stage 3,0.0,1.0
87,165,Stage 0,Stage 0,0.0,1.0
87,166,Stage 4,Stage 4,0.9191806954309615,0.9191806954309615
87,167,Stage 0,Stage 0,0.0,1.0
87,168,Stage 4,Stage 4,0.9415287293783318,0.9415287293783318
87,169,Stage 4,Stage 4,0.9414125247548252,0.9414125247548252
87,170,Stage 0,Stage 0,0.0,1.0
87,171,Stage 0,Stage 0,0.0,1.0
87,172,Stage 4,Stage 4,0.9989387997231959,0.9989387997231959
87,173,Stage 4,Stage 4,0.9442582004783833,0.9442582004783833
87,174,Stage 4,Stage 4,0.7913842757083381,0.7913842757083381
87,175,Stage 0,Stage 0,0.0,1.0
87,176,Stage 3,Stage 3,0.0,1.0
87,177,Stage 2,Stage 2,0.0,1.0
87,178,Stage 0,Stage 0,0.0,1.0
87,179,Stage 0,Stage 0,0.0,1.0
87,180,Stage 4,Stage 4,0.9020143020204584,0.9020143020204584
87,181,Stage 0,Stage 0,0.0,1.0
87,182,Stage 1,Stage 1,0.0,1.0
87,183,Stage 0,Stage 0,0.0,1.0
87,184,Stage 3,Stage 3,0.0,1.0
87,185,Stage 0,Stage 0,0.0,1.0
87,186,Stage 4,Stage 4,0.8947854332115529,0.8947854332115529
87,187,Stage 3,Stage 3,0.0,1.0
87,188,Stage 1,Stage 1,0.0,1.0
87,189,Stage 0,Stage 0,0.0,1.0
87,190,Stage 3,Stage 3,0.0,1.0
87,191,Stage 0,Stage 0,0.0,1.0
87,192,Stage 0,Stage 0,0.0,1.0
87,193,Stage 0,Stage 0,0.0,1.0
87,194,Stage 2,Stage 2,0.0,1.0
87,195,Stage 1,Stage 1,0.0,1.0
87,196,Stage 2,Stage 2,0.0,1.0
87,197,Stage 4,Stage 4,0.9989387997231959,0.9989387997231959
87,198,Stage 3,Stage 3,0.0,1.0
87,199,Stage 1,Stage 1,0.0,1.0
87,200,Stage 3,Stage 3,0.0,1.0
87,201,Stage 3,Stage 3,0.0,1.0
87,202,Stage 3,Stage 3,0.0,1.0
87,203,Stage 0,Stage 0,0.0,1.0
87,204,Stage 0,Stage 0,0.0,1.0
87,205,Stage 0,Stage 0,0.0,1.0
87,206,Stage 3,Stage 3,0.0,1.0
87,207,Stage 1,Stage 1,0.0,1.0
87,208,Stage 1,Stage 1,0.0,1.0
87,209,Stage 0,Stage 0,0.0,1.0
87,210,Stage 3,Stage 3,0.0,1.0
87,211,Stage 0,Stage 0,0.0,1.0
87,212,Stage 0,Stage 0,0.0,1.0
87,213,Stage 0,Stage 0,0.0,1.0
87,214,Stage 1,Stage 1,0.0,1.0
87,215,Stage 1,Stage 1,0.0,1.0
87,216,Stage 0,Stage 0,0.0,1.0
87,217,Stage 0,Stage 0,0.0,1.0
87,218,Stage 3,Stage 3,0.0,1.0
87,219,Stage 1,Stage 1,0.0,1.0
87,220,Stage 0,Stage 0,0.0,1.0
87,221,Stage 4,Stage 4,0.9414125247548252,0.9414125247548252
87,222,Stage 3,Stage 3,0.0,1.0
87,223,Stage 0,Stage 0,0.0,1.0
87,224,Stage 3,Stage 3,0.0,1.0
87,225,Stage 1,Stage 1,0.0,1.0
87,226,Stage 0,Stage 0,0.0,1.0
87,227,Stage 0,Stage 0,0.0,1.0
87,228,Stage 0,Stage 0,0.0,1.0
87,229,Stage 0,Stage 0,0.0,1.0
87,230,Stage 3,Stage 3,0.0,1.0
87,231,Stage 3,Stage 3,0.0,1.0
87,232,Stage 2,Stage 2,0.0,1.0
87,233,Stage 2,Stage 4,0.8720802375403641,0.8720802375403641
87,234,Stage 2,Stage 2,0.0,1.0
87,235,Stage 3,Stage 3,0.0,1.0
87,236,Stage 3,Stage 3,0.0,1.0
87,237,Stage 3,Stage 3,0.0,1.0
87,238,Stage 1,Stage 1,0.0,1.0
87,239,Stage 3,Stage 3,0.0,1.0
87,240,Stage 4,Stage 4,0.8944410255352568,0.8944410255352568
87,241,Stage 0,Stage 0,0.0,1.0
87,242,Stage 1,Stage 1,0.0,1.0
87,243,Stage 0,Stage 0,0.0,1.0
87,244,Stage 3,Stage 3,0.0,1.0
87,245,Stage 0,Stage 0,0.0,1.0
87,246,Stage 0,Stage 0,0.0,1.0
87,247,Stage 1,Stage 1,0.0,1.0
87,248,Stage 0,Stage 0,0.0,1.0
87,249,Stage 2,Stage 4,0.8642681022944091,0.8642681022944091
87,250,Stage 0,Stage 0,0.0,1.0
87,251,Stage 0,Stage 0,0.0,1.0
87,252,Stage 2,Stage 2,0.0,1.0
87,253,Stage 1,Stage 1,0.0,1.0
87,254,Stage 2,Stage 2,0.0,1.0
87,255,Stage 2,Stage 4,0.5879670616093844,0.5879670616093844
87,256,Stage 2,Stage 2,0.0,1.0
87,257,Stage 3,Stage 3,0.0,1.0
87,258,Stage 1,Stage 1,0.0,1.0
87,259,Stage 0,Stage 0,0.0,1.0
96,1,Stage 1,Stage 1,0.0,1.0
96,2,Stage 3,Stage 3,0.0,1.0
96,3,Stage 0,Stage 0,0.0,1.0
96,4,Stage 0,Stage 0,0.0,1.0
96,5,Stage 0,Stage 0,0.0,1.0
96,6,Stage 0,Stage 0,0.0,1.0
96,7,Stage 0,Stage 0,0.0,1.0
96,8,Stage 0,Stage 0,0.0,1.0
96,9,Stage 0,Stage 0,0.0,1.0
96,10,Stage 4,Stage 4,0.9998070080552094,0.9998070080552094
96,11,Stage 3,Stage 3,0.0,1.0
96,12,Stage 0,Stage 0,0.0,1.0
96,13,Stage 0,Stage 0,0.0,1.0
96,14,Stage 0,Stage 0,0.0,1.0
96,15,Stage 2,Stage 2,0.0,1.0
96,16,Stage 0,Stage 0,0.0,1.0
96,17,Stage 1,Stage 1,0.0,1.0
96,18,Stage 1,Stage 1,0.0,1.0
96,19,Stage 0,Stage 0,0.0,1.0
96,20,Stage 4,Stage 4,0.9978609539488698,0.9978609539488698
96,21,Stage 3,Stage 3,0.0,1.0
96,22,Stage 0,Stage 0,0.0,1.0
96,23,Stage 0,Stage 0,0.0,1.0
96,24,Stage 0,Stage 0,0.0,1.0
96,25,Stage 0,Stage 0,0.0,1.0
96,26,Stage 0,Stage 0,0.0,1.0
96,27,Stage 1,Stage 1,0.0,1.0
96,28,Stage 1,Stage 1,0.0,1.0
96,29,Stage 0,Stage 0,0.0,1.0
96,30,Stage 0,Stage 0,0.0,1.0
96,31,Stage 1,Stage 1,0.0,1.0
96,32,Stage 3,Stage 3,0.0,1.0
96,33,Stage 0,Stage 0,0.0,1.0
96,34,Stage 0,Stage 0,0.0,1.0
96,35,Stage 0,Stage 0,0.0,1.0
96,36,Stage 3,Stage 3,0.0,1.0
96,37,Stage 0,Stage 0,0.0,1.0
96,38,Stage 4,Stage 4,0.9978609539488698,0.9978609539488698
96,39,Stage 0,Stage 0,0.0,1.0
96,40,Stage 2,Stage 2,0.0,1.0
96,41,Stage 0,Stage 0,0.0,1.0
96,42,Stage 3,Stage 3,0.0,1.0
96,43,Stage 0,Stage 0,0.0,1.0
96,44,Stage 2,Stage 2,0.0,1.0
96,45,Stage 4,Stage 4,0.9924932933273165,0.9924932933273165
96,46,Stage 2,Stage 2,0.0,1.0
96,47,Stage 1,Stage 1,0.0,1.0
96,48,Stage 0,Stage 0,0.0,1.0
96,49,Stage 0,Stage 0,0.0,1.0
96,50,Stage 0,Stage 0,0.0,1.0
96,51,Stage 0,Stage 0,0.0,1.0
96,52,Stage 0,Stage 0,0.0,1.0
96,53,Stage 3,Stage 3,0.0,1.0
96,54,Stage 3,Stage 3,0.0,1.0
96,55,Stage 2,Stage 2,0.0,1.0
96,56,Stage 4,Stage 4,0.9998070080552094,0.9998070080552094
96,57,Stage 0,Stage 0,0.0,1.0
96,58,Stage 3,Stage 3,0.0,1.0
96,59,Stage 0,Stage 0,0.0,1.0
96,60,Stage 0,Stage 0,0.0,1.0
96,61,Stage 0,Stage 0,0.0,1.0
96,62,Stage 4,Stage 4,0.9990286822294617,0.9990286822294617
96,63,Stage 3,Stage 3,0.0,1.0
96,64,Stage 2,Stage 2,0.0,1.0
96,65,Stage 4,Stage 4,0.9990286822294617,0.9990286822294617
96,66,Stage 4,Stage 4,0.9797670875759311,0.9797670875759311
96,67,Stage 1,Stage 1,0.0,1.0
96,68,Stage 4,Stage 4,0.9985007302536165,0.9985007302536165
96,69,Stage 0,Stage 0,0.0,1.0
96,70,Stage 1,Stage 1,0.0,1.0
96,71,Stage 4,Stage 4,0.9975878016129752,0.9975878016129752
96,72,Stage 2,Stage 2,0.0,1.0
96,73,Stage 2,Stage 2,0.0,1.0
96,74,Stage 4,Stage 4,0.9990286822294617,0.9990286822294617
96,75,Stage 0,Stage 0,0.0,1.0
96,76,Stage 3,Stage 3,0.0,1.0
96,77,Stage 3,Stage 3,0.0,1.0
96,78,Stage 0,Stage 0,0.0,1.0
96,79,Stage 2,Stage 2,0.0,1.0
96,80,Stage 3,Stage 3,0.0,1.0
96,81,Stage 1,Stage 1,0.0,1.0
96,82,Stage 3,Stage 3,0.0,1.0
96,83,Stage 4,Stage 4,0.9857782524137444,0.9857782524137444
96,84,Stage 0,Stage 0,0.0,1.0
96,85,Stage 2,Stage 2,0.0,1.0
96,86,Stage 2,Stage 2,0.0,1.0
96,87,Stage 0,Stage 0,0.0,1.0
96,88,Stage 2,Stage 2,0.0,1.0
96,89,Stage 2,Stage 2,0.0,1.0
96,90,Stage 0,Stage 0,0.0,1.0
96,91,Stage 1,Stage 1,0.0,1.0
96,92,Stage 2,Stage 2,0.0,1.0
96,93,Stage 0,Stage 0,0.0,1.0
96,94,Stage 3,Stage 3,0.0,1.0
96,95,Stage 3,Stage 3,0.0,1.0
96,96,Stage 0,Stage 0,0.0,1.0
96,97,Stage 3,Stage 3,0.0,1.0
96,98,Stage 0,Stage 0,0.0,1.0
96,99,Stage 0,Stage 0,0.0,1.0
96,100,Stage 0,Stage 0,0.0,1.0
96,101,Stage 0,Stage 0,0.0,1.0
96,102,Stage 0,Stage 0,0.0,1.0
96,103,Stage 2,Stage 2,0.0,1.0
96,104,Stage 0,Stage 0,0.0,1.0
96,105,Stage 0,Stage 0,0.0,1.0
96,106,Stage 1,Stage 1,0.0,1.0
96,107,Stage 1,Stage 1,0.0,1.0
96,108,Stage 0,Stage 0,0.0,1.0
96,109,Stage 3,Stage 3,0.0,1.0
96,110,Stage 3,Stage 3,0.0,1.0
96,111,Stage 0,Stage 0,0.0,1.0
96,112,Stage 0,Stage 0,0.0,1.0
96,113,Stage 0,Stage 0,0.0,1.0
96,114,Stage 2,Stage 2,0.0,1.0
96,115,Stage 0,Stage 0,0.0,1.0
96,116,Stage 0,Stage 0,0.0,1.0
96,117,Stage 3,Stage 3,0.0,1.0
96,118,Stage 0,Stage 0,0.0,1.0
96,119,Stage 0,Stage 0,0.0,1.0
96,120,Stage 4,Stage 4,0.9989387997231959,0.9989387997231959
96,121,Stage 0,Stage 0,0.0,1.0
96,122,Stage 2,Stage 2,0.0,1.0
96,123,Stage 0,Stage 0,0.0,1.0
96,124,Stage 1,Stage 1,0.0,1.0
96,125,Stage 4,Stage 4,0.9985007302536165,0.9985007302536165
96,126,Stage 0,Stage 0,0.0,1.0
96,127,Stage 3,Stage 3,0.0,1.0
96,128,Stage 0,Stage 0,0.0,1.0
96,129,Stage 0,Stage 0,0.0,1.0
96,130,Stage 4,Stage 4,0.9364034605127471,0.9364034605127471
96,131,Stage 0,Stage 0,0.0,1.0
96,132,Stage 1,Stage 1,0.0,1.0
96,133,Stage 0,Stage 0,0.0,1.0
96,134,Stage 4,Stage 4,0.9824666731868933,0.9824666731868933
96,135,Stage 0,Stage 0,0.0,1.0
96,136,Stage 1,Stage 1,0.0,1.0
96,137,Stage 0,Stage 0,0.0,1.0
96,138,Stage 2,Stage 2,0.0,1.0
96,139,Stage 0,Stage 0,0.0,1.0
96,140,Stage 1,Stage 1,0.0,1.0
96,141,Stage 4,Stage 4,0.9892365200064338,0.9892365200064338
96,142,Stage 0,Stage 0,0.0,1.0
96,143,Stage 0,Stage 0,0.0,1.0
96,144,Stage 3,Stage 3,0.0,1.0
96,145,Stage 1,Stage 1,0.0,1.0
96,146,Stage 0,Stage 0,0.0,1.0
96,147,Stage 3,Stage 3,0.0,1.0
96,148,Stage 0,Stage 0,0.0,1.0
96,149,Stage 0,Stage 0,0.0,1.0
96,150,Stage 3,Stage 3,0.0,1.0
96,151,Stage 3,Stage 3,0.0,1.0
96,152,Stage 1,Stage 1,0.0,1.0
96,153,Stage 0,Stage 0,0.0,1.0
96,154,Stage 0,Stage 0,0.0,1.0
96,155,Stage 4,Stage 4,0.9990286822294617,0.9990286822294617
96,156,Stage 1,Stage 1,0.0,1.0
96,157,Stage 0,Stage 0,0.0,1.0
96,158,Stage 0,Stage 0,0.0,1.0
96,159,Stage 2,Stage 2,0.0,1.0
96,160,Stage 0,Stage 0,0.0,1.0
96,161,Stage 0,Stage 0,0.0,1.0
96,162,Stage 2,Stage 2,0.0,1.0
96,163,Stage 4,Stage 4,0.9989387997231959,0.9989387997231959
96,164,Stage 0,Stage 0,0.0,1.0
96,165,Stage 1,Stage 1,0.0,1.0
96,166,Stage 0,Stage 0,0.0,1.0
96,167,Stage 2,Stage 2,0.0,1.0
96,168,Stage 0,Stage 0,0.0,1.0
96,169,Stage 1,Stage 1,0.0,1.0
96,170,Stage 0,Stage 0,0.0,1.0
96,171,Stage 1,Stage 1,0.0,1.0
96,172,Stage 0,Stage 0,0.0,1.0
96,173,Stage 1,Stage 1,0.0,1.0
96,174,Stage 2,Stage 2,0.0,1.0
96,175,Stage 0,Stage 0,0.0,1.0
96,176,Stage 4,Stage 4,0.9998070080552094,0.9998070080552094
96,177,Stage 0,Stage 0,0.0,1.0
96,178,Stage 0,Stage 0,0.0,1.0
96,179,Stage 0,Stage 0,0.0,1.0
96,180,Stage 0,Stage 0,0.0,1.0
96,181,Stage 4,Stage 4,0.9797670875759311,0.9797670875759311
96,182,Stage 4,Stage 4,0.9962742154207905,0.9962742154207905
96,183,Stage 3,Stage 3,0.0,1.0
96,184,Stage 0,Stage 0,0.0,1.0
96,185,Stage 4,Stage 4,0.9414125247548252,0.9414125247548252
96,186,Stage 2,Stage 2,0.0,1.0
96,187,Stage 2,Stage 2,0.05032307240830773,0.9496769275916919
96,188,Stage 2,Stage 2,0.0,1.0
96,189,Stage 0,Stage 0,0.0,1.0
96,190,Stage 3,Stage 3,0.0,1.0
96,191,Stage 4,Stage 4,0.9082393611300394,0.9082393611300394
96,192,Stage 4,Stage 4,0.9824666731868933,0.9824666731868933
96,193,Stage 3,Stage 3,0.0,1.0
96,194,Stage 0,Stage 0,0.0,1.0
96,195,Stage 0,Stage 0,0.0,1.0
96,196,Stage 4,Stage 4,0.9499993864621158,0.9499993864621158
96,197,Stage 0,Stage 0,0.0,1.0
96,198,Stage 2,Stage 2,0.0,1.0
96,199,Stage 4,Stage 4,0.9325569778076929,0.9325569778076929
96,200,Stage 3,Stage 3,0.0,1.0
96,201,Stage 4,Stage 4,0.9824666731868933,0.9824666731868933
96,202,Stage 3,Stage 3,0.0,1.0
96,203,Stage 1,Stage 1,0.0,1.0
96,204,Stage 0,Stage 0,0.0,1.0
96,205,Stage 0,Stage 0,0.0,1.0
96,206,Stage 1,Stage 1,0.0,1.0
96,207,Stage 0,Stage 0,0.0,1.0
96,208,Stage 2,Stage 2,0.0,1.0
96,209,Stage 0,Stage 0,0.0,1.0
96,210,Stage 1,Stage 1,0.0,1.0
96,211,Stage 0,Stage 0,0.0,1.0
96,212,Stage 1,Stage 1,0.0,1.0
96,213,Stage 1,Stage 1,0.0,1.0
96,214,Stage 3,Stage 3,0.0,1.0
96,215,Stage 1,Stage 1,0.0,1.0
96,216,Stage 0,Stage 0,0.0,1.0
96,217,Stage 3,Stage 3,0.0,1.0
96,218,Stage 0,Stage 0,0.0,1.0
96,219,Stage 3,Stage 3,0.0,1.0
96,220,Stage 4,Stage 4,0.609709727757213,0.609709727757213
96,221,Stage 0,Stage 0,0.0,1.0
96,222,Stage 0,Stage 0,0.0,1.0
96,223,Stage 1,Stage 1,0.0,1.0
96,224,Stage 0,Stage 0,0.0,1.0
96,225,Stage 4,Stage 4,0.9857782524137444,0.9857782524137444
96,226,Stage 4,Stage 4,0.9962742154207905,0.9962742154207905
96,227,Stage 4,Stage 4,0.8520404411420309,0.8520404411420309
96,228,Stage 2,Stage 2,0.0,1.0
96,229,Stage 3,Stage 3,0.0,1.0
96,230,Stage 0,Stage 0,0.0,1.0
96,231,Stage 3,Stage 3,0.0,1.0
96,232,Stage 2,Stage 2,0.0,1.0
96,233,Stage 2,Stage 2,0.0,1.0
96,234,Stage 4,Stage 4,0.9989387997231959,0.9989387997231959
96,235,Stage 4,Stage 4,0.9415287293783318,0.9415287293783318
96,236,Stage 0,Stage 0,0.0,1.0
96,237,Stage 0,Stage 0,0.0,1.0
96,238,Stage 0,Stage 0,0.0,1.0
96,239,Stage 2,Stage 2,0.0,1.0
96,240,Stage 1,Stage 1,0.0,1.0
96,241,Stage 1,Stage 1,0.0,1.0
96,242,Stage 2,Stage 2,0.0,1.0
96,243,Stage 0,Stage 0,0.0,1.0
96,244,Stage 2,Stage 2,0.0,1.0
96,245,Stage 0,Stage 0,0.0,1.0
96,246,Stage 0,Stage 0,0.0,1.0
96,247,Stage 1,Stage 1,0.0,1.0
96,248,Stage 0,Stage 0,0.0,1.0
96,249,Stage 0,Stage 0,0.0,1.0
96,250,Stage 1,Stage 1,0.0,1.0
96,251,Stage 0,Stage 0,0.0,1.0
96,252,Stage 2,Stage 2,0.0,1.0
96,253,Stage 2,Stage 2,0.0,1.0
96,254,Stage 2,Stage 2,0.0,1.0
96,255,Stage 2,Stage 4,0.8811428182525202,0.8811428182525202
96,256,Stage 3,Stage 3,0.0,1.0
96,257,Stage 0,Stage 0,0.0,1.0
96,258,Stage 0,Stage 0,0.0,1.0
96,259,Stage 0,Stage 0,0.0,1.0
96,260,Stage 2,Stage 2,0.0,1.0
96,261,Stage 0,Stage 0,0.0,1.0
96,262,Stage 0,Stage 0,0.0,1.0
96,263,Stage 1,Stage 1,0.0,1.0
96,264,Stage 1,Stage 1,0.0,1.0
96,265,Stage 3,Stage 3,0.0,1.0
96,266,Stage 1,Stage 1,0.0,1.0
96,267,Stage 1,Stage 1,0.0,1.0
96,268,Stage 2,Stage 4,0.6757095421035346,0.6757095421035346
96,269,Stage 3,Stage 3,0.0,1.0
96,270,Stage 0,Stage 0,0.0,1.0
97,1,Stage 3,Stage 3,0.0,1.0
97,2,Stage 2,Stage 2,0.0,1.0
97,3,Stage 4,Stage 4,0.9989387997231959,0.9989387997231959
97,4,Stage 0,Stage 0,0.0,1.0
97,5,Stage 0,Stage 0,0.0,1.0
97,6,Stage 4,Stage 4,0.9442582004783833,0.9442582004783833
97,7,Stage 0,Stage 0,0.0,1.0
97,8,Stage 2,Stage 2,0.0,1.0
97,9,Stage 0,Stage 0,0.0,1.0
97,10,Stage 0,Stage 0,0.0,1.0
97,11,Stage 3,Stage 3,0.0,1.0
97,12,Stage 0,Stage 0,0.0,1.0
97,13,Stage 0,Stage 0,0.0,1.0
97,14,Stage 0,Stage 0,0.0,1.0
97,15,Stage 0,Stage 0,0.0,1.0
97,16,Stage 4,Stage 4,0.9921742807805474,0.9921742807805474
97,17,Stage 0,Stage 0,0.0,1.0
97,18,Stage 0,Stage 0,0.0,1.0
97,19,Stage 1,Stage 1,0.0,1.0
97,20,Stage 3,Stage 3,0.0,1.0
97,21,Stage 3,Stage 3,0.0,1.0
97,22,Stage 1,Stage 1,0.0,1.0
97,23,Stage 0,Stage 0,0.0,1.0
97,24,Stage 4,Stage 4,0.9878025947614272,0.9878025947614272
97,25,Stage 0,Stage 0,0.0,1.0
97,26,Stage 0,Stage 0,0.0,1.0
97,27,Stage 4,Stage 4,0.9985007302536165,0.9985007302536165
97,28,Stage 1,Stage 1,0.0,1.0
97,29,Stage 0,Stage 0,0.0,1.0
97,30,Stage 2,Stage 2,0.0,1.0
97,31,Stage 0,Stage 0,0.0,1.0
97,32,Stage 0,Stage 0,0.0,1.0
97,33,Stage 0,Stage 0,0.0,1.0
97,34,Stage 2,Stage 2,0.0,1.0
97,35,Stage 0,Stage 0,0.0,1.0
97,36,Stage 0,Stage 0,0.0,1.0
97,37,Stage 1,Stage 1,0.0,1.0
97,38,Stage 2,Stage 2,0.0,1.0
97,39,Stage 1,Stage 1,0.0,1.0
97,40,Stage 1,Stage 1,0.0,1.0
97,41,Stage 0,Stage 0,0.0,1.0
97,42,Stage 0,Stage 0,0.0,1.0
97,43,Stage 4,Stage 4,0.9998070080552094,0.9998070080552094
97,44,Stage 1,Stage 1,0.0,1.0
97,45,Stage 4,Stage 4,0.9985007302536165,0.9985007302536165
97,46,Stage 0,Stage 0,0.0,1.0
97,47,Stage 0,Stage 0,0.0,1.0
97,48,Stage 0,Stage 0,0.0,1.0
97,49,Stage 0,Stage 0,0.0,1.0
97,50,Stage 0,Stage 0,0.0,1.0
97,51,Stage 1,Stage 1,0.0,1.0
97,52,Stage 4,Stage 4,0.9834979793636001,0.9834979793636001
97,53,Stage 3,Stage 3,0.0,1.0
97,54,Stage 0,Stage 0,0.0,1.0
97,55,Stage 2,Stage 2,0.0,1.0
97,56,Stage 4,Stage 4,0.9998070080552094,0.9998070080552094
97,57,Stage 2,Stage 2,0.0,1.0
97,58,Stage 0,Stage 0,0.0,1.0
97,59,Stage 3,Stage 3,0.0,1.0
97,60,Stage 3,Stage 3,0.0,1.0
97,61,Stage 3,Stage 3,0.0,1.0
97,62,Stage 0,Stage 0,0.0,1.0
97,63,Stage 0,Stage 0,0.0,1.0
97,64,Stage 1,Stage 1,0.0,1.0
97,65,Stage 4,Stage 4,0.9921742807805474,0.9921742807805474
97,66,Stage 0,Stage 0,0.0,1.0
97,67,Stage 1,Stage 1,0.0,1.0
97,68,Stage 0,Stage 0,0.0,1.0
97,69,Stage 0,Stage 0,0.0,1.0
97,70,Stage 0,Stage 0,0.0,1.0
97,71,Stage 0,Stage 0,0.0,1.0
97,72,Stage 4,Stage 4,0.9499993864621158,0.9499993864621158
97,73,Stage 1,Stage 1,0.0,1.0
97,74,Stage 2,Stage 2,0.0,1.0
97,75,Stage 3,Stage 3,0.0,1.0
97,76,Stage 3,Stage 3,0.0,1.0
97,77,Stage 4,Stage 4,0.9871804087658124,0.9871804087658124
97,78,Stage 3,Stage 3,0.0,1.0
97,79,Stage 0,Stage 0,0.0,1.0
97,80,Stage 0,Stage 0,0.0,1.0
97,81,Stage 2,Stage 2,0.0,1.0
97,82,Stage 1,Stage 1,0.0,1.0
97,83,Stage 0,Stage 0,0.0,1.0
97,84,Stage 0,Stage 0,0.0,1.0
97,85,Stage 4,Stage 4,0.9972944955832509,0.9972944955832509
97,86,Stage 0,Stage 0,0.0,1.0
97,87,Stage 1,Stage 1,0.0,1.0
97,88,Stage 3,Stage 3,0.0,1.0
97,89,Stage 1,Stage 1,0.0,1.0
97,90,Stage 3,Stage 3,0.0,1.0
97,91,Stage 2,Stage 2,0.0,1.0
97,92,Stage 1,Stage 1,0.0,1.0
97,93,Stage 4,Stage 4,0.9849264415716236,0.9849264415716236
97,94,Stage 0,Stage 0,0.0,1.0
97,95,Stage 4,Stage 4,0.8476959332087518,0.8476959332087518
97,96,Stage 4,Stage 4,0.8010694484398324,0.8010694484398324
97,97,Stage 1,Stage 1,0.0,1.0
97,98,Stage 0,Stage 0,0.0,1.0
97,99,Stage 3,Stage 3,0.0,1.0
97,100,Stage 1,Stage 1,0.0,1.0
97,101,Stage 0,Stage 0,0.0,1.0
97,102,Stage 2,Stage 2,0.0,1.0
97,103,Stage 3,Stage 3,0.0,1.0
97,104,Stage 0,Stage 0,0.0,1.0
97,105,Stage 0,Stage 0,0.0,1.0
97,106,Stage 2,Stage 2,0.0,1.0
97,107,Stage 1,Stage 1,0.0,1.0
97,108,Stage 1,Stage 1,0.0,1.0
97,109,Stage 0,Stage 0,0.0,1.0
97,110,Stage 2,Stage 2,0.0,1.0
97,111,Stage 0,Stage 0,0.0,1.0
97,112,Stage 0,Stage 0,0.0,1.0
97,113,Stage 2,Stage 2,0.0,1.0
97,114,Stage 0,Stage 0,0.0,1.0
97,115,Stage 2,Stage 2,0.0,1.0
97,116,Stage 0,Stage 0,0.0,1.0
97,117,Stage 2,Stage 2,0.0,1.0
97,118,Stage 1,Stage 1,0.0,1.0
97,119,Stage 0,Stage 0,0.0,1.0
97,120,Stage 1,Stage 1,0.0,1.0
97,121,Stage 0,Stage 0,0.0,1.0
97,122,Stage 0,Stage 0,0.0,1.0
97,123,Stage 1,Stage 1,0.0,1.0
97,124,Stage 2,Stage 2,0.0,1.0
97,125,Stage 1,Stage 1,0.0,1.0
97,126,Stage 0,Stage 0,0.0,1.0
97,127,Stage 0,Stage 0,0.0,1.0
97,128,Stage 4,Stage 4,0.9985007302536165,0.9985007302536165
97,129,Stage 0,Stage 0,0.0,1.0
97,130,Stage 1,Stage 1,0.0,1.0
97,131,Stage 3,Stage 3,0.0,1.0
97,132,Stage 1,Stage 1,0.0,1.0
97,133,Stage 3,Stage 3,0.0,1.0
97,134,Stage 4,Stage 4,0.9998070080552094,0.9998070080552094
97,135,Stage 0,Stage 0,0.0,1.0
97,136,Stage 3,Stage 3,0.0,1.0
97,137,Stage 3,Stage 3,0.0,1.0
97,138,Stage 1,Stage 1,0.0,1.0
97,139,Stage 2,Stage 2,0.0,1.0
97,140,Stage 0,Stage 0,0.0,1.0
97,141,Stage 0,Stage 0,0.0,1.0
97,142,Stage 1,Stage 1,0.0,1.0
97,143,Stage 4,Stage 4,0.9700952022263095,0.9700952022263095
97,144,Stage 2,Stage 2,0.0,1.0
97,145,Stage 1,Stage 1,0.0,1.0
97,146,Stage 0,Stage 0,0.0,1.0
97,147,Stage 0,Stage 0,0.0,1.0
97,148,Stage 2,Stage 2,0.0,1.0
97,149,Stage 2,Stage 2,0.0,1.0
97,150,Stage 1,Stage 1,0.0,1.0
97,151,Stage 4,Stage 4,0.9195663214490736,0.9195663214490736
97,152,Stage 3,Stage 3,0.0,1.0
97,153,Stage 0,Stage 0,0.0,1.0
97,154,Stage 1,Stage 1,0.0,1.0
97,155,Stage 0,Stage 0,0.0,1.0
97,156,Stage 2,Stage 2,0.0,1.0
97,157,Stage 0,Stage 0,0.0,1.0
97,158,Stage 0,Stage 0,0.0,1.0
97,159,Stage 0,Stage 0,0.0,1.0
97,160,Stage 0,Stage 0,0.0,1.0
97,161,Stage 0,Stage 0,0.0,1.0
97,162,Stage 0,Stage 0,0.0,1.0
97,163,Stage 2,Stage 2,0.0,1.0
97,164,Stage 1,Stage 1,0.0,1.0
97,165,Stage 1,Stage 1,0.0,1.0
97,166,Stage 0,Stage 0,0.0,1.0
97,167,Stage 1,Stage 1,0.0,1.0
97,168,Stage 2,Stage 2,0.0,1.0
97,169,Stage 0,Stage 0,0.0,1.0
97,170,Stage 3,Stage 3,0.0,1.0
97,171,Stage 2,Stage 2,0.0,1.0
97,172,Stage 0,Stage 0,0.0,1.0
97,173,Stage 0,Stage 0,0.0,1.0
97,174,Stage 0,Stage 0,0.0,1.0
97,175,Stage 0,Stage 0,0.0,1.0
97,176,Stage 3,Stage 3,0.0,1.0
97,177,Stage 0,Stage 0,0.0,1.0
97,178,Stage 4,Stage 4,0.9082393611300394,0.9082393611300394
97,179,Stage 1,Stage 1,0.0,1.0
97,180,Stage 4,Stage 4,0.9989387997231959,0.9989387997231959
97,181,Stage 0,Stage 0,0.0,1.0
97,182,Stage 3,Stage 3,0.0,1.0
97,183,Stage 0,Stage 0,0.0,1.0
97,184,Stage 3,Stage 3,0.0,1.0
97,185,Stage 4,Stage 4,0.9364034605127471,0.9364034605127471
97,186,Stage 2,Stage 2,0.0,1.0
97,187,Stage 4,Stage 4,0.9802639450357651,0.9802639450357651
97,188,Stage 0,Stage 0,0.0,1.0
97,189,Stage 1,Stage 1,0.0,1.0
97,190,Stage 1,Stage 1,0.0,1.0
97,191,Stage 3,Stage 3,0.0,1.0
97,192,Stage 1,Stage 1,0.0,1.0
97,193,Stage 0,Stage 0,0.0,1.0
97,194,Stage 4,Stage 4,0.8746251110978637,0.8746251110978637
97,195,Stage 0,Stage 0,0.0,1.0
97,196,Stage 4,Stage 4,0.9269211197610833,0.9269211197610833
97,197,Stage 2,Stage 2,0.0,1.0
97,198,Stage 0,Stage 0,0.0,1.0
97,199,Stage 0,Stage 0,0.0,1.0
97,200,Stage 2,Stage 2,0.0,1.0
97,201,Stage 0,Stage 0,0.0,1.0
97,202,Stage 3,Stage 3,0.0,1.0
97,203,Stage 4,Stage 4,0.9876932881715945,0.9876932881715945
97,204,Stage 2,Stage 2,0.0,1.0
97,205,Stage 0,Stage 0,0.0,1.0
97,206,Stage 3,Stage 3,0.0,1.0
97,207,Stage 3,Stage 3,0.0,1.0
97,208,Stage 2,Stage 2,0.0,1.0
97,209,Stage 1,Stage 1,0.0,1.0
97,210,Stage 0,Stage 0,0.0,1.0
97,211,Stage 0,Stage 0,0.0,1.0
97,212,Stage 0,Stage 0,0.0,1.0
97,213,Stage 4,Stage 4,0.8944410255352568,0.8944410255352568
97,214,Stage 0,Stage 0,0.0,1.0
97,215,Stage 3,Stage 3,0.0,1.0
97,216,Stage 4,Stage 4,0.9414125247548252,0.9414125247548252
97,217,Stage 2,Stage 4,0.9962742154207905,0.9962742154207905
97,218,Stage 1,Stage 1,0.0,1.0
97,219,Stage 0,Stage 0,0.0,1.0
97,220,Stage 0,Stage 0,0.0,1.0
97,221,Stage 4,Stage 4,0.9917133180587698,0.9917133180587698
97,222,Stage 0,Stage 0,0.0,1.0
97,223,Stage 2,Stage 2,0.0,1.0
97,224,Stage 2,Stage 2,0.0,1.0
97,225,Stage 2,Stage 2,0.0,1.0
97,226,Stage 0,Stage 0,0.0,1.0
97,227,Stage 1,Stage 1,0.0,1.0
97,228,Stage 2,Stage 2,0.0,1.0
97,229,Stage 1,Stage 1,0.0,1.0
97,230,Stage 1,Stage 1,0.0,1.0
97,231,Stage 2,Stage 2,0.38867645626826997,0.6113235437317296
97,232,Stage 0,Stage 0,0.0,1.0
97,233,Stage 1,Stage 1,0.0,1.0
97,234,Stage 1,Stage 1,0.0,1.0
97,235,Stage 2,Stage 2,0.0,1.0
97,236,Stage 1,Stage 1,0.0,1.0
97,237,Stage 1,Stage 1,0.0,1.0
97,238,Stage 0,Stage 0,0.0,1.0
97,239,Stage 2,Stage 4,0.8947854332115529,0.8947854332115529
97,240,Stage 0,Stage 0,0.0,1.0
97,241,Stage 2,Stage 2,0.0,1.0
97,242,Stage 1,Stage 1,0.0,1.0
97,243,Stage 3,Stage 3,0.0,1.0
97,244,Stage 0,Stage 0,0.0,1.0
97,245,Stage 1,Stage 1,0.0,1.0
97,246,Stage 0,Stage 0,0.0,1.0
97,247,Stage 1,Stage 1,0.0,1.0
97,248,Stage 2,Stage 2,0.0,1.0
97,249,Stage 0,Stage 0,0.0,1.0
97,250,Stage 2,Stage 2,0.0,1.0
97,251,Stage 2,Stage 2,0.0,1.0
97,252,Stage 3,Stage 3,0.0,1.0
97,253,Stage 0,Stage 0,0.0,1.0
97,254,Stage 3,Stage 3,0.0,1.0
97,255,Stage 0,Stage 0,0.0,1.0
97,256,Stage 3,Stage 3,0.0,1.0
97,257,Stage 2,Stage 2,0.0,1.0
97,258,Stage 2,Stage 2,0.44897537838504237,0.5510246216149578
97,259,Stage 0,Stage 0,0.0,1.0
97,260,Stage 0,Stage 0,0.0,1.0
97,261,Stage 0,Stage 0,0.0,1.0
97,262,Stage 0,Stage 0,0.0,1.0
118,1,Stage 2,Stage 2,0.0,1.0
118,2,Stage 0,Stage 0,0.0,1.0
118,3,Stage 3,Stage 3,0.0,1.0
118,4,Stage 0,Stage 0,0.0,1.0
118,5,Stage 2,Stage 2,0.0,1.0
118,6,Stage 0,Stage 0,0.0,1.0
118,7,Stage 3,Stage 3,0.0,1.0
118,8,Stage 1,Stage 1,0.0,1.0
118,9,Stage 3,Stage 3,0.0,1.0
118,10,Stage 0,Stage 0,0.0,1.0
118,11,Stage 2,Stage 2,0.0,1.0
118,12,Stage 4,Stage 4,0.9998070080552094,0.9998070080552094
118,13,Stage 1,Stage 1,0.0,1.0
118,14,Stage 0,Stage 0,0.0,1.0
118,15,Stage 1,Stage 1,0.0,1.0
118,16,Stage 0,Stage 0,0.0,1.0
118,17,Stage 1,Stage 1,0.0,1.0
118,18,Stage 2,Stage 2,0.0,1.0
118,19,Stage 4,Stage 4,0.9998070080552094,0.9998070080552094
118,20,Stage 3,Stage 3,0.0,1.0
118,21,Stage 1,Stage 1,0.0,1.0
118,22,Stage 4,Stage 4,0.9650465610102422,0.9650465610102422
118,23,Stage 3,Stage 3,0.0,1.0
118,24,Stage 4,Stage 4,0.9998070080552094,0.9998070080552094
118,25,Stage 4,Stage 4,0.9989387997231959,0.9989387997231959
118,26,Stage 3,Stage 3,0.0,1.0
118,27,Stage 0,Stage 0,0.0,1.0
118,28,Stage 0,Stage 0,0.0,1.0
118,29,Stage 0,Stage 0,0.0,1.0
118,30,Stage 3,Stage 3,0.0,1.0
118,31,Stage 0,Stage 0,0.0,1.0
118,32,Stage 0,Stage 0,0.0,1.0
118,33,Stage 0,Stage 0,0.0,1.0
118,34,Stage 0,Stage 0,0.0,1.0
118,35,Stage 1,Stage 1,0.0,1.0
118,36,Stage 4,Stage 4,0.9932192405375908,0.9932192405375908
118,37,Stage 4,Stage 4,0.9626540162772553,0.9626540162772553
118,38,Stage 2,Stage 2,0.0,1.0
118,39,Stage 1,Stage 1,0.0,1.0
118,40,Stage 0,Stage 0,0.0,1.0
118,41,Stage 2,Stage 2,0.0,1.0
118,42,Stage 0,Stage 0,0.0,1.0
118,43,Stage 1,Stage 1,0.0,1.0
118,44,Stage 3,Stage 3,0.0,1.0
118,45,Stage 2,Stage 2,0.0,1.0
118,46,Stage 1,Stage 1,0.0,1.0
118,47,Stage 1,Stage 1,0.0,1.0
118,48,Stage 1,Stage 1,0.0,1.0
118,49,Stage 1,Stage 1,0.0,1.0
118,50,Stage 0,Stage 0,0.0,1.0
118,51,Stage 1,Stage 1,0.0,1.0
118,52,Stage 0,Stage 0,0.0,1.0
118,53,Stage 0,Stage 0,0.0,1.0
118,54,Stage 1,Stage 1,0.0,1.0
118,55,Stage 0,Stage 0,0.0,1.0
118,56,Stage 4,Stage 4,0.9989387997231959,0.9989387997231959
118,57,Stage 1,Stage 1,0.0,1.0
118,58,Stage 0,Stage 0,0.0,1.0
118,59,Stage 0,Stage 0,0.0,1.0
118,60,Stage 2,Stage 2,0.0,1.0
118,61,Stage 0,Stage 0,0.0,1.0
118,62,Stage 0,Stage 0,0.0,1.0
118,63,Stage 4,Stage 4,0.9989387997231959,0.9989387997231959
118,64,Stage 0,Stage 0,0.0,1.0
118,65,Stage 4,Stage 4,0.9892898864791082,0.9892898864791082
118,66,Stage 0,Stage 0,0.0,1.0
118,67,Stage 0,Stage 0,0.0,1.0
118,68,Stage 0,Stage 0,0.0,1.0
118,69,Stage 1,Stage 1,0.0,1.0
118,70,Stage 3,Stage 3,0.0,1.0
118,71,Stage 3,Stage 3,0.0,1.0
118,72,Stage 4,Stage 4,0.9958251419178974,0.9958251419178974
118,73,Stage 0,Stage 0,0.0,1.0
118,74,Stage 1,Stage 1,0.0,1.0
118,75,Stage 4,Stage 4,0.9958251419178974,0.9958251419178974
118,76,Stage 2,Stage 2,0.0,1.0
118,77,Stage 2,Stage 2,0.0,1.0
118,78,Stage 1,Stage 1,0.0,1.0
118,79,Stage 1,Stage 1,0.0,1.0
118,80,Stage 0,Stage 0,0.0,1.0
118,81,Stage 0,Stage 0,0.0,1.0
118,82,Stage 2,Stage 2,0.0,1.0
118,83,Stage 3,Stage 3,0.0,1.0
118,84,Stage 4,Stage 4,0.9832208766201544,0.9832208766201544
118,85,Stage 0,Stage 0,0.0,1.0
118,86,Stage 0,Stage 0,0.0,1.0
118,87,Stage 1,Stage 1,0.0,1.0
118,88,Stage 1,Stage 1,0.0,1.0
118,89,Stage 2,Stage 2,0.0,1.0
118,90,Stage 2,Stage 2,0.0,1.0
118,91,Stage 3,Stage 3,0.0,1.0
118,92,Stage 0,Stage 0,0.0,1.0
118,93,Stage 2,Stage 2,0.0,1.0
118,94,Stage 0,Stage 0,0.0,1.0
118,95,Stage 0,Stage 0,0.0,1.0
118,96,Stage 2,Stage 2,0.0,1.0
118,97,Stage 3,Stage 3,0.0,1.0
118,98,Stage 0,Stage 0,0.0,1.0
118,99,Stage 4,Stage 4,0.9989387997231959,0.9989387997231959
118,100,Stage 2,Stage 2,0.0,1.0
118,101,Stage 0,Stage 0,0.0,1.0
118,102,Stage 3,Stage 3,0.0,1.0
118,103,Stage 1,Stage 1,0.0,1.0
118,104,Stage 0,Stage 0,0.0,1.0
118,105,Stage 2,Stage 2,0.0,1.0
118,106,Stage 0,Stage 0,0.0,1.0
118,107,Stage 0,Stage 0,0.0,1.0
118,108,Stage 0,Stage 0,0.0,1.0
118,109,Stage 0,Stage 0,0.0,1.0
118,110,Stage 0,Stage 0,0.0,1.0
118,111,Stage 3,Stage 3,0.0,1.0
118,112,Stage 4,Stage 4,0.9364034605127471,0.9364034605127471
118,113,Stage 0,Stage 0,0.0,1.0
118,114,Stage 2,Stage 2,0.0,1.0
118,115,Stage 0,Stage 0,0.0,1.0
118,116,Stage 1,Stage 1,0.0,1.0
118,117,Stage 0,Stage 0,0.0,1.0
118,118,Stage 4,Stage 4,0.9632199222745819,0.9632199222745819
118,119,Stage 3,Stage 3,0.0,1.0
118,120,Stage 4,Stage 4,0.9632199222745819,0.9632199222745819
118,121,Stage 0,Stage 0,0.0,1.0
118,122,Stage 3,Stage 3,0.0,1.0
118,123,Stage 4,Stage 4,0.9626540162772553,0.9626540162772553
118,124,Stage 1,Stage 1,0.0,1.0
118,125,Stage 3,Stage 3,0.0,1.0
118,126,Stage 0,Stage 0,0.0,1.0
118,127,Stage 0,Stage 0,0.0,1.0
118,128,Stage 0,Stage 0,0.0,1.0
118,129,Stage 0,Stage 0,0.0,1.0
118,130,Stage 0,Stage 0,0.0,1.0
118,131,Stage 2,Stage 2,0.0,1.0
118,132,Stage 0,Stage 0,0.0,1.0
118,133,Stage 0,Stage 0,0.0,1.0
118,134,Stage 0,Stage 0,0.0,1.0
118,135,Stage 3,Stage 3,0.0,1.0
118,136,Stage 4,Stage 4,0.9286613700329731,0.9286613700329731
118,137,Stage 1,Stage 1,0.0,1.0
118,138,Stage 0,Stage 0,0.0,1.0
118,139,Stage 4,Stage 4,0.8642681022944091,0.8642681022944091
118,140,Stage 0,Stage 0,0.0,1.0
118,141,Stage 0,Stage 0,0.0,1.0
118,142,Stage 0,Stage 0,0.0,1.0
118,143,Stage 0,Stage 0,0.0,1.0
118,144,Stage 2,Stage 2,0.0,1.0
118,145,Stage 3,Stage 3,0.0,1.0
118,146,Stage 0,Stage 0,0.0,1.0
118,147,Stage 2,Stage 2,0.03386819974327718,0.9661318002567231
118,148,Stage 4,Stage 4,0.9632199222745819,0.9632199222745819
118,149,Stage 1,Stage 1,0.0,1.0
118,150,Stage 0,Stage 0,0.0,1.0
118,151,Stage 0,Stage 0,0.0,1.0
118,152,Stage 0,Stage 0,0.0,1.0
118,153,Stage 1,Stage 1,0.0,1.0
118,154,Stage 1,Stage 1,0.0,1.0
118,155,Stage 4,Stage 4,0.939201641444181,0.939201641444181
118,156,Stage 0,Stage 0,0.0,1.0
118,157,Stage 0,Stage 0,0.0,1.0
118,158,Stage 1,Stage 1,0.0,1.0
118,159,Stage 0,Stage 0,0.0,1.0
118,160,Stage 0,Stage 0,0.0,1.0
118,161,Stage 4,Stage 4,0.9832208766201544,0.9832208766201544
118,162,Stage 0,Stage 0,0.0,1.0
118,163,Stage 3,Stage 3,0.0,1.0
118,164,Stage 4,Stage 4,0.9802639450357651,0.9802639450357651
118,165,Stage 2,Stage 2,0.0,1.0
118,166,Stage 4,Stage 4,0.9985007302536165,0.9985007302536165
118,167,Stage 0,Stage 0,0.0,1.0
118,168,Stage 2,Stage 2,0.0,1.0
118,169,Stage 3,Stage 3,0.0,1.0
118,170,Stage 2,Stage 2,0.0,1.0
118,171,Stage 3,Stage 3,0.0,1.0
118,172,Stage 4,Stage 4,0.9878025947614272,0.9878025947614272
118,173,Stage 2,Stage 2,0.0,1.0
118,174,Stage 2,Stage 2,0.0,1.0
118,175,Stage 3,Stage 3,0.0,1.0
118,176,Stage 1,Stage 1,0.0,1.0
118,177,Stage 4,Stage 4,0.9985007302536165,0.9985007302536165
118,178,Stage 4,Stage 4,0.9849264415716236,0.9849264415716236
118,179,Stage 0,Stage 0,0.0,1.0
118,180,Stage 0,Stage 0,0.0,1.0
118,181,Stage 0,Stage 0,0.0,1.0
118,182,Stage 3,Stage 3,0.0,1.0
118,183,Stage 2,Stage 2,0.0,1.0
118,184,Stage 0,Stage 0,0.0,1.0
118,185,Stage 3,Stage 3,0.0,1.0
118,186,Stage 3,Stage 3,0.0,1.0
118,187,Stage 1,Stage 1,0.0,1.0
118,188,Stage 0,Stage 0,0.0,1.0
118,189,Stage 0,Stage 0,0.0,1.0
118,190,Stage 2,Stage 2,0.0,1.0
118,191,Stage 0,Stage 0,0.0,1.0
118,192,Stage 3,Stage 3,0.0,1.0
118,193,Stage 2,Stage 2,0.0,1.0
118,194,Stage 1,Stage 1,0.0,1.0
118,195,Stage 0,Stage 0,0.0,1.0
118,196,Stage 0,Stage 0,0.0,1.0
118,197,Stage 3,Stage 3,0.0,1.0
118,198,Stage 0,Stage 0,0.0,1.0
118,199,Stage 0,Stage 0,0.0,1.0
118,200,Stage 3,Stage 3,0.0,1.0
118,201,Stage 4,Stage 4,0.8944410255352568,0.8944410255352568
118,202,Stage 0,Stage 0,0.0,1.0
118,203,Stage 3,Stage 3,0.0,1.0
118,204,Stage 0,Stage 0,0.0,1.0
118,205,Stage 1,Stage 1,0.0,1.0
118,206,Stage 0,Stage 0,0.0,1.0
118,207,Stage 4,Stage 4,0.9857782524137444,0.9857782524137444
118,208,Stage 3,Stage 3,0.0,1.0
118,209,Stage 0,Stage 0,0.0,1.0
118,210,Stage 2,Stage 2,0.0,1.0
118,211,Stage 2,Stage 2,0.0,1.0
118,212,Stage 0,Stage 0,0.0,1.0
118,213,Stage 3,Stage 3,0.0,1.0
118,214,Stage 0,Stage 0,0.0,1.0
118,215,Stage 2,Stage 2,0.0,1.0
118,216,Stage 0,Stage 0,0.0,1.0
118,217,Stage 4,Stage 4,0.9548086382382833,0.9548086382382833
118,218,Stage 4,Stage 4,0.9797670875759311,0.9797670875759311
118,219,Stage 0,Stage 0,0.0,1.0
118,220,Stage 1,Stage 1,0.0,1.0
118,221,Stage 4,Stage 4,0.9878025947614272,0.9878025947614272
118,222,Stage 0,Stage 0,0.0,1.0
118,223,Stage 0,Stage 0,0.0,1.0
118,224,Stage 4,Stage 4,0.9985007302536165,0.9985007302536165
118,225,Stage 0,Stage 0,0.0,1.0
118,226,Stage 0,Stage 0,0.0,1.0
118,227,Stage 0,Stage 0,0.0,1.0
118,228,Stage 1,Stage 1,0.0,1.0
118,229,Stage 4,Stage 4,0.9985007302536165,0.9985007302536165
118,230,Stage 0,Stage 0,0.0,1.0
118,231,Stage 1,Stage 1,0.0,1.0
118,232,Stage 0,Stage 0,0.0,1.0
118,233,Stage 0,Stage 0,0.0,1.0
118,234,Stage 1,Stage 1,0.0,1.0
118,235,Stage 0,Stage 0,0.0,1.0
118,236,Stage 1,Stage 1,0.0,1.0
118,237,Stage 4,Stage 4,0.9878025947614272,0.9878025947614272
118,238,Stage 0,Stage 0,0.0,1.0
118,239,Stage 3,Stage 3,0.0,1.0
118,240,Stage 4,Stage 4,0.9802639450357651,0.9802639450357651
118,241,Stage 0,Stage 0,0.0,1.0
118,242,Stage 1,Stage 1,0.0,1.0
118,243,Stage 0,Stage 0,0.0,1.0
118,244,Stage 0,Stage 0,0.0,1.0
118,245,Stage 0,Stage 0,0.0,1.0
118,246,Stage 2,Stage 2,0.0,1.0
118,247,Stage 0,Stage 0,0.0,1.0
118,248,Stage 4,Stage 4,0.9989387997231959,0.9989387997231959
118,249,Stage 3,Stage 3,0.0,1.0
118,250,Stage 1,Stage 1,0.0,1.0
118,251,Stage 0,Stage 0,0.0,1.0
118,252,Stage 4,Stage 4,0.9985007302536165,0.9985007302536165
118,253,Stage 0,Stage 0,0.0,1.0
118,254,Stage 1,Stage 1,0.0,1.0
118,255,Stage 0,Stage 0,0.0,1.0
118,256,Stage 3,Stage 3,0.0,1.0
118,257,Stage 2,Stage 2,0.0,1.0
118,258,Stage 2,Stage 2,0.0,1.0
118,259,Stage 0,Stage 0,0.0,1.0
118,260,Stage 1,Stage 1,0.0,1.0
118,261,Stage 1,Stage 1,0.0,1.0
118,262,Stage 2,Stage 2,0.0,1.0
118,263,Stage 0,Stage 0,0.0,1.0
118,264,Stage 0,Stage 0,0.0,1.0
118,265,Stage 0,Stage 0,0.0,1.0
118,266,Stage 1,Stage 1,0.0,1.0
118,267,Stage 1,Stage 1,0.0,1.0
118,268,Stage 1,Stage 1,0.0,1.0
118,269,Stage 2,Stage 2,0.0,1.0
118,270,Stage 2,Stage 2,0.0,1.0
118,271,Stage 4,Stage 4,0.9917133180587698,0.9917133180587698
118,272,Stage 3,Stage 3,0.0,1.0
118,273,Stage 0,Stage 0,0.0,1.0
118,274,Stage 3,Stage 3,0.0,1.0
118,275,Stage 4,Stage 4,0.9650465610102422,0.9650465610102422
118,276,Stage 0,Stage 0,0.0,1.0
118,277,Stage 1,Stage 1,0.0,1.0
118,278,Stage 0,Stage 0,0.0,1.0
118,279,Stage 4,Stage 4,0.939201641444181,0.939201641444181
118,280,Stage 3,Stage 3,0.0,1.0
118,281,Stage 0,Stage 0,0.0,1.0
118,282,Stage 4,Stage 4,0.8576291809919231,0.8576291809919231
118,283,Stage 0,Stage 0,0.0,1.0
118,284,Stage 0,Stage 0,0.0,1.0
118,285,Stage 2,Stage 2,0.0,1.0
118,286,Stage 1,Stage 1,0.0,1.0
118,287,Stage 2,Stage 2,0.0,1.0
118,288,Stage 0,Stage 0,0.0,1.0
118,289,Stage 3,Stage 3,0.0,1.0
118,290,Stage 4,Stage 4,0.9191806954309615,0.9191806954309615
118,291,Stage 4,Stage 4,0.9989387997231959,0.9989387997231959
118,292,Stage 3,Stage 3,0.0,1.0
118,293,Stage 2,Stage 2,0.0,1.0
118,294,Stage 3,Stage 3,0.0,1.0
118,295,Stage 0,Stage 0,0.0,1.0
118,296,Stage 1,Stage 1,0.0,1.0
118,297,Stage 0,Stage 0,0.0,1.0
118,298,Stage 1,Stage 1,0.0,1.0
118,299,Stage 2,Stage 2,0.0,1.0
118,300,Stage 2,Stage 2,0.0,1.0
118,301,Stage 0,Stage 0,0.0,1.0
118,302,Stage 4,Stage 4,0.9082393611300394,0.9082393611300394
118,303,Stage 3,Stage 3,0.0,1.0
118,304,Stage 4,Stage 4,0.9958251419178974,0.9958251419178974
118,305,Stage 0,Stage 0,0.0,1.0
118,306,Stage 4,Stage 4,0.9989387997231959,0.9989387997231959
118,307,Stage 1,Stage 1,0.0,1.0
118,308,Stage 2,Stage 2,0.0,1.0
118,309,Stage 3,Stage 3,0.0,1.0
118,310,Stage 0,Stage 0,0.0,1.0
118,311,Stage 1,Stage 1,0.0,1.0
118,312,Stage 4,Stage 4,0.9191806954309615,0.9191806954309615
118,313,Stage 0,Stage 0,0.0,1.0
118,314,Stage 4,Stage 4,0.9834979793636001,0.9834979793636001
118,315,Stage 0,Stage 0,0.0,1.0
118,316,Stage 0,Stage 0,0.0,1.0
118,317,Stage 0,Stage 0,0.0,1.0
118,318,Stage 0,Stage 0,0.0,1.0
118,319,Stage 3,Stage 3,0.0,1.0
118,320,Stage 3,Stage 3,0.0,1.0
118,321,Stage 1,Stage 1,0.0,1.0
118,322,Stage 3,Stage 3,0.0,1.0
118,323,Stage 0,Stage 0,0.0,1.0
118,324,Stage 1,Stage 1,0.0,1.0
118,325,Stage 3,Stage 3,0.0,1.0
118,326,Stage 3,Stage 3,0.0,1.0
118,327,Stage 0,Stage 0,0.0,1.0
118,328,Stage 0,Stage 0,0.0,1.0
118,329,Stage 3,Stage 3,0.0,1.0
118,330,Stage 3,Stage 3,0.0,1.0
118,331,Stage 2,Stage 2,0.0,1.0
118,332,Stage 1,Stage 1,0.0,1.0
118,333,Stage 3,Stage 3,0.0,1.0
118,334,Stage 1,Stage 1,0.0,1.0
118,335,Stage 2,Stage 2,0.0,1.0
118,336,Stage 4,Stage 4,0.9191806954309615,0.9191806954309615
118,337,Stage 2,Stage 2,0.0,1.0
118,338,Stage 1,Stage 1,0.0,1.0
118,339,Stage 0,Stage 0,0.0,1.0
118,340,Stage 2,Stage 2,0.0,1.0
118,341,Stage 0,Stage 0,0.0,1.0
118,342,Stage 3,Stage 3,0.0,1.0
118,343,Stage 2,Stage 2,0.05032307240830773,0.9496769275916919
118,344,Stage 2,Stage 2,0.0,1.0
118,345,Stage 2,Stage 2,0.0,1.0
118,346,Stage 1,Stage 1,0.0,1.0
118,347,Stage 0,Stage 0,0.0,1.0
118,348,Stage 3,Stage 3,0.0,1.0
118,349,Stage 4,Stage 4,0.9832208766201544,0.9832208766201544
118,350,Stage 1,Stage 1,0.0,1.0
118,351,Stage 0,Stage 0,0.0,1.0
118,352,Stage 2,Stage 2,0.0,1.0
118,353,Stage 4,Stage 4,0.9632199222745819,0.9632199222745819
118,354,Stage 0,Stage 0,0.0,1.0
118,355,Stage 0,Stage 0,0.0,1.0
118,356,Stage 2,Stage 2,0.0,1.0
118,357,Stage 0,Stage 0,0.0,1.0
118,358,Stage 4,Stage 4,0.9442582004783833,0.9442582004783833
118,359,Stage 3,Stage 3,0.0,1.0
118,360,Stage 1,Stage 1,0.0,1.0
118,361,Stage 0,Stage 0,0.0,1.0
118,362,Stage 0,Stage 0,0.0,1.0
118,363,Stage 3,Stage 3,0.0,1.0
118,364,Stage 2,Stage 2,0.0,1.0
118,365,Stage 2,Stage 2,0.0,1.0
118,366,Stage 4,Stage 4,0.9917133180587698,0.9917133180587698
118,367,Stage 0,Stage 0,0.0,1.0
118,368,Stage 0,Stage 0,0.0,1.0
118,369,Stage 0,Stage 0,0.0,1.0
118,370,Stage 0,Stage 0,0.0,1.0
118,371,Stage 0,Stage 0,0.0,1.0
118,372,Stage 3,Stage 3,0.0,1.0
118,373,Stage 0,Stage 0,0.0,1.0
118,374,Stage 1,Stage 1,0.0,1.0
118,375,Stage 0,Stage 0,0.0,1.0
118,376,Stage 3,Stage 3,0.0,1.0
118,377,Stage 2,Stage 2,0.0,1.0
118,378,Stage 4,Stage 4,0.9948880576984798,0.9948880576984798
118,379,Stage 0,Stage 0,0.0,1.0
118,380,Stage 0,Stage 0,0.0,1.0
118,381,Stage 3,Stage 3,0.0,1.0
118,382,Stage 1,Stage 1,0.0,1.0
118,383,Stage 2,Stage 2,0.0,1.0
118,384,Stage 0,Stage 0,0.0,1.0
118,385,Stage 0,Stage 0,0.0,1.0
118,386,Stage 0,Stage 0,0.0,1.0
118,387,Stage 3,Stage 3,0.0,1.0
118,388,Stage 0,Stage 0,0.0,1.0
118,389,Stage 1,Stage 1,0.0,1.0
118,390,Stage 2,Stage 2,0.0,1.0
118,391,Stage 0,Stage 0,0.0,1.0
118,392,Stage 2,Stage 2,0.0,1.0
118,393,Stage 4,Stage 4,0.9871804087658124,0.9871804087658124
118,394,Stage 1,Stage 1,0.0,1.0
118,395,Stage 0,Stage 0,0.0,1.0
118,396,Stage 4,Stage 4,0.9989387997231959,0.9989387997231959
118,397,Stage 0,Stage 0,0.0,1.0
118,398,Stage 0,Stage 0,0.0,1.0
118,399,Stage 0,Stage 0,0.0,1.0
118,400,Stage 0,Stage 0,0.0,1.0
118,401,Stage 0,Stage 0,0.0,1.0
118,402,Stage 1,Stage 1,0.0,1.0
118,403,Stage 3,Stage 3,0.0,1.0
118,404,Stage 2,Stage 2,0.0,1.0
118,405,Stage 0,Stage 0,0.0,1.0
118,406,Stage 0,Stage 0,0.0,1.0
118,407,Stage 1,Stage 1,0.0,1.0
118,408,Stage 3,Stage 3,0.0,1.0
118,409,Stage 0,Stage 0,0.0,1.0
118,410,Stage 4,Stage 4,0.9824666731868933,0.9824666731868933
118,411,Stage 1,Stage 1,0.0,1.0
118,412,Stage 1,Stage 1,0.0,1.0
118,413,Stage 0,Stage 0,0.0,1.0
118,414,Stage 4,Stage 4,0.9082393611300394,0.9082393611300394
118,415,Stage 4,Stage 4,0.8746251110978637,0.8746251110978637
118,416,Stage 3,Stage 3,0.0,1.0
118,417,Stage 0,Stage 0,0.0,1.0
118,418,Stage 1,Stage 1,0.0,1.0
118,419,Stage 0,Stage 0,0.0,1.0
118,420,Stage 2,Stage 2,0.0,1.0
118,421,Stage 1,Stage 1,0.0,1.0
118,422,Stage 0,Stage 0,0.0,1.0
118,423,Stage 2,Stage 2,0.0,1.0
118,424,Stage 3,Stage 3,0.0,1.0
118,425,Stage 2,Stage 2,0.0,1.0
118,426,Stage 4,Stage 4,0.9978609539488698,0.9978609539488698
118,427,Stage 3,Stage 3,0.0,1.0
118,428,Stage 4,Stage 4,0.9488239418133202,0.9488239418133202
118,429,Stage 3,Stage 3,0.0,1.0
118,430,Stage 1,Stage 1,0.0,1.0
118,431,Stage 3,Stage 3,0.0,1.0
118,432,Stage 0,Stage 0,0.0,1.0
118,433,Stage 3,Stage 3,0.0,1.0
118,434,Stage 0,Stage 0,0.0,1.0
118,435,Stage 3,Stage 3,0.0,1.0
118,436,Stage 0,Stage 0,0.0,1.0
118,437,Stage 0,Stage 0,0.0,1.0
118,438,Stage 0,Stage 0,0.0,1.0
118,439,Stage 0,Stage 0,0.0,1.0
118,440,Stage 1,Stage 1,0.0,1.0
118,441,Stage 0,Stage 0,0.0,1.0
118,442,Stage 0,Stage 0,0.0,1.0
118,443,Stage 4,Stage 4,0.9978609539488698,0.9978609539488698
118,444,Stage 2,Stage 2,0.0,1.0
118,445,Stage 0,Stage 0,0.0,1.0
118,446,Stage 3,Stage 3,0.0,1.0
118,447,Stage 4,Stage 4,0.8010694484398324,0.8010694484398324
118,448,Stage 0,Stage 0,0.0,1.0
118,449,Stage 2,Stage 2,0.0,1.0
118,450,Stage 1,Stage 1,0.0,1.0
118,451,Stage 4,Stage 4,0.9834979793636001,0.9834979793636001
118,452,Stage 4,Stage 4,0.9607130707622694,0.9607130707622694
118,453,Stage 3,Stage 3,0.0,1.0
118,454,Stage 0,Stage 0,0.0,1.0
118,455,Stage 2,Stage 2,0.0,1.0
118,456,Stage 0,Stage 0,0.0,1.0
118,457,Stage 4,Stage 4,0.8520404411420309,0.8520404411420309
118,458,Stage 2,Stage 2,0.0,1.0
118,459,Stage 0,Stage 0,0.0,1.0
118,460,Stage 1,Stage 1,0.0,1.0
118,461,Stage 0,Stage 0,0.0,1.0
118,462,Stage 2,Stage 2,0.0,1.0
118,463,Stage 3,Stage 3,0.0,1.0
118,464,Stage 0,Stage 0,0.0,1.0
118,465,Stage 0,Stage 0,0.0,1.0
118,466,Stage 4,Stage 4,0.8944410255352568,0.8944410255352568
118,467,Stage 2,Stage 2,0.0,1.0
118,468,Stage 3,Stage 3,0.0,1.0
118,469,Stage 3,Stage 3,0.0,1.0
118,470,Stage 0,Stage 0,0.0,1.0
118,471,Stage 0,Stage 0,0.0,1.0
118,472,Stage 0,Stage 0,0.0,1.0
118,473,Stage 4,Stage 4,0.8642681022944091,0.8642681022944091
118,474,Stage 0,Stage 0,0.0,1.0
118,475,Stage 0,Stage 0,0.0,1.0
118,476,Stage 1,Stage 1,0.0,1.0
118,477,Stage 3,Stage 3,0.0,1.0
118,478,Stage 4,Stage 4,0.7451452560156209,0.7451452560156209
118,479,Stage 2,Stage 2,0.0,1.0
118,480,Stage 2,Stage 4,0.9932192405375908,0.9932192405375908
118,481,Stage 3,Stage 3,0.0,1.0
118,482,Stage 0,Stage 0,0.0,1.0
118,483,Stage 0,Stage 0,0.0,1.0
118,484,Stage 0,Stage 0,0.0,1.0
118,485,Stage 0,Stage 0,0.0,1.0
118,486,Stage 3,Stage 3,0.0,1.0
118,487,Stage 0,Stage 0,0.0,1.0
118,488,Stage 0,Stage 0,0.0,1.0
118,489,Stage 0,Stage 0,0.0,1.0
118,490,Stage 4,Stage 4,0.9607130707622694,0.9607130707622694
118,491,Stage 3,Stage 3,0.0,1.0
118,492,Stage 1,Stage 1,0.0,1.0
118,493,Stage 1,Stage 1,0.0,1.0
118,494,Stage 3,Stage 3,0.0,1.0
118,495,Stage 2,Stage 2,0.0,1.0
118,496,Stage 0,Stage 0,0.0,1.0
118,497,Stage 1,Stage 1,0.0,1.0
118,498,Stage 1,Stage 1,0.0,1.0
118,499,Stage 2,Stage 4,0.7884846171590882,0.7884846171590882
118,500,Stage 2,Stage 4,0.9989387997231959,0.9989387997231959
118,501,Stage 4,Stage 4,0.8010694484398324,0.8010694484398324
118,502,Stage 0,Stage 0,0.0,1.0
118,503,Stage 1,Stage 1,0.0,1.0
118,504,Stage 1,Stage 1,0.0,1.0
118,505,Stage 0,Stage 0,0.0,1.0
118,506,Stage 2,Stage 4,0.8349402179420571,0.8349402179420571
118,507,Stage 1,Stage 1,0.0,1.0
118,508,Stage 0,Stage 0,0.0,1.0
118,509,Stage 2,Stage 4,0.7089401704384415,0.7089401704384415
118,510,Stage 0,Stage 0,0.0,1.0
118,511,Stage 0,Stage 0,0.0,1.0
118,512,Stage 0,Stage 0,0.0,1.0
118,513,Stage 1,Stage 1,0.0,1.0
118,514,Stage 2,Stage 2,0.0,1.0
118,515,Stage 1,Stage 1,0.0,1.0
118,516,Stage 0,Stage 0,0.0,1.0
118,517,Stage 0,Stage 0,0.0,1.0
118,518,Stage 0,Stage 0,0.0,1.0
118,519,Stage 0,Stage 0,0.0,1.0
118,520,Stage 3,Stage 3,0.0,1.0
118,521,Stage 0,Stage 0,0.0,1.0
118,522,Stage 0,Stage 0,0.0,1.0
118,523,Stage 0,Stage 0,0.0,1.0
118,524,Stage 1,Stage 1,0.0,1.0
118,525,Stage 0,Stage 0,0.0,1.0
118,526,Stage 2,Stage 2,0.0,1.0
118,527,Stage 3,Stage 3,0.0,1.0
118,528,Stage 0,Stage 0,0.0,1.0
118,529,Stage 2,Stage 2,0.3852143105533338,0.614785689446666
118,530,Stage 0,Stage 0,0.0,1.0
118,531,Stage 2,Stage 2,0.0,1.0
118,532,Stage 0,Stage 0,0.0,1.0
118,533,Stage 0,Stage 0,0.0,1.0
118,534,Stage 2,Stage 4,0.8476959332087518,0.8476959332087518
118,535,Stage 2,Stage 2,0.0,1.0
118,536,Stage 2,Stage 4,0.647141386050722,0.647141386050722
118,537,Stage 0,Stage 0,0.0,1.0
118,538,Stage 0,Stage 0,0.0,1.0
118,539,Stage 0,Stage 0,0.0,1.0
118,540,Stage 2,Stage 2,0.0,1.0
118,541,Stage 2,Stage 2,0.0,1.0
118,542,Stage 3,Stage 3,0.0,1.0
118,543,Stage 0,Stage 0,0.0,1.0
121,1,Stage 0,Stage 0,0.0,1.0
121,2,Stage 4,Stage 4,0.9096056246014147,0.9096056246014147
121,3,Stage 1,Stage 1,0.0,1.0
121,4,Stage 2,Stage 2,0.0,1.0
121,5,Stage 1,Stage 1,0.0,1.0
121,6,Stage 0,Stage 0,0.0,1.0
121,7,Stage 0,Stage 0,0.0,1.0
121,8,Stage 0,Stage 0,0.0,1.0
121,9,Stage 0,Stage 0,0.0,1.0
121,10,Stage 3,Stage 3,0.0,1.0
121,11,Stage 0,Stage 0,0.0,1.0
121,12,Stage 0,Stage 0,0.0,1.0
121,13,Stage 3,Stage 3,0.0,1.0
121,14,Stage 0,Stage 0,0.0,1.0
121,15,Stage 0,Stage 0,0.0,1.0
121,16,Stage 0,Stage 0,0.0,1.0
121,17,Stage 0,Stage 0,0.0,1.0
121,18,Stage 0,Stage 0,0.0,1.0
121,19,Stage 1,Stage 1,0.0,1.0
121,20,Stage 4,Stage 4,0.9488239418133202,0.9488239418133202
121,21,Stage 0,Stage 0,0.0,1.0
121,22,Stage 0,Stage 0,0.0,1.0
121,23,Stage 3,Stage 3,0.0,1.0
121,24,Stage 2,Stage 2,0.0,1.0
121,25,Stage 0,Stage 0,0.0,1.0
121,26,Stage 1,Stage 1,0.0,1.0
121,27,Stage 0,Stage 0,0.0,1.0
121,28,Stage 0,Stage 0,0.0,1.0
121,29,Stage 0,Stage 0,0.0,1.0
121,30,Stage 0,Stage 0,0.0,1.0
121,31,Stage 3,Stage 3,0.0,1.0
121,32,Stage 0,Stage 0,0.0,1.0
121,33,Stage 0,Stage 0,0.0,1.0
121,34,Stage 0,Stage 0,0.0,1.0
121,35,Stage 2,Stage 2,0.0,1.0
121,36,Stage 4,Stage 4,0.9442582004783833,0.9442582004783833
121,37,Stage 0,Stage 0,0.0,1.0
121,38,Stage 1,Stage 1,0.0,1.0
121,39,Stage 2,Stage 2,0.0,1.0
121,40,Stage 0,Stage 0,0.0,1.0
121,41,Stage 0,Stage 0,0.0,1.0
121,42,Stage 2,Stage 2,0.0,1.0
121,43,Stage 0,Stage 0,0.0,1.0
121,44,Stage 3,Stage 3,0.0,1.0
121,45,Stage 3,Stage 3,0.0,1.0
121,46,Stage 4,Stage 4,0.8476959332087518,0.8476959332087518
121,47,Stage 1,Stage 1,0.0,1.0
121,48,Stage 0,Stage 0,0.0,1.0
121,49,Stage 3,Stage 3,0.0,1.0
121,50,Stage 0,Stage 0,0.0,1.0
121,51,Stage 0,Stage 0,0.0,1.0
121,52,Stage 3,Stage 3,0.0,1.0
121,53,Stage 3,Stage 3,0.0,1.0
121,54,Stage 0,Stage 0,0.0,1.0
121,55,Stage 3,Stage 3,0.0,1.0
121,56,Stage 3,Stage 3,0.0,1.0
121,57,Stage 0,Stage 0,0.0,1.0
121,58,Stage 3,Stage 3,0.0,1.0
121,59,Stage 2,Stage 2,0.0,1.0
121,60,Stage 3,Stage 3,0.0,1.0
121,61,Stage 2,Stage 2,0.0,1.0
121,62,Stage 2,Stage 2,0.0,1.0
121,63,Stage 2,Stage 2,0.0,1.0
121,64,Stage 0,Stage 0,0.0,1.0
121,65,Stage 4,Stage 4,0.9824666731868933,0.9824666731868933
121,66,Stage 4,Stage 4,0.9626540162772553,0.9626540162772553
121,67,Stage 0,Stage 0,0.0,1.0
121,68,Stage 4,Stage 4,0.8947854332115529,0.8947854332115529
121,69,Stage 0,Stage 0,0.0,1.0
121,70,Stage 0,Stage 0,0.0,1.0
121,71,Stage 0,Stage 0,0.0,1.0
121,72,Stage 0,Stage 0,0.0,1.0
121,73,Stage 0,Stage 0,0.0,1.0
121,74,Stage 0,Stage 0,0.0,1.0
121,75,Stage 0,Stage 0,0.0,1.0
121,76,Stage 0,Stage 0,0.0,1.0
121,77,Stage 0,Stage 0,0.0,1.0
121,78,Stage 4,Stage 4,0.9762595395277566,0.9762595395277566
121,79,Stage 3,Stage 3,0.0,1.0
121,80,Stage 0,Stage 0,0.0,1.0
121,81,Stage 2,Stage 2,0.0,1.0
121,82,Stage 2,Stage 2,0.0,1.0
121,83,Stage 1,Stage 1,0.0,1.0
121,84,Stage 1,Stage 1,0.0,1.0
121,85,Stage 2,Stage 2,0.0,1.0
121,86,Stage 0,Stage 0,0.0,1.0
121,87,Stage 1,Stage 1,0.0,1.0
121,88,Stage 4,Stage 4,0.9442582004783833,0.9442582004783833
121,89,Stage 0,Stage 0,0.0,1.0
121,90,Stage 4,Stage 4,0.9972944955832509,0.9972944955832509
121,91,Stage 3,Stage 3,0.0,1.0
121,92,Stage 4,Stage 4,0.84461479593568,0.84461479593568
121,93,Stage 1,Stage 1,0.0,1.0
121,94,Stage 1,Stage 1,0.0,1.0
121,95,Stage 0,Stage 0,0.0,1.0
121,96,Stage 2,Stage 2,0.0,1.0
121,97,Stage 2,Stage 2,0.0,1.0
121,98,Stage 3,Stage 3,0.0,1.0
121,99,Stage 4,Stage 4,0.8434394632730455,0.8434394632730455
121,100,Stage 1,Stage 1,0.0,1.0
121,101,Stage 3,Stage 3,0.0,1.0
121,102,Stage 2,Stage 2,0.0,1.0
121,103,Stage 4,Stage 4,0.9364034605127471,0.9364034605127471
121,104,Stage 3,Stage 3,0.0,1.0
121,105,Stage 1,Stage 1,0.0,1.0
121,106,Stage 3,Stage 3,0.0,1.0
121,107,Stage 4,Stage 4,0.8342884177762228,0.8342884177762228
121,108,Stage 4,Stage 4,0.8349402179420571,0.8349402179420571
121,109,Stage 2,Stage 4,0.7884846171590882,0.7884846171590882
121,110,Stage 0,Stage 0,0.0,1.0
121,111,Stage 0,Stage 0,0.0,1.0
121,112,Stage 0,Stage 0,0.0,1.0
121,113,Stage 4,Stage 4,0.9958251419178974,0.9958251419178974
121,114,Stage 1,Stage 1,0.0,1.0
121,115,Stage 0,Stage 0,0.0,1.0
121,116,Stage 3,Stage 3,0.0,1.0
121,117,Stage 1,Stage 1,0.0,1.0
121,118,Stage 0,Stage 0,0.0,1.0
121,119,Stage 4,Stage 4,0.8342884177762228,0.8342884177762228
121,120,Stage 2,Stage 2,0.0,1.0
121,121,Stage 0,Stage 0,0.0,1.0
121,122,Stage 0,Stage 0,0.0,1.0
121,123,Stage 1,Stage 1,0.0,1.0
121,124,Stage 2,Stage 2,0.0,1.0
121,125,Stage 3,Stage 3,0.0,1.0
121,126,Stage 3,Stage 3,0.0,1.0
121,127,Stage 0,Stage 0,0.0,1.0
121,128,Stage 0,Stage 0,0.0,1.0
121,129,Stage 0,Stage 0,0.0,1.0
121,130,Stage 2,Stage 2,0.0,1.0
121,131,Stage 2,Stage 2,0.0,1.0
121,132,Stage 0,Stage 0,0.0,1.0
121,133,Stage 3,Stage 3,0.0,1.0
121,134,Stage 0,Stage 0,0.0,1.0
121,135,Stage 4,Stage 4,0.8656719512147011,0.8656719512147011
121,136,Stage 0,Stage 0,0.0,1.0
121,137,Stage 4,Stage 4,0.8944410255352568,0.8944410255352568
121,138,Stage 3,Stage 3,0.0,1.0
121,139,Stage 0,Stage 0,0.0,1.0
121,140,Stage 0,Stage 0,0.0,1.0
121,141,Stage 2,Stage 2,0.49370104027802086,0.506298959721979
121,142,Stage 0,Stage 0,0.0,1.0
121,143,Stage 3,Stage 3,0.0,1.0
121,144,Stage 3,Stage 3,0.0,1.0
121,145,Stage 3,Stage 3,0.0,1.0
121,146,Stage 4,Stage 4,0.9607052736317414,0.9607052736317414
121,147,Stage 0,Stage 0,0.0,1.0
121,148,Stage 0,Stage 0,0.0,1.0
121,149,Stage 2,Stage 2,0.0,1.0
121,150,Stage 4,Stage 4,0.9155991037574143,0.9155991037574143
121,151,Stage 0,Stage 0,0.0,1.0
121,152,Stage 1,Stage 1,0.0,1.0
121,153,Stage 2,Stage 2,0.0,1.0
121,154,Stage 0,Stage 0,0.0,1.0
121,155,Stage 1,Stage 1,0.0,1.0
121,156,Stage 4,Stage 4,0.6757095421035346,0.6757095421035346
121,157,Stage 4,Stage 4,0.8744905051482625,0.8744905051482625
121,158,Stage 1,Stage 1,0.0,1.0
121,159,Stage 0,Stage 0,0.0,1.0
121,160,Stage 2,Stage 2,0.0,1.0
121,161,Stage 0,Stage 0,0.0,1.0
121,162,Stage 2,Stage 2,0.0,1.0
121,163,Stage 0,Stage 0,0.0,1.0
121,164,Stage 4,Stage 4,0.6446689690177482,0.6446689690177482
121,165,Stage 0,Stage 0,0.0,1.0
121,166,Stage 0,Stage 0,0.0,1.0
121,167,Stage 1,Stage 1,0.0,1.0
121,168,Stage 2,Stage 2,0.0,1.0
121,169,Stage 4,Stage 4,0.5307588120139841,0.5307588120139841
121,170,Stage 1,Stage 1,0.0,1.0
121,171,Stage 1,Stage 1,0.0,1.0
121,172,Stage 0,Stage 0,0.0,1.0
121,173,Stage 2,Stage 2,0.0,1.0
121,174,Stage 0,Stage 0,0.0,1.0
121,175,Stage 3,Stage 3,0.0,1.0
121,176,Stage 0,Stage 0,0.0,1.0
121,177,Stage 3,Stage 3,0.0,1.0
121,178,Stage 0,Stage 0,0.0,1.0
121,179,Stage 0,Stage 0,0.0,1.0
121,180,Stage 0,Stage 0,0.0,1.0
121,181,Stage 2,Stage 2,0.0,1.0
121,182,Stage 1,Stage 1,0.0,1.0
121,183,Stage 0,Stage 0,0.0,1.0
121,184,Stage 2,Stage 2,0.0,1.0
121,185,Stage 0,Stage 0,0.0,1.0
121,186,Stage 0,Stage 0,0.0,1.0
121,187,Stage 0,Stage 0,0.0,1.0
121,188,Stage 1,Stage 1,0.0,1.0
121,189,Stage 0,Stage 0,0.0,1.0
121,190,Stage 3,Stage 3,0.0,1.0
121,191,Stage 0,Stage 0,0.0,1.0
121,192,Stage 1,Stage 1,0.0,1.0
121,193,Stage 0,Stage 0,0.0,1.0
121,194,Stage 0,Stage 0,0.0,1.0
122,1,Stage 0,Stage 0,0.0,1.0
122,2,Stage 3,Stage 3,0.0,1.0
122,3,Stage 0,Stage 0,0.0,1.0
122,4,Stage 0,Stage 0,0.0,1.0
122,5,Stage 0,Stage 0,0.0,1.0
122,6,Stage 3,Stage 3,0.0,1.0
122,7,Stage 4,Stage 4,0.9195663214490736,0.9195663214490736
122,8,Stage 0,Stage 0,0.0,1.0
122,9,Stage 0,Stage 0,0.0,1.0
122,10,Stage 2,Stage 2,0.0,1.0
122,11,Stage 0,Stage 0,0.0,1.0
122,12,Stage 4,Stage 4,0.9962742154207905,0.9962742154207905
122,13,Stage 4,Stage 4,0.8342884177762228,0.8342884177762228
122,14,Stage 1,Stage 1,0.0,1.0
122,15,Stage 4,Stage 4,0.9195663214490736,0.9195663214490736
122,16,Stage 2,Stage 2,0.0,1.0
122,17,Stage 0,Stage 0,0.0,1.0
122,18,Stage 0,Stage 0,0.0,1.0
122,19,Stage 0,Stage 0,0.0,1.0
122,20,Stage 2,Stage 2,0.0,1.0
122,21,Stage 0,Stage 0,0.0,1.0
122,22,Stage 4,Stage 4,0.981926600698104,0.981926600698104
122,23,Stage 0,Stage 0,0.0,1.0
122,24,Stage 1,Stage 1,0.0,1.0
122,25,Stage 0,Stage 0,0.0,1.0
122,26,Stage 1,Stage 1,0.0,1.0
122,27,Stage 4,Stage 4,0.8811428182525202,0.8811428182525202
122,28,Stage 3,Stage 3,0.0,1.0
122,29,Stage 0,Stage 0,0.0,1.0
122,30,Stage 1,Stage 1,0.0,1.0
122,31,Stage 4,Stage 4,0.9857782524137444,0.9857782524137444
122,32,Stage 0,Stage 0,0.0,1.0
122,33,Stage 3,Stage 3,0.0,1.0
122,34,Stage 1,Stage 1,0.0,1.0
122,35,Stage 0,Stage 0,0.0,1.0
122,36,Stage 0,Stage 0,0.0,1.0
122,37,Stage 0,Stage 0,0.0,1.0
122,38,Stage 1,Stage 1,0.0,1.0
122,39,Stage 0,Stage 0,0.0,1.0
122,40,Stage 0,Stage 0,0.0,1.0
122,41,Stage 4,Stage 4,0.9195663214490736,0.9195663214490736
122,42,Stage 2,Stage 2,0.03386819974327718,0.9661318002567231
122,43,Stage 0,Stage 0,0.0,1.0
122,44,Stage 4,Stage 4,0.8746251110978637,0.8746251110978637
122,45,Stage 3,Stage 3,0.0,1.0
122,46,Stage 0,Stage 0,0.0,1.0
122,47,Stage 2,Stage 2,0.0,1.0
122,48,Stage 4,Stage 4,0.9948880576984798,0.9948880576984798
122,49,Stage 2,Stage 2,0.0,1.0
122,50,Stage 2,Stage 2,0.0,1.0
122,51,Stage 4,Stage 4,0.8947854332115529,0.8947854332115529
122,52,Stage 0,Stage 0,0.0,1.0
122,53,Stage 0,Stage 0,0.0,1.0
122,54,Stage 4,Stage 4,0.9989387997231959,0.9989387997231959
122,55,Stage 4,Stage 4,0.8342884177762228,0.8342884177762228
122,56,Stage 1,Stage 1,0.0,1.0
122,57,Stage 0,Stage 0,0.0,1.0
122,58,Stage 3,Stage 3,0.0,1.0
122,59,Stage 1,Stage 1,0.0,1.0
122,60,Stage 1,Stage 1,0.0,1.0
122,61,Stage 0,Stage 0,0.0,1.0
122,62,Stage 0,Stage 0,0.0,1.0
122,63,Stage 2,Stage 2,0.0,1.0
122,64,Stage 0,Stage 0,0.0,1.0
122,65,Stage 1,Stage 1,0.0,1.0
122,66,Stage 4,Stage 4,0.9082393611300394,0.9082393611300394
122,67,Stage 1,Stage 1,0.0,1.0
122,68,Stage 2,Stage 2,0.0,1.0
122,69,Stage 3,Stage 3,0.0,1.0
122,70,Stage 0,Stage 0,0.0,1.0
122,71,Stage 0,Stage 0,0.0,1.0
122,72,Stage 0,Stage 0,0.0,1.0
122,73,Stage 0,Stage 0,0.0,1.0
122,74,Stage 3,Stage 3,0.0,1.0
122,75,Stage 2,Stage 2,0.0,1.0
122,76,Stage 0,Stage 0,0.0,1.0
122,77,Stage 0,Stage 0,0.0,1.0
122,78,Stage 4,Stage 4,0.8944410255352568,0.8944410255352568
122,79,Stage 0,Stage 0,0.0,1.0
122,80,Stage 0,Stage 0,0.0,1.0
122,81,Stage 0,Stage 0,0.0,1.0
122,82,Stage 0,Stage 0,0.0,1.0
122,83,Stage 2,Stage 2,0.0,1.0
122,84,Stage 4,Stage 4,0.9499993864621158,0.9499993864621158
122,85,Stage 0,Stage 0,0.0,1.0
122,86,Stage 0,Stage 0,0.0,1.0
122,87,Stage 1,Stage 1,0.0,1.0
122,88,Stage 4,Stage 4,0.9924932933273165,0.9924932933273165
122,89,Stage 1,Stage 1,0.0,1.0
122,90,Stage 0,Stage 0,0.0,1.0
122,91,Stage 0,Stage 0,0.0,1.0
122,92,Stage 0,Stage 0,0.0,1.0
122,93,Stage 2,Stage 2,0.0,1.0
122,94,Stage 0,Stage 0,0.0,1.0
122,95,Stage 0,Stage 0,0.0,1.0
122,96,Stage 3,Stage 3,0.0,1.0
122,97,Stage 1,Stage 1,0.0,1.0
122,98,Stage 3,Stage 3,0.0,1.0
122,99,Stage 1,Stage 1,0.0,1.0
122,100,Stage 2,Stage 2,0.0,1.0
122,101,Stage 3,Stage 3,0.0,1.0
122,102,Stage 0,Stage 0,0.0,1.0
122,103,Stage 0,Stage 0,0.0,1.0
122,104,Stage 0,Stage 0,0.0,1.0
122,105,Stage 0,Stage 0,0.0,1.0
122,106,Stage 2,Stage 4,0.9100266990218986,0.9100266990218986
122,107,Stage 1,Stage 1,0.0,1.0
122,108,Stage 1,Stage 1,0.0,1.0
122,109,Stage 0,Stage 0,0.0,1.0
122,110,Stage 1,Stage 1,0.0,1.0
122,111,Stage 0,Stage 0,0.0,1.0
122,112,Stage 3,Stage 3,0.0,1.0
122,113,Stage 4,Stage 4,0.9978609539488698,0.9978609539488698
122,114,Stage 3,Stage 3,0.0,1.0
122,115,Stage 4,Stage 4,0.8642681022944091,0.8642681022944091
122,116,Stage 4,Stage 4,0.7795302189628686,0.7795302189628686
122,117,Stage 0,Stage 0,0.0,1.0
122,118,Stage 3,Stage 3,0.0,1.0
122,119,Stage 0,Stage 0,0.0,1.0
122,120,Stage 3,Stage 3,0.0,1.0
122,121,Stage 0,Stage 0,0.0,1.0
122,122,Stage 4,Stage 4,0.8520404411420309,0.8520404411420309
122,123,Stage 2,Stage 2,0.0,1.0
122,124,Stage 2,Stage 2,0.0,1.0
122,125,Stage 2,Stage 2,0.0,1.0
122,126,Stage 0,Stage 0,0.0,1.0
122,127,Stage 2,Stage 2,0.0,1.0
122,128,Stage 0,Stage 0,0.0,1.0
122,129,Stage 2,Stage 2,0.0,1.0
122,130,Stage 2,Stage 2,0.0,1.0
122,131,Stage 2,Stage 2,0.0,1.0
122,132,Stage 0,Stage 0,0.0,1.0
122,133,Stage 2,Stage 2,0.0,1.0
122,134,Stage 0,Stage 0,0.0,1.0
122,135,Stage 0,Stage 0,0.0,1.0
122,136,Stage 2,Stage 2,0.0,1.0
122,137,Stage 0,Stage 0,0.0,1.0
122,138,Stage 1,Stage 1,0.0,1.0
122,139,Stage 0,Stage 0,0.0,1.0
122,140,Stage 0,Stage 0,0.0,1.0
122,141,Stage 4,Stage 4,0.939201641444181,0.939201641444181
122,142,Stage 1,Stage 1,0.0,1.0
122,143,Stage 1,Stage 1,0.0,1.0
122,144,Stage 2,Stage 2,0.0,1.0
122,145,Stage 1,Stage 1,0.0,1.0
122,146,Stage 3,Stage 3,0.0,1.0
122,147,Stage 0,Stage 0,0.0,1.0
122,148,Stage 2,Stage 4,0.7680927013727961,0.7680927013727961
122,149,Stage 0,Stage 0,0.0,1.0
122,150,Stage 2,Stage 2,0.0,1.0
122,151,Stage 0,Stage 0,0.0,1.0
122,152,Stage 1,Stage 1,0.0,1.0
122,153,Stage 1,Stage 1,0.0,1.0
122,154,Stage 0,Stage 0,0.0,1.0
122,155,Stage 0,Stage 0,0.0,1.0
122,156,Stage 2,Stage 2,0.0,1.0
122,157,Stage 2,Stage 4,0.7464228516132422,0.7464228516132422
122,158,Stage 1,Stage 1,0.0,1.0
122,159,Stage 1,Stage 1,0.0,1.0
122,160,Stage 0,Stage 0,0.0,1.0
122,161,Stage 0,Stage 0,0.0,1.0
122,162,Stage 2,Stage 2,0.3852143105533338,0.614785689446666
122,163,Stage 0,Stage 0,0.0,1.0
122,164,Stage 2,Stage 4,0.7680927013727961,0.7680927013727961
122,165,Stage 1,Stage 1,0.0,1.0
122,166,Stage 0,Stage 0,0.0,1.0
122,167,Stage 1,Stage 1,0.0,1.0
122,168,Stage 0,Stage 0,0.0,1.0
122,169,Stage 3,Stage 3,0.0,1.0
122,170,Stage 0,Stage 0,0.0,1.0
122,171,Stage 2,Stage 2,0.0,1.0
122,172,Stage 3,Stage 3,0.0,1.0
122,173,Stage 1,Stage 1,0.0,1.0
122,174,Stage 3,Stage 3,0.0,1.0
129,1,Stage 2,Stage 2,0.0,1.0
129,2,Stage 0,Stage 0,0.0,1.0
129,3,Stage 2,Stage 2,0.0,1.0
129,4,Stage 3,Stage 3,0.0,1.0
129,5,Stage 3,Stage 3,0.0,1.0
129,6,Stage 1,Stage 1,0.0,1.0
129,7,Stage 1,Stage 1,0.0,1.0
129,8,Stage 2,Stage 2,0.0,1.0
129,9,Stage 0,Stage 0,0.0,1.0
129,10,Stage 4,Stage 4,0.866105778819992,0.866105778819992
129,11,Stage 0,Stage 0,0.0,1.0
129,12,Stage 0,Stage 0,0.0,1.0
129,13,Stage 1,Stage 1,0.0,1.0
129,14,Stage 2,Stage 2,0.0,1.0
129,15,Stage 3,Stage 3,0.0,1.0
129,16,Stage 4,Stage 4,0.9985007302536165,0.9985007302536165
129,17,Stage 2,Stage 2,0.0,1.0
129,18,Stage 2,Stage 2,0.0,1.0
129,19,Stage 0,Stage 0,0.0,1.0
129,20,Stage 0,Stage 0,0.0,1.0
129,21,Stage 1,Stage 1,0.0,1.0
129,22,Stage 0,Stage 0,0.0,1.0
129,23,Stage 0,Stage 0,0.0,1.0
129,24,Stage 0,Stage 0,0.0,1.0
129,25,Stage 0,Stage 0,0.0,1.0
129,26,Stage 1,Stage 1,0.0,1.0
129,27,Stage 0,Stage 0,0.0,1.0
129,28,Stage 0,Stage 0,0.0,1.0
129,29,Stage 1,Stage 1,0.0,1.0
129,30,Stage 3,Stage 3,0.0,1.0
129,31,Stage 1,Stage 1,0.0,1.0
129,32,Stage 0,Stage 0,0.0,1.0
129,33,Stage 1,Stage 1,0.0,1.0
129,34,Stage 4,Stage 4,0.9975878016129752,0.9975878016129752
129,35,Stage 0,Stage 0,0.0,1.0
129,36,Stage 0,Stage 0,0.0,1.0
129,37,Stage 0,Stage 0,0.0,1.0
129,38,Stage 0,Stage 0,0.0,1.0
129,39,Stage 0,Stage 0,0.0,1.0
129,40,Stage 0,Stage 0,0.0,1.0
129,41,Stage 0,Stage 0,0.0,1.0
129,42,Stage 3,Stage 3,0.0,1.0
129,43,Stage 4,Stage 4,0.8776409049698252,0.8776409049698252
129,44,Stage 0,Stage 0,0.0,1.0
129,45,Stage 0,Stage 0,0.0,1.0
129,46,Stage 3,Stage 3,0.0,1.0
129,47,Stage 0,Stage 0,0.0,1.0
129,48,Stage 0,Stage 0,0.0,1.0
129,49,Stage 2,Stage 2,0.0,1.0
129,50,Stage 4,Stage 4,0.9975878016129752,0.9975878016129752
129,51,Stage 0,Stage 0,0.0,1.0
129,52,Stage 2,Stage 2,0.0,1.0
129,53,Stage 0,Stage 0,0.0,1.0
129,54,Stage 1,Stage 1,0.0,1.0
129,55,Stage 2,Stage 2,0.0,1.0
129,56,Stage 0,Stage 0,0.0,1.0
129,57,Stage 0,Stage 0,0.0,1.0
129,58,Stage 0,Stage 0,0.0,1.0
129,59,Stage 0,Stage 0,0.0,1.0
129,60,Stage 2,Stage 2,0.0,1.0
129,61,Stage 2,Stage 2,0.0,1.0
129,62,Stage 1,Stage 1,0.0,1.0
129,63,Stage 1,Stage 1,0.0,1.0
129,64,Stage 2,Stage 2,0.0,1.0
129,65,Stage 0,Stage 0,0.0,1.0
129,66,Stage 0,Stage 0,0.0,1.0
129,67,Stage 3,Stage 3,0.0,1.0
129,68,Stage 0,Stage 0,0.0,1.0
129,69,Stage 3,Stage 3,0.0,1.0
129,70,Stage 1,Stage 1,0.0,1.0
129,71,Stage 4,Stage 4,0.9802639450357651,0.9802639450357651
129,72,Stage 3,Stage 3,0.0,1.0
129,73,Stage 0,Stage 0,0.0,1.0
129,74,Stage 2,Stage 2,0.0,1.0
129,75,Stage 1,Stage 1,0.0,1.0
129,76,Stage 0,Stage 0,0.0,1.0
129,77,Stage 3,Stage 3,0.0,1.0
129,78,Stage 3,Stage 3,0.0,1.0
129,79,Stage 3,Stage 3,0.0,1.0
129,80,Stage 0,Stage 0,0.0,1.0
129,81,Stage 4,Stage 4,0.6404933884367061,0.6404933884367061
129,82,Stage 0,Stage 0,0.0,1.0
129,83,Stage 3,Stage 3,0.0,1.0
129,84,Stage 2,Stage 2,0.0,1.0
129,85,Stage 2,Stage 2,0.0,1.0
129,86,Stage 0,Stage 0,0.0,1.0
129,87,Stage 0,Stage 0,0.0,1.0
129,88,Stage 0,Stage 0,0.0,1.0
129,89,Stage 3,Stage 3,0.0,1.0
129,90,Stage 0,Stage 0,0.0,1.0
129,91,Stage 1,Stage 1,0.0,1.0
129,92,Stage 3,Stage 3,0.0,1.0
129,93,Stage 1,Stage 1,0.0,1.0
129,94,Stage 0,Stage 0,0.0,1.0
129,95,Stage 3,Stage 3,0.0,1.0
129,96,Stage 1,Stage 1,0.0,1.0
129,97,Stage 0,Stage 0,0.0,1.0
129,98,Stage 2,Stage 2,0.0,1.0
129,99,Stage 3,Stage 3,0.0,1.0
129,100,Stage 1,Stage 1,0.0,1.0
129,101,Stage 0,Stage 0,0.0,1.0
129,102,Stage 2,Stage 2,0.0,1.0
129,103,Stage 3,Stage 3,0.0,1.0
129,104,Stage 0,Stage 0,0.0,1.0
129,105,Stage 2,Stage 2,0.0,1.0
129,106,Stage 0,Stage 0,0.0,1.0
129,107,Stage 0,Stage 0,0.0,1.0
129,108,Stage 0,Stage 0,0.0,1.0
129,109,Stage 2,Stage 2,0.0,1.0
129,110,Stage 2,Stage 2,0.0,1.0
129,111,Stage 1,Stage 1,0.0,1.0
129,112,Stage 2,Stage 2,0.0,1.0
129,113,Stage 4,Stage 4,0.8776409049698252,0.8776409049698252
129,114,Stage 3,Stage 3,0.0,1.0
129,115,Stage 4,Stage 4,0.9650465610102422,0.9650465610102422
129,116,Stage 4,Stage 4,0.9191806954309615,0.9191806954309615
129,117,Stage 0,Stage 0,0.0,1.0
129,118,Stage 2,Stage 4,0.9096056246014147,0.9096056246014147
129,119,Stage 2,Stage 2,0.0,1.0
129,120,Stage 1,Stage 1,0.0,1.0
129,121,Stage 2,Stage 2,0.0,1.0
129,122,Stage 3,Stage 3,0.0,1.0
129,123,Stage 3,Stage 3,0.0,1.0
129,124,Stage 0,Stage 0,0.0,1.0
129,125,Stage 0,Stage 0,0.0,1.0
129,126,Stage 0,Stage 0,0.0,1.0
129,127,Stage 2,Stage 2,0.0,1.0
129,128,Stage 0,Stage 0,0.0,1.0
129,129,Stage 0,Stage 0,0.0,1.0
129,130,Stage 0,Stage 0,0.0,1.0
129,131,Stage 3,Stage 3,0.0,1.0
129,132,Stage 0,Stage 0,0.0,1.0
129,133,Stage 1,Stage 1,0.0,1.0
129,134,Stage 0,Stage 0,0.0,1.0
129,135,Stage 4,Stage 4,0.8323261636882893,0.8323261636882893
129,136,Stage 0,Stage 0,0.0,1.0
129,137,Stage 4,Stage 4,0.5997753322493038,0.5997753322493038
129,138,Stage 1,Stage 1,0.0,1.0
129,139,Stage 2,Stage 2,0.0,1.0
129,140,Stage 1,Stage 1,0.0,1.0
129,141,Stage 1,Stage 1,0.0,1.0
129,142,Stage 3,Stage 3,0.0,1.0
129,143,Stage 2,Stage 2,0.0,1.0
129,144,Stage 3,Stage 3,0.0,1.0
129,145,Stage 1,Stage 1,0.0,1.0
129,146,Stage 2,Stage 2,0.0,1.0
129,147,Stage 3,Stage 3,0.0,1.0
129,148,Stage 1,Stage 1,0.0,1.0
129,149,Stage 0,Stage 0,0.0,1.0
129,150,Stage 1,Stage 1,0.0,1.0
129,151,Stage 3,Stage 3,0.0,1.0
129,152,Stage 4,Stage 4,0.8811428182525202,0.8811428182525202
129,153,Stage 0,Stage 0,0.0,1.0
129,154,Stage 2,Stage 2,0.0,1.0
129,155,Stage 0,Stage 0,0.0,1.0
129,156,Stage 0,Stage 0,0.0,1.0
129,157,Stage 2,Stage 2,0.0,1.0
129,158,Stage 2,Stage 2,0.0,1.0
129,159,Stage 3,Stage 3,0.0,1.0
129,160,Stage 1,Stage 1,0.0,1.0
129,161,Stage 0,Stage 0,0.0,1.0
129,162,Stage 2,Stage 2,0.0,1.0
129,163,Stage 1,Stage 1,0.0,1.0
129,164,Stage 2,Stage 4,0.5997753322493038,0.5997753322493038
129,165,Stage 0,Stage 0,0.0,1.0
129,166,Stage 0,Stage 0,0.0,1.0
129,167,Stage 2,Stage 4,0.6517868886107425,0.6517868886107425
129,168,Stage 3,Stage 3,0.0,1.0
129,169,Stage 1,Stage 1,0.0,1.0
129,170,Stage 0,Stage 0,0.0,1.0
129,171,Stage 0,Stage 0,0.0,1.0
129,172,Stage 2,Stage 4,0.6538385295226224,0.6538385295226224
129,173,Stage 2,Stage 2,0.12094871472964838,0.8790512852703514
129,174,Stage 2,Stage 2,0.013333333333333334,0.9866666666666667
129,175,Stage 0,Stage 0,0.0,1.0
129,176,Stage 0,Stage 0,0.0,1.0
129,177,Stage 3,Stage 3,0.0,1.0
129,178,Stage 0,Stage 0,0.0,1.0
129,179,Stage 0,Stage 0,0.0,1.0
129,180,Stage 2,Stage 2,0.0,1.0
129,181,Stage 0,Stage 0,0.0,1.0
129,182,Stage 0,Stage 0,0.0,1.0
129,183,Stage 3,Stage 3,0.0,1.0
129,184,Stage 0,Stage 0,0.0,1.0
129,185,Stage 1,Stage 1,0.0,1.0
129,186,Stage 0,Stage 0,0.0,1.0
129,187,Stage 3,Stage 3,0.0,1.0
129,188,Stage 2,Stage 2,0.1604330324617558,0.8395669675382441
129,189,Stage 0,Stage 0,0.0,1.0
129,190,Stage 2,Stage 2,0.0,1.0
132,1,Stage 4,Stage 4,0.9998953569368154,0.9998953569368154
132,2,Stage 3,Stage 3,0.0,1.0
132,3,Stage 0,Stage 0,0.0,1.0
132,4,Stage 1,Stage 1,0.0,1.0
132,5,Stage 4,Stage 4,0.9989387997231959,0.9989387997231959
132,6,Stage 0,Stage 0,0.0,1.0
132,7,Stage 0,Stage 0,0.0,1.0
132,8,Stage 2,Stage 2,0.0,1.0
132,9,Stage 4,Stage 4,0.9875090064376034,0.9875090064376034
132,10,Stage 0,Stage 0,0.0,1.0
132,11,Stage 3,Stage 3,0.0,1.0
132,12,Stage 2,Stage 2,0.0,1.0
132,13,Stage 1,Stage 1,0.0,1.0
132,14,Stage 0,Stage 0,0.0,1.0
132,15,Stage 0,Stage 0,0.0,1.0
132,16,Stage 2,Stage 2,0.0,1.0
132,17,Stage 2,Stage 2,0.0,1.0
132,18,Stage 3,Stage 3,0.0,1.0
132,19,Stage 3,Stage 3,0.0,1.0
132,20,Stage 1,Stage 1,0.0,1.0
132,21,Stage 1,Stage 1,0.0,1.0
132,22,Stage 0,Stage 0,0.0,1.0
132,23,Stage 0,Stage 0,0.0,1.0
132,24,Stage 4,Stage 4,0.9990286822294617,0.9990286822294617
132,25,Stage 0,Stage 0,0.0,1.0
132,26,Stage 0,Stage 0,0.0,1.0
132,27,Stage 4,Stage 4,0.9998070080552094,0.9998070080552094
132,28,Stage 1,Stage 1,0.0,1.0
132,29,Stage 0,Stage 0,0.0,1.0
132,30,Stage 4,Stage 4,0.9975878016129752,0.9975878016129752
132,31,Stage 0,Stage 0,0.0,1.0
132,32,Stage 1,Stage 1,0.0,1.0
132,33,Stage 4,Stage 4,0.9989387997231959,0.9989387997231959
132,34,Stage 0,Stage 0,0.0,1.0
132,35,Stage 4,Stage 4,0.9989387997231959,0.9989387997231959
132,36,Stage 0,Stage 0,0.0,1.0
132,37,Stage 0,Stage 0,0.0,1.0
132,38,Stage 0,Stage 0,0.0,1.0
132,39,Stage 2,Stage 2,0.0,1.0
132,40,Stage 4,Stage 4,0.9998070080552094,0.9998070080552094
132,41,Stage 4,Stage 4,0.9998953569368154,0.9998953569368154
132,42,Stage 0,Stage 0,0.0,1.0
132,43,Stage 0,Stage 0,0.0,1.0
132,44,Stage 0,Stage 0,0.0,1.0
132,45,Stage 3,Stage 3,0.0,1.0
132,46,Stage 4,Stage 4,0.9978609539488698,0.9978609539488698
132,47,Stage 2,Stage 2,0.0,1.0
132,48,Stage 0,Stage 0,0.0,1.0
132,49,Stage 0,Stage 0,0.0,1.0
132,50,Stage 4,Stage 4,0.9989387997231959,0.9989387997231959
132,51,Stage 0,Stage 0,0.0,1.0
132,52,Stage 3,Stage 3,0.0,1.0
132,53,Stage 0,Stage 0,0.0,1.0
132,54,Stage 2,Stage 2,0.0,1.0
132,55,Stage 3,Stage 3,0.0,1.0
132,56,Stage 3,Stage 3,0.0,1.0
132,57,Stage 2,Stage 2,0.0,1.0
132,58,Stage 0,Stage 0,0.0,1.0
132,59,Stage 0,Stage 0,0.0,1.0
132,60,Stage 4,Stage 4,0.9985007302536165,0.9985007302536165
132,61,Stage 3,Stage 3,0.0,1.0
132,62,Stage 2,Stage 2,0.0,1.0
132,63,Stage 1,Stage 1,0.0,1.0
132,64,Stage 0,Stage 0,0.0,1.0
132,65,Stage 0,Stage 0,0.0,1.0
132,66,Stage 2,Stage 2,0.0,1.0
132,67,Stage 4,Stage 4,0.9999339624760237,0.9999339624760237
132,68,Stage 4,Stage 4,0.9998070080552094,0.9998070080552094
132,69,Stage 0,Stage 0,0.0,1.0
132,70,Stage 0,Stage 0,0.0,1.0
132,71,Stage 0,Stage 0,0.0,1.0
132,72,Stage 4,Stage 4,0.9998070080552094,0.9998070080552094
132,73,Stage 0,Stage 0,0.0,1.0
132,74,Stage 0,Stage 0,0.0,1.0
132,75,Stage 1,Stage 1,0.0,1.0
132,76,Stage 0,Stage 0,0.0,1.0
132,77,Stage 0,Stage 0,0.0,1.0
132,78,Stage 3,Stage 3,0.0,1.0
132,79,Stage 4,Stage 4,0.8342884177762228,0.8342884177762228
132,80,Stage 1,Stage 1,0.0,1.0
132,81,Stage 0,Stage 0,0.0,1.0
132,82,Stage 0,Stage 0,0.0,1.0
132,83,Stage 0,Stage 0,0.0,1.0
132,84,Stage 4,Stage 4,0.9834979793636001,0.9834979793636001
132,85,Stage 0,Stage 0,0.0,1.0
132,86,Stage 4,Stage 4,0.9990286822294617,0.9990286822294617
132,87,Stage 0,Stage 0,0.0,1.0
132,88,Stage 0,Stage 0,0.0,1.0
132,89,Stage 1,Stage 1,0.0,1.0
132,90,Stage 0,Stage 0,0.0,1.0
132,91,Stage 2,Stage 2,0.0,1.0
132,92,Stage 1,Stage 1,0.0,1.0
132,93,Stage 0,Stage 0,0.0,1.0
132,94,Stage 1,Stage 1,0.0,1.0
132,95,Stage 0,Stage 0,0.0,1.0
132,96,Stage 3,Stage 3,0.0,1.0
132,97,Stage 0,Stage 0,0.0,1.0
132,98,Stage 0,Stage 0,0.0,1.0
132,99,Stage 4,Stage 4,0.9862904509919722,0.9862904509919722
132,100,Stage 2,Stage 2,0.0,1.0
132,101,Stage 1,Stage 1,0.0,1.0
132,102,Stage 3,Stage 3,0.0,1.0
132,103,Stage 4,Stage 4,0.9948880576984798,0.9948880576984798
132,104,Stage 1,Stage 1,0.0,1.0
132,105,Stage 3,Stage 3,0.0,1.0
132,106,Stage 1,Stage 1,0.0,1.0
132,107,Stage 0,Stage 0,0.0,1.0
132,108,Stage 3,Stage 3,0.0,1.0
132,109,Stage 3,Stage 3,0.0,1.0
132,110,Stage 0,Stage 0,0.0,1.0
132,111,Stage 3,Stage 3,0.0,1.0
132,112,Stage 0,Stage 0,0.0,1.0
132,113,Stage 1,Stage 1,0.0,1.0
132,114,Stage 2,Stage 2,0.0,1.0
132,115,Stage 0,Stage 0,0.0,1.0
132,116,Stage 0,Stage 0,0.0,1.0
132,117,Stage 0,Stage 0,0.0,1.0
132,118,Stage 3,Stage 3,0.0,1.0
132,119,Stage 0,Stage 0,0.0,1.0
132,120,Stage 3,Stage 3,0.0,1.0
132,121,Stage 0,Stage 0,0.0,1.0
132,122,Stage 0,Stage 0,0.0,1.0
132,123,Stage 0,Stage 0,0.0,1.0
132,124,Stage 0,Stage 0,0.0,1.0
132,125,Stage 2,Stage 2,0.0,1.0
132,126,Stage 0,Stage 0,0.0,1.0
132,127,Stage 1,Stage 1,0.0,1.0
132,128,Stage 3,Stage 3,0.0,1.0
132,129,Stage 2,Stage 2,0.0,1.0
132,130,Stage 4,Stage 4,0.7913842757083381,0.7913842757083381
132,131,Stage 0,Stage 0,0.0,1.0
132,132,Stage 1,Stage 1,0.0,1.0
132,133,Stage 0,Stage 0,0.0,1.0
132,134,Stage 4,Stage 4,0.9978609539488698,0.9978609539488698
132,135,Stage 4,Stage 4,0.9985007302536165,0.9985007302536165
132,136,Stage 0,Stage 0,0.0,1.0
132,137,Stage 2,Stage 2,0.0,1.0
132,138,Stage 0,Stage 0,0.0,1.0
132,139,Stage 0,Stage 0,0.0,1.0
132,140,Stage 0,Stage 0,0.0,1.0
132,141,Stage 1,Stage 1,0.0,1.0
132,142,Stage 2,Stage 2,0.0,1.0
132,143,Stage 0,Stage 0,0.0,1.0
132,144,Stage 4,Stage 4,0.9871804087658124,0.9871804087658124
132,145,Stage 4,Stage 4,0.9892898864791082,0.9892898864791082
132,146,Stage 0,Stage 0,0.0,1.0
132,147,Stage 2,Stage 2,0.0,1.0
132,148,Stage 1,Stage 1,0.0,1.0
132,149,Stage 2,Stage 2,0.0,1.0
132,150,Stage 0,Stage 0,0.0,1.0
132,151,Stage 0,Stage 0,0.0,1.0
132,152,Stage 2,Stage 2,0.0,1.0
132,153,Stage 0,Stage 0,0.0,1.0
132,154,Stage 1,Stage 1,0.0,1.0
132,155,Stage 3,Stage 3,0.0,1.0
132,156,Stage 0,Stage 0,0.0,1.0
132,157,Stage 0,Stage 0,0.0,1.0
132,158,Stage 2,Stage 2,0.0,1.0
132,159,Stage 2,Stage 2,0.0,1.0
132,160,Stage 1,Stage 1,0.0,1.0
132,161,Stage 0,Stage 0,0.0,1.0
132,162,Stage 1,Stage 1,0.0,1.0
132,163,Stage 0,Stage 0,0.0,1.0
132,164,Stage 0,Stage 0,0.0,1.0
132,165,Stage 1,Stage 1,0.0,1.0
132,166,Stage 3,Stage 3,0.0,1.0
132,167,Stage 2,Stage 2,0.0,1.0
132,168,Stage 3,Stage 3,0.0,1.0
132,169,Stage 0,Stage 0,0.0,1.0
132,170,Stage 0,Stage 0,0.0,1.0
132,171,Stage 0,Stage 0,0.0,1.0
132,172,Stage 0,Stage 0,0.0,1.0
132,173,Stage 3,Stage 3,0.0,1.0
132,174,Stage 2,Stage 2,0.0,1.0
132,175,Stage 2,Stage 2,0.0,1.0
132,176,Stage 0,Stage 0,0.0,1.0
132,177,Stage 1,Stage 1,0.0,1.0
132,178,Stage 1,Stage 1,0.0,1.0
132,179,Stage 0,Stage 0,0.0,1.0
132,180,Stage 3,Stage 3,0.0,1.0
132,181,Stage 0,Stage 0,0.0,1.0
132,182,Stage 0,Stage 0,0.0,1.0
132,183,Stage 4,Stage 4,0.9972944955832509,0.9972944955832509
132,184,Stage 4,Stage 4,0.9849264415716236,0.9849264415716236
132,185,Stage 3,Stage 3,0.0,1.0
132,186,Stage 2,Stage 2,0.0,1.0
132,187,Stage 0,Stage 0,0.0,1.0
132,188,Stage 3,Stage 3,0.0,1.0
132,189,Stage 0,Stage 0,0.0,1.0
132,190,Stage 0,Stage 0,0.0,1.0
132,191,Stage 0,Stage 0,0.0,1.0
132,192,Stage 1,Stage 1,0.0,1.0
132,193,Stage 1,Stage 1,0.0,1.0
132,194,Stage 2,Stage 2,0.0,1.0
132,195,Stage 4,Stage 4,0.989424647390052,0.989424647390052
132,196,Stage 0,Stage 0,0.0,1.0
132,197,Stage 3,Stage 3,0.0,1.0
132,198,Stage 1,Stage 1,0.0,1.0
132,199,Stage 2,Stage 2,0.0,1.0
132,200,Stage 2,Stage 2,0.0,1.0
132,201,Stage 0,Stage 0,0.0,1.0
132,202,Stage 1,Stage 1,0.0,1.0
132,203,Stage 1,Stage 1,0.0,1.0
132,204,Stage 0,Stage 0,0.0,1.0
132,205,Stage 2,Stage 2,0.0,1.0
132,206,Stage 3,Stage 3,0.0,1.0
132,207,Stage 1,Stage 1,0.0,1.0
132,208,Stage 0,Stage 0,0.0,1.0
132,209,Stage 2,Stage 2,0.0,1.0
132,210,Stage 3,Stage 3,0.0,1.0
132,211,Stage 3,Stage 3,0.0,1.0
132,212,Stage 0,Stage 0,0.0,1.0
132,213,Stage 1,Stage 1,0.0,1.0
132,214,Stage 0,Stage 0,0.0,1.0
132,215,Stage 2,Stage 2,0.0,1.0
132,216,Stage 1,Stage 1,0.0,1.0
132,217,Stage 2,Stage 2,0.0,1.0
132,218,Stage 2,Stage 2,0.0,1.0
132,219,Stage 0,Stage 0,0.0,1.0
132,220,Stage 2,Stage 4,0.8947854332115529,0.8947854332115529
132,221,Stage 1,Stage 1,0.0,1.0
132,222,Stage 4,Stage 4,0.8148279518158453,0.8148279518158453
132,223,Stage 0,Stage 0,0.0,1.0
132,224,Stage 3,Stage 3,0.0,1.0
132,225,Stage 0,Stage 0,0.0,1.0
132,226,Stage 0,Stage 0,0.0,1.0
132,227,Stage 4,Stage 4,0.8893426483343351,0.8893426483343351
132,228,Stage 4,Stage 4,0.9415287293783318,0.9415287293783318
132,229,Stage 1,Stage 1,0.0,1.0
132,230,Stage 0,Stage 0,0.0,1.0
132,231,Stage 0,Stage 0,0.0,1.0
132,232,Stage 0,Stage 0,0.0,1.0
132,233,Stage 2,Stage 4,0.7803015306936071,0.7803015306936071
132,234,Stage 3,Stage 3,0.0,1.0
132,235,Stage 1,Stage 1,0.0,1.0
132,236,Stage 1,Stage 1,0.0,1.0
132,237,Stage 2,Stage 2,0.0,1.0
132,238,Stage 0,Stage 0,0.0,1.0
132,239,Stage 2,Stage 2,0.0,1.0
132,240,Stage 1,Stage 1,0.0,1.0
132,241,Stage 1,Stage 1,0.0,1.0
132,242,Stage 0,Stage 0,0.0,1.0
132,243,Stage 1,Stage 1,0.0,1.0
132,244,Stage 0,Stage 0,0.0,1.0
132,245,Stage 2,Stage 2,0.3467130517915099,0.6532869482084901
132,246,Stage 0,Stage 0,0.0,1.0
132,247,Stage 3,Stage 3,0.0,1.0
132,248,Stage 2,Stage 4,0.7462243382352246,0.7462243382352246
132,249,Stage 0,Stage 0,0.0,1.0
132,250,Stage 1,Stage 1,0.0,1.0
132,251,Stage 0,Stage 0,0.0,1.0
132,252,Stage 3,Stage 3,0.0,1.0
132,253,Stage 3,Stage 3,0.0,1.0
132,254,Stage 2,Stage 2,0.0,1.0
139,1,Stage 0,Stage 0,0.0,1.0
139,2,Stage 3,Stage 3,0.0,1.0
139,3,Stage 0,Stage 0,0.0,1.0
139,4,Stage 4,Stage 4,0.9932192405375908,0.9932192405375908
139,5,Stage 0,Stage 0,0.0,1.0
139,6,Stage 1,Stage 1,0.0,1.0
139,7,Stage 0,Stage 0,0.0,1.0
139,8,Stage 1,Stage 1,0.0,1.0
139,9,Stage 2,Stage 2,0.0,1.0
139,10,Stage 4,Stage 4,0.9325569778076929,0.9325569778076929
139,11,Stage 0,Stage 0,0.0,1.0
139,12,Stage 3,Stage 3,0.0,1.0
139,13,Stage 3,Stage 3,0.0,1.0
139,14,Stage 0,Stage 0,0.0,1.0
139,15,Stage 0,Stage 0,0.0,1.0
139,16,Stage 0,Stage 0,0.0,1.0
139,17,Stage 0,Stage 0,0.0,1.0
139,18,Stage 0,Stage 0,0.0,1.0
139,19,Stage 1,Stage 1,0.0,1.0
139,20,Stage 1,Stage 1,0.0,1.0
139,21,Stage 4,Stage 4,0.9990286822294617,0.9990286822294617
139,22,Stage 3,Stage 3,0.0,1.0
139,23,Stage 4,Stage 4,0.9837900103016276,0.9837900103016276
139,24,Stage 1,Stage 1,0.0,1.0
139,25,Stage 4,Stage 4,0.9762595395277566,0.9762595395277566
139,26,Stage 1,Stage 1,0.0,1.0
139,27,Stage 2,Stage 2,0.0,1.0
139,28,Stage 0,Stage 0,0.0,1.0
139,29,Stage 3,Stage 3,0.0,1.0
139,30,Stage 4,Stage 4,0.9998953569368154,0.9998953569368154
139,31,Stage 1,Stage 1,0.0,1.0
139,32,Stage 2,Stage 2,0.0,1.0
139,33,Stage 4,Stage 4,0.9975878016129752,0.9975878016129752
139,34,Stage 3,Stage 3,0.0,1.0
139,35,Stage 0,Stage 0,0.0,1.0
139,36,Stage 1,Stage 1,0.0,1.0
139,37,Stage 0,Stage 0,0.0,1.0
139,38,Stage 1,Stage 1,0.0,1.0
139,39,Stage 2,Stage 2,0.0,1.0
139,40,Stage 0,Stage 0,0.0,1.0
139,41,Stage 3,Stage 3,0.0,1.0
139,42,Stage 0,Stage 0,0.0,1.0
139,43,Stage 0,Stage 0,0.0,1.0
139,44,Stage 0,Stage 0,0.0,1.0
139,45,Stage 1,Stage 1,0.0,1.0
139,46,Stage 3,Stage 3,0.0,1.0
139,47,Stage 3,Stage 3,0.0,1.0
139,48,Stage 3,Stage 3,0.0,1.0
139,49,Stage 1,Stage 1,0.0,1.0
139,50,Stage 0,Stage 0,0.0,1.0
139,51,Stage 0,Stage 0,0.0,1.0
139,52,Stage 3,Stage 3,0.0,1.0
139,53,Stage 0,Stage 0,0.0,1.0
139,54,Stage 0,Stage 0,0.0,1.0
139,55,Stage 1,Stage 1,0.0,1.0
139,56,Stage 4,Stage 4,0.9700952022263095,0.9700952022263095
139,57,Stage 0,Stage 0,0.0,1.0
139,58,Stage 2,Stage 2,0.0,1.0
139,59,Stage 3,Stage 3,0.0,1.0
139,60,Stage 0,Stage 0,0.0,1.0
139,61,Stage 2,Stage 2,0.0,1.0
139,62,Stage 0,Stage 0,0.0,1.0
139,63,Stage 3,Stage 3,0.0,1.0
139,64,Stage 2,Stage 2,0.0,1.0
139,65,Stage 2,Stage 2,0.0,1.0
139,66,Stage 4,Stage 4,0.9921742807805474,0.9921742807805474
139,67,Stage 4,Stage 4,0.9999339624760237,0.9999339624760237
139,68,Stage 4,Stage 4,0.9972944955832509,0.9972944955832509
139,69,Stage 0,Stage 0,0.0,1.0
139,70,Stage 1,Stage 1,0.0,1.0
139,71,Stage 3,Stage 3,0.0,1.0
139,72,Stage 1,Stage 1,0.0,1.0
139,73,Stage 0,Stage 0,0.0,1.0
139,74,Stage 0,Stage 0,0.0,1.0
139,75,Stage 2,Stage 2,0.0,1.0
139,76,Stage 0,Stage 0,0.0,1.0
139,77,Stage 2,Stage 2,0.0,1.0
139,78,Stage 0,Stage 0,0.0,1.0
139,79,Stage 1,Stage 1,0.0,1.0
139,80,Stage 0,Stage 0,0.0,1.0
139,81,Stage 3,Stage 3,0.0,1.0
139,82,Stage 4,Stage 4,0.8342884177762228,0.8342884177762228
139,83,Stage 0,Stage 0,0.0,1.0
139,84,Stage 4,Stage 4,0.9948880576984798,0.9948880576984798
139,85,Stage 4,Stage 4,0.9998070080552094,0.9998070080552094
139,86,Stage 0,Stage 0,0.0,1.0
139,87,Stage 0,Stage 0,0.0,1.0
139,88,Stage 0,Stage 0,0.0,1.0
139,89,Stage 3,Stage 3,0.0,1.0
139,90,Stage 0,Stage 0,0.0,1.0
139,91,Stage 3,Stage 3,0.0,1.0
139,92,Stage 3,Stage 3,0.0,1.0
139,93,Stage 0,Stage 0,0.0,1.0
139,94,Stage 4,Stage 4,0.9948880576984798,0.9948880576984798
139,95,Stage 0,Stage 0,0.0,1.0
139,96,Stage 1,Stage 1,0.0,1.0
139,97,Stage 3,Stage 3,0.0,1.0
139,98,Stage 2,Stage 2,0.05032307240830773,0.9496769275916919
139,99,Stage 1,Stage 1,0.0,1.0
139,100,Stage 1,Stage 1,0.0,1.0
139,101,Stage 0,Stage 0,0.0,1.0
139,102,Stage 1,Stage 1,0.0,1.0
139,103,Stage 1,Stage 1,0.0,1.0
139,104,Stage 3,Stage 3,0.0,1.0
139,105,Stage 0,Stage 0,0.0,1.0
139,106,Stage 4,Stage 4,0.8893426483343351,0.8893426483343351
139,107,Stage 4,Stage 4,0.9985007302536165,0.9985007302536165
139,108,Stage 1,Stage 1,0.0,1.0
139,109,Stage 0,Stage 0,0.0,1.0
139,110,Stage 4,Stage 4,0.9985007302536165,0.9985007302536165
139,111,Stage 0,Stage 0,0.0,1.0
139,112,Stage 0,Stage 0,0.0,1.0
139,113,Stage 0,Stage 0,0.0,1.0
139,114,Stage 0,Stage 0,0.0,1.0
139,115,Stage 0,Stage 0,0.0,1.0
139,116,Stage 2,Stage 2,0.0,1.0
139,117,Stage 0,Stage 0,0.0,1.0
139,118,Stage 1,Stage 1,0.0,1.0
139,119,Stage 2,Stage 2,0.0,1.0
139,120,Stage 0,Stage 0,0.0,1.0
139,121,Stage 0,Stage 0,0.0,1.0
139,122,Stage 3,Stage 3,0.0,1.0
139,123,Stage 1,Stage 1,0.0,1.0
139,124,Stage 4,Stage 4,0.9191806954309615,0.9191806954309615
139,125,Stage 2,Stage 2,0.0,1.0
139,126,Stage 0,Stage 0,0.0,1.0
139,127,Stage 0,Stage 0,0.0,1.0
139,128,Stage 4,Stage 4,0.9978609539488698,0.9978609539488698
139,129,Stage 0,Stage 0,0.0,1.0
139,130,Stage 2,Stage 2,0.0,1.0
139,131,Stage 0,Stage 0,0.0,1.0
139,132,Stage 3,Stage 3,0.0,1.0
139,133,Stage 1,Stage 1,0.0,1.0
139,134,Stage 4,Stage 4,0.8244978866807811,0.8244978866807811
139,135,Stage 1,Stage 1,0.0,1.0
139,136,Stage 1,Stage 1,0.0,1.0
139,137,Stage 3,Stage 3,0.0,1.0
139,138,Stage 4,Stage 4,0.9924932933273165,0.9924932933273165
139,139,Stage 3,Stage 3,0.0,1.0
139,140,Stage 3,Stage 3,0.0,1.0
139,141,Stage 4,Stage 4,0.9958251419178974,0.9958251419178974
139,142,Stage 4,Stage 4,0.9998070080552094,0.9998070080552094
139,143,Stage 2,Stage 2,0.0,1.0
139,144,Stage 1,Stage 1,0.0,1.0
139,145,Stage 0,Stage 0,0.0,1.0
139,146,Stage 0,Stage 0,0.0,1.0
139,147,Stage 0,Stage 0,0.0,1.0
139,148,Stage 3,Stage 3,0.0,1.0
139,149,Stage 4,Stage 4,0.9797670875759311,0.9797670875759311
139,150,Stage 1,Stage 1,0.0,1.0
139,151,Stage 3,Stage 3,0.0,1.0
139,152,Stage 0,Stage 0,0.0,1.0
139,153,Stage 3,Stage 3,0.0,1.0
139,154,Stage 0,Stage 0,0.0,1.0
139,155,Stage 1,Stage 1,0.0,1.0
139,156,Stage 0,Stage 0,0.0,1.0
139,157,Stage 2,Stage 2,0.0,1.0
139,158,Stage 0,Stage 0,0.0,1.0
139,159,Stage 3,Stage 3,0.0,1.0
139,160,Stage 2,Stage 2,0.0,1.0
139,161,Stage 0,Stage 0,0.0,1.0
139,162,Stage 4,Stage 4,0.9650465610102422,0.9650465610102422
139,163,Stage 0,Stage 0,0.0,1.0
139,164,Stage 0,Stage 0,0.0,1.0
139,165,Stage 2,Stage 2,0.0,1.0
139,166,Stage 2,Stage 2,0.0,1.0
139,167,Stage 2,Stage 2,0.0,1.0
139,168,Stage 2,Stage 2,0.0,1.0
139,169,Stage 0,Stage 0,0.0,1.0
139,170,Stage 4,Stage 4,0.8746251110978637,0.8746251110978637
139,171,Stage 4,Stage 4,0.9762595395277566,0.9762595395277566
139,172,Stage 0,Stage 0,0.0,1.0
139,173,Stage 1,Stage 1,0.0,1.0
139,174,Stage 0,Stage 0,0.0,1.0
139,175,Stage 0,Stage 0,0.0,1.0
139,176,Stage 0,Stage 0,0.0,1.0
139,177,Stage 2,Stage 2,0.0,1.0
139,178,Stage 3,Stage 3,0.0,1.0
139,179,Stage 0,Stage 0,0.0,1.0
139,180,Stage 3,Stage 3,0.0,1.0
139,181,Stage 2,Stage 2,0.0,1.0
139,182,Stage 0,Stage 0,0.0,1.0
139,183,Stage 4,Stage 4,0.9975878016129752,0.9975878016129752
139,184,Stage 4,Stage 4,0.9096056246014147,0.9096056246014147
139,185,Stage 2,Stage 2,0.0,1.0
139,186,Stage 4,Stage 4,0.8520404411420309,0.8520404411420309
139,187,Stage 4,Stage 4,0.9975878016129752,0.9975878016129752
139,188,Stage 3,Stage 3,0.0,1.0
139,189,Stage 0,Stage 0,0.0,1.0
139,190,Stage 2,Stage 2,0.0,1.0
139,191,Stage 0,Stage 0,0.0,1.0
139,192,Stage 2,Stage 2,0.0,1.0
139,193,Stage 1,Stage 1,0.0,1.0
139,194,Stage 0,Stage 0,0.0,1.0
139,195,Stage 4,Stage 4,0.9892365200064338,0.9892365200064338
139,196,Stage 2,Stage 2,0.0,1.0
139,197,Stage 1,Stage 1,0.0,1.0
139,198,Stage 0,Stage 0,0.0,1.0
139,199,Stage 3,Stage 3,0.0,1.0
139,200,Stage 0,Stage 0,0.0,1.0
139,201,Stage 3,Stage 3,0.0,1.0
139,202,Stage 0,Stage 0,0.0,1.0
139,203,Stage 3,Stage 3,0.0,1.0
139,204,Stage 3,Stage 3,0.0,1.0
139,205,Stage 1,Stage 1,0.0,1.0
139,206,Stage 0,Stage 0,0.0,1.0
139,207,Stage 0,Stage 0,0.0,1.0
139,208,Stage 3,Stage 3,0.0,1.0
139,209,Stage 4,Stage 4,0.5997753322493038,0.5997753322493038
139,210,Stage 0,Stage 0,0.0,1.0
139,211,Stage 1,Stage 1,0.0,1.0
139,212,Stage 3,Stage 3,0.0,1.0
139,213,Stage 3,Stage 3,0.0,1.0
139,214,Stage 0,Stage 0,0.0,1.0
139,215,Stage 2,Stage 2,0.0,1.0
139,216,Stage 0,Stage 0,0.0,1.0
139,217,Stage 0,Stage 0,0.0,1.0
139,218,Stage 0,Stage 0,0.0,1.0
139,219,Stage 3,Stage 3,0.0,1.0
139,220,Stage 0,Stage 0,0.0,1.0
139,221,Stage 2,Stage 2,0.0,1.0
139,222,Stage 3,Stage 3,0.0,1.0
139,223,Stage 2,Stage 2,0.34410105920623757,0.6558989407937622
139,224,Stage 0,Stage 0,0.0,1.0
139,225,Stage 0,Stage 0,0.0,1.0
139,226,Stage 3,Stage 3,0.0,1.0
139,227,Stage 0,Stage 0,0.0,1.0
139,228,Stage 2,Stage 2,0.4442360155152546,0.5557639844847451
139,229,Stage 0,Stage 0,0.0,1.0
139,230,Stage 1,Stage 1,0.0,1.0
139,231,Stage 0,Stage 0,0.0,1.0
139,232,Stage 4,Stage 4,0.6446689690177482,0.6446689690177482
139,233,Stage 2,Stage 2,0.0,1.0
139,234,Stage 0,Stage 0,0.0,1.0
139,235,Stage 0,Stage 0,0.0,1.0
139,236,Stage 1,Stage 1,0.0,1.0
139,237,Stage 0,Stage 0,0.0,1.0
139,238,Stage 1,Stage 1,0.0,1.0
139,239,Stage 2,Stage 2,0.0,1.0
139,240,Stage 1,Stage 1,0.0,1.0
139,241,Stage 3,Stage 3,0.0,1.0
139,242,Stage 0,Stage 0,0.0,1.0
139,243,Stage 0,Stage 0,0.0,1.0
139,244,Stage 0,Stage 0,0.0,1.0
139,245,Stage 2,Stage 2,0.0,1.0
139,246,Stage 0,Stage 0,0.0,1.0
139,247,Stage 1,Stage 1,0.0,1.0
139,248,Stage 2,Stage 2,0.006666666666666667,0.9933333333333333
139,249,Stage 2,Stage 2,0.0,1.0
139,250,Stage 2,Stage 2,0.030585937844206327,0.9694140621557937
139,251,Stage 0,Stage 0,0.0,1.0
140,1,Stage 4,Stage 4,0.8891057929150975,0.8891057929150975
140,2,Stage 0,Stage 0,0.0,1.0
140,3,Stage 1,Stage 1,0.0,1.0
140,4,Stage 2,Stage 2,0.0,1.0
140,5,Stage 1,Stage 1,0.0,1.0
140,6,Stage 0,Stage 0,0.0,1.0
140,7,Stage 1,Stage 1,0.0,1.0
140,8,Stage 2,Stage 2,0.0,1.0
140,9,Stage 1,Stage 1,0.0,1.0
140,10,Stage 3,Stage 3,0.0,1.0
140,11,Stage 0,Stage 0,0.0,1.0
140,12,Stage 1,Stage 1,0.0,1.0
140,13,Stage 2,Stage 2,0.0,1.0
140,14,Stage 0,Stage 0,0.0,1.0
140,15,Stage 0,Stage 0,0.0,1.0
140,16,Stage 3,Stage 3,0.0,1.0
140,17,Stage 2,Stage 2,0.0,1.0
140,18,Stage 0,Stage 0,0.0,1.0
140,19,Stage 0,Stage 0,0.0,1.0
140,20,Stage 1,Stage 1,0.0,1.0
140,21,Stage 3,Stage 3,0.0,1.0
140,22,Stage 0,Stage 0,0.0,1.0
140,23,Stage 2,Stage 2,0.0,1.0
140,24,Stage 2,Stage 2,0.0,1.0
140,25,Stage 1,Stage 1,0.0,1.0
140,26,Stage 4,Stage 4,0.9195663214490736,0.9195663214490736
140,27,Stage 4,Stage 4,0.9948880576984798,0.9948880576984798
140,28,Stage 1,Stage 1,0.0,1.0
140,29,Stage 3,Stage 3,0.0,1.0
140,30,Stage 0,Stage 0,0.0,1.0
140,31,Stage 4,Stage 4,0.9998953569368154,0.9998953569368154
140,32,Stage 0,Stage 0,0.0,1.0
140,33,Stage 0,Stage 0,0.0,1.0
140,34,Stage 0,Stage 0,0.0,1.0
140,35,Stage 0,Stage 0,0.0,1.0
140,36,Stage 4,Stage 4,0.9985007302536165,0.9985007302536165
140,37,Stage 4,Stage 4,0.9978609539488698,0.9978609539488698
140,38,Stage 0,Stage 0,0.0,1.0
140,39,Stage 0,Stage 0,0.0,1.0
140,40,Stage 0,Stage 0,0.0,1.0
140,41,Stage 0,Stage 0,0.0,1.0
140,42,Stage 1,Stage 1,0.0,1.0
140,43,Stage 3,Stage 3,0.0,1.0
140,44,Stage 4,Stage 4,0.9875090064376034,0.9875090064376034
140,45,Stage 0,Stage 0,0.0,1.0
140,46,Stage 2,Stage 2,0.0,1.0
140,47,Stage 4,Stage 4,0.9990286822294617,0.9990286822294617
140,48,Stage 4,Stage 4,0.9989387997231959,0.9989387997231959
140,49,Stage 1,Stage 1,0.0,1.0
140,50,Stage 4,Stage 4,0.9975878016129752,0.9975878016129752
140,51,Stage 1,Stage 1,0.0,1.0
140,52,Stage 0,Stage 0,0.0,1.0
140,53,Stage 1,Stage 1,0.0,1.0
140,54,Stage 4,Stage 4,0.9985007302536165,0.9985007302536165
140,55,Stage 2,Stage 2,0.0,1.0
140,56,Stage 4,Stage 4,0.9020143020204584,0.9020143020204584
140,57,Stage 0,Stage 0,0.0,1.0
140,58,Stage 0,Stage 0,0.0,1.0
140,59,Stage 0,Stage 0,0.0,1.0
140,60,Stage 0,Stage 0,0.0,1.0
140,61,Stage 3,Stage 3,0.0,1.0
140,62,Stage 3,Stage 3,0.0,1.0
140,63,Stage 0,Stage 0,0.0,1.0
140,64,Stage 3,Stage 3,0.0,1.0
140,65,Stage 3,Stage 3,0.0,1.0
140,66,Stage 0,Stage 0,0.0,1.0
140,67,Stage 4,Stage 4,0.9998070080552094,0.9998070080552094
140,68,Stage 3,Stage 3,0.0,1.0
140,69,Stage 1,Stage 1,0.0,1.0
140,70,Stage 4,Stage 4,0.9921742807805474,0.9921742807805474
140,71,Stage 3,Stage 3,0.0,1.0
140,72,Stage 0,Stage 0,0.0,1.0
140,73,Stage 2,Stage 2,0.0,1.0
140,74,Stage 0,Stage 0,0.0,1.0
140,75,Stage 4,Stage 4,0.9972944955832509,0.9972944955832509
140,76,Stage 1,Stage 1,0.0,1.0
140,77,Stage 4,Stage 4,0.9917133180587698,0.9917133180587698
140,78,Stage 0,Stage 0,0.0,1.0
140,79,Stage 0,Stage 0,0.0,1.0
140,80,Stage 0,Stage 0,0.0,1.0
140,81,Stage 2,Stage 2,0.0,1.0
140,82,Stage 0,Stage 0,0.0,1.0
140,83,Stage 1,Stage 1,0.0,1.0
140,84,Stage 4,Stage 4,0.9948880576984798,0.9948880576984798
140,85,Stage 0,Stage 0,0.0,1.0
140,86,Stage 3,Stage 3,0.0,1.0
140,87,Stage 0,Stage 0,0.0,1.0
140,88,Stage 2,Stage 2,0.0,1.0
140,89,Stage 4,Stage 4,0.9989387997231959,0.9989387997231959
140,90,Stage 2,Stage 2,0.0,1.0
140,91,Stage 0,Stage 0,0.0,1.0
140,92,Stage 1,Stage 1,0.0,1.0
140,93,Stage 0,Stage 0,0.0,1.0
140,94,Stage 0,Stage 0,0.0,1.0
140,95,Stage 3,Stage 3,0.0,1.0
140,96,Stage 2,Stage 2,0.0,1.0
140,97,Stage 2,Stage 2,0.0,1.0
140,98,Stage 0,Stage 0,0.0,1.0
140,99,Stage 0,Stage 0,0.0,1.0
140,100,Stage 3,Stage 3,0.0,1.0
140,101,Stage 1,Stage 1,0.0,1.0
140,102,Stage 0,Stage 0,0.0,1.0
140,103,Stage 0,Stage 0,0.0,1.0
140,104,Stage 1,Stage 1,0.0,1.0
140,105,Stage 2,Stage 2,0.0,1.0
140,106,Stage 4,Stage 4,0.9857782524137444,0.9857782524137444
140,107,Stage 2,Stage 2,0.0,1.0
140,108,Stage 1,Stage 1,0.0,1.0
140,109,Stage 0,Stage 0,0.0,1.0
140,110,Stage 4,Stage 4,0.9989387997231959,0.9989387997231959
140,111,Stage 2,Stage 2,0.0,1.0
140,112,Stage 4,Stage 4,0.939201641444181,0.939201641444181
140,113,Stage 0,Stage 0,0.0,1.0
140,114,Stage 0,Stage 0,0.0,1.0
140,115,Stage 0,Stage 0,0.0,1.0
140,116,Stage 1,Stage 1,0.0,1.0
140,117,Stage 3,Stage 3,0.0,1.0
140,118,Stage 0,Stage 0,0.0,1.0
140,119,Stage 4,Stage 4,0.989424647390052,0.989424647390052
140,120,Stage 4,Stage 4,0.9998070080552094,0.9998070080552094
140,121,Stage 0,Stage 0,0.0,1.0
140,122,Stage 3,Stage 3,0.0,1.0
140,123,Stage 3,Stage 3,0.0,1.0
140,124,Stage 4,Stage 4,0.9998070080552094,0.9998070080552094
140,125,Stage 0,Stage 0,0.0,1.0
140,126,Stage 0,Stage 0,0.0,1.0
140,127,Stage 1,Stage 1,0.0,1.0
140,128,Stage 1,Stage 1,0.0,1.0
140,129,Stage 0,Stage 0,0.0,1.0
140,130,Stage 0,Stage 0,0.0,1.0
140,131,Stage 3,Stage 3,0.0,1.0
140,132,Stage 0,Stage 0,0.0,1.0
140,133,Stage 4,Stage 4,0.8811428182525202,0.8811428182525202
140,134,Stage 0,Stage 0,0.0,1.0
140,135,Stage 1,Stage 1,0.0,1.0
140,136,Stage 0,Stage 0,0.0,1.0
140,137,Stage 3,Stage 3,0.0,1.0
140,138,Stage 0,Stage 0,0.0,1.0
140,139,Stage 3,Stage 3,0.0,1.0
140,140,Stage 1,Stage 1,0.0,1.0
140,141,Stage 3,Stage 3,0.0,1.0
140,142,Stage 4,Stage 4,0.9414125247548252,0.9414125247548252
140,143,Stage 2,Stage 2,0.0,1.0
140,144,Stage 3,Stage 3,0.0,1.0
140,145,Stage 4,Stage 4,0.9878025947614272,0.9878025947614272
140,146,Stage 0,Stage 0,0.0,1.0
140,147,Stage 1,Stage 1,0.0,1.0
140,148,Stage 0,Stage 0,0.0,1.0
140,149,Stage 4,Stage 4,0.9857782524137444,0.9857782524137444
140,150,Stage 3,Stage 3,0.0,1.0
140,151,Stage 2,Stage 2,0.0,1.0
140,152,Stage 0,Stage 0,0.0,1.0
140,153,Stage 3,Stage 3,0.0,1.0
140,154,Stage 0,Stage 0,0.0,1.0
140,155,Stage 0,Stage 0,0.0,1.0
140,156,Stage 0,Stage 0,0.0,1.0
140,157,Stage 0,Stage 0,0.0,1.0
140,158,Stage 3,Stage 3,0.0,1.0
140,159,Stage 2,Stage 2,0.0,1.0
140,160,Stage 0,Stage 0,0.0,1.0
140,161,Stage 0,Stage 0,0.0,1.0
140,162,Stage 2,Stage 2,0.0,1.0
140,163,Stage 0,Stage 0,0.0,1.0
140,164,Stage 1,Stage 1,0.0,1.0
140,165,Stage 0,Stage 0,0.0,1.0
140,166,Stage 0,Stage 0,0.0,1.0
140,167,Stage 0,Stage 0,0.0,1.0
140,168,Stage 0,Stage 0,0.0,1.0
140,169,Stage 0,Stage 0,0.0,1.0
140,170,Stage 0,Stage 0,0.0,1.0
140,171,Stage 1,Stage 1,0.0,1.0
140,172,Stage 4,Stage 4,0.9797670875759311,0.9797670875759311
140,173,Stage 0,Stage 0,0.0,1.0
140,174,Stage 0,Stage 0,0.0,1.0
140,175,Stage 0,Stage 0,0.0,1.0
140,176,Stage 0,Stage 0,0.0,1.0
140,177,Stage 3,Stage 3,0.0,1.0
140,178,Stage 0,Stage 0,0.0,1.0
140,179,Stage 2,Stage 2,0.0,1.0
140,180,Stage 0,Stage 0,0.0,1.0
140,181,Stage 1,Stage 1,0.0,1.0
140,182,Stage 2,Stage 2,0.0,1.0
140,183,Stage 3,Stage 3,0.0,1.0
140,184,Stage 4,Stage 4,0.9989387997231959,0.9989387997231959
140,185,Stage 0,Stage 0,0.0,1.0
140,186,Stage 3,Stage 3,0.0,1.0
140,187,Stage 3,Stage 3,0.0,1.0
140,188,Stage 0,Stage 0,0.0,1.0
140,189,Stage 2,Stage 2,0.0,1.0
140,190,Stage 3,Stage 3,0.0,1.0
140,191,Stage 3,Stage 3,0.0,1.0
140,192,Stage 1,Stage 1,0.0,1.0
140,193,Stage 4,Stage 4,0.9998070080552094,0.9998070080552094
140,194,Stage 1,Stage 1,0.0,1.0
140,195,Stage 2,Stage 2,0.0,1.0
140,196,Stage 1,Stage 1,0.0,1.0
140,197,Stage 1,Stage 1,0.0,1.0
140,198,Stage 4,Stage 4,0.9488239418133202,0.9488239418133202
140,199,Stage 0,Stage 0,0.0,1.0
140,200,Stage 0,Stage 0,0.0,1.0
140,201,Stage 0,Stage 0,0.0,1.0
140,202,Stage 0,Stage 0,0.0,1.0
140,203,Stage 1,Stage 1,0.0,1.0
140,204,Stage 0,Stage 0,0.0,1.0
140,205,Stage 3,Stage 3,0.0,1.0
140,206,Stage 0,Stage 0,0.0,1.0
140,207,Stage 2,Stage 2,0.0,1.0
140,208,Stage 3,Stage 3,0.0,1.0
140,209,Stage 3,Stage 3,0.0,1.0
140,210,Stage 2,Stage 2,0.0,1.0
140,211,Stage 2,Stage 2,0.0,1.0
140,212,Stage 0,Stage 0,0.0,1.0
140,213,Stage 4,Stage 4,0.9364034605127471,0.9364034605127471
140,214,Stage 2,Stage 2,0.0,1.0
140,215,Stage 0,Stage 0,0.0,1.0
140,216,Stage 1,Stage 1,0.0,1.0
140,217,Stage 4,Stage 4,0.9700952022263095,0.9700952022263095
140,218,Stage 2,Stage 2,0.0,1.0
140,219,Stage 0,Stage 0,0.0,1.0
140,220,Stage 0,Stage 0,0.0,1.0
140,221,Stage 1,Stage 1,0.0,1.0
140,222,Stage 2,Stage 2,0.0,1.0
140,223,Stage 4,Stage 4,0.9442582004783833,0.9442582004783833
140,224,Stage 1,Stage 1,0.0,1.0
140,225,Stage 2,Stage 2,0.0,1.0
140,226,Stage 0,Stage 0,0.0,1.0
140,227,Stage 1,Stage 1,0.0,1.0
140,228,Stage 1,Stage 1,0.0,1.0
140,229,Stage 0,Stage 0,0.0,1.0
140,230,Stage 0,Stage 0,0.0,1.0
140,231,Stage 0,Stage 0,0.0,1.0
140,232,Stage 2,Stage 2,0.0,1.0
140,233,Stage 4,Stage 4,0.8520404411420309,0.8520404411420309
140,234,Stage 0,Stage 0,0.0,1.0
140,235,Stage 1,Stage 1,0.0,1.0
140,236,Stage 1,Stage 1,0.0,1.0
140,237,Stage 3,Stage 3,0.0,1.0
140,238,Stage 2,Stage 2,0.0,1.0
140,239,Stage 3,Stage 3,0.0,1.0
140,240,Stage 0,Stage 0,0.0,1.0
140,241,Stage 4,Stage 4,0.9985007302536165,0.9985007302536165
140,242,Stage 3,Stage 3,0.0,1.0
140,243,Stage 0,Stage 0,0.0,1.0
140,244,Stage 2,Stage 2,0.0,1.0
140,245,Stage 2,Stage 2,0.0,1.0
140,246,Stage 0,Stage 0,0.0,1.0
140,247,Stage 3,Stage 3,0.0,1.0
140,248,Stage 0,Stage 0,0.0,1.0
140,249,Stage 0,Stage 0,0.0,1.0
140,250,Stage 0,Stage 0,0.0,1.0
140,251,Stage 2,Stage 2,0.0,1.0
140,252,Stage 0,Stage 0,0.0,1.0
140,253,Stage 2,Stage 2,0.0,1.0
140,254,Stage 2,Stage 2,0.0,1.0
140,255,Stage 3,Stage 3,0.0,1.0
140,256,Stage 2,Stage 2,0.0,1.0
140,257,Stage 0,Stage 0,0.0,1.0
140,258,Stage 2,Stage 2,0.0,1.0
140,259,Stage 0,Stage 0,0.0,1.0
140,260,Stage 2,Stage 2,0.0,1.0
140,261,Stage 2,Stage 4,0.7451452560156209,0.7451452560156209
140,262,Stage 1,Stage 1,0.0,1.0
140,263,Stage 3,Stage 3,0.0,1.0
140,264,Stage 1,Stage 1,0.0,1.0
140,265,Stage 0,Stage 0,0.0,1.0
140,266,Stage 0,Stage 0,0.0,1.0
140,267,Stage 1,Stage 1,0.0,1.0
140,268,Stage 2,Stage 2,0.0,1.0
140,269,Stage 3,Stage 3,0.0,1.0
140,270,Stage 2,Stage 2,0.17880443477458322,0.8211955652254166
140,271,Stage 2,Stage 2,0.0,1.0
140,272,Stage 0,Stage 0,0.0,1.0
140,273,Stage 0,Stage 0,0.0,1.0
140,274,Stage 4,Stage 4,0.609709727757213,0.609709727757213
140,275,Stage 0,Stage 0,0.0,1.0
140,276,Stage 3,Stage 3,0.0,1.0
140,277,Stage 2,Stage 4,0.6205878773057801,0.6205878773057801
140,278,Stage 1,Stage 1,0.0,1.0
140,279,Stage 2,Stage 4,0.8148279518158453,0.8148279518158453
140,280,Stage 0,Stage 0,0.0,1.0
140,281,Stage 1,Stage 1,0.0,1.0
140,282,Stage 3,Stage 3,0.0,1.0
140,283,Stage 2,Stage 2,0.0,1.0
140,284,Stage 2,Stage 4,0.84461479593568,0.84461479593568
140,285,Stage 3,Stage 3,0.0,1.0
140,286,Stage 0,Stage 0,0.0,1.0
140,287,Stage 2,Stage 4,0.8576291809919231,0.8576291809919231
140,288,Stage 0,Stage 0,0.0,1.0
140,289,Stage 3,Stage 3,0.0,1.0
140,290,Stage 0,Stage 0,0.0,1.0
140,291,Stage 1,Stage 1,0.0,1.0
140,292,Stage 2,Stage 2,0.0,1.0
140,293,Stage 3,Stage 3,0.0,1.0
140,294,Stage 2,Stage 4,0.8891057929150975,0.8891057929150975
140,295,Stage 1,Stage 1,0.0,1.0
140,296,Stage 2,Stage 2,0.0,1.0
140,297,Stage 3,Stage 3,0.0,1.0
140,298,Stage 0,Stage 0,0.0,1.0
144,1,Stage 0,Stage 0,0.0,1.0
144,2,Stage 4,Stage 4,0.9990286822294617,0.9990286822294617
144,3,Stage 4,Stage 4,0.9998070080552094,0.9998070080552094
144,4,Stage 1,Stage 1,0.0,1.0
144,5,Stage 0,Stage 0,0.0,1.0
144,6,Stage 0,Stage 0,0.0,1.0
144,7,Stage 3,Stage 3,0.0,1.0
144,8,Stage 1,Stage 1,0.0,1.0
144,9,Stage 3,Stage 3,0.0,1.0
144,10,Stage 1,Stage 1,0.0,1.0
144,11,Stage 2,Stage 2,0.0,1.0
144,12,Stage 4,Stage 4,0.9892365200064338,0.9892365200064338
144,13,Stage 3,Stage 3,0.0,1.0
144,14,Stage 4,Stage 4,0.9892365200064338,0.9892365200064338
144,15,Stage 2,Stage 2,0.0,1.0
144,16,Stage 0,Stage 0,0.0,1.0
144,17,Stage 4,Stage 4,0.9834979793636001,0.9834979793636001
144,18,Stage 1,Stage 1,0.0,1.0
144,19,Stage 0,Stage 0,0.0,1.0
144,20,Stage 3,Stage 3,0.0,1.0
144,21,Stage 4,Stage 4,0.9892898864791082,0.9892898864791082
144,22,Stage 3,Stage 3,0.0,1.0
144,23,Stage 0,Stage 0,0.0,1.0
144,24,Stage 3,Stage 3,0.0,1.0
144,25,Stage 3,Stage 3,0.0,1.0
144,26,Stage 3,Stage 3,0.0,1.0
144,27,Stage 3,Stage 3,0.0,1.0
144,28,Stage 3,Stage 3,0.0,1.0
144,29,Stage 2,Stage 2,0.0,1.0
144,30,Stage 3,Stage 3,0.0,1.0
144,31,Stage 3,Stage 3,0.0,1.0
144,32,Stage 1,Stage 1,0.0,1.0
144,33,Stage 3,Stage 3,0.0,1.0
144,34,Stage 0,Stage 0,0.0,1.0
144,35,Stage 3,Stage 3,0.0,1.0
144,36,Stage 1,Stage 1,0.0,1.0
144,37,Stage 0,Stage 0,0.0,1.0
144,38,Stage 3,Stage 3,0.0,1.0
144,39,Stage 3,Stage 3,0.0,1.0
144,40,Stage 4,Stage 4,0.9999022010127095,0.9999022010127095
144,41,Stage 1,Stage 1,0.0,1.0
144,42,Stage 1,Stage 1,0.0,1.0
144,43,Stage 0,Stage 0,0.0,1.0
144,44,Stage 4,Stage 4,0.9978609539488698,0.9978609539488698
144,45,Stage 4,Stage 4,0.9978609539488698,0.9978609539488698
144,46,Stage 1,Stage 1,0.0,1.0
144,47,Stage 3,Stage 3,0.0,1.0
144,48,Stage 0,Stage 0,0.0,1.0
144,49,Stage 4,Stage 4,0.9998070080552094,0.9998070080552094
144,50,Stage 4,Stage 4,0.9989387997231959,0.9989387997231959
144,51,Stage 3,Stage 3,0.0,1.0
144,52,Stage 2,Stage 2,0.0,1.0
144,53,Stage 2,Stage 2,0.0,1.0
144,54,Stage 4,Stage 4,0.9998070080552094,0.9998070080552094
144,55,Stage 0,Stage 0,0.0,1.0
144,56,Stage 0,Stage 0,0.0,1.0
144,57,Stage 4,Stage 4,0.939201641444181,0.939201641444181
144,58,Stage 2,Stage 2,0.0,1.0
144,59,Stage 2,Stage 2,0.0,1.0
144,60,Stage 4,Stage 4,0.9989387997231959,0.9989387997231959
144,61,Stage 2,Stage 2,0.0,1.0
144,62,Stage 0,Stage 0,0.0,1.0
144,63,Stage 1,Stage 1,0.0,1.0
144,64,Stage 1,Stage 1,0.0,1.0
144,65,Stage 1,Stage 1,0.0,1.0
144,66,Stage 0,Stage 0,0.0,1.0
144,67,Stage 4,Stage 4,0.9990286822294617,0.9990286822294617
144,68,Stage 1,Stage 1,0.0,1.0
144,69,Stage 3,Stage 3,0.0,1.0
144,70,Stage 3,Stage 3,0.0,1.0
144,71,Stage 0,Stage 0,0.0,1.0
144,72,Stage 2,Stage 2,0.0,1.0
144,73,Stage 0,Stage 0,0.0,1.0
144,74,Stage 2,Stage 2,0.0,1.0
144,75,Stage 0,Stage 0,0.0,1.0
144,76,Stage 2,Stage 2,0.0,1.0
144,77,Stage 0,Stage 0,0.0,1.0
144,78,Stage 0,Stage 0,0.0,1.0
144,79,Stage 3,Stage 3,0.0,1.0
144,80,Stage 0,Stage 0,0.0,1.0
144,81,Stage 0,Stage 0,0.0,1.0
144,82,Stage 0,Stage 0,0.0,1.0
144,83,Stage 2,Stage 2,0.05032307240830773,0.9496769275916919
144,84,Stage 0,Stage 0,0.0,1.0
144,85,Stage 0,Stage 0,0.0,1.0
144,86,Stage 0,Stage 0,0.0,1.0
144,87,Stage 4,Stage 4,0.9892365200064338,0.9892365200064338
144,88,Stage 2,Stage 2,0.0,1.0
144,89,Stage 3,Stage 3,0.0,1.0
144,90,Stage 3,Stage 3,0.0,1.0
144,91,Stage 1,Stage 1,0.0,1.0
144,92,Stage 1,Stage 1,0.0,1.0
144,93,Stage 4,Stage 4,0.9975878016129752,0.9975878016129752
144,94,Stage 3,Stage 3,0.0,1.0
144,95,Stage 3,Stage 3,0.0,1.0
144,96,Stage 4,Stage 4,0.9862904509919722,0.9862904509919722
144,97,Stage 1,Stage 1,0.0,1.0
144,98,Stage 3,Stage 3,0.0,1.0
144,99,Stage 2,Stage 2,0.05032307240830773,0.9496769275916919
144,100,Stage 0,Stage 0,0.0,1.0
144,101,Stage 1,Stage 1,0.0,1.0
144,102,Stage 3,Stage 3,0.0,1.0
144,103,Stage 3,Stage 3,0.0,1.0
144,104,Stage 2,Stage 2,0.0,1.0
144,105,Stage 4,Stage 4,0.9985007302536165,0.9985007302536165
144,106,Stage 0,Stage 0,0.0,1.0
144,107,Stage 0,Stage 0,0.0,1.0
144,108,Stage 0,Stage 0,0.0,1.0
144,109,Stage 4,Stage 4,0.9985007302536165,0.9985007302536165
144,110,Stage 0,Stage 0,0.0,1.0
144,111,Stage 3,Stage 3,0.0,1.0
144,112,Stage 0,Stage 0,0.0,1.0
144,113,Stage 1,Stage 1,0.0,1.0
144,114,Stage 1,Stage 1,0.0,1.0
144,115,Stage 3,Stage 3,0.0,1.0
144,116,Stage 3,Stage 3,0.0,1.0
144,117,Stage 3,Stage 3,0.0,1.0
144,118,Stage 0,Stage 0,0.0,1.0
144,119,Stage 1,Stage 1,0.0,1.0
144,120,Stage 4,Stage 4,0.9876932881715945,0.9876932881715945
144,121,Stage 2,Stage 2,0.0,1.0
144,122,Stage 3,Stage 3,0.0,1.0
144,123,Stage 1,Stage 1,0.0,1.0
144,124,Stage 0,Stage 0,0.0,1.0
144,125,Stage 2,Stage 2,0.0,1.0
144,126,Stage 0,Stage 0,0.0,1.0
144,127,Stage 0,Stage 0,0.0,1.0
144,128,Stage 0,Stage 0,0.0,1.0
144,129,Stage 4,Stage 4,0.9892898864791082,0.9892898864791082
144,130,Stage 2,Stage 2,0.0,1.0
144,131,Stage 0,Stage 0,0.0,1.0
144,132,Stage 0,Stage 0,0.0,1.0
144,133,Stage 0,Stage 0,0.0,1.0
144,134,Stage 3,Stage 3,0.0,1.0
144,135,Stage 2,Stage 2,0.0,1.0
144,136,Stage 1,Stage 1,0.0,1.0
144,137,Stage 3,Stage 3,0.0,1.0
144,138,Stage 3,Stage 3,0.0,1.0
144,139,Stage 0,Stage 0,0.0,1.0
144,140,Stage 0,Stage 0,0.0,1.0
144,141,Stage 2,Stage 2,0.0,1.0
144,142,Stage 4,Stage 4,0.9917133180587698,0.9917133180587698
144,143,Stage 1,Stage 1,0.0,1.0
144,144,Stage 1,Stage 1,0.0,1.0
144,145,Stage 0,Stage 0,0.0,1.0
144,146,Stage 2,Stage 2,0.0,1.0
144,147,Stage 0,Stage 0,0.0,1.0
144,148,Stage 0,Stage 0,0.0,1.0
144,149,Stage 0,Stage 0,0.0,1.0
144,150,Stage 0,Stage 0,0.0,1.0
144,151,Stage 4,Stage 4,0.9989387997231959,0.9989387997231959
144,152,Stage 2,Stage 2,0.0,1.0
144,153,Stage 2,Stage 2,0.0,1.0
144,154,Stage 2,Stage 2,0.0,1.0
144,155,Stage 0,Stage 0,0.0,1.0
144,156,Stage 4,Stage 4,0.9975878016129752,0.9975878016129752
144,157,Stage 1,Stage 1,0.0,1.0
144,158,Stage 2,Stage 2,0.0,1.0
144,159,Stage 0,Stage 0,0.0,1.0
144,160,Stage 0,Stage 0,0.0,1.0
144,161,Stage 2,Stage 2,0.0,1.0
144,162,Stage 0,Stage 0,0.0,1.0
144,163,Stage 0,Stage 0,0.0,1.0
144,164,Stage 1,Stage 1,0.0,1.0
144,165,Stage 0,Stage 0,0.0,1.0
144,166,Stage 1,Stage 1,0.0,1.0
144,167,Stage 1,Stage 1,0.0,1.0
144,168,Stage 0,Stage 0,0.0,1.0
144,169,Stage 0,Stage 0,0.0,1.0
144,170,Stage 1,Stage 1,0.0,1.0
144,171,Stage 3,Stage 3,0.0,1.0
144,172,Stage 0,Stage 0,0.0,1.0
144,173,Stage 3,Stage 3,0.0,1.0
144,174,Stage 0,Stage 0,0.0,1.0
144,175,Stage 4,Stage 4,0.9824666731868933,0.9824666731868933
144,176,Stage 2,Stage 2,0.0,1.0
144,177,Stage 0,Stage 0,0.0,1.0
144,178,Stage 3,Stage 3,0.0,1.0
144,179,Stage 3,Stage 3,0.0,1.0
144,180,Stage 0,Stage 0,0.0,1.0
144,181,Stage 2,Stage 2,0.0,1.0
144,182,Stage 3,Stage 3,0.0,1.0
144,183,Stage 0,Stage 0,0.0,1.0
144,184,Stage 1,Stage 1,0.0,1.0
144,185,Stage 0,Stage 0,0.0,1.0
144,186,Stage 2,Stage 2,0.0,1.0
144,187,Stage 0,Stage 0,0.0,1.0
144,188,Stage 4,Stage 4,0.9837900103016276,0.9837900103016276
144,189,Stage 3,Stage 3,0.0,1.0
144,190,Stage 0,Stage 0,0.0,1.0
144,191,Stage 0,Stage 0,0.0,1.0
144,192,Stage 2,Stage 2,0.0,1.0
144,193,Stage 0,Stage 0,0.0,1.0
144,194,Stage 1,Stage 1,0.0,1.0
144,195,Stage 0,Stage 0,0.0,1.0
144,196,Stage 0,Stage 0,0.0,1.0
144,197,Stage 3,Stage 3,0.0,1.0
144,198,Stage 0,Stage 0,0.0,1.0
144,199,Stage 2,Stage 2,0.0,1.0
144,200,Stage 2,Stage 2,0.0,1.0
144,201,Stage 2,Stage 2,0.0,1.0
144,202,Stage 0,Stage 0,0.0,1.0
144,203,Stage 3,Stage 3,0.0,1.0
144,204,Stage 4,Stage 4,0.9325569778076929,0.9325569778076929
144,205,Stage 1,Stage 1,0.0,1.0
144,206,Stage 3,Stage 3,0.0,1.0
144,207,Stage 2,Stage 2,0.0,1.0
144,208,Stage 0,Stage 0,0.0,1.0
144,209,Stage 3,Stage 3,0.0,1.0
144,210,Stage 1,Stage 1,0.0,1.0
144,211,Stage 0,Stage 0,0.0,1.0
144,212,Stage 4,Stage 4,0.9871804087658124,0.9871804087658124
144,213,Stage 0,Stage 0,0.0,1.0
144,214,Stage 3,Stage 3,0.0,1.0
144,215,Stage 4,Stage 4,0.8893426483343351,0.8893426483343351
144,216,Stage 4,Stage 4,0.9989387997231959,0.9989387997231959
144,217,Stage 4,Stage 4,0.9990286822294617,0.9990286822294617
144,218,Stage 0,Stage 0,0.0,1.0
144,219,Stage 0,Stage 0,0.0,1.0
144,220,Stage 0,Stage 0,0.0,1.0
144,221,Stage 0,Stage 0,0.0,1.0
144,222,Stage 3,Stage 3,0.0,1.0
144,223,Stage 4,Stage 4,0.8746251110978637,0.8746251110978637
144,224,Stage 3,Stage 3,0.0,1.0
144,225,Stage 3,Stage 3,0.0,1.0
144,226,Stage 3,Stage 3,0.0,1.0
144,227,Stage 4,Stage 4,0.9195663214490736,0.9195663214490736
144,228,Stage 4,Stage 4,0.9972944955832509,0.9972944955832509
144,229,Stage 1,Stage 1,0.0,1.0
144,230,Stage 0,Stage 0,0.0,1.0
144,231,Stage 2,Stage 2,0.0,1.0
144,232,Stage 4,Stage 4,0.8947854332115529,0.8947854332115529
144,233,Stage 2,Stage 2,0.0,1.0
144,234,Stage 2,Stage 2,0.0,1.0
144,235,Stage 4,Stage 4,0.9972944955832509,0.9972944955832509
144,236,Stage 1,Stage 1,0.0,1.0
144,237,Stage 1,Stage 1,0.0,1.0
144,238,Stage 2,Stage 2,0.0,1.0
144,239,Stage 2,Stage 2,0.0,1.0
144,240,Stage 0,Stage 0,0.0,1.0
144,241,Stage 0,Stage 0,0.0,1.0
144,242,Stage 3,Stage 3,0.0,1.0
144,243,Stage 2,Stage 2,0.0,1.0
144,244,Stage 0,Stage 0,0.0,1.0
144,245,Stage 4,Stage 4,0.7823568853584157,0.7823568853584157
144,246,Stage 0,Stage 0,0.0,1.0
144,247,Stage 2,Stage 2,0.0,1.0
144,248,Stage 0,Stage 0,0.0,1.0
144,249,Stage 2,Stage 2,0.0,1.0
144,250,Stage 4,Stage 4,0.8893426483343351,0.8893426483343351
144,251,Stage 3,Stage 3,0.0,1.0
144,252,Stage 0,Stage 0,0.0,1.0
144,253,Stage 2,Stage 4,0.9700952022263095,0.9700952022263095
144,254,Stage 0,Stage 0,0.0,1.0
144,255,Stage 1,Stage 1,0.0,1.0
144,256,Stage 4,Stage 4,0.8891057929150975,0.8891057929150975
144,257,Stage 0,Stage 0,0.0,1.0
144,258,Stage 2,Stage 2,0.0,1.0
144,259,Stage 2,Stage 2,0.0,1.0
144,260,Stage 0,Stage 0,0.0,1.0
144,261,Stage 0,Stage 0,0.0,1.0
144,262,Stage 0,Stage 0,0.0,1.0
144,263,Stage 4,Stage 4,0.9989387997231959,0.9989387997231959
144,264,Stage 0,Stage 0,0.0,1.0
144,265,Stage 0,Stage 0,0.0,1.0
144,266,Stage 3,Stage 3,0.0,1.0
144,267,Stage 0,Stage 0,0.0,1.0
144,268,Stage 2,Stage 2,0.0,1.0
144,269,Stage 0,Stage 0,0.0,1.0
144,270,Stage 2,Stage 2,0.0,1.0
144,271,Stage 2,Stage 4,0.9020143020204584,0.9020143020204584
144,272,Stage 2,Stage 4,0.722675912901298,0.722675912901298
144,273,Stage 0,Stage 0,0.0,1.0
144,274,Stage 0,Stage 0,0.0,1.0
144,275,Stage 0,Stage 0,0.0,1.0
144,276,Stage 2,Stage 2,0.0,1.0
144,277,Stage 1,Stage 1,0.0,1.0
144,278,Stage 3,Stage 3,0.0,1.0
144,279,Stage 3,Stage 3,0.0,1.0
144,280,Stage 0,Stage 0,0.0,1.0
144,281,Stage 2,Stage 2,0.0,1.0
144,282,Stage 2,Stage 2,0.0,1.0
144,283,Stage 3,Stage 3,0.0,1.0
144,284,Stage 0,Stage 0,0.0,1.0
144,285,Stage 2,Stage 2,0.0,1.0
144,286,Stage 0,Stage 0,0.0,1.0
144,287,Stage 1,Stage 1,0.0,1.0
144,288,Stage 0,Stage 0,0.0,1.0
144,289,Stage 0,Stage 0,0.0,1.0
144,290,Stage 0,Stage 0,0.0,1.0
144,291,Stage 0,Stage 0,0.0,1.0
144,292,Stage 3,Stage 3,0.0,1.0
144,293,Stage 0,Stage 0,0.0,1.0
144,294,Stage 0,Stage 0,0.0,1.0
144,295,Stage 3,Stage 3,0.0,1.0
144,296,Stage 2,Stage 4,0.7803015306936071,0.7803015306936071
144,297,Stage 0,Stage 0,0.0,1.0
168,1,Stage 0,Stage 0,0.0,1.0
168,2,Stage 4,Stage 4,0.9877252138926669,0.9877252138926669
168,3,Stage 1,Stage 1,0.0,1.0
168,4,Stage 0,Stage 0,0.0,1.0
168,5,Stage 3,Stage 3,0.0,1.0
168,6,Stage 0,Stage 0,0.0,1.0
168,7,Stage 2,Stage 2,0.0,1.0
168,8,Stage 0,Stage 0,0.0,1.0
168,9,Stage 0,Stage 0,0.0,1.0
168,10,Stage 0,Stage 0,0.0,1.0
168,11,Stage 2,Stage 2,0.0,1.0
168,12,Stage 0,Stage 0,0.0,1.0
168,13,Stage 0,Stage 0,0.0,1.0
168,14,Stage 1,Stage 1,0.0,1.0
168,15,Stage 4,Stage 4,0.9020143020204584,0.9020143020204584
168,16,Stage 0,Stage 0,0.0,1.0
168,17,Stage 0,Stage 0,0.0,1.0
168,18,Stage 1,Stage 1,0.0,1.0
168,19,Stage 3,Stage 3,0.0,1.0
168,20,Stage 2,Stage 2,0.0,1.0
168,21,Stage 0,Stage 0,0.0,1.0
168,22,Stage 3,Stage 3,0.0,1.0
168,23,Stage 3,Stage 3,0.0,1.0
168,24,Stage 2,Stage 2,0.0,1.0
168,25,Stage 4,Stage 4,0.9191806954309615,0.9191806954309615
168,26,Stage 0,Stage 0,0.0,1.0
168,27,Stage 0,Stage 0,0.0,1.0
168,28,Stage 0,Stage 0,0.0,1.0
168,29,Stage 2,Stage 2,0.0,1.0
168,30,Stage 4,Stage 4,0.9762595395277566,0.9762595395277566
168,31,Stage 3,Stage 3,0.0,1.0
168,32,Stage 0,Stage 0,0.0,1.0
168,33,Stage 2,Stage 2,0.03386819974327718,0.9661318002567231
168,34,Stage 1,Stage 1,0.0,1.0
168,35,Stage 0,Stage 0,0.0,1.0
168,36,Stage 2,Stage 2,0.0,1.0
168,37,Stage 4,Stage 4,0.9834979793636001,0.9834979793636001
168,38,Stage 1,Stage 1,0.0,1.0
168,39,Stage 0,Stage 0,0.0,1.0
168,40,Stage 0,Stage 0,0.0,1.0
168,41,Stage 0,Stage 0,0.0,1.0
168,42,Stage 4,Stage 4,0.9797670875759311,0.9797670875759311
168,43,Stage 4,Stage 4,0.9876932881715945,0.9876932881715945
168,44,Stage 4,Stage 4,0.9990286822294617,0.9990286822294617
168,45,Stage 0,Stage 0,0.0,1.0
168,46,Stage 4,Stage 4,0.9871804087658124,0.9871804087658124
168,47,Stage 0,Stage 0,0.0,1.0
168,48,Stage 0,Stage 0,0.0,1.0
168,49,Stage 4,Stage 4,0.9878025947614272,0.9878025947614272
168,50,Stage 0,Stage 0,0.0,1.0
168,51,Stage 0,Stage 0,0.0,1.0
168,52,Stage 2,Stage 2,0.0,1.0
168,53,Stage 1,Stage 1,0.0,1.0
168,54,Stage 0,Stage 0,0.0,1.0
168,55,Stage 0,Stage 0,0.0,1.0
168,56,Stage 0,Stage 0,0.0,1.0
168,57,Stage 1,Stage 1,0.0,1.0
168,58,Stage 0,Stage 0,0.0,1.0
168,59,Stage 2,Stage 2,0.0,1.0
168,60,Stage 4,Stage 4,0.9972944955832509,0.9972944955832509
168,61,Stage 3,Stage 3,0.0,1.0
168,62,Stage 1,Stage 1,0.0,1.0
168,63,Stage 3,Stage 3,0.0,1.0
168,64,Stage 0,Stage 0,0.0,1.0
168,65,Stage 0,Stage 0,0.0,1.0
168,66,Stage 2,Stage 2,0.0,1.0
168,67,Stage 3,Stage 3,0.0,1.0
168,68,Stage 0,Stage 0,0.0,1.0
168,69,Stage 2,Stage 2,0.0,1.0
168,70,Stage 3,Stage 3,0.0,1.0
168,71,Stage 3,Stage 3,0.0,1.0
168,72,Stage 0,Stage 0,0.0,1.0
168,73,Stage 2,Stage 2,0.0,1.0
168,74,Stage 0,Stage 0,0.0,1.0
168,75,Stage 0,Stage 0,0.0,1.0
168,76,Stage 3,Stage 3,0.0,1.0
168,77,Stage 0,Stage 0,0.0,1.0
168,78,Stage 0,Stage 0,0.0,1.0
168,79,Stage 0,Stage 0,0.0,1.0
168,80,Stage 0,Stage 0,0.0,1.0
168,81,Stage 0,Stage 0,0.0,1.0
168,82,Stage 3,Stage 3,0.0,1.0
168,83,Stage 1,Stage 1,0.0,1.0
168,84,Stage 0,Stage 0,0.0,1.0
168,85,Stage 0,Stage 0,0.0,1.0
168,86,Stage 0,Stage 0,0.0,1.0
168,87,Stage 4,Stage 4,0.9972944955832509,0.9972944955832509
168,88,Stage 4,Stage 4,0.9975878016129752,0.9975878016129752
168,89,Stage 0,Stage 0,0.0,1.0
168,90,Stage 3,Stage 3,0.0,1.0
168,91,Stage 0,Stage 0,0.0,1.0
168,92,Stage 2,Stage 2,0.0,1.0
168,93,Stage 4,Stage 4,0.9499993864621158,0.9499993864621158
168,94,Stage 0,Stage 0,0.0,1.0
168,95,Stage 1,Stage 1,0.0,1.0
168,96,Stage 0,Stage 0,0.0,1.0
168,97,Stage 3,Stage 3,0.0,1.0
168,98,Stage 3,Stage 3,0.0,1.0
168,99,Stage 0,Stage 0,0.0,1.0
168,100,Stage 0,Stage 0,0.0,1.0
168,101,Stage 2,Stage 2,0.0,1.0
168,102,Stage 4,Stage 4,0.8434394632730455,0.8434394632730455
168,103,Stage 0,Stage 0,0.0,1.0
168,104,Stage 0,Stage 0,0.0,1.0
168,105,Stage 4,Stage 4,0.9972944955832509,0.9972944955832509
168,106,Stage 2,Stage 2,0.0,1.0
168,107,Stage 0,Stage 0,0.0,1.0
168,108,Stage 4,Stage 4,0.9849264415716236,0.9849264415716236
168,109,Stage 4,Stage 4,0.7451452560156209,0.7451452560156209
168,110,Stage 4,Stage 4,0.8342884177762228,0.8342884177762228
168,111,Stage 0,Stage 0,0.0,1.0
168,112,Stage 2,Stage 2,0.0,1.0
168,113,Stage 0,Stage 0,0.0,1.0
168,114,Stage 2,Stage 2,0.0,1.0
168,115,Stage 2,Stage 2,0.03386819974327718,0.9661318002567231
168,116,Stage 2,Stage 2,0.0,1.0
168,117,Stage 3,Stage 3,0.0,1.0
168,118,Stage 4,Stage 4,0.6757095421035346,0.6757095421035346
168,119,Stage 1,Stage 1,0.0,1.0
168,120,Stage 3,Stage 3,0.0,1.0
168,121,Stage 0,Stage 0,0.0,1.0
168,122,Stage 4,Stage 4,0.9892898864791082,0.9892898864791082
168,123,Stage 0,Stage 0,0.0,1.0
168,124,Stage 3,Stage 3,0.0,1.0
168,125,Stage 0,Stage 0,0.0,1.0
168,126,Stage 3,Stage 3,0.0,1.0
168,127,Stage 0,Stage 0,0.0,1.0
168,128,Stage 3,Stage 3,0.0,1.0
168,129,Stage 0,Stage 0,0.0,1.0
168,130,Stage 2,Stage 2,0.0,1.0
168,131,Stage 3,Stage 3,0.0,1.0
168,132,Stage 4,Stage 4,0.8244978866807811,0.8244978866807811
168,133,Stage 0,Stage 0,0.0,1.0
168,134,Stage 0,Stage 0,0.0,1.0
168,135,Stage 0,Stage 0,0.0,1.0
168,136,Stage 0,Stage 0,0.0,1.0
168,137,Stage 3,Stage 3,0.0,1.0
168,138,Stage 2,Stage 2,0.0,1.0
168,139,Stage 0,Stage 0,0.0,1.0
168,140,Stage 4,Stage 4,0.9700952022263095,0.9700952022263095
168,141,Stage 0,Stage 0,0.0,1.0
168,142,Stage 2,Stage 2,0.0,1.0
168,143,Stage 3,Stage 3,0.0,1.0
168,144,Stage 1,Stage 1,0.0,1.0
168,145,Stage 4,Stage 4,0.9972944955832509,0.9972944955832509
168,146,Stage 1,Stage 1,0.0,1.0
168,147,Stage 1,Stage 1,0.0,1.0
168,148,Stage 1,Stage 1,0.0,1.0
168,149,Stage 1,Stage 1,0.0,1.0
168,150,Stage 0,Stage 0,0.0,1.0
168,151,Stage 0,Stage 0,0.0,1.0
168,152,Stage 0,Stage 0,0.0,1.0
168,153,Stage 4,Stage 4,0.9269211197610833,0.9269211197610833
168,154,Stage 1,Stage 1,0.0,1.0
168,155,Stage 3,Stage 3,0.0,1.0
168,156,Stage 1,Stage 1,0.0,1.0
168,157,Stage 3,Stage 3,0.0,1.0
168,158,Stage 1,Stage 1,0.0,1.0
168,159,Stage 1,Stage 1,0.0,1.0
168,160,Stage 2,Stage 2,0.0,1.0
168,161,Stage 0,Stage 0,0.0,1.0
168,162,Stage 0,Stage 0,0.0,1.0
168,163,Stage 1,Stage 1,0.0,1.0
168,164,Stage 4,Stage 4,0.866105778819992,0.866105778819992
168,165,Stage 4,Stage 4,0.7464228516132422,0.7464228516132422
168,166,Stage 0,Stage 0,0.0,1.0
168,167,Stage 0,Stage 0,0.0,1.0
168,168,Stage 2,Stage 2,0.0,1.0
168,169,Stage 0,Stage 0,0.0,1.0
168,170,Stage 0,Stage 0,0.0,1.0
168,171,Stage 0,Stage 0,0.0,1.0
168,172,Stage 1,Stage 1,0.0,1.0
168,173,Stage 2,Stage 2,0.0,1.0
168,174,Stage 3,Stage 3,0.0,1.0
168,175,Stage 2,Stage 2,0.0,1.0
168,176,Stage 0,Stage 0,0.0,1.0
168,177,Stage 0,Stage 0,0.0,1.0
168,178,Stage 2,Stage 2,0.0,1.0
168,179,Stage 0,Stage 0,0.0,1.0
168,180,Stage 3,Stage 3,0.0,1.0
168,181,Stage 3,Stage 3,0.0,1.0
168,182,Stage 3,Stage 3,0.0,1.0
168,183,Stage 0,Stage 0,0.0,1.0
168,184,Stage 0,Stage 0,0.0,1.0
168,185,Stage 2,Stage 2,0.0,1.0
168,186,Stage 2,Stage 2,0.0,1.0
168,187,Stage 2,Stage 2,0.0,1.0
168,188,Stage 0,Stage 0,0.0,1.0
168,189,Stage 1,Stage 1,0.0,1.0
168,190,Stage 3,Stage 3,0.0,1.0
168,191,Stage 1,Stage 1,0.0,1.0
168,192,Stage 1,Stage 1,0.0,1.0
168,193,Stage 0,Stage 0,0.0,1.0
168,194,Stage 2,Stage 2,0.0,1.0
168,195,Stage 2,Stage 2,0.2891317538480124,0.7108682461519877
168,196,Stage 0,Stage 0,0.0,1.0
176,1,Stage 1,Stage 1,0.0,1.0
176,2,Stage 3,Stage 3,0.0,1.0
176,3,Stage 0,Stage 0,0.0,1.0
176,4,Stage 0,Stage 0,0.0,1.0
176,5,Stage 0,Stage 0,0.0,1.0
176,6,Stage 0,Stage 0,0.0,1.0
176,7,Stage 0,Stage 0,0.0,1.0
176,8,Stage 0,Stage 0,0.0,1.0
176,9,Stage 0,Stage 0,0.0,1.0
176,10,Stage 4,Stage 4,0.9802639450357651,0.9802639450357651
176,11,Stage 3,Stage 3,0.0,1.0
176,12,Stage 0,Stage 0,0.0,1.0
176,13,Stage 0,Stage 0,0.0,1.0
176,14,Stage 0,Stage 0,0.0,1.0
176,15,Stage 2,Stage 2,0.0,1.0
176,16,Stage 0,Stage 0,0.0,1.0
176,17,Stage 1,Stage 1,0.0,1.0
176,18,Stage 1,Stage 1,0.0,1.0
176,19,Stage 0,Stage 0,0.0,1.0
176,20,Stage 4,Stage 4,0.9499993864621158,0.9499993864621158
176,21,Stage 3,Stage 3,0.0,1.0
176,22,Stage 0,Stage 0,0.0,1.0
176,23,Stage 0,Stage 0,0.0,1.0
176,24,Stage 0,Stage 0,0.0,1.0
176,25,Stage 0,Stage 0,0.0,1.0
176,26,Stage 0,Stage 0,0.0,1.0
176,27,Stage 1,Stage 1,0.0,1.0
176,28,Stage 1,Stage 1,0.0,1.0
176,29,Stage 0,Stage 0,0.0,1.0
176,30,Stage 0,Stage 0,0.0,1.0
176,31,Stage 1,Stage 1,0.0,1.0
176,32,Stage 3,Stage 3,0.0,1.0
176,33,Stage 0,Stage 0,0.0,1.0
176,34,Stage 0,Stage 0,0.0,1.0
176,35,Stage 0,Stage 0,0.0,1.0
176,36,Stage 3,Stage 3,0.0,1.0
176,37,Stage 0,Stage 0,0.0,1.0
176,38,Stage 4,Stage 4,0.9191806954309615,0.9191806954309615
176,39,Stage 0,Stage 0,0.0,1.0
176,40,Stage 2,Stage 2,0.0,1.0
176,41,Stage 0,Stage 0,0.0,1.0
176,42,Stage 3,Stage 3,0.0,1.0
176,43,Stage 0,Stage 0,0.0,1.0
176,44,Stage 2,Stage 2,0.0,1.0
176,45,Stage 4,Stage 4,0.9975878016129752,0.9975878016129752
176,46,Stage 2,Stage 2,0.0,1.0
176,47,Stage 1,Stage 1,0.0,1.0
176,48,Stage 0,Stage 0,0.0,1.0
176,49,Stage 0,Stage 0,0.0,1.0
176,50,Stage 0,Stage 0,0.0,1.0
176,51,Stage 0,Stage 0,0.0,1.0
176,52,Stage 0,Stage 0,0.0,1.0
176,53,Stage 3,Stage 3,0.0,1.0
176,54,Stage 3,Stage 3,0.0,1.0
176,55,Stage 2,Stage 2,0.0,1.0
176,56,Stage 4,Stage 4,0.9802639450357651,0.9802639450357651
176,57,Stage 0,Stage 0,0.0,1.0
176,58,Stage 3,Stage 3,0.0,1.0
176,59,Stage 0,Stage 0,0.0,1.0
176,60,Stage 0,Stage 0,0.0,1.0
176,61,Stage 0,Stage 0,0.0,1.0
176,62,Stage 4,Stage 4,0.9878025947614272,0.9878025947614272
176,63,Stage 3,Stage 3,0.0,1.0
176,64,Stage 2,Stage 2,0.0,1.0
176,65,Stage 4,Stage 4,0.9989387997231959,0.9989387997231959
176,66,Stage 4,Stage 4,0.9862904509919722,0.9862904509919722
176,67,Stage 1,Stage 1,0.0,1.0
176,68,Stage 4,Stage 4,0.9096056246014147,0.9096056246014147
176,69,Stage 0,Stage 0,0.0,1.0
176,70,Stage 1,Stage 1,0.0,1.0
176,71,Stage 4,Stage 4,0.8746251110978637,0.8746251110978637
176,72,Stage 2,Stage 2,0.0,1.0
176,73,Stage 2,Stage 2,0.0,1.0
176,74,Stage 4,Stage 4,0.7089401704384415,0.7089401704384415
176,75,Stage 0,Stage 0,0.0,1.0
176,76,Stage 3,Stage 3,0.0,1.0
176,77,Stage 3,Stage 3,0.0,1.0
176,78,Stage 0,Stage 0,0.0,1.0
176,79,Stage 2,Stage 2,0.0,1.0
176,80,Stage 3,Stage 3,0.0,1.0
176,81,Stage 1,Stage 1,0.0,1.0
176,82,Stage 3,Stage 3,0.0,1.0
176,83,Stage 4,Stage 4,0.9834979793636001,0.9834979793636001
176,84,Stage 0,Stage 0,0.0,1.0
176,85,Stage 2,Stage 2,0.0,1.0
176,86,Stage 2,Stage 2,0.0,1.0
176,87,Stage 0,Stage 0,0.0,1.0
176,88,Stage 2,Stage 2,0.0,1.0
176,89,Stage 2,Stage 2,0.0,1.0
176,90,Stage 0,Stage 0,0.0,1.0
176,91,Stage 1,Stage 1,0.0,1.0
176,92,Stage 2,Stage 2,0.0,1.0
176,93,Stage 0,Stage 0,0.0,1.0
176,94,Stage 3,Stage 3,0.0,1.0
176,95,Stage 3,Stage 3,0.0,1.0
176,96,Stage 0,Stage 0,0.0,1.0
176,97,Stage 3,Stage 3,0.0,1.0
176,98,Stage 0,Stage 0,0.0,1.0
176,99,Stage 0,Stage 0,0.0,1.0
176,100,Stage 0,Stage 0,0.0,1.0
176,101,Stage 0,Stage 0,0.0,1.0
176,102,Stage 0,Stage 0,0.0,1.0
176,103,Stage 2,Stage 2,0.0,1.0
176,104,Stage 0,Stage 0,0.0,1.0
176,105,Stage 0,Stage 0,0.0,1.0
176,106,Stage 1,Stage 1,0.0,1.0
176,107,Stage 1,Stage 1,0.0,1.0
176,108,Stage 0,Stage 0,0.0,1.0
176,109,Stage 3,Stage 3,0.0,1.0
176,110,Stage 3,Stage 3,0.0,1.0
176,111,Stage 0,Stage 0,0.0,1.0
176,112,Stage 0,Stage 0,0.0,1.0
176,113,Stage 0,Stage 0,0.0,1.0
176,114,Stage 2,Stage 2,0.0,1.0
176,115,Stage 0,Stage 0,0.0,1.0
176,116,Stage 0,Stage 0,0.0,1.0
176,117,Stage 3,Stage 3,0.0,1.0
176,118,Stage 0,Stage 0,0.0,1.0
176,119,Stage 0,Stage 0,0.0,1.0
176,120,Stage 4,Stage 4,0.9837900103016276,0.9837900103016276
176,121,Stage 0,Stage 0,0.0,1.0
176,122,Stage 2,Stage 2,0.0,1.0
176,123,Stage 0,Stage 0,0.0,1.0
176,124,Stage 1,Stage 1,0.0,1.0
176,125,Stage 4,Stage 4,0.8947854332115529,0.8947854332115529
176,126,Stage 0,Stage 0,0.0,1.0
176,127,Stage 3,Stage 3,0.0,1.0
176,128,Stage 0,Stage 0,0.0,1.0
176,129,Stage 0,Stage 0,0.0,1.0
176,130,Stage 4,Stage 4,0.796620323828894,0.796620323828894
176,131,Stage 0,Stage 0,0.0,1.0
176,132,Stage 1,Stage 1,0.0,1.0
176,133,Stage 0,Stage 0,0.0,1.0
176,134,Stage 4,Stage 4,0.9082393611300394,0.9082393611300394
176,135,Stage 0,Stage 0,0.0,1.0
176,136,Stage 1,Stage 1,0.0,1.0
176,137,Stage 0,Stage 0,0.0,1.0
176,138,Stage 2,Stage 2,0.0,1.0
176,139,Stage 0,Stage 0,0.0,1.0
176,140,Stage 1,Stage 1,0.0,1.0
176,141,Stage 4,Stage 4,0.7089401704384415,0.7089401704384415
176,142,Stage 0,Stage 0,0.0,1.0
176,143,Stage 0,Stage 0,0.0,1.0
176,144,Stage 3,Stage 3,0.0,1.0
176,145,Stage 1,Stage 1,0.0,1.0
176,146,Stage 0,Stage 0,0.0,1.0
176,147,Stage 3,Stage 3,0.0,1.0
176,148,Stage 0,Stage 0,0.0,1.0
176,149,Stage 0,Stage 0,0.0,1.0
176,150,Stage 3,Stage 3,0.0,1.0
176,151,Stage 3,Stage 3,0.0,1.0
176,152,Stage 1,Stage 1,0.0,1.0
176,153,Stage 0,Stage 0,0.0,1.0
176,154,Stage 0,Stage 0,0.0,1.0
176,155,Stage 2,Stage 4,0.7089401704384415,0.7089401704384415
176,156,Stage 1,Stage 1,0.0,1.0
176,157,Stage 0,Stage 0,0.0,1.0
176,158,Stage 0,Stage 0,0.0,1.0
176,159,Stage 2,Stage 2,0.0,1.0
176,160,Stage 0,Stage 0,0.0,1.0
176,161,Stage 0,Stage 0,0.0,1.0
176,162,Stage 2,Stage 2,0.0,1.0
176,163,Stage 4,Stage 2,0.007269663671193948,0.992730336328806
176,164,Stage 0,Stage 0,0.0,1.0
176,165,Stage 1,Stage 1,0.0,1.0
176,166,Stage 0,Stage 0,0.0,1.0
176,167,Stage 2,Stage 2,0.0,1.0
176,168,Stage 0,Stage 0,0.0,1.0
176,169,Stage 1,Stage 1,0.0,1.0
176,170,Stage 0,Stage 0,0.0,1.0
176,171,Stage 1,Stage 1,0.0,1.0
176,172,Stage 0,Stage 0,0.0,1.0
176,173,Stage 1,Stage 1,0.0,1.0
176,174,Stage 2,Stage 2,0.0,1.0
176,175,Stage 0,Stage 0,0.0,1.0
176,176,Stage 2,Stage 2,0.44897537838504237,0.5510246216149578
176,177,Stage 0,Stage 0,0.0,1.0
176,178,Stage 0,Stage 0,0.0,1.0
176,179,Stage 0,Stage 0,0.0,1.0
176,180,Stage 0,Stage 0,0.0,1.0
177,1,Stage 3,Stage 3,0.0,1.0
177,2,Stage 2,Stage 2,0.0,1.0
177,3,Stage 2,Stage 2,0.0,1.0
177,4,Stage 1,Stage 1,0.0,1.0
177,5,Stage 0,Stage 0,0.0,1.0
177,6,Stage 0,Stage 0,0.0,1.0
177,7,Stage 4,Stage 4,0.9195663214490736,0.9195663214490736
177,8,Stage 1,Stage 1,0.0,1.0
177,9,Stage 2,Stage 2,0.0,1.0
177,10,Stage 2,Stage 2,0.0,1.0
177,11,Stage 0,Stage 0,0.0,1.0
177,12,Stage 2,Stage 2,0.0,1.0
177,13,Stage 4,Stage 4,0.9975878016129752,0.9975878016129752
177,14,Stage 0,Stage 0,0.0,1.0
177,15,Stage 0,Stage 0,0.0,1.0
177,16,Stage 0,Stage 0,0.0,1.0
177,17,Stage 0,Stage 0,0.0,1.0
177,18,Stage 2,Stage 4,0.9762595395277566,0.9762595395277566
177,19,Stage 0,Stage 0,0.0,1.0
177,20,Stage 3,Stage 3,0.0,1.0
177,21,Stage 0,Stage 0,0.0,1.0
177,22,Stage 4,Stage 4,0.8891057929150975,0.8891057929150975
177,23,Stage 1,Stage 1,0.0,1.0
177,24,Stage 3,Stage 3,0.0,1.0
177,25,Stage 0,Stage 0,0.0,1.0
177,26,Stage 0,Stage 0,0.0,1.0
177,27,Stage 0,Stage 0,0.0,1.0
177,28,Stage 1,Stage 1,0.0,1.0
177,29,Stage 0,Stage 0,0.0,1.0
177,30,Stage 0,Stage 0,0.0,1.0
177,31,Stage 0,Stage 0,0.0,1.0
177,32,Stage 1,Stage 1,0.0,1.0
177,33,Stage 3,Stage 3,0.0,1.0
177,34,Stage 0,Stage 0,0.0,1.0
177,35,Stage 0,Stage 0,0.0,1.0
177,36,Stage 0,Stage 0,0.0,1.0
177,37,Stage 4,Stage 4,0.9415287293783318,0.9415287293783318
177,38,Stage 4,Stage 2,0.030585937844206327,0.9694140621557937
177,39,Stage 2,Stage 2,0.0,1.0
177,40,Stage 0,Stage 0,0.0,1.0
177,41,Stage 0,Stage 0,0.0,1.0
177,42,Stage 2,Stage 2,0.0,1.0
177,43,Stage 2,Stage 2,0.0,1.0
177,44,Stage 4,Stage 4,0.7451452560156209,0.7451452560156209
177,45,Stage 0,Stage 0,0.0,1.0
177,46,Stage 0,Stage 0,0.0,1.0
177,47,Stage 3,Stage 3,0.0,1.0
177,48,Stage 3,Stage 3,0.0,1.0
177,49,Stage 0,Stage 0,0.0,1.0
177,50,Stage 3,Stage 3,0.0,1.0
177,51,Stage 0,Stage 0,0.0,1.0
177,52,Stage 2,Stage 2,0.0,1.0
177,53,Stage 0,Stage 0,0.0,1.0
177,54,Stage 4,Stage 4,0.8947853571945482,0.8947853571945482
177,55,Stage 0,Stage 0,0.0,1.0
177,56,Stage 0,Stage 0,0.0,1.0
177,57,Stage 0,Stage 0,0.0,1.0
177,58,Stage 3,Stage 3,0.0,1.0
177,59,Stage 2,Stage 2,0.0,1.0
177,60,Stage 4,Stage 4,0.7803015306936071,0.7803015306936071
177,61,Stage 1,Stage 1,0.0,1.0
177,62,Stage 0,Stage 0,0.0,1.0
177,63,Stage 0,Stage 0,0.0,1.0
177,64,Stage 4,Stage 4,0.9325569778076929,0.9325569778076929
177,65,Stage 3,Stage 3,0.0,1.0
177,66,Stage 4,Stage 4,0.9876932881715945,0.9876932881715945
177,67,Stage 3,Stage 3,0.0,1.0
177,68,Stage 1,Stage 1,0.0,1.0
177,69,Stage 3,Stage 3,0.0,1.0
177,70,Stage 1,Stage 1,0.0,1.0
177,71,Stage 1,Stage 1,0.0,1.0
177,72,Stage 3,Stage 3,0.0,1.0
177,73,Stage 2,Stage 2,0.0,1.0
177,74,Stage 0,Stage 0,0.0,1.0
177,75,Stage 0,Stage 0,0.0,1.0
177,76,Stage 1,Stage 1,0.0,1.0
177,77,Stage 0,Stage 0,0.0,1.0
177,78,Stage 4,Stage 4,0.9325569778076929,0.9325569778076929
177,79,Stage 4,Stage 4,0.9145746078965359,0.9145746078965359
177,80,Stage 4,Stage 4,0.9837900103016276,0.9837900103016276
177,81,Stage 0,Stage 0,0.0,1.0
177,82,Stage 2,Stage 2,0.0,1.0
177,83,Stage 0,Stage 0,0.0,1.0
177,84,Stage 0,Stage 0,0.0,1.0
177,85,Stage 0,Stage 0,0.0,1.0
177,86,Stage 0,Stage 0,0.0,1.0
177,87,Stage 1,Stage 1,0.0,1.0
177,88,Stage 0,Stage 0,0.0,1.0
177,89,Stage 1,Stage 1,0.0,1.0
177,90,Stage 4,Stage 4,0.9195663214490736,0.9195663214490736
177,91,Stage 4,Stage 4,0.8642681022944091,0.8642681022944091
177,92,Stage 0,Stage 0,0.0,1.0
177,93,Stage 0,Stage 0,0.0,1.0
177,94,Stage 0,Stage 0,0.0,1.0
177,95,Stage 4,Stage 2,0.3467130517915099,0.6532869482084901
177,96,Stage 0,Stage 0,0.0,1.0
177,97,Stage 0,Stage 0,0.0,1.0
177,98,Stage 3,Stage 3,0.0,1.0
177,99,Stage 4,Stage 4,0.9191806954309615,0.9191806954309615
177,100,Stage 0,Stage 0,0.0,1.0
177,101,Stage 0,Stage 0,0.0,1.0
177,102,Stage 2,Stage 2,0.0,1.0
177,103,Stage 2,Stage 2,0.0,1.0
177,104,Stage 2,Stage 2,0.0,1.0
177,105,Stage 3,Stage 3,0.0,1.0
177,106,Stage 0,Stage 0,0.0,1.0
177,107,Stage 4,Stage 4,0.9548086382382833,0.9548086382382833
177,108,Stage 3,Stage 3,0.0,1.0
177,109,Stage 1,Stage 1,0.0,1.0
177,110,Stage 0,Stage 0,0.0,1.0
177,111,Stage 0,Stage 0,0.0,1.0
177,112,Stage 2,Stage 2,0.0,1.0
177,113,Stage 0,Stage 0,0.0,1.0
177,114,Stage 0,Stage 0,0.0,1.0
177,115,Stage 0,Stage 0,0.0,1.0
177,116,Stage 3,Stage 3,0.0,1.0
177,117,Stage 2,Stage 2,0.0,1.0
177,118,Stage 1,Stage 1,0.0,1.0
177,119,Stage 0,Stage 0,0.0,1.0
177,120,Stage 1,Stage 1,0.0,1.0
177,121,Stage 3,Stage 3,0.0,1.0
177,122,Stage 0,Stage 0,0.0,1.0
177,123,Stage 0,Stage 0,0.0,1.0
177,124,Stage 1,Stage 1,0.0,1.0
177,125,Stage 1,Stage 1,0.0,1.0
177,126,Stage 1,Stage 1,0.0,1.0
177,127,Stage 0,Stage 0,0.0,1.0
177,128,Stage 2,Stage 2,0.0,1.0
177,129,Stage 0,Stage 0,0.0,1.0
177,130,Stage 0,Stage 0,0.0,1.0
177,131,Stage 1,Stage 1,0.0,1.0
177,132,Stage 3,Stage 3,0.0,1.0
177,133,Stage 1,Stage 1,0.0,1.0
177,134,Stage 0,Stage 0,0.0,1.0
177,135,Stage 1,Stage 1,0.0,1.0
177,136,Stage 4,Stage 4,0.8720802375403641,0.8720802375403641
177,137,Stage 0,Stage 0,0.0,1.0
177,138,Stage 0,Stage 0,0.0,1.0
177,139,Stage 0,Stage 0,0.0,1.0
177,140,Stage 2,Stage 2,0.0,1.0
177,141,Stage 4,Stage 4,0.9191806954309615,0.9191806954309615
177,142,Stage 0,Stage 0,0.0,1.0
177,143,Stage 3,Stage 3,0.0,1.0
177,144,Stage 1,Stage 1,0.0,1.0
177,145,Stage 2,Stage 2,0.0,1.0
177,146,Stage 3,Stage 3,0.0,1.0
177,147,Stage 3,Stage 3,0.0,1.0
177,148,Stage 2,Stage 2,0.0,1.0
177,149,Stage 4,Stage 4,0.7720326761361517,0.7720326761361517
177,150,Stage 1,Stage 1,0.0,1.0
177,151,Stage 4,Stage 4,0.6538385295226224,0.6538385295226224
177,152,Stage 2,Stage 2,0.0,1.0
177,153,Stage 3,Stage 3,0.0,1.0
177,154,Stage 4,Stage 4,0.6420466460717965,0.6420466460717965
177,155,Stage 1,Stage 1,0.0,1.0
177,156,Stage 4,Stage 4,0.7823568853584157,0.7823568853584157
177,157,Stage 0,Stage 0,0.0,1.0
177,158,Stage 4,Stage 4,0.9269211197610833,0.9269211197610833
177,159,Stage 0,Stage 0,0.0,1.0
177,160,Stage 4,Stage 4,0.9975878016129752,0.9975878016129752
177,161,Stage 2,Stage 2,0.0,1.0
177,162,Stage 2,Stage 2,0.0,1.0
177,163,Stage 3,Stage 3,0.0,1.0
177,164,Stage 0,Stage 0,0.0,1.0
177,165,Stage 0,Stage 0,0.0,1.0
177,166,Stage 2,Stage 2,0.0,1.0
177,167,Stage 0,Stage 0,0.0,1.0
177,168,Stage 0,Stage 0,0.0,1.0
177,169,Stage 3,Stage 3,0.0,1.0
177,170,Stage 3,Stage 3,0.0,1.0
177,171,Stage 0,Stage 0,0.0,1.0
177,172,Stage 1,Stage 1,0.0,1.0
177,173,Stage 3,Stage 3,0.0,1.0
177,174,Stage 2,Stage 2,0.0,1.0
177,175,Stage 3,Stage 3,0.0,1.0
177,176,Stage 1,Stage 1,0.0,1.0
177,177,Stage 1,Stage 1,0.0,1.0
177,178,Stage 0,Stage 0,0.0,1.0
177,179,Stage 0,Stage 0,0.0,1.0
177,180,Stage 2,Stage 2,0.0,1.0
177,181,Stage 0,Stage 0,0.0,1.0
177,182,Stage 4,Stage 4,0.9488239418133202,0.9488239418133202
177,183,Stage 2,Stage 2,0.0,1.0
177,184,Stage 0,Stage 0,0.0,1.0
177,185,Stage 2,Stage 2,0.0,1.0
177,186,Stage 3,Stage 3,0.0,1.0
177,187,Stage 3,Stage 3,0.0,1.0
177,188,Stage 2,Stage 2,0.0,1.0
177,189,Stage 0,Stage 0,0.0,1.0
177,190,Stage 3,Stage 3,0.0,1.0
177,191,Stage 2,Stage 2,0.0,1.0
177,192,Stage 2,Stage 2,0.0,1.0
177,193,Stage 4,Stage 4,0.7642437074005719,0.7642437074005719
177,194,Stage 0,Stage 0,0.0,1.0
177,195,Stage 2,Stage 2,0.0,1.0
177,196,Stage 1,Stage 1,0.0,1.0
177,197,Stage 4,Stage 4,0.5879670616093844,0.5879670616093844
177,198,Stage 0,Stage 0,0.0,1.0
177,199,Stage 0,Stage 0,0.0,1.0
177,200,Stage 1,Stage 1,0.0,1.0
177,201,Stage 2,Stage 2,0.0,1.0
177,202,Stage 1,Stage 1,0.0,1.0
177,203,Stage 2,Stage 2,0.49996988381980667,0.5000301161801931
177,204,Stage 0,Stage 0,0.0,1.0
177,205,Stage 1,Stage 1,0.0,1.0
177,206,Stage 2,Stage 4,0.5733493508403674,0.5733493508403674
177,207,Stage 3,Stage 3,0.0,1.0
177,208,Stage 2,Stage 2,0.0,1.0
177,209,Stage 0,Stage 0,0.0,1.0
177,210,Stage 0,Stage 0,0.0,1.0
177,211,Stage 2,Stage 2,0.0,1.0
177,212,Stage 2,Stage 2,0.0,1.0
177,213,Stage 0,Stage 0,0.0,1.0
177,214,Stage 0,Stage 0,0.0,1.0
177,215,Stage 2,Stage 2,0.0,1.0
177,216,Stage 3,Stage 3,0.0,1.0
177,217,Stage 4,Stage 2,0.28268568816081746,0.7173143118391826
177,218,Stage 3,Stage 3,0.0,1.0
177,219,Stage 2,Stage 4,0.6187094644931457,0.6187094644931457
177,220,Stage 1,Stage 1,0.0,1.0
177,221,Stage 2,Stage 2,0.0,1.0
177,222,Stage 0,Stage 0,0.0,1.0
177,223,Stage 2,Stage 4,0.6205878773057801,0.6205878773057801
177,224,Stage 3,Stage 3,0.0,1.0
177,225,Stage 2,Stage 2,0.0,1.0
177,226,Stage 3,Stage 3,0.0,1.0
177,227,Stage 2,Stage 2,0.0,1.0
177,228,Stage 0,Stage 0,0.0,1.0
177,229,Stage 0,Stage 0,0.0,1.0
177,230,Stage 3,Stage 3,0.0,1.0
177,231,Stage 0,Stage 0,0.0,1.0
177,232,Stage 0,Stage 0,0.0,1.0
177,233,Stage 0,Stage 0,0.0,1.0
177,234,Stage 1,Stage 1,0.0,1.0
177,235,Stage 0,Stage 0,0.0,1.0
177,236,Stage 0,Stage 0,0.0,1.0
177,237,Stage 0,Stage 0,0.0,1.0
177,238,Stage 1,Stage 1,0.0,1.0
177,239,Stage 3,Stage 3,0.0,1.0
177,240,Stage 2,Stage 2,0.0,1.0
177,241,Stage 3,Stage 3,0.0,1.0
177,242,Stage 0,Stage 0,0.0,1.0
180,1,Stage 0,Stage 0,0.0,1.0
180,2,Stage 2,Stage 2,0.0,1.0
180,3,Stage 3,Stage 3,0.0,1.0
180,4,Stage 0,Stage 0,0.0,1.0
180,5,Stage 0,Stage 0,0.0,1.0
180,6,Stage 3,Stage 3,0.0,1.0
180,7,Stage 1,Stage 1,0.0,1.0
180,8,Stage 0,Stage 0,0.0,1.0
180,9,Stage 1,Stage 1,0.0,1.0
180,10,Stage 0,Stage 0,0.0,1.0
180,11,Stage 0,Stage 0,0.0,1.0
180,12,Stage 0,Stage 0,0.0,1.0
180,13,Stage 0,Stage 0,0.0,1.0
180,14,Stage 0,Stage 0,0.0,1.0
180,15,Stage 0,Stage 0,0.0,1.0
180,16,Stage 1,Stage 1,0.0,1.0
180,17,Stage 2,Stage 2,0.0,1.0
180,18,Stage 4,Stage 4,0.9797670875759311,0.9797670875759311
180,19,Stage 0,Stage 0,0.0,1.0
180,20,Stage 3,Stage 3,0.0,1.0
180,21,Stage 3,Stage 3,0.0,1.0
180,22,Stage 0,Stage 0,0.0,1.0
180,23,Stage 4,Stage 4,0.9837900103016276,0.9837900103016276
180,24,Stage 0,Stage 0,0.0,1.0
180,25,Stage 0,Stage 0,0.0,1.0
180,26,Stage 2,Stage 2,0.0,1.0
180,27,Stage 0,Stage 0,0.0,1.0
180,28,Stage 0,Stage 0,0.0,1.0
180,29,Stage 0,Stage 0,0.0,1.0
180,30,Stage 1,Stage 1,0.0,1.0
180,31,Stage 0,Stage 0,0.0,1.0
180,32,Stage 3,Stage 3,0.0,1.0
180,33,Stage 0,Stage 0,0.0,1.0
180,34,Stage 0,Stage 0,0.0,1.0
180,35,Stage 4,Stage 4,0.9962742154207905,0.9962742154207905
180,36,Stage 0,Stage 0,0.0,1.0
180,37,Stage 0,Stage 0,0.0,1.0
180,38,Stage 0,Stage 0,0.0,1.0
180,39,Stage 1,Stage 1,0.0,1.0
180,40,Stage 0,Stage 0,0.0,1.0
180,41,Stage 0,Stage 0,0.0,1.0
180,42,Stage 0,Stage 0,0.0,1.0
180,43,Stage 0,Stage 0,0.0,1.0
180,44,Stage 0,Stage 0,0.0,1.0
180,45,Stage 4,Stage 4,0.8744905051482625,0.8744905051482625
180,46,Stage 0,Stage 0,0.0,1.0
180,47,Stage 2,Stage 2,0.0,1.0
180,48,Stage 2,Stage 2,0.0,1.0
180,49,Stage 3,Stage 3,0.0,1.0
180,50,Stage 2,Stage 2,0.0,1.0
180,51,Stage 0,Stage 0,0.0,1.0
180,52,Stage 1,Stage 1,0.0,1.0
180,53,Stage 0,Stage 0,0.0,1.0
180,54,Stage 4,Stage 4,0.9892365200064338,0.9892365200064338
180,55,Stage 3,Stage 3,0.0,1.0
180,56,Stage 2,Stage 2,0.0,1.0
180,57,Stage 0,Stage 0,0.0,1.0
180,58,Stage 0,Stage 0,0.0,1.0
180,59,Stage 2,Stage 2,0.0,1.0
180,60,Stage 4,Stage 4,0.9972944955832509,0.9972944955832509
180,61,Stage 4,Stage 4,0.9989387997231959,0.9989387997231959
180,62,Stage 4,Stage 4,0.9990286822294617,0.9990286822294617
180,63,Stage 3,Stage 3,0.0,1.0
180,64,Stage 0,Stage 0,0.0,1.0
180,65,Stage 4,Stage 4,0.9857782524137444,0.9857782524137444
180,66,Stage 4,Stage 4,0.9999445689853212,0.9999445689853212
180,67,Stage 0,Stage 0,0.0,1.0
180,68,Stage 3,Stage 3,0.0,1.0
180,69,Stage 2,Stage 2,0.0,1.0
180,70,Stage 2,Stage 2,0.0,1.0
180,71,Stage 0,Stage 0,0.0,1.0
180,72,Stage 4,Stage 4,0.9932192405375908,0.9932192405375908
180,73,Stage 1,Stage 1,0.0,1.0
180,74,Stage 2,Stage 2,0.0,1.0
180,75,Stage 3,Stage 3,0.0,1.0
180,76,Stage 1,Stage 1,0.0,1.0
180,77,Stage 1,Stage 1,0.0,1.0
180,78,Stage 3,Stage 3,0.0,1.0
180,79,Stage 3,Stage 3,0.0,1.0
180,80,Stage 4,Stage 4,0.9834979793636001,0.9834979793636001
180,81,Stage 0,Stage 0,0.0,1.0
180,82,Stage 2,Stage 2,0.0,1.0
180,83,Stage 3,Stage 3,0.0,1.0
180,84,Stage 0,Stage 0,0.0,1.0
180,85,Stage 1,Stage 1,0.0,1.0
180,86,Stage 1,Stage 1,0.0,1.0
180,87,Stage 0,Stage 0,0.0,1.0
180,88,Stage 2,Stage 2,0.0,1.0
180,89,Stage 4,Stage 4,0.9650465610102422,0.9650465610102422
180,90,Stage 1,Stage 1,0.0,1.0
180,91,Stage 0,Stage 0,0.0,1.0
180,92,Stage 0,Stage 0,0.0,1.0
180,93,Stage 3,Stage 3,0.0,1.0
180,94,Stage 0,Stage 0,0.0,1.0
180,95,Stage 2,Stage 2,0.0,1.0
180,96,Stage 0,Stage 0,0.0,1.0
180,97,Stage 0,Stage 0,0.0,1.0
180,98,Stage 0,Stage 0,0.0,1.0
180,99,Stage 0,Stage 0,0.0,1.0
180,100,Stage 4,Stage 4,0.9998070080552094,0.9998070080552094
180,101,Stage 1,Stage 1,0.0,1.0
180,102,Stage 0,Stage 0,0.0,1.0
180,103,Stage 2,Stage 2,0.0,1.0
180,104,Stage 1,Stage 1,0.0,1.0
180,105,Stage 0,Stage 0,0.0,1.0
180,106,Stage 1,Stage 1,0.0,1.0
180,107,Stage 2,Stage 2,0.0,1.0
180,108,Stage 4,Stage 4,0.9962742154207905,0.9962742154207905
180,109,Stage 0,Stage 0,0.0,1.0
180,110,Stage 3,Stage 3,0.0,1.0
180,111,Stage 3,Stage 3,0.0,1.0
180,112,Stage 4,Stage 4,0.9985007302536165,0.9985007302536165
180,113,Stage 0,Stage 0,0.0,1.0
180,114,Stage 4,Stage 4,0.9145746078965359,0.9145746078965359
180,115,Stage 3,Stage 3,0.0,1.0
180,116,Stage 0,Stage 0,0.0,1.0
180,117,Stage 4,Stage 4,0.9626540162772553,0.9626540162772553
180,118,Stage 0,Stage 0,0.0,1.0
180,119,Stage 0,Stage 0,0.0,1.0
180,120,Stage 2,Stage 2,0.0,1.0
180,121,Stage 2,Stage 2,0.0,1.0
180,122,Stage 2,Stage 2,0.0,1.0
180,123,Stage 1,Stage 1,0.0,1.0
180,124,Stage 4,Stage 4,0.9958251419178974,0.9958251419178974
180,125,Stage 1,Stage 1,0.0,1.0
180,126,Stage 2,Stage 2,0.0,1.0
180,127,Stage 0,Stage 0,0.0,1.0
180,128,Stage 4,Stage 4,0.9975878016129752,0.9975878016129752
180,129,Stage 3,Stage 3,0.0,1.0
180,130,Stage 0,Stage 0,0.0,1.0
180,131,Stage 0,Stage 0,0.0,1.0
180,132,Stage 2,Stage 2,0.0,1.0
180,133,Stage 1,Stage 1,0.0,1.0
180,134,Stage 0,Stage 0,0.0,1.0
180,135,Stage 0,Stage 0,0.0,1.0
180,136,Stage 4,Stage 4,0.9626540162772553,0.9626540162772553
180,137,Stage 4,Stage 4,0.9917133180587698,0.9917133180587698
180,138,Stage 0,Stage 0,0.0,1.0
180,139,Stage 3,Stage 3,0.0,1.0
180,140,Stage 0,Stage 0,0.0,1.0
180,141,Stage 2,Stage 2,0.0,1.0
180,142,Stage 4,Stage 4,0.9972944955832509,0.9972944955832509
180,143,Stage 3,Stage 3,0.0,1.0
180,144,Stage 4,Stage 4,0.9975878016129752,0.9975878016129752
180,145,Stage 1,Stage 1,0.0,1.0
180,146,Stage 0,Stage 0,0.0,1.0
180,147,Stage 2,Stage 2,0.0,1.0
180,148,Stage 2,Stage 2,0.0,1.0
180,149,Stage 0,Stage 0,0.0,1.0
180,150,Stage 0,Stage 0,0.0,1.0
180,151,Stage 0,Stage 0,0.0,1.0
180,152,Stage 1,Stage 1,0.0,1.0
180,153,Stage 2,Stage 2,0.0,1.0
180,154,Stage 0,Stage 0,0.0,1.0
180,155,Stage 1,Stage 1,0.0,1.0
180,156,Stage 1,Stage 1,0.0,1.0
180,157,Stage 4,Stage 4,0.9998070080552094,0.9998070080552094
180,158,Stage 2,Stage 2,0.0,1.0
180,159,Stage 2,Stage 2,0.0,1.0
180,160,Stage 3,Stage 3,0.0,1.0
180,161,Stage 0,Stage 0,0.0,1.0
180,162,Stage 1,Stage 1,0.0,1.0
180,163,Stage 0,Stage 0,0.0,1.0
180,164,Stage 0,Stage 0,0.0,1.0
180,165,Stage 0,Stage 0,0.0,1.0
180,166,Stage 4,Stage 4,0.989424647390052,0.989424647390052
180,167,Stage 3,Stage 3,0.0,1.0
180,168,Stage 2,Stage 2,0.0,1.0
180,169,Stage 0,Stage 0,0.0,1.0
180,170,Stage 2,Stage 2,0.0,1.0
180,171,Stage 1,Stage 1,0.0,1.0
180,172,Stage 3,Stage 3,0.0,1.0
180,173,Stage 0,Stage 0,0.0,1.0
180,174,Stage 0,Stage 0,0.0,1.0
180,175,Stage 4,Stage 4,0.9875090064376034,0.9875090064376034
180,176,Stage 0,Stage 0,0.0,1.0
180,177,Stage 0,Stage 0,0.0,1.0
180,178,Stage 0,Stage 0,0.0,1.0
180,179,Stage 1,Stage 1,0.0,1.0
180,180,Stage 1,Stage 1,0.0,1.0
180,181,Stage 3,Stage 3,0.0,1.0
180,182,Stage 0,Stage 0,0.0,1.0
180,183,Stage 2,Stage 2,0.0,1.0
180,184,Stage 0,Stage 0,0.0,1.0
180,185,Stage 2,Stage 2,0.0,1.0
180,186,Stage 2,Stage 2,0.0,1.0
180,187,Stage 1,Stage 1,0.0,1.0
180,188,Stage 0,Stage 0,0.0,1.0
180,189,Stage 0,Stage 0,0.0,1.0
180,190,Stage 0,Stage 0,0.0,1.0
180,191,Stage 4,Stage 4,0.9972944955832509,0.9972944955832509
180,192,Stage 3,Stage 3,0.0,1.0
180,193,Stage 0,Stage 0,0.0,1.0
180,194,Stage 4,Stage 4,0.9924932933273165,0.9924932933273165
180,195,Stage 0,Stage 0,0.0,1.0
180,196,Stage 0,Stage 0,0.0,1.0
180,197,Stage 1,Stage 1,0.0,1.0
180,198,Stage 3,Stage 3,0.0,1.0
180,199,Stage 0,Stage 0,0.0,1.0
180,200,Stage 4,Stage 4,0.9989387997231959,0.9989387997231959
180,201,Stage 0,Stage 0,0.0,1.0
180,202,Stage 0,Stage 0,0.0,1.0
180,203,Stage 1,Stage 1,0.0,1.0
180,204,Stage 2,Stage 2,0.0,1.0
180,205,Stage 3,Stage 3,0.0,1.0
180,206,Stage 2,Stage 2,0.0,1.0
180,207,Stage 0,Stage 0,0.0,1.0
180,208,Stage 0,Stage 0,0.0,1.0
180,209,Stage 0,Stage 0,0.0,1.0
180,210,Stage 2,Stage 2,0.03386819974327718,0.9661318002567231
180,211,Stage 4,Stage 4,0.9921742807805474,0.9921742807805474
180,212,Stage 0,Stage 0,0.0,1.0
180,213,Stage 1,Stage 1,0.0,1.0
180,214,Stage 0,Stage 0,0.0,1.0
180,215,Stage 4,Stage 4,0.9892898864791082,0.9892898864791082
180,216,Stage 0,Stage 0,0.0,1.0
180,217,Stage 0,Stage 0,0.0,1.0
180,218,Stage 0,Stage 0,0.0,1.0
180,219,Stage 0,Stage 0,0.0,1.0
180,220,Stage 0,Stage 0,0.0,1.0
180,221,Stage 4,Stage 4,0.9989387997231959,0.9989387997231959
180,222,Stage 4,Stage 4,0.9892365200064338,0.9892365200064338
180,223,Stage 0,Stage 0,0.0,1.0
180,224,Stage 0,Stage 0,0.0,1.0
180,225,Stage 2,Stage 2,0.0,1.0
180,226,Stage 4,Stage 4,0.9989387997231959,0.9989387997231959
180,227,Stage 0,Stage 0,0.0,1.0
180,228,Stage 2,Stage 2,0.0,1.0
180,229,Stage 1,Stage 1,0.0,1.0
180,230,Stage 4,Stage 4,0.9857782524137444,0.9857782524137444
180,231,Stage 0,Stage 0,0.0,1.0
180,232,Stage 0,Stage 0,0.0,1.0
180,233,Stage 4,Stage 4,0.9975878016129752,0.9975878016129752
180,234,Stage 2,Stage 2,0.0,1.0
180,235,Stage 2,Stage 2,0.0,1.0
180,236,Stage 0,Stage 0,0.0,1.0
180,237,Stage 3,Stage 3,0.0,1.0
180,238,Stage 0,Stage 0,0.0,1.0
180,239,Stage 0,Stage 0,0.0,1.0
180,240,Stage 1,Stage 1,0.0,1.0
180,241,Stage 0,Stage 0,0.0,1.0
180,242,Stage 1,Stage 1,0.0,1.0
180,243,Stage 0,Stage 0,0.0,1.0
180,244,Stage 2,Stage 2,0.0,1.0
180,245,Stage 0,Stage 0,0.0,1.0
180,246,Stage 0,Stage 0,0.0,1.0
180,247,Stage 1,Stage 1,0.0,1.0
180,248,Stage 4,Stage 4,0.9832208766201544,0.9832208766201544
180,249,Stage 2,Stage 2,0.0,1.0
180,250,Stage 3,Stage 3,0.0,1.0
180,251,Stage 4,Stage 4,0.8720802375403641,0.8720802375403641
180,252,Stage 1,Stage 1,0.0,1.0
180,253,Stage 2,Stage 2,0.0,1.0
180,254,Stage 1,Stage 1,0.0,1.0
180,255,Stage 0,Stage 0,0.0,1.0
180,256,Stage 1,Stage 1,0.0,1.0
180,257,Stage 2,Stage 2,0.0,1.0
180,258,Stage 1,Stage 1,0.0,1.0
180,259,Stage 1,Stage 1,0.0,1.0
180,260,Stage 2,Stage 2,0.0,1.0
180,261,Stage 2,Stage 2,0.0,1.0
180,262,Stage 4,Stage 4,0.9849264415716236,0.9849264415716236
180,263,Stage 4,Stage 4,0.9985007302536165,0.9985007302536165
180,264,Stage 4,Stage 4,0.9948880576984798,0.9948880576984798
180,265,Stage 4,Stage 4,0.9975878016129752,0.9975878016129752
180,266,Stage 0,Stage 0,0.0,1.0
180,267,Stage 1,Stage 1,0.0,1.0
180,268,Stage 0,Stage 0,0.0,1.0
180,269,Stage 0,Stage 0,0.0,1.0
180,270,Stage 3,Stage 3,0.0,1.0
180,271,Stage 0,Stage 0,0.0,1.0
180,272,Stage 4,Stage 4,0.8944410255352568,0.8944410255352568
180,273,Stage 4,Stage 4,0.9989387997231959,0.9989387997231959
180,274,Stage 1,Stage 1,0.0,1.0
180,275,Stage 2,Stage 2,0.0,1.0
180,276,Stage 0,Stage 0,0.0,1.0
180,277,Stage 3,Stage 3,0.0,1.0
180,278,Stage 0,Stage 0,0.0,1.0
180,279,Stage 2,Stage 2,0.0,1.0
180,280,Stage 1,Stage 1,0.0,1.0
180,281,Stage 3,Stage 3,0.0,1.0
180,282,Stage 4,Stage 4,0.9762595395277566,0.9762595395277566
180,283,Stage 2,Stage 2,0.0,1.0
180,284,Stage 4,Stage 4,0.7823568853584157,0.7823568853584157
180,285,Stage 1,Stage 1,0.0,1.0
180,286,Stage 2,Stage 2,0.0,1.0
180,287,Stage 0,Stage 0,0.0,1.0
180,288,Stage 3,Stage 3,0.0,1.0
180,289,Stage 1,Stage 1,0.0,1.0
180,290,Stage 0,Stage 0,0.0,1.0
180,291,Stage 1,Stage 1,0.0,1.0
180,292,Stage 0,Stage 0,0.0,1.0
180,293,Stage 0,Stage 0,0.0,1.0
180,294,Stage 0,Stage 0,0.0,1.0
180,295,Stage 2,Stage 2,0.0,1.0
180,296,Stage 1,Stage 1,0.0,1.0
180,297,Stage 0,Stage 0,0.0,1.0
180,298,Stage 2,Stage 2,0.0,1.0
180,299,Stage 4,Stage 4,0.981926600698104,0.981926600698104
180,300,Stage 0,Stage 0,0.0,1.0
180,301,Stage 0,Stage 0,0.0,1.0
180,302,Stage 2,Stage 4,0.7642437074005719,0.7642437074005719
180,303,Stage 2,Stage 4,0.9989387997231959,0.9989387997231959
180,304,Stage 0,Stage 0,0.0,1.0
180,305,Stage 0,Stage 0,0.0,1.0
180,306,Stage 3,Stage 3,0.0,1.0
180,307,Stage 3,Stage 3,0.0,1.0
180,308,Stage 0,Stage 0,0.0,1.0
180,309,Stage 0,Stage 0,0.0,1.0
180,310,Stage 0,Stage 0,0.0,1.0
180,311,Stage 1,Stage 1,0.0,1.0
180,312,Stage 3,Stage 3,0.0,1.0
180,313,Stage 1,Stage 1,0.0,1.0
180,314,Stage 0,Stage 0,0.0,1.0
180,315,Stage 1,Stage 1,0.0,1.0
180,316,Stage 3,Stage 3,0.0,1.0
180,317,Stage 0,Stage 0,0.0,1.0
180,318,Stage 0,Stage 0,0.0,1.0
180,319,Stage 1,Stage 1,0.0,1.0
180,320,Stage 2,Stage 2,0.0,1.0
180,321,Stage 1,Stage 1,0.0,1.0
180,322,Stage 2,Stage 4,0.9762595395277566,0.9762595395277566
180,323,Stage 0,Stage 0,0.0,1.0
180,324,Stage 1,Stage 1,0.0,1.0
180,325,Stage 1,Stage 1,0.0,1.0
180,326,Stage 0,Stage 0,0.0,1.0
180,327,Stage 2,Stage 2,0.0,1.0
180,328,Stage 0,Stage 0,0.0,1.0
180,329,Stage 0,Stage 0,0.0,1.0
180,330,Stage 2,Stage 4,0.9286613700329731,0.9286613700329731
180,331,Stage 0,Stage 0,0.0,1.0
180,332,Stage 1,Stage 1,0.0,1.0
180,333,Stage 1,Stage 1,0.0,1.0
180,334,Stage 3,Stage 3,0.0,1.0
180,335,Stage 3,Stage 3,0.0,1.0
180,336,Stage 1,Stage 1,0.0,1.0
180,337,Stage 3,Stage 3,0.0,1.0
180,338,Stage 0,Stage 0,0.0,1.0
180,339,Stage 1,Stage 1,0.0,1.0
180,340,Stage 2,Stage 2,0.0,1.0
180,341,Stage 3,Stage 3,0.0,1.0
180,342,Stage 2,Stage 4,0.7464228516132422,0.7464228516132422
180,343,Stage 1,Stage 1,0.0,1.0
180,344,Stage 0,Stage 0,0.0,1.0
186,1,Stage 4,Stage 4,0.9802639450357651,0.9802639450357651
186,2,Stage 1,Stage 1,0.0,1.0
186,3,Stage 4,Stage 4,0.8445403232878554,0.8445403232878554
186,4,Stage 0,Stage 0,0.0,1.0
186,5,Stage 0,Stage 0,0.0,1.0
186,6,Stage 0,Stage 0,0.0,1.0
186,7,Stage 0,Stage 0,0.0,1.0
186,8,Stage 3,Stage 3,0.0,1.0
186,9,Stage 2,Stage 2,0.0,1.0
186,10,Stage 0,Stage 0,0.0,1.0
186,11,Stage 1,Stage 1,0.0,1.0
186,12,Stage 4,Stage 4,0.9632199222745819,0.9632199222745819
186,13,Stage 2,Stage 2,0.0,1.0
186,14,Stage 4,Stage 4,0.8811428182525202,0.8811428182525202
186,15,Stage 2,Stage 2,0.0,1.0
186,16,Stage 2,Stage 2,0.0,1.0
186,17,Stage 3,Stage 3,0.0,1.0
186,18,Stage 0,Stage 0,0.0,1.0
186,19,Stage 0,Stage 0,0.0,1.0
186,20,Stage 1,Stage 1,0.0,1.0
186,21,Stage 0,Stage 0,0.0,1.0
186,22,Stage 0,Stage 0,0.0,1.0
186,23,Stage 2,Stage 2,0.0,1.0
186,24,Stage 0,Stage 0,0.0,1.0
186,25,Stage 3,Stage 3,0.0,1.0
186,26,Stage 0,Stage 0,0.0,1.0
186,27,Stage 1,Stage 1,0.0,1.0
186,28,Stage 1,Stage 1,0.0,1.0
186,29,Stage 2,Stage 2,0.0,1.0
186,30,Stage 0,Stage 0,0.0,1.0
186,31,Stage 2,Stage 2,0.0,1.0
186,32,Stage 4,Stage 4,0.9824666731868933,0.9824666731868933
186,33,Stage 1,Stage 1,0.0,1.0
186,34,Stage 0,Stage 0,0.0,1.0
186,35,Stage 0,Stage 0,0.0,1.0
186,36,Stage 2,Stage 2,0.0,1.0
186,37,Stage 0,Stage 0,0.0,1.0
186,38,Stage 0,Stage 0,0.0,1.0
186,39,Stage 1,Stage 1,0.0,1.0
186,40,Stage 0,Stage 0,0.0,1.0
186,41,Stage 4,Stage 4,0.7451452560156209,0.7451452560156209
186,42,Stage 0,Stage 0,0.0,1.0
186,43,Stage 0,Stage 0,0.0,1.0
186,44,Stage 0,Stage 0,0.0,1.0
186,45,Stage 0,Stage 0,0.0,1.0
186,46,Stage 3,Stage 3,0.0,1.0
186,47,Stage 0,Stage 0,0.0,1.0
186,48,Stage 2,Stage 2,0.0,1.0
186,49,Stage 2,Stage 2,0.0,1.0
186,50,Stage 0,Stage 0,0.0,1.0
186,51,Stage 2,Stage 2,0.0,1.0
186,52,Stage 4,Stage 4,0.9962742154207905,0.9962742154207905
186,53,Stage 2,Stage 2,0.0,1.0
186,54,Stage 0,Stage 0,0.0,1.0
186,55,Stage 0,Stage 0,0.0,1.0
186,56,Stage 0,Stage 0,0.0,1.0
186,57,Stage 1,Stage 1,0.0,1.0
186,58,Stage 2,Stage 2,0.0,1.0
186,59,Stage 4,Stage 4,0.7803015306936071,0.7803015306936071
186,60,Stage 0,Stage 0,0.0,1.0
186,61,Stage 0,Stage 0,0.0,1.0
186,62,Stage 0,Stage 0,0.0,1.0
186,63,Stage 0,Stage 0,0.0,1.0
186,64,Stage 3,Stage 3,0.0,1.0
186,65,Stage 1,Stage 1,0.0,1.0
186,66,Stage 2,Stage 2,0.0,1.0
186,67,Stage 4,Stage 4,0.9921742807805474,0.9921742807805474
186,68,Stage 4,Stage 4,0.9989387997231959,0.9989387997231959
186,69,Stage 2,Stage 2,0.0,1.0
186,70,Stage 1,Stage 1,0.0,1.0
186,71,Stage 1,Stage 1,0.0,1.0
186,72,Stage 1,Stage 1,0.0,1.0
186,73,Stage 2,Stage 2,0.0,1.0
186,74,Stage 1,Stage 1,0.0,1.0
186,75,Stage 0,Stage 0,0.0,1.0
186,76,Stage 1,Stage 1,0.0,1.0
186,77,Stage 0,Stage 0,0.0,1.0
186,78,Stage 0,Stage 0,0.0,1.0
186,79,Stage 0,Stage 0,0.0,1.0
186,80,Stage 0,Stage 0,0.0,1.0
186,81,Stage 1,Stage 1,0.0,1.0
186,82,Stage 0,Stage 0,0.0,1.0
186,83,Stage 2,Stage 2,0.0,1.0
186,84,Stage 0,Stage 0,0.0,1.0
186,85,Stage 0,Stage 0,0.0,1.0
186,86,Stage 0,Stage 0,0.0,1.0
186,87,Stage 3,Stage 3,0.0,1.0
186,88,Stage 2,Stage 2,0.0,1.0
186,89,Stage 1,Stage 1,0.0,1.0
186,90,Stage 0,Stage 0,0.0,1.0
186,91,Stage 2,Stage 2,0.0,1.0
186,92,Stage 2,Stage 2,0.0,1.0
186,93,Stage 0,Stage 0,0.0,1.0
186,94,Stage 2,Stage 2,0.0,1.0
186,95,Stage 1,Stage 1,0.0,1.0
186,96,Stage 2,Stage 2,0.0,1.0
186,97,Stage 2,Stage 2,0.0,1.0
186,98,Stage 3,Stage 3,0.0,1.0
186,99,Stage 0,Stage 0,0.0,1.0
186,100,Stage 3,Stage 3,0.0,1.0
186,101,Stage 1,Stage 1,0.0,1.0
186,102,Stage 2,Stage 2,0.0,1.0
186,103,Stage 3,Stage 3,0.0,1.0
186,104,Stage 1,Stage 1,0.0,1.0
186,105,Stage 1,Stage 1,0.0,1.0
186,106,Stage 4,Stage 4,0.8947854332115529,0.8947854332115529
186,107,Stage 4,Stage 4,0.9488239418133202,0.9488239418133202
186,108,Stage 0,Stage 0,0.0,1.0
186,109,Stage 4,Stage 4,0.8891057929150975,0.8891057929150975
186,110,Stage 0,Stage 0,0.0,1.0
186,111,Stage 3,Stage 3,0.0,1.0
186,112,Stage 0,Stage 0,0.0,1.0
186,113,Stage 0,Stage 0,0.0,1.0
186,114,Stage 1,Stage 1,0.0,1.0
186,115,Stage 1,Stage 1,0.0,1.0
186,116,Stage 0,Stage 0,0.0,1.0
186,117,Stage 1,Stage 1,0.0,1.0
186,118,Stage 0,Stage 0,0.0,1.0
186,119,Stage 2,Stage 2,0.0,1.0
186,120,Stage 1,Stage 1,0.0,1.0
186,121,Stage 3,Stage 3,0.0,1.0
186,122,Stage 1,Stage 1,0.0,1.0
186,123,Stage 0,Stage 0,0.0,1.0
186,124,Stage 0,Stage 0,0.0,1.0
186,125,Stage 0,Stage 0,0.0,1.0
186,126,Stage 2,Stage 2,0.4442360155152546,0.5557639844847451
186,127,Stage 0,Stage 0,0.0,1.0
186,128,Stage 2,Stage 4,0.8434394632730455,0.8434394632730455
186,129,Stage 0,Stage 0,0.0,1.0
186,130,Stage 2,Stage 2,0.0,1.0
186,131,Stage 0,Stage 0,0.0,1.0
186,132,Stage 1,Stage 1,0.0,1.0
186,133,Stage 3,Stage 3,0.0,1.0
186,134,Stage 3,Stage 3,0.0,1.0
186,135,Stage 1,Stage 1,0.0,1.0
186,136,Stage 3,Stage 3,0.0,1.0
186,137,Stage 4,Stage 4,0.609709727757213,0.609709727757213
186,138,Stage 0,Stage 0,0.0,1.0
186,139,Stage 2,Stage 2,0.0,1.0
186,140,Stage 0,Stage 0,0.0,1.0
186,141,Stage 0,Stage 0,0.0,1.0
186,142,Stage 2,Stage 4,0.722675912901298,0.722675912901298
186,143,Stage 4,Stage 2,0.32494783241899444,0.6750521675810051
186,144,Stage 0,Stage 0,0.0,1.0
186,145,Stage 1,Stage 1,0.0,1.0
186,146,Stage 2,Stage 2,0.1646558257168644,0.8353441742831358
186,147,Stage 3,Stage 3,0.0,1.0
186,148,Stage 3,Stage 3,0.0,1.0
186,149,Stage 0,Stage 0,0.0,1.0
186,150,Stage 2,Stage 4,0.6219084277243732,0.6219084277243732
186,151,Stage 0,Stage 0,0.0,1.0
186,152,Stage 0,Stage 0,0.0,1.0
186,153,Stage 3,Stage 3,0.0,1.0
186,154,Stage 2,Stage 2,0.0,1.0
186,155,Stage 3,Stage 3,0.0,1.0
186,156,Stage 0,Stage 0,0.0,1.0
186,157,Stage 1,Stage 1,0.0,1.0
186,158,Stage 0,Stage 0,0.0,1.0
186,159,Stage 0,Stage 0,0.0,1.0
186,160,Stage 3,Stage 3,0.0,1.0
186,161,Stage 2,Stage 2,0.38867645626826997,0.6113235437317296
186,162,Stage 2,Stage 2,0.3852143105533338,0.614785689446666
186,163,Stage 1,Stage 1,0.0,1.0
195,1,Stage 0,Stage 0,0.0,1.0
195,2,Stage 0,Stage 0,0.0,1.0
195,3,Stage 0,Stage 0,0.0,1.0
195,4,Stage 4,Stage 4,0.9985007302536165,0.9985007302536165
195,5,Stage 3,Stage 3,0.0,1.0
195,6,Stage 1,Stage 1,0.0,1.0
195,7,Stage 0,Stage 0,0.0,1.0
195,8,Stage 3,Stage 3,0.0,1.0
195,9,Stage 3,Stage 3,0.0,1.0
195,10,Stage 1,Stage 1,0.0,1.0
195,11,Stage 3,Stage 3,0.0,1.0
195,12,Stage 0,Stage 0,0.0,1.0
195,13,Stage 3,Stage 3,0.0,1.0
195,14,Stage 2,Stage 2,0.0,1.0
195,15,Stage 3,Stage 3,0.0,1.0
195,16,Stage 0,Stage 0,0.0,1.0
195,17,Stage 2,Stage 2,0.0,1.0
195,18,Stage 0,Stage 0,0.0,1.0
195,19,Stage 3,Stage 3,0.0,1.0
195,20,Stage 0,Stage 0,0.0,1.0
195,21,Stage 3,Stage 3,0.0,1.0
195,22,Stage 1,Stage 1,0.0,1.0
195,23,Stage 4,Stage 4,0.9286613700329731,0.9286613700329731
195,24,Stage 4,Stage 4,0.9878025947614272,0.9878025947614272
195,25,Stage 0,Stage 0,0.0,1.0
195,26,Stage 1,Stage 1,0.0,1.0
195,27,Stage 4,Stage 4,0.9499993864621158,0.9499993864621158
195,28,Stage 0,Stage 0,0.0,1.0
195,29,Stage 2,Stage 2,0.0,1.0
195,30,Stage 1,Stage 1,0.0,1.0
195,31,Stage 0,Stage 0,0.0,1.0
195,32,Stage 2,Stage 2,0.0,1.0
195,33,Stage 3,Stage 3,0.0,1.0
195,34,Stage 0,Stage 0,0.0,1.0
195,35,Stage 3,Stage 3,0.0,1.0
195,36,Stage 0,Stage 0,0.0,1.0
195,37,Stage 0,Stage 0,0.0,1.0
195,38,Stage 2,Stage 2,0.0,1.0
195,39,Stage 2,Stage 2,0.0,1.0
195,40,Stage 0,Stage 0,0.0,1.0
195,41,Stage 4,Stage 4,0.9020143020204584,0.9020143020204584
195,42,Stage 0,Stage 0,0.0,1.0
195,43,Stage 0,Stage 0,0.0,1.0
195,44,Stage 4,Stage 4,0.7720326761361517,0.7720326761361517
195,45,Stage 0,Stage 0,0.0,1.0
195,46,Stage 1,Stage 1,0.0,1.0
195,47,Stage 0,Stage 0,0.0,1.0
195,48,Stage 1,Stage 1,0.0,1.0
195,49,Stage 2,Stage 2,0.0,1.0
195,50,Stage 0,Stage 0,0.0,1.0
195,51,Stage 1,Stage 1,0.0,1.0
195,52,Stage 1,Stage 1,0.0,1.0
195,53,Stage 4,Stage 4,0.9414125247548252,0.9414125247548252
195,54,Stage 3,Stage 3,0.0,1.0
195,55,Stage 0,Stage 0,0.0,1.0
195,56,Stage 1,Stage 1,0.0,1.0
195,57,Stage 4,Stage 4,0.8244978866807811,0.8244978866807811
195,58,Stage 4,Stage 4,0.8947854332115529,0.8947854332115529
195,59,Stage 0,Stage 0,0.0,1.0
195,60,Stage 2,Stage 2,0.0,1.0
195,61,Stage 3,Stage 3,0.0,1.0
195,62,Stage 0,Stage 0,0.0,1.0
195,63,Stage 3,Stage 3,0.0,1.0
195,64,Stage 0,Stage 0,0.0,1.0
195,65,Stage 1,Stage 1,0.0,1.0
195,66,Stage 4,Stage 4,0.6778287469632981,0.6778287469632981
195,67,Stage 0,Stage 0,0.0,1.0
195,68,Stage 0,Stage 0,0.0,1.0
195,69,Stage 3,Stage 3,0.0,1.0
195,70,Stage 2,Stage 2,0.0,1.0
195,71,Stage 0,Stage 0,0.0,1.0
195,72,Stage 1,Stage 1,0.0,1.0
195,73,Stage 4,Stage 4,0.8746251110978637,0.8746251110978637
195,74,Stage 0,Stage 0,0.0,1.0
195,75,Stage 0,Stage 0,0.0,1.0
195,76,Stage 1,Stage 1,0.0,1.0
195,77,Stage 0,Stage 0,0.0,1.0
195,78,Stage 0,Stage 0,0.0,1.0
195,79,Stage 0,Stage 0,0.0,1.0
195,80,Stage 2,Stage 2,0.0,1.0
195,81,Stage 0,Stage 0,0.0,1.0
195,82,Stage 0,Stage 0,0.0,1.0
195,83,Stage 2,Stage 2,0.0,1.0
195,84,Stage 0,Stage 0,0.0,1.0
195,85,Stage 0,Stage 0,0.0,1.0
195,86,Stage 4,Stage 4,0.5307588120139841,0.5307588120139841
195,87,Stage 0,Stage 0,0.0,1.0
195,88,Stage 0,Stage 0,0.0,1.0
195,89,Stage 0,Stage 0,0.0,1.0
195,90,Stage 2,Stage 2,0.0,1.0
195,91,Stage 0,Stage 0,0.0,1.0
195,92,Stage 0,Stage 0,0.0,1.0
195,93,Stage 4,Stage 4,0.8891057929150975,0.8891057929150975
195,94,Stage 0,Stage 0,0.0,1.0
195,95,Stage 4,Stage 4,0.9607052736317414,0.9607052736317414
195,96,Stage 0,Stage 0,0.0,1.0
195,97,Stage 4,Stage 4,0.8746251110978637,0.8746251110978637
195,98,Stage 3,Stage 3,0.0,1.0
195,99,Stage 3,Stage 3,0.0,1.0
195,100,Stage 0,Stage 0,0.0,1.0
195,101,Stage 0,Stage 0,0.0,1.0
195,102,Stage 2,Stage 2,0.0,1.0
195,103,Stage 0,Stage 0,0.0,1.0
195,104,Stage 4,Stage 2,0.2897313079799132,0.7102686920200867
195,105,Stage 1,Stage 1,0.0,1.0
195,106,Stage 0,Stage 0,0.0,1.0
195,107,Stage 2,Stage 2,0.0,1.0
195,108,Stage 3,Stage 3,0.0,1.0
195,109,Stage 0,Stage 0,0.0,1.0
195,110,Stage 3,Stage 3,0.0,1.0
195,111,Stage 4,Stage 4,0.8947853571945482,0.8947853571945482
195,112,Stage 0,Stage 0,0.0,1.0
195,113,Stage 1,Stage 1,0.0,1.0
195,114,Stage 0,Stage 0,0.0,1.0
195,115,Stage 2,Stage 2,0.0,1.0
195,116,Stage 0,Stage 0,0.0,1.0
195,117,Stage 4,Stage 4,0.6219084277243732,0.6219084277243732
195,118,Stage 1,Stage 1,0.0,1.0
195,119,Stage 0,Stage 0,0.0,1.0
195,120,Stage 1,Stage 1,0.0,1.0
195,121,Stage 4,Stage 2,0.2897313079799132,0.7102686920200867
195,122,Stage 0,Stage 0,0.0,1.0
195,123,Stage 0,Stage 0,0.0,1.0
195,124,Stage 0,Stage 0,0.0,1.0
195,125,Stage 2,Stage 2,0.0,1.0
195,126,Stage 3,Stage 3,0.0,1.0
195,127,Stage 3,Stage 3,0.0,1.0
195,128,Stage 1,Stage 1,0.0,1.0
195,129,Stage 0,Stage 0,0.0,1.0
195,130,Stage 0,Stage 0,0.0,1.0
195,131,Stage 0,Stage 0,0.0,1.0
195,132,Stage 3,Stage 3,0.0,1.0
195,133,Stage 0,Stage 0,0.0,1.0
195,134,Stage 2,Stage 2,0.0,1.0
195,135,Stage 3,Stage 3,0.0,1.0
195,136,Stage 2,Stage 2,0.0,1.0
195,137,Stage 0,Stage 0,0.0,1.0
195,138,Stage 1,Stage 1,0.0,1.0
195,139,Stage 0,Stage 0,0.0,1.0
195,140,Stage 0,Stage 0,0.0,1.0
195,141,Stage 3,Stage 3,0.0,1.0
195,142,Stage 3,Stage 3,0.0,1.0
195,143,Stage 2,Stage 2,0.3852143105533338,0.614785689446666
195,144,Stage 2,Stage 4,0.6446689690177482,0.6446689690177482
195,145,Stage 0,Stage 0,0.0,1.0
195,146,Stage 0,Stage 0,0.0,1.0
195,147,Stage 2,Stage 4,0.7464228516132422,0.7464228516132422
195,148,Stage 0,Stage 0,0.0,1.0
195,149,Stage 0,Stage 0,0.0,1.0
195,150,Stage 0,Stage 0,0.0,1.0
195,151,Stage 0,Stage 0,0.0,1.0
195,152,Stage 3,Stage 3,0.0,1.0
195,153,Stage 3,Stage 3,0.0,1.0
195,154,Stage 0,Stage 0,0.0,1.0
195,155,Stage 2,Stage 4,0.6205878773057801,0.6205878773057801
195,156,Stage 2,Stage 2,0.4715548514305982,0.5284451485694018
195,157,Stage 0,Stage 0,0.0,1.0
195,158,Stage 2,Stage 2,0.17880443477458322,0.8211955652254166
195,159,Stage 0,Stage 0,0.0,1.0
202,1,Stage 0,Stage 0,0.0,1.0
202,2,Stage 1,Stage 1,0.0,1.0
202,3,Stage 0,Stage 0,0.0,1.0
202,4,Stage 0,Stage 0,0.0,1.0
202,5,Stage 0,Stage 0,0.0,1.0
202,6,Stage 0,Stage 0,0.0,1.0
202,7,Stage 4,Stage 4,0.9548086382382833,0.9548086382382833
202,8,Stage 2,Stage 2,0.0,1.0
202,9,Stage 1,Stage 1,0.0,1.0
202,10,Stage 1,Stage 1,0.0,1.0
202,11,Stage 0,Stage 0,0.0,1.0
202,12,Stage 2,Stage 2,0.0,1.0
202,13,Stage 2,Stage 2,0.0,1.0
202,14,Stage 2,Stage 2,0.0,1.0
202,15,Stage 4,Stage 4,0.9442582004783833,0.9442582004783833
202,16,Stage 3,Stage 3,0.0,1.0
202,17,Stage 0,Stage 0,0.0,1.0
202,18,Stage 0,Stage 0,0.0,1.0
202,19,Stage 4,Stage 4,0.9978609539488698,0.9978609539488698
202,20,Stage 0,Stage 0,0.0,1.0
202,21,Stage 2,Stage 2,0.0,1.0
202,22,Stage 3,Stage 3,0.0,1.0
202,23,Stage 2,Stage 2,0.0,1.0
202,24,Stage 0,Stage 0,0.0,1.0
202,25,Stage 2,Stage 2,0.0,1.0
202,26,Stage 4,Stage 4,0.9975878016129752,0.9975878016129752
202,27,Stage 3,Stage 3,0.0,1.0
202,28,Stage 1,Stage 1,0.0,1.0
202,29,Stage 0,Stage 0,0.0,1.0
202,30,Stage 3,Stage 3,0.0,1.0
202,31,Stage 0,Stage 0,0.0,1.0
202,32,Stage 1,Stage 1,0.0,1.0
202,33,Stage 0,Stage 0,0.0,1.0
202,34,Stage 1,Stage 1,0.0,1.0
202,35,Stage 0,Stage 0,0.0,1.0
202,36,Stage 3,Stage 3,0.0,1.0
202,37,Stage 4,Stage 4,0.9989387997231959,0.9989387997231959
202,38,Stage 4,Stage 4,0.9998070080552094,0.9998070080552094
202,39,Stage 0,Stage 0,0.0,1.0
202,40,Stage 4,Stage 4,0.9607052736317414,0.9607052736317414
202,41,Stage 2,Stage 2,0.0,1.0
202,42,Stage 2,Stage 2,0.05032307240830773,0.9496769275916919
202,43,Stage 0,Stage 0,0.0,1.0
202,44,Stage 1,Stage 1,0.0,1.0
202,45,Stage 0,Stage 0,0.0,1.0
202,46,Stage 1,Stage 1,0.0,1.0
202,47,Stage 0,Stage 0,0.0,1.0
202,48,Stage 1,Stage 1,0.0,1.0
202,49,Stage 0,Stage 0,0.0,1.0
202,50,Stage 4,Stage 4,0.9989387997231959,0.9989387997231959
202,51,Stage 1,Stage 1,0.0,1.0
202,52,Stage 0,Stage 0,0.0,1.0
202,53,Stage 0,Stage 0,0.0,1.0
202,54,Stage 0,Stage 0,0.0,1.0
202,55,Stage 1,Stage 1,0.0,1.0
202,56,Stage 4,Stage 4,0.9989387997231959,0.9989387997231959
202,57,Stage 3,Stage 3,0.0,1.0
202,58,Stage 3,Stage 3,0.0,1.0
202,59,Stage 2,Stage 2,0.0,1.0
202,60,Stage 0,Stage 0,0.0,1.0
202,61,Stage 3,Stage 3,0.0,1.0
202,62,Stage 0,Stage 0,0.0,1.0
202,63,Stage 0,Stage 0,0.0,1.0
202,64,Stage 2,Stage 2,0.0,1.0
202,65,Stage 0,Stage 0,0.0,1.0
202,66,Stage 4,Stage 4,0.9962742154207905,0.9962742154207905
202,67,Stage 0,Stage 0,0.0,1.0
202,68,Stage 4,Stage 4,0.9985007302536165,0.9985007302536165
202,69,Stage 4,Stage 4,0.9998070080552094,0.9998070080552094
202,70,Stage 1,Stage 1,0.0,1.0
202,71,Stage 3,Stage 3,0.0,1.0
202,72,Stage 0,Stage 0,0.0,1.0
202,73,Stage 0,Stage 0,0.0,1.0
202,74,Stage 1,Stage 1,0.0,1.0
202,75,Stage 0,Stage 0,0.0,1.0
202,76,Stage 0,Stage 0,0.0,1.0
202,77,Stage 0,Stage 0,0.0,1.0
202,78,Stage 3,Stage 3,0.0,1.0
202,79,Stage 0,Stage 0,0.0,1.0
202,80,Stage 4,Stage 4,0.9834979793636001,0.9834979793636001
202,81,Stage 0,Stage 0,0.0,1.0
202,82,Stage 0,Stage 0,0.0,1.0
202,83,Stage 0,Stage 0,0.0,1.0
202,84,Stage 0,Stage 0,0.0,1.0
202,85,Stage 0,Stage 0,0.0,1.0
202,86,Stage 1,Stage 1,0.0,1.0
202,87,Stage 4,Stage 4,0.9985007302536165,0.9985007302536165
202,88,Stage 0,Stage 0,0.0,1.0
202,89,Stage 0,Stage 0,0.0,1.0
202,90,Stage 2,Stage 2,0.0,1.0
202,91,Stage 0,Stage 0,0.0,1.0
202,92,Stage 4,Stage 4,0.9962742154207905,0.9962742154207905
202,93,Stage 4,Stage 4,0.9834979793636001,0.9834979793636001
202,94,Stage 0,Stage 0,0.0,1.0
202,95,Stage 4,Stage 4,0.7451452560156209,0.7451452560156209
202,96,Stage 0,Stage 0,0.0,1.0
202,97,Stage 4,Stage 4,0.9985007302536165,0.9985007302536165
202,98,Stage 2,Stage 2,0.03386819974327718,0.9661318002567231
202,99,Stage 4,Stage 4,0.8811428182525202,0.8811428182525202
202,100,Stage 3,Stage 3,0.0,1.0
202,101,Stage 1,Stage 1,0.0,1.0
202,102,Stage 4,Stage 4,0.9990286822294617,0.9990286822294617
202,103,Stage 3,Stage 3,0.0,1.0
202,104,Stage 2,Stage 2,0.0,1.0
202,105,Stage 2,Stage 2,0.0,1.0
202,106,Stage 4,Stage 4,0.9488239418133202,0.9488239418133202
202,107,Stage 0,Stage 0,0.0,1.0
202,108,Stage 0,Stage 0,0.0,1.0
202,109,Stage 1,Stage 1,0.0,1.0
202,110,Stage 2,Stage 2,0.0,1.0
202,111,Stage 2,Stage 2,0.0,1.0
202,112,Stage 4,Stage 4,0.9862904509919722,0.9862904509919722
202,113,Stage 4,Stage 4,0.9985007302536165,0.9985007302536165
202,114,Stage 3,Stage 3,0.0,1.0
202,115,Stage 2,Stage 2,0.0,1.0
202,116,Stage 2,Stage 2,0.0,1.0
202,117,Stage 0,Stage 0,0.0,1.0
202,118,Stage 0,Stage 0,0.0,1.0
202,119,Stage 1,Stage 1,0.0,1.0
202,120,Stage 3,Stage 3,0.0,1.0
202,121,Stage 4,Stage 4,0.866105778819992,0.866105778819992
202,122,Stage 1,Stage 1,0.0,1.0
202,123,Stage 0,Stage 0,0.0,1.0
202,124,Stage 2,Stage 2,0.0,1.0
202,125,Stage 0,Stage 0,0.0,1.0
202,126,Stage 4,Stage 4,0.9834979793636001,0.9834979793636001
202,127,Stage 4,Stage 4,0.9985007302536165,0.9985007302536165
202,128,Stage 1,Stage 1,0.0,1.0
202,129,Stage 0,Stage 0,0.0,1.0
202,130,Stage 3,Stage 3,0.0,1.0
202,131,Stage 0,Stage 0,0.0,1.0
202,132,Stage 0,Stage 0,0.0,1.0
202,133,Stage 0,Stage 0,0.0,1.0
202,134,Stage 4,Stage 4,0.9990286822294617,0.9990286822294617
202,135,Stage 3,Stage 3,0.0,1.0
202,136,Stage 0,Stage 0,0.0,1.0
202,137,Stage 3,Stage 3,0.0,1.0
202,138,Stage 0,Stage 0,0.0,1.0
202,139,Stage 0,Stage 0,0.0,1.0
202,140,Stage 4,Stage 4,0.9921742807805474,0.9921742807805474
202,141,Stage 0,Stage 0,0.0,1.0
202,142,Stage 1,Stage 1,0.0,1.0
202,143,Stage 3,Stage 3,0.0,1.0
202,144,Stage 3,Stage 3,0.0,1.0
202,145,Stage 0,Stage 0,0.0,1.0
202,146,Stage 2,Stage 2,0.0,1.0
202,147,Stage 2,Stage 2,0.05032307240830773,0.9496769275916919
202,148,Stage 0,Stage 0,0.0,1.0
202,149,Stage 4,Stage 4,0.9962742154207905,0.9962742154207905
202,150,Stage 0,Stage 0,0.0,1.0
202,151,Stage 1,Stage 1,0.0,1.0
202,152,Stage 3,Stage 3,0.0,1.0
202,153,Stage 0,Stage 0,0.0,1.0
202,154,Stage 4,Stage 4,0.9985007302536165,0.9985007302536165
202,155,Stage 3,Stage 3,0.0,1.0
202,156,Stage 0,Stage 0,0.0,1.0
202,157,Stage 4,Stage 4,0.8947854332115529,0.8947854332115529
202,158,Stage 3,Stage 3,0.0,1.0
202,159,Stage 4,Stage 4,0.9985007302536165,0.9985007302536165
202,160,Stage 1,Stage 1,0.0,1.0
202,161,Stage 2,Stage 2,0.0,1.0
202,162,Stage 0,Stage 0,0.0,1.0
202,163,Stage 0,Stage 0,0.0,1.0
202,164,Stage 3,Stage 3,0.0,1.0
202,165,Stage 2,Stage 2,0.0,1.0
202,166,Stage 0,Stage 0,0.0,1.0
202,167,Stage 2,Stage 2,0.0,1.0
202,168,Stage 3,Stage 3,0.0,1.0
202,169,Stage 0,Stage 0,0.0,1.0
202,170,Stage 2,Stage 2,0.0,1.0
202,171,Stage 0,Stage 0,0.0,1.0
202,172,Stage 0,Stage 0,0.0,1.0
202,173,Stage 4,Stage 4,0.8642681022944091,0.8642681022944091
202,174,Stage 4,Stage 4,0.9414125247548252,0.9414125247548252
202,175,Stage 0,Stage 0,0.0,1.0
202,176,Stage 4,Stage 4,0.9736156743868046,0.9736156743868046
202,177,Stage 4,Stage 4,0.9892365200064338,0.9892365200064338
202,178,Stage 0,Stage 0,0.0,1.0
202,179,Stage 3,Stage 3,0.0,1.0
202,180,Stage 3,Stage 3,0.0,1.0
202,181,Stage 1,Stage 1,0.0,1.0
202,182,Stage 0,Stage 0,0.0,1.0
202,183,Stage 3,Stage 3,0.0,1.0
202,184,Stage 1,Stage 1,0.0,1.0
202,185,Stage 1,Stage 1,0.0,1.0
202,186,Stage 4,Stage 4,0.9975878016129752,0.9975878016129752
202,187,Stage 0,Stage 0,0.0,1.0
202,188,Stage 0,Stage 0,0.0,1.0
202,189,Stage 2,Stage 2,0.0,1.0
202,190,Stage 2,Stage 2,0.0,1.0
202,191,Stage 1,Stage 1,0.0,1.0
202,192,Stage 0,Stage 0,0.0,1.0
202,193,Stage 2,Stage 2,0.0,1.0
202,194,Stage 2,Stage 2,0.0,1.0
202,195,Stage 4,Stage 4,0.9948880576984798,0.9948880576984798
202,196,Stage 0,Stage 0,0.0,1.0
202,197,Stage 3,Stage 3,0.0,1.0
202,198,Stage 1,Stage 1,0.0,1.0
202,199,Stage 2,Stage 2,0.0,1.0
202,200,Stage 2,Stage 2,0.0,1.0
202,201,Stage 4,Stage 4,0.9155991037574143,0.9155991037574143
202,202,Stage 1,Stage 1,0.0,1.0
202,203,Stage 1,Stage 1,0.0,1.0
202,204,Stage 3,Stage 3,0.0,1.0
202,205,Stage 4,Stage 4,0.8891057929150975,0.8891057929150975
202,206,Stage 0,Stage 0,0.0,1.0
202,207,Stage 0,Stage 0,0.0,1.0
202,208,Stage 4,Stage 4,0.8576291809919231,0.8576291809919231
202,209,Stage 2,Stage 2,0.0,1.0
202,210,Stage 3,Stage 3,0.0,1.0
202,211,Stage 0,Stage 0,0.0,1.0
202,212,Stage 1,Stage 1,0.0,1.0
202,213,Stage 0,Stage 0,0.0,1.0
202,214,Stage 0,Stage 0,0.0,1.0
202,215,Stage 1,Stage 1,0.0,1.0
202,216,Stage 1,Stage 1,0.0,1.0
202,217,Stage 0,Stage 0,0.0,1.0
202,218,Stage 2,Stage 2,0.0,1.0
202,219,Stage 0,Stage 0,0.0,1.0
202,220,Stage 2,Stage 2,0.0,1.0
202,221,Stage 0,Stage 0,0.0,1.0
202,222,Stage 1,Stage 1,0.0,1.0
202,223,Stage 3,Stage 3,0.0,1.0
202,224,Stage 2,Stage 4,0.9878025947614272,0.9878025947614272
202,225,Stage 1,Stage 1,0.0,1.0
202,226,Stage 0,Stage 0,0.0,1.0
202,227,Stage 0,Stage 0,0.0,1.0
202,228,Stage 0,Stage 0,0.0,1.0
202,229,Stage 2,Stage 2,0.0,1.0
202,230,Stage 1,Stage 1,0.0,1.0
202,231,Stage 2,Stage 4,0.8445403232878554,0.8445403232878554
202,232,Stage 0,Stage 0,0.0,1.0
202,233,Stage 0,Stage 0,0.0,1.0
202,234,Stage 0,Stage 0,0.0,1.0
202,235,Stage 1,Stage 1,0.0,1.0
202,236,Stage 1,Stage 1,0.0,1.0
202,237,Stage 3,Stage 3,0.0,1.0
202,238,Stage 1,Stage 1,0.0,1.0
202,239,Stage 0,Stage 0,0.0,1.0
202,240,Stage 2,Stage 2,0.0,1.0
202,241,Stage 2,Stage 2,0.0,1.0
203,1,Stage 3,Stage 3,0.0,1.0
203,2,Stage 3,Stage 3,0.0,1.0
203,3,Stage 3,Stage 3,0.0,1.0
203,4,Stage 2,Stage 2,0.0,1.0
203,5,Stage 0,Stage 0,0.0,1.0
203,6,Stage 0,Stage 0,0.0,1.0
203,7,Stage 2,Stage 2,0.0,1.0
203,8,Stage 2,Stage 2,0.0,1.0
203,9,Stage 1,Stage 1,0.0,1.0
203,10,Stage 1,Stage 1,0.0,1.0
203,11,Stage 0,Stage 0,0.0,1.0
203,12,Stage 0,Stage 0,0.0,1.0
203,13,Stage 0,Stage 0,0.0,1.0
203,14,Stage 0,Stage 0,0.0,1.0
203,15,Stage 2,Stage 2,0.0,1.0
203,16,Stage 0,Stage 0,0.0,1.0
203,17,Stage 0,Stage 0,0.0,1.0
203,18,Stage 0,Stage 0,0.0,1.0
203,19,Stage 4,Stage 4,0.9998070080552094,0.9998070080552094
203,20,Stage 0,Stage 0,0.0,1.0
203,21,Stage 0,Stage 0,0.0,1.0
203,22,Stage 2,Stage 2,0.0,1.0
203,23,Stage 0,Stage 0,0.0,1.0
203,24,Stage 1,Stage 1,0.0,1.0
203,25,Stage 0,Stage 0,0.0,1.0
203,26,Stage 0,Stage 0,0.0,1.0
203,27,Stage 0,Stage 0,0.0,1.0
203,28,Stage 3,Stage 3,0.0,1.0
203,29,Stage 0,Stage 0,0.0,1.0
203,30,Stage 4,Stage 4,0.9834979793636001,0.9834979793636001
203,31,Stage 1,Stage 1,0.0,1.0
203,32,Stage 0,Stage 0,0.0,1.0
203,33,Stage 0,Stage 0,0.0,1.0
203,34,Stage 1,Stage 1,0.0,1.0
203,35,Stage 4,Stage 4,0.9990286822294617,0.9990286822294617
203,36,Stage 0,Stage 0,0.0,1.0
203,37,Stage 1,Stage 1,0.0,1.0
203,38,Stage 1,Stage 1,0.0,1.0
203,39,Stage 2,Stage 2,0.0,1.0
203,40,Stage 0,Stage 0,0.0,1.0
203,41,Stage 2,Stage 2,0.0,1.0
203,42,Stage 0,Stage 0,0.0,1.0
203,43,Stage 4,Stage 4,0.8947853571945482,0.8947853571945482
203,44,Stage 1,Stage 1,0.0,1.0
203,45,Stage 2,Stage 2,0.0,1.0
203,46,Stage 4,Stage 4,0.9998070080552094,0.9998070080552094
203,47,Stage 4,Stage 4,0.939201641444181,0.939201641444181
203,48,Stage 0,Stage 0,0.0,1.0
203,49,Stage 0,Stage 0,0.0,1.0
203,50,Stage 2,Stage 2,0.0,1.0
203,51,Stage 2,Stage 2,0.0,1.0
203,52,Stage 3,Stage 3,0.0,1.0
203,53,Stage 4,Stage 4,0.9824666731868933,0.9824666731868933
203,54,Stage 2,Stage 2,0.0,1.0
203,55,Stage 0,Stage 0,0.0,1.0
203,56,Stage 0,Stage 0,0.0,1.0
203,57,Stage 0,Stage 0,0.0,1.0
203,58,Stage 0,Stage 0,0.0,1.0
203,59,Stage 4,Stage 4,0.9985007302536165,0.9985007302536165
203,60,Stage 0,Stage 0,0.0,1.0
203,61,Stage 2,Stage 2,0.0,1.0
203,62,Stage 4,Stage 4,0.9877252138926669,0.9877252138926669
203,63,Stage 3,Stage 3,0.0,1.0
203,64,Stage 4,Stage 4,0.9989387997231959,0.9989387997231959
203,65,Stage 1,Stage 1,0.0,1.0
203,66,Stage 4,Stage 4,0.9364034605127471,0.9364034605127471
203,67,Stage 1,Stage 1,0.0,1.0
203,68,Stage 3,Stage 3,0.0,1.0
203,69,Stage 2,Stage 2,0.0,1.0
203,70,Stage 3,Stage 3,0.0,1.0
203,71,Stage 4,Stage 4,0.9626540162772553,0.9626540162772553
203,72,Stage 3,Stage 3,0.0,1.0
203,73,Stage 1,Stage 1,0.0,1.0
203,74,Stage 3,Stage 3,0.0,1.0
203,75,Stage 2,Stage 2,0.0,1.0
203,76,Stage 4,Stage 4,0.9958251419178974,0.9958251419178974
203,77,Stage 1,Stage 1,0.0,1.0
203,78,Stage 2,Stage 2,0.0,1.0
203,79,Stage 2,Stage 2,0.0,1.0
203,80,Stage 3,Stage 3,0.0,1.0
203,81,Stage 0,Stage 0,0.0,1.0
203,82,Stage 0,Stage 0,0.0,1.0
203,83,Stage 0,Stage 0,0.0,1.0
203,84,Stage 0,Stage 0,0.0,1.0
203,85,Stage 0,Stage 0,0.0,1.0
203,86,Stage 0,Stage 0,0.0,1.0
203,87,Stage 1,Stage 1,0.0,1.0
203,88,Stage 0,Stage 0,0.0,1.0
203,89,Stage 1,Stage 1,0.0,1.0
203,90,Stage 1,Stage 1,0.0,1.0
203,91,Stage 1,Stage 1,0.0,1.0
203,92,Stage 0,Stage 0,0.0,1.0
203,93,Stage 1,Stage 1,0.0,1.0
203,94,Stage 3,Stage 3,0.0,1.0
203,95,Stage 2,Stage 2,0.0,1.0
203,96,Stage 0,Stage 0,0.0,1.0
203,97,Stage 4,Stage 4,0.9414125247548252,0.9414125247548252
203,98,Stage 2,Stage 2,0.0,1.0
203,99,Stage 0,Stage 0,0.0,1.0
203,100,Stage 1,Stage 1,0.0,1.0
203,101,Stage 0,Stage 0,0.0,1.0
203,102,Stage 2,Stage 2,0.0,1.0
203,103,Stage 0,Stage 0,0.0,1.0
203,104,Stage 0,Stage 0,0.0,1.0
203,105,Stage 2,Stage 2,0.0,1.0
203,106,Stage 1,Stage 1,0.0,1.0
203,107,Stage 4,Stage 4,0.9989387997231959,0.9989387997231959
203,108,Stage 0,Stage 0,0.0,1.0
203,109,Stage 0,Stage 0,0.0,1.0
203,110,Stage 1,Stage 1,0.0,1.0
203,111,Stage 0,Stage 0,0.0,1.0
203,112,Stage 2,Stage 2,0.0,1.0
203,113,Stage 1,Stage 1,0.0,1.0
203,114,Stage 4,Stage 4,0.9972944955832509,0.9972944955832509
203,115,Stage 4,Stage 4,0.939201641444181,0.939201641444181
203,116,Stage 2,Stage 2,0.0,1.0
203,117,Stage 1,Stage 1,0.0,1.0
203,118,Stage 2,Stage 2,0.0,1.0
203,119,Stage 0,Stage 0,0.0,1.0
203,120,Stage 3,Stage 3,0.0,1.0
203,121,Stage 2,Stage 2,0.0,1.0
203,122,Stage 3,Stage 3,0.0,1.0
203,123,Stage 2,Stage 2,0.0,1.0
203,124,Stage 2,Stage 2,0.0,1.0
203,125,Stage 0,Stage 0,0.0,1.0
203,126,Stage 3,Stage 3,0.0,1.0
203,127,Stage 2,Stage 2,0.0,1.0
203,128,Stage 4,Stage 4,0.9834979793636001,0.9834979793636001
203,129,Stage 0,Stage 0,0.0,1.0
203,130,Stage 2,Stage 2,0.0,1.0
203,131,Stage 0,Stage 0,0.0,1.0
203,132,Stage 3,Stage 3,0.0,1.0
203,133,Stage 4,Stage 4,0.981926600698104,0.981926600698104
203,134,Stage 3,Stage 3,0.0,1.0
203,135,Stage 4,Stage 4,0.9989387997231959,0.9989387997231959
203,136,Stage 0,Stage 0,0.0,1.0
203,137,Stage 0,Stage 0,0.0,1.0
203,138,Stage 3,Stage 3,0.0,1.0
203,139,Stage 2,Stage 2,0.0,1.0
203,140,Stage 0,Stage 0,0.0,1.0
203,141,Stage 0,Stage 0,0.0,1.0
203,142,Stage 0,Stage 0,0.0,1.0
203,143,Stage 3,Stage 3,0.0,1.0
203,144,Stage 1,Stage 1,0.0,1.0
203,145,Stage 0,Stage 0,0.0,1.0
203,146,Stage 0,Stage 0,0.0,1.0
203,147,Stage 2,Stage 2,0.0,1.0
203,148,Stage 0,Stage 0,0.0,1.0
203,149,Stage 3,Stage 3,0.0,1.0
203,150,Stage 4,Stage 4,0.9736156743868046,0.9736156743868046
203,151,Stage 0,Stage 0,0.0,1.0
203,152,Stage 0,Stage 0,0.0,1.0
203,153,Stage 1,Stage 1,0.0,1.0
203,154,Stage 3,Stage 3,0.0,1.0
203,155,Stage 0,Stage 0,0.0,1.0
203,156,Stage 4,Stage 4,0.9286613700329731,0.9286613700329731
203,157,Stage 3,Stage 3,0.0,1.0
203,158,Stage 4,Stage 4,0.9364034605127471,0.9364034605127471
203,159,Stage 0,Stage 0,0.0,1.0
203,160,Stage 1,Stage 1,0.0,1.0
203,161,Stage 4,Stage 4,0.9917133180587698,0.9917133180587698
203,162,Stage 3,Stage 3,0.0,1.0
203,163,Stage 0,Stage 0,0.0,1.0
203,164,Stage 0,Stage 0,0.0,1.0
203,165,Stage 3,Stage 3,0.0,1.0
203,166,Stage 0,Stage 0,0.0,1.0
203,167,Stage 0,Stage 0,0.0,1.0
203,168,Stage 0,Stage 0,0.0,1.0
203,169,Stage 4,Stage 4,0.9802639450357651,0.9802639450357651
203,170,Stage 2,Stage 2,0.0,1.0
203,171,Stage 0,Stage 0,0.0,1.0
203,172,Stage 3,Stage 3,0.0,1.0
203,173,Stage 0,Stage 0,0.0,1.0
203,174,Stage 0,Stage 0,0.0,1.0
203,175,Stage 2,Stage 2,0.0,1.0
203,176,Stage 3,Stage 3,0.0,1.0
203,177,Stage 0,Stage 0,0.0,1.0
203,178,Stage 0,Stage 0,0.0,1.0
203,179,Stage 3,Stage 3,0.0,1.0
203,180,Stage 1,Stage 1,0.0,1.0
203,181,Stage 0,Stage 0,0.0,1.0
203,182,Stage 0,Stage 0,0.0,1.0
203,183,Stage 0,Stage 0,0.0,1.0
203,184,Stage 0,Stage 0,0.0,1.0
203,185,Stage 0,Stage 0,0.0,1.0
203,186,Stage 2,Stage 2,0.0,1.0
203,187,Stage 0,Stage 0,0.0,1.0
203,188,Stage 1,Stage 1,0.0,1.0
203,189,Stage 1,Stage 1,0.0,1.0
203,190,Stage 0,Stage 0,0.0,1.0
203,191,Stage 1,Stage 1,0.0,1.0
203,192,Stage 0,Stage 0,0.0,1.0
203,193,Stage 0,Stage 0,0.0,1.0
203,194,Stage 3,Stage 3,0.0,1.0
203,195,Stage 3,Stage 3,0.0,1.0
203,196,Stage 4,Stage 4,0.9985007302536165,0.9985007302536165
203,197,Stage 0,Stage 0,0.0,1.0
203,198,Stage 2,Stage 2,0.0,1.0
203,199,Stage 1,Stage 1,0.0,1.0
203,200,Stage 0,Stage 0,0.0,1.0
203,201,Stage 2,Stage 2,0.0,1.0
203,202,Stage 0,Stage 0,0.0,1.0
203,203,Stage 0,Stage 0,0.0,1.0
203,204,Stage 1,Stage 1,0.0,1.0
203,205,Stage 0,Stage 0,0.0,1.0
203,206,Stage 2,Stage 2,0.0,1.0
203,207,Stage 0,Stage 0,0.0,1.0
203,208,Stage 2,Stage 2,0.0,1.0
203,209,Stage 3,Stage 3,0.0,1.0
203,210,Stage 4,Stage 4,0.9989387997231959,0.9989387997231959
203,211,Stage 0,Stage 0,0.0,1.0
203,212,Stage 0,Stage 0,0.0,1.0
203,213,Stage 4,Stage 4,0.9958251419178974,0.9958251419178974
203,214,Stage 0,Stage 0,0.0,1.0
203,215,Stage 1,Stage 1,0.0,1.0
203,216,Stage 0,Stage 0,0.0,1.0
203,217,Stage 0,Stage 0,0.0,1.0
203,218,Stage 0,Stage 0,0.0,1.0
203,219,Stage 0,Stage 0,0.0,1.0
203,220,Stage 2,Stage 2,0.0,1.0
203,221,Stage 0,Stage 0,0.0,1.0
203,222,Stage 0,Stage 0,0.0,1.0
203,223,Stage 0,Stage 0,0.0,1.0
203,224,Stage 0,Stage 0,0.0,1.0
203,225,Stage 4,Stage 4,0.9837900103016276,0.9837900103016276
203,226,Stage 1,Stage 1,0.0,1.0
203,227,Stage 0,Stage 0,0.0,1.0
203,228,Stage 0,Stage 0,0.0,1.0
203,229,Stage 1,Stage 1,0.0,1.0
203,230,Stage 3,Stage 3,0.0,1.0
203,231,Stage 3,Stage 3,0.0,1.0
203,232,Stage 2,Stage 2,0.0,1.0
203,233,Stage 0,Stage 0,0.0,1.0
203,234,Stage 0,Stage 0,0.0,1.0
203,235,Stage 0,Stage 0,0.0,1.0
203,236,Stage 2,Stage 4,0.9978609539488698,0.9978609539488698
203,237,Stage 0,Stage 0,0.0,1.0
203,238,Stage 4,Stage 4,0.9442582004783833,0.9442582004783833
203,239,Stage 0,Stage 0,0.0,1.0
203,240,Stage 0,Stage 0,0.0,1.0
203,241,Stage 4,Stage 4,0.9155991037574143,0.9155991037574143
203,242,Stage 2,Stage 2,0.0,1.0
203,243,Stage 0,Stage 0,0.0,1.0
203,244,Stage 0,Stage 0,0.0,1.0
203,245,Stage 0,Stage 0,0.0,1.0
203,246,Stage 0,Stage 0,0.0,1.0
203,247,Stage 4,Stage 4,0.9985007302536165,0.9985007302536165
203,248,Stage 3,Stage 3,0.0,1.0
203,249,Stage 0,Stage 0,0.0,1.0
203,250,Stage 3,Stage 3,0.0,1.0
203,251,Stage 3,Stage 3,0.0,1.0
203,252,Stage 4,Stage 4,0.8776409049698252,0.8776409049698252
203,253,Stage 0,Stage 0,0.0,1.0
203,254,Stage 0,Stage 0,0.0,1.0
203,255,Stage 4,Stage 4,0.9917133180587698,0.9917133180587698
203,256,Stage 2,Stage 2,0.0,1.0
203,257,Stage 3,Stage 3,0.0,1.0
203,258,Stage 0,Stage 0,0.0,1.0
203,259,Stage 2,Stage 2,0.0,1.0
203,260,Stage 0,Stage 0,0.0,1.0
203,261,Stage 4,Stage 4,0.9932192405375908,0.9932192405375908
203,262,Stage 1,Stage 1,0.0,1.0
203,263,Stage 0,Stage 0,0.0,1.0
203,264,Stage 3,Stage 3,0.0,1.0
203,265,Stage 3,Stage 3,0.0,1.0
203,266,Stage 0,Stage 0,0.0,1.0
203,267,Stage 3,Stage 3,0.0,1.0
203,268,Stage 1,Stage 1,0.0,1.0
203,269,Stage 1,Stage 1,0.0,1.0
203,270,Stage 4,Stage 4,0.9488239418133202,0.9488239418133202
203,271,Stage 2,Stage 4,0.9962742154207905,0.9962742154207905
203,272,Stage 0,Stage 0,0.0,1.0
203,273,Stage 2,Stage 2,0.0,1.0
203,274,Stage 0,Stage 0,0.0,1.0
203,275,Stage 0,Stage 0,0.0,1.0
203,276,Stage 0,Stage 0,0.0,1.0
203,277,Stage 4,Stage 4,0.9762595395277566,0.9762595395277566
203,278,Stage 0,Stage 0,0.0,1.0
203,279,Stage 2,Stage 2,0.0,1.0
203,280,Stage 0,Stage 0,0.0,1.0
203,281,Stage 3,Stage 3,0.0,1.0
203,282,Stage 2,Stage 2,0.0,1.0
203,283,Stage 2,Stage 2,0.0,1.0
203,284,Stage 4,Stage 4,0.9020143020204584,0.9020143020204584
203,285,Stage 0,Stage 0,0.0,1.0
203,286,Stage 0,Stage 0,0.0,1.0
203,287,Stage 1,Stage 1,0.0,1.0
203,288,Stage 0,Stage 0,0.0,1.0
203,289,Stage 0,Stage 0,0.0,1.0
203,290,Stage 0,Stage 0,0.0,1.0
203,291,Stage 3,Stage 3,0.0,1.0
203,292,Stage 3,Stage 3,0.0,1.0
203,293,Stage 3,Stage 3,0.0,1.0
203,294,Stage 1,Stage 1,0.0,1.0
203,295,Stage 1,Stage 1,0.0,1.0
203,296,Stage 0,Stage 0,0.0,1.0
203,297,Stage 0,Stage 0,0.0,1.0
203,298,Stage 0,Stage 0,0.0,1.0
203,299,Stage 1,Stage 1,0.0,1.0
203,300,Stage 2,Stage 2,0.0,1.0
203,301,Stage 3,Stage 3,0.0,1.0
203,302,Stage 1,Stage 1,0.0,1.0
203,303,Stage 4,Stage 4,0.8947854332115529,0.8947854332115529
203,304,Stage 0,Stage 0,0.0,1.0
203,305,Stage 0,Stage 0,0.0,1.0
203,306,Stage 4,Stage 4,0.6205878773057801,0.6205878773057801
203,307,Stage 1,Stage 1,0.0,1.0
203,308,Stage 0,Stage 0,0.0,1.0
203,309,Stage 1,Stage 1,0.0,1.0
203,310,Stage 0,Stage 0,0.0,1.0
203,311,Stage 0,Stage 0,0.0,1.0
203,312,Stage 0,Stage 0,0.0,1.0
203,313,Stage 0,Stage 0,0.0,1.0
203,314,Stage 2,Stage 2,0.0,1.0
203,315,Stage 2,Stage 2,0.0,1.0
203,316,Stage 0,Stage 0,0.0,1.0
203,317,Stage 2,Stage 2,0.0,1.0
203,318,Stage 2,Stage 4,0.7089401704384415,0.7089401704384415
203,319,Stage 0,Stage 0,0.0,1.0
203,320,Stage 1,Stage 1,0.0,1.0
203,321,Stage 2,Stage 2,0.34410105920623757,0.6558989407937622
203,322,Stage 2,Stage 4,0.939201641444181,0.939201641444181
203,323,Stage 2,Stage 2,0.0,1.0
203,324,Stage 0,Stage 0,0.0,1.0
204,1,Stage 0,Stage 0,0.0,1.0
204,2,Stage 1,Stage 1,0.0,1.0
204,3,Stage 1,Stage 1,0.0,1.0
204,4,Stage 2,Stage 2,0.0,1.0
204,5,Stage 2,Stage 2,0.0,1.0
204,6,Stage 2,Stage 2,0.0,1.0
204,7,Stage 0,Stage 0,0.0,1.0
204,8,Stage 2,Stage 2,0.0,1.0
204,9,Stage 0,Stage 0,0.0,1.0
204,10,Stage 3,Stage 3,0.0,1.0
204,11,Stage 0,Stage 0,0.0,1.0
204,12,Stage 0,Stage 0,0.0,1.0
204,13,Stage 4,Stage 4,0.9985007302536165,0.9985007302536165
204,14,Stage 4,Stage 4,0.9849264415716236,0.9849264415716236
204,15,Stage 3,Stage 3,0.0,1.0
204,16,Stage 0,Stage 0,0.0,1.0
204,17,Stage 0,Stage 0,0.0,1.0
204,18,Stage 1,Stage 1,0.0,1.0
204,19,Stage 0,Stage 0,0.0,1.0
204,20,Stage 2,Stage 2,0.0,1.0
204,21,Stage 3,Stage 3,0.0,1.0
204,22,Stage 4,Stage 4,0.9155991037574143,0.9155991037574143
204,23,Stage 0,Stage 0,0.0,1.0
204,24,Stage 0,Stage 0,0.0,1.0
204,25,Stage 0,Stage 0,0.0,1.0
204,26,Stage 4,Stage 4,0.9989387997231959,0.9989387997231959
204,27,Stage 0,Stage 0,0.0,1.0
204,28,Stage 0,Stage 0,0.0,1.0
204,29,Stage 0,Stage 0,0.0,1.0
204,30,Stage 0,Stage 0,0.0,1.0
204,31,Stage 0,Stage 0,0.0,1.0
204,32,Stage 1,Stage 1,0.0,1.0
204,33,Stage 3,Stage 3,0.0,1.0
204,34,Stage 2,Stage 2,0.0,1.0
204,35,Stage 1,Stage 1,0.0,1.0
204,36,Stage 2,Stage 2,0.0,1.0
204,37,Stage 2,Stage 2,0.0,1.0
204,38,Stage 1,Stage 1,0.0,1.0
204,39,Stage 4,Stage 4,0.9958251419178974,0.9958251419178974
204,40,Stage 4,Stage 4,0.84461479593568,0.84461479593568
204,41,Stage 2,Stage 2,0.0,1.0
204,42,Stage 1,Stage 1,0.0,1.0
204,43,Stage 0,Stage 0,0.0,1.0
204,44,Stage 0,Stage 0,0.0,1.0
204,45,Stage 1,Stage 1,0.0,1.0
204,46,Stage 0,Stage 0,0.0,1.0
204,47,Stage 0,Stage 0,0.0,1.0
204,48,Stage 2,Stage 2,0.0,1.0
204,49,Stage 4,Stage 4,0.9415287293783318,0.9415287293783318
204,50,Stage 0,Stage 0,0.0,1.0
204,51,Stage 2,Stage 2,0.0,1.0
204,52,Stage 2,Stage 2,0.0,1.0
204,53,Stage 0,Stage 0,0.0,1.0
204,54,Stage 0,Stage 0,0.0,1.0
204,55,Stage 3,Stage 3,0.0,1.0
204,56,Stage 3,Stage 3,0.0,1.0
204,57,Stage 1,Stage 1,0.0,1.0
204,58,Stage 0,Stage 0,0.0,1.0
204,59,Stage 3,Stage 3,0.0,1.0
204,60,Stage 0,Stage 0,0.0,1.0
204,61,Stage 3,Stage 3,0.0,1.0
204,62,Stage 2,Stage 2,0.0,1.0
204,63,Stage 3,Stage 3,0.0,1.0
204,64,Stage 4,Stage 4,0.9958251419178974,0.9958251419178974
204,65,Stage 2,Stage 2,0.0,1.0
204,66,Stage 0,Stage 0,0.0,1.0
204,67,Stage 0,Stage 0,0.0,1.0
204,68,Stage 0,Stage 0,0.0,1.0
204,69,Stage 0,Stage 0,0.0,1.0
204,70,Stage 1,Stage 1,0.0,1.0
204,71,Stage 4,Stage 4,0.8720802375403641,0.8720802375403641
204,72,Stage 4,Stage 4,0.9325569778076929,0.9325569778076929
204,73,Stage 4,Stage 4,0.9269211197610833,0.9269211197610833
204,74,Stage 0,Stage 0,0.0,1.0
204,75,Stage 1,Stage 1,0.0,1.0
204,76,Stage 2,Stage 2,0.0,1.0
204,77,Stage 0,Stage 0,0.0,1.0
204,78,Stage 3,Stage 3,0.0,1.0
204,79,Stage 0,Stage 0,0.0,1.0
204,80,Stage 0,Stage 0,0.0,1.0
204,81,Stage 0,Stage 0,0.0,1.0
204,82,Stage 3,Stage 3,0.0,1.0
204,83,Stage 1,Stage 1,0.0,1.0
204,84,Stage 0,Stage 0,0.0,1.0
204,85,Stage 4,Stage 4,0.9325569778076929,0.9325569778076929
204,86,Stage 3,Stage 3,0.0,1.0
204,87,Stage 1,Stage 1,0.0,1.0
204,88,Stage 0,Stage 0,0.0,1.0
204,89,Stage 3,Stage 3,0.0,1.0
204,90,Stage 3,Stage 3,0.0,1.0
204,91,Stage 0,Stage 0,0.0,1.0
204,92,Stage 0,Stage 0,0.0,1.0
204,93,Stage 0,Stage 0,0.0,1.0
204,94,Stage 2,Stage 2,0.0,1.0
204,95,Stage 0,Stage 0,0.0,1.0
204,96,Stage 2,Stage 2,0.0,1.0
204,97,Stage 0,Stage 0,0.0,1.0
204,98,Stage 0,Stage 0,0.0,1.0
204,99,Stage 3,Stage 3,0.0,1.0
204,100,Stage 2,Stage 2,0.0,1.0
204,101,Stage 3,Stage 3,0.0,1.0
204,102,Stage 0,Stage 0,0.0,1.0
204,103,Stage 0,Stage 0,0.0,1.0
204,104,Stage 2,Stage 2,0.0,1.0
204,105,Stage 0,Stage 0,0.0,1.0
204,106,Stage 3,Stage 3,0.0,1.0
204,107,Stage 4,Stage 4,0.9824666731868933,0.9824666731868933
204,108,Stage 3,Stage 3,0.0,1.0
204,109,Stage 2,Stage 2,0.0,1.0
204,110,Stage 3,Stage 3,0.0,1.0
204,111,Stage 0,Stage 0,0.0,1.0
204,112,Stage 2,Stage 2,0.0,1.0
204,113,Stage 0,Stage 0,0.0,1.0
204,114,Stage 0,Stage 0,0.0,1.0
204,115,Stage 0,Stage 0,0.0,1.0
204,116,Stage 2,Stage 2,0.0,1.0
204,117,Stage 2,Stage 2,0.0,1.0
204,118,Stage 0,Stage 0,0.0,1.0
204,119,Stage 0,Stage 0,0.0,1.0
204,120,Stage 0,Stage 0,0.0,1.0
204,121,Stage 0,Stage 0,0.0,1.0
204,122,Stage 2,Stage 2,0.0,1.0
204,123,Stage 0,Stage 0,0.0,1.0
204,124,Stage 3,Stage 3,0.0,1.0
204,125,Stage 0,Stage 0,0.0,1.0
204,126,Stage 4,Stage 4,0.9442582004783833,0.9442582004783833
204,127,Stage 0,Stage 0,0.0,1.0
204,128,Stage 4,Stage 4,0.9837900103016276,0.9837900103016276
204,129,Stage 0,Stage 0,0.0,1.0
204,130,Stage 0,Stage 0,0.0,1.0
204,131,Stage 4,Stage 4,0.8434394632730455,0.8434394632730455
204,132,Stage 2,Stage 2,0.0,1.0
204,133,Stage 1,Stage 1,0.0,1.0
204,134,Stage 3,Stage 3,0.0,1.0
204,135,Stage 1,Stage 1,0.0,1.0
204,136,Stage 0,Stage 0,0.0,1.0
204,137,Stage 4,Stage 4,0.9762595395277566,0.9762595395277566
204,138,Stage 0,Stage 0,0.0,1.0
204,139,Stage 2,Stage 2,0.0,1.0
204,140,Stage 1,Stage 1,0.0,1.0
204,141,Stage 1,Stage 1,0.0,1.0
204,142,Stage 0,Stage 0,0.0,1.0
204,143,Stage 0,Stage 0,0.0,1.0
204,144,Stage 1,Stage 1,0.0,1.0
204,145,Stage 1,Stage 1,0.0,1.0
204,146,Stage 0,Stage 0,0.0,1.0
204,147,Stage 3,Stage 3,0.0,1.0
204,148,Stage 0,Stage 0,0.0,1.0
204,149,Stage 0,Stage 0,0.0,1.0
204,150,Stage 2,Stage 2,0.0,1.0
204,151,Stage 0,Stage 0,0.0,1.0
204,152,Stage 4,Stage 4,0.9989387997231959,0.9989387997231959
204,153,Stage 3,Stage 3,0.0,1.0
204,154,Stage 4,Stage 4,0.9096056246014147,0.9096056246014147
204,155,Stage 0,Stage 0,0.0,1.0
204,156,Stage 1,Stage 1,0.0,1.0
204,157,Stage 1,Stage 1,0.0,1.0
204,158,Stage 4,Stage 2,0.39116361250404047,0.6088363874959593
204,159,Stage 3,Stage 3,0.0,1.0
204,160,Stage 0,Stage 0,0.0,1.0
204,161,Stage 0,Stage 0,0.0,1.0
204,162,Stage 0,Stage 0,0.0,1.0
204,163,Stage 0,Stage 0,0.0,1.0
204,164,Stage 2,Stage 2,0.0,1.0
204,165,Stage 4,Stage 4,0.9325569778076929,0.9325569778076929
204,166,Stage 2,Stage 2,0.0,1.0
204,167,Stage 0,Stage 0,0.0,1.0
204,168,Stage 1,Stage 1,0.0,1.0
204,169,Stage 4,Stage 4,0.6870105034230617,0.6870105034230617
204,170,Stage 1,Stage 1,0.0,1.0
204,171,Stage 4,Stage 4,0.9499993864621158,0.9499993864621158
204,172,Stage 2,Stage 2,0.0,1.0
204,173,Stage 0,Stage 0,0.0,1.0
204,174,Stage 2,Stage 2,0.0,1.0
204,175,Stage 1,Stage 1,0.0,1.0
204,176,Stage 3,Stage 3,0.0,1.0
204,177,Stage 0,Stage 0,0.0,1.0
204,178,Stage 1,Stage 1,0.0,1.0
204,179,Stage 2,Stage 2,0.0,1.0
204,180,Stage 1,Stage 1,0.0,1.0
204,181,Stage 0,Stage 0,0.0,1.0
204,182,Stage 2,Stage 2,0.0,1.0
204,183,Stage 3,Stage 3,0.0,1.0
204,184,Stage 2,Stage 2,0.0,1.0
204,185,Stage 0,Stage 0,0.0,1.0
204,186,Stage 4,Stage 2,0.4236998747087108,0.5763001252912892
204,187,Stage 4,Stage 4,0.7462243382352246,0.7462243382352246
204,188,Stage 1,Stage 1,0.0,1.0
204,189,Stage 0,Stage 0,0.0,1.0
204,190,Stage 0,Stage 0,0.0,1.0
204,191,Stage 2,Stage 2,0.0,1.0
204,192,Stage 0,Stage 0,0.0,1.0
204,193,Stage 3,Stage 3,0.0,1.0
204,194,Stage 2,Stage 2,0.006666666666666667,0.9933333333333333
204,195,Stage 2,Stage 4,0.6124931794201548,0.6124931794201548
204,196,Stage 0,Stage 0,0.0,1.0
204,197,Stage 0,Stage 0,0.0,1.0
204,198,Stage 2,Stage 2,0.030585937844206327,0.9694140621557937
204,199,Stage 0,Stage 0,0.0,1.0
204,200,Stage 0,Stage 0,0.0,1.0
204,201,Stage 3,Stage 3,0.0,1.0
204,202,Stage 3,Stage 3,0.0,1.0
204,203,Stage 0,Stage 0,0.0,1.0
204,204,Stage 3,Stage 3,0.0,1.0
204,205,Stage 0,Stage 0,0.0,1.0
204,206,Stage 3,Stage 3,0.0,1.0
204,207,Stage 3,Stage 3,0.0,1.0
204,208,Stage 2,Stage 2,0.15477340571703405,0.8452265942829661
204,209,Stage 0,Stage 0,0.0,1.0
204,210,Stage 2,Stage 2,0.003569405483413189,0.9964305945165868
204,211,Stage 0,Stage 0,0.0,1.0
211,1,Stage 4,Stage 4,0.9499993864621158,0.9499993864621158
211,2,Stage 2,Stage 2,0.0,1.0
211,3,Stage 0,Stage 0,0.0,1.0
211,4,Stage 1,Stage 1,0.0,1.0
211,5,Stage 2,Stage 2,0.0,1.0
211,6,Stage 3,Stage 3,0.0,1.0
211,7,Stage 0,Stage 0,0.0,1.0
211,8,Stage 3,Stage 3,0.0,1.0
211,9,Stage 4,Stage 4,0.9269211197610833,0.9269211197610833
211,10,Stage 0,Stage 0,0.0,1.0
211,11,Stage 2,Stage 2,0.0,1.0
211,12,Stage 2,Stage 2,0.0,1.0
211,13,Stage 1,Stage 1,0.0,1.0
211,14,Stage 0,Stage 0,0.0,1.0
211,15,Stage 4,Stage 4,0.8811428182525202,0.8811428182525202
211,16,Stage 3,Stage 3,0.0,1.0
211,17,Stage 4,Stage 4,0.8891057929150975,0.8891057929150975
211,18,Stage 1,Stage 1,0.0,1.0
211,19,Stage 0,Stage 0,0.0,1.0
211,20,Stage 3,Stage 3,0.0,1.0
211,21,Stage 3,Stage 3,0.0,1.0
211,22,Stage 4,Stage 4,0.8445403232878554,0.8445403232878554
211,23,Stage 1,Stage 1,0.0,1.0
211,24,Stage 0,Stage 0,0.0,1.0
211,25,Stage 1,Stage 1,0.0,1.0
211,26,Stage 1,Stage 1,0.0,1.0
211,27,Stage 2,Stage 2,0.0,1.0
211,28,Stage 1,Stage 1,0.0,1.0
211,29,Stage 0,Stage 0,0.0,1.0
211,30,Stage 0,Stage 0,0.0,1.0
211,31,Stage 3,Stage 3,0.0,1.0
211,32,Stage 4,Stage 4,0.8746251110978637,0.8746251110978637
211,33,Stage 2,Stage 2,0.0,1.0
211,34,Stage 1,Stage 1,0.0,1.0
211,35,Stage 0,Stage 0,0.0,1.0
211,36,Stage 4,Stage 2,0.34410105920623757,0.6558989407937622
211,37,Stage 0,Stage 0,0.0,1.0
211,38,Stage 4,Stage 4,0.9082393611300394,0.9082393611300394
211,39,Stage 0,Stage 0,0.0,1.0
211,40,Stage 0,Stage 0,0.0,1.0
211,41,Stage 0,Stage 0,0.0,1.0
211,42,Stage 0,Stage 0,0.0,1.0
211,43,Stage 2,Stage 2,0.0,1.0
211,44,Stage 0,Stage 0,0.0,1.0
211,45,Stage 4,Stage 4,0.9837900103016276,0.9837900103016276
211,46,Stage 1,Stage 1,0.0,1.0
211,47,Stage 2,Stage 2,0.0,1.0
211,48,Stage 0,Stage 0,0.0,1.0
211,49,Stage 0,Stage 0,0.0,1.0
211,50,Stage 0,Stage 0,0.0,1.0
211,51,Stage 2,Stage 2,0.0,1.0
211,52,Stage 1,Stage 1,0.0,1.0
211,53,Stage 0,Stage 0,0.0,1.0
211,54,Stage 1,Stage 1,0.0,1.0
211,55,Stage 1,Stage 1,0.0,1.0
211,56,Stage 1,Stage 1,0.0,1.0
211,57,Stage 3,Stage 3,0.0,1.0
211,58,Stage 0,Stage 0,0.0,1.0
211,59,Stage 4,Stage 4,0.609709727757213,0.609709727757213
211,60,Stage 0,Stage 0,0.0,1.0
211,61,Stage 4,Stage 4,0.9824666731868933,0.9824666731868933
211,62,Stage 3,Stage 3,0.0,1.0
211,63,Stage 0,Stage 0,0.0,1.0
211,64,Stage 0,Stage 0,0.0,1.0
211,65,Stage 0,Stage 0,0.0,1.0
211,66,Stage 1,Stage 1,0.0,1.0
211,67,Stage 1,Stage 1,0.0,1.0
211,68,Stage 0,Stage 0,0.0,1.0
211,69,Stage 0,Stage 0,0.0,1.0
211,70,Stage 2,Stage 2,0.0,1.0
211,71,Stage 1,Stage 1,0.0,1.0
211,72,Stage 2,Stage 4,0.6517868886107425,0.6517868886107425
211,73,Stage 0,Stage 0,0.0,1.0
211,74,Stage 0,Stage 0,0.0,1.0
211,75,Stage 0,Stage 0,0.0,1.0
211,76,Stage 0,Stage 0,0.0,1.0
211,77,Stage 3,Stage 3,0.0,1.0
211,78,Stage 0,Stage 0,0.0,1.0
211,79,Stage 3,Stage 3,0.0,1.0
211,80,Stage 2,Stage 4,0.9797670875759311,0.9797670875759311
211,81,Stage 0,Stage 0,0.0,1.0
211,82,Stage 0,Stage 0,0.0,1.0
211,83,Stage 1,Stage 1,0.0,1.0
211,84,Stage 4,Stage 4,0.8893426483343351,0.8893426483343351
211,85,Stage 0,Stage 0,0.0,1.0
211,86,Stage 2,Stage 4,0.7464228516132422,0.7464228516132422
211,87,Stage 1,Stage 1,0.0,1.0
211,88,Stage 2,Stage 2,0.0,1.0
211,89,Stage 3,Stage 3,0.0,1.0
211,90,Stage 0,Stage 0,0.0,1.0
211,91,Stage 3,Stage 3,0.0,1.0
211,92,Stage 1,Stage 1,0.0,1.0
211,93,Stage 0,Stage 0,0.0,1.0
211,94,Stage 0,Stage 0,0.0,1.0
211,95,Stage 1,Stage 1,0.0,1.0
211,96,Stage 4,Stage 4,0.8445403232878554,0.8445403232878554
211,97,Stage 4,Stage 4,0.9985007302536165,0.9985007302536165
211,98,Stage 2,Stage 2,0.0,1.0
211,99,Stage 4,Stage 4,0.8947854332115529,0.8947854332115529
211,100,Stage 1,Stage 1,0.0,1.0
211,101,Stage 4,Stage 4,0.8720802375403641,0.8720802375403641
211,102,Stage 0,Stage 0,0.0,1.0
211,103,Stage 3,Stage 3,0.0,1.0
211,104,Stage 1,Stage 1,0.0,1.0
211,105,Stage 2,Stage 4,0.7823568853584157,0.7823568853584157
211,106,Stage 2,Stage 2,0.0,1.0
211,107,Stage 4,Stage 4,0.7884846171590882,0.7884846171590882
211,108,Stage 4,Stage 2,0.20620912484602455,0.7937908751539757
211,109,Stage 0,Stage 0,0.0,1.0
211,110,Stage 0,Stage 0,0.0,1.0
211,111,Stage 0,Stage 0,0.0,1.0
211,112,Stage 0,Stage 0,0.0,1.0
211,113,Stage 2,Stage 2,0.4236998747087108,0.5763001252912892
211,114,Stage 0,Stage 0,0.0,1.0
211,115,Stage 2,Stage 4,0.7113694218942217,0.7113694218942217
211,116,Stage 4,Stage 2,0.05578588317935322,0.9442141168206465
211,117,Stage 0,Stage 0,0.0,1.0
211,118,Stage 2,Stage 2,0.0,1.0
211,119,Stage 1,Stage 1,0.0,1.0
211,120,Stage 0,Stage 0,0.0,1.0
211,121,Stage 3,Stage 3,0.0,1.0
211,122,Stage 0,Stage 0,0.0,1.0
211,123,Stage 3,Stage 3,0.0,1.0
211,124,Stage 0,Stage 0,0.0,1.0
211,125,Stage 0,Stage 0,0.0,1.0
211,126,Stage 0,Stage 0,0.0,1.0
211,127,Stage 1,Stage 1,0.0,1.0
211,128,Stage 1,Stage 1,0.0,1.0
211,129,Stage 0,Stage 0,0.0,1.0
211,130,Stage 0,Stage 0,0.0,1.0
211,131,Stage 1,Stage 1,0.0,1.0
211,132,Stage 3,Stage 3,0.0,1.0
211,133,Stage 3,Stage 3,0.0,1.0
211,134,Stage 0,Stage 0,0.0,1.0
211,135,Stage 2,Stage 2,0.3191331476456423,0.6808668523543577
211,136,Stage 1,Stage 1,0.0,1.0
211,137,Stage 2,Stage 2,0.0,1.0
211,138,Stage 1,Stage 1,0.0,1.0
211,139,Stage 0,Stage 0,0.0,1.0
211,140,Stage 3,Stage 3,0.0,1.0
211,141,Stage 3,Stage 3,0.0,1.0
211,142,Stage 0,Stage 0,0.0,1.0
211,143,Stage 3,Stage 3,0.0,1.0
211,144,Stage 0,Stage 0,0.0,1.0
211,145,Stage 1,Stage 1,0.0,1.0
211,146,Stage 0,Stage 0,0.0,1.0
212,1,Stage 1,Stage 1,0.0,1.0
212,2,Stage 1,Stage 1,0.0,1.0
212,3,Stage 1,Stage 1,0.0,1.0
212,4,Stage 0,Stage 0,0.0,1.0
212,5,Stage 3,Stage 3,0.0,1.0
212,6,Stage 0,Stage 0,0.0,1.0
212,7,Stage 4,Stage 4,0.9989387997231959,0.9989387997231959
212,8,Stage 3,Stage 3,0.0,1.0
212,9,Stage 0,Stage 0,0.0,1.0
212,10,Stage 2,Stage 2,0.0,1.0
212,11,Stage 1,Stage 1,0.0,1.0
212,12,Stage 0,Stage 0,0.0,1.0
212,13,Stage 0,Stage 0,0.0,1.0
212,14,Stage 1,Stage 1,0.0,1.0
212,15,Stage 1,Stage 1,0.0,1.0
212,16,Stage 0,Stage 0,0.0,1.0
212,17,Stage 0,Stage 0,0.0,1.0
212,18,Stage 0,Stage 0,0.0,1.0
212,19,Stage 0,Stage 0,0.0,1.0
212,20,Stage 1,Stage 1,0.0,1.0
212,21,Stage 4,Stage 4,0.9989387997231959,0.9989387997231959
212,22,Stage 0,Stage 0,0.0,1.0
212,23,Stage 4,Stage 4,0.9082393611300394,0.9082393611300394
212,24,Stage 1,Stage 1,0.0,1.0
212,25,Stage 1,Stage 1,0.0,1.0
212,26,Stage 0,Stage 0,0.0,1.0
212,27,Stage 1,Stage 1,0.0,1.0
212,28,Stage 4,Stage 4,0.9145746078965359,0.9145746078965359
212,29,Stage 2,Stage 2,0.0,1.0
212,30,Stage 0,Stage 0,0.0,1.0
212,31,Stage 0,Stage 0,0.0,1.0
212,32,Stage 2,Stage 2,0.0,1.0
212,33,Stage 0,Stage 0,0.0,1.0
212,34,Stage 2,Stage 2,0.0,1.0
212,35,Stage 0,Stage 0,0.0,1.0
212,36,Stage 0,Stage 0,0.0,1.0
212,37,Stage 2,Stage 2,0.0,1.0
212,38,Stage 0,Stage 0,0.0,1.0
212,39,Stage 1,Stage 1,0.0,1.0
212,40,Stage 2,Stage 2,0.0,1.0
212,41,Stage 2,Stage 2,0.0,1.0
212,42,Stage 1,Stage 1,0.0,1.0
212,43,Stage 0,Stage 0,0.0,1.0
212,44,Stage 1,Stage 1,0.0,1.0
212,45,Stage 2,Stage 2,0.0,1.0
212,46,Stage 0,Stage 0,0.0,1.0
212,47,Stage 0,Stage 0,0.0,1.0
212,48,Stage 0,Stage 0,0.0,1.0
212,49,Stage 4,Stage 4,0.9871804087658124,0.9871804087658124
212,50,Stage 4,Stage 4,0.9962742154207905,0.9962742154207905
212,51,Stage 0,Stage 0,0.0,1.0
212,52,Stage 3,Stage 3,0.0,1.0
212,53,Stage 0,Stage 0,0.0,1.0
212,54,Stage 0,Stage 0,0.0,1.0
212,55,Stage 4,Stage 4,0.9989387997231959,0.9989387997231959
212,56,Stage 3,Stage 3,0.0,1.0
212,57,Stage 2,Stage 2,0.0,1.0
212,58,Stage 2,Stage 2,0.0,1.0
212,59,Stage 0,Stage 0,0.0,1.0
212,60,Stage 4,Stage 4,0.9414125247548252,0.9414125247548252
212,61,Stage 2,Stage 2,0.0,1.0
212,62,Stage 4,Stage 4,0.9834979793636001,0.9834979793636001
212,63,Stage 1,Stage 1,0.0,1.0
212,64,Stage 4,Stage 4,0.9626540162772553,0.9626540162772553
212,65,Stage 3,Stage 3,0.0,1.0
212,66,Stage 0,Stage 0,0.0,1.0
212,67,Stage 0,Stage 0,0.0,1.0
212,68,Stage 4,Stage 4,0.9824666731868933,0.9824666731868933
212,69,Stage 0,Stage 0,0.0,1.0
212,70,Stage 2,Stage 2,0.0,1.0
212,71,Stage 0,Stage 0,0.0,1.0
212,72,Stage 0,Stage 0,0.0,1.0
212,73,Stage 0,Stage 0,0.0,1.0
212,74,Stage 2,Stage 2,0.0,1.0
212,75,Stage 2,Stage 2,0.0,1.0
212,76,Stage 0,Stage 0,0.0,1.0
212,77,Stage 0,Stage 0,0.0,1.0
212,78,Stage 0,Stage 0,0.0,1.0
212,79,Stage 0,Stage 0,0.0,1.0
212,80,Stage 3,Stage 3,0.0,1.0
212,81,Stage 4,Stage 4,0.9876932881715945,0.9876932881715945
212,82,Stage 0,Stage 0,0.0,1.0
212,83,Stage 3,Stage 3,0.0,1.0
212,84,Stage 2,Stage 2,0.0,1.0
212,85,Stage 0,Stage 0,0.0,1.0
212,86,Stage 3,Stage 3,0.0,1.0
212,87,Stage 3,Stage 3,0.0,1.0
212,88,Stage 0,Stage 0,0.0,1.0
212,89,Stage 2,Stage 2,0.0,1.0
212,90,Stage 4,Stage 4,0.9985007302536165,0.9985007302536165
212,91,Stage 0,Stage 0,0.0,1.0
212,92,Stage 0,Stage 0,0.0,1.0
212,93,Stage 4,Stage 4,0.9832208766201544,0.9832208766201544
212,94,Stage 1,Stage 1,0.0,1.0
212,95,Stage 4,Stage 4,0.6538385295226224,0.6538385295226224
212,96,Stage 0,Stage 0,0.0,1.0
212,97,Stage 0,Stage 0,0.0,1.0
212,98,Stage 1,Stage 1,0.0,1.0
212,99,Stage 3,Stage 3,0.0,1.0
212,100,Stage 0,Stage 0,0.0,1.0
212,101,Stage 0,Stage 0,0.0,1.0
212,102,Stage 0,Stage 0,0.0,1.0
212,103,Stage 0,Stage 0,0.0,1.0
212,104,Stage 4,Stage 4,0.9892365200064338,0.9892365200064338
212,105,Stage 0,Stage 0,0.0,1.0
212,106,Stage 0,Stage 0,0.0,1.0
212,107,Stage 0,Stage 0,0.0,1.0
212,108,Stage 0,Stage 0,0.0,1.0
212,109,Stage 0,Stage 0,0.0,1.0
212,110,Stage 0,Stage 0,0.0,1.0
212,111,Stage 0,Stage 0,0.0,1.0
212,112,Stage 0,Stage 0,0.0,1.0
212,113,Stage 3,Stage 3,0.0,1.0
212,114,Stage 0,Stage 0,0.0,1.0
212,115,Stage 0,Stage 0,0.0,1.0
212,116,Stage 0,Stage 0,0.0,1.0
212,117,Stage 4,Stage 4,0.9876932881715945,0.9876932881715945
212,118,Stage 0,Stage 0,0.0,1.0
212,119,Stage 0,Stage 0,0.0,1.0
212,120,Stage 0,Stage 0,0.0,1.0
212,121,Stage 4,Stage 4,0.9020143020204584,0.9020143020204584
212,122,Stage 3,Stage 3,0.0,1.0
212,123,Stage 3,Stage 3,0.0,1.0
212,124,Stage 0,Stage 0,0.0,1.0
212,125,Stage 3,Stage 3,0.0,1.0
212,126,Stage 1,Stage 1,0.0,1.0
212,127,Stage 4,Stage 4,0.9958251419178974,0.9958251419178974
212,128,Stage 3,Stage 3,0.0,1.0
212,129,Stage 2,Stage 2,0.0,1.0
212,130,Stage 0,Stage 0,0.0,1.0
212,131,Stage 2,Stage 2,0.0,1.0
212,132,Stage 0,Stage 0,0.0,1.0
212,133,Stage 4,Stage 4,0.9607052736317414,0.9607052736317414
212,134,Stage 1,Stage 1,0.0,1.0
212,135,Stage 2,Stage 2,0.0,1.0
212,136,Stage 0,Stage 0,0.0,1.0
212,137,Stage 1,Stage 1,0.0,1.0
212,138,Stage 4,Stage 4,0.7089401704384415,0.7089401704384415
212,139,Stage 4,Stage 4,0.8244978866807811,0.8244978866807811
212,140,Stage 3,Stage 3,0.0,1.0
212,141,Stage 2,Stage 2,0.0,1.0
212,142,Stage 4,Stage 4,0.7913842757083381,0.7913842757083381
212,143,Stage 0,Stage 0,0.0,1.0
212,144,Stage 1,Stage 1,0.0,1.0
212,145,Stage 0,Stage 0,0.0,1.0
212,146,Stage 0,Stage 0,0.0,1.0
212,147,Stage 0,Stage 0,0.0,1.0
212,148,Stage 3,Stage 3,0.0,1.0
212,149,Stage 1,Stage 1,0.0,1.0
212,150,Stage 3,Stage 3,0.0,1.0
212,151,Stage 3,Stage 3,0.0,1.0
212,152,Stage 2,Stage 2,0.0,1.0
212,153,Stage 4,Stage 4,0.7462243382352246,0.7462243382352246
212,154,Stage 4,Stage 4,0.7884846171590882,0.7884846171590882
212,155,Stage 3,Stage 3,0.0,1.0
212,156,Stage 0,Stage 0,0.0,1.0
212,157,Stage 3,Stage 3,0.0,1.0
212,158,Stage 0,Stage 0,0.0,1.0
212,159,Stage 4,Stage 4,0.9096056246014147,0.9096056246014147
212,160,Stage 3,Stage 3,0.0,1.0
212,161,Stage 3,Stage 3,0.0,1.0
212,162,Stage 4,Stage 4,0.9962742154207905,0.9962742154207905
212,163,Stage 0,Stage 0,0.0,1.0
212,164,Stage 2,Stage 2,0.0,1.0
212,165,Stage 0,Stage 0,0.0,1.0
212,166,Stage 3,Stage 3,0.0,1.0
212,167,Stage 0,Stage 0,0.0,1.0
212,168,Stage 3,Stage 3,0.0,1.0
212,169,Stage 2,Stage 2,0.0,1.0
212,170,Stage 3,Stage 3,0.0,1.0
212,171,Stage 0,Stage 0,0.0,1.0
212,172,Stage 0,Stage 0,0.0,1.0
212,173,Stage 4,Stage 4,0.5307588120139841,0.5307588120139841
212,174,Stage 1,Stage 1,0.0,1.0
212,175,Stage 0,Stage 0,0.0,1.0
212,176,Stage 1,Stage 1,0.0,1.0
212,177,Stage 0,Stage 0,0.0,1.0
212,178,Stage 0,Stage 0,0.0,1.0
212,179,Stage 1,Stage 1,0.0,1.0
212,180,Stage 2,Stage 2,0.0,1.0
212,181,Stage 4,Stage 4,0.7462243382352246,0.7462243382352246
212,182,Stage 1,Stage 1,0.0,1.0
212,183,Stage 0,Stage 0,0.0,1.0
212,184,Stage 1,Stage 1,0.0,1.0
212,185,Stage 0,Stage 0,0.0,1.0
212,186,Stage 0,Stage 0,0.0,1.0
212,187,Stage 1,Stage 1,0.0,1.0
212,188,Stage 0,Stage 0,0.0,1.0
212,189,Stage 4,Stage 4,0.6757095421035346,0.6757095421035346
212,190,Stage 1,Stage 1,0.0,1.0
212,191,Stage 0,Stage 0,0.0,1.0
212,192,Stage 0,Stage 0,0.0,1.0
212,193,Stage 3,Stage 3,0.0,1.0
212,194,Stage 2,Stage 2,0.0,1.0
212,195,Stage 1,Stage 1,0.0,1.0
212,196,Stage 2,Stage 2,0.0,1.0
212,197,Stage 3,Stage 3,0.0,1.0
212,198,Stage 0,Stage 0,0.0,1.0
212,199,Stage 4,Stage 4,0.8944410255352568,0.8944410255352568
212,200,Stage 0,Stage 0,0.0,1.0
212,201,Stage 0,Stage 0,0.0,1.0
212,202,Stage 2,Stage 2,0.0,1.0
212,203,Stage 0,Stage 0,0.0,1.0
212,204,Stage 0,Stage 0,0.0,1.0
212,205,Stage 2,Stage 2,0.0,1.0
212,206,Stage 0,Stage 0,0.0,1.0
212,207,Stage 2,Stage 2,0.2805321648002587,0.719467835199741
212,208,Stage 1,Stage 1,0.0,1.0
212,209,Stage 2,Stage 2,0.0,1.0
212,210,Stage 3,Stage 3,0.0,1.0
212,211,Stage 1,Stage 1,0.0,1.0
212,212,Stage 1,Stage 1,0.0,1.0
212,213,Stage 2,Stage 4,0.722675912901298,0.722675912901298
212,214,Stage 0,Stage 0,0.0,1.0
212,215,Stage 3,Stage 3,0.0,1.0
212,216,Stage 0,Stage 0,0.0,1.0
212,217,Stage 0,Stage 0,0.0,1.0
212,218,Stage 2,Stage 4,0.8576291809919231,0.8576291809919231
212,219,Stage 1,Stage 1,0.0,1.0
212,220,Stage 0,Stage 0,0.0,1.0
212,221,Stage 2,Stage 2,0.0,1.0
212,222,Stage 0,Stage 0,0.0,1.0
212,223,Stage 0,Stage 0,0.0,1.0
212,224,Stage 0,Stage 0,0.0,1.0
212,225,Stage 2,Stage 2,0.0,1.0
212,226,Stage 3,Stage 3,0.0,1.0
212,227,Stage 3,Stage 3,0.0,1.0
212,228,Stage 2,Stage 2,0.0,1.0
212,229,Stage 0,Stage 0,0.0,1.0
217,1,Stage 0,Stage 0,0.0,1.0
217,2,Stage 0,Stage 0,0.0,1.0
217,3,Stage 0,Stage 0,0.0,1.0
217,4,Stage 0,Stage 0,0.0,1.0
217,5,Stage 0,Stage 0,0.0,1.0
217,6,Stage 0,Stage 0,0.0,1.0
217,7,Stage 1,Stage 1,0.0,1.0
217,8,Stage 2,Stage 2,0.0,1.0
217,9,Stage 2,Stage 2,0.0,1.0
217,10,Stage 0,Stage 0,0.0,1.0
217,11,Stage 4,Stage 4,0.9442582004783833,0.9442582004783833
217,12,Stage 0,Stage 0,0.0,1.0
217,13,Stage 4,Stage 2,0.38867645626826997,0.6113235437317296
217,14,Stage 0,Stage 0,0.0,1.0
217,15,Stage 0,Stage 0,0.0,1.0
217,16,Stage 2,Stage 2,0.0,1.0
217,17,Stage 3,Stage 3,0.0,1.0
217,18,Stage 1,Stage 1,0.0,1.0
217,19,Stage 3,Stage 3,0.0,1.0
217,20,Stage 0,Stage 0,0.0,1.0
217,21,Stage 0,Stage 0,0.0,1.0
217,22,Stage 0,Stage 0,0.0,1.0
217,23,Stage 0,Stage 0,0.0,1.0
217,24,Stage 4,Stage 4,0.8148279518158453,0.8148279518158453
217,25,Stage 3,Stage 3,0.0,1.0
217,26,Stage 3,Stage 3,0.0,1.0
217,27,Stage 0,Stage 0,0.0,1.0
217,28,Stage 4,Stage 4,0.9020143020204584,0.9020143020204584
217,29,Stage 0,Stage 0,0.0,1.0
217,30,Stage 3,Stage 3,0.0,1.0
217,31,Stage 1,Stage 1,0.0,1.0
217,32,Stage 2,Stage 2,0.0,1.0
217,33,Stage 2,Stage 2,0.0,1.0
217,34,Stage 3,Stage 3,0.0,1.0
217,35,Stage 4,Stage 4,0.8891057929150975,0.8891057929150975
217,36,Stage 0,Stage 0,0.0,1.0
217,37,Stage 1,Stage 1,0.0,1.0
217,38,Stage 0,Stage 0,0.0,1.0
217,39,Stage 0,Stage 0,0.0,1.0
217,40,Stage 3,Stage 3,0.0,1.0
217,41,Stage 3,Stage 3,0.0,1.0
217,42,Stage 0,Stage 0,0.0,1.0
217,43,Stage 0,Stage 0,0.0,1.0
217,44,Stage 0,Stage 0,0.0,1.0
217,45,Stage 1,Stage 1,0.0,1.0
217,46,Stage 1,Stage 1,0.0,1.0
217,47,Stage 3,Stage 3,0.0,1.0
217,48,Stage 1,Stage 1,0.0,1.0
217,49,Stage 4,Stage 4,0.7464228516132422,0.7464228516132422
217,50,Stage 3,Stage 3,0.0,1.0
217,51,Stage 1,Stage 1,0.0,1.0
217,52,Stage 2,Stage 2,0.0,1.0
217,53,Stage 3,Stage 3,0.0,1.0
217,54,Stage 4,Stage 4,0.7803015306936071,0.7803015306936071
217,55,Stage 0,Stage 0,0.0,1.0
217,56,Stage 2,Stage 2,0.0,1.0
217,57,Stage 3,Stage 3,0.0,1.0
217,58,Stage 4,Stage 4,0.9834979793636001,0.9834979793636001
217,59,Stage 0,Stage 0,0.0,1.0
217,60,Stage 2,Stage 2,0.0,1.0
217,61,Stage 2,Stage 2,0.0,1.0
217,62,Stage 0,Stage 0,0.0,1.0
217,63,Stage 3,Stage 3,0.0,1.0
217,64,Stage 0,Stage 0,0.0,1.0
217,65,Stage 0,Stage 0,0.0,1.0
217,66,Stage 4,Stage 4,0.9985007302536165,0.9985007302536165
217,67,Stage 2,Stage 2,0.0,1.0
217,68,Stage 2,Stage 2,0.0,1.0
217,69,Stage 1,Stage 1,0.0,1.0
217,70,Stage 0,Stage 0,0.0,1.0
217,71,Stage 1,Stage 1,0.0,1.0
217,72,Stage 0,Stage 0,0.0,1.0
217,73,Stage 0,Stage 0,0.0,1.0
217,74,Stage 4,Stage 4,0.9607052736317414,0.9607052736317414
217,75,Stage 0,Stage 0,0.0,1.0
217,76,Stage 2,Stage 2,0.0,1.0
217,77,Stage 1,Stage 1,0.0,1.0
217,78,Stage 0,Stage 0,0.0,1.0
217,79,Stage 0,Stage 0,0.0,1.0
217,80,Stage 2,Stage 2,0.0,1.0
217,81,Stage 1,Stage 1,0.0,1.0
217,82,Stage 2,Stage 2,0.0,1.0
217,83,Stage 0,Stage 0,0.0,1.0
217,84,Stage 0,Stage 0,0.0,1.0
217,85,Stage 0,Stage 0,0.0,1.0
217,86,Stage 2,Stage 2,0.0,1.0
217,87,Stage 0,Stage 0,0.0,1.0
217,88,Stage 1,Stage 1,0.0,1.0
217,89,Stage 0,Stage 0,0.0,1.0
217,90,Stage 1,Stage 1,0.0,1.0
217,91,Stage 3,Stage 3,0.0,1.0
217,92,Stage 0,Stage 0,0.0,1.0
217,93,Stage 1,Stage 1,0.0,1.0
217,94,Stage 2,Stage 2,0.0,1.0
217,95,Stage 0,Stage 0,0.0,1.0
217,96,Stage 0,Stage 0,0.0,1.0
217,97,Stage 0,Stage 0,0.0,1.0
217,98,Stage 1,Stage 1,0.0,1.0
217,99,Stage 0,Stage 0,0.0,1.0
217,100,Stage 0,Stage 0,0.0,1.0
217,101,Stage 2,Stage 2,0.0,1.0
217,102,Stage 0,Stage 0,0.0,1.0
217,103,Stage 0,Stage 0,0.0,1.0
217,104,Stage 4,Stage 4,0.9824666731868933,0.9824666731868933
217,105,Stage 2,Stage 2,0.0,1.0
217,106,Stage 4,Stage 2,0.43087544371378983,0.5691245562862101
217,107,Stage 0,Stage 0,0.0,1.0
217,108,Stage 2,Stage 2,0.0,1.0
217,109,Stage 0,Stage 0,0.0,1.0
217,110,Stage 3,Stage 3,0.0,1.0
217,111,Stage 0,Stage 0,0.0,1.0
217,112,Stage 0,Stage 0,0.0,1.0
217,113,Stage 3,Stage 3,0.0,1.0
217,114,Stage 2,Stage 2,0.0,1.0
217,115,Stage 0,Stage 0,0.0,1.0
217,116,Stage 4,Stage 4,0.8010694484398324,0.8010694484398324
217,117,Stage 1,Stage 1,0.0,1.0
217,118,Stage 1,Stage 1,0.0,1.0
217,119,Stage 0,Stage 0,0.0,1.0
217,120,Stage 3,Stage 3,0.0,1.0
217,121,Stage 0,Stage 0,0.0,1.0
217,122,Stage 3,Stage 3,0.0,1.0
217,123,Stage 0,Stage 0,0.0,1.0
217,124,Stage 1,Stage 1,0.0,1.0
217,125,Stage 1,Stage 1,0.0,1.0
217,126,Stage 4,Stage 4,0.8349402179420571,0.8349402179420571
217,127,Stage 0,Stage 0,0.0,1.0
217,128,Stage 0,Stage 0,0.0,1.0
217,129,Stage 0,Stage 0,0.0,1.0
217,130,Stage 0,Stage 0,0.0,1.0
217,131,Stage 4,Stage 4,0.9857782524137444,0.9857782524137444
217,132,Stage 0,Stage 0,0.0,1.0
217,133,Stage 3,Stage 3,0.0,1.0
217,134,Stage 0,Stage 0,0.0,1.0
217,135,Stage 2,Stage 2,0.0,1.0
217,136,Stage 0,Stage 0,0.0,1.0
217,137,Stage 2,Stage 2,0.0,1.0
217,138,Stage 2,Stage 2,0.0,1.0
217,139,Stage 1,Stage 1,0.0,1.0
217,140,Stage 3,Stage 3,0.0,1.0
217,141,Stage 2,Stage 2,0.0,1.0
217,142,Stage 4,Stage 4,0.5307588120139841,0.5307588120139841
217,143,Stage 2,Stage 2,0.0,1.0
217,144,Stage 3,Stage 3,0.0,1.0
217,145,Stage 0,Stage 0,0.0,1.0
217,146,Stage 1,Stage 1,0.0,1.0
217,147,Stage 0,Stage 0,0.0,1.0
217,148,Stage 1,Stage 1,0.0,1.0
217,149,Stage 4,Stage 4,0.6219084277243732,0.6219084277243732
217,150,Stage 3,Stage 3,0.0,1.0
217,151,Stage 4,Stage 4,0.6404933884367061,0.6404933884367061
217,152,Stage 1,Stage 1,0.0,1.0
217,153,Stage 0,Stage 0,0.0,1.0
217,154,Stage 3,Stage 3,0.0,1.0
217,155,Stage 0,Stage 0,0.0,1.0
217,156,Stage 2,Stage 4,0.8893426483343351,0.8893426483343351
217,157,Stage 0,Stage 0,0.0,1.0
217,158,Stage 2,Stage 2,0.0,1.0
217,159,Stage 2,Stage 2,0.0,1.0
217,160,Stage 2,Stage 2,0.0,1.0
217,161,Stage 2,Stage 2,0.0,1.0
217,162,Stage 2,Stage 2,0.0,1.0
217,163,Stage 0,Stage 0,0.0,1.0
217,164,Stage 3,Stage 3,0.0,1.0
217,165,Stage 0,Stage 0,0.0,1.0
217,166,Stage 2,Stage 4,0.5733493508403674,0.5733493508403674
217,167,Stage 0,Stage 0,0.0,1.0
217,168,Stage 2,Stage 2,0.2897313079799132,0.7102686920200867
217,169,Stage 2,Stage 4,0.8576291809919231,0.8576291809919231
217,170,Stage 0,Stage 0,0.0,1.0
217,171,Stage 0,Stage 0,0.0,1.0
217,172,Stage 2,Stage 4,0.6870105034230617,0.6870105034230617
217,173,Stage 2,Stage 4,0.7884846171590882,0.7884846171590882
217,174,Stage 2,Stage 2,0.13895539182512823,0.8610446081748718
217,175,Stage 0,Stage 0,0.0,1.0
217,176,Stage 3,Stage 3,0.0,1.0
217,177,Stage 2,Stage 2,0.0,1.0
217,178,Stage 0,Stage 0,0.0,1.0
217,179,Stage 0,Stage 0,0.0,1.0
217,180,Stage 2,Stage 4,0.7803015306936071,0.7803015306936071
217,181,Stage 0,Stage 0,0.0,1.0
217,182,Stage 1,Stage 1,0.0,1.0
217,183,Stage 0,Stage 0,0.0,1.0
217,184,Stage 3,Stage 3,0.0,1.0
217,185,Stage 0,Stage 0,0.0,1.0
217,186,Stage 2,Stage 2,0.2891317538480124,0.7108682461519877
217,187,Stage 3,Stage 3,0.0,1.0
217,188,Stage 1,Stage 1,0.0,1.0
217,189,Stage 0,Stage 0,0.0,1.0
217,190,Stage 3,Stage 3,0.0,1.0
217,191,Stage 0,Stage 0,0.0,1.0
217,192,Stage 0,Stage 0,0.0,1.0
217,193,Stage 0,Stage 0,0.0,1.0
217,194,Stage 2,Stage 2,0.0,1.0
217,195,Stage 1,Stage 1,0.0,1.0
217,196,Stage 2,Stage 2,0.0,1.0
217,197,Stage 2,Stage 2,0.3325858888166864,0.6674141111833138
217,198,Stage 3,Stage 3,0.0,1.0
217,199,Stage 1,Stage 1,0.0,1.0
217,200,Stage 3,Stage 3,0.0,1.0
218,1,Stage 0,Stage 0,0.0,1.0
218,2,Stage 0,Stage 0,0.0,1.0
218,3,Stage 1,Stage 1,0.0,1.0
218,4,Stage 0,Stage 0,0.0,1.0
218,5,Stage 0,Stage 0,0.0,1.0
218,6,Stage 2,Stage 2,0.0,1.0
218,7,Stage 0,Stage 0,0.0,1.0
218,8,Stage 4,Stage 4,0.9837900103016276,0.9837900103016276
218,9,Stage 3,Stage 3,0.0,1.0
218,10,Stage 2,Stage 2,0.0,1.0
218,11,Stage 0,Stage 0,0.0,1.0
218,12,Stage 0,Stage 0,0.0,1.0
218,13,Stage 1,Stage 1,0.0,1.0
218,14,Stage 0,Stage 0,0.0,1.0
218,15,Stage 1,Stage 1,0.0,1.0
218,16,Stage 2,Stage 2,0.0,1.0
218,17,Stage 2,Stage 2,0.0,1.0
218,18,Stage 0,Stage 0,0.0,1.0
218,19,Stage 2,Stage 2,0.0,1.0
218,20,Stage 2,Stage 2,0.0,1.0
218,21,Stage 0,Stage 0,0.0,1.0
218,22,Stage 1,Stage 1,0.0,1.0
218,23,Stage 0,Stage 0,0.0,1.0
218,24,Stage 0,Stage 0,0.0,1.0
218,25,Stage 1,Stage 1,0.0,1.0
218,26,Stage 4,Stage 4,0.9972944955832509,0.9972944955832509
218,27,Stage 0,Stage 0,0.0,1.0
218,28,Stage 0,Stage 0,0.0,1.0
218,29,Stage 1,Stage 1,0.0,1.0
218,30,Stage 4,Stage 4,0.9191806954309615,0.9191806954309615
218,31,Stage 1,Stage 1,0.0,1.0
218,32,Stage 1,Stage 1,0.0,1.0
218,33,Stage 0,Stage 0,0.0,1.0
218,34,Stage 1,Stage 1,0.0,1.0
218,35,Stage 2,Stage 2,0.0,1.0
218,36,Stage 1,Stage 1,0.0,1.0
218,37,Stage 3,Stage 3,0.0,1.0
218,38,Stage 0,Stage 0,0.0,1.0
218,39,Stage 2,Stage 2,0.0,1.0
218,40,Stage 0,Stage 0,0.0,1.0
218,41,Stage 1,Stage 1,0.0,1.0
218,42,Stage 4,Stage 4,0.9958251419178974,0.9958251419178974
218,43,Stage 0,Stage 0,0.0,1.0
218,44,Stage 3,Stage 3,0.0,1.0
218,45,Stage 0,Stage 0,0.0,1.0
218,46,Stage 1,Stage 1,0.0,1.0
218,47,Stage 0,Stage 0,0.0,1.0
218,48,Stage 0,Stage 0,0.0,1.0
218,49,Stage 4,Stage 4,0.9762595395277566,0.9762595395277566
218,50,Stage 0,Stage 0,0.0,1.0
218,51,Stage 0,Stage 0,0.0,1.0
218,52,Stage 4,Stage 4,0.8746251110978637,0.8746251110978637
218,53,Stage 0,Stage 0,0.0,1.0
218,54,Stage 0,Stage 0,0.0,1.0
218,55,Stage 0,Stage 0,0.0,1.0
218,56,Stage 0,Stage 0,0.0,1.0
218,57,Stage 0,Stage 0,0.0,1.0
218,58,Stage 1,Stage 1,0.0,1.0
218,59,Stage 0,Stage 0,0.0,1.0
218,60,Stage 0,Stage 0,0.0,1.0
218,61,Stage 4,Stage 4,0.9191806954309615,0.9191806954309615
218,62,Stage 0,Stage 0,0.0,1.0
218,63,Stage 0,Stage 0,0.0,1.0
218,64,Stage 0,Stage 0,0.0,1.0
218,65,Stage 3,Stage 3,0.0,1.0
218,66,Stage 2,Stage 2,0.0,1.0
218,67,Stage 1,Stage 1,0.0,1.0
218,68,Stage 2,Stage 2,0.0,1.0
218,69,Stage 1,Stage 1,0.0,1.0
218,70,Stage 0,Stage 0,0.0,1.0
218,71,Stage 2,Stage 2,0.0,1.0
218,72,Stage 0,Stage 0,0.0,1.0
218,73,Stage 4,Stage 4,0.9364034605127471,0.9364034605127471
218,74,Stage 0,Stage 0,0.0,1.0
218,75,Stage 0,Stage 0,0.0,1.0
218,76,Stage 0,Stage 0,0.0,1.0
218,77,Stage 4,Stage 4,0.981926600698104,0.981926600698104
218,78,Stage 0,Stage 0,0.0,1.0
218,79,Stage 3,Stage 3,0.0,1.0
218,80,Stage 1,Stage 1,0.0,1.0
218,81,Stage 2,Stage 2,0.0,1.0
218,82,Stage 0,Stage 0,0.0,1.0
218,83,Stage 2,Stage 2,0.0,1.0
218,84,Stage 0,Stage 0,0.0,1.0
218,85,Stage 4,Stage 4,0.9286613700329731,0.9286613700329731
218,86,Stage 0,Stage 0,0.0,1.0
218,87,Stage 2,Stage 2,0.0,1.0
218,88,Stage 2,Stage 2,0.0,1.0
218,89,Stage 0,Stage 0,0.0,1.0
218,90,Stage 3,Stage 3,0.0,1.0
218,91,Stage 4,Stage 4,0.9875090064376034,0.9875090064376034
218,92,Stage 2,Stage 2,0.0,1.0
218,93,Stage 0,Stage 0,0.0,1.0
218,94,Stage 0,Stage 0,0.0,1.0
218,95,Stage 4,Stage 4,0.9607052736317414,0.9607052736317414
218,96,Stage 0,Stage 0,0.0,1.0
218,97,Stage 4,Stage 4,0.9414125247548252,0.9414125247548252
218,98,Stage 1,Stage 1,0.0,1.0
218,99,Stage 0,Stage 0,0.0,1.0
218,100,Stage 2,Stage 2,0.0,1.0
218,101,Stage 2,Stage 2,0.0,1.0
218,102,Stage 0,Stage 0,0.0,1.0
218,103,Stage 3,Stage 3,0.0,1.0
218,104,Stage 4,Stage 4,0.939201641444181,0.939201641444181
218,105,Stage 0,Stage 0,0.0,1.0
218,106,Stage 3,Stage 3,0.0,1.0
218,107,Stage 3,Stage 3,0.0,1.0
218,108,Stage 0,Stage 0,0.0,1.0
218,109,Stage 0,Stage 0,0.0,1.0
218,110,Stage 2,Stage 2,0.0,1.0
218,111,Stage 2,Stage 2,0.0,1.0
218,112,Stage 0,Stage 0,0.0,1.0
218,113,Stage 0,Stage 0,0.0,1.0
218,114,Stage 2,Stage 2,0.0,1.0
218,115,Stage 2,Stage 2,0.0,1.0
218,116,Stage 4,Stage 4,0.8244978866807811,0.8244978866807811
218,117,Stage 1,Stage 1,0.0,1.0
218,118,Stage 4,Stage 4,0.9145746078965359,0.9145746078965359
218,119,Stage 4,Stage 4,0.9932192405375908,0.9932192405375908
218,120,Stage 2,Stage 2,0.0,1.0
218,121,Stage 2,Stage 2,0.0,1.0
218,122,Stage 0,Stage 0,0.0,1.0
218,123,Stage 2,Stage 2,0.0,1.0
218,124,Stage 1,Stage 1,0.0,1.0
218,125,Stage 4,Stage 4,0.9191806954309615,0.9191806954309615
218,126,Stage 0,Stage 0,0.0,1.0
218,127,Stage 0,Stage 0,0.0,1.0
218,128,Stage 2,Stage 2,0.0,1.0
218,129,Stage 0,Stage 0,0.0,1.0
218,130,Stage 1,Stage 1,0.0,1.0
218,131,Stage 1,Stage 1,0.0,1.0
218,132,Stage 1,Stage 1,0.0,1.0
218,133,Stage 3,Stage 3,0.0,1.0
218,134,Stage 3,Stage 3,0.0,1.0
218,135,Stage 2,Stage 2,0.0,1.0
218,136,Stage 1,Stage 1,0.0,1.0
218,137,Stage 0,Stage 0,0.0,1.0
218,138,Stage 2,Stage 2,0.0,1.0
218,139,Stage 4,Stage 4,0.9100266990218986,0.9100266990218986
218,140,Stage 1,Stage 1,0.0,1.0
218,141,Stage 4,Stage 4,0.7244802264417022,0.7244802264417022
218,142,Stage 3,Stage 3,0.0,1.0
218,143,Stage 3,Stage 3,0.0,1.0
218,144,Stage 2,Stage 2,0.0,1.0
218,145,Stage 0,Stage 0,0.0,1.0
218,146,Stage 1,Stage 1,0.0,1.0
218,147,Stage 3,Stage 3,0.0,1.0
218,148,Stage 0,Stage 0,0.0,1.0
218,149,Stage 0,Stage 0,0.0,1.0
218,150,Stage 4,Stage 4,0.9195663214490736,0.9195663214490736
218,151,Stage 3,Stage 3,0.0,1.0
218,152,Stage 4,Stage 4,0.7795302189628686,0.7795302189628686
218,153,Stage 1,Stage 1,0.0,1.0
218,154,Stage 3,Stage 3,0.0,1.0
218,155,Stage 3,Stage 3,0.0,1.0
218,156,Stage 2,Stage 2,0.0,1.0
218,157,Stage 2,Stage 4,0.8434394632730455,0.8434394632730455
218,158,Stage 3,Stage 3,0.0,1.0
218,159,Stage 0,Stage 0,0.0,1.0
218,160,Stage 0,Stage 0,0.0,1.0
218,161,Stage 0,Stage 0,0.0,1.0
218,162,Stage 3,Stage 3,0.0,1.0
218,163,Stage 4,Stage 4,0.9548086382382833,0.9548086382382833
218,164,Stage 0,Stage 0,0.0,1.0
218,165,Stage 0,Stage 0,0.0,1.0
218,166,Stage 3,Stage 3,0.0,1.0
218,167,Stage 0,Stage 0,0.0,1.0
218,168,Stage 3,Stage 3,0.0,1.0
218,169,Stage 0,Stage 0,0.0,1.0
218,170,Stage 0,Stage 0,0.0,1.0
218,171,Stage 0,Stage 0,0.0,1.0
218,172,Stage 0,Stage 0,0.0,1.0
218,173,Stage 2,Stage 2,0.0,1.0
218,174,Stage 4,Stage 4,0.5879670616093844,0.5879670616093844
218,175,Stage 0,Stage 0,0.0,1.0
218,176,Stage 3,Stage 3,0.0,1.0
218,177,Stage 2,Stage 2,0.0,1.0
218,178,Stage 2,Stage 2,0.0,1.0
218,179,Stage 1,Stage 1,0.0,1.0
218,180,Stage 0,Stage 0,0.0,1.0
218,181,Stage 0,Stage 0,0.0,1.0
218,182,Stage 2,Stage 2,0.0,1.0
218,183,Stage 0,Stage 0,0.0,1.0
218,184,Stage 2,Stage 4,0.8010694484398324,0.8010694484398324
218,185,Stage 4,Stage 4,0.7720326761361517,0.7720326761361517
218,186,Stage 0,Stage 0,0.0,1.0
218,187,Stage 0,Stage 0,0.0,1.0
218,188,Stage 2,Stage 2,0.0,1.0
218,189,Stage 0,Stage 0,0.0,1.0
218,190,Stage 0,Stage 0,0.0,1.0
218,191,Stage 3,Stage 3,0.0,1.0
218,192,Stage 2,Stage 2,0.0,1.0
218,193,Stage 3,Stage 3,0.0,1.0
218,194,Stage 1,Stage 1,0.0,1.0
218,195,Stage 3,Stage 3,0.0,1.0
218,196,Stage 0,Stage 0,0.0,1.0
218,197,Stage 1,Stage 1,0.0,1.0
218,198,Stage 2,Stage 2,0.0,1.0
218,199,Stage 0,Stage 0,0.0,1.0
218,200,Stage 0,Stage 0,0.0,1.0
218,201,Stage 1,Stage 1,0.0,1.0
218,202,Stage 2,Stage 2,0.0,1.0
218,203,Stage 1,Stage 1,0.0,1.0
218,204,Stage 0,Stage 0,0.0,1.0
218,205,Stage 1,Stage 1,0.0,1.0
218,206,Stage 4,Stage 4,0.8947853571945482,0.8947853571945482
218,207,Stage 1,Stage 1,0.0,1.0
218,208,Stage 2,Stage 2,0.0,1.0
218,209,Stage 3,Stage 3,0.0,1.0
218,210,Stage 1,Stage 1,0.0,1.0
218,211,Stage 2,Stage 2,0.0,1.0
218,212,Stage 0,Stage 0,0.0,1.0
218,213,Stage 2,Stage 2,0.0,1.0
218,214,Stage 3,Stage 3,0.0,1.0
218,215,Stage 0,Stage 0,0.0,1.0
218,216,Stage 2,Stage 4,0.9096056246014147,0.9096056246014147
218,217,Stage 0,Stage 0,0.0,1.0
218,218,Stage 0,Stage 0,0.0,1.0
218,219,Stage 1,Stage 1,0.0,1.0
218,220,Stage 2,Stage 2,0.41324540336068666,0.5867545966393132
218,221,Stage 1,Stage 1,0.0,1.0
218,222,Stage 2,Stage 2,0.39116361250404047,0.6088363874959593
218,223,Stage 0,Stage 0,0.0,1.0
218,224,Stage 0,Stage 0,0.0,1.0
218,225,Stage 2,Stage 2,0.34410105920623757,0.6558989407937622
218,226,Stage 2,Stage 2,0.03333333333333333,0.9666666666666667
218,227,Stage 2,Stage 2,0.0,1.0
218,228,Stage 0,Stage 0,0.0,1.0
218,229,Stage 3,Stage 3,0.0,1.0
218,230,Stage 3,Stage 3,0.0,1.0
218,231,Stage 0,Stage 0,0.0,1.0
218,232,Stage 3,Stage 3,0.0,1.0
218,233,Stage 0,Stage 0,0.0,1.0
218,234,Stage 1,Stage 1,0.0,1.0
218,235,Stage 0,Stage 0,0.0,1.0
218,236,Stage 2,Stage 2,0.0,1.0
223,1,Stage 2,Stage 2,0.0,1.0
223,2,Stage 0,Stage 0,0.0,1.0
223,3,Stage 2,Stage 2,0.0,1.0
223,4,Stage 1,Stage 1,0.0,1.0
223,5,Stage 1,Stage 1,0.0,1.0
223,6,Stage 4,Stage 4,0.9871804087658124,0.9871804087658124
223,7,Stage 0,Stage 0,0.0,1.0
223,8,Stage 2,Stage 2,0.0,1.0
223,9,Stage 3,Stage 3,0.0,1.0
223,10,Stage 2,Stage 2,0.0,1.0
223,11,Stage 2,Stage 2,0.0,1.0
223,12,Stage 2,Stage 2,0.0,1.0
223,13,Stage 4,Stage 4,0.8342884177762228,0.8342884177762228
223,14,Stage 1,Stage 1,0.0,1.0
223,15,Stage 2,Stage 2,0.0,1.0
223,16,Stage 2,Stage 2,0.0,1.0
223,17,Stage 3,Stage 3,0.0,1.0
223,18,Stage 2,Stage 2,0.0,1.0
223,19,Stage 2,Stage 2,0.0,1.0
223,20,Stage 4,Stage 4,0.8746251110978637,0.8746251110978637
223,21,Stage 0,Stage 0,0.0,1.0
223,22,Stage 0,Stage 0,0.0,1.0
223,23,Stage 2,Stage 2,0.0,1.0
223,24,Stage 4,Stage 4,0.5826946755668082,0.5826946755668082
223,25,Stage 4,Stage 4,0.9802639450357651,0.9802639450357651
223,26,Stage 4,Stage 4,0.9975878016129752,0.9975878016129752
223,27,Stage 0,Stage 0,0.0,1.0
223,28,Stage 0,Stage 0,0.0,1.0
223,29,Stage 2,Stage 2,0.0,1.0
223,30,Stage 3,Stage 3,0.0,1.0
223,31,Stage 2,Stage 2,0.0,1.0
223,32,Stage 2,Stage 2,0.0,1.0
223,33,Stage 1,Stage 1,0.0,1.0
223,34,Stage 4,Stage 4,0.9962742154207905,0.9962742154207905
223,35,Stage 4,Stage 4,0.8947854332115529,0.8947854332115529
223,36,Stage 1,Stage 1,0.0,1.0
223,37,Stage 4,Stage 4,0.8947854332115529,0.8947854332115529
223,38,Stage 0,Stage 0,0.0,1.0
223,39,Stage 0,Stage 0,0.0,1.0
223,40,Stage 0,Stage 0,0.0,1.0
223,41,Stage 0,Stage 0,0.0,1.0
223,42,Stage 0,Stage 0,0.0,1.0
223,43,Stage 1,Stage 1,0.0,1.0
223,44,Stage 0,Stage 0,0.0,1.0
223,45,Stage 0,Stage 0,0.0,1.0
223,46,Stage 2,Stage 2,0.0,1.0
223,47,Stage 3,Stage 3,0.0,1.0
223,48,Stage 1,Stage 1,0.0,1.0
223,49,Stage 0,Stage 0,0.0,1.0
223,50,Stage 0,Stage 0,0.0,1.0
223,51,Stage 1,Stage 1,0.0,1.0
223,52,Stage 3,Stage 3,0.0,1.0
223,53,Stage 4,Stage 4,0.8947854332115529,0.8947854332115529
223,54,Stage 0,Stage 0,0.0,1.0
223,55,Stage 4,Stage 4,0.8342884177762228,0.8342884177762228
223,56,Stage 0,Stage 0,0.0,1.0
223,57,Stage 0,Stage 0,0.0,1.0
223,58,Stage 3,Stage 3,0.0,1.0
223,59,Stage 4,Stage 4,0.8944410255352568,0.8944410255352568
223,60,Stage 1,Stage 1,0.0,1.0
223,61,Stage 2,Stage 2,0.0,1.0
223,62,Stage 0,Stage 0,0.0,1.0
223,63,Stage 3,Stage 3,0.0,1.0
223,64,Stage 1,Stage 1,0.0,1.0
223,65,Stage 3,Stage 3,0.0,1.0
223,66,Stage 0,Stage 0,0.0,1.0
223,67,Stage 1,Stage 1,0.0,1.0
223,68,Stage 4,Stage 4,0.8656719512147011,0.8656719512147011
223,69,Stage 0,Stage 0,0.0,1.0
223,70,Stage 3,Stage 3,0.0,1.0
223,71,Stage 4,Stage 4,0.9191806954309615,0.9191806954309615
223,72,Stage 0,Stage 0,0.0,1.0
223,73,Stage 2,Stage 2,0.0,1.0
223,74,Stage 0,Stage 0,0.0,1.0
223,75,Stage 0,Stage 0,0.0,1.0
223,76,Stage 1,Stage 1,0.0,1.0
223,77,Stage 3,Stage 3,0.0,1.0
223,78,Stage 0,Stage 0,0.0,1.0
223,79,Stage 2,Stage 2,0.0,1.0
223,80,Stage 1,Stage 1,0.0,1.0
223,81,Stage 2,Stage 2,0.0,1.0
223,82,Stage 0,Stage 0,0.0,1.0
223,83,Stage 0,Stage 0,0.0,1.0
223,84,Stage 3,Stage 3,0.0,1.0
223,85,Stage 3,Stage 3,0.0,1.0
223,86,Stage 1,Stage 1,0.0,1.0
223,87,Stage 3,Stage 3,0.0,1.0
223,88,Stage 0,Stage 0,0.0,1.0
223,89,Stage 3,Stage 3,0.0,1.0
223,90,Stage 1,Stage 1,0.0,1.0
223,91,Stage 0,Stage 0,0.0,1.0
223,92,Stage 0,Stage 0,0.0,1.0
223,93,Stage 3,Stage 3,0.0,1.0
223,94,Stage 3,Stage 3,0.0,1.0
223,95,Stage 0,Stage 0,0.0,1.0
223,96,Stage 0,Stage 0,0.0,1.0
223,97,Stage 4,Stage 4,0.7913842757083381,0.7913842757083381
223,98,Stage 0,Stage 0,0.0,1.0
223,99,Stage 2,Stage 2,0.0,1.0
223,100,Stage 1,Stage 1,0.0,1.0
223,101,Stage 0,Stage 0,0.0,1.0
223,102,Stage 1,Stage 1,0.0,1.0
223,103,Stage 4,Stage 4,0.9998070080552094,0.9998070080552094
223,104,Stage 0,Stage 0,0.0,1.0
223,105,Stage 0,Stage 0,0.0,1.0
223,106,Stage 2,Stage 2,0.0,1.0
223,107,Stage 1,Stage 1,0.0,1.0
223,108,Stage 0,Stage 0,0.0,1.0
223,109,Stage 2,Stage 2,0.0,1.0
223,110,Stage 2,Stage 2,0.0,1.0
223,111,Stage 0,Stage 0,0.0,1.0
223,112,Stage 4,Stage 4,0.9100266990218986,0.9100266990218986
223,113,Stage 3,Stage 3,0.0,1.0
223,114,Stage 1,Stage 1,0.0,1.0
223,115,Stage 2,Stage 2,0.0,1.0
223,116,Stage 0,Stage 0,0.0,1.0
223,117,Stage 0,Stage 0,0.0,1.0
223,118,Stage 4,Stage 4,0.8893426483343351,0.8893426483343351
223,119,Stage 4,Stage 4,0.9155991037574143,0.9155991037574143
223,120,Stage 2,Stage 2,0.0,1.0
223,121,Stage 2,Stage 2,0.0,1.0
223,122,Stage 0,Stage 0,0.0,1.0
223,123,Stage 0,Stage 0,0.0,1.0
223,124,Stage 0,Stage 0,0.0,1.0
223,125,Stage 1,Stage 1,0.0,1.0
223,126,Stage 2,Stage 2,0.0,1.0
223,127,Stage 0,Stage 0,0.0,1.0
223,128,Stage 0,Stage 0,0.0,1.0
223,129,Stage 0,Stage 0,0.0,1.0
223,130,Stage 0,Stage 0,0.0,1.0
223,131,Stage 3,Stage 3,0.0,1.0
223,132,Stage 2,Stage 2,0.0,1.0
223,133,Stage 3,Stage 3,0.0,1.0
223,134,Stage 0,Stage 0,0.0,1.0
223,135,Stage 4,Stage 4,0.84461479593568,0.84461479593568
223,136,Stage 4,Stage 4,0.8811428182525202,0.8811428182525202
223,137,Stage 2,Stage 2,0.0,1.0
223,138,Stage 1,Stage 1,0.0,1.0
223,139,Stage 3,Stage 3,0.0,1.0
223,140,Stage 3,Stage 3,0.0,1.0
223,141,Stage 0,Stage 0,0.0,1.0
223,142,Stage 0,Stage 0,0.0,1.0
223,143,Stage 0,Stage 0,0.0,1.0
223,144,Stage 2,Stage 2,0.0,1.0
223,145,Stage 4,Stage 4,0.8342884177762228,0.8342884177762228
223,146,Stage 0,Stage 0,0.0,1.0
223,147,Stage 2,Stage 2,0.0,1.0
223,148,Stage 0,Stage 0,0.0,1.0
223,149,Stage 0,Stage 0,0.0,1.0
223,150,Stage 3,Stage 3,0.0,1.0
223,151,Stage 0,Stage 0,0.0,1.0
223,152,Stage 1,Stage 1,0.0,1.0
223,153,Stage 2,Stage 2,0.0,1.0
223,154,Stage 1,Stage 1,0.0,1.0
223,155,Stage 0,Stage 0,0.0,1.0
223,156,Stage 0,Stage 0,0.0,1.0
223,157,Stage 4,Stage 4,0.9797670875759311,0.9797670875759311
223,158,Stage 0,Stage 0,0.0,1.0
223,159,Stage 1,Stage 1,0.0,1.0
223,160,Stage 0,Stage 0,0.0,1.0
223,161,Stage 2,Stage 2,0.0,1.0
223,162,Stage 0,Stage 0,0.0,1.0
223,163,Stage 0,Stage 0,0.0,1.0
223,164,Stage 0,Stage 0,0.0,1.0
223,165,Stage 4,Stage 4,0.9100266990218986,0.9100266990218986
223,166,Stage 1,Stage 1,0.0,1.0
223,167,Stage 3,Stage 3,0.0,1.0
223,168,Stage 0,Stage 0,0.0,1.0
223,169,Stage 0,Stage 0,0.0,1.0
223,170,Stage 1,Stage 1,0.0,1.0
223,171,Stage 3,Stage 3,0.0,1.0
223,172,Stage 3,Stage 3,0.0,1.0
223,173,Stage 2,Stage 4,0.7451452560156209,0.7451452560156209
223,174,Stage 2,Stage 2,0.0,1.0
223,175,Stage 0,Stage 0,0.0,1.0
223,176,Stage 4,Stage 4,0.9286613700329731,0.9286613700329731
223,177,Stage 3,Stage 3,0.0,1.0
223,178,Stage 4,Stage 4,0.8349402179420571,0.8349402179420571
223,179,Stage 1,Stage 1,0.0,1.0
223,180,Stage 2,Stage 4,0.5653166111965878,0.5653166111965878
223,181,Stage 4,Stage 4,0.7720326761361517,0.7720326761361517
223,182,Stage 0,Stage 0,0.0,1.0
223,183,Stage 2,Stage 2,0.0,1.0
223,184,Stage 1,Stage 1,0.0,1.0
223,185,Stage 1,Stage 1,0.0,1.0
223,186,Stage 0,Stage 0,0.0,1.0
223,187,Stage 0,Stage 0,0.0,1.0
223,188,Stage 0,Stage 0,0.0,1.0
223,189,Stage 0,Stage 0,0.0,1.0
223,190,Stage 3,Stage 3,0.0,1.0
223,191,Stage 4,Stage 4,0.84461479593568,0.84461479593568
223,192,Stage 0,Stage 0,0.0,1.0
223,193,Stage 0,Stage 0,0.0,1.0
223,194,Stage 1,Stage 1,0.0,1.0
223,195,Stage 1,Stage 1,0.0,1.0
223,196,Stage 1,Stage 1,0.0,1.0
223,197,Stage 0,Stage 0,0.0,1.0
223,198,Stage 3,Stage 3,0.0,1.0
223,199,Stage 0,Stage 0,0.0,1.0
223,200,Stage 2,Stage 2,0.0,1.0
223,201,Stage 0,Stage 0,0.0,1.0
223,202,Stage 1,Stage 1,0.0,1.0
223,203,Stage 0,Stage 0,0.0,1.0
223,204,Stage 0,Stage 0,0.0,1.0
223,205,Stage 0,Stage 0,0.0,1.0
223,206,Stage 0,Stage 0,0.0,1.0
223,207,Stage 0,Stage 0,0.0,1.0
223,208,Stage 0,Stage 0,0.0,1.0
223,209,Stage 0,Stage 0,0.0,1.0
223,210,Stage 3,Stage 3,0.0,1.0
223,211,Stage 0,Stage 0,0.0,1.0
223,212,Stage 3,Stage 3,0.0,1.0
223,213,Stage 0,Stage 0,0.0,1.0
223,214,Stage 3,Stage 3,0.0,1.0
223,215,Stage 2,Stage 2,0.0,1.0
223,216,Stage 3,Stage 3,0.0,1.0
223,217,Stage 2,Stage 2,0.4715548514305982,0.5284451485694018
223,218,Stage 3,Stage 3,0.0,1.0
223,219,Stage 2,Stage 2,0.0,1.0
223,220,Stage 1,Stage 1,0.0,1.0
223,221,Stage 3,Stage 3,0.0,1.0
223,222,Stage 3,Stage 3,0.0,1.0
223,223,Stage 1,Stage 1,0.0,1.0
223,224,Stage 2,Stage 2,0.3325858888166864,0.6674141111833138
223,225,Stage 0,Stage 0,0.0,1.0
223,226,Stage 2,Stage 4,0.6517868886107425,0.6517868886107425
223,227,Stage 0,Stage 0,0.0,1.0
223,228,Stage 3,Stage 3,0.0,1.0
223,229,Stage 0,Stage 0,0.0,1.0
223,230,Stage 2,Stage 2,0.43087544371378983,0.5691245562862101
223,231,Stage 1,Stage 1,0.0,1.0
223,232,Stage 2,Stage 4,0.8342884177762228,0.8342884177762228
223,233,Stage 2,Stage 2,0.0,1.0
223,234,Stage 3,Stage 3,0.0,1.0
223,235,Stage 0,Stage 0,0.0,1.0
223,236,Stage 3,Stage 3,0.0,1.0
223,237,Stage 1,Stage 1,0.0,1.0
223,238,Stage 2,Stage 2,0.006666666666666667,0.9933333333333333
223,239,Stage 3,Stage 3,0.0,1.0
223,240,Stage 0,Stage 0,0.0,1.0
223,241,Stage 1,Stage 1,0.0,1.0
223,242,Stage 0,Stage 0,0.0,1.0
223,243,Stage 0,Stage 0,0.0,1.0
223,244,Stage 2,Stage 2,0.06432153054421509,0.9356784694557848
223,245,Stage 0,Stage 0,0.0,1.0
223,246,Stage 0,Stage 0,0.0,1.0
223,247,Stage 2,Stage 2,0.0066478009377178736,0.9933521990622821
227,1,Stage 0,Stage 0,0.0,1.0
227,2,Stage 0,Stage 0,0.0,1.0
227,3,Stage 0,Stage 0,0.0,1.0
227,4,Stage 4,Stage 4,0.9998070080552094,0.9998070080552094
227,5,Stage 2,Stage 2,0.0,1.0
227,6,Stage 0,Stage 0,0.0,1.0
227,7,Stage 4,Stage 4,0.9998070080552094,0.9998070080552094
227,8,Stage 3,Stage 3,0.0,1.0
227,9,Stage 1,Stage 1,0.0,1.0
227,10,Stage 3,Stage 3,0.0,1.0
227,11,Stage 0,Stage 0,0.0,1.0
227,12,Stage 1,Stage 1,0.0,1.0
227,13,Stage 0,Stage 0,0.0,1.0
227,14,Stage 0,Stage 0,0.0,1.0
227,15,Stage 0,Stage 0,0.0,1.0
227,16,Stage 3,Stage 3,0.0,1.0
227,17,Stage 2,Stage 2,0.0,1.0
227,18,Stage 4,Stage 4,0.8746251110978637,0.8746251110978637
227,19,Stage 0,Stage 0,0.0,1.0
227,20,Stage 4,Stage 4,0.9958251419178974,0.9958251419178974
227,21,Stage 3,Stage 3,0.0,1.0
227,22,Stage 1,Stage 1,0.0,1.0
227,23,Stage 3,Stage 3,0.0,1.0
227,24,Stage 0,Stage 0,0.0,1.0
227,25,Stage 1,Stage 1,0.0,1.0
227,26,Stage 0,Stage 0,0.0,1.0
227,27,Stage 1,Stage 1,0.0,1.0
227,28,Stage 0,Stage 0,0.0,1.0
227,29,Stage 1,Stage 1,0.0,1.0
227,30,Stage 0,Stage 0,0.0,1.0
227,31,Stage 2,Stage 2,0.0,1.0
227,32,Stage 0,Stage 0,0.0,1.0
227,33,Stage 3,Stage 3,0.0,1.0
227,34,Stage 3,Stage 3,0.0,1.0
227,35,Stage 0,Stage 0,0.0,1.0
227,36,Stage 4,Stage 4,0.9286613700329731,0.9286613700329731
227,37,Stage 2,Stage 2,0.0,1.0
227,38,Stage 3,Stage 3,0.0,1.0
227,39,Stage 2,Stage 2,0.0,1.0
227,40,Stage 0,Stage 0,0.0,1.0
227,41,Stage 3,Stage 3,0.0,1.0
227,42,Stage 1,Stage 1,0.0,1.0
227,43,Stage 0,Stage 0,0.0,1.0
227,44,Stage 0,Stage 0,0.0,1.0
227,45,Stage 0,Stage 0,0.0,1.0
227,46,Stage 3,Stage 3,0.0,1.0
227,47,Stage 4,Stage 4,0.866105778819992,0.866105778819992
227,48,Stage 3,Stage 3,0.0,1.0
227,49,Stage 4,Stage 4,0.9972944955832509,0.9972944955832509
227,50,Stage 0,Stage 0,0.0,1.0
227,51,Stage 1,Stage 1,0.0,1.0
227,52,Stage 0,Stage 0,0.0,1.0
227,53,Stage 4,Stage 4,0.9999339624760237,0.9999339624760237
227,54,Stage 0,Stage 0,0.0,1.0
227,55,Stage 3,Stage 3,0.0,1.0
227,56,Stage 0,Stage 0,0.0,1.0
227,57,Stage 4,Stage 4,0.9824666731868933,0.9824666731868933
227,58,Stage 1,Stage 1,0.0,1.0
227,59,Stage 3,Stage 3,0.0,1.0
227,60,Stage 1,Stage 1,0.0,1.0
227,61,Stage 3,Stage 3,0.0,1.0
227,62,Stage 0,Stage 0,0.0,1.0
227,63,Stage 0,Stage 0,0.0,1.0
227,64,Stage 3,Stage 3,0.0,1.0
227,65,Stage 1,Stage 1,0.0,1.0
227,66,Stage 4,Stage 4,0.9924932933273165,0.9924932933273165
227,67,Stage 4,Stage 4,0.9989387997231959,0.9989387997231959
227,68,Stage 3,Stage 3,0.0,1.0
227,69,Stage 1,Stage 1,0.0,1.0
227,70,Stage 4,Stage 4,0.9876932881715945,0.9876932881715945
227,71,Stage 0,Stage 0,0.0,1.0
227,72,Stage 0,Stage 0,0.0,1.0
227,73,Stage 2,Stage 2,0.0,1.0
227,74,Stage 2,Stage 2,0.0,1.0
227,75,Stage 1,Stage 1,0.0,1.0
227,76,Stage 2,Stage 2,0.0,1.0
227,77,Stage 4,Stage 4,0.9195663214490736,0.9195663214490736
227,78,Stage 0,Stage 0,0.0,1.0
227,79,Stage 3,Stage 3,0.0,1.0
227,80,Stage 4,Stage 4,0.9948880576984798,0.9948880576984798
227,81,Stage 4,Stage 4,0.9972944955832509,0.9972944955832509
227,82,Stage 0,Stage 0,0.0,1.0
227,83,Stage 0,Stage 0,0.0,1.0
227,84,Stage 0,Stage 0,0.0,1.0
227,85,Stage 0,Stage 0,0.0,1.0
227,86,Stage 4,Stage 4,0.9832208766201544,0.9832208766201544
227,87,Stage 1,Stage 1,0.0,1.0
227,88,Stage 3,Stage 3,0.0,1.0
227,89,Stage 0,Stage 0,0.0,1.0
227,90,Stage 1,Stage 1,0.0,1.0
227,91,Stage 1,Stage 1,0.0,1.0
227,92,Stage 0,Stage 0,0.0,1.0
227,93,Stage 2,Stage 2,0.05032307240830773,0.9496769275916919
227,94,Stage 0,Stage 0,0.0,1.0
227,95,Stage 0,Stage 0,0.0,1.0
227,96,Stage 2,Stage 2,0.0,1.0
227,97,Stage 2,Stage 2,0.0,1.0
227,98,Stage 0,Stage 0,0.0,1.0
227,99,Stage 1,Stage 1,0.0,1.0
227,100,Stage 4,Stage 4,0.9989387997231959,0.9989387997231959
227,101,Stage 0,Stage 0,0.0,1.0
227,102,Stage 3,Stage 3,0.0,1.0
227,103,Stage 0,Stage 0,0.0,1.0
227,104,Stage 1,Stage 1,0.0,1.0
227,105,Stage 0,Stage 0,0.0,1.0
227,106,Stage 0,Stage 0,0.0,1.0
227,107,Stage 2,Stage 2,0.0,1.0
227,108,Stage 0,Stage 0,0.0,1.0
227,109,Stage 3,Stage 3,0.0,1.0
227,110,Stage 2,Stage 2,0.0,1.0
227,111,Stage 3,Stage 3,0.0,1.0
227,112,Stage 2,Stage 2,0.0,1.0
227,113,Stage 1,Stage 1,0.0,1.0
227,114,Stage 0,Stage 0,0.0,1.0
227,115,Stage 4,Stage 4,0.9972944955832509,0.9972944955832509
227,116,Stage 3,Stage 3,0.0,1.0
227,117,Stage 0,Stage 0,0.0,1.0
227,118,Stage 2,Stage 2,0.0,1.0
227,119,Stage 4,Stage 4,0.9985007302536165,0.9985007302536165
227,120,Stage 1,Stage 1,0.0,1.0
227,121,Stage 3,Stage 3,0.0,1.0
227,122,Stage 1,Stage 1,0.0,1.0
227,123,Stage 0,Stage 0,0.0,1.0
227,124,Stage 0,Stage 0,0.0,1.0
227,125,Stage 1,Stage 1,0.0,1.0
227,126,Stage 3,Stage 3,0.0,1.0
227,127,Stage 0,Stage 0,0.0,1.0
227,128,Stage 3,Stage 3,0.0,1.0
227,129,Stage 0,Stage 0,0.0,1.0
227,130,Stage 0,Stage 0,0.0,1.0
227,131,Stage 0,Stage 0,0.0,1.0
227,132,Stage 4,Stage 4,0.9990286822294617,0.9990286822294617
227,133,Stage 3,Stage 3,0.0,1.0
227,134,Stage 0,Stage 0,0.0,1.0
227,135,Stage 0,Stage 0,0.0,1.0
227,136,Stage 3,Stage 3,0.0,1.0
227,137,Stage 0,Stage 0,0.0,1.0
227,138,Stage 0,Stage 0,0.0,1.0
227,139,Stage 1,Stage 1,0.0,1.0
227,140,Stage 0,Stage 0,0.0,1.0
227,141,Stage 2,Stage 2,0.03386819974327718,0.9661318002567231
227,142,Stage 0,Stage 0,0.0,1.0
227,143,Stage 4,Stage 4,0.9958251419178974,0.9958251419178974
227,144,Stage 3,Stage 3,0.0,1.0
227,145,Stage 4,Stage 4,0.9862904509919722,0.9862904509919722
227,146,Stage 0,Stage 0,0.0,1.0
227,147,Stage 4,Stage 4,0.9978609539488698,0.9978609539488698
227,148,Stage 0,Stage 0,0.0,1.0
227,149,Stage 0,Stage 0,0.0,1.0
227,150,Stage 0,Stage 0,0.0,1.0
227,151,Stage 4,Stage 4,0.9100266990218986,0.9100266990218986
227,152,Stage 4,Stage 4,0.9849264415716236,0.9849264415716236
227,153,Stage 1,Stage 1,0.0,1.0
227,154,Stage 0,Stage 0,0.0,1.0
227,155,Stage 1,Stage 1,0.0,1.0
227,156,Stage 4,Stage 4,0.9442582004783833,0.9442582004783833
227,157,Stage 3,Stage 3,0.0,1.0
227,158,Stage 0,Stage 0,0.0,1.0
227,159,Stage 4,Stage 4,0.9990286822294617,0.9990286822294617
227,160,Stage 0,Stage 0,0.0,1.0
227,161,Stage 0,Stage 0,0.0,1.0
227,162,Stage 2,Stage 2,0.0,1.0
227,163,Stage 2,Stage 2,0.0,1.0
227,164,Stage 1,Stage 1,0.0,1.0
227,165,Stage 4,Stage 4,0.9998070080552094,0.9998070080552094
227,166,Stage 3,Stage 3,0.0,1.0
227,167,Stage 0,Stage 0,0.0,1.0
227,168,Stage 0,Stage 0,0.0,1.0
227,169,Stage 4,Stage 4,0.9948880576984798,0.9948880576984798
227,170,Stage 1,Stage 1,0.0,1.0
227,171,Stage 0,Stage 0,0.0,1.0
227,172,Stage 0,Stage 0,0.0,1.0
227,173,Stage 2,Stage 2,0.0,1.0
227,174,Stage 1,Stage 1,0.0,1.0
227,175,Stage 0,Stage 0,0.0,1.0
227,176,Stage 0,Stage 0,0.0,1.0
227,177,Stage 1,Stage 1,0.0,1.0
227,178,Stage 1,Stage 1,0.0,1.0
227,179,Stage 2,Stage 2,0.0,1.0
227,180,Stage 2,Stage 2,0.0,1.0
227,181,Stage 0,Stage 0,0.0,1.0
227,182,Stage 3,Stage 3,0.0,1.0
227,183,Stage 0,Stage 0,0.0,1.0
227,184,Stage 2,Stage 2,0.0,1.0
227,185,Stage 0,Stage 0,0.0,1.0
227,186,Stage 2,Stage 2,0.0,1.0
227,187,Stage 0,Stage 0,0.0,1.0
227,188,Stage 4,Stage 4,0.9700952022263095,0.9700952022263095
227,189,Stage 3,Stage 3,0.0,1.0
227,190,Stage 2,Stage 2,0.0,1.0
227,191,Stage 0,Stage 0,0.0,1.0
227,192,Stage 2,Stage 2,0.0,1.0
227,193,Stage 3,Stage 3,0.0,1.0
227,194,Stage 0,Stage 0,0.0,1.0
227,195,Stage 0,Stage 0,0.0,1.0
227,196,Stage 1,Stage 1,0.0,1.0
227,197,Stage 1,Stage 1,0.0,1.0
227,198,Stage 1,Stage 1,0.0,1.0
227,199,Stage 0,Stage 0,0.0,1.0
227,200,Stage 0,Stage 0,0.0,1.0
227,201,Stage 0,Stage 0,0.0,1.0
227,202,Stage 2,Stage 2,0.0,1.0
227,203,Stage 2,Stage 2,0.0,1.0
227,204,Stage 3,Stage 3,0.0,1.0
227,205,Stage 4,Stage 4,0.9998070080552094,0.9998070080552094
227,206,Stage 3,Stage 3,0.0,1.0
227,207,Stage 1,Stage 1,0.0,1.0
227,208,Stage 0,Stage 0,0.0,1.0
227,209,Stage 0,Stage 0,0.0,1.0
227,210,Stage 3,Stage 3,0.0,1.0
227,211,Stage 3,Stage 3,0.0,1.0
227,212,Stage 1,Stage 1,0.0,1.0
227,213,Stage 0,Stage 0,0.0,1.0
227,214,Stage 4,Stage 4,0.9998070080552094,0.9998070080552094
227,215,Stage 1,Stage 1,0.0,1.0
227,216,Stage 3,Stage 3,0.0,1.0
227,217,Stage 4,Stage 4,0.9962742154207905,0.9962742154207905
227,218,Stage 0,Stage 0,0.0,1.0
227,219,Stage 2,Stage 2,0.0,1.0
227,220,Stage 2,Stage 2,0.0,1.0
227,221,Stage 4,Stage 4,0.9488239418133202,0.9488239418133202
227,222,Stage 3,Stage 3,0.0,1.0
227,223,Stage 3,Stage 3,0.0,1.0
227,224,Stage 1,Stage 1,0.0,1.0
227,225,Stage 0,Stage 0,0.0,1.0
227,226,Stage 0,Stage 0,0.0,1.0
227,227,Stage 0,Stage 0,0.0,1.0
227,228,Stage 2,Stage 2,0.0,1.0
227,229,Stage 4,Stage 4,0.8893426483343351,0.8893426483343351
227,230,Stage 3,Stage 3,0.0,1.0
227,231,Stage 0,Stage 0,0.0,1.0
227,232,Stage 1,Stage 1,0.0,1.0
227,233,Stage 0,Stage 0,0.0,1.0
227,234,Stage 4,Stage 4,0.7720326761361517,0.7720326761361517
227,235,Stage 3,Stage 3,0.0,1.0
227,236,Stage 1,Stage 1,0.0,1.0
227,237,Stage 0,Stage 0,0.0,1.0
227,238,Stage 2,Stage 2,0.0,1.0
227,239,Stage 0,Stage 0,0.0,1.0
227,240,Stage 2,Stage 2,0.0,1.0
227,241,Stage 0,Stage 0,0.0,1.0
227,242,Stage 0,Stage 0,0.0,1.0
227,243,Stage 1,Stage 1,0.0,1.0
227,244,Stage 1,Stage 1,0.0,1.0
227,245,Stage 0,Stage 0,0.0,1.0
227,246,Stage 1,Stage 1,0.0,1.0
227,247,Stage 1,Stage 1,0.0,1.0
227,248,Stage 2,Stage 2,0.0,1.0
227,249,Stage 0,Stage 0,0.0,1.0
227,250,Stage 0,Stage 0,0.0,1.0
227,251,Stage 1,Stage 1,0.0,1.0
227,252,Stage 0,Stage 0,0.0,1.0
227,253,Stage 4,Stage 4,0.9191806954309615,0.9191806954309615
227,254,Stage 1,Stage 1,0.0,1.0
227,255,Stage 3,Stage 3,0.0,1.0
227,256,Stage 1,Stage 1,0.0,1.0
227,257,Stage 3,Stage 3,0.0,1.0
227,258,Stage 0,Stage 0,0.0,1.0
227,259,Stage 1,Stage 1,0.0,1.0
227,260,Stage 0,Stage 0,0.0,1.0
227,261,Stage 1,Stage 1,0.0,1.0
227,262,Stage 0,Stage 0,0.0,1.0
227,263,Stage 3,Stage 3,0.0,1.0
227,264,Stage 4,Stage 4,0.6517868886107425,0.6517868886107425
227,265,Stage 2,Stage 2,0.0,1.0
227,266,Stage 2,Stage 4,0.7244802264417022,0.7244802264417022
227,267,Stage 3,Stage 3,0.0,1.0
227,268,Stage 2,Stage 4,0.8746251110978637,0.8746251110978637
227,269,Stage 2,Stage 2,0.0,1.0
227,270,Stage 2,Stage 4,0.7244802264417022,0.7244802264417022
227,271,Stage 2,Stage 2,0.0,1.0
227,272,Stage 1,Stage 1,0.0,1.0
227,273,Stage 2,Stage 4,0.8944410255352568,0.8944410255352568
227,274,Stage 0,Stage 0,0.0,1.0
227,275,Stage 0,Stage 0,0.0,1.0
227,276,Stage 0,Stage 0,0.0,1.0
227,277,Stage 0,Stage 0,0.0,1.0
227,278,Stage 0,Stage 0,0.0,1.0
227,279,Stage 0,Stage 0,0.0,1.0
227,280,Stage 0,Stage 0,0.0,1.0
227,281,Stage 2,Stage 4,0.9020143020204584,0.9020143020204584
227,282,Stage 0,Stage 0,0.0,1.0
227,283,Stage 2,Stage 4,0.6219084277243732,0.6219084277243732
227,284,Stage 2,Stage 2,0.0,1.0
227,285,Stage 2,Stage 2,0.0,1.0
227,286,Stage 0,Stage 0,0.0,1.0
227,287,Stage 0,Stage 0,0.0,1.0
230,1,Stage 0,Stage 0,0.0,1.0
230,2,Stage 0,Stage 0,0.0,1.0
230,3,Stage 0,Stage 0,0.0,1.0
230,4,Stage 0,Stage 0,0.0,1.0
230,5,Stage 0,Stage 0,0.0,1.0
230,6,Stage 3,Stage 3,0.0,1.0
230,7,Stage 2,Stage 2,0.0,1.0
230,8,Stage 1,Stage 1,0.0,1.0
230,9,Stage 0,Stage 0,0.0,1.0
230,10,Stage 0,Stage 0,0.0,1.0
230,11,Stage 0,Stage 0,0.0,1.0
230,12,Stage 0,Stage 0,0.0,1.0
230,13,Stage 0,Stage 0,0.0,1.0
230,14,Stage 0,Stage 0,0.0,1.0
230,15,Stage 4,Stage 4,0.9632199222745819,0.9632199222745819
230,16,Stage 4,Stage 4,0.9877252138926669,0.9877252138926669
230,17,Stage 3,Stage 3,0.0,1.0
230,18,Stage 0,Stage 0,0.0,1.0
230,19,Stage 3,Stage 3,0.0,1.0
230,20,Stage 1,Stage 1,0.0,1.0
230,21,Stage 0,Stage 0,0.0,1.0
230,22,Stage 0,Stage 0,0.0,1.0
230,23,Stage 4,Stage 4,0.9871804087658124,0.9871804087658124
230,24,Stage 3,Stage 3,0.0,1.0
230,25,Stage 1,Stage 1,0.0,1.0
230,26,Stage 0,Stage 0,0.0,1.0
230,27,Stage 1,Stage 1,0.0,1.0
230,28,Stage 4,Stage 4,0.981926600698104,0.981926600698104
230,29,Stage 0,Stage 0,0.0,1.0
230,30,Stage 4,Stage 4,0.9990286822294617,0.9990286822294617
230,31,Stage 2,Stage 2,0.0,1.0
230,32,Stage 1,Stage 1,0.0,1.0
230,33,Stage 0,Stage 0,0.0,1.0
230,34,Stage 3,Stage 3,0.0,1.0
230,35,Stage 2,Stage 2,0.0,1.0
230,36,Stage 0,Stage 0,0.0,1.0
230,37,Stage 2,Stage 2,0.0,1.0
230,38,Stage 4,Stage 4,0.9998070080552094,0.9998070080552094
230,39,Stage 3,Stage 3,0.0,1.0
230,40,Stage 0,Stage 0,0.0,1.0
230,41,Stage 0,Stage 0,0.0,1.0
230,42,Stage 2,Stage 2,0.0,1.0
230,43,Stage 0,Stage 0,0.0,1.0
230,44,Stage 3,Stage 3,0.0,1.0
230,45,Stage 0,Stage 0,0.0,1.0
230,46,Stage 4,Stage 4,0.9989387997231959,0.9989387997231959
230,47,Stage 3,Stage 3,0.0,1.0
230,48,Stage 0,Stage 0,0.0,1.0
230,49,Stage 1,Stage 1,0.0,1.0
230,50,Stage 1,Stage 1,0.0,1.0
230,51,Stage 0,Stage 0,0.0,1.0
230,52,Stage 0,Stage 0,0.0,1.0
230,53,Stage 0,Stage 0,0.0,1.0
230,54,Stage 0,Stage 0,0.0,1.0
230,55,Stage 0,Stage 0,0.0,1.0
230,56,Stage 0,Stage 0,0.0,1.0
230,57,Stage 1,Stage 1,0.0,1.0
230,58,Stage 4,Stage 4,0.7451452560156209,0.7451452560156209
230,59,Stage 1,Stage 1,0.0,1.0
230,60,Stage 3,Stage 3,0.0,1.0
230,61,Stage 0,Stage 0,0.0,1.0
230,62,Stage 0,Stage 0,0.0,1.0
230,63,Stage 1,Stage 1,0.0,1.0
230,64,Stage 3,Stage 3,0.0,1.0
230,65,Stage 0,Stage 0,0.0,1.0
230,66,Stage 3,Stage 3,0.0,1.0
230,67,Stage 3,Stage 3,0.0,1.0
230,68,Stage 0,Stage 0,0.0,1.0
230,69,Stage 1,Stage 1,0.0,1.0
230,70,Stage 0,Stage 0,0.0,1.0
230,71,Stage 0,Stage 0,0.0,1.0
230,72,Stage 0,Stage 0,0.0,1.0
230,73,Stage 2,Stage 2,0.0,1.0
230,74,Stage 3,Stage 3,0.0,1.0
230,75,Stage 0,Stage 0,0.0,1.0
230,76,Stage 1,Stage 1,0.0,1.0
230,77,Stage 4,Stage 4,0.9990286822294617,0.9990286822294617
230,78,Stage 4,Stage 4,0.9985007302536165,0.9985007302536165
230,79,Stage 2,Stage 2,0.0,1.0
230,80,Stage 3,Stage 3,0.0,1.0
230,81,Stage 1,Stage 1,0.0,1.0
230,82,Stage 0,Stage 0,0.0,1.0
230,83,Stage 3,Stage 3,0.0,1.0
230,84,Stage 3,Stage 3,0.0,1.0
230,85,Stage 0,Stage 0,0.0,1.0
230,86,Stage 2,Stage 2,0.0,1.0
230,87,Stage 3,Stage 3,0.0,1.0
230,88,Stage 0,Stage 0,0.0,1.0
230,89,Stage 0,Stage 0,0.0,1.0
230,90,Stage 0,Stage 0,0.0,1.0
230,91,Stage 3,Stage 3,0.0,1.0
230,92,Stage 0,Stage 0,0.0,1.0
230,93,Stage 0,Stage 0,0.0,1.0
230,94,Stage 2,Stage 2,0.0,1.0
230,95,Stage 1,Stage 1,0.0,1.0
230,96,Stage 2,Stage 2,0.0,1.0
230,97,Stage 3,Stage 3,0.0,1.0
230,98,Stage 2,Stage 2,0.0,1.0
230,99,Stage 2,Stage 2,0.0,1.0
230,100,Stage 0,Stage 0,0.0,1.0
230,101,Stage 3,Stage 3,0.0,1.0
230,102,Stage 3,Stage 3,0.0,1.0
230,103,Stage 0,Stage 0,0.0,1.0
230,104,Stage 4,Stage 4,0.9082393611300394,0.9082393611300394
230,105,Stage 0,Stage 0,0.0,1.0
230,106,Stage 0,Stage 0,0.0,1.0
230,107,Stage 2,Stage 2,0.0,1.0
230,108,Stage 3,Stage 3,0.0,1.0
230,109,Stage 0,Stage 0,0.0,1.0
230,110,Stage 0,Stage 0,0.0,1.0
230,111,Stage 3,Stage 3,0.0,1.0
230,112,Stage 0,Stage 0,0.0,1.0
230,113,Stage 0,Stage 0,0.0,1.0
230,114,Stage 3,Stage 3,0.0,1.0
230,115,Stage 0,Stage 0,0.0,1.0
230,116,Stage 0,Stage 0,0.0,1.0
230,117,Stage 1,Stage 1,0.0,1.0
230,118,Stage 0,Stage 0,0.0,1.0
230,119,Stage 2,Stage 2,0.0,1.0
230,120,Stage 1,Stage 1,0.0,1.0
230,121,Stage 0,Stage 0,0.0,1.0
230,122,Stage 3,Stage 3,0.0,1.0
230,123,Stage 1,Stage 1,0.0,1.0
230,124,Stage 0,Stage 0,0.0,1.0
230,125,Stage 0,Stage 0,0.0,1.0
230,126,Stage 4,Stage 4,0.8476959332087518,0.8476959332087518
230,127,Stage 1,Stage 1,0.0,1.0
230,128,Stage 0,Stage 0,0.0,1.0
230,129,Stage 0,Stage 0,0.0,1.0
230,130,Stage 1,Stage 1,0.0,1.0
230,131,Stage 4,Stage 4,0.9917133180587698,0.9917133180587698
230,132,Stage 1,Stage 1,0.0,1.0
230,133,Stage 4,Stage 4,0.9269211197610833,0.9269211197610833
230,134,Stage 3,Stage 3,0.0,1.0
230,135,Stage 2,Stage 2,0.0,1.0
230,136,Stage 2,Stage 2,0.0,1.0
230,137,Stage 0,Stage 0,0.0,1.0
230,138,Stage 2,Stage 2,0.0,1.0
230,139,Stage 3,Stage 3,0.0,1.0
230,140,Stage 3,Stage 3,0.0,1.0
230,141,Stage 2,Stage 2,0.03386819974327718,0.9661318002567231
230,142,Stage 2,Stage 2,0.0,1.0
230,143,Stage 1,Stage 1,0.0,1.0
230,144,Stage 2,Stage 2,0.0,1.0
230,145,Stage 2,Stage 2,0.0,1.0
230,146,Stage 1,Stage 1,0.0,1.0
230,147,Stage 0,Stage 0,0.0,1.0
230,148,Stage 0,Stage 0,0.0,1.0
230,149,Stage 4,Stage 4,0.9998070080552094,0.9998070080552094
230,150,Stage 2,Stage 2,0.0,1.0
230,151,Stage 0,Stage 0,0.0,1.0
230,152,Stage 4,Stage 4,0.9849264415716236,0.9849264415716236
230,153,Stage 1,Stage 1,0.0,1.0
230,154,Stage 0,Stage 0,0.0,1.0
230,155,Stage 3,Stage 3,0.0,1.0
230,156,Stage 4,Stage 4,0.9972944955832509,0.9972944955832509
230,157,Stage 4,Stage 4,0.9998070080552094,0.9998070080552094
230,158,Stage 0,Stage 0,0.0,1.0
230,159,Stage 0,Stage 0,0.0,1.0
230,160,Stage 0,Stage 0,0.0,1.0
230,161,Stage 2,Stage 2,0.0,1.0
230,162,Stage 0,Stage 0,0.0,1.0
230,163,Stage 1,Stage 1,0.0,1.0
230,164,Stage 0,Stage 0,0.0,1.0
230,165,Stage 0,Stage 0,0.0,1.0
230,166,Stage 0,Stage 0,0.0,1.0
230,167,Stage 0,Stage 0,0.0,1.0
230,168,Stage 1,Stage 1,0.0,1.0
230,169,Stage 2,Stage 2,0.0,1.0
230,170,Stage 0,Stage 0,0.0,1.0
230,171,Stage 1,Stage 1,0.0,1.0
230,172,Stage 0,Stage 0,0.0,1.0
230,173,Stage 1,Stage 1,0.0,1.0
230,174,Stage 1,Stage 1,0.0,1.0
230,175,Stage 0,Stage 0,0.0,1.0
230,176,Stage 3,Stage 3,0.0,1.0
230,177,Stage 0,Stage 0,0.0,1.0
230,178,Stage 0,Stage 0,0.0,1.0
230,179,Stage 4,Stage 4,0.9998070080552094,0.9998070080552094
230,180,Stage 4,Stage 4,0.9824666731868933,0.9824666731868933
230,181,Stage 4,Stage 4,0.9978609539488698,0.9978609539488698
230,182,Stage 4,Stage 4,0.9414125247548252,0.9414125247548252
230,183,Stage 4,Stage 4,0.9985007302536165,0.9985007302536165
230,184,Stage 4,Stage 4,0.9414125247548252,0.9414125247548252
230,185,Stage 0,Stage 0,0.0,1.0
230,186,Stage 2,Stage 2,0.0,1.0
230,187,Stage 4,Stage 4,0.9632199222745819,0.9632199222745819
230,188,Stage 0,Stage 0,0.0,1.0
230,189,Stage 0,Stage 0,0.0,1.0
230,190,Stage 1,Stage 1,0.0,1.0
230,191,Stage 1,Stage 1,0.0,1.0
230,192,Stage 0,Stage 0,0.0,1.0
230,193,Stage 0,Stage 0,0.0,1.0
230,194,Stage 0,Stage 0,0.0,1.0
230,195,Stage 0,Stage 0,0.0,1.0
230,196,Stage 0,Stage 0,0.0,1.0
230,197,Stage 0,Stage 0,0.0,1.0
230,198,Stage 0,Stage 0,0.0,1.0
230,199,Stage 4,Stage 4,0.9020143020204584,0.9020143020204584
230,200,Stage 4,Stage 4,0.9837900103016276,0.9837900103016276
230,201,Stage 3,Stage 3,0.0,1.0
230,202,Stage 3,Stage 3,0.0,1.0
230,203,Stage 3,Stage 3,0.0,1.0
230,204,Stage 2,Stage 2,0.05032307240830773,0.9496769275916919
230,205,Stage 0,Stage 0,0.0,1.0
230,206,Stage 0,Stage 0,0.0,1.0
230,207,Stage 1,Stage 1,0.0,1.0
230,208,Stage 0,Stage 0,0.0,1.0
230,209,Stage 0,Stage 0,0.0,1.0
230,210,Stage 2,Stage 2,0.0,1.0
230,211,Stage 0,Stage 0,0.0,1.0
230,212,Stage 2,Stage 4,0.8434394632730455,0.8434394632730455
230,213,Stage 0,Stage 0,0.0,1.0
230,214,Stage 0,Stage 0,0.0,1.0
230,215,Stage 4,Stage 4,0.9837900103016276,0.9837900103016276
230,216,Stage 0,Stage 0,0.0,1.0
230,217,Stage 0,Stage 0,0.0,1.0
230,218,Stage 2,Stage 2,0.0,1.0
230,219,Stage 0,Stage 0,0.0,1.0
230,220,Stage 2,Stage 2,0.0,1.0
230,221,Stage 0,Stage 0,0.0,1.0
230,222,Stage 2,Stage 2,0.0,1.0
230,223,Stage 4,Stage 4,0.9962742154207905,0.9962742154207905
230,224,Stage 0,Stage 0,0.0,1.0
230,225,Stage 3,Stage 3,0.0,1.0
230,226,Stage 2,Stage 2,0.0,1.0
230,227,Stage 0,Stage 0,0.0,1.0
230,228,Stage 0,Stage 0,0.0,1.0
230,229,Stage 0,Stage 0,0.0,1.0
230,230,Stage 2,Stage 2,0.0,1.0
230,231,Stage 2,Stage 2,0.0,1.0
230,232,Stage 0,Stage 0,0.0,1.0
230,233,Stage 0,Stage 0,0.0,1.0
230,234,Stage 0,Stage 0,0.0,1.0
230,235,Stage 1,Stage 1,0.0,1.0
230,236,Stage 1,Stage 1,0.0,1.0
230,237,Stage 0,Stage 0,0.0,1.0
230,238,Stage 0,Stage 0,0.0,1.0
230,239,Stage 2,Stage 2,0.0,1.0
230,240,Stage 0,Stage 0,0.0,1.0
230,241,Stage 1,Stage 1,0.0,1.0
230,242,Stage 2,Stage 4,0.647141386050722,0.647141386050722
230,243,Stage 1,Stage 1,0.0,1.0
230,244,Stage 0,Stage 0,0.0,1.0
230,245,Stage 0,Stage 0,0.0,1.0
230,246,Stage 0,Stage 0,0.0,1.0
230,247,Stage 2,Stage 4,0.8893426483343351,0.8893426483343351
230,248,Stage 1,Stage 1,0.0,1.0
230,249,Stage 0,Stage 0,0.0,1.0
230,250,Stage 0,Stage 0,0.0,1.0
235,1,Stage 0,Stage 0,0.0,1.0
235,2,Stage 2,Stage 2,0.0,1.0
235,3,Stage 0,Stage 0,0.0,1.0
235,4,Stage 3,Stage 3,0.0,1.0
235,5,Stage 3,Stage 3,0.0,1.0
235,6,Stage 1,Stage 1,0.0,1.0
235,7,Stage 0,Stage 0,0.0,1.0
235,8,Stage 4,Stage 4,0.9985007302536165,0.9985007302536165
235,9,Stage 1,Stage 1,0.0,1.0
235,10,Stage 2,Stage 2,0.0,1.0
235,11,Stage 3,Stage 3,0.0,1.0
235,12,Stage 2,Stage 2,0.0,1.0
235,13,Stage 0,Stage 0,0.0,1.0
235,14,Stage 3,Stage 3,0.0,1.0
235,15,Stage 2,Stage 2,0.0,1.0
235,16,Stage 3,Stage 3,0.0,1.0
235,17,Stage 0,Stage 0,0.0,1.0
235,18,Stage 1,Stage 1,0.0,1.0
235,19,Stage 0,Stage 0,0.0,1.0
235,20,Stage 1,Stage 1,0.0,1.0
235,21,Stage 0,Stage 0,0.0,1.0
235,22,Stage 0,Stage 0,0.0,1.0
235,23,Stage 2,Stage 2,0.0,1.0
235,24,Stage 0,Stage 0,0.0,1.0
235,25,Stage 4,Stage 4,0.9989387997231959,0.9989387997231959
235,26,Stage 3,Stage 3,0.0,1.0
235,27,Stage 4,Stage 4,0.9978609539488698,0.9978609539488698
235,28,Stage 4,Stage 4,0.9989387997231959,0.9989387997231959
235,29,Stage 0,Stage 0,0.0,1.0
235,30,Stage 0,Stage 0,0.0,1.0
235,31,Stage 2,Stage 2,0.0,1.0
235,32,Stage 0,Stage 0,0.0,1.0
235,33,Stage 0,Stage 0,0.0,1.0
235,34,Stage 2,Stage 2,0.0,1.0
235,35,Stage 2,Stage 2,0.0,1.0
235,36,Stage 0,Stage 0,0.0,1.0
235,37,Stage 2,Stage 2,0.0,1.0
235,38,Stage 2,Stage 2,0.0,1.0
235,39,Stage 2,Stage 2,0.0,1.0
235,40,Stage 0,Stage 0,0.0,1.0
235,41,Stage 0,Stage 0,0.0,1.0
235,42,Stage 0,Stage 0,0.0,1.0
235,43,Stage 2,Stage 2,0.0,1.0
235,44,Stage 2,Stage 2,0.0,1.0
235,45,Stage 3,Stage 3,0.0,1.0
235,46,Stage 1,Stage 1,0.0,1.0
235,47,Stage 0,Stage 0,0.0,1.0
235,48,Stage 0,Stage 0,0.0,1.0
235,49,Stage 3,Stage 3,0.0,1.0
235,50,Stage 1,Stage 1,0.0,1.0
235,51,Stage 3,Stage 3,0.0,1.0
235,52,Stage 0,Stage 0,0.0,1.0
235,53,Stage 4,Stage 4,0.8944410255352568,0.8944410255352568
235,54,Stage 1,Stage 1,0.0,1.0
235,55,Stage 0,Stage 0,0.0,1.0
235,56,Stage 2,Stage 2,0.0,1.0
235,57,Stage 1,Stage 1,0.0,1.0
235,58,Stage 4,Stage 4,0.9985007302536165,0.9985007302536165
235,59,Stage 2,Stage 2,0.0,1.0
235,60,Stage 4,Stage 4,0.9958251419178974,0.9958251419178974
235,61,Stage 1,Stage 1,0.0,1.0
235,62,Stage 3,Stage 3,0.0,1.0
235,63,Stage 2,Stage 2,0.0,1.0
235,64,Stage 3,Stage 3,0.0,1.0
235,65,Stage 2,Stage 2,0.0,1.0
235,66,Stage 0,Stage 0,0.0,1.0
235,67,Stage 3,Stage 3,0.0,1.0
235,68,Stage 1,Stage 1,0.0,1.0
235,69,Stage 1,Stage 1,0.0,1.0
235,70,Stage 0,Stage 0,0.0,1.0
235,71,Stage 1,Stage 1,0.0,1.0
235,72,Stage 1,Stage 1,0.0,1.0
235,73,Stage 3,Stage 3,0.0,1.0
235,74,Stage 0,Stage 0,0.0,1.0
235,75,Stage 1,Stage 1,0.0,1.0
235,76,Stage 2,Stage 2,0.0,1.0
235,77,Stage 1,Stage 1,0.0,1.0
235,78,Stage 4,Stage 4,0.8893426483343351,0.8893426483343351
235,79,Stage 0,Stage 0,0.0,1.0
235,80,Stage 0,Stage 0,0.0,1.0
235,81,Stage 0,Stage 0,0.0,1.0
235,82,Stage 2,Stage 2,0.0,1.0
235,83,Stage 1,Stage 1,0.0,1.0
235,84,Stage 2,Stage 2,0.0,1.0
235,85,Stage 2,Stage 2,0.0,1.0
235,86,Stage 3,Stage 3,0.0,1.0
235,87,Stage 0,Stage 0,0.0,1.0
235,88,Stage 0,Stage 0,0.0,1.0
235,89,Stage 2,Stage 2,0.0,1.0
235,90,Stage 0,Stage 0,0.0,1.0
235,91,Stage 3,Stage 3,0.0,1.0
235,92,Stage 2,Stage 2,0.0,1.0
235,93,Stage 4,Stage 4,0.9990286822294617,0.9990286822294617
235,94,Stage 2,Stage 2,0.0,1.0
235,95,Stage 1,Stage 1,0.0,1.0
235,96,Stage 4,Stage 4,0.9975878016129752,0.9975878016129752
235,97,Stage 4,Stage 4,0.9155991037574143,0.9155991037574143
235,98,Stage 3,Stage 3,0.0,1.0
235,99,Stage 4,Stage 4,0.9999339624760237,0.9999339624760237
235,100,Stage 0,Stage 0,0.0,1.0
235,101,Stage 0,Stage 0,0.0,1.0
235,102,Stage 4,Stage 4,0.6205878773057801,0.6205878773057801
235,103,Stage 2,Stage 2,0.0,1.0
235,104,Stage 1,Stage 1,0.0,1.0
235,105,Stage 0,Stage 0,0.0,1.0
235,106,Stage 0,Stage 0,0.0,1.0
235,107,Stage 0,Stage 0,0.0,1.0
235,108,Stage 1,Stage 1,0.0,1.0
235,109,Stage 0,Stage 0,0.0,1.0
235,110,Stage 2,Stage 2,0.0,1.0
235,111,Stage 0,Stage 0,0.0,1.0
235,112,Stage 0,Stage 0,0.0,1.0
235,113,Stage 0,Stage 0,0.0,1.0
235,114,Stage 0,Stage 0,0.0,1.0
235,115,Stage 3,Stage 3,0.0,1.0
235,116,Stage 3,Stage 3,0.0,1.0
235,117,Stage 2,Stage 2,0.0,1.0
235,118,Stage 4,Stage 4,0.9837900103016276,0.9837900103016276
235,119,Stage 0,Stage 0,0.0,1.0
235,120,Stage 3,Stage 3,0.0,1.0
235,121,Stage 2,Stage 2,0.0,1.0
235,122,Stage 4,Stage 4,0.989424647390052,0.989424647390052
235,123,Stage 0,Stage 0,0.0,1.0
235,124,Stage 0,Stage 0,0.0,1.0
235,125,Stage 2,Stage 2,0.0,1.0
235,126,Stage 3,Stage 3,0.0,1.0
235,127,Stage 0,Stage 0,0.0,1.0
235,128,Stage 4,Stage 4,0.9998070080552094,0.9998070080552094
235,129,Stage 0,Stage 0,0.0,1.0
235,130,Stage 0,Stage 0,0.0,1.0
235,131,Stage 0,Stage 0,0.0,1.0
235,132,Stage 4,Stage 4,0.9548086382382833,0.9548086382382833
235,133,Stage 0,Stage 0,0.0,1.0
235,134,Stage 0,Stage 0,0.0,1.0
235,135,Stage 1,Stage 1,0.0,1.0
235,136,Stage 0,Stage 0,0.0,1.0
235,137,Stage 0,Stage 0,0.0,1.0
235,138,Stage 3,Stage 3,0.0,1.0
235,139,Stage 1,Stage 1,0.0,1.0
235,140,Stage 2,Stage 2,0.0,1.0
235,141,Stage 4,Stage 4,0.9878025947614272,0.9878025947614272
235,142,Stage 4,Stage 4,0.9998070080552094,0.9998070080552094
235,143,Stage 0,Stage 0,0.0,1.0
235,144,Stage 2,Stage 2,0.0,1.0
235,145,Stage 3,Stage 3,0.0,1.0
235,146,Stage 1,Stage 1,0.0,1.0
235,147,Stage 0,Stage 0,0.0,1.0
235,148,Stage 2,Stage 2,0.0,1.0
235,149,Stage 0,Stage 0,0.0,1.0
235,150,Stage 0,Stage 0,0.0,1.0
235,151,Stage 0,Stage 0,0.0,1.0
235,152,Stage 0,Stage 0,0.0,1.0
235,153,Stage 0,Stage 0,0.0,1.0
235,154,Stage 3,Stage 3,0.0,1.0
235,155,Stage 4,Stage 4,0.5879670616093844,0.5879670616093844
235,156,Stage 1,Stage 1,0.0,1.0
235,157,Stage 2,Stage 2,0.0,1.0
235,158,Stage 0,Stage 0,0.0,1.0
235,159,Stage 0,Stage 0,0.0,1.0
235,160,Stage 0,Stage 0,0.0,1.0
235,161,Stage 1,Stage 1,0.0,1.0
235,162,Stage 1,Stage 1,0.0,1.0
235,163,Stage 0,Stage 0,0.0,1.0
235,164,Stage 3,Stage 3,0.0,1.0
235,165,Stage 2,Stage 2,0.0,1.0
235,166,Stage 1,Stage 1,0.0,1.0
235,167,Stage 0,Stage 0,0.0,1.0
235,168,Stage 0,Stage 0,0.0,1.0
235,169,Stage 0,Stage 0,0.0,1.0
235,170,Stage 0,Stage 0,0.0,1.0
235,171,Stage 3,Stage 3,0.0,1.0
235,172,Stage 4,Stage 4,0.9975878016129752,0.9975878016129752
235,173,Stage 3,Stage 3,0.0,1.0
235,174,Stage 1,Stage 1,0.0,1.0
235,175,Stage 3,Stage 3,0.0,1.0
235,176,Stage 3,Stage 3,0.0,1.0
235,177,Stage 0,Stage 0,0.0,1.0
235,178,Stage 3,Stage 3,0.0,1.0
235,179,Stage 2,Stage 2,0.0,1.0
235,180,Stage 4,Stage 4,0.9849264415716236,0.9849264415716236
235,181,Stage 0,Stage 0,0.0,1.0
235,182,Stage 2,Stage 2,0.0,1.0
235,183,Stage 0,Stage 0,0.0,1.0
235,184,Stage 4,Stage 4,0.9797670875759311,0.9797670875759311
235,185,Stage 2,Stage 4,0.8642681022944091,0.8642681022944091
235,186,Stage 2,Stage 2,0.0,1.0
235,187,Stage 0,Stage 0,0.0,1.0
235,188,Stage 2,Stage 4,0.5997753322493038,0.5997753322493038
235,189,Stage 2,Stage 4,0.6446689690177482,0.6446689690177482
235,190,Stage 0,Stage 0,0.0,1.0
235,191,Stage 0,Stage 0,0.0,1.0
235,192,Stage 2,Stage 2,0.0,1.0
235,193,Stage 0,Stage 0,0.0,1.0
235,194,Stage 0,Stage 0,0.0,1.0
235,195,Stage 0,Stage 0,0.0,1.0
235,196,Stage 2,Stage 4,0.6205878773057801,0.6205878773057801
235,197,Stage 2,Stage 4,0.7462243382352246,0.7462243382352246
235,198,Stage 2,Stage 4,0.6517868886107425,0.6517868886107425
235,199,Stage 0,Stage 0,0.0,1.0
242,1,Stage 2,Stage 2,0.0,1.0
242,2,Stage 0,Stage 0,0.0,1.0
242,3,Stage 0,Stage 0,0.0,1.0
242,4,Stage 4,Stage 4,0.9849264415716236,0.9849264415716236
242,5,Stage 0,Stage 0,0.0,1.0
242,6,Stage 0,Stage 0,0.0,1.0
242,7,Stage 0,Stage 0,0.0,1.0
242,8,Stage 4,Stage 4,0.647141386050722,0.647141386050722
242,9,Stage 0,Stage 0,0.0,1.0
242,10,Stage 1,Stage 1,0.0,1.0
242,11,Stage 0,Stage 0,0.0,1.0
242,12,Stage 0,Stage 0,0.0,1.0
242,13,Stage 3,Stage 3,0.0,1.0
242,14,Stage 0,Stage 0,0.0,1.0
242,15,Stage 2,Stage 2,0.0,1.0
242,16,Stage 4,Stage 4,0.9990286822294617,0.9990286822294617
242,17,Stage 3,Stage 3,0.0,1.0
242,18,Stage 0,Stage 0,0.0,1.0
242,19,Stage 4,Stage 4,0.9978609539488698,0.9978609539488698
242,20,Stage 2,Stage 2,0.0,1.0
242,21,Stage 2,Stage 2,0.0,1.0
242,22,Stage 0,Stage 0,0.0,1.0
242,23,Stage 2,Stage 2,0.0,1.0
242,24,Stage 1,Stage 1,0.0,1.0
242,25,Stage 0,Stage 0,0.0,1.0
242,26,Stage 0,Stage 0,0.0,1.0
242,27,Stage 0,Stage 0,0.0,1.0
242,28,Stage 4,Stage 4,0.9985007302536165,0.9985007302536165
242,29,Stage 0,Stage 0,0.0,1.0
242,30,Stage 3,Stage 3,0.0,1.0
242,31,Stage 0,Stage 0,0.0,1.0
242,32,Stage 0,Stage 0,0.0,1.0
242,33,Stage 2,Stage 2,0.0,1.0
242,34,Stage 2,Stage 2,0.0,1.0
242,35,Stage 0,Stage 0,0.0,1.0
242,36,Stage 2,Stage 2,0.0,1.0
242,37,Stage 4,Stage 4,0.9990286822294617,0.9990286822294617
242,38,Stage 0,Stage 0,0.0,1.0
242,39,Stage 0,Stage 0,0.0,1.0
242,40,Stage 1,Stage 1,0.0,1.0
242,41,Stage 0,Stage 0,0.0,1.0
242,42,Stage 0,Stage 0,0.0,1.0
242,43,Stage 2,Stage 2,0.0,1.0
242,44,Stage 0,Stage 0,0.0,1.0
242,45,Stage 3,Stage 3,0.0,1.0
242,46,Stage 1,Stage 1,0.0,1.0
242,47,Stage 1,Stage 1,0.0,1.0
242,48,Stage 0,Stage 0,0.0,1.0
242,49,Stage 3,Stage 3,0.0,1.0
242,50,Stage 1,Stage 1,0.0,1.0
242,51,Stage 2,Stage 2,0.0,1.0
242,52,Stage 0,Stage 0,0.0,1.0
242,53,Stage 0,Stage 0,0.0,1.0
242,54,Stage 0,Stage 0,0.0,1.0
242,55,Stage 0,Stage 0,0.0,1.0
242,56,Stage 0,Stage 0,0.0,1.0
242,57,Stage 3,Stage 3,0.0,1.0
242,58,Stage 2,Stage 2,0.0,1.0
242,59,Stage 4,Stage 4,0.9989387997231959,0.9989387997231959
242,60,Stage 1,Stage 1,0.0,1.0
242,61,Stage 4,Stage 4,0.84461479593568,0.84461479593568
242,62,Stage 1,Stage 1,0.0,1.0
242,63,Stage 2,Stage 2,0.0,1.0
242,64,Stage 3,Stage 3,0.0,1.0
242,65,Stage 0,Stage 0,0.0,1.0
242,66,Stage 1,Stage 1,0.0,1.0
242,67,Stage 0,Stage 0,0.0,1.0
242,68,Stage 1,Stage 1,0.0,1.0
242,69,Stage 3,Stage 3,0.0,1.0
242,70,Stage 0,Stage 0,0.0,1.0
242,71,Stage 1,Stage 1,0.0,1.0
242,72,Stage 3,Stage 3,0.0,1.0
242,73,Stage 0,Stage 0,0.0,1.0
242,74,Stage 1,Stage 1,0.0,1.0
242,75,Stage 3,Stage 3,0.0,1.0
242,76,Stage 0,Stage 0,0.0,1.0
242,77,Stage 1,Stage 1,0.0,1.0
242,78,Stage 0,Stage 0,0.0,1.0
242,79,Stage 0,Stage 0,0.0,1.0
242,80,Stage 0,Stage 0,0.0,1.0
242,81,Stage 1,Stage 1,0.0,1.0
242,82,Stage 0,Stage 0,0.0,1.0
242,83,Stage 0,Stage 0,0.0,1.0
242,84,Stage 1,Stage 1,0.0,1.0
242,85,Stage 4,Stage 4,0.9145746078965359,0.9145746078965359
242,86,Stage 4,Stage 4,0.9892898864791082,0.9892898864791082
242,87,Stage 0,Stage 0,0.0,1.0
242,88,Stage 4,Stage 4,0.9917133180587698,0.9917133180587698
242,89,Stage 2,Stage 2,0.0,1.0
242,90,Stage 3,Stage 3,0.0,1.0
242,91,Stage 2,Stage 2,0.0,1.0
242,92,Stage 4,Stage 4,0.9975878016129752,0.9975878016129752
242,93,Stage 2,Stage 2,0.0,1.0
242,94,Stage 0,Stage 0,0.0,1.0
242,95,Stage 0,Stage 0,0.0,1.0
242,96,Stage 1,Stage 1,0.0,1.0
242,97,Stage 3,Stage 3,0.0,1.0
242,98,Stage 1,Stage 1,0.0,1.0
242,99,Stage 2,Stage 2,0.0,1.0
242,100,Stage 0,Stage 0,0.0,1.0
242,101,Stage 0,Stage 0,0.0,1.0
242,102,Stage 0,Stage 0,0.0,1.0
242,103,Stage 2,Stage 2,0.0,1.0
242,104,Stage 1,Stage 1,0.0,1.0
242,105,Stage 0,Stage 0,0.0,1.0
242,106,Stage 0,Stage 0,0.0,1.0
242,107,Stage 3,Stage 3,0.0,1.0
242,108,Stage 0,Stage 0,0.0,1.0
242,109,Stage 3,Stage 3,0.0,1.0
242,110,Stage 1,Stage 1,0.0,1.0
242,111,Stage 2,Stage 2,0.0,1.0
242,112,Stage 1,Stage 1,0.0,1.0
242,113,Stage 0,Stage 0,0.0,1.0
242,114,Stage 0,Stage 0,0.0,1.0
242,115,Stage 0,Stage 0,0.0,1.0
242,116,Stage 1,Stage 1,0.0,1.0
242,117,Stage 0,Stage 0,0.0,1.0
242,118,Stage 0,Stage 0,0.0,1.0
242,119,Stage 3,Stage 3,0.0,1.0
242,120,Stage 0,Stage 0,0.0,1.0
242,121,Stage 3,Stage 3,0.0,1.0
242,122,Stage 3,Stage 3,0.0,1.0
242,123,Stage 4,Stage 4,0.9488239418133202,0.9488239418133202
242,124,Stage 0,Stage 0,0.0,1.0
242,125,Stage 0,Stage 0,0.0,1.0
242,126,Stage 4,Stage 4,0.9849264415716236,0.9849264415716236
242,127,Stage 0,Stage 0,0.0,1.0
242,128,Stage 3,Stage 3,0.0,1.0
242,129,Stage 0,Stage 0,0.0,1.0
242,130,Stage 0,Stage 0,0.0,1.0
242,131,Stage 4,Stage 4,0.8891057929150975,0.8891057929150975
242,132,Stage 0,Stage 0,0.0,1.0
242,133,Stage 2,Stage 2,0.0,1.0
242,134,Stage 2,Stage 2,0.0,1.0
242,135,Stage 2,Stage 2,0.0,1.0
242,136,Stage 3,Stage 3,0.0,1.0
242,137,Stage 0,Stage 0,0.0,1.0
242,138,Stage 2,Stage 2,0.0,1.0
242,139,Stage 2,Stage 2,0.0,1.0
242,140,Stage 0,Stage 0,0.0,1.0
242,141,Stage 4,Stage 4,0.7884846171590882,0.7884846171590882
242,142,Stage 3,Stage 3,0.0,1.0
242,143,Stage 0,Stage 0,0.0,1.0
242,144,Stage 0,Stage 0,0.0,1.0
242,145,Stage 1,Stage 1,0.0,1.0
242,146,Stage 3,Stage 3,0.0,1.0
242,147,Stage 2,Stage 2,0.0,1.0
242,148,Stage 0,Stage 0,0.0,1.0
242,149,Stage 1,Stage 1,0.0,1.0
242,150,Stage 0,Stage 0,0.0,1.0
242,151,Stage 1,Stage 1,0.0,1.0
242,152,Stage 3,Stage 3,0.0,1.0
242,153,Stage 2,Stage 2,0.0,1.0
242,154,Stage 4,Stage 4,0.9802639450357651,0.9802639450357651
242,155,Stage 0,Stage 0,0.0,1.0
242,156,Stage 1,Stage 1,0.0,1.0
242,157,Stage 2,Stage 2,0.0,1.0
242,158,Stage 0,Stage 0,0.0,1.0
242,159,Stage 3,Stage 3,0.0,1.0
242,160,Stage 0,Stage 0,0.0,1.0
242,161,Stage 0,Stage 0,0.0,1.0
242,162,Stage 3,Stage 3,0.0,1.0
242,163,Stage 1,Stage 1,0.0,1.0
242,164,Stage 0,Stage 0,0.0,1.0
242,165,Stage 4,Stage 4,0.8445403232878554,0.8445403232878554
242,166,Stage 1,Stage 1,0.0,1.0
242,167,Stage 0,Stage 0,0.0,1.0
242,168,Stage 3,Stage 3,0.0,1.0
242,169,Stage 4,Stage 4,0.9632199222745819,0.9632199222745819
242,170,Stage 0,Stage 0,0.0,1.0
242,171,Stage 1,Stage 1,0.0,1.0
242,172,Stage 1,Stage 1,0.0,1.0
242,173,Stage 4,Stage 4,0.9286613700329731,0.9286613700329731
242,174,Stage 0,Stage 0,0.0,1.0
242,175,Stage 0,Stage 0,0.0,1.0
242,176,Stage 0,Stage 0,0.0,1.0
242,177,Stage 0,Stage 0,0.0,1.0
242,178,Stage 0,Stage 0,0.0,1.0
242,179,Stage 3,Stage 3,0.0,1.0
242,180,Stage 0,Stage 0,0.0,1.0
242,181,Stage 3,Stage 3,0.0,1.0
242,182,Stage 0,Stage 0,0.0,1.0
242,183,Stage 2,Stage 2,0.0,1.0
242,184,Stage 1,Stage 1,0.0,1.0
242,185,Stage 3,Stage 3,0.0,1.0
242,186,Stage 0,Stage 0,0.0,1.0
242,187,Stage 0,Stage 0,0.0,1.0
242,188,Stage 1,Stage 1,0.0,1.0
242,189,Stage 4,Stage 2,0.44897537838504237,0.5510246216149578
242,190,Stage 0,Stage 0,0.0,1.0
242,191,Stage 2,Stage 2,0.0,1.0
242,192,Stage 2,Stage 2,0.0,1.0
242,193,Stage 1,Stage 1,0.0,1.0
242,194,Stage 0,Stage 0,0.0,1.0
242,195,Stage 1,Stage 1,0.0,1.0
242,196,Stage 0,Stage 0,0.0,1.0
242,197,Stage 1,Stage 1,0.0,1.0
242,198,Stage 3,Stage 3,0.0,1.0
242,199,Stage 2,Stage 2,0.0,1.0
242,200,Stage 1,Stage 1,0.0,1.0
242,201,Stage 0,Stage 0,0.0,1.0
242,202,Stage 2,Stage 2,0.0,1.0
242,203,Stage 3,Stage 3,0.0,1.0
242,204,Stage 0,Stage 0,0.0,1.0
242,205,Stage 0,Stage 0,0.0,1.0
242,206,Stage 2,Stage 2,0.41324540336068666,0.5867545966393132
242,207,Stage 2,Stage 2,0.0,1.0
242,208,Stage 3,Stage 3,0.0,1.0
242,209,Stage 3,Stage 3,0.0,1.0
242,210,Stage 2,Stage 2,0.0,1.0
242,211,Stage 2,Stage 2,0.28965788421299005,0.7103421157870102
242,212,Stage 2,Stage 2,0.05578588317935322,0.9442141168206465
242,213,Stage 1,Stage 1,0.0,1.0
242,214,Stage 2,Stage 2,0.2321876521238697,0.7678123478761302
242,215,Stage 2,Stage 2,0.2891317538480124,0.7108682461519877
242,216,Stage 1,Stage 1,0.0,1.0
242,217,Stage 2,Stage 4,0.8947854332115529,0.8947854332115529
242,218,Stage 3,Stage 3,0.0,1.0
242,219,Stage 0,Stage 0,0.0,1.0
242,220,Stage 2,Stage 4,0.6124931794201548,0.6124931794201548
242,221,Stage 0,Stage 0,0.0,1.0
242,222,Stage 0,Stage 0,0.0,1.0
