unit,time,actual_cycles_to_next_stage,random_forest_prediction,ridge_prediction,svr_prediction,xgboost_prediction,weighted_ensemble_prediction
7,1,1.0,1.169986061948568,1.344728621148228,1.1997835076228134,1.1930181,1.2271880941951343
7,2,1.0,1.1221648596757026,1.2970627678784352,1.1995414106804765,1.1669071,1.1962706836578498
7,3,3.0,1.7191137392183062,1.5959602449788248,1.200086682362197,1.6252414,1.5406379719855043
7,4,2.0,1.6497814421376986,1.5950305226600552,1.2000964601105981,1.5927073,1.5145167433831432
7,5,1.0,1.6515503333084272,1.65990619429359,1.1998699207748802,1.626861,1.5400863892996361
7,6,1.0,1.1827092355738207,1.3443759678549019,1.1997835662974599,1.2004491,1.232224203755357
7,7,1.0,1.1929062269309254,1.1147742922922943,1.199755501933211,1.1872948,1.1733213747136284
7,8,2.0,1.7393000651761374,1.5955755322951959,1.2000907238337526,1.7838182,1.5863147542583305
7,9,1.0,1.6497808648037355,1.5942610972927977,1.200104579958601,1.6080896,1.5182683889324473
7,10,1.0,1.1687790490511845,1.1141651638765488,1.1997591694395402,1.1573049,1.15937191385631
7,11,1.0,1.6857301577893467,1.5954472947339864,1.2000920724037833,1.7339035,1.5599262101085438
7,12,1.0,1.2124632235126784,1.3454659871251833,1.199783403805533,1.2265123,1.2467131315618014
7,13,1.0,1.1976784282531596,1.1147422329019918,1.1997556949686798,1.1872948,1.174520969087479
7,14,1.0,1.6999185129366248,1.5944855130249145,1.2001022090586855,1.7141206,1.5582026860528884
7,15,1.0,1.1720538535752225,1.3456904028573,1.1997833772818158,1.1772541,1.2239122857169076
7,16,1.0,1.1641984339211935,1.2957803922663396,1.1995422462877274,1.1717614,1.2078282642806073
7,17,1.0,1.6464311335412385,1.5938122658285643,1.2001093281874209,1.6307818,1.523127327742583
7,18,1.0,1.1669269759977592,1.114101045095944,1.199759555467417,1.1717896,1.162601503136525
7,19,1.0,1.670538944496338,1.594677869366729,1.2001001785789074,1.6463499,1.5334372005434815
7,20,1.0,1.1658798463129276,1.1160887272946924,1.1997475866366567,1.1576169,1.1592022858851343
7,21,2.0,1.6397699366547118,1.6613168074668954,1.1998686287637048,1.6894388,1.5535090668279898
7,22,1.0,1.7160649934189822,1.593555790706145,1.2001120453096752,1.6911229,1.5561583682282825
7,23,1.0,1.1774382909095145,1.3450171556609498,1.1997834639556777,1.186647,1.2275132115450025
7,24,1.0,1.162513493553428,1.295748332876037,1.1995422692668607,1.1748031,1.2081737789836138
7,25,1.0,1.6172126408626901,1.594838166318241,1.200098487696658,1.5399392,1.4926949743683937
7,26,1.0,1.1687790490511845,1.1141651638765488,1.1997591694395402,1.1573049,1.15937191385631
7,27,1.0,1.7961510710281017,1.5934275531449356,1.2001134049086668,1.8000718,1.6043313862879645
7,28,1.0,1.1893181339821637,1.343991255171273,1.1997836369483321,1.2014924,1.234066859214579
7,29,1.0,1.1582552313045216,1.1138125105832224,1.1997612925286305,1.1699439,1.1598611211055532
7,30,1.0,1.225222975222609,1.297607777513576,1.199541104811532,1.1723871,1.2238938963070658
7,31,1.0,1.1781125408377264,1.115479598878947,1.199751254872641,1.1784981,1.1674993391475241
7,32,1.0,1.1449305274172912,1.2974154211717617,1.1995412094107734,1.1723871,1.2035262969994698
7,33,1.0,1.1805636226896652,1.1389258157384132,1.2004971250352967,1.1936113,1.1781056079766146
7,34,1.0,1.1962294905989044,1.1133316197286864,1.1997641873736822,1.2022048,1.1776228017854602
7,35,2.0,1.7535450941035429,1.5957678886370104,1.2000887023030098,1.6813956,1.5637029776986884
7,36,1.0,1.670538944496338,1.594677869366729,1.2001001785789074,1.6463499,1.5334372005434815
7,37,1.0,1.151807983534213,1.3452415713930665,1.1997834326949595,1.1714095,1.2171764732197903
7,38,1.0,1.6258720744815072,1.59509464144066,1.2000957845886016,1.6960963,1.53499491558072
7,39,2.0,1.2199116941894639,1.2972551242202495,1.1995412993690346,1.1723871,1.222460617457797
7,40,1.0,1.1589307201610433,1.2965177582432945,1.1995417459361912,1.1644905,1.2048171651130728
7,41,3.0,1.6409925853598544,1.5947419881473337,1.2000995020952943,1.5928975,1.5122691116903564
7,42,2.0,1.7534697414980878,1.5955434729048936,1.2000910609130824,1.7838182,1.5898925241580197
7,43,1.0,1.6245705964842807,1.660547382099638,1.199869316552727,1.6255159,1.5330760348529453
7,44,1.0,1.1433301179676372,1.1391181720802275,1.2004973106825902,1.1586083,1.159755942329062
7,45,2.0,1.6686669780596843,1.5936840282673546,1.200110686401031,1.5600686,1.5105888377306733
7,46,1.0,1.5826559677715926,1.6606115008802427,1.1998692576988754,1.6050233,1.5172302147361272
7,47,2.0,1.1691137129831615,1.2976398369038784,1.1995410877373038,1.1723871,1.209702898030316
7,48,1.0,1.174838548323692,1.2971589460493425,1.1995413545723521,1.1723871,1.211030003075396
7,49,1.0,1.6503196187156381,1.6600344318547995,1.1998697976770336,1.5986786,1.5325803617469023
7,50,1.0,1.2114403588760092,1.138893756348111,1.2004970943467617,1.1936113,1.1859112081020542
7,51,1.0,1.6310517293478595,1.6616694607602218,1.199868327096649,1.746073,1.5659150527204146
7,52,1.0,1.1867472658588345,1.3448568587094376,1.199783487732082,1.186647,1.2298283975136015
7,53,3.0,1.702927132995622,1.661445045028105,1.1998685180821786,1.746073,1.5840472213534675
7,54,2.0,1.6787549334372809,1.5934916719255403,1.2001127250213826,1.6414815,1.5339707315245577
7,55,1.0,1.7209135139883298,1.5954152353436841,1.2000924096481962,1.7339035,1.5688217383267347
7,56,2.0,1.2328269456532555,1.1389578751287155,1.2004971557969917,1.1936113,1.1913395754489782
7,57,1.0,1.1343789303691478,1.1379960934196438,1.2004962642504122,1.1472574,1.1542957726059826
7,58,1.0,1.1835704463150278,1.114678114121387,1.1997560810396288,1.1817158,1.1695039838798582
7,59,2.0,1.1960361251648353,1.139182290860832,1.2004973731397937,1.1586083,1.1731100567721684
7,60,1.0,1.1703612021782988,1.1397593598862756,1.2004979482252418,1.1656498,1.1685645797746858
7,61,1.0,1.6645194617143122,1.593876384609169,1.2001086493497122,1.763314,1.5617068882807694
7,62,1.0,1.1893684263121547,1.1122095410681025,1.1997709405824712,1.2217907,1.180626673255164
7,63,1.0,1.1805636226896652,1.1389258157384132,1.2004971250352967,1.1936113,1.1781056079766146
7,64,2.0,1.1987028551503878,1.3457224622476023,1.1997833736856405,1.1772541,1.2306642404310213
7,65,1.0,1.1764589599951116,1.3447927399288329,1.199783497581752,1.186647,1.2272085973148523
7,66,1.0,1.6258764365241105,1.5939405033897738,1.200107970672896,1.5973891,1.5093947786631672
7,67,1.0,1.1803256326965283,1.1155116582692495,1.1997510618140124,1.1784981,1.168067455177022
7,68,2.0,1.6299943336484668,1.660066491245102,1.199869767077651,1.5986786,1.52744491559163
7,69,1.0,1.6148938085201723,1.65762997758212,1.1998722937567943,1.6656135,1.5401720904421683
7,70,1.0,1.1329577529443358,1.2979604308069024,1.1995409225459215,1.1516759,1.1953231972189884
7,71,1.0,1.1960361251648353,1.139182290860832,1.2004973731397937,1.1586083,1.1731100567721684
7,72,2.0,1.7369860103277677,1.595832007417615,1.2000880288207505,1.7737604,1.5832142372718627
7,73,1.0,1.6266778499042183,1.5947740475376362,1.200099163907706,1.5928975,1.5086546326115364
7,74,1.0,1.164867643575325,1.1141972232668511,1.1997589764212349,1.1573049,1.158390153976526
7,75,1.0,1.7351881609925968,1.6601947288063115,1.199869645381723,1.7618678,1.595945457760902
7,76,1.0,1.1925657758310315,1.1123377786293123,1.1997701689025944,1.1833042,1.1715987615823518
7,77,1.0,1.782161449073157,1.5956075916854984,1.2000903868027868,1.7762643,1.5952322720427403
7,78,1.0,1.1723123013132706,1.296549817633597,1.1995417253966993,1.1644905,1.2082116393787046
7,79,2.0,1.1960361251648353,1.139182290860832,1.2004973731397937,1.1586083,1.1731100567721684
7,80,1.0,1.1986999809027319,1.1407532009856494,1.2004989934688686,1.1529022,1.1727188642742503
7,81,1.0,1.1897590241028535,1.1144216389989678,1.199757625278403,1.1880307,1.1726249075266146
7,82,1.0,1.1664430100730698,1.2965818770238993,1.1995417049655492,1.1644905,1.206734454510518
7,83,1.0,1.2124632235126784,1.3454659871251833,1.199783403805533,1.2265123,1.2467131315618014
7,84,1.0,1.1701482974740927,1.1142934014377583,1.199758397368022,1.1738906,1.1640038657706997
7,85,1.0,1.6172126408626901,1.594838166318241,1.200098487696658,1.5399392,1.4926949743683937
7,86,1.0,1.1782512372653924,1.1139728075347344,1.199760327509613,1.1769835,1.1667668672199403
7,87,1.0,1.1410355504212701,1.2959727486081538,1.1995421105774098,1.1635165,1.1999010044537775
7,88,1.0,1.2039575422573687,1.1131072039965697,1.1997655381849326,1.1982279,1.178502170173917
7,89,1.0,1.1801114677207458,1.1395349441541582,1.200497721805008,1.165429,1.1709185296770048
7,90,3.0,1.6405668764300332,1.5949022850988457,1.200097811659454,1.6283349,1.5212889582460065
7,91,2.0,1.707946225779998,1.6610923917347786,1.1998688251732867,1.7047309,1.5746265815959335
7,92,1.0,1.6964860585091739,1.5943893348540072,1.2001032249003727,1.6980873,1.5531984667747167
7,93,1.0,1.1893684263121547,1.1122095410681025,1.1997709405824712,1.2217907,1.180626673255164
7,94,1.0,1.914357523269411,1.6616053419796168,1.199868381314927,1.746073,1.6375926952066862
7,95,1.0,1.1707888739857695,1.2959406892178515,1.199542132942508,1.1635165,1.207422324429588
7,96,1.0,1.2243192338563882,1.1150307674147135,1.1997539575993141,1.2129347,1.1879103304510283
7,97,2.0,1.1834868935540706,1.3446965617579258,1.1997835127151613,1.1930181,1.2305965262635223
7,98,1.0,1.1713070231953349,1.3453056901736713,1.1997834241979803,1.1714095,1.2221271580111221
7,99,1.0,1.1897590241028535,1.1144216389989678,1.199757625278403,1.1880307,1.1726249075266146
7,100,2.0,1.5458112780531648,1.5936519688770523,1.2001110260646615,1.5600686,1.47949072883069
7,101,1.0,1.661907239367197,1.5937802064382618,1.200109667673502,1.6767758,1.5388302428359375
7,102,1.0,1.1816478466877212,1.3444400866355064,1.1997835551962162,1.2311598,1.2398471535123363
7,103,1.0,1.1687790490511845,1.1141651638765488,1.1997591694395402,1.1573049,1.15937191385631
7,104,2.0,1.7475472607757327,1.6601626694160092,1.1998696757053013,1.7618678,1.5990649671848318
7,105,1.0,1.625293528647811,1.6598420755129852,1.199869982747588,1.621523,1.5320567350034626
7,106,1.0,1.224085788429545,1.2944980166542437,1.1995432446435574,1.1768159,1.2239553415498512
7,107,1.0,1.174299326371559,1.1137163324123154,1.1997618715250307,1.1699439,1.1638970660952839
7,108,1.0,1.1893181339821637,1.343991255171273,1.1997836369483321,1.2014924,1.234066859214579
7,109,1.0,1.2122133132102533,1.2955559765342228,1.1995424092530504,1.1946213,1.2257843573923077
7,110,1.0,1.1624957453742188,1.1136842730220131,1.1997620645210303,1.1740649,1.1619587247837222
7,111,2.0,1.5592373332112717,1.6594573628293565,1.199870360511831,1.5205693,1.4893550282750523
7,112,1.0,1.5965162910159112,1.5958961261982199,1.20008735549997,1.6252414,1.5095971829104224
7,113,1.0,1.1681838269418494,1.1137804511929201,1.1997614855297487,1.1699439,1.1623656015607333
7,114,1.0,1.1995688774783066,1.1373869650038984,1.2004957330112556,1.183132,1.1798381103527338
7,115,1.0,1.155678067114136,1.296806292756016,1.1995415647802636,1.176445,1.2071326032116598
7,116,1.0,1.1938329492508313,1.1128186694838482,1.1997672748237889,1.20506,1.1776194075364792
7,117,1.0,1.1441521786170943,1.2982169059293214,1.1995407977200225,1.1932194,1.2088741799654947
7,118,1.0,1.1896951901087605,1.1368098959784554,1.2004952535813258,1.197013,1.1807528993617242
7,119,1.0,1.2361447141868245,1.3430615328525035,1.1997838362435718,1.2541498,1.2591848686607257
7,120,1.0,1.199533250460041,1.1131392633868722,1.1997653452171357,1.1982279,1.1773906184039795
7,121,1.0,1.173014267303392,1.3466201251760697,1.1997832927019314,1.188075,1.2271654213736838
7,122,3.0,1.7043320137433384,1.657950571485144,1.1998719380016694,1.6860936,1.5681383482267153
7,123,2.0,1.6125187227823958,1.5941008003412858,1.2001062747702174,1.5391598,1.4911225187977402
7,124,1.0,1.417880280267986,1.5926260683873756,1.200121918243376,1.5261294,1.4381560269033176
7,125,3.0,1.181761836932969,1.3461392343215335,1.1997833313569097,1.1983749,1.2318987010481157
7,126,2.0,1.213839904499222,1.3425485826076653,1.199783963447793,1.2450023,1.2510648561616196
7,127,1.0,1.2913375804540907,1.3429653546815965,1.199783859164586,1.2583008,1.274192216912676
7,128,1.0,1.6826195659916972,1.5955114135145911,1.2000913980318473,1.7215296,1.5559819615676518
7,129,2.0,1.1329577529443358,1.2979604308069024,1.1995409225459215,1.1516759,1.1953231972189884
7,130,1.0,1.2163226168976773,1.296293342511178,1.199541892524547,1.1644905,1.2192841018228981
7,131,1.0,1.197489994820806,1.1360404706111975,1.2004946503561782,1.2081482,1.1853860607294702
7,132,1.0,1.1725007417936868,1.3441194927324829,1.199783612627494,1.1971539,1.2287309165243463
7,133,1.0,1.2346775032817163,1.2949468481184772,1.1995428767056302,1.2127473,1.2359632972097172
7,134,2.0,1.1989717295491955,1.1126263131420338,1.199768432504144,1.2220389,1.1832254331347414
7,135,1.0,1.1706692626466364,1.1121774816778003,1.1997711334977776,1.1510646,1.157749883137852
7,136,1.0,1.6526838097779677,1.5951587602212647,1.2000951092503656,1.6261276,1.5238535172851597
7,137,1.0,1.1989565689670538,1.1381563903711558,1.2004964083517988,1.1898162,1.1815920817399403
7,138,2.0,1.788188973765098,1.5922734150940492,1.200125672704717,1.7873827,1.5987733920724818
7,139,1.0,1.6377386651955823,1.6591047095360303,1.1998707157394775,1.6143008,1.5331676622516206
7,140,1.0,1.255583510664912,1.3426768201688748,1.199783930501999,1.2598268,1.2654625343810997
7,141,3.0,1.5482818879776317,1.5932993155837258,1.200114765218322,1.5544634,1.4785902244277818
7,142,2.0,1.6717357395631567,1.5947099287570312,1.2000998403078065,1.6893388,1.5447720051181546
7,143,1.0,1.6497814421376986,1.5950305226600552,1.2000964601105981,1.5927073,1.5145167433831432
7,144,2.0,1.2158129478688313,1.1127224913129412,1.1997678536712526,1.20506,1.1831575025396717
7,145,1.0,1.300381331618169,1.1112477593590309,1.1997767271581485,1.284641,1.2245948713990797
7,146,1.0,1.2163226168976773,1.296293342511178,1.199541892524547,1.1644905,1.2192841018228981
7,147,1.0,1.2472487134802384,1.3434462455361322,1.1997837488845537,1.2156147,1.2522104366486433
7,148,1.0,1.186386652234524,1.1350786889021258,1.2004939540611193,1.2090888,1.1825738643138686
7,149,1.0,1.2309174317897247,1.1134598572898962,1.1997634154468366,1.2185128,1.1906151825667035
7,150,1.0,1.1669319672187966,1.2952674420215011,1.1995426261035276,1.1671798,1.2072154319102273
7,151,1.0,1.1593970835008474,1.1342451447542636,1.2004934023544278,1.147496,1.1597381630927326
7,152,1.0,1.1631560261204048,1.1118248283844738,1.1997732554426752,1.1643181,1.159158488097254
7,153,1.0,1.2009979889429132,1.3440233145615754,1.1997836307964425,1.1971539,1.2359181446175853
7,154,1.0,1.1664430100730698,1.2965818770238993,1.1995417049655492,1.1644905,1.206734454510518
7,155,1.0,1.2684118408669922,1.3429974140718988,1.1997838514772043,1.2541498,1.2673342213151266
7,156,1.0,1.2338870688994323,1.1134919166801984,1.1997632224639523,1.206647,1.1883319639541972
7,157,1.0,1.6161003377410201,1.658848234413611,1.1998709794446916,1.611882,1.5270067124119815
7,158,1.0,1.2540441200320567,1.3434783049264345,1.1997837419199187,1.2156147,1.2539382053689616
7,159,1.0,1.6602704524901148,1.6574376212403057,1.1998725106095576,1.6433843,1.5459062063264073
7,160,1.0,1.2967282574196306,1.3416188602888957,1.1997842251534894,1.3642677,1.3023894594208791
7,161,1.0,1.1749187405831174,1.1351748670730328,1.2004940208120551,1.1867164,1.173959063294731
7,162,1.0,1.2723803944724719,1.3428691765106893,1.1997838825138551,1.2583008,1.2693705450749786
7,163,1.0,1.139705767220804,1.296068926779061,1.1995420440915832,1.1635165,1.1995888104387902
7,164,1.0,1.6145848027634342,1.5931710780225163,1.2001161262208184,1.5964175,1.5060953751629007
7,165,1.0,1.1342692155065577,1.1328986503615632,1.2004926122900705,1.1340625,1.1495935067896845
7,166,1.0,1.1552086809251816,1.2970948272687377,1.199541391874867,1.1669071,1.204640918919647
7,167,3.0,1.3301690115579297,1.3411059100440577,1.1997843866815063,1.3228239,1.3000945779655484
7,168,2.0,1.2276581230263663,1.1134277978995937,1.1997636084326009,1.2185128,1.189782309055305
7,169,1.0,1.2824332473701583,1.110285977649959,1.1997825116701752,1.3040304,1.224783011457996
7,170,1.0,1.1976605024776057,1.134918391950614,1.2004938442382769,1.2090888,1.185386253310623
7,171,1.0,1.5592373332112717,1.6594573628293565,1.199870360511831,1.5205693,1.4893550282750523
7,172,1.0,1.1361896370936575,1.1321933437749103,1.2004922481501397,1.1379697,1.1509028735164515
7,173,1.0,1.4168831653154885,1.3397914750416593,1.1997848559957347,1.4675099,1.358808759836942
10,1,2.0,1.6448954341085347,1.5941649191218905,1.200105596714778,1.6336982,1.5235749473115472
10,2,1.0,1.6497808648037355,1.5942610972927977,1.200104579958601,1.6080896,1.5182683889324473
10,3,1.0,1.1624957453742188,1.1136842730220131,1.1997620645210303,1.1740649,1.1619587247837222
10,4,3.0,1.1841408832674998,1.345049215051252,1.1997834593437902,1.186647,1.229217493103075
10,5,2.0,1.2147293457014683,1.3446645023676234,1.1997835178574963,1.1930181,1.2384946836121296
10,6,1.0,1.215818384320786,1.3445683241967163,1.1997835335684472,1.1947109,1.2391800131553816
10,7,1.0,1.6444109324114993,1.5953190571727767,1.2000934216764867,1.6254233,1.5216195308412508
10,8,1.0,1.139705767220804,1.296068926779061,1.1995420440915832,1.1635165,1.1995888104387902
10,9,2.0,1.164867643575325,1.1141972232668511,1.1997589764212349,1.1573049,1.158390153976526
10,10,1.0,1.1582552313045216,1.1138125105832224,1.1997612925286305,1.1699439,1.1598611211055532
10,11,1.0,1.6122336189381579,1.6605153227093354,1.1998693460953958,1.6255159,1.529945911925528
10,12,1.0,1.1910524444201633,1.2967421739754115,1.1995416043308185,1.1750033,1.2156985602614572
10,13,1.0,1.214835327556555,1.343798898829459,1.199783674871381,1.2073308,1.2419727947265295
10,14,2.0,1.6464311335412385,1.5938122658285643,1.2001093281874209,1.6307818,1.523127327742583
10,15,1.0,1.7256824575030876,1.6602588475869164,1.1998695849703547,1.6716883,1.5704308785449532
10,16,3.0,1.1984736009431045,1.1392143502511347,1.200497404476826,1.180394,1.1793216630140149
10,17,2.0,1.15747158062329,1.138284627932365,1.2004965249254027,1.171278,1.166372440479161
10,18,1.0,1.1621086323408223,1.1393746472026465,1.2004975622416678,1.180394,1.1701596834664505
10,19,1.0,1.1592899551023834,1.296389520682085,1.199541829086723,1.1644905,1.2048756414540842
10,20,3.0,1.661907239367197,1.5937802064382618,1.200109667673502,1.6767758,1.5388302428359375
10,21,2.0,1.816230051431959,1.6580788090463536,1.199871797679226,1.8031545,1.62650650608378
10,22,1.0,1.6176861899956732,1.6598741349032875,1.1998699517297846,1.626861,1.53150856479834
10,23,1.0,1.1624957453742188,1.1136842730220131,1.1997620645210303,1.1740649,1.1619587247837222
10,24,1.0,1.1886828618755136,1.2962612831208755,1.1995419138723007,1.1635165,1.2120316860762967
10,25,1.0,1.1952539399627697,1.3442797896839946,1.1997835833102033,1.1937002,1.233643772966708
10,26,1.0,1.197186030289147,1.1129469070450577,1.1997665030008162,1.20506,1.1785002127977129
10,27,1.0,1.6612436734990461,1.6603550257578235,1.1998694948635065,1.6706413,1.5538797165888822
10,28,1.0,1.18774913768882,1.1383166873226676,1.200496554248294,1.171278,1.1740426515559612
10,29,1.0,1.1987028551503878,1.3457224622476023,1.1997833736856405,1.1772541,1.2306642404310213
10,30,2.0,1.1646061177235811,1.2966780551948065,1.1995416442783233,1.1607699,1.205339870204891
10,31,1.0,1.158852641589357,1.2983130841002288,1.1995407525848416,1.1932194,1.2126186329220152
10,32,2.0,1.6454965100847871,1.5922092963134444,1.2001263559031605,1.7873827,1.5626473259132325
10,33,1.0,1.625293528647811,1.6598420755129852,1.199869982747588,1.621523,1.5320567350034626
10,34,1.0,1.159803002799498,1.2958765704372466,1.1995421779774313,1.1665279,1.205398213470138
10,35,1.0,1.1950036108318798,1.1392464096414372,1.2004974358836222,1.180394,1.1784516617597092
10,36,1.0,1.1669269759977592,1.114101045095944,1.199759555467417,1.1717896,1.162601503136525
10,37,1.0,1.5034077958127048,1.5926581277776781,1.2001215771775453,1.5261294,1.4598078003622452
10,38,1.0,1.176592528005252,1.2968383521463185,1.1995415451696643,1.176445,1.2124333613108518
10,39,3.0,1.669755088707564,1.6596176597808685,1.1998702018786747,1.6826407,1.558924258830367
10,40,2.0,1.6497808648037355,1.5942610972927977,1.200104579958601,1.6080896,1.5182683889324473
10,41,1.0,1.6444319011895216,1.6597779567323805,1.199870044997246,1.6256385,1.5379390733667986
10,42,2.0,1.1333374097584974,1.1121454222874978,1.1997713264148124,1.1510646,1.1482945524928287
10,43,1.0,1.2120411181256776,1.11525518314683,1.1997526062565262,1.2012899,1.1818735164568208
10,44,1.0,1.5086376064385139,1.5971143830297108,1.200074596088146,1.440125,1.4401932051379223
10,45,2.0,1.1664430100730698,1.2965818770238993,1.1995417049655492,1.1644905,1.206734454510518
10,46,1.0,1.1624974313169414,1.2964536394626898,1.199541787306144,1.1644905,1.2057035470379514
10,47,1.0,1.2011584693676152,1.115159004975923,1.199753185408723,1.2012899,1.17909533298494
10,48,2.0,1.6245668397826574,1.6615091638087098,1.1998684631635348,1.746073,1.5642334426017865
10,49,1.0,1.6964860585091739,1.5943893348540072,1.2001032249003727,1.6980873,1.5531984667747167
10,50,1.0,1.1603551797927067,1.2969986490978305,1.1995414485973603,1.1669071,1.2059189753034747
10,51,1.0,1.192793320096373,1.138092271590551,1.2004963504954722,1.1898162,1.1800161595428804
10,52,1.0,1.2199116941894639,1.2972551242202495,1.1995412993690346,1.1723871,1.222460617457797
10,53,1.0,1.5970282593915344,1.593235196803121,1.20011544562649,1.5964175,1.5016685502533036
10,54,1.0,1.0542684228051051,1.1166657963201354,1.1997441112666654,1.1576169,1.131102914349293
10,55,3.0,1.6429026964004,1.6593611846584493,1.1998704565542584,1.6188318,1.535701226586844
10,56,2.0,1.5458112780531648,1.5936519688770523,1.2001110260646615,1.5600686,1.47949072883069
10,57,1.0,1.6318114189284005,1.659425303439054,1.1998703924589302,1.5205693,1.507712646871817
10,58,2.0,1.174346032473109,1.295844511046944,1.1995422006426717,1.1717614,1.2104124483436847
10,59,1.0,1.178844255014458,1.2975436587329712,1.199541139269112,1.1723871,1.212140999096015
10,60,1.0,1.6421850595431549,1.6597138379517755,1.1998701075392655,1.6256385,1.5373542725626521
10,61,1.0,1.1968444972253993,1.1128507288741505,1.1997670818731552,1.20506,1.1783895822812505
10,62,1.0,1.6405668764300332,1.5949022850988457,1.200097811659454,1.6283349,1.5212889582460065
10,63,1.0,1.1969769518220648,1.2948186105572677,1.1995429797915362,1.1969984,1.2223517006066131
10,64,1.0,1.1926127509425903,1.1140369263153391,1.199759941492091,1.1769835,1.170417351135681
10,65,2.0,1.1619156421861037,1.2964215800723875,1.199541808149663,1.1644905,1.205548210415529
10,66,1.0,1.155678067114136,1.296806292756016,1.1995415647802636,1.176445,1.2071326032116598
10,67,3.0,1.6980069156075408,1.594517572415217,1.2001018705334519,1.6955403,1.5529623202505363
10,68,2.0,1.6531502643013911,1.659329125268147,1.1998704887032636,1.6188318,1.5382863885235167
10,69,1.0,1.6258720744815072,1.59509464144066,1.2000957845886016,1.6960963,1.53499491558072
10,70,1.0,1.1767912928448814,1.13834874671297,1.200496583641619,1.171278,1.1712777603167341
10,71,1.0,1.151807983534213,1.3452415713930665,1.1997834326949595,1.1714095,1.2171764732197903
10,72,2.0,1.6354951905133106,1.5939084439994715,1.2001083099950105,1.5973891,1.5118208847959822
10,73,1.0,1.670538944496338,1.594677869366729,1.2001001785789074,1.6463499,1.5334372005434815
10,74,1.0,1.1962294905989044,1.1133316197286864,1.1997641873736822,1.2022048,1.1776228017854602
10,75,1.0,1.6541293114767854,1.5938443252188668,1.200108988747812,1.6307818,1.525083474412114
10,76,1.0,1.1691137129831615,1.2976398369038784,1.1995410877373038,1.1723871,1.209702898030316
10,77,2.0,1.6959361548474345,1.6609000353929642,1.1998689962798894,1.700251,1.57038983488822
10,78,1.0,1.6243904726608946,1.6583673435590751,1.19987148607245,1.5660717,1.5172356635230124
10,79,1.0,1.1895910080043797,1.34421567090339,1.1997835948957494,1.1971539,1.2330801437403456
10,80,1.0,1.2490322393233169,1.296870411536621,1.1995415256518334,1.176445,1.2307731886790805
10,81,1.0,1.7191137392183062,1.5959602449788248,1.200086682362197,1.6252414,1.5406379719855043
10,82,2.0,1.1813283130218806,1.2960048079984563,1.1995420883084729,1.1635165,1.210105668565327
10,83,1.0,1.1613296693904331,1.2979924901972049,1.199540906585556,1.1516759,1.2025111528230892
10,84,5.0,1.6307692611881408,1.6590726501457278,1.1998707484476638,1.6465442,1.5396642238691796
10,85,4.0,1.7009979723964577,1.594453453634612,1.2001025476161822,1.7277116,1.5619530261078838
10,86,3.0,1.6497808648037355,1.5942610972927977,1.200104579958601,1.6080896,1.5182683889324473
10,87,2.0,1.6258720744815072,1.59509464144066,1.2000957845886016,1.6960963,1.53499491558072
10,88,1.0,1.6021928508630128,1.659489422219659,1.1998703286509278,1.5186424,1.499739379213533
10,89,2.0,1.155678067114136,1.296806292756016,1.1995415647802636,1.176445,1.2071326032116598
10,90,1.0,1.1589307201610433,1.2965177582432945,1.1995417459361912,1.1644905,1.2048171651130728
10,91,2.0,1.686688819206026,1.593716087657657,1.2001103467835208,1.765352,1.567799555882409
10,92,1.0,1.663181506159617,1.5949664038794504,1.2000971357858055,1.6930268,1.543617234947416
10,93,1.0,1.1805636226896652,1.1389258157384132,1.2004971250352967,1.1936113,1.1781056079766146
10,94,2.0,1.6258764365241105,1.5939405033897738,1.200107970672896,1.5973891,1.5093947786631672
10,95,1.0,1.6632444214747806,1.5927863653388876,1.2001202133955327,1.6661373,1.5361915286986396
10,96,1.0,1.1552086809251816,1.2970948272687377,1.199541391874867,1.1669071,1.204640918919647
10,97,1.0,1.1918420443347708,1.1132675009480817,1.1997645733299789,1.2022048,1.176496372655414
10,98,1.0,1.1590769233571379,1.296613936414202,1.1995416846395008,1.1607699,1.20392442626131
10,99,1.0,1.1701482974740927,1.1142934014377583,1.199758397368022,1.1738906,1.1640038657706997
10,100,2.0,1.6405668764300332,1.5949022850988457,1.200097811659454,1.6283349,1.5212889582460065
10,101,1.0,1.7961510710281017,1.5934275531449356,1.2001134049086668,1.8000718,1.6043313862879645
10,102,2.0,1.1601855357792195,1.2967742333657137,1.1995415845012174,1.1750033,1.2078954351166444
10,103,1.0,1.1557043778877547,1.296966589707528,1.1995414677103222,1.1790755,1.2078543492028389
10,104,1.0,1.670538944496338,1.594677869366729,1.2001001785789074,1.6463499,1.5334372005434815
10,105,1.0,1.1925657758310315,1.1123377786293123,1.1997701689025944,1.1833042,1.1715987615823518
10,106,1.0,1.7961510710281017,1.5934275531449356,1.2001134049086668,1.8000718,1.6043313862879645
10,107,1.0,1.1694792854407818,1.1120492441165906,1.1997719051440832,1.169864,1.1622373301143165
10,108,1.0,1.6429026964004,1.6593611846584493,1.1998704565542584,1.6188318,1.535701226586844
10,109,1.0,1.249615899806289,1.13687401475906,1.2004953057067556,1.202808,1.1974188096819791
10,110,2.0,1.6401495857442592,1.6585917592911918,1.199871247669215,1.5772818,1.5241550988558052
10,111,1.0,1.6547668921339624,1.6592970658778445,1.199870520923126,1.6306647,1.541721772870909
10,112,1.0,1.199692058219834,1.2954597983633156,1.1995424806202186,1.1824814,1.2194782640218973
10,113,1.0,1.1956231773433048,1.113363679118989,1.1997639943941143,1.2022048,1.1774774342850347
10,114,1.0,1.191877538662653,1.135591639146964,1.2004943174453737,1.1898227,1.1791527821224301
10,115,1.0,1.1925657758310315,1.1123377786293123,1.1997701689025944,1.1833042,1.1715987615823518
10,116,1.0,1.6587266048919043,1.6595856003905662,1.1998702334682412,1.6826407,1.556125266082067
10,117,2.0,1.2075821516746708,1.3437668394391564,1.1997836813584875,1.2029234,1.2389989587178976
10,118,1.0,1.2506683056404553,1.3432218298040155,1.1997837990083393,1.2591685,1.2641877735795428
10,119,1.0,1.2158129478688313,1.1127224913129412,1.1997678536712526,1.20506,1.1831575025396717
10,120,1.0,1.1954458379948727,1.2955239171439203,1.1995424329383726,1.1946213,1.221533043648944
10,121,2.0,1.6250675885155377,1.660451203928731,1.1998694054005503,1.5995178,1.5265106474769954
10,122,1.0,1.633001180947837,1.6597458973420782,1.1998700762422827,1.6256385,1.5350382898890176
10,123,2.0,1.2549314018348428,1.1109912842366119,1.1997782699100752,1.270983,1.20952629687552
10,124,1.0,1.2386088487043336,1.11150423448145,1.1997751842614515,1.1906548,1.184925691476932
10,125,2.0,1.2238515999312205,1.1359122330499878,1.2004945538157985,1.192668,1.1880550001580157
10,126,1.0,1.1477638417781029,1.1378357964681318,1.2004961219407138,1.1383672,1.155362594433757
10,127,1.0,1.7790715325271058,1.5933634343643308,1.2001140849812464,1.7478876,1.586611245713172
10,128,1.0,1.2913375804540907,1.3429653546815965,1.199783859164586,1.2583008,1.274192216912676
10,129,1.0,1.6980069156075408,1.594517572415217,1.2001018705334519,1.6955403,1.5529623202505363
10,130,2.0,1.163166436113935,1.1120813035068933,1.1997717122353169,1.1510646,1.1558270032423907
10,131,1.0,1.1956231773433048,1.113363679118989,1.1997639943941143,1.2022048,1.1774774342850347
10,132,1.0,1.6334833545944694,1.6592650064875423,1.1998705532130496,1.6306647,1.5363276186054775
10,133,1.0,1.1764589599951116,1.3447927399288329,1.199783497581752,1.186647,1.2272085973148523
10,134,1.0,1.1690728709977911,1.1377075589069223,1.2004960093860482,1.1673003,1.1681421123599618
10,135,1.0,1.6145848027634342,1.5931710780225163,1.2001161262208184,1.5964175,1.5060953751629007
10,136,1.0,1.2456119338237572,1.1111515811881238,1.199777305708419,1.270983,1.207208232219336
10,137,1.0,1.190658252253391,1.135110748292428,1.2004939762400182,1.2090888,1.1836629610951077
10,138,2.0,1.1746747177388308,1.297287183610552,1.1995412811815724,1.1723871,1.2110209784171386
10,139,1.0,1.1705817624103654,1.2952033232408966,1.1995426754066847,1.1671798,1.2081228411089526
10,140,1.0,1.3277241196466252,1.1111836405784261,1.1997771128603565,1.270983,1.2279957516076578
10,141,2.0,1.6377386651955823,1.6591047095360303,1.1998707157394775,1.6143008,1.5331676622516206
10,142,1.0,1.5482818879776317,1.5932993155837258,1.200114765218322,1.5544634,1.4785902244277818
10,143,1.0,1.2193809321215783,1.297383361781459,1.1995412272029535,1.1723871,1.2223587367727715
10,144,1.0,1.5826559677715926,1.6606115008802427,1.1998692576988754,1.6050233,1.5172302147361272
10,145,1.0,1.142190933438374,1.2956521547051298,1.199542338797665,1.1381602,1.1936100411251997
10,146,1.0,1.2315702740629744,1.1346298574378926,1.2004936510255226,1.2092868,1.1939452391632823
10,147,1.0,1.73757085003031,1.5945816911958217,1.2001011936136214,1.8723685,1.60833560118362
10,148,1.0,1.1667709955309205,1.1353031046342426,1.2004941108041318,1.1867164,1.17192965418647
10,149,1.0,1.1507993378106427,1.2961971643402705,1.1995419568733328,1.1635165,1.2024285999653084
10,150,1.0,1.1762367488796617,1.136489302075431,1.2004949972381445,1.2008309,1.1782449280570075
10,151,1.0,1.2824332473701583,1.110285977649959,1.1997825116701752,1.3040304,1.224783011457996
10,152,1.0,1.1553066358564112,1.1352710452439405,1.2004940881980424,1.1867164,1.1690203450690229
10,153,1.0,1.2856720353815063,1.1107348091141924,1.1997798125082044,1.3334317,1.2332551362797353
10,154,1.0,1.2022673449826848,1.2953956795827108,1.1995425287070083,1.172182,1.2174726145503878
10,155,1.0,1.3210108298911012,1.3413944445567791,1.1997842943273327,1.3228239,1.2978499877431047
10,156,1.0,1.1708170515682412,1.1333795412160987,1.2004928801374304,1.1556079,1.164489146994868
10,157,4.0,1.6486545116020246,1.5940687409509835,1.2001066138685064,1.6231738,1.5218032897705092
10,158,3.0,1.6254999373061878,1.5932672561934236,1.2001151054004,1.5544634,1.498123125698828
10,159,2.0,1.6395640463323826,1.5951908196115672,1.2000947716535608,1.6261276,1.5205414400362374
10,160,1.0,1.609176943153174,1.592401652655259,1.2001243068338783,1.6075764,1.5073956127102779
10,161,1.0,1.3937216614031,1.1112798187493333,1.1997765343064424,1.284641,1.248223804373537
10,162,1.0,1.286243596500319,1.1104142152111685,1.199781740529562,1.3040304,1.2257795339377335
10,163,5.0,1.417848954229061,1.5910872176528608,1.2001383398307823,1.4824979,1.4265739183059858
10,164,4.0,1.686688819206026,1.593716087657657,1.2001103467835208,1.765352,1.567799555882409
10,165,3.0,1.7790715325271058,1.5933634343643308,1.2001140849812464,1.7478876,1.586611245713172
10,166,2.0,1.670538944496338,1.594677869366729,1.2001001785789074,1.6463499,1.5334372005434815
10,167,1.0,1.6401495857442592,1.6585917592911918,1.199871247669215,1.5772818,1.5241550988558052
10,168,2.0,1.5626370205644873,1.1090356614281656,1.1997900279536184,1.3433998,1.305472957336664
10,169,1.0,1.2974103685073137,1.110670690333588,1.1997801981358436,1.2906264,1.225232703591147
10,170,1.0,1.69355536065839,1.5944213942443097,1.2001028862418013,1.6932174,1.5512160153693846
10,171,4.0,1.2716484935996184,1.1088112456960488,1.1997913765572903,1.3433998,1.23177842514291
10,172,3.0,1.3056823708423104,1.1113118781396358,1.1997763414487423,1.284641,1.2259524960068955
10,173,2.0,1.281443160259896,1.1106386309432852,1.199780390942797,1.2906264,1.2211839469511605
10,174,1.0,1.3442002309384933,1.3408173755313362,1.1997844828835926,1.3965317,1.3224736667897796
10,175,1.0,1.2338228950575276,1.1309750869434194,1.2004916993790153,1.1450584,1.1771194832946994
10,176,1.0,1.209880134199074,1.2947544917766627,1.1995430319546225,1.1596085,1.216012696130627
10,177,1.0,1.7256665821952242,1.5937481470479595,1.2001100072021729,1.765352,1.5776713685684784
10,178,1.0,1.130700622128798,1.1308147899919074,1.200491634716902,1.1450584,1.1509826016569207
10,179,1.0,1.6195186385897566,1.658687937462099,1.1998711465526137,1.5996827,1.5247028784266123
10,180,1.0,1.2022673449826848,1.2953956795827108,1.1995425287070083,1.172182,1.2174726145503878
10,181,1.0,1.6710733213472917,1.656572017702141,1.1998735178890263,1.5107803,1.5144167670519262
10,182,1.0,1.2717998956694618,1.294113303970615,1.1995435759017783,1.1666394,1.2333230683288487
10,183,1.0,1.2693713540011202,1.1110874624075189,1.1997776913954004,1.270983,1.213204697869636
11,1,1.0,1.1932280846544043,1.1153513613177375,1.1997520270988418,1.2012899,1.1771368590733113
11,2,1.0,1.1871019333340151,1.3460430561506262,1.1997833403970606,1.1983749,1.233225738237858
11,3,1.0,1.176592528005252,1.2968383521463185,1.1995415451696643,1.176445,1.2124333613108518
11,4,1.0,1.6813250287631123,1.6604191445384282,1.1998694351392898,1.5995178,1.540739146944576
11,5,1.0,1.1212107640076263,1.1405608446438353,1.2004987857449,1.1529022,1.15306058128496
11,6,1.0,1.1422936903829801,1.3469407190790936,1.1997832730034605,1.1679827,1.2143199697573017
11,7,3.0,1.76924636983428,1.6613488668571978,1.199868600987003,1.6894388,1.586282704003478
11,8,2.0,1.6133147306023203,1.6617015201505243,1.1998683000995956,1.70775,1.551607198432279
11,9,1.0,1.7163154105544722,1.6609320947832666,1.1998689675774357,1.700251,1.5755551508764043
11,10,1.0,1.2199116941894639,1.2972551242202495,1.1995412993690346,1.1723871,1.222460617457797
11,11,1.0,1.1848519354802596,1.1388616969578083,1.200497063729626,1.1936113,1.1791745752834697
11,12,3.0,1.1510878730578524,1.3472933723724199,1.19978325695803,1.1700324,1.2171603036833223
11,13,2.0,1.1539335581686385,1.3452736307833688,1.1997834284230389,1.1714095,1.21772248681432
11,14,1.0,1.1720538535752225,1.3456904028573,1.1997833772818158,1.1772541,1.2239122857169076
11,15,2.0,1.616689144245094,1.5952549383921721,1.2000940965759448,1.5530947,1.4960404871293835
11,16,1.0,1.6959361548474345,1.6609000353929642,1.1998689962798894,1.700251,1.57038983488822
11,17,1.0,1.1647610805324786,1.139086112689925,1.20049727956063,1.1586083,1.1651711784946102
11,18,2.0,1.1781157276781569,1.2983772028808334,1.1995407230066866,1.1932194,1.21750960188753
11,19,1.0,1.1664430100730698,1.2965818770238993,1.1995417049655492,1.1644905,1.206734454510518
11,20,2.0,1.616689144245094,1.5952549383921721,1.2000940965759448,1.5530947,1.4960404871293835
11,21,1.0,1.6912746751177465,1.5960243637594296,1.2000860094045394,1.729672,1.560388777406667
11,22,1.0,1.1985909287171637,1.1148063516825966,1.1997553088936355,1.1872948,1.1747680223776251
11,23,1.0,1.6989181501538004,1.5945496318055195,1.2001015320627781,1.6955403,1.5532009514836351
11,24,1.0,1.1901380509559807,1.344055373951878,1.1997836246943803,1.1971539,1.2331780214293706
11,25,1.0,1.6405668764300332,1.5949022850988457,1.200097811659454,1.6283349,1.5212889582460065
11,26,1.0,1.1550983043866636,1.139406706592949,1.2004975940082472,1.180394,1.168393758262088
11,27,1.0,1.602014953270415,1.6620541734438505,1.1998680077443657,1.70775,1.5488368308175502
11,28,1.0,1.1258821306421951,1.140785260375952,1.2004990283442867,1.1529022,1.1542995740656863
11,29,1.0,1.206970106448483,1.1151910643662255,1.1997529923600905,1.2012899,1.180574103112623
11,30,1.0,1.1936078998227584,1.295427738973013,1.1995425046113317,1.1824814,1.2179304890361031
11,31,1.0,1.6187718220719076,1.5963770170527558,1.2000823112672532,1.6928794,1.532694506189117
11,32,1.0,1.1866004454331196,1.1396311223250661,1.2004978184106496,1.1656498,1.1726416279978598
11,33,1.0,1.1782512372653924,1.1139728075347344,1.199760327509613,1.1769835,1.1667668672199403
11,34,1.0,1.1728981169226673,1.1400158350086949,1.2004982113183338,1.2040194,1.1791108982742744
11,35,2.0,1.5737606882839332,1.6584314623396799,1.199871417601685,1.5660717,1.5044394122199538
11,36,1.0,1.6112929958947833,1.660226788196614,1.1998696151401733,1.6716883,1.5414751771328659
11,37,1.0,1.1728941344374553,1.3453377495639738,1.199783420024466,1.1771342,1.2240049397474555
11,38,1.0,1.2264499550613925,1.111600412652357,1.1997746056376812,1.1906548,1.1818729423872005
11,39,2.0,1.6497814421376986,1.5950305226600552,1.2000964601105981,1.5927073,1.5145167433831432
11,40,1.0,1.5592373332112717,1.6594573628293565,1.199870360511831,1.5205693,1.4893550282750523
11,41,1.0,1.1848480102593801,1.3465880657857672,1.1997832949352771,1.188075,1.2301519764179067
11,42,5.0,1.6172126408626901,1.594838166318241,1.200098487696658,1.5399392,1.4926949743683937
11,43,4.0,1.6826195659916972,1.5955114135145911,1.2000913980318473,1.7215296,1.5559819615676518
11,44,3.0,1.610794726542167,1.5925619496067709,1.2001226004765055,1.6075764,1.507845171646858
11,45,2.0,1.796719160731568,1.5957999480273126,1.2000883655371901,1.7737604,1.5983223788694096
11,46,1.0,1.6457733948463156,1.5960564231497318,1.200085672989273,1.729672,1.5488821776224515
11,47,1.0,1.2378732879963075,1.1399837756183917,1.2004981781806865,1.2040194,1.1955455068967724
11,48,1.0,1.2243192338563882,1.1150307674147135,1.1997539575993141,1.2129347,1.1879103304510283
11,49,2.0,1.1675076973989449,1.3464598282245575,1.1997833043715604,1.188075,1.2257313569884025
11,50,1.0,1.1412011863957394,1.3469086596887911,1.1997832747549289,1.1679827,1.2140353862142206
11,51,1.0,1.714516891023449,1.6596817785614733,1.1998701389158646,1.7684348,1.5922686694620163
11,52,1.0,1.231142450789751,1.297351302391157,1.199541245091485,1.1723871,1.2253270183306193
11,53,4.0,1.6383099851293503,1.5939725627800763,1.200107631407657,1.6147628,1.5170045050702918
11,54,3.0,1.7410394807782539,1.5962167201012438,1.20008399157432,1.6434928,1.5509311090326514
11,55,2.0,1.6912746751177465,1.5960243637594296,1.2000860094045394,1.729672,1.560388777406667
11,56,1.0,1.914357523269411,1.6616053419796168,1.199868381314927,1.746073,1.6375926952066862
11,57,1.0,1.0688305152807906,1.1411699730595806,1.2004994524858237,1.1294202,1.1339378014445822
11,58,2.0,1.178844255014458,1.2975436587329712,1.199541139269112,1.1723871,1.212140999096015
11,59,1.0,1.1449305274172912,1.2974154211717617,1.1995412094107734,1.1723871,1.2035262969994698
11,60,1.0,1.15747158062329,1.138284627932365,1.2004965249254027,1.171278,1.166372440479161
11,61,2.0,1.6091180359435442,1.6618618171020363,1.1998681661486261,1.70775,1.5505857088216752
11,62,1.0,1.782161449073157,1.5956075916854984,1.2000903868027868,1.7762643,1.5952322720427403
11,63,1.0,1.142879503758128,1.296229223730573,1.1995419353229304,1.1635165,1.200432500910479
11,64,1.0,1.1795827834748733,1.1145819359504798,1.1997566601364917,1.1817158,1.1684706574910355
11,65,2.0,1.6266778499042183,1.5947740475376362,1.200099163907706,1.5928975,1.5086546326115364
11,66,1.0,1.6531502643013911,1.659329125268147,1.1998704887032636,1.6188318,1.5382863885235167
11,67,1.0,1.1642002232080095,1.2975757181232734,1.1995411219901746,1.1723871,1.2084432639082274
11,68,2.0,1.6980069156075408,1.594517572415217,1.2001018705334519,1.6955403,1.5529623202505363
11,69,1.0,1.6503196187156381,1.6600344318547995,1.1998697976770336,1.5986786,1.5325803617469023
11,70,1.0,1.1249714389293934,1.1410737948886738,1.2004993454707078,1.1294202,1.1481205565387604
11,71,2.0,1.2036925269843404,1.1150948861953185,1.1997535715050398,1.2129347,1.1827066345669628
11,72,1.0,1.2155468853375817,1.1152872425371325,1.199752413202278,1.2012899,1.182768759154446
11,73,2.0,1.6587572756459392,1.5953511165630792,1.2000930842919344,1.6308172,1.5266412596276153
11,74,1.0,1.6318114189284005,1.659425303439054,1.1998703924589302,1.5205693,1.507712646871817
11,75,1.0,1.1418892786182742,1.3470368972500006,1.1997832680428435,1.1679827,1.2142419664515511
11,76,3.0,1.7163154105544722,1.6609320947832666,1.1998689675774357,1.700251,1.5755551508764043
11,77,2.0,1.6344020684709426,1.5952869977824744,1.2000937590932914,1.6254233,1.5190786374829577
11,78,1.0,1.6250675885155377,1.660451203928731,1.1998694054005503,1.5995178,1.5265106474769954
11,79,1.0,1.1949695890130325,1.3471651348112101,1.199783262110997,1.1679827,1.2277070124825844
11,80,1.0,1.658784951436223,1.5957358292467079,1.2000890391085657,1.6813956,1.5397147785939485
11,81,1.0,1.0586087604957406,1.1415867451335118,1.200499923744957,1.1294202,1.1314566474083834
11,82,1.0,1.2120411181256776,1.11525518314683,1.1997526062565262,1.2012899,1.1818735164568208
11,83,1.0,1.1705757143834146,1.3462033531021382,1.1997833255720511,1.188075,1.226442855682677
11,84,1.0,1.1446440546551857,1.2978963120262974,1.1995409547753424,1.1516759,1.1982643346433381
11,85,1.0,1.1830027542386146,1.3448247993191353,1.199783492632039,1.186647,1.2288726930664147
11,86,1.0,1.1782819159676585,1.1401761319602068,1.200498378100679,1.1787317,1.17402924909632
11,87,1.0,1.7160649934189822,1.593555790706145,1.2001120453096752,1.6911229,1.5561583682282825
11,88,1.0,1.197259424686416,1.113523976070501,1.1997630294787969,1.206647,1.1790709759589721
11,89,1.0,1.6266778499042183,1.5947740475376362,1.200099163907706,1.5928975,1.5086546326115364
11,90,1.0,1.1631254036849006,1.1120171847262883,1.199772098048234,1.169864,1.1606213385743096
11,91,1.0,1.6857301577893467,1.5954472947339864,1.2000920724037833,1.7339035,1.5599262101085438
11,92,2.0,1.176592528005252,1.2968383521463185,1.1995415451696643,1.176445,1.2124333613108518
11,93,1.0,1.2163226168976773,1.296293342511178,1.199541892524547,1.1644905,1.2192841018228981
11,94,1.0,1.6299492623952174,1.594132859731588,1.200105935721986,1.6336982,1.5197846106618178
11,95,1.0,1.1627600006002314,1.2960368673887586,1.1995420661528373,1.1635165,1.2054148469602053
11,96,3.0,1.6176861899956732,1.6598741349032875,1.1998699517297846,1.626861,1.53150856479834
11,97,2.0,1.5106886322062212,1.6604832633190332,1.199869375716535,1.5995178,1.4975738163521974
11,98,1.0,1.7393000651761374,1.5955755322951959,1.2000907238337526,1.7838182,1.5863147542583305
11,99,1.0,1.1383196947717522,1.2943697790930342,1.1995433534342104,1.1768159,1.2022187989334754
11,100,1.0,1.6608818161739438,1.6607397384414522,1.199869140801079,1.6017718,1.5362247985083768
11,101,1.0,1.2022673449826848,1.2953956795827108,1.1995425287070083,1.172182,1.2174726145503878
11,102,2.0,1.652319432937836,1.6583352841687726,1.1998715204081665,1.6742713,1.552041569969274
11,103,1.0,1.6124782480916082,1.6608038572220571,1.1998690827840284,1.6017718,1.5239919198444927
11,104,1.0,1.1947144879620082,1.114998708024411,1.199754150642921,1.2129347,1.1804104349350788
11,105,2.0,1.191051421820004,1.1395670035444607,1.2004977539346653,1.165429,1.1736951340712447
11,106,1.0,1.2002529265942214,1.1399517162280897,1.2004981451123586,1.2040194,1.1860171121286631
11,107,1.0,1.6383099851293503,1.5939725627800763,1.200107631407657,1.6147628,1.5170045050702918
11,108,1.0,1.2002529265942214,1.1399517162280897,1.2004981451123586,1.2040194,1.1860171121286631
11,109,2.0,1.6521635279431757,1.6607717978317547,1.199869111760336,1.6017718,1.5340266394757156
11,110,1.0,1.6444109324114993,1.5953190571727767,1.2000934216764867,1.6254233,1.5216195308412508
11,111,2.0,1.1692471701285996,1.3462354124924407,1.1997833227531136,1.188075,1.2261147643046941
11,112,1.0,1.215818384320786,1.3445683241967163,1.1997835335684472,1.1947109,1.2391800131553816
11,113,1.0,1.2069627673796084,1.1152231237565278,1.1997527993098156,1.2012899,1.1805803130420616
11,114,3.0,1.6405668764300332,1.5949022850988457,1.200097811659454,1.6283349,1.5212889582460065
11,115,2.0,1.6497814421376986,1.5950305226600552,1.2000964601105981,1.5927073,1.5145167433831432
11,116,1.0,1.6377386651955823,1.6591047095360303,1.1998707157394775,1.6143008,1.5331676622516206
11,117,3.0,1.1666255776830206,1.1143895796086656,1.1997578183031676,1.1738906,1.1631366017112075
11,118,2.0,1.2234315868575059,1.1125621943614292,1.199768818382185,1.2220389,1.189399152665719
11,119,1.0,1.1866468029788133,1.1147101735116896,1.1997558880074635,1.1872948,1.1717212196908002
11,120,1.0,1.1834868935540706,1.3446965617579258,1.1997835127151613,1.1930181,1.2305965262635223
11,121,1.0,1.5826559677715926,1.6606115008802427,1.1998692576988754,1.6050233,1.5172302147361272
11,122,1.0,1.2199116941894639,1.2972551242202495,1.1995412993690346,1.1723871,1.222460617457797
11,123,1.0,1.2120411181256776,1.11525518314683,1.1997526062565262,1.2012899,1.1818735164568208
11,124,2.0,1.1666196082226283,1.296710114585109,1.1995416242552308,1.1607699,1.2058575158537361
11,125,1.0,1.222407508464582,1.2985695592226478,1.1995406367062211,1.3055766,1.257579222745918
11,126,1.0,1.1909792097860765,1.1132995603383842,1.1997643803551135,1.2022048,1.1762860894327212
11,127,3.0,1.6507180106794368,1.5942931566831,1.2001042411327758,1.6080896,1.5185135772471925
11,128,2.0,1.6486545116020246,1.5940687409509835,1.2001066138685064,1.6231738,1.5218032897705092
11,129,1.0,1.6966937216130047,1.6601306100257067,1.199869706100577,1.7618678,1.5861877765676282
11,130,1.0,1.191051421820004,1.1395670035444607,1.2004977539346653,1.165429,1.1736951340712447
11,131,1.0,1.7155569500766967,1.6612526886862906,1.199868684525253,1.6894388,1.5726716471323807
11,132,1.0,1.1578081833053904,1.13902199390932,1.2004972175370339,1.1586083,1.1633954255253012
11,133,1.0,1.1723123013132706,1.296549817633597,1.1995417253966993,1.1644905,1.2082116393787046
11,134,1.0,1.6531502643013911,1.659329125268147,1.1998704887032636,1.6188318,1.5382863885235167
11,135,1.0,1.2490322393233169,1.296870411536621,1.1995415256518334,1.176445,1.2307731886790805
11,136,3.0,1.6784924548505906,1.5946458099764265,1.2001005168715146,1.6990657,1.5489601112148832
11,137,2.0,1.665619112242517,1.5951267008309624,1.200095446892932,1.7356517,1.5552048317635476
11,138,1.0,1.6717357395631567,1.5947099287570312,1.2000998403078065,1.6893388,1.5447720051181546
11,139,1.0,1.1886828618755136,1.2962612831208755,1.1995419138723007,1.1635165,1.2120316860762967
11,140,1.0,1.6251788495266977,1.6600985506354042,1.1998697365431303,1.5986786,1.5262344065817814
11,141,1.0,1.2059146145158661,1.1154154800983422,1.1997516409879478,1.1784981,1.1745188458066833
11,142,2.0,1.6660884168575807,1.6603229663675212,1.1998695248261628,1.6706413,1.5550976298561552
11,143,1.0,1.6587266048919043,1.6595856003905662,1.1998702334682412,1.6826407,1.556125266082067
11,144,1.0,1.1728941344374553,1.3453377495639738,1.199783420024466,1.1771342,1.2240049397474555
11,145,1.0,1.192919065672242,1.1128827882644532,1.1997668889159245,1.20506,1.1774042729525176
11,146,2.0,1.225222975222609,1.297607777513576,1.199541104811532,1.1723871,1.2238938963070658
11,147,1.0,1.1723123013132706,1.296549817633597,1.1995417253966993,1.1644905,1.2082116393787046
11,148,1.0,1.320185551914392,1.3445042054161114,1.1997835442861526,1.2311598,1.2749219689191862
11,149,1.0,1.6547668921339624,1.6592970658778445,1.199870520923126,1.6306647,1.541721772870909
11,150,1.0,1.174281945932918,1.295588035924525,1.1995423856716452,1.1946213,1.2161934872003668
11,151,1.0,1.6784924548505906,1.5946458099764265,1.2001005168715146,1.6990657,1.5489601112148832
11,152,1.0,1.1745827753826683,1.138380806103272,1.2004966131103176,1.1721265,1.1709445758146644
11,153,2.0,1.181761836932969,1.3461392343215335,1.1997833313569097,1.1983749,1.2318987010481157
11,154,1.0,1.1860325779213523,1.3455621652960905,1.1997833921480499,1.2265123,1.2400488827895486
11,155,1.0,1.1236508912719514,1.1377716776875269,1.2004960655201549,1.1673003,1.1566637867214593
11,156,1.0,1.015856102003643,1.6625350642983865,1.1998676228262222,1.5293059,1.3548645895924263
11,157,1.0,1.1728981169226673,1.1400158350086949,1.2004982113183338,1.2040194,1.1791108982742744
11,158,1.0,1.6457733948463156,1.5960564231497318,1.200085672989273,1.729672,1.5488821776224515
11,159,1.0,1.0836177792413364,1.1159925491237852,1.199748165849652,1.1576169,1.1383607030169305
11,160,1.0,1.6307692611881408,1.6590726501457278,1.1998707484476638,1.6465442,1.5396642238691796
11,161,2.0,1.175836919687624,1.3465239470051624,1.1997832995600666,1.188075,1.2278553892957582
11,162,1.0,1.1694663484998138,1.3449530368803448,1.199783473324229,1.186647,1.2254795941855772
11,163,2.0,1.616689144245094,1.5952549383921721,1.2000940965759448,1.5530947,1.4960404871293835
11,164,1.0,1.6258720744815072,1.59509464144066,1.2000957845886016,1.6960963,1.53499491558072
11,165,1.0,1.2266861876862871,1.295010966899082,1.1995428257651144,1.2127473,1.2339572149381604
11,166,2.0,1.6784924548505906,1.5946458099764265,1.2001005168715146,1.6990657,1.5489601112148832
11,167,1.0,1.5961453205718041,1.596152601320639,1.200084664015103,1.6434928,1.514247875177203
11,168,1.0,1.218559435271805,1.3458186404185095,1.1997833631913337,1.2058796,1.243054097787076
11,169,1.0,1.7163154105544722,1.6609320947832666,1.1998689675774357,1.700251,1.5755551508764043
11,170,2.0,1.1830027542386146,1.3448247993191353,1.199783492632039,1.186647,1.2288726930664147
11,171,1.0,1.2033096359342481,1.3439591957809707,1.199783643151095,1.2014924,1.2375994614356312
11,172,1.0,1.2234315868575059,1.1125621943614292,1.199768818382185,1.2220389,1.189399152665719
11,173,1.0,1.2458684181848902,1.298345143490531,1.1995407377492049,1.1932194,1.2346471057642554
11,174,1.0,1.2243192338563882,1.1150307674147135,1.1997539575993141,1.2129347,1.1879103304510283
11,175,1.0,1.1810844562299716,1.2982810247099261,1.1995407675284702,1.1932194,1.2182365450408323
11,176,3.0,1.6344020684709426,1.5952869977824744,1.2000937590932914,1.6254233,1.5190786374829577
11,177,2.0,1.637026977057564,1.6599382536838925,1.1998698898947675,1.626861,1.536419189247793
11,178,1.0,1.6249515691216054,1.593139018632214,1.2001164665789699,1.6457299,1.5213562280639272
11,179,2.0,1.1910524444201633,1.2967421739754115,1.1995416043308185,1.1750033,1.2156985602614572
11,180,1.0,1.1984702374716278,1.2950430262893844,1.1995428004616004,1.2127473,1.226824944631237
11,181,1.0,1.1510421644685065,1.1385731624450868,1.2004967914181768,1.1538677,1.1603538552830133
11,182,1.0,1.73757085003031,1.5945816911958217,1.2001011936136214,1.8723685,1.60833560118362
11,183,1.0,1.1528659201319813,1.137867855858434,1.2004961502581193,1.1383672,1.1566618549605048
11,184,1.0,1.6444109324114993,1.5953190571727767,1.2000934216764867,1.6254233,1.5216195308412508
11,185,1.0,1.1627600006002314,1.2960368673887586,1.1995420661528373,1.1635165,1.2054148469602053
11,186,1.0,1.269715422083157,1.3427088795591775,1.1997839223818947,1.2598268,1.2690468914742152
11,187,2.0,1.1472084083718033,1.2953636201924084,1.1995425529004893,1.172182,1.2035311972878553
11,188,1.0,1.159803002799498,1.2958765704372466,1.1995421779774313,1.1665279,1.205398213470138
11,189,3.0,1.6472890275239704,1.6574055618500032,1.1998725469955167,1.6433843,1.542613000041918
11,190,2.0,1.6137169675985765,1.5948061069279384,1.2000988257846814,1.5363746,1.4908882534696644
11,191,1.0,1.631898168725638,1.5952228790018697,1.2000944340906046,1.5530947,1.49988127638027
11,192,1.0,1.2029668361747774,1.1125301349711267,1.1997690113160722,1.1786145,1.1730766620103885
11,193,2.0,1.63798547655001,1.659970313074195,1.199869859089585,1.6244261,1.5360454660261045
11,194,1.0,1.6972810351590395,1.596312898272151,1.2000829832592983,1.6928794,1.5525461173807698
11,195,1.0,1.1635279632794917,1.3444080272452041,1.1997835607214462,1.2004491,1.2273782693983113
11,196,2.0,1.6251788495266977,1.6600985506354042,1.1998697365431303,1.5986786,1.5262344065817814
11,197,1.0,1.6717357395631567,1.5947099287570312,1.2000998403078065,1.6893388,1.5447720051181546
11,198,1.0,1.1590769233571379,1.296613936414202,1.1995416846395008,1.1607699,1.20392442626131
11,199,1.0,1.2309174317897247,1.1134598572898962,1.1997634154468366,1.2185128,1.1906151825667035
11,200,2.0,1.5482818879776317,1.5932993155837258,1.200114765218322,1.5544634,1.4785902244277818
11,201,1.0,1.6980069156075408,1.594517572415217,1.2001018705334519,1.6955403,1.5529623202505363
11,202,1.0,1.164816204102289,1.1142292826571536,1.1997587834092098,1.1573049,1.1583852037902747
11,203,2.0,1.6612436734990461,1.6603550257578235,1.1998694948635065,1.6706413,1.5538797165888822
11,204,1.0,1.6124782480916082,1.6608038572220571,1.1998690827840284,1.6017718,1.5239919198444927
11,205,1.0,1.1481368016772706,1.1119851253359858,1.199772290952118,1.169864,1.1568202297498364
11,206,1.0,1.1808736565511468,1.3441836115130874,1.1997836007566383,1.1971539,1.23086600404746
11,207,1.0,1.7596638755459244,1.595992304369127,1.2000863458668196,1.729672,1.577687433977528
11,208,2.0,1.2456119338237572,1.1111515811881238,1.199777305708419,1.270983,1.207208232219336
11,209,1.0,1.173830416734456,1.1144857577795728,1.1997572392231641,1.1880307,1.1686101208613766
11,210,2.0,1.1592899551023834,1.296389520682085,1.199541829086723,1.1644905,1.2048756414540842
11,211,1.0,1.1861674212432265,1.2973192430008544,1.1995412630891276,1.1723871,1.2139374506098553
11,212,1.0,1.7534697414980878,1.5955434729048936,1.2000910609130824,1.7838182,1.5898925241580197
11,213,1.0,1.2470615137392551,1.136553420856036,1.2004950479389969,1.2008309,1.1961842039509119
11,214,1.0,1.6660884168575807,1.6603229663675212,1.1998695248261628,1.6706413,1.5550976298561552
11,215,1.0,1.1666196082226283,1.296710114585109,1.1995416242552308,1.1607699,1.2058575158537361
11,216,2.0,1.6239492251003906,1.6593932440487515,1.1998704244694187,1.6188318,1.530912933650284
11,217,1.0,1.6472890275239704,1.6574055618500032,1.1998725469955167,1.6433843,1.542613000041918
11,218,1.0,1.155678067114136,1.296806292756016,1.1995415647802636,1.176445,1.2071326032116598
11,219,1.0,1.197186030289147,1.1129469070450577,1.1997665030008162,1.20506,1.1785002127977129
11,220,2.0,1.2118866021983823,1.1365854802463382,1.2004950733920274,1.2008309,1.1872908988716633
11,221,1.0,1.1813573295378976,1.1369701929299671,1.2004953844307473,1.202808,1.1801695351978725
11,222,1.0,1.2271144032019203,1.1122736598487077,1.1997705547458068,1.2217907,1.1901948700363234
11,223,1.0,1.3937216614031,1.1112798187493333,1.1997765343064424,1.284641,1.248223804373537
11,224,1.0,1.6587572756459392,1.5953511165630792,1.2000930842919344,1.6308172,1.5266412596276153
11,225,1.0,1.1956231773433048,1.113363679118989,1.1997639943941143,1.2022048,1.1774774342850347
11,226,1.0,1.7209135139883298,1.5954152353436841,1.2000924096481962,1.7339035,1.5688217383267347
11,227,1.0,1.2271144032019203,1.1122736598487077,1.1997705547458068,1.2217907,1.1901948700363234
11,228,1.0,1.7209135139883298,1.5954152353436841,1.2000924096481962,1.7339035,1.5688217383267347
11,229,1.0,1.1878521982284882,1.112241600458405,1.1997707476672168,1.2217907,1.1802510411453107
11,230,1.0,1.207826035227389,1.1346619168281946,1.2004936722108965,1.2092868,1.187944598932779
11,231,1.0,1.6929127685713812,1.5956717104661031,1.2000897128748378,1.7762643,1.5726629121391569
11,232,1.0,1.2012439679184232,1.1354954609760568,1.2004942479233283,1.1898227,1.1814987114344722
11,233,1.0,1.6569723758683623,1.5948702257085432,1.200098149663453,1.6283349,1.525432529641264
11,234,1.0,1.2245064586242262,1.1364251832948264,1.2004949468289943,1.2008309,1.1904439065529626
11,235,1.0,1.320439444144268,1.3427729983397823,1.1997839062909896,1.2598268,1.2818994226703855
11,236,1.0,1.163269781313721,1.1375472619554101,1.2004958703049502,1.1765636,1.1690083982788004
11,237,2.0,1.3345578211997948,1.3429012359009915,1.1997838746824927,1.2583008,1.285113383678903
11,238,1.0,1.2122610511352567,1.3438309582197612,1.1997836684309084,1.2073308,1.2413294553457916
11,239,2.0,1.178844255014458,1.2975436587329712,1.199541139269112,1.1723871,1.212140999096015
11,240,1.0,1.1711023091270283,1.296485698852992,1.199541766569258,1.1644905,1.207889220423443
11,241,1.0,1.719141263251065,1.5962808388818486,1.2000833193157396,1.6928794,1.5580700714082911
11,242,1.0,1.189659437682093,1.113203382167477,1.1997649592755215,1.1931311,1.173601057936588
11,243,2.0,1.2080813273212885,1.1361045893918025,1.2004946990563248,1.2081482,1.1880825592766433
11,244,1.0,1.2196572391367408,1.1345336792669853,1.20049358790296,1.2092868,1.1909061518782813
11,245,1.0,1.6989181501538004,1.5945496318055195,1.2001015320627781,1.6955403,1.5532009514836351
11,246,1.0,1.1553066358564112,1.1352710452439405,1.2004940881980424,1.1867164,1.1690203450690229
11,247,1.0,1.4147093177577397,1.1103180370402614,1.1997823188911287,1.3040304,1.258265090503238
11,248,1.0,1.2590267047139543,1.1103821558208662,1.199781933320369,1.3040304,1.2188839128642246
11,249,1.0,1.6377386651955823,1.6591047095360303,1.1998707157394775,1.6143008,1.5331676622516206
11,250,1.0,1.226708446165566,1.1349825107312188,1.2004938879538283,1.2090888,1.1927534127155706
11,251,1.0,1.3199737095269797,1.1104783339917734,1.1997813549474745,1.2906264,1.2308942184517755
11,252,1.0,1.6717357395631567,1.5947099287570312,1.2000998403078065,1.6893388,1.5447720051181546
11,253,3.0,1.2540441200320567,1.3434783049264345,1.1997837419199187,1.2156147,1.2539382053689616
11,254,2.0,1.2176880777759496,1.1123698380196148,1.199769975972486,1.1833042,1.177964322084303
11,255,1.0,1.2271144032019203,1.1122736598487077,1.1997705547458068,1.2217907,1.1901948700363234
11,256,2.0,1.1984330966887142,1.2961009861693635,1.1995420221336721,1.1635165,1.2144585580916083
11,257,1.0,1.2490322393233169,1.296870411536621,1.1995415256518334,1.176445,1.2307731886790805
11,258,1.0,1.4142738479766725,1.10922801776998,1.199788871888482,1.3433998,1.267976319068492
11,259,2.0,1.661907239367197,1.5937802064382618,1.200109667673502,1.6767758,1.5388302428359375
11,260,1.0,1.417880280267986,1.5926260683873756,1.200121918243376,1.5261294,1.4381560269033176
11,261,1.0,1.3056823708423104,1.1113118781396358,1.1997763414487423,1.284641,1.2259524960068955
11,262,3.0,1.5970282593915344,1.593235196803121,1.20011544562649,1.5964175,1.5016685502533036
11,263,2.0,1.616689144245094,1.5952549383921721,1.2000940965759448,1.5530947,1.4960404871293835
11,264,1.0,1.66610719329884,1.593074899851609,1.2001171474311862,1.6457299,1.531755077357527
11,265,1.0,1.4025449012558675,1.3412662069955694,1.1997843348987507,1.3228239,1.3184506988825568
11,266,1.0,1.164266087020744,1.1341169071930541,1.2004933217335714,1.147496,1.1609378504067434
11,267,2.0,1.3385205661934985,1.3399838313834738,1.1997847823480128,1.4675099,1.3390268451205554
11,268,1.0,1.235301134817934,1.1113759969202404,1.1997759557280838,1.284641,1.2081578327617204
11,269,1.0,1.2649976232953586,1.5918245836298157,1.200130458703809,1.4824979,1.3880778231824338
11,270,1.0,1.2127870257185853,1.2931194628712408,1.1995444994609452,1.2332882,1.2352290104851922
16,1,1.0,1.2078546746986398,1.297864252635995,1.1995409710438099,1.1516759,1.2142524146524258
16,2,1.0,1.162764972860365,1.1418752796462335,1.2005002571843237,1.1294202,1.1578876953915656
16,3,1.0,1.1895442296309984,1.115319301927435,1.1997522201503246,1.2012899,1.1761965491645459
16,4,1.0,1.3822107740241352,1.3475819068851411,1.1997832482181967,1.1700324,1.2757216808689384
16,5,1.0,1.1513370165460721,1.1403684883020209,1.2004985806222812,1.1787317,1.1672592522273506
16,6,7.0,1.7009979723964577,1.594453453634612,1.2001025476161822,1.7277116,1.5619530261078838
16,7,6.0,1.670538944496338,1.594677869366729,1.2001001785789074,1.6463499,1.5334372005434815
16,8,5.0,1.658784951436223,1.5957358292467079,1.2000890391085657,1.6813956,1.5397147785939485
16,9,4.0,1.5547887875218518,1.6612847480765929,1.199868656607958,1.6894388,1.531995483429424
16,10,3.0,1.6249515691216054,1.593139018632214,1.2001164665789699,1.6457299,1.5213562280639272
16,11,2.0,1.6989181501538004,1.5945496318055195,1.2001015320627781,1.6955403,1.5532009514836351
16,12,1.0,1.6608818161739438,1.6607397384414522,1.199869140801079,1.6017718,1.5362247985083768
16,13,1.0,1.239361375846228,1.1410417354983713,1.2004993099457546,1.1294202,1.1770601509518843
16,14,3.0,1.6541293114767854,1.5938443252188668,1.200108988747812,1.6307818,1.525083474412114
16,15,2.0,1.6816285979615382,1.594357275463705,1.2001035636019515,1.6980873,1.5494305794538814
16,16,1.0,1.5234159559804399,1.5970182048588037,1.2000756010925546,1.440125,1.4439089395211626
16,17,1.0,1.1950247344531926,1.3472613129821172,1.1997832581740544,1.1700324,1.2282709293232434
16,18,1.0,1.1891434572799993,1.2972230648299472,1.1995413176695175,1.1723871,1.2146662453962986
16,19,3.0,1.5810428838621384,1.59656937339457,1.2000802963556956,1.4974122,1.4730701610052648
16,20,2.0,1.6243094111443932,1.5953831759533816,1.2000927469480713,1.6308172,1.5179318561905235
16,21,1.0,1.637026977057564,1.6599382536838925,1.1998698898947675,1.626861,1.536419189247793
16,22,1.0,1.1628723021328173,1.1136522136317102,1.1997622575157523,1.1740649,1.162045949710087
16,23,1.0,1.1380677604662386,1.3478383820075606,1.199783243763689,1.1700324,1.2140033293573906
16,24,2.0,1.6999185129366248,1.5944855130249145,1.2001022090586855,1.7141206,1.5582026860528884
16,25,1.0,1.658784951436223,1.5957358292467079,1.2000890391085657,1.6813956,1.5397147785939485
16,26,1.0,1.1366099120742368,1.1402402507408114,1.2004984453178285,1.1787317,1.1634999014781158
16,27,3.0,1.6696318985336955,1.6609962135638714,1.1998689104045328,1.700251,1.5637575527834446
16,28,2.0,1.6526838097779677,1.5951587602212647,1.2000951092503656,1.6261276,1.5238535172851597
16,29,1.0,1.6569723758683623,1.5948702257085432,1.200098149663453,1.6283349,1.525432529641264
16,30,1.0,1.1681838269418494,1.1137804511929201,1.1997614855297487,1.1699439,1.1623656015607333
16,31,1.0,1.1592899551023834,1.296389520682085,1.199541829086723,1.1644905,1.2048756414540842
16,32,1.0,1.6856252350877035,1.5946137505861242,1.2001008552180112,1.6990657,1.5507571122862573
16,33,1.0,1.1550983043866636,1.139406706592949,1.2004975940082472,1.180394,1.168393758262088
16,34,1.0,1.1510878730578524,1.3472933723724199,1.19978325695803,1.1700324,1.2171603036833223
16,35,1.0,1.206413066026052,1.1149345892438063,1.1997545367316322,1.2129347,1.1833547630552381
16,36,1.0,1.0629555152807908,1.1412661512304882,1.200499560147754,1.1294202,1.1324754283320797
16,37,2.0,1.6042429569672942,1.596473195223663,1.2000813036130638,1.6928794,1.5290419061411649
16,38,1.0,1.6497808648037355,1.5942610972927977,1.200104579958601,1.6080896,1.5182683889324473
16,39,1.0,1.1681838269418494,1.1137804511929201,1.1997614855297487,1.1699439,1.1623656015607333
16,40,1.0,1.1986999809027319,1.1407532009856494,1.2004989934688686,1.1529022,1.1727188642742503
16,41,3.0,1.663512919964638,1.5949984632697527,1.2000967979296713,1.6930268,1.5437091358839163
16,42,2.0,1.5854009012494295,1.6611885699056859,1.199868740575541,1.6894388,1.5397179189506272
16,43,1.0,1.6612436734990461,1.6603550257578235,1.1998694948635065,1.6706413,1.5538797165888822
16,44,1.0,1.2600887296380707,1.2969024709269232,1.1995415062360826,1.1790755,1.2342538174561017
16,45,1.0,1.1783301167227072,1.3456583434669978,1.1997833809270952,1.1772541,1.2254924556162234
16,46,6.0,1.7410394807782539,1.5962167201012438,1.20008399157432,1.6434928,1.5509311090326514
16,47,5.0,1.6531502643013911,1.659329125268147,1.1998704887032636,1.6188318,1.5382863885235167
16,48,4.0,1.6950189614820657,1.5943252160734025,1.200103902334295,1.7501124,1.5661522345205843
16,49,3.0,1.5592373332112717,1.6594573628293565,1.199870360511831,1.5205693,1.4893550282750523
16,50,2.0,1.640390420612394,1.6588802938039136,1.199870946234242,1.611882,1.5331617080355806
16,51,1.0,1.7410394807782539,1.5962167201012438,1.20008399157432,1.6434928,1.5509311090326514
16,52,1.0,1.2022673449826848,1.2953956795827108,1.1995425287070083,1.172182,1.2174726145503878
16,53,2.0,1.7163154105544722,1.6609320947832666,1.1998689675774357,1.700251,1.5755551508764043
16,54,1.0,1.6486995675776919,1.5949343444891482,1.2000974736995584,1.6406729,1.5265189678856756
16,55,1.0,1.1539173890599288,1.1401440725699041,1.2004983445972504,1.1787317,1.1678553986951665
16,56,1.0,1.707946225779998,1.6610923917347786,1.1998688251732867,1.7047309,1.5746265815959335
16,57,1.0,1.1838970116125984,1.1145498765601776,1.1997568531668839,1.1817158,1.169554356375224
16,58,1.0,1.7183516122643658,1.66070767905115,1.1998691699195627,1.6050233,1.5515939080769492
16,59,3.0,1.1918420443347708,1.1132675009480817,1.1997645733299789,1.2022048,1.176496372655414
16,60,2.0,1.1835704463150278,1.114678114121387,1.1997560810396288,1.1817158,1.1695039838798582
16,61,1.0,1.2088238662902318,1.1150628268050156,1.1997537645519085,1.2129347,1.183997113024613
16,62,3.0,1.1441521786170943,1.2982169059293214,1.1995407977200225,1.1932194,1.2088741799654947
16,63,2.0,1.1619156421861037,1.2964215800723875,1.199541808149663,1.1644905,1.205548210415529
16,64,1.0,1.1664430100730698,1.2965818770238993,1.1995417049655492,1.1644905,1.206734454510518
16,65,4.0,1.6950189614820657,1.5943252160734025,1.200103902334295,1.7501124,1.5661522345205843
16,66,3.0,1.533099201092196,1.5967617297363845,1.2000782830327277,1.4974122,1.4609856494668247
16,67,2.0,1.6395640463323826,1.5951908196115672,1.2000947716535608,1.6261276,1.5205414400362374
16,68,1.0,1.7191137392183062,1.5959602449788248,1.200086682362197,1.6252414,1.5406379719855043
16,69,1.0,1.1973775477574842,1.2981207277584144,1.199540843767034,1.1932194,1.2223191561217712
16,70,2.0,1.633001180947837,1.6597458973420782,1.1998700762422827,1.6256385,1.5350382898890176
16,71,1.0,1.658784951436223,1.5957358292467079,1.2000890391085657,1.6813956,1.5397147785939485
16,72,2.0,1.1666735971339255,1.114838411072899,1.1997551158545565,1.1872948,1.1666990342540378
16,73,1.0,1.1666255776830206,1.1143895796086656,1.1997578183031676,1.1738906,1.1631366017112075
16,74,1.0,1.184831186772446,1.3449209774900426,1.1997834780786383,1.186647,1.2293597349341518
16,75,1.0,1.2765018854664658,1.1398875974474847,1.2004980791941129,1.2040194,1.2052965642582438
16,76,1.0,1.208243358902439,1.3458827591991143,1.1997833564350124,1.2058796,1.2404597180127381
16,77,1.0,1.2271144826037312,1.138188449761458,1.2004964373860376,1.1898162,1.188725892105435
16,78,1.0,1.1687790490511845,1.1141651638765488,1.1997591694395402,1.1573049,1.15937191385631
16,79,1.0,1.1433301179676372,1.1391181720802275,1.2004973106825902,1.1586083,1.159755942329062
16,80,1.0,1.6645194617143122,1.593876384609169,1.2001086493497122,1.763314,1.5617068882807694
16,81,1.0,1.2125972612341003,1.346331590663348,1.19978331458184,1.188075,1.2371093506280264
16,82,1.0,1.1619156421861037,1.2964215800723875,1.199541808149663,1.1644905,1.205548210415529
16,83,1.0,1.7596638755459244,1.595992304369127,1.2000863458668196,1.729672,1.577687433977528
16,84,1.0,1.1910524444201633,1.2967421739754115,1.1995416043308185,1.1750033,1.2156985602614572
16,85,1.0,1.5547887875218518,1.6612847480765929,1.199868656607958,1.6894388,1.531995483429424
16,86,1.0,1.1653919624489935,1.1140689857056416,1.1997597484812703,1.1717896,1.1622049827697054
16,87,2.0,1.2468047892303447,1.3454980465154858,1.1997833998698069,1.2265123,1.2554117798204565
16,88,1.0,1.218559435271805,1.3458186404185095,1.1997833631913337,1.2058796,1.243054097787076
16,89,1.0,1.178088275165203,1.138989934519018,1.200497186631917,1.1936113,1.1774954328737988
16,90,1.0,1.782161449073157,1.5956075916854984,1.2000903868027868,1.7762643,1.5952322720427403
16,91,2.0,1.2112550331461052,1.1130751446062674,1.1997657311517644,1.1982279,1.180340818689452
16,92,1.0,1.2338870688994323,1.1134919166801984,1.1997632224639523,1.206647,1.1883319639541972
16,93,1.0,1.1200889562682492,1.1387334593965985,1.200496941986097,1.1608044,1.1543401947173555
16,94,1.0,1.745751286098224,1.661541223199012,1.1998684358106753,1.746073,1.594908695299106
16,95,1.0,1.1238941612170599,1.1378037370778296,1.2004960936941813,1.1383672,1.149313971955641
16,96,1.0,1.1615998727861083,1.297511599342669,1.1995411566567962,1.1723871,1.2077689969414074
16,97,1.0,1.2042303542734463,1.343574483097342,1.1997837212982403,1.185923,1.2337425649862404
16,98,1.0,1.6455296306926848,1.6590085313651228,1.199870814095885,1.6465442,1.5433832981565572
16,99,1.0,1.192919065672242,1.1128827882644532,1.1997668889159245,1.20506,1.1774042729525176
16,100,1.0,1.1707888739857695,1.2959406892178515,1.199542132942508,1.1635165,1.207422324429588
16,101,1.0,1.192793320096373,1.138092271590551,1.2004963504954722,1.1898162,1.1800161595428804
16,102,1.0,1.6310517293478595,1.6616694607602218,1.199868327096649,1.746073,1.5659150527204146
16,103,1.0,1.1725007417936868,1.3441194927324829,1.199783612627494,1.1971539,1.2287309165243463
16,104,1.0,1.707946225779998,1.6610923917347786,1.1998688251732867,1.7047309,1.5746265815959335
16,105,1.0,1.174299326371559,1.1137163324123154,1.1997618715250307,1.1699439,1.1638970660952839
16,106,2.0,1.3268707599329093,1.29860161861295,1.1995406226722454,1.3055766,1.2840229840336175
16,107,1.0,1.1669319672187966,1.2952674420215011,1.1995426261035276,1.1671798,1.2072154319102273
16,108,3.0,1.661907239367197,1.5937802064382618,1.200109667673502,1.6767758,1.5388302428359375
16,109,2.0,1.5034077958127048,1.5926581277776781,1.2001215771775453,1.5261294,1.4598078003622452
16,110,1.0,1.6975778933737933,1.659649719171171,1.1998701703641468,1.7684348,1.58797395179716
16,111,1.0,1.1767912928448814,1.13834874671297,1.200496583641619,1.171278,1.1712777603167341
16,112,1.0,1.1813283130218806,1.2960048079984563,1.1995420883084729,1.1635165,1.210105668565327
16,113,1.0,1.2468047892303447,1.3454980465154858,1.1997833998698069,1.2265123,1.2554117798204565
16,114,2.0,1.6541293114767854,1.5938443252188668,1.200108988747812,1.6307818,1.525083474412114
16,115,1.0,1.6251788495266977,1.6600985506354042,1.1998697365431303,1.5986786,1.5262344065817814
16,116,1.0,1.1895910080043797,1.34421567090339,1.1997835948957494,1.1971539,1.2330801437403456
16,117,1.0,1.158852641589357,1.2983130841002288,1.1995407525848416,1.1932194,1.2126186329220152
16,118,1.0,1.1489390791714555,1.1118889471650788,1.1997728696530954,1.1643181,1.1555768572498284
16,119,1.0,1.6569723758683623,1.5948702257085432,1.200098149663453,1.6283349,1.525432529641264
16,120,1.0,1.1236508912719514,1.1377716776875269,1.2004960655201549,1.1673003,1.1566637867214593
16,121,1.0,1.2158129478688313,1.1127224913129412,1.1997678536712526,1.20506,1.1831575025396717
16,122,1.0,1.6247594589561314,1.6588161750233086,1.1998710127202872,1.611882,1.5291898995425575
16,123,1.0,1.1813573295378976,1.1369701929299671,1.2004953844307473,1.202808,1.1801695351978725
16,124,3.0,1.7475472607757327,1.6601626694160092,1.1998696757053013,1.7618678,1.5990649671848318
16,125,2.0,1.6254999373061878,1.5932672561934236,1.2001151054004,1.5544634,1.498123125698828
16,126,1.0,1.6532967490733848,1.657309383679096,1.1998726565802047,1.6433843,1.5441090114831058
16,127,2.0,1.2648426130067707,1.11230571923901,1.1997703618253037,1.2217907,1.1997505034493736
16,128,1.0,1.1657923935000674,1.1115362938717523,1.1997749913912463,1.1906548,1.166506700227661
16,129,1.0,1.1705817624103654,1.2952033232408966,1.1995426754066847,1.1671798,1.2081228411089526
16,130,1.0,2.2232571532055014,1.5914719303364895,1.2001342250905769,1.4824979,1.630488293225412
16,131,2.0,1.1641984339211935,1.2957803922663396,1.1995422462877274,1.1717614,1.2078282642806073
16,132,1.0,1.151889126256279,1.2941453633609172,1.1995435477348961,1.1666394,1.2029863473449187
16,133,2.0,1.714516891023449,1.6596817785614733,1.1998701389158646,1.7684348,1.5922686694620163
16,134,1.0,1.6464311335412385,1.5938122658285643,1.2001093281874209,1.6307818,1.523127327742583
16,135,2.0,1.1430406837972977,1.133155125483982,1.2004927531658596,1.1556079,1.1574031900041555
16,136,1.0,1.164266087020744,1.1341169071930541,1.2004933217335714,1.147496,1.1609378504067434
16,137,1.0,1.1383196947717522,1.2943697790930342,1.1995433534342104,1.1768159,1.2022187989334754
16,138,1.0,1.7485818432796592,1.5916642866783037,1.2001321700537597,1.4824979,1.5104143260200125
16,139,1.0,1.207553681719007,1.133636016338518,1.2004930294907894,1.1305165,1.1674163706390273
16,140,3.0,1.6545019298551602,1.6579826308754464,1.1998719028180587,1.6860936,1.5555363654152856
16,141,2.0,1.6329220546969427,1.6582391059978656,1.1998716238562734,1.6742713,1.5471085213336213
16,142,1.0,1.6334833545944694,1.6592650064875423,1.1998705532130496,1.6306647,1.5363276186054775
16,143,1.0,1.142879503758128,1.296229223730573,1.1995419353229304,1.1635165,1.200432500910479
16,144,2.0,1.6950189614820657,1.5943252160734025,1.200103902334295,1.7501124,1.5661522345205843
16,145,1.0,1.682278294971463,1.5950625820503577,1.2000961223292193,1.6960963,1.5492611387666702
16,146,1.0,1.1481368016772706,1.1119851253359858,1.199772290952118,1.169864,1.1568202297498364
16,147,1.0,1.1436359205532667,1.132417759507027,1.2004923603137712,1.1340625,1.1518421065127766
16,148,1.0,1.2645421918895312,1.293632413116079,1.1995440105628623,1.2332882,1.2484559546036134
16,149,1.0,1.6856252350877035,1.5946137505861242,1.2001008552180112,1.6990657,1.5507571122862573
16,150,2.0,1.71513514447292,1.3404326628477072,1.1997846171228677,1.4675099,1.434447126400626
16,151,1.0,1.605306730246788,1.3409135537022434,1.1997844503875281,1.3965317,1.3885740617101572
16,152,1.0,1.6486545116020246,1.5940687409509835,1.2001066138685064,1.6231738,1.5218032897705092
16,153,1.0,1.3385205661934985,1.3399838313834738,1.1997847823480128,1.4675099,1.3390268451205554
19,1,1.0,1.2218801318147556,1.3435424237070395,1.1997837281224488,1.185923,1.2382009369209799
19,2,2.0,1.6826195659916972,1.5955114135145911,1.2000913980318473,1.7215296,1.5559819615676518
19,3,1.0,1.7043160460094233,1.5934596125352378,1.2001130649490561,1.8000718,1.5810994878474844
19,4,1.0,1.2193809321215783,1.297383361781459,1.1995412272029535,1.1723871,1.2223587367727715
19,5,1.0,1.1929062269309254,1.1147742922922943,1.199755501933211,1.1872948,1.1733213747136284
19,6,2.0,1.6497814421376986,1.5950305226600552,1.2000964601105981,1.5927073,1.5145167433831432
19,7,1.0,1.5854009012494295,1.6611885699056859,1.199868740575541,1.6894388,1.5397179189506272
19,8,1.0,1.1845288068905402,1.3461071749312312,1.199783334323172,1.1983749,1.2325908029644639
19,9,1.0,1.6137169675985765,1.5948061069279384,1.2000988257846814,1.5363746,1.4908882534696644
19,10,1.0,1.1713377399962774,1.1376754995166198,1.2004959814255207,1.1673003,1.1687071443933998
19,11,1.0,1.1641984339211935,1.2957803922663396,1.1995422462877274,1.1717614,1.2078282642806073
19,12,1.0,1.1539335581686385,1.3452736307833688,1.1997834284230389,1.1714095,1.21772248681432
19,13,1.0,1.1647610805324786,1.139086112689925,1.20049727956063,1.1586083,1.1651711784946102
19,14,1.0,1.1441521786170943,1.2982169059293214,1.1995407977200225,1.1932194,1.2088741799654947
19,15,1.0,1.1977230815160844,1.3475498474948389,1.199783248993493,1.1700324,1.229026792575874
19,16,1.0,1.2039575422573687,1.1131072039965697,1.1997655381849326,1.1982279,1.178502170173917
19,17,1.0,1.591410063303633,1.6605794414899402,1.1998692870996595,1.6255159,1.524692478818669
19,18,1.0,1.1801114677207458,1.1395349441541582,1.200497721805008,1.165429,1.1709185296770048
19,19,2.0,1.5458112780531648,1.5936519688770523,1.2001110260646615,1.5600686,1.47949072883069
19,20,1.0,1.5592373332112717,1.6594573628293565,1.199870360511831,1.5205693,1.4893550282750523
19,21,2.0,1.1835704463150278,1.114678114121387,1.1997560810396288,1.1817158,1.1695039838798582
19,22,1.0,1.121267939888101,1.1161528460752972,1.1997472004905092,1.1576169,1.1479288537860055
19,23,1.0,1.6857301577893467,1.5954472947339864,1.2000920724037833,1.7339035,1.5599262101085438
19,24,1.0,1.1774382909095145,1.3450171556609498,1.1997834639556777,1.186647,1.2275132115450025
19,25,1.0,1.1642002232080095,1.2975757181232734,1.1995411219901746,1.1723871,1.2084432639082274
19,26,1.0,1.5810428838621384,1.59656937339457,1.2000802963556956,1.4974122,1.4730701610052648
19,27,1.0,1.231142450789751,1.297351302391157,1.199541245091485,1.1723871,1.2253270183306193
19,28,1.0,1.6258720744815072,1.59509464144066,1.2000957845886016,1.6960963,1.53499491558072
19,29,1.0,1.1997534048416136,1.1151269455856208,1.199753378457433,1.2012899,1.1787316977515028
19,30,1.0,1.782161449073157,1.5956075916854984,1.2000903868027868,1.7762643,1.5952322720427403
19,31,1.0,1.139705767220804,1.296068926779061,1.1995420440915832,1.1635165,1.1995888104387902
19,32,2.0,1.6405668764300332,1.5949022850988457,1.200097811659454,1.6283349,1.5212889582460065
19,33,1.0,1.6299492623952174,1.594132859731588,1.200105935721986,1.6336982,1.5197846106618178
19,34,1.0,1.1891434572799993,1.2972230648299472,1.1995413176695175,1.1723871,1.2146662453962986
19,35,3.0,1.787586496723316,1.6614129856378026,1.1998685456438223,1.746073,1.6054631603250171
19,36,2.0,1.6318114189284005,1.659425303439054,1.1998703924589302,1.5205693,1.507712646871817
19,37,1.0,1.6966937216130047,1.6601306100257067,1.199869706100577,1.7618678,1.5861877765676282
19,38,1.0,1.1525160835764994,1.140304369521416,1.2004985128228531,1.1787317,1.1675413868670628
19,39,1.0,1.6457733948463156,1.5960564231497318,1.200085672989273,1.729672,1.5488821776224515
19,40,1.0,1.1617713067784192,1.1137483918026176,1.1997616785274745,1.1699439,1.1607347709058184
19,41,1.0,1.6989181501538004,1.5945496318055195,1.2001015320627781,1.6955403,1.5532009514836351
19,42,1.0,1.1889368387185244,1.346010996760324,1.1997833435097096,1.1983749,1.2336819703113775
19,43,1.0,1.1507993378106427,1.2961971643402705,1.1995419568733328,1.1635165,1.2024285999653084
19,44,1.0,1.18774913768882,1.1383166873226676,1.200496554248294,1.171278,1.1740426515559612
19,45,1.0,1.1803256326965283,1.1155116582692495,1.1997510618140124,1.1784981,1.168067455177022
19,46,1.0,2.0925288239492223,1.6619579952729433,1.1998680866305877,1.70775,1.6729428014764254
19,47,1.0,1.1785228216490968,1.1144536983892703,1.1997574322533067,1.1880307,1.1697895218166448
19,48,1.0,1.6377386651955823,1.6591047095360303,1.1998707157394775,1.6143008,1.5331676622516206
19,49,1.0,1.1848519354802596,1.1388616969578083,1.200497063729626,1.1936113,1.1791745752834697
19,50,3.0,1.6356221049707276,1.6592329470972396,1.199870585585295,1.6350033,1.537973329466443
19,51,2.0,1.6526838097779677,1.5951587602212647,1.2000951092503656,1.6261276,1.5238535172851597
19,52,1.0,1.5872408607958217,1.6620862328341528,1.1998679815894049,1.70775,1.5451061801439543
19,53,1.0,1.1910524444201633,1.2967421739754115,1.1995416043308185,1.1750033,1.2156985602614572
19,54,1.0,1.184831186772446,1.3449209774900426,1.1997834780786383,1.186647,1.2293597349341518
19,55,1.0,1.172178743247199,1.1409134979371618,1.2004991685654742,1.1294202,1.160026311824539
19,56,1.0,1.6334833545944694,1.6592650064875423,1.1998705532130496,1.6306647,1.5363276186054775
19,57,1.0,1.1782512372653924,1.1139728075347344,1.199760327509613,1.1769835,1.1667668672199403
19,58,1.0,1.669755088707564,1.6596176597808685,1.1998702018786747,1.6826407,1.558924258830367
19,59,1.0,1.1884395614912016,1.1399196568377872,1.2004981121169347,1.2040194,1.1830194806252536
19,60,1.0,1.1537194300630726,1.3454339277348808,1.1997834077867173,1.1771342,1.2191768919076953
19,61,1.0,1.163269781313721,1.1375472619554101,1.2004958703049502,1.1765636,1.1690083982788004
19,62,1.0,1.677922192147264,1.5959281855885223,1.2000870189069046,1.6252414,1.5302059345387062
19,63,1.0,1.1897949994607926,1.3458506998088118,1.199783359788921,1.2058796,1.2357830319639667
19,64,1.0,1.1926127509425903,1.1140369263153391,1.199759941492091,1.1769835,1.170417351135681
19,65,2.0,1.6526838097779677,1.5951587602212647,1.2000951092503656,1.6261276,1.5238535172851597
19,66,1.0,1.6686669780596843,1.5936840282673546,1.200110686401031,1.5600686,1.5105888377306733
19,67,1.0,1.1720538535752225,1.3456904028573,1.1997833772818158,1.1772541,1.2239122857169076
19,68,1.0,1.6608818161739438,1.6607397384414522,1.199869140801079,1.6017718,1.5362247985083768
19,69,1.0,1.1706692626466364,1.1121774816778003,1.1997711334977776,1.1510646,1.157749883137852
19,70,1.0,1.141264278618274,1.346972778469396,1.1997832713041834,1.1679827,1.2140675776319836
19,71,1.0,1.6464311335412385,1.5938122658285643,1.2001093281874209,1.6307818,1.523127327742583
19,72,1.0,1.1584212587975475,1.137130489881479,1.2004955170702616,1.1749771,1.1672690383216409
19,73,4.0,1.6187718220719076,1.5963770170527558,1.2000823112672532,1.6928794,1.532694506189117
19,74,3.0,1.6231809632092604,1.6606756196608474,1.1998691991102322,1.6050233,1.5275017524733903
19,75,2.0,1.69355536065839,1.5944213942443097,1.2001028862418013,1.6932174,1.5512160153693846
19,76,1.0,1.6486995675776919,1.5949343444891482,1.2000974736995584,1.6406729,1.5265189678856756
19,77,2.0,1.1834868935540706,1.3446965617579258,1.1997835127151613,1.1930181,1.2305965262635223
19,78,1.0,1.1504888857191586,1.3452095120027643,1.1997834370169735,1.1812984,1.2193704276719217
19,79,1.0,1.192919065672242,1.1128827882644532,1.1997668889159245,1.20506,1.1774042729525176
19,80,1.0,1.1646061177235811,1.2966780551948065,1.1995416442783233,1.1607699,1.205339870204891
19,81,1.0,1.1212107640076263,1.1405608446438353,1.2004987857449,1.1529022,1.15306058128496
19,82,1.0,1.6758867066858274,1.5957037698564054,1.200089375977113,1.6813956,1.544034545422907
19,83,1.0,1.1664430100730698,1.2965818770238993,1.1995417049655492,1.1644905,1.206734454510518
19,84,2.0,1.1675076973989449,1.3464598282245575,1.1997833043715604,1.188075,1.2257313569884025
19,85,1.0,1.219879512816988,1.3463636500536502,1.1997833119588373,1.188075,1.2389603222272523
19,86,1.0,1.1919495676601004,1.1135880948511057,1.1997626435002038,1.1740649,1.1693881585994248
19,87,1.0,1.2321065762213887,1.3433821267555275,1.1997837629643524,1.1943103,1.242899105733655
19,88,1.0,1.1838970116125984,1.1145498765601776,1.1997568531668839,1.1817158,1.169554356375224
19,89,1.0,1.1589307201610433,1.2965177582432945,1.1995417459361912,1.1644905,1.2048171651130728
19,90,1.0,1.5970282593915344,1.593235196803121,1.20011544562649,1.5964175,1.5016685502533036
19,91,1.0,1.184831186772446,1.3449209774900426,1.1997834780786383,1.186647,1.2293597349341518
19,92,1.0,1.6125187227823958,1.5941008003412858,1.2001062747702174,1.5391598,1.4911225187977402
19,93,1.0,1.1241608880061111,1.140528785253533,1.200498751377513,1.1529022,1.153799023616069
19,94,1.0,1.1827092355738207,1.3443759678549019,1.1997835662974599,1.2004491,1.232224203755357
19,95,4.0,1.6266778499042183,1.5947740475376362,1.200099163907706,1.5928975,1.5086546326115364
19,96,3.0,1.643981786243099,1.5962487794915463,1.2000836554241936,1.6434928,1.5263775536897912
19,97,2.0,1.63798547655001,1.659970313074195,1.199869859089585,1.6244261,1.5360454660261045
19,98,1.0,1.5965162910159112,1.5958961261982199,1.20008735549997,1.6252414,1.5095971829104224
19,99,1.0,1.2331959938639567,1.343670661268249,1.1997837011172705,1.2029234,1.245456507728008
19,100,2.0,1.6195186385897566,1.658687937462099,1.1998711465526137,1.5996827,1.5247028784266123
19,101,1.0,1.6857301577893467,1.5954472947339864,1.2000920724037833,1.7339035,1.5599262101085438
19,102,1.0,1.2039575422573687,1.1131072039965697,1.1997655381849326,1.1982279,1.178502170173917
19,103,1.0,1.1269257948084714,1.1378999152487366,1.200496178648472,1.1383672,1.1501055215972114
19,104,1.0,1.2863046187191762,1.3430935922428062,1.1997838287000102,1.2541498,1.2718865323211366
19,105,1.0,1.1343789303691478,1.1379960934196438,1.2004962642504122,1.1472574,1.1542957726059826
19,106,1.0,1.1835704463150278,1.114678114121387,1.1997560810396288,1.1817158,1.1695039838798582
19,107,1.0,1.1848376041964195,1.3440874333421804,1.19978361863603,1.1971539,1.23184479274484
19,108,1.0,1.6239492251003906,1.6593932440487515,1.1998704244694187,1.6188318,1.530912933650284
19,109,1.0,1.2261684881283237,1.1367457771978502,1.2004952017403054,1.197013,1.1899666571049075
19,110,1.0,1.616689144245094,1.5952549383921721,1.2000940965759448,1.5530947,1.4960404871293835
19,111,1.0,1.2183604884899963,1.1126904319226387,1.1997680466174006,1.20506,1.1837941203964797
19,112,1.0,1.191051421820004,1.1395670035444607,1.2004977539346653,1.165429,1.1736951340712447
19,113,1.0,1.176188285712903,1.3465560063954647,1.199783297224876,1.188075,1.227952419042033
19,114,1.0,1.6788340554412886,1.5963449576624533,1.200082647242252,1.6928794,1.547885925916702
19,115,1.0,1.1762367488796617,1.136489302075431,1.2004949972381445,1.2008309,1.1782449280570075
19,116,1.0,1.1897682686021678,1.1132354415577792,1.1997647663038908,1.1931311,1.1736366660636082
19,117,1.0,1.15747158062329,1.138284627932365,1.2004965249254027,1.171278,1.166372440479161
19,118,3.0,1.7445512054835501,1.5935878500964475,1.2001117055128943,1.7806064,1.586321945747485
19,119,2.0,1.7596638755459244,1.595992304369127,1.2000863458668196,1.729672,1.577687433977528
19,120,1.0,1.7155569500766967,1.6612526886862906,1.199868684525253,1.6894388,1.5726716471323807
19,121,4.0,1.1495005141020245,1.2953315608021059,1.1995425771963844,1.172182,1.2041031343036683
19,122,3.0,1.1627600006002314,1.2960368673887586,1.1995420661528373,1.1635165,1.2054148469602053
19,123,2.0,1.1707888739857695,1.2959406892178515,1.199542132942508,1.1635165,1.207422324429588
19,124,1.0,1.1557043778877547,1.296966589707528,1.1995414677103222,1.1790755,1.2078543492028389
19,125,1.0,1.682278294971463,1.5950625820503577,1.2000961223292193,1.6960963,1.5492611387666702
19,126,1.0,1.2234315868575059,1.1125621943614292,1.199768818382185,1.2220389,1.189399152665719
19,127,3.0,1.670538944496338,1.594677869366729,1.2001001785789074,1.6463499,1.5334372005434815
19,128,2.0,1.6164547964911384,1.659168828316635,1.1998706505165428,1.6350033,1.5331066065431087
19,129,1.0,1.677922192147264,1.5959281855885223,1.2000870189069046,1.6252414,1.5302059345387062
19,130,2.0,1.2321065762213887,1.3433821267555275,1.1997837629643524,1.1943103,1.242899105733655
19,131,1.0,1.2033096359342481,1.3439591957809707,1.199783643151095,1.2014924,1.2375994614356312
19,132,1.0,1.2210883983335896,1.1366175396366407,1.2004950989192769,1.2008309,1.1896276404288904
19,133,1.0,1.1954458379948727,1.2955239171439203,1.1995424329383726,1.1946213,1.221533043648944
19,134,1.0,1.1795827834748733,1.1145819359504798,1.1997566601364917,1.1817158,1.1684706574910355
19,135,1.0,1.6409925853598544,1.5947419881473337,1.2000995020952943,1.5928975,1.5122691116903564
19,136,1.0,1.258033100772689,1.3425806419979676,1.1997839551405243,1.2450023,1.2622565740990506
19,137,1.0,1.686688819206026,1.593716087657657,1.2001103467835208,1.765352,1.567799555882409
19,138,1.0,1.1694792854407818,1.1120492441165906,1.1997719051440832,1.169864,1.1622373301143165
19,139,1.0,1.6344020684709426,1.5952869977824744,1.2000937590932914,1.6254233,1.5190786374829577
19,140,1.0,1.192919065672242,1.1128827882644532,1.1997668889159245,1.20506,1.1774042729525176
19,141,2.0,1.6030118493518952,1.5931069592419114,1.2001168069794945,1.6457299,1.5157960923431038
19,142,1.0,1.6344020684709426,1.5952869977824744,1.2000937590932914,1.6254233,1.5190786374829577
19,143,1.0,1.175657219066553,1.2958124516566418,1.1995422234114523,1.1717614,1.2107361518986768
19,144,1.0,1.296134485725085,1.342420345046456,1.1997839971621125,1.271662,1.2786945253616475
19,145,1.0,1.1984330966887142,1.2961009861693635,1.1995420221336721,1.1635165,1.2144585580916083
19,146,1.0,1.213839904499222,1.3425485826076653,1.199783963447793,1.2450023,1.2510648561616196
19,147,1.0,1.737201507185827,1.5956396510758006,1.2000900498148435,1.7762643,1.583862664153016
19,148,1.0,1.191877538662653,1.135591639146964,1.2004943174453737,1.1898227,1.1791527821224301
19,149,1.0,1.5547887875218518,1.6612847480765929,1.199868656607958,1.6894388,1.531995483429424
19,150,1.0,1.2128253245952079,1.3422921074852465,1.199784031637744,1.271662,1.2575797207070922
19,151,1.0,1.1791586777577943,1.1146139953407823,1.1997564671059282,1.1817158,1.1683713997342504
19,152,2.0,1.6112929958947833,1.660226788196614,1.1998696151401733,1.6716883,1.5414751771328659
19,153,1.0,1.663512919964638,1.5949984632697527,1.2000967979296713,1.6930268,1.5437091358839163
19,154,1.0,1.1402614327319112,1.1115683532620548,1.1997747985154812,1.1906548,1.1600538582188997
19,155,3.0,1.177695795176555,1.29712688665904,1.1995413731711564,1.1669071,1.2103396556213895
19,156,2.0,1.1984330966887142,1.2961009861693635,1.1995420221336721,1.1635165,1.2144585580916083
19,157,1.0,1.1984330966887142,1.2961009861693635,1.1995420221336721,1.1635165,1.2144585580916083
19,158,1.0,1.6657266322143993,1.5961205419303368,1.2000850002903631,1.6434928,1.5318482094353745
19,159,1.0,1.4129484817466613,1.3405288410186145,1.1997845829219527,1.3965317,1.3397982250965983
19,160,1.0,1.1627600006002314,1.2960368673887586,1.1995420661528373,1.1635165,1.2054148469602053
19,161,1.0,1.7256824575030876,1.6602588475869164,1.1998695849703547,1.6716883,1.5704308785449532
19,162,1.0,1.1358401703374092,1.1331230660936795,1.200492735306057,1.1556079,1.1555728983326656
20,1,1.0,1.1603551797927067,1.2969986490978305,1.1995414485973603,1.1669071,1.2059189753034747
20,2,1.0,1.652319432937836,1.6583352841687726,1.1998715204081665,1.6742713,1.552041569969274
20,3,1.0,1.2331959938639567,1.343670661268249,1.1997837011172705,1.2029234,1.245456507728008
20,4,1.0,1.251987402617373,1.298986331296579,1.199540462253179,1.3055766,1.2651701897102183
20,5,3.0,1.6464311335412385,1.5938122658285643,1.2001093281874209,1.6307818,1.523127327742583
20,6,2.0,1.6405668764300332,1.5949022850988457,1.200097811659454,1.6283349,1.5212889582460065
20,7,1.0,1.7256665821952242,1.5937481470479595,1.2001100072021729,1.765352,1.5776713685684784
20,8,1.0,1.2029668361747774,1.1125301349711267,1.1997690113160722,1.1786145,1.1730766620103885
20,9,1.0,1.198307683516649,1.342837117120387,1.1997838903905258,1.2583008,1.2506174652217883
20,10,1.0,1.6505043980502299,1.6592008877069373,1.199870618013801,1.6350033,1.541731363062393
20,11,1.0,1.1938329492508313,1.1128186694838482,1.1997672748237889,1.20506,1.1776194075364792
20,12,1.0,1.5458112780531648,1.5936519688770523,1.2001110260646615,1.5600686,1.47949072883069
20,13,1.0,1.1419253729924201,1.343350067365225,1.1997837700759648,1.1943103,1.2200695827029175
20,14,1.0,1.1858014706042777,1.1366816584172454,1.2004951501859578,1.2008309,1.1807141074728245
20,15,3.0,1.8067209044870387,1.5924978308261661,1.2001232828927588,1.6075764,1.557410526108058
20,16,2.0,1.6125187227823958,1.5941008003412858,1.2001062747702174,1.5391598,1.4911225187977402
20,17,1.0,1.7183516122643658,1.66070767905115,1.1998691699195627,1.6050233,1.5515939080769492
20,18,1.0,1.214835327556555,1.343798898829459,1.199783674871381,1.2073308,1.2419727947265295
20,19,1.0,1.6444109324114993,1.5953190571727767,1.2000934216764867,1.6254233,1.5216195308412508
20,20,1.0,1.0901170172356809,1.2946262542154532,1.1995431374777097,1.1596085,1.1856728070505902
20,21,2.0,1.1774382909095145,1.3450171556609498,1.1997834639556777,1.186647,1.2275132115450025
20,22,1.0,1.2228114152873832,1.344311849074297,1.1997835775924242,1.1937002,1.2406256271199103
20,23,3.0,1.665619112242517,1.5951267008309624,1.200095446892932,1.7356517,1.5552048317635476
20,24,2.0,1.7191137392183062,1.5959602449788248,1.200086682362197,1.6252414,1.5406379719855043
20,25,1.0,1.6989181501538004,1.5945496318055195,1.2001015320627781,1.6955403,1.5532009514836351
20,26,1.0,1.245156801620288,1.3445362648064139,1.199783538904915,1.2311598,1.2559431749546086
20,27,2.0,1.1713377399962774,1.1376754995166198,1.2004959814255207,1.1673003,1.1687071443933998
20,28,1.0,1.1983047063130448,1.136649599026943,1.2004951245156894,1.2008309,1.183870078888893
20,29,1.0,1.1785228216490968,1.1144536983892703,1.1997574322533067,1.1880307,1.1697895218166448
20,30,1.0,1.2004788305196719,1.1374190243942006,1.200495760325255,1.183132,1.180076504138128
20,31,1.0,1.6356221049707276,1.6592329470972396,1.199870585585295,1.6350033,1.537973329466443
20,32,1.0,1.2118866021983823,1.1365854802463382,1.2004950733920274,1.2008309,1.1872908988716633
20,33,1.0,1.1449305274172912,1.2974154211717617,1.1995412094107734,1.1723871,1.2035262969994698
20,34,2.0,1.682278294971463,1.5950625820503577,1.2000961223292193,1.6960963,1.5492611387666702
20,35,1.0,1.7256824575030876,1.6602588475869164,1.1998695849703547,1.6716883,1.5704308785449532
20,36,2.0,1.1732814785982957,1.1368419553687579,1.200495279609114,1.197013,1.176607336241188
20,37,1.0,1.1854761579406266,1.1356236985372665,1.2004943407630317,1.192668,1.1782705766114687
20,38,1.0,1.2259241973930697,1.343253889194318,1.1997837917019263,1.2591685,1.2579340978962414
20,39,1.0,1.1601855357792195,1.2967742333657137,1.1995415845012174,1.1750033,1.2078954351166444
20,40,5.0,1.5826559677715926,1.6606115008802427,1.1998692576988754,1.6050233,1.5172302147361272
20,41,4.0,2.212714781822433,1.5920489993619324,1.2001280646449397,1.7873827,1.7061484063370393
20,42,3.0,1.640390420612394,1.6588802938039136,1.199870946234242,1.611882,1.5331617080355806
20,43,2.0,1.6030118493518952,1.5931069592419114,1.2001168069794945,1.6457299,1.5157960923431038
20,44,1.0,1.6645194617143122,1.593876384609169,1.2001086493497122,1.763314,1.5617068882807694
20,45,1.0,1.2506683056404553,1.3432218298040155,1.1997837990083393,1.2591685,1.2641877735795428
20,46,1.0,1.643981786243099,1.5962487794915463,1.2000836554241936,1.6434928,1.5263775536897912
20,47,2.0,1.1707357437265202,1.1377396182972246,1.2004960374172005,1.1673003,1.168571041477711
20,48,1.0,1.1873274354001366,1.1353992828051496,1.200494179042209,1.1898227,1.1779526142063113
20,49,3.0,1.6334833545944694,1.6592650064875423,1.1998705532130496,1.6306647,1.5363276186054775
20,50,2.0,1.6816285979615382,1.594357275463705,1.2001035636019515,1.6980873,1.5494305794538814
20,51,1.0,1.6245705964842807,1.660547382099638,1.199869316552727,1.6255159,1.5330760348529453
20,52,1.0,1.2176880777759496,1.1123698380196148,1.199769975972486,1.1833042,1.177964322084303
20,53,2.0,1.637026977057564,1.6599382536838925,1.1998698898947675,1.626861,1.536419189247793
20,54,1.0,1.640390420612394,1.6588802938039136,1.199870946234242,1.611882,1.5331617080355806
20,55,1.0,1.1697683481413017,1.1372587274426889,1.2004956244685052,1.1687737,1.1685822415892242
20,56,2.0,1.7009979723964577,1.594453453634612,1.2001025476161822,1.7277116,1.5619530261078838
20,57,1.0,1.6856252350877035,1.5946137505861242,1.2001008552180112,1.6990657,1.5507571122862573
20,58,2.0,1.1694663484998138,1.3449530368803448,1.199783473324229,1.186647,1.2254795941855772
20,59,1.0,1.2612415146942588,1.110927165456007,1.1997786555742451,1.3334317,1.2271211096646362
20,60,1.0,1.527484432470703,1.5919528211910254,1.200129090411224,1.4824979,1.4545353175445448
20,61,1.0,1.216841324116972,1.3443439084645994,1.1997835719189023,1.2004491,1.2408536176162994
20,62,1.0,1.6547668921339624,1.6592970658778445,1.199870520923126,1.6306647,1.541721772870909
20,63,1.0,1.1733275755381443,1.112466016190522,1.1997693971843126,1.1786145,1.1655599649133814
20,64,1.0,1.2684118408669922,1.3429974140718988,1.1997838514772043,1.2541498,1.2673342213151266
20,65,1.0,1.163166436113935,1.1120813035068933,1.1997717122353169,1.1510646,1.1558270032423907
20,66,1.0,1.6717357395631567,1.5947099287570312,1.2000998403078065,1.6893388,1.5447720051181546
20,67,1.0,1.1803277183226444,1.1358801736596857,1.2004945298573937,1.192668,1.1770326524894708
20,68,1.0,1.2540441200320567,1.3434783049264345,1.1997837419199187,1.2156147,1.2539382053689616
20,69,2.0,1.7393000651761374,1.5955755322951959,1.2000907238337526,1.7838182,1.5863147542583305
20,70,1.0,1.627669136926823,1.5930428404613068,1.2001174879205732,1.6163131,1.5144763397416352
20,71,2.0,1.175657219066553,1.2958124516566418,1.1995422234114523,1.1717614,1.2107361518986768
20,72,1.0,1.0901170172356809,1.2946262542154532,1.1995431374777097,1.1596085,1.1856728070505902
20,73,2.0,1.2231842482625188,1.3455301059057883,1.199783395983039,1.2265123,1.249442436833785
20,74,1.0,1.2259241973930697,1.343253889194318,1.1997837917019263,1.2591685,1.2579340978962414
20,75,1.0,1.1561930158278515,1.1116324720426596,1.199774412760793,1.1906548,1.1641016666875448
20,76,1.0,1.1971447593264206,1.1358160548790808,1.2004944821550412,1.192668,1.1812721647198445
20,77,4.0,1.7535450941035429,1.5957678886370104,1.2000887023030098,1.6813956,1.5637029776986884
20,78,3.0,1.6486545116020246,1.5940687409509835,1.2001066138685064,1.6231738,1.5218032897705092
20,79,2.0,1.69355536065839,1.5944213942443097,1.2001028862418013,1.6932174,1.5512160153693846
20,80,1.0,1.6999185129366248,1.5944855130249145,1.2001022090586855,1.7141206,1.5582026860528884
20,81,1.0,1.2079505688050878,1.3435103643167372,1.1997837349977325,1.2156147,1.2422818027044524
20,82,3.0,1.6287602230629168,1.659810016122683,1.199870013838414,1.621523,1.5329259170826672
20,83,2.0,1.6125187227823958,1.5941008003412858,1.2001062747702174,1.5391598,1.4911225187977402
20,84,1.0,1.6503196187156381,1.6600344318547995,1.1998697976770336,1.5986786,1.5325803617469023
20,85,1.0,1.1896914697166563,1.1133957385092912,1.199763801416547,1.2185128,1.1801663347303828
20,86,1.0,1.6507180106794368,1.5942931566831,1.2001042411327758,1.6080896,1.5185135772471925
20,87,1.0,1.1886828618755136,1.2962612831208755,1.1995419138723007,1.1635165,1.2120316860762967
20,88,1.0,1.1970008673086914,1.1135560354608032,1.1997628364878061,1.206647,1.1790136121614947
20,89,1.0,1.627669136926823,1.5930428404613068,1.2001174879205732,1.6163131,1.5144763397416352
20,90,1.0,1.155678067114136,1.296806292756016,1.1995415647802636,1.176445,1.2071326032116598
20,91,1.0,1.1648169641783737,1.1342772041445657,1.200493422686557,1.147496,1.1611178453307227
20,92,1.0,1.6717357395631567,1.5947099287570312,1.2000998403078065,1.6893388,1.5447720051181546
20,93,1.0,1.186386652234524,1.1350786889021258,1.2004939540611193,1.2090888,1.1825738643138686
20,94,1.0,1.1916994481610959,1.3428050577300845,1.199783898316932,1.2598268,1.2493283670903716
20,95,3.0,1.6318114189284005,1.659425303439054,1.1998703924589302,1.5205693,1.507712646871817
20,96,2.0,1.6813250287631123,1.6604191445384282,1.1998694351392898,1.5995178,1.540739146944576
20,97,1.0,1.6251788495266977,1.6600985506354042,1.1998697365431303,1.5986786,1.5262344065817814
20,98,1.0,1.163068009088641,1.1121133628971955,1.1997715193271412,1.1510646,1.15581016232932
20,99,1.0,1.1861603325269658,1.1124980755808243,1.1997692042556876,1.1786145,1.1688155118520642
20,100,1.0,1.7009979723964577,1.594453453634612,1.2001025476161822,1.7277116,1.5619530261078838
20,101,1.0,1.1641984339211935,1.2957803922663396,1.1995422462877274,1.1717614,1.2078282642806073
20,102,1.0,1.5458112780531648,1.5936519688770523,1.2001110260646615,1.5600686,1.47949072883069
20,103,1.0,1.1333996944767784,1.1341489665833564,1.200493341782489,1.147496,1.1531348653351081
20,104,1.0,1.296134485725085,1.342420345046456,1.1997839971621125,1.271662,1.2786945253616475
20,105,1.0,1.2281965913811832,1.2951392044602916,1.1995427251185389,1.2041365,1.232163754768826
20,106,1.0,1.177972410067358,1.1354313421954523,1.200494201930447,1.1898227,1.175593333708203
20,107,1.0,1.6601713967159102,1.594036681560681,1.200106953006346,1.6769178,1.53849161558635
20,108,1.0,1.1641984339211935,1.2957803922663396,1.1995422462877274,1.1717614,1.2078282642806073
20,109,3.0,1.6784924548505906,1.5946458099764265,1.2001005168715146,1.6990657,1.5489601112148832
20,110,2.0,1.6541293114767854,1.5938443252188668,1.200108988747812,1.6307818,1.525083474412114
20,111,1.0,1.6299943336484668,1.660066491245102,1.199869767077651,1.5986786,1.52744491559163
20,112,1.0,1.2535071718101798,1.3431256516331085,1.199783821208185,1.2541498,1.263594864743053
20,113,3.0,1.6727920550563422,1.6571170273372817,1.1998728776699485,1.6478754,1.5501455828435808
20,114,2.0,1.6486995675776919,1.5949343444891482,1.2000974736995584,1.6406729,1.5265189678856756
20,115,1.0,1.6788462459049018,1.5935237313158428,1.20011238515351,1.6911229,1.5467316951118004
20,116,1.0,1.2967282574196306,1.3416188602888957,1.1997842251534894,1.3642677,1.3023894594208791
20,117,1.0,1.139705767220804,1.296068926779061,1.1995420440915832,1.1635165,1.1995888104387902
20,118,1.0,1.2106734482107313,1.343702720658552,1.1997836944817406,1.2029234,1.2397650246875276
20,119,1.0,1.201891584296492,1.1345977980475899,1.2004936299140914,1.2092868,1.1864265804336886
20,120,1.0,1.6422989425830403,1.5930107810710044,1.2001178284493685,1.6163131,1.5181705515878223
20,121,1.0,1.2114253316951105,1.3424524044367583,1.1997839886622215,1.2450023,1.2504294871517474
20,122,1.0,1.6401495857442592,1.6585917592911918,1.199871247669215,1.5772818,1.5241550988558052
20,123,1.0,1.1897782764302771,1.1351428076827306,1.2004939984887035,1.1867164,1.1777113249056743
20,124,2.0,1.1357683379118082,1.3436386018779467,1.1997837077952218,1.185923,1.2164336711775265
20,125,1.0,1.2693713540011202,1.1110874624075189,1.1997776913954004,1.270983,1.213204697869636
20,126,1.0,1.9150425732891432,1.5921772369231422,1.2001266975604337,1.7873827,1.6308510883316627
20,127,2.0,1.1402614327319112,1.1115683532620548,1.1997747985154812,1.1906548,1.1600538582188997
20,128,1.0,1.255583510664912,1.3426768201688748,1.199783930501999,1.2598268,1.2654625343810997
20,129,1.0,1.6161003377410201,1.658848234413611,1.1998709794446916,1.611882,1.5270067124119815
20,130,1.0,1.1893684263121547,1.1122095410681025,1.1997709405824712,1.2217907,1.180626673255164
20,131,1.0,1.7160649934189822,1.593555790706145,1.2001120453096752,1.6911229,1.5561583682282825
20,132,1.0,1.132731963362572,1.1330268879227723,1.2004926821613453,1.1340625,1.1492369557056181
20,133,2.0,1.6439807651576759,1.6578864527045392,1.199872008592241,1.6860936,1.5528495473276143
20,134,1.0,1.7622703789021237,1.593395493754633,1.2001137449238828,1.8000718,1.595749447298767
20,135,1.0,1.1816048246397715,1.1116965908232643,1.1997740269946056,1.1738204,1.166231631514723
20,136,2.0,1.142879503758128,1.296229223730573,1.1995419353229304,1.1635165,1.200432500910479
20,137,1.0,1.1040377949231768,1.2946903729960582,1.199543084513243,1.1596085,1.1892118366326219
20,138,1.0,1.7043320137433384,1.657950571485144,1.1998719380016694,1.6860936,1.5681383482267153
20,139,2.0,1.3056823708423104,1.1113118781396358,1.1997763414487423,1.284641,1.2259524960068955
20,140,1.0,1.2271144032019203,1.1122736598487077,1.1997705547458068,1.2217907,1.1901948700363234
20,141,2.0,1.6989181501538004,1.5945496318055195,1.2001015320627781,1.6955403,1.5532009514836351
20,142,1.0,1.6686669780596843,1.5936840282673546,1.200110686401031,1.5600686,1.5105888377306733
20,143,2.0,1.3313444720172358,1.110446274601471,1.1997815477440608,1.2906264,1.2337636561037273
20,144,1.0,1.4387865156154098,1.3409456130925457,1.1997844396558113,1.3965317,1.3464422778119518
20,145,2.0,1.6433725066491423,1.6573414430693987,1.1998726199896057,1.6433843,1.5416056697977938
20,146,1.0,1.7790715325271058,1.5933634343643308,1.2001140849812464,1.7478876,1.586611245713172
20,147,2.0,1.1355724657432318,1.131840690481584,1.2004920788624969,1.1379697,1.150657407814112
20,148,1.0,1.1361046300187183,1.1312636214561411,1.2004918201874557,1.1379697,1.1506459827202307
20,149,1.0,1.6439807651576759,1.6578864527045392,1.199872008592241,1.6860936,1.5528495473276143
20,150,2.0,1.4053016435763581,1.3398235344319618,1.1997848436038703,1.4675099,1.3558860299193067
20,151,1.0,1.2886265462958888,1.1109592248463094,1.1997784627435133,1.3334317,1.234059280481966
20,152,2.0,1.745881128257239,1.6581749872172606,1.199871693175153,1.8031545,1.608728199761553
20,153,1.0,1.6455296306926848,1.6590085313651228,1.199870814095885,1.6465442,1.5433832981565572
25,1,1.0,1.6299492623952174,1.594132859731588,1.200105935721986,1.6336982,1.5197846106618178
25,2,1.0,1.1834868935540706,1.3446965617579258,1.1997835127151613,1.1930181,1.2305965262635223
25,3,2.0,1.6547668921339624,1.6592970658778445,1.199870520923126,1.6306647,1.541721772870909
25,4,1.0,1.6686669780596843,1.5936840282673546,1.200110686401031,1.5600686,1.5105888377306733
25,5,1.0,1.1867472658588345,1.3448568587094376,1.199783487732082,1.186647,1.2298283975136015
25,6,1.0,1.1896914697166563,1.1133957385092912,1.199763801416547,1.2185128,1.1801663347303828
25,7,2.0,1.6443503518292182,1.594196978512193,1.2001052577588711,1.6076175,1.5167570117934839
25,8,1.0,1.7535450941035429,1.5957678886370104,1.2000887023030098,1.6813956,1.5637029776986884
25,9,1.0,1.1507993378106427,1.2961971643402705,1.1995419568733328,1.1635165,1.2024285999653084
25,10,1.0,1.6249515691216054,1.593139018632214,1.2001164665789699,1.6457299,1.5213562280639272
25,11,1.0,1.17801604130577,1.1384128654935748,1.2004966426464292,1.1721265,1.1718215240623846
25,12,2.0,1.6929127685713812,1.5956717104661031,1.2000897128748378,1.7762643,1.5726629121391569
25,13,1.0,1.6857301577893467,1.5954472947339864,1.2000920724037833,1.7339035,1.5599262101085438
25,14,1.0,1.1708345976550716,1.1143254608280608,1.1997582043482826,1.1738906,1.16418560925912
25,15,1.0,1.663181506159617,1.5949664038794504,1.2000971357858055,1.6930268,1.543617234947416
25,16,1.0,1.1976784282531596,1.1147422329019918,1.1997556949686798,1.1872948,1.174520969087479
25,17,1.0,1.167345478598189,1.2963574612917825,1.1995418501286734,1.1644905,1.2069060781940681
25,18,1.0,1.1265059058019975,1.3433180079749227,1.1997837772408781,1.1943103,1.2161593942859428
25,19,1.0,1.192919065672242,1.1128827882644532,1.1997668889159245,1.20506,1.1774042729525176
25,20,2.0,1.6287602230629168,1.659810016122683,1.199870013838414,1.621523,1.5329259170826672
25,21,1.0,1.652319432937836,1.6583352841687726,1.1998715204081665,1.6742713,1.552041569969274
25,22,2.0,1.1579776899238532,1.1370984304911764,1.2004954903990281,1.1749771,1.1671486686753103
25,23,1.0,1.1983047063130448,1.136649599026943,1.2004951245156894,1.2008309,1.183870078888893
25,24,1.0,1.1816478466877212,1.3444400866355064,1.1997835551962162,1.2311598,1.2398471535123363
25,25,1.0,1.6645194617143122,1.593876384609169,1.2001086493497122,1.763314,1.5617068882807694
25,26,1.0,1.2075821516746708,1.3437668394391564,1.1997836813584875,1.2029234,1.2389989587178976
25,27,2.0,1.6547668921339624,1.6592970658778445,1.199870520923126,1.6306647,1.541721772870909
25,28,1.0,1.6787549334372809,1.5934916719255403,1.2001127250213826,1.6414815,1.5339707315245577
25,29,1.0,1.2192451507395037,1.136393123904524,1.2004949217310132,1.2008309,1.1891043518893674
25,30,1.0,1.6172126408626901,1.594838166318241,1.200098487696658,1.5399392,1.4926949743683937
25,31,1.0,1.1200889562682492,1.1387334593965985,1.200496941986097,1.1608044,1.1543401947173555
25,32,1.0,1.6816285979615382,1.594357275463705,1.2001035636019515,1.6980873,1.5494305794538814
25,33,1.0,1.142879503758128,1.296229223730573,1.1995419353229304,1.1635165,1.200432500910479
25,34,1.0,1.663512919964638,1.5949984632697527,1.2000967979296713,1.6930268,1.5437091358839163
25,35,1.0,1.1601855357792195,1.2967742333657137,1.1995415845012174,1.1750033,1.2078954351166444
25,36,1.0,1.1861603325269658,1.1124980755808243,1.1997692042556876,1.1786145,1.1688155118520642
25,37,1.0,1.1539335581686385,1.3452736307833688,1.1997834284230389,1.1714095,1.21772248681432
25,38,1.0,1.1801114677207458,1.1395349441541582,1.200497721805008,1.165429,1.1709185296770048
25,39,1.0,1.218559435271805,1.3458186404185095,1.1997833631913337,1.2058796,1.243054097787076
25,40,2.0,1.2276581230263663,1.1134277978995937,1.1997636084326009,1.2185128,1.189782309055305
25,41,1.0,1.199533250460041,1.1131392633868722,1.1997653452171357,1.1982279,1.1773906184039795
25,42,1.0,1.177453268160197,1.3454018683445783,1.199783411816775,1.1771342,1.2251749060964512
25,43,1.0,1.663181506159617,1.5949664038794504,1.2000971357858055,1.6930268,1.543617234947416
25,44,1.0,1.2472487134802384,1.3434462455361322,1.1997837488845537,1.2156147,1.2522104366486433
25,45,1.0,1.174299326371559,1.1137163324123154,1.1997618715250307,1.1699439,1.1638970660952839
25,46,2.0,1.296830874122851,1.343157711023411,1.1997838137589942,1.2591685,1.2758535307243029
25,47,1.0,1.2535071718101798,1.3431256516331085,1.199783821208185,1.2541498,1.263594864743053
25,48,2.0,1.6608818161739438,1.6607397384414522,1.199869140801079,1.6017718,1.5362247985083768
25,49,1.0,1.782161449073157,1.5956075916854984,1.2000903868027868,1.7762643,1.5952322720427403
25,50,1.0,1.249615899806289,1.13687401475906,1.2004953057067556,1.202808,1.1974188096819791
25,51,1.0,1.6258764365241105,1.5939405033897738,1.200107970672896,1.5973891,1.5093947786631672
25,52,1.0,1.1236508912719514,1.1377716776875269,1.2004960655201549,1.1673003,1.1566637867214593
25,53,1.0,1.1878521982284882,1.112241600458405,1.1997707476672168,1.2217907,1.1802510411453107
25,54,1.0,1.1552086809251816,1.2970948272687377,1.199541391874867,1.1669071,1.204640918919647
25,55,2.0,1.6515503333084272,1.65990619429359,1.1998699207748802,1.626861,1.5400863892996361
25,56,1.0,1.6258720744815072,1.59509464144066,1.2000957845886016,1.6960963,1.53499491558072
25,57,1.0,1.2039575422573687,1.1131072039965697,1.1997655381849326,1.1982279,1.178502170173917
25,58,7.0,1.6497808648037355,1.5942610972927977,1.200104579958601,1.6080896,1.5182683889324473
25,59,6.0,1.6164547964911384,1.659168828316635,1.1998706505165428,1.6350033,1.5331066065431087
25,60,5.0,1.2649976232953586,1.5918245836298157,1.200130458703809,1.4824979,1.3880778231824338
25,61,4.0,1.6361599432429383,1.6586558780717966,1.1998711801882733,1.5996827,1.5289060508291472
25,62,3.0,1.6503196187156381,1.6600344318547995,1.1998697976770336,1.5986786,1.5325803617469023
25,63,2.0,1.6526838097779677,1.5951587602212647,1.2000951092503656,1.6261276,1.5238535172851597
25,64,1.0,1.6289211628686715,1.6589764719748206,1.1998708470290895,1.6244049,1.5334949126827515
25,65,1.0,1.1509429406379856,1.296165104949968,1.1995419785177293,1.1635165,1.2024568324802245
25,66,1.0,1.1708345976550716,1.1143254608280608,1.1997582043482826,1.1738906,1.16418560925912
25,67,1.0,1.2147293457014683,1.3446645023676234,1.1997835178574963,1.1930181,1.2384946836121296
25,68,1.0,1.6258764365241105,1.5939405033897738,1.200107970672896,1.5973891,1.5093947786631672
25,69,1.0,1.169986061948568,1.344728621148228,1.1997835076228134,1.1930181,1.2271880941951343
25,70,1.0,1.1507262381774244,1.1381243309808533,1.2004963793858585,1.1898162,1.169378710688997
25,71,1.0,1.7206226509320985,1.5954793541242887,1.200091735200249,1.7215296,1.5655910552141044
25,72,1.0,1.1458775198416213,1.295684214095432,1.1995423155253067,1.1381602,1.1945510825541497
25,73,2.0,1.6464311335412385,1.5938122658285643,1.2001093281874209,1.6307818,1.523127327742583
25,74,1.0,1.5970282593915344,1.593235196803121,1.20011544562649,1.5964175,1.5016685502533036
25,75,1.0,1.1782512372653924,1.1139728075347344,1.199760327509613,1.1769835,1.1667668672199403
25,76,2.0,1.651591532856273,1.5928504841194924,1.200119531769465,1.6580455,1.5311836761576743
25,77,1.0,1.6249515691216054,1.593139018632214,1.2001164665789699,1.6457299,1.5213562280639272
25,78,1.0,1.2470615137392551,1.136553420856036,1.2004950479389969,1.2008309,1.1961842039509119
25,79,1.0,1.649509784209261,1.658271165388168,1.1998715893009566,1.6742713,1.5513143457366085
25,80,1.0,1.1592899551023834,1.296389520682085,1.199541829086723,1.1644905,1.2048756414540842
25,81,1.0,1.1774382909095145,1.3450171556609498,1.1997834639556777,1.186647,1.2275132115450025
25,82,1.0,1.1813573295378976,1.1369701929299671,1.2004953844307473,1.202808,1.1801695351978725
25,83,1.0,1.192919065672242,1.1128827882644532,1.1997668889159245,1.20506,1.1774042729525176
25,84,1.0,1.7163154105544722,1.6609320947832666,1.1998689675774357,1.700251,1.5755551508764043
25,85,3.0,1.1539335581686385,1.3452736307833688,1.1997834284230389,1.1714095,1.21772248681432
25,86,2.0,1.2122610511352567,1.3438309582197612,1.1997836684309084,1.2073308,1.2413294553457916
25,87,1.0,1.2075821516746708,1.3437668394391564,1.1997836813584875,1.2029234,1.2389989587178976
25,88,1.0,1.6243094111443932,1.5953831759533816,1.2000927469480713,1.6308172,1.5179318561905235
25,89,2.0,1.184831186772446,1.3449209774900426,1.1997834780786383,1.186647,1.2293597349341518
25,90,1.0,1.2075821516746708,1.3437668394391564,1.1997836813584875,1.2029234,1.2389989587178976
25,91,3.0,1.6250675885155377,1.660451203928731,1.1998694054005503,1.5995178,1.5265106474769954
25,92,2.0,1.6040105201525652,1.6584635217299823,1.1998713834748858,1.5660717,1.5121025920448006
25,93,1.0,1.6383099851293503,1.5939725627800763,1.200107631407657,1.6147628,1.5170045050702918
25,94,1.0,1.177453268160197,1.3454018683445783,1.199783411816775,1.1771342,1.2251749060964512
25,95,1.0,1.665619112242517,1.5951267008309624,1.200095446892932,1.7356517,1.5552048317635476
25,96,1.0,1.2361447141868245,1.3430615328525035,1.1997838362435718,1.2541498,1.2591848686607257
25,97,3.0,1.665619112242517,1.5951267008309624,1.200095446892932,1.7356517,1.5552048317635476
25,98,2.0,1.6243094111443932,1.5953831759533816,1.2000927469480713,1.6308172,1.5179318561905235
25,99,1.0,1.6299492623952174,1.594132859731588,1.200105935721986,1.6336982,1.5197846106618178
25,100,1.0,1.3244278486142989,1.1108630466754024,1.199779041228996,1.3334317,1.2430950184876033
25,101,3.0,1.1624974313169414,1.2964536394626898,1.199541787306144,1.1644905,1.2057035470379514
25,102,2.0,1.1781157276781569,1.2983772028808334,1.1995407230066866,1.1932194,1.21750960188753
25,103,1.0,1.162513493553428,1.295748332876037,1.1995422692668607,1.1748031,1.2081737789836138
25,104,2.0,1.2238515999312205,1.1359122330499878,1.2004945538157985,1.192668,1.1880550001580157
25,105,1.0,1.1895795821583404,1.1357839954887785,1.2004944584120179,1.192668,1.1793495892209107
25,106,1.0,1.1601855357792195,1.2967742333657137,1.1995415845012174,1.1750033,1.2078954351166444
25,107,1.0,1.2175845138626074,1.1127866100935457,1.1997674677769041,1.20506,1.1836219524857925
25,108,1.0,1.6318114189284005,1.659425303439054,1.1998703924589302,1.5205693,1.507712646871817
25,109,1.0,1.1910524444201633,1.2967421739754115,1.1995416043308185,1.1750033,1.2156985602614572
25,110,1.0,1.2367746775667114,1.1361687081724072,1.2004947480411399,1.2081482,1.1953599859010942
25,111,1.0,1.5813197765184694,1.5929787216807019,1.200118169024351,1.6163131,1.5027310259125346
25,112,1.0,1.2141674252771002,1.1130110258256625,1.1997661170808154,1.2066385,1.1832184635881366
25,113,1.0,1.3704118090562885,1.5924337120455614,1.2001239654726874,1.6075764,1.4469813256736503
25,114,1.0,1.1936078998227584,1.295427738973013,1.1995425046113317,1.1824814,1.2179304890361031
25,115,1.0,1.6328647218081103,1.6587199968524013,1.19987111299929,1.6168957,1.532502388402354
25,116,1.0,1.1746747177388308,1.297287183610552,1.1995412811815724,1.1723871,1.2110209784171386
25,117,1.0,1.1893684263121547,1.1122095410681025,1.1997709405824712,1.2217907,1.180626673255164
25,118,1.0,1.2169193713636348,1.34341418614583,1.1997837559016948,1.2156147,1.2445271293855946
25,119,2.0,1.1970008673086914,1.1135560354608032,1.1997628364878061,1.206647,1.1790136121614947
25,120,1.0,1.1938329492508313,1.1128186694838482,1.1997672748237889,1.20506,1.1776194075364792
25,121,2.0,1.1894108352150787,1.3460751155409287,1.199783337332798,1.1983749,1.2338181452301622
25,122,1.0,1.216841324116972,1.3443439084645994,1.1997835719189023,1.2004491,1.2408536176162994
25,123,1.0,1.1711023091270283,1.296485698852992,1.199541766569258,1.1644905,1.207889220423443
25,124,2.0,1.6950189614820657,1.5943252160734025,1.200103902334295,1.7501124,1.5661522345205843
25,125,1.0,1.3308927288510457,1.5924657714358637,1.2001236241688436,1.6075764,1.4369885906539606
25,126,1.0,1.151807983534213,1.3452415713930665,1.1997834326949595,1.1714095,1.2171764732197903
25,127,2.0,1.637026977057564,1.6599382536838925,1.1998698898947675,1.626861,1.536419189247793
25,128,1.0,1.6645194617143122,1.593876384609169,1.2001086493497122,1.763314,1.5617068882807694
25,129,1.0,1.1416926683363755,1.1119210065553813,1.1997726767545835,1.1643181,1.1537511351574956
25,130,1.0,1.176592528005252,1.2968383521463185,1.1995415451696643,1.176445,1.2124333613108518
25,131,1.0,1.3302679466050251,1.110125680698447,1.199783475534226,1.3040304,1.2368478072547329
25,132,1.0,1.1861603325269658,1.1124980755808243,1.1997692042556876,1.1786145,1.1688155118520642
25,133,1.0,1.1529475192655811,1.297768074465088,1.1995410204377885,1.171293,1.2053637001815656
25,134,1.0,1.1827092355738207,1.3443759678549019,1.1997835662974599,1.2004491,1.232224203755357
25,135,3.0,1.6383099851293503,1.5939725627800763,1.200107631407657,1.6147628,1.5170045050702918
25,136,2.0,1.714516891023449,1.6596817785614733,1.1998701389158646,1.7684348,1.5922686694620163
25,137,1.0,1.6395640463323826,1.5951908196115672,1.2000947716535608,1.6261276,1.5205414400362374
25,138,1.0,1.2025855080384131,1.136232826953012,1.2004947973077282,1.2033799,1.185501463777041
25,139,1.0,1.7566611343214578,1.5936199094867498,1.2001113657679758,1.7806064,1.5893945376803496
25,140,1.0,1.2068359721553952,1.1362969457336167,1.2004948468648184,1.2033799,1.1865933313759018
25,141,1.0,1.320439444144268,1.3427729983397823,1.1997839062909896,1.2598268,1.2818994226703855
25,142,1.0,1.2090567702705097,1.1367137178075477,1.2004951759300158,1.2008309,1.1866072530618264
25,143,1.0,1.1861674212432265,1.2973192430008544,1.1995412630891276,1.1723871,1.2139374506098553
25,144,1.0,1.2756826085860147,1.1111195217978214,1.1997774985534548,1.270983,1.2148099021185834
25,145,1.0,1.6470746620820542,1.6582070466075631,1.1998716584830122,1.8031545,1.5837321688124835
25,146,1.0,1.2496918772028875,1.1348542731700093,1.2004938008054442,1.2090888,1.1985371669279172
25,147,1.0,1.6137169675985765,1.5948061069279384,1.2000988257846814,1.5363746,1.4908882534696644
25,148,2.0,1.2012439679184232,1.1354954609760568,1.2004942479233283,1.1898227,1.1814987114344722
25,149,1.0,1.2134955585606326,1.1345657386572876,1.2004936088734628,1.2092868,1.189354984288016
25,150,1.0,1.1574683578719227,1.29632540190148,1.1995418712736134,1.1644905,1.2043984489063067
25,151,1.0,1.1673474162558406,1.1334436599967035,1.2004929170524041,1.1556079,1.1636273498393521
25,152,1.0,1.1860340430832692,1.1126583725323362,1.19976823956202,1.20506,1.1756054668574634
25,153,2.0,1.6258764365241105,1.5939405033897738,1.200107970672896,1.5973891,1.5093947786631672
25,154,1.0,1.6788462459049018,1.5935237313158428,1.20011238515351,1.6911229,1.5467316951118004
25,155,1.0,1.1990410685541526,1.1117286502135668,1.1997738341086597,1.1738204,1.1706521448499752
25,156,1.0,1.7445512054835501,1.5935878500964475,1.2001117055128943,1.7806064,1.586321945747485
25,157,1.0,1.1624974313169414,1.2964536394626898,1.199541787306144,1.1644905,1.2057035470379514
25,158,2.0,1.6443503518292182,1.594196978512193,1.2001052577588711,1.6076175,1.5167570117934839
25,159,1.0,1.6409925853598544,1.5947419881473337,1.2000995020952943,1.5928975,1.5122691116903564
25,160,1.0,1.3277241196466252,1.1111836405784261,1.1997771128603565,1.270983,1.2279957516076578
25,161,1.0,1.2349425703832047,1.134950451340916,1.2004938660591005,1.2090888,1.1948290362691039
25,162,1.0,1.178844255014458,1.2975436587329712,1.199541139269112,1.1723871,1.212140999096015
25,163,2.0,1.1740275123415784,1.1119530659456835,1.1997724838569888,1.169864,1.1633641106982389
25,164,1.0,1.2186709338524264,1.111440115700845,1.1997755699998003,1.284641,1.2039654996814697
25,165,3.0,1.6865421200232538,1.5933313749740283,1.2001144250761036,1.7478876,1.5631875598339626
25,166,2.0,1.6615453290732896,1.657052908556677,1.1998729519223181,1.6478754,1.547283258478809
25,167,1.0,1.652319432937836,1.6583352841687726,1.1998715204081665,1.6742713,1.552041569969274
25,168,1.0,1.1416926683363755,1.1119210065553813,1.1997726767545835,1.1643181,1.1537511351574956
25,169,3.0,1.6569723758683623,1.5948702257085432,1.200098149663453,1.6283349,1.525432529641264
25,170,2.0,1.6434912889310471,1.6600023724644972,1.199869828341699,1.6244261,1.5374468821615679
25,171,1.0,1.6480847621789207,1.6577261557530272,1.19987218628728,1.6656135,1.5485957642440897
25,172,2.0,1.197186030289147,1.1129469070450577,1.1997665030008162,1.20506,1.1785002127977129
25,173,1.0,1.1506849951962286,1.1118568877747763,1.1997730625496767,1.1643181,1.1560106145840334
25,174,1.0,1.663181506159617,1.5949664038794504,1.2000971357858055,1.6930268,1.543617234947416
25,175,1.0,1.2281965913811832,1.2951392044602916,1.1995427251185389,1.2041365,1.232163754768826
25,176,2.0,1.6356221049707276,1.6592329470972396,1.199870585585295,1.6350033,1.537973329466443
25,177,1.0,1.6787549334372809,1.5934916719255403,1.2001127250213826,1.6414815,1.5339707315245577
25,178,1.0,1.1874919846307304,1.29485066994757,1.1995429538691413,1.1969984,1.2199595252067579
25,179,1.0,1.0958475361643187,1.1339245508512394,1.2004932029273838,1.1305165,1.1392208779084034
25,180,3.0,1.6095204950290156,1.5925940089970732,1.2001222593304954,1.5261294,1.4866448000464378
25,181,2.0,1.5418506394496543,1.5923375338746542,1.2001249896831363,1.7873827,1.536450649733185
25,182,1.0,1.6472890275239704,1.6574055618500032,1.1998725469955167,1.6433843,1.542613000041918
25,183,2.0,1.1419253729924201,1.343350067365225,1.1997837700759648,1.1943103,1.2200695827029175
25,184,1.0,1.423594165387638,1.3402723658961953,1.1997846750683652,1.4675099,1.3606287092701508
25,185,1.0,1.1495005141020245,1.2953315608021059,1.1995425771963844,1.172182,1.2041031343036683
25,186,1.0,1.622100808094529,1.6575658588015152,1.1998723657633834,1.6433843,1.5362793475351872
25,187,1.0,1.1627522959222671,1.2952353826311989,1.1995426507001048,1.1671798,1.2061496098773183
25,188,1.0,1.1436359205532667,1.132417759507027,1.2004923603137712,1.1340625,1.1518421065127766
25,189,2.0,1.1230303130357873,1.2942415415318247,1.1995434638519493,1.1666394,1.195707605111351
25,190,1.0,1.175657219066553,1.2958124516566418,1.1995422234114523,1.1717614,1.2107361518986768
25,191,1.0,1.6776247368823598,1.6580146902657487,1.1998718676982636,1.6860936,1.5613959677356846
25,192,1.0,1.168089637358588,1.295171263850594,1.199542700209996,1.2041365,1.2169610918149862
25,193,4.0,1.2464450584256654,1.340721197360429,1.1997845158035358,1.3965317,1.2977112420726251
25,194,3.0,1.3553119396361728,1.3408494349216384,1.1997844720055424,1.3965317,1.3252937254888386
25,195,2.0,1.3022915846503098,1.1082982954512106,1.1997944584908458,1.3433998,1.239403942614243
25,196,1.0,1.3320116807270483,1.109869205576028,1.199785017574657,1.3137271,1.2397111283107285
25,197,1.0,1.6556416046303513,1.656892611605165,1.1998731388145958,1.6478754,1.5457487310821039
25,198,1.0,1.1357359880378934,1.1326101158488415,1.2004924592001733,1.1340625,1.149891637396644
25,199,1.0,1.1984702374716278,1.2950430262893844,1.1995428004616004,1.2127473,1.226824944631237
25,200,2.0,1.682278294971463,1.5950625820503577,1.2000961223292193,1.6960963,1.5492611387666702
25,201,1.0,1.7043160460094233,1.5934596125352378,1.2001130649490561,1.8000718,1.5810994878474844
25,202,1.0,1.162033494524414,1.2956200953148276,1.1995423621833885,1.1381602,1.1986233265996742
25,203,1.0,1.6556416046303513,1.656892611605165,1.1998731388145958,1.6478754,1.5457487310821039
26,1,1.0,1.1200889562682492,1.1387334593965985,1.200496941986097,1.1608044,1.1543401947173555
26,2,1.0,1.141264278618274,1.346972778469396,1.1997832713041834,1.1679827,1.2140675776319836
26,3,2.0,1.7534697414980878,1.5955434729048936,1.2000910609130824,1.7838182,1.5898925241580197
26,4,1.0,1.663181506159617,1.5949664038794504,1.2000971357858055,1.6930268,1.543617234947416
26,5,2.0,1.1919495676601004,1.1135880948511057,1.1997626435002038,1.1740649,1.1693881585994248
26,6,1.0,1.2569979148274935,1.1114721750911478,1.1997753771318826,1.1906548,1.189571193237474
26,7,1.0,1.7009979723964577,1.594453453634612,1.2001025476161822,1.7277116,1.5619530261078838
26,8,1.0,1.199692058219834,1.2954597983633156,1.1995424806202186,1.1824814,1.2194782640218973
26,9,4.0,1.6929127685713812,1.5956717104661031,1.2000897128748378,1.7762643,1.5726629121391569
26,10,3.0,1.6363219334203338,1.5958640668079174,1.2000876921421766,1.7737604,1.5577480444248895
26,11,2.0,1.6125187227823958,1.5941008003412858,1.2001062747702174,1.5391598,1.4911225187977402
26,12,1.0,1.617644687077439,1.6612206292959883,1.1998687125159473,1.6894388,1.5478856936636805
26,13,1.0,1.199533250460041,1.1131392633868722,1.1997653452171357,1.1982279,1.1773906184039795
26,14,2.0,1.184831186772446,1.3449209774900426,1.1997834780786383,1.186647,1.2293597349341518
26,15,1.0,1.180365182569958,1.3451453932221593,1.199783445803715,1.1812984,1.2269147512518959
26,16,1.0,1.6405668764300332,1.5949022850988457,1.200097811659454,1.6283349,1.5212889582460065
26,17,1.0,1.18774913768882,1.1383166873226676,1.200496554248294,1.171278,1.1740426515559612
26,18,1.0,1.173830416734456,1.1144857577795728,1.1997572392231641,1.1880307,1.1686101208613766
26,19,1.0,1.133596427870219,1.1379319746390388,1.2004962071114282,1.1472574,1.1540815115893461
26,20,1.0,1.677922192147264,1.5959281855885223,1.2000870189069046,1.6252414,1.5302059345387062
26,21,1.0,1.2637229182444225,1.2987939749547648,1.1995405406345159,1.3055766,1.2680913402322305
26,22,2.0,1.6601713967159102,1.594036681560681,1.200106953006346,1.6769178,1.53849161558635
26,23,1.0,1.6717357395631567,1.5947099287570312,1.2000998403078065,1.6893388,1.5447720051181546
26,24,1.0,1.1576896430688142,1.298441321661438,1.1995406938259257,1.1932194,1.21235676056703
26,25,3.0,1.7191137392183062,1.5959602449788248,1.200086682362197,1.6252414,1.5406379719855043
26,26,2.0,1.6444109324114993,1.5953190571727767,1.2000934216764867,1.6254233,1.5216195308412508
26,27,1.0,1.5840613823230143,1.6606435602705452,1.199869228363115,1.6050233,1.517593977419712
26,28,1.0,1.2309174317897247,1.1134598572898962,1.1997634154468366,1.2185128,1.1906151825667035
26,29,1.0,1.1510421644685065,1.1385731624450868,1.2004967914181768,1.1538677,1.1603538552830133
26,30,1.0,1.1601855357792195,1.2967742333657137,1.1995415845012174,1.1750033,1.2078954351166444
26,31,2.0,1.6738178769797072,1.661124451125081,1.1998687968999102,1.7047309,1.5659981087423165
26,32,1.0,1.541523562982839,1.5965052546139653,1.2000809678160886,1.4974122,1.463053266536812
26,33,1.0,1.1601855357792195,1.2967742333657137,1.1995415845012174,1.1750033,1.2078954351166444
26,34,1.0,1.6023174438393049,1.66218241100506,1.1998679035516189,1.70775,1.5489458068856872
26,35,1.0,1.1808736565511468,1.3441836115130874,1.1997836007566383,1.1971539,1.23086600404746
26,36,1.0,1.143955204906209,1.1385411030547845,1.2004967615184707,1.1538677,1.1585522968990523
26,37,1.0,1.2112550331461052,1.1130751446062674,1.1997657311517644,1.1982279,1.180340818689452
26,38,1.0,1.167345478598189,1.2963574612917825,1.1995418501286734,1.1644905,1.2069060781940681
26,39,1.0,1.6137169675985765,1.5948061069279384,1.2000988257846814,1.5363746,1.4908882534696644
26,40,1.0,1.1989565689670538,1.1381563903711558,1.2004964083517988,1.1898162,1.1815920817399403
26,41,1.0,1.6383099851293503,1.5939725627800763,1.200107631407657,1.6147628,1.5170045050702918
26,42,2.0,1.177568623099113,1.114517817169875,1.1997570461954055,1.1880307,1.169564185020468
26,43,1.0,1.174299326371559,1.1137163324123154,1.1997618715250307,1.1699439,1.1638970660952839
26,44,1.0,1.1940749026978632,1.3455942246863928,1.1997833883593625,1.2265123,1.2420921995527692
26,45,1.0,1.677922192147264,1.5959281855885223,1.2000870189069046,1.6252414,1.5302059345387062
26,46,1.0,1.1669269759977592,1.114101045095944,1.199759555467417,1.1717896,1.162601503136525
26,47,1.0,1.2378732879963075,1.1399837756183917,1.2004981781806865,1.2040194,1.1955455068967724
26,48,1.0,1.677922192147264,1.5959281855885223,1.2000870189069046,1.6252414,1.5302059345387062
26,49,1.0,1.1345067460362022,1.3442477302936924,1.1997835890772024,1.1937002,1.2182628710660128
26,50,1.0,1.6784924548505906,1.5946458099764265,1.2001005168715146,1.6990657,1.5489601112148832
26,51,1.0,1.147917920049619,1.138252568542063,1.2004964956722075,1.171278,1.1639466546121136
26,52,2.0,1.6640730079202413,1.660290906977219,1.19986955485377,1.6706413,1.5545795010994667
26,53,1.0,1.6329220546969427,1.6582391059978656,1.1998716238562734,1.6742713,1.5471085213336213
26,54,1.0,1.164867643575325,1.1141972232668511,1.1997589764212349,1.1573049,1.158390153976526
26,55,1.0,1.155331817996849,1.1373228462232934,1.2004956785973107,1.1687737,1.1649451470919656
26,56,1.0,1.1230303130357873,1.2942415415318247,1.1995434638519493,1.1666394,1.195707605111351
26,57,1.0,1.320185551914392,1.3445042054161114,1.1997835442861526,1.2311598,1.2749219689191862
26,58,1.0,1.2022673449826848,1.2953956795827108,1.1995425287070083,1.172182,1.2174726145503878
26,59,1.0,1.6959361548474345,1.6609000353929642,1.1998689962798894,1.700251,1.57038983488822
26,60,1.0,1.1592899551023834,1.296389520682085,1.199541829086723,1.1644905,1.2048756414540842
26,61,2.0,1.6660884168575807,1.6603229663675212,1.1998695248261628,1.6706413,1.5550976298561552
26,62,1.0,1.6448954341085347,1.5941649191218905,1.200105596714778,1.6336982,1.5235749473115472
26,63,2.0,1.1523643566919295,1.1384769842741798,1.2004967019387875,1.1721265,1.1653463043477106
26,64,1.0,1.166257659096054,1.139310528422042,1.2004974989155317,1.180394,1.1711934023278554
26,65,4.0,1.6486545116020246,1.5940687409509835,1.2001066138685064,1.6231738,1.5218032897705092
26,66,3.0,1.6569723758683623,1.5948702257085432,1.200098149663453,1.6283349,1.525432529641264
26,67,2.0,1.6299492623952174,1.594132859731588,1.200105935721986,1.6336982,1.5197846106618178
26,68,1.0,1.6448954341085347,1.5941649191218905,1.200105596714778,1.6336982,1.5235749473115472
26,69,1.0,1.162033494524414,1.2956200953148276,1.1995423621833885,1.1381602,1.1986233265996742
26,70,1.0,1.63798547655001,1.659970313074195,1.199869859089585,1.6244261,1.5360454660261045
26,71,1.0,1.1647610805324786,1.139086112689925,1.20049727956063,1.1586083,1.1651711784946102
26,72,3.0,1.6266778499042183,1.5947740475376362,1.200099163907706,1.5928975,1.5086546326115364
26,73,2.0,1.5970282593915344,1.593235196803121,1.20011544562649,1.5964175,1.5016685502533036
26,74,1.0,1.7351881609925968,1.6601947288063115,1.199869645381723,1.7618678,1.595945457760902
26,75,1.0,1.2600887296380707,1.2969024709269232,1.1995415062360826,1.1790755,1.2342538174561017
26,76,1.0,1.296830874122851,1.343157711023411,1.1997838137589942,1.2591685,1.2758535307243029
26,77,1.0,1.1481368016772706,1.1119851253359858,1.199772290952118,1.169864,1.1568202297498364
26,78,1.0,1.6161003377410201,1.658848234413611,1.1998709794446916,1.611882,1.5270067124119815
26,79,1.0,1.1433301179676372,1.1391181720802275,1.2004973106825902,1.1586083,1.159755942329062
26,80,1.0,1.2106734482107313,1.343702720658552,1.1997836944817406,1.2029234,1.2397650246875276
26,81,2.0,1.7534697414980878,1.5955434729048936,1.2000910609130824,1.7838182,1.5898925241580197
26,82,1.0,1.6409925853598544,1.5947419881473337,1.2000995020952943,1.5928975,1.5122691116903564
26,83,1.0,1.219879512816988,1.3463636500536502,1.1997833119588373,1.188075,1.2389603222272523
26,84,6.0,1.6608818161739438,1.6607397384414522,1.199869140801079,1.6017718,1.5362247985083768
26,85,5.0,1.6245668397826574,1.6615091638087098,1.1998684631635348,1.746073,1.5642334426017865
26,86,4.0,1.6243094111443932,1.5953831759533816,1.2000927469480713,1.6308172,1.5179318561905235
26,87,3.0,1.7445512054835501,1.5935878500964475,1.2001117055128943,1.7806064,1.586321945747485
26,88,2.0,1.6397699366547118,1.6613168074668954,1.1998686287637048,1.6894388,1.5535090668279898
26,89,1.0,1.6145848027634342,1.5931710780225163,1.2001161262208184,1.5964175,1.5060953751629007
26,90,1.0,1.2210883983335896,1.1366175396366407,1.2004950989192769,1.2008309,1.1896276404288904
26,91,1.0,1.7256665821952242,1.5937481470479595,1.2001100072021729,1.765352,1.5776713685684784
26,92,1.0,1.249615899806289,1.13687401475906,1.2004953057067556,1.202808,1.1974188096819791
26,93,2.0,1.1495005141020245,1.2953315608021059,1.1995425771963844,1.172182,1.2041031343036683
26,94,1.0,1.242107573683515,1.2950750856796869,1.199542775241593,1.2041365,1.2356678779711878
26,95,1.0,1.2648426130067707,1.11230571923901,1.1997703618253037,1.2217907,1.1997505034493736
26,96,1.0,1.1721453335881773,1.295908629827549,1.1995421554136423,1.1665279,1.2085296927554716
26,97,1.0,1.1785228216490968,1.1144536983892703,1.1997574322533067,1.1880307,1.1697895218166448
26,98,1.0,1.1624974313169414,1.2964536394626898,1.199541787306144,1.1644905,1.2057035470379514
26,99,2.0,1.714516891023449,1.6596817785614733,1.1998701389158646,1.7684348,1.5922686694620163
26,100,1.0,1.6337910112567657,1.658752056242704,1.199871079499678,1.6168957,1.532744901867691
26,101,1.0,1.177695795176555,1.29712688665904,1.1995413731711564,1.1669071,1.2103396556213895
26,102,1.0,1.179550245618828,1.1138766293638274,1.1997609065240746,1.1672432,1.164573662354571
26,103,2.0,1.6409925853598544,1.5947419881473337,1.2000995020952943,1.5928975,1.5122691116903564
26,104,1.0,1.631898168725638,1.5952228790018697,1.2000944340906046,1.5530947,1.49988127638027
26,105,1.0,1.1808736565511468,1.3441836115130874,1.1997836007566383,1.1971539,1.23086600404746
26,106,1.0,1.7009979723964577,1.594453453634612,1.2001025476161822,1.7277116,1.5619530261078838
26,107,1.0,1.1691137129831615,1.2976398369038784,1.1995410877373038,1.1723871,1.209702898030316
26,108,1.0,1.5813197765184694,1.5929787216807019,1.200118169024351,1.6163131,1.5027310259125346
26,109,4.0,1.142879503758128,1.296229223730573,1.1995419353229304,1.1635165,1.200432500910479
26,110,3.0,1.1627522959222671,1.2952353826311989,1.1995426507001048,1.1671798,1.2061496098773183
26,111,2.0,1.1619156421861037,1.2964215800723875,1.199541808149663,1.1644905,1.205548210415529
26,112,1.0,1.1984330966887142,1.2961009861693635,1.1995420221336721,1.1635165,1.2144585580916083
26,113,1.0,1.2176880777759496,1.1123698380196148,1.199769975972486,1.1833042,1.177964322084303
26,114,1.0,1.1834868935540706,1.3446965617579258,1.1997835127151613,1.1930181,1.2305965262635223
26,115,1.0,1.1860340430832692,1.1126583725323362,1.19976823956202,1.20506,1.1756054668574634
26,116,1.0,1.6526838097779677,1.5951587602212647,1.2000951092503656,1.6261276,1.5238535172851597
26,117,2.0,1.2600887296380707,1.2969024709269232,1.1995415062360826,1.1790755,1.2342538174561017
26,118,1.0,1.209880134199074,1.2947544917766627,1.1995430319546225,1.1596085,1.216012696130627
26,119,1.0,1.1624957453742188,1.1136842730220131,1.1997620645210303,1.1740649,1.1619587247837222
26,120,2.0,1.1602803836227449,1.297671896294181,1.1995410707586827,1.171293,1.2071950404885974
26,121,1.0,1.2199116941894639,1.2972551242202495,1.1995412993690346,1.1723871,1.222460617457797
26,122,1.0,1.6497808648037355,1.5942610972927977,1.200104579958601,1.6080896,1.5182683889324473
26,123,1.0,1.2472487134802384,1.3434462455361322,1.1997837488845537,1.2156147,1.2522104366486433
26,124,2.0,1.627370651852854,1.6609641541735691,1.1998689389608492,1.700251,1.553054742168965
26,125,1.0,1.6497814421376986,1.5950305226600552,1.2000964601105981,1.5927073,1.5145167433831432
26,126,3.0,1.17801604130577,1.1384128654935748,1.2004966426464292,1.1721265,1.1718215240623846
26,127,2.0,1.2004654010113902,1.1355275203663593,1.2004942710285404,1.1898227,1.1813098044335377
26,128,1.0,1.171143080998985,1.137162549271781,1.2004955438138645,1.1749771,1.1704965640697185
26,129,2.0,1.7790715325271058,1.5933634343643308,1.2001140849812464,1.7478876,1.586611245713172
26,130,1.0,1.6396062728829088,1.6572773242887937,1.1998726932553476,1.6433843,1.5406363715345548
26,131,1.0,1.199692058219834,1.2954597983633156,1.1995424806202186,1.1824814,1.2194782640218973
26,132,1.0,1.1851066944452175,1.1371946086620843,1.2004955706269376,1.1749771,1.1740383396806686
26,133,1.0,1.1481368016772706,1.1119851253359858,1.199772290952118,1.169864,1.1568202297498364
26,134,2.0,1.6736059675247517,1.6610603323444761,1.1998688535113387,1.7047309,1.56592827000009
26,135,1.0,1.6236473274326118,1.6584955811202846,1.1998713494155526,1.5772818,1.519954693887156
26,136,1.0,1.0917055505049802,1.2946583136057557,1.1995431109405124,1.1596085,1.1860829107390454
26,137,2.0,1.1579776899238532,1.1370984304911764,1.2004954903990281,1.1749771,1.1671486686753103
26,138,1.0,1.1762367488796617,1.136489302075431,1.2004949972381445,1.2008309,1.1782449280570075
26,139,1.0,1.2266861876862871,1.295010966899082,1.1995428257651144,1.2127473,1.2339572149381604
26,140,1.0,1.1916369398923317,1.137451083784503,1.2004957877124913,1.183132,1.1778470794668892
26,141,1.0,1.1642002232080095,1.2975757181232734,1.1995411219901746,1.1723871,1.2084432639082274
26,142,1.0,1.163166436113935,1.1120813035068933,1.1997717122353169,1.1510646,1.1558270032423907
26,143,1.0,1.1236508912719514,1.1377716776875269,1.2004960655201549,1.1673003,1.1566637867214593
26,144,1.0,1.269715422083157,1.3427088795591775,1.1997839223818947,1.2598268,1.2690468914742152
26,145,1.0,1.6486545116020246,1.5940687409509835,1.2001066138685064,1.6231738,1.5218032897705092
26,146,1.0,1.171143080998985,1.137162549271781,1.2004955438138645,1.1749771,1.1704965640697185
26,147,1.0,1.745881128257239,1.6581749872172606,1.199871693175153,1.8031545,1.608728199761553
26,148,1.0,1.1998663080991405,1.1129789664353602,1.1997663100418718,1.2066385,1.179591330880723
26,149,1.0,1.6289211628686715,1.6589764719748206,1.1998708470290895,1.6244049,1.5334949126827515
26,150,1.0,1.2114253316951105,1.3424524044367583,1.1997839886622215,1.2450023,1.2504294871517474
26,151,1.0,1.654953975643439,1.656636136482746,1.1998734415044974,1.6478754,1.5455098863294692
26,152,2.0,1.1990410685541526,1.1117286502135668,1.1997738341086597,1.1738204,1.1706521448499752
26,153,1.0,1.4118803937003965,1.3410738506537552,1.1997843971792377,1.3228239,1.3207644915520047
26,154,1.0,1.7043320137433384,1.657950571485144,1.1998719380016694,1.6860936,1.5681383482267153
26,155,1.0,1.0851126876794703,1.133892491460937,1.200493183371597,1.1305165,1.136496180882263
26,156,5.0,1.609176943153174,1.592401652655259,1.2001243068338783,1.6075764,1.5073956127102779
26,157,4.0,1.3101382642079995,1.5914078115558847,1.2001349104472567,1.4824979,1.3993967800320888
26,158,3.0,1.7951244915072548,1.5921451775328397,1.2001270392580727,1.7873827,1.6004963786780546
26,159,2.0,1.6354951905133106,1.5939084439994715,1.2001083099950105,1.5973891,1.5118208847959822
26,160,1.0,1.5458112780531648,1.5936519688770523,1.2001110260646615,1.5600686,1.47949072883069
26,161,1.0,1.2264499550613925,1.111600412652357,1.1997746056376812,1.1906548,1.1818729423872005
26,162,2.0,1.609176943153174,1.592401652655259,1.2001243068338783,1.6075764,1.5073956127102779
26,163,1.0,1.6443503518292182,1.594196978512193,1.2001052577588711,1.6076175,1.5167570117934839
26,164,1.0,1.2842502239867057,1.134693976218497,1.2004936934665673,1.2092868,1.2072927547549175
26,165,2.0,1.3782561413717749,1.3421638699240366,1.1997840668763782,1.3533503,1.3203593004864391
26,166,1.0,1.2997602053321697,1.1099333243566327,1.1997846320819117,1.3137271,1.2315656484831703
26,167,1.0,1.0851126876794703,1.1338604320706347,1.200493163886985,1.1305165,1.1364880632509051
26,168,2.0,1.749660213480817,1.6581429278269584,1.199871727929713,1.8031545,1.6096764368705319
26,169,1.0,1.610794726542167,1.5925619496067709,1.2001226004765055,1.6075764,1.507845171646858
26,170,2.0,1.2106734482107313,1.343702720658552,1.1997836944817406,1.2029234,1.2397650246875276
26,171,1.0,1.1265059058019975,1.3433180079749227,1.1997837772408781,1.1943103,1.2161593942859428
26,172,1.0,1.175173417658733,1.1117607096038693,1.199773641219332,1.1738204,1.1646202229195097
26,173,2.0,1.5855926860293372,1.6585276405105869,1.1998713154306027,1.5772818,1.5103326252608533
26,174,1.0,1.5970282593915344,1.593235196803121,1.20011544562649,1.5964175,1.5016685502533036
26,175,3.0,1.2386088487043336,1.11150423448145,1.1997751842614515,1.1906548,1.184925691476932
26,176,2.0,1.3613870140715292,1.3416509196791981,1.1997842154636804,1.3642677,1.3187602272382772
26,177,1.0,1.3553119396361728,1.3408494349216384,1.1997844720055424,1.3965317,1.3252937254888386
26,178,1.0,1.7951244915072548,1.5921451775328397,1.2001270392580727,1.7873827,1.6004963786780546
26,179,1.0,1.296830874122851,1.343157711023411,1.1997838137589942,1.2591685,1.2758535307243029
26,180,1.0,1.5458112780531648,1.5936519688770523,1.2001110260646615,1.5600686,1.47949072883069
26,181,1.0,1.3192231017140685,1.1091318395990728,1.1997894499365451,1.3433998,1.2438984105847957
26,182,1.0,1.6419929292696847,1.6579185120948416,1.199871973261468,1.6860936,1.5523546067457237
26,183,1.0,1.1708170515682412,1.1333795412160987,1.2004928801374304,1.1556079,1.164489146994868
26,184,1.0,1.5034077958127048,1.5926581277776781,1.2001215771775453,1.5261294,1.4598078003622452
26,185,1.0,1.3130235978925746,1.3415547415082911,1.1997842446815714,1.3642677,1.306496965173234
26,186,1.0,1.6777399880139583,1.6565399583118388,1.1998735561796041,1.5107803,1.516095741369189
31,1,1.0,1.1646061177235811,1.2966780551948065,1.1995416442783233,1.1607699,1.205339870204891
31,2,1.0,1.1782512372653924,1.1139728075347344,1.199760327509613,1.1769835,1.1667668672199403
31,3,1.0,1.6340731500529824,1.5940046221703785,1.2001072921860267,1.6769178,1.5318791155468103
31,4,1.0,1.1449305274172912,1.2974154211717617,1.1995412094107734,1.1723871,1.2035262969994698
31,5,1.0,1.1343789303691478,1.1379960934196438,1.2004962642504122,1.1472574,1.1542957726059826
31,6,1.0,1.1684183016988066,1.2969345303172257,1.1995414869196266,1.1790755,1.2110636483717587
31,7,1.0,1.1916369398923317,1.137451083784503,1.2004957877124913,1.183132,1.1778470794668892
31,8,1.0,1.2016850240352956,1.345369808954276,1.1997834158935388,1.1771342,1.2312989242328625
31,9,1.0,1.1960361251648353,1.139182290860832,1.2004973731397937,1.1586083,1.1731100567721684
31,10,1.0,1.7475472607757327,1.6601626694160092,1.1998696757053013,1.7618678,1.5990649671848318
31,11,1.0,1.1828371666541877,1.3451133338318573,1.199783450269119,1.1812984,1.2275322038874208
31,12,1.0,1.1410355504212701,1.2959727486081538,1.1995421105774098,1.1635165,1.1999010044537775
31,13,1.0,1.6340731500529824,1.5940046221703785,1.2001072921860267,1.6769178,1.5318791155468103
31,14,2.0,1.139705767220804,1.296068926779061,1.1995420440915832,1.1635165,1.1995888104387902
31,15,1.0,1.2078546746986398,1.297864252635995,1.1995409710438099,1.1516759,1.2142524146524258
31,16,3.0,1.719141263251065,1.5962808388818486,1.2000833193157396,1.6928794,1.5580700714082911
31,17,2.0,1.6133633282310609,1.596889967297594,1.200076941708524,1.4974122,1.4813295622388396
31,18,1.0,1.6251788495266977,1.6600985506354042,1.1998697365431303,1.5986786,1.5262344065817814
31,19,1.0,1.199533250460041,1.1131392633868722,1.1997653452171357,1.1982279,1.1773906184039795
31,20,1.0,1.6250675885155377,1.660451203928731,1.1998694054005503,1.5995178,1.5265106474769954
31,21,1.0,1.1708345976550716,1.1143254608280608,1.1997582043482826,1.1738906,1.16418560925912
31,22,1.0,1.73757085003031,1.5945816911958217,1.2001011936136214,1.8723685,1.60833560118362
31,23,1.0,1.1713377399962774,1.1376754995166198,1.2004959814255207,1.1673003,1.1687071443933998
31,24,1.0,1.6299492623952174,1.594132859731588,1.200105935721986,1.6336982,1.5197846106618178
31,25,1.0,1.190837805738349,1.1404967258632306,1.2004987170782517,1.1529022,1.1706642789239696
31,26,2.0,1.7534697414980878,1.5955434729048936,1.2000910609130824,1.7838182,1.5898925241580197
31,27,1.0,1.6266778499042183,1.5947740475376362,1.200099163907706,1.5928975,1.5086546326115364
31,28,1.0,1.17801604130577,1.1384128654935748,1.2004966426464292,1.1721265,1.1718215240623846
31,29,1.0,1.1706692626466364,1.1121774816778003,1.1997711334977776,1.1510646,1.157749883137852
31,30,1.0,1.1845288068905402,1.3461071749312312,1.199783334323172,1.1983749,1.2325908029644639
31,31,1.0,1.7160649934189822,1.593555790706145,1.2001120453096752,1.6911229,1.5561583682282825
31,32,1.0,1.2472487134802384,1.3434462455361322,1.1997837488845537,1.2156147,1.2522104366486433
31,33,2.0,1.1687790490511845,1.1141651638765488,1.1997591694395402,1.1573049,1.15937191385631
31,34,1.0,1.2141674252771002,1.1130110258256625,1.1997661170808154,1.2066385,1.1832184635881366
31,35,2.0,1.7270439873396486,1.6619900546632458,1.1998680602646739,1.70775,1.5804606815108844
31,36,1.0,1.6503196187156381,1.6600344318547995,1.1998697976770336,1.5986786,1.5325803617469023
31,37,1.0,1.1509429406379856,1.296165104949968,1.1995419785177293,1.1635165,1.2024568324802245
31,38,1.0,1.1106758484019659,1.13982347866688,1.2004980135652927,1.1656498,1.1534767421440617
31,39,1.0,1.1820316222874074,1.114357520218363,1.199758011323549,1.1738906,1.167027214907564
31,40,1.0,1.1725007417936868,1.3441194927324829,1.199783612627494,1.1971539,1.2287309165243463
31,41,2.0,1.6340731500529824,1.5940046221703785,1.2001072921860267,1.6769178,1.5318791155468103
31,42,1.0,1.6409925853598544,1.5947419881473337,1.2000995020952943,1.5928975,1.5122691116903564
31,43,1.0,1.2378732879963075,1.1399837756183917,1.2004981781806865,1.2040194,1.1955455068967724
31,44,1.0,1.1725007417936868,1.3441194927324829,1.199783612627494,1.1971539,1.2287309165243463
31,45,1.0,1.719141263251065,1.5962808388818486,1.2000833193157396,1.6928794,1.5580700714082911
31,46,1.0,1.1591586999879333,1.1157360740013662,1.1997497103821033,1.1784981,1.1627673846199118
31,47,1.0,1.682278294971463,1.5950625820503577,1.2000961223292193,1.6960963,1.5492611387666702
31,48,1.0,1.1441521786170943,1.2982169059293214,1.1995407977200225,1.1932194,1.2088741799654947
31,49,1.0,1.6784924548505906,1.5946458099764265,1.2001005168715146,1.6990657,1.5489601112148832
31,50,1.0,1.1805760228231228,1.1140048669250369,1.1997601344988384,1.1769835,1.1673632486619916
31,51,6.0,1.6784924548505906,1.5946458099764265,1.2001005168715146,1.6990657,1.5489601112148832
31,52,5.0,1.7410394807782539,1.5962167201012438,1.20008399157432,1.6434928,1.5509311090326514
31,53,4.0,1.6497814421376986,1.5950305226600552,1.2000964601105981,1.5927073,1.5145167433831432
31,54,3.0,1.6172126408626901,1.594838166318241,1.200098487696658,1.5399392,1.4926949743683937
31,55,2.0,1.5482818879776317,1.5932993155837258,1.200114765218322,1.5544634,1.4785902244277818
31,56,1.0,1.6935923584937675,1.6595535410002638,1.1998702651186604,1.6826407,1.5649403486756945
31,57,1.0,1.211845311391405,1.1400478943989971,1.2004982445305556,1.2040194,1.1889750637538767
31,58,1.0,1.2228114152873832,1.344311849074297,1.1997835775924242,1.1937002,1.2406256271199103
31,59,1.0,1.1366099120742368,1.1402402507408114,1.2004984453178285,1.1787317,1.1634999014781158
31,60,3.0,1.6612436734990461,1.6603550257578235,1.1998694948635065,1.6706413,1.5538797165888822
31,61,2.0,1.6251788495266977,1.6600985506354042,1.1998697365431303,1.5986786,1.5262344065817814
31,62,1.0,1.6736059675247517,1.6610603323444761,1.1998688535113387,1.7047309,1.56592827000009
31,63,1.0,1.142190933438374,1.2956521547051298,1.199542338797665,1.1381602,1.1936100411251997
31,64,1.0,1.1950036108318798,1.1392464096414372,1.2004974358836222,1.180394,1.1784516617597092
31,65,2.0,1.7009979723964577,1.594453453634612,1.2001025476161822,1.7277116,1.5619530261078838
31,66,1.0,1.6395640463323826,1.5951908196115672,1.2000947716535608,1.6261276,1.5205414400362374
31,67,1.0,1.180781412511536,1.115800192781971,1.199749324251507,1.1576169,1.16290069761122
31,68,2.0,1.73757085003031,1.5945816911958217,1.2001011936136214,1.8723685,1.60833560118362
31,69,1.0,1.6444109324114993,1.5953190571727767,1.2000934216764867,1.6254233,1.5216195308412508
31,70,1.0,1.1433301179676372,1.1391181720802275,1.2004973106825902,1.1586083,1.159755942329062
31,71,2.0,1.1504888857191586,1.3452095120027643,1.1997834370169735,1.1812984,1.2193704276719217
31,72,1.0,1.1630127008329436,1.3467483627372792,1.1997832842374618,1.1679827,1.2195144831181621
31,73,4.0,1.2788268250376822,1.2986977967838573,1.1995405811981839,1.3055766,1.2718892317007675
31,74,3.0,1.1627600006002314,1.2960368673887586,1.1995420661528373,1.1635165,1.2054148469602053
31,75,2.0,1.1793592309725625,1.296645995804504,1.1995416644095462,1.1607699,1.2090652104089834
31,76,1.0,1.2199116941894639,1.2972551242202495,1.1995412993690346,1.1723871,1.222460617457797
31,77,1.0,1.1894108352150787,1.3460751155409287,1.199783337332798,1.1983749,1.2338181452301622
31,78,2.0,1.1866468029788133,1.1147101735116896,1.1997558880074635,1.1872948,1.1717212196908002
31,79,1.0,1.1897590241028535,1.1144216389989678,1.199757625278403,1.1880307,1.1726249075266146
31,80,1.0,1.1984736009431045,1.1392143502511347,1.200497404476826,1.180394,1.1793216630140149
31,81,2.0,1.6250675885155377,1.660451203928731,1.1998694054005503,1.5995178,1.5265106474769954
31,82,1.0,1.719141263251065,1.5962808388818486,1.2000833193157396,1.6928794,1.5580700714082911
31,83,1.0,1.176592528005252,1.2968383521463185,1.1995415451696643,1.176445,1.2124333613108518
31,84,2.0,1.796719160731568,1.5957999480273126,1.2000883655371901,1.7737604,1.5983223788694096
31,85,1.0,1.6299943336484668,1.660066491245102,1.199869767077651,1.5986786,1.52744491559163
31,86,2.0,1.1529475192655811,1.297768074465088,1.1995410204377885,1.171293,1.2053637001815656
31,87,1.0,1.4205446328186426,1.2990504500771838,1.1995404369397173,1.3055766,1.3078417947580463
31,88,1.0,1.2228114152873832,1.344311849074297,1.1997835775924242,1.1937002,1.2406256271199103
31,89,1.0,1.1343789303691478,1.1379960934196438,1.2004962642504122,1.1472574,1.1542957726059826
31,90,1.0,1.214835327556555,1.343798898829459,1.199783674871381,1.2073308,1.2419727947265295
31,91,1.0,1.1684183016988066,1.2969345303172257,1.1995414869196266,1.1790755,1.2110636483717587
31,92,1.0,1.6587572756459392,1.5953511165630792,1.2000930842919344,1.6308172,1.5266412596276153
31,93,1.0,1.2328269456532555,1.1389578751287155,1.2004971557969917,1.1936113,1.1913395754489782
31,94,1.0,1.208129838056029,1.1131713227771745,1.1997651522469928,1.1931311,1.178267142307702
31,95,1.0,1.1606287902381691,1.2952995014118036,1.1995426015976778,1.172182,1.2069111679543543
31,96,1.0,1.6935923584937675,1.6595535410002638,1.1998702651186604,1.6826407,1.5649403486756945
31,97,1.0,1.1759223861895964,1.3447606805385304,1.1997835025814474,1.186647,1.2270646991991176
31,98,1.0,1.155678067114136,1.296806292756016,1.1995415647802636,1.176445,1.2071326032116598
31,99,2.0,1.663512919964638,1.5949984632697527,1.2000967979296713,1.6930268,1.5437091358839163
31,100,1.0,1.6397699366547118,1.6613168074668954,1.1998686287637048,1.6894388,1.5535090668279898
31,101,2.0,1.1909792097860765,1.1132995603383842,1.1997643803551135,1.2022048,1.1762860894327212
31,102,1.0,1.189659437682093,1.113203382167477,1.1997649592755215,1.1931311,1.173601057936588
31,103,1.0,1.6964860585091739,1.5943893348540072,1.2001032249003727,1.6980873,1.5531984667747167
31,104,1.0,1.1845445841293307,1.3449850962706473,1.1997834686149365,1.186647,1.2293034305349246
31,105,1.0,1.197259424686416,1.113523976070501,1.1997630294787969,1.206647,1.1790709759589721
31,106,3.0,1.6686669780596843,1.5936840282673546,1.200110686401031,1.5600686,1.5105888377306733
31,107,2.0,1.7566611343214578,1.5936199094867498,1.2001113657679758,1.7806064,1.5893945376803496
31,108,1.0,1.63798547655001,1.659970313074195,1.199869859089585,1.6244261,1.5360454660261045
31,109,1.0,1.168707268798143,1.1403364289117186,1.2004985466871363,1.1787317,1.1716468773296131
31,110,1.0,1.6541293114767854,1.5938443252188668,1.200108988747812,1.6307818,1.525083474412114
31,111,1.0,1.180781412511536,1.115800192781971,1.199749324251507,1.1576169,1.16290069761122
31,112,1.0,1.2361447141868245,1.3430615328525035,1.1997838362435718,1.2541498,1.2591848686607257
31,113,1.0,1.1669269759977592,1.114101045095944,1.199759555467417,1.1717896,1.162601503136525
31,114,1.0,1.6736059675247517,1.6610603323444761,1.1998688535113387,1.7047309,1.56592827000009
31,115,1.0,1.155678067114136,1.296806292756016,1.1995415647802636,1.176445,1.2071326032116598
31,116,1.0,1.1878571568483505,1.3457545216379048,1.199783370141789,1.1772541,1.227927721369589
31,117,1.0,1.7410394807782539,1.5962167201012438,1.20008399157432,1.6434928,1.5509311090326514
31,118,2.0,1.1701482974740927,1.1142934014377583,1.199758397368022,1.1738906,1.1640038657706997
31,119,1.0,1.1838970116125984,1.1145498765601776,1.1997568531668839,1.1817158,1.169554356375224
31,120,2.0,1.1669319672187966,1.2952674420215011,1.1995426261035276,1.1671798,1.2072154319102273
31,121,1.0,1.1601855357792195,1.2967742333657137,1.1995415845012174,1.1750033,1.2078954351166444
31,122,2.0,1.6964860585091739,1.5943893348540072,1.2001032249003727,1.6980873,1.5531984667747167
31,123,1.0,1.6243094111443932,1.5953831759533816,1.2000927469480713,1.6308172,1.5179318561905235
31,124,1.0,1.1725007417936868,1.3441194927324829,1.199783612627494,1.1971539,1.2287309165243463
31,125,2.0,1.6251788495266977,1.6600985506354042,1.1998697365431303,1.5986786,1.5262344065817814
31,126,1.0,1.7961510710281017,1.5934275531449356,1.2001134049086668,1.8000718,1.6043313862879645
31,127,1.0,1.1984330966887142,1.2961009861693635,1.1995420221336721,1.1635165,1.2144585580916083
31,128,1.0,1.1678564916796892,1.1142613420474559,1.199758590387938,1.1573049,1.1591626514120168
31,129,1.0,1.6444109324114993,1.5953190571727767,1.2000934216764867,1.6254233,1.5216195308412508
31,130,1.0,1.1656565105301366,1.115639895830459,1.1997502895712506,1.1784981,1.1643875303348898
31,131,1.0,1.1529674740719416,1.1391502314705297,1.2004973418756955,1.1586083,1.162202908792881
31,132,1.0,1.1897682686021678,1.1132354415577792,1.1997647663038908,1.1931311,1.1736366660636082
31,133,1.0,1.6239492251003906,1.6593932440487515,1.1998704244694187,1.6188318,1.530912933650284
31,134,1.0,1.1619156421861037,1.2964215800723875,1.199541808149663,1.1644905,1.205548210415529
31,135,1.0,1.1725007417936868,1.3441194927324829,1.199783612627494,1.1971539,1.2287309165243463
31,136,2.0,1.5106886322062212,1.6604832633190332,1.199869375716535,1.5995178,1.4975738163521974
31,137,1.0,1.6021928508630128,1.659489422219659,1.1998703286509278,1.5186424,1.499739379213533
31,138,1.0,1.1446440546551857,1.2978963120262974,1.1995409547753424,1.1516759,1.1982643346433381
31,139,3.0,1.6133633282310609,1.596889967297594,1.200076941708524,1.4974122,1.4813295622388396
31,140,2.0,1.6526838097779677,1.5951587602212647,1.2000951092503656,1.6261276,1.5238535172851597
31,141,1.0,1.6211993701814926,1.5978196896163637,1.2000672382956978,1.440125,1.4688550193858418
31,142,1.0,1.1910524444201633,1.2967421739754115,1.1995416043308185,1.1750033,1.2156985602614572
31,143,2.0,1.1690728709977911,1.1377075589069223,1.2004960093860482,1.1673003,1.1681421123599618
31,144,1.0,1.1525160835764994,1.140304369521416,1.2004985128228531,1.1787317,1.1675413868670628
31,145,1.0,1.1834868935540706,1.3446965617579258,1.1997835127151613,1.1930181,1.2305965262635223
31,146,1.0,1.139705767220804,1.296068926779061,1.1995420440915832,1.1635165,1.1995888104387902
31,147,1.0,1.6405668764300332,1.5949022850988457,1.200097811659454,1.6283349,1.5212889582460065
31,148,1.0,1.1642002232080095,1.2975757181232734,1.1995411219901746,1.1723871,1.2084432639082274
31,149,1.0,1.6344020684709426,1.5952869977824744,1.2000937590932914,1.6254233,1.5190786374829577
31,150,1.0,1.1489715766063044,1.1386052218353893,1.2004968213861404,1.1538677,1.1598379888475638
31,151,1.0,1.1574683578719227,1.29632540190148,1.1995418712736134,1.1644905,1.2043984489063067
31,152,2.0,1.682278294971463,1.5950625820503577,1.2000961223292193,1.6960963,1.5492611387666702
31,153,1.0,1.6612436734990461,1.6603550257578235,1.1998694948635065,1.6706413,1.5538797165888822
31,154,1.0,1.1164019112625763,1.296133045559666,1.1995420002779371,1.1635165,1.1937077118346147
31,155,2.0,1.663512919964638,1.5949984632697527,1.2000967979296713,1.6930268,1.5437091358839163
31,156,1.0,1.682278294971463,1.5950625820503577,1.2000961223292193,1.6960963,1.5492611387666702
31,157,1.0,1.1926127509425903,1.1140369263153391,1.199759941492091,1.1769835,1.170417351135681
31,158,1.0,1.180365182569958,1.3451453932221593,1.199783445803715,1.1812984,1.2269147512518959
31,159,1.0,1.1683594761529157,1.138509043664482,1.2004967316961555,1.1721265,1.1694021770936316
31,160,1.0,1.787586496723316,1.6614129856378026,1.1998685456438223,1.746073,1.6054631603250171
31,161,1.0,1.1684183016988066,1.2969345303172257,1.1995414869196266,1.1790755,1.2110636483717587
31,162,1.0,1.625293528647811,1.6598420755129852,1.199869982747588,1.621523,1.5320567350034626
31,163,2.0,1.1957860452055677,1.3423882856561535,1.199784005711363,1.271662,1.2532920639677696
31,164,1.0,1.1900136759493962,1.3448889180997403,1.1997834828791212,1.186647,1.230663112769553
31,165,1.0,1.6448954341085347,1.5941649191218905,1.200105596714778,1.6336982,1.5235749473115472
31,166,1.0,1.1960361251648353,1.139182290860832,1.2004973731397937,1.1586083,1.1731100567721684
31,167,1.0,1.6464311335412385,1.5938122658285643,1.2001093281874209,1.6307818,1.523127327742583
31,168,1.0,1.1834868935540706,1.3446965617579258,1.1997835127151613,1.1930181,1.2305965262635223
31,169,1.0,1.6989181501538004,1.5945496318055195,1.2001015320627781,1.6955403,1.5532009514836351
31,170,1.0,1.2328269456532555,1.1389578751287155,1.2004971557969917,1.1936113,1.1913395754489782
31,171,1.0,1.142879503758128,1.296229223730573,1.1995419353229304,1.1635165,1.200432500910479
31,172,2.0,1.6856252350877035,1.5946137505861242,1.2001008552180112,1.6990657,1.5507571122862573
31,173,1.0,1.782161449073157,1.5956075916854984,1.2000903868027868,1.7762643,1.5952322720427403
31,174,1.0,1.155678067114136,1.296806292756016,1.1995415647802636,1.176445,1.2071326032116598
31,175,1.0,1.2052291474555978,1.3441515521227851,1.1997836066682077,1.1971539,1.2370213352206834
31,176,1.0,1.6247594589561314,1.6588161750233086,1.1998710127202872,1.611882,1.5291898995425575
31,177,1.0,1.2042303542734463,1.343574483097342,1.1997837212982403,1.185923,1.2337425649862404
31,178,1.0,1.1681838269418494,1.1137804511929201,1.1997614855297487,1.1699439,1.1623656015607333
31,179,1.0,1.167345478598189,1.2963574612917825,1.1995418501286734,1.1644905,1.2069060781940681
31,180,2.0,1.6443503518292182,1.594196978512193,1.2001052577588711,1.6076175,1.5167570117934839
31,181,1.0,1.6696318985336955,1.6609962135638714,1.1998689104045328,1.700251,1.5637575527834446
31,182,1.0,1.1989717295491955,1.1126263131420338,1.199768432504144,1.2220389,1.1832254331347414
31,183,1.0,1.914357523269411,1.6616053419796168,1.199868381314927,1.746073,1.6375926952066862
31,184,1.0,1.2309174317897247,1.1134598572898962,1.1997634154468366,1.2185128,1.1906151825667035
31,185,1.0,1.169986061948568,1.344728621148228,1.1997835076228134,1.1930181,1.2271880941951343
31,186,1.0,1.6254999373061878,1.5932672561934236,1.2001151054004,1.5544634,1.498123125698828
31,187,1.0,1.1785228216490968,1.1144536983892703,1.1997574322533067,1.1880307,1.1697895218166448
31,188,9.0,1.0487177448282712,1.6632403708850392,1.1998670869721428,1.5293059,1.3633589728010107
31,189,8.0,1.6363219334203338,1.5958640668079174,1.2000876921421766,1.7737604,1.5577480444248895
31,190,7.0,1.5106886322062212,1.6604832633190332,1.199869375716535,1.5995178,1.4975738163521974
31,191,6.0,1.6236473274326118,1.6584955811202846,1.1998713494155526,1.5772818,1.519954693887156
31,192,5.0,1.6569723758683623,1.5948702257085432,1.200098149663453,1.6283349,1.525432529641264
31,193,4.0,1.6507180106794368,1.5942931566831,1.2001042411327758,1.6080896,1.5185135772471925
31,194,3.0,1.7393000651761374,1.5955755322951959,1.2000907238337526,1.7838182,1.5863147542583305
31,195,2.0,1.6363219334203338,1.5958640668079174,1.2000876921421766,1.7737604,1.5577480444248895
31,196,1.0,1.6395640463323826,1.5951908196115672,1.2000947716535608,1.6261276,1.5205414400362374
31,197,1.0,1.2128253245952079,1.3422921074852465,1.199784031637744,1.271662,1.2575797207070922
31,198,1.0,1.5965162910159112,1.5958961261982199,1.20008735549997,1.6252414,1.5095971829104224
31,199,1.0,1.1617713067784192,1.1137483918026176,1.1997616785274745,1.1699439,1.1607347709058184
31,200,1.0,1.661907239367197,1.5937802064382618,1.200109667673502,1.6767758,1.5388302428359375
31,201,1.0,1.1759613919020624,1.3461712937118357,1.1997833284405688,1.188075,1.2277976522535445
31,202,1.0,1.6239492251003906,1.6593932440487515,1.1998704244694187,1.6188318,1.530912933650284
31,203,1.0,1.1667445849663711,1.138765518786901,1.200496972313483,1.1608044,1.1661550692488591
31,204,1.0,1.1896914697166563,1.1133957385092912,1.199763801416547,1.2185128,1.1801663347303828
31,205,1.0,1.686688819206026,1.593716087657657,1.2001103467835208,1.765352,1.567799555882409
31,206,1.0,1.1510421644685065,1.1385731624450868,1.2004967914181768,1.1538677,1.1603538552830133
31,207,1.0,1.6040105201525652,1.6584635217299823,1.1998713834748858,1.5660717,1.5121025920448006
31,208,1.0,1.147917920049619,1.138252568542063,1.2004964956722075,1.171278,1.1639466546121136
31,209,1.0,1.6258720744815072,1.59509464144066,1.2000957845886016,1.6960963,1.53499491558072
31,210,1.0,1.1910524444201633,1.2967421739754115,1.1995416043308185,1.1750033,1.2156985602614572
31,211,2.0,1.6112929958947833,1.660226788196614,1.1998696151401733,1.6716883,1.5414751771328659
31,212,1.0,1.5731484067664017,1.5967296703460823,1.200078618483894,1.4974122,1.4711125375675644
31,213,2.0,1.1845445841293307,1.3449850962706473,1.1997834686149365,1.186647,1.2293034305349246
31,214,1.0,1.1830027542386146,1.3448247993191353,1.199783492632039,1.186647,1.2288726930664147
31,215,1.0,1.155331817996849,1.1373228462232934,1.2004956785973107,1.1687737,1.1649451470919656
31,216,1.0,1.6640730079202413,1.660290906977219,1.19986955485377,1.6706413,1.5545795010994667
31,217,1.0,1.1694792854407818,1.1120492441165906,1.1997719051440832,1.169864,1.1622373301143165
31,218,1.0,1.151753319470013,1.1370663711008742,1.2004954638015086,1.1749771,1.1655653993714266
31,219,1.0,1.1926127509425903,1.1140369263153391,1.199759941492091,1.1769835,1.170417351135681
31,220,2.0,1.1684183016988066,1.2969345303172257,1.1995414869196266,1.1790755,1.2110636483717587
31,221,1.0,1.1793592309725625,1.296645995804504,1.1995416644095462,1.1607699,1.2090652104089834
31,222,1.0,1.1937846733787318,1.1367778365881525,1.2004952276261556,1.197013,1.1817796719237719
31,223,1.0,1.2076652511924875,1.1127545507032435,1.19976766072181,1.20506,1.1811036994769153
31,224,1.0,1.1851066944452175,1.1371946086620843,1.2004955706269376,1.1749771,1.1740383396806686
31,225,2.0,1.2014412568611215,1.343895077000366,1.1997836556934027,1.2073308,1.2386076024245642
31,226,1.0,1.1764589599951116,1.3447927399288329,1.199783497581752,1.186647,1.2272085973148523
31,227,4.0,1.6608818161739438,1.6607397384414522,1.199869140801079,1.6017718,1.5362247985083768
31,228,3.0,1.6258764365241105,1.5939405033897738,1.200107970672896,1.5973891,1.5093947786631672
31,229,2.0,1.6250675885155377,1.660451203928731,1.1998694054005503,1.5995178,1.5265106474769954
31,230,1.0,1.5458112780531648,1.5936519688770523,1.2001110260646615,1.5600686,1.47949072883069
31,231,1.0,1.216841324116972,1.3443439084645994,1.1997835719189023,1.2004491,1.2408536176162994
31,232,1.0,1.73757085003031,1.5945816911958217,1.2001011936136214,1.8723685,1.60833560118362
31,233,1.0,1.1684183016988066,1.2969345303172257,1.1995414869196266,1.1790755,1.2110636483717587
31,234,1.0,1.189290764715959,1.3438630176100634,1.1997836620409938,1.2073308,1.2355246663087316
31,235,2.0,1.6989181501538004,1.5945496318055195,1.2001015320627781,1.6955403,1.5532009514836351
31,236,1.0,1.6348859849667767,1.6589444125845183,1.1998708800247224,1.6244049,1.5349962757388629
31,237,1.0,1.1624957453742188,1.1136842730220131,1.1997620645210303,1.1740649,1.1619587247837222
31,238,3.0,1.745881128257239,1.6581749872172606,1.199871693175153,1.8031545,1.608728199761553
31,239,2.0,1.7369860103277677,1.595832007417615,1.2000880288207505,1.7737604,1.5832142372718627
31,240,1.0,1.6030118493518952,1.5931069592419114,1.2001168069794945,1.6457299,1.5157960923431038
31,241,1.0,1.2184337493932358,1.1362007675627095,1.2004947726362623,1.2033799,1.1895039283611908
31,242,2.0,1.6044995335161207,1.6608359166123594,1.1998690538742685,1.6017718,1.521980918634977
31,243,1.0,1.6243904726608946,1.6583673435590751,1.19987148607245,1.5660717,1.5172356635230124
31,244,3.0,1.2338870688994323,1.1134919166801984,1.1997632224639523,1.206647,1.1883319639541972
31,245,2.0,1.1897682686021678,1.1132354415577792,1.1997647663038908,1.1931311,1.1736366660636082
31,246,1.0,1.3332559475984838,1.110189799479052,1.199783089997651,1.3040304,1.2376200904368106
31,247,1.0,1.1895405664792986,1.2957162734857348,1.1995422923425585,1.1748031,1.2150051894126754
31,248,1.0,1.2540232469136563,1.3420676917531291,1.1997840938066175,1.3533503,1.2888963761042445
31,249,1.0,1.2346775032817163,1.2949468481184772,1.1995428767056302,1.2127473,1.2359632972097172
31,250,1.0,1.1675076973989449,1.3464598282245575,1.1997833043715604,1.188075,1.2257313569884025
31,251,1.0,1.1164019112625763,1.296133045559666,1.1995420002779371,1.1635165,1.1937077118346147
31,252,1.0,1.1990410685541526,1.1117286502135668,1.1997738341086597,1.1738204,1.1706521448499752
31,253,1.0,1.269715422083157,1.3427088795591775,1.1997839223818947,1.2598268,1.2690468914742152
31,254,3.0,1.6258764365241105,1.5939405033897738,1.200107970672896,1.5973891,1.5093947786631672
31,255,2.0,1.4176188809145762,1.6617976983214313,1.199868219517619,1.70775,1.502108387144182
31,256,1.0,1.7951244915072548,1.5921451775328397,1.2001270392580727,1.7873827,1.6004963786780546
31,257,1.0,1.2540441200320567,1.3434783049264345,1.1997837419199187,1.2156147,1.2539382053689616
31,258,1.0,1.633001180947837,1.6597458973420782,1.1998700762422827,1.6256385,1.5350382898890176
31,259,2.0,1.217113918399815,1.1361366487821047,1.2004947235117798,1.2081482,1.190376481254242
31,260,1.0,1.2181272655498296,1.1363290051239192,1.2004948717475201,1.2033799,1.1894588445808787
31,261,2.0,1.1419253729924201,1.343350067365225,1.1997837700759648,1.1943103,1.2200695827029175
31,262,1.0,1.2575446067932698,1.3431897704137132,1.199783806357573,1.2591685,1.2659197910167623
31,263,1.0,1.2199116941894639,1.2972551242202495,1.1995412993690346,1.1723871,1.222460617457797
31,264,1.0,1.1830027542386146,1.3448247993191353,1.199783492632039,1.186647,1.2288726930664147
31,265,1.0,1.6999185129366248,1.5944855130249145,1.2001022090586855,1.7141206,1.5582026860528884
31,266,1.0,1.1534403789380336,1.3422600480949436,1.1997840403766085,1.271662,1.242543552422001
31,267,2.0,1.174020620047014,1.2954918577536179,1.1995424567258655,1.1824814,1.2129899126804988
31,268,1.0,1.1666196082226283,1.296710114585109,1.1995416242552308,1.1607699,1.2058575158537361
31,269,1.0,1.2648426130067707,1.11230571923901,1.1997703618253037,1.2217907,1.1997505034493736
31,270,1.0,1.6464311335412385,1.5938122658285643,1.2001093281874209,1.6307818,1.523127327742583
31,271,1.0,1.4023257217432266,1.341041791263453,1.199784407727016,1.3228239,1.318338459192863
31,272,2.0,1.7256665821952242,1.5937481470479595,1.2001100072021729,1.765352,1.5776713685684784
31,273,1.0,1.6856252350877035,1.5946137505861242,1.2001008552180112,1.6990657,1.5507571122862573
31,274,1.0,1.1221648596757026,1.2970627678784352,1.1995414106804765,1.1669071,1.1962706836578498
31,275,1.0,1.6612436734990461,1.6603550257578235,1.1998694948635065,1.6706413,1.5538797165888822
31,276,1.0,1.1873274354001366,1.1353992828051496,1.200494179042209,1.1898227,1.1779526142063113
31,277,1.0,1.1624974313169414,1.2964536394626898,1.199541787306144,1.1644905,1.2057035470379514
31,278,1.0,1.300381331618169,1.1112477593590309,1.1997767271581485,1.284641,1.2245948713990797
31,279,1.0,1.1999546573854065,1.134822213779707,1.200493779194625,1.2090888,1.1859424616721914
31,280,2.0,1.6587266048919043,1.6595856003905662,1.1998702334682412,1.6826407,1.556125266082067
31,281,1.0,1.7043160460094233,1.5934596125352378,1.2001130649490561,1.8000718,1.5810994878474844
31,282,1.0,1.1897782764302771,1.1351428076827306,1.2004939984887035,1.1867164,1.1777113249056743
31,283,1.0,1.2264499550613925,1.111600412652357,1.1997746056376812,1.1906548,1.1818729423872005
31,284,1.0,1.191877538662653,1.135591639146964,1.2004943174453737,1.1898227,1.1791527821224301
31,285,1.0,1.311834309471983,1.34274093894948,1.1997839143133906,1.2598268,1.279713681263965
31,286,1.0,1.1871681340271636,1.135848114269383,1.2004945059710883,1.192668,1.1787555812763126
31,287,1.0,1.6405668764300332,1.5949022850988457,1.200097811659454,1.6283349,1.5212889582460065
31,288,1.0,1.258033100772689,1.3425806419979676,1.1997839551405243,1.2450023,1.2622565740990506
31,289,4.0,1.610794726542167,1.5925619496067709,1.2001226004765055,1.6075764,1.507845171646858
31,290,3.0,1.6443503518292182,1.594196978512193,1.2001052577588711,1.6076175,1.5167570117934839
31,291,2.0,1.7410394807782539,1.5962167201012438,1.20008399157432,1.6434928,1.5509311090326514
31,292,1.0,1.682278294971463,1.5950625820503577,1.2000961223292193,1.6960963,1.5492611387666702
31,293,1.0,1.2824332473701583,1.110285977649959,1.1997825116701752,1.3040304,1.224783011457996
31,294,1.0,1.2181272655498296,1.1363290051239192,1.2004948717475201,1.2033799,1.1894588445808787
31,295,2.0,1.1984702374716278,1.2950430262893844,1.1995428004616004,1.2127473,1.226824944631237
31,296,1.0,1.2281965913811832,1.2951392044602916,1.1995427251185389,1.2041365,1.232163754768826
31,297,1.0,1.1733275755381443,1.112466016190522,1.1997693971843126,1.1786145,1.1655599649133814
31,298,3.0,1.816230051431959,1.6580788090463536,1.199871797679226,1.8031545,1.62650650608378
31,299,2.0,1.5961453205718041,1.596152601320639,1.200084664015103,1.6434928,1.514247875177203
31,300,1.0,1.6601713967159102,1.594036681560681,1.200106953006346,1.6769178,1.53849161558635
31,301,1.0,1.186540631871368,1.133475719387006,1.2004929356154617,1.1556079,1.1684925356874671
31,302,3.0,1.6289211628686715,1.6589764719748206,1.1998708470290895,1.6244049,1.5334949126827515
31,303,2.0,1.6686669780596843,1.5936840282673546,1.200110686401031,1.5600686,1.5105888377306733
31,304,1.0,1.6964860585091739,1.5943893348540072,1.2001032249003727,1.6980873,1.5531984667747167
31,305,1.0,1.2122610511352567,1.3438309582197612,1.1997836684309084,1.2073308,1.2413294553457916
31,306,4.0,1.6717357395631567,1.5947099287570312,1.2000998403078065,1.6893388,1.5447720051181546
31,307,3.0,1.6531502643013911,1.659329125268147,1.1998704887032636,1.6188318,1.5382863885235167
31,308,2.0,1.6660884168575807,1.6603229663675212,1.1998695248261628,1.6706413,1.5550976298561552
31,309,1.0,1.6250675885155377,1.660451203928731,1.1998694054005503,1.5995178,1.5265106474769954
31,310,1.0,1.295580960034024,1.3407532567507312,1.1997845047826217,1.3965317,1.3101537689512244
31,311,1.0,1.1999546573854065,1.134822213779707,1.200493779194625,1.2090888,1.1859424616721914
31,312,1.0,1.3553212668075139,1.1100936213081447,1.1997836682983654,1.3040304,1.2431797766869428
31,313,1.0,1.2122133132102533,1.2955559765342228,1.1995424092530504,1.1946213,1.2257843573923077
31,314,1.0,1.086434045271619,1.133956610241542,1.20049322254974,1.1305165,1.136846801238836
31,315,1.0,1.1458775198416213,1.295684214095432,1.1995423155253067,1.1381602,1.1945510825541497
31,316,1.0,1.120837830677292,1.133571897557913,1.2004929917272404,1.1305165,1.1454556719835736
31,317,2.0,1.610794726542167,1.5925619496067709,1.2001226004765055,1.6075764,1.507845171646858
31,318,1.0,1.649509784209261,1.658271165388168,1.1998715893009566,1.6742713,1.5513143457366085
31,319,1.0,1.1694792854407818,1.1120492441165906,1.1997719051440832,1.169864,1.1622373301143165
31,320,2.0,1.649509784209261,1.658271165388168,1.1998715893009566,1.6742713,1.5513143457366085
31,321,1.0,1.682278294971463,1.5950625820503577,1.2000961223292193,1.6960963,1.5492611387666702
31,322,3.0,1.2346775032817163,1.2949468481184772,1.1995428767056302,1.2127473,1.2359632972097172
31,323,2.0,1.1495005141020245,1.2953315608021059,1.1995425771963844,1.172182,1.2041031343036683
31,324,1.0,1.1813283130218806,1.2960048079984563,1.1995420883084729,1.1635165,1.210105668565327
31,325,1.0,1.6601713967159102,1.594036681560681,1.200106953006346,1.6769178,1.53849161558635
31,326,1.0,1.2122133132102533,1.2955559765342228,1.1995424092530504,1.1946213,1.2257843573923077
31,327,1.0,1.3056823708423104,1.1113118781396358,1.1997763414487423,1.284641,1.2259524960068955
31,328,5.0,1.6980069156075408,1.594517572415217,1.2001018705334519,1.6955403,1.5529623202505363
31,329,4.0,1.7009979723964577,1.594453453634612,1.2001025476161822,1.7277116,1.5619530261078838
31,330,3.0,1.6527022414281267,1.5960884825400343,1.200085336619684,1.729672,1.5506436366940974
31,331,2.0,1.6935149985153197,1.5927222465582829,1.2001208952015985,1.6661373,1.5438357893094734
31,332,1.0,1.5937295738178139,1.5929466622903996,1.20011850964477,1.6580455,1.51656512475881
31,333,1.0,1.3957035531092603,1.1081379984996986,1.1997954214258428,1.3433998,1.2630026009970294
31,334,1.0,1.6429026964004,1.6593611846584493,1.1998704565542584,1.6188318,1.535701226586844
31,335,1.0,1.1707888739857695,1.2959406892178515,1.199542132942508,1.1635165,1.207422324429588
31,336,1.0,1.6856252350877035,1.5946137505861242,1.2001008552180112,1.6990657,1.5507571122862573
31,337,1.0,1.5252989965208181,1.3399197126028692,1.1997848067100252,1.4675099,1.3862770984534623
31,338,1.0,1.1355724657432318,1.131840690481584,1.2004920788624969,1.1379697,1.150657407814112
31,339,1.0,1.3056823708423104,1.1113118781396358,1.1997763414487423,1.284641,1.2259524960068955
31,340,1.0,1.2346775032817163,1.2949468481184772,1.1995428767056302,1.2127473,1.2359632972097172
31,341,1.0,1.2974201805630625,1.1093241959408873,1.1997882938163962,1.3433998,1.238429329059315
31,342,1.0,1.2186732119612782,1.2947865511669652,1.199543005817006,1.1969984,1.2278340870056306
34,1,2.0,1.1234477758841213,1.1414585075723023,1.200499777436672,1.1294202,1.1478324343509327
34,2,1.0,1.0264952881128426,1.142580586232886,1.2005010970324161,1.1294202,1.1235817381228344
34,3,1.0,1.1509429406379856,1.296165104949968,1.1995419785177293,1.1635165,1.2024568324802245
34,4,1.0,1.190837805738349,1.1404967258632306,1.2004987170782517,1.1529022,1.1706642789239696
34,5,3.0,1.6254999373061878,1.5932672561934236,1.2001151054004,1.5544634,1.498123125698828
34,6,2.0,1.5810428838621384,1.59656937339457,1.2000802963556956,1.4974122,1.4730701610052648
34,7,1.0,1.707946225779998,1.6610923917347786,1.1998688251732867,1.7047309,1.5746265815959335
34,8,1.0,1.1582552313045216,1.1138125105832224,1.1997612925286305,1.1699439,1.1598611211055532
34,9,1.0,1.670538944496338,1.594677869366729,1.2001001785789074,1.6463499,1.5334372005434815
34,10,1.0,1.1690728709977911,1.1377075589069223,1.2004960093860482,1.1673003,1.1681421123599618
34,11,1.0,1.6786980416982942,1.5942290379024955,1.2001049188321018,1.7540394,1.5630049570669975
34,12,1.0,1.2076652511924875,1.1127545507032435,1.19976766072181,1.20506,1.1811036994769153
34,13,1.0,1.6857301577893467,1.5954472947339864,1.2000920724037833,1.7339035,1.5599262101085438
34,14,2.0,1.2011296235800173,1.3459789373700217,1.1997833466675925,1.1983749,1.236759385342512
34,15,1.0,1.2117964780608168,1.347806322617258,1.1997832441494645,1.1700324,1.2326531336059074
34,16,1.0,1.7393000651761374,1.5955755322951959,1.2000907238337526,1.7838182,1.5863147542583305
34,17,2.0,1.1910295557218158,1.1156719552207615,1.1997500965075172,1.1784981,1.1708165443260694
34,18,1.0,1.16421112055573,1.1156078364401565,1.1997504826342447,1.1784981,1.1640136902769234
34,19,2.0,1.6112929958947833,1.660226788196614,1.1998696151401733,1.6716883,1.5414751771328659
34,20,1.0,1.6966937216130047,1.6601306100257067,1.199869706100577,1.7618678,1.5861877765676282
34,21,1.0,1.1713070231953349,1.3453056901736713,1.1997834241979803,1.1714095,1.2221271580111221
34,22,2.0,1.1813883639972784,1.1387975781772037,1.2004970027155075,1.1608044,1.1698689695946223
34,23,1.0,1.2875204853668183,1.1413302700110928,1.2004996322884198,1.1294202,1.1893204723238562
34,24,1.0,1.4757008395173954,1.1162490242462044,1.199746621272315,1.1576169,1.2376464596383971
34,25,1.0,1.1553279024263974,1.1409776167177665,1.2004992391117775,1.1294202,1.155778251577923
34,26,1.0,1.1813283130218806,1.2960048079984563,1.1995420883084729,1.1635165,1.210105668565327
34,27,1.0,1.2161524350032373,1.3446003835870186,1.1997835282798759,1.1947109,1.239272660349713
34,28,1.0,1.1997534048416136,1.1151269455856208,1.199753378457433,1.2012899,1.1787316977515028
34,29,1.0,1.1830027542386146,1.3448247993191353,1.199783492632039,1.186647,1.2288726930664147
34,30,1.0,1.2442511551563502,1.1412982106207905,1.2004995961803804,1.1294202,1.1783625389888357
34,31,1.0,1.719141263251065,1.5962808388818486,1.2000833193157396,1.6928794,1.5580700714082911
34,32,1.0,1.282873840534365,1.2984733810517406,1.1995406793936658,1.3055766,1.2728566087433395
34,33,1.0,1.1542682668987958,1.1413943887916973,1.2004997047157833,1.1294202,1.1556156779905606
34,34,1.0,1.1723123013132706,1.296549817633597,1.1995417253966993,1.1644905,1.2082116393787046
34,35,1.0,1.1258821306421951,1.140785260375952,1.2004990283442867,1.1529022,1.1542995740656863
34,36,1.0,1.1707888739857695,1.2959406892178515,1.199542132942508,1.1635165,1.207422324429588
34,37,1.0,1.1072578331050373,1.1409455573274638,1.2004992038005686,1.1294202,1.1436054350654992
34,38,1.0,1.1701259921150158,1.346267471882743,1.1997833199817787,1.188075,1.226345272867843
34,39,2.0,1.631898168725638,1.5952228790018697,1.2000944340906046,1.5530947,1.49988127638027
34,40,1.0,1.6509752289858435,1.5964411358333606,1.2000816394528748,1.6928794,1.5408600226955065
34,41,1.0,1.1602803836227449,1.297671896294181,1.1995410707586827,1.171293,1.2071950404885974
34,42,1.0,1.1895442296309984,1.115319301927435,1.1997522201503246,1.2012899,1.1761965491645459
34,43,1.0,1.1816478466877212,1.3444400866355064,1.1997835551962162,1.2311598,1.2398471535123363
34,44,1.0,1.6549555417396147,1.6589123531942158,1.1998709130955858,1.6244049,1.5400670074352232
34,45,2.0,1.0264952881128426,1.1422920517201645,1.2005007492035518,1.1294202,1.1235086384898547
34,46,1.0,1.2765018854664658,1.1398875974474847,1.2004980791941129,1.2040194,1.2052965642582438
34,47,2.0,1.177568623099113,1.114517817169875,1.1997570461954055,1.1880307,1.169564185020468
34,48,1.0,1.1897682686021678,1.1132354415577792,1.1997647663038908,1.1931311,1.1736366660636082
34,49,2.0,1.18774913768882,1.1383166873226676,1.200496554248294,1.171278,1.1740426515559612
34,50,1.0,1.1471123619535935,1.1408173197662548,1.20049906329168,1.1529022,1.1596802545294442
34,51,1.0,1.1793483185926472,1.1146460547310846,1.1997562740739098,1.1817158,1.168427457744136
34,52,1.0,1.6457733948463156,1.5960564231497318,1.200085672989273,1.729672,1.5488821776224515
34,53,1.0,1.173830416734456,1.1144857577795728,1.1997572392231641,1.1880307,1.1686101208613766
34,54,6.0,1.6395640463323826,1.5951908196115672,1.2000947716535608,1.6261276,1.5205414400362374
34,55,5.0,1.6443503518292182,1.594196978512193,1.2001052577588711,1.6076175,1.5167570117934839
34,56,4.0,1.787586496723316,1.6614129856378026,1.1998685456438223,1.746073,1.6054631603250171
34,57,3.0,1.627669136926823,1.5930428404613068,1.2001174879205732,1.6163131,1.5144763397416352
34,58,2.0,1.6405668764300332,1.5949022850988457,1.200097811659454,1.6283349,1.5212889582460065
34,59,1.0,1.631898168725638,1.5952228790018697,1.2000944340906046,1.5530947,1.49988127638027
34,60,1.0,1.1666255776830206,1.1143895796086656,1.1997578183031676,1.1738906,1.1631366017112075
34,61,1.0,1.208243358902439,1.3458827591991143,1.1997833564350124,1.2058796,1.2404597180127381
34,62,2.0,1.6784924548505906,1.5946458099764265,1.2001005168715146,1.6990657,1.5489601112148832
34,63,1.0,1.7052251320842695,1.5929146029000971,1.2001188503136524,1.6580455,1.544772352013882
34,64,1.0,1.130330183167613,1.1375793213457126,1.2004958979737457,1.1765636,1.160680766010643
34,65,1.0,1.355396357740998,1.2991145688577885,1.199540412031274,1.3055766,1.2913714793584528
34,66,1.0,1.213109401321297,1.3459468779797192,1.1997833498756614,1.1983749,1.2397828964342466
34,67,2.0,1.6980069156075408,1.594517572415217,1.2001018705334519,1.6955403,1.5529623202505363
34,68,1.0,1.6457733948463156,1.5960564231497318,1.200085672989273,1.729672,1.5488821776224515
34,69,1.0,1.1803256326965283,1.1155116582692495,1.1997510618140124,1.1784981,1.168067455177022
34,70,1.0,1.7393000651761374,1.5955755322951959,1.2000907238337526,1.7838182,1.5863147542583305
34,71,1.0,1.1893797666680006,1.1148704704632015,1.1997549228147684,1.1872948,1.172453164071117
34,72,1.0,1.1654045102409958,1.3462995312730457,1.1997833172575283,1.188075,1.2251585588331513
34,73,1.0,1.2059146145158661,1.1154154800983422,1.1997516409879478,1.1784981,1.1745188458066833
34,74,1.0,1.1837477946690604,1.1415226263529072,1.2004998504478426,1.1294202,1.1631083050446909
34,75,1.0,1.141264278618274,1.346972778469396,1.1997832713041834,1.1679827,1.2140675776319836
34,76,1.0,1.1793592309725625,1.296645995804504,1.1995416644095462,1.1607699,1.2090652104089834
34,77,1.0,1.1653919624489935,1.1140689857056416,1.1997597484812703,1.1717896,1.1622049827697054
34,78,1.0,1.1693001314271694,1.1390540532996227,1.2004972485110714,1.1586083,1.1663117182099596
34,79,1.0,1.1918420443347708,1.1132675009480817,1.1997645733299789,1.2022048,1.176496372655414
34,80,1.0,1.1525160835764994,1.140304369521416,1.2004985128228531,1.1787317,1.1675413868670628
34,81,3.0,1.6455296306926848,1.6590085313651228,1.199870814095885,1.6465442,1.5433832981565572
34,82,2.0,1.914357523269411,1.6616053419796168,1.199868381314927,1.746073,1.6375926952066862
34,83,1.0,1.6448954341085347,1.5941649191218905,1.200105596714778,1.6336982,1.5235749473115472
34,84,1.0,1.1785778702199394,1.1395990629347637,1.2004977861366952,1.165429,1.1705466761181191
34,85,3.0,1.677922192147264,1.5959281855885223,1.2000870189069046,1.6252414,1.5302059345387062
34,86,2.0,1.6980069156075408,1.594517572415217,1.2001018705334519,1.6955403,1.5529623202505363
34,87,1.0,1.6608818161739438,1.6607397384414522,1.199869140801079,1.6017718,1.5362247985083768
34,88,1.0,1.179550245618828,1.1138766293638274,1.1997609065240746,1.1672432,1.164573662354571
34,89,2.0,1.7475472607757327,1.6601626694160092,1.1998696757053013,1.7618678,1.5990649671848318
34,90,1.0,1.7596638755459244,1.595992304369127,1.2000863458668196,1.729672,1.577687433977528
34,91,2.0,1.207773957786137,1.3459148185894168,1.19978335313242,1.2058796,1.2403490427727888
34,92,1.0,1.1989995701899365,1.344472146025809,1.199783549719668,1.2311598,1.2442463224640867
34,93,1.0,1.2164163508012913,1.116281083636507,1.1997464281968735,1.1576169,1.1720395443387113
34,94,1.0,1.1960361251648353,1.139182290860832,1.2004973731397937,1.1586083,1.1731100567721684
34,95,1.0,1.1678564916796892,1.1142613420474559,1.199758590387938,1.1573049,1.1591626514120168
34,96,1.0,1.1796985891714218,1.3450812744415543,1.1997834547846078,1.186647,1.2281014303760514
34,97,3.0,1.6547668921339624,1.6592970658778445,1.199870520923126,1.6306647,1.541721772870909
34,98,2.0,1.6786980416982942,1.5942290379024955,1.2001049188321018,1.7540394,1.5630049570669975
34,99,1.0,1.7183516122643658,1.66070767905115,1.1998691699195627,1.6050233,1.5515939080769492
34,100,1.0,1.1489715766063044,1.1386052218353893,1.2004968213861404,1.1538677,1.1598379888475638
34,101,1.0,1.1684183016988066,1.2969345303172257,1.1995414869196266,1.1790755,1.2110636483717587
34,102,2.0,1.2309174317897247,1.1134598572898962,1.1997634154468366,1.2185128,1.1906151825667035
34,103,1.0,1.1892105736111047,1.1149025298535038,1.199754729773843,1.2129347,1.1789934033169938
34,104,2.0,1.1711023091270283,1.296485698852992,1.199541766569258,1.1644905,1.207889220423443
34,105,1.0,1.1891434572799993,1.2972230648299472,1.1995413176695175,1.1723871,1.2146662453962986
34,106,1.0,1.1635279632794917,1.3444080272452041,1.1997835607214462,1.2004491,1.2273782693983113
34,107,1.0,1.1745827753826683,1.138380806103272,1.2004966131103176,1.1721265,1.1709445758146644
34,108,1.0,1.1529475192655811,1.297768074465088,1.1995410204377885,1.171293,1.2053637001815656
34,109,1.0,1.707946225779998,1.6610923917347786,1.1998688251732867,1.7047309,1.5746265815959335
34,110,1.0,1.1539335581686385,1.3452736307833688,1.1997834284230389,1.1714095,1.21772248681432
34,111,1.0,1.1433301179676372,1.1391181720802275,1.2004973106825902,1.1586083,1.159755942329062
34,112,3.0,1.6354951905133106,1.5939084439994715,1.2001083099950105,1.5973891,1.5118208847959822
34,113,2.0,1.6125187227823958,1.5941008003412858,1.2001062747702174,1.5391598,1.4911225187977402
34,114,1.0,1.6717357395631567,1.5947099287570312,1.2000998403078065,1.6893388,1.5447720051181546
34,115,2.0,1.1078732940916038,1.2979283714166,1.1995409386141456,1.1516759,1.188967171361388
34,116,1.0,1.155443168201348,1.2980566089778094,1.199540874978018,1.1516759,1.2010377231265768
34,117,2.0,1.702927132995622,1.661445045028105,1.1998685180821786,1.746073,1.5840472213534675
34,118,1.0,1.737201507185827,1.5956396510758006,1.2000900498148435,1.7762643,1.583862664153016
34,119,1.0,1.207773957786137,1.3459148185894168,1.19978335313242,1.2058796,1.2403490427727888
34,120,1.0,1.6457733948463156,1.5960564231497318,1.200085672989273,1.729672,1.5488821776224515
34,121,1.0,1.2055861248376774,1.1149666486341085,1.1997543436873148,1.2129347,1.1831535630520764
34,122,4.0,1.6816285979615382,1.594357275463705,1.2001035636019515,1.6980873,1.5494305794538814
34,123,3.0,1.686688819206026,1.593716087657657,1.2001103467835208,1.765352,1.567799555882409
34,124,2.0,1.690505838535682,1.59281842472919,1.200119872557915,1.6661373,1.5430983822630253
34,125,1.0,1.7351881609925968,1.6601947288063115,1.199869645381723,1.7618678,1.595945457760902
34,126,1.0,1.1976784282531596,1.1147422329019918,1.1997556949686798,1.1872948,1.174520969087479
34,127,3.0,1.627669136926823,1.5930428404613068,1.2001174879205732,1.6163131,1.5144763397416352
34,128,2.0,1.6486545116020246,1.5940687409509835,1.2001066138685064,1.6231738,1.5218032897705092
34,129,1.0,1.6122336189381579,1.6605153227093354,1.1998693460953958,1.6255159,1.529945911925528
34,130,1.0,1.1504888857191586,1.3452095120027643,1.1997834370169735,1.1812984,1.2193704276719217
34,131,1.0,1.2276581230263663,1.1134277978995937,1.1997636084326009,1.2185128,1.189782309055305
34,132,3.0,1.6515503333084272,1.65990619429359,1.1998699207748802,1.626861,1.5400863892996361
34,133,2.0,1.6137169675985765,1.5948061069279384,1.2000988257846814,1.5363746,1.4908882534696644
34,134,1.0,1.6989181501538004,1.5945496318055195,1.2001015320627781,1.6955403,1.5532009514836351
34,135,2.0,1.1956231773433048,1.113363679118989,1.1997639943941143,1.2022048,1.1774774342850347
34,136,1.0,1.1861603325269658,1.1124980755808243,1.1997692042556876,1.1786145,1.1688155118520642
34,137,1.0,1.1613296693904331,1.2979924901972049,1.199540906585556,1.1516759,1.2025111528230892
34,138,1.0,1.1785228216490968,1.1144536983892703,1.1997574322533067,1.1880307,1.1697895218166448
34,139,1.0,1.2033096359342481,1.3439591957809707,1.199783643151095,1.2014924,1.2375994614356312
34,140,1.0,1.163269781313721,1.1375472619554101,1.2004958703049502,1.1765636,1.1690083982788004
34,141,2.0,1.6640730079202413,1.660290906977219,1.19986955485377,1.6706413,1.5545795010994667
34,142,1.0,1.686688819206026,1.593716087657657,1.2001103467835208,1.765352,1.567799555882409
34,143,1.0,1.1482043438678826,1.1139407481444321,1.1997605205142208,1.1769835,1.1591550810806543
34,144,1.0,1.2331959938639567,1.343670661268249,1.1997837011172705,1.2029234,1.245456507728008
34,145,2.0,1.6486995675776919,1.5949343444891482,1.2000974736995584,1.6406729,1.5265189678856756
34,146,1.0,1.6340731500529824,1.5940046221703785,1.2001072921860267,1.6769178,1.5318791155468103
34,147,1.0,1.1851792797756784,1.1380281528099463,1.2004962929269214,1.1472574,1.167159516957264
34,148,1.0,1.269715422083157,1.3427088795591775,1.1997839223818947,1.2598268,1.2690468914742152
34,149,1.0,1.199692058219834,1.2954597983633156,1.1995424806202186,1.1824814,1.2194782640218973
34,150,1.0,1.6856252350877035,1.5946137505861242,1.2001008552180112,1.6990657,1.5507571122862573
34,151,1.0,1.151753319470013,1.1370663711008742,1.2004954638015086,1.1749771,1.1655653993714266
34,152,1.0,1.7009979723964577,1.594453453634612,1.2001025476161822,1.7277116,1.5619530261078838
34,153,1.0,1.1707888739857695,1.2959406892178515,1.199542132942508,1.1635165,1.207422324429588
34,154,1.0,1.258033100772689,1.3425806419979676,1.1997839551405243,1.2450023,1.2622565740990506
34,155,1.0,1.4276826972651966,1.1114080563105428,1.1997757628648287,1.284641,1.2568503118645553
34,156,4.0,1.6236473274326118,1.6584955811202846,1.1998713494155526,1.5772818,1.519954693887156
34,157,3.0,1.663512919964638,1.5949984632697527,1.2000967979296713,1.6930268,1.5437091358839163
34,158,2.0,1.749660213480817,1.6581429278269584,1.199871727929713,1.8031545,1.6096764368705319
34,159,1.0,1.5106886322062212,1.6604832633190332,1.199869375716535,1.5995178,1.4975738163521974
34,160,1.0,1.1989109406897773,1.1356878173178713,1.2004943876095278,1.192668,1.181686643170591
34,161,1.0,1.1861674212432265,1.2973192430008544,1.1995412630891276,1.1723871,1.2139374506098553
34,162,1.0,1.7566611343214578,1.5936199094867498,1.2001113657679758,1.7806064,1.5893945376803496
34,163,1.0,1.1186040325541653,1.297030708488133,1.1995414295906868,1.1669071,1.1953614660551164
34,164,1.0,1.6363219334203338,1.5958640668079174,1.2000876921421766,1.7737604,1.5577480444248895
34,165,1.0,1.182165842924828,1.1344054417057758,1.2004935047266947,1.147496,1.1655406541784212
34,166,1.0,1.1619156421861037,1.2964215800723875,1.199541808149663,1.1644905,1.205548210415529
34,167,1.0,1.2540441200320567,1.3434783049264345,1.1997837419199187,1.2156147,1.2539382053689616
34,168,1.0,1.560434986574667,1.6595214816099613,1.1998702968533552,1.5186424,1.4891801670998206
34,169,1.0,1.142190933438374,1.2956521547051298,1.199542338797665,1.1381602,1.1936100411251997
34,170,3.0,1.2612874291773764,1.342516523217363,1.1997839718030872,1.2450023,1.263063898036521
34,171,2.0,1.3277241196466252,1.1111836405784261,1.1997771128603565,1.270983,1.2279957516076578
34,172,1.0,1.1631254036849006,1.1120171847262883,1.199772098048234,1.169864,1.1606213385743096
34,173,2.0,1.1507993378106427,1.2961971643402705,1.1995419568733328,1.1635165,1.2024285999653084
34,174,1.0,1.167345478598189,1.2963574612917825,1.1995418501286734,1.1644905,1.2069060781940681
34,175,1.0,1.2506683056404553,1.3432218298040155,1.1997837990083393,1.2591685,1.2641877735795428
34,176,2.0,1.6826195659916972,1.5955114135145911,1.2000913980318473,1.7215296,1.5559819615676518
34,177,1.0,1.8053115137083255,1.5923695932649564,1.2001246482406087,1.6075764,1.557021735402306
34,178,1.0,1.3411258988314274,1.3416829790695008,1.1997842058198875,1.3642677,1.3136410249864592
34,179,2.0,1.663181506159617,1.5949664038794504,1.2000971357858055,1.6930268,1.543617234947416
34,180,1.0,1.690505838535682,1.59281842472919,1.200119872557915,1.6661373,1.5430983822630253
34,181,1.0,1.1733676395130321,1.2947224323863606,1.1995430581793836,1.1596085,1.2067646741139373
34,182,2.0,1.665619112242517,1.5951267008309624,1.200095446892932,1.7356517,1.5552048317635476
34,183,1.0,1.6448954341085347,1.5941649191218905,1.200105596714778,1.6336982,1.5235749473115472
34,184,1.0,1.2456119338237572,1.1111515811881238,1.199777305708419,1.270983,1.207208232219336
34,185,3.0,1.7009979723964577,1.594453453634612,1.2001025476161822,1.7277116,1.5619530261078838
34,186,2.0,1.5458112780531648,1.5936519688770523,1.2001110260646615,1.5600686,1.47949072883069
34,187,1.0,1.6361599432429383,1.6586558780717966,1.1998711801882733,1.5996827,1.5289060508291472
34,188,1.0,1.121076909349283,1.2938888882384982,1.1995437758928793,1.1666394,1.1951241044232244
34,189,1.0,1.1708170515682412,1.1333795412160987,1.2004928801374304,1.1556079,1.164489146994868
34,190,1.0,1.6348859849667767,1.6589444125845183,1.1998708800247224,1.6244049,1.5349962757388629
34,191,1.0,1.1388213235595845,1.1336680757288202,1.2004930484784038,1.1305165,1.150030958375718
34,192,1.0,1.3332559475984838,1.110189799479052,1.199783089997651,1.3040304,1.2376200904368106
34,193,1.0,1.7961510710281017,1.5934275531449356,1.2001134049086668,1.8000718,1.6043313862879645
34,194,1.0,1.2974103685073137,1.110670690333588,1.1997801981358436,1.2906264,1.225232703591147
34,195,1.0,1.6318114189284005,1.659425303439054,1.1998703924589302,1.5205693,1.507712646871817
34,196,1.0,1.3474947243327648,1.3404967816283122,1.199784594278559,1.3965317,1.323226273403153
34,197,3.0,1.1888983178307395,1.1334116006064012,1.2004928985596368,1.1556079,1.1690729409775114
34,198,2.0,1.1370010371718033,1.131680393530072,1.2004920047260395,1.1379697,1.1509783419501751
34,199,1.0,1.135789301047016,1.1330910067033773,1.2004927175226403,1.1556079,1.1555519080343777
34,200,1.0,1.6363219334203338,1.5958640668079174,1.2000876921421766,1.7737604,1.5577480444248895
34,201,1.0,1.259195059940603,1.1105745121626804,1.1997807765498842,1.2906264,1.215537669642509
34,202,1.0,1.1705817624103654,1.2952033232408966,1.1995426754066847,1.1671798,1.2081228411089526
34,203,1.0,1.6842611074192726,1.657694096362725,1.1998722220451745,1.6656135,1.557742508406343
46,1,1.0,1.5663500028681685,1.5968258485169893,1.200077612289154,1.4974122,1.469416221788029
46,2,1.0,1.2243192338563882,1.1150307674147135,1.1997539575993141,1.2129347,1.1879103304510283
46,3,2.0,1.633001180947837,1.6597458973420782,1.1998700762422827,1.6256385,1.5350382898890176
46,4,1.0,1.6657266322143993,1.5961205419303368,1.2000850002903631,1.6434928,1.5318482094353745
46,5,1.0,1.1884395614912016,1.1399196568377872,1.2004981121169347,1.2040194,1.1830194806252536
46,6,1.0,1.0542684228051051,1.1164734399783214,1.199745269736608,1.1576169,1.1310545113876231
46,7,3.0,1.782161449073157,1.5956075916854984,1.2000903868027868,1.7762643,1.5952322720427403
46,8,2.0,1.6133147306023203,1.6617015201505243,1.1998683000995956,1.70775,1.551607198432279
46,9,1.0,1.1293844114949378,1.66298389576262,1.1998672778907535,1.5293059,1.3837077606818482
46,10,1.0,1.1539173890599288,1.1401440725699041,1.2004983445972504,1.1787317,1.1678553986951665
46,11,1.0,1.1720538535752225,1.3456904028573,1.1997833772818158,1.1772541,1.2239122857169076
46,12,1.0,1.6608818161739438,1.6607397384414522,1.199869140801079,1.6017718,1.5362247985083768
46,13,1.0,1.114901194858356,1.1386372812256915,1.2004968514288386,1.1538677,1.1512241990833665
46,14,1.0,1.1835704463150278,1.114678114121387,1.1997560810396288,1.1817158,1.1695039838798582
46,15,1.0,1.1791698268314412,1.3464918876148602,1.1997833019409005,1.188075,1.228690708119109
46,16,2.0,1.6250675885155377,1.660451203928731,1.1998694054005503,1.5995178,1.5265106474769954
46,17,1.0,1.6137169675985765,1.5948061069279384,1.2000988257846814,1.5363746,1.4908882534696644
46,18,1.0,1.1845288068905402,1.3461071749312312,1.199783334323172,1.1983749,1.2325908029644639
46,19,1.0,1.2637229182444225,1.2987939749547648,1.1995405406345159,1.3055766,1.2680913402322305
46,20,1.0,1.6758867066858274,1.5957037698564054,1.200089375977113,1.6813956,1.544034545422907
46,21,2.0,1.1805760228231228,1.1140048669250369,1.1997601344988384,1.1769835,1.1673632486619916
46,22,1.0,1.1947144879620082,1.114998708024411,1.199754150642921,1.2129347,1.1804104349350788
46,23,1.0,1.1471123619535935,1.1408173197662548,1.20049906329168,1.1529022,1.1596802545294442
46,24,1.0,1.2331959938639567,1.343670661268249,1.1997837011172705,1.2029234,1.245456507728008
46,25,1.0,1.6137169675985765,1.5948061069279384,1.2000988257846814,1.5363746,1.4908882534696644
46,26,1.0,1.1835704463150278,1.114678114121387,1.1997560810396288,1.1817158,1.1695039838798582
46,27,1.0,1.1446440546551857,1.2978963120262974,1.1995409547753424,1.1516759,1.1982643346433381
46,28,1.0,1.177568623099113,1.114517817169875,1.1997570461954055,1.1880307,1.169564185020468
46,29,4.0,1.5826559677715926,1.6606115008802427,1.1998692576988754,1.6050233,1.5172302147361272
46,30,3.0,2.0925288239492223,1.6619579952729433,1.1998680866305877,1.70775,1.6729428014764254
46,31,2.0,1.6999185129366248,1.5944855130249145,1.2001022090586855,1.7141206,1.5582026860528884
46,32,1.0,1.6497814421376986,1.5950305226600552,1.2000964601105981,1.5927073,1.5145167433831432
46,33,1.0,1.1224510047290013,1.140849379156557,1.2004990983098387,1.1294202,1.1474258813676805
46,34,1.0,1.640390420612394,1.6588802938039136,1.199870946234242,1.611882,1.5331617080355806
46,35,1.0,1.231142450789751,1.297351302391157,1.199541245091485,1.1723871,1.2253270183306193
46,36,1.0,1.1970008673086914,1.1135560354608032,1.1997628364878061,1.206647,1.1790136121614947
46,37,1.0,1.6935923584937675,1.6595535410002638,1.1998702651186604,1.6826407,1.5649403486756945
46,38,1.0,1.1681838269418494,1.1137804511929201,1.1997614855297487,1.1699439,1.1623656015607333
46,39,1.0,1.1721453335881773,1.295908629827549,1.1995421554136423,1.1665279,1.2085296927554716
46,40,1.0,1.0264952881128426,1.1425485268425837,1.2005010580938753,1.1294202,1.1235736158723233
46,41,1.0,1.180781412511536,1.115800192781971,1.199749324251507,1.1576169,1.16290069761122
46,42,4.0,1.6363219334203338,1.5958640668079174,1.2000876921421766,1.7737604,1.5577480444248895
46,43,3.0,1.6989181501538004,1.5945496318055195,1.2001015320627781,1.6955403,1.5532009514836351
46,44,2.0,1.6409925853598544,1.5947419881473337,1.2000995020952943,1.5928975,1.5122691116903564
46,45,1.0,1.4176188809145762,1.6617976983214313,1.199868219517619,1.70775,1.502108387144182
46,46,1.0,1.1843181891088805,1.346652184566372,1.1997832905121573,1.188075,1.2300341239181611
46,47,1.0,1.09132535634987,1.1408814385468593,1.200499133400741,1.1294202,1.1395572921362804
46,48,1.0,1.6526838097779677,1.5951587602212647,1.2000951092503656,1.6261276,1.5238535172851597
46,49,1.0,1.1986999809027319,1.1407532009856494,1.2004989934688686,1.1529022,1.1727188642742503
46,50,1.0,1.6717357395631567,1.5947099287570312,1.2000998403078065,1.6893388,1.5447720051181546
46,51,1.0,1.2098615312730971,1.3466842439566742,1.1997832883726658,1.188075,1.2365062788897765
46,52,2.0,1.1976784282531596,1.1147422329019918,1.1997556949686798,1.1872948,1.174520969087479
46,53,1.0,1.1893797666680006,1.1148704704632015,1.1997549228147684,1.1872948,1.172453164071117
46,54,1.0,1.142879503758128,1.296229223730573,1.1995419353229304,1.1635165,1.200432500910479
46,55,1.0,1.6547668921339624,1.6592970658778445,1.199870520923126,1.6306647,1.541721772870909
46,56,1.0,1.1936078998227584,1.295427738973013,1.1995425046113317,1.1824814,1.2179304890361031
46,57,1.0,1.6696318985336955,1.6609962135638714,1.1998689104045328,1.700251,1.5637575527834446
46,58,1.0,1.213109401321297,1.3459468779797192,1.1997833498756614,1.1983749,1.2397828964342466
46,59,1.0,1.1212107640076263,1.1405608446438353,1.2004987857449,1.1529022,1.15306058128496
46,60,1.0,1.6497814421376986,1.5950305226600552,1.2000964601105981,1.5927073,1.5145167433831432
46,61,1.0,1.1482043438678826,1.1139407481444321,1.1997605205142208,1.1769835,1.1591550810806543
46,62,1.0,1.6258720744815072,1.59509464144066,1.2000957845886016,1.6960963,1.53499491558072
46,63,1.0,1.213109401321297,1.3459468779797192,1.1997833498756614,1.1983749,1.2397828964342466
46,64,1.0,1.6784924548505906,1.5946458099764265,1.2001005168715146,1.6990657,1.5489601112148832
46,65,1.0,1.177568623099113,1.114517817169875,1.1997570461954055,1.1880307,1.169564185020468
46,66,1.0,1.2022673449826848,1.2953956795827108,1.1995425287070083,1.172182,1.2174726145503878
46,67,1.0,1.1537194300630726,1.3454339277348808,1.1997834077867173,1.1771342,1.2191768919076953
46,68,1.0,1.1410355504212701,1.2959727486081538,1.1995421105774098,1.1635165,1.1999010044537775
46,69,1.0,1.1866468029788133,1.1147101735116896,1.1997558880074635,1.1872948,1.1717212196908002
46,70,1.0,1.1224510047290013,1.140849379156557,1.2004990983098387,1.1294202,1.1474258813676805
46,71,2.0,1.7596638755459244,1.595992304369127,1.2000863458668196,1.729672,1.577687433977528
46,72,1.0,1.745881128257239,1.6581749872172606,1.199871693175153,1.8031545,1.608728199761553
46,73,2.0,1.1669269759977592,1.114101045095944,1.199759555467417,1.1717896,1.162601503136525
46,74,1.0,1.0542684228051051,1.1165696181492284,1.1997446905028133,1.1576169,1.1310787128687374
46,75,1.0,1.1635279632794917,1.3444080272452041,1.1997835607214462,1.2004491,1.2273782693983113
46,76,1.0,1.7191137392183062,1.5959602449788248,1.200086682362197,1.6252414,1.5406379719855043
46,77,1.0,1.1986999809027319,1.1407532009856494,1.2004989934688686,1.1529022,1.1727188642742503
46,78,1.0,1.7163154105544722,1.6609320947832666,1.1998689675774357,1.700251,1.5755551508764043
46,79,1.0,1.1866004454331196,1.1396311223250661,1.2004978184106496,1.1656498,1.1726416279978598
46,80,1.0,1.1929062269309254,1.1147742922922943,1.199755501933211,1.1872948,1.1733213747136284
46,81,1.0,1.1641984339211935,1.2957803922663396,1.1995422462877274,1.1717614,1.2078282642806073
46,82,1.0,1.1990568905764365,1.1392784690317395,1.2004974673637967,1.180394,1.1794855122421413
46,83,1.0,1.1552086809251816,1.2970948272687377,1.199541391874867,1.1669071,1.204640918919647
46,84,1.0,1.2009979889429132,1.3440233145615754,1.1997836307964425,1.1971539,1.2359181446175853
46,85,1.0,1.6857301577893467,1.5954472947339864,1.2000920724037833,1.7339035,1.5599262101085438
46,86,1.0,1.1598418887022317,1.1395028847638562,1.2004976897464898,1.165429,1.1657809542347355
46,87,1.0,1.1040377949231768,1.2946903729960582,1.199543084513243,1.1596085,1.1892118366326219
46,88,4.0,1.7369860103277677,1.595832007417615,1.2000880288207505,1.7737604,1.5832142372718627
46,89,3.0,1.6172126408626901,1.594838166318241,1.200098487696658,1.5399392,1.4926949743683937
46,90,2.0,1.6443503518292182,1.594196978512193,1.2001052577588711,1.6076175,1.5167570117934839
46,91,1.0,1.719141263251065,1.5962808388818486,1.2000833193157396,1.6928794,1.5580700714082911
46,92,1.0,1.1895910080043797,1.34421567090339,1.1997835948957494,1.1971539,1.2330801437403456
46,93,2.0,1.6137169675985765,1.5948061069279384,1.2000988257846814,1.5363746,1.4908882534696644
46,94,1.0,1.6444109324114993,1.5953190571727767,1.2000934216764867,1.6254233,1.5216195308412508
46,95,1.0,1.159803002799498,1.2958765704372466,1.1995421779774313,1.1665279,1.205398213470138
46,96,1.0,1.174299326371559,1.1137163324123154,1.1997618715250307,1.1699439,1.1638970660952839
46,97,1.0,1.213109401321297,1.3459468779797192,1.1997833498756614,1.1983749,1.2397828964342466
46,98,2.0,1.6310517293478595,1.6616694607602218,1.199868327096649,1.746073,1.5659150527204146
46,99,1.0,1.7393000651761374,1.5955755322951959,1.2000907238337526,1.7838182,1.5863147542583305
46,100,1.0,1.14180659030177,1.298505440442043,1.1995406650596403,1.3055766,1.2371659953104115
46,101,1.0,1.1654045102409958,1.3462995312730457,1.1997833172575283,1.188075,1.2251585588331513
46,102,2.0,1.6541293114767854,1.5938443252188668,1.200108988747812,1.6307818,1.525083474412114
46,103,1.0,1.6258720744815072,1.59509464144066,1.2000957845886016,1.6960963,1.53499491558072
46,104,1.0,1.1684183016988066,1.2969345303172257,1.1995414869196266,1.1790755,1.2110636483717587
46,105,1.0,1.1331379589247845,1.1411379136692783,1.2004994167418674,1.1294202,1.1502034331866728
46,106,1.0,1.1669269759977592,1.114101045095944,1.199759555467417,1.1717896,1.162601503136525
46,107,2.0,1.1693001314271694,1.1390540532996227,1.2004972485110714,1.1586083,1.1663117182099596
46,108,1.0,1.2021417342072835,1.138829637567506,1.2004970331874638,1.1608044,1.1751289736982637
46,109,1.0,1.7535450941035429,1.5957678886370104,1.2000887023030098,1.6813956,1.5637029776986884
46,110,1.0,1.1642002232080095,1.2975757181232734,1.1995411219901746,1.1723871,1.2084432639082274
46,111,1.0,1.541523562982839,1.5965052546139653,1.2000809678160886,1.4974122,1.463053266536812
46,112,1.0,1.1644433865670578,1.137611380736015,1.2004959257203662,1.1765636,1.169321632027616
46,113,1.0,1.1221648596757026,1.2970627678784352,1.1995414106804765,1.1669071,1.1962706836578498
46,114,1.0,1.169986061948568,1.344728621148228,1.1997835076228134,1.1930181,1.2271880941951343
46,115,1.0,1.1866004454331196,1.1396311223250661,1.2004978184106496,1.1656498,1.1726416279978598
46,116,1.0,1.174838548323692,1.2971589460493425,1.1995413545723521,1.1723871,1.211030003075396
46,117,1.0,1.2125972612341003,1.346331590663348,1.19978331458184,1.188075,1.2371093506280264
46,118,1.0,1.1542682668987958,1.1413943887916973,1.2004997047157833,1.1294202,1.1556156779905606
46,119,1.0,1.686688819206026,1.593716087657657,1.2001103467835208,1.765352,1.567799555882409
46,120,1.0,1.1895405664792986,1.2957162734857348,1.1995422923425585,1.1748031,1.2150051894126754
46,121,1.0,1.7535450941035429,1.5957678886370104,1.2000887023030098,1.6813956,1.5637029776986884
46,122,1.0,1.2078546746986398,1.297864252635995,1.1995409710438099,1.1516759,1.2142524146524258
46,123,3.0,1.6696318985336955,1.6609962135638714,1.1998689104045328,1.700251,1.5637575527834446
46,124,2.0,1.670538944496338,1.594677869366729,1.2001001785789074,1.6463499,1.5334372005434815
46,125,1.0,1.7256824575030876,1.6602588475869164,1.1998695849703547,1.6716883,1.5704308785449532
46,126,3.0,1.173830416734456,1.1144857577795728,1.1997572392231641,1.1880307,1.1686101208613766
46,127,2.0,1.206413066026052,1.1149345892438063,1.1997545367316322,1.2129347,1.1833547630552381
46,128,1.0,1.2309174317897247,1.1134598572898962,1.1997634154468366,1.2185128,1.1906151825667035
46,129,1.0,1.1458775198416213,1.295684214095432,1.1995423155253067,1.1381602,1.1945510825541497
46,130,2.0,1.6434912889310471,1.6600023724644972,1.199869828341699,1.6244261,1.5374468821615679
46,131,1.0,1.6816285979615382,1.594357275463705,1.2001035636019515,1.6980873,1.5494305794538814
46,132,1.0,1.1997534048416136,1.1151269455856208,1.199753378457433,1.2012899,1.1787316977515028
46,133,1.0,1.6966937216130047,1.6601306100257067,1.199869706100577,1.7618678,1.5861877765676282
46,134,1.0,1.320185551914392,1.3445042054161114,1.1997835442861526,1.2311598,1.2749219689191862
46,135,1.0,1.7183516122643658,1.66070767905115,1.1998691699195627,1.6050233,1.5515939080769492
46,136,1.0,1.1889368387185244,1.346010996760324,1.1997833435097096,1.1983749,1.2336819703113775
46,137,1.0,1.6254999373061878,1.5932672561934236,1.2001151054004,1.5544634,1.498123125698828
46,138,2.0,1.1740275123415784,1.1119530659456835,1.1997724838569888,1.169864,1.1633641106982389
46,139,1.0,1.1892105736111047,1.1149025298535038,1.199754729773843,1.2129347,1.1789934033169938
46,140,1.0,1.1989995701899365,1.344472146025809,1.199783549719668,1.2311598,1.2442463224640867
46,141,1.0,1.7961510710281017,1.5934275531449356,1.2001134049086668,1.8000718,1.6043313862879645
46,142,1.0,1.197186030289147,1.1129469070450577,1.1997665030008162,1.20506,1.1785002127977129
46,143,1.0,1.2078546746986398,1.297864252635995,1.1995409710438099,1.1516759,1.2142524146524258
46,144,1.0,1.1956231773433048,1.113363679118989,1.1997639943941143,1.2022048,1.1774774342850347
46,145,2.0,1.174838548323692,1.2971589460493425,1.1995413545723521,1.1723871,1.211030003075396
46,146,1.0,1.1507993378106427,1.2961971643402705,1.1995419568733328,1.1635165,1.2024285999653084
46,147,1.0,1.6486995675776919,1.5949343444891482,1.2000974736995584,1.6406729,1.5265189678856756
46,148,1.0,1.1743545571343774,1.1376434401263178,1.200495953536251,1.1673003,1.1694624657442718
46,149,1.0,1.663512919964638,1.5949984632697527,1.2000967979296713,1.6930268,1.5437091358839163
46,150,1.0,1.1458775198416213,1.295684214095432,1.1995423155253067,1.1381602,1.1945510825541497
46,151,2.0,1.6964860585091739,1.5943893348540072,1.2001032249003727,1.6980873,1.5531984667747167
46,152,1.0,1.6826195659916972,1.5955114135145911,1.2000913980318473,1.7215296,1.5559819615676518
46,153,1.0,1.2106734482107313,1.343702720658552,1.1997836944817406,1.2029234,1.2397650246875276
46,154,2.0,1.6758867066858274,1.5957037698564054,1.200089375977113,1.6813956,1.544034545422907
46,155,1.0,1.7206226509320985,1.5954793541242887,1.200091735200249,1.7215296,1.5655910552141044
46,156,1.0,1.2124632235126784,1.3454659871251833,1.199783403805533,1.2265123,1.2467131315618014
46,157,1.0,1.1343789303691478,1.1379960934196438,1.2004962642504122,1.1472574,1.1542957726059826
46,158,1.0,1.6176861899956732,1.6598741349032875,1.1998699517297846,1.626861,1.53150856479834
46,159,1.0,1.2039575422573687,1.1131072039965697,1.1997655381849326,1.1982279,1.178502170173917
46,160,1.0,1.213839904499222,1.3425485826076653,1.199783963447793,1.2450023,1.2510648561616196
46,161,1.0,1.686688819206026,1.593716087657657,1.2001103467835208,1.765352,1.567799555882409
46,162,2.0,1.1419253729924201,1.343350067365225,1.1997837700759648,1.1943103,1.2200695827029175
46,163,1.0,1.2128253245952079,1.3422921074852465,1.199784031637744,1.271662,1.2575797207070922
46,164,1.0,1.1606287902381691,1.2952995014118036,1.1995426015976778,1.172182,1.2069111679543543
46,165,1.0,1.1989995701899365,1.344472146025809,1.199783549719668,1.2311598,1.2442463224640867
46,166,1.0,1.1866468029788133,1.1147101735116896,1.1997558880074635,1.1872948,1.1717212196908002
46,167,1.0,1.2028752659602961,1.1370343117105717,1.2004954372728946,1.1749771,1.178494288520776
46,168,1.0,1.1711023091270283,1.296485698852992,1.199541766569258,1.1644905,1.207889220423443
46,169,2.0,1.6354951905133106,1.5939084439994715,1.2001083099950105,1.5973891,1.5118208847959822
46,170,1.0,1.6409925853598544,1.5947419881473337,1.2000995020952943,1.5928975,1.5122691116903564
46,171,1.0,1.214719347493553,1.1129148476547555,1.1997666959586304,1.20506,1.1829291572732699
46,172,1.0,1.212144287405352,1.2949147887281747,1.1995429023204347,1.1969984,1.226214293478039
46,173,2.0,1.2142065553326156,1.113043085215965,1.199765924118988,1.2066385,1.1832364330957983
46,174,1.0,1.1657923935000674,1.1115362938717523,1.1997749913912463,1.1906548,1.166506700227661
46,175,2.0,1.1999546573854065,1.134822213779707,1.200493779194625,1.2090888,1.1859424616721914
46,176,1.0,1.192506283811878,1.1372266680523864,1.2004955975103595,1.1687737,1.1743282236246
46,177,1.0,1.6340731500529824,1.5940046221703785,1.2001072921860267,1.6769178,1.5318791155468103
46,178,1.0,1.1624957453742188,1.1136842730220131,1.1997620645210303,1.1740649,1.1619587247837222
46,179,2.0,1.1871681340271636,1.135848114269383,1.2004945059710883,1.192668,1.1787555812763126
46,180,1.0,1.2192451507395037,1.136393123904524,1.2004949217310132,1.2008309,1.1891043518893674
46,181,3.0,1.6172126408626901,1.594838166318241,1.200098487696658,1.5399392,1.4926949743683937
46,182,2.0,1.7191137392183062,1.5959602449788248,1.200086682362197,1.6252414,1.5406379719855043
46,183,1.0,1.7209135139883298,1.5954152353436841,1.2000924096481962,1.7339035,1.5688217383267347
46,184,1.0,1.215818384320786,1.3445683241967163,1.1997835335684472,1.1947109,1.2391800131553816
46,185,1.0,1.69355536065839,1.5944213942443097,1.2001028862418013,1.6932174,1.5512160153693846
46,186,1.0,1.120837830677292,1.133571897557913,1.2004929917272404,1.1305165,1.1454556719835736
46,187,2.0,1.142190933438374,1.2956521547051298,1.199542338797665,1.1381602,1.1936100411251997
46,188,1.0,1.0917055505049802,1.2946583136057557,1.1995431109405124,1.1596085,1.1860829107390454
46,189,1.0,1.1914238667388883,1.134437501096078,1.2004935254168683,1.147496,1.1678916236610708
46,190,1.0,1.2978625507479478,1.109965383746935,1.1997844393286623,1.3137271,1.2310934919599437
46,191,1.0,1.665619112242517,1.5951267008309624,1.200095446892932,1.7356517,1.5552048317635476
46,192,1.0,1.1705817624103654,1.2952033232408966,1.1995426754066847,1.1671798,1.2081228411089526
46,193,2.0,1.734817574003084,1.657790274533632,1.1998721149969749,1.6656135,1.5705607291307524
46,194,1.0,1.6258720744815072,1.59509464144066,1.2000957845886016,1.6960963,1.53499491558072
46,195,1.0,1.428454693136017,1.3414265039470816,1.1997842843007305,1.3642677,1.3356757157459562
46,196,1.0,1.6315084920490137,1.657469680630608,1.1998724742976334,1.6433843,1.5386357591106457
46,197,2.0,1.605306730246788,1.3409135537022434,1.1997844503875281,1.3965317,1.3885740617101572
46,198,1.0,1.320439444144268,1.3427729983397823,1.1997839062909896,1.2598268,1.2818994226703855
46,199,1.0,1.6788462459049018,1.5935237313158428,1.20011238515351,1.6911229,1.5467316951118004
46,200,1.0,1.1429661099471367,1.1320971656040033,1.200492201136524,1.1379697,1.1525933893132947
47,1,1.0,1.159886792947605,1.1157681333916685,1.1997495173134307,1.1576169,1.157605001777095
47,2,1.0,1.625293528647811,1.6598420755129852,1.199869982747588,1.621523,1.5320567350034626
47,3,1.0,1.2763725516779911,1.1125942537517315,1.1997686254447875,1.2220389,1.2028045522465474
47,4,1.0,1.2161524350032373,1.3446003835870186,1.1997835282798759,1.1947109,1.239272660349713
47,5,1.0,1.1490684208386956,1.1139086887541296,1.1997607135214599,1.1672432,1.156867946081218
47,6,1.0,1.1646061177235811,1.2966780551948065,1.1995416442783233,1.1607699,1.205339870204891
47,7,1.0,1.5482818879776317,1.5932993155837258,1.200114765218322,1.5544634,1.4785902244277818
47,8,1.0,1.1901380509559807,1.344055373951878,1.1997836246943803,1.1971539,1.2331780214293706
47,9,2.0,1.5532900395144587,1.5966976109557798,1.2000789539665526,1.4974122,1.46607911135743
47,10,1.0,1.6826195659916972,1.5955114135145911,1.2000913980318473,1.7215296,1.5559819615676518
47,11,1.0,1.1891434572799993,1.2972230648299472,1.1995413176695175,1.1723871,1.2146662453962986
47,12,1.0,1.1808736565511468,1.3441836115130874,1.1997836007566383,1.1971539,1.23086600404746
47,13,1.0,1.5831381660855954,1.5969220266878965,1.2000766064883301,1.4974122,1.4736887636887803
47,14,1.0,1.1008354742124289,1.1170505090037643,1.1997417942758781,1.1576169,1.1429840590633251
47,15,1.0,1.6354951905133106,1.5939084439994715,1.2001083099950105,1.5973891,1.5118208847959822
47,16,1.0,1.1286513464769943,1.139791419276578,1.2004979808611715,1.1656498,1.1580175320964163
47,17,1.0,1.215818384320786,1.3445683241967163,1.1997835335684472,1.1947109,1.2391800131553816
47,18,1.0,1.6966937216130047,1.6601306100257067,1.199869706100577,1.7618678,1.5861877765676282
47,19,1.0,1.1366323136667518,1.1406890822050448,1.2004989239405919,1.1529022,1.1569956702243491
47,20,1.0,1.1796985891714218,1.3450812744415543,1.1997834547846078,1.186647,1.2281014303760514
47,21,1.0,1.6187718220719076,1.5963770170527558,1.2000823112672532,1.6928794,1.532694506189117
47,22,2.0,1.2309174317897247,1.1134598572898962,1.1997634154468366,1.2185128,1.1906151825667035
47,23,1.0,1.2164163508012913,1.116281083636507,1.1997464281968735,1.1576169,1.1720395443387113
47,24,1.0,1.1705757143834146,1.3462033531021382,1.1997833255720511,1.188075,1.226442855682677
47,25,1.0,1.1985909287171637,1.1148063516825966,1.1997553088936355,1.1872948,1.1747680223776251
47,26,1.0,1.1146378917545126,1.297447480562064,1.1995411917189822,1.1723871,1.1958684988782293
47,27,2.0,1.6443503518292182,1.594196978512193,1.2001052577588711,1.6076175,1.5167570117934839
47,28,1.0,1.6340731500529824,1.5940046221703785,1.2001072921860267,1.6769178,1.5318791155468103
47,29,1.0,1.1990568905764365,1.1392784690317395,1.2004974673637967,1.180394,1.1794855122421413
47,30,1.0,1.174838548323692,1.2971589460493425,1.1995413545723521,1.1723871,1.211030003075396
47,31,1.0,1.7155569500766967,1.6612526886862906,1.199868684525253,1.6894388,1.5726716471323807
47,32,1.0,1.1878521982284882,1.112241600458405,1.1997707476672168,1.2217907,1.1802510411453107
47,33,1.0,1.625293528647811,1.6598420755129852,1.199869982747588,1.621523,1.5320567350034626
47,34,1.0,1.1848519354802596,1.1388616969578083,1.200497063729626,1.1936113,1.1791745752834697
47,35,1.0,1.1164019112625763,1.296133045559666,1.1995420002779371,1.1635165,1.1937077118346147
47,36,2.0,1.533099201092196,1.5967617297363845,1.2000782830327277,1.4974122,1.4609856494668247
47,37,1.0,1.6243094111443932,1.5953831759533816,1.2000927469480713,1.6308172,1.5179318561905235
47,38,1.0,1.2231842482625188,1.3455301059057883,1.199783395983039,1.2265123,1.249442436833785
47,39,1.0,1.143955204906209,1.1385411030547845,1.2004967615184707,1.1538677,1.1585522968990523
47,40,1.0,1.1357683379118082,1.3436386018779467,1.1997837077952218,1.185923,1.2164336711775265
47,41,1.0,1.6959361548474345,1.6609000353929642,1.1998689962798894,1.700251,1.57038983488822
47,42,1.0,1.1410355504212701,1.2959727486081538,1.1995421105774098,1.1635165,1.1999010044537775
47,43,1.0,1.1803256326965283,1.1155116582692495,1.1997510618140124,1.1784981,1.168067455177022
47,44,3.0,1.218559435271805,1.3458186404185095,1.1997833631913337,1.2058796,1.243054097787076
47,45,2.0,1.1848376041964195,1.3440874333421804,1.19978361863603,1.1971539,1.23184479274484
47,46,1.0,1.1537194300630726,1.3454339277348808,1.1997834077867173,1.1771342,1.2191768919076953
47,47,1.0,1.1968444972253993,1.1128507288741505,1.1997670818731552,1.20506,1.1783895822812505
47,48,1.0,1.6507180106794368,1.5942931566831,1.2001042411327758,1.6080896,1.5185135772471925
47,49,2.0,1.114901194858356,1.1386372812256915,1.2004968514288386,1.1538677,1.1512241990833665
47,50,1.0,1.1984736009431045,1.1392143502511347,1.200497404476826,1.180394,1.1793216630140149
47,51,1.0,1.6521635279431757,1.6607717978317547,1.199869111760336,1.6017718,1.5340266394757156
47,52,1.0,1.1796819736231487,1.1369381335396649,1.2004953581164126,1.202808,1.1797374474710587
47,53,3.0,1.1293844114949378,1.6630480145432247,1.1998672297313642,1.5293059,1.38372397525669
47,54,2.0,1.6137169675985765,1.5948061069279384,1.2000988257846814,1.5363746,1.4908882534696644
47,55,1.0,1.6717357395631567,1.5947099287570312,1.2000998403078065,1.6893388,1.5447720051181546
47,56,1.0,1.167345478598189,1.2963574612917825,1.1995418501286734,1.1644905,1.2069060781940681
47,57,1.0,1.1989995701899365,1.344472146025809,1.199783549719668,1.2311598,1.2442463224640867
47,58,1.0,1.174281945932918,1.295588035924525,1.1995423856716452,1.1946213,1.2161934872003668
47,59,1.0,1.1539335581686385,1.3452736307833688,1.1997834284230389,1.1714095,1.21772248681432
47,60,3.0,1.6171929263427216,1.6623106485662695,1.1998678004867076,1.70775,1.5527426498383912
47,61,2.0,1.796719160731568,1.5957999480273126,1.2000883655371901,1.7737604,1.5983223788694096
47,62,1.0,1.5936587076355488,1.596954086078199,1.2000762713089854,1.440125,1.4616686252224986
47,63,1.0,1.1667445849663711,1.138765518786901,1.200496972313483,1.1608044,1.1661550692488591
47,64,2.0,1.665619112242517,1.5951267008309624,1.200095446892932,1.7356517,1.5552048317635476
47,65,1.0,1.6856252350877035,1.5946137505861242,1.2001008552180112,1.6990657,1.5507571122862573
47,66,1.0,1.1711023091270283,1.296485698852992,1.199541766569258,1.1644905,1.207889220423443
47,67,2.0,1.6497814421376986,1.5950305226600552,1.2000964601105981,1.5927073,1.5145167433831432
47,68,1.0,1.7009979723964577,1.594453453634612,1.2001025476161822,1.7277116,1.5619530261078838
47,69,3.0,1.1782512372653924,1.1139728075347344,1.199760327509613,1.1769835,1.1667668672199403
47,70,2.0,1.2076652511924875,1.1127545507032435,1.19976766072181,1.20506,1.1811036994769153
47,71,1.0,1.16421112055573,1.1156078364401565,1.1997504826342447,1.1784981,1.1640136902769234
47,72,1.0,1.6299943336484668,1.660066491245102,1.199869767077651,1.5986786,1.52744491559163
47,73,1.0,1.1537194300630726,1.3454339277348808,1.1997834077867173,1.1771342,1.2191768919076953
47,74,2.0,1.6857301577893467,1.5954472947339864,1.2000920724037833,1.7339035,1.5599262101085438
47,75,1.0,1.6826195659916972,1.5955114135145911,1.2000913980318473,1.7215296,1.5559819615676518
47,76,1.0,1.1690570154390187,1.1155757770498542,1.1997506756951617,1.1784981,1.1652319336772032
47,77,1.0,1.5592373332112717,1.6594573628293565,1.199870360511831,1.5205693,1.4893550282750523
47,78,1.0,1.162157091064761,1.1124339568002195,1.1997695901184449,1.1786145,1.1627250755420853
47,79,2.0,1.6758867066858274,1.5957037698564054,1.200089375977113,1.6813956,1.544034545422907
47,80,1.0,1.7009979723964577,1.594453453634612,1.2001025476161822,1.7277116,1.5619530261078838
47,81,1.0,1.1721453335881773,1.295908629827549,1.1995421554136423,1.1665279,1.2085296927554716
47,82,3.0,1.6243094111443932,1.5953831759533816,1.2000927469480713,1.6308172,1.5179318561905235
47,83,2.0,1.6587572756459392,1.5953511165630792,1.2000930842919344,1.6308172,1.5266412596276153
47,84,1.0,1.7160649934189822,1.593555790706145,1.2001120453096752,1.6911229,1.5561583682282825
47,85,1.0,1.2002529265942214,1.1399517162280897,1.2004981451123586,1.2040194,1.1860171121286631
47,86,2.0,1.252487402617373,1.2989542719062765,1.1995404750601912,1.3055766,1.2652886106134875
47,87,1.0,1.1642002232080095,1.2975757181232734,1.1995411219901746,1.1723871,1.2084432639082274
47,88,2.0,1.6195186385897566,1.658687937462099,1.1998711465526137,1.5996827,1.5247028784266123
47,89,1.0,1.6455296306926848,1.6590085313651228,1.199870814095885,1.6465442,1.5433832981565572
47,90,1.0,1.2186732119612782,1.2947865511669652,1.199543005817006,1.1969984,1.2278340870056306
47,91,2.0,1.173830416734456,1.1144857577795728,1.1997572392231641,1.1880307,1.1686101208613766
47,92,1.0,1.179550245618828,1.1138766293638274,1.1997609065240746,1.1672432,1.164573662354571
47,93,1.0,1.2271144826037312,1.138188449761458,1.2004964373860376,1.1898162,1.188725892105435
47,94,1.0,1.6964860585091739,1.5943893348540072,1.2001032249003727,1.6980873,1.5531984667747167
47,95,1.0,1.1683594761529157,1.138509043664482,1.2004967316961555,1.1721265,1.1694021770936316
47,96,1.0,1.197259424686416,1.113523976070501,1.1997630294787969,1.206647,1.1790709759589721
47,97,2.0,1.6612436734990461,1.6603550257578235,1.1998694948635065,1.6706413,1.5538797165888822
47,98,1.0,1.7790715325271058,1.5933634343643308,1.2001140849812464,1.7478876,1.586611245713172
47,99,1.0,1.1936078998227584,1.295427738973013,1.1995425046113317,1.1824814,1.2179304890361031
47,100,1.0,1.6865421200232538,1.5933313749740283,1.2001144250761036,1.7478876,1.5631875598339626
47,101,1.0,1.207773957786137,1.3459148185894168,1.19978335313242,1.2058796,1.2403490427727888
47,102,1.0,1.1628723021328173,1.1136522136317102,1.1997622575157523,1.1740649,1.162045949710087
47,103,1.0,1.213109401321297,1.3459468779797192,1.1997833498756614,1.1983749,1.2397828964342466
47,104,1.0,1.1433301179676372,1.1391181720802275,1.2004973106825902,1.1586083,1.159755942329062
47,105,1.0,1.222407508464582,1.2985695592226478,1.1995406367062211,1.3055766,1.257579222745918
47,106,1.0,1.2040157623218888,1.3457865810282073,1.1997833666400182,1.2058796,1.2393655384973434
47,107,2.0,1.7043160460094233,1.5934596125352378,1.2001130649490561,1.8000718,1.5810994878474844
47,108,1.0,1.6587572756459392,1.5953511165630792,1.2000930842919344,1.6308172,1.5266412596276153
47,109,1.0,1.1791698268314412,1.3464918876148602,1.1997833019409005,1.188075,1.228690708119109
47,110,1.0,1.1678564916796892,1.1142613420474559,1.199758590387938,1.1573049,1.1591626514120168
47,111,1.0,1.6486545116020246,1.5940687409509835,1.2001066138685064,1.6231738,1.5218032897705092
47,112,1.0,1.214835327556555,1.343798898829459,1.199783674871381,1.2073308,1.2419727947265295
47,113,1.0,1.1164019112625763,1.296133045559666,1.1995420002779371,1.1635165,1.1937077118346147
47,114,2.0,1.6258720744815072,1.59509464144066,1.2000957845886016,1.6960963,1.53499491558072
47,115,1.0,1.632374397648582,1.6616374013699193,1.1998683541661175,1.746073,1.5662416628773244
47,116,1.0,1.184831186772446,1.3449209774900426,1.1997834780786383,1.186647,1.2293597349341518
47,117,3.0,1.6409925853598544,1.5947419881473337,1.2000995020952943,1.5928975,1.5122691116903564
47,118,2.0,1.6620954019773404,1.6590405907554253,1.199870781247489,1.6465442,1.5475835661776567
47,119,1.0,1.7009979723964577,1.594453453634612,1.2001025476161822,1.7277116,1.5619530261078838
47,120,1.0,1.1557043778877547,1.296966589707528,1.1995414677103222,1.1790755,1.2078543492028389
47,121,1.0,1.2338870688994323,1.1134919166801984,1.1997632224639523,1.206647,1.1883319639541972
47,122,1.0,1.7351881609925968,1.6601947288063115,1.199869645381723,1.7618678,1.595945457760902
47,123,1.0,1.1989995701899365,1.344472146025809,1.199783549719668,1.2311598,1.2442463224640867
47,124,2.0,1.1221648596757026,1.2970627678784352,1.1995414106804765,1.1669071,1.1962706836578498
47,125,1.0,1.174838548323692,1.2971589460493425,1.1995413545723521,1.1723871,1.211030003075396
47,126,1.0,1.1539335581686385,1.3452736307833688,1.1997834284230389,1.1714095,1.21772248681432
47,127,1.0,1.1624957453742188,1.1136842730220131,1.1997620645210303,1.1740649,1.1619587247837222
47,128,2.0,1.6289211628686715,1.6589764719748206,1.1998708470290895,1.6244049,1.5334949126827515
47,129,1.0,1.6354951905133106,1.5939084439994715,1.2001083099950105,1.5973891,1.5118208847959822
47,130,1.0,1.1827092355738207,1.3443759678549019,1.1997835662974599,1.2004491,1.232224203755357
47,131,1.0,1.6507180106794368,1.5942931566831,1.2001042411327758,1.6080896,1.5185135772471925
47,132,2.0,1.1666196082226283,1.296710114585109,1.1995416242552308,1.1607699,1.2058575158537361
47,133,1.0,1.5605476110351093,1.299082509467486,1.199540424435549,1.3055766,1.3432793013058826
47,134,2.0,1.7183516122643658,1.66070767905115,1.1998691699195627,1.6050233,1.5515939080769492
47,135,1.0,1.6497814421376986,1.5950305226600552,1.2000964601105981,1.5927073,1.5145167433831432
47,136,1.0,1.1895405664792986,1.2957162734857348,1.1995422923425585,1.1748031,1.2150051894126754
47,137,1.0,1.17801604130577,1.1384128654935748,1.2004966426464292,1.1721265,1.1718215240623846
47,138,1.0,1.1830027542386146,1.3448247993191353,1.199783492632039,1.186647,1.2288726930664147
47,139,1.0,1.6231809632092604,1.6606756196608474,1.1998691991102322,1.6050233,1.5275017524733903
47,140,1.0,1.2176880777759496,1.1123698380196148,1.199769975972486,1.1833042,1.177964322084303
47,141,1.0,1.139705767220804,1.296068926779061,1.1995420440915832,1.1635165,1.1995888104387902
47,142,1.0,1.199533250460041,1.1131392633868722,1.1997653452171357,1.1982279,1.1773906184039795
47,143,2.0,1.6161003377410201,1.658848234413611,1.1998709794446916,1.611882,1.5270067124119815
47,144,1.0,1.6531502643013911,1.659329125268147,1.1998704887032636,1.6188318,1.5382863885235167
47,145,1.0,1.1477638417781029,1.1378357964681318,1.2004961219407138,1.1383672,1.155362594433757
47,146,1.0,1.1707888739857695,1.2959406892178515,1.199542132942508,1.1635165,1.207422324429588
47,147,1.0,1.6497808648037355,1.5942610972927977,1.200104579958601,1.6080896,1.5182683889324473
47,148,1.0,1.142879503758128,1.296229223730573,1.1995419353229304,1.1635165,1.200432500910479
47,149,1.0,1.1860340430832692,1.1126583725323362,1.19976823956202,1.20506,1.1756054668574634
47,150,1.0,1.6245705964842807,1.660547382099638,1.199869316552727,1.6255159,1.5330760348529453
47,151,2.0,1.189290764715959,1.3438630176100634,1.1997836620409938,1.2073308,1.2355246663087316
47,152,1.0,1.245156801620288,1.3445362648064139,1.199783538904915,1.2311598,1.2559431749546086
47,153,1.0,1.1995688774783066,1.1373869650038984,1.2004957330112556,1.183132,1.1798381103527338
47,154,1.0,1.164867643575325,1.1141972232668511,1.1997589764212349,1.1573049,1.158390153976526
47,155,2.0,1.6021928508630128,1.659489422219659,1.1998703286509278,1.5186424,1.499739379213533
47,156,1.0,1.670538944496338,1.594677869366729,1.2001001785789074,1.6463499,1.5334372005434815
47,157,1.0,1.17801604130577,1.1384128654935748,1.2004966426464292,1.1721265,1.1718215240623846
47,158,1.0,1.2055861248376774,1.1149666486341085,1.1997543436873148,1.2129347,1.1831535630520764
47,159,1.0,1.162000480518633,1.1372907868329913,1.2004956514958267,1.1687737,1.1666246109570535
47,160,1.0,1.6989181501538004,1.5945496318055195,1.2001015320627781,1.6955403,1.5532009514836351
47,161,1.0,1.1335713020189757,1.2980245495875071,1.1995408907290754,1.1516759,1.1954946814672842
47,162,3.0,1.5970282593915344,1.593235196803121,1.20011544562649,1.5964175,1.5016685502533036
47,163,2.0,1.661907239367197,1.5937802064382618,1.200109667673502,1.6767758,1.5388302428359375
47,164,1.0,1.6176861899956732,1.6598741349032875,1.1998699517297846,1.626861,1.53150856479834
47,165,1.0,1.1619156421861037,1.2964215800723875,1.199541808149663,1.1644905,1.205548210415529
47,166,2.0,1.663512919964638,1.5949984632697527,1.2000967979296713,1.6930268,1.5437091358839163
47,167,1.0,1.6813250287631123,1.6604191445384282,1.1998694351392898,1.5995178,1.540739146944576
47,168,1.0,1.2309174317897247,1.1134598572898962,1.1997634154468366,1.2185128,1.1906151825667035
47,169,1.0,1.6444319011895216,1.6597779567323805,1.199870044997246,1.6256385,1.5379390733667986
47,170,1.0,1.1984736009431045,1.1392143502511347,1.200497404476826,1.180394,1.1793216630140149
47,171,1.0,1.1615998727861083,1.297511599342669,1.1995411566567962,1.1723871,1.2077689969414074
47,172,2.0,1.6696318985336955,1.6609962135638714,1.1998689104045328,1.700251,1.5637575527834446
47,173,1.0,1.6509752289858435,1.5964411358333606,1.2000816394528748,1.6928794,1.5408600226955065
47,174,1.0,1.197186030289147,1.1129469070450577,1.1997665030008162,1.20506,1.1785002127977129
47,175,1.0,1.1896951901087605,1.1368098959784554,1.2004952535813258,1.197013,1.1807528993617242
47,176,1.0,1.2039575422573687,1.1131072039965697,1.1997655381849326,1.1982279,1.178502170173917
47,177,1.0,1.6383099851293503,1.5939725627800763,1.200107631407657,1.6147628,1.5170045050702918
47,178,1.0,1.1489715766063044,1.1386052218353893,1.2004968213861404,1.1538677,1.1598379888475638
47,179,1.0,1.163068009088641,1.1121133628971955,1.1997715193271412,1.1510646,1.15581016232932
47,180,1.0,1.1723123013132706,1.296549817633597,1.1995417253966993,1.1644905,1.2082116393787046
47,181,1.0,1.6397699366547118,1.6613168074668954,1.1998686287637048,1.6894388,1.5535090668279898
47,182,1.0,1.177453268160197,1.3454018683445783,1.199783411816775,1.1771342,1.2251749060964512
47,183,1.0,1.162513493553428,1.295748332876037,1.1995422692668607,1.1748031,1.2081737789836138
47,184,1.0,1.2470615137392551,1.136553420856036,1.2004950479389969,1.2008309,1.1961842039509119
47,185,1.0,1.2490322393233169,1.296870411536621,1.1995415256518334,1.176445,1.2307731886790805
47,186,1.0,1.1858014706042777,1.1366816584172454,1.2004951501859578,1.2008309,1.1807141074728245
47,187,1.0,1.2548861361273262,1.342933295291294,1.1997838668978467,1.2583008,1.264959640015167
47,188,1.0,1.5592373332112717,1.6594573628293565,1.199870360511831,1.5205693,1.4893550282750523
47,189,1.0,1.1056507087927148,1.2944018384833367,1.199543326090032,1.1768159,1.193959635187396
47,190,2.0,1.1861603325269658,1.1124980755808243,1.1997692042556876,1.1786145,1.1688155118520642
47,191,1.0,1.1582552313045216,1.1138125105832224,1.1997612925286305,1.1699439,1.1598611211055532
47,192,2.0,1.2022673449826848,1.2953956795827108,1.1995425287070083,1.172182,1.2174726145503878
47,193,1.0,1.159803002799498,1.2958765704372466,1.1995421779774313,1.1665279,1.205398213470138
47,194,1.0,1.1720538535752225,1.3456904028573,1.1997833772818158,1.1772541,1.2239122857169076
47,195,1.0,1.658784951436223,1.5957358292467079,1.2000890391085657,1.6813956,1.5397147785939485
47,196,1.0,1.3432338368067809,1.3411379694343601,1.1997843762321396,1.3228239,1.303408895828644
47,197,1.0,1.2004788305196719,1.1374190243942006,1.200495760325255,1.183132,1.180076504138128
47,198,1.0,1.6383099851293503,1.5939725627800763,1.200107631407657,1.6147628,1.5170045050702918
47,199,1.0,1.0836177792413364,1.1159925491237852,1.199748165849652,1.1576169,1.1383607030169305
47,200,1.0,1.1984702374716278,1.2950430262893844,1.1995428004616004,1.2127473,1.226824944631237
47,201,2.0,1.1690728709977911,1.1377075589069223,1.2004960093860482,1.1673003,1.1681421123599618
47,202,1.0,1.1523643566919295,1.1384769842741798,1.2004967019387875,1.1721265,1.1653463043477106
47,203,1.0,1.6395640463323826,1.5951908196115672,1.2000947716535608,1.6261276,1.5205414400362374
47,204,1.0,1.1867472658588345,1.3448568587094376,1.199783487732082,1.186647,1.2298283975136015
47,205,1.0,1.1472084083718033,1.2953636201924084,1.1995425529004893,1.172182,1.2035311972878553
47,206,1.0,1.2472487134802384,1.3434462455361322,1.1997837488845537,1.2156147,1.2522104366486433
47,207,1.0,1.6856252350877035,1.5946137505861242,1.2001008552180112,1.6990657,1.5507571122862573
47,208,1.0,1.1532928939463942,1.2980886683681119,1.1995408593207773,1.1516759,1.2005016802810786
47,209,1.0,1.4276834714526252,1.3418432760210126,1.1997841583133668,1.3604281,1.334601379071405
47,210,1.0,1.6397699366547118,1.6613168074668954,1.1998686287637048,1.6894388,1.5535090668279898
47,211,1.0,1.1895405664792986,1.2957162734857348,1.1995422923425585,1.1748031,1.2150051894126754
47,212,2.0,1.6541293114767854,1.5938443252188668,1.200108988747812,1.6307818,1.525083474412114
47,213,1.0,1.63798547655001,1.659970313074195,1.199869859089585,1.6244261,1.5360454660261045
47,214,1.0,1.1858014706042777,1.1366816584172454,1.2004951501859578,1.2008309,1.1807141074728245
47,215,1.0,1.142879503758128,1.296229223730573,1.1995419353229304,1.1635165,1.200432500910479
47,216,1.0,1.663512919964638,1.5949984632697527,1.2000967979296713,1.6930268,1.5437091358839163
47,217,1.0,1.1843606077297626,1.1337642538997275,1.200493105866061,1.1305165,1.161579561259653
47,218,3.0,1.6507180106794368,1.5942931566831,1.2001042411327758,1.6080896,1.5185135772471925
47,219,2.0,1.7393000651761374,1.5955755322951959,1.2000907238337526,1.7838182,1.5863147542583305
47,220,1.0,1.6515503333084272,1.65990619429359,1.1998699207748802,1.626861,1.5400863892996361
47,221,1.0,1.1601855357792195,1.2967742333657137,1.1995415845012174,1.1750033,1.2078954351166444
47,222,1.0,1.6935923584937675,1.6595535410002638,1.1998702651186604,1.6826407,1.5649403486756945
47,223,1.0,1.2163226168976773,1.296293342511178,1.199541892524547,1.1644905,1.2192841018228981
47,224,1.0,1.2842502239867057,1.134693976218497,1.2004936934665673,1.2092868,1.2072927547549175
47,225,1.0,1.6021928508630128,1.659489422219659,1.1998703286509278,1.5186424,1.499739379213533
47,226,1.0,1.2264499550613925,1.111600412652357,1.1997746056376812,1.1906548,1.1818729423872005
47,227,1.0,1.560434986574667,1.6595214816099613,1.1998702968533552,1.5186424,1.4891801670998206
47,228,1.0,1.177972410067358,1.1354313421954523,1.200494201930447,1.1898227,1.175593333708203
47,229,1.0,1.6686669780596843,1.5936840282673546,1.200110686401031,1.5600686,1.5105888377306733
47,230,1.0,1.4108997234782774,1.3406570785798237,1.199784537987985,1.3965317,1.3393122041260201
47,231,1.0,1.533099201092196,1.5967617297363845,1.2000782830327277,1.4974122,1.4609856494668247
47,232,1.0,1.2028469718447954,1.1360084112208952,1.2004946261116705,1.2081482,1.1867335878656426
47,233,2.0,1.6632444214747806,1.5927863653388876,1.2001202133955327,1.6661373,1.5361915286986396
47,234,1.0,1.6950189614820657,1.5943252160734025,1.200103902334295,1.7501124,1.5661522345205843
47,235,1.0,1.1481368016772706,1.1119851253359858,1.199772290952118,1.169864,1.1568202297498364
47,236,1.0,1.2863046187191762,1.3430935922428062,1.1997838287000102,1.2541498,1.2718865323211366
47,237,1.0,1.5592373332112717,1.6594573628293565,1.199870360511831,1.5205693,1.4893550282750523
47,238,3.0,1.1574575537063707,1.134373382315473,1.2004934841127606,1.147496,1.1592798137511262
47,239,2.0,1.201891584296492,1.1345977980475899,1.2004936299140914,1.2092868,1.1864265804336886
47,240,1.0,1.0857126876794703,1.13379631329003,1.2004931251363862,1.1305165,1.13662366508084
47,241,1.0,1.1646061177235811,1.2966780551948065,1.1995416442783233,1.1607699,1.205339870204891
47,242,1.0,1.658784951436223,1.5957358292467079,1.2000890391085657,1.6813956,1.5397147785939485
47,243,3.0,1.1861603325269658,1.1124980755808243,1.1997692042556876,1.1786145,1.1688155118520642
47,244,2.0,1.3553119396361728,1.3408494349216384,1.1997844720055424,1.3965317,1.3252937254888386
47,245,1.0,1.2604067732403166,1.1094203741117943,1.1997877157151728,1.3137271,1.221477724798016
69,1,3.0,1.7475472607757327,1.6601626694160092,1.1998696757053013,1.7618678,1.5990649671848318
69,2,2.0,1.6486545116020246,1.5940687409509835,1.2001066138685064,1.6231738,1.5218032897705092
69,3,1.0,1.663181506159617,1.5949664038794504,1.2000971357858055,1.6930268,1.543617234947416
69,4,1.0,1.1627600006002314,1.2960368673887586,1.1995420661528373,1.1635165,1.2054148469602053
69,5,3.0,1.1345067460362022,1.3442477302936924,1.1997835890772024,1.1937002,1.2182628710660128
69,6,2.0,1.1635279632794917,1.3444080272452041,1.1997835607214462,1.2004491,1.2273782693983113
69,7,1.0,1.1759223861895964,1.3447606805385304,1.1997835025814474,1.186647,1.2270646991991176
69,8,2.0,1.7256665821952242,1.5937481470479595,1.2001100072021729,1.765352,1.5776713685684784
69,9,1.0,1.6258764365241105,1.5939405033897738,1.200107970672896,1.5973891,1.5093947786631672
69,10,2.0,1.2228114152873832,1.344311849074297,1.1997835775924242,1.1937002,1.2406256271199103
69,11,1.0,1.1827092355738207,1.3443759678549019,1.1997835662974599,1.2004491,1.232224203755357
69,12,1.0,1.8067209044870387,1.5924978308261661,1.2001232828927588,1.6075764,1.557410526108058
69,13,1.0,1.2124632235126784,1.3454659871251833,1.199783403805533,1.2265123,1.2467131315618014
69,14,1.0,1.6247594589561314,1.6588161750233086,1.1998710127202872,1.611882,1.5291898995425575
69,15,1.0,1.1621086323408223,1.1393746472026465,1.2004975622416678,1.180394,1.1701596834664505
69,16,1.0,1.560434986574667,1.6595214816099613,1.1998702968533552,1.5186424,1.4891801670998206
69,17,1.0,1.142879503758128,1.296229223730573,1.1995419353229304,1.1635165,1.200432500910479
69,18,1.0,1.66610719329884,1.593074899851609,1.2001171474311862,1.6457299,1.531755077357527
69,19,1.0,1.199533250460041,1.1131392633868722,1.1997653452171357,1.1982279,1.1773906184039795
69,20,2.0,1.6640730079202413,1.660290906977219,1.19986955485377,1.6706413,1.5545795010994667
69,21,1.0,1.6122336189381579,1.6605153227093354,1.1998693460953958,1.6255159,1.529945911925528
69,22,2.0,1.1835704463150278,1.114678114121387,1.1997560810396288,1.1817158,1.1695039838798582
69,23,1.0,1.1918420443347708,1.1132675009480817,1.1997645733299789,1.2022048,1.176496372655414
69,24,1.0,1.2468047892303447,1.3454980465154858,1.1997833998698069,1.2265123,1.2554117798204565
69,25,2.0,1.5663500028681685,1.5968258485169893,1.200077612289154,1.4974122,1.469416221788029
69,26,1.0,1.69355536065839,1.5944213942443097,1.2001028862418013,1.6932174,1.5512160153693846
69,27,1.0,1.1820316222874074,1.114357520218363,1.199758011323549,1.1738906,1.167027214907564
69,28,2.0,1.1615998727861083,1.297511599342669,1.1995411566567962,1.1723871,1.2077689969414074
69,29,1.0,1.1874919846307304,1.29485066994757,1.1995429538691413,1.1969984,1.2199595252067579
69,30,2.0,1.6857301577893467,1.5954472947339864,1.2000920724037833,1.7339035,1.5599262101085438
69,31,1.0,1.6243904726608946,1.6583673435590751,1.19987148607245,1.5660717,1.5172356635230124
69,32,2.0,1.189290764715959,1.3438630176100634,1.1997836620409938,1.2073308,1.2355246663087316
69,33,1.0,1.1900136759493962,1.3448889180997403,1.1997834828791212,1.186647,1.230663112769553
69,34,4.0,1.7043160460094233,1.5934596125352378,1.2001130649490561,1.8000718,1.5810994878474844
69,35,3.0,1.7183516122643658,1.66070767905115,1.1998691699195627,1.6050233,1.5515939080769492
69,36,2.0,1.6299943336484668,1.660066491245102,1.199869767077651,1.5986786,1.52744491559163
69,37,1.0,1.616689144245094,1.5952549383921721,1.2000940965759448,1.5530947,1.4960404871293835
69,38,1.0,1.4975004327648356,1.298761915564462,1.1995405540556219,1.3055766,1.3272433737411753
69,39,2.0,1.7043160460094233,1.5934596125352378,1.2001130649490561,1.8000718,1.5810994878474844
69,40,1.0,1.661907239367197,1.5937802064382618,1.200109667673502,1.6767758,1.5388302428359375
69,41,1.0,1.1796819736231487,1.1369381335396649,1.2004953581164126,1.202808,1.1797374474710587
69,42,1.0,1.591410063303633,1.6605794414899402,1.1998692870996595,1.6255159,1.524692478818669
69,43,1.0,1.1878571568483505,1.3457545216379048,1.199783370141789,1.1772541,1.227927721369589
69,44,1.0,1.1619156421861037,1.2964215800723875,1.199541808149663,1.1644905,1.205548210415529
69,45,1.0,1.2029668361747774,1.1125301349711267,1.1997690113160722,1.1786145,1.1730766620103885
69,46,1.0,1.6254999373061878,1.5932672561934236,1.2001151054004,1.5544634,1.498123125698828
69,47,2.0,1.1813573295378976,1.1369701929299671,1.2004953844307473,1.202808,1.1801695351978725
69,48,1.0,1.1937846733787318,1.1367778365881525,1.2004952276261556,1.197013,1.1817796719237719
69,49,1.0,1.1723123013132706,1.296549817633597,1.1995417253966993,1.1644905,1.2082116393787046
69,50,3.0,1.663512919964638,1.5949984632697527,1.2000967979296713,1.6930268,1.5437091358839163
69,51,2.0,1.6497808648037355,1.5942610972927977,1.200104579958601,1.6080896,1.5182683889324473
69,52,1.0,1.591410063303633,1.6605794414899402,1.1998692870996595,1.6255159,1.524692478818669
69,53,1.0,1.2142065553326156,1.113043085215965,1.199765924118988,1.2066385,1.1832364330957983
69,54,1.0,1.1641984339211935,1.2957803922663396,1.1995422462877274,1.1717614,1.2078282642806073
69,55,1.0,1.1990410685541526,1.1117286502135668,1.1997738341086597,1.1738204,1.1706521448499752
69,56,1.0,1.19224651677626,1.297191005439645,1.1995413360668723,1.1723871,1.2154434023782454
69,57,1.0,1.2210883983335896,1.1366175396366407,1.2004950989192769,1.2008309,1.1896276404288904
69,58,1.0,1.174346032473109,1.295844511046944,1.1995422006426717,1.1717614,1.2104124483436847
69,59,1.0,1.1489390791714555,1.1118889471650788,1.1997728696530954,1.1643181,1.1555768572498284
69,60,1.0,1.1845445841293307,1.3449850962706473,1.1997834686149365,1.186647,1.2293034305349246
69,61,3.0,1.670538944496338,1.594677869366729,1.2001001785789074,1.6463499,1.5334372005434815
69,62,2.0,1.7622703789021237,1.593395493754633,1.2001137449238828,1.8000718,1.595749447298767
69,63,1.0,1.6383099851293503,1.5939725627800763,1.200107631407657,1.6147628,1.5170045050702918
69,64,1.0,1.216841324116972,1.3443439084645994,1.1997835719189023,1.2004491,1.2408536176162994
69,65,1.0,1.1820316222874074,1.114357520218363,1.199758011323549,1.1738906,1.167027214907564
69,66,2.0,1.6758867066858274,1.5957037698564054,1.200089375977113,1.6813956,1.544034545422907
69,67,1.0,1.6999185129366248,1.5944855130249145,1.2001022090586855,1.7141206,1.5582026860528884
69,68,1.0,1.1669269759977592,1.114101045095944,1.199759555467417,1.1717896,1.162601503136525
69,69,1.0,1.249615899806289,1.13687401475906,1.2004953057067556,1.202808,1.1974188096819791
69,70,1.0,1.1504888857191586,1.3452095120027643,1.1997834370169735,1.1812984,1.2193704276719217
69,71,2.0,1.1989717295491955,1.1126263131420338,1.199768432504144,1.2220389,1.1832254331347414
69,72,1.0,1.197259424686416,1.113523976070501,1.1997630294787969,1.206647,1.1790709759589721
69,73,1.0,1.139705767220804,1.296068926779061,1.1995420440915832,1.1635165,1.1995888104387902
69,74,1.0,1.2218801318147556,1.3435424237070395,1.1997837281224488,1.185923,1.2382009369209799
69,75,1.0,1.1938329492508313,1.1128186694838482,1.1997672748237889,1.20506,1.1776194075364792
69,76,1.0,1.2102585268013228,1.1370022523202699,1.2004954108176114,1.202808,1.1874914415786324
69,77,1.0,1.1952539399627697,1.3442797896839946,1.1997835833102033,1.1937002,1.233643772966708
69,78,1.0,1.2234315868575059,1.1125621943614292,1.199768818382185,1.2220389,1.189399152665719
69,79,1.0,1.162033494524414,1.2956200953148276,1.1995423621833885,1.1381602,1.1986233265996742
69,80,2.0,1.6975778933737933,1.659649719171171,1.1998701703641468,1.7684348,1.58797395179716
69,81,1.0,1.6865421200232538,1.5933313749740283,1.2001144250761036,1.7478876,1.5631875598339626
69,82,3.0,1.1691137129831615,1.2976398369038784,1.1995410877373038,1.1723871,1.209702898030316
69,83,2.0,1.1895405664792986,1.2957162734857348,1.1995422923425585,1.1748031,1.2150051894126754
69,84,1.0,1.1495005141020245,1.2953315608021059,1.1995425771963844,1.172182,1.2041031343036683
69,85,2.0,1.249615899806289,1.13687401475906,1.2004953057067556,1.202808,1.1974188096819791
69,86,1.0,1.1796819736231487,1.1369381335396649,1.2004953581164126,1.202808,1.1797374474710587
69,87,1.0,1.6298374354368372,1.6586238186814943,1.199871213896625,1.5996827,1.5272979610357396
69,88,1.0,1.2648426130067707,1.11230571923901,1.1997703618253037,1.2217907,1.1997505034493736
69,89,2.0,1.2490322393233169,1.296870411536621,1.1995415256518334,1.176445,1.2307731886790805
69,90,1.0,1.1393636873983575,1.2940491851900102,1.199543632532251,1.1666394,1.1997923191809092
69,91,2.0,1.2863046187191762,1.3430935922428062,1.1997838287000102,1.2541498,1.2718865323211366
69,92,1.0,1.1808736565511468,1.3441836115130874,1.1997836007566383,1.1971539,1.23086600404746
69,93,2.0,1.1860340430832692,1.1126583725323362,1.19976823956202,1.20506,1.1756054668574634
69,94,1.0,1.2309174317897247,1.1134598572898962,1.1997634154468366,1.2185128,1.1906151825667035
69,95,2.0,1.5606345374842399,1.5920169399716302,1.2001284065214313,1.7873827,1.5411238167988153
69,96,1.0,1.663181506159617,1.5949664038794504,1.2000971357858055,1.6930268,1.543617234947416
69,97,2.0,1.162000480518633,1.1372907868329913,1.2004956514958267,1.1687737,1.1666246109570535
69,98,1.0,1.2196572391367408,1.1345336792669853,1.20049358790296,1.2092868,1.1909061518782813
69,99,1.0,1.1164019112625763,1.296133045559666,1.1995420002779371,1.1635165,1.1937077118346147
69,100,3.0,1.651591532856273,1.5928504841194924,1.200119531769465,1.6580455,1.5311836761576743
69,101,2.0,1.6298374354368372,1.6586238186814943,1.199871213896625,1.5996827,1.5272979610357396
69,102,1.0,1.9150425732891432,1.5921772369231422,1.2001266975604337,1.7873827,1.6308510883316627
69,103,2.0,1.1624974313169414,1.2964536394626898,1.199541787306144,1.1644905,1.2057035470379514
69,104,1.0,1.1458775198416213,1.295684214095432,1.1995423155253067,1.1381602,1.1945510825541497
69,105,1.0,1.1593970835008474,1.1342451447542636,1.2004934023544278,1.147496,1.1597381630927326
69,106,1.0,1.3432338368067809,1.3411379694343601,1.1997843762321396,1.3228239,1.303408895828644
69,107,1.0,1.6145848027634342,1.5931710780225163,1.2001161262208184,1.5964175,1.5060953751629007
69,108,1.0,1.219088513034081,1.2978321932456929,1.1995409874059677,1.171293,1.2221176729573062
69,109,1.0,1.4387865156154098,1.3409456130925457,1.1997844396558113,1.3965317,1.3464422778119518
69,110,1.0,1.1590769233571379,1.296613936414202,1.1995416846395008,1.1607699,1.20392442626131
69,111,1.0,1.163068009088641,1.1121133628971955,1.1997715193271412,1.1510646,1.15581016232932
69,112,2.0,1.6532967490733848,1.657309383679096,1.1998726565802047,1.6433843,1.5441090114831058
69,113,1.0,1.3308927288510457,1.5924657714358637,1.2001236241688436,1.6075764,1.4369885906539606
69,114,1.0,1.1258186866073203,1.1342130853639614,1.2004933820933146,1.147496,1.1512326379151683
69,115,2.0,1.6547668921339624,1.6592970658778445,1.199870520923126,1.6306647,1.541721772870909
69,116,1.0,1.6148938085201723,1.65762997758212,1.1998722937567943,1.6656135,1.5401720904421683
69,117,1.0,1.3030593363388951,1.1100615619178424,1.1997838610611848,1.3040304,1.229946214675576
69,118,4.0,1.7043160460094233,1.5934596125352378,1.2001130649490561,1.8000718,1.5810994878474844
69,119,3.0,1.6195186385897566,1.658687937462099,1.1998711465526137,1.5996827,1.5247028784266123
69,120,2.0,1.686688819206026,1.593716087657657,1.2001103467835208,1.765352,1.567799555882409
69,121,1.0,1.6486545116020246,1.5940687409509835,1.2001066138685064,1.6231738,1.5218032897705092
69,122,1.0,1.1181142844317058,1.1337321945094252,1.2004930866643435,1.1305165,1.1448070342130157
69,123,2.0,1.199692058219834,1.2954597983633156,1.1995424806202186,1.1824814,1.2194782640218973
69,124,1.0,1.1619156421861037,1.2964215800723875,1.199541808149663,1.1644905,1.205548210415529
69,125,2.0,1.133233225029534,1.1328345315809583,1.200492577775177,1.1340625,1.1493151030374982
69,126,1.0,1.1678863224535392,1.134181025973659,1.200493361901067,1.147496,1.161870229012139
69,127,2.0,1.337118160682957,1.3411700288246624,1.1997843658253338,1.3228239,1.3018693627546236
69,128,1.0,1.2464450584256654,1.340721197360429,1.1997845158035358,1.3965317,1.2977112420726251
69,129,1.0,1.5419945162259583,1.5927543059485851,1.2001205542745537,1.6661373,1.5054997852939798
69,130,1.0,1.2016049393677266,1.1117927689941716,1.199773448334138,1.1643181,1.168880369571166
69,131,1.0,1.6396062728829088,1.6572773242887937,1.1998726932553476,1.6433843,1.5406363715345548
69,132,1.0,1.1770600154701052,1.2940812445803127,1.1995436041712824,1.1666394,1.2093399236204008
69,133,1.0,1.6145848027634342,1.5931710780225163,1.2001161262208184,1.5964175,1.5060953751629007
69,134,2.0,1.2492402504023343,1.108009760938489,1.1997961917089628,1.3433998,1.225906074440538
69,135,1.0,1.4227487665454592,1.1090997802087705,1.199789642610977,1.3433998,1.2700887276429842
76,1,1.0,1.640390420612394,1.6588802938039136,1.199870946234242,1.611882,1.5331617080355806
76,2,2.0,1.191051421820004,1.1395670035444607,1.2004977539346653,1.165429,1.1736951340712447
76,3,1.0,1.1462076523788356,1.1404646664729283,1.2004986828557436,1.1529022,1.1593619737701153
76,4,1.0,1.6405668764300332,1.5949022850988457,1.200097811659454,1.6283349,1.5212889582460065
76,5,2.0,1.1805760228231228,1.1140048669250369,1.1997601344988384,1.1769835,1.1673632486619916
76,6,1.0,1.1910295557218158,1.1156719552207615,1.1997500965075172,1.1784981,1.1708165443260694
76,7,1.0,1.1537194300630726,1.3454339277348808,1.1997834077867173,1.1771342,1.2191768919076953
76,8,2.0,1.6278234361455055,1.6591367689263326,1.1998706830952097,1.6143008,1.5306666024434286
76,9,1.0,1.6645194617143122,1.593876384609169,1.2001086493497122,1.763314,1.5617068882807694
76,10,1.0,1.1666255776830206,1.1143895796086656,1.1997578183031676,1.1738906,1.1631366017112075
76,11,1.0,1.1441521786170943,1.2982169059293214,1.1995407977200225,1.1932194,1.2088741799654947
76,12,1.0,1.6172126408626901,1.594838166318241,1.200098487696658,1.5399392,1.4926949743683937
76,13,1.0,1.174838548323692,1.2971589460493425,1.1995413545723521,1.1723871,1.211030003075396
76,14,1.0,1.1820338388019795,1.3437347800488542,1.1997836878963704,1.2029234,1.2325255468945304
76,15,1.0,1.1553279024263974,1.1409776167177665,1.2004992391117775,1.1294202,1.155778251577923
76,16,1.0,1.1669269759977592,1.114101045095944,1.199759555467417,1.1717896,1.162601503136525
76,17,1.0,1.5026204043423648,1.5970823236394085,1.2000749310407592,1.440125,1.4386624480646784
76,18,1.0,1.1552086809251816,1.2970948272687377,1.199541391874867,1.1669071,1.204640918919647
76,19,2.0,1.1539173890599288,1.1401440725699041,1.2004983445972504,1.1787317,1.1678553986951665
76,20,1.0,1.1332318777086245,1.138669340615994,1.2004968815409613,1.1538677,1.1558711136360023
76,21,1.0,1.796719160731568,1.5957999480273126,1.2000883655371901,1.7737604,1.5983223788694096
76,22,1.0,1.175657219066553,1.2958124516566418,1.1995422234114523,1.1717614,1.2107361518986768
76,23,2.0,1.1893797666680006,1.1148704704632015,1.1997549228147684,1.1872948,1.172453164071117
76,24,1.0,1.1582552313045216,1.1138125105832224,1.1997612925286305,1.1699439,1.1598611211055532
76,25,1.0,1.0586087604957406,1.1415867451335118,1.200499923744957,1.1294202,1.1314566474083834
76,26,1.0,1.1860325779213523,1.3455621652960905,1.1997833921480499,1.2265123,1.2400488827895486
76,27,1.0,1.7445512054835501,1.5935878500964475,1.2001117055128943,1.7806064,1.586321945747485
76,28,2.0,1.1820316222874074,1.114357520218363,1.199758011323549,1.1738906,1.167027214907564
76,29,1.0,1.121267939888101,1.116216964855902,1.1997468143445176,1.1576169,1.1479449881090922
76,30,2.0,1.1759613919020624,1.3461712937118357,1.1997833284405688,1.188075,1.2277976522535445
76,31,1.0,1.2100282763212795,1.3475177881045366,1.1997832498181578,1.1700324,1.2321326537083437
76,32,1.0,1.180781412511536,1.115800192781971,1.199749324251507,1.1576169,1.16290069761122
76,33,2.0,1.1711023091270283,1.296485698852992,1.199541766569258,1.1644905,1.207889220423443
76,34,1.0,1.1509429406379856,1.296165104949968,1.1995419785177293,1.1635165,1.2024568324802245
76,35,1.0,1.1690333362861518,1.140208191350509,1.2004984116718809,1.1787317,1.1716969084559297
76,36,3.0,1.7961510710281017,1.5934275531449356,1.2001134049086668,1.8000718,1.6043313862879645
76,37,2.0,1.719141263251065,1.5962808388818486,1.2000833193157396,1.6928794,1.5580700714082911
76,38,1.0,1.6608818161739438,1.6607397384414522,1.199869140801079,1.6017718,1.5362247985083768
76,39,1.0,1.2231842482625188,1.3455301059057883,1.199783395983039,1.2265123,1.249442436833785
76,40,2.0,1.702927132995622,1.661445045028105,1.1998685180821786,1.746073,1.5840472213534675
76,41,1.0,1.7596638755459244,1.595992304369127,1.2000863458668196,1.729672,1.577687433977528
76,42,1.0,1.0633706652576453,1.1418111608656285,1.2005001825813288,1.1294202,1.132718555779978
76,43,1.0,1.677922192147264,1.5959281855885223,1.2000870189069046,1.6252414,1.5302059345387062
76,44,1.0,1.2142065553326156,1.113043085215965,1.199765924118988,1.2066385,1.1832364330957983
76,45,1.0,1.1848480102593801,1.3465880657857672,1.1997832949352771,1.188075,1.2301519764179067
76,46,1.0,1.1838970116125984,1.1145498765601776,1.1997568531668839,1.1817158,1.169554356375224
76,47,1.0,1.1504888857191586,1.3452095120027643,1.1997834370169735,1.1812984,1.2193704276719217
76,48,1.0,1.1539173890599288,1.1401440725699041,1.2004983445972504,1.1787317,1.1678553986951665
76,49,1.0,1.6507180106794368,1.5942931566831,1.2001042411327758,1.6080896,1.5185135772471925
76,50,2.0,1.1449305274172912,1.2974154211717617,1.1995412094107734,1.1723871,1.2035262969994698
76,51,1.0,1.1574683578719227,1.29632540190148,1.1995418712736134,1.1644905,1.2043984489063067
76,52,1.0,1.1537194300630726,1.3454339277348808,1.1997834077867173,1.1771342,1.2191768919076953
76,53,2.0,1.197259424686416,1.113523976070501,1.1997630294787969,1.206647,1.1790709759589721
76,54,1.0,1.214719347493553,1.1129148476547555,1.1997666959586304,1.20506,1.1829291572732699
76,55,1.0,1.1703612021782988,1.1397593598862756,1.2004979482252418,1.1656498,1.1685645797746858
76,56,1.0,1.7393000651761374,1.5955755322951959,1.2000907238337526,1.7838182,1.5863147542583305
76,57,2.0,1.1565934490579322,1.1402723101311139,1.2004984790348745,1.1787317,1.1685650910206968
76,58,1.0,1.1565934490579322,1.1402723101311139,1.2004984790348745,1.1787317,1.1685650910206968
76,59,3.0,1.1537194300630726,1.3454339277348808,1.1997834077867173,1.1771342,1.2191768919076953
76,60,2.0,1.1764589599951116,1.3447927399288329,1.199783497581752,1.186647,1.2272085973148523
76,61,1.0,1.176188285712903,1.3465560063954647,1.199783297224876,1.188075,1.227952419042033
76,62,1.0,1.1728981169226673,1.1400158350086949,1.2004982113183338,1.2040194,1.1791108982742744
76,63,1.0,1.665619112242517,1.5951267008309624,1.200095446892932,1.7356517,1.5552048317635476
76,64,1.0,1.2193809321215783,1.297383361781459,1.1995412272029535,1.1723871,1.2223587367727715
76,65,1.0,1.7256665821952242,1.5937481470479595,1.2001100072021729,1.765352,1.5776713685684784
76,66,1.0,1.1830027542386146,1.3448247993191353,1.199783492632039,1.186647,1.2288726930664147
76,67,1.0,1.5234159559804399,1.5969861454685013,1.200075936183633,1.440125,1.4439009060804837
76,68,1.0,1.1516394121066373,1.1393425878123444,1.2004975305427628,1.180394,1.1675022039029033
76,69,1.0,1.1678564916796892,1.1142613420474559,1.199758590387938,1.1573049,1.1591626514120168
76,70,1.0,1.245156801620288,1.3445362648064139,1.199783538904915,1.2311598,1.2559431749546086
76,71,1.0,1.6950189614820657,1.5943252160734025,1.200103902334295,1.7501124,1.5661522345205843
76,72,1.0,1.1539173890599288,1.1401440725699041,1.2004983445972504,1.1787317,1.1678553986951665
76,73,1.0,1.6816285979615382,1.594357275463705,1.2001035636019515,1.6980873,1.5494305794538814
76,74,1.0,1.1929062269309254,1.1147742922922943,1.199755501933211,1.1872948,1.1733213747136284
76,75,1.0,1.1366099120742368,1.1402402507408114,1.2004984453178285,1.1787317,1.1634999014781158
76,76,1.0,1.6811252937082264,1.660867976002662,1.1998690250331114,1.700251,1.5666336665001748
76,77,1.0,1.2100282763212795,1.3475177881045366,1.1997832498181578,1.1700324,1.2321326537083437
76,78,1.0,1.1746747177388308,1.297287183610552,1.1995412811815724,1.1723871,1.2110209784171386
76,79,2.0,1.6813250287631123,1.6604191445384282,1.1998694351392898,1.5995178,1.540739146944576
76,80,1.0,1.6409925853598544,1.5947419881473337,1.2000995020952943,1.5928975,1.5122691116903564
76,81,2.0,1.1647610805324786,1.139086112689925,1.20049727956063,1.1586083,1.1651711784946102
76,82,1.0,1.2328269456532555,1.1389578751287155,1.2004971557969917,1.1936113,1.1913395754489782
76,83,1.0,1.2458684181848902,1.298345143490531,1.1995407377492049,1.1932194,1.2346471057642554
76,84,1.0,1.2309174317897247,1.1134598572898962,1.1997634154468366,1.2185128,1.1906151825667035
76,85,1.0,1.1212107640076263,1.1405608446438353,1.2004987857449,1.1529022,1.15306058128496
76,86,1.0,1.1624974313169414,1.2964536394626898,1.199541787306144,1.1644905,1.2057035470379514
76,87,1.0,1.1893181339821637,1.343991255171273,1.1997836369483321,1.2014924,1.234066859214579
76,88,3.0,1.6645194617143122,1.593876384609169,1.2001086493497122,1.763314,1.5617068882807694
76,89,2.0,1.6950189614820657,1.5943252160734025,1.200103902334295,1.7501124,1.5661522345205843
76,90,1.0,1.5810428838621384,1.59656937339457,1.2000802963556956,1.4974122,1.4730701610052648
76,91,1.0,1.1613296693904331,1.2979924901972049,1.199540906585556,1.1516759,1.2025111528230892
76,92,1.0,1.6972810351590395,1.596312898272151,1.2000829832592983,1.6928794,1.5525461173807698
76,93,1.0,1.1707888739857695,1.2959406892178515,1.199542132942508,1.1635165,1.207422324429588
76,94,1.0,1.6448954341085347,1.5941649191218905,1.200105596714778,1.6336982,1.5235749473115472
76,95,2.0,1.2321396813507504,1.343029473462201,1.1997838438407216,1.2541498,1.2581632369031865
76,96,1.0,1.2011296235800173,1.3459789373700217,1.1997833466675925,1.1983749,1.236759385342512
76,97,1.0,1.6587572756459392,1.5953511165630792,1.2000930842919344,1.6308172,1.5266412596276153
76,98,1.0,1.124069507296192,1.347389550543327,1.1997832536053032,1.1700324,1.210347327397212
76,99,1.0,2.362145778887583,1.5976593926648517,1.2000689086332514,1.440125,1.6563200343751412
76,100,2.0,1.1674506876256485,1.2995954597123245,1.1995402381790632,1.3055766,1.2439312758690315
76,101,1.0,1.2282871878862807,1.2945300760445462,1.1995432176971514,1.1768159,1.225026661590726
76,102,1.0,1.6980069156075408,1.594517572415217,1.2001018705334519,1.6955403,1.5529623202505363
76,103,2.0,1.2161524350032373,1.3446003835870186,1.1997835282798759,1.1947109,1.239272660349713
76,104,1.0,1.1845288068905402,1.3461071749312312,1.199783334323172,1.1983749,1.2325908029644639
76,105,5.0,1.719787882220867,1.597531155103642,1.2000702457055505,1.440125,1.4937316962878904
76,106,4.0,1.73757085003031,1.5945816911958217,1.2001011936136214,1.8723685,1.60833560118362
76,107,3.0,1.6334833545944694,1.6592650064875423,1.1998705532130496,1.6306647,1.5363276186054775
76,108,2.0,1.7566611343214578,1.5936199094867498,1.2001113657679758,1.7806064,1.5893945376803496
76,109,1.0,1.6497814421376986,1.5950305226600552,1.2000964601105981,1.5927073,1.5145167433831432
76,110,1.0,1.219876992453752,1.298665737393555,1.1995405949206577,1.3055766,1.2569631750680357
76,111,1.0,1.6569723758683623,1.5948702257085432,1.200098149663453,1.6283349,1.525432529641264
76,112,2.0,1.1603551797927067,1.2969986490978305,1.1995414485973603,1.1669071,1.2059189753034747
76,113,1.0,1.1557043778877547,1.296966589707528,1.1995414677103222,1.1790755,1.2078543492028389
76,114,1.0,1.1694792854407818,1.1120492441165906,1.1997719051440832,1.169864,1.1622373301143165
76,115,1.0,1.1896951901087605,1.1368098959784554,1.2004952535813258,1.197013,1.1807528993617242
76,116,2.0,1.5532900395144587,1.5966976109557798,1.2000789539665526,1.4974122,1.46607911135743
76,117,1.0,1.7191137392183062,1.5959602449788248,1.200086682362197,1.6252414,1.5406379719855043
76,118,1.0,1.1221648596757026,1.2970627678784352,1.1995414106804765,1.1669071,1.1962706836578498
76,119,1.0,1.1666255776830206,1.1143895796086656,1.1997578183031676,1.1738906,1.1631366017112075
76,120,1.0,1.6975778933737933,1.659649719171171,1.1998701703641468,1.7684348,1.58797395179716
76,121,2.0,1.1950036108318798,1.1392464096414372,1.2004974358836222,1.180394,1.1784516617597092
76,122,1.0,1.2021417342072835,1.138829637567506,1.2004970331874638,1.1608044,1.1751289736982637
76,123,1.0,1.6383099851293503,1.5939725627800763,1.200107631407657,1.6147628,1.5170045050702918
76,124,1.0,1.1461081186836215,1.1380602122002486,1.2004963216741718,1.1472574,1.157280220990471
76,125,2.0,1.1984330966887142,1.2961009861693635,1.1995420221336721,1.1635165,1.2144585580916083
76,126,1.0,1.1507993378106427,1.2961971643402705,1.1995419568733328,1.1635165,1.2024285999653084
76,127,1.0,1.6172126408626901,1.594838166318241,1.200098487696658,1.5399392,1.4926949743683937
76,128,1.0,1.2106734482107313,1.343702720658552,1.1997836944817406,1.2029234,1.2397650246875276
76,129,1.0,1.1617713067784192,1.1137483918026176,1.1997616785274745,1.1699439,1.1607347709058184
76,130,2.0,1.6612436734990461,1.6603550257578235,1.1998694948635065,1.6706413,1.5538797165888822
76,131,1.0,1.637026977057564,1.6599382536838925,1.1998698898947675,1.626861,1.536419189247793
76,132,1.0,1.162157091064761,1.1124339568002195,1.1997695901184449,1.1786145,1.1627250755420853
76,133,2.0,1.1592899551023834,1.296389520682085,1.199541829086723,1.1644905,1.2048756414540842
76,134,1.0,1.155678067114136,1.296806292756016,1.1995415647802636,1.176445,1.2071326032116598
76,135,1.0,1.7596638755459244,1.595992304369127,1.2000863458668196,1.729672,1.577687433977528
76,136,1.0,1.1986999809027319,1.1407532009856494,1.2004989934688686,1.1529022,1.1727188642742503
76,137,2.0,1.6040105201525652,1.6584635217299823,1.1998713834748858,1.5660717,1.5121025920448006
76,138,1.0,1.6421850595431549,1.6597138379517755,1.1998701075392655,1.6256385,1.5373542725626521
76,139,2.0,1.214835327556555,1.343798898829459,1.199783674871381,1.2073308,1.2419727947265295
76,140,1.0,1.2125972612341003,1.346331590663348,1.19978331458184,1.188075,1.2371093506280264
76,141,1.0,1.6185089318630497,1.6585596999008896,1.19987128151476,1.5772818,1.518670572478865
76,142,1.0,1.1805760228231228,1.1140048669250369,1.1997601344988384,1.1769835,1.1673632486619916
76,143,1.0,1.1589307201610433,1.2965177582432945,1.1995417459361912,1.1644905,1.2048171651130728
76,144,1.0,1.1893797666680006,1.1148704704632015,1.1997549228147684,1.1872948,1.172453164071117
76,145,1.0,1.7191137392183062,1.5959602449788248,1.200086682362197,1.6252414,1.5406379719855043
76,146,2.0,1.2600887296380707,1.2969024709269232,1.1995415062360826,1.1790755,1.2342538174561017
76,147,1.0,1.1410355504212701,1.2959727486081538,1.1995421105774098,1.1635165,1.1999010044537775
76,148,1.0,1.1858014706042777,1.1366816584172454,1.2004951501859578,1.2008309,1.1807141074728245
76,149,1.0,1.1529475192655811,1.297768074465088,1.1995410204377885,1.171293,1.2053637001815656
76,150,1.0,1.1461081186836215,1.1380602122002486,1.2004963216741718,1.1472574,1.157280220990471
76,151,1.0,1.5419945162259583,1.5927543059485851,1.2001205542745537,1.6661373,1.5054997852939798
76,152,1.0,1.2014412568611215,1.343895077000366,1.1997836556934027,1.2073308,1.2386076024245642
76,153,2.0,1.5854009012494295,1.6611885699056859,1.199868740575541,1.6894388,1.5397179189506272
76,154,1.0,1.6044995335161207,1.6608359166123594,1.1998690538742685,1.6017718,1.521980918634977
76,155,2.0,1.1995688774783066,1.1373869650038984,1.2004957330112556,1.183132,1.1798381103527338
76,156,1.0,1.171143080998985,1.137162549271781,1.2004955438138645,1.1749771,1.1704965640697185
76,157,2.0,1.1897682686021678,1.1132354415577792,1.1997647663038908,1.1931311,1.1736366660636082
76,158,1.0,1.1989717295491955,1.1126263131420338,1.199768432504144,1.2220389,1.1832254331347414
76,159,2.0,1.2163226168976773,1.296293342511178,1.199541892524547,1.1644905,1.2192841018228981
76,160,1.0,1.1529906465396835,1.2977039556844832,1.1995410538873428,1.171293,1.2053583959768024
76,161,1.0,1.6245705964842807,1.660547382099638,1.199869316552727,1.6255159,1.5330760348529453
76,162,4.0,1.1887617224533453,1.1382205091517603,1.2004964664930924,1.171278,1.174274538161459
76,163,3.0,1.162000480518633,1.1372907868329913,1.2004956514958267,1.1687737,1.1666246109570535
76,164,2.0,1.1813573295378976,1.1369701929299671,1.2004953844307473,1.202808,1.1801695351978725
76,165,1.0,1.178088275165203,1.138989934519018,1.200497186631917,1.1936113,1.1774954328737988
76,166,2.0,1.6912746751177465,1.5960243637594296,1.2000860094045394,1.729672,1.560388777406667
76,167,1.0,1.8067209044870387,1.5924978308261661,1.2001232828927588,1.6075764,1.557410526108058
76,168,1.0,1.1709087951164296,1.1141331044862464,1.1997593624498906,1.1717896,1.1636172163641394
76,169,1.0,1.1894108352150787,1.3460751155409287,1.199783337332798,1.1983749,1.2338181452301622
76,170,2.0,1.2158129478688313,1.1127224913129412,1.1997678536712526,1.20506,1.1831575025396717
76,171,1.0,1.163166436113935,1.1120813035068933,1.1997717122353169,1.1510646,1.1558270032423907
76,172,1.0,1.163269781313721,1.1375472619554101,1.2004958703049502,1.1765636,1.1690083982788004
76,173,1.0,1.7790715325271058,1.5933634343643308,1.2001140849812464,1.7478876,1.586611245713172
76,174,1.0,1.1509429406379856,1.296165104949968,1.1995419785177293,1.1635165,1.2024568324802245
76,175,3.0,1.6125187227823958,1.5941008003412858,1.2001062747702174,1.5391598,1.4911225187977402
76,176,2.0,1.6348859849667767,1.6589444125845183,1.1998708800247224,1.6244049,1.5349962757388629
76,177,1.0,1.6601713967159102,1.594036681560681,1.200106953006346,1.6769178,1.53849161558635
76,178,2.0,1.1635279632794917,1.3444080272452041,1.1997835607214462,1.2004491,1.2273782693983113
76,179,1.0,1.2161524350032373,1.3446003835870186,1.1997835282798759,1.1947109,1.239272660349713
76,180,1.0,1.2276581230263663,1.1134277978995937,1.1997636084326009,1.2185128,1.189782309055305
76,181,1.0,1.6258720744815072,1.59509464144066,1.2000957845886016,1.6960963,1.53499491558072
76,182,1.0,1.2210883983335896,1.1366175396366407,1.2004950989192769,1.2008309,1.1896276404288904
76,183,1.0,1.1901380509559807,1.344055373951878,1.1997836246943803,1.1971539,1.2331780214293706
76,184,1.0,1.1767912928448814,1.13834874671297,1.200496583641619,1.171278,1.1712777603167341
76,185,1.0,1.7475472607757327,1.6601626694160092,1.1998696757053013,1.7618678,1.5990649671848318
76,186,1.0,1.163166436113935,1.1120813035068933,1.1997717122353169,1.1510646,1.1558270032423907
76,187,1.0,1.6419929292696847,1.6579185120948416,1.199871973261468,1.6860936,1.5523546067457237
76,188,1.0,1.1669269759977592,1.114101045095944,1.199759555467417,1.1717896,1.162601503136525
76,189,1.0,1.2025855080384131,1.136232826953012,1.2004947973077282,1.2033799,1.185501463777041
76,190,1.0,1.1733275755381443,1.112466016190522,1.1997693971843126,1.1786145,1.1655599649133814
76,191,1.0,1.2014412568611215,1.343895077000366,1.1997836556934027,1.2073308,1.2386076024245642
76,192,2.0,1.4987628157643054,1.5923054744843517,1.2001253311740465,1.7873827,1.5255387384115824
76,193,1.0,1.6444109324114993,1.5953190571727767,1.2000934216764867,1.6254233,1.5216195308412508
76,194,1.0,1.2080813273212885,1.1361045893918025,1.2004946990563248,1.2081482,1.1880825592766433
76,195,1.0,1.610794726542167,1.5925619496067709,1.2001226004765055,1.6075764,1.507845171646858
76,196,1.0,1.1785228216490968,1.1144536983892703,1.1997574322533067,1.1880307,1.1697895218166448
76,197,1.0,1.2128253245952079,1.3422921074852465,1.199784031637744,1.271662,1.2575797207070922
76,198,1.0,1.6788462459049018,1.5935237313158428,1.20011238515351,1.6911229,1.5467316951118004
76,199,1.0,1.1532928939463942,1.2980886683681119,1.1995408593207773,1.1516759,1.2005016802810786
76,200,4.0,1.6124782480916082,1.6608038572220571,1.1998690827840284,1.6017718,1.5239919198444927
76,201,3.0,1.6377386651955823,1.6591047095360303,1.1998707157394775,1.6143008,1.5331676622516206
76,202,2.0,1.6030118493518952,1.5931069592419114,1.2001168069794945,1.6457299,1.5157960923431038
76,203,1.0,1.6354951905133106,1.5939084439994715,1.2001083099950105,1.5973891,1.5118208847959822
76,204,1.0,1.1873065435124603,1.135655757927569,1.2004943641519632,1.192668,1.1787418957176041
76,205,1.0,1.2856720353815063,1.1107348091141924,1.1997798125082044,1.3334317,1.2332551362797353
76,206,1.0,1.1749187405831174,1.1351748670730328,1.2004940208120551,1.1867164,1.173959063294731
76,207,1.0,1.6422989425830403,1.5930107810710044,1.2001178284493685,1.6163131,1.5181705515878223
76,208,1.0,1.207826035227389,1.1346619168281946,1.2004936722108965,1.2092868,1.187944598932779
76,209,2.0,1.6444319011895216,1.6597779567323805,1.199870044997246,1.6256385,1.5379390733667986
76,210,1.0,1.5970282593915344,1.593235196803121,1.20011544562649,1.5964175,1.5016685502533036
76,211,1.0,1.175173417658733,1.1117607096038693,1.199773641219332,1.1738204,1.1646202229195097
76,212,2.0,1.201891584296492,1.1345977980475899,1.2004936299140914,1.2092868,1.1864265804336886
76,213,1.0,1.2879614937052815,1.1355595797566616,1.2004942942015104,1.1898227,1.2034598359255568
76,214,1.0,1.3528767150108718,1.341779157240408,1.1997841771740452,1.3604281,1.315654429997425
76,215,1.0,1.637026977057564,1.6599382536838925,1.1998698898947675,1.626861,1.536419189247793
76,216,1.0,1.3056823708423104,1.1113118781396358,1.1997763414487423,1.284641,1.2259524960068955
76,217,5.0,1.686558526761332,1.6583032247784704,1.199871554822151,1.6742713,1.5606980696085875
76,218,4.0,1.6249515691216054,1.593139018632214,1.2001164665789699,1.6457299,1.5213562280639272
76,219,3.0,1.6125187227823958,1.5941008003412858,1.2001062747702174,1.5391598,1.4911225187977402
76,220,2.0,1.6464311335412385,1.5938122658285643,1.2001093281874209,1.6307818,1.523127327742583
76,221,1.0,1.686688819206026,1.593716087657657,1.2001103467835208,1.765352,1.567799555882409
76,222,1.0,1.1458775198416213,1.295684214095432,1.1995423155253067,1.1381602,1.1945510825541497
76,223,1.0,1.6787549334372809,1.5934916719255403,1.2001127250213826,1.6414815,1.5339707315245577
76,224,1.0,1.1383196947717522,1.2943697790930342,1.1995433534342104,1.1768159,1.2022187989334754
76,225,1.0,1.4346724178380799,1.3414585633373841,1.1997842743248557,1.3642677,1.3372572945803576
76,226,1.0,1.174838548323692,1.2971589460493425,1.1995413545723521,1.1723871,1.211030003075396
76,227,1.0,1.172356020228303,1.1347580949991016,1.2004937361897443,1.2092868,1.1789928496179511
76,228,1.0,1.2159856587045261,1.111343937529938,1.1997761485892184,1.284641,1.2032617576606386
76,229,1.0,1.1322041634760316,1.1335077787773085,1.2004929542487621,1.1556079,1.1547501721743552
76,230,1.0,1.1393636873983575,1.2940491851900102,1.199543632532251,1.1666394,1.1997923191809092
76,231,4.0,1.718082671386667,1.340400603457405,1.1997846286195835,1.4675099,1.4351849223989683
76,232,3.0,1.418291356797653,1.3423241668755488,1.1997840229463805,1.271662,1.3095834221519462
76,233,2.0,1.296134485725085,1.342420345046456,1.1997839971621125,1.271662,1.2786945253616475
76,234,1.0,1.295485990666813,1.1112156999687284,1.1997769200109316,1.270983,1.2198455819834808
76,235,3.0,1.65812685971885,1.6567002552633507,1.1998733654062905,1.6478754,1.546329029818202
76,236,2.0,1.6950189614820657,1.5943252160734025,1.200103902334295,1.7501124,1.5661522345205843
76,237,1.0,1.686558526761332,1.6583032247784704,1.199871554822151,1.6742713,1.5606980696085875
76,238,1.0,1.2748687737611077,1.11002950252754,1.1997840538219313,1.3040304,1.2228041947755552
76,239,2.0,1.1711023091270283,1.296485698852992,1.199541766569258,1.1644905,1.207889220423443
76,240,1.0,1.2281965913811832,1.2951392044602916,1.1995427251185389,1.2041365,1.232163754768826
78,1,3.0,1.7052251320842695,1.5929146029000971,1.2001188503136524,1.6580455,1.544772352013882
78,2,2.0,1.6527022414281267,1.5960884825400343,1.200085336619684,1.729672,1.5506436366940974
78,3,1.0,1.591410063303633,1.6605794414899402,1.1998692870996595,1.6255159,1.524692478818669
78,4,1.0,1.1746747177388308,1.297287183610552,1.1995412811815724,1.1723871,1.2110209784171386
78,5,1.0,1.165946396196448,1.137354905613596,1.2004957057700045,1.183132,1.1713214274460224
78,6,1.0,1.631898168725638,1.5952228790018697,1.2000944340906046,1.5530947,1.49988127638027
78,7,1.0,1.213109401321297,1.3459468779797192,1.1997833498756614,1.1983749,1.2397828964342466
78,8,1.0,1.6601713967159102,1.594036681560681,1.200106953006346,1.6769178,1.53849161558635
78,9,1.0,1.1956231773433048,1.113363679118989,1.1997639943941143,1.2022048,1.1774774342850347
78,10,1.0,1.156279778635809,1.347229253591815,1.1997832594380242,1.1700324,1.218457950893598
78,11,2.0,1.2021417342072835,1.138829637567506,1.2004970331874638,1.1608044,1.1751289736982637
78,12,1.0,1.130330183167613,1.1375793213457126,1.2004958979737457,1.1765636,1.160680766010643
78,13,2.0,1.151807983534213,1.3452415713930665,1.1997834326949595,1.1714095,1.2171764732197903
78,14,1.0,1.1827092355738207,1.3443759678549019,1.1997835662974599,1.2004491,1.232224203755357
78,15,1.0,1.7369860103277677,1.595832007417615,1.2000880288207505,1.7737604,1.5832142372718627
78,16,2.0,1.216841324116972,1.3443439084645994,1.1997835719189023,1.2004491,1.2408536176162994
78,17,1.0,1.1860325779213523,1.3455621652960905,1.1997833921480499,1.2265123,1.2400488827895486
78,18,1.0,1.1146378917545126,1.297447480562064,1.1995411917189822,1.1723871,1.1958684988782293
78,19,2.0,1.6503196187156381,1.6600344318547995,1.1998697976770336,1.5986786,1.5325803617469023
78,20,1.0,1.6507180106794368,1.5942931566831,1.2001042411327758,1.6080896,1.5185135772471925
78,21,1.0,1.2040157623218888,1.3457865810282073,1.1997833666400182,1.2058796,1.2393655384973434
78,22,1.0,1.1860340430832692,1.1126583725323362,1.19976823956202,1.20506,1.1756054668574634
78,23,2.0,1.6587572756459392,1.5953511165630792,1.2000930842919344,1.6308172,1.5266412596276153
78,24,1.0,1.6258764365241105,1.5939405033897738,1.200107970672896,1.5973891,1.5093947786631672
78,25,1.0,1.1968444972253993,1.1128507288741505,1.1997670818731552,1.20506,1.1783895822812505
78,26,3.0,1.7160649934189822,1.593555790706145,1.2001120453096752,1.6911229,1.5561583682282825
78,27,2.0,1.6811252937082264,1.660867976002662,1.1998690250331114,1.700251,1.5666336665001748
78,28,1.0,1.7311058970967343,1.6580467496560511,1.1998718326599376,1.6860936,1.5749381075915518
78,29,1.0,1.1694792854407818,1.1120492441165906,1.1997719051440832,1.169864,1.1622373301143165
78,30,1.0,1.1619156421861037,1.2964215800723875,1.199541808149663,1.1644905,1.205548210415529
78,31,1.0,1.1477638417781029,1.1378357964681318,1.2004961219407138,1.1383672,1.155362594433757
78,32,1.0,1.1871019333340151,1.3460430561506262,1.1997833403970606,1.1983749,1.233225738237858
78,33,3.0,1.5458112780531648,1.5936519688770523,1.2001110260646615,1.5600686,1.47949072883069
78,34,2.0,1.6176861899956732,1.6598741349032875,1.1998699517297846,1.626861,1.53150856479834
78,35,1.0,1.5826559677715926,1.6606115008802427,1.1998692576988754,1.6050233,1.5172302147361272
78,36,1.0,1.3937216614031,1.1112798187493333,1.1997765343064424,1.284641,1.248223804373537
78,37,1.0,1.661907239367197,1.5937802064382618,1.200109667673502,1.6767758,1.5388302428359375
78,38,1.0,1.1791586777577943,1.1146139953407823,1.1997564671059282,1.1817158,1.1683713997342504
78,39,1.0,1.1949944722155683,1.3464277688342552,1.1997833068529953,1.188075,1.2326790954854066
78,40,2.0,1.73757085003031,1.5945816911958217,1.2001011936136214,1.8723685,1.60833560118362
78,41,1.0,1.6457733948463156,1.5960564231497318,1.200085672989273,1.729672,1.5488821776224515
78,42,2.0,1.1410355504212701,1.2959727486081538,1.1995421105774098,1.1635165,1.1999010044537775
78,43,1.0,1.2600887296380707,1.2969024709269232,1.1995415062360826,1.1790755,1.2342538174561017
78,44,1.0,1.1848519354802596,1.1388616969578083,1.200497063729626,1.1936113,1.1791745752834697
78,45,4.0,1.1861674212432265,1.2973192430008544,1.1995412630891276,1.1723871,1.2139374506098553
78,46,3.0,1.212144287405352,1.2949147887281747,1.1995429023204347,1.1969984,1.226214293478039
78,47,2.0,1.174838548323692,1.2971589460493425,1.1995413545723521,1.1723871,1.211030003075396
78,48,1.0,1.1624974313169414,1.2964536394626898,1.199541787306144,1.1644905,1.2057035470379514
78,49,1.0,1.1635279632794917,1.3444080272452041,1.1997835607214462,1.2004491,1.2273782693983113
78,50,1.0,1.1592899551023834,1.296389520682085,1.199541829086723,1.1644905,1.2048756414540842
78,51,1.0,1.163269781313721,1.1375472619554101,1.2004958703049502,1.1765636,1.1690083982788004
78,52,2.0,1.1925657758310315,1.1123377786293123,1.1997701689025944,1.1833042,1.1715987615823518
78,53,1.0,1.1782512372653924,1.1139728075347344,1.199760327509613,1.1769835,1.1667668672199403
78,54,1.0,1.6040105201525652,1.6584635217299823,1.1998713834748858,1.5660717,1.5121025920448006
78,55,1.0,1.1627522959222671,1.2952353826311989,1.1995426507001048,1.1671798,1.2061496098773183
78,56,2.0,1.1644433865670578,1.137611380736015,1.2004959257203662,1.1765636,1.169321632027616
78,57,1.0,1.1813883639972784,1.1387975781772037,1.2004970027155075,1.1608044,1.1698689695946223
78,58,1.0,1.7535450941035429,1.5957678886370104,1.2000887023030098,1.6813956,1.5637029776986884
78,59,1.0,1.159803002799498,1.2958765704372466,1.1995421779774313,1.1665279,1.205398213470138
78,60,1.0,1.6966937216130047,1.6601306100257067,1.199869706100577,1.7618678,1.5861877765676282
78,61,2.0,1.151807983534213,1.3452415713930665,1.1997834326949595,1.1714095,1.2171764732197903
78,62,1.0,1.214835327556555,1.343798898829459,1.199783674871381,1.2073308,1.2419727947265295
78,63,1.0,1.1507262381774244,1.1381243309808533,1.2004963793858585,1.1898162,1.169378710688997
78,64,1.0,1.1504888857191586,1.3452095120027643,1.1997834370169735,1.1812984,1.2193704276719217
78,65,5.0,1.6531502643013911,1.659329125268147,1.1998704887032636,1.6188318,1.5382863885235167
78,66,4.0,1.7790715325271058,1.5933634343643308,1.2001140849812464,1.7478876,1.586611245713172
78,67,3.0,1.7535450941035429,1.5957678886370104,1.2000887023030098,1.6813956,1.5637029776986884
78,68,2.0,1.6164547964911384,1.659168828316635,1.1998706505165428,1.6350033,1.5331066065431087
78,69,1.0,1.7311058970967343,1.6580467496560511,1.1998718326599376,1.6860936,1.5749381075915518
78,70,1.0,1.214835327556555,1.343798898829459,1.199783674871381,1.2073308,1.2419727947265295
78,71,2.0,1.782161449073157,1.5956075916854984,1.2000903868027868,1.7762643,1.5952322720427403
78,72,1.0,1.6299943336484668,1.660066491245102,1.199869767077651,1.5986786,1.52744491559163
78,73,1.0,1.1732814785982957,1.1368419553687579,1.200495279609114,1.197013,1.176607336241188
78,74,1.0,1.2199116941894639,1.2972551242202495,1.1995412993690346,1.1723871,1.222460617457797
78,75,1.0,1.6429026964004,1.6593611846584493,1.1998704565542584,1.6188318,1.535701226586844
78,76,1.0,1.1477638417781029,1.1378357964681318,1.2004961219407138,1.1383672,1.155362594433757
78,77,1.0,1.189659437682093,1.113203382167477,1.1997649592755215,1.1931311,1.173601057936588
78,78,1.0,1.1667709955309205,1.1353031046342426,1.2004941108041318,1.1867164,1.17192965418647
78,79,1.0,1.2271144032019203,1.1122736598487077,1.1997705547458068,1.2217907,1.1901948700363234
78,80,1.0,1.1265059058019975,1.3433180079749227,1.1997837772408781,1.1943103,1.2161593942859428
78,81,1.0,1.2039575422573687,1.1131072039965697,1.1997655381849326,1.1982279,1.178502170173917
78,82,1.0,1.1528659201319813,1.137867855858434,1.2004961502581193,1.1383672,1.1566618549605048
78,83,1.0,1.1670807939475727,1.3446324429773209,1.199783523045361,1.1947109,1.2268626175081814
78,84,1.0,1.225222975222609,1.297607777513576,1.199541104811532,1.1723871,1.2238938963070658
78,85,2.0,1.6964860585091739,1.5943893348540072,1.2001032249003727,1.6980873,1.5531984667747167
78,86,1.0,1.5840613823230143,1.6606435602705452,1.199869228363115,1.6050233,1.517593977419712
78,87,1.0,1.2210883983335896,1.1366175396366407,1.2004950989192769,1.2008309,1.1896276404288904
78,88,1.0,1.2361447141868245,1.3430615328525035,1.1997838362435718,1.2541498,1.2591848686607257
78,89,1.0,1.1733275755381443,1.112466016190522,1.1997693971843126,1.1786145,1.1655599649133814
78,90,1.0,1.296830874122851,1.343157711023411,1.1997838137589942,1.2591685,1.2758535307243029
78,91,2.0,1.6856252350877035,1.5946137505861242,1.2001008552180112,1.6990657,1.5507571122862573
78,92,1.0,1.6318114189284005,1.659425303439054,1.1998703924589302,1.5205693,1.507712646871817
78,93,1.0,1.191877538662653,1.135591639146964,1.2004943174453737,1.1898227,1.1791527821224301
78,94,1.0,1.1861603325269658,1.1124980755808243,1.1997692042556876,1.1786145,1.1688155118520642
78,95,1.0,1.6640730079202413,1.660290906977219,1.19986955485377,1.6706413,1.5545795010994667
78,96,3.0,1.162000480518633,1.1372907868329913,1.2004956514958267,1.1687737,1.1666246109570535
78,97,2.0,1.1732814785982957,1.1368419553687579,1.200495279609114,1.197013,1.176607336241188
78,98,1.0,1.2012439679184232,1.1354954609760568,1.2004942479233283,1.1898227,1.1814987114344722
78,99,1.0,1.1619156421861037,1.2964215800723875,1.199541808149663,1.1644905,1.205548210415529
78,100,2.0,1.665619112242517,1.5951267008309624,1.200095446892932,1.7356517,1.5552048317635476
78,101,1.0,1.6950189614820657,1.5943252160734025,1.200103902334295,1.7501124,1.5661522345205843
78,102,1.0,1.197186030289147,1.1129469070450577,1.1997665030008162,1.20506,1.1785002127977129
78,103,4.0,1.6950189614820657,1.5943252160734025,1.200103902334295,1.7501124,1.5661522345205843
78,104,3.0,1.6122336189381579,1.6605153227093354,1.1998693460953958,1.6255159,1.529945911925528
78,105,2.0,1.6354951905133106,1.5939084439994715,1.2001083099950105,1.5973891,1.5118208847959822
78,106,1.0,1.6298374354368372,1.6586238186814943,1.199871213896625,1.5996827,1.5272979610357396
78,107,1.0,1.2169193713636348,1.34341418614583,1.1997837559016948,1.2156147,1.2445271293855946
78,108,1.0,1.6124782480916082,1.6608038572220571,1.1998690827840284,1.6017718,1.5239919198444927
78,109,2.0,1.162033494524414,1.2956200953148276,1.1995423621833885,1.1381602,1.1986233265996742
78,110,1.0,1.2211442325566582,1.2949789075087796,1.1995428511866086,1.2127473,1.232546651191344
78,111,1.0,1.6486545116020246,1.5940687409509835,1.2001066138685064,1.6231738,1.5218032897705092
78,112,1.0,1.214719347493553,1.1129148476547555,1.1997666959586304,1.20506,1.1829291572732699
78,113,1.0,1.231142450789751,1.297351302391157,1.199541245091485,1.1723871,1.2253270183306193
78,114,1.0,1.1678564916796892,1.1142613420474559,1.199758590387938,1.1573049,1.1591626514120168
78,115,1.0,1.73757085003031,1.5945816911958217,1.2001011936136214,1.8723685,1.60833560118362
78,116,1.0,1.1877907988023928,1.135751936098476,1.2004944347394817,1.192668,1.17888879797635
78,117,1.0,1.2472487134802384,1.3434462455361322,1.1997837488845537,1.2156147,1.2522104366486433
78,118,2.0,1.6112929958947833,1.660226788196614,1.1998696151401733,1.6716883,1.5414751771328659
78,119,1.0,1.6989181501538004,1.5945496318055195,1.2001015320627781,1.6955403,1.5532009514836351
78,120,1.0,1.2266861876862871,1.295010966899082,1.1995428257651144,1.2127473,1.2339572149381604
78,121,1.0,1.6857301577893467,1.5954472947339864,1.2000920724037833,1.7339035,1.5599262101085438
78,122,1.0,1.1793592309725625,1.296645995804504,1.1995416644095462,1.1607699,1.2090652104089834
78,123,1.0,1.682278294971463,1.5950625820503577,1.2000961223292193,1.6960963,1.5492611387666702
78,124,1.0,1.2261684881283237,1.1367457771978502,1.2004952017403054,1.197013,1.1899666571049075
78,125,1.0,1.224085788429545,1.2944980166542437,1.1995432446435574,1.1768159,1.2239553415498512
78,126,1.0,1.6497808648037355,1.5942610972927977,1.200104579958601,1.6080896,1.5182683889324473
78,127,1.0,1.1732814785982957,1.1368419553687579,1.200495279609114,1.197013,1.176607336241188
78,128,2.0,1.6434912889310471,1.6600023724644972,1.199869828341699,1.6244261,1.5374468821615679
78,129,1.0,1.6356221049707276,1.6592329470972396,1.199870585585295,1.6350033,1.537973329466443
78,130,1.0,1.2281965913811832,1.2951392044602916,1.1995427251185389,1.2041365,1.232163754768826
78,131,1.0,1.6278234361455055,1.6591367689263326,1.1998706830952097,1.6143008,1.5306666024434286
78,132,1.0,1.174346032473109,1.295844511046944,1.1995422006426717,1.1717614,1.2104124483436847
78,133,1.0,1.6383099851293503,1.5939725627800763,1.200107631407657,1.6147628,1.5170045050702918
78,134,1.0,1.0901170172356809,1.2946262542154532,1.1995431374777097,1.1596085,1.1856728070505902
78,135,1.0,1.1673474162558406,1.1334436599967035,1.2004929170524041,1.1556079,1.1636273498393521
78,136,1.0,1.7256665821952242,1.5937481470479595,1.2001100072021729,1.765352,1.5776713685684784
78,137,1.0,1.2052944359172513,1.1363610645142213,1.200494896702852,1.2008309,1.185565840850386
78,138,2.0,1.1893684263121547,1.1122095410681025,1.1997709405824712,1.2217907,1.180626673255164
78,139,1.0,1.3937216614031,1.1112798187493333,1.1997765343064424,1.284641,1.248223804373537
78,140,1.0,1.7160649934189822,1.593555790706145,1.2001120453096752,1.6911229,1.5561583682282825
78,141,1.0,1.2717998956694618,1.294113303970615,1.1995435759017783,1.1666394,1.2333230683288487
78,142,2.0,1.649432108389267,1.6567643740439553,1.1998732895966973,1.6478754,1.5441449289746743
78,143,1.0,1.6239492251003906,1.6593932440487515,1.1998704244694187,1.6188318,1.530912933650284
78,144,3.0,1.3226161896715858,1.1086509487445368,1.199792339753236,1.3433998,1.2446360623949992
78,145,2.0,1.300381331618169,1.1112477593590309,1.1997767271581485,1.284641,1.2245948713990797
78,146,1.0,1.1402614327319112,1.1115683532620548,1.1997747985154812,1.1906548,1.1600538582188997
78,147,1.0,1.5419945162259583,1.5927543059485851,1.2001205542745537,1.6661373,1.5054997852939798
78,148,1.0,1.1318802805259205,1.1340527884124494,1.2004932818467118,1.1305165,1.1483718574560684
78,149,2.0,1.174020620047014,1.2954918577536179,1.1995424567258655,1.1824814,1.2129899126804988
78,150,1.0,1.168089637358588,1.295171263850594,1.199542700209996,1.2041365,1.2169610918149862
78,151,2.0,1.6455296306926848,1.6590085313651228,1.199870814095885,1.6465442,1.5433832981565572
78,152,1.0,1.616689144245094,1.5952549383921721,1.2000940965759448,1.5530947,1.4960404871293835
78,153,1.0,1.4905884039085384,1.3405929597992192,1.199784560360915,1.3965317,1.359462139123411
78,154,2.0,1.1464576941189744,1.1325780564585388,1.2004924425435997,1.1340625,1.1525967739751664
78,155,1.0,1.1499967747250015,1.1324498188973298,1.2004923766196869,1.1340625,1.1534599121794056
78,156,1.0,1.6657183416309862,1.6576620369724224,1.1998722578591023,1.6656135,1.5530419394310644
78,157,1.0,1.145141611414295,1.1318727498718864,1.200492093900536,1.1379697,1.1530871089915102
78,158,1.0,1.6826195659916972,1.5955114135145911,1.2000913980318473,1.7215296,1.5559819615676518
78,159,1.0,1.1527414772079905,1.2936644725063815,1.19954398087498,1.2332882,1.2201715777763533
91,1,1.0,1.6367290819546338,1.5961846607109413,1.2000843277708706,1.6434928,1.5245261053948425
91,2,1.0,1.2309174317897247,1.1134598572898962,1.1997634154468366,1.2185128,1.1906151825667035
91,3,2.0,1.6125187227823958,1.5941008003412858,1.2001062747702174,1.5391598,1.4911225187977402
91,4,1.0,1.6122336189381579,1.6605153227093354,1.1998693460953958,1.6255159,1.529945911925528
91,5,1.0,1.1851792797756784,1.1380281528099463,1.2004962929269214,1.1472574,1.167159516957264
91,6,2.0,1.6788462459049018,1.5935237313158428,1.20011238515351,1.6911229,1.5467316951118004
91,7,1.0,1.7009979723964577,1.594453453634612,1.2001025476161822,1.7277116,1.5619530261078838
91,8,1.0,1.1200889562682492,1.1387334593965985,1.200496941986097,1.1608044,1.1543401947173555
91,9,1.0,1.180365182569958,1.3451453932221593,1.199783445803715,1.1812984,1.2269147512518959
91,10,1.0,1.6251788495266977,1.6600985506354042,1.1998697365431303,1.5986786,1.5262344065817814
91,11,1.0,1.1655084232770827,1.3470689566403031,1.1997832664888608,1.1679827,1.2202271808038234
91,12,1.0,1.1528061755212269,1.1394708253735535,1.200497657763292,1.165429,1.163992363854209
91,13,1.0,1.6318114189284005,1.659425303439054,1.1998703924589302,1.5205693,1.507712646871817
91,14,1.0,1.1666255776830206,1.1143895796086656,1.1997578183031676,1.1738906,1.1631366017112075
91,15,1.0,1.6176861899956732,1.6598741349032875,1.1998699517297846,1.626861,1.53150856479834
91,16,1.0,1.1615998727861083,1.297511599342669,1.1995411566567962,1.1723871,1.2077689969414074
91,17,1.0,1.184831186772446,1.3449209774900426,1.1997834780786383,1.186647,1.2293597349341518
91,18,2.0,1.737201507185827,1.5956396510758006,1.2000900498148435,1.7762643,1.583862664153016
91,19,1.0,1.6640730079202413,1.660290906977219,1.19986955485377,1.6706413,1.5545795010994667
91,20,1.0,1.1146378917545126,1.297447480562064,1.1995411917189822,1.1723871,1.1958684988782293
91,21,1.0,1.1878571568483505,1.3457545216379048,1.199783370141789,1.1772541,1.227927721369589
91,22,1.0,1.1950036108318798,1.1392464096414372,1.2004974358836222,1.180394,1.1784516617597092
91,23,1.0,1.1962294905989044,1.1133316197286864,1.1997641873736822,1.2022048,1.1776228017854602
91,24,1.0,1.1960361251648353,1.139182290860832,1.2004973731397937,1.1586083,1.1731100567721684
91,25,1.0,1.1602803836227449,1.297671896294181,1.1995410707586827,1.171293,1.2071950404885974
91,26,1.0,1.6531502643013911,1.659329125268147,1.1998704887032636,1.6188318,1.5382863885235167
91,27,1.0,1.1747477588350976,1.3456262840766953,1.1997833846153974,1.1772541,1.224577785786181
91,28,1.0,1.1785778702199394,1.1395990629347637,1.2004977861366952,1.165429,1.1705466761181191
91,29,1.0,1.5458112780531648,1.5936519688770523,1.2001110260646615,1.5600686,1.47949072883069
91,30,1.0,1.1617713067784192,1.1137483918026176,1.1997616785274745,1.1699439,1.1607347709058184
91,31,1.0,1.1707888739857695,1.2959406892178515,1.199542132942508,1.1635165,1.207422324429588
91,32,2.0,1.7270439873396486,1.6619900546632458,1.1998680602646739,1.70775,1.5804606815108844
91,33,1.0,1.6497808648037355,1.5942610972927977,1.200104579958601,1.6080896,1.5182683889324473
91,34,1.0,1.155678067114136,1.296806292756016,1.1995415647802636,1.176445,1.2071326032116598
91,35,1.0,1.670538944496338,1.594677869366729,1.2001001785789074,1.6463499,1.5334372005434815
91,36,1.0,1.214835327556555,1.343798898829459,1.199783674871381,1.2073308,1.2419727947265295
91,37,1.0,1.14180659030177,1.298505440442043,1.1995406650596403,1.3055766,1.2371659953104115
91,38,2.0,1.6587266048919043,1.6595856003905662,1.1998702334682412,1.6826407,1.556125266082067
91,39,1.0,1.7790715325271058,1.5933634343643308,1.2001140849812464,1.7478876,1.586611245713172
91,40,1.0,1.2909123459074747,1.2978001338553904,1.1995410038643917,1.171293,1.2402854275904311
91,41,1.0,1.1767912928448814,1.13834874671297,1.200496583641619,1.171278,1.1712777603167341
91,42,1.0,1.6547668921339624,1.6592970658778445,1.199870520923126,1.6306647,1.541721772870909
91,43,1.0,1.1783301167227072,1.3456583434669978,1.1997833809270952,1.1772541,1.2254924556162234
91,44,2.0,1.219088513034081,1.2978321932456929,1.1995409874059677,1.171293,1.2221176729573062
91,45,1.0,1.2193809321215783,1.297383361781459,1.1995412272029535,1.1723871,1.2223587367727715
91,46,2.0,1.1332318777086245,1.138669340615994,1.2004968815409613,1.1538677,1.1558711136360023
91,47,1.0,1.1801114677207458,1.1395349441541582,1.200497721805008,1.165429,1.1709185296770048
91,48,1.0,1.2495201853623685,1.2987298561741598,1.1995405675744915,1.3055766,1.2644809524003222
91,49,1.0,1.1667445849663711,1.138765518786901,1.200496972313483,1.1608044,1.1661550692488591
91,50,1.0,1.7183516122643658,1.66070767905115,1.1998691699195627,1.6050233,1.5515939080769492
91,51,1.0,1.1791586777577943,1.1146139953407823,1.1997564671059282,1.1817158,1.1683713997342504
91,52,1.0,1.1603551797927067,1.2969986490978305,1.1995414485973603,1.1669071,1.2059189753034747
91,53,2.0,1.6340731500529824,1.5940046221703785,1.2001072921860267,1.6769178,1.5318791155468103
91,54,1.0,1.7052251320842695,1.5929146029000971,1.2001188503136524,1.6580455,1.544772352013882
91,55,1.0,1.1286513464769943,1.139791419276578,1.2004979808611715,1.1656498,1.1580175320964163
91,56,3.0,1.637026977057564,1.6599382536838925,1.1998698898947675,1.626861,1.536419189247793
91,57,2.0,1.6122336189381579,1.6605153227093354,1.1998693460953958,1.6255159,1.529945911925528
91,58,1.0,1.6383099851293503,1.5939725627800763,1.200107631407657,1.6147628,1.5170045050702918
91,59,1.0,1.1565934490579322,1.1402723101311139,1.2004984790348745,1.1787317,1.1685650910206968
91,60,3.0,1.69355536065839,1.5944213942443097,1.2001028862418013,1.6932174,1.5512160153693846
91,61,2.0,1.6657266322143993,1.5961205419303368,1.2000850002903631,1.6434928,1.5318482094353745
91,62,1.0,1.6243094111443932,1.5953831759533816,1.2000927469480713,1.6308172,1.5179318561905235
91,63,2.0,1.164867643575325,1.1141972232668511,1.1997589764212349,1.1573049,1.158390153976526
91,64,1.0,1.1820316222874074,1.114357520218363,1.199758011323549,1.1738906,1.167027214907564
91,65,1.0,1.149062960187214,1.2977360150747854,1.1995410371126474,1.171293,1.2043725578775386
91,66,1.0,1.1774382909095145,1.3450171556609498,1.1997834639556777,1.186647,1.2275132115450025
91,67,2.0,1.6531502643013911,1.659329125268147,1.1998704887032636,1.6188318,1.5382863885235167
91,68,1.0,1.6409925853598544,1.5947419881473337,1.2000995020952943,1.5928975,1.5122691116903564
91,69,1.0,1.1813883639972784,1.1387975781772037,1.2004970027155075,1.1608044,1.1698689695946223
91,70,1.0,1.682278294971463,1.5950625820503577,1.2000961223292193,1.6960963,1.5492611387666702
91,71,2.0,1.1889368387185244,1.346010996760324,1.1997833435097096,1.1983749,1.2336819703113775
91,72,1.0,1.207773957786137,1.3459148185894168,1.19978335313242,1.2058796,1.2403490427727888
91,73,1.0,1.2112550331461052,1.1130751446062674,1.1997657311517644,1.1982279,1.180340818689452
91,74,2.0,1.7393000651761374,1.5955755322951959,1.2000907238337526,1.7838182,1.5863147542583305
91,75,1.0,1.6826195659916972,1.5955114135145911,1.2000913980318473,1.7215296,1.5559819615676518
91,76,1.0,1.1582552313045216,1.1138125105832224,1.1997612925286305,1.1699439,1.1598611211055532
91,77,1.0,1.661907239367197,1.5937802064382618,1.200109667673502,1.6767758,1.5388302428359375
91,78,1.0,1.2052291474555978,1.3441515521227851,1.1997836066682077,1.1971539,1.2370213352206834
91,79,1.0,1.6137169675985765,1.5948061069279384,1.2000988257846814,1.5363746,1.4908882534696644
91,80,1.0,1.1813883639972784,1.1387975781772037,1.2004970027155075,1.1608044,1.1698689695946223
91,81,1.0,1.1537194300630726,1.3454339277348808,1.1997834077867173,1.1771342,1.2191768919076953
91,82,1.0,1.6497814421376986,1.5950305226600552,1.2000964601105981,1.5927073,1.5145167433831432
91,83,1.0,1.1764589599951116,1.3447927399288329,1.199783497581752,1.186647,1.2272085973148523
91,84,1.0,1.2271144032019203,1.1122736598487077,1.1997705547458068,1.2217907,1.1901948700363234
91,85,1.0,2.0925288239492223,1.6619579952729433,1.1998680866305877,1.70775,1.6729428014764254
91,86,1.0,1.1627522959222671,1.2952353826311989,1.1995426507001048,1.1671798,1.2061496098773183
91,87,1.0,1.1841408832674998,1.345049215051252,1.1997834593437902,1.186647,1.229217493103075
91,88,1.0,1.2183604884899963,1.1126904319226387,1.1997680466174006,1.20506,1.1837941203964797
91,89,1.0,1.6989181501538004,1.5945496318055195,1.2001015320627781,1.6955403,1.5532009514836351
91,90,1.0,1.2158129478688313,1.1127224913129412,1.1997678536712526,1.20506,1.1831575025396717
91,91,4.0,1.6245705964842807,1.660547382099638,1.199869316552727,1.6255159,1.5330760348529453
91,92,3.0,1.6486995675776919,1.5949343444891482,1.2000974736995584,1.6406729,1.5265189678856756
91,93,2.0,1.6541293114767854,1.5938443252188668,1.200108988747812,1.6307818,1.525083474412114
91,94,1.0,1.3053975929118564,1.5917284054589087,1.2001314853802045,1.4824979,1.3982774143299561
91,95,1.0,1.1525160835764994,1.140304369521416,1.2004985128228531,1.1787317,1.1675413868670628
91,96,1.0,1.179550245618828,1.1138766293638274,1.1997609065240746,1.1672432,1.164573662354571
91,97,1.0,1.1894108352150787,1.3460751155409287,1.199783337332798,1.1983749,1.2338181452301622
91,98,1.0,1.14180659030177,1.298505440442043,1.1995406650596403,1.3055766,1.2371659953104115
91,99,1.0,1.1578081833053904,1.13902199390932,1.2004972175370339,1.1586083,1.1633954255253012
91,100,1.0,1.7445512054835501,1.5935878500964475,1.2001117055128943,1.7806064,1.586321945747485
91,101,1.0,1.1711023091270283,1.296485698852992,1.199541766569258,1.1644905,1.207889220423443
91,102,1.0,1.714516891023449,1.6596817785614733,1.1998701389158646,1.7684348,1.5922686694620163
91,103,1.0,1.1265059058019975,1.3433180079749227,1.1997837772408781,1.1943103,1.2161593942859428
91,104,4.0,1.7596638755459244,1.595992304369127,1.2000863458668196,1.729672,1.577687433977528
91,105,3.0,1.6266778499042183,1.5947740475376362,1.200099163907706,1.5928975,1.5086546326115364
91,106,2.0,1.625293528647811,1.6598420755129852,1.199869982747588,1.621523,1.5320567350034626
91,107,1.0,1.5855926860293372,1.6585276405105869,1.1998713154306027,1.5772818,1.5103326252608533
91,108,1.0,1.189290764715959,1.3438630176100634,1.1997836620409938,1.2073308,1.2355246663087316
91,109,1.0,1.175657219066553,1.2958124516566418,1.1995422234114523,1.1717614,1.2107361518986768
91,110,1.0,1.147917920049619,1.138252568542063,1.2004964956722075,1.171278,1.1639466546121136
91,111,1.0,1.6145848027634342,1.5931710780225163,1.2001161262208184,1.5964175,1.5060953751629007
91,112,2.0,1.210001675651502,1.1374831431748054,1.2004958151716019,1.1765636,1.1808182134187555
91,113,1.0,1.1270000281752588,1.1387014000062965,1.2004969117275397,1.1608044,1.1560810023723258
91,114,1.0,1.2042303542734463,1.343574483097342,1.1997837212982403,1.185923,1.2337425649862404
91,115,1.0,1.6788340554412886,1.5963449576624533,1.200082647242252,1.6928794,1.547885925916702
91,116,1.0,1.1646061177235811,1.2966780551948065,1.1995416442783233,1.1607699,1.205339870204891
91,117,2.0,1.7534697414980878,1.5955434729048936,1.2000910609130824,1.7838182,1.5898925241580197
91,118,1.0,1.651591532856273,1.5928504841194924,1.200119531769465,1.6580455,1.5311836761576743
91,119,1.0,1.2228114152873832,1.344311849074297,1.1997835775924242,1.1937002,1.2406256271199103
91,120,6.0,1.6443503518292182,1.594196978512193,1.2001052577588711,1.6076175,1.5167570117934839
91,121,5.0,1.6786980416982942,1.5942290379024955,1.2001049188321018,1.7540394,1.5630049570669975
91,122,4.0,1.6340731500529824,1.5940046221703785,1.2001072921860267,1.6769178,1.5318791155468103
91,123,3.0,1.686558526761332,1.6583032247784704,1.199871554822151,1.6742713,1.5606980696085875
91,124,2.0,1.73757085003031,1.5945816911958217,1.2001011936136214,1.8723685,1.60833560118362
91,125,1.0,1.7566611343214578,1.5936199094867498,1.2001113657679758,1.7806064,1.5893945376803496
91,126,2.0,1.1925657758310315,1.1123377786293123,1.1997701689025944,1.1833042,1.1715987615823518
91,127,1.0,1.197259424686416,1.113523976070501,1.1997630294787969,1.206647,1.1790709759589721
91,128,1.0,1.180365182569958,1.3451453932221593,1.199783445803715,1.1812984,1.2269147512518959
91,129,1.0,1.2490322393233169,1.296870411536621,1.1995415256518334,1.176445,1.2307731886790805
91,130,1.0,1.1579776899238532,1.1370984304911764,1.2004954903990281,1.1749771,1.1671486686753103
91,131,1.0,1.20446815651791,1.3451774526124618,1.1997834413854926,1.1812984,1.233022403603226
91,132,1.0,1.1690728709977911,1.1377075589069223,1.2004960093860482,1.1673003,1.1681421123599618
91,133,1.0,1.1926127509425903,1.1140369263153391,1.199759941492091,1.1769835,1.170417351135681
91,134,1.0,1.2052291474555978,1.3441515521227851,1.1997836066682077,1.1971539,1.2370213352206834
91,135,1.0,1.6786980416982942,1.5942290379024955,1.2001049188321018,1.7540394,1.5630049570669975
91,136,1.0,1.1901380509559807,1.344055373951878,1.1997836246943803,1.1971539,1.2331780214293706
91,137,1.0,1.1705817624103654,1.2952033232408966,1.1995426754066847,1.1671798,1.2081228411089526
91,138,1.0,1.208243358902439,1.3458827591991143,1.1997833564350124,1.2058796,1.2404597180127381
91,139,2.0,1.651591532856273,1.5928504841194924,1.200119531769465,1.6580455,1.5311836761576743
91,140,1.0,1.631787136432771,1.6587841156330063,1.1998710460821231,1.6168957,1.5322459028991107
91,141,1.0,1.1646061177235811,1.2966780551948065,1.1995416442783233,1.1607699,1.205339870204891
91,142,1.0,1.1628723021328173,1.1136522136317102,1.1997622575157523,1.1740649,1.162045949710087
91,143,4.0,1.661907239367197,1.5937802064382618,1.200109667673502,1.6767758,1.5388302428359375
91,144,3.0,1.6243094111443932,1.5953831759533816,1.2000927469480713,1.6308172,1.5179318561905235
91,145,2.0,1.6964860585091739,1.5943893348540072,1.2001032249003727,1.6980873,1.5531984667747167
91,146,1.0,1.6172126408626901,1.594838166318241,1.200098487696658,1.5399392,1.4926949743683937
91,147,1.0,1.1764589599951116,1.3447927399288329,1.199783497581752,1.186647,1.2272085973148523
91,148,1.0,1.2181272655498296,1.1363290051239192,1.2004948717475201,1.2033799,1.1894588445808787
91,149,1.0,1.311834309471983,1.34274093894948,1.1997839143133906,1.2598268,1.279713681263965
91,150,2.0,1.6354951905133106,1.5939084439994715,1.2001083099950105,1.5973891,1.5118208847959822
91,151,1.0,1.6266778499042183,1.5947740475376362,1.200099163907706,1.5928975,1.5086546326115364
91,152,1.0,1.1894108352150787,1.3460751155409287,1.199783337332798,1.1983749,1.2338181452301622
91,153,1.0,1.1666735971339255,1.114838411072899,1.1997551158545565,1.1872948,1.1666990342540378
91,154,1.0,1.6486995675776919,1.5949343444891482,1.2000974736995584,1.6406729,1.5265189678856756
91,155,1.0,1.1733275755381443,1.112466016190522,1.1997693971843126,1.1786145,1.1655599649133814
91,156,1.0,1.2052944359172513,1.1363610645142213,1.200494896702852,1.2008309,1.185565840850386
91,157,3.0,1.6401495857442592,1.6585917592911918,1.199871247669215,1.5772818,1.5241550988558052
91,158,2.0,1.6195186385897566,1.658687937462099,1.1998711465526137,1.5996827,1.5247028784266123
91,159,1.0,1.6515503333084272,1.65990619429359,1.1998699207748802,1.626861,1.5400863892996361
91,160,1.0,1.1603551797927067,1.2969986490978305,1.1995414485973603,1.1669071,1.2059189753034747
91,161,1.0,1.6125187227823958,1.5941008003412858,1.2001062747702174,1.5391598,1.4911225187977402
91,162,1.0,1.2782677242165157,1.1110554030172164,1.1997778842360207,1.270983,1.2154479615309697
91,163,1.0,1.1813573295378976,1.1369701929299671,1.2004953844307473,1.202808,1.1801695351978725
91,164,1.0,1.1624957453742188,1.1136842730220131,1.1997620645210303,1.1740649,1.1619587247837222
91,165,1.0,1.1641984339211935,1.2957803922663396,1.1995422462877274,1.1717614,1.2078282642806073
91,166,1.0,1.6164547964911384,1.659168828316635,1.1998706505165428,1.6350033,1.5331066065431087
91,167,1.0,1.226708446165566,1.1349825107312188,1.2004938879538283,1.2090888,1.1927534127155706
91,168,3.0,1.6422989425830403,1.5930107810710044,1.2001178284493685,1.6163131,1.5181705515878223
91,169,2.0,1.6964860585091739,1.5943893348540072,1.2001032249003727,1.6980873,1.5531984667747167
91,170,1.0,1.7256824575030876,1.6602588475869164,1.1998695849703547,1.6716883,1.5704308785449532
91,171,1.0,1.1957860452055677,1.3423882856561535,1.199784005711363,1.271662,1.2532920639677696
91,172,2.0,1.8053115137083255,1.5923695932649564,1.2001246482406087,1.6075764,1.557021735402306
91,173,1.0,1.6172126408626901,1.594838166318241,1.200098487696658,1.5399392,1.4926949743683937
91,174,1.0,1.177568623099113,1.114517817169875,1.1997570461954055,1.1880307,1.169564185020468
91,175,1.0,1.663512919964638,1.5949984632697527,1.2000967979296713,1.6930268,1.5437091358839163
91,176,1.0,1.2080813273212885,1.1361045893918025,1.2004946990563248,1.2081482,1.1880825592766433
91,177,2.0,1.6531502643013911,1.659329125268147,1.1998704887032636,1.6188318,1.5382863885235167
91,178,1.0,1.6464311335412385,1.5938122658285643,1.2001093281874209,1.6307818,1.523127327742583
91,179,1.0,1.2182880292396148,1.1364572426851287,1.2004949719996225,1.2008309,1.1888783790080637
91,180,1.0,1.179550245618828,1.1138766293638274,1.1997609065240746,1.1672432,1.164573662354571
91,181,1.0,1.2073173309526057,1.1365213614657337,1.2004950225541482,1.2008309,1.186118353083686
91,182,1.0,1.1402614327319112,1.1115683532620548,1.1997747985154812,1.1906548,1.1600538582188997
91,183,1.0,1.143955204906209,1.1385411030547845,1.2004967615184707,1.1538677,1.1585522968990523
91,184,1.0,1.21764523345437,1.3436065424876444,1.1997837145220964,1.185923,1.2371454689767503
91,185,1.0,1.178844255014458,1.2975436587329712,1.199541139269112,1.1723871,1.212140999096015
91,186,2.0,1.5970282593915344,1.593235196803121,1.20011544562649,1.5964175,1.5016685502533036
91,187,1.0,1.6455296306926848,1.6590085313651228,1.199870814095885,1.6465442,1.5433832981565572
91,188,1.0,1.320439444144268,1.3427729983397823,1.1997839062909896,1.2598268,1.2818994226703855
91,189,1.0,1.1767596706759436,1.1354634015857545,1.2004942248945158,1.1898227,1.175294554231757
91,190,1.0,1.214719347493553,1.1129148476547555,1.1997666959586304,1.20506,1.1829291572732699
91,191,3.0,1.1506849951962286,1.1118568877747763,1.1997730625496767,1.1643181,1.1560106145840334
91,192,2.0,1.1631560261204048,1.1118248283844738,1.1997732554426752,1.1643181,1.159158488097254
91,193,1.0,1.2147293457014683,1.3446645023676234,1.1997835178574963,1.1930181,1.2384946836121296
91,194,1.0,1.219088513034081,1.2978321932456929,1.1995409874059677,1.171293,1.2221176729573062
91,195,2.0,1.6548800610189838,1.5926901871679804,1.200121236180894,1.5261294,1.4981476665724975
91,196,1.0,1.7445512054835501,1.5935878500964475,1.2001117055128943,1.7806064,1.586321945747485
91,197,1.0,1.2361447141868245,1.3430615328525035,1.1997838362435718,1.2541498,1.2591848686607257
91,198,2.0,1.6443503518292182,1.594196978512193,1.2001052577588711,1.6076175,1.5167570117934839
91,199,1.0,1.6245705964842807,1.660547382099638,1.199869316552727,1.6255159,1.5330760348529453
91,200,1.0,1.2876426094985567,1.3424844638270605,1.1997839802083758,1.2450023,1.2697252746742458
91,201,1.0,1.207826035227389,1.1346619168281946,1.2004936722108965,1.2092868,1.187944598932779
91,202,1.0,1.6497814421376986,1.5950305226600552,1.2000964601105981,1.5927073,1.5145167433831432
91,203,1.0,1.4003971779254725,1.2944338978736387,1.1995432988333639,1.1768159,1.2685567944565195
91,204,1.0,1.6396062728829088,1.6572773242887937,1.1998726932553476,1.6433843,1.5406363715345548
91,205,1.0,1.1664430100730698,1.2965818770238993,1.1995417049655492,1.1644905,1.206734454510518
91,206,2.0,1.7311058970967343,1.6580467496560511,1.1998718326599376,1.6860936,1.5749381075915518
91,207,1.0,1.654953975643439,1.6566681958730483,1.1998734034196412,1.6478754,1.5455179902914957
91,208,1.0,1.1561930158278515,1.1116324720426596,1.199774412760793,1.1906548,1.1641016666875448
91,209,1.0,1.2863046187191762,1.3430935922428062,1.1997838287000102,1.2541498,1.2718865323211366
91,210,1.0,1.5855926860293372,1.6585276405105869,1.1998713154306027,1.5772818,1.5103326252608533
91,211,2.0,1.1458775198416213,1.295684214095432,1.1995423155253067,1.1381602,1.1945510825541497
91,212,1.0,1.1733676395130321,1.2947224323863606,1.1995430581793836,1.1596085,1.2067646741139373
91,213,4.0,1.6497808648037355,1.5942610972927977,1.200104579958601,1.6080896,1.5182683889324473
91,214,3.0,1.6334833545944694,1.6592650064875423,1.1998705532130496,1.6306647,1.5363276186054775
91,215,2.0,1.6787549334372809,1.5934916719255403,1.2001127250213826,1.6414815,1.5339707315245577
91,216,1.0,1.6826195659916972,1.5955114135145911,1.2000913980318473,1.7215296,1.5559819615676518
91,217,1.0,1.2822624260977624,1.110350096430564,1.1997821261086317,1.3040304,1.2247559175923612
91,218,1.0,1.13260265470456,1.132674234629446,1.200492492729302,1.1340625,1.1491149445993518
91,219,1.0,1.1606287902381691,1.2952995014118036,1.1995426015976778,1.172182,1.2069111679543543
91,220,1.0,1.1358401703374092,1.1331230660936795,1.200492735306057,1.1556079,1.1555728983326656
91,221,1.0,1.2552953723781768,1.2951071450699891,1.199542750131107,1.2041365,1.23901331222664
91,222,1.0,1.3937216614031,1.1112798187493333,1.1997765343064424,1.284641,1.248223804373537
91,223,3.0,1.6344020684709426,1.5952869977824744,1.2000937590932914,1.6254233,1.5190786374829577
91,224,2.0,1.6541293114767854,1.5938443252188668,1.200108988747812,1.6307818,1.525083474412114
91,225,1.0,1.6278234361455055,1.6591367689263326,1.1998706830952097,1.6143008,1.5306666024434286
91,226,1.0,1.406817609037073,1.3410097318731506,1.1997844183226631,1.3965317,1.3383683918055298
91,227,2.0,1.6184820156754391,1.6575979181918177,1.1998723297278089,1.6656135,1.5410720239049251
91,228,1.0,1.7951244915072548,1.5921451775328397,1.2001270392580727,1.7873827,1.6004963786780546
91,229,2.0,1.2967282574196306,1.3416188602888957,1.1997842251534894,1.3642677,1.3023894594208791
91,230,1.0,1.337118160682957,1.3411700288246624,1.1997843658253338,1.3228239,1.3018693627546236
91,231,1.0,1.1895405664792986,1.2957162734857348,1.1995422923425585,1.1748031,1.2150051894126754
91,232,1.0,1.162157091064761,1.1124339568002195,1.1997695901184449,1.1786145,1.1627250755420853
91,233,1.0,1.6645194617143122,1.593876384609169,1.2001086493497122,1.763314,1.5617068882807694
91,234,2.0,1.1969769518220648,1.2948186105572677,1.1995429797915362,1.1969984,1.2223517006066131
91,235,1.0,1.2346775032817163,1.2949468481184772,1.1995428767056302,1.2127473,1.2359632972097172
91,236,1.0,1.6254999373061878,1.5932672561934236,1.2001151054004,1.5544634,1.498123125698828
91,237,1.0,1.4003971779254725,1.2944338978736387,1.1995432988333639,1.1768159,1.2685567944565195
91,238,1.0,1.4643535331298798,1.109805086795423,1.1997854030572752,1.3137271,1.2731856525549154
91,239,1.0,1.6249515691216054,1.593139018632214,1.2001164665789699,1.6457299,1.5213562280639272
91,240,1.0,1.3274546032833414,1.3409776724828482,1.199784428961504,1.3965317,1.3182765414302648
91,241,1.0,1.1707888739857695,1.2959406892178515,1.199542132942508,1.1635165,1.207422324429588
91,242,1.0,1.6683067675182843,1.3401441283349858,1.1997847222751101,1.4675099,1.4225236640247028
91,243,1.0,1.6601713967159102,1.594036681560681,1.200106953006346,1.6769178,1.53849161558635
91,244,1.0,1.5866829835961134,1.3401120689446833,1.1997847341985404,1.4675099,1.4018596975096764
93,1,1.0,1.6786980416982942,1.5942290379024955,1.2001049188321018,1.7540394,1.5630049570669975
93,2,1.0,1.1601855357792195,1.2967742333657137,1.1995415845012174,1.1750033,1.2078954351166444
93,3,1.0,1.114901194858356,1.1386372812256915,1.2004968514288386,1.1538677,1.1512241990833665
93,4,1.0,1.218559435271805,1.3458186404185095,1.1997833631913337,1.2058796,1.243054097787076
93,5,2.0,1.627370651852854,1.6609641541735691,1.1998689389608492,1.700251,1.553054742168965
93,6,1.0,1.7206226509320985,1.5954793541242887,1.200091735200249,1.7215296,1.5655910552141044
93,7,1.0,1.245156801620288,1.3445362648064139,1.199783538904915,1.2311598,1.2559431749546086
93,8,1.0,1.1529906465396835,1.2977039556844832,1.1995410538873428,1.171293,1.2053583959768024
93,9,1.0,1.1774382909095145,1.3450171556609498,1.1997834639556777,1.186647,1.2275132115450025
93,10,1.0,1.6503196187156381,1.6600344318547995,1.1998697976770336,1.5986786,1.5325803617469023
93,11,1.0,1.1995688774783066,1.1373869650038984,1.2004957330112556,1.183132,1.1798381103527338
93,12,3.0,1.6266778499042183,1.5947740475376362,1.200099163907706,1.5928975,1.5086546326115364
93,13,2.0,1.6826195659916972,1.5955114135145911,1.2000913980318473,1.7215296,1.5559819615676518
93,14,1.0,1.6608818161739438,1.6607397384414522,1.199869140801079,1.6017718,1.5362247985083768
93,15,1.0,1.2002529265942214,1.1399517162280897,1.2004981451123586,1.2040194,1.1860171121286631
93,16,1.0,1.6444319011895216,1.6597779567323805,1.199870044997246,1.6256385,1.5379390733667986
93,17,1.0,1.2271144032019203,1.1122736598487077,1.1997705547458068,1.2217907,1.1901948700363234
93,18,1.0,1.6405668764300332,1.5949022850988457,1.200097811659454,1.6283349,1.5212889582460065
93,19,1.0,1.177568623099113,1.114517817169875,1.1997570461954055,1.1880307,1.169564185020468
93,20,1.0,1.1504888857191586,1.3452095120027643,1.1997834370169735,1.1812984,1.2193704276719217
93,21,1.0,1.133596427870219,1.1379319746390388,1.2004962071114282,1.1472574,1.1540815115893461
93,22,1.0,1.6405668764300332,1.5949022850988457,1.200097811659454,1.6283349,1.5212889582460065
93,23,1.0,1.1265059058019975,1.3433180079749227,1.1997837772408781,1.1943103,1.2161593942859428
93,24,1.0,1.1507262381774244,1.1381243309808533,1.2004963793858585,1.1898162,1.169378710688997
93,25,2.0,1.6444319011895216,1.6597779567323805,1.199870044997246,1.6256385,1.5379390733667986
93,26,1.0,1.6826195659916972,1.5955114135145911,1.2000913980318473,1.7215296,1.5559819615676518
93,27,1.0,1.2243192338563882,1.1150307674147135,1.1997539575993141,1.2129347,1.1879103304510283
93,28,1.0,1.159803002799498,1.2958765704372466,1.1995421779774313,1.1665279,1.205398213470138
93,29,1.0,1.1418892786182742,1.3470368972500006,1.1997832680428435,1.1679827,1.2142419664515511
93,30,1.0,1.1694792854407818,1.1120492441165906,1.1997719051440832,1.169864,1.1622373301143165
93,31,1.0,1.1410355504212701,1.2959727486081538,1.1995421105774098,1.1635165,1.1999010044537775
93,32,1.0,1.2052291474555978,1.3441515521227851,1.1997836066682077,1.1971539,1.2370213352206834
93,33,1.0,1.139705767220804,1.296068926779061,1.1995420440915832,1.1635165,1.1995888104387902
93,34,1.0,1.1860340430832692,1.1126583725323362,1.19976823956202,1.20506,1.1756054668574634
93,35,1.0,1.1507993378106427,1.2961971643402705,1.1995419568733328,1.1635165,1.2024285999653084
93,36,1.0,1.2042303542734463,1.343574483097342,1.1997837212982403,1.185923,1.2337425649862404
93,37,1.0,1.5965162910159112,1.5958961261982199,1.20008735549997,1.6252414,1.5095971829104224
93,38,1.0,1.1589307201610433,1.2965177582432945,1.1995417459361912,1.1644905,1.2048171651130728
93,39,1.0,1.6122336189381579,1.6605153227093354,1.1998693460953958,1.6255159,1.529945911925528
93,40,1.0,1.2021417342072835,1.138829637567506,1.2004970331874638,1.1608044,1.1751289736982637
93,41,1.0,1.6258764365241105,1.5939405033897738,1.200107970672896,1.5973891,1.5093947786631672
93,42,1.0,1.1693001314271694,1.1390540532996227,1.2004972485110714,1.1586083,1.1663117182099596
93,43,1.0,1.1537194300630726,1.3454339277348808,1.1997834077867173,1.1771342,1.2191768919076953
93,44,1.0,1.6503196187156381,1.6600344318547995,1.1998697976770336,1.5986786,1.5325803617469023
93,45,1.0,1.1728941344374553,1.3453377495639738,1.199783420024466,1.1771342,1.2240049397474555
93,46,1.0,1.2088238662902318,1.1150628268050156,1.1997537645519085,1.2129347,1.183997113024613
93,47,1.0,1.6122336189381579,1.6605153227093354,1.1998693460953958,1.6255159,1.529945911925528
93,48,3.0,1.179550245618828,1.1138766293638274,1.1997609065240746,1.1672432,1.164573662354571
93,49,2.0,1.197186030289147,1.1129469070450577,1.1997665030008162,1.20506,1.1785002127977129
93,50,1.0,1.1628723021328173,1.1136522136317102,1.1997622575157523,1.1740649,1.162045949710087
93,51,1.0,1.663181506159617,1.5949664038794504,1.2000971357858055,1.6930268,1.543617234947416
93,52,1.0,1.1482043438678826,1.1139407481444321,1.1997605205142208,1.1769835,1.1591550810806543
93,53,1.0,1.1238941612170599,1.1378037370778296,1.2004960936941813,1.1383672,1.149313971955641
93,54,1.0,1.142879503758128,1.296229223730573,1.1995419353229304,1.1635165,1.200432500910479
93,55,1.0,1.670538944496338,1.594677869366729,1.2001001785789074,1.6463499,1.5334372005434815
93,56,1.0,1.179550245618828,1.1138766293638274,1.1997609065240746,1.1672432,1.164573662354571
93,57,4.0,1.6989181501538004,1.5945496318055195,1.2001015320627781,1.6955403,1.5532009514836351
93,58,3.0,1.6243094111443932,1.5953831759533816,1.2000927469480713,1.6308172,1.5179318561905235
93,59,2.0,1.6865421200232538,1.5933313749740283,1.2001144250761036,1.7478876,1.5631875598339626
93,60,1.0,1.670538944496338,1.594677869366729,1.2001001785789074,1.6463499,1.5334372005434815
93,61,2.0,1.1528659201319813,1.137867855858434,1.2004961502581193,1.1383672,1.1566618549605048
93,62,1.0,1.1579776899238532,1.1370984304911764,1.2004954903990281,1.1749771,1.1671486686753103
93,63,1.0,1.6318114189284005,1.659425303439054,1.1998703924589302,1.5205693,1.507712646871817
93,64,1.0,1.2163226168976773,1.296293342511178,1.199541892524547,1.1644905,1.2192841018228981
93,65,1.0,1.1681838269418494,1.1137804511929201,1.1997614855297487,1.1699439,1.1623656015607333
93,66,1.0,1.6505043980502299,1.6592008877069373,1.199870618013801,1.6350033,1.541731363062393
93,67,1.0,1.1490684208386956,1.1139086887541296,1.1997607135214599,1.1672432,1.156867946081218
93,68,1.0,1.1707357437265202,1.1377396182972246,1.2004960374172005,1.1673003,1.168571041477711
93,69,2.0,1.6299492623952174,1.594132859731588,1.200105935721986,1.6336982,1.5197846106618178
93,70,1.0,1.6980069156075408,1.594517572415217,1.2001018705334519,1.6955403,1.5529623202505363
93,71,2.0,1.1713377399962774,1.1376754995166198,1.2004959814255207,1.1673003,1.1687071443933998
93,72,1.0,1.1690333362861518,1.140208191350509,1.2004984116718809,1.1787317,1.1716969084559297
93,73,1.0,1.7596638755459244,1.595992304369127,1.2000863458668196,1.729672,1.577687433977528
93,74,1.0,1.2282871878862807,1.2945300760445462,1.1995432176971514,1.1768159,1.225026661590726
93,75,1.0,1.6405668764300332,1.5949022850988457,1.200097811659454,1.6283349,1.5212889582460065
93,76,1.0,1.222407508464582,1.2985695592226478,1.1995406367062211,1.3055766,1.257579222745918
93,77,1.0,1.2040157623218888,1.3457865810282073,1.1997833666400182,1.2058796,1.2393655384973434
93,78,1.0,1.651525826847004,1.6577582151433297,1.1998721506180046,1.6656135,1.5494746705733333
93,79,1.0,1.1984736009431045,1.1392143502511347,1.200497404476826,1.180394,1.1793216630140149
93,80,1.0,1.2472487134802384,1.3434462455361322,1.1997837488845537,1.2156147,1.2522104366486433
93,81,1.0,1.1970008673086914,1.1135560354608032,1.1997628364878061,1.206647,1.1790136121614947
93,82,1.0,1.215818384320786,1.3445683241967163,1.1997835335684472,1.1947109,1.2391800131553816
93,83,1.0,1.2039575422573687,1.1131072039965697,1.1997655381849326,1.1982279,1.178502170173917
93,84,1.0,1.6443503518292182,1.594196978512193,1.2001052577588711,1.6076175,1.5167570117934839
93,85,1.0,1.174299326371559,1.1137163324123154,1.1997618715250307,1.1699439,1.1638970660952839
93,86,3.0,1.7790715325271058,1.5933634343643308,1.2001140849812464,1.7478876,1.586611245713172
93,87,2.0,1.6299943336484668,1.660066491245102,1.199869767077651,1.5986786,1.52744491559163
93,88,1.0,1.682278294971463,1.5950625820503577,1.2000961223292193,1.6960963,1.5492611387666702
93,89,1.0,1.1449305274172912,1.2974154211717617,1.1995412094107734,1.1723871,1.2035262969994698
93,90,3.0,1.5547887875218518,1.6612847480765929,1.199868656607958,1.6894388,1.531995483429424
93,91,2.0,1.560434986574667,1.6595214816099613,1.1998702968533552,1.5186424,1.4891801670998206
93,92,1.0,1.6816285979615382,1.594357275463705,1.2001035636019515,1.6980873,1.5494305794538814
93,93,2.0,1.1952539399627697,1.3442797896839946,1.1997835833102033,1.1937002,1.233643772966708
93,94,1.0,1.4079608393079703,1.3412020882149647,1.1997843554709082,1.3228239,1.3198050444351541
93,95,1.0,1.174346032473109,1.295844511046944,1.1995422006426717,1.1717614,1.2104124483436847
93,96,1.0,1.6932160209809042,1.6610282729541739,1.1998688819194607,1.7047309,1.5708827178829667
93,97,2.0,1.1733275755381443,1.112466016190522,1.1997693971843126,1.1786145,1.1655599649133814
93,98,1.0,1.1678564916796892,1.1142613420474559,1.199758590387938,1.1573049,1.1591626514120168
93,99,1.0,1.6318114189284005,1.659425303439054,1.1998703924589302,1.5205693,1.507712646871817
93,100,1.0,1.2192451507395037,1.136393123904524,1.2004949217310132,1.2008309,1.1891043518893674
93,101,2.0,1.637026977057564,1.6599382536838925,1.1998698898947675,1.626861,1.536419189247793
93,102,1.0,1.6656104074267668,1.658110868436656,1.1998717627729933,1.8031545,1.5883985424288194
93,103,1.0,1.197186030289147,1.1129469070450577,1.1997665030008162,1.20506,1.1785002127977129
93,104,1.0,1.1557043778877547,1.296966589707528,1.1995414677103222,1.1790755,1.2078543492028389
93,105,1.0,1.1998663080991405,1.1129789664353602,1.1997663100418718,1.2066385,1.179591330880723
93,106,1.0,1.4302214268840905,1.3421318105337343,1.1997840758047535,1.3533503,1.333501614890462
93,107,1.0,1.174020620047014,1.2954918577536179,1.1995424567258655,1.1824814,1.2129899126804988
93,108,1.0,1.163166436113935,1.1120813035068933,1.1997717122353169,1.1510646,1.1558270032423907
93,109,2.0,1.6784924548505906,1.5946458099764265,1.2001005168715146,1.6990657,1.5489601112148832
93,110,1.0,1.609176943153174,1.592401652655259,1.2001243068338783,1.6075764,1.5073956127102779
93,111,1.0,1.1848376041964195,1.3440874333421804,1.19978361863603,1.1971539,1.23184479274484
93,112,1.0,1.2163226168976773,1.296293342511178,1.199541892524547,1.1644905,1.2192841018228981
93,113,1.0,1.1952539399627697,1.3442797896839946,1.1997835833102033,1.1937002,1.233643772966708
93,114,1.0,1.6438129656807967,1.5932031374128188,1.2001157859022575,1.5964175,1.5134999369684188
93,115,1.0,1.139705767220804,1.296068926779061,1.1995420440915832,1.1635165,1.1995888104387902
93,116,1.0,1.208129838056029,1.1131713227771745,1.1997651522469928,1.1931311,1.178267142307702
93,117,1.0,1.2490322393233169,1.296870411536621,1.1995415256518334,1.176445,1.2307731886790805
93,118,1.0,1.1845445841293307,1.3449850962706473,1.1997834686149365,1.186647,1.2293034305349246
93,119,4.0,1.6645194617143122,1.593876384609169,1.2001086493497122,1.763314,1.5617068882807694
93,120,3.0,1.6620954019773404,1.6590405907554253,1.199870781247489,1.6465442,1.5475835661776567
93,121,2.0,1.734817574003084,1.657790274533632,1.1998721149969749,1.6656135,1.5705607291307524
93,122,1.0,1.6112929958947833,1.660226788196614,1.1998696151401733,1.6716883,1.5414751771328659
93,123,1.0,1.1793483185926472,1.1146460547310846,1.1997562740739098,1.1817158,1.168427457744136
93,124,1.0,1.6401495857442592,1.6585917592911918,1.199871247669215,1.5772818,1.5241550988558052
93,125,1.0,1.3111684566379722,1.1099974431372375,1.1997842465780442,1.3040304,1.2319821882517992
93,126,1.0,1.1968444972253993,1.1128507288741505,1.1997670818731552,1.20506,1.1783895822812505
93,127,3.0,1.7475472607757327,1.6601626694160092,1.1998696757053013,1.7618678,1.5990649671848318
93,128,2.0,1.6999185129366248,1.5944855130249145,1.2001022090586855,1.7141206,1.5582026860528884
93,129,1.0,1.69355536065839,1.5944213942443097,1.2001028862418013,1.6932174,1.5512160153693846
93,130,1.0,1.2106734482107313,1.343702720658552,1.1997836944817406,1.2029234,1.2397650246875276
93,131,1.0,1.749660213480817,1.6581429278269584,1.199871727929713,1.8031545,1.6096764368705319
93,132,1.0,1.0917055505049802,1.2946583136057557,1.1995431109405124,1.1596085,1.1860829107390454
93,133,1.0,1.1877907988023928,1.135751936098476,1.2004944347394817,1.192668,1.17888879797635
93,134,1.0,1.168089637358588,1.295171263850594,1.199542700209996,1.2041365,1.2169610918149862
93,135,1.0,1.1796819736231487,1.1369381335396649,1.2004953581164126,1.202808,1.1797374474710587
93,136,1.0,1.1624974313169414,1.2964536394626898,1.199541787306144,1.1644905,1.2057035470379514
93,137,1.0,1.1854761579406266,1.1356236985372665,1.2004943407630317,1.192668,1.1782705766114687
93,138,1.0,1.3432338368067809,1.3411379694343601,1.1997843762321396,1.3228239,1.303408895828644
93,139,1.0,1.6243094111443932,1.5953831759533816,1.2000927469480713,1.6308172,1.5179318561905235
93,140,1.0,1.2449926187755755,1.342356226265851,1.1997840143033662,1.271662,1.2657362538626349
93,141,1.0,1.3277241196466252,1.1111836405784261,1.1997771128603565,1.270983,1.2279957516076578
93,142,1.0,1.6164547964911384,1.659168828316635,1.1998706505165428,1.6350033,1.5331066065431087
93,143,1.0,1.2186709338524264,1.111440115700845,1.1997755699998003,1.284641,1.2039654996814697
93,144,2.0,1.7566611343214578,1.5936199094867498,1.2001113657679758,1.7806064,1.5893945376803496
93,145,1.0,1.6865421200232538,1.5933313749740283,1.2001144250761036,1.7478876,1.5631875598339626
93,146,3.0,1.2997602053321697,1.1099333243566327,1.1997846320819117,1.3137271,1.2315656484831703
93,147,2.0,1.4335754235649099,1.3415226821179886,1.1997842545129882,1.3642677,1.3369959086124754
93,148,1.0,1.2033096359342481,1.3439591957809707,1.199783643151095,1.2014924,1.2375994614356312
93,149,3.0,1.3320116807270483,1.109869205576028,1.199785017574657,1.3137271,1.2397111283107285
93,150,2.0,1.3056823708423104,1.1113118781396358,1.1997763414487423,1.284641,1.2259524960068955
93,151,1.0,1.1989717295491955,1.1126263131420338,1.199768432504144,1.2220389,1.1832254331347414
93,152,1.0,1.3704118090562885,1.5924337120455614,1.2001239654726874,1.6075764,1.4469813256736503
93,153,1.0,1.0917055505049802,1.2946583136057557,1.1995431109405124,1.1596085,1.1860829107390454
93,154,2.0,1.182752983081472,1.3432859485846205,1.1997837844467218,1.1943103,1.2303852659326158
93,155,1.0,1.163166436113935,1.1120813035068933,1.1997717122353169,1.1510646,1.1558270032423907
93,156,1.0,1.6289211628686715,1.6589764719748206,1.1998708470290895,1.6244049,1.5334949126827515
93,157,1.0,1.207826035227389,1.1346619168281946,1.2004936722108965,1.2092868,1.187944598932779
93,158,5.0,1.749660213480817,1.6581429278269584,1.199871727929713,1.8031545,1.6096764368705319
93,159,4.0,1.5867686707303585,1.5913116333849775,1.2001359388125368,1.4824979,1.4693772557013867
93,160,3.0,1.6865421200232538,1.5933313749740283,1.2001144250761036,1.7478876,1.5631875598339626
93,161,2.0,1.661907239367197,1.5937802064382618,1.200109667673502,1.6767758,1.5388302428359375
93,162,1.0,1.5855926860293372,1.6585276405105869,1.1998713154306027,1.5772818,1.5103326252608533
93,163,1.0,1.175657219066553,1.2958124516566418,1.1995422234114523,1.1717614,1.2107361518986768
93,164,5.0,1.686688819206026,1.593716087657657,1.2001103467835208,1.765352,1.567799555882409
93,165,4.0,1.6857301577893467,1.5954472947339864,1.2000920724037833,1.7339035,1.5599262101085438
93,166,3.0,1.682278294971463,1.5950625820503577,1.2000961223292193,1.6960963,1.5492611387666702
93,167,2.0,1.6787549334372809,1.5934916719255403,1.2001127250213826,1.6414815,1.5339707315245577
93,168,1.0,1.6249515691216054,1.593139018632214,1.2001164665789699,1.6457299,1.5213562280639272
93,169,1.0,1.212144287405352,1.2949147887281747,1.1995429023204347,1.1969984,1.226214293478039
93,170,3.0,1.3130235978925746,1.3415547415082911,1.1997842446815714,1.3642677,1.306496965173234
93,171,2.0,1.2967282574196306,1.3416188602888957,1.1997842251534894,1.3642677,1.3023894594208791
93,172,1.0,1.3320116807270483,1.109869205576028,1.199785017574657,1.3137271,1.2397111283107285
93,173,1.0,1.174281945932918,1.295588035924525,1.1995423856716452,1.1946213,1.2161934872003668
93,174,1.0,1.6545019298551602,1.6579826308754464,1.1998719028180587,1.6860936,1.5555363654152856
93,175,1.0,1.1056507087927148,1.2944018384833367,1.199543326090032,1.1768159,1.193959635187396
93,176,2.0,1.300381331618169,1.1112477593590309,1.1997767271581485,1.284641,1.2245948713990797
93,177,1.0,1.30678043438662,1.1099012649663305,1.1997848248296774,1.3137271,1.2333341325859766
93,178,2.0,1.5636723790951144,1.5918566430201182,1.2001301165682687,1.4824979,1.463669006724341
93,179,1.0,1.6569723758683623,1.5948702257085432,1.200098149663453,1.6283349,1.525432529641264
93,180,1.0,1.1721453335881773,1.295908629827549,1.1995421554136423,1.1665279,1.2085296927554716
93,181,1.0,1.2856720353815063,1.1107348091141924,1.1997798125082044,1.3334317,1.2332551362797353
93,182,2.0,2.6340493803140275,1.591600167897699,1.2001328548875476,1.4824979,1.7344762134416656
93,183,1.0,1.5737606882839332,1.6584314623396799,1.199871417601685,1.5660717,1.5044394122199538
93,184,1.0,1.337118160682957,1.3411700288246624,1.1997843658253338,1.3228239,1.3018693627546236
93,185,1.0,1.604253516204797,1.6557384735542788,1.1998745365391843,1.5107803,1.49729653500023
93,186,1.0,1.4732660715368118,1.3395349999192403,1.19978495683238,1.4675099,1.3730122357885675
93,187,1.0,1.6143176385625049,1.657533799411213,1.199872401865001,1.6433843,1.5343016207200613
93,188,1.0,1.394231585909098,1.3398876532125668,1.1997848189584348,1.4675099,1.3531008420822903
97,1,1.0,1.682278294971463,1.5950625820503577,1.2000961223292193,1.6960963,1.5492611387666702
97,2,1.0,1.1897682686021678,1.1132354415577792,1.1997647663038908,1.1931311,1.1736366660636082
97,3,2.0,1.627669136926823,1.5930428404613068,1.2001174879205732,1.6163131,1.5144763397416352
97,4,1.0,1.6443503518292182,1.594196978512193,1.2001052577588711,1.6076175,1.5167570117934839
97,5,1.0,1.1552086809251816,1.2970948272687377,1.199541391874867,1.1669071,1.204640918919647
97,6,1.0,1.5592373332112717,1.6594573628293565,1.199870360511831,1.5205693,1.4893550282750523
97,7,1.0,1.1644433865670578,1.137611380736015,1.2004959257203662,1.1765636,1.169321632027616
97,8,2.0,1.665619112242517,1.5951267008309624,1.200095446892932,1.7356517,1.5552048317635476
97,9,1.0,1.663512919964638,1.5949984632697527,1.2000967979296713,1.6930268,1.5437091358839163
97,10,1.0,1.155678067114136,1.296806292756016,1.1995415647802636,1.176445,1.2071326032116598
97,11,1.0,1.1878521982284882,1.112241600458405,1.1997707476672168,1.2217907,1.1802510411453107
97,12,1.0,1.5826559677715926,1.6606115008802427,1.1998692576988754,1.6050233,1.5172302147361272
97,13,1.0,1.2163226168976773,1.296293342511178,1.199541892524547,1.1644905,1.2192841018228981
97,14,1.0,1.1861603325269658,1.1124980755808243,1.1997692042556876,1.1786145,1.1688155118520642
97,15,1.0,1.1077266990631787,1.2974795399523664,1.1995411741406559,1.1723871,1.1941276492989479
97,16,1.0,1.208129838056029,1.1131713227771745,1.1997651522469928,1.1931311,1.178267142307702
97,17,1.0,1.1499009292635085,1.3468445409081862,1.199783278399299,1.1679827,1.216220733090103
97,18,1.0,1.6929127685713812,1.5956717104661031,1.2000897128748378,1.7762643,1.5726629121391569
97,19,2.0,1.2276581230263663,1.1134277978995937,1.1997636084326009,1.2185128,1.189782309055305
97,20,1.0,1.1918420443347708,1.1132675009480817,1.1997645733299789,1.2022048,1.176496372655414
97,21,1.0,1.143955204906209,1.1385411030547845,1.2004967615184707,1.1538677,1.1585522968990523
97,22,1.0,1.208129838056029,1.1131713227771745,1.1997651522469928,1.1931311,1.178267142307702
97,23,1.0,1.1813883639972784,1.1387975781772037,1.2004970027155075,1.1608044,1.1698689695946223
97,24,1.0,1.1886828618755136,1.2962612831208755,1.1995419138723007,1.1635165,1.2120316860762967
97,25,1.0,1.6344020684709426,1.5952869977824744,1.2000937590932914,1.6254233,1.5190786374829577
97,26,1.0,1.164867643575325,1.1141972232668511,1.1997589764212349,1.1573049,1.158390153976526
97,27,1.0,1.2228114152873832,1.344311849074297,1.1997835775924242,1.1937002,1.2406256271199103
97,28,1.0,1.249615899806289,1.13687401475906,1.2004953057067556,1.202808,1.1974188096819791
97,29,1.0,1.1221648596757026,1.2970627678784352,1.1995414106804765,1.1669071,1.1962706836578498
97,30,2.0,1.1838970116125984,1.1145498765601776,1.1997568531668839,1.1817158,1.169554356375224
97,31,1.0,1.1791586777577943,1.1146139953407823,1.1997564671059282,1.1817158,1.1683713997342504
97,32,3.0,1.7183516122643658,1.66070767905115,1.1998691699195627,1.6050233,1.5515939080769492
97,33,2.0,1.6444109324114993,1.5953190571727767,1.2000934216764867,1.6254233,1.5216195308412508
97,34,1.0,1.6620954019773404,1.6590405907554253,1.199870781247489,1.6465442,1.5475835661776567
97,35,1.0,1.184752363251802,1.3463957094439527,1.1997833093808241,1.188075,1.2300790972207083
97,36,2.0,1.737201507185827,1.5956396510758006,1.2000900498148435,1.7762643,1.583862664153016
97,37,1.0,1.6307692611881408,1.6590726501457278,1.1998707484476638,1.6465442,1.5396642238691796
97,38,1.0,1.1452581612593618,1.1394387659832514,1.2004976258488753,1.165429,1.1620741296898713
97,39,2.0,1.714516891023449,1.6596817785614733,1.1998701389158646,1.7684348,1.5922686694620163
97,40,1.0,1.5407083206533545,1.6618938764923386,1.1998681395730542,1.70775,1.5332819343039472
97,41,5.0,1.162033494524414,1.2956200953148276,1.1995423621833885,1.1381602,1.1986233265996742
97,42,4.0,1.2600887296380707,1.2969024709269232,1.1995415062360826,1.1790755,1.2342538174561017
97,43,3.0,1.1590769233571379,1.296613936414202,1.1995416846395008,1.1607699,1.20392442626131
97,44,2.0,1.1664430100730698,1.2965818770238993,1.1995417049655492,1.1644905,1.206734454510518
97,45,1.0,1.1935116646525399,1.2941774227512197,1.1995435196678665,1.1666394,1.2135275254491968
97,46,1.0,1.1265898002801498,1.1379640340293413,1.200496235643971,1.1472574,1.1523165220376468
97,47,1.0,1.1642002232080095,1.2975757181232734,1.1995411219901746,1.1723871,1.2084432639082274
97,48,1.0,1.5970282593915344,1.593235196803121,1.20011544562649,1.5964175,1.5016685502533036
97,49,1.0,1.2112550331461052,1.1130751446062674,1.1997657311517644,1.1982279,1.180340818689452
97,50,1.0,1.6429026964004,1.6593611846584493,1.1998704565542584,1.6188318,1.535701226586844
97,51,1.0,1.1265059058019975,1.3433180079749227,1.1997837772408781,1.1943103,1.2161593942859428
97,52,1.0,1.6989181501538004,1.5945496318055195,1.2001015320627781,1.6955403,1.5532009514836351
97,53,1.0,1.1624957453742188,1.1136842730220131,1.1997620645210303,1.1740649,1.1619587247837222
97,54,2.0,1.6354951905133106,1.5939084439994715,1.2001083099950105,1.5973891,1.5118208847959822
97,55,1.0,1.663181506159617,1.5949664038794504,1.2000971357858055,1.6930268,1.543617234947416
97,56,1.0,1.197259424686416,1.113523976070501,1.1997630294787969,1.206647,1.1790709759589721
97,57,1.0,1.1667709955309205,1.1353031046342426,1.2004941108041318,1.1867164,1.17192965418647
97,58,1.0,1.6964860585091739,1.5943893348540072,1.2001032249003727,1.6980873,1.5531984667747167
97,59,1.0,1.174281945932918,1.295588035924525,1.1995423856716452,1.1946213,1.2161934872003668
97,60,1.0,1.1956231773433048,1.113363679118989,1.1997639943941143,1.2022048,1.1774774342850347
97,61,2.0,1.6348859849667767,1.6589444125845183,1.1998708800247224,1.6244049,1.5349962757388629
97,62,1.0,1.663181506159617,1.5949664038794504,1.2000971357858055,1.6930268,1.543617234947416
97,63,1.0,1.155331817996849,1.1373228462232934,1.2004956785973107,1.1687737,1.1649451470919656
97,64,1.0,1.218559435271805,1.3458186404185095,1.1997833631913337,1.2058796,1.243054097787076
97,65,1.0,1.197489994820806,1.1360404706111975,1.2004946503561782,1.2081482,1.1853860607294702
97,66,2.0,1.6856252350877035,1.5946137505861242,1.2001008552180112,1.6990657,1.5507571122862573
97,67,1.0,1.6278234361455055,1.6591367689263326,1.1998706830952097,1.6143008,1.5306666024434286
97,68,2.0,1.2181272655498296,1.1363290051239192,1.2004948717475201,1.2033799,1.1894588445808787
97,69,1.0,1.1723852129716832,1.1384449248838775,1.2004966722589183,1.1721265,1.1704046969132427
97,70,1.0,1.6340731500529824,1.5940046221703785,1.2001072921860267,1.6769178,1.5318791155468103
97,71,1.0,1.1828371666541877,1.3451133338318573,1.199783450269119,1.1812984,1.2275322038874208
97,72,2.0,1.6258764365241105,1.5939405033897738,1.200107970672896,1.5973891,1.5093947786631672
97,73,1.0,1.6328647218081103,1.6587199968524013,1.19987111299929,1.6168957,1.532502388402354
97,74,1.0,1.2234315868575059,1.1125621943614292,1.199768818382185,1.2220389,1.189399152665719
97,75,1.0,1.21764523345437,1.3436065424876444,1.1997837145220964,1.185923,1.2371454689767503
97,76,1.0,1.2271144032019203,1.1122736598487077,1.1997705547458068,1.2217907,1.1901948700363234
97,77,3.0,1.5419945162259583,1.5927543059485851,1.2001205542745537,1.6661373,1.5054997852939798
97,78,2.0,1.677922192147264,1.5959281855885223,1.2000870189069046,1.6252414,1.5302059345387062
97,79,1.0,1.7256665821952242,1.5937481470479595,1.2001100072021729,1.765352,1.5776713685684784
97,80,1.0,1.169986061948568,1.344728621148228,1.1997835076228134,1.1930181,1.2271880941951343
97,81,1.0,1.197259424686416,1.113523976070501,1.1997630294787969,1.206647,1.1790709759589721
97,82,1.0,1.5737606882839332,1.6584314623396799,1.199871417601685,1.5660717,1.5044394122199538
97,83,1.0,1.2600887296380707,1.2969024709269232,1.1995415062360826,1.1790755,1.2342538174561017
97,84,1.0,1.2338870688994323,1.1134919166801984,1.1997632224639523,1.206647,1.1883319639541972
97,85,1.0,1.6507180106794368,1.5942931566831,1.2001042411327758,1.6080896,1.5185135772471925
97,86,1.0,1.1851792797756784,1.1380281528099463,1.2004962929269214,1.1472574,1.167159516957264
97,87,2.0,1.6660884168575807,1.6603229663675212,1.1998695248261628,1.6706413,1.5550976298561552
97,88,1.0,1.686688819206026,1.593716087657657,1.2001103467835208,1.765352,1.567799555882409
97,89,1.0,1.1701482974740927,1.1142934014377583,1.199758397368022,1.1738906,1.1640038657706997
97,90,1.0,1.2238515999312205,1.1359122330499878,1.2004945538157985,1.192668,1.1880550001580157
97,91,1.0,1.21764523345437,1.3436065424876444,1.1997837145220964,1.185923,1.2371454689767503
97,92,1.0,1.1666196082226283,1.296710114585109,1.1995416242552308,1.1607699,1.2058575158537361
97,93,2.0,1.1402614327319112,1.1115683532620548,1.1997747985154812,1.1906548,1.1600538582188997
97,94,1.0,1.2106734482107313,1.343702720658552,1.1997836944817406,1.2029234,1.2397650246875276
97,95,1.0,1.167345478598189,1.2963574612917825,1.1995418501286734,1.1644905,1.2069060781940681
97,96,1.0,1.651591532856273,1.5928504841194924,1.200119531769465,1.6580455,1.5311836761576743
97,97,2.0,1.296134485725085,1.342420345046456,1.1997839971621125,1.271662,1.2786945253616475
97,98,1.0,1.208815527370304,1.3439271363906684,1.1997836493970588,1.2014924,1.2389846803509001
97,99,6.0,1.6448954341085347,1.5941649191218905,1.200105596714778,1.6336982,1.5235749473115472
97,100,5.0,1.6348859849667767,1.6589444125845183,1.1998708800247224,1.6244049,1.5349962757388629
97,101,4.0,1.6602704524901148,1.6574376212403057,1.1998725106095576,1.6433843,1.5459062063264073
97,102,3.0,1.6486545116020246,1.5940687409509835,1.2001066138685064,1.6231738,1.5218032897705092
97,103,2.0,1.6935149985153197,1.5927222465582829,1.2001208952015985,1.6661373,1.5438357893094734
97,104,1.0,1.6356221049707276,1.6592329470972396,1.199870585585295,1.6350033,1.537973329466443
97,105,2.0,1.2169193713636348,1.34341418614583,1.1997837559016948,1.2156147,1.2445271293855946
97,106,1.0,1.1739344927240871,1.113620154241408,1.1997624505064868,1.1740649,1.1648372996681418
97,107,1.0,1.142190933438374,1.2956521547051298,1.199542338797665,1.1381602,1.1936100411251997
97,108,1.0,1.5592373332112717,1.6594573628293565,1.199870360511831,1.5205693,1.4893550282750523
97,109,1.0,1.216841324116972,1.3443439084645994,1.1997835719189023,1.2004491,1.2408536176162994
97,110,1.0,1.2163226168976773,1.296293342511178,1.199541892524547,1.1644905,1.2192841018228981
97,111,1.0,1.5482818879776317,1.5932993155837258,1.200114765218322,1.5544634,1.4785902244277818
97,112,1.0,1.2033096359342481,1.3439591957809707,1.199783643151095,1.2014924,1.2375994614356312
97,113,1.0,1.1797047826297957,1.1347260356087994,1.2004937147936467,1.2092868,1.1808444220929668
97,114,1.0,1.1534403789380336,1.3422600480949436,1.1997840403766085,1.271662,1.242543552422001
97,115,1.0,1.2549314018348428,1.1109912842366119,1.1997782699100752,1.270983,1.20952629687552
97,116,2.0,1.2053885306355563,1.1359442924402903,1.2004945778430856,1.192668,1.1833908225266097
97,117,1.0,1.1553066358564112,1.1352710452439405,1.2004940881980424,1.1867164,1.1690203450690229
97,118,1.0,1.2042303542734463,1.343574483097342,1.1997837212982403,1.185923,1.2337425649862404
97,119,1.0,1.6434912889310471,1.6600023724644972,1.199869828341699,1.6244261,1.5374468821615679
97,120,1.0,1.4057345412707971,1.1097730274051207,1.1997855957941346,1.3137271,1.258343361555169
97,121,1.0,1.6401495857442592,1.6585917592911918,1.199871247669215,1.5772818,1.5241550988558052
97,122,1.0,1.242107573683515,1.2950750856796869,1.199542775241593,1.2041365,1.2356678779711878
97,123,1.0,1.269715422083157,1.3427088795591775,1.1997839223818947,1.2598268,1.2690468914742152
97,124,1.0,1.151889126256279,1.2941453633609172,1.1995435477348961,1.1666394,1.2029863473449187
97,125,2.0,1.6195186385897566,1.658687937462099,1.1998711465526137,1.5996827,1.5247028784266123
97,126,1.0,1.4987628157643054,1.5923054744843517,1.2001253311740465,1.7873827,1.5255387384115824
97,127,1.0,1.1499967747250015,1.1324498188973298,1.2004923766196869,1.1340625,1.1534599121794056
97,128,1.0,1.2540232469136563,1.3420676917531291,1.1997840938066175,1.3533503,1.2888963761042445
97,129,4.0,1.7622703789021237,1.593395493754633,1.2001137449238828,1.8000718,1.595749447298767
97,130,3.0,1.3561542846195425,1.5916322272880015,1.2001325124478968,1.4824979,1.411097895627206
97,131,2.0,2.2232571532055014,1.5914719303364895,1.2001342250905769,1.4824979,1.630488293225412
97,132,1.0,1.6298374354368372,1.6586238186814943,1.199871213896625,1.5996827,1.5272979610357396
97,133,1.0,1.3244278486142989,1.1108630466754024,1.199779041228996,1.3334317,1.2430950184876033
97,134,2.0,1.7951244915072548,1.5921451775328397,1.2001270392580727,1.7873827,1.6004963786780546
97,135,1.0,1.654953975643439,1.6566681958730483,1.1998734034196412,1.6478754,1.5455179902914957
97,136,1.0,1.3320116807270483,1.109869205576028,1.199785017574657,1.3137271,1.2397111283107285
97,137,1.0,1.6645194617143122,1.593876384609169,1.2001086493497122,1.763314,1.5617068882807694
97,138,1.0,1.1507993378106427,1.2961971643402705,1.1995419568733328,1.1635165,1.2024285999653084
97,139,1.0,1.6505043980502299,1.6592008877069373,1.199870618013801,1.6350033,1.541731363062393
97,140,1.0,1.1439708718518988,1.132000987433096,1.2004921547569063,1.1379697,1.1528233060765767
97,141,1.0,2.6340493803140275,1.591600167897699,1.2001328548875476,1.4824979,1.7344762134416656
97,142,1.0,1.080617640107517,1.2933759379936598,1.1995442517591963,1.2332882,1.2018468417307762
97,143,1.0,1.718082671386667,1.340400603457405,1.1997846286195835,1.4675099,1.4351849223989683
97,144,1.0,1.7961510710281017,1.5934275531449356,1.2001134049086668,1.8000718,1.6043313862879645
98,1,1.0,1.2535071718101798,1.3431256516331085,1.199783821208185,1.2541498,1.263594864743053
98,2,1.0,1.2367746775667114,1.1361687081724072,1.2004947480411399,1.2081482,1.1953599859010942
98,3,1.0,1.6857301577893467,1.5954472947339864,1.2000920724037833,1.7339035,1.5599262101085438
98,4,1.0,1.1956231773433048,1.113363679118989,1.1997639943941143,1.2022048,1.1774774342850347
98,5,1.0,1.199692058219834,1.2954597983633156,1.1995424806202186,1.1824814,1.2194782640218973
98,6,1.0,1.1956231773433048,1.113363679118989,1.1997639943941143,1.2022048,1.1774774342850347
98,7,1.0,1.1619156421861037,1.2964215800723875,1.199541808149663,1.1644905,1.205548210415529
98,8,1.0,1.631787136432771,1.6587841156330063,1.1998710460821231,1.6168957,1.5322459028991107
98,9,1.0,1.1481368016772706,1.1119851253359858,1.199772290952118,1.169864,1.1568202297498364
98,10,1.0,1.7256665821952242,1.5937481470479595,1.2001100072021729,1.765352,1.5776713685684784
98,11,1.0,1.1269257948084714,1.1378999152487366,1.200496178648472,1.1383672,1.1501055215972114
98,12,1.0,1.2029668361747774,1.1125301349711267,1.1997690113160722,1.1786145,1.1730766620103885
98,13,1.0,1.2552953723781768,1.2951071450699891,1.199542750131107,1.2041365,1.23901331222664
98,14,1.0,1.1669269759977592,1.114101045095944,1.199759555467417,1.1717896,1.162601503136525
98,15,1.0,1.6787549334372809,1.5934916719255403,1.2001127250213826,1.6414815,1.5339707315245577
98,16,1.0,1.1667394750908362,1.1369060741493624,1.2004953318783043,1.202808,1.1764540771079368
98,17,1.0,1.5970282593915344,1.593235196803121,1.20011544562649,1.5964175,1.5016685502533036
98,18,1.0,1.189659437682093,1.113203382167477,1.1997649592755215,1.1931311,1.173601057936588
98,19,1.0,1.6935923584937675,1.6595535410002638,1.1998702651186604,1.6826407,1.5649403486756945
98,20,2.0,1.199692058219834,1.2954597983633156,1.1995424806202186,1.1824814,1.2194782640218973
98,21,1.0,1.2163226168976773,1.296293342511178,1.199541892524547,1.1644905,1.2192841018228981
98,22,1.0,1.6164547964911384,1.659168828316635,1.1998706505165428,1.6350033,1.5331066065431087
98,23,1.0,1.2176880777759496,1.1123698380196148,1.199769975972486,1.1833042,1.177964322084303
98,24,2.0,1.66610719329884,1.593074899851609,1.2001171474311862,1.6457299,1.531755077357527
98,25,1.0,1.5840613823230143,1.6606435602705452,1.199869228363115,1.6050233,1.517593977419712
98,26,1.0,1.1897949994607926,1.3458506998088118,1.199783359788921,1.2058796,1.2357830319639667
98,27,1.0,1.6125187227823958,1.5941008003412858,1.2001062747702174,1.5391598,1.4911225187977402
98,28,1.0,1.5026569486995307,1.2981527871487168,1.1995408283162485,1.1932194,1.2995818001878192
98,29,1.0,1.1983047063130448,1.136649599026943,1.2004951245156894,1.2008309,1.183870078888893
98,30,3.0,1.7961510710281017,1.5934275531449356,1.2001134049086668,1.8000718,1.6043313862879645
98,31,2.0,1.6137169675985765,1.5948061069279384,1.2000988257846814,1.5363746,1.4908882534696644
98,32,1.0,1.6044995335161207,1.6608359166123594,1.1998690538742685,1.6017718,1.521980918634977
98,33,1.0,1.1937846733787318,1.1367778365881525,1.2004952276261556,1.197013,1.1817796719237719
98,34,2.0,1.1867472658588345,1.3448568587094376,1.199783487732082,1.186647,1.2298283975136015
98,35,1.0,1.2161524350032373,1.3446003835870186,1.1997835282798759,1.1947109,1.239272660349713
98,36,3.0,1.174838548323692,1.2971589460493425,1.1995413545723521,1.1723871,1.211030003075396
98,37,2.0,1.1641984339211935,1.2957803922663396,1.1995422462877274,1.1717614,1.2078282642806073
98,38,1.0,1.175699264472206,1.2984092622711358,1.1995407083670033,1.1932194,1.2169061970459796
98,39,2.0,1.6258764365241105,1.5939405033897738,1.200107970672896,1.5973891,1.5093947786631672
98,40,1.0,1.6334833545944694,1.6592650064875423,1.1998705532130496,1.6306647,1.5363276186054775
98,41,1.0,1.2648426130067707,1.11230571923901,1.1997703618253037,1.2217907,1.1997505034493736
98,42,1.0,1.219020524445537,1.1400799537892996,1.2004982778145044,1.2040194,1.1907989565231198
98,43,1.0,1.670538944496338,1.594677869366729,1.2001001785789074,1.6463499,1.5334372005434815
98,44,1.0,1.1918420443347708,1.1132675009480817,1.1997645733299789,1.2022048,1.176496372655414
98,45,1.0,1.2763725516779911,1.1125942537517315,1.1997686254447875,1.2220389,1.2028045522465474
98,46,1.0,1.6486545116020246,1.5940687409509835,1.2001066138685064,1.6231738,1.5218032897705092
98,47,1.0,1.2472487134802384,1.3434462455361322,1.1997837488845537,1.2156147,1.2522104366486433
98,48,1.0,1.6448954341085347,1.5941649191218905,1.200105596714778,1.6336982,1.5235749473115472
98,49,1.0,1.1983047063130448,1.136649599026943,1.2004951245156894,1.2008309,1.183870078888893
98,50,1.0,1.199533250460041,1.1131392633868722,1.1997653452171357,1.1982279,1.1773906184039795
98,51,1.0,1.6124782480916082,1.6608038572220571,1.1998690827840284,1.6017718,1.5239919198444927
98,52,1.0,1.1477638417781029,1.1378357964681318,1.2004961219407138,1.1383672,1.155362594433757
98,53,1.0,1.1531654212243294,1.1124018974099172,1.1997697830470389,1.1833042,1.1616441738950982
98,54,1.0,1.2723803944724719,1.3428691765106893,1.1997838825138551,1.2583008,1.2693705450749786
98,55,1.0,1.151753319470013,1.1370663711008742,1.2004954638015086,1.1749771,1.1655653993714266
98,56,3.0,1.6507180106794368,1.5942931566831,1.2001042411327758,1.6080896,1.5185135772471925
98,57,2.0,1.6356221049707276,1.6592329470972396,1.199870585585295,1.6350033,1.537973329466443
98,58,1.0,1.6133633282310609,1.596889967297594,1.200076941708524,1.4974122,1.4813295622388396
98,59,1.0,1.1458775198416213,1.295684214095432,1.1995423155253067,1.1381602,1.1945510825541497
98,60,1.0,1.1828371666541877,1.3451133338318573,1.199783450269119,1.1812984,1.2275322038874208
98,61,2.0,1.665619112242517,1.5951267008309624,1.200095446892932,1.7356517,1.5552048317635476
98,62,1.0,1.6497808648037355,1.5942610972927977,1.200104579958601,1.6080896,1.5182683889324473
98,63,1.0,1.167345478598189,1.2963574612917825,1.1995418501286734,1.1644905,1.2069060781940681
98,64,1.0,1.5592373332112717,1.6594573628293565,1.199870360511831,1.5205693,1.4893550282750523
98,65,1.0,1.208815527370304,1.3439271363906684,1.1997836493970588,1.2014924,1.2389846803509001
98,66,1.0,1.6826195659916972,1.5955114135145911,1.2000913980318473,1.7215296,1.5559819615676518
98,67,1.0,1.1509429406379856,1.296165104949968,1.1995419785177293,1.1635165,1.2024568324802245
98,68,1.0,1.6124782480916082,1.6608038572220571,1.1998690827840284,1.6017718,1.5239919198444927
98,69,1.0,1.2028752659602961,1.1370343117105717,1.2004954372728946,1.1749771,1.178494288520776
98,70,2.0,1.560434986574667,1.6595214816099613,1.1998702968533552,1.5186424,1.4891801670998206
98,71,1.0,1.6784924548505906,1.5946458099764265,1.2001005168715146,1.6990657,1.5489601112148832
98,72,1.0,1.1664430100730698,1.2965818770238993,1.1995417049655492,1.1644905,1.206734454510518
98,73,1.0,1.210001675651502,1.1374831431748054,1.2004958151716019,1.1765636,1.1808182134187555
98,74,1.0,1.6340731500529824,1.5940046221703785,1.2001072921860267,1.6769178,1.5318791155468103
98,75,1.0,1.1896914697166563,1.1133957385092912,1.199763801416547,1.2185128,1.1801663347303828
98,76,1.0,1.2079505688050878,1.3435103643167372,1.1997837349977325,1.2156147,1.2422818027044524
98,77,1.0,1.1410355504212701,1.2959727486081538,1.1995421105774098,1.1635165,1.1999010044537775
98,78,1.0,1.2161524350032373,1.3446003835870186,1.1997835282798759,1.1947109,1.239272660349713
98,79,1.0,1.174838548323692,1.2971589460493425,1.1995413545723521,1.1723871,1.211030003075396
98,80,1.0,1.6344020684709426,1.5952869977824744,1.2000937590932914,1.6254233,1.5190786374829577
98,81,1.0,1.2004788305196719,1.1374190243942006,1.200495760325255,1.183132,1.180076504138128
98,82,1.0,1.7043320137433384,1.657950571485144,1.1998719380016694,1.6860936,1.5681383482267153
98,83,1.0,1.3277241196466252,1.1111836405784261,1.1997771128603565,1.270983,1.2279957516076578
98,84,3.0,1.5970282593915344,1.593235196803121,1.20011544562649,1.5964175,1.5016685502533036
98,85,2.0,1.734817574003084,1.657790274533632,1.1998721149969749,1.6656135,1.5705607291307524
98,86,1.0,1.6932160209809042,1.6610282729541739,1.1998688819194607,1.7047309,1.5708827178829667
98,87,1.0,1.320185551914392,1.3445042054161114,1.1997835442861526,1.2311598,1.2749219689191862
98,88,1.0,1.2271144032019203,1.1122736598487077,1.1997705547458068,1.2217907,1.1901948700363234
98,89,3.0,1.7351881609925968,1.6601947288063115,1.199869645381723,1.7618678,1.595945457760902
98,90,2.0,1.7393000651761374,1.5955755322951959,1.2000907238337526,1.7838182,1.5863147542583305
98,91,1.0,1.661907239367197,1.5937802064382618,1.200109667673502,1.6767758,1.5388302428359375
98,92,1.0,1.1816478466877212,1.3444400866355064,1.1997835551962162,1.2311598,1.2398471535123363
98,93,1.0,1.6409925853598544,1.5947419881473337,1.2000995020952943,1.5928975,1.5122691116903564
98,94,1.0,1.3277241196466252,1.1111836405784261,1.1997771128603565,1.270983,1.2279957516076578
98,95,5.0,1.5970282593915344,1.593235196803121,1.20011544562649,1.5964175,1.5016685502533036
98,96,4.0,1.6503196187156381,1.6600344318547995,1.1998697976770336,1.5986786,1.5325803617469023
98,97,3.0,1.7043160460094233,1.5934596125352378,1.2001130649490561,1.8000718,1.5810994878474844
98,98,2.0,1.6239492251003906,1.6593932440487515,1.1998704244694187,1.6188318,1.530912933650284
98,99,1.0,1.5813197765184694,1.5929787216807019,1.200118169024351,1.6163131,1.5027310259125346
98,100,1.0,1.1582552313045216,1.1138125105832224,1.1997612925286305,1.1699439,1.1598611211055532
98,101,1.0,1.296830874122851,1.343157711023411,1.1997838137589942,1.2591685,1.2758535307243029
98,102,1.0,1.6549555417396147,1.6589123531942158,1.1998709130955858,1.6244049,1.5400670074352232
98,103,1.0,1.192919065672242,1.1128827882644532,1.1997668889159245,1.20506,1.1774042729525176
98,104,1.0,1.1644433865670578,1.137611380736015,1.2004959257203662,1.1765636,1.169321632027616
98,105,1.0,1.1574683578719227,1.29632540190148,1.1995418712736134,1.1644905,1.2043984489063067
98,106,1.0,1.1861603325269658,1.1124980755808243,1.1997692042556876,1.1786145,1.1688155118520642
98,107,1.0,1.2028469718447954,1.1360084112208952,1.2004946261116705,1.2081482,1.1867335878656426
98,108,1.0,1.163166436113935,1.1120813035068933,1.1997717122353169,1.1510646,1.1558270032423907
98,109,1.0,1.3613809625497242,1.2991466282480908,1.1995403997323335,1.3055766,1.2928940639166937
98,110,1.0,1.6816285979615382,1.594357275463705,1.2001035636019515,1.6980873,1.5494305794538814
98,111,1.0,1.2756826085860147,1.1111195217978214,1.1997774985534548,1.270983,1.2148099021185834
98,112,1.0,1.6354951905133106,1.5939084439994715,1.2001083099950105,1.5973891,1.5118208847959822
98,113,2.0,1.174281945932918,1.295588035924525,1.1995423856716452,1.1946213,1.2161934872003668
98,114,1.0,1.1813283130218806,1.2960048079984563,1.1995420883084729,1.1635165,1.210105668565327
98,115,4.0,1.66610719329884,1.593074899851609,1.2001171474311862,1.6457299,1.531755077357527
98,116,3.0,1.6497814421376986,1.5950305226600552,1.2000964601105981,1.5927073,1.5145167433831432
98,117,2.0,1.5965162910159112,1.5958961261982199,1.20008735549997,1.6252414,1.5095971829104224
98,118,1.0,1.6680076424450876,1.5928825435097949,1.200119191017975,1.6580455,1.5353459974217185
98,119,1.0,1.2361447141868245,1.3430615328525035,1.1997838362435718,1.2541498,1.2591848686607257
98,120,1.0,1.1592899551023834,1.296389520682085,1.199541829086723,1.1644905,1.2048756414540842
98,121,2.0,1.622100808094529,1.6575658588015152,1.1998723657633834,1.6433843,1.5362793475351872
98,122,1.0,1.6615453290732896,1.657052908556677,1.1998729519223181,1.6478754,1.547283258478809
98,123,2.0,1.3613870140715292,1.3416509196791981,1.1997842154636804,1.3642677,1.3187602272382772
98,124,1.0,1.1670807939475727,1.3446324429773209,1.199783523045361,1.1947109,1.2268626175081814
98,125,1.0,1.6645194617143122,1.593876384609169,1.2001086493497122,1.763314,1.5617068882807694
98,126,1.0,1.2066609009402274,1.1362648863433142,1.200494822049254,1.2033799,1.1865409086533762
98,127,1.0,1.1627522959222671,1.2952353826311989,1.1995426507001048,1.1671798,1.2061496098773183
98,128,1.0,1.2121678381010803,1.1347901543894043,1.200493757656193,1.2092868,1.1890758154070027
98,129,9.0,1.670538944496338,1.594677869366729,1.2001001785789074,1.6463499,1.5334372005434815
98,130,8.0,1.5458112780531648,1.5936519688770523,1.2001110260646615,1.5600686,1.47949072883069
98,131,7.0,1.6935923584937675,1.6595535410002638,1.1998702651186604,1.6826407,1.5649403486756945
98,132,6.0,1.6464311335412385,1.5938122658285643,1.2001093281874209,1.6307818,1.523127327742583
98,133,5.0,1.6526838097779677,1.5951587602212647,1.2000951092503656,1.6261276,1.5238535172851597
98,134,4.0,1.7961510710281017,1.5934275531449356,1.2001134049086668,1.8000718,1.6043313862879645
98,135,3.0,1.6717357395631567,1.5947099287570312,1.2000998403078065,1.6893388,1.5447720051181546
98,136,2.0,1.6464311335412385,1.5938122658285643,1.2001093281874209,1.6307818,1.523127327742583
98,137,1.0,1.5840613823230143,1.6606435602705452,1.199869228363115,1.6050233,1.517593977419712
98,138,1.0,1.3210108298911012,1.3413944445567791,1.1997842943273327,1.3228239,1.2978499877431047
98,139,1.0,1.6143176385625049,1.657533799411213,1.199872401865001,1.6433843,1.5343016207200613
98,140,1.0,1.1789810693982141,1.2948827293378724,1.1995429280450483,1.1969984,1.2178138451085
98,141,1.0,1.1888983178307395,1.1334116006064012,1.2004928985596368,1.1556079,1.1690729409775114
98,142,1.0,1.4025449012558675,1.3412662069955694,1.1997843348987507,1.3228239,1.3184506988825568
98,143,1.0,1.2183676500600997,1.135014570121521,1.2004939099197791,1.2090888,1.1906507946059854
98,144,1.0,1.6125187227823958,1.5941008003412858,1.2001062747702174,1.5391598,1.4911225187977402
98,145,2.0,1.1678863224535392,1.134181025973659,1.200493361901067,1.147496,1.161870229012139
98,146,1.0,1.1801187199189704,1.1332833630451917,1.200492825297224,1.1556079,1.1668186912860137
98,147,4.0,1.3325064032454017,1.341875335411315,1.1997841489557899,1.3604281,1.3105238158829944
98,148,3.0,1.4276834714526252,1.3418432760210126,1.1997841583133668,1.3604281,1.334601379071405
98,149,2.0,1.2974103685073137,1.110670690333588,1.1997801981358436,1.2906264,1.225232703591147
98,150,1.0,1.4645405971610845,1.3414906227276864,1.199784264396258,1.3642677,1.3448238984956424
98,151,1.0,1.1314758927720585,1.1329627691421678,1.2004926470844215,1.1340625,1.1489028579647196
98,152,1.0,1.237703523403387,1.3418112166307103,1.1997841677205978,1.3604281,1.286516613113978
98,153,1.0,1.686558526761332,1.6583032247784704,1.199871554822151,1.6742713,1.5606980696085875
98,154,1.0,1.177695795176555,1.29712688665904,1.1995413731711564,1.1669071,1.2103396556213895
98,155,1.0,1.6383099851293503,1.5939725627800763,1.200107631407657,1.6147628,1.5170045050702918
98,156,1.0,1.1355724657432318,1.1318086310912818,1.200492063893357,1.1379697,1.1506492912549109
98,157,1.0,1.295580960034024,1.3407532567507312,1.1997845047826217,1.3965317,1.3101537689512244
98,158,1.0,1.1708170515682412,1.1333795412160987,1.2004928801374304,1.1556079,1.164489146994868
98,159,3.0,1.6787549334372809,1.5934916719255403,1.2001127250213826,1.6414815,1.5339707315245577
98,160,2.0,1.690505838535682,1.59281842472919,1.200119872557915,1.6661373,1.5430983822630253
98,161,1.0,1.7311058970967343,1.6580467496560511,1.1998718326599376,1.6860936,1.5749381075915518
98,162,1.0,1.3030593363388951,1.1100615619178424,1.1997838610611848,1.3040304,1.229946214675576
98,163,2.0,1.1383196947717522,1.2943697790930342,1.1995433534342104,1.1768159,1.2022187989334754
98,164,1.0,1.1128605801031193,1.2936965318966838,1.199543951284378,1.1666394,1.1929962295079772
98,165,2.0,1.3357634014266824,1.109292136550585,1.1997884865096002,1.3433998,1.2481244637882023
98,166,1.0,1.4905884039085384,1.3405929597992192,1.199784560360915,1.3965317,1.359462139123411
102,1,1.0,1.6645194617143122,1.593876384609169,1.2001086493497122,1.763314,1.5617068882807694
102,2,2.0,1.1989717295491955,1.1126263131420338,1.199768432504144,1.2220389,1.1832254331347414
102,3,1.0,1.1733275755381443,1.112466016190522,1.1997693971843126,1.1786145,1.1655599649133814
102,4,1.0,1.2052291474555978,1.3441515521227851,1.1997836066682077,1.1971539,1.2370213352206834
102,5,1.0,1.2076652511924875,1.1127545507032435,1.19976766072181,1.20506,1.1811036994769153
102,6,3.0,1.6497814421376986,1.5950305226600552,1.2000964601105981,1.5927073,1.5145167433831432
102,7,2.0,1.3704118090562885,1.5924337120455614,1.2001239654726874,1.6075764,1.4469813256736503
102,8,1.0,1.658784951436223,1.5957358292467079,1.2000890391085657,1.6813956,1.5397147785939485
102,9,1.0,1.165946396196448,1.137354905613596,1.2004957057700045,1.183132,1.1713214274460224
102,10,1.0,1.1723123013132706,1.296549817633597,1.1995417253966993,1.1644905,1.2082116393787046
102,11,1.0,1.1767596706759436,1.1354634015857545,1.2004942248945158,1.1898227,1.175294554231757
102,12,1.0,1.6164547964911384,1.659168828316635,1.1998706505165428,1.6350033,1.5331066065431087
102,13,1.0,1.2163226168976773,1.296293342511178,1.199541892524547,1.1644905,1.2192841018228981
102,14,2.0,1.6318114189284005,1.659425303439054,1.1998703924589302,1.5205693,1.507712646871817
102,15,1.0,1.6964860585091739,1.5943893348540072,1.2001032249003727,1.6980873,1.5531984667747167
102,16,1.0,1.130330183167613,1.1375793213457126,1.2004958979737457,1.1765636,1.160680766010643
102,17,1.0,1.1909792097860765,1.1132995603383842,1.1997643803551135,1.2022048,1.1762860894327212
102,18,6.0,1.631898168725638,1.5952228790018697,1.2000944340906046,1.5530947,1.49988127638027
102,19,5.0,2.212714781822433,1.5920489993619324,1.2001280646449397,1.7873827,1.7061484063370393
102,20,4.0,1.6137169675985765,1.5948061069279384,1.2000988257846814,1.5363746,1.4908882534696644
102,21,3.0,1.6278234361455055,1.6591367689263326,1.1998706830952097,1.6143008,1.5306666024434286
102,22,2.0,1.6334833545944694,1.6592650064875423,1.1998705532130496,1.6306647,1.5363276186054775
102,23,1.0,1.6640730079202413,1.660290906977219,1.19986955485377,1.6706413,1.5545795010994667
102,24,1.0,1.1721453335881773,1.295908629827549,1.1995421554136423,1.1665279,1.2085296927554716
102,25,2.0,1.616689144245094,1.5952549383921721,1.2000940965759448,1.5530947,1.4960404871293835
102,26,1.0,1.6686669780596843,1.5936840282673546,1.200110686401031,1.5600686,1.5105888377306733
102,27,2.0,1.162513493553428,1.295748332876037,1.1995422692668607,1.1748031,1.2081737789836138
102,28,1.0,1.1691137129831615,1.2976398369038784,1.1995410877373038,1.1723871,1.209702898030316
102,29,1.0,1.7961510710281017,1.5934275531449356,1.2001134049086668,1.8000718,1.6043313862879645
102,30,1.0,1.1146378917545126,1.297447480562064,1.1995411917189822,1.1723871,1.1958684988782293
102,31,2.0,1.1644433865670578,1.137611380736015,1.2004959257203662,1.1765636,1.169321632027616
102,32,1.0,1.1265898002801498,1.1379640340293413,1.200496235643971,1.1472574,1.1523165220376468
102,33,1.0,1.2039575422573687,1.1131072039965697,1.1997655381849326,1.1982279,1.178502170173917
102,34,1.0,1.2011016930153766,1.1359763518305928,1.2004946019412581,1.192668,1.1823141066894471
102,35,1.0,1.6507180106794368,1.5942931566831,1.2001042411327758,1.6080896,1.5185135772471925
102,36,1.0,1.1938329492508313,1.1128186694838482,1.1997672748237889,1.20506,1.1776194075364792
102,37,2.0,1.1910524444201633,1.2967421739754115,1.1995416043308185,1.1750033,1.2156985602614572
102,38,1.0,1.1733676395130321,1.2947224323863606,1.1995430581793836,1.1596085,1.2067646741139373
102,39,1.0,1.1845445841293307,1.3449850962706473,1.1997834686149365,1.186647,1.2293034305349246
102,40,2.0,1.6258764365241105,1.5939405033897738,1.200107970672896,1.5973891,1.5093947786631672
102,41,1.0,1.6549555417396147,1.6589123531942158,1.1998709130955858,1.6244049,1.5400670074352232
102,42,1.0,1.2052291474555978,1.3441515521227851,1.1997836066682077,1.1971539,1.2370213352206834
102,43,1.0,1.2011016930153766,1.1359763518305928,1.2004946019412581,1.192668,1.1823141066894471
102,44,1.0,1.2472487134802384,1.3434462455361322,1.1997837488845537,1.2156147,1.2522104366486433
102,45,1.0,1.6337910112567657,1.658752056242704,1.199871079499678,1.6168957,1.532744901867691
102,46,1.0,1.2147293457014683,1.3446645023676234,1.1997835178574963,1.1930181,1.2384946836121296
102,47,1.0,1.1667394750908362,1.1369060741493624,1.2004953318783043,1.202808,1.1764540771079368
102,48,3.0,1.6660884168575807,1.6603229663675212,1.1998695248261628,1.6706413,1.5550976298561552
102,49,2.0,1.6470746620820542,1.6582070466075631,1.1998716584830122,1.8031545,1.5837321688124835
102,50,1.0,1.6464311335412385,1.5938122658285643,1.2001093281874209,1.6307818,1.523127327742583
102,51,1.0,1.21764523345437,1.3436065424876444,1.1997837145220964,1.185923,1.2371454689767503
102,52,1.0,1.7535450941035429,1.5957678886370104,1.2000887023030098,1.6813956,1.5637029776986884
102,53,1.0,1.3613870140715292,1.3416509196791981,1.1997842154636804,1.3642677,1.3187602272382772
102,54,1.0,1.1861674212432265,1.2973192430008544,1.1995412630891276,1.1723871,1.2139374506098553
102,55,1.0,1.8053115137083255,1.5923695932649564,1.2001246482406087,1.6075764,1.557021735402306
102,56,1.0,1.2535071718101798,1.3431256516331085,1.199783821208185,1.2541498,1.263594864743053
102,57,2.0,1.1589307201610433,1.2965177582432945,1.1995417459361912,1.1644905,1.2048171651130728
102,58,1.0,1.149062960187214,1.2977360150747854,1.1995410371126474,1.171293,1.2043725578775386
102,59,1.0,1.6816285979615382,1.594357275463705,1.2001035636019515,1.6980873,1.5494305794538814
102,60,2.0,1.1796819736231487,1.1369381335396649,1.2004953581164126,1.202808,1.1797374474710587
102,61,1.0,1.2183676500600997,1.135014570121521,1.2004939099197791,1.2090888,1.1906507946059854
102,62,1.0,1.18427481970648,1.3426447607785725,1.1997839386663176,1.2450023,1.2436073976519948
102,63,1.0,1.1694792854407818,1.1120492441165906,1.1997719051440832,1.169864,1.1622373301143165
102,64,1.0,1.1895910080043797,1.34421567090339,1.1997835948957494,1.1971539,1.2330801437403456
102,65,1.0,1.2202787221211295,1.135719876708174,1.2004944111401388,1.192668,1.1871021295954864
102,66,1.0,1.2863046187191762,1.3430935922428062,1.1997838287000102,1.2541498,1.2718865323211366
102,67,1.0,1.5592373332112717,1.6594573628293565,1.199870360511831,1.5205693,1.4893550282750523
102,68,1.0,1.198307683516649,1.342837117120387,1.1997838903905258,1.2583008,1.2506174652217883
102,69,1.0,1.189659437682093,1.113203382167477,1.1997649592755215,1.1931311,1.173601057936588
102,70,1.0,1.5828258013570533,1.6621503516147575,1.199867929493822,1.70775,1.5440051111843955
102,71,2.0,1.1803277183226444,1.1358801736596857,1.2004945298573937,1.192668,1.1770326524894708
102,72,1.0,1.1582150900303818,1.1343092635348682,1.2004934430919916,1.147496,1.1594552814574417
102,73,1.0,1.5737606882839332,1.6584314623396799,1.199871417601685,1.5660717,1.5044394122199538
102,74,2.0,1.1813573295378976,1.1369701929299671,1.2004953844307473,1.202808,1.1801695351978725
102,75,1.0,1.162000480518633,1.1372907868329913,1.2004956514958267,1.1687737,1.1666246109570535
102,76,1.0,1.2142065553326156,1.113043085215965,1.199765924118988,1.2066385,1.1832364330957983
102,77,2.0,1.2106734482107313,1.343702720658552,1.1997836944817406,1.2029234,1.2397650246875276
102,78,1.0,1.18427481970648,1.3426447607785725,1.1997839386663176,1.2450023,1.2436073976519948
102,79,1.0,1.6356221049707276,1.6592329470972396,1.199870585585295,1.6350033,1.537973329466443
102,80,1.0,1.192919065672242,1.1128827882644532,1.1997668889159245,1.20506,1.1774042729525176
102,81,1.0,1.1666196082226283,1.296710114585109,1.1995416242552308,1.1607699,1.2058575158537361
102,82,1.0,1.6443503518292182,1.594196978512193,1.2001052577588711,1.6076175,1.5167570117934839
102,83,1.0,1.165946396196448,1.137354905613596,1.2004957057700045,1.183132,1.1713214274460224
102,84,1.0,1.2052291474555978,1.3441515521227851,1.1997836066682077,1.1971539,1.2370213352206834
102,85,1.0,1.1684183016988066,1.2969345303172257,1.1995414869196266,1.1790755,1.2110636483717587
102,86,1.0,1.7566611343214578,1.5936199094867498,1.2001113657679758,1.7806064,1.5893945376803496
102,87,1.0,1.1873065435124603,1.135655757927569,1.2004943641519632,1.192668,1.1787418957176041
102,88,1.0,1.6266778499042183,1.5947740475376362,1.200099163907706,1.5928975,1.5086546326115364
102,89,1.0,1.2367746775667114,1.1361687081724072,1.2004947480411399,1.2081482,1.1953599859010942
102,90,1.0,1.199533250460041,1.1131392633868722,1.1997653452171357,1.1982279,1.1773906184039795
102,91,1.0,1.311834309471983,1.34274093894948,1.1997839143133906,1.2598268,1.279713681263965
102,92,1.0,1.155678067114136,1.296806292756016,1.1995415647802636,1.176445,1.2071326032116598
102,93,1.0,1.2338870688994323,1.1134919166801984,1.1997632224639523,1.206647,1.1883319639541972
102,94,1.0,1.2349425703832047,1.134950451340916,1.2004938660591005,1.2090888,1.1948290362691039
102,95,1.0,1.2016049393677266,1.1117927689941716,1.199773448334138,1.1643181,1.168880369571166
102,96,2.0,1.6143176385625049,1.657533799411213,1.199872401865001,1.6433843,1.5343016207200613
102,97,1.0,1.6857301577893467,1.5954472947339864,1.2000920724037833,1.7339035,1.5599262101085438
102,98,1.0,1.4276826972651966,1.1114080563105428,1.1997757628648287,1.284641,1.2568503118645553
102,99,1.0,1.76924636983428,1.6613488668571978,1.199868600987003,1.6894388,1.586282704003478
102,100,2.0,1.1495005141020245,1.2953315608021059,1.1995425771963844,1.172182,1.2041031343036683
102,101,1.0,1.167345478598189,1.2963574612917825,1.1995418501286734,1.1644905,1.2069060781940681
102,102,1.0,1.1553066358564112,1.1352710452439405,1.2004940881980424,1.1867164,1.1690203450690229
102,103,1.0,1.6258764365241105,1.5939405033897738,1.200107970672896,1.5973891,1.5093947786631672
102,104,1.0,1.2558671257679377,1.1345016198766826,1.200493567002418,1.2092868,1.200061370630066
102,105,1.0,1.1582552313045216,1.1138125105832224,1.1997612925286305,1.1699439,1.1598611211055532
102,106,2.0,1.6176861899956732,1.6598741349032875,1.1998699517297846,1.626861,1.53150856479834
102,107,1.0,1.6509752289858435,1.5964411358333606,1.2000816394528748,1.6928794,1.5408600226955065
102,108,1.0,1.1895405664792986,1.2957162734857348,1.1995422923425585,1.1748031,1.2150051894126754
102,109,1.0,1.1854761579406266,1.1356236985372665,1.2004943407630317,1.192668,1.1782705766114687
102,110,1.0,1.162157091064761,1.1124339568002195,1.1997695901184449,1.1786145,1.1627250755420853
102,111,1.0,1.6784924548505906,1.5946458099764265,1.2001005168715146,1.6990657,1.5489601112148832
102,112,1.0,1.1999546573854065,1.134822213779707,1.200493779194625,1.2090888,1.1859424616721914
102,113,1.0,1.661907239367197,1.5937802064382618,1.200109667673502,1.6767758,1.5388302428359375
102,114,1.0,1.1706692626466364,1.1121774816778003,1.1997711334977776,1.1510646,1.157749883137852
102,115,2.0,1.669755088707564,1.6596176597808685,1.1998702018786747,1.6826407,1.558924258830367
102,116,1.0,1.6030118493518952,1.5931069592419114,1.2001168069794945,1.6457299,1.5157960923431038
102,117,1.0,1.1230303130357873,1.2942415415318247,1.1995434638519493,1.1666394,1.195707605111351
102,118,1.0,1.182752983081472,1.3432859485846205,1.1997837844467218,1.1943103,1.2303852659326158
102,119,1.0,1.5034077958127048,1.5926581277776781,1.2001215771775453,1.5261294,1.4598078003622452
102,120,1.0,1.2261684881283237,1.1367457771978502,1.2004952017403054,1.197013,1.1899666571049075
102,121,3.0,1.6470746620820542,1.6582070466075631,1.1998716584830122,1.8031545,1.5837321688124835
102,122,2.0,1.7043160460094233,1.5934596125352378,1.2001130649490561,1.8000718,1.5810994878474844
102,123,1.0,1.6660884168575807,1.6603229663675212,1.1998695248261628,1.6706413,1.5550976298561552
102,124,1.0,1.2540441200320567,1.3434783049264345,1.1997837419199187,1.2156147,1.2539382053689616
102,125,1.0,1.080617640107517,1.2933438786033575,1.1995442823543974,1.2332882,1.2018387359904013
102,126,1.0,1.631787136432771,1.6587841156330063,1.1998710460821231,1.6168957,1.5322459028991107
102,127,1.0,1.1918420443347708,1.1132675009480817,1.1997645733299789,1.2022048,1.176496372655414
102,128,2.0,1.1627600006002314,1.2960368673887586,1.1995420661528373,1.1635165,1.2054148469602053
102,129,1.0,1.0901170172356809,1.2946262542154532,1.1995431374777097,1.1596085,1.1856728070505902
102,130,1.0,1.2033096359342481,1.3439591957809707,1.199783643151095,1.2014924,1.2375994614356312
102,131,2.0,1.6040105201525652,1.6584635217299823,1.1998713834748858,1.5660717,1.5121025920448006
102,132,1.0,1.6497814421376986,1.5950305226600552,1.2000964601105981,1.5927073,1.5145167433831432
102,133,2.0,1.2349425703832047,1.134950451340916,1.2004938660591005,1.2090888,1.1948290362691039
102,134,1.0,1.1895795821583404,1.1357839954887785,1.2004944584120179,1.192668,1.1793495892209107
102,135,6.0,1.189290764715959,1.3438630176100634,1.1997836620409938,1.2073308,1.2355246663087316
102,136,5.0,1.5014484422833707,1.3408814943119411,1.1997844611730661,1.3965317,1.3622833927650486
102,137,4.0,1.428454693136017,1.3414265039470816,1.1997842843007305,1.3642677,1.3356757157459562
102,138,3.0,1.2456119338237572,1.1111515811881238,1.199777305708419,1.270983,1.207208232219336
102,139,2.0,1.284235529676279,1.110606571552983,1.1997805837471003,1.2906264,1.2218825215738784
102,140,1.0,1.428454693136017,1.3414265039470816,1.1997842843007305,1.3642677,1.3356757157459562
102,141,1.0,1.1746747177388308,1.297287183610552,1.1995412811815724,1.1723871,1.2110209784171386
102,142,1.0,1.6486995675776919,1.5949343444891482,1.2000974736995584,1.6406729,1.5265189678856756
102,143,1.0,1.1297819787625847,1.1327704128003533,1.2004925435440805,1.1340625,1.1484254905330769
102,144,2.0,1.7256665821952242,1.5937481470479595,1.2001100072021729,1.765352,1.5776713685684784
102,145,1.0,1.5034077958127048,1.5926581277776781,1.2001215771775453,1.5261294,1.4598078003622452
102,146,2.0,1.3560555497550024,1.1101577400887495,1.1997832827687127,1.3040304,1.2433817300727275
102,147,1.0,1.428454693136017,1.3414265039470816,1.1997842843007305,1.3642677,1.3356757157459562
102,148,1.0,1.631898168725638,1.5952228790018697,1.2000944340906046,1.5530947,1.49988127638027
102,149,2.0,1.1711023091270283,1.296485698852992,1.199541766569258,1.1644905,1.207889220423443
102,150,1.0,1.1346785990512038,1.2942736009221267,1.1995434360946862,1.1768159,1.2012730575469104
102,151,1.0,1.317685559611422,1.110510393382076,1.1997811621516095,1.2906264,1.2303232424925419
102,152,1.0,1.1507993378106427,1.2961971643402705,1.1995419568733328,1.1635165,1.2024285999653084
102,153,1.0,1.2771536076614733,1.342195929314339,1.1997840579967693,1.3533503,1.2947822288331956
102,154,1.0,1.625293528647811,1.6598420755129852,1.199869982747588,1.621523,1.5320567350034626
102,155,2.0,1.1358401703374092,1.1331230660936795,1.200492735306057,1.1556079,1.1555728983326656
102,156,1.0,1.0959798554864066,1.1339886696318446,1.2004932422436285,1.1305165,1.13927059821068
102,157,1.0,1.3553119396361728,1.3408494349216384,1.1997844720055424,1.3965317,1.3252937254888386
102,158,3.0,1.6541293114767854,1.5938443252188668,1.200108988747812,1.6307818,1.525083474412114
102,159,2.0,1.6334833545944694,1.6592650064875423,1.1998705532130496,1.6306647,1.5363276186054775
102,160,1.0,1.637375696441806,1.657213205508189,1.1998727668121651,1.6478754,1.5412073703931761
102,161,1.0,1.4276834714526252,1.3418432760210126,1.1997841583133668,1.3604281,1.334601379071405
102,162,1.0,1.7622703789021237,1.593395493754633,1.2001137449238828,1.8000718,1.595749447298767
102,163,1.0,1.4168831653154885,1.3397914750416593,1.1997848559957347,1.4675099,1.358808759836942
105,1,1.0,1.1866004454331196,1.1396311223250661,1.2004978184106496,1.1656498,1.1726416279978598
105,2,1.0,1.2186732119612782,1.2947865511669652,1.199543005817006,1.1969984,1.2278340870056306
105,3,2.0,1.6434912889310471,1.6600023724644972,1.199869828341699,1.6244261,1.5374468821615679
105,4,1.0,1.677922192147264,1.5959281855885223,1.2000870189069046,1.6252414,1.5302059345387062
105,5,1.0,1.219879512816988,1.3463636500536502,1.1997833119588373,1.188075,1.2389603222272523
105,6,2.0,1.1704218631382708,1.1404005476923236,1.2004986146285754,1.1787317,1.1720970176893006
105,7,1.0,1.219020524445537,1.1400799537892996,1.2004982778145044,1.2040194,1.1907989565231198
105,8,1.0,1.1499009292635085,1.3468445409081862,1.199783278399299,1.1679827,1.216220733090103
105,9,1.0,1.1452581612593618,1.1394387659832514,1.2004976258488753,1.165429,1.1620741296898713
105,10,1.0,1.213109401321297,1.3459468779797192,1.1997833498756614,1.1983749,1.2397828964342466
105,11,2.0,1.180185240773691,1.1398555380571826,1.2004980463426778,1.1656498,1.1710750303339066
105,12,1.0,1.1950036108318798,1.1392464096414372,1.2004974358836222,1.180394,1.1784516617597092
105,13,1.0,1.7475472607757327,1.6601626694160092,1.1998696757053013,1.7618678,1.5990649671848318
105,14,1.0,1.2059146145158661,1.1154154800983422,1.1997516409879478,1.1784981,1.1745188458066833
105,15,1.0,1.1782819159676585,1.1401761319602068,1.200498378100679,1.1787317,1.17402924909632
105,16,1.0,1.1539335581686385,1.3452736307833688,1.1997834284230389,1.1714095,1.21772248681432
105,17,2.0,1.6784924548505906,1.5946458099764265,1.2001005168715146,1.6990657,1.5489601112148832
105,18,1.0,1.643981786243099,1.5962487794915463,1.2000836554241936,1.6434928,1.5263775536897912
105,19,1.0,1.124069507296192,1.3473574911530246,1.1997832546765619,1.1700324,1.2103392146466532
105,20,1.0,1.2243192338563882,1.1150307674147135,1.1997539575993141,1.2129347,1.1879103304510283
105,21,2.0,1.63798547655001,1.659970313074195,1.199869859089585,1.6244261,1.5360454660261045
105,22,1.0,1.6344020684709426,1.5952869977824744,1.2000937590932914,1.6254233,1.5190786374829577
105,23,1.0,1.1789810693982141,1.2948827293378724,1.1995429280450483,1.1969984,1.2178138451085
105,24,1.0,1.73757085003031,1.5945816911958217,1.2001011936136214,1.8723685,1.60833560118362
105,25,1.0,1.1582552313045216,1.1138125105832224,1.1997612925286305,1.1699439,1.1598611211055532
105,26,2.0,1.1949944722155683,1.3464277688342552,1.1997833068529953,1.188075,1.2326790954854066
105,27,1.0,1.2161524350032373,1.3446003835870186,1.1997835282798759,1.1947109,1.239272660349713
105,28,2.0,1.6161003377410201,1.658848234413611,1.1998709794446916,1.611882,1.5270067124119815
105,29,1.0,1.6137169675985765,1.5948061069279384,1.2000988257846814,1.5363746,1.4908882534696644
105,30,1.0,1.1658798463129276,1.1160887272946924,1.1997475866366567,1.1576169,1.1592022858851343
105,31,1.0,1.1987028551503878,1.3457224622476023,1.1997833736856405,1.1772541,1.2306642404310213
105,32,1.0,1.1968444972253993,1.1128507288741505,1.1997670818731552,1.20506,1.1783895822812505
105,33,1.0,1.124069507296192,1.3474216099336294,1.1997832525846512,1.1700324,1.2103554401597867
105,34,1.0,1.1509429406379856,1.296165104949968,1.1995419785177293,1.1635165,1.2024568324802245
105,35,1.0,1.177453268160197,1.3454018683445783,1.199783411816775,1.1771342,1.2251749060964512
105,36,1.0,1.5234159559804399,1.5970182048588037,1.2000756010925546,1.440125,1.4439089395211626
105,37,1.0,1.2490322393233169,1.296870411536621,1.1995415256518334,1.176445,1.2307731886790805
105,38,1.0,1.210001675651502,1.1374831431748054,1.2004958151716019,1.1765636,1.1808182134187555
105,39,1.0,1.189659437682093,1.113203382167477,1.1997649592755215,1.1931311,1.173601057936588
105,40,1.0,1.6344020684709426,1.5952869977824744,1.2000937590932914,1.6254233,1.5190786374829577
105,41,1.0,1.1838970116125984,1.1145498765601776,1.1997568531668839,1.1817158,1.169554356375224
105,42,1.0,1.6657266322143993,1.5961205419303368,1.2000850002903631,1.6434928,1.5318482094353745
105,43,1.0,1.156279778635809,1.347229253591815,1.1997832594380242,1.1700324,1.218457950893598
105,44,1.0,1.1653919624489935,1.1140689857056416,1.1997597484812703,1.1717896,1.1622049827697054
105,45,1.0,1.6989181501538004,1.5945496318055195,1.2001015320627781,1.6955403,1.5532009514836351
105,46,1.0,1.1537194300630726,1.3454339277348808,1.1997834077867173,1.1771342,1.2191768919076953
105,47,1.0,1.1691137129831615,1.2976398369038784,1.1995410877373038,1.1723871,1.209702898030316
105,48,2.0,1.5407083206533545,1.6618938764923386,1.1998681395730542,1.70775,1.5332819343039472
105,49,1.0,1.782161449073157,1.5956075916854984,1.2000903868027868,1.7762643,1.5952322720427403
105,50,1.0,1.1523643566919295,1.1384769842741798,1.2004967019387875,1.1721265,1.1653463043477106
105,51,1.0,1.7206226509320985,1.5954793541242887,1.200091735200249,1.7215296,1.5655910552141044
105,52,1.0,1.166257659096054,1.139310528422042,1.2004974989155317,1.180394,1.1711934023278554
105,53,1.0,1.6717357395631567,1.5947099287570312,1.2000998403078065,1.6893388,1.5447720051181546
105,54,1.0,1.2052291474555978,1.3441515521227851,1.1997836066682077,1.1971539,1.2370213352206834
105,55,1.0,1.1509429406379856,1.296165104949968,1.1995419785177293,1.1635165,1.2024568324802245
105,56,2.0,1.6989181501538004,1.5945496318055195,1.2001015320627781,1.6955403,1.5532009514836351
105,57,1.0,1.6980069156075408,1.594517572415217,1.2001018705334519,1.6955403,1.5529623202505363
105,58,1.0,1.1820316222874074,1.114357520218363,1.199758011323549,1.1738906,1.167027214907564
105,59,4.0,1.616689144245094,1.5952549383921721,1.2000940965759448,1.5530947,1.4960404871293835
105,60,3.0,1.6337910112567657,1.658752056242704,1.199871079499678,1.6168957,1.532744901867691
105,61,2.0,1.5826559677715926,1.6606115008802427,1.1998692576988754,1.6050233,1.5172302147361272
105,62,1.0,1.749660213480817,1.6581429278269584,1.199871727929713,1.8031545,1.6096764368705319
105,63,1.0,1.1587534345481978,1.1138445699735249,1.1997610995253256,1.1672432,1.1593027180930102
105,64,1.0,1.342549750964031,1.141939398426838,1.2005003320792342,1.1294202,1.2034005869800406
105,65,1.0,1.214719347493553,1.1129148476547555,1.1997666959586304,1.20506,1.1829291572732699
105,66,1.0,1.20446815651791,1.3451774526124618,1.1997834413854926,1.1812984,1.233022403603226
105,67,1.0,1.6929127685713812,1.5956717104661031,1.2000897128748378,1.7762643,1.5726629121391569
105,68,1.0,1.1482043438678826,1.1139407481444321,1.1997605205142208,1.1769835,1.1591550810806543
105,69,1.0,1.1747477588350976,1.3456262840766953,1.1997833846153974,1.1772541,1.224577785786181
105,70,1.0,1.2909123459074747,1.2978001338553904,1.1995410038643917,1.171293,1.2402854275904311
105,71,1.0,1.1866468029788133,1.1147101735116896,1.1997558880074635,1.1872948,1.1717212196908002
105,72,1.0,1.1827092355738207,1.3443759678549019,1.1997835662974599,1.2004491,1.232224203755357
105,73,1.0,1.1947144879620082,1.114998708024411,1.199754150642921,1.2129347,1.1804104349350788
105,74,2.0,1.7009979723964577,1.594453453634612,1.2001025476161822,1.7277116,1.5619530261078838
105,75,1.0,1.5321619566699258,1.5972746799812227,1.2000729219831687,1.440125,1.4461864855360684
105,76,1.0,1.3822107740241352,1.3475819068851411,1.1997832482181967,1.1700324,1.2757216808689384
105,77,3.0,1.8711126645271718,1.6613809262475003,1.1998685732817285,1.6894388,1.6120692716588698
105,78,2.0,1.5840613823230143,1.6606435602705452,1.199869228363115,1.6050233,1.517593977419712
105,79,1.0,1.8872279915570893,1.6621182922244553,1.1998679555055782,1.70775,1.6210295506135441
105,80,1.0,1.1889368387185244,1.346010996760324,1.1997833435097096,1.1983749,1.2336819703113775
105,81,1.0,1.6124782480916082,1.6608038572220571,1.1998690827840284,1.6017718,1.5239919198444927
105,82,1.0,1.1998663080991405,1.1129789664353602,1.1997663100418718,1.2066385,1.179591330880723
105,83,1.0,1.1621086323408223,1.1393746472026465,1.2004975622416678,1.180394,1.1701596834664505
105,84,1.0,1.156279778635809,1.347229253591815,1.1997832594380242,1.1700324,1.218457950893598
105,85,1.0,1.1691137129831615,1.2976398369038784,1.1995410877373038,1.1723871,1.209702898030316
105,86,1.0,1.6608818161739438,1.6607397384414522,1.199869140801079,1.6017718,1.5362247985083768
105,87,1.0,1.1868056901849668,1.1396952411056707,1.2004978831717186,1.1656498,1.1727098089775205
105,88,1.0,1.1847102150375663,1.1154475394886445,1.1997514479284297,1.1784981,1.1691608908590103
105,89,1.0,1.663181506159617,1.5949664038794504,1.2000971357858055,1.6930268,1.543617234947416
105,90,2.0,1.213109401321297,1.3459468779797192,1.1997833498756614,1.1983749,1.2397828964342466
105,91,1.0,1.1889368387185244,1.346010996760324,1.1997833435097096,1.1983749,1.2336819703113775
105,92,1.0,1.1820316222874074,1.114357520218363,1.199758011323549,1.1738906,1.167027214907564
105,93,1.0,1.7790715325271058,1.5933634343643308,1.2001140849812464,1.7478876,1.586611245713172
105,94,1.0,1.2506683056404553,1.3432218298040155,1.1997837990083393,1.2591685,1.2641877735795428
105,95,1.0,1.1984736009431045,1.1392143502511347,1.200497404476826,1.180394,1.1793216630140149
105,96,1.0,1.6640730079202413,1.660290906977219,1.19986955485377,1.6706413,1.5545795010994667
105,97,1.0,1.2078546746986398,1.297864252635995,1.1995409710438099,1.1516759,1.2142524146524258
105,98,1.0,1.2155468853375817,1.1152872425371325,1.199752413202278,1.2012899,1.182768759154446
105,99,1.0,1.147917920049619,1.138252568542063,1.2004964956722075,1.171278,1.1639466546121136
105,100,1.0,1.1976784282531596,1.1147422329019918,1.1997556949686798,1.1872948,1.174520969087479
105,101,1.0,1.7160649934189822,1.593555790706145,1.2001120453096752,1.6911229,1.5561583682282825
105,102,1.0,1.1106758484019659,1.13982347866688,1.2004980135652927,1.1656498,1.1534767421440617
105,103,1.0,1.6816285979615382,1.594357275463705,1.2001035636019515,1.6980873,1.5494305794538814
105,104,1.0,1.206970106448483,1.1151910643662255,1.1997529923600905,1.2012899,1.180574103112623
105,105,1.0,1.1472084083718033,1.2953636201924084,1.1995425529004893,1.172182,1.2035311972878553
105,106,1.0,1.6354951905133106,1.5939084439994715,1.2001083099950105,1.5973891,1.5118208847959822
105,107,1.0,1.1619156421861037,1.2964215800723875,1.199541808149663,1.1644905,1.205548210415529
105,108,1.0,1.2106734482107313,1.343702720658552,1.1997836944817406,1.2029234,1.2397650246875276
105,109,1.0,1.6620954019773404,1.6590405907554253,1.199870781247489,1.6465442,1.5475835661776567
105,110,1.0,1.1621086323408223,1.1393746472026465,1.2004975622416678,1.180394,1.1701596834664505
105,111,2.0,1.663512919964638,1.5949984632697527,1.2000967979296713,1.6930268,1.5437091358839163
105,112,1.0,1.627370651852854,1.6609641541735691,1.1998689389608492,1.700251,1.553054742168965
105,113,1.0,1.2468047892303447,1.3454980465154858,1.1997833998698069,1.2265123,1.2554117798204565
105,114,1.0,1.1884395614912016,1.1399196568377872,1.2004981121169347,1.2040194,1.1830194806252536
105,115,2.0,1.6526838097779677,1.5951587602212647,1.2000951092503656,1.6261276,1.5238535172851597
105,116,1.0,1.7256824575030876,1.6602588475869164,1.1998695849703547,1.6716883,1.5704308785449532
105,117,1.0,1.1713377399962774,1.1376754995166198,1.2004959814255207,1.1673003,1.1687071443933998
105,118,1.0,1.1892105736111047,1.1149025298535038,1.199754729773843,1.2129347,1.1789934033169938
105,119,1.0,1.658784951436223,1.5957358292467079,1.2000890391085657,1.6813956,1.5397147785939485
105,120,1.0,1.1433301179676372,1.1391181720802275,1.2004973106825902,1.1586083,1.159755942329062
105,121,1.0,1.2052291474555978,1.3441515521227851,1.1997836066682077,1.1971539,1.2370213352206834
105,122,2.0,1.1687790490511845,1.1141651638765488,1.1997591694395402,1.1573049,1.15937191385631
105,123,1.0,1.2648426130067707,1.11230571923901,1.1997703618253037,1.2217907,1.1997505034493736
105,124,1.0,1.6044995335161207,1.6608359166123594,1.1998690538742685,1.6017718,1.521980918634977
105,125,1.0,1.1723852129716832,1.1384449248838775,1.2004966722589183,1.1721265,1.1704046969132427
105,126,1.0,1.670538944496338,1.594677869366729,1.2001001785789074,1.6463499,1.5334372005434815
105,127,2.0,1.207773957786137,1.3459148185894168,1.19978335313242,1.2058796,1.2403490427727888
105,128,1.0,1.1841408832674998,1.345049215051252,1.1997834593437902,1.186647,1.229217493103075
105,129,4.0,1.6258720744815072,1.59509464144066,1.2000957845886016,1.6960963,1.53499491558072
105,130,3.0,1.7256824575030876,1.6602588475869164,1.1998695849703547,1.6716883,1.5704308785449532
105,131,2.0,1.7256824575030876,1.6602588475869164,1.1998695849703547,1.6716883,1.5704308785449532
105,132,1.0,1.6164547964911384,1.659168828316635,1.1998706505165428,1.6350033,1.5331066065431087
105,133,1.0,1.1584212587975475,1.137130489881479,1.2004955170702616,1.1749771,1.1672690383216409
105,134,1.0,1.164867643575325,1.1141972232668511,1.1997589764212349,1.1573049,1.158390153976526
105,135,2.0,1.6856252350877035,1.5946137505861242,1.2001008552180112,1.6990657,1.5507571122862573
105,136,1.0,1.6348859849667767,1.6589444125845183,1.1998708800247224,1.6244049,1.5349962757388629
105,137,1.0,1.1471123619535935,1.1408173197662548,1.20049906329168,1.1529022,1.1596802545294442
105,138,1.0,1.2122610511352567,1.3438309582197612,1.1997836684309084,1.2073308,1.2413294553457916
105,139,3.0,1.7191137392183062,1.5959602449788248,1.200086682362197,1.6252414,1.5406379719855043
105,140,2.0,1.7209135139883298,1.5954152353436841,1.2000924096481962,1.7339035,1.5688217383267347
105,141,1.0,1.6717357395631567,1.5947099287570312,1.2000998403078065,1.6893388,1.5447720051181546
105,142,1.0,1.1270000281752588,1.1387014000062965,1.2004969117275397,1.1608044,1.1560810023723258
105,143,1.0,1.1582552313045216,1.1138125105832224,1.1997612925286305,1.1699439,1.1598611211055532
105,144,1.0,1.1565934490579322,1.1402723101311139,1.2004984790348745,1.1787317,1.1685650910206968
105,145,1.0,1.782161449073157,1.5956075916854984,1.2000903868027868,1.7762643,1.5952322720427403
105,146,1.0,1.320185551914392,1.3445042054161114,1.1997835442861526,1.2311598,1.2749219689191862
105,147,1.0,1.282873840534365,1.2984733810517406,1.1995406793936658,1.3055766,1.2728566087433395
105,148,2.0,1.2033096359342481,1.3439591957809707,1.199783643151095,1.2014924,1.2375994614356312
105,149,1.0,1.1539335581686385,1.3452736307833688,1.1997834284230389,1.1714095,1.21772248681432
105,150,1.0,1.6250675885155377,1.660451203928731,1.1998694054005503,1.5995178,1.5265106474769954
105,151,1.0,1.2011584693676152,1.115159004975923,1.199753185408723,1.2012899,1.17909533298494
105,152,2.0,1.6833700155908682,1.662022114053548,1.199868033965725,1.70775,1.5694165772252155
105,153,1.0,1.7351881609925968,1.6601947288063115,1.199869645381723,1.7618678,1.595945457760902
105,154,1.0,1.1186040325541653,1.297030708488133,1.1995414295906868,1.1669071,1.1953614660551164
105,155,2.0,1.6787549334372809,1.5934916719255403,1.2001127250213826,1.6414815,1.5339707315245577
105,156,1.0,1.3704118090562885,1.5924337120455614,1.2001239654726874,1.6075764,1.4469813256736503
105,157,1.0,1.1960361251648353,1.139182290860832,1.2004973731397937,1.1586083,1.1731100567721684
105,158,1.0,1.7256665821952242,1.5937481470479595,1.2001100072021729,1.765352,1.5776713685684784
105,159,1.0,1.1793483185926472,1.1146460547310846,1.1997562740739098,1.1817158,1.168427457744136
105,160,1.0,1.6243094111443932,1.5953831759533816,1.2000927469480713,1.6308172,1.5179318561905235
105,161,1.0,1.231142450789751,1.297351302391157,1.199541245091485,1.1723871,1.2253270183306193
105,162,1.0,1.6455296306926848,1.6590085313651228,1.199870814095885,1.6465442,1.5433832981565572
105,163,2.0,1.1721453335881773,1.295908629827549,1.1995421554136423,1.1665279,1.2085296927554716
105,164,1.0,1.155678067114136,1.296806292756016,1.1995415647802636,1.176445,1.2071326032116598
105,165,1.0,1.1984736009431045,1.1392143502511347,1.200497404476826,1.180394,1.1793216630140149
105,166,3.0,1.6457733948463156,1.5960564231497318,1.200085672989273,1.729672,1.5488821776224515
105,167,2.0,1.6164547964911384,1.659168828316635,1.1998706505165428,1.6350033,1.5331066065431087
105,168,1.0,1.6287602230629168,1.659810016122683,1.199870013838414,1.621523,1.5329259170826672
105,169,1.0,1.1675076973989449,1.3464598282245575,1.1997833043715604,1.188075,1.2257313569884025
105,170,1.0,1.665619112242517,1.5951267008309624,1.200095446892932,1.7356517,1.5552048317635476
105,171,1.0,1.1830027542386146,1.3448247993191353,1.199783492632039,1.186647,1.2288726930664147
105,172,1.0,1.6443503518292182,1.594196978512193,1.2001052577588711,1.6076175,1.5167570117934839
105,173,1.0,1.1495005141020245,1.2953315608021059,1.1995425771963844,1.172182,1.2041031343036683
105,174,1.0,1.1894108352150787,1.3460751155409287,1.199783337332798,1.1983749,1.2338181452301622
105,175,1.0,1.2211442325566582,1.2949789075087796,1.1995428511866086,1.2127473,1.232546651191344
105,176,3.0,1.6515503333084272,1.65990619429359,1.1998699207748802,1.626861,1.5400863892996361
105,177,2.0,1.6932160209809042,1.6610282729541739,1.1998688819194607,1.7047309,1.5708827178829667
105,178,1.0,1.682278294971463,1.5950625820503577,1.2000961223292193,1.6960963,1.5492611387666702
105,179,2.0,1.1644433865670578,1.137611380736015,1.2004959257203662,1.1765636,1.169321632027616
105,180,1.0,1.1767912928448814,1.13834874671297,1.200496583641619,1.171278,1.1712777603167341
105,181,1.0,1.6243094111443932,1.5953831759533816,1.2000927469480713,1.6308172,1.5179318561905235
105,182,1.0,1.1146378917545126,1.297447480562064,1.1995411917189822,1.1723871,1.1958684988782293
105,183,1.0,1.189290764715959,1.3438630176100634,1.1997836620409938,1.2073308,1.2355246663087316
105,184,1.0,1.7127298904661634,1.660387085148126,1.1998694649694406,1.6706413,1.5669170138676938
105,185,1.0,1.1598418887022317,1.1395028847638562,1.2004976897464898,1.165429,1.1657809542347355
105,186,1.0,1.6788340554412886,1.5963449576624533,1.200082647242252,1.6928794,1.547885925916702
105,187,1.0,1.1552086809251816,1.2970948272687377,1.199541391874867,1.1669071,1.204640918919647
105,188,1.0,1.15747158062329,1.138284627932365,1.2004965249254027,1.171278,1.166372440479161
105,189,1.0,1.1627600006002314,1.2960368673887586,1.1995420661528373,1.1635165,1.2054148469602053
105,190,1.0,1.1851792797756784,1.1380281528099463,1.2004962929269214,1.1472574,1.167159516957264
105,191,2.0,1.625293528647811,1.6598420755129852,1.199869982747588,1.621523,1.5320567350034626
105,192,1.0,1.6299943336484668,1.660066491245102,1.199869767077651,1.5986786,1.52744491559163
105,193,1.0,1.2059146145158661,1.1154154800983422,1.1997516409879478,1.1784981,1.1745188458066833
105,194,1.0,1.163269781313721,1.1375472619554101,1.2004958703049502,1.1765636,1.1690083982788004
105,195,3.0,1.1897682686021678,1.1132354415577792,1.1997647663038908,1.1931311,1.1736366660636082
105,196,2.0,1.199533250460041,1.1131392633868722,1.1997653452171357,1.1982279,1.1773906184039795
105,197,1.0,1.2141674252771002,1.1130110258256625,1.1997661170808154,1.2066385,1.1832184635881366
105,198,1.0,1.130330183167613,1.1375793213457126,1.2004958979737457,1.1765636,1.160680766010643
105,199,2.0,1.7535450941035429,1.5957678886370104,1.2000887023030098,1.6813956,1.5637029776986884
105,200,1.0,1.6044995335161207,1.6608359166123594,1.1998690538742685,1.6017718,1.521980918634977
105,201,1.0,1.2052291474555978,1.3441515521227851,1.1997836066682077,1.1971539,1.2370213352206834
105,202,1.0,1.2163226168976773,1.296293342511178,1.199541892524547,1.1644905,1.2192841018228981
105,203,1.0,1.2367746775667114,1.1361687081724072,1.2004947480411399,1.2081482,1.1953599859010942
105,204,1.0,1.6601713967159102,1.594036681560681,1.200106953006346,1.6769178,1.53849161558635
105,205,1.0,1.1574683578719227,1.29632540190148,1.1995418712736134,1.1644905,1.2043984489063067
105,206,1.0,1.6857301577893467,1.5954472947339864,1.2000920724037833,1.7339035,1.5599262101085438
105,207,1.0,1.155678067114136,1.296806292756016,1.1995415647802636,1.176445,1.2071326032116598
105,208,1.0,1.6950189614820657,1.5943252160734025,1.200103902334295,1.7501124,1.5661522345205843
105,209,1.0,1.1989717295491955,1.1126263131420338,1.199768432504144,1.2220389,1.1832254331347414
105,210,2.0,1.1861674212432265,1.2973192430008544,1.1995412630891276,1.1723871,1.2139374506098553
105,211,1.0,1.176592528005252,1.2968383521463185,1.1995415451696643,1.176445,1.2124333613108518
105,212,1.0,1.2076652511924875,1.1127545507032435,1.19976766072181,1.20506,1.1811036994769153
105,213,1.0,1.184831186772446,1.3449209774900426,1.1997834780786383,1.186647,1.2293597349341518
105,214,1.0,1.2114403588760092,1.138893756348111,1.2004970943467617,1.1936113,1.1859112081020542
105,215,1.0,1.2075821516746708,1.3437668394391564,1.1997836813584875,1.2029234,1.2389989587178976
105,216,2.0,1.6133633282310609,1.596889967297594,1.200076941708524,1.4974122,1.4813295622388396
105,217,1.0,1.6344020684709426,1.5952869977824744,1.2000937590932914,1.6254233,1.5190786374829577
105,218,1.0,1.1918420443347708,1.1132675009480817,1.1997645733299789,1.2022048,1.176496372655414
105,219,1.0,1.6176861899956732,1.6598741349032875,1.1998699517297846,1.626861,1.53150856479834
105,220,3.0,1.1584212587975475,1.137130489881479,1.2004955170702616,1.1749771,1.1672690383216409
105,221,2.0,1.2028752659602961,1.1370343117105717,1.2004954372728946,1.1749771,1.178494288520776
105,222,1.0,1.1265898002801498,1.1379640340293413,1.200496235643971,1.1472574,1.1523165220376468
105,223,1.0,1.1529906465396835,1.2977039556844832,1.1995410538873428,1.171293,1.2053583959768024
105,224,3.0,1.5810428838621384,1.59656937339457,1.2000802963556956,1.4974122,1.4730701610052648
105,225,2.0,1.5106886322062212,1.6604832633190332,1.199869375716535,1.5995178,1.4975738163521974
105,226,1.0,1.6299492623952174,1.594132859731588,1.200105935721986,1.6336982,1.5197846106618178
105,227,1.0,1.2234315868575059,1.1125621943614292,1.199768818382185,1.2220389,1.189399152665719
105,228,1.0,1.7127298904661634,1.660387085148126,1.1998694649694406,1.6706413,1.5669170138676938
105,229,1.0,1.1910524444201633,1.2967421739754115,1.1995416043308185,1.1750033,1.2156985602614572
105,230,1.0,1.1851792797756784,1.1380281528099463,1.2004962929269214,1.1472574,1.167159516957264
105,231,2.0,1.677922192147264,1.5959281855885223,1.2000870189069046,1.6252414,1.5302059345387062
105,232,1.0,1.631898168725638,1.5952228790018697,1.2000944340906046,1.5530947,1.49988127638027
105,233,1.0,1.1989995701899365,1.344472146025809,1.199783549719668,1.2311598,1.2442463224640867
105,234,1.0,1.2073173309526057,1.1365213614657337,1.2004950225541482,1.2008309,1.186118353083686
105,235,1.0,1.1627600006002314,1.2960368673887586,1.1995420661528373,1.1635165,1.2054148469602053
105,236,1.0,1.2175845138626074,1.1127866100935457,1.1997674677769041,1.20506,1.1836219524857925
105,237,1.0,1.1723123013132706,1.296549817633597,1.1995417253966993,1.1644905,1.2082116393787046
105,238,2.0,1.6980069156075408,1.594517572415217,1.2001018705334519,1.6955403,1.5529623202505363
105,239,1.0,1.6758867066858274,1.5957037698564054,1.200089375977113,1.6813956,1.544034545422907
105,240,3.0,1.2331959938639567,1.343670661268249,1.1997837011172705,1.2029234,1.245456507728008
105,241,2.0,1.255583510664912,1.3426768201688748,1.199783930501999,1.2598268,1.2654625343810997
105,242,1.0,1.337118160682957,1.3411700288246624,1.1997843658253338,1.3228239,1.3018693627546236
105,243,1.0,1.6395640463323826,1.5951908196115672,1.2000947716535608,1.6261276,1.5205414400362374
105,244,1.0,1.1528659201319813,1.137867855858434,1.2004961502581193,1.1383672,1.1566618549605048
105,245,4.0,1.6470746620820542,1.6582070466075631,1.1998716584830122,1.8031545,1.5837321688124835
105,246,3.0,1.643981786243099,1.5962487794915463,1.2000836554241936,1.6434928,1.5263775536897912
105,247,2.0,1.7163154105544722,1.6609320947832666,1.1998689675774357,1.700251,1.5755551508764043
105,248,1.0,1.6172126408626901,1.594838166318241,1.200098487696658,1.5399392,1.4926949743683937
105,249,1.0,1.2184337493932358,1.1362007675627095,1.2004947726362623,1.2033799,1.1895039283611908
105,250,1.0,1.6344020684709426,1.5952869977824744,1.2000937590932914,1.6254233,1.5190786374829577
105,251,2.0,1.178844255014458,1.2975436587329712,1.199541139269112,1.1723871,1.212140999096015
105,252,1.0,1.1602803836227449,1.297671896294181,1.1995410707586827,1.171293,1.2071950404885974
105,253,1.0,1.6429026964004,1.6593611846584493,1.1998704565542584,1.6188318,1.535701226586844
105,254,1.0,1.1874919846307304,1.29485066994757,1.1995429538691413,1.1969984,1.2199595252067579
105,255,1.0,1.6758867066858274,1.5957037698564054,1.200089375977113,1.6813956,1.544034545422907
105,256,1.0,1.162157091064761,1.1124339568002195,1.1997695901184449,1.1786145,1.1627250755420853
105,257,1.0,1.6161003377410201,1.658848234413611,1.1998709794446916,1.611882,1.5270067124119815
105,258,1.0,1.3277241196466252,1.1111836405784261,1.1997771128603565,1.270983,1.2279957516076578
105,259,1.0,1.1705817624103654,1.2952033232408966,1.1995426754066847,1.1671798,1.2081228411089526
105,260,1.0,1.1635279632794917,1.3444080272452041,1.1997835607214462,1.2004491,1.2273782693983113
105,261,1.0,1.6243904726608946,1.6583673435590751,1.19987148607245,1.5660717,1.5172356635230124
105,262,1.0,1.2496918772028875,1.1348542731700093,1.2004938008054442,1.2090888,1.1985371669279172
105,263,3.0,1.6569723758683623,1.5948702257085432,1.200098149663453,1.6283349,1.525432529641264
105,264,2.0,1.6307692611881408,1.6590726501457278,1.1998707484476638,1.6465442,1.5396642238691796
105,265,1.0,1.6367290819546338,1.5961846607109413,1.2000843277708706,1.6434928,1.5245261053948425
105,266,1.0,1.1867760903917774,1.2944659572639412,1.1995432716870786,1.1768159,1.2145055780645786
105,267,4.0,1.796719160731568,1.5957999480273126,1.2000883655371901,1.7737604,1.5983223788694096
105,268,3.0,1.6185089318630497,1.6585596999008896,1.19987128151476,1.5772818,1.518670572478865
105,269,2.0,1.637026977057564,1.6599382536838925,1.1998698898947675,1.626861,1.536419189247793
105,270,1.0,1.6964860585091739,1.5943893348540072,1.2001032249003727,1.6980873,1.5531984667747167
105,271,2.0,1.1723123013132706,1.296549817633597,1.1995417253966993,1.1644905,1.2082116393787046
105,272,1.0,1.174346032473109,1.295844511046944,1.1995422006426717,1.1717614,1.2104124483436847
105,273,1.0,1.1584212587975475,1.137130489881479,1.2004955170702616,1.1749771,1.1672690383216409
105,274,1.0,1.3277241196466252,1.1111836405784261,1.1997771128603565,1.270983,1.2279957516076578
105,275,1.0,1.1646061177235811,1.2966780551948065,1.1995416442783233,1.1607699,1.205339870204891
105,276,2.0,1.6383099851293503,1.5939725627800763,1.200107631407657,1.6147628,1.5170045050702918
105,277,1.0,1.631898168725638,1.5952228790018697,1.2000944340906046,1.5530947,1.49988127638027
105,278,1.0,1.2496918772028875,1.1348542731700093,1.2004938008054442,1.2090888,1.1985371669279172
105,279,1.0,1.6813250287631123,1.6604191445384282,1.1998694351392898,1.5995178,1.540739146944576
105,280,1.0,1.100057676024459,1.1338283726803322,1.2004931444765832,1.1305165,1.1402619503108247
105,281,1.0,1.18427481970648,1.3426447607785725,1.1997839386663176,1.2450023,1.2436073976519948
105,282,1.0,1.2118970837981409,1.2939850664094055,1.1995436895640295,1.1666394,1.2181315338196514
105,283,2.0,1.6813250287631123,1.6604191445384282,1.1998694351392898,1.5995178,1.540739146944576
105,284,1.0,1.7209135139883298,1.5954152353436841,1.2000924096481962,1.7339035,1.5688217383267347
105,285,2.0,1.3056823708423104,1.1113118781396358,1.1997763414487423,1.284641,1.2259524960068955
105,286,1.0,1.428454693136017,1.3414265039470816,1.1997842843007305,1.3642677,1.3356757157459562
105,287,2.0,1.6354951905133106,1.5939084439994715,1.2001083099950105,1.5973891,1.5118208847959822
105,288,1.0,1.7043320137433384,1.657950571485144,1.1998719380016694,1.6860936,1.5681383482267153
105,289,3.0,1.1820338388019795,1.3437347800488542,1.1997836878963704,1.2029234,1.2325255468945304
105,290,2.0,1.2569979148274935,1.1114721750911478,1.1997753771318826,1.1906548,1.189571193237474
105,291,1.0,1.2186709338524264,1.111440115700845,1.1997755699998003,1.284641,1.2039654996814697
105,292,2.0,1.175657219066553,1.2958124516566418,1.1995422234114523,1.1717614,1.2107361518986768
105,293,1.0,1.242107573683515,1.2950750856796869,1.199542775241593,1.2041365,1.2356678779711878
105,294,1.0,1.745881128257239,1.6581749872172606,1.199871693175153,1.8031545,1.608728199761553
105,295,1.0,1.2824332473701583,1.110285977649959,1.1997825116701752,1.3040304,1.224783011457996
105,296,1.0,1.6258764365241105,1.5939405033897738,1.200107970672896,1.5973891,1.5093947786631672
105,297,3.0,1.207553681719007,1.133636016338518,1.2004930294907894,1.1305165,1.1674163706390273
105,298,2.0,1.1340269892018697,1.1328665909712605,1.200492594996977,1.1340625,1.1495240914698603
105,299,1.0,1.1451265240133273,1.13299482853247,1.2004926645877858,1.1340625,1.1523654275454898
105,300,1.0,1.2748687737611077,1.11002950252754,1.1997840538219313,1.3040304,1.2228041947755552
105,301,1.0,1.651525826847004,1.6577582151433297,1.1998721506180046,1.6656135,1.5494746705733333
105,302,1.0,1.4882556574851291,1.1096768492342137,1.199786173990719,1.3137271,1.2792020966353297
114,1,2.0,1.1781125408377264,1.115479598878947,1.199751254872641,1.1784981,1.1674993391475241
114,2,1.0,1.206970106448483,1.1151910643662255,1.1997529923600905,1.2012899,1.180574103112623
114,3,1.0,1.1200889562682492,1.1387334593965985,1.200496941986097,1.1608044,1.1543401947173555
114,4,1.0,1.7534697414980878,1.5955434729048936,1.2000910609130824,1.7838182,1.5898925241580197
114,5,1.0,1.142879503758128,1.296229223730573,1.1995419353229304,1.1635165,1.200432500910479
114,6,1.0,1.663181506159617,1.5949664038794504,1.2000971357858055,1.6930268,1.543617234947416
114,7,1.0,1.1892105736111047,1.1149025298535038,1.199754729773843,1.2129347,1.1789934033169938
114,8,1.0,1.1601855357792195,1.2967742333657137,1.1995415845012174,1.1750033,1.2078954351166444
114,9,2.0,1.6133147306023203,1.6617015201505243,1.1998683000995956,1.70775,1.551607198432279
114,10,1.0,1.5831381660855954,1.5969220266878965,1.2000766064883301,1.4974122,1.4736887636887803
114,11,1.0,1.219088513034081,1.2978321932456929,1.1995409874059677,1.171293,1.2221176729573062
114,12,1.0,1.164816204102289,1.1142292826571536,1.1997587834092098,1.1573049,1.1583852037902747
114,13,1.0,1.6912746751177465,1.5960243637594296,1.2000860094045394,1.729672,1.560388777406667
114,14,1.0,1.1973775477574842,1.2981207277584144,1.199540843767034,1.1932194,1.2223191561217712
114,15,1.0,1.627370651852854,1.6609641541735691,1.1998689389608492,1.700251,1.553054742168965
114,16,1.0,1.143955204906209,1.1385411030547845,1.2004967615184707,1.1538677,1.1585522968990523
114,17,1.0,1.206970106448483,1.1151910643662255,1.1997529923600905,1.2012899,1.180574103112623
114,18,1.0,1.669755088707564,1.6596176597808685,1.1998702018786747,1.6826407,1.558924258830367
114,19,2.0,1.1630127008329436,1.3467483627372792,1.1997832842374618,1.1679827,1.2195144831181621
114,20,1.0,1.1630127008329436,1.3467483627372792,1.1997832842374618,1.1679827,1.2195144831181621
114,21,1.0,1.0629555152807908,1.1412661512304882,1.200499560147754,1.1294202,1.1324754283320797
114,22,1.0,1.1391028879079383,1.3484154510330035,1.1997832451805432,1.1700324,1.2144113149282463
114,23,5.0,1.745751286098224,1.661541223199012,1.1998684358106753,1.746073,1.594908695299106
114,24,4.0,1.7183516122643658,1.66070767905115,1.1998691699195627,1.6050233,1.5515939080769492
114,25,3.0,1.6122336189381579,1.6605153227093354,1.1998693460953958,1.6255159,1.529945911925528
114,26,2.0,1.6660884168575807,1.6603229663675212,1.1998695248261628,1.6706413,1.5550976298561552
114,27,1.0,1.737201507185827,1.5956396510758006,1.2000900498148435,1.7762643,1.583862664153016
114,28,2.0,1.1221648596757026,1.2970627678784352,1.1995414106804765,1.1669071,1.1962706836578498
114,29,1.0,1.1529906465396835,1.2977039556844832,1.1995410538873428,1.171293,1.2053583959768024
114,30,1.0,1.663512919964638,1.5949984632697527,1.2000967979296713,1.6930268,1.5437091358839163
114,31,2.0,1.1670027656849384,1.3467804221275814,1.1997832822440893,1.1679827,1.2205323283822513
114,32,1.0,1.2040157623218888,1.3457865810282073,1.1997833666400182,1.2058796,1.2393655384973434
114,33,3.0,1.6601713967159102,1.594036681560681,1.200106953006346,1.6769178,1.53849161558635
114,34,2.0,1.658784951436223,1.5957358292467079,1.2000890391085657,1.6813956,1.5397147785939485
114,35,1.0,1.6569723758683623,1.5948702257085432,1.200098149663453,1.6283349,1.525432529641264
114,36,1.0,1.2120411181256776,1.11525518314683,1.1997526062565262,1.2012899,1.1818735164568208
114,37,1.0,1.6444319011895216,1.6597779567323805,1.199870044997246,1.6256385,1.5379390733667986
114,38,2.0,1.2106870950849062,1.2982489653196239,1.1995407825677964,1.1932194,1.225719730743232
114,39,1.0,1.1509429406379856,1.296165104949968,1.1995419785177293,1.1635165,1.2024568324802245
114,40,2.0,1.1976784282531596,1.1147422329019918,1.1997556949686798,1.1872948,1.174520969087479
114,41,1.0,1.1653919624489935,1.1140689857056416,1.1997597484812703,1.1717896,1.1622049827697054
114,42,2.0,1.218559435271805,1.3458186404185095,1.1997833631913337,1.2058796,1.243054097787076
114,43,1.0,1.2011296235800173,1.3459789373700217,1.1997833466675925,1.1983749,1.236759385342512
114,44,3.0,1.6975778933737933,1.659649719171171,1.1998701703641468,1.7684348,1.58797395179716
114,45,2.0,1.6172126408626901,1.594838166318241,1.200098487696658,1.5399392,1.4926949743683937
114,46,1.0,1.6587572756459392,1.5953511165630792,1.2000930842919344,1.6308172,1.5266412596276153
114,47,1.0,1.114901194858356,1.1386372812256915,1.2004968514288386,1.1538677,1.1512241990833665
114,48,2.0,1.6935923584937675,1.6595535410002638,1.1998702651186604,1.6826407,1.5649403486756945
114,49,1.0,1.6989181501538004,1.5945496318055195,1.2001015320627781,1.6955403,1.5532009514836351
114,50,2.0,1.1720538535752225,1.3456904028573,1.1997833772818158,1.1772541,1.2239122857169076
114,51,1.0,1.1989995701899365,1.344472146025809,1.199783549719668,1.2311598,1.2442463224640867
114,52,1.0,1.719141263251065,1.5962808388818486,1.2000833193157396,1.6928794,1.5580700714082911
114,53,1.0,1.215818384320786,1.3445683241967163,1.1997835335684472,1.1947109,1.2391800131553816
114,54,1.0,1.1335713020189757,1.2980245495875071,1.1995408907290754,1.1516759,1.1954946814672842
114,55,1.0,1.1805760228231228,1.1140048669250369,1.1997601344988384,1.1769835,1.1673632486619916
114,56,1.0,1.180365182569958,1.3451453932221593,1.199783445803715,1.1812984,1.2269147512518959
114,57,5.0,1.6497814421376986,1.5950305226600552,1.2000964601105981,1.5927073,1.5145167433831432
114,58,4.0,1.6527022414281267,1.5960884825400343,1.200085336619684,1.729672,1.5506436366940974
114,59,3.0,1.6344020684709426,1.5952869977824744,1.2000937590932914,1.6254233,1.5190786374829577
114,60,2.0,1.6856252350877035,1.5946137505861242,1.2001008552180112,1.6990657,1.5507571122862573
114,61,1.0,1.6307692611881408,1.6590726501457278,1.1998707484476638,1.6465442,1.5396642238691796
114,62,2.0,1.1431392786182741,1.3470048378596982,1.1997832696482038,1.1679827,1.2145501809960177
114,63,1.0,1.2124632235126784,1.3454659871251833,1.199783403805533,1.2265123,1.2467131315618014
114,64,1.0,1.219020524445537,1.1400799537892996,1.2004982778145044,1.2040194,1.1907989565231198
114,65,1.0,1.6521635279431757,1.6607717978317547,1.199869111760336,1.6017718,1.5340266394757156
114,66,1.0,1.2346775032817163,1.2949468481184772,1.1995428767056302,1.2127473,1.2359632972097172
114,67,1.0,1.176188285712903,1.3465560063954647,1.199783297224876,1.188075,1.227952419042033
114,68,2.0,1.6287602230629168,1.659810016122683,1.199870013838414,1.621523,1.5329259170826672
114,69,1.0,1.6383099851293503,1.5939725627800763,1.200107631407657,1.6147628,1.5170045050702918
114,70,1.0,1.166257659096054,1.139310528422042,1.2004974989155317,1.180394,1.1711934023278554
114,71,1.0,1.1795827834748733,1.1145819359504798,1.1997566601364917,1.1817158,1.1684706574910355
114,72,4.0,1.6587572756459392,1.5953511165630792,1.2000930842919344,1.6308172,1.5266412596276153
114,73,3.0,1.635771785366449,1.596409076443058,1.2000819753447927,1.6928794,1.5370045796312732
114,74,2.0,1.5854009012494295,1.6611885699056859,1.199868740575541,1.6894388,1.5397179189506272
114,75,1.0,2.0309971718351942,1.6624388861274793,1.199867698539155,1.5293059,1.6117336285161175
114,76,1.0,1.1759223861895964,1.3447606805385304,1.1997835025814474,1.186647,1.2270646991991176
114,77,1.0,1.355396357740998,1.2991145688577885,1.199540412031274,1.3055766,1.2913714793584528
114,78,1.0,1.5826559677715926,1.6606115008802427,1.1998692576988754,1.6050233,1.5172302147361272
114,79,1.0,1.1565934490579322,1.1402723101311139,1.2004984790348745,1.1787317,1.1685650910206968
114,80,2.0,1.159886792947605,1.1157681333916685,1.1997495173134307,1.1576169,1.157605001777095
114,81,1.0,1.173830416734456,1.1144857577795728,1.1997572392231641,1.1880307,1.1686101208613766
114,82,1.0,1.1590769233571379,1.296613936414202,1.1995416846395008,1.1607699,1.20392442626131
114,83,1.0,1.1940749026978632,1.3455942246863928,1.1997833883593625,1.2265123,1.2420921995527692
114,84,2.0,1.1452581612593618,1.1394387659832514,1.2004976258488753,1.165429,1.1620741296898713
114,85,1.0,1.1056064188764918,1.1405929040341376,1.2004988201836024,1.1529022,1.1491198398213696
114,86,1.0,1.6395640463323826,1.5951908196115672,1.2000947716535608,1.6261276,1.5205414400362374
114,87,1.0,1.2629527897150297,1.348030738349375,1.1997832424729962,1.1700324,1.2456556292035117
114,88,1.0,1.6912746751177465,1.5960243637594296,1.2000860094045394,1.729672,1.560388777406667
114,89,1.0,1.1891434572799993,1.2972230648299472,1.1995413176695175,1.1723871,1.2146662453962986
114,90,1.0,1.114901194858356,1.1386372812256915,1.2004968514288386,1.1538677,1.1512241990833665
114,91,2.0,1.1892105736111047,1.1149025298535038,1.199754729773843,1.2129347,1.1789934033169938
114,92,1.0,1.1701482974740927,1.1142934014377583,1.199758397368022,1.1738906,1.1640038657706997
114,93,3.0,1.18774913768882,1.1383166873226676,1.200496554248294,1.171278,1.1740426515559612
114,94,2.0,1.1249714389293934,1.1410737948886738,1.2004993454707078,1.1294202,1.1481205565387604
114,95,1.0,1.1072578331050373,1.1409455573274638,1.2004992038005686,1.1294202,1.1436054350654992
114,96,1.0,1.7191137392183062,1.5959602449788248,1.200086682362197,1.6252414,1.5406379719855043
114,97,1.0,1.114901194858356,1.1386372812256915,1.2004968514288386,1.1538677,1.1512241990833665
114,98,1.0,1.1418892786182742,1.3470368972500006,1.1997832680428435,1.1679827,1.2142419664515511
114,99,1.0,1.6030118493518952,1.5931069592419114,1.2001168069794945,1.6457299,1.5157960923431038
114,100,1.0,1.180365182569958,1.3451453932221593,1.199783445803715,1.1812984,1.2269147512518959
114,101,1.0,1.6865421200232538,1.5933313749740283,1.2001144250761036,1.7478876,1.5631875598339626
114,102,1.0,1.2540441200320567,1.3434783049264345,1.1997837419199187,1.2156147,1.2539382053689616
114,103,1.0,1.6448954341085347,1.5941649191218905,1.200105596714778,1.6336982,1.5235749473115472
114,104,1.0,1.1728981169226673,1.1400158350086949,1.2004982113183338,1.2040194,1.1791108982742744
114,105,1.0,1.164509213934268,1.1158643115625757,1.1997489381187438,1.1576169,1.158798961140276
114,106,1.0,1.73757085003031,1.5945816911958217,1.2001011936136214,1.8723685,1.60833560118362
114,107,1.0,1.188057613897362,1.1407211415953473,1.2004989586690393,1.1529022,1.170017567152167
114,108,1.0,1.1664430100730698,1.2965818770238993,1.1995417049655492,1.1644905,1.206734454510518
114,109,1.0,1.1366099120742368,1.1402402507408114,1.2004984453178285,1.1787317,1.1634999014781158
114,110,1.0,1.174299326371559,1.1137163324123154,1.1997618715250307,1.1699439,1.1638970660952839
114,111,2.0,1.2458684181848902,1.298345143490531,1.1995407377492049,1.1932194,1.2346471057642554
114,112,1.0,1.1603551797927067,1.2969986490978305,1.1995414485973603,1.1669071,1.2059189753034747
114,113,1.0,1.1669269759977592,1.114101045095944,1.199759555467417,1.1717896,1.162601503136525
114,114,1.0,1.6421850595431549,1.6597138379517755,1.1998701075392655,1.6256385,1.5373542725626521
114,115,1.0,1.1847102150375663,1.1154475394886445,1.1997514479284297,1.1784981,1.1691608908590103
114,116,1.0,1.670538944496338,1.594677869366729,1.2001001785789074,1.6463499,1.5334372005434815
114,117,1.0,1.1866004454331196,1.1396311223250661,1.2004978184106496,1.1656498,1.1726416279978598
114,118,1.0,1.1666255776830206,1.1143895796086656,1.1997578183031676,1.1738906,1.1631366017112075
114,119,1.0,1.1343789303691478,1.1379960934196438,1.2004962642504122,1.1472574,1.1542957726059826
114,120,2.0,1.1504888857191586,1.3452095120027643,1.1997834370169735,1.1812984,1.2193704276719217
114,121,1.0,1.20446815651791,1.3451774526124618,1.1997834413854926,1.1812984,1.233022403603226
114,122,1.0,1.6881834537284677,1.5973387987618277,1.2000722526506318,1.440125,1.4856856232944353
114,123,1.0,1.2199116941894639,1.2972551242202495,1.1995412993690346,1.1723871,1.222460617457797
114,124,2.0,1.6299943336484668,1.660066491245102,1.199869767077651,1.5986786,1.52744491559163
114,125,1.0,1.6354951905133106,1.5939084439994715,1.2001083099950105,1.5973891,1.5118208847959822
114,126,1.0,1.174020620047014,1.2954918577536179,1.1995424567258655,1.1824814,1.2129899126804988
114,127,1.0,1.1793483185926472,1.1146460547310846,1.1997562740739098,1.1817158,1.168427457744136
114,128,1.0,1.2266861876862871,1.295010966899082,1.1995428257651144,1.2127473,1.2339572149381604
114,129,1.0,1.1433301179676372,1.1391181720802275,1.2004973106825902,1.1586083,1.159755942329062
114,130,1.0,1.6354951905133106,1.5939084439994715,1.2001083099950105,1.5973891,1.5118208847959822
114,131,1.0,1.2052291474555978,1.3441515521227851,1.1997836066682077,1.1971539,1.2370213352206834
114,132,1.0,1.1703612021782988,1.1397593598862756,1.2004979482252418,1.1656498,1.1685645797746858
114,133,1.0,1.1431392786182741,1.3470048378596982,1.1997832696482038,1.1679827,1.2145501809960177
114,134,2.0,1.6497814421376986,1.5950305226600552,1.2000964601105981,1.5927073,1.5145167433831432
114,135,1.0,1.5547887875218518,1.6612847480765929,1.199868656607958,1.6894388,1.531995483429424
114,136,1.0,1.1635279632794917,1.3444080272452041,1.1997835607214462,1.2004491,1.2273782693983113
114,137,1.0,1.6137169675985765,1.5948061069279384,1.2000988257846814,1.5363746,1.4908882534696644
114,138,1.0,1.1666735971339255,1.114838411072899,1.1997551158545565,1.1872948,1.1666990342540378
114,139,1.0,1.1332318777086245,1.138669340615994,1.2004968815409613,1.1538677,1.1558711136360023
114,140,1.0,1.6587572756459392,1.5953511165630792,1.2000930842919344,1.6308172,1.5266412596276153
114,141,1.0,1.2338870688994323,1.1134919166801984,1.1997632224639523,1.206647,1.1883319639541972
114,142,1.0,1.1146378917545126,1.297447480562064,1.1995411917189822,1.1723871,1.1958684988782293
114,143,1.0,1.2309174317897247,1.1134598572898962,1.1997634154468366,1.2185128,1.1906151825667035
114,144,1.0,1.6816285979615382,1.594357275463705,1.2001035636019515,1.6980873,1.5494305794538814
114,145,1.0,1.1529475192655811,1.297768074465088,1.1995410204377885,1.171293,1.2053637001815656
114,146,1.0,1.114901194858356,1.1386372812256915,1.2004968514288386,1.1538677,1.1512241990833665
114,147,1.0,1.1077266990631787,1.2974795399523664,1.1995411741406559,1.1723871,1.1941276492989479
114,148,1.0,1.6587572756459392,1.5953511165630792,1.2000930842919344,1.6308172,1.5266412596276153
114,149,1.0,1.249615899806289,1.13687401475906,1.2004953057067556,1.202808,1.1974188096819791
114,150,4.0,1.6497808648037355,1.5942610972927977,1.200104579958601,1.6080896,1.5182683889324473
114,151,3.0,1.6395640463323826,1.5951908196115672,1.2000947716535608,1.6261276,1.5205414400362374
114,152,2.0,1.6409925853598544,1.5947419881473337,1.2000995020952943,1.5928975,1.5122691116903564
114,153,1.0,1.69355536065839,1.5944213942443097,1.2001028862418013,1.6932174,1.5512160153693846
114,154,1.0,1.1947144879620082,1.114998708024411,1.199754150642921,1.2129347,1.1804104349350788
114,155,1.0,1.2468047892303447,1.3454980465154858,1.1997833998698069,1.2265123,1.2554117798204565
114,156,1.0,1.175657219066553,1.2958124516566418,1.1995422234114523,1.1717614,1.2107361518986768
114,157,1.0,1.6363219334203338,1.5958640668079174,1.2000876921421766,1.7737604,1.5577480444248895
114,158,2.0,1.1106758484019659,1.13982347866688,1.2004980135652927,1.1656498,1.1534767421440617
114,159,1.0,1.1697683481413017,1.1372587274426889,1.2004956244685052,1.1687737,1.1685822415892242
114,160,2.0,1.208243358902439,1.3458827591991143,1.1997833564350124,1.2058796,1.2404597180127381
114,161,1.0,1.180365182569958,1.3451453932221593,1.199783445803715,1.1812984,1.2269147512518959
114,162,1.0,1.1146378917545126,1.297447480562064,1.1995411917189822,1.1723871,1.1958684988782293
114,163,1.0,1.533099201092196,1.5967617297363845,1.2000782830327277,1.4974122,1.4609856494668247
114,164,1.0,1.1805636226896652,1.1389258157384132,1.2004971250352967,1.1936113,1.1781056079766146
114,165,2.0,1.1472084083718033,1.2953636201924084,1.1995425529004893,1.172182,1.2035311972878553
114,166,1.0,1.1984702374716278,1.2950430262893844,1.1995428004616004,1.2127473,1.226824944631237
114,167,2.0,1.6172126408626901,1.594838166318241,1.200098487696658,1.5399392,1.4926949743683937
114,168,1.0,1.663181506159617,1.5949664038794504,1.2000971357858055,1.6930268,1.543617234947416
114,169,2.0,1.1900136759493962,1.3448889180997403,1.1997834828791212,1.186647,1.230663112769553
114,170,1.0,1.1893181339821637,1.343991255171273,1.1997836369483321,1.2014924,1.234066859214579
114,171,1.0,1.2028752659602961,1.1370343117105717,1.2004954372728946,1.1749771,1.178494288520776
114,172,1.0,1.1897682686021678,1.1132354415577792,1.1997647663038908,1.1931311,1.1736366660636082
114,173,1.0,1.1808736565511468,1.3441836115130874,1.1997836007566383,1.1971539,1.23086600404746
114,174,3.0,1.1691137129831615,1.2976398369038784,1.1995410877373038,1.1723871,1.209702898030316
114,175,2.0,1.1601855357792195,1.2967742333657137,1.1995415845012174,1.1750033,1.2078954351166444
114,176,1.0,1.1867760903917774,1.2944659572639412,1.1995432716870786,1.1768159,1.2145055780645786
114,177,1.0,1.1644433865670578,1.137611380736015,1.2004959257203662,1.1765636,1.169321632027616
114,178,1.0,1.2142065553326156,1.113043085215965,1.199765924118988,1.2066385,1.1832364330957983
114,179,1.0,1.174299326371559,1.1137163324123154,1.1997618715250307,1.1699439,1.1638970660952839
114,180,1.0,1.6608818161739438,1.6607397384414522,1.199869140801079,1.6017718,1.5362247985083768
114,181,1.0,1.1820316222874074,1.114357520218363,1.199758011323549,1.1738906,1.167027214907564
114,182,1.0,1.6299943336484668,1.660066491245102,1.199869767077651,1.5986786,1.52744491559163
114,183,1.0,1.1557043778877547,1.296966589707528,1.1995414677103222,1.1790755,1.2078543492028389
114,184,1.0,1.1989109406897773,1.1356878173178713,1.2004943876095278,1.192668,1.181686643170591
114,185,1.0,1.73757085003031,1.5945816911958217,1.2001011936136214,1.8723685,1.60833560118362
114,186,1.0,1.1697683481413017,1.1372587274426889,1.2004956244685052,1.1687737,1.1685822415892242
114,187,1.0,1.1265059058019975,1.3433180079749227,1.1997837772408781,1.1943103,1.2161593942859428
114,188,1.0,1.1861603325269658,1.1124980755808243,1.1997692042556876,1.1786145,1.1688155118520642
114,189,1.0,1.2876426094985567,1.3424844638270605,1.1997839802083758,1.2450023,1.2697252746742458
114,190,1.0,1.2856720353815063,1.1107348091141924,1.1997798125082044,1.3334317,1.2332551362797353
114,191,1.0,1.649509784209261,1.658271165388168,1.1998715893009566,1.6742713,1.5513143457366085
114,192,1.0,1.2879614937052815,1.1355595797566616,1.2004942942015104,1.1898227,1.2034598359255568
114,193,1.0,1.6816285979615382,1.594357275463705,1.2001035636019515,1.6980873,1.5494305794538814
114,194,1.0,1.213839904499222,1.3425485826076653,1.199783963447793,1.2450023,1.2510648561616196
114,195,1.0,1.1342692155065577,1.1328986503615632,1.2004926122900705,1.1340625,1.1495935067896845
114,196,1.0,1.2969861230414401,1.108843305086351,1.1997911839089344,1.3433998,1.2381984768616272
114,197,1.0,1.6239492251003906,1.6593932440487515,1.1998704244694187,1.6188318,1.530912933650284
114,198,1.0,1.1409512049778283,1.1332192442645868,1.200492789088118,1.1556079,1.156890657409003
114,199,2.0,1.6040105201525652,1.6584635217299823,1.1998713834748858,1.5660717,1.5121025920448006
114,200,1.0,1.6569723758683623,1.5948702257085432,1.200098149663453,1.6283349,1.525432529641264
114,201,2.0,1.1409512049778283,1.1332192442645868,1.200492789088118,1.1556079,1.156890657409003
114,202,1.0,1.0851126876794703,1.1338604320706347,1.200493163886985,1.1305165,1.1364880632509051
115,1,1.0,1.1866468029788133,1.1147101735116896,1.1997558880074635,1.1872948,1.1717212196908002
115,2,1.0,1.2021417342072835,1.138829637567506,1.2004970331874638,1.1608044,1.1751289736982637
115,3,1.0,1.6503196187156381,1.6600344318547995,1.1998697976770336,1.5986786,1.5325803617469023
115,4,1.0,1.1669269759977592,1.114101045095944,1.199759555467417,1.1717896,1.162601503136525
115,5,1.0,1.231142450789751,1.297351302391157,1.199541245091485,1.1723871,1.2253270183306193
115,6,1.0,1.5547887875218518,1.6612847480765929,1.199868656607958,1.6894388,1.531995483429424
115,7,1.0,1.2088238662902318,1.1150628268050156,1.1997537645519085,1.2129347,1.183997113024613
115,8,1.0,1.20446815651791,1.3451774526124618,1.1997834413854926,1.1812984,1.233022403603226
115,9,1.0,1.155331817996849,1.1373228462232934,1.2004956785973107,1.1687737,1.1649451470919656
115,10,1.0,1.142879503758128,1.296229223730573,1.1995419353229304,1.1635165,1.200432500910479
115,11,1.0,1.1947144879620082,1.114998708024411,1.199754150642921,1.2129347,1.1804104349350788
115,12,1.0,1.1528061755212269,1.1394708253735535,1.200497657763292,1.165429,1.163992363854209
115,13,1.0,1.1759613919020624,1.3461712937118357,1.1997833284405688,1.188075,1.2277976522535445
115,14,1.0,1.4276826972651966,1.1114080563105428,1.1997757628648287,1.284641,1.2568503118645553
115,15,1.0,1.6964860585091739,1.5943893348540072,1.2001032249003727,1.6980873,1.5531984667747167
115,16,1.0,1.1919495676601004,1.1135880948511057,1.1997626435002038,1.1740649,1.1693881585994248
115,17,1.0,1.1472084083718033,1.2953636201924084,1.1995425529004893,1.172182,1.2035311972878553
115,18,2.0,1.177453268160197,1.3454018683445783,1.199783411816775,1.1771342,1.2251749060964512
115,19,1.0,1.1878571568483505,1.3457545216379048,1.199783370141789,1.1772541,1.227927721369589
115,20,1.0,1.192506283811878,1.1372266680523864,1.2004955975103595,1.1687737,1.1743282236246
115,21,2.0,1.670538944496338,1.594677869366729,1.2001001785789074,1.6463499,1.5334372005434815
115,22,1.0,1.6788462459049018,1.5935237313158428,1.20011238515351,1.6911229,1.5467316951118004
115,23,1.0,1.130330183167613,1.1375793213457126,1.2004958979737457,1.1765636,1.160680766010643
115,24,1.0,1.6444319011895216,1.6597779567323805,1.199870044997246,1.6256385,1.5379390733667986
115,25,1.0,1.1329577529443358,1.2979604308069024,1.1995409225459215,1.1516759,1.1953231972189884
115,26,1.0,1.2069627673796084,1.1152231237565278,1.1997527993098156,1.2012899,1.1805803130420616
115,27,3.0,1.6239492251003906,1.6593932440487515,1.1998704244694187,1.6188318,1.530912933650284
115,28,2.0,1.6999185129366248,1.5944855130249145,1.2001022090586855,1.7141206,1.5582026860528884
115,29,1.0,1.66610719329884,1.593074899851609,1.2001171474311862,1.6457299,1.531755077357527
115,30,2.0,1.1820338388019795,1.3437347800488542,1.1997836878963704,1.2029234,1.2325255468945304
115,31,1.0,1.1894108352150787,1.3460751155409287,1.199783337332798,1.1983749,1.2338181452301622
115,32,1.0,1.7009979723964577,1.594453453634612,1.2001025476161822,1.7277116,1.5619530261078838
115,33,1.0,1.2211442325566582,1.2949789075087796,1.1995428511866086,1.2127473,1.232546651191344
115,34,1.0,1.18774913768882,1.1383166873226676,1.200496554248294,1.171278,1.1740426515559612
115,35,1.0,1.6503196187156381,1.6600344318547995,1.1998697976770336,1.5986786,1.5325803617469023
115,36,1.0,1.1976784282531596,1.1147422329019918,1.1997556949686798,1.1872948,1.174520969087479
115,37,2.0,1.6021928508630128,1.659489422219659,1.1998703286509278,1.5186424,1.499739379213533
115,38,1.0,1.7206226509320985,1.5954793541242887,1.200091735200249,1.7215296,1.5655910552141044
115,39,1.0,1.1813883639972784,1.1387975781772037,1.2004970027155075,1.1608044,1.1698689695946223
115,40,1.0,1.2338870688994323,1.1134919166801984,1.1997632224639523,1.206647,1.1883319639541972
115,41,1.0,1.2147293457014683,1.3446645023676234,1.1997835178574963,1.1930181,1.2384946836121296
115,42,1.0,1.6503196187156381,1.6600344318547995,1.1998697976770336,1.5986786,1.5325803617469023
115,43,1.0,1.2276581230263663,1.1134277978995937,1.1997636084326009,1.2185128,1.189782309055305
115,44,1.0,1.2468047892303447,1.3454980465154858,1.1997833998698069,1.2265123,1.2554117798204565
115,45,1.0,1.6784924548505906,1.5946458099764265,1.2001005168715146,1.6990657,1.5489601112148832
115,46,3.0,1.174346032473109,1.295844511046944,1.1995422006426717,1.1717614,1.2104124483436847
115,47,2.0,1.176592528005252,1.2968383521463185,1.1995415451696643,1.176445,1.2124333613108518
115,48,1.0,1.155443168201348,1.2980566089778094,1.199540874978018,1.1516759,1.2010377231265768
115,49,1.0,1.1357683379118082,1.3436386018779467,1.1997837077952218,1.185923,1.2164336711775265
115,50,1.0,1.1589307201610433,1.2965177582432945,1.1995417459361912,1.1644905,1.2048171651130728
115,51,2.0,1.6289211628686715,1.6589764719748206,1.1998708470290895,1.6244049,1.5334949126827515
115,52,1.0,1.6486545116020246,1.5940687409509835,1.2001066138685064,1.6231738,1.5218032897705092
115,53,2.0,1.1077266990631787,1.2974795399523664,1.1995411741406559,1.1723871,1.1941276492989479
115,54,1.0,1.19224651677626,1.297191005439645,1.1995413360668723,1.1723871,1.2154434023782454
115,55,1.0,1.6258720744815072,1.59509464144066,1.2000957845886016,1.6960963,1.53499491558072
115,56,3.0,1.1868056901849668,1.1396952411056707,1.2004978831717186,1.1656498,1.1727098089775205
115,57,2.0,1.2090567702705097,1.1367137178075477,1.2004951759300158,1.2008309,1.1866072530618264
115,58,1.0,1.1507262381774244,1.1381243309808533,1.2004963793858585,1.1898162,1.169378710688997
115,59,1.0,1.1657923935000674,1.1115362938717523,1.1997749913912463,1.1906548,1.166506700227661
115,60,1.0,1.6112929958947833,1.660226788196614,1.1998696151401733,1.6716883,1.5414751771328659
115,61,1.0,1.1842006876256483,1.2993710439802078,1.1995403164720477,1.3055766,1.2481132874785208
115,62,1.0,1.1926127509425903,1.1140369263153391,1.199759941492091,1.1769835,1.170417351135681
115,63,2.0,1.782161449073157,1.5956075916854984,1.2000903868027868,1.7762643,1.5952322720427403
115,64,1.0,1.6601713967159102,1.594036681560681,1.200106953006346,1.6769178,1.53849161558635
115,65,2.0,1.0542684228051051,1.1166016775395309,1.199744497424655,1.1576169,1.131086780029055
115,66,1.0,1.1624957453742188,1.1136842730220131,1.1997620645210303,1.1740649,1.1619587247837222
115,67,1.0,1.627370651852854,1.6609641541735691,1.1998689389608492,1.700251,1.553054742168965
115,68,1.0,1.2011584693676152,1.115159004975923,1.199753185408723,1.2012899,1.17909533298494
115,69,1.0,1.2967282574196306,1.3416188602888957,1.1997842251534894,1.3642677,1.3023894594208791
115,70,1.0,1.18774913768882,1.1383166873226676,1.200496554248294,1.171278,1.1740426515559612
115,71,1.0,1.1449305274172912,1.2974154211717617,1.1995412094107734,1.1723871,1.2035262969994698
115,72,2.0,1.5482818879776317,1.5932993155837258,1.200114765218322,1.5544634,1.4785902244277818
115,73,1.0,1.6172126408626901,1.594838166318241,1.200098487696658,1.5399392,1.4926949743683937
115,74,1.0,1.2147293457014683,1.3446645023676234,1.1997835178574963,1.1930181,1.2384946836121296
115,75,2.0,1.7209135139883298,1.5954152353436841,1.2000924096481962,1.7339035,1.5688217383267347
115,76,1.0,1.6137169675985765,1.5948061069279384,1.2000988257846814,1.5363746,1.4908882534696644
115,77,1.0,1.2161524350032373,1.3446003835870186,1.1997835282798759,1.1947109,1.239272660349713
115,78,1.0,1.6964860585091739,1.5943893348540072,1.2001032249003727,1.6980873,1.5531984667747167
115,79,1.0,1.2228114152873832,1.344311849074297,1.1997835775924242,1.1937002,1.2406256271199103
115,80,1.0,1.1333374097584974,1.1121454222874978,1.1997713264148124,1.1510646,1.1482945524928287
115,81,2.0,1.1721453335881773,1.295908629827549,1.1995421554136423,1.1665279,1.2085296927554716
115,82,1.0,1.199692058219834,1.2954597983633156,1.1995424806202186,1.1824814,1.2194782640218973
115,83,1.0,1.1893797666680006,1.1148704704632015,1.1997549228147684,1.1872948,1.172453164071117
115,84,2.0,1.6258720744815072,1.59509464144066,1.2000957845886016,1.6960963,1.53499491558072
115,85,1.0,1.6486545116020246,1.5940687409509835,1.2001066138685064,1.6231738,1.5218032897705092
115,86,1.0,1.1848519354802596,1.1388616969578083,1.200497063729626,1.1936113,1.1791745752834697
115,87,1.0,1.6422989425830403,1.5930107810710044,1.2001178284493685,1.6163131,1.5181705515878223
115,88,1.0,1.1897682686021678,1.1132354415577792,1.1997647663038908,1.1931311,1.1736366660636082
115,89,1.0,1.6587572756459392,1.5953511165630792,1.2000930842919344,1.6308172,1.5266412596276153
115,90,1.0,1.1897949994607926,1.3458506998088118,1.199783359788921,1.2058796,1.2357830319639667
115,91,1.0,1.1666196082226283,1.296710114585109,1.1995416242552308,1.1607699,1.2058575158537361
115,92,2.0,1.1433301179676372,1.1391181720802275,1.2004973106825902,1.1586083,1.159755942329062
115,93,1.0,1.1693001314271694,1.1390540532996227,1.2004972485110714,1.1586083,1.1663117182099596
115,94,1.0,1.6307692611881408,1.6590726501457278,1.1998707484476638,1.6465442,1.5396642238691796
115,95,1.0,1.1845445841293307,1.3449850962706473,1.1997834686149365,1.186647,1.2293034305349246
115,96,2.0,1.6409925853598544,1.5947419881473337,1.2000995020952943,1.5928975,1.5122691116903564
115,97,1.0,1.6640730079202413,1.660290906977219,1.19986955485377,1.6706413,1.5545795010994667
115,98,1.0,1.1040377949231768,1.2946903729960582,1.199543084513243,1.1596085,1.1892118366326219
115,99,1.0,1.637026977057564,1.6599382536838925,1.1998698898947675,1.626861,1.536419189247793
115,100,2.0,1.1952539399627697,1.3442797896839946,1.1997835833102033,1.1937002,1.233643772966708
115,101,1.0,1.1952539399627697,1.3442797896839946,1.1997835833102033,1.1937002,1.233643772966708
115,102,1.0,1.1909792097860765,1.1132995603383842,1.1997643803551135,1.2022048,1.1762860894327212
115,103,1.0,1.1557043778877547,1.296966589707528,1.1995414677103222,1.1790755,1.2078543492028389
115,104,1.0,1.6443503518292182,1.594196978512193,1.2001052577588711,1.6076175,1.5167570117934839
115,105,1.0,1.1164019112625763,1.296133045559666,1.1995420002779371,1.1635165,1.1937077118346147
115,106,2.0,1.7622703789021237,1.593395493754633,1.2001137449238828,1.8000718,1.595749447298767
115,107,1.0,1.682278294971463,1.5950625820503577,1.2000961223292193,1.6960963,1.5492611387666702
115,108,1.0,1.1723123013132706,1.296549817633597,1.1995417253966993,1.1644905,1.2082116393787046
115,109,2.0,1.1887617224533453,1.1382205091517603,1.2004964664930924,1.171278,1.174274538161459
115,110,1.0,1.2090567702705097,1.1367137178075477,1.2004951759300158,1.2008309,1.1866072530618264
115,111,1.0,1.163166436113935,1.1120813035068933,1.1997717122353169,1.1510646,1.1558270032423907
115,112,1.0,1.1461081186836215,1.1380602122002486,1.2004963216741718,1.1472574,1.157280220990471
115,113,1.0,1.164816204102289,1.1142292826571536,1.1997587834092098,1.1573049,1.1583852037902747
115,114,2.0,1.6999185129366248,1.5944855130249145,1.2001022090586855,1.7141206,1.5582026860528884
115,115,1.0,1.749660213480817,1.6581429278269584,1.199871727929713,1.8031545,1.6096764368705319
115,116,1.0,1.1601855357792195,1.2967742333657137,1.1995415845012174,1.1750033,1.2078954351166444
115,117,1.0,1.6307692611881408,1.6590726501457278,1.1998707484476638,1.6465442,1.5396642238691796
115,118,1.0,1.2161524350032373,1.3446003835870186,1.1997835282798759,1.1947109,1.239272660349713
115,119,1.0,1.163166436113935,1.1120813035068933,1.1997717122353169,1.1510646,1.1558270032423907
115,120,1.0,1.6318114189284005,1.659425303439054,1.1998703924589302,1.5205693,1.507712646871817
115,121,1.0,1.2122133132102533,1.2955559765342228,1.1995424092530504,1.1946213,1.2257843573923077
115,122,2.0,1.6556416046303513,1.656892611605165,1.1998731388145958,1.6478754,1.5457487310821039
115,123,1.0,1.6464311335412385,1.5938122658285643,1.2001093281874209,1.6307818,1.523127327742583
115,124,1.0,1.2118866021983823,1.1365854802463382,1.2004950733920274,1.2008309,1.1872908988716633
115,125,1.0,1.2175845138626074,1.1127866100935457,1.1997674677769041,1.20506,1.1836219524857925
115,126,1.0,1.6455296306926848,1.6590085313651228,1.199870814095885,1.6465442,1.5433832981565572
115,127,1.0,1.1796819736231487,1.1369381335396649,1.2004953581164126,1.202808,1.1797374474710587
115,128,1.0,1.6989181501538004,1.5945496318055195,1.2001015320627781,1.6955403,1.5532009514836351
115,129,1.0,1.162000480518633,1.1372907868329913,1.2004956514958267,1.1687737,1.1666246109570535
115,130,1.0,1.6340731500529824,1.5940046221703785,1.2001072921860267,1.6769178,1.5318791155468103
115,131,1.0,1.320185551914392,1.3445042054161114,1.1997835442861526,1.2311598,1.2749219689191862
115,132,3.0,1.6444109324114993,1.5953190571727767,1.2000934216764867,1.6254233,1.5216195308412508
115,133,2.0,1.6287602230629168,1.659810016122683,1.199870013838414,1.621523,1.5329259170826672
115,134,1.0,1.663512919964638,1.5949984632697527,1.2000967979296713,1.6930268,1.5437091358839163
115,135,1.0,1.2068359721553952,1.1362969457336167,1.2004948468648184,1.2033799,1.1865933313759018
115,136,1.0,1.175657219066553,1.2958124516566418,1.1995422234114523,1.1717614,1.2107361518986768
115,137,1.0,1.6289211628686715,1.6589764719748206,1.1998708470290895,1.6244049,1.5334949126827515
115,138,1.0,1.2575446067932698,1.3431897704137132,1.199783806357573,1.2591685,1.2659197910167623
115,139,1.0,1.6401495857442592,1.6585917592911918,1.199871247669215,1.5772818,1.5241550988558052
115,140,1.0,1.1990410685541526,1.1117286502135668,1.1997738341086597,1.1738204,1.1706521448499752
115,141,1.0,1.4003971779254725,1.2944338978736387,1.1995432988333639,1.1768159,1.2685567944565195
115,142,1.0,1.1270000281752588,1.1387014000062965,1.2004969117275397,1.1608044,1.1560810023723258
115,143,1.0,1.208129838056029,1.1131713227771745,1.1997651522469928,1.1931311,1.178267142307702
115,144,1.0,1.6395640463323826,1.5951908196115672,1.2000947716535608,1.6261276,1.5205414400362374
115,145,1.0,1.2338870688994323,1.1134919166801984,1.1997632224639523,1.206647,1.1883319639541972
115,146,2.0,1.6344020684709426,1.5952869977824744,1.2000937590932914,1.6254233,1.5190786374829577
115,147,1.0,1.7160649934189822,1.593555790706145,1.2001120453096752,1.6911229,1.5561583682282825
115,148,1.0,1.197489994820806,1.1360404706111975,1.2004946503561782,1.2081482,1.1853860607294702
115,149,1.0,1.162033494524414,1.2956200953148276,1.1995423621833885,1.1381602,1.1986233265996742
115,150,1.0,1.1901380509559807,1.344055373951878,1.1997836246943803,1.1971539,1.2331780214293706
115,151,1.0,1.6239492251003906,1.6593932440487515,1.1998704244694187,1.6188318,1.530912933650284
115,152,1.0,1.4276834714526252,1.3418432760210126,1.1997841583133668,1.3604281,1.334601379071405
115,153,1.0,1.6383099851293503,1.5939725627800763,1.200107631407657,1.6147628,1.5170045050702918
115,154,1.0,1.2506683056404553,1.3432218298040155,1.1997837990083393,1.2591685,1.2641877735795428
115,155,2.0,1.182165842924828,1.1344054417057758,1.2004935047266947,1.147496,1.1655406541784212
115,156,1.0,1.1895795821583404,1.1357839954887785,1.2004944584120179,1.192668,1.1793495892209107
115,157,1.0,1.2014412568611215,1.343895077000366,1.1997836556934027,1.2073308,1.2386076024245642
115,158,1.0,1.2076652511924875,1.1127545507032435,1.19976766072181,1.20506,1.1811036994769153
115,159,2.0,1.6547668921339624,1.6592970658778445,1.199870520923126,1.6306647,1.541721772870909
115,160,1.0,1.6409925853598544,1.5947419881473337,1.2000995020952943,1.5928975,1.5122691116903564
115,161,1.0,1.1749187405831174,1.1351748670730328,1.2004940208120551,1.1867164,1.173959063294731
115,162,3.0,1.661907239367197,1.5937802064382618,1.200109667673502,1.6767758,1.5388302428359375
115,163,2.0,1.637026977057564,1.6599382536838925,1.1998698898947675,1.626861,1.536419189247793
115,164,1.0,1.6989181501538004,1.5945496318055195,1.2001015320627781,1.6955403,1.5532009514836351
115,165,1.0,1.2386088487043336,1.11150423448145,1.1997751842614515,1.1906548,1.184925691476932
115,166,2.0,1.4003971779254725,1.2944338978736387,1.1995432988333639,1.1768159,1.2685567944565195
115,167,1.0,1.1886828618755136,1.2962612831208755,1.1995419138723007,1.1635165,1.2120316860762967
115,168,1.0,1.3130286315250985,1.1108309872850997,1.19977923405446,1.3334317,1.2402022456179942
115,169,2.0,1.7961510710281017,1.5934275531449356,1.2001134049086668,1.8000718,1.6043313862879645
115,170,1.0,1.5106886322062212,1.6604832633190332,1.199869375716535,1.5995178,1.4975738163521974
115,171,1.0,1.2022673449826848,1.2953956795827108,1.1995425287070083,1.172182,1.2174726145503878
115,172,1.0,1.1897782764302771,1.1351428076827306,1.2004939984887035,1.1867164,1.1777113249056743
115,173,1.0,1.2193809321215783,1.297383361781459,1.1995412272029535,1.1723871,1.2223587367727715
115,174,2.0,1.1561930158278515,1.1116324720426596,1.199774412760793,1.1906548,1.1641016666875448
115,175,1.0,1.45276447153138,1.3406250191895215,1.1997845491496528,1.3965317,1.3498984595308365
115,176,1.0,1.1627600006002314,1.2960368673887586,1.1995420661528373,1.1635165,1.2054148469602053
115,177,2.0,1.5419945162259583,1.5927543059485851,1.2001205542745537,1.6661373,1.5054997852939798
115,178,1.0,1.6865421200232538,1.5933313749740283,1.2001144250761036,1.7478876,1.5631875598339626
115,179,1.0,1.3937216614031,1.1112798187493333,1.1997765343064424,1.284641,1.248223804373537
115,180,2.0,1.6383099851293503,1.5939725627800763,1.200107631407657,1.6147628,1.5170045050702918
115,181,1.0,1.7009979723964577,1.594453453634612,1.2001025476161822,1.7277116,1.5619530261078838
115,182,1.0,1.2771536076614733,1.342195929314339,1.1997840579967693,1.3533503,1.2947822288331956
115,183,1.0,1.6486545116020246,1.5940687409509835,1.2001066138685064,1.6231738,1.5218032897705092
115,184,1.0,1.2782677242165157,1.1110554030172164,1.1997778842360207,1.270983,1.2154479615309697
115,185,1.0,1.317685559611422,1.110510393382076,1.1997811621516095,1.2906264,1.2303232424925419
115,186,1.0,1.157242509099191,1.133700135119123,1.2004930675377044,1.1305165,1.1547007730715113
115,187,2.0,1.296134485725085,1.342420345046456,1.1997839971621125,1.271662,1.2786945253616475
115,188,1.0,1.3313444720172358,1.110446274601471,1.1997815477440608,1.2906264,1.2337636561037273
115,189,1.0,1.6137169675985765,1.5948061069279384,1.2000988257846814,1.5363746,1.4908882534696644
115,190,1.0,1.2346775032817163,1.2949468481184772,1.1995428767056302,1.2127473,1.2359632972097172
115,191,2.0,1.295580960034024,1.3407532567507312,1.1997845047826217,1.3965317,1.3101537689512244
115,192,1.0,1.605306730246788,1.3409135537022434,1.1997844503875281,1.3965317,1.3885740617101572
115,193,1.0,1.6383099851293503,1.5939725627800763,1.200107631407657,1.6147628,1.5170045050702918
115,194,1.0,1.1299087929378135,1.1322254031652128,1.2004922639628053,1.1379697,1.1493215489593211
115,195,1.0,1.1164019112625763,1.296133045559666,1.1995420002779371,1.1635165,1.1937077118346147
115,196,1.0,1.6438129656807967,1.5932031374128188,1.2001157859022575,1.5964175,1.5134999369684188
115,197,1.0,1.1707888739857695,1.2959406892178515,1.199542132942508,1.1635165,1.207422324429588
115,198,1.0,1.1282871985376508,1.1325459970682368,1.2004924259563066,1.1340625,1.1479903999020098
115,199,2.0,1.5458112780531648,1.5936519688770523,1.2001110260646615,1.5600686,1.47949072883069
115,200,1.0,1.6710733213472917,1.656572017702141,1.1998735178890263,1.5107803,1.5144167670519262
115,201,1.0,1.3343617134570804,1.3395991186998453,1.199784931342382,1.4675099,1.337877077951561
115,202,1.0,1.1906401871482408,1.2936003537257765,1.1995440403624047,1.2332882,1.2297460791665544
115,203,1.0,1.6547668921339624,1.6592970658778445,1.199870520923126,1.6306647,1.541721772870909
115,204,1.0,1.224085788429545,1.2944980166542437,1.1995432446435574,1.1768159,1.2239553415498512
115,205,1.0,1.296341568361995,1.1095806710633065,1.1997867521597796,1.3137271,1.2306117826201812
120,1,1.0,1.6289211628686715,1.6589764719748206,1.1998708470290895,1.6244049,1.5334949126827515
120,2,2.0,1.1841408832674998,1.345049215051252,1.1997834593437902,1.186647,1.229217493103075
120,3,1.0,1.214835327556555,1.343798898829459,1.199783674871381,1.2073308,1.2419727947265295
120,4,2.0,1.6865421200232538,1.5933313749740283,1.2001144250761036,1.7478876,1.5631875598339626
120,5,1.0,1.7961510710281017,1.5934275531449356,1.2001134049086668,1.8000718,1.6043313862879645
120,6,1.0,1.320185551914392,1.3445042054161114,1.1997835442861526,1.2311598,1.2749219689191862
120,7,1.0,1.1740275123415784,1.1119530659456835,1.1997724838569888,1.169864,1.1633641106982389
120,8,4.0,1.6340731500529824,1.5940046221703785,1.2001072921860267,1.6769178,1.5318791155468103
120,9,3.0,1.6497814421376986,1.5950305226600552,1.2000964601105981,1.5927073,1.5145167433831432
120,10,2.0,1.6727702251903491,1.657854393314237,1.199872043986341,1.6860936,1.5601269534197901
120,11,1.0,1.665619112242517,1.5951267008309624,1.200095446892932,1.7356517,1.5552048317635476
120,12,2.0,1.1265898002801498,1.1379640340293413,1.200496235643971,1.1472574,1.1523165220376468
120,13,1.0,1.1762367488796617,1.136489302075431,1.2004949972381445,1.2008309,1.1782449280570075
120,14,1.0,1.6307692611881408,1.6590726501457278,1.1998707484476638,1.6465442,1.5396642238691796
120,15,1.0,1.2346775032817163,1.2949468481184772,1.1995428767056302,1.2127473,1.2359632972097172
120,16,1.0,1.6395640463323826,1.5951908196115672,1.2000947716535608,1.6261276,1.5205414400362374
120,17,1.0,1.21764523345437,1.3436065424876444,1.1997837145220964,1.185923,1.2371454689767503
120,18,1.0,1.1910524444201633,1.2967421739754115,1.1995416043308185,1.1750033,1.2156985602614572
120,19,1.0,1.577501417242777,1.5925298902164684,1.2001229416582142,1.6075764,1.499411877051584
120,20,2.0,1.1897682686021678,1.1132354415577792,1.1997647663038908,1.1931311,1.1736366660636082
120,21,1.0,1.2169193713636348,1.34341418614583,1.1997837559016948,1.2156147,1.2445271293855946
120,22,1.0,1.1667445849663711,1.138765518786901,1.200496972313483,1.1608044,1.1661550692488591
120,23,1.0,1.1925657758310315,1.1123377786293123,1.1997701689025944,1.1833042,1.1715987615823518
120,24,2.0,1.174020620047014,1.2954918577536179,1.1995424567258655,1.1824814,1.2129899126804988
120,25,1.0,1.1146378917545126,1.297447480562064,1.1995411917189822,1.1723871,1.1958684988782293
120,26,1.0,1.6727702251903491,1.657854393314237,1.199872043986341,1.6860936,1.5601269534197901
120,27,1.0,1.1895910080043797,1.34421567090339,1.1997835948957494,1.1971539,1.2330801437403456
120,28,1.0,1.1909792097860765,1.1132995603383842,1.1997643803551135,1.2022048,1.1762860894327212
120,29,1.0,1.2245064586242262,1.1364251832948264,1.2004949468289943,1.2008309,1.1904439065529626
120,30,1.0,1.6287602230629168,1.659810016122683,1.199870013838414,1.621523,1.5329259170826672
120,31,1.0,1.151753319470013,1.1370663711008742,1.2004954638015086,1.1749771,1.1655653993714266
120,32,2.0,1.2014412568611215,1.343895077000366,1.1997836556934027,1.2073308,1.2386076024245642
120,33,1.0,1.2612874291773764,1.342516523217363,1.1997839718030872,1.2450023,1.263063898036521
120,34,1.0,1.1740275123415784,1.1119530659456835,1.1997724838569888,1.169864,1.1633641106982389
120,35,1.0,1.9150425732891432,1.5921772369231422,1.2001266975604337,1.7873827,1.6308510883316627
120,36,1.0,1.2540441200320567,1.3434783049264345,1.1997837419199187,1.2156147,1.2539382053689616
120,37,4.0,1.6856252350877035,1.5946137505861242,1.2001008552180112,1.6990657,1.5507571122862573
120,38,3.0,1.6950189614820657,1.5943252160734025,1.200103902334295,1.7501124,1.5661522345205843
120,39,2.0,1.7311058970967343,1.6580467496560511,1.1998718326599376,1.6860936,1.5749381075915518
120,40,1.0,1.7534697414980878,1.5955434729048936,1.2000910609130824,1.7838182,1.5898925241580197
120,41,1.0,1.1357683379118082,1.3436386018779467,1.1997837077952218,1.185923,1.2164336711775265
120,42,1.0,1.749660213480817,1.6581429278269584,1.199871727929713,1.8031545,1.6096764368705319
120,43,1.0,1.2470615137392551,1.136553420856036,1.2004950479389969,1.2008309,1.1961842039509119
120,44,1.0,1.1816478466877212,1.3444400866355064,1.1997835551962162,1.2311598,1.2398471535123363
120,45,2.0,1.6040105201525652,1.6584635217299823,1.1998713834748858,1.5660717,1.5121025920448006
120,46,1.0,1.796719160731568,1.5957999480273126,1.2000883655371901,1.7737604,1.5983223788694096
120,47,1.0,1.174838548323692,1.2971589460493425,1.1995413545723521,1.1723871,1.211030003075396
120,48,1.0,1.5813197765184694,1.5929787216807019,1.200118169024351,1.6163131,1.5027310259125346
120,49,1.0,1.199533250460041,1.1131392633868722,1.1997653452171357,1.1982279,1.1773906184039795
120,50,2.0,1.2245064586242262,1.1364251832948264,1.2004949468289943,1.2008309,1.1904439065529626
120,51,1.0,1.2879614937052815,1.1355595797566616,1.2004942942015104,1.1898227,1.2034598359255568
120,52,1.0,1.714516891023449,1.6596817785614733,1.1998701389158646,1.7684348,1.5922686694620163
120,53,1.0,1.1861603325269658,1.1124980755808243,1.1997692042556876,1.1786145,1.1688155118520642
120,54,1.0,1.1410355504212701,1.2959727486081538,1.1995421105774098,1.1635165,1.1999010044537775
120,55,2.0,1.3273908027140717,1.109644789843911,1.199786366717108,1.3137271,1.2384852902123584
120,56,1.0,1.1938329492508313,1.1128186694838482,1.1997672748237889,1.20506,1.1776194075364792
120,57,1.0,1.1534403789380336,1.3422600480949436,1.1997840403766085,1.271662,1.242543552422001
120,58,1.0,1.2717998956694618,1.294113303970615,1.1995435759017783,1.1666394,1.2333230683288487
120,59,1.0,1.1506849951962286,1.1118568877747763,1.1997730625496767,1.1643181,1.1560106145840334
120,60,1.0,1.5970282593915344,1.593235196803121,1.20011544562649,1.5964175,1.5016685502533036
120,61,1.0,1.2141674252771002,1.1130110258256625,1.1997661170808154,1.2066385,1.1832184635881366
120,62,1.0,1.198840871137361,1.1350466295118233,1.2004939319532753,1.2090888,1.1857174322978699
120,63,1.0,1.6258720744815072,1.59509464144066,1.2000957845886016,1.6960963,1.53499491558072
120,64,1.0,1.2012439679184232,1.1354954609760568,1.2004942479233283,1.1898227,1.1814987114344722
120,65,1.0,1.242107573683515,1.2950750856796869,1.199542775241593,1.2041365,1.2356678779711878
120,66,1.0,1.6145848027634342,1.5931710780225163,1.2001161262208184,1.5964175,1.5060953751629007
120,67,1.0,1.178088275165203,1.138989934519018,1.200497186631917,1.1936113,1.1774954328737988
120,68,2.0,1.6784924548505906,1.5946458099764265,1.2001005168715146,1.6990657,1.5489601112148832
120,69,1.0,1.6515503333084272,1.65990619429359,1.1998699207748802,1.626861,1.5400863892996361
120,70,2.0,1.2684118408669922,1.3429974140718988,1.1997838514772043,1.2541498,1.2673342213151266
120,71,1.0,1.182752983081472,1.3432859485846205,1.1997837844467218,1.1943103,1.2303852659326158
120,72,1.0,1.2162408304548848,1.293953007019103,1.1995437182506399,1.1666394,1.219222663689572
120,73,1.0,1.591410063303633,1.6605794414899402,1.1998692870996595,1.6255159,1.524692478818669
120,74,1.0,1.15198643250275,1.1353672234148473,1.2004941562269984,1.1898227,1.1690010402896067
120,75,4.0,1.5636723790951144,1.5918566430201182,1.2001301165682687,1.4824979,1.463669006724341
120,76,3.0,1.8067209044870387,1.5924978308261661,1.2001232828927588,1.6075764,1.557410526108058
120,77,2.0,1.6172126408626901,1.594838166318241,1.200098487696658,1.5399392,1.4926949743683937
120,78,1.0,1.816230051431959,1.6580788090463536,1.199871797679226,1.8031545,1.62650650608378
120,79,1.0,1.2309174317897247,1.1134598572898962,1.1997634154468366,1.2185128,1.1906151825667035
120,80,1.0,1.6356221049707276,1.6592329470972396,1.199870585585295,1.6350033,1.537973329466443
120,81,1.0,1.1690728709977911,1.1377075589069223,1.2004960093860482,1.1673003,1.1681421123599618
120,82,1.0,1.2163226168976773,1.296293342511178,1.199541892524547,1.1644905,1.2192841018228981
120,83,1.0,1.1759223861895964,1.3447606805385304,1.1997835025814474,1.186647,1.2270646991991176
120,84,2.0,1.139705767220804,1.296068926779061,1.1995420440915832,1.1635165,1.1995888104387902
120,85,1.0,1.2022673449826848,1.2953956795827108,1.1995425287070083,1.172182,1.2174726145503878
120,86,1.0,1.15198643250275,1.1353672234148473,1.2004941562269984,1.1898227,1.1690010402896067
120,87,1.0,1.2321396813507504,1.343029473462201,1.1997838438407216,1.2541498,1.2581632369031865
120,88,1.0,1.2066609009402274,1.1362648863433142,1.200494822049254,1.2033799,1.1865409086533762
120,89,1.0,1.1609436679079268,1.111664531432962,1.1997742198803178,1.1738204,1.160995016148003
120,90,3.0,1.7311058970967343,1.6580467496560511,1.1998718326599376,1.6860936,1.5749381075915518
120,91,2.0,1.7961510710281017,1.5934275531449356,1.2001134049086668,1.8000718,1.6043313862879645
120,92,1.0,1.2649976232953586,1.5918245836298157,1.200130458703809,1.4824979,1.3880778231824338
120,93,1.0,1.2315702740629744,1.1346298574378926,1.2004936510255226,1.2092868,1.1939452391632823
120,94,1.0,1.6656104074267668,1.658110868436656,1.1998717627729933,1.8031545,1.5883985424288194
120,95,1.0,1.2134955585606326,1.1345657386572876,1.2004936088734628,1.2092868,1.189354984288016
120,96,1.0,1.1531654212243294,1.1124018974099172,1.1997697830470389,1.1833042,1.1616441738950982
120,97,1.0,1.190658252253391,1.135110748292428,1.2004939762400182,1.2090888,1.1836629610951077
120,98,1.0,1.1590769233571379,1.296613936414202,1.1995416846395008,1.1607699,1.20392442626131
120,99,1.0,1.3313444720172358,1.110446274601471,1.1997815477440608,1.2906264,1.2337636561037273
120,100,1.0,1.633001180947837,1.6597458973420782,1.1998700762422827,1.6256385,1.5350382898890176
120,101,1.0,1.2346775032817163,1.2949468481184772,1.1995428767056302,1.2127473,1.2359632972097172
120,102,3.0,1.1370010371718033,1.1317124529203746,1.200492019412442,1.1379697,1.1509864584422431
120,103,2.0,1.1874386316075496,1.1352069264633355,1.2004940432021445,1.1867164,1.1771354869551918
120,104,1.0,1.198840871137361,1.1350466295118233,1.2004939319532753,1.2090888,1.1857174322978699
120,105,1.0,1.5458112780531648,1.5936519688770523,1.2001110260646615,1.5600686,1.47949072883069
120,106,1.0,1.13260265470456,1.132674234629446,1.200492492729302,1.1340625,1.1491149445993518
120,107,1.0,1.167345478598189,1.2963574612917825,1.1995418501286734,1.1644905,1.2069060781940681
120,108,2.0,1.9150425732891432,1.5921772369231422,1.2001266975604337,1.7873827,1.6308510883316627
120,109,1.0,1.5737606882839332,1.6584314623396799,1.199871417601685,1.5660717,1.5044394122199538
120,110,3.0,1.1648169641783737,1.1342772041445657,1.200493422686557,1.147496,1.1611178453307227
120,111,2.0,1.2134955585606326,1.1345657386572876,1.2004936088734628,1.2092868,1.189354984288016
120,112,1.0,1.1318802805259205,1.1340527884124494,1.2004932818467118,1.1305165,1.1483718574560684
120,113,1.0,1.1495005141020245,1.2953315608021059,1.1995425771963844,1.172182,1.2041031343036683
120,114,1.0,1.1361896370936575,1.1321933437749103,1.2004922481501397,1.1379697,1.1509028735164515
120,115,1.0,1.3320116807270483,1.109869205576028,1.199785017574657,1.3137271,1.2397111283107285
120,116,3.0,1.5418506394496543,1.5923375338746542,1.2001249896831363,1.7873827,1.536450649733185
120,117,2.0,1.6078627017460638,1.6560590674573028,1.1998741390919803,1.5107803,1.498290917432747
120,118,1.0,1.6556416046303513,1.656892611605165,1.1998731388145958,1.6478754,1.5457487310821039
120,119,2.0,1.2756826085860147,1.1111195217978214,1.1997774985534548,1.270983,1.2148099021185834
120,120,1.0,1.3411258988314274,1.3416829790695008,1.1997842058198875,1.3642677,1.3136410249864592
120,121,3.0,1.1282871985376508,1.1325139376779343,1.2004924094398688,1.1340625,1.1479822829754172
120,122,2.0,1.1520744778406966,1.1314880371882574,1.2004919180812457,1.1379697,1.1547441543892187
120,123,1.0,1.1563340168280751,1.1333474818257967,1.2004928617898236,1.1556079,1.1608159277403503
120,124,1.0,1.670538944496338,1.594677869366729,1.2001001785789074,1.6463499,1.5334372005434815
120,125,1.0,1.2207895038581242,1.1093562553311895,1.1997881011178648,1.3137271,1.2114359753897994
120,126,1.0,1.609176943153174,1.592401652655259,1.2001243068338783,1.6075764,1.5073956127102779
120,127,1.0,1.2118970837981409,1.2939850664094055,1.1995436895640295,1.1666394,1.2181315338196514
140,1,1.0,1.2186732119612782,1.2947865511669652,1.199543005817006,1.1969984,1.2278340870056306
140,2,1.0,1.1759613919020624,1.3461712937118357,1.1997833284405688,1.188075,1.2277976522535445
140,3,1.0,1.1781125408377264,1.115479598878947,1.199751254872641,1.1784981,1.1674993391475241
140,4,2.0,1.5234159559804399,1.5970182048588037,1.2000756010925546,1.440125,1.4439089395211626
140,5,1.0,1.6444109324114993,1.5953190571727767,1.2000934216764867,1.6254233,1.5216195308412508
140,6,1.0,1.2243192338563882,1.1150307674147135,1.1997539575993141,1.2129347,1.1879103304510283
140,7,1.0,1.6645194617143122,1.593876384609169,1.2001086493497122,1.763314,1.5617068882807694
140,8,1.0,1.196447971604899,1.347485728714234,1.1997832506907489,1.1700324,1.228687885443146
140,9,2.0,1.796719160731568,1.5957999480273126,1.2000883655371901,1.7737604,1.5983223788694096
140,10,1.0,1.737201507185827,1.5956396510758006,1.2000900498148435,1.7762643,1.583862664153016
140,11,1.0,1.1746747177388308,1.297287183610552,1.1995412811815724,1.1723871,1.2110209784171386
140,12,4.0,1.6696318985336955,1.6609962135638714,1.1998689104045328,1.700251,1.5637575527834446
140,13,3.0,1.6601713967159102,1.594036681560681,1.200106953006346,1.6769178,1.53849161558635
140,14,2.0,1.6486545116020246,1.5940687409509835,1.2001066138685064,1.6231738,1.5218032897705092
140,15,1.0,1.6444319011895216,1.6597779567323805,1.199870044997246,1.6256385,1.5379390733667986
140,16,1.0,1.2059146145158661,1.1154154800983422,1.1997516409879478,1.1784981,1.1745188458066833
140,17,2.0,1.6448954341085347,1.5941649191218905,1.200105596714778,1.6336982,1.5235749473115472
140,18,1.0,1.6176861899956732,1.6598741349032875,1.1998699517297846,1.626861,1.53150856479834
140,19,1.0,1.1510421644685065,1.1385731624450868,1.2004967914181768,1.1538677,1.1603538552830133
140,20,2.0,1.1601855357792195,1.2967742333657137,1.1995415845012174,1.1750033,1.2078954351166444
140,21,1.0,1.1627600006002314,1.2960368673887586,1.1995420661528373,1.1635165,1.2054148469602053
140,22,1.0,1.1234477758841213,1.1414585075723023,1.200499777436672,1.1294202,1.1478324343509327
140,23,1.0,1.682278294971463,1.5950625820503577,1.2000961223292193,1.6960963,1.5492611387666702
140,24,1.0,1.1582552313045216,1.1138125105832224,1.1997612925286305,1.1699439,1.1598611211055532
140,25,2.0,1.6645194617143122,1.593876384609169,1.2001086493497122,1.763314,1.5617068882807694
140,26,1.0,1.6738178769797072,1.661124451125081,1.1998687968999102,1.7047309,1.5659981087423165
140,27,1.0,1.1897590241028535,1.1144216389989678,1.199757625278403,1.1880307,1.1726249075266146
140,28,1.0,1.1106758484019659,1.13982347866688,1.2004980135652927,1.1656498,1.1534767421440617
140,29,1.0,1.6243094111443932,1.5953831759533816,1.2000927469480713,1.6308172,1.5179318561905235
140,30,1.0,1.2016850240352956,1.345369808954276,1.1997834158935388,1.1771342,1.2312989242328625
140,31,3.0,1.6258720744815072,1.59509464144066,1.2000957845886016,1.6960963,1.53499491558072
140,32,2.0,1.6497814421376986,1.5950305226600552,1.2000964601105981,1.5927073,1.5145167433831432
140,33,1.0,1.6531502643013911,1.659329125268147,1.1998704887032636,1.6188318,1.5382863885235167
140,34,1.0,1.1412011863957394,1.3469086596887911,1.1997832747549289,1.1679827,1.2140353862142206
140,35,2.0,1.6172126408626901,1.594838166318241,1.200098487696658,1.5399392,1.4926949743683937
140,36,1.0,1.6696318985336955,1.6609962135638714,1.1998689104045328,1.700251,1.5637575527834446
140,37,1.0,1.1621086323408223,1.1393746472026465,1.2004975622416678,1.180394,1.1701596834664505
140,38,1.0,1.156279778635809,1.347229253591815,1.1997832594380242,1.1700324,1.218457950893598
140,39,2.0,1.1723852129716832,1.1384449248838775,1.2004966722589183,1.1721265,1.1704046969132427
140,40,1.0,1.1693001314271694,1.1390540532996227,1.2004972485110714,1.1586083,1.1663117182099596
140,41,2.0,1.69355536065839,1.5944213942443097,1.2001028862418013,1.6932174,1.5512160153693846
140,42,1.0,1.6383099851293503,1.5939725627800763,1.200107631407657,1.6147628,1.5170045050702918
140,43,1.0,1.1929062269309254,1.1147742922922943,1.199755501933211,1.1872948,1.1733213747136284
140,44,1.0,1.1513370165460721,1.1403684883020209,1.2004985806222812,1.1787317,1.1672592522273506
140,45,1.0,1.1609436679079268,1.111664531432962,1.1997742198803178,1.1738204,1.160995016148003
140,46,5.0,1.6612436734990461,1.6603550257578235,1.1998694948635065,1.6706413,1.5538797165888822
140,47,4.0,1.616689144245094,1.5952549383921721,1.2000940965759448,1.5530947,1.4960404871293835
140,48,3.0,1.625293528647811,1.6598420755129852,1.199869982747588,1.621523,1.5320567350034626
140,49,2.0,1.914357523269411,1.6616053419796168,1.199868381314927,1.746073,1.6375926952066862
140,50,1.0,1.745751286098224,1.661541223199012,1.1998684358106753,1.746073,1.594908695299106
140,51,1.0,1.1667445849663711,1.138765518786901,1.200496972313483,1.1608044,1.1661550692488591
140,52,1.0,1.1929062269309254,1.1147742922922943,1.199755501933211,1.1872948,1.1733213747136284
140,53,1.0,1.1910524444201633,1.2967421739754115,1.1995416043308185,1.1750033,1.2156985602614572
140,54,1.0,1.6929127685713812,1.5956717104661031,1.2000897128748378,1.7762643,1.5726629121391569
140,55,1.0,1.2124632235126784,1.3454659871251833,1.199783403805533,1.2265123,1.2467131315618014
140,56,1.0,1.1490684208386956,1.1139086887541296,1.1997607135214599,1.1672432,1.156867946081218
140,57,1.0,1.184831186772446,1.3449209774900426,1.1997834780786383,1.186647,1.2293597349341518
140,58,1.0,1.6950189614820657,1.5943252160734025,1.200103902334295,1.7501124,1.5661522345205843
140,59,3.0,1.162033494524414,1.2956200953148276,1.1995423621833885,1.1381602,1.1986233265996742
140,60,2.0,1.3268707599329093,1.29860161861295,1.1995406226722454,1.3055766,1.2840229840336175
140,61,1.0,1.1789810693982141,1.2948827293378724,1.1995429280450483,1.1969984,1.2178138451085
140,62,2.0,1.6251788495266977,1.6600985506354042,1.1998697365431303,1.5986786,1.5262344065817814
140,63,1.0,1.7009979723964577,1.594453453634612,1.2001025476161822,1.7277116,1.5619530261078838
140,64,1.0,1.1990568905764365,1.1392784690317395,1.2004974673637967,1.180394,1.1794855122421413
140,65,1.0,1.1820316222874074,1.114357520218363,1.199758011323549,1.1738906,1.167027214907564
140,66,1.0,1.6448954341085347,1.5941649191218905,1.200105596714778,1.6336982,1.5235749473115472
140,67,1.0,1.1851792797756784,1.1380281528099463,1.2004962929269214,1.1472574,1.167159516957264
140,68,4.0,1.6486995675776919,1.5949343444891482,1.2000974736995584,1.6406729,1.5265189678856756
140,69,3.0,1.541523562982839,1.5965052546139653,1.2000809678160886,1.4974122,1.463053266536812
140,70,2.0,1.665619112242517,1.5951267008309624,1.200095446892932,1.7356517,1.5552048317635476
140,71,1.0,1.7596638755459244,1.595992304369127,1.2000863458668196,1.729672,1.577687433977528
140,72,1.0,1.163166436113935,1.1120813035068933,1.1997717122353169,1.1510646,1.1558270032423907
140,73,1.0,1.210001675651502,1.1374831431748054,1.2004958151716019,1.1765636,1.1808182134187555
140,74,1.0,1.1764589599951116,1.3447927399288329,1.199783497581752,1.186647,1.2272085973148523
140,75,2.0,1.158852641589357,1.2983130841002288,1.1995407525848416,1.1932194,1.2126186329220152
140,76,1.0,1.1810844562299716,1.2982810247099261,1.1995407675284702,1.1932194,1.2182365450408323
140,77,1.0,1.1847102150375663,1.1154475394886445,1.1997514479284297,1.1784981,1.1691608908590103
140,78,1.0,1.1529475192655811,1.297768074465088,1.1995410204377885,1.171293,1.2053637001815656
140,79,2.0,1.5234159559804399,1.5970182048588037,1.2000756010925546,1.440125,1.4439089395211626
140,80,1.0,1.69355536065839,1.5944213942443097,1.2001028862418013,1.6932174,1.5512160153693846
140,81,1.0,1.1774382909095145,1.3450171556609498,1.1997834639556777,1.186647,1.2275132115450025
140,82,1.0,1.1578081833053904,1.13902199390932,1.2004972175370339,1.1586083,1.1633954255253012
140,83,2.0,1.6640730079202413,1.660290906977219,1.19986955485377,1.6706413,1.5545795010994667
140,84,1.0,1.6455296306926848,1.6590085313651228,1.199870814095885,1.6465442,1.5433832981565572
140,85,1.0,1.1782512372653924,1.1139728075347344,1.199760327509613,1.1769835,1.1667668672199403
140,86,1.0,1.8053115137083255,1.5923695932649564,1.2001246482406087,1.6075764,1.557021735402306
140,87,1.0,1.1523643566919295,1.1384769842741798,1.2004967019387875,1.1721265,1.1653463043477106
140,88,1.0,1.1410355504212701,1.2959727486081538,1.1995421105774098,1.1635165,1.1999010044537775
140,89,1.0,1.1523643566919295,1.1384769842741798,1.2004967019387875,1.1721265,1.1653463043477106
140,90,1.0,1.142190933438374,1.2956521547051298,1.199542338797665,1.1381602,1.1936100411251997
140,91,1.0,1.1897949994607926,1.3458506998088118,1.199783359788921,1.2058796,1.2357830319639667
140,92,1.0,1.1343789303691478,1.1379960934196438,1.2004962642504122,1.1472574,1.1542957726059826
140,93,1.0,1.1708345976550716,1.1143254608280608,1.1997582043482826,1.1738906,1.16418560925912
140,94,1.0,1.5840613823230143,1.6606435602705452,1.199869228363115,1.6050233,1.517593977419712
140,95,2.0,1.1919495676601004,1.1135880948511057,1.1997626435002038,1.1740649,1.1693881585994248
140,96,1.0,1.2276581230263663,1.1134277978995937,1.1997636084326009,1.2185128,1.189782309055305
140,97,1.0,1.1269257948084714,1.1378999152487366,1.200496178648472,1.1383672,1.1501055215972114
140,98,1.0,1.6243094111443932,1.5953831759533816,1.2000927469480713,1.6308172,1.5179318561905235
140,99,1.0,1.2199116941894639,1.2972551242202495,1.1995412993690346,1.1723871,1.222460617457797
140,100,1.0,1.1866004454331196,1.1396311223250661,1.2004978184106496,1.1656498,1.1726416279978598
140,101,1.0,1.6172126408626901,1.594838166318241,1.200098487696658,1.5399392,1.4926949743683937
140,102,1.0,1.1987028551503878,1.3457224622476023,1.1997833736856405,1.1772541,1.2306642404310213
140,103,1.0,1.1589307201610433,1.2965177582432945,1.1995417459361912,1.1644905,1.2048171651130728
140,104,2.0,1.7209135139883298,1.5954152353436841,1.2000924096481962,1.7339035,1.5688217383267347
140,105,1.0,1.6348859849667767,1.6589444125845183,1.1998708800247224,1.6244049,1.5349962757388629
140,106,1.0,1.320185551914392,1.3445042054161114,1.1997835442861526,1.2311598,1.2749219689191862
140,107,2.0,1.1707357437265202,1.1377396182972246,1.2004960374172005,1.1673003,1.168571041477711
140,108,1.0,1.2328269456532555,1.1389578751287155,1.2004971557969917,1.1936113,1.1913395754489782
140,109,1.0,1.6959361548474345,1.6609000353929642,1.1998689962798894,1.700251,1.57038983488822
140,110,1.0,1.2147293457014683,1.3446645023676234,1.1997835178574963,1.1930181,1.2384946836121296
140,111,2.0,1.6541293114767854,1.5938443252188668,1.200108988747812,1.6307818,1.525083474412114
140,112,1.0,1.6784924548505906,1.5946458099764265,1.2001005168715146,1.6990657,1.5489601112148832
140,113,1.0,1.1539335581686385,1.3452736307833688,1.1997834284230389,1.1714095,1.21772248681432
140,114,1.0,1.6640730079202413,1.660290906977219,1.19986955485377,1.6706413,1.5545795010994667
140,115,1.0,1.177453268160197,1.3454018683445783,1.199783411816775,1.1771342,1.2251749060964512
140,116,1.0,1.7790715325271058,1.5933634343643308,1.2001140849812464,1.7478876,1.586611245713172
140,117,1.0,1.1893181339821637,1.343991255171273,1.1997836369483321,1.2014924,1.234066859214579
140,118,1.0,1.147917920049619,1.138252568542063,1.2004964956722075,1.171278,1.1639466546121136
140,119,1.0,1.6526838097779677,1.5951587602212647,1.2000951092503656,1.6261276,1.5238535172851597
140,120,1.0,1.1813883639972784,1.1387975781772037,1.2004970027155075,1.1608044,1.1698689695946223
140,121,2.0,1.6021928508630128,1.659489422219659,1.1998703286509278,1.5186424,1.499739379213533
140,122,1.0,1.637026977057564,1.6599382536838925,1.1998698898947675,1.626861,1.536419189247793
140,123,1.0,1.1767912928448814,1.13834874671297,1.200496583641619,1.171278,1.1712777603167341
140,124,1.0,1.2042303542734463,1.343574483097342,1.1997837212982403,1.185923,1.2337425649862404
140,125,1.0,1.2068359721553952,1.1362969457336167,1.2004948468648184,1.2033799,1.1865933313759018
140,126,2.0,1.6251788495266977,1.6600985506354042,1.1998697365431303,1.5986786,1.5262344065817814
140,127,1.0,1.6419929292696847,1.6579185120948416,1.199871973261468,1.6860936,1.5523546067457237
140,128,1.0,1.1897682686021678,1.1132354415577792,1.1997647663038908,1.1931311,1.1736366660636082
140,129,1.0,1.6434912889310471,1.6600023724644972,1.199869828341699,1.6244261,1.5374468821615679
140,130,1.0,1.1683594761529157,1.138509043664482,1.2004967316961555,1.1721265,1.1694021770936316
140,131,1.0,1.1664430100730698,1.2965818770238993,1.1995417049655492,1.1644905,1.206734454510518
140,132,1.0,1.1848519354802596,1.1388616969578083,1.200497063729626,1.1936113,1.1791745752834697
140,133,1.0,1.1601855357792195,1.2967742333657137,1.1995415845012174,1.1750033,1.2078954351166444
140,134,1.0,1.197259424686416,1.113523976070501,1.1997630294787969,1.206647,1.1790709759589721
140,135,1.0,1.6395640463323826,1.5951908196115672,1.2000947716535608,1.6261276,1.5205414400362374
140,136,2.0,1.1707888739857695,1.2959406892178515,1.199542132942508,1.1635165,1.207422324429588
140,137,1.0,1.175657219066553,1.2958124516566418,1.1995422234114523,1.1717614,1.2107361518986768
140,138,1.0,1.1667394750908362,1.1369060741493624,1.2004953318783043,1.202808,1.1764540771079368
140,139,1.0,1.2612874291773764,1.342516523217363,1.1997839718030872,1.2450023,1.263063898036521
140,140,2.0,1.73757085003031,1.5945816911958217,1.2001011936136214,1.8723685,1.60833560118362
140,141,1.0,1.6409925853598544,1.5947419881473337,1.2000995020952943,1.5928975,1.5122691116903564
140,142,1.0,1.192506283811878,1.1372266680523864,1.2004955975103595,1.1687737,1.1743282236246
140,143,1.0,1.1998663080991405,1.1129789664353602,1.1997663100418718,1.2066385,1.179591330880723
140,144,1.0,1.1827092355738207,1.3443759678549019,1.1997835662974599,1.2004491,1.232224203755357
140,145,1.0,1.192793320096373,1.138092271590551,1.2004963504954722,1.1898162,1.1800161595428804
140,146,2.0,1.6444319011895216,1.6597779567323805,1.199870044997246,1.6256385,1.5379390733667986
140,147,1.0,1.6258720744815072,1.59509464144066,1.2000957845886016,1.6960963,1.53499491558072
140,148,2.0,1.1987028551503878,1.3457224622476023,1.1997833736856405,1.1772541,1.2306642404310213
140,149,1.0,1.2575446067932698,1.3431897704137132,1.199783806357573,1.2591685,1.2659197910167623
140,150,1.0,1.18774913768882,1.1383166873226676,1.200496554248294,1.171278,1.1740426515559612
140,151,1.0,1.1582552313045216,1.1138125105832224,1.1997612925286305,1.1699439,1.1598611211055532
140,152,1.0,1.2106870950849062,1.2982489653196239,1.1995407825677964,1.1932194,1.225719730743232
140,153,1.0,1.7009979723964577,1.594453453634612,1.2001025476161822,1.7277116,1.5619530261078838
140,154,1.0,1.2085478495624196,1.1360725300015002,1.2004946746701983,1.2081482,1.1881924994090214
140,155,1.0,1.6826195659916972,1.5955114135145911,1.2000913980318473,1.7215296,1.5559819615676518
140,156,1.0,1.2913375804540907,1.3429653546815965,1.199783859164586,1.2583008,1.274192216912676
140,157,6.0,1.6383099851293503,1.5939725627800763,1.200107631407657,1.6147628,1.5170045050702918
140,158,5.0,1.6454965100847871,1.5922092963134444,1.2001263559031605,1.7873827,1.5626473259132325
140,159,4.0,1.7410394807782539,1.5962167201012438,1.20008399157432,1.6434928,1.5509311090326514
140,160,3.0,1.6444319011895216,1.6597779567323805,1.199870044997246,1.6256385,1.5379390733667986
140,161,2.0,1.6587572756459392,1.5953511165630792,1.2000930842919344,1.6308172,1.5266412596276153
140,162,1.0,1.6429026964004,1.6593611846584493,1.1998704565542584,1.6188318,1.535701226586844
140,163,1.0,1.2169193713636348,1.34341418614583,1.1997837559016948,1.2156147,1.2445271293855946
140,164,2.0,1.1896951901087605,1.1368098959784554,1.2004952535813258,1.197013,1.1807528993617242
140,165,1.0,1.2182880292396148,1.1364572426851287,1.2004949719996225,1.2008309,1.1888783790080637
140,166,1.0,1.6541293114767854,1.5938443252188668,1.200108988747812,1.6307818,1.525083474412114
140,167,1.0,1.2245064586242262,1.1364251832948264,1.2004949468289943,1.2008309,1.1904439065529626
140,168,1.0,1.2540232469136563,1.3420676917531291,1.1997840938066175,1.3533503,1.2888963761042445
140,169,1.0,1.6515503333084272,1.65990619429359,1.1998699207748802,1.626861,1.5400863892996361
140,170,1.0,1.2022673449826848,1.2953956795827108,1.1995425287070083,1.172182,1.2174726145503878
140,171,1.0,1.2122610511352567,1.3438309582197612,1.1997836684309084,1.2073308,1.2413294553457916
140,172,4.0,1.6299492623952174,1.594132859731588,1.200105935721986,1.6336982,1.5197846106618178
140,173,3.0,1.745881128257239,1.6581749872172606,1.199871693175153,1.8031545,1.608728199761553
140,174,2.0,1.2700873826987489,1.5919848805813277,1.2001287484489194,1.4824979,1.3894060054661612
140,175,1.0,1.671016818305565,1.6569246709954673,1.1998731012935766,1.6478754,1.5496477134199862
140,176,1.0,1.1615998727861083,1.297511599342669,1.1995411566567962,1.1723871,1.2077689969414074
140,177,1.0,1.640390420612394,1.6588802938039136,1.199870946234242,1.611882,1.5331617080355806
140,178,1.0,1.2271144032019203,1.1122736598487077,1.1997705547458068,1.2217907,1.1901948700363234
140,179,1.0,1.172356020228303,1.1347580949991016,1.2004937361897443,1.2092868,1.1789928496179511
140,180,1.0,1.2569979148274935,1.1114721750911478,1.1997753771318826,1.1906548,1.189571193237474
140,181,1.0,1.5482818879776317,1.5932993155837258,1.200114765218322,1.5544634,1.4785902244277818
140,182,1.0,1.082617640107517,1.2934400567742645,1.1995441908495208,1.2332882,1.2023691767473146
140,183,1.0,1.610794726542167,1.5925619496067709,1.2001226004765055,1.6075764,1.507845171646858
140,184,1.0,1.174346032473109,1.295844511046944,1.1995422006426717,1.1717614,1.2104124483436847
140,185,1.0,1.1333374097584974,1.1121454222874978,1.1997713264148124,1.1510646,1.1482945524928287
140,186,2.0,1.573654604893874,1.3405609004089167,1.1997845716191238,1.3965317,1.3804749056968348
140,187,1.0,1.1402614327319112,1.1115683532620548,1.1997747985154812,1.1906548,1.1600538582188997
140,188,1.0,1.6354951905133106,1.5939084439994715,1.2001083099950105,1.5973891,1.5118208847959822
140,189,2.0,1.1411373816849035,1.1323857001167248,1.2004923440800128,1.1340625,1.151201705073394
140,190,1.0,1.1297819787625847,1.1327704128003533,1.2004925435440805,1.1340625,1.1484254905330769
140,191,1.0,1.1507993378106427,1.2961971643402705,1.1995419568733328,1.1635165,1.2024285999653084
140,192,1.0,1.1386697784996467,1.1322895219458173,1.2004922957988478,1.1340625,1.1505528986524436
140,193,1.0,1.6236473274326118,1.6584955811202846,1.1998713494155526,1.5772818,1.519954693887156
140,194,1.0,1.2176880777759496,1.1123698380196148,1.199769975972486,1.1833042,1.177964322084303
140,195,1.0,1.6448954341085347,1.5941649191218905,1.200105596714778,1.6336982,1.5235749473115472
140,196,2.0,1.2456119338237572,1.1111515811881238,1.199777305708419,1.270983,1.207208232219336
140,197,1.0,1.3442002309384933,1.3408173755313362,1.1997844828835926,1.3965317,1.3224736667897796
140,198,2.0,1.6383099851293503,1.5939725627800763,1.200107631407657,1.6147628,1.5170045050702918
140,199,1.0,1.6727702251903491,1.657854393314237,1.199872043986341,1.6860936,1.5601269534197901
140,200,1.0,1.3613870140715292,1.3416509196791981,1.1997842154636804,1.3642677,1.3187602272382772
140,201,1.0,1.6632444214747806,1.5927863653388876,1.2001202133955327,1.6661373,1.5361915286986396
140,202,1.0,1.168089637358588,1.295171263850594,1.199542700209996,1.2041365,1.2169610918149862
140,203,2.0,1.317685559611422,1.110510393382076,1.1997811621516095,1.2906264,1.2303232424925419
140,204,1.0,1.4593878940729428,1.3401761877252882,1.1997847104042183,1.4675099,1.3696624017132621
140,205,1.0,1.7043160460094233,1.5934596125352378,1.2001130649490561,1.8000718,1.5810994878474844
140,206,2.0,1.1904766737844321,1.294594194825151,1.199543164126814,1.1596085,1.2110618891399625
140,207,1.0,1.2717998956694618,1.294113303970615,1.1995435759017783,1.1666394,1.2333230683288487
140,208,1.0,1.2507969700530568,1.338444980648959,1.1997854190062738,1.171985,1.2406549233421889
140,209,1.0,1.13576368271177,1.1327383534100508,1.2004925265340567,1.1340625,1.14993111386633
140,210,3.0,1.6680076424450876,1.5928825435097949,1.200119191017975,1.6580455,1.5353459974217185
140,211,2.0,1.5970282593915344,1.593235196803121,1.20011544562649,1.5964175,1.5016685502533036
140,212,1.0,1.65812685971885,1.6567002552633507,1.1998733654062905,1.6478754,1.546329029818202
140,213,1.0,1.3357634014266824,1.109292136550585,1.1997884865096002,1.3433998,1.2481244637882023
143,1,1.0,1.2468047892303447,1.3454980465154858,1.1997833998698069,1.2265123,1.2554117798204565
143,2,1.0,1.1669269759977592,1.114101045095944,1.199759555467417,1.1717896,1.162601503136525
143,3,2.0,1.6137169675985765,1.5948061069279384,1.2000988257846814,1.5363746,1.4908882534696644
143,4,1.0,1.5592373332112717,1.6594573628293565,1.199870360511831,1.5205693,1.4893550282750523
143,5,1.0,1.2266861876862871,1.295010966899082,1.1995428257651144,1.2127473,1.2339572149381604
143,6,2.0,1.617644687077439,1.6612206292959883,1.1998687125159473,1.6894388,1.5478856936636805
143,7,1.0,1.8711126645271718,1.6613809262475003,1.1998685732817285,1.6894388,1.6120692716588698
143,8,1.0,1.0836177792413364,1.115960489733483,1.199748358917178,1.1576169,1.1383526358540883
143,9,1.0,1.6429026964004,1.6593611846584493,1.1998704565542584,1.6188318,1.535701226586844
143,10,1.0,1.1678564916796892,1.1142613420474559,1.199758590387938,1.1573049,1.1591626514120168
143,11,1.0,1.1984736009431045,1.1392143502511347,1.200497404476826,1.180394,1.1793216630140149
143,12,1.0,1.6042429569672942,1.596473195223663,1.2000813036130638,1.6928794,1.5290419061411649
143,13,1.0,1.214835327556555,1.343798898829459,1.199783674871381,1.2073308,1.2419727947265295
143,14,1.0,1.1793592309725625,1.296645995804504,1.1995416644095462,1.1607699,1.2090652104089834
143,15,1.0,1.1462076523788356,1.1404646664729283,1.2004986828557436,1.1529022,1.1593619737701153
143,16,1.0,1.1834868935540706,1.3446965617579258,1.1997835127151613,1.1930181,1.2305965262635223
143,17,1.0,1.1918420443347708,1.1132675009480817,1.1997645733299789,1.2022048,1.176496372655414
143,18,1.0,1.6912746751177465,1.5960243637594296,1.2000860094045394,1.729672,1.560388777406667
143,19,1.0,1.1598418887022317,1.1395028847638562,1.2004976897464898,1.165429,1.1657809542347355
143,20,1.0,1.206970106448483,1.1151910643662255,1.1997529923600905,1.2012899,1.180574103112623
143,21,1.0,1.6245705964842807,1.660547382099638,1.199869316552727,1.6255159,1.5330760348529453
143,22,1.0,1.1077266990631787,1.2974795399523664,1.1995411741406559,1.1723871,1.1941276492989479
143,23,1.0,1.199748970866372,1.3474536693239316,1.1997832516147975,1.1700324,1.2295151292565443
143,24,1.0,1.2490322393233169,1.296870411536621,1.1995415256518334,1.176445,1.2307731886790805
143,25,1.0,1.18774913768882,1.1383166873226676,1.200496554248294,1.171278,1.1740426515559612
143,26,2.0,1.6299492623952174,1.594132859731588,1.200105935721986,1.6336982,1.5197846106618178
143,27,1.0,1.7475472607757327,1.6601626694160092,1.1998696757053013,1.7618678,1.5990649671848318
143,28,1.0,1.1265898002801498,1.1379640340293413,1.200496235643971,1.1472574,1.1523165220376468
143,29,2.0,1.7566611343214578,1.5936199094867498,1.2001113657679758,1.7806064,1.5893945376803496
143,30,1.0,1.7596638755459244,1.595992304369127,1.2000863458668196,1.729672,1.577687433977528
143,31,1.0,1.15747158062329,1.138284627932365,1.2004965249254027,1.171278,1.166372440479161
143,32,1.0,1.1878521982284882,1.112241600458405,1.1997707476672168,1.2217907,1.1802510411453107
143,33,1.0,1.1504888857191586,1.3452095120027643,1.1997834370169735,1.1812984,1.2193704276719217
143,34,1.0,1.2386088487043336,1.11150423448145,1.1997751842614515,1.1906548,1.184925691476932
143,35,1.0,1.6354951905133106,1.5939084439994715,1.2001083099950105,1.5973891,1.5118208847959822
143,36,1.0,1.1739344927240871,1.113620154241408,1.1997624505064868,1.1740649,1.1648372996681418
143,37,1.0,1.5106886322062212,1.6604832633190332,1.199869375716535,1.5995178,1.4975738163521974
143,38,1.0,1.1867760903917774,1.2944659572639412,1.1995432716870786,1.1768159,1.2145055780645786
143,39,1.0,1.6125187227823958,1.5941008003412858,1.2001062747702174,1.5391598,1.4911225187977402
143,40,1.0,1.192506283811878,1.1372266680523864,1.2004955975103595,1.1687737,1.1743282236246
143,41,1.0,1.661907239367197,1.5937802064382618,1.200109667673502,1.6767758,1.5388302428359375
143,42,1.0,1.1989995701899365,1.344472146025809,1.199783549719668,1.2311598,1.2442463224640867
143,43,1.0,1.6250675885155377,1.660451203928731,1.1998694054005503,1.5995178,1.5265106474769954
143,44,2.0,1.2338870688994323,1.1134919166801984,1.1997632224639523,1.206647,1.1883319639541972
143,45,1.0,1.2763725516779911,1.1125942537517315,1.1997686254447875,1.2220389,1.2028045522465474
143,46,2.0,1.670538944496338,1.594677869366729,1.2001001785789074,1.6463499,1.5334372005434815
143,47,1.0,1.6443503518292182,1.594196978512193,1.2001052577588711,1.6076175,1.5167570117934839
143,48,1.0,1.1848519354802596,1.1388616969578083,1.200497063729626,1.1936113,1.1791745752834697
143,49,2.0,1.19224651677626,1.297191005439645,1.1995413360668723,1.1723871,1.2154434023782454
143,50,1.0,1.159803002799498,1.2958765704372466,1.1995421779774313,1.1665279,1.205398213470138
143,51,1.0,1.6788340554412886,1.5963449576624533,1.200082647242252,1.6928794,1.547885925916702
143,52,1.0,1.179550245618828,1.1138766293638274,1.1997609065240746,1.1672432,1.164573662354571
143,53,1.0,1.6950189614820657,1.5943252160734025,1.200103902334295,1.7501124,1.5661522345205843
143,54,1.0,1.1523643566919295,1.1384769842741798,1.2004967019387875,1.1721265,1.1653463043477106
143,55,3.0,1.1721453335881773,1.295908629827549,1.1995421554136423,1.1665279,1.2085296927554716
143,56,2.0,1.1984702374716278,1.2950430262893844,1.1995428004616004,1.2127473,1.226824944631237
143,57,1.0,1.1615998727861083,1.297511599342669,1.1995411566567962,1.1723871,1.2077689969414074
143,58,1.0,1.180781412511536,1.115800192781971,1.199749324251507,1.1576169,1.16290069761122
143,59,2.0,1.6340731500529824,1.5940046221703785,1.2001072921860267,1.6769178,1.5318791155468103
143,60,1.0,1.7256665821952242,1.5937481470479595,1.2001100072021729,1.765352,1.5776713685684784
143,61,1.0,1.1186040325541653,1.297030708488133,1.1995414295906868,1.1669071,1.1953614660551164
143,62,1.0,1.1805760228231228,1.1140048669250369,1.1997601344988384,1.1769835,1.1673632486619916
143,63,1.0,1.6239492251003906,1.6593932440487515,1.1998704244694187,1.6188318,1.530912933650284
143,64,1.0,1.1867760903917774,1.2944659572639412,1.1995432716870786,1.1768159,1.2145055780645786
143,65,1.0,1.6788462459049018,1.5935237313158428,1.20011238515351,1.6911229,1.5467316951118004
143,66,1.0,1.1940749026978632,1.3455942246863928,1.1997833883593625,1.2265123,1.2420921995527692
143,67,1.0,1.6865421200232538,1.5933313749740283,1.2001144250761036,1.7478876,1.5631875598339626
143,68,1.0,1.159803002799498,1.2958765704372466,1.1995421779774313,1.1665279,1.205398213470138
143,69,1.0,1.1732814785982957,1.1368419553687579,1.200495279609114,1.197013,1.176607336241188
143,70,1.0,1.6438129656807967,1.5932031374128188,1.2001157859022575,1.5964175,1.5134999369684188
143,71,1.0,1.5605476110351093,1.299082509467486,1.199540424435549,1.3055766,1.3432793013058826
143,72,1.0,1.6164547964911384,1.659168828316635,1.1998706505165428,1.6350033,1.5331066065431087
143,73,1.0,1.151807983534213,1.3452415713930665,1.1997834326949595,1.1714095,1.2171764732197903
143,74,1.0,1.7009979723964577,1.594453453634612,1.2001025476161822,1.7277116,1.5619530261078838
143,75,1.0,1.1701482974740927,1.1142934014377583,1.199758397368022,1.1738906,1.1640038657706997
143,76,2.0,1.6258720744815072,1.59509464144066,1.2000957845886016,1.6960963,1.53499491558072
143,77,1.0,1.8796744725742678,1.6622785891759673,1.1998678261360143,1.70775,1.6191585783046747
143,78,2.0,1.199533250460041,1.1131392633868722,1.1997653452171357,1.1982279,1.1773906184039795
143,79,1.0,1.2183604884899963,1.1126904319226387,1.1997680466174006,1.20506,1.1837941203964797
143,80,2.0,1.6367290819546338,1.5961846607109413,1.2000843277708706,1.6434928,1.5245261053948425
143,81,1.0,1.7369860103277677,1.595832007417615,1.2000880288207505,1.7737604,1.5832142372718627
143,82,1.0,1.1916369398923317,1.137451083784503,1.2004957877124913,1.183132,1.1778470794668892
143,83,1.0,1.2163226168976773,1.296293342511178,1.199541892524547,1.1644905,1.2192841018228981
143,84,1.0,1.73757085003031,1.5945816911958217,1.2001011936136214,1.8723685,1.60833560118362
143,85,1.0,1.1841408832674998,1.345049215051252,1.1997834593437902,1.186647,1.229217493103075
143,86,1.0,1.1592899551023834,1.296389520682085,1.199541829086723,1.1644905,1.2048756414540842
143,87,1.0,1.591410063303633,1.6605794414899402,1.1998692870996595,1.6255159,1.524692478818669
143,88,1.0,1.1916369398923317,1.137451083784503,1.2004957877124913,1.183132,1.1778470794668892
143,89,1.0,1.1472084083718033,1.2953636201924084,1.1995425529004893,1.172182,1.2035311972878553
143,90,2.0,1.7183516122643658,1.66070767905115,1.1998691699195627,1.6050233,1.5515939080769492
143,91,1.0,1.6464311335412385,1.5938122658285643,1.2001093281874209,1.6307818,1.523127327742583
143,92,1.0,1.2009979889429132,1.3440233145615754,1.1997836307964425,1.1971539,1.2359181446175853
143,93,1.0,1.199692058219834,1.2954597983633156,1.1995424806202186,1.1824814,1.2194782640218973
143,94,1.0,1.1952539399627697,1.3442797896839946,1.1997835833102033,1.1937002,1.233643772966708
143,95,1.0,1.7311058970967343,1.6580467496560511,1.1998718326599376,1.6860936,1.5749381075915518
143,96,1.0,1.169986061948568,1.344728621148228,1.1997835076228134,1.1930181,1.2271880941951343
143,97,2.0,1.6464311335412385,1.5938122658285643,1.2001093281874209,1.6307818,1.523127327742583
143,98,1.0,1.6503196187156381,1.6600344318547995,1.1998697976770336,1.5986786,1.5325803617469023
143,99,1.0,1.2763725516779911,1.1125942537517315,1.1997686254447875,1.2220389,1.2028045522465474
143,100,2.0,1.1989995701899365,1.344472146025809,1.199783549719668,1.2311598,1.2442463224640867
143,101,1.0,1.198307683516649,1.342837117120387,1.1997838903905258,1.2583008,1.2506174652217883
143,102,1.0,1.210001675651502,1.1374831431748054,1.2004958151716019,1.1765636,1.1808182134187555
143,103,1.0,1.6448954341085347,1.5941649191218905,1.200105596714778,1.6336982,1.5235749473115472
143,104,1.0,1.1878571568483505,1.3457545216379048,1.199783370141789,1.1772541,1.227927721369589
143,105,2.0,1.6964860585091739,1.5943893348540072,1.2001032249003727,1.6980873,1.5531984667747167
143,106,1.0,1.6040105201525652,1.6584635217299823,1.1998713834748858,1.5660717,1.5121025920448006
143,107,1.0,1.1419253729924201,1.343350067365225,1.1997837700759648,1.1943103,1.2200695827029175
143,108,1.0,1.1796771251153846,1.1352389858536378,1.2004940656632848,1.1867164,1.175179464997543
143,109,1.0,1.1936078998227584,1.295427738973013,1.1995425046113317,1.1824814,1.2179304890361031
143,110,1.0,1.1631560261204048,1.1118248283844738,1.1997732554426752,1.1643181,1.159158488097254
143,111,1.0,1.320185551914392,1.3445042054161114,1.1997835442861526,1.2311598,1.2749219689191862
143,112,3.0,1.6021928508630128,1.659489422219659,1.1998703286509278,1.5186424,1.499739379213533
143,113,2.0,1.5458112780531648,1.5936519688770523,1.2001110260646615,1.5600686,1.47949072883069
143,114,1.0,1.6187718220719076,1.5963770170527558,1.2000823112672532,1.6928794,1.532694506189117
143,115,2.0,1.174281945932918,1.295588035924525,1.1995423856716452,1.1946213,1.2161934872003668
143,116,1.0,1.1789810693982141,1.2948827293378724,1.1995429280450483,1.1969984,1.2178138451085
143,117,1.0,1.6497808648037355,1.5942610972927977,1.200104579958601,1.6080896,1.5182683889324473
143,118,1.0,1.2112550331461052,1.1130751446062674,1.1997657311517644,1.1982279,1.180340818689452
143,119,1.0,1.7209135139883298,1.5954152353436841,1.2000924096481962,1.7339035,1.5688217383267347
143,120,1.0,1.2271144032019203,1.1122736598487077,1.1997705547458068,1.2217907,1.1901948700363234
143,121,1.0,1.418291356797653,1.3423241668755488,1.1997840229463805,1.271662,1.3095834221519462
143,122,1.0,1.6758867066858274,1.5957037698564054,1.200089375977113,1.6813956,1.544034545422907
143,123,1.0,1.1705817624103654,1.2952033232408966,1.1995426754066847,1.1671798,1.2081228411089526
143,124,1.0,1.6278234361455055,1.6591367689263326,1.1998706830952097,1.6143008,1.5306666024434286
143,125,1.0,1.3277241196466252,1.1111836405784261,1.1997771128603565,1.270983,1.2279957516076578
143,126,4.0,1.6486995675776919,1.5949343444891482,1.2000974736995584,1.6406729,1.5265189678856756
143,127,3.0,1.6632444214747806,1.5927863653388876,1.2001202133955327,1.6661373,1.5361915286986396
143,128,2.0,1.5813197765184694,1.5929787216807019,1.200118169024351,1.6163131,1.5027310259125346
143,129,1.0,1.5737606882839332,1.6584314623396799,1.199871417601685,1.5660717,1.5044394122199538
143,130,1.0,1.186386652234524,1.1350786889021258,1.2004939540611193,1.2090888,1.1825738643138686
143,131,1.0,1.19224651677626,1.297191005439645,1.1995413360668723,1.1723871,1.2154434023782454
143,132,2.0,1.5592373332112717,1.6594573628293565,1.199870360511831,1.5205693,1.4893550282750523
143,133,1.0,1.6040105201525652,1.6584635217299823,1.1998713834748858,1.5660717,1.5121025920448006
143,134,1.0,1.212144287405352,1.2949147887281747,1.1995429023204347,1.1969984,1.226214293478039
143,135,1.0,1.3313444720172358,1.110446274601471,1.1997815477440608,1.2906264,1.2337636561037273
143,136,1.0,1.0958475361643187,1.1339245508512394,1.2004932029273838,1.1305165,1.1392208779084034
143,137,1.0,1.6980069156075408,1.594517572415217,1.2001018705334519,1.6955403,1.5529623202505363
143,138,3.0,1.2634555196231645,1.1110233436269141,1.1997780770749096,1.270983,1.2116914921266946
143,139,2.0,1.2506683056404553,1.3432218298040155,1.1997837990083393,1.2591685,1.2641877735795428
143,140,1.0,1.1834868935540706,1.3446965617579258,1.1997835127151613,1.1930181,1.2305965262635223
143,141,1.0,1.6531502643013911,1.659329125268147,1.1998704887032636,1.6188318,1.5382863885235167
143,142,2.0,1.207553681719007,1.133636016338518,1.2004930294907894,1.1305165,1.1674163706390273
143,143,1.0,1.1873274354001366,1.1353992828051496,1.200494179042209,1.1898227,1.1779526142063113
143,144,1.0,1.296134485725085,1.342420345046456,1.1997839971621125,1.271662,1.2786945253616475
143,145,1.0,1.6601713967159102,1.594036681560681,1.200106953006346,1.6769178,1.53849161558635
143,146,2.0,1.2449926187755755,1.342356226265851,1.1997840143033662,1.271662,1.2657362538626349
143,147,1.0,1.4057345412707971,1.1097730274051207,1.1997855957941346,1.3137271,1.258343361555169
143,148,1.0,1.7160649934189822,1.593555790706145,1.2001120453096752,1.6911229,1.5561583682282825
143,149,1.0,1.3325064032454017,1.341875335411315,1.1997841489557899,1.3604281,1.3105238158829944
143,150,2.0,1.5970282593915344,1.593235196803121,1.20011544562649,1.5964175,1.5016685502533036
143,151,1.0,1.690505838535682,1.59281842472919,1.200119872557915,1.6661373,1.5430983822630253
143,152,1.0,1.4815680981417825,1.3412341476052672,1.1997843451573398,1.3228239,1.3384403355883723
143,153,1.0,1.1582150900303818,1.1343092635348682,1.2004934430919916,1.147496,1.1594552814574417
143,154,1.0,1.3761424913330342,1.1098371461857255,1.1997852103185214,1.3137271,1.2508708805508062
143,155,3.0,1.2700873826987489,1.5919848805813277,1.2001287484489194,1.4824979,1.3894060054661612
143,156,2.0,1.6383099851293503,1.5939725627800763,1.200107631407657,1.6147628,1.5170045050702918
143,157,1.0,1.637375696441806,1.657213205508189,1.1998727668121651,1.6478754,1.5412073703931761
143,158,2.0,1.116472868385448,1.1336039569482157,1.2004930105746523,1.1305165,1.1443591845347436
143,159,1.0,1.1391225127488804,1.1331871848742847,1.2004927710927888,1.1556079,1.156419768103816
143,160,1.0,1.5418506394496543,1.5923375338746542,1.2001249896831363,1.7873827,1.536450649733185
143,161,1.0,1.162033494524414,1.2956200953148276,1.1995423621833885,1.1381602,1.1986233265996742
143,162,1.0,1.627669136926823,1.5930428404613068,1.2001174879205732,1.6163131,1.5144763397416352
143,163,1.0,1.1056507087927148,1.2944018384833367,1.199543326090032,1.1768159,1.193959635187396
143,164,2.0,1.597862701746064,1.6560270080670003,1.1998741785280436,1.5107803,1.4957521964458884
143,165,1.0,1.7256665821952242,1.5937481470479595,1.2001100072021729,1.765352,1.5776713685684784
145,1,1.0,1.663181506159617,1.5949664038794504,1.2000971357858055,1.6930268,1.543617234947416
145,2,1.0,1.5026569486995307,1.2981527871487168,1.1995408283162485,1.1932194,1.2995818001878192
145,3,1.0,1.635771785366449,1.596409076443058,1.2000819753447927,1.6928794,1.5370045796312732
145,4,1.0,1.1803256326965283,1.1155116582692495,1.1997510618140124,1.1784981,1.168067455177022
145,5,1.0,1.6243094111443932,1.5953831759533816,1.2000927469480713,1.6308172,1.5179318561905235
145,6,1.0,1.1692745984856412,1.1411058542789758,1.200499381068627,1.1294202,1.1593401124001463
145,7,1.0,1.67728471870079,1.6614771044184073,1.1998684905865107,1.746073,1.5775662139898783
145,8,1.0,1.0264952881128426,1.1421638141589552,1.2005005965062883,1.1294202,1.1234761502136426
145,9,1.0,1.173014267303392,1.3466201251760697,1.1997832927019314,1.188075,1.2271654213736838
145,10,1.0,1.1795827834748733,1.1145819359504798,1.1997566601364917,1.1817158,1.1684706574910355
145,11,1.0,1.7767380994702477,1.6622465297856648,1.199867851872096,1.70775,1.5931012142828742
145,12,2.0,1.1781157276781569,1.2983772028808334,1.1995407230066866,1.1932194,1.21750960188753
145,13,1.0,1.2199116941894639,1.2972551242202495,1.1995412993690346,1.1723871,1.222460617457797
145,14,5.0,1.6811252937082264,1.660867976002662,1.1998690250331114,1.700251,1.5666336665001748
145,15,4.0,1.631898168725638,1.5952228790018697,1.2000944340906046,1.5530947,1.49988127638027
145,16,3.0,1.6405668764300332,1.5949022850988457,1.200097811659454,1.6283349,1.5212889582460065
145,17,2.0,1.6966937216130047,1.6601306100257067,1.199869706100577,1.7618678,1.5861877765676282
145,18,1.0,1.6486995675776919,1.5949343444891482,1.2000974736995584,1.6406729,1.5265189678856756
145,19,2.0,1.1212107640076263,1.1405608446438353,1.2004987857449,1.1529022,1.15306058128496
145,20,1.0,1.1212107640076263,1.1405608446438353,1.2004987857449,1.1529022,1.15306058128496
145,21,1.0,1.1893797666680006,1.1148704704632015,1.1997549228147684,1.1872948,1.172453164071117
145,22,1.0,1.1146378917545126,1.297447480562064,1.1995411917189822,1.1723871,1.1958684988782293
145,23,1.0,1.2120411181256776,1.11525518314683,1.1997526062565262,1.2012899,1.1818735164568208
145,24,1.0,1.1163173082682318,1.1406249634244403,1.200498854695082,1.1529022,1.1518384772689385
145,25,1.0,1.1603739656362577,1.1166978557104381,1.1997439181850045,1.1576169,1.1579622342247355
145,26,1.0,1.2442511551563502,1.1412982106207905,1.2004995961803804,1.1294202,1.1783625389888357
145,27,1.0,1.2629527897150297,1.348030738349375,1.1997832424729962,1.1700324,1.2456556292035117
145,28,1.0,1.5532900395144587,1.5966976109557798,1.2000789539665526,1.4974122,1.46607911135743
145,29,1.0,1.2490322393233169,1.296870411536621,1.1995415256518334,1.176445,1.2307731886790805
145,30,1.0,1.0542684228051051,1.1165054993686239,1.1997450766627644,1.1576169,1.1310625785489652
145,31,1.0,1.178088275165203,1.138989934519018,1.200497186631917,1.1936113,1.1774954328737988
145,32,1.0,1.1728941344374553,1.3453377495639738,1.199783420024466,1.1771342,1.2240049397474555
145,33,1.0,1.0836177792413364,1.115960489733483,1.199748358917178,1.1576169,1.1383526358540883
145,34,1.0,1.176592528005252,1.2968383521463185,1.1995415451696643,1.176445,1.2124333613108518
145,35,1.0,1.782161449073157,1.5956075916854984,1.2000903868027868,1.7762643,1.5952322720427403
145,36,1.0,1.1163173082682318,1.1406249634244403,1.200498854695082,1.1529022,1.1518384772689385
145,37,1.0,1.6786980416982942,1.5942290379024955,1.2001049188321018,1.7540394,1.5630049570669975
145,38,1.0,1.1249714389293934,1.1410737948886738,1.2004993454707078,1.1294202,1.1481205565387604
145,39,1.0,1.1800362835228446,1.3476780850560484,1.1997832461803206,1.1700324,1.2245833921484948
145,40,1.0,1.6959361548474345,1.6609000353929642,1.1998689962798894,1.700251,1.57038983488822
145,41,1.0,1.155678067114136,1.296806292756016,1.1995415647802636,1.176445,1.2071326032116598
145,42,3.0,1.6587266048919043,1.6595856003905662,1.1998702334682412,1.6826407,1.556125266082067
145,43,2.0,1.6989181501538004,1.5945496318055195,1.2001015320627781,1.6955403,1.5532009514836351
145,44,1.0,1.8711126645271718,1.6613809262475003,1.1998685732817285,1.6894388,1.6120692716588698
145,45,1.0,1.1331379589247845,1.1411379136692783,1.2004994167418674,1.1294202,1.1502034331866728
145,46,3.0,1.1666196082226283,1.296710114585109,1.1995416242552308,1.1607699,1.2058575158537361
145,47,2.0,1.19224651677626,1.297191005439645,1.1995413360668723,1.1723871,1.2154434023782454
145,48,1.0,1.2199116941894639,1.2972551242202495,1.1995412993690346,1.1723871,1.222460617457797
145,49,1.0,1.1690333362861518,1.140208191350509,1.2004984116718809,1.1787317,1.1716969084559297
145,50,2.0,1.6515503333084272,1.65990619429359,1.1998699207748802,1.626861,1.5400863892996361
145,51,1.0,1.6455296306926848,1.6590085313651228,1.199870814095885,1.6465442,1.5433832981565572
145,52,1.0,1.2490322393233169,1.296870411536621,1.1995415256518334,1.176445,1.2307731886790805
145,53,2.0,1.686688819206026,1.593716087657657,1.2001103467835208,1.765352,1.567799555882409
145,54,1.0,1.6133147306023203,1.6617015201505243,1.1998683000995956,1.70775,1.551607198432279
145,55,1.0,1.2378732879963075,1.1399837756183917,1.2004981781806865,1.2040194,1.1955455068967724
145,56,1.0,1.1909792097860765,1.1132995603383842,1.1997643803551135,1.2022048,1.1762860894327212
145,57,1.0,1.6405668764300332,1.5949022850988457,1.200097811659454,1.6283349,1.5212889582460065
145,58,1.0,1.1987028551503878,1.3457224622476023,1.1997833736856405,1.1772541,1.2306642404310213
145,59,1.0,1.1441521786170943,1.2982169059293214,1.1995407977200225,1.1932194,1.2088741799654947
145,60,1.0,1.6816285979615382,1.594357275463705,1.2001035636019515,1.6980873,1.5494305794538814
145,61,1.0,1.1816478466877212,1.3444400866355064,1.1997835551962162,1.2311598,1.2398471535123363
145,62,1.0,1.6125187227823958,1.5941008003412858,1.2001062747702174,1.5391598,1.4911225187977402
145,63,1.0,1.212144287405352,1.2949147887281747,1.1995429023204347,1.1969984,1.226214293478039
145,64,2.0,1.1539335581686385,1.3452736307833688,1.1997834284230389,1.1714095,1.21772248681432
145,65,1.0,1.2125972612341003,1.346331590663348,1.19978331458184,1.188075,1.2371093506280264
145,66,3.0,1.1918420443347708,1.1132675009480817,1.1997645733299789,1.2022048,1.176496372655414
145,67,2.0,1.1254301519186498,1.1158963709528782,1.199748745050812,1.1576169,1.1489176130841232
145,68,1.0,1.1803256326965283,1.1155116582692495,1.1997510618140124,1.1784981,1.168067455177022
145,69,1.0,1.6569723758683623,1.5948702257085432,1.200098149663453,1.6283349,1.525432529641264
145,70,1.0,1.09132535634987,1.1408814385468593,1.200499133400741,1.1294202,1.1395572921362804
145,71,1.0,1.2909123459074747,1.2978001338553904,1.1995410038643917,1.171293,1.2402854275904311
145,72,1.0,1.1598418887022317,1.1395028847638562,1.2004976897464898,1.165429,1.1657809542347355
145,73,2.0,1.7127298904661634,1.660387085148126,1.1998694649694406,1.6706413,1.5669170138676938
145,74,1.0,1.7369860103277677,1.595832007417615,1.2000880288207505,1.7737604,1.5832142372718627
145,75,1.0,1.181761836932969,1.3461392343215335,1.1997833313569097,1.1983749,1.2318987010481157
145,76,1.0,1.6112929958947833,1.660226788196614,1.1998696151401733,1.6716883,1.5414751771328659
145,77,1.0,1.1705757143834146,1.3462033531021382,1.1997833255720511,1.188075,1.226442855682677
145,78,1.0,1.6395640463323826,1.5951908196115672,1.2000947716535608,1.6261276,1.5205414400362374
145,79,1.0,1.1782819159676585,1.1401761319602068,1.200498378100679,1.1787317,1.17402924909632
145,80,1.0,1.5500804782130484,1.6617656389311288,1.1998682463084906,1.70775,1.5356212420762865
145,81,1.0,1.1529906465396835,1.2977039556844832,1.1995410538873428,1.171293,1.2053583959768024
145,82,1.0,1.180781412511536,1.115800192781971,1.199749324251507,1.1576169,1.16290069761122
145,83,1.0,1.5928752077282502,1.597050264249106,1.2000752660426433,1.440125,1.4614944517005988
145,84,2.0,1.2055861248376774,1.1149666486341085,1.1997543436873148,1.2129347,1.1831535630520764
145,85,1.0,1.1895442296309984,1.115319301927435,1.1997522201503246,1.2012899,1.1761965491645459
145,86,3.0,1.6929127685713812,1.5956717104661031,1.2000897128748378,1.7762643,1.5726629121391569
145,87,2.0,1.6434912889310471,1.6600023724644972,1.199869828341699,1.6244261,1.5374468821615679
145,88,1.0,1.661907239367197,1.5937802064382618,1.200109667673502,1.6767758,1.5388302428359375
145,89,1.0,1.1164019112625763,1.296133045559666,1.1995420002779371,1.1635165,1.1937077118346147
145,90,1.0,1.7534697414980878,1.5955434729048936,1.2000910609130824,1.7838182,1.5898925241580197
145,91,2.0,1.1615998727861083,1.297511599342669,1.1995411566567962,1.1723871,1.2077689969414074
145,92,1.0,1.1642002232080095,1.2975757181232734,1.1995411219901746,1.1723871,1.2084432639082274
145,93,1.0,1.5840613823230143,1.6606435602705452,1.199869228363115,1.6050233,1.517593977419712
145,94,1.0,1.4757008395173954,1.1162490242462044,1.199746621272315,1.1576169,1.2376464596383971
145,95,1.0,1.7270439873396486,1.6619900546632458,1.1998680602646739,1.70775,1.5804606815108844
145,96,1.0,1.1693001314271694,1.1390540532996227,1.2004972485110714,1.1586083,1.1663117182099596
145,97,1.0,1.2662820454745158,1.298922212515974,1.1995404879734937,1.3055766,1.2687713969238634
145,98,1.0,1.2040157623218888,1.3457865810282073,1.1997833666400182,1.2058796,1.2393655384973434
145,99,2.0,1.1452581612593618,1.1394387659832514,1.2004976258488753,1.165429,1.1620741296898713
145,100,1.0,1.166257659096054,1.139310528422042,1.2004974989155317,1.180394,1.1711934023278554
145,101,1.0,1.6363219334203338,1.5958640668079174,1.2000876921421766,1.7737604,1.5577480444248895
145,102,2.0,1.1730131448812164,1.1413623294013953,1.2004996684687297,1.1294202,1.1603511677155842
145,103,1.0,1.1704218631382708,1.1404005476923236,1.2004986146285754,1.1787317,1.1720970176893006
145,104,1.0,1.1641984339211935,1.2957803922663396,1.1995422462877274,1.1717614,1.2078282642806073
145,105,1.0,1.6526838097779677,1.5951587602212647,1.2000951092503656,1.6261276,1.5238535172851597
145,106,2.0,1.1793483185926472,1.1146460547310846,1.1997562740739098,1.1817158,1.168427457744136
145,107,1.0,1.1929062269309254,1.1147742922922943,1.199755501933211,1.1872948,1.1733213747136284
145,108,1.0,1.1452581612593618,1.1394387659832514,1.2004976258488753,1.165429,1.1620741296898713
145,109,1.0,1.6124782480916082,1.6608038572220571,1.1998690827840284,1.6017718,1.5239919198444927
145,110,1.0,1.1926127509425903,1.1140369263153391,1.199759941492091,1.1769835,1.170417351135681
145,111,5.0,1.6409925853598544,1.5947419881473337,1.2000995020952943,1.5928975,1.5122691116903564
145,112,4.0,1.6444319011895216,1.6597779567323805,1.199870044997246,1.6256385,1.5379390733667986
145,113,3.0,1.6972810351590395,1.596312898272151,1.2000829832592983,1.6928794,1.5525461173807698
145,114,2.0,1.6395640463323826,1.5951908196115672,1.2000947716535608,1.6261276,1.5205414400362374
145,115,1.0,1.6172126408626901,1.594838166318241,1.200098487696658,1.5399392,1.4926949743683937
145,116,1.0,1.219879512816988,1.3463636500536502,1.1997833119588373,1.188075,1.2389603222272523
145,117,1.0,1.719141263251065,1.5962808388818486,1.2000833193157396,1.6928794,1.5580700714082911
145,118,1.0,1.180185240773691,1.1398555380571826,1.2004980463426778,1.1656498,1.1710750303339066
145,119,1.0,1.1897949994607926,1.3458506998088118,1.199783359788921,1.2058796,1.2357830319639667
145,120,2.0,1.6497814421376986,1.5950305226600552,1.2000964601105981,1.5927073,1.5145167433831432
145,121,1.0,1.5500804782130484,1.6617656389311288,1.1998682463084906,1.70775,1.5356212420762865
145,122,1.0,1.1615998727861083,1.297511599342669,1.1995411566567962,1.1723871,1.2077689969414074
145,123,1.0,1.1887617224533453,1.1382205091517603,1.2004964664930924,1.171278,1.174274538161459
145,124,1.0,1.1708345976550716,1.1143254608280608,1.1997582043482826,1.1738906,1.16418560925912
145,125,1.0,1.175836919687624,1.3465239470051624,1.1997832995600666,1.188075,1.2278553892957582
145,126,2.0,1.6569723758683623,1.5948702257085432,1.200098149663453,1.6283349,1.525432529641264
145,127,1.0,1.8711126645271718,1.6613809262475003,1.1998685732817285,1.6894388,1.6120692716588698
145,128,1.0,1.1624957453742188,1.1136842730220131,1.1997620645210303,1.1740649,1.1619587247837222
145,129,1.0,1.6645194617143122,1.593876384609169,1.2001086493497122,1.763314,1.5617068882807694
145,130,1.0,1.176188285712903,1.3465560063954647,1.199783297224876,1.188075,1.227952419042033
145,131,1.0,1.8711126645271718,1.6613809262475003,1.1998685732817285,1.6894388,1.6120692716588698
145,132,1.0,1.1793592309725625,1.296645995804504,1.1995416644095462,1.1607699,1.2090652104089834
145,133,1.0,1.191051421820004,1.1395670035444607,1.2004977539346653,1.165429,1.1736951340712447
145,134,1.0,1.1947144879620082,1.114998708024411,1.199754150642921,1.2129347,1.1804104349350788
145,135,2.0,1.1989565689670538,1.1381563903711558,1.2004964083517988,1.1898162,1.1815920817399403
145,136,1.0,1.1683594761529157,1.138509043664482,1.2004967316961555,1.1721265,1.1694021770936316
145,137,1.0,1.1646061177235811,1.2966780551948065,1.1995416442783233,1.1607699,1.205339870204891
145,138,1.0,1.2271144032019203,1.1122736598487077,1.1997705547458068,1.2217907,1.1901948700363234
145,139,2.0,1.2193809321215783,1.297383361781459,1.1995412272029535,1.1723871,1.2223587367727715
145,140,1.0,1.1615998727861083,1.297511599342669,1.1995411566567962,1.1723871,1.2077689969414074
145,141,2.0,1.1909792097860765,1.1132995603383842,1.1997643803551135,1.2022048,1.1762860894327212
145,142,1.0,1.2011584693676152,1.115159004975923,1.199753185408723,1.2012899,1.17909533298494
145,143,1.0,1.1989995701899365,1.344472146025809,1.199783549719668,1.2311598,1.2442463224640867
145,144,1.0,1.0629555152807908,1.1412020324498833,1.2004994882973543,1.1294202,1.1324591852620367
145,145,3.0,1.6964860585091739,1.5943893348540072,1.2001032249003727,1.6980873,1.5531984667747167
145,146,2.0,1.7191137392183062,1.5959602449788248,1.200086682362197,1.6252414,1.5406379719855043
145,147,1.0,1.7183516122643658,1.66070767905115,1.1998691699195627,1.6050233,1.5515939080769492
145,148,1.0,1.1509429406379856,1.296165104949968,1.1995419785177293,1.1635165,1.2024568324802245
145,149,1.0,1.1739344927240871,1.113620154241408,1.1997624505064868,1.1740649,1.1648372996681418
145,150,1.0,1.1523643566919295,1.1384769842741798,1.2004967019387875,1.1721265,1.1653463043477106
145,151,1.0,1.1410355504212701,1.2959727486081538,1.1995421105774098,1.1635165,1.1999010044537775
145,152,1.0,1.5937295738178139,1.5929466622903996,1.20011850964477,1.6580455,1.51656512475881
145,153,1.0,1.1603551797927067,1.2969986490978305,1.1995414485973603,1.1669071,1.2059189753034747
145,154,1.0,1.677922192147264,1.5959281855885223,1.2000870189069046,1.6252414,1.5302059345387062
145,155,1.0,1.1510421644685065,1.1385731624450868,1.2004967914181768,1.1538677,1.1603538552830133
145,156,1.0,1.7369860103277677,1.595832007417615,1.2000880288207505,1.7737604,1.5832142372718627
145,157,1.0,1.2011296235800173,1.3459789373700217,1.1997833466675925,1.1983749,1.236759385342512
145,158,1.0,1.6137169675985765,1.5948061069279384,1.2000988257846814,1.5363746,1.4908882534696644
145,159,1.0,1.1664430100730698,1.2965818770238993,1.1995417049655492,1.1644905,1.206734454510518
145,160,1.0,1.2124632235126784,1.3454659871251833,1.199783403805533,1.2265123,1.2467131315618014
145,161,1.0,1.6497814421376986,1.5950305226600552,1.2000964601105981,1.5927073,1.5145167433831432
145,162,1.0,1.1624957453742188,1.1136842730220131,1.1997620645210303,1.1740649,1.1619587247837222
145,163,2.0,1.6405668764300332,1.5949022850988457,1.200097811659454,1.6283349,1.5212889582460065
145,164,1.0,1.6251788495266977,1.6600985506354042,1.1998697365431303,1.5986786,1.5262344065817814
145,165,4.0,1.2033096359342481,1.3439591957809707,1.199783643151095,1.2014924,1.2375994614356312
145,166,3.0,1.1900136759493962,1.3448889180997403,1.1997834828791212,1.186647,1.230663112769553
145,167,2.0,1.2228114152873832,1.344311849074297,1.1997835775924242,1.1937002,1.2406256271199103
145,168,1.0,1.1867472658588345,1.3448568587094376,1.199783487732082,1.186647,1.2298283975136015
145,169,1.0,1.6929127685713812,1.5956717104661031,1.2000897128748378,1.7762643,1.5726629121391569
145,170,2.0,1.1956231773433048,1.113363679118989,1.1997639943941143,1.2022048,1.1774774342850347
145,171,1.0,1.170779510201875,1.1157040146110637,1.1997499034494246,1.1784981,1.1657000998468274
145,172,1.0,1.6443503518292182,1.594196978512193,1.2001052577588711,1.6076175,1.5167570117934839
145,173,1.0,1.1236508912719514,1.1377716776875269,1.2004960655201549,1.1673003,1.1566637867214593
145,174,3.0,1.682278294971463,1.5950625820503577,1.2000961223292193,1.6960963,1.5492611387666702
145,175,2.0,1.6254999373061878,1.5932672561934236,1.2001151054004,1.5544634,1.498123125698828
145,176,1.0,1.6736059675247517,1.6610603323444761,1.1998688535113387,1.7047309,1.56592827000009
145,177,1.0,1.173014267303392,1.3466201251760697,1.1997832927019314,1.188075,1.2271654213736838
145,178,1.0,1.142190933438374,1.2956521547051298,1.199542338797665,1.1381602,1.1936100411251997
145,179,1.0,1.661907239367197,1.5937802064382618,1.200109667673502,1.6767758,1.5388302428359375
145,180,1.0,1.1329577529443358,1.2979604308069024,1.1995409225459215,1.1516759,1.1953231972189884
145,181,1.0,1.2147293457014683,1.3446645023676234,1.1997835178574963,1.1930181,1.2384946836121296
145,182,1.0,1.6486995675776919,1.5949343444891482,1.2000974736995584,1.6406729,1.5265189678856756
145,183,2.0,1.197259424686416,1.113523976070501,1.1997630294787969,1.206647,1.1790709759589721
145,184,1.0,1.1926127509425903,1.1140369263153391,1.199759941492091,1.1769835,1.170417351135681
145,185,1.0,1.1860325779213523,1.3455621652960905,1.1997833921480499,1.2265123,1.2400488827895486
145,186,2.0,1.177568623099113,1.114517817169875,1.1997570461954055,1.1880307,1.169564185020468
145,187,1.0,1.2076652511924875,1.1127545507032435,1.19976766072181,1.20506,1.1811036994769153
145,188,1.0,1.1969769518220648,1.2948186105572677,1.1995429797915362,1.1969984,1.2223517006066131
145,189,1.0,1.69355536065839,1.5944213942443097,1.2001028862418013,1.6932174,1.5512160153693846
145,190,1.0,1.208815527370304,1.3439271363906684,1.1997836493970588,1.2014924,1.2389846803509001
145,191,1.0,1.686688819206026,1.593716087657657,1.2001103467835208,1.765352,1.567799555882409
145,192,1.0,1.2075821516746708,1.3437668394391564,1.1997836813584875,1.2029234,1.2389989587178976
145,193,1.0,1.147917920049619,1.138252568542063,1.2004964956722075,1.171278,1.1639466546121136
145,194,1.0,1.6505043980502299,1.6592008877069373,1.199870618013801,1.6350033,1.541731363062393
145,195,1.0,1.214719347493553,1.1129148476547555,1.1997666959586304,1.20506,1.1829291572732699
145,196,1.0,1.1841408832674998,1.345049215051252,1.1997834593437902,1.186647,1.229217493103075
145,197,1.0,1.1489715766063044,1.1386052218353893,1.2004968213861404,1.1538677,1.1598379888475638
145,198,1.0,1.6950189614820657,1.5943252160734025,1.200103902334295,1.7501124,1.5661522345205843
145,199,1.0,1.1973775477574842,1.2981207277584144,1.199540843767034,1.1932194,1.2223191561217712
145,200,1.0,1.6125187227823958,1.5941008003412858,1.2001062747702174,1.5391598,1.4911225187977402
145,201,1.0,1.1793592309725625,1.296645995804504,1.1995416644095462,1.1607699,1.2090652104089834
145,202,1.0,1.5840613823230143,1.6606435602705452,1.199869228363115,1.6050233,1.517593977419712
145,203,2.0,1.174020620047014,1.2954918577536179,1.1995424567258655,1.1824814,1.2129899126804988
145,204,1.0,1.1666196082226283,1.296710114585109,1.1995416242552308,1.1607699,1.2058575158537361
145,205,1.0,1.249615899806289,1.13687401475906,1.2004953057067556,1.202808,1.1974188096819791
145,206,2.0,1.6354951905133106,1.5939084439994715,1.2001083099950105,1.5973891,1.5118208847959822
145,207,1.0,1.5855926860293372,1.6585276405105869,1.1998713154306027,1.5772818,1.5103326252608533
145,208,1.0,1.1723123013132706,1.296549817633597,1.1995417253966993,1.1644905,1.2082116393787046
145,209,1.0,1.1892105736111047,1.1149025298535038,1.199754729773843,1.2129347,1.1789934033169938
145,210,1.0,1.5458112780531648,1.5936519688770523,1.2001110260646615,1.5600686,1.47949072883069
145,211,1.0,1.162000480518633,1.1372907868329913,1.2004956514958267,1.1687737,1.1666246109570535
145,212,2.0,1.174020620047014,1.2954918577536179,1.1995424567258655,1.1824814,1.2129899126804988
145,213,1.0,1.167345478598189,1.2963574612917825,1.1995418501286734,1.1644905,1.2069060781940681
145,214,1.0,1.6744190709572613,1.6618297577117338,1.199868192799528,1.70775,1.5671027953343128
145,215,1.0,1.2016850240352956,1.345369808954276,1.1997834158935388,1.1771342,1.2312989242328625
145,216,3.0,1.6507180106794368,1.5942931566831,1.2001042411327758,1.6080896,1.5185135772471925
145,217,2.0,1.6243904726608946,1.6583673435590751,1.19987148607245,1.5660717,1.5172356635230124
145,218,1.0,1.6569723758683623,1.5948702257085432,1.200098149663453,1.6283349,1.525432529641264
145,219,1.0,1.4151306405625885,1.2930874034809383,1.1995445308827153,1.2332882,1.286426331091929
145,220,1.0,1.6660884168575807,1.6603229663675212,1.1998695248261628,1.6706413,1.5550976298561552
145,221,1.0,1.2684118408669922,1.3429974140718988,1.1997838514772043,1.2541498,1.2673342213151266
145,222,1.0,1.2122133132102533,1.2955559765342228,1.1995424092530504,1.1946213,1.2257843573923077
145,223,1.0,1.1962294905989044,1.1133316197286864,1.1997641873736822,1.2022048,1.1776228017854602
145,224,2.0,1.6443503518292182,1.594196978512193,1.2001052577588711,1.6076175,1.5167570117934839
145,225,1.0,1.6112929958947833,1.660226788196614,1.1998696151401733,1.6716883,1.5414751771328659
145,226,1.0,1.2282871878862807,1.2945300760445462,1.1995432176971514,1.1768159,1.225026661590726
145,227,1.0,1.5482818879776317,1.5932993155837258,1.200114765218322,1.5544634,1.4785902244277818
145,228,1.0,1.2908043944437062,1.1096127304536088,1.1997865594397374,1.3137271,1.2292186030291723
145,229,1.0,1.6409925853598544,1.5947419881473337,1.2000995020952943,1.5928975,1.5122691116903564
145,230,1.0,1.2367746775667114,1.1361687081724072,1.2004947480411399,1.2081482,1.1953599859010942
145,231,1.0,1.6547668921339624,1.6592970658778445,1.199870520923126,1.6306647,1.541721772870909
145,232,2.0,1.1489390791714555,1.1118889471650788,1.1997728696530954,1.1643181,1.1555768572498284
145,233,1.0,1.3411258988314274,1.3416829790695008,1.1997842058198875,1.3642677,1.3136410249864592
145,234,2.0,1.6354951905133106,1.5939084439994715,1.2001083099950105,1.5973891,1.5118208847959822
145,235,1.0,1.8872279915570893,1.6621182922244553,1.1998679555055782,1.70775,1.6210295506135441
145,236,1.0,1.0958475361643187,1.1339245508512394,1.2004932029273838,1.1305165,1.1392208779084034
145,237,1.0,1.7351881609925968,1.6601947288063115,1.199869645381723,1.7618678,1.595945457760902
145,238,1.0,1.1803277183226444,1.1358801736596857,1.2004945298573937,1.192668,1.1770326524894708
145,239,1.0,1.2771536076614733,1.342195929314339,1.1997840579967693,1.3533503,1.2947822288331956
145,240,1.0,1.1874386316075496,1.1352069264633355,1.2004940432021445,1.1867164,1.1771354869551918
145,241,1.0,1.209880134199074,1.2947544917766627,1.1995430319546225,1.1596085,1.216012696130627
145,242,3.0,1.6811252937082264,1.660867976002662,1.1998690250331114,1.700251,1.5666336665001748
145,243,2.0,1.6856252350877035,1.5946137505861242,1.2001008552180112,1.6990657,1.5507571122862573
145,244,1.0,1.6935923584937675,1.6595535410002638,1.1998702651186604,1.6826407,1.5649403486756945
145,245,1.0,1.4276834714526252,1.3418432760210126,1.1997841583133668,1.3604281,1.334601379071405
145,246,1.0,1.6507180106794368,1.5942931566831,1.2001042411327758,1.6080896,1.5185135772471925
145,247,1.0,1.155171184973823,1.1304941960888835,1.2004915106425205,1.1450584,1.1570940052268066
145,248,3.0,1.6281019503552772,1.3403685440671027,1.1997846401614543,1.4675099,1.4124061347928234
145,249,2.0,1.573654604893874,1.3405609004089167,1.1997845716191238,1.3965317,1.3804749056968348
145,250,1.0,1.1878521982284882,1.112241600458405,1.1997707476672168,1.2217907,1.1802510411453107
151,1,1.0,1.1669319672187966,1.2952674420215011,1.1995426261035276,1.1671798,1.2072154319102273
151,2,1.0,1.2040157623218888,1.3457865810282073,1.1997833666400182,1.2058796,1.2393655384973434
151,3,1.0,1.8796744725742678,1.6622785891759673,1.1998678261360143,1.70775,1.6191585783046747
151,4,1.0,1.1949944722155683,1.3464277688342552,1.1997833068529953,1.188075,1.2326790954854066
151,5,1.0,1.2765018854664658,1.1398875974474847,1.2004980791941129,1.2040194,1.2052965642582438
151,6,2.0,1.6172126408626901,1.594838166318241,1.200098487696658,1.5399392,1.4926949743683937
151,7,1.0,1.6125187227823958,1.5941008003412858,1.2001062747702174,1.5391598,1.4911225187977402
151,8,1.0,1.1896914697166563,1.1133957385092912,1.199763801416547,1.2185128,1.1801663347303828
151,9,1.0,1.6786980416982942,1.5942290379024955,1.2001049188321018,1.7540394,1.5630049570669975
151,10,1.0,1.1582552313045216,1.1138125105832224,1.1997612925286305,1.1699439,1.1598611211055532
151,11,4.0,1.2231842482625188,1.3455301059057883,1.199783395983039,1.2265123,1.249442436833785
151,12,3.0,1.2040157623218888,1.3457865810282073,1.1997833666400182,1.2058796,1.2393655384973434
151,13,2.0,1.1900136759493962,1.3448889180997403,1.1997834828791212,1.186647,1.230663112769553
151,14,1.0,1.1878571568483505,1.3457545216379048,1.199783370141789,1.1772541,1.227927721369589
151,15,1.0,1.166257659096054,1.139310528422042,1.2004974989155317,1.180394,1.1711934023278554
151,16,1.0,1.175657219066553,1.2958124516566418,1.1995422234114523,1.1717614,1.2107361518986768
151,17,1.0,1.6334833545944694,1.6592650064875423,1.1998705532130496,1.6306647,1.5363276186054775
151,18,1.0,1.2245064586242262,1.1364251832948264,1.2004949468289943,1.2008309,1.1904439065529626
151,19,1.0,1.2231842482625188,1.3455301059057883,1.199783395983039,1.2265123,1.249442436833785
151,20,1.0,1.7410394807782539,1.5962167201012438,1.20008399157432,1.6434928,1.5509311090326514
151,21,1.0,1.1477638417781029,1.1378357964681318,1.2004961219407138,1.1383672,1.155362594433757
151,22,2.0,1.661907239367197,1.5937802064382618,1.200109667673502,1.6767758,1.5388302428359375
151,23,1.0,1.7160649934189822,1.593555790706145,1.2001120453096752,1.6911229,1.5561583682282825
151,24,2.0,1.1739344927240871,1.113620154241408,1.1997624505064868,1.1740649,1.1648372996681418
151,25,1.0,1.1782512372653924,1.1139728075347344,1.199760327509613,1.1769835,1.1667668672199403
151,26,1.0,1.320185551914392,1.3445042054161114,1.1997835442861526,1.2311598,1.2749219689191862
151,27,1.0,1.6030118493518952,1.5931069592419114,1.2001168069794945,1.6457299,1.5157960923431038
151,28,1.0,1.1265898002801498,1.1379640340293413,1.200496235643971,1.1472574,1.1523165220376468
151,29,2.0,1.5749350950101635,1.5966014327848725,1.2000799606870507,1.4974122,1.4715325466675602
151,30,1.0,1.6660884168575807,1.6603229663675212,1.1998695248261628,1.6706413,1.5550976298561552
151,31,1.0,1.174838548323692,1.2971589460493425,1.1995413545723521,1.1723871,1.211030003075396
151,32,1.0,1.6587572756459392,1.5953511165630792,1.2000930842919344,1.6308172,1.5266412596276153
151,33,1.0,1.142879503758128,1.296229223730573,1.1995419353229304,1.1635165,1.200432500910479
151,34,1.0,1.560434986574667,1.6595214816099613,1.1998702968533552,1.5186424,1.4891801670998206
151,35,1.0,1.2600887296380707,1.2969024709269232,1.1995415062360826,1.1790755,1.2342538174561017
151,36,1.0,1.6239492251003906,1.6593932440487515,1.1998704244694187,1.6188318,1.530912933650284
151,37,1.0,1.1693001314271694,1.1390540532996227,1.2004972485110714,1.1586083,1.1663117182099596
151,38,1.0,1.2838653788078491,1.2988901531256718,1.1995405009889686,1.3055766,1.2732129558421388
151,39,1.0,1.1897590241028535,1.1144216389989678,1.199757625278403,1.1880307,1.1726249075266146
151,40,1.0,1.6486995675776919,1.5949343444891482,1.2000974736995584,1.6406729,1.5265189678856756
151,41,1.0,1.249615899806289,1.13687401475906,1.2004953057067556,1.202808,1.1974188096819791
151,42,1.0,1.6788462459049018,1.5935237313158428,1.20011238515351,1.6911229,1.5467316951118004
151,43,1.0,1.1834868935540706,1.3446965617579258,1.1997835127151613,1.1930181,1.2305965262635223
151,44,1.0,1.1269257948084714,1.1378999152487366,1.200496178648472,1.1383672,1.1501055215972114
151,45,1.0,1.1602803836227449,1.297671896294181,1.1995410707586827,1.171293,1.2071950404885974
151,46,2.0,1.1525160835764994,1.140304369521416,1.2004985128228531,1.1787317,1.1675413868670628
151,47,1.0,1.130330183167613,1.1375793213457126,1.2004958979737457,1.1765636,1.160680766010643
151,48,1.0,1.1909792097860765,1.1132995603383842,1.1997643803551135,1.2022048,1.1762860894327212
151,49,1.0,1.1810844562299716,1.2982810247099261,1.1995407675284702,1.1932194,1.2182365450408323
151,50,1.0,1.2259241973930697,1.343253889194318,1.1997837917019263,1.2591685,1.2579340978962414
151,51,1.0,1.6929127685713812,1.5956717104661031,1.2000897128748378,1.7762643,1.5726629121391569
151,52,1.0,1.1644433865670578,1.137611380736015,1.2004959257203662,1.1765636,1.169321632027616
151,53,1.0,1.1860340430832692,1.1126583725323362,1.19976823956202,1.20506,1.1756054668574634
151,54,3.0,1.2106734482107313,1.343702720658552,1.1997836944817406,1.2029234,1.2397650246875276
151,55,2.0,1.1759223861895964,1.3447606805385304,1.1997835025814474,1.186647,1.2270646991991176
151,56,1.0,1.215818384320786,1.3445683241967163,1.1997835335684472,1.1947109,1.2391800131553816
151,57,1.0,1.625293528647811,1.6598420755129852,1.199869982747588,1.621523,1.5320567350034626
151,58,1.0,1.1669319672187966,1.2952674420215011,1.1995426261035276,1.1671798,1.2072154319102273
151,59,1.0,1.5458112780531648,1.5936519688770523,1.2001110260646615,1.5600686,1.47949072883069
151,60,1.0,1.2122610511352567,1.3438309582197612,1.1997836684309084,1.2073308,1.2413294553457916
151,61,1.0,1.6344020684709426,1.5952869977824744,1.2000937590932914,1.6254233,1.5190786374829577
151,62,1.0,1.2028752659602961,1.1370343117105717,1.2004954372728946,1.1749771,1.178494288520776
151,63,1.0,1.6989181501538004,1.5945496318055195,1.2001015320627781,1.6955403,1.5532009514836351
151,64,1.0,1.1667394750908362,1.1369060741493624,1.2004953318783043,1.202808,1.1764540771079368
151,65,1.0,1.1627600006002314,1.2960368673887586,1.1995420661528373,1.1635165,1.2054148469602053
151,66,2.0,1.1584212587975475,1.137130489881479,1.2004955170702616,1.1749771,1.1672690383216409
151,67,1.0,1.1579776899238532,1.1370984304911764,1.2004954903990281,1.1749771,1.1671486686753103
151,68,2.0,1.6531502643013911,1.659329125268147,1.1998704887032636,1.6188318,1.5382863885235167
151,69,1.0,1.6541293114767854,1.5938443252188668,1.200108988747812,1.6307818,1.525083474412114
151,70,1.0,1.1343789303691478,1.1379960934196438,1.2004962642504122,1.1472574,1.1542957726059826
151,71,1.0,1.155678067114136,1.296806292756016,1.1995415647802636,1.176445,1.2071326032116598
151,72,1.0,1.1937846733787318,1.1367778365881525,1.2004952276261556,1.197013,1.1817796719237719
151,73,4.0,1.7256665821952242,1.5937481470479595,1.2001100072021729,1.765352,1.5776713685684784
151,74,3.0,1.6409925853598544,1.5947419881473337,1.2000995020952943,1.5928975,1.5122691116903564
151,75,2.0,1.6640730079202413,1.660290906977219,1.19986955485377,1.6706413,1.5545795010994667
151,76,1.0,1.6354951905133106,1.5939084439994715,1.2001083099950105,1.5973891,1.5118208847959822
151,77,1.0,1.1926127509425903,1.1140369263153391,1.199759941492091,1.1769835,1.170417351135681
151,78,2.0,1.5419945162259583,1.5927543059485851,1.2001205542745537,1.6661373,1.5054997852939798
151,79,1.0,1.6243904726608946,1.6583673435590751,1.19987148607245,1.5660717,1.5172356635230124
151,80,1.0,1.1989995701899365,1.344472146025809,1.199783549719668,1.2311598,1.2442463224640867
151,81,1.0,1.796719160731568,1.5957999480273126,1.2000883655371901,1.7737604,1.5983223788694096
151,82,1.0,1.2029668361747774,1.1125301349711267,1.1997690113160722,1.1786145,1.1730766620103885
151,83,1.0,1.1584212587975475,1.137130489881479,1.2004955170702616,1.1749771,1.1672690383216409
151,84,2.0,1.6464311335412385,1.5938122658285643,1.2001093281874209,1.6307818,1.523127327742583
151,85,1.0,1.6964860585091739,1.5943893348540072,1.2001032249003727,1.6980873,1.5531984667747167
151,86,1.0,1.1701482974740927,1.1142934014377583,1.199758397368022,1.1738906,1.1640038657706997
151,87,2.0,1.6187718220719076,1.5963770170527558,1.2000823112672532,1.6928794,1.532694506189117
151,88,1.0,1.6486545116020246,1.5940687409509835,1.2001066138685064,1.6231738,1.5218032897705092
151,89,1.0,1.2106734482107313,1.343702720658552,1.1997836944817406,1.2029234,1.2397650246875276
151,90,1.0,1.6989181501538004,1.5945496318055195,1.2001015320627781,1.6955403,1.5532009514836351
151,91,1.0,1.2468047892303447,1.3454980465154858,1.1997833998698069,1.2265123,1.2554117798204565
151,92,1.0,1.1711023091270283,1.296485698852992,1.199541766569258,1.1644905,1.207889220423443
151,93,1.0,1.1670807939475727,1.3446324429773209,1.199783523045361,1.1947109,1.2268626175081814
151,94,1.0,1.1590769233571379,1.296613936414202,1.1995416846395008,1.1607699,1.20392442626131
151,95,1.0,1.2535071718101798,1.3431256516331085,1.199783821208185,1.2541498,1.263594864743053
151,96,2.0,1.2071480972842634,1.5915039897267917,1.2001338824775243,1.4824979,1.3733580046800553
151,97,1.0,1.631898168725638,1.5952228790018697,1.2000944340906046,1.5530947,1.49988127638027
151,98,1.0,1.1627600006002314,1.2960368673887586,1.1995420661528373,1.1635165,1.2054148469602053
151,99,2.0,1.1995688774783066,1.1373869650038984,1.2004957330112556,1.183132,1.1798381103527338
151,100,1.0,1.1697683481413017,1.1372587274426889,1.2004956244685052,1.1687737,1.1685822415892242
151,101,2.0,1.6395640463323826,1.5951908196115672,1.2000947716535608,1.6261276,1.5205414400362374
151,102,1.0,1.6549555417396147,1.6589123531942158,1.1998709130955858,1.6244049,1.5400670074352232
151,103,1.0,1.1711023091270283,1.296485698852992,1.199541766569258,1.1644905,1.207889220423443
151,104,1.0,1.1854761579406266,1.1356236985372665,1.2004943407630317,1.192668,1.1782705766114687
151,105,1.0,1.1733275755381443,1.112466016190522,1.1997693971843126,1.1786145,1.1655599649133814
151,106,1.0,1.6258764365241105,1.5939405033897738,1.200107970672896,1.5973891,1.5093947786631672
151,107,1.0,1.1694663484998138,1.3449530368803448,1.199783473324229,1.186647,1.2254795941855772
151,108,2.0,1.1781157276781569,1.2983772028808334,1.1995407230066866,1.1932194,1.21750960188753
151,109,1.0,1.1721453335881773,1.295908629827549,1.1995421554136423,1.1665279,1.2085296927554716
151,110,1.0,1.2449926187755755,1.342356226265851,1.1997840143033662,1.271662,1.2657362538626349
151,111,1.0,1.1937846733787318,1.1367778365881525,1.2004952276261556,1.197013,1.1817796719237719
151,112,1.0,1.686688819206026,1.593716087657657,1.2001103467835208,1.765352,1.567799555882409
151,113,1.0,1.1056507087927148,1.2944018384833367,1.199543326090032,1.1768159,1.193959635187396
151,114,1.0,1.1918420443347708,1.1132675009480817,1.1997645733299789,1.2022048,1.176496372655414
151,115,1.0,1.1553066358564112,1.1352710452439405,1.2004940881980424,1.1867164,1.1690203450690229
151,116,1.0,1.1472084083718033,1.2953636201924084,1.1995425529004893,1.172182,1.2035311972878553
151,117,1.0,1.1796819736231487,1.1369381335396649,1.2004953581164126,1.202808,1.1797374474710587
151,118,3.0,1.1265059058019975,1.3433180079749227,1.1997837772408781,1.1943103,1.2161593942859428
151,119,2.0,1.2033096359342481,1.3439591957809707,1.199783643151095,1.2014924,1.2375994614356312
151,120,1.0,1.1725007417936868,1.3441194927324829,1.199783612627494,1.1971539,1.2287309165243463
151,121,1.0,1.633001180947837,1.6597458973420782,1.1998700762422827,1.6256385,1.5350382898890176
151,122,1.0,1.1910524444201633,1.2967421739754115,1.1995416043308185,1.1750033,1.2156985602614572
151,123,1.0,1.2856720353815063,1.1107348091141924,1.1997798125082044,1.3334317,1.2332551362797353
151,124,1.0,1.682278294971463,1.5950625820503577,1.2000961223292193,1.6960963,1.5492611387666702
151,125,1.0,1.1590769233571379,1.296613936414202,1.1995416846395008,1.1607699,1.20392442626131
151,126,1.0,1.2141674252771002,1.1130110258256625,1.1997661170808154,1.2066385,1.1832184635881366
151,127,2.0,1.649509784209261,1.658271165388168,1.1998715893009566,1.6742713,1.5513143457366085
151,128,1.0,1.5937295738178139,1.5929466622903996,1.20011850964477,1.6580455,1.51656512475881
151,129,1.0,1.175173417658733,1.1117607096038693,1.199773641219332,1.1738204,1.1646202229195097
151,130,2.0,1.2684118408669922,1.3429974140718988,1.1997838514772043,1.2541498,1.2673342213151266
151,131,1.0,1.2259241973930697,1.343253889194318,1.1997837917019263,1.2591685,1.2579340978962414
151,132,1.0,1.6318114189284005,1.659425303439054,1.1998703924589302,1.5205693,1.507712646871817
151,133,1.0,1.259195059940603,1.1105745121626804,1.1997807765498842,1.2906264,1.215537669642509
151,134,1.0,1.5813197765184694,1.5929787216807019,1.200118169024351,1.6163131,1.5027310259125346
151,135,1.0,1.2202787221211295,1.135719876708174,1.2004944111401388,1.192668,1.1871021295954864
151,136,6.0,1.6507180106794368,1.5942931566831,1.2001042411327758,1.6080896,1.5185135772471925
151,137,5.0,1.6950189614820657,1.5943252160734025,1.200103902334295,1.7501124,1.5661522345205843
151,138,4.0,1.7369860103277677,1.595832007417615,1.2000880288207505,1.7737604,1.5832142372718627
151,139,3.0,1.6438129656807967,1.5932031374128188,1.2001157859022575,1.5964175,1.5134999369684188
151,140,2.0,1.686688819206026,1.593716087657657,1.2001103467835208,1.765352,1.567799555882409
151,141,1.0,1.6095204950290156,1.5925940089970732,1.2001222593304954,1.5261294,1.4866448000464378
151,142,1.0,1.423594165387638,1.3402723658961953,1.1997846750683652,1.4675099,1.3606287092701508
151,143,1.0,1.2158129478688313,1.1127224913129412,1.1997678536712526,1.20506,1.1831575025396717
151,144,1.0,1.1669319672187966,1.2952674420215011,1.1995426261035276,1.1671798,1.2072154319102273
151,145,1.0,1.637026977057564,1.6599382536838925,1.1998698898947675,1.626861,1.536419189247793
151,146,1.0,1.1593970835008474,1.1342451447542636,1.2004934023544278,1.147496,1.1597381630927326
151,147,1.0,1.7209135139883298,1.5954152353436841,1.2000924096481962,1.7339035,1.5688217383267347
151,148,2.0,1.2535071718101798,1.3431256516331085,1.199783821208185,1.2541498,1.263594864743053
151,149,1.0,1.2079505688050878,1.3435103643167372,1.1997837349977325,1.2156147,1.2422818027044524
151,150,1.0,1.2022673449826848,1.2953956795827108,1.1995425287070083,1.172182,1.2174726145503878
151,151,1.0,1.2612874291773764,1.342516523217363,1.1997839718030872,1.2450023,1.263063898036521
151,152,1.0,1.6527072860038854,1.6568605522148627,1.1998731763970094,1.6478754,1.5449980632393934
151,153,1.0,1.0857126876794703,1.13379631329003,1.2004931251363862,1.1305165,1.13662366508084
151,154,1.0,1.6541293114767854,1.5938443252188668,1.200108988747812,1.6307818,1.525083474412114
151,155,2.0,1.13260265470456,1.132674234629446,1.200492492729302,1.1340625,1.1491149445993518
151,156,1.0,1.207553681719007,1.133636016338518,1.2004930294907894,1.1305165,1.1674163706390273
151,157,4.0,1.4118803937003965,1.3410738506537552,1.1997843971792377,1.3228239,1.3207644915520047
151,158,3.0,1.2723803944724719,1.3428691765106893,1.1997838825138551,1.2583008,1.2693705450749786
151,159,2.0,1.3553212668075139,1.1100936213081447,1.1997836682983654,1.3040304,1.2431797766869428
151,160,1.0,1.300381331618169,1.1112477593590309,1.1997767271581485,1.284641,1.2245948713990797
151,161,1.0,1.1684385688301129,1.133315422435494,1.2004928435085935,1.1556079,1.1638710093205085
151,162,2.0,1.6396062728829088,1.6572773242887937,1.1998726932553476,1.6433843,1.5406363715345548
151,163,1.0,1.816230051431959,1.6580788090463536,1.199871797679226,1.8031545,1.62650650608378
151,164,5.0,1.406817609037073,1.3410097318731506,1.1997844183226631,1.3965317,1.3383683918055298
151,165,4.0,1.4302214268840905,1.3421318105337343,1.1997840758047535,1.3533503,1.333501614890462
151,166,3.0,1.3199737095269797,1.1104783339917734,1.1997813549474745,1.2906264,1.2308942184517755
151,167,2.0,1.2186709338524264,1.111440115700845,1.1997755699998003,1.284641,1.2039654996814697
151,168,1.0,1.2946287303651152,1.1084585924027226,1.199793495473661,1.3433998,1.2375051037822813
151,169,3.0,1.6464311335412385,1.5938122658285643,1.2001093281874209,1.6307818,1.523127327742583
151,170,2.0,1.7961510710281017,1.5934275531449356,1.2001134049086668,1.8000718,1.6043313862879645
151,171,1.0,1.6470746620820542,1.6582070466075631,1.1998716584830122,1.8031545,1.5837321688124835
151,172,1.0,1.1056507087927148,1.2944018384833367,1.199543326090032,1.1768159,1.193959635187396
151,173,3.0,1.654953975643439,1.6566681958730483,1.1998734034196412,1.6478754,1.5455179902914957
151,174,2.0,1.6548800610189838,1.5926901871679804,1.200121236180894,1.5261294,1.4981476665724975
151,175,1.0,1.6185089318630497,1.6585596999008896,1.19987128151476,1.5772818,1.518670572478865
151,176,1.0,1.1886828618755136,1.2962612831208755,1.1995419138723007,1.1635165,1.2120316860762967
155,1,1.0,1.5592373332112717,1.6594573628293565,1.199870360511831,1.5205693,1.4893550282750523
155,2,2.0,1.1241608880061111,1.140528785253533,1.200498751377513,1.1529022,1.153799023616069
155,3,1.0,1.1138227758841213,1.1414905669626045,1.2004998139053755,1.1294202,1.1454048368198029
155,4,2.0,1.627370651852854,1.6609641541735691,1.1998689389608492,1.700251,1.553054742168965
155,5,1.0,1.7534697414980878,1.5955434729048936,1.2000910609130824,1.7838182,1.5898925241580197
155,6,1.0,1.279945033525876,1.1401120131796019,1.2004983111689476,1.1787317,1.1997400520648749
155,7,1.0,1.6176861899956732,1.6598741349032875,1.1998699517297846,1.626861,1.53150856479834
155,8,1.0,1.1525160835764994,1.140304369521416,1.2004985128228531,1.1787317,1.1675413868670628
155,9,2.0,1.1692471701285996,1.3462354124924407,1.1997833227531136,1.188075,1.2261147643046941
155,10,1.0,1.1871019333340151,1.3460430561506262,1.1997833403970606,1.1983749,1.233225738237858
155,11,1.0,1.1452581612593618,1.1394387659832514,1.2004976258488753,1.165429,1.1620741296898713
155,12,2.0,1.2033096359342481,1.3439591957809707,1.199783643151095,1.2014924,1.2375994614356312
155,13,1.0,1.1949944722155683,1.3464277688342552,1.1997833068529953,1.188075,1.2326790954854066
155,14,1.0,1.1932280846544043,1.1153513613177375,1.1997520270988418,1.2012899,1.1771368590733113
155,15,1.0,1.2442511551563502,1.1412982106207905,1.2004995961803804,1.1294202,1.1783625389888357
155,16,7.0,1.7256824575030876,1.6602588475869164,1.1998695849703547,1.6716883,1.5704308785449532
155,17,6.0,1.6788340554412886,1.5963449576624533,1.200082647242252,1.6928794,1.547885925916702
155,18,5.0,1.6980069156075408,1.594517572415217,1.2001018705334519,1.6955403,1.5529623202505363
155,19,4.0,1.633001180947837,1.6597458973420782,1.1998700762422827,1.6256385,1.5350382898890176
155,20,3.0,1.6405668764300332,1.5949022850988457,1.200097811659454,1.6283349,1.5212889582460065
155,21,2.0,1.602014953270415,1.6620541734438505,1.1998680077443657,1.70775,1.5488368308175502
155,22,1.0,1.6243094111443932,1.5953831759533816,1.2000927469480713,1.6308172,1.5179318561905235
155,23,1.0,1.1249714389293934,1.1410737948886738,1.2004993454707078,1.1294202,1.1481205565387604
155,24,1.0,1.6975778933737933,1.659649719171171,1.1998701703641468,1.7684348,1.58797395179716
155,25,1.0,1.2011296235800173,1.3459789373700217,1.1997833466675925,1.1983749,1.236759385342512
155,26,1.0,1.1163173082682318,1.1406249634244403,1.200498854695082,1.1529022,1.1518384772689385
155,27,3.0,1.7351881609925968,1.6601947288063115,1.199869645381723,1.7618678,1.595945457760902
155,28,2.0,1.616689144245094,1.5952549383921721,1.2000940965759448,1.5530947,1.4960404871293835
155,29,1.0,1.7393000651761374,1.5955755322951959,1.2000907238337526,1.7838182,1.5863147542583305
155,30,1.0,1.1449305274172912,1.2974154211717617,1.1995412094107734,1.1723871,1.2035262969994698
155,31,1.0,1.7191137392183062,1.5959602449788248,1.200086682362197,1.6252414,1.5406379719855043
155,32,1.0,1.0264952881128426,1.142259992329862,1.2005007109213177,1.1294202,1.1235005163951775
155,33,1.0,1.176188285712903,1.3465560063954647,1.199783297224876,1.188075,1.227952419042033
155,34,1.0,1.1138227758841213,1.1414905669626045,1.2004998139053755,1.1294202,1.1454048368198029
155,35,1.0,1.6310517293478595,1.6616694607602218,1.199868327096649,1.746073,1.5659150527204146
155,36,1.0,1.2102585268013228,1.1370022523202699,1.2004954108176114,1.202808,1.1874914415786324
155,37,2.0,1.7716800598107192,1.5974670363230372,1.2000709145036448,1.440125,1.5068475535492132
155,38,1.0,1.7790715325271058,1.5933634343643308,1.2001140849812464,1.7478876,1.586611245713172
155,39,2.0,1.1212107640076263,1.1405608446438353,1.2004987857449,1.1529022,1.15306058128496
155,40,1.0,1.0586087604957406,1.1416508639141167,1.2004999973360984,1.1294202,1.1314728908917493
155,41,1.0,1.1900136759493962,1.3448889180997403,1.1997834828791212,1.186647,1.230663112769553
155,42,3.0,1.5965162910159112,1.5958961261982199,1.20008735549997,1.6252414,1.5095971829104224
155,43,2.0,1.625293528647811,1.6598420755129852,1.199869982747588,1.621523,1.5320567350034626
155,44,1.0,1.669755088707564,1.6596176597808685,1.1998702018786747,1.6826407,1.558924258830367
155,45,1.0,1.1976784282531596,1.1147422329019918,1.1997556949686798,1.1872948,1.174520969087479
155,46,1.0,1.1891434572799993,1.2972230648299472,1.1995413176695175,1.1723871,1.2146662453962986
155,47,1.0,1.1431392786182741,1.3470048378596982,1.1997832696482038,1.1679827,1.2145501809960177
155,48,1.0,1.159886792947605,1.1157681333916685,1.1997495173134307,1.1576169,1.157605001777095
155,49,1.0,1.1654045102409958,1.3462995312730457,1.1997833172575283,1.188075,1.2251585588331513
155,50,1.0,1.176592528005252,1.2968383521463185,1.1995415451696643,1.176445,1.2124333613108518
155,51,1.0,1.7191137392183062,1.5959602449788248,1.200086682362197,1.6252414,1.5406379719855043
155,52,1.0,1.5605476110351093,1.299082509467486,1.199540424435549,1.3055766,1.3432793013058826
155,53,4.0,1.6826195659916972,1.5955114135145911,1.2000913980318473,1.7215296,1.5559819615676518
155,54,3.0,1.682278294971463,1.5950625820503577,1.2000961223292193,1.6960963,1.5492611387666702
155,55,2.0,1.73757085003031,1.5945816911958217,1.2001011936136214,1.8723685,1.60833560118362
155,56,1.0,1.914357523269411,1.6616053419796168,1.199868381314927,1.746073,1.6375926952066862
155,57,1.0,1.1590769233571379,1.296613936414202,1.1995416846395008,1.1607699,1.20392442626131
155,58,1.0,1.1889368387185244,1.346010996760324,1.1997833435097096,1.1983749,1.2336819703113775
155,59,1.0,1.6717357395631567,1.5947099287570312,1.2000998403078065,1.6893388,1.5447720051181546
155,60,1.0,1.1653919624489935,1.1140689857056416,1.1997597484812703,1.1717896,1.1622049827697054
155,61,2.0,1.1747477588350976,1.3456262840766953,1.1997833846153974,1.1772541,1.224577785786181
155,62,1.0,1.20446815651791,1.3451774526124618,1.1997834413854926,1.1812984,1.233022403603226
155,63,1.0,1.1598418887022317,1.1395028847638562,1.2004976897464898,1.165429,1.1657809542347355
155,64,1.0,1.1574683578719227,1.29632540190148,1.1995418712736134,1.1644905,1.2043984489063067
155,65,1.0,1.6503196187156381,1.6600344318547995,1.1998697976770336,1.5986786,1.5325803617469023
155,66,1.0,1.1635279632794917,1.3444080272452041,1.1997835607214462,1.2004491,1.2273782693983113
155,67,1.0,1.206413066026052,1.1149345892438063,1.1997545367316322,1.2129347,1.1833547630552381
155,68,1.0,1.689256000433719,1.6611565105153834,1.1998687686988776,1.7047309,1.5699130133508863
155,69,1.0,1.1894108352150787,1.3460751155409287,1.199783337332798,1.1983749,1.2338181452301622
155,70,3.0,1.1212107640076263,1.1405608446438353,1.2004987857449,1.1529022,1.15306058128496
155,71,2.0,1.1801114677207458,1.1395349441541582,1.200497721805008,1.165429,1.1709185296770048
155,72,1.0,1.1805636226896652,1.1389258157384132,1.2004971250352967,1.1936113,1.1781056079766146
155,73,1.0,1.2055861248376774,1.1149666486341085,1.1997543436873148,1.2129347,1.1831535630520764
155,74,1.0,1.1056064188764918,1.1405929040341376,1.2004988201836024,1.1529022,1.1491198398213696
155,75,1.0,1.6521635279431757,1.6607717978317547,1.199869111760336,1.6017718,1.5340266394757156
155,76,2.0,1.1701259921150158,1.346267471882743,1.1997833199817787,1.188075,1.226345272867843
155,77,1.0,1.1675076973989449,1.3464598282245575,1.1997833043715604,1.188075,1.2257313569884025
155,78,1.0,1.1619156421861037,1.2964215800723875,1.199541808149663,1.1644905,1.205548210415529
155,79,1.0,1.1997534048416136,1.1151269455856208,1.199753378457433,1.2012899,1.1787316977515028
155,80,1.0,1.1146378917545126,1.297447480562064,1.1995411917189822,1.1723871,1.1958684988782293
155,81,1.0,1.6091180359435442,1.6618618171020363,1.1998681661486261,1.70775,1.5505857088216752
155,82,1.0,1.1860325779213523,1.3455621652960905,1.1997833921480499,1.2265123,1.2400488827895486
155,83,1.0,1.2338870688994323,1.1134919166801984,1.1997632224639523,1.206647,1.1883319639541972
155,84,2.0,1.6856252350877035,1.5946137505861242,1.2001008552180112,1.6990657,1.5507571122862573
155,85,1.0,1.7622703789021237,1.593395493754633,1.2001137449238828,1.8000718,1.595749447298767
155,86,1.0,1.1532928939463942,1.2980886683681119,1.1995408593207773,1.1516759,1.2005016802810786
155,87,3.0,1.6287602230629168,1.659810016122683,1.199870013838414,1.621523,1.5329259170826672
155,88,2.0,1.6044995335161207,1.6608359166123594,1.1998690538742685,1.6017718,1.521980918634977
155,89,1.0,1.6980069156075408,1.594517572415217,1.2001018705334519,1.6955403,1.5529623202505363
155,90,1.0,1.1781157276781569,1.2983772028808334,1.1995407230066866,1.1932194,1.21750960188753
155,91,1.0,1.6164547964911384,1.659168828316635,1.1998706505165428,1.6350033,1.5331066065431087
155,92,1.0,1.139705767220804,1.296068926779061,1.1995420440915832,1.1635165,1.1995888104387902
155,93,2.0,1.7009979723964577,1.594453453634612,1.2001025476161822,1.7277116,1.5619530261078838
155,94,1.0,1.7475472607757327,1.6601626694160092,1.1998696757053013,1.7618678,1.5990649671848318
155,95,1.0,1.2039575422573687,1.1131072039965697,1.1997655381849326,1.1982279,1.178502170173917
155,96,1.0,1.5106886322062212,1.6604832633190332,1.199869375716535,1.5995178,1.4975738163521974
155,97,1.0,1.1674506876256485,1.3002366475183722,1.1995400419255609,1.3055766,1.2440934893688556
155,98,1.0,1.1820316222874074,1.114357520218363,1.199758011323549,1.1738906,1.167027214907564
155,99,1.0,1.6999185129366248,1.5944855130249145,1.2001022090586855,1.7141206,1.5582026860528884
155,100,1.0,1.139705767220804,1.296068926779061,1.1995420440915832,1.1635165,1.1995888104387902
155,101,1.0,1.1704218631382708,1.1404005476923236,1.2004986146285754,1.1787317,1.1720970176893006
155,102,1.0,1.1592899551023834,1.296389520682085,1.199541829086723,1.1644905,1.2048756414540842
155,103,2.0,1.2029668361747774,1.1125301349711267,1.1997690113160722,1.1786145,1.1730766620103885
155,104,1.0,1.1669269759977592,1.114101045095944,1.199759555467417,1.1717896,1.162601503136525
155,105,1.0,1.2124632235126784,1.3454659871251833,1.199783403805533,1.2265123,1.2467131315618014
155,106,1.0,1.1598418887022317,1.1395028847638562,1.2004976897464898,1.165429,1.1657809542347355
155,107,1.0,1.1795827834748733,1.1145819359504798,1.1997566601364917,1.1817158,1.1684706574910355
155,108,4.0,1.5965162910159112,1.5958961261982199,1.20008735549997,1.6252414,1.5095971829104224
155,109,3.0,1.3308927288510457,1.5924657714358637,1.2001236241688436,1.6075764,1.4369885906539606
155,110,2.0,1.7209135139883298,1.5954152353436841,1.2000924096481962,1.7339035,1.5688217383267347
155,111,1.0,1.6569723758683623,1.5948702257085432,1.200098149663453,1.6283349,1.525432529641264
155,112,1.0,1.1950036108318798,1.1392464096414372,1.2004974358836222,1.180394,1.1784516617597092
155,113,1.0,1.1932280846544043,1.1153513613177375,1.1997520270988418,1.2012899,1.1771368590733113
155,114,2.0,1.707946225779998,1.6610923917347786,1.1998688251732867,1.7047309,1.5746265815959335
155,115,1.0,1.7191137392183062,1.5959602449788248,1.200086682362197,1.6252414,1.5406379719855043
155,116,1.0,1.1910524444201633,1.2967421739754115,1.1995416043308185,1.1750033,1.2156985602614572
155,117,1.0,1.0487177448282712,1.6633044896656437,1.1998670399539135,1.5293059,1.3633751876468103
155,118,1.0,1.2468047892303447,1.3454980465154858,1.1997833998698069,1.2265123,1.2554117798204565
155,119,1.0,1.714516891023449,1.6596817785614733,1.1998701389158646,1.7684348,1.5922686694620163
155,120,1.0,1.2199116941894639,1.2972551242202495,1.1995412993690346,1.1723871,1.222460617457797
155,121,1.0,1.2011296235800173,1.3459789373700217,1.1997833466675925,1.1983749,1.236759385342512
155,122,1.0,1.1926127509425903,1.1140369263153391,1.199759941492091,1.1769835,1.170417351135681
155,123,3.0,1.816697161742867,1.6615732825893146,1.199868408522905,1.746073,1.612870488175762
155,124,2.0,1.6239492251003906,1.6593932440487515,1.1998704244694187,1.6188318,1.530912933650284
155,125,1.0,1.6497808648037355,1.5942610972927977,1.200104579958601,1.6080896,1.5182683889324473
155,126,1.0,1.1793483185926472,1.1146460547310846,1.1997562740739098,1.1817158,1.168427457744136
155,127,1.0,1.6299492623952174,1.594132859731588,1.200105935721986,1.6336982,1.5197846106618178
155,128,1.0,1.1910524444201633,1.2967421739754115,1.1995416043308185,1.1750033,1.2156985602614572
155,129,2.0,1.533099201092196,1.5967617297363845,1.2000782830327277,1.4974122,1.4609856494668247
155,130,1.0,1.6161003377410201,1.658848234413611,1.1998709794446916,1.611882,1.5270067124119815
155,131,1.0,1.1664430100730698,1.2965818770238993,1.1995417049655492,1.1644905,1.206734454510518
155,132,1.0,1.6680076424450876,1.5928825435097949,1.200119191017975,1.6580455,1.5353459974217185
155,133,2.0,1.143955204906209,1.1385411030547845,1.2004967615184707,1.1538677,1.1585522968990523
155,134,1.0,1.143955204906209,1.1385411030547845,1.2004967615184707,1.1538677,1.1585522968990523
155,135,1.0,1.6125187227823958,1.5941008003412858,1.2001062747702174,1.5391598,1.4911225187977402
155,136,2.0,1.2141674252771002,1.1130110258256625,1.1997661170808154,1.2066385,1.1832184635881366
155,137,1.0,1.173830416734456,1.1144857577795728,1.1997572392231641,1.1880307,1.1686101208613766
155,138,1.0,1.1896951901087605,1.1368098959784554,1.2004952535813258,1.197013,1.1807528993617242
155,139,4.0,1.5813197765184694,1.5929787216807019,1.200118169024351,1.6163131,1.5027310259125346
155,140,3.0,1.6486995675776919,1.5949343444891482,1.2000974736995584,1.6406729,1.5265189678856756
155,141,2.0,1.7206226509320985,1.5954793541242887,1.200091735200249,1.7215296,1.5655910552141044
155,142,1.0,1.7191137392183062,1.5959602449788248,1.200086682362197,1.6252414,1.5406379719855043
155,143,1.0,1.2490322393233169,1.296870411536621,1.1995415256518334,1.176445,1.2307731886790805
155,144,1.0,1.1578081833053904,1.13902199390932,1.2004972175370339,1.1586083,1.1633954255253012
155,145,1.0,1.1910524444201633,1.2967421739754115,1.1995416043308185,1.1750033,1.2156985602614572
155,146,1.0,1.385797109907636,1.6629197769820152,1.1998673263211084,1.5293059,1.4485797883965024
155,147,1.0,1.1482043438678826,1.1139407481444321,1.1997605205142208,1.1769835,1.1591550810806543
155,148,2.0,1.560434986574667,1.6595214816099613,1.1998702968533552,1.5186424,1.4891801670998206
155,149,1.0,1.6405668764300332,1.5949022850988457,1.200097811659454,1.6283349,1.5212889582460065
155,150,1.0,1.1984736009431045,1.1392143502511347,1.200497404476826,1.180394,1.1793216630140149
155,151,1.0,1.6758867066858274,1.5957037698564054,1.200089375977113,1.6813956,1.544034545422907
155,152,1.0,1.1971447593264206,1.1358160548790808,1.2004944821550412,1.192668,1.1812721647198445
155,153,1.0,1.1805760228231228,1.1140048669250369,1.1997601344988384,1.1769835,1.1673632486619916
155,154,1.0,1.6645194617143122,1.593876384609169,1.2001086493497122,1.763314,1.5617068882807694
155,155,1.0,1.1598418887022317,1.1395028847638562,1.2004976897464898,1.165429,1.1657809542347355
155,156,1.0,1.6137169675985765,1.5948061069279384,1.2000988257846814,1.5363746,1.4908882534696644
155,157,1.0,1.1723852129716832,1.1384449248838775,1.2004966722589183,1.1721265,1.1704046969132427
155,158,1.0,1.1410355504212701,1.2959727486081538,1.1995421105774098,1.1635165,1.1999010044537775
155,159,1.0,1.2004788305196719,1.1374190243942006,1.200495760325255,1.183132,1.180076504138128
155,160,2.0,1.7163154105544722,1.6609320947832666,1.1998689675774357,1.700251,1.5755551508764043
155,161,1.0,1.7256824575030876,1.6602588475869164,1.1998695849703547,1.6716883,1.5704308785449532
155,162,1.0,1.1653919624489935,1.1140689857056416,1.1997597484812703,1.1717896,1.1622049827697054
155,163,1.0,1.6318114189284005,1.659425303439054,1.1998703924589302,1.5205693,1.507712646871817
155,164,1.0,1.1550983043866636,1.139406706592949,1.2004975940082472,1.180394,1.168393758262088
155,165,1.0,1.1670807939475727,1.3446324429773209,1.199783523045361,1.1947109,1.2268626175081814
155,166,1.0,1.0901170172356809,1.2946262542154532,1.1995431374777097,1.1596085,1.1856728070505902
155,167,1.0,1.5840613823230143,1.6606435602705452,1.199869228363115,1.6050233,1.517593977419712
155,168,1.0,1.1561930158278515,1.1116324720426596,1.199774412760793,1.1906548,1.1641016666875448
155,169,3.0,1.6195186385897566,1.658687937462099,1.1998711465526137,1.5996827,1.5247028784266123
155,170,2.0,1.633001180947837,1.6597458973420782,1.1998700762422827,1.6256385,1.5350382898890176
155,171,1.0,1.6486995675776919,1.5949343444891482,1.2000974736995584,1.6406729,1.5265189678856756
155,172,1.0,1.216841324116972,1.3443439084645994,1.1997835719189023,1.2004491,1.2408536176162994
155,173,1.0,1.1329577529443358,1.2979604308069024,1.1995409225459215,1.1516759,1.1953231972189884
155,174,1.0,1.199533250460041,1.1131392633868722,1.1997653452171357,1.1982279,1.1773906184039795
155,175,1.0,1.5855926860293372,1.6585276405105869,1.1998713154306027,1.5772818,1.5103326252608533
155,176,1.0,1.142879503758128,1.296229223730573,1.1995419353229304,1.1635165,1.200432500910479
155,177,1.0,1.6503196187156381,1.6600344318547995,1.1998697976770336,1.5986786,1.5325803617469023
155,178,1.0,1.1916994481610959,1.3428050577300845,1.199783898316932,1.2598268,1.2493283670903716
155,179,1.0,1.1210733237884754,1.2942094821415222,1.1995434917090793,1.1666394,1.1952042596273942
155,180,1.0,1.2066609009402274,1.1362648863433142,1.200494822049254,1.2033799,1.1865409086533762
155,181,1.0,1.2161524350032373,1.3446003835870186,1.1997835282798759,1.1947109,1.239272660349713
155,182,1.0,1.1667709955309205,1.1353031046342426,1.2004941108041318,1.1867164,1.17192965418647
155,183,1.0,1.69355536065839,1.5944213942443097,1.2001028862418013,1.6932174,1.5512160153693846
155,184,1.0,1.1796771251153846,1.1352389858536378,1.2004940656632848,1.1867164,1.175179464997543
155,185,1.0,1.162157091064761,1.1124339568002195,1.1997695901184449,1.1786145,1.1627250755420853
155,186,1.0,1.182752983081472,1.3432859485846205,1.1997837844467218,1.1943103,1.2303852659326158
155,187,1.0,1.174020620047014,1.2954918577536179,1.1995424567258655,1.1824814,1.2129899126804988
155,188,2.0,1.6784924548505906,1.5946458099764265,1.2001005168715146,1.6990657,1.5489601112148832
155,189,1.0,1.591410063303633,1.6605794414899402,1.1998692870996595,1.6255159,1.524692478818669
155,190,2.0,1.2264499550613925,1.111600412652357,1.1997746056376812,1.1906548,1.1818729423872005
155,191,1.0,1.1878521982284882,1.112241600458405,1.1997707476672168,1.2217907,1.1802510411453107
155,192,1.0,1.1509429406379856,1.296165104949968,1.1995419785177293,1.1635165,1.2024568324802245
155,193,1.0,1.6935923584937675,1.6595535410002638,1.1998702651186604,1.6826407,1.5649403486756945
155,194,1.0,1.418291356797653,1.3423241668755488,1.1997840229463805,1.271662,1.3095834221519462
155,195,1.0,1.1509429406379856,1.296165104949968,1.1995419785177293,1.1635165,1.2024568324802245
155,196,1.0,1.1796771251153846,1.1352389858536378,1.2004940656632848,1.1867164,1.175179464997543
155,197,1.0,1.192919065672242,1.1128827882644532,1.1997668889159245,1.20506,1.1774042729525176
155,198,1.0,1.6865421200232538,1.5933313749740283,1.2001144250761036,1.7478876,1.5631875598339626
155,199,1.0,1.2068359721553952,1.1362969457336167,1.2004948468648184,1.2033799,1.1865933313759018
155,200,1.0,1.255583510664912,1.3426768201688748,1.199783930501999,1.2598268,1.2654625343810997
155,201,1.0,1.637375696441806,1.657213205508189,1.1998727668121651,1.6478754,1.5412073703931761
155,202,1.0,1.2938043200340212,1.3420356323628269,1.199784102879516,1.3533503,1.298955332620351
155,203,1.0,1.6486995675776919,1.5949343444891482,1.2000974736995584,1.6406729,1.5265189678856756
155,204,1.0,1.1936078998227584,1.295427738973013,1.1995425046113317,1.1824814,1.2179304890361031
155,205,1.0,1.609176943153174,1.592401652655259,1.2001243068338783,1.6075764,1.5073956127102779
155,206,1.0,1.1609436679079268,1.111664531432962,1.1997742198803178,1.1738204,1.160995016148003
155,207,1.0,1.7790715325271058,1.5933634343643308,1.2001140849812464,1.7478876,1.586611245713172
155,208,1.0,1.162157091064761,1.1124339568002195,1.1997695901184449,1.1786145,1.1627250755420853
155,209,1.0,1.1854761579406266,1.1356236985372665,1.2004943407630317,1.192668,1.1782705766114687
155,210,2.0,1.3704118090562885,1.5924337120455614,1.2001239654726874,1.6075764,1.4469813256736503
155,211,1.0,1.7256665821952242,1.5937481470479595,1.2001100072021729,1.765352,1.5776713685684784
155,212,1.0,1.4003971779254725,1.2944338978736387,1.1995432988333639,1.1768159,1.2685567944565195
155,213,1.0,1.162157091064761,1.1124339568002195,1.1997695901184449,1.1786145,1.1627250755420853
155,214,1.0,1.6816285979615382,1.594357275463705,1.2001035636019515,1.6980873,1.5494305794538814
155,215,1.0,1.4182484467152603,1.3402403065058928,1.1997846868011082,1.4675099,1.359267802211326
155,216,1.0,1.1666196082226283,1.296710114585109,1.1995416242552308,1.1607699,1.2058575158537361
155,217,2.0,1.5871484160317784,1.6561552456282098,1.1998740212331802,1.5107803,1.493073235389875
155,218,1.0,1.749660213480817,1.6581429278269584,1.199871727929713,1.8031545,1.6096764368705319
155,219,1.0,1.130700622128798,1.130718611821,1.2004915967602467,1.1450584,1.150958253629711
155,220,1.0,1.2967282574196306,1.3416188602888957,1.1997842251534894,1.3642677,1.3023894594208791
155,221,1.0,1.1357359880378934,1.1326101158488415,1.2004924592001733,1.1340625,1.149891637396644
155,222,2.0,1.627669136926823,1.5930428404613068,1.2001174879205732,1.6163131,1.5144763397416352
155,223,1.0,1.6340731500529824,1.5940046221703785,1.2001072921860267,1.6769178,1.5318791155468103
155,224,1.0,1.1874919846307304,1.29485066994757,1.1995429538691413,1.1969984,1.2199595252067579
155,225,1.0,1.4821902000139195,1.342099751143432,1.1997840847847063,1.3533503,1.3466448118892687
159,1,3.0,1.1186040325541653,1.297030708488133,1.1995414295906868,1.1669071,1.1953614660551164
159,2,2.0,1.175657219066553,1.2958124516566418,1.1995422234114523,1.1717614,1.2107361518986768
159,3,1.0,1.1684183016988066,1.2969345303172257,1.1995414869196266,1.1790755,1.2110636483717587
159,4,1.0,1.143955204906209,1.1385411030547845,1.2004967615184707,1.1538677,1.1585522968990523
159,5,1.0,1.6247594589561314,1.6588161750233086,1.1998710127202872,1.611882,1.5291898995425575
159,6,1.0,1.1592899551023834,1.296389520682085,1.199541829086723,1.1644905,1.2048756414540842
159,7,1.0,1.2142065553326156,1.113043085215965,1.199765924118988,1.2066385,1.1832364330957983
159,8,1.0,1.682278294971463,1.5950625820503577,1.2000961223292193,1.6960963,1.5492611387666702
159,9,1.0,1.2004788305196719,1.1374190243942006,1.200495760325255,1.183132,1.180076504138128
159,10,2.0,1.2141674252771002,1.1130110258256625,1.1997661170808154,1.2066385,1.1832184635881366
159,11,1.0,1.1628723021328173,1.1136522136317102,1.1997622575157523,1.1740649,1.162045949710087
159,12,2.0,1.6299943336484668,1.660066491245102,1.199869767077651,1.5986786,1.52744491559163
159,13,1.0,1.6950189614820657,1.5943252160734025,1.200103902334295,1.7501124,1.5661522345205843
159,14,1.0,1.1666196082226283,1.296710114585109,1.1995416242552308,1.1607699,1.2058575158537361
159,15,1.0,1.2261684881283237,1.1367457771978502,1.2004952017403054,1.197013,1.1899666571049075
159,16,4.0,1.6243094111443932,1.5953831759533816,1.2000927469480713,1.6308172,1.5179318561905235
159,17,3.0,1.7622703789021237,1.593395493754633,1.2001137449238828,1.8000718,1.595749447298767
159,18,2.0,1.5937295738178139,1.5929466622903996,1.20011850964477,1.6580455,1.51656512475881
159,19,1.0,1.6040105201525652,1.6584635217299823,1.1998713834748858,1.5660717,1.5121025920448006
159,20,1.0,1.1995688774783066,1.1373869650038984,1.2004957330112556,1.183132,1.1798381103527338
159,21,1.0,1.2141674252771002,1.1130110258256625,1.1997661170808154,1.2066385,1.1832184635881366
159,22,1.0,1.6717357395631567,1.5947099287570312,1.2000998403078065,1.6893388,1.5447720051181546
159,23,1.0,1.1357683379118082,1.3436386018779467,1.1997837077952218,1.185923,1.2164336711775265
159,24,1.0,1.159803002799498,1.2958765704372466,1.1995421779774313,1.1665279,1.205398213470138
159,25,2.0,1.6857301577893467,1.5954472947339864,1.2000920724037833,1.7339035,1.5599262101085438
159,26,1.0,1.6137169675985765,1.5948061069279384,1.2000988257846814,1.5363746,1.4908882534696644
159,27,2.0,1.2540441200320567,1.3434783049264345,1.1997837419199187,1.2156147,1.2539382053689616
159,28,1.0,1.2147293457014683,1.3446645023676234,1.1997835178574963,1.1930181,1.2384946836121296
159,29,1.0,1.2073173309526057,1.1365213614657337,1.2004950225541482,1.2008309,1.186118353083686
159,30,1.0,1.1861603325269658,1.1124980755808243,1.1997692042556876,1.1786145,1.1688155118520642
159,31,1.0,1.1410355504212701,1.2959727486081538,1.1995421105774098,1.1635165,1.1999010044537775
159,32,1.0,1.6422989425830403,1.5930107810710044,1.2001178284493685,1.6163131,1.5181705515878223
159,33,1.0,1.2102585268013228,1.1370022523202699,1.2004954108176114,1.202808,1.1874914415786324
159,34,1.0,1.2147293457014683,1.3446645023676234,1.1997835178574963,1.1930181,1.2384946836121296
159,35,1.0,1.6587572756459392,1.5953511165630792,1.2000930842919344,1.6308172,1.5266412596276153
159,36,1.0,1.162513493553428,1.295748332876037,1.1995422692668607,1.1748031,1.2081737789836138
159,37,1.0,1.1482043438678826,1.1139407481444321,1.1997605205142208,1.1769835,1.1591550810806543
159,38,1.0,1.1858014706042777,1.1366816584172454,1.2004951501859578,1.2008309,1.1807141074728245
159,39,1.0,1.627370651852854,1.6609641541735691,1.1998689389608492,1.700251,1.553054742168965
159,40,1.0,1.18774913768882,1.1383166873226676,1.200496554248294,1.171278,1.1740426515559612
159,41,6.0,1.610794726542167,1.5925619496067709,1.2001226004765055,1.6075764,1.507845171646858
159,42,5.0,1.6125187227823958,1.5941008003412858,1.2001062747702174,1.5391598,1.4911225187977402
159,43,4.0,1.714516891023449,1.6596817785614733,1.1998701389158646,1.7684348,1.5922686694620163
159,44,3.0,1.6258720744815072,1.59509464144066,1.2000957845886016,1.6960963,1.53499491558072
159,45,2.0,1.6172126408626901,1.594838166318241,1.200098487696658,1.5399392,1.4926949743683937
159,46,1.0,1.6021928508630128,1.659489422219659,1.1998703286509278,1.5186424,1.499739379213533
159,47,1.0,1.1481368016772706,1.1119851253359858,1.199772290952118,1.169864,1.1568202297498364
159,48,1.0,1.1627600006002314,1.2960368673887586,1.1995420661528373,1.1635165,1.2054148469602053
159,49,1.0,1.2863046187191762,1.3430935922428062,1.1997838287000102,1.2541498,1.2718865323211366
159,50,1.0,1.1644433865670578,1.137611380736015,1.2004959257203662,1.1765636,1.169321632027616
159,51,2.0,1.6503196187156381,1.6600344318547995,1.1998697976770336,1.5986786,1.5325803617469023
159,52,1.0,1.7535450941035429,1.5957678886370104,1.2000887023030098,1.6813956,1.5637029776986884
159,53,1.0,1.142190933438374,1.2956521547051298,1.199542338797665,1.1381602,1.1936100411251997
159,54,2.0,1.6935923584937675,1.6595535410002638,1.1998702651186604,1.6826407,1.5649403486756945
159,55,1.0,1.6950189614820657,1.5943252160734025,1.200103902334295,1.7501124,1.5661522345205843
159,56,1.0,1.2141674252771002,1.1130110258256625,1.1997661170808154,1.2066385,1.1832184635881366
159,57,2.0,1.2042303542734463,1.343574483097342,1.1997837212982403,1.185923,1.2337425649862404
159,58,1.0,1.1808736565511468,1.3441836115130874,1.1997836007566383,1.1971539,1.23086600404746
159,59,2.0,1.174299326371559,1.1137163324123154,1.1997618715250307,1.1699439,1.1638970660952839
159,60,1.0,1.1970008673086914,1.1135560354608032,1.1997628364878061,1.206647,1.1790136121614947
159,61,1.0,1.1813883639972784,1.1387975781772037,1.2004970027155075,1.1608044,1.1698689695946223
159,62,1.0,1.6185089318630497,1.6585596999008896,1.19987128151476,1.5772818,1.518670572478865
159,63,1.0,1.2338870688994323,1.1134919166801984,1.1997632224639523,1.206647,1.1883319639541972
159,64,2.0,1.6307692611881408,1.6590726501457278,1.1998707484476638,1.6465442,1.5396642238691796
159,65,1.0,1.6788340554412886,1.5963449576624533,1.200082647242252,1.6928794,1.547885925916702
159,66,1.0,1.1694792854407818,1.1120492441165906,1.1997719051440832,1.169864,1.1622373301143165
159,67,1.0,1.15747158062329,1.138284627932365,1.2004965249254027,1.171278,1.166372440479161
159,68,2.0,1.6549555417396147,1.6589123531942158,1.1998709130955858,1.6244049,1.5400670074352232
159,69,1.0,1.7566611343214578,1.5936199094867498,1.2001113657679758,1.7806064,1.5893945376803496
159,70,1.0,1.2042303542734463,1.343574483097342,1.1997837212982403,1.185923,1.2337425649862404
159,71,1.0,1.6686669780596843,1.5936840282673546,1.200110686401031,1.5600686,1.5105888377306733
159,72,3.0,1.2106734482107313,1.343702720658552,1.1997836944817406,1.2029234,1.2397650246875276
159,73,2.0,1.2684118408669922,1.3429974140718988,1.1997838514772043,1.2541498,1.2673342213151266
159,74,1.0,1.1539335581686385,1.3452736307833688,1.1997834284230389,1.1714095,1.21772248681432
159,75,2.0,1.5826559677715926,1.6606115008802427,1.1998692576988754,1.6050233,1.5172302147361272
159,76,1.0,1.6865421200232538,1.5933313749740283,1.2001144250761036,1.7478876,1.5631875598339626
159,77,1.0,1.225222975222609,1.297607777513576,1.199541104811532,1.1723871,1.2238938963070658
159,78,1.0,1.1725007417936868,1.3441194927324829,1.199783612627494,1.1971539,1.2287309165243463
159,79,1.0,1.1995688774783066,1.1373869650038984,1.2004957330112556,1.183132,1.1798381103527338
159,80,1.0,1.142879503758128,1.296229223730573,1.1995419353229304,1.1635165,1.200432500910479
159,81,1.0,1.2141674252771002,1.1130110258256625,1.1997661170808154,1.2066385,1.1832184635881366
159,82,2.0,1.6289211628686715,1.6589764719748206,1.1998708470290895,1.6244049,1.5334949126827515
159,83,1.0,1.8067209044870387,1.5924978308261661,1.2001232828927588,1.6075764,1.557410526108058
159,84,1.0,1.1827092355738207,1.3443759678549019,1.1997835662974599,1.2004491,1.232224203755357
159,85,1.0,1.6455296306926848,1.6590085313651228,1.199870814095885,1.6465442,1.5433832981565572
159,86,2.0,1.2163226168976773,1.296293342511178,1.199541892524547,1.1644905,1.2192841018228981
159,87,1.0,1.282873840534365,1.2984733810517406,1.1995406793936658,1.3055766,1.2728566087433395
159,88,3.0,1.5034077958127048,1.5926581277776781,1.2001215771775453,1.5261294,1.4598078003622452
159,89,2.0,1.6299492623952174,1.594132859731588,1.200105935721986,1.6336982,1.5197846106618178
159,90,1.0,1.73757085003031,1.5945816911958217,1.2001011936136214,1.8723685,1.60833560118362
159,91,1.0,1.2282871878862807,1.2945300760445462,1.1995432176971514,1.1768159,1.225026661590726
159,92,1.0,1.6095204950290156,1.5925940089970732,1.2001222593304954,1.5261294,1.4866448000464378
159,93,1.0,1.189290764715959,1.3438630176100634,1.1997836620409938,1.2073308,1.2355246663087316
159,94,1.0,1.6409925853598544,1.5947419881473337,1.2000995020952943,1.5928975,1.5122691116903564
159,95,1.0,1.2490322393233169,1.296870411536621,1.1995415256518334,1.176445,1.2307731886790805
159,96,2.0,1.6541293114767854,1.5938443252188668,1.200108988747812,1.6307818,1.525083474412114
159,97,1.0,1.6507180106794368,1.5942931566831,1.2001042411327758,1.6080896,1.5185135772471925
159,98,1.0,1.142190933438374,1.2956521547051298,1.199542338797665,1.1381602,1.1936100411251997
159,99,1.0,1.2234315868575059,1.1125621943614292,1.199768818382185,1.2220389,1.189399152665719
159,100,1.0,1.7790715325271058,1.5933634343643308,1.2001140849812464,1.7478876,1.586611245713172
159,101,1.0,1.2073173309526057,1.1365213614657337,1.2004950225541482,1.2008309,1.186118353083686
159,102,1.0,1.1531654212243294,1.1124018974099172,1.1997697830470389,1.1833042,1.1616441738950982
159,103,2.0,1.686688819206026,1.593716087657657,1.2001103467835208,1.765352,1.567799555882409
159,104,1.0,1.6786980416982942,1.5942290379024955,1.2001049188321018,1.7540394,1.5630049570669975
159,105,1.0,1.2315702740629744,1.1346298574378926,1.2004936510255226,1.2092868,1.1939452391632823
159,106,2.0,1.7009979723964577,1.594453453634612,1.2001025476161822,1.7277116,1.5619530261078838
159,107,1.0,1.5936587076355488,1.596954086078199,1.2000762713089854,1.440125,1.4616686252224986
159,108,1.0,1.2124632235126784,1.3454659871251833,1.199783403805533,1.2265123,1.2467131315618014
159,109,1.0,1.1762367488796617,1.136489302075431,1.2004949972381445,1.2008309,1.1782449280570075
159,110,2.0,1.1740275123415784,1.1119530659456835,1.1997724838569888,1.169864,1.1633641106982389
159,111,1.0,1.1897682686021678,1.1132354415577792,1.1997647663038908,1.1931311,1.1736366660636082
159,112,1.0,1.6405668764300332,1.5949022850988457,1.200097811659454,1.6283349,1.5212889582460065
159,113,1.0,1.1970008673086914,1.1135560354608032,1.1997628364878061,1.206647,1.1790136121614947
159,114,2.0,1.1419253729924201,1.343350067365225,1.1997837700759648,1.1943103,1.2200695827029175
159,115,1.0,1.1893181339821637,1.343991255171273,1.1997836369483321,1.2014924,1.234066859214579
159,116,1.0,1.2824332473701583,1.110285977649959,1.1997825116701752,1.3040304,1.224783011457996
159,117,1.0,1.2259241973930697,1.343253889194318,1.1997837917019263,1.2591685,1.2579340978962414
159,118,1.0,1.2029668361747774,1.1125301349711267,1.1997690113160722,1.1786145,1.1730766620103885
159,119,1.0,1.1579776899238532,1.1370984304911764,1.2004954903990281,1.1749771,1.1671486686753103
159,120,1.0,1.1670807939475727,1.3446324429773209,1.199783523045361,1.1947109,1.2268626175081814
159,121,1.0,1.73757085003031,1.5945816911958217,1.2001011936136214,1.8723685,1.60833560118362
159,122,1.0,1.1164019112625763,1.296133045559666,1.1995420002779371,1.1635165,1.1937077118346147
159,123,1.0,1.6856252350877035,1.5946137505861242,1.2001008552180112,1.6990657,1.5507571122862573
159,124,1.0,1.2238515999312205,1.1359122330499878,1.2004945538157985,1.192668,1.1880550001580157
159,125,1.0,1.214835327556555,1.343798898829459,1.199783674871381,1.2073308,1.2419727947265295
159,126,3.0,1.7790715325271058,1.5933634343643308,1.2001140849812464,1.7478876,1.586611245713172
159,127,2.0,1.6239492251003906,1.6593932440487515,1.1998704244694187,1.6188318,1.530912933650284
159,128,1.0,1.686558526761332,1.6583032247784704,1.199871554822151,1.6742713,1.5606980696085875
159,129,2.0,1.311834309471983,1.34274093894948,1.1997839143133906,1.2598268,1.279713681263965
159,130,1.0,1.2331959938639567,1.343670661268249,1.1997837011172705,1.2029234,1.245456507728008
159,131,1.0,1.2211442325566582,1.2949789075087796,1.1995428511866086,1.2127473,1.232546651191344
159,132,2.0,1.1813573295378976,1.1369701929299671,1.2004953844307473,1.202808,1.1801695351978725
159,133,1.0,1.1796819736231487,1.1369381335396649,1.2004953581164126,1.202808,1.1797374474710587
159,134,1.0,1.6363219334203338,1.5958640668079174,1.2000876921421766,1.7737604,1.5577480444248895
159,135,1.0,1.1687790490511845,1.1141651638765488,1.1997591694395402,1.1573049,1.15937191385631
159,136,2.0,1.2879614937052815,1.1355595797566616,1.2004942942015104,1.1898227,1.2034598359255568
159,137,1.0,1.2028752659602961,1.1370343117105717,1.2004954372728946,1.1749771,1.178494288520776
159,138,3.0,1.6328647218081103,1.6587199968524013,1.19987111299929,1.6168957,1.532502388402354
159,139,2.0,1.6758867066858274,1.5957037698564054,1.200089375977113,1.6813956,1.544034545422907
159,140,1.0,1.6356221049707276,1.6592329470972396,1.199870585585295,1.6350033,1.537973329466443
159,141,1.0,1.1764589599951116,1.3447927399288329,1.199783497581752,1.186647,1.2272085973148523
159,142,1.0,1.6184820156754391,1.6575979181918177,1.1998723297278089,1.6656135,1.5410720239049251
159,143,1.0,1.162157091064761,1.1124339568002195,1.1997695901184449,1.1786145,1.1627250755420853
159,144,1.0,1.6361599432429383,1.6586558780717966,1.1998711801882733,1.5996827,1.5289060508291472
159,145,1.0,1.2053885306355563,1.1359442924402903,1.2004945778430856,1.192668,1.1833908225266097
159,146,1.0,1.6383099851293503,1.5939725627800763,1.200107631407657,1.6147628,1.5170045050702918
159,147,3.0,1.1970008673086914,1.1135560354608032,1.1997628364878061,1.206647,1.1790136121614947
159,148,2.0,1.1970008673086914,1.1135560354608032,1.1997628364878061,1.206647,1.1790136121614947
159,149,1.0,1.2309174317897247,1.1134598572898962,1.1997634154468366,1.2185128,1.1906151825667035
159,150,2.0,1.18427481970648,1.3426447607785725,1.1997839386663176,1.2450023,1.2436073976519948
159,151,1.0,1.1635279632794917,1.3444080272452041,1.1997835607214462,1.2004491,1.2273782693983113
159,152,1.0,1.6172126408626901,1.594838166318241,1.200098487696658,1.5399392,1.4926949743683937
159,153,1.0,1.2158129478688313,1.1127224913129412,1.1997678536712526,1.20506,1.1831575025396717
159,154,1.0,1.6601713967159102,1.594036681560681,1.200106953006346,1.6769178,1.53849161558635
159,155,1.0,1.1713377399962774,1.1376754995166198,1.2004959814255207,1.1673003,1.1687071443933998
159,156,2.0,1.4987628157643054,1.5923054744843517,1.2001253311740465,1.7873827,1.5255387384115824
159,157,1.0,1.6148938085201723,1.65762997758212,1.1998722937567943,1.6656135,1.5401720904421683
159,158,1.0,1.139705767220804,1.296068926779061,1.1995420440915832,1.1635165,1.1995888104387902
159,159,1.0,1.1238941612170599,1.1378037370778296,1.2004960936941813,1.1383672,1.149313971955641
159,160,1.0,1.162157091064761,1.1124339568002195,1.1997695901184449,1.1786145,1.1627250755420853
159,161,2.0,1.3345578211997948,1.3429012359009915,1.1997838746824927,1.2583008,1.285113383678903
159,162,1.0,1.2684118408669922,1.3429974140718988,1.1997838514772043,1.2541498,1.2673342213151266
159,163,1.0,1.1606287902381691,1.2952995014118036,1.1995426015976778,1.172182,1.2069111679543543
159,164,2.0,1.1490684208386956,1.1139086887541296,1.1997607135214599,1.1672432,1.156867946081218
159,165,1.0,1.199533250460041,1.1131392633868722,1.1997653452171357,1.1982279,1.1773906184039795
159,166,1.0,1.2118970837981409,1.2939850664094055,1.1995436895640295,1.1666394,1.2181315338196514
159,167,2.0,1.6856252350877035,1.5946137505861242,1.2001008552180112,1.6990657,1.5507571122862573
159,168,1.0,1.661907239367197,1.5937802064382618,1.200109667673502,1.6767758,1.5388302428359375
159,169,1.0,1.1796819736231487,1.1369381335396649,1.2004953581164126,1.202808,1.1797374474710587
159,170,1.0,1.2548861361273262,1.342933295291294,1.1997838668978467,1.2583008,1.264959640015167
159,171,4.0,1.6298374354368372,1.6586238186814943,1.199871213896625,1.5996827,1.5272979610357396
159,172,3.0,1.6172126408626901,1.594838166318241,1.200098487696658,1.5399392,1.4926949743683937
159,173,2.0,1.6125187227823958,1.5941008003412858,1.2001062747702174,1.5391598,1.4911225187977402
159,174,1.0,1.6266778499042183,1.5947740475376362,1.200099163907706,1.5928975,1.5086546326115364
159,175,1.0,1.255583510664912,1.3426768201688748,1.199783930501999,1.2598268,1.2654625343810997
159,176,1.0,1.3308927288510457,1.5924657714358637,1.2001236241688436,1.6075764,1.4369885906539606
159,177,1.0,1.1796771251153846,1.1352389858536378,1.2004940656632848,1.1867164,1.175179464997543
159,178,1.0,1.255583510664912,1.3426768201688748,1.199783930501999,1.2598268,1.2654625343810997
159,179,1.0,1.651591532856273,1.5928504841194924,1.200119531769465,1.6580455,1.5311836761576743
159,180,1.0,1.2022673449826848,1.2953956795827108,1.1995425287070083,1.172182,1.2174726145503878
159,181,1.0,1.631898168725638,1.5952228790018697,1.2000944340906046,1.5530947,1.49988127638027
159,182,1.0,1.1627522959222671,1.2952353826311989,1.1995426507001048,1.1671798,1.2061496098773183
159,183,1.0,1.1873065435124603,1.135655757927569,1.2004943641519632,1.192668,1.1787418957176041
159,184,1.0,1.29682333414994,1.110766868504495,1.1997796196899106,1.3334317,1.236085170510763
159,185,1.0,1.6966937216130047,1.6601306100257067,1.199869706100577,1.7618678,1.5861877765676282
159,186,1.0,1.1593970835008474,1.1342451447542636,1.2004934023544278,1.147496,1.1597381630927326
159,187,1.0,1.734817574003084,1.657790274533632,1.1998721149969749,1.6656135,1.5705607291307524
159,188,1.0,1.2756826085860147,1.1111195217978214,1.1997774985534548,1.270983,1.2148099021185834
159,189,1.0,1.1759223861895964,1.3447606805385304,1.1997835025814474,1.186647,1.2270646991991176
159,190,1.0,1.1646061177235811,1.2966780551948065,1.1995416442783233,1.1607699,1.205339870204891
159,191,1.0,1.6786980416982942,1.5942290379024955,1.2001049188321018,1.7540394,1.5630049570669975
159,192,1.0,1.1984330966887142,1.2961009861693635,1.1995420221336721,1.1635165,1.2144585580916083
159,193,1.0,1.6383099851293503,1.5939725627800763,1.200107631407657,1.6147628,1.5170045050702918
159,194,1.0,1.1631254036849006,1.1120171847262883,1.199772098048234,1.169864,1.1606213385743096
159,195,1.0,1.6250675885155377,1.660451203928731,1.1998694054005503,1.5995178,1.5265106474769954
159,196,1.0,1.317685559611422,1.110510393382076,1.1997811621516095,1.2906264,1.2303232424925419
159,197,1.0,1.73757085003031,1.5945816911958217,1.2001011936136214,1.8723685,1.60833560118362
159,198,1.0,1.2648426130067707,1.11230571923901,1.1997703618253037,1.2217907,1.1997505034493736
159,199,1.0,1.6258720744815072,1.59509464144066,1.2000957845886016,1.6960963,1.53499491558072
159,200,1.0,1.2938043200340212,1.3420356323628269,1.199784102879516,1.3533503,1.298955332620351
159,201,1.0,1.1146378917545126,1.297447480562064,1.1995411917189822,1.1723871,1.1958684988782293
159,202,1.0,1.6137169675985765,1.5948061069279384,1.2000988257846814,1.5363746,1.4908882534696644
159,203,1.0,1.142190933438374,1.2956521547051298,1.199542338797665,1.1381602,1.1936100411251997
159,204,1.0,1.1282871985376508,1.1325459970682368,1.2004924259563066,1.1340625,1.1479903999020098
159,205,1.0,1.0901170172356809,1.2946262542154532,1.1995431374777097,1.1596085,1.1856728070505902
159,206,5.0,1.6464311335412385,1.5938122658285643,1.2001093281874209,1.6307818,1.523127327742583
159,207,4.0,1.6307692611881408,1.6590726501457278,1.1998707484476638,1.6465442,1.5396642238691796
159,208,3.0,1.6784924548505906,1.5946458099764265,1.2001005168715146,1.6990657,1.5489601112148832
159,209,2.0,1.6137169675985765,1.5948061069279384,1.2000988257846814,1.5363746,1.4908882534696644
159,210,1.0,1.745881128257239,1.6581749872172606,1.199871693175153,1.8031545,1.608728199761553
159,211,1.0,1.1631254036849006,1.1120171847262883,1.199772098048234,1.169864,1.1606213385743096
159,212,1.0,1.311834309471983,1.34274093894948,1.1997839143133906,1.2598268,1.279713681263965
159,213,1.0,1.6657266322143993,1.5961205419303368,1.2000850002903631,1.6434928,1.5318482094353745
159,214,2.0,1.1707888739857695,1.2959406892178515,1.199542132942508,1.1635165,1.207422324429588
159,215,1.0,1.4003971779254725,1.2944338978736387,1.1995432988333639,1.1768159,1.2685567944565195
159,216,1.0,1.1321867536978616,1.1335398381676105,1.2004929729551734,1.1556079,1.1547538838722742
159,217,1.0,1.3056823708423104,1.1113118781396358,1.1997763414487423,1.284641,1.2259524960068955
159,218,1.0,1.6395640463323826,1.5951908196115672,1.2000947716535608,1.6261276,1.5205414400362374
159,219,2.0,1.0857126876794703,1.13379631329003,1.2004931251363862,1.1305165,1.13662366508084
159,220,1.0,1.1314758927720585,1.1329627691421678,1.2004926470844215,1.1340625,1.1489028579647196
159,221,1.0,1.6287602230629168,1.659810016122683,1.199870013838414,1.621523,1.5329259170826672
159,222,1.0,1.14349293542036,1.2943377197027317,1.1995433808821494,1.1768159,1.2035198416976782
159,223,1.0,1.6172126408626901,1.594838166318241,1.200098487696658,1.5399392,1.4926949743683937
159,224,1.0,1.1393636873983575,1.2940491851900102,1.199543632532251,1.1666394,1.1997923191809092
159,225,4.0,1.6433725066491423,1.6573414430693987,1.1998726199896057,1.6433843,1.5416056697977938
159,226,3.0,1.73757085003031,1.5945816911958217,1.2001011936136214,1.8723685,1.60833560118362
159,227,2.0,1.6547668921339624,1.6592970658778445,1.199870520923126,1.6306647,1.541721772870909
159,228,1.0,1.6816285979615382,1.594357275463705,1.2001035636019515,1.6980873,1.5494305794538814
159,229,1.0,1.1627600006002314,1.2960368673887586,1.1995420661528373,1.1635165,1.2054148469602053
159,230,1.0,1.2886265462958888,1.1109592248463094,1.1997784627435133,1.3334317,1.234059280481966
159,231,1.0,1.1646061177235811,1.2966780551948065,1.1995416442783233,1.1607699,1.205339870204891
159,232,3.0,1.4147334188295009,1.341715038459803,1.1997841962240186,1.3604281,1.3312917732737246
159,233,2.0,1.3302679466050251,1.110125680698447,1.199783475534226,1.3040304,1.2368478072547329
159,234,1.0,1.2908043944437062,1.1096127304536088,1.1997865594397374,1.3137271,1.2292186030291723
159,235,1.0,1.1019875819376554,1.1340848478027519,1.2004933017565111,1.147496,1.1451694261359322
159,236,1.0,1.1904766737844321,1.294594194825151,1.199543164126814,1.1596085,1.2110618891399625
159,237,1.0,1.3130286315250985,1.1108309872850997,1.19977923405446,1.3334317,1.2402022456179942
159,238,1.0,1.6439807651576759,1.6578864527045392,1.199872008592241,1.6860936,1.5528495473276143
159,239,1.0,1.1520744778406966,1.1314880371882574,1.2004919180812457,1.1379697,1.1547441543892187
159,240,1.0,1.5055828692984718,1.3403044252864977,1.1997846633860583,1.4675099,1.3813850231277387
168,1,1.0,1.1838970116125984,1.1145498765601776,1.1997568531668839,1.1817158,1.169554356375224
168,2,1.0,1.1366323136667518,1.1406890822050448,1.2004989239405919,1.1529022,1.1569956702243491
168,3,1.0,1.1816478466877212,1.3444400866355064,1.1997835551962162,1.2311598,1.2398471535123363
168,4,1.0,1.1801114677207458,1.1395349441541582,1.200497721805008,1.165429,1.1709185296770048
168,5,1.0,1.1664430100730698,1.2965818770238993,1.1995417049655492,1.1644905,1.206734454510518
168,6,1.0,1.6266778499042183,1.5947740475376362,1.200099163907706,1.5928975,1.5086546326115364
168,7,1.0,1.1621086323408223,1.1393746472026465,1.2004975622416678,1.180394,1.1701596834664505
168,8,1.0,1.1783301167227072,1.3456583434669978,1.1997833809270952,1.1772541,1.2254924556162234
168,9,2.0,1.1624957453742188,1.1136842730220131,1.1997620645210303,1.1740649,1.1619587247837222
168,10,1.0,1.2234315868575059,1.1125621943614292,1.199768818382185,1.2220389,1.189399152665719
168,11,1.0,1.213109401321297,1.3459468779797192,1.1997833498756614,1.1983749,1.2397828964342466
168,12,1.0,1.166257659096054,1.139310528422042,1.2004974989155317,1.180394,1.1711934023278554
168,13,1.0,1.2569979148274935,1.1114721750911478,1.1997753771318826,1.1906548,1.189571193237474
168,14,4.0,1.7445512054835501,1.5935878500964475,1.2001117055128943,1.7806064,1.586321945747485
168,15,3.0,1.6104299386429768,1.5965373140042678,1.2000806320666444,1.4974122,1.4804988667684038
168,16,2.0,1.7369860103277677,1.595832007417615,1.2000880288207505,1.7737604,1.5832142372718627
168,17,1.0,1.6526838097779677,1.5951587602212647,1.2000951092503656,1.6261276,1.5238535172851597
168,18,2.0,1.1509429406379856,1.296165104949968,1.1995419785177293,1.1635165,1.2024568324802245
168,19,1.0,1.1886828618755136,1.2962612831208755,1.1995419138723007,1.1635165,1.2120316860762967
168,20,1.0,1.6125187227823958,1.5941008003412858,1.2001062747702174,1.5391598,1.4911225187977402
168,21,1.0,1.2163226168976773,1.296293342511178,1.199541892524547,1.1644905,1.2192841018228981
168,22,2.0,1.6601713967159102,1.594036681560681,1.200106953006346,1.6769178,1.53849161558635
168,23,1.0,1.6660884168575807,1.6603229663675212,1.1998695248261628,1.6706413,1.5550976298561552
168,24,1.0,1.142879503758128,1.296229223730573,1.1995419353229304,1.1635165,1.200432500910479
168,25,1.0,1.7191137392183062,1.5959602449788248,1.200086682362197,1.6252414,1.5406379719855043
168,26,1.0,1.1801114677207458,1.1395349441541582,1.200497721805008,1.165429,1.1709185296770048
168,27,1.0,1.5840613823230143,1.6606435602705452,1.199869228363115,1.6050233,1.517593977419712
168,28,1.0,1.2193809321215783,1.297383361781459,1.1995412272029535,1.1723871,1.2223587367727715
168,29,1.0,1.6176861899956732,1.6598741349032875,1.1998699517297846,1.626861,1.53150856479834
168,30,1.0,1.1984330966887142,1.2961009861693635,1.1995420221336721,1.1635165,1.2144585580916083
168,31,1.0,1.7183516122643658,1.66070767905115,1.1998691699195627,1.6050233,1.5515939080769492
168,32,1.0,1.2141674252771002,1.1130110258256625,1.1997661170808154,1.2066385,1.1832184635881366
168,33,1.0,1.6356221049707276,1.6592329470972396,1.199870585585295,1.6350033,1.537973329466443
168,34,1.0,1.1482043438678826,1.1139407481444321,1.1997605205142208,1.1769835,1.1591550810806543
168,35,2.0,1.1936884010226014,1.1396631817153686,1.2004978507538004,1.1656498,1.174443439018361
168,36,1.0,1.1887617224533453,1.1382205091517603,1.2004964664930924,1.171278,1.174274538161459
168,37,1.0,1.5458112780531648,1.5936519688770523,1.2001110260646615,1.5600686,1.47949072883069
168,38,1.0,1.1186040325541653,1.297030708488133,1.1995414295906868,1.1669071,1.1953614660551164
168,39,1.0,1.6266778499042183,1.5947740475376362,1.200099163907706,1.5928975,1.5086546326115364
168,40,1.0,1.178844255014458,1.2975436587329712,1.199541139269112,1.1723871,1.212140999096015
168,41,1.0,2.8991281523311763,1.6619259358826408,1.1998681130630973,1.70775,1.8770541198880555
168,42,1.0,1.168707268798143,1.1403364289117186,1.2004985466871363,1.1787317,1.1716468773296131
168,43,1.0,1.208243358902439,1.3458827591991143,1.1997833564350124,1.2058796,1.2404597180127381
168,44,2.0,1.1687790490511845,1.1141651638765488,1.1997591694395402,1.1573049,1.15937191385631
168,45,1.0,1.2112550331461052,1.1130751446062674,1.1997657311517644,1.1982279,1.180340818689452
168,46,1.0,1.7410394807782539,1.5962167201012438,1.20008399157432,1.6434928,1.5509311090326514
168,47,1.0,1.1592899551023834,1.296389520682085,1.199541829086723,1.1644905,1.2048756414540842
168,48,1.0,1.1956231773433048,1.113363679118989,1.1997639943941143,1.2022048,1.1774774342850347
168,49,2.0,1.5500804782130484,1.6617656389311288,1.1998682463084906,1.70775,1.5356212420762865
168,50,1.0,1.7155569500766967,1.6612526886862906,1.199868684525253,1.6894388,1.5726716471323807
168,51,1.0,1.1897682686021678,1.1132354415577792,1.1997647663038908,1.1931311,1.1736366660636082
168,52,1.0,1.1646061177235811,1.2966780551948065,1.1995416442783233,1.1607699,1.205339870204891
168,53,1.0,1.6363219334203338,1.5958640668079174,1.2000876921421766,1.7737604,1.5577480444248895
168,54,1.0,1.1598418887022317,1.1395028847638562,1.2004976897464898,1.165429,1.1657809542347355
168,55,3.0,1.6299492623952174,1.594132859731588,1.200105935721986,1.6336982,1.5197846106618178
168,56,2.0,1.663512919964638,1.5949984632697527,1.2000967979296713,1.6930268,1.5437091358839163
168,57,1.0,1.6176861899956732,1.6598741349032875,1.1998699517297846,1.626861,1.53150856479834
168,58,1.0,1.1901380509559807,1.344055373951878,1.1997836246943803,1.1971539,1.2331780214293706
168,59,1.0,1.1529674740719416,1.1391502314705297,1.2004973418756955,1.1586083,1.162202908792881
168,60,3.0,1.6247594589561314,1.6588161750233086,1.1998710127202872,1.611882,1.5291898995425575
168,61,2.0,1.6497808648037355,1.5942610972927977,1.200104579958601,1.6080896,1.5182683889324473
168,62,1.0,1.6486545116020246,1.5940687409509835,1.2001066138685064,1.6231738,1.5218032897705092
168,63,1.0,1.1669319672187966,1.2952674420215011,1.1995426261035276,1.1671798,1.2072154319102273
168,64,1.0,1.6429026964004,1.6593611846584493,1.1998704565542584,1.6188318,1.535701226586844
168,65,1.0,1.1489715766063044,1.1386052218353893,1.2004968213861404,1.1538677,1.1598379888475638
168,66,2.0,1.2169193713636348,1.34341418614583,1.1997837559016948,1.2156147,1.2445271293855946
168,67,1.0,1.180365182569958,1.3451453932221593,1.199783445803715,1.1812984,1.2269147512518959
168,68,1.0,1.1892105736111047,1.1149025298535038,1.199754729773843,1.2129347,1.1789934033169938
168,69,1.0,1.0487177448282712,1.6632403708850392,1.1998670869721428,1.5293059,1.3633589728010107
168,70,1.0,1.2328269456532555,1.1389578751287155,1.2004971557969917,1.1936113,1.1913395754489782
168,71,1.0,1.1889368387185244,1.346010996760324,1.1997833435097096,1.1983749,1.2336819703113775
168,72,1.0,1.7206226509320985,1.5954793541242887,1.200091735200249,1.7215296,1.5655910552141044
168,73,3.0,1.166257659096054,1.139310528422042,1.2004974989155317,1.180394,1.1711934023278554
168,74,2.0,1.178088275165203,1.138989934519018,1.200497186631917,1.1936113,1.1774954328737988
168,75,1.0,1.147917920049619,1.138252568542063,1.2004964956722075,1.171278,1.1639466546121136
168,76,1.0,1.1653919624489935,1.1140689857056416,1.1997597484812703,1.1717896,1.1622049827697054
168,77,2.0,1.6569723758683623,1.5948702257085432,1.200098149663453,1.6283349,1.525432529641264
168,78,1.0,1.5961453205718041,1.596152601320639,1.200084664015103,1.6434928,1.514247875177203
168,79,1.0,1.1984736009431045,1.1392143502511347,1.200497404476826,1.180394,1.1793216630140149
168,80,1.0,1.616689144245094,1.5952549383921721,1.2000940965759448,1.5530947,1.4960404871293835
168,81,1.0,1.114901194858356,1.1386372812256915,1.2004968514288386,1.1538677,1.1512241990833665
168,82,1.0,1.6526838097779677,1.5951587602212647,1.2000951092503656,1.6261276,1.5238535172851597
168,83,1.0,1.172178743247199,1.1409134979371618,1.2004991685654742,1.1294202,1.160026311824539
168,84,1.0,1.197259424686416,1.113523976070501,1.1997630294787969,1.206647,1.1790709759589721
168,85,1.0,1.174838548323692,1.2971589460493425,1.1995413545723521,1.1723871,1.211030003075396
168,86,1.0,1.210001675651502,1.1374831431748054,1.2004958151716019,1.1765636,1.1808182134187555
168,87,1.0,1.6258720744815072,1.59509464144066,1.2000957845886016,1.6960963,1.53499491558072
168,88,1.0,1.1926127509425903,1.1140369263153391,1.199759941492091,1.1769835,1.170417351135681
168,89,5.0,1.665619112242517,1.5951267008309624,1.200095446892932,1.7356517,1.5552048317635476
168,90,4.0,1.7351881609925968,1.6601947288063115,1.199869645381723,1.7618678,1.595945457760902
168,91,3.0,1.677922192147264,1.5959281855885223,1.2000870189069046,1.6252414,1.5302059345387062
168,92,2.0,1.6989181501538004,1.5945496318055195,1.2001015320627781,1.6955403,1.5532009514836351
168,93,1.0,1.6645194617143122,1.593876384609169,1.2001086493497122,1.763314,1.5617068882807694
168,94,1.0,1.2036925269843404,1.1150948861953185,1.1997535715050398,1.2129347,1.1827066345669628
168,95,2.0,1.6122336189381579,1.6605153227093354,1.1998693460953958,1.6255159,1.529945911925528
168,96,1.0,1.6344020684709426,1.5952869977824744,1.2000937590932914,1.6254233,1.5190786374829577
168,97,1.0,1.2765018854664658,1.1398875974474847,1.2004980791941129,1.2040194,1.2052965642582438
168,98,1.0,1.167345478598189,1.2963574612917825,1.1995418501286734,1.1644905,1.2069060781940681
168,99,2.0,1.5855926860293372,1.6585276405105869,1.1998713154306027,1.5772818,1.5103326252608533
168,100,1.0,1.6857301577893467,1.5954472947339864,1.2000920724037833,1.7339035,1.5599262101085438
168,101,1.0,1.192793320096373,1.138092271590551,1.2004963504954722,1.1898162,1.1800161595428804
168,102,3.0,1.73757085003031,1.5945816911958217,1.2001011936136214,1.8723685,1.60833560118362
168,103,2.0,1.6999185129366248,1.5944855130249145,1.2001022090586855,1.7141206,1.5582026860528884
168,104,1.0,1.7127298904661634,1.660387085148126,1.1998694649694406,1.6706413,1.5669170138676938
168,105,1.0,1.216841324116972,1.3443439084645994,1.1997835719189023,1.2004491,1.2408536176162994
168,106,1.0,1.6243094111443932,1.5953831759533816,1.2000927469480713,1.6308172,1.5179318561905235
168,107,1.0,1.162513493553428,1.295748332876037,1.1995422692668607,1.1748031,1.2081737789836138
168,108,1.0,1.1728941344374553,1.3453377495639738,1.199783420024466,1.1771342,1.2240049397474555
168,109,1.0,1.1509429406379856,1.296165104949968,1.1995419785177293,1.1635165,1.2024568324802245
168,110,1.0,1.6856252350877035,1.5946137505861242,1.2001008552180112,1.6990657,1.5507571122862573
168,111,1.0,1.1653919624489935,1.1140689857056416,1.1997597484812703,1.1717896,1.1622049827697054
168,112,2.0,1.6526838097779677,1.5951587602212647,1.2000951092503656,1.6261276,1.5238535172851597
168,113,1.0,1.6344020684709426,1.5952869977824744,1.2000937590932914,1.6254233,1.5190786374829577
168,114,2.0,1.2321065762213887,1.3433821267555275,1.1997837629643524,1.1943103,1.242899105733655
168,115,1.0,1.1728941344374553,1.3453377495639738,1.199783420024466,1.1771342,1.2240049397474555
168,116,1.0,1.6966937216130047,1.6601306100257067,1.199869706100577,1.7618678,1.5861877765676282
168,117,2.0,1.1783301167227072,1.3456583434669978,1.1997833809270952,1.1772541,1.2254924556162234
168,118,1.0,1.245156801620288,1.3445362648064139,1.199783538904915,1.2311598,1.2559431749546086
168,119,1.0,1.1489715766063044,1.1386052218353893,1.2004968213861404,1.1538677,1.1598379888475638
168,120,1.0,1.169986061948568,1.344728621148228,1.1997835076228134,1.1930181,1.2271880941951343
168,121,2.0,1.6507180106794368,1.5942931566831,1.2001042411327758,1.6080896,1.5185135772471925
168,122,1.0,1.665619112242517,1.5951267008309624,1.200095446892932,1.7356517,1.5552048317635476
168,123,3.0,1.1694663484998138,1.3449530368803448,1.199783473324229,1.186647,1.2254795941855772
168,124,2.0,1.1820338388019795,1.3437347800488542,1.1997836878963704,1.2029234,1.2325255468945304
168,125,1.0,1.177453268160197,1.3454018683445783,1.199783411816775,1.1771342,1.2251749060964512
168,126,1.0,1.6696318985336955,1.6609962135638714,1.1998689104045328,1.700251,1.5637575527834446
168,127,1.0,1.2169193713636348,1.34341418614583,1.1997837559016948,1.2156147,1.2445271293855946
168,128,1.0,1.1707357437265202,1.1377396182972246,1.2004960374172005,1.1673003,1.168571041477711
168,129,1.0,1.1504888857191586,1.3452095120027643,1.1997834370169735,1.1812984,1.2193704276719217
168,130,1.0,1.6816285979615382,1.594357275463705,1.2001035636019515,1.6980873,1.5494305794538814
168,131,1.0,1.210001675651502,1.1374831431748054,1.2004958151716019,1.1765636,1.1808182134187555
168,132,1.0,1.7163154105544722,1.6609320947832666,1.1998689675774357,1.700251,1.5755551508764043
168,133,1.0,1.1984330966887142,1.2961009861693635,1.1995420221336721,1.1635165,1.2144585580916083
168,134,2.0,1.6455296306926848,1.6590085313651228,1.199870814095885,1.6465442,1.5433832981565572
168,135,1.0,1.6363219334203338,1.5958640668079174,1.2000876921421766,1.7737604,1.5577480444248895
168,136,5.0,1.1861674212432265,1.2973192430008544,1.1995412630891276,1.1723871,1.2139374506098553
168,137,4.0,1.1910524444201633,1.2967421739754115,1.1995416043308185,1.1750033,1.2156985602614572
168,138,3.0,1.155443168201348,1.2980566089778094,1.199540874978018,1.1516759,1.2010377231265768
168,139,2.0,1.178844255014458,1.2975436587329712,1.199541139269112,1.1723871,1.212140999096015
168,140,1.0,1.1660689714661343,1.2985374998323453,1.1995406508263484,1.3055766,1.2433139851979327
168,141,1.0,1.1628723021328173,1.1136522136317102,1.1997622575157523,1.1740649,1.162045949710087
168,142,1.0,1.2028469718447954,1.1360084112208952,1.2004946261116705,1.2081482,1.1867335878656426
168,143,1.0,1.159803002799498,1.2958765704372466,1.1995421779774313,1.1665279,1.205398213470138
168,144,2.0,1.7535450941035429,1.5957678886370104,1.2000887023030098,1.6813956,1.5637029776986884
168,145,1.0,1.6340731500529824,1.5940046221703785,1.2001072921860267,1.6769178,1.5318791155468103
168,146,1.0,1.1947144879620082,1.114998708024411,1.199754150642921,1.2129347,1.1804104349350788
168,147,1.0,1.15747158062329,1.138284627932365,1.2004965249254027,1.171278,1.166372440479161
168,148,1.0,1.2259241973930697,1.343253889194318,1.1997837917019263,1.2591685,1.2579340978962414
168,149,2.0,1.5737606882839332,1.6584314623396799,1.199871417601685,1.5660717,1.5044394122199538
168,150,1.0,1.6786980416982942,1.5942290379024955,1.2001049188321018,1.7540394,1.5630049570669975
168,151,1.0,1.1690570154390187,1.1155757770498542,1.1997506756951617,1.1784981,1.1652319336772032
168,152,1.0,1.6964860585091739,1.5943893348540072,1.2001032249003727,1.6980873,1.5531984667747167
168,153,1.0,1.1803277183226444,1.1358801736596857,1.2004945298573937,1.192668,1.1770326524894708
168,154,1.0,1.6247594589561314,1.6588161750233086,1.1998710127202872,1.611882,1.5291898995425575
168,155,1.0,1.1984330966887142,1.2961009861693635,1.1995420221336721,1.1635165,1.2144585580916083
168,156,2.0,1.6363219334203338,1.5958640668079174,1.2000876921421766,1.7737604,1.5577480444248895
168,157,1.0,1.7043320137433384,1.657950571485144,1.1998719380016694,1.6860936,1.5681383482267153
168,158,1.0,1.269715422083157,1.3427088795591775,1.1997839223818947,1.2598268,1.2690468914742152
168,159,2.0,1.1711023091270283,1.296485698852992,1.199541766569258,1.1644905,1.207889220423443
168,160,1.0,1.1590769233571379,1.296613936414202,1.1995416846395008,1.1607699,1.20392442626131
168,161,1.0,1.2039575422573687,1.1131072039965697,1.1997655381849326,1.1982279,1.178502170173917
168,162,1.0,1.6438129656807967,1.5932031374128188,1.2001157859022575,1.5964175,1.5134999369684188
168,163,1.0,1.1910524444201633,1.2967421739754115,1.1995416043308185,1.1750033,1.2156985602614572
168,164,1.0,1.670538944496338,1.594677869366729,1.2001001785789074,1.6463499,1.5334372005434815
168,165,2.0,1.198840871137361,1.1350466295118233,1.2004939319532753,1.2090888,1.1857174322978699
168,166,1.0,1.1767912928448814,1.13834874671297,1.200496583641619,1.171278,1.1712777603167341
168,167,1.0,1.182752983081472,1.3432859485846205,1.1997837844467218,1.1943103,1.2303852659326158
168,168,1.0,1.2192451507395037,1.136393123904524,1.2004949217310132,1.2008309,1.1891043518893674
168,169,1.0,1.6935923584937675,1.6595535410002638,1.1998702651186604,1.6826407,1.5649403486756945
168,170,1.0,1.1393636873983575,1.2940491851900102,1.199543632532251,1.1666394,1.1997923191809092
168,171,2.0,1.6030118493518952,1.5931069592419114,1.2001168069794945,1.6457299,1.5157960923431038
168,172,1.0,1.7311058970967343,1.6580467496560511,1.1998718326599376,1.6860936,1.5749381075915518
168,173,1.0,1.179550245618828,1.1138766293638274,1.1997609065240746,1.1672432,1.164573662354571
168,174,1.0,1.1854761579406266,1.1356236985372665,1.2004943407630317,1.192668,1.1782705766114687
168,175,1.0,1.6429026964004,1.6593611846584493,1.1998704565542584,1.6188318,1.535701226586844
168,176,1.0,1.1617713067784192,1.1137483918026176,1.1997616785274745,1.1699439,1.1607347709058184
168,177,2.0,1.6299492623952174,1.594132859731588,1.200105935721986,1.6336982,1.5197846106618178
168,178,1.0,1.6448954341085347,1.5941649191218905,1.200105596714778,1.6336982,1.5235749473115472
168,179,1.0,1.4821902000139195,1.342099751143432,1.1997840847847063,1.3533503,1.3466448118892687
168,180,1.0,1.2271144032019203,1.1122736598487077,1.1997705547458068,1.2217907,1.1901948700363234
168,181,1.0,1.6145848027634342,1.5931710780225163,1.2001161262208184,1.5964175,1.5060953751629007
168,182,3.0,1.1999546573854065,1.134822213779707,1.200493779194625,1.2090888,1.1859424616721914
168,183,2.0,1.201891584296492,1.1345977980475899,1.2004936299140914,1.2092868,1.1864265804336886
168,184,1.0,1.1914238667388883,1.134437501096078,1.2004935254168683,1.147496,1.1678916236610708
168,185,1.0,1.2338870688994323,1.1134919166801984,1.1997632224639523,1.206647,1.1883319639541972
168,186,2.0,1.6444319011895216,1.6597779567323805,1.199870044997246,1.6256385,1.5379390733667986
168,187,1.0,1.6289211628686715,1.6589764719748206,1.1998708470290895,1.6244049,1.5334949126827515
168,188,1.0,1.269715422083157,1.3427088795591775,1.1997839223818947,1.2598268,1.2690468914742152
168,189,1.0,1.1627600006002314,1.2960368673887586,1.1995420661528373,1.1635165,1.2054148469602053
168,190,1.0,1.1333374097584974,1.1121454222874978,1.1997713264148124,1.1510646,1.1482945524928287
168,191,1.0,1.2163226168976773,1.296293342511178,1.199541892524547,1.1644905,1.2192841018228981
168,192,1.0,1.120837830677292,1.133571897557913,1.2004929917272404,1.1305165,1.1454556719835736
168,193,1.0,1.6964860585091739,1.5943893348540072,1.2001032249003727,1.6980873,1.5531984667747167
168,194,1.0,1.2938374466612574,1.3413623851664769,1.1997843043963567,1.3228239,1.2909653336348006
168,195,1.0,1.1984702374716278,1.2950430262893844,1.1995428004616004,1.2127473,1.226824944631237
168,196,1.0,1.6195186385897566,1.658687937462099,1.1998711465526137,1.5996827,1.5247028784266123
168,197,1.0,1.1938329492508313,1.1128186694838482,1.1997672748237889,1.20506,1.1776194075364792
168,198,1.0,1.560434986574667,1.6595214816099613,1.1998702968533552,1.5186424,1.4891801670998206
168,199,1.0,1.3273908027140717,1.109644789843911,1.199786366717108,1.3137271,1.2384852902123584
168,200,1.0,1.207553681719007,1.133636016338518,1.2004930294907894,1.1305165,1.1674163706390273
168,201,1.0,1.2612874291773764,1.342516523217363,1.1997839718030872,1.2450023,1.263063898036521
168,202,2.0,1.7043320137433384,1.657950571485144,1.1998719380016694,1.6860936,1.5681383482267153
168,203,1.0,1.6842611074192726,1.657694096362725,1.1998722220451745,1.6656135,1.557742508406343
168,204,1.0,1.3301690115579297,1.3411059100440577,1.1997843866815063,1.3228239,1.3000945779655484
168,205,1.0,1.66610719329884,1.593074899851609,1.2001171474311862,1.6457299,1.531755077357527
168,206,1.0,1.3062068070979709,1.1102539182596565,1.1997827044460945,1.3040304,1.2307911224874517
168,207,1.0,1.1667709955309205,1.1353031046342426,1.2004941108041318,1.1867164,1.17192965418647
168,208,2.0,1.284235529676279,1.110606571552983,1.1997805837471003,1.2906264,1.2218825215738784
168,209,1.0,2.0432558393054236,1.3403364846768002,1.1997846517483592,1.4675099,1.5174575877888
168,210,1.0,1.6236473274326118,1.6584955811202846,1.1998713494155526,1.5772818,1.519954693887156
168,211,1.0,1.5626370205644873,1.1090356614281656,1.1997900279536184,1.3433998,1.305472957336664
168,212,1.0,1.7622703789021237,1.593395493754633,1.2001137449238828,1.8000718,1.595749447298767
168,213,4.0,1.2507969700530568,1.338444980648959,1.1997854190062738,1.171985,1.2406549233421889
168,214,3.0,1.2756826085860147,1.1111195217978214,1.1997774985534548,1.270983,1.2148099021185834
168,215,2.0,1.3553212668075139,1.1100936213081447,1.1997836682983654,1.3040304,1.2431797766869428
168,216,1.0,1.3553873885179148,1.1089394832572586,1.1997906059461416,1.3433998,1.253001804186876
174,1,1.0,1.4821902000139195,1.342099751143432,1.1997840847847063,1.3533503,1.3466448118892687
174,2,2.0,1.6975778933737933,1.659649719171171,1.1998701703641468,1.7684348,1.58797395179716
174,3,1.0,1.610794726542167,1.5925619496067709,1.2001226004765055,1.6075764,1.507845171646858
174,4,2.0,1.1574683578719227,1.29632540190148,1.1995418712736134,1.1644905,1.2043984489063067
174,5,1.0,1.1601855357792195,1.2967742333657137,1.1995415845012174,1.1750033,1.2078954351166444
174,6,2.0,1.7209135139883298,1.5954152353436841,1.2000924096481962,1.7339035,1.5688217383267347
174,7,1.0,1.6137169675985765,1.5948061069279384,1.2000988257846814,1.5363746,1.4908882534696644
174,8,1.0,1.1919495676601004,1.1135880948511057,1.1997626435002038,1.1740649,1.1693881585994248
174,9,3.0,1.6307692611881408,1.6590726501457278,1.1998707484476638,1.6465442,1.5396642238691796
174,10,2.0,1.6401495857442592,1.6585917592911918,1.199871247669215,1.5772818,1.5241550988558052
174,11,1.0,1.6865421200232538,1.5933313749740283,1.2001144250761036,1.7478876,1.5631875598339626
174,12,1.0,1.2723803944724719,1.3428691765106893,1.1997838825138551,1.2583008,1.2693705450749786
174,13,1.0,1.1713377399962774,1.1376754995166198,1.2004959814255207,1.1673003,1.1687071443933998
174,14,1.0,1.5482818879776317,1.5932993155837258,1.200114765218322,1.5544634,1.4785902244277818
174,15,1.0,1.176592528005252,1.2968383521463185,1.1995415451696643,1.176445,1.2124333613108518
174,16,1.0,1.1896951901087605,1.1368098959784554,1.2004952535813258,1.197013,1.1807528993617242
174,17,1.0,1.7369860103277677,1.595832007417615,1.2000880288207505,1.7737604,1.5832142372718627
174,18,1.0,1.2076652511924875,1.1127545507032435,1.19976766072181,1.20506,1.1811036994769153
174,19,1.0,1.2771536076614733,1.342195929314339,1.1997840579967693,1.3533503,1.2947822288331956
174,20,1.0,1.142879503758128,1.296229223730573,1.1995419353229304,1.1635165,1.200432500910479
174,21,1.0,1.1896951901087605,1.1368098959784554,1.2004952535813258,1.197013,1.1807528993617242
174,22,3.0,1.5592373332112717,1.6594573628293565,1.199870360511831,1.5205693,1.4893550282750523
174,23,2.0,1.745881128257239,1.6581749872172606,1.199871693175153,1.8031545,1.608728199761553
174,24,1.0,1.6429026964004,1.6593611846584493,1.1998704565542584,1.6188318,1.535701226586844
174,25,4.0,1.2011296235800173,1.3459789373700217,1.1997833466675925,1.1983749,1.236759385342512
174,26,3.0,1.2321065762213887,1.3433821267555275,1.1997837629643524,1.1943103,1.242899105733655
174,27,2.0,1.2684118408669922,1.3429974140718988,1.1997838514772043,1.2541498,1.2673342213151266
174,28,1.0,1.1582552313045216,1.1138125105832224,1.1997612925286305,1.1699439,1.1598611211055532
174,29,1.0,1.663181506159617,1.5949664038794504,1.2000971357858055,1.6930268,1.543617234947416
174,30,1.0,1.2331959938639567,1.343670661268249,1.1997837011172705,1.2029234,1.245456507728008
174,31,2.0,1.1854761579406266,1.1356236985372665,1.2004943407630317,1.192668,1.1782705766114687
174,32,1.0,1.217113918399815,1.1361366487821047,1.2004947235117798,1.2081482,1.190376481254242
174,33,1.0,1.242107573683515,1.2950750856796869,1.199542775241593,1.2041365,1.2356678779711878
174,34,1.0,1.245156801620288,1.3445362648064139,1.199783538904915,1.2311598,1.2559431749546086
174,35,1.0,1.1851066944452175,1.1371946086620843,1.2004955706269376,1.1749771,1.1740383396806686
174,36,1.0,1.6999185129366248,1.5944855130249145,1.2001022090586855,1.7141206,1.5582026860528884
174,37,1.0,1.1740275123415784,1.1119530659456835,1.1997724838569888,1.169864,1.1633641106982389
174,38,2.0,1.226708446165566,1.1349825107312188,1.2004938879538283,1.2090888,1.1927534127155706
174,39,1.0,1.2080813273212885,1.1361045893918025,1.2004946990563248,1.2081482,1.1880825592766433
174,40,2.0,1.6401495857442592,1.6585917592911918,1.199871247669215,1.5772818,1.5241550988558052
174,41,1.0,1.6409925853598544,1.5947419881473337,1.2000995020952943,1.5928975,1.5122691116903564
174,42,1.0,1.216841324116972,1.3443439084645994,1.1997835719189023,1.2004491,1.2408536176162994
174,43,1.0,1.1507993378106427,1.2961971643402705,1.1995419568733328,1.1635165,1.2024285999653084
174,44,1.0,1.6421850595431549,1.6597138379517755,1.1998701075392655,1.6256385,1.5373542725626521
174,45,1.0,1.1822907911477267,1.1348863325603116,1.2004938224852166,1.2090888,1.1814886493317198
174,46,1.0,1.2114253316951105,1.3424524044367583,1.1997839886622215,1.2450023,1.2504294871517474
174,47,1.0,1.199533250460041,1.1131392633868722,1.1997653452171357,1.1982279,1.1773906184039795
174,48,2.0,1.1684183016988066,1.2969345303172257,1.1995414869196266,1.1790755,1.2110636483717587
174,49,1.0,1.199692058219834,1.2954597983633156,1.1995424806202186,1.1824814,1.2194782640218973
174,50,1.0,1.2009979889429132,1.3440233145615754,1.1997836307964425,1.1971539,1.2359181446175853
174,51,1.0,1.7155569500766967,1.6612526886862906,1.199868684525253,1.6894388,1.5726716471323807
174,52,2.0,1.1657923935000674,1.1115362938717523,1.1997749913912463,1.1906548,1.166506700227661
174,53,1.0,1.1531654212243294,1.1124018974099172,1.1997697830470389,1.1833042,1.1616441738950982
174,54,1.0,1.198840871137361,1.1350466295118233,1.2004939319532753,1.2090888,1.1857174322978699
174,55,1.0,1.2228114152873832,1.344311849074297,1.1997835775924242,1.1937002,1.2406256271199103
174,56,2.0,1.162513493553428,1.295748332876037,1.1995422692668607,1.1748031,1.2081737789836138
174,57,1.0,1.2346775032817163,1.2949468481184772,1.1995428767056302,1.2127473,1.2359632972097172
174,58,2.0,1.2159856587045261,1.111343937529938,1.1997761485892184,1.284641,1.2032617576606386
174,59,1.0,1.3030593363388951,1.1100615619178424,1.1997838610611848,1.3040304,1.229946214675576
174,60,1.0,1.217113918399815,1.1361366487821047,1.2004947235117798,1.2081482,1.190376481254242
174,61,1.0,1.208815527370304,1.3439271363906684,1.1997836493970588,1.2014924,1.2389846803509001
174,62,1.0,1.1984330966887142,1.2961009861693635,1.1995420221336721,1.1635165,1.2144585580916083
174,63,1.0,2.212714781822433,1.5920489993619324,1.2001280646449397,1.7873827,1.7061484063370393
174,64,1.0,1.245156801620288,1.3445362648064139,1.199783538904915,1.2311598,1.2559431749546086
174,65,1.0,1.1971447593264206,1.1358160548790808,1.2004944821550412,1.192668,1.1812721647198445
174,66,1.0,1.418291356797653,1.3423241668755488,1.1997840229463805,1.271662,1.3095834221519462
174,67,4.0,1.6184820156754391,1.6575979181918177,1.1998723297278089,1.6656135,1.5410720239049251
174,68,3.0,1.6826195659916972,1.5955114135145911,1.2000913980318473,1.7215296,1.5559819615676518
174,69,2.0,1.7209135139883298,1.5954152353436841,1.2000924096481962,1.7339035,1.5688217383267347
174,70,1.0,1.6497808648037355,1.5942610972927977,1.200104579958601,1.6080896,1.5182683889324473
174,71,1.0,1.2039575422573687,1.1131072039965697,1.1997655381849326,1.1982279,1.178502170173917
174,72,1.0,1.6112929958947833,1.660226788196614,1.1998696151401733,1.6716883,1.5414751771328659
174,73,1.0,1.1867760903917774,1.2944659572639412,1.1995432716870786,1.1768159,1.2145055780645786
174,74,1.0,1.245156801620288,1.3445362648064139,1.199783538904915,1.2311598,1.2559431749546086
174,75,2.0,1.1813283130218806,1.2960048079984563,1.1995420883084729,1.1635165,1.210105668565327
174,76,1.0,1.1733676395130321,1.2947224323863606,1.1995430581793836,1.1596085,1.2067646741139373
174,77,1.0,1.6254999373061878,1.5932672561934236,1.2001151054004,1.5544634,1.498123125698828
174,78,1.0,1.2228114152873832,1.344311849074297,1.1997835775924242,1.1937002,1.2406256271199103
174,79,1.0,1.2122133132102533,1.2955559765342228,1.1995424092530504,1.1946213,1.2257843573923077
174,80,1.0,1.1690728709977911,1.1377075589069223,1.2004960093860482,1.1673003,1.1681421123599618
174,81,1.0,1.2863046187191762,1.3430935922428062,1.1997838287000102,1.2541498,1.2718865323211366
174,82,1.0,1.214719347493553,1.1129148476547555,1.1997666959586304,1.20506,1.1829291572732699
174,83,3.0,1.6344020684709426,1.5952869977824744,1.2000937590932914,1.6254233,1.5190786374829577
174,84,2.0,1.796719160731568,1.5957999480273126,1.2000883655371901,1.7737604,1.5983223788694096
174,85,1.0,1.7622703789021237,1.593395493754633,1.2001137449238828,1.8000718,1.595749447298767
174,86,1.0,1.320439444144268,1.3427729983397823,1.1997839062909896,1.2598268,1.2818994226703855
174,87,1.0,1.6245705964842807,1.660547382099638,1.199869316552727,1.6255159,1.5330760348529453
174,88,1.0,1.2079505688050878,1.3435103643167372,1.1997837349977325,1.2156147,1.2422818027044524
174,89,1.0,1.6334833545944694,1.6592650064875423,1.1998705532130496,1.6306647,1.5363276186054775
174,90,1.0,1.142879503758128,1.296229223730573,1.1995419353229304,1.1635165,1.200432500910479
174,91,2.0,1.1579776899238532,1.1370984304911764,1.2004954903990281,1.1749771,1.1671486686753103
174,92,1.0,1.1667394750908362,1.1369060741493624,1.2004953318783043,1.202808,1.1764540771079368
174,93,1.0,1.1860340430832692,1.1126583725323362,1.19976823956202,1.20506,1.1756054668574634
174,94,1.0,1.2575446067932698,1.3431897704137132,1.199783806357573,1.2591685,1.2659197910167623
174,95,1.0,1.249615899806289,1.13687401475906,1.2004953057067556,1.202808,1.1974188096819791
174,96,1.0,1.625293528647811,1.6598420755129852,1.199869982747588,1.621523,1.5320567350034626
174,97,3.0,1.2264499550613925,1.111600412652357,1.1997746056376812,1.1906548,1.1818729423872005
174,98,2.0,1.1670807939475727,1.3446324429773209,1.199783523045361,1.1947109,1.2268626175081814
174,99,1.0,1.2763725516779911,1.1125942537517315,1.1997686254447875,1.2220389,1.2028045522465474
174,100,1.0,2.2833947024160826,1.592241355703747,1.2001260142834644,1.7873827,1.7240829808318545
174,101,1.0,1.1984702374716278,1.2950430262893844,1.1995428004616004,1.2127473,1.226824944631237
174,102,1.0,1.1419253729924201,1.343350067365225,1.1997837700759648,1.1943103,1.2200695827029175
174,103,1.0,1.1664430100730698,1.2965818770238993,1.1995417049655492,1.1644905,1.206734454510518
174,104,1.0,1.1762367488796617,1.136489302075431,1.2004949972381445,1.2008309,1.1782449280570075
174,105,1.0,1.214835327556555,1.343798898829459,1.199783674871381,1.2073308,1.2419727947265295
174,106,4.0,1.7256665821952242,1.5937481470479595,1.2001100072021729,1.765352,1.5776713685684784
174,107,3.0,1.6298374354368372,1.6586238186814943,1.199871213896625,1.5996827,1.5272979610357396
174,108,2.0,1.6989181501538004,1.5945496318055195,1.2001015320627781,1.6955403,1.5532009514836351
174,109,1.0,1.665619112242517,1.5951267008309624,1.200095446892932,1.7356517,1.5552048317635476
174,110,1.0,1.3782561413717749,1.3421638699240366,1.1997840668763782,1.3533503,1.3203593004864391
174,111,1.0,1.2470615137392551,1.136553420856036,1.2004950479389969,1.2008309,1.1961842039509119
174,112,1.0,1.6148938085201723,1.65762997758212,1.1998722937567943,1.6656135,1.5401720904421683
174,113,1.0,1.1609436679079268,1.111664531432962,1.1997742198803178,1.1738204,1.160995016148003
174,114,3.0,1.1040377949231768,1.2946903729960582,1.199543084513243,1.1596085,1.1892118366326219
174,115,2.0,1.1221648596757026,1.2970627678784352,1.1995414106804765,1.1669071,1.1962706836578498
174,116,1.0,1.2717998956694618,1.294113303970615,1.1995435759017783,1.1666394,1.2333230683288487
174,117,2.0,1.6258764365241105,1.5939405033897738,1.200107970672896,1.5973891,1.5093947786631672
174,118,1.0,1.6354951905133106,1.5939084439994715,1.2001083099950105,1.5973891,1.5118208847959822
174,119,1.0,1.2245064586242262,1.1364251832948264,1.2004949468289943,1.2008309,1.1904439065529626
174,120,1.0,1.2163226168976773,1.296293342511178,1.199541892524547,1.1644905,1.2192841018228981
174,121,1.0,1.6975778933737933,1.659649719171171,1.1998701703641468,1.7684348,1.58797395179716
174,122,1.0,1.1858014706042777,1.1366816584172454,1.2004951501859578,1.2008309,1.1807141074728245
174,123,3.0,1.6856252350877035,1.5946137505861242,1.2001008552180112,1.6990657,1.5507571122862573
174,124,2.0,1.6486545116020246,1.5940687409509835,1.2001066138685064,1.6231738,1.5218032897705092
174,125,1.0,1.6383099851293503,1.5939725627800763,1.200107631407657,1.6147628,1.5170045050702918
174,126,1.0,1.1762367488796617,1.136489302075431,1.2004949972381445,1.2008309,1.1782449280570075
174,127,1.0,1.2169193713636348,1.34341418614583,1.1997837559016948,1.2156147,1.2445271293855946
174,128,1.0,1.6258764365241105,1.5939405033897738,1.200107970672896,1.5973891,1.5093947786631672
174,129,1.0,1.162000480518633,1.1372907868329913,1.2004956514958267,1.1687737,1.1666246109570535
174,130,1.0,1.6545019298551602,1.6579826308754464,1.1998719028180587,1.6860936,1.5555363654152856
174,131,1.0,1.1861603325269658,1.1124980755808243,1.1997692042556876,1.1786145,1.1688155118520642
174,132,1.0,1.2066609009402274,1.1362648863433142,1.200494822049254,1.2033799,1.1865409086533762
174,133,1.0,1.6788462459049018,1.5935237313158428,1.20011238515351,1.6911229,1.5467316951118004
174,134,1.0,1.207826035227389,1.1346619168281946,1.2004936722108965,1.2092868,1.187944598932779
174,135,1.0,1.6545019298551602,1.6579826308754464,1.1998719028180587,1.6860936,1.5555363654152856
174,136,1.0,1.1803277183226444,1.1358801736596857,1.2004945298573937,1.192668,1.1770326524894708
174,137,1.0,1.1624957453742188,1.1136842730220131,1.1997620645210303,1.1740649,1.1619587247837222
174,138,1.0,1.6145848027634342,1.5931710780225163,1.2001161262208184,1.5964175,1.5060953751629007
174,139,1.0,1.1666196082226283,1.296710114585109,1.1995416242552308,1.1607699,1.2058575158537361
174,140,2.0,1.6507180106794368,1.5942931566831,1.2001042411327758,1.6080896,1.5185135772471925
174,141,1.0,1.5458112780531648,1.5936519688770523,1.2001110260646615,1.5600686,1.47949072883069
174,142,1.0,1.2011016930153766,1.1359763518305928,1.2004946019412581,1.192668,1.1823141066894471
174,143,1.0,1.6185089318630497,1.6585596999008896,1.19987128151476,1.5772818,1.518670572478865
174,144,1.0,1.1416926683363755,1.1119210065553813,1.1997726767545835,1.1643181,1.1537511351574956
174,145,2.0,1.139705767220804,1.296068926779061,1.1995420440915832,1.1635165,1.1995888104387902
174,146,1.0,1.1495005141020245,1.2953315608021059,1.1995425771963844,1.172182,1.2041031343036683
174,147,1.0,1.4276834714526252,1.3418432760210126,1.1997841583133668,1.3604281,1.334601379071405
174,148,2.0,1.7410394807782539,1.5962167201012438,1.20008399157432,1.6434928,1.5509311090326514
174,149,1.0,1.6601713967159102,1.594036681560681,1.200106953006346,1.6769178,1.53849161558635
174,150,1.0,1.1506849951962286,1.1118568877747763,1.1997730625496767,1.1643181,1.1560106145840334
174,151,1.0,1.4346724178380799,1.3414585633373841,1.1997842743248557,1.3642677,1.3372572945803576
174,152,1.0,1.6444109324114993,1.5953190571727767,1.2000934216764867,1.6254233,1.5216195308412508
174,153,1.0,1.1871681340271636,1.135848114269383,1.2004945059710883,1.192668,1.1787555812763126
174,154,4.0,1.7043160460094233,1.5934596125352378,1.2001130649490561,1.8000718,1.5810994878474844
174,155,3.0,1.6503196187156381,1.6600344318547995,1.1998697976770336,1.5986786,1.5325803617469023
174,156,2.0,1.8053115137083255,1.5923695932649564,1.2001246482406087,1.6075764,1.557021735402306
174,157,1.0,1.6787549334372809,1.5934916719255403,1.2001127250213826,1.6414815,1.5339707315245577
174,158,1.0,1.1561930158278515,1.1116324720426596,1.199774412760793,1.1906548,1.1641016666875448
174,159,2.0,1.73757085003031,1.5945816911958217,1.2001011936136214,1.8723685,1.60833560118362
174,160,1.0,1.6448954341085347,1.5941649191218905,1.200105596714778,1.6336982,1.5235749473115472
174,161,1.0,1.3130286315250985,1.1108309872850997,1.19977923405446,1.3334317,1.2402022456179942
174,162,1.0,1.3782561413717749,1.3421638699240366,1.1997840668763782,1.3533503,1.3203593004864391
174,163,1.0,1.6507180106794368,1.5942931566831,1.2001042411327758,1.6080896,1.5185135772471925
174,164,1.0,1.300381331618169,1.1112477593590309,1.1997767271581485,1.284641,1.2245948713990797
174,165,1.0,1.1938329492508313,1.1128186694838482,1.1997672748237889,1.20506,1.1776194075364792
174,166,1.0,1.164266087020744,1.1341169071930541,1.2004933217335714,1.147496,1.1609378504067434
174,167,1.0,1.4003971779254725,1.2944338978736387,1.1995432988333639,1.1768159,1.2685567944565195
174,168,1.0,1.6409925853598544,1.5947419881473337,1.2000995020952943,1.5928975,1.5122691116903564
174,169,1.0,1.4335754235649099,1.3415226821179886,1.1997842545129882,1.3642677,1.3369959086124754
174,170,1.0,1.1749187405831174,1.1351748670730328,1.2004940208120551,1.1867164,1.173959063294731
174,171,1.0,1.6776247368823598,1.6580146902657487,1.1998718676982636,1.6860936,1.5613959677356846
174,172,2.0,1.1657923935000674,1.1115362938717523,1.1997749913912463,1.1906548,1.166506700227661
174,173,1.0,1.1506849951962286,1.1118568877747763,1.1997730625496767,1.1643181,1.1560106145840334
174,174,1.0,1.5482818879776317,1.5932993155837258,1.200114765218322,1.5544634,1.4785902244277818
174,175,2.0,1.1609436679079268,1.111664531432962,1.1997742198803178,1.1738204,1.160995016148003
174,176,1.0,1.4276834714526252,1.3418432760210126,1.1997841583133668,1.3604281,1.334601379071405
174,177,1.0,1.1040377949231768,1.2946903729960582,1.199543084513243,1.1596085,1.1892118366326219
174,178,1.0,1.6266778499042183,1.5947740475376362,1.200099163907706,1.5928975,1.5086546326115364
174,179,1.0,1.1314758927720585,1.1329627691421678,1.2004926470844215,1.1340625,1.1489028579647196
174,180,1.0,1.1705817624103654,1.2952033232408966,1.1995426754066847,1.1671798,1.2081228411089526
174,181,1.0,1.1282871985376508,1.1325459970682368,1.2004924259563066,1.1340625,1.1479903999020098
174,182,1.0,1.3277241196466252,1.1111836405784261,1.1997771128603565,1.270983,1.2279957516076578
174,183,1.0,1.1258186866073203,1.1342130853639614,1.2004933820933146,1.147496,1.1512326379151683
174,184,3.0,1.6299492623952174,1.594132859731588,1.200105935721986,1.6336982,1.5197846106618178
174,185,2.0,1.63798547655001,1.659970313074195,1.199869859089585,1.6244261,1.5360454660261045
174,186,1.0,1.670538944496338,1.594677869366729,1.2001001785789074,1.6463499,1.5334372005434815
174,187,1.0,1.2128253245952079,1.3422921074852465,1.199784031637744,1.271662,1.2575797207070922
174,188,2.0,1.6356920304375568,1.6583994029493776,1.1998714518039366,1.5660717,1.520103760205458
174,189,1.0,1.5813197765184694,1.5929787216807019,1.200118169024351,1.6163131,1.5027310259125346
174,190,1.0,1.1589307201610433,1.2965177582432945,1.1995417459361912,1.1644905,1.2048171651130728
178,1,1.0,1.6788462459049018,1.5935237313158428,1.20011238515351,1.6911229,1.5467316951118004
178,2,1.0,1.1782512372653924,1.1139728075347344,1.199760327509613,1.1769835,1.1667668672199403
178,3,2.0,1.6258764365241105,1.5939405033897738,1.200107970672896,1.5973891,1.5093947786631672
178,4,1.0,1.7160649934189822,1.593555790706145,1.2001120453096752,1.6911229,1.5561583682282825
178,5,1.0,1.1590769233571379,1.296613936414202,1.1995416846395008,1.1607699,1.20392442626131
178,6,1.0,1.6164547964911384,1.659168828316635,1.1998706505165428,1.6350033,1.5331066065431087
178,7,1.0,1.1848519354802596,1.1388616969578083,1.200497063729626,1.1936113,1.1791745752834697
178,8,2.0,1.6444109324114993,1.5953190571727767,1.2000934216764867,1.6254233,1.5216195308412508
178,9,1.0,1.6526838097779677,1.5951587602212647,1.2000951092503656,1.6261276,1.5238535172851597
178,10,1.0,1.1603551797927067,1.2969986490978305,1.1995414485973603,1.1669071,1.2059189753034747
178,11,1.0,1.1838970116125984,1.1145498765601776,1.1997568531668839,1.1817158,1.169554356375224
178,12,1.0,1.6935923584937675,1.6595535410002638,1.1998702651186604,1.6826407,1.5649403486756945
178,13,1.0,1.1627600006002314,1.2960368673887586,1.1995420661528373,1.1635165,1.2054148469602053
178,14,1.0,1.1896914697166563,1.1133957385092912,1.199763801416547,1.2185128,1.1801663347303828
178,15,1.0,1.1449305274172912,1.2974154211717617,1.1995412094107734,1.1723871,1.2035262969994698
178,16,1.0,1.189659437682093,1.113203382167477,1.1997649592755215,1.1931311,1.173601057936588
178,17,1.0,1.2079505688050878,1.3435103643167372,1.1997837349977325,1.2156147,1.2422818027044524
178,18,1.0,1.6527022414281267,1.5960884825400343,1.200085336619684,1.729672,1.5506436366940974
178,19,2.0,1.1708345976550716,1.1143254608280608,1.1997582043482826,1.1738906,1.16418560925912
178,20,1.0,1.1929062269309254,1.1147742922922943,1.199755501933211,1.1872948,1.1733213747136284
178,21,1.0,1.1887617224533453,1.1382205091517603,1.2004964664930924,1.171278,1.174274538161459
178,22,1.0,1.2158129478688313,1.1127224913129412,1.1997678536712526,1.20506,1.1831575025396717
178,23,1.0,1.1452581612593618,1.1394387659832514,1.2004976258488753,1.165429,1.1620741296898713
178,24,1.0,1.1590769233571379,1.296613936414202,1.1995416846395008,1.1607699,1.20392442626131
178,25,1.0,1.6989181501538004,1.5945496318055195,1.2001015320627781,1.6955403,1.5532009514836351
178,26,1.0,1.1893797666680006,1.1148704704632015,1.1997549228147684,1.1872948,1.172453164071117
178,27,1.0,1.1940749026978632,1.3455942246863928,1.1997833883593625,1.2265123,1.2420921995527692
178,28,1.0,1.1989565689670538,1.1381563903711558,1.2004964083517988,1.1898162,1.1815920817399403
178,29,1.0,1.1666196082226283,1.296710114585109,1.1995416242552308,1.1607699,1.2058575158537361
178,30,2.0,1.2029668361747774,1.1125301349711267,1.1997690113160722,1.1786145,1.1730766620103885
178,31,1.0,1.164816204102289,1.1142292826571536,1.1997587834092098,1.1573049,1.1583852037902747
178,32,3.0,1.625293528647811,1.6598420755129852,1.199869982747588,1.621523,1.5320567350034626
178,33,2.0,1.6507180106794368,1.5942931566831,1.2001042411327758,1.6080896,1.5185135772471925
178,34,1.0,1.6334833545944694,1.6592650064875423,1.1998705532130496,1.6306647,1.5363276186054775
178,35,1.0,1.1725007417936868,1.3441194927324829,1.199783612627494,1.1971539,1.2287309165243463
178,36,2.0,1.5458112780531648,1.5936519688770523,1.2001110260646615,1.5600686,1.47949072883069
178,37,1.0,1.627370651852854,1.6609641541735691,1.1998689389608492,1.700251,1.553054742168965
178,38,1.0,1.1805636226896652,1.1389258157384132,1.2004971250352967,1.1936113,1.1781056079766146
178,39,2.0,1.6118800504450541,1.6575017400209104,1.1998724380413341,1.6433843,1.5336766560277135
178,40,1.0,1.5826559677715926,1.6606115008802427,1.1998692576988754,1.6050233,1.5172302147361272
178,41,5.0,1.2162408304548848,1.293953007019103,1.1995437182506399,1.1666394,1.219222663689572
178,42,4.0,1.1529906465396835,1.2977039556844832,1.1995410538873428,1.171293,1.2053583959768024
178,43,3.0,1.1410355504212701,1.2959727486081538,1.1995421105774098,1.1635165,1.1999010044537775
178,44,2.0,1.174346032473109,1.295844511046944,1.1995422006426717,1.1717614,1.2104124483436847
178,45,1.0,1.1646061177235811,1.2966780551948065,1.1995416442783233,1.1607699,1.205339870204891
178,46,1.0,1.1693001314271694,1.1390540532996227,1.2004972485110714,1.1586083,1.1663117182099596
178,47,1.0,1.1532928939463942,1.2980886683681119,1.1995408593207773,1.1516759,1.2005016802810786
178,48,1.0,1.665619112242517,1.5951267008309624,1.200095446892932,1.7356517,1.5552048317635476
178,49,1.0,1.2276581230263663,1.1134277978995937,1.1997636084326009,1.2185128,1.189782309055305
178,50,1.0,1.6040105201525652,1.6584635217299823,1.1998713834748858,1.5660717,1.5121025920448006
178,51,1.0,1.1670807939475727,1.3446324429773209,1.199783523045361,1.1947109,1.2268626175081814
178,52,1.0,1.6266778499042183,1.5947740475376362,1.200099163907706,1.5928975,1.5086546326115364
178,53,1.0,1.1942815232994386,1.1153834207080398,1.1997518340421538,1.1784981,1.1715668883990804
178,54,2.0,1.6999185129366248,1.5944855130249145,1.2001022090586855,1.7141206,1.5582026860528884
178,55,1.0,1.5482818879776317,1.5932993155837258,1.200114765218322,1.5544634,1.4785902244277818
178,56,1.0,1.1687790490511845,1.1141651638765488,1.1997591694395402,1.1573049,1.15937191385631
178,57,1.0,1.171143080998985,1.137162549271781,1.2004955438138645,1.1749771,1.1704965640697185
178,58,1.0,1.6569723758683623,1.5948702257085432,1.200098149663453,1.6283349,1.525432529641264
178,59,1.0,1.1669319672187966,1.2952674420215011,1.1995426261035276,1.1671798,1.2072154319102273
178,60,1.0,1.2141674252771002,1.1130110258256625,1.1997661170808154,1.2066385,1.1832184635881366
178,61,2.0,1.6239492251003906,1.6593932440487515,1.1998704244694187,1.6188318,1.530912933650284
178,62,1.0,1.6601713967159102,1.594036681560681,1.200106953006346,1.6769178,1.53849161558635
178,63,1.0,1.1796819736231487,1.1369381335396649,1.2004953581164126,1.202808,1.1797374474710587
178,64,1.0,1.2259241973930697,1.343253889194318,1.1997837917019263,1.2591685,1.2579340978962414
178,65,1.0,1.151753319470013,1.1370663711008742,1.2004954638015086,1.1749771,1.1655653993714266
178,66,2.0,1.6601713967159102,1.594036681560681,1.200106953006346,1.6769178,1.53849161558635
178,67,1.0,1.6932160209809042,1.6610282729541739,1.1998688819194607,1.7047309,1.5708827178829667
178,68,2.0,1.2002529265942214,1.1399517162280897,1.2004981451123586,1.2040194,1.1860171121286631
178,69,1.0,1.1200889562682492,1.1387334593965985,1.200496941986097,1.1608044,1.1543401947173555
178,70,1.0,1.6541293114767854,1.5938443252188668,1.200108988747812,1.6307818,1.525083474412114
178,71,1.0,1.320185551914392,1.3445042054161114,1.1997835442861526,1.2311598,1.2749219689191862
178,72,2.0,1.5800819653501312,1.596793789126687,1.2000779476349133,1.4974122,1.4728832226525075
178,73,1.0,1.7351881609925968,1.6601947288063115,1.199869645381723,1.7618678,1.595945457760902
178,74,1.0,1.2016049393677266,1.1117927689941716,1.199773448334138,1.1643181,1.168880369571166
178,75,1.0,1.1694663484998138,1.3449530368803448,1.199783473324229,1.186647,1.2254795941855772
178,76,1.0,1.1617713067784192,1.1137483918026176,1.1997616785274745,1.1699439,1.1607347709058184
178,77,3.0,1.6601713967159102,1.594036681560681,1.200106953006346,1.6769178,1.53849161558635
178,78,2.0,1.6717357395631567,1.5947099287570312,1.2000998403078065,1.6893388,1.5447720051181546
178,79,1.0,1.6125187227823958,1.5941008003412858,1.2001062747702174,1.5391598,1.4911225187977402
178,80,1.0,1.4302214268840905,1.3421318105337343,1.1997840758047535,1.3533503,1.333501614890462
178,81,1.0,1.208129838056029,1.1131713227771745,1.1997651522469928,1.1931311,1.178267142307702
178,82,1.0,1.714516891023449,1.6596817785614733,1.1998701389158646,1.7684348,1.5922686694620163
178,83,1.0,1.1601855357792195,1.2967742333657137,1.1995415845012174,1.1750033,1.2078954351166444
178,84,1.0,1.1976784282531596,1.1147422329019918,1.1997556949686798,1.1872948,1.174520969087479
178,85,1.0,1.7043160460094233,1.5934596125352378,1.2001130649490561,1.8000718,1.5810994878474844
178,86,1.0,1.1553066358564112,1.1352710452439405,1.2004940881980424,1.1867164,1.1690203450690229
178,87,2.0,1.6195186385897566,1.658687937462099,1.1998711465526137,1.5996827,1.5247028784266123
178,88,1.0,1.6486995675776919,1.5949343444891482,1.2000974736995584,1.6406729,1.5265189678856756
178,89,1.0,1.1985909287171637,1.1148063516825966,1.1997553088936355,1.1872948,1.1747680223776251
178,90,1.0,1.1995688774783066,1.1373869650038984,1.2004957330112556,1.183132,1.1798381103527338
178,91,1.0,1.2228114152873832,1.344311849074297,1.1997835775924242,1.1937002,1.2406256271199103
178,92,1.0,1.175657219066553,1.2958124516566418,1.1995422234114523,1.1717614,1.2107361518986768
178,93,1.0,1.1681838269418494,1.1137804511929201,1.1997614855297487,1.1699439,1.1623656015607333
178,94,1.0,1.1816478466877212,1.3444400866355064,1.1997835551962162,1.2311598,1.2398471535123363
178,95,1.0,1.2199116941894639,1.2972551242202495,1.1995412993690346,1.1723871,1.222460617457797
178,96,1.0,1.6569723758683623,1.5948702257085432,1.200098149663453,1.6283349,1.525432529641264
178,97,2.0,1.2014412568611215,1.343895077000366,1.1997836556934027,1.2073308,1.2386076024245642
178,98,1.0,1.18427481970648,1.3426447607785725,1.1997839386663176,1.2450023,1.2436073976519948
178,99,6.0,1.7009979723964577,1.594453453634612,1.2001025476161822,1.7277116,1.5619530261078838
178,100,5.0,1.6515503333084272,1.65990619429359,1.1998699207748802,1.626861,1.5400863892996361
178,101,4.0,1.6547668921339624,1.6592970658778445,1.199870520923126,1.6306647,1.541721772870909
178,102,3.0,1.5458112780531648,1.5936519688770523,1.2001110260646615,1.5600686,1.47949072883069
178,103,2.0,1.6249515691216054,1.593139018632214,1.2001164665789699,1.6457299,1.5213562280639272
178,104,1.0,1.673308037651484,1.6570208491663745,1.199872989173482,1.6478754,1.5502518457548264
178,105,1.0,1.2472487134802384,1.3434462455361322,1.1997837488845537,1.2156147,1.2522104366486433
178,106,1.0,1.1909792097860765,1.1132995603383842,1.1997643803551135,1.2022048,1.1762860894327212
178,107,1.0,1.1509429406379856,1.296165104949968,1.1995419785177293,1.1635165,1.2024568324802245
178,108,1.0,1.749660213480817,1.6581429278269584,1.199871727929713,1.8031545,1.6096764368705319
178,109,1.0,1.2321065762213887,1.3433821267555275,1.1997837629643524,1.1943103,1.242899105733655
178,110,1.0,1.139705767220804,1.296068926779061,1.1995420440915832,1.1635165,1.1995888104387902
178,111,1.0,1.6266778499042183,1.5947740475376362,1.200099163907706,1.5928975,1.5086546326115364
178,112,1.0,1.428454693136017,1.3414265039470816,1.1997842843007305,1.3642677,1.3356757157459562
178,113,1.0,1.1873274354001366,1.1353992828051496,1.200494179042209,1.1898227,1.1779526142063113
178,114,2.0,1.2535071718101798,1.3431256516331085,1.199783821208185,1.2541498,1.263594864743053
178,115,1.0,1.1909792097860765,1.1132995603383842,1.1997643803551135,1.2022048,1.1762860894327212
178,116,2.0,1.1895795821583404,1.1357839954887785,1.2004944584120179,1.192668,1.1793495892209107
178,117,1.0,1.1513275547725632,1.133058947313075,1.20049269980723,1.1556079,1.1594759282630194
178,118,1.0,1.208815527370304,1.3439271363906684,1.1997836493970588,1.2014924,1.2389846803509001
178,119,1.0,1.6480847621789207,1.6577261557530272,1.19987218628728,1.6656135,1.5485957642440897
178,120,1.0,1.1970008673086914,1.1135560354608032,1.1997628364878061,1.206647,1.1790136121614947
178,121,1.0,1.6657183416309862,1.6576620369724224,1.1998722578591023,1.6656135,1.5530419394310644
178,122,1.0,1.1603551797927067,1.2969986490978305,1.1995414485973603,1.1669071,1.2059189753034747
178,123,1.0,1.2106734482107313,1.343702720658552,1.1997836944817406,1.2029234,1.2397650246875276
178,124,1.0,1.1891434572799993,1.2972230648299472,1.1995413176695175,1.1723871,1.2146662453962986
178,125,2.0,1.637026977057564,1.6599382536838925,1.1998698898947675,1.626861,1.536419189247793
178,126,1.0,1.6645194617143122,1.593876384609169,1.2001086493497122,1.763314,1.5617068882807694
178,127,1.0,1.1989109406897773,1.1356878173178713,1.2004943876095278,1.192668,1.181686643170591
178,128,1.0,1.18427481970648,1.3426447607785725,1.1997839386663176,1.2450023,1.2436073976519948
178,129,4.0,1.3561542846195425,1.5916322272880015,1.2001325124478968,1.4824979,1.411097895627206
178,130,3.0,1.73757085003031,1.5945816911958217,1.2001011936136214,1.8723685,1.60833560118362
178,131,2.0,1.7566611343214578,1.5936199094867498,1.2001113657679758,1.7806064,1.5893945376803496
178,132,1.0,1.6329220546969427,1.6582391059978656,1.1998716238562734,1.6742713,1.5471085213336213
178,133,1.0,1.2856720353815063,1.1107348091141924,1.1997798125082044,1.3334317,1.2332551362797353
178,134,2.0,1.651591532856273,1.5928504841194924,1.200119531769465,1.6580455,1.5311836761576743
178,135,1.0,1.6195186385897566,1.658687937462099,1.1998711465526137,1.5996827,1.5247028784266123
178,136,1.0,1.4882556574851291,1.1096768492342137,1.199786173990719,1.3137271,1.2792020966353297
178,137,1.0,1.3624836051222684,1.591760464849211,1.200131143116954,1.4824979,1.412731731337113
178,138,1.0,1.142190933438374,1.2956521547051298,1.199542338797665,1.1381602,1.1936100411251997
178,139,1.0,1.6532967490733848,1.657309383679096,1.1998726565802047,1.6433843,1.5441090114831058
178,140,1.0,1.1300358735506921,1.132481878287632,1.2004923929933862,1.1340625,1.1484166887974279
178,141,1.0,1.3704118090562885,1.5924337120455614,1.2001239654726874,1.6075764,1.4469813256736503
178,142,1.0,1.168089637358588,1.295171263850594,1.199542700209996,1.2041365,1.2169610918149862
178,143,1.0,1.3210108298911012,1.3413944445567791,1.1997842943273327,1.3228239,1.2978499877431047
178,144,1.0,1.3053975929118564,1.5917284054589087,1.2001314853802045,1.4824979,1.3982774143299561
178,145,1.0,1.237703523403387,1.3418112166307103,1.1997841677205978,1.3604281,1.286516613113978
178,146,1.0,1.1936078998227584,1.295427738973013,1.1995425046113317,1.1824814,1.2179304890361031
180,1,1.0,1.2765018854664658,1.1398875974474847,1.2004980791941129,1.2040194,1.2052965642582438
180,2,1.0,1.1510878730578524,1.3472933723724199,1.19978325695803,1.1700324,1.2171603036833223
180,3,2.0,1.6964860585091739,1.5943893348540072,1.2001032249003727,1.6980873,1.5531984667747167
180,4,1.0,1.6816285979615382,1.594357275463705,1.2001035636019515,1.6980873,1.5494305794538814
180,5,2.0,1.1970008673086914,1.1135560354608032,1.1997628364878061,1.206647,1.1790136121614947
180,6,1.0,1.2276581230263663,1.1134277978995937,1.1997636084326009,1.2185128,1.189782309055305
180,7,1.0,1.635771785366449,1.596409076443058,1.2000819753447927,1.6928794,1.5370045796312732
180,8,1.0,1.3268707599329093,1.29860161861295,1.1995406226722454,1.3055766,1.2840229840336175
180,9,4.0,1.6717357395631567,1.5947099287570312,1.2000998403078065,1.6893388,1.5447720051181546
180,10,3.0,1.7206226509320985,1.5954793541242887,1.200091735200249,1.7215296,1.5655910552141044
180,11,2.0,1.7206226509320985,1.5954793541242887,1.200091735200249,1.7215296,1.5655910552141044
180,12,1.0,1.385797109907636,1.6628877175917127,1.1998673506361472,1.5293059,1.4485716811649618
180,13,1.0,1.164509213934268,1.1158643115625757,1.1997489381187438,1.1576169,1.158798961140276
180,14,2.0,1.1843181891088805,1.346652184566372,1.1997832905121573,1.188075,1.2300341239181611
180,15,1.0,1.2629527897150297,1.348030738349375,1.1997832424729962,1.1700324,1.2456556292035117
180,16,1.0,1.6497814421376986,1.5950305226600552,1.2000964601105981,1.5927073,1.5145167433831432
180,17,1.0,1.1539173890599288,1.1401440725699041,1.2004983445972504,1.1787317,1.1678553986951665
180,18,1.0,1.1976784282531596,1.1147422329019918,1.1997556949686798,1.1872948,1.174520969087479
180,19,1.0,1.1868056901849668,1.1396952411056707,1.2004978831717186,1.1656498,1.1727098089775205
180,20,1.0,1.7160649934189822,1.593555790706145,1.2001120453096752,1.6911229,1.5561583682282825
180,21,1.0,1.219876992453752,1.298665737393555,1.1995405949206577,1.3055766,1.2569631750680357
180,22,2.0,1.6042429569672942,1.596473195223663,1.2000813036130638,1.6928794,1.5290419061411649
180,23,1.0,1.6497814421376986,1.5950305226600552,1.2000964601105981,1.5927073,1.5145167433831432
180,24,1.0,1.155678067114136,1.296806292756016,1.1995415647802636,1.176445,1.2071326032116598
180,25,3.0,1.5965162910159112,1.5958961261982199,1.20008735549997,1.6252414,1.5095971829104224
180,26,2.0,1.6601713967159102,1.594036681560681,1.200106953006346,1.6769178,1.53849161558635
180,27,1.0,1.6307692611881408,1.6590726501457278,1.1998707484476638,1.6465442,1.5396642238691796
180,28,1.0,1.1791586777577943,1.1146139953407823,1.1997564671059282,1.1817158,1.1683713997342504
180,29,1.0,1.0264952881128426,1.1426126456231884,1.2005011360449567,1.1294202,1.1235898603909162
180,30,1.0,1.162513493553428,1.295748332876037,1.1995422692668607,1.1748031,1.2081737789836138
180,31,2.0,1.689256000433719,1.6611565105153834,1.1998687686988776,1.7047309,1.5699130133508863
180,32,1.0,1.6541293114767854,1.5938443252188668,1.200108988747812,1.6307818,1.525083474412114
180,33,1.0,1.1078732940916038,1.2979283714166,1.1995409386141456,1.1516759,1.188967171361388
180,34,1.0,2.8991281523311763,1.6619259358826408,1.1998681130630973,1.70775,1.8770541198880555
180,35,1.0,1.2124632235126784,1.3454659871251833,1.199783403805533,1.2265123,1.2467131315618014
180,36,1.0,1.0264952881128426,1.1426447050134907,1.2005011751272432,1.1294202,1.1235979826755584
180,37,1.0,1.180781412511536,1.115800192781971,1.199749324251507,1.1576169,1.16290069761122
180,38,1.0,1.174838548323692,1.2971589460493425,1.1995413545723521,1.1723871,1.211030003075396
180,39,1.0,1.6258764365241105,1.5939405033897738,1.200107970672896,1.5973891,1.5093947786631672
180,40,1.0,1.172178743247199,1.1409134979371618,1.2004991685654742,1.1294202,1.160026311824539
180,41,1.0,1.6133633282310609,1.596889967297594,1.200076941708524,1.4974122,1.4813295622388396
180,42,2.0,1.179550245618828,1.1138766293638274,1.1997609065240746,1.1672432,1.164573662354571
180,43,1.0,1.2155468853375817,1.1152872425371325,1.199752413202278,1.2012899,1.182768759154446
180,44,1.0,1.176188285712903,1.3465560063954647,1.199783297224876,1.188075,1.227952419042033
180,45,1.0,1.5831381660855954,1.5969220266878965,1.2000766064883301,1.4974122,1.4736887636887803
180,46,1.0,1.1008354742124289,1.1170184496134619,1.1997419873597568,1.1576169,1.1429759919043656
180,47,1.0,1.09132535634987,1.1408814385468593,1.200499133400741,1.1294202,1.1395572921362804
180,48,1.0,1.6266778499042183,1.5947740475376362,1.200099163907706,1.5928975,1.5086546326115364
180,49,1.0,1.2016850240352956,1.345369808954276,1.1997834158935388,1.1771342,1.2312989242328625
180,50,1.0,1.6409925853598544,1.5947419881473337,1.2000995020952943,1.5928975,1.5122691116903564
180,51,1.0,1.180185240773691,1.1398555380571826,1.2004980463426778,1.1656498,1.1710750303339066
180,52,2.0,1.5407083206533545,1.6618938764923386,1.1998681395730542,1.70775,1.5332819343039472
180,53,1.0,1.6091180359435442,1.6618618171020363,1.1998681661486261,1.70775,1.5505857088216752
180,54,1.0,1.1653919624489935,1.1140689857056416,1.1997597484812703,1.1717896,1.1622049827697054
180,55,1.0,1.190837805738349,1.1404967258632306,1.2004987170782517,1.1529022,1.1706642789239696
180,56,1.0,1.1973775477574842,1.2981207277584144,1.199540843767034,1.1932194,1.2223191561217712
180,57,1.0,1.1783301167227072,1.3456583434669978,1.1997833809270952,1.1772541,1.2254924556162234
180,58,1.0,1.177695795176555,1.29712688665904,1.1995413731711564,1.1669071,1.2103396556213895
180,59,1.0,1.5592373332112717,1.6594573628293565,1.199870360511831,1.5205693,1.4893550282750523
180,60,1.0,1.149062960187214,1.2977360150747854,1.1995410371126474,1.171293,1.2043725578775386
180,61,2.0,1.7163154105544722,1.6609320947832666,1.1998689675774357,1.700251,1.5755551508764043
180,62,1.0,1.665619112242517,1.5951267008309624,1.200095446892932,1.7356517,1.5552048317635476
180,63,2.0,1.0586087604957406,1.1416829233044192,1.2005000342362082,1.1294202,1.131481012658254
180,64,1.0,1.1072578331050373,1.1409455573274638,1.2004992038005686,1.1294202,1.1436054350654992
180,65,4.0,1.6686669780596843,1.5936840282673546,1.200110686401031,1.5600686,1.5105888377306733
180,66,3.0,1.6299492623952174,1.594132859731588,1.200105935721986,1.6336982,1.5197846106618178
180,67,2.0,1.6137169675985765,1.5948061069279384,1.2000988257846814,1.5363746,1.4908882534696644
180,68,1.0,1.6030118493518952,1.5931069592419114,1.2001168069794945,1.6457299,1.5157960923431038
180,69,1.0,1.2216192722769712,1.2993069251996028,1.1995403397527513,1.3055766,1.2575662789333495
180,70,1.0,1.6195186385897566,1.658687937462099,1.1998711465526137,1.5996827,1.5247028784266123
180,71,1.0,1.1728981169226673,1.1400158350086949,1.2004982113183338,1.2040194,1.1791108982742744
180,72,3.0,1.6826195659916972,1.5955114135145911,1.2000913980318473,1.7215296,1.5559819615676518
180,73,2.0,1.6856252350877035,1.5946137505861242,1.2001008552180112,1.6990657,1.5507571122862573
180,74,1.0,1.6307692611881408,1.6590726501457278,1.1998707484476638,1.6465442,1.5396642238691796
180,75,1.0,1.1529906465396835,1.2977039556844832,1.1995410538873428,1.171293,1.2053583959768024
180,76,1.0,1.1900136759493962,1.3448889180997403,1.1997834828791212,1.186647,1.230663112769553
180,77,1.0,1.2120411181256776,1.11525518314683,1.1997526062565262,1.2012899,1.1818735164568208
180,78,1.0,1.8711126645271718,1.6613809262475003,1.1998685732817285,1.6894388,1.6120692716588698
180,79,1.0,1.1462076523788356,1.1404646664729283,1.2004986828557436,1.1529022,1.1593619737701153
180,80,1.0,1.1893181339821637,1.343991255171273,1.1997836369483321,1.2014924,1.234066859214579
180,81,2.0,1.6464311335412385,1.5938122658285643,1.2001093281874209,1.6307818,1.523127327742583
180,82,1.0,1.7566611343214578,1.5936199094867498,1.2001113657679758,1.7806064,1.5893945376803496
180,83,1.0,1.2221074295397416,1.3471330754209077,1.1997832635204986,1.1679827,1.2345664488084125
180,84,6.0,2.0925288239492223,1.6619579952729433,1.1998680866305877,1.70775,1.6729428014764254
180,85,5.0,1.6044995335161207,1.6608359166123594,1.1998690538742685,1.6017718,1.521980918634977
180,86,4.0,1.5961453205718041,1.596152601320639,1.200084664015103,1.6434928,1.514247875177203
180,87,3.0,1.6657266322143993,1.5961205419303368,1.2000850002903631,1.6434928,1.5318482094353745
180,88,2.0,1.6318114189284005,1.659425303439054,1.1998703924589302,1.5205693,1.507712646871817
180,89,1.0,1.737201507185827,1.5956396510758006,1.2000900498148435,1.7762643,1.583862664153016
180,90,1.0,1.279945033525876,1.1401120131796019,1.2004983111689476,1.1787317,1.1997400520648749
180,91,1.0,1.6095204950290156,1.5925940089970732,1.2001222593304954,1.5261294,1.4866448000464378
180,92,1.0,1.1647610805324786,1.139086112689925,1.20049727956063,1.1586083,1.1651711784946102
180,93,2.0,1.1576896430688142,1.298441321661438,1.1995406938259257,1.1932194,1.21235676056703
180,94,1.0,1.155678067114136,1.296806292756016,1.1995415647802636,1.176445,1.2071326032116598
180,95,1.0,1.206413066026052,1.1149345892438063,1.1997545367316322,1.2129347,1.1833547630552381
180,96,1.0,1.1529475192655811,1.297768074465088,1.1995410204377885,1.171293,1.2053637001815656
180,97,1.0,1.1896914697166563,1.1133957385092912,1.199763801416547,1.2185128,1.1801663347303828
180,98,1.0,1.2025548644625637,1.2991786876383933,1.1995403875360149,1.3055766,1.2527093661493678
180,99,2.0,1.702927132995622,1.661445045028105,1.1998685180821786,1.746073,1.5840472213534675
180,100,1.0,2.0925288239492223,1.6619579952729433,1.1998680866305877,1.70775,1.6729428014764254
180,101,1.0,1.1895405664792986,1.2957162734857348,1.1995422923425585,1.1748031,1.2150051894126754
180,102,1.0,1.1785228216490968,1.1144536983892703,1.1997574322533067,1.1880307,1.1697895218166448
180,103,2.0,1.5234159559804399,1.5969861454685013,1.200075936183633,1.440125,1.4439009060804837
180,104,1.0,1.6137169675985765,1.5948061069279384,1.2000988257846814,1.5363746,1.4908882534696644
180,105,1.0,1.1499009292635085,1.3468445409081862,1.199783278399299,1.1679827,1.216220733090103
180,106,1.0,1.7160649934189822,1.593555790706145,1.2001120453096752,1.6911229,1.5561583682282825
180,107,1.0,1.1891434572799993,1.2972230648299472,1.1995413176695175,1.1723871,1.2146662453962986
180,108,1.0,1.6950189614820657,1.5943252160734025,1.200103902334295,1.7501124,1.5661522345205843
180,109,4.0,1.174020620047014,1.2954918577536179,1.1995424567258655,1.1824814,1.2129899126804988
180,110,3.0,1.1666196082226283,1.296710114585109,1.1995416242552308,1.1607699,1.2058575158537361
180,111,2.0,1.1603551797927067,1.2969986490978305,1.1995414485973603,1.1669071,1.2059189753034747
180,112,1.0,1.175699264472206,1.2984092622711358,1.1995407083670033,1.1932194,1.2169061970459796
180,113,1.0,1.1820316222874074,1.114357520218363,1.199758011323549,1.1738906,1.167027214907564
180,114,1.0,1.151807983534213,1.3452415713930665,1.1997834326949595,1.1714095,1.2171764732197903
180,115,1.0,1.1259820435078844,1.11605666790439,1.1997477797043115,1.1576169,1.149097611539092
180,116,1.0,1.677922192147264,1.5959281855885223,1.2000870189069046,1.6252414,1.5302059345387062
180,117,2.0,1.176592528005252,1.2968383521463185,1.1995415451696643,1.176445,1.2124333613108518
180,118,1.0,1.2909123459074747,1.2978001338553904,1.1995410038643917,1.171293,1.2402854275904311
180,119,1.0,1.1892105736111047,1.1149025298535038,1.199754729773843,1.2129347,1.1789934033169938
180,120,2.0,1.1711023091270283,1.296485698852992,1.199541766569258,1.1644905,1.207889220423443
180,121,1.0,1.1666196082226283,1.296710114585109,1.1995416242552308,1.1607699,1.2058575158537361
180,122,1.0,1.6395640463323826,1.5951908196115672,1.2000947716535608,1.6261276,1.5205414400362374
180,123,1.0,1.219879512816988,1.3463636500536502,1.1997833119588373,1.188075,1.2389603222272523
180,124,2.0,1.5840613823230143,1.6606435602705452,1.199869228363115,1.6050233,1.517593977419712
180,125,1.0,1.6409925853598544,1.5947419881473337,1.2000995020952943,1.5928975,1.5122691116903564
180,126,3.0,1.2002529265942214,1.1399517162280897,1.2004981451123586,1.2040194,1.1860171121286631
180,127,2.0,1.1621086323408223,1.1393746472026465,1.2004975622416678,1.180394,1.1701596834664505
180,128,1.0,1.1548905192159102,1.1404326070826258,1.200498648703409,1.1529022,1.161551153998843
180,129,2.0,1.6486995675776919,1.5949343444891482,1.2000974736995584,1.6406729,1.5265189678856756
180,130,1.0,1.63798547655001,1.659970313074195,1.199869859089585,1.6244261,1.5360454660261045
180,131,1.0,1.1590769233571379,1.296613936414202,1.1995416846395008,1.1607699,1.20392442626131
180,132,1.0,1.0629555152807908,1.1412340918401855,1.2004995241867595,1.1294202,1.1324673067885591
180,133,1.0,1.0836177792413364,1.1160246085140877,1.199747972775991,1.1576169,1.1383687701783158
180,134,2.0,1.689256000433719,1.6611565105153834,1.1998687686988776,1.7047309,1.5699130133508863
180,135,1.0,1.6122336189381579,1.6605153227093354,1.1998693460953958,1.6255159,1.529945911925528
180,136,1.0,1.1446440546551857,1.2978963120262974,1.1995409547753424,1.1516759,1.1982643346433381
180,137,2.0,1.1936884010226014,1.1396631817153686,1.2004978507538004,1.1656498,1.174443439018361
180,138,1.0,1.1106758484019659,1.13982347866688,1.2004980135652927,1.1656498,1.1534767421440617
180,139,1.0,1.1590769233571379,1.296613936414202,1.1995416846395008,1.1607699,1.20392442626131
180,140,1.0,1.1452581612593618,1.1394387659832514,1.2004976258488753,1.165429,1.1620741296898713
180,141,1.0,1.1642002232080095,1.2975757181232734,1.1995411219901746,1.1723871,1.2084432639082274
180,142,1.0,1.164867643575325,1.1141972232668511,1.1997589764212349,1.1573049,1.158390153976526
180,143,1.0,1.09132535634987,1.1408814385468593,1.200499133400741,1.1294202,1.1395572921362804
180,144,1.0,1.1692471701285996,1.3462354124924407,1.1997833227531136,1.188075,1.2261147643046941
180,145,1.0,1.7596638755459244,1.595992304369127,1.2000863458668196,1.729672,1.577687433977528
180,146,1.0,1.2378732879963075,1.1399837756183917,1.2004981781806865,1.2040194,1.1955455068967724
180,147,1.0,1.5592373332112717,1.6594573628293565,1.199870360511831,1.5205693,1.4893550282750523
180,148,1.0,1.1708345976550716,1.1143254608280608,1.1997582043482826,1.1738906,1.16418560925912
180,149,1.0,1.6959361548474345,1.6609000353929642,1.1998689962798894,1.700251,1.57038983488822
180,150,1.0,1.219879512816988,1.3463636500536502,1.1997833119588373,1.188075,1.2389603222272523
180,151,1.0,1.627370651852854,1.6609641541735691,1.1998689389608492,1.700251,1.553054742168965
180,152,1.0,1.1687790490511845,1.1141651638765488,1.1997591694395402,1.1573049,1.15937191385631
180,153,1.0,1.1828371666541877,1.3451133338318573,1.199783450269119,1.1812984,1.2275322038874208
180,154,1.0,1.7351881609925968,1.6601947288063115,1.199869645381723,1.7618678,1.595945457760902
180,155,1.0,1.1550983043866636,1.139406706592949,1.2004975940082472,1.180394,1.168393758262088
180,156,5.0,1.6497814421376986,1.5950305226600552,1.2000964601105981,1.5927073,1.5145167433831432
180,157,4.0,1.6657266322143993,1.5961205419303368,1.2000850002903631,1.6434928,1.5318482094353745
180,158,3.0,1.6258764365241105,1.5939405033897738,1.200107970672896,1.5973891,1.5093947786631672
180,159,2.0,1.6448954341085347,1.5941649191218905,1.200105596714778,1.6336982,1.5235749473115472
180,160,1.0,1.6405668764300332,1.5949022850988457,1.200097811659454,1.6283349,1.5212889582460065
180,161,1.0,1.1681838269418494,1.1137804511929201,1.1997614855297487,1.1699439,1.1623656015607333
180,162,2.0,1.5221619566699258,1.5973067393715252,1.200072587290378,1.440125,1.4436639017256534
180,163,1.0,1.782161449073157,1.5956075916854984,1.2000903868027868,1.7762643,1.5952322720427403
180,164,1.0,1.1270000281752588,1.1387014000062965,1.2004969117275397,1.1608044,1.1560810023723258
180,165,1.0,1.1860325779213523,1.3455621652960905,1.1997833921480499,1.2265123,1.2400488827895486
180,166,1.0,1.121267939888101,1.1161849054655997,1.199747007419046,1.1576169,1.1479369209479127
180,167,1.0,1.1539173890599288,1.1401440725699041,1.2004983445972504,1.1787317,1.1678553986951665
180,168,2.0,1.637026977057564,1.6599382536838925,1.1998698898947675,1.626861,1.536419189247793
180,169,1.0,1.677922192147264,1.5959281855885223,1.2000870189069046,1.6252414,1.5302059345387062
180,170,2.0,1.1630127008329436,1.3467483627372792,1.1997832842374618,1.1679827,1.2195144831181621
180,171,1.0,1.181761836932969,1.3461392343215335,1.1997833313569097,1.1983749,1.2318987010481157
180,172,1.0,1.1653919624489935,1.1140689857056416,1.1997597484812703,1.1717896,1.1622049827697054
180,173,2.0,1.625293528647811,1.6598420755129852,1.199869982747588,1.621523,1.5320567350034626
180,174,1.0,1.6950189614820657,1.5943252160734025,1.200103902334295,1.7501124,1.5661522345205843
180,175,1.0,1.1701482974740927,1.1142934014377583,1.199758397368022,1.1738906,1.1640038657706997
180,176,2.0,1.21764523345437,1.3436065424876444,1.1997837145220964,1.185923,1.2371454689767503
180,177,1.0,1.1504888857191586,1.3452095120027643,1.1997834370169735,1.1812984,1.2193704276719217
180,178,1.0,1.7191137392183062,1.5959602449788248,1.200086682362197,1.6252414,1.5406379719855043
180,179,1.0,1.1940749026978632,1.3455942246863928,1.1997833883593625,1.2265123,1.2420921995527692
180,180,1.0,1.6409925853598544,1.5947419881473337,1.2000995020952943,1.5928975,1.5122691116903564
180,181,1.0,1.1926127509425903,1.1140369263153391,1.199759941492091,1.1769835,1.170417351135681
180,182,1.0,1.7155569500766967,1.6612526886862906,1.199868684525253,1.6894388,1.5726716471323807
180,183,1.0,1.2328269456532555,1.1389578751287155,1.2004971557969917,1.1936113,1.1913395754489782
180,184,1.0,1.6989181501538004,1.5945496318055195,1.2001015320627781,1.6955403,1.5532009514836351
180,185,1.0,1.1791698268314412,1.3464918876148602,1.1997833019409005,1.188075,1.228690708119109
180,186,1.0,1.6040105201525652,1.6584635217299823,1.1998713834748858,1.5660717,1.5121025920448006
180,187,1.0,1.1164019112625763,1.296133045559666,1.1995420002779371,1.1635165,1.1937077118346147
180,188,1.0,1.6786980416982942,1.5942290379024955,1.2001049188321018,1.7540394,1.5630049570669975
180,189,2.0,1.1452581612593618,1.1394387659832514,1.2004976258488753,1.165429,1.1620741296898713
180,190,1.0,1.1528659201319813,1.137867855858434,1.2004961502581193,1.1383672,1.1566618549605048
180,191,1.0,1.6788462459049018,1.5935237313158428,1.20011238515351,1.6911229,1.5467316951118004
180,192,1.0,1.1866468029788133,1.1147101735116896,1.1997558880074635,1.1872948,1.1717212196908002
180,193,1.0,1.5840613823230143,1.6606435602705452,1.199869228363115,1.6050233,1.517593977419712
180,194,1.0,1.2125972612341003,1.346331590663348,1.19978331458184,1.188075,1.2371093506280264
180,195,1.0,1.0808354742124289,1.1172428653455786,1.1997406357681546,1.1576169,1.1379712273246971
180,196,2.0,1.6966937216130047,1.6601306100257067,1.199869706100577,1.7618678,1.5861877765676282
180,197,1.0,1.6881834537284677,1.5973387987618277,1.2000722526506318,1.440125,1.4856856232944353
180,198,3.0,1.2052291474555978,1.3441515521227851,1.1997836066682077,1.1971539,1.2370213352206834
180,199,2.0,1.1670807939475727,1.3446324429773209,1.199783523045361,1.1947109,1.2268626175081814
180,200,1.0,1.208815527370304,1.3439271363906684,1.1997836493970588,1.2014924,1.2389846803509001
180,201,1.0,1.6950189614820657,1.5943252160734025,1.200103902334295,1.7501124,1.5661522345205843
180,202,1.0,1.197259424686416,1.113523976070501,1.1997630294787969,1.206647,1.1790709759589721
180,203,2.0,1.6507180106794368,1.5942931566831,1.2001042411327758,1.6080896,1.5185135772471925
180,204,1.0,1.6395640463323826,1.5951908196115672,1.2000947716535608,1.6261276,1.5205414400362374
180,205,1.0,1.2472487134802384,1.3434462455361322,1.1997837488845537,1.2156147,1.2522104366486433
180,206,3.0,1.1624957453742188,1.1136842730220131,1.1997620645210303,1.1740649,1.1619587247837222
180,207,2.0,1.192919065672242,1.1128827882644532,1.1997668889159245,1.20506,1.1774042729525176
180,208,1.0,1.1708345976550716,1.1143254608280608,1.1997582043482826,1.1738906,1.16418560925912
180,209,1.0,1.1984736009431045,1.1392143502511347,1.200497404476826,1.180394,1.1793216630140149
180,210,1.0,1.591410063303633,1.6605794414899402,1.1998692870996595,1.6255159,1.524692478818669
180,211,1.0,1.2346775032817163,1.2949468481184772,1.1995428767056302,1.2127473,1.2359632972097172
180,212,1.0,1.6856252350877035,1.5946137505861242,1.2001008552180112,1.6990657,1.5507571122862573
180,213,1.0,1.177453268160197,1.3454018683445783,1.199783411816775,1.1771342,1.2251749060964512
180,214,1.0,1.6620954019773404,1.6590405907554253,1.199870781247489,1.6465442,1.5475835661776567
180,215,1.0,1.189659437682093,1.113203382167477,1.1997649592755215,1.1931311,1.173601057936588
180,216,1.0,1.6975778933737933,1.659649719171171,1.1998701703641468,1.7684348,1.58797395179716
180,217,2.0,1.1635279632794917,1.3444080272452041,1.1997835607214462,1.2004491,1.2273782693983113
180,218,1.0,1.1694663484998138,1.3449530368803448,1.199783473324229,1.186647,1.2254795941855772
180,219,1.0,1.6299943336484668,1.660066491245102,1.199869767077651,1.5986786,1.52744491559163
180,220,1.0,1.1701482974740927,1.1142934014377583,1.199758397368022,1.1738906,1.1640038657706997
180,221,1.0,1.1106758484019659,1.13982347866688,1.2004980135652927,1.1656498,1.1534767421440617
180,222,2.0,1.1816478466877212,1.3444400866355064,1.1997835551962162,1.2311598,1.2398471535123363
180,223,1.0,1.1828371666541877,1.3451133338318573,1.199783450269119,1.1812984,1.2275322038874208
180,224,1.0,1.1709087951164296,1.1141331044862464,1.1997593624498906,1.1717896,1.1636172163641394
180,225,1.0,1.1895405664792986,1.2957162734857348,1.1995422923425585,1.1748031,1.2150051894126754
180,226,1.0,1.1949944722155683,1.3464277688342552,1.1997833068529953,1.188075,1.2326790954854066
180,227,1.0,1.1723123013132706,1.296549817633597,1.1995417253966993,1.1644905,1.2082116393787046
180,228,1.0,1.1703612021782988,1.1397593598862756,1.2004979482252418,1.1656498,1.1685645797746858
180,229,1.0,1.1861603325269658,1.1124980755808243,1.1997692042556876,1.1786145,1.1688155118520642
180,230,1.0,1.1357683379118082,1.3436386018779467,1.1997837077952218,1.185923,1.2164336711775265
180,231,2.0,1.6021928508630128,1.659489422219659,1.1998703286509278,1.5186424,1.499739379213533
180,232,1.0,1.6122336189381579,1.6605153227093354,1.1998693460953958,1.6255159,1.529945911925528
180,233,1.0,1.197259424686416,1.113523976070501,1.1997630294787969,1.206647,1.1790709759589721
180,234,1.0,1.177695795176555,1.29712688665904,1.1995413731711564,1.1669071,1.2103396556213895
180,235,1.0,1.1728941344374553,1.3453377495639738,1.199783420024466,1.1771342,1.2240049397474555
180,236,1.0,1.6250675885155377,1.660451203928731,1.1998694054005503,1.5995178,1.5265106474769954
180,237,1.0,1.1587534345481978,1.1138445699735249,1.1997610995253256,1.1672432,1.1593027180930102
180,238,2.0,1.7445512054835501,1.5935878500964475,1.2001117055128943,1.7806064,1.586321945747485
180,239,1.0,1.6042429569672942,1.596473195223663,1.2000813036130638,1.6928794,1.5290419061411649
180,240,2.0,1.197259424686416,1.113523976070501,1.1997630294787969,1.206647,1.1790709759589721
180,241,1.0,1.1919495676601004,1.1135880948511057,1.1997626435002038,1.1740649,1.1693881585994248
180,242,1.0,1.1507262381774244,1.1381243309808533,1.2004963793858585,1.1898162,1.169378710688997
180,243,3.0,1.1926127509425903,1.1140369263153391,1.199759941492091,1.1769835,1.170417351135681
180,244,2.0,1.3937216614031,1.1112798187493333,1.1997765343064424,1.284641,1.248223804373537
180,245,1.0,1.1628723021328173,1.1136522136317102,1.1997622575157523,1.1740649,1.162045949710087
180,246,1.0,1.175657219066553,1.2958124516566418,1.1995422234114523,1.1717614,1.2107361518986768
180,247,1.0,1.1896951901087605,1.1368098959784554,1.2004952535813258,1.197013,1.1807528993617242
180,248,3.0,1.5547887875218518,1.6612847480765929,1.199868656607958,1.6894388,1.531995483429424
180,249,2.0,1.6455296306926848,1.6590085313651228,1.199870814095885,1.6465442,1.5433832981565572
180,250,1.0,1.6547668921339624,1.6592970658778445,1.199870520923126,1.6306647,1.541721772870909
180,251,1.0,1.1482043438678826,1.1139407481444321,1.1997605205142208,1.1769835,1.1591550810806543
180,252,5.0,1.6239492251003906,1.6593932440487515,1.1998704244694187,1.6188318,1.530912933650284
180,253,4.0,1.7534697414980878,1.5955434729048936,1.2000910609130824,1.7838182,1.5898925241580197
180,254,3.0,1.6409925853598544,1.5947419881473337,1.2000995020952943,1.5928975,1.5122691116903564
180,255,2.0,1.6660884168575807,1.6603229663675212,1.1998695248261628,1.6706413,1.5550976298561552
180,256,1.0,1.663512919964638,1.5949984632697527,1.2000967979296713,1.6930268,1.5437091358839163
180,257,1.0,1.1221648596757026,1.2970627678784352,1.1995414106804765,1.1669071,1.1962706836578498
180,258,1.0,1.2016850240352956,1.345369808954276,1.1997834158935388,1.1771342,1.2312989242328625
180,259,1.0,1.6784924548505906,1.5946458099764265,1.2001005168715146,1.6990657,1.5489601112148832
180,260,1.0,1.2600887296380707,1.2969024709269232,1.1995415062360826,1.1790755,1.2342538174561017
180,261,1.0,1.189290764715959,1.3438630176100634,1.1997836620409938,1.2073308,1.2355246663087316
180,262,1.0,1.2634555196231645,1.1110233436269141,1.1997780770749096,1.270983,1.2116914921266946
180,263,1.0,1.1891434572799993,1.2972230648299472,1.1995413176695175,1.1723871,1.2146662453962986
180,264,3.0,1.6826195659916972,1.5955114135145911,1.2000913980318473,1.7215296,1.5559819615676518
180,265,2.0,1.670538944496338,1.594677869366729,1.2001001785789074,1.6463499,1.5334372005434815
180,266,1.0,1.76924636983428,1.6613488668571978,1.199868600987003,1.6894388,1.586282704003478
180,267,1.0,1.179550245618828,1.1138766293638274,1.1997609065240746,1.1672432,1.164573662354571
180,268,1.0,1.6966937216130047,1.6601306100257067,1.199869706100577,1.7618678,1.5861877765676282
180,269,1.0,1.2245064586242262,1.1364251832948264,1.2004949468289943,1.2008309,1.1904439065529626
180,270,1.0,1.631787136432771,1.6587841156330063,1.1998710460821231,1.6168957,1.5322459028991107
180,271,3.0,1.1896914697166563,1.1133957385092912,1.199763801416547,1.2185128,1.1801663347303828
180,272,2.0,1.2234315868575059,1.1125621943614292,1.199768818382185,1.2220389,1.189399152665719
180,273,1.0,1.1916994481610959,1.3428050577300845,1.199783898316932,1.2598268,1.2493283670903716
180,274,2.0,1.6788462459049018,1.5935237313158428,1.20011238515351,1.6911229,1.5467316951118004
180,275,1.0,1.6401495857442592,1.6585917592911918,1.199871247669215,1.5772818,1.5241550988558052
180,276,2.0,1.1999546573854065,1.134822213779707,1.200493779194625,1.2090888,1.1859424616721914
180,277,1.0,1.190658252253391,1.135110748292428,1.2004939762400182,1.2090888,1.1836629610951077
180,278,1.0,1.6299492623952174,1.594132859731588,1.200105935721986,1.6336982,1.5197846106618178
180,279,1.0,1.296134485725085,1.342420345046456,1.1997839971621125,1.271662,1.2786945253616475
180,280,6.0,1.6356221049707276,1.6592329470972396,1.199870585585295,1.6350033,1.537973329466443
180,281,5.0,1.6361599432429383,1.6586558780717966,1.1998711801882733,1.5996827,1.5289060508291472
180,282,4.0,1.737201507185827,1.5956396510758006,1.2000900498148435,1.7762643,1.583862664153016
180,283,3.0,1.5500804782130484,1.6617656389311288,1.1998682463084906,1.70775,1.5356212420762865
180,284,2.0,1.665619112242517,1.5951267008309624,1.200095446892932,1.7356517,1.5552048317635476
180,285,1.0,1.6657266322143993,1.5961205419303368,1.2000850002903631,1.6434928,1.5318482094353745
180,286,1.0,1.2938043200340212,1.3420356323628269,1.199784102879516,1.3533503,1.298955332620351
180,287,1.0,1.6826195659916972,1.5955114135145911,1.2000913980318473,1.7215296,1.5559819615676518
180,288,1.0,1.208129838056029,1.1131713227771745,1.1997651522469928,1.1931311,1.178267142307702
180,289,1.0,1.1321867536978616,1.1335398381676105,1.2004929729551734,1.1556079,1.1547538838722742
180,290,2.0,1.5970282593915344,1.593235196803121,1.20011544562649,1.5964175,1.5016685502533036
180,291,1.0,1.6433725066491423,1.6573414430693987,1.1998726199896057,1.6433843,1.5416056697977938
180,292,1.0,1.1563340168280751,1.1333474818257967,1.2004928617898236,1.1556079,1.1608159277403503
180,293,1.0,1.1878521982284882,1.112241600458405,1.1997707476672168,1.2217907,1.1802510411453107
180,294,1.0,1.2321396813507504,1.343029473462201,1.1997838438407216,1.2541498,1.2581632369031865
182,1,1.0,1.1674506876256485,1.2995313409317197,1.19954026003615,1.3055766,1.243915055048954
182,2,1.0,1.1662775020709548,1.1155437176595517,1.1997508687533156,1.1784981,1.1645204780379632
182,3,1.0,1.6395640463323826,1.5951908196115672,1.2000947716535608,1.6261276,1.5205414400362374
182,4,1.0,1.1728941344374553,1.3453377495639738,1.199783420024466,1.1771342,1.2240049397474555
182,5,1.0,1.176592528005252,1.2968383521463185,1.1995415451696643,1.176445,1.2124333613108518
182,6,1.0,1.8872279915570893,1.6621182922244553,1.1998679555055782,1.70775,1.6210295506135441
182,7,1.0,1.1380677604662386,1.3478383820075606,1.199783243763689,1.1700324,1.2140033293573906
182,8,2.0,1.6409925853598544,1.5947419881473337,1.2000995020952943,1.5928975,1.5122691116903564
182,9,1.0,1.6340731500529824,1.5940046221703785,1.2001072921860267,1.6769178,1.5318791155468103
182,10,1.0,1.1889368387185244,1.346010996760324,1.1997833435097096,1.1983749,1.2336819703113775
182,11,1.0,1.0542684228051051,1.1165054993686239,1.1997450766627644,1.1576169,1.1310625785489652
182,12,1.0,1.6738178769797072,1.661124451125081,1.1998687968999102,1.7047309,1.5659981087423165
182,13,1.0,1.162513493553428,1.295748332876037,1.1995422692668607,1.1748031,1.2081737789836138
182,14,1.0,1.1805636226896652,1.1389258157384132,1.2004971250352967,1.1936113,1.1781056079766146
182,15,1.0,1.1976784282531596,1.1147422329019918,1.1997556949686798,1.1872948,1.174520969087479
182,16,2.0,1.6464311335412385,1.5938122658285643,1.2001093281874209,1.6307818,1.523127327742583
182,17,1.0,1.5482818879776317,1.5932993155837258,1.200114765218322,1.5544634,1.4785902244277818
182,18,1.0,1.1759223861895964,1.3447606805385304,1.1997835025814474,1.186647,1.2270646991991176
182,19,1.0,1.1653919624489935,1.1140689857056416,1.1997597484812703,1.1717896,1.1622049827697054
182,20,1.0,1.1603551797927067,1.2969986490978305,1.1995414485973603,1.1669071,1.2059189753034747
182,21,1.0,1.6736059675247517,1.6610603323444761,1.1998688535113387,1.7047309,1.56592827000009
182,22,1.0,1.1834868935540706,1.3446965617579258,1.1997835127151613,1.1930181,1.2305965262635223
182,23,1.0,1.591410063303633,1.6605794414899402,1.1998692870996595,1.6255159,1.524692478818669
182,24,1.0,1.1684183016988066,1.2969345303172257,1.1995414869196266,1.1790755,1.2110636483717587
182,25,1.0,1.7256824575030876,1.6602588475869164,1.1998695849703547,1.6716883,1.5704308785449532
182,26,1.0,1.1816478466877212,1.3444400866355064,1.1997835551962162,1.2311598,1.2398471535123363
182,27,1.0,1.1449305274172912,1.2974154211717617,1.1995412094107734,1.1723871,1.2035262969994698
182,28,1.0,1.184831186772446,1.3449209774900426,1.1997834780786383,1.186647,1.2293597349341518
182,29,1.0,1.6569723758683623,1.5948702257085432,1.200098149663453,1.6283349,1.525432529641264
182,30,1.0,1.197186030289147,1.1129469070450577,1.1997665030008162,1.20506,1.1785002127977129
182,31,1.0,1.1461081186836215,1.1380602122002486,1.2004963216741718,1.1472574,1.157280220990471
182,32,2.0,1.6975778933737933,1.659649719171171,1.1998701703641468,1.7684348,1.58797395179716
182,33,1.0,1.6112929958947833,1.660226788196614,1.1998696151401733,1.6716883,1.5414751771328659
182,34,1.0,1.1529906465396835,1.2977039556844832,1.1995410538873428,1.171293,1.2053583959768024
182,35,2.0,1.6980069156075408,1.594517572415217,1.2001018705334519,1.6955403,1.5529623202505363
182,36,1.0,1.560434986574667,1.6595214816099613,1.1998702968533552,1.5186424,1.4891801670998206
182,37,1.0,1.2009979889429132,1.3440233145615754,1.1997836307964425,1.1971539,1.2359181446175853
182,38,1.0,1.1528061755212269,1.1394708253735535,1.200497657763292,1.165429,1.163992363854209
182,39,1.0,1.1691137129831615,1.2976398369038784,1.1995410877373038,1.1723871,1.209702898030316
182,40,1.0,1.1860340430832692,1.1126583725323362,1.19976823956202,1.20506,1.1756054668574634
182,41,3.0,1.6929127685713812,1.5956717104661031,1.2000897128748378,1.7762643,1.5726629121391569
182,42,2.0,1.6531502643013911,1.659329125268147,1.1998704887032636,1.6188318,1.5382863885235167
182,43,1.0,1.6549555417396147,1.6589123531942158,1.1998709130955858,1.6244049,1.5400670074352232
182,44,1.0,1.1900136759493962,1.3448889180997403,1.1997834828791212,1.186647,1.230663112769553
182,45,1.0,1.1627600006002314,1.2960368673887586,1.1995420661528373,1.1635165,1.2054148469602053
182,46,1.0,1.1690333362861518,1.140208191350509,1.2004984116718809,1.1787317,1.1716969084559297
182,47,2.0,1.1893797666680006,1.1148704704632015,1.1997549228147684,1.1872948,1.172453164071117
182,48,1.0,1.1970008673086914,1.1135560354608032,1.1997628364878061,1.206647,1.1790136121614947
182,49,1.0,1.6547668921339624,1.6592970658778445,1.199870520923126,1.6306647,1.541721772870909
182,50,2.0,1.2004788305196719,1.1374190243942006,1.200495760325255,1.183132,1.180076504138128
182,51,1.0,1.1200889562682492,1.1387334593965985,1.200496941986097,1.1608044,1.1543401947173555
182,52,1.0,1.1976784282531596,1.1147422329019918,1.1997556949686798,1.1872948,1.174520969087479
182,53,1.0,1.1692471701285996,1.3462354124924407,1.1997833227531136,1.188075,1.2261147643046941
182,54,1.0,1.2055861248376774,1.1149666486341085,1.1997543436873148,1.2129347,1.1831535630520764
182,55,1.0,1.635771785366449,1.596409076443058,1.2000819753447927,1.6928794,1.5370045796312732
182,56,1.0,1.1270000281752588,1.1387014000062965,1.2004969117275397,1.1608044,1.1560810023723258
182,57,3.0,1.5663500028681685,1.5968258485169893,1.200077612289154,1.4974122,1.469416221788029
182,58,2.0,1.3308927288510457,1.5924657714358637,1.2001236241688436,1.6075764,1.4369885906539606
182,59,1.0,1.7369860103277677,1.595832007417615,1.2000880288207505,1.7737604,1.5832142372718627
182,60,1.0,1.167345478598189,1.2963574612917825,1.1995418501286734,1.1644905,1.2069060781940681
182,61,1.0,1.6250675885155377,1.660451203928731,1.1998694054005503,1.5995178,1.5265106474769954
182,62,1.0,1.17801604130577,1.1384128654935748,1.2004966426464292,1.1721265,1.1718215240623846
182,63,2.0,1.1684183016988066,1.2969345303172257,1.1995414869196266,1.1790755,1.2110636483717587
182,64,1.0,1.177695795176555,1.29712688665904,1.1995413731711564,1.1669071,1.2103396556213895
182,65,3.0,1.6545019298551602,1.6579826308754464,1.1998719028180587,1.6860936,1.5555363654152856
182,66,2.0,1.7369860103277677,1.595832007417615,1.2000880288207505,1.7737604,1.5832142372718627
182,67,1.0,1.5458112780531648,1.5936519688770523,1.2001110260646615,1.5600686,1.47949072883069
182,68,1.0,1.165946396196448,1.137354905613596,1.2004957057700045,1.183132,1.1713214274460224
182,69,2.0,1.616689144245094,1.5952549383921721,1.2000940965759448,1.5530947,1.4960404871293835
182,70,1.0,1.707946225779998,1.6610923917347786,1.1998688251732867,1.7047309,1.5746265815959335
182,71,1.0,1.2548861361273262,1.342933295291294,1.1997838668978467,1.2583008,1.264959640015167
182,72,1.0,1.2112550331461052,1.1130751446062674,1.1997657311517644,1.1982279,1.180340818689452
182,73,1.0,1.18774913768882,1.1383166873226676,1.200496554248294,1.171278,1.1740426515559612
182,74,2.0,1.6856252350877035,1.5946137505861242,1.2001008552180112,1.6990657,1.5507571122862573
182,75,1.0,1.7369860103277677,1.595832007417615,1.2000880288207505,1.7737604,1.5832142372718627
182,76,1.0,1.1827092355738207,1.3443759678549019,1.1997835662974599,1.2004491,1.232224203755357
182,77,1.0,1.1333374097584974,1.1121454222874978,1.1997713264148124,1.1510646,1.1482945524928287
182,78,2.0,1.2378732879963075,1.1399837756183917,1.2004981781806865,1.2040194,1.1955455068967724
182,79,1.0,1.1767912928448814,1.13834874671297,1.200496583641619,1.171278,1.1712777603167341
182,80,1.0,1.1591586999879333,1.1157360740013662,1.1997497103821033,1.1784981,1.1627673846199118
182,81,1.0,1.6328647218081103,1.6587199968524013,1.19987111299929,1.6168957,1.532502388402354
182,82,2.0,1.17801604130577,1.1384128654935748,1.2004966426464292,1.1721265,1.1718215240623846
182,83,1.0,1.1516394121066373,1.1393425878123444,1.2004975305427628,1.180394,1.1675022039029033
182,84,2.0,1.6243094111443932,1.5953831759533816,1.2000927469480713,1.6308172,1.5179318561905235
182,85,1.0,1.6340731500529824,1.5940046221703785,1.2001072921860267,1.6769178,1.5318791155468103
182,86,1.0,1.1783301167227072,1.3456583434669978,1.1997833809270952,1.1772541,1.2254924556162234
182,87,1.0,1.6497814421376986,1.5950305226600552,1.2000964601105981,1.5927073,1.5145167433831432
182,88,1.0,1.1587534345481978,1.1138445699735249,1.1997610995253256,1.1672432,1.1593027180930102
182,89,1.0,1.1641984339211935,1.2957803922663396,1.1995422462877274,1.1717614,1.2078282642806073
182,90,1.0,1.1987028551503878,1.3457224622476023,1.1997833736856405,1.1772541,1.2306642404310213
182,91,2.0,1.6857301577893467,1.5954472947339864,1.2000920724037833,1.7339035,1.5599262101085438
182,92,1.0,1.5840613823230143,1.6606435602705452,1.199869228363115,1.6050233,1.517593977419712
182,93,1.0,1.2004788305196719,1.1374190243942006,1.200495760325255,1.183132,1.180076504138128
182,94,1.0,1.176188285712903,1.3465560063954647,1.199783297224876,1.188075,1.227952419042033
182,95,1.0,1.6811252937082264,1.660867976002662,1.1998690250331114,1.700251,1.5666336665001748
182,96,1.0,1.1617710661539102,1.1406570228147426,1.2004988892805604,1.1529022,1.1633492052989647
182,97,1.0,1.6503196187156381,1.6600344318547995,1.1998697976770336,1.5986786,1.5325803617469023
182,98,1.0,1.1936884010226014,1.1396631817153686,1.2004978507538004,1.1656498,1.174443439018361
182,99,2.0,1.1845445841293307,1.3449850962706473,1.1997834686149365,1.186647,1.2293034305349246
182,100,1.0,1.2016850240352956,1.345369808954276,1.1997834158935388,1.1771342,1.2312989242328625
182,101,1.0,1.6383099851293503,1.5939725627800763,1.200107631407657,1.6147628,1.5170045050702918
182,102,2.0,1.2014412568611215,1.343895077000366,1.1997836556934027,1.2073308,1.2386076024245642
182,103,1.0,1.1764589599951116,1.3447927399288329,1.199783497581752,1.186647,1.2272085973148523
182,104,1.0,1.173830416734456,1.1144857577795728,1.1997572392231641,1.1880307,1.1686101208613766
182,105,1.0,1.1866004454331196,1.1396311223250661,1.2004978184106496,1.1656498,1.1726416279978598
182,106,3.0,1.7127298904661634,1.660387085148126,1.1998694649694406,1.6706413,1.5669170138676938
182,107,2.0,1.637026977057564,1.6599382536838925,1.1998698898947675,1.626861,1.536419189247793
182,108,1.0,1.782161449073157,1.5956075916854984,1.2000903868027868,1.7762643,1.5952322720427403
182,109,1.0,1.1781125408377264,1.115479598878947,1.199751254872641,1.1784981,1.1674993391475241
182,110,1.0,1.6950189614820657,1.5943252160734025,1.200103902334295,1.7501124,1.5661522345205843
182,111,1.0,1.1733275755381443,1.112466016190522,1.1997693971843126,1.1786145,1.1655599649133814
182,112,2.0,1.6515503333084272,1.65990619429359,1.1998699207748802,1.626861,1.5400863892996361
182,113,1.0,1.6865421200232538,1.5933313749740283,1.2001144250761036,1.7478876,1.5631875598339626
182,114,1.0,1.1827092355738207,1.3443759678549019,1.1997835662974599,1.2004491,1.232224203755357
182,115,4.0,1.189659437682093,1.113203382167477,1.1997649592755215,1.1931311,1.173601057936588
182,116,3.0,1.2039575422573687,1.1131072039965697,1.1997655381849326,1.1982279,1.178502170173917
182,117,2.0,1.1820316222874074,1.114357520218363,1.199758011323549,1.1738906,1.167027214907564
182,118,1.0,1.1653919624489935,1.1140689857056416,1.1997597484812703,1.1717896,1.1622049827697054
182,119,2.0,1.208815527370304,1.3439271363906684,1.1997836493970588,1.2014924,1.2389846803509001
182,120,1.0,1.3345578211997948,1.3429012359009915,1.1997838746824927,1.2583008,1.285113383678903
182,121,1.0,1.159803002799498,1.2958765704372466,1.1995421779774313,1.1665279,1.205398213470138
182,122,2.0,1.1732814785982957,1.1368419553687579,1.200495279609114,1.197013,1.176607336241188
182,123,1.0,1.2238515999312205,1.1359122330499878,1.2004945538157985,1.192668,1.1880550001580157
182,124,2.0,1.6980069156075408,1.594517572415217,1.2001018705334519,1.6955403,1.5529623202505363
182,125,1.0,1.7160649934189822,1.593555790706145,1.2001120453096752,1.6911229,1.5561583682282825
182,126,1.0,1.2118866021983823,1.1365854802463382,1.2004950733920274,1.2008309,1.1872908988716633
182,127,1.0,1.6361599432429383,1.6586558780717966,1.1998711801882733,1.5996827,1.5289060508291472
182,128,1.0,1.147917920049619,1.138252568542063,1.2004964956722075,1.171278,1.1639466546121136
182,129,1.0,1.661907239367197,1.5937802064382618,1.200109667673502,1.6767758,1.5388302428359375
182,130,1.0,1.165946396196448,1.137354905613596,1.2004957057700045,1.183132,1.1713214274460224
182,131,2.0,1.6587572756459392,1.5953511165630792,1.2000930842919344,1.6308172,1.5266412596276153
182,132,1.0,1.6172126408626901,1.594838166318241,1.200098487696658,1.5399392,1.4926949743683937
182,133,1.0,1.2234315868575059,1.1125621943614292,1.199768818382185,1.2220389,1.189399152665719
182,134,1.0,1.6833700155908682,1.662022114053548,1.199868033965725,1.70775,1.5694165772252155
182,135,1.0,1.214835327556555,1.343798898829459,1.199783674871381,1.2073308,1.2419727947265295
182,136,1.0,1.6717357395631567,1.5947099287570312,1.2000998403078065,1.6893388,1.5447720051181546
182,137,1.0,1.4276826972651966,1.1114080563105428,1.1997757628648287,1.284641,1.2568503118645553
182,138,1.0,1.1995688774783066,1.1373869650038984,1.2004957330112556,1.183132,1.1798381103527338
182,139,2.0,1.6497808648037355,1.5942610972927977,1.200104579958601,1.6080896,1.5182683889324473
182,140,1.0,1.6258720744815072,1.59509464144066,1.2000957845886016,1.6960963,1.53499491558072
182,141,1.0,1.2075821516746708,1.3437668394391564,1.1997836813584875,1.2029234,1.2389989587178976
182,142,2.0,1.6125187227823958,1.5941008003412858,1.2001062747702174,1.5391598,1.4911225187977402
182,143,1.0,1.6786980416982942,1.5942290379024955,1.2001049188321018,1.7540394,1.5630049570669975
182,144,1.0,1.1667445849663711,1.138765518786901,1.200496972313483,1.1608044,1.1661550692488591
182,145,1.0,1.2076652511924875,1.1127545507032435,1.19976766072181,1.20506,1.1811036994769153
182,146,1.0,1.2321396813507504,1.343029473462201,1.1997838438407216,1.2541498,1.2581632369031865
182,147,1.0,1.1221648596757026,1.2970627678784352,1.1995414106804765,1.1669071,1.1962706836578498
182,148,1.0,1.6125187227823958,1.5941008003412858,1.2001062747702174,1.5391598,1.4911225187977402
182,149,1.0,1.189659437682093,1.113203382167477,1.1997649592755215,1.1931311,1.173601057936588
182,150,1.0,1.1669269759977592,1.114101045095944,1.199759555467417,1.1717896,1.162601503136525
182,151,6.0,1.6717357395631567,1.5947099287570312,1.2000998403078065,1.6893388,1.5447720051181546
182,152,5.0,1.6254999373061878,1.5932672561934236,1.2001151054004,1.5544634,1.498123125698828
182,153,4.0,1.6377386651955823,1.6591047095360303,1.1998707157394775,1.6143008,1.5331676622516206
182,154,3.0,1.3858676492020903,1.591439870946187,1.2001345677411221,1.4824979,1.4185690211888922
182,155,2.0,1.6989181501538004,1.5945496318055195,1.2001015320627781,1.6955403,1.5532009514836351
182,156,1.0,1.816697161742867,1.6615732825893146,1.199868408522905,1.746073,1.612870488175762
182,157,2.0,1.1446440546551857,1.2978963120262974,1.1995409547753424,1.1516759,1.1982643346433381
182,158,1.0,1.1984702374716278,1.2950430262893844,1.1995428004616004,1.2127473,1.226824944631237
182,159,1.0,1.665619112242517,1.5951267008309624,1.200095446892932,1.7356517,1.5552048317635476
182,160,1.0,1.29682333414994,1.110766868504495,1.1997796196899106,1.3334317,1.236085170510763
182,161,3.0,1.176592528005252,1.2968383521463185,1.1995415451696643,1.176445,1.2124333613108518
182,162,2.0,1.1552086809251816,1.2970948272687377,1.199541391874867,1.1669071,1.204640918919647
182,163,1.0,1.2490322393233169,1.296870411536621,1.1995415256518334,1.176445,1.2307731886790805
182,164,1.0,1.627669136926823,1.5930428404613068,1.2001174879205732,1.6163131,1.5144763397416352
182,165,1.0,1.1803277183226444,1.1358801736596857,1.2004945298573937,1.192668,1.1770326524894708
182,166,1.0,1.1952539399627697,1.3442797896839946,1.1997835833102033,1.1937002,1.233643772966708
182,167,1.0,1.1797047826297957,1.1347260356087994,1.2004937147936467,1.2092868,1.1808444220929668
182,168,1.0,1.3424523129066999,1.3417470978501056,1.1997841866740302,1.3604281,1.3130083019698895
182,169,1.0,1.7566611343214578,1.5936199094867498,1.2001113657679758,1.7806064,1.5893945376803496
182,170,2.0,1.1419253729924201,1.343350067365225,1.1997837700759648,1.1943103,1.2200695827029175
182,171,1.0,1.2259241973930697,1.343253889194318,1.1997837917019263,1.2591685,1.2579340978962414
182,172,2.0,1.6727702251903491,1.657854393314237,1.199872043986341,1.6860936,1.5601269534197901
182,173,1.0,1.7622703789021237,1.593395493754633,1.2001137449238828,1.8000718,1.595749447298767
182,174,1.0,1.186540631871368,1.133475719387006,1.2004929356154617,1.1556079,1.1684925356874671
182,175,2.0,1.6964860585091739,1.5943893348540072,1.2001032249003727,1.6980873,1.5531984667747167
182,176,1.0,1.6455296306926848,1.6590085313651228,1.199870814095885,1.6465442,1.5433832981565572
182,177,1.0,1.3442002309384933,1.3408173755313362,1.1997844828835926,1.3965317,1.3224736667897796
182,178,1.0,1.1888983178307395,1.1334116006064012,1.2004928985596368,1.1556079,1.1690729409775114
182,179,3.0,1.2863046187191762,1.3430935922428062,1.1997838287000102,1.2541498,1.2718865323211366
182,180,2.0,1.3411258988314274,1.3416829790695008,1.1997842058198875,1.3642677,1.3136410249864592
182,181,1.0,1.1419253729924201,1.343350067365225,1.1997837700759648,1.1943103,1.2200695827029175
182,182,1.0,1.13260265470456,1.132674234629446,1.200492492729302,1.1340625,1.1491149445993518
182,183,2.0,1.1509429406379856,1.296165104949968,1.1995419785177293,1.1635165,1.2024568324802245
182,184,1.0,1.1789810693982141,1.2948827293378724,1.1995429280450483,1.1969984,1.2178138451085
182,185,1.0,1.1657923935000674,1.1115362938717523,1.1997749913912463,1.1906548,1.166506700227661
182,186,5.0,1.6464311335412385,1.5938122658285643,1.2001093281874209,1.6307818,1.523127327742583
182,187,4.0,1.5458112780531648,1.5936519688770523,1.2001110260646615,1.5600686,1.47949072883069
182,188,3.0,1.5234159559804399,1.5969861454685013,1.200075936183633,1.440125,1.4439009060804837
182,189,2.0,1.6254999373061878,1.5932672561934236,1.2001151054004,1.5544634,1.498123125698828
182,190,1.0,1.6433725066491423,1.6573414430693987,1.1998726199896057,1.6433843,1.5416056697977938
182,191,3.0,1.2820939191659178,1.1105424527723782,1.1997809693516064,1.2906264,1.2213244274517034
182,192,2.0,1.29682333414994,1.110766868504495,1.1997796196899106,1.3334317,1.236085170510763
182,193,1.0,1.2429625245962421,1.3412982663858721,1.1997843246849293,1.3228239,1.2780746164185928
182,194,1.0,1.417880280267986,1.5926260683873756,1.200121918243376,1.5261294,1.4381560269033176
182,195,2.0,1.3273908027140717,1.109644789843911,1.199786366717108,1.3137271,1.2384852902123584
182,196,1.0,1.2835557621661156,1.1107027497238904,1.1997800053214955,1.2906264,1.221734700101666
182,197,1.0,1.7566611343214578,1.5936199094867498,1.2001113657679758,1.7806064,1.5893945376803496
186,1,1.0,1.0542684228051051,1.116377261807414,1.1997458489691495,1.1576169,1.1310303099062113
186,2,1.0,1.665619112242517,1.5951267008309624,1.200095446892932,1.7356517,1.5552048317635476
186,3,1.0,1.1241608880061111,1.140528785253533,1.200498751377513,1.1529022,1.153799023616069
186,4,1.0,1.663181506159617,1.5949664038794504,1.2000971357858055,1.6930268,1.543617234947416
186,5,1.0,1.179550245618828,1.1138766293638274,1.1997609065240746,1.1672432,1.164573662354571
186,6,1.0,1.1894108352150787,1.3460751155409287,1.199783337332798,1.1983749,1.2338181452301622
186,7,1.0,1.1701482974740927,1.1142934014377583,1.199758397368022,1.1738906,1.1640038657706997
186,8,1.0,1.1866004454331196,1.1396311223250661,1.2004978184106496,1.1656498,1.1726416279978598
186,9,2.0,1.2141674252771002,1.1130110258256625,1.1997661170808154,1.2066385,1.1832184635881366
186,10,1.0,1.2164163508012913,1.116281083636507,1.1997464281968735,1.1576169,1.1720395443387113
186,11,1.0,1.156279778635809,1.347229253591815,1.1997832594380242,1.1700324,1.218457950893598
186,12,1.0,1.2552953723781768,1.2951071450699891,1.199542750131107,1.2041365,1.23901331222664
186,13,2.0,1.7191137392183062,1.5959602449788248,1.200086682362197,1.6252414,1.5406379719855043
186,14,1.0,1.7256824575030876,1.6602588475869164,1.1998695849703547,1.6716883,1.5704308785449532
186,15,1.0,1.1960361251648353,1.139182290860832,1.2004973731397937,1.1586083,1.1731100567721684
186,16,1.0,1.1860325779213523,1.3455621652960905,1.1997833921480499,1.2265123,1.2400488827895486
186,17,1.0,1.6125187227823958,1.5941008003412858,1.2001062747702174,1.5391598,1.4911225187977402
186,18,1.0,1.2199116941894639,1.2972551242202495,1.1995412993690346,1.1723871,1.222460617457797
186,19,2.0,1.533099201092196,1.5967617297363845,1.2000782830327277,1.4974122,1.4609856494668247
186,20,1.0,1.6429026964004,1.6593611846584493,1.1998704565542584,1.6188318,1.535701226586844
186,21,1.0,1.1653919624489935,1.1140689857056416,1.1997597484812703,1.1717896,1.1622049827697054
186,22,1.0,1.1212107640076263,1.1405608446438353,1.2004987857449,1.1529022,1.15306058128496
186,23,1.0,1.5749350950101635,1.5966014327848725,1.2000799606870507,1.4974122,1.4715325466675602
186,24,1.0,1.1893797666680006,1.1148704704632015,1.1997549228147684,1.1872948,1.172453164071117
186,25,1.0,1.176188285712903,1.3465560063954647,1.199783297224876,1.188075,1.227952419042033
186,26,1.0,1.1884395614912016,1.1399196568377872,1.2004981121169347,1.2040194,1.1830194806252536
186,27,1.0,1.1949695890130325,1.3471651348112101,1.199783262110997,1.1679827,1.2277070124825844
186,28,1.0,1.719141263251065,1.5962808388818486,1.2000833193157396,1.6928794,1.5580700714082911
186,29,1.0,1.1552086809251816,1.2970948272687377,1.199541391874867,1.1669071,1.204640918919647
186,30,1.0,1.6124782480916082,1.6608038572220571,1.1998690827840284,1.6017718,1.5239919198444927
186,31,1.0,1.1801114677207458,1.1395349441541582,1.200497721805008,1.165429,1.1709185296770048
186,32,2.0,1.6738178769797072,1.661124451125081,1.1998687968999102,1.7047309,1.5659981087423165
186,33,1.0,1.6521635279431757,1.6607717978317547,1.199869111760336,1.6017718,1.5340266394757156
186,34,1.0,1.1987028551503878,1.3457224622476023,1.1997833736856405,1.1772541,1.2306642404310213
186,35,1.0,1.1254301519186498,1.1158963709528782,1.199748745050812,1.1576169,1.1489176130841232
186,36,1.0,1.627370651852854,1.6609641541735691,1.1998689389608492,1.700251,1.553054742168965
186,37,1.0,1.1656565105301366,1.115639895830459,1.1997502895712506,1.1784981,1.1643875303348898
186,38,1.0,1.5532900395144587,1.5966976109557798,1.2000789539665526,1.4974122,1.46607911135743
186,39,2.0,1.162033494524414,1.2956200953148276,1.1995423621833885,1.1381602,1.1986233265996742
186,40,1.0,1.1642002232080095,1.2975757181232734,1.1995411219901746,1.1723871,1.2084432639082274
186,41,1.0,1.320185551914392,1.3445042054161114,1.1997835442861526,1.2311598,1.2749219689191862
186,42,2.0,1.6935923584937675,1.6595535410002638,1.1998702651186604,1.6826407,1.5649403486756945
186,43,1.0,1.5532900395144587,1.5966976109557798,1.2000789539665526,1.4974122,1.46607911135743
186,44,1.0,1.1441521786170943,1.2982169059293214,1.1995407977200225,1.1932194,1.2088741799654947
186,45,1.0,1.207773957786137,1.3459148185894168,1.19978335313242,1.2058796,1.2403490427727888
186,46,1.0,1.1462076523788356,1.1404646664729283,1.2004986828557436,1.1529022,1.1593619737701153
186,47,1.0,1.1624957453742188,1.1136842730220131,1.1997620645210303,1.1740649,1.1619587247837222
186,48,1.0,1.162000480518633,1.1372907868329913,1.2004956514958267,1.1687737,1.1666246109570535
186,49,1.0,1.2490322393233169,1.296870411536621,1.1995415256518334,1.176445,1.2307731886790805
186,50,1.0,1.2021417342072835,1.138829637567506,1.2004970331874638,1.1608044,1.1751289736982637
186,51,3.0,1.7596638755459244,1.595992304369127,1.2000863458668196,1.729672,1.577687433977528
186,52,2.0,1.6125187227823958,1.5941008003412858,1.2001062747702174,1.5391598,1.4911225187977402
186,53,1.0,1.6608818161739438,1.6607397384414522,1.199869140801079,1.6017718,1.5362247985083768
186,54,1.0,1.184831186772446,1.3449209774900426,1.1997834780786383,1.186647,1.2293597349341518
186,55,2.0,1.1507993378106427,1.2961971643402705,1.1995419568733328,1.1635165,1.2024285999653084
186,56,1.0,1.1627600006002314,1.2960368673887586,1.1995420661528373,1.1635165,1.2054148469602053
186,57,2.0,1.6526838097779677,1.5951587602212647,1.2000951092503656,1.6261276,1.5238535172851597
186,58,1.0,1.6434912889310471,1.6600023724644972,1.199869828341699,1.6244261,1.5374468821615679
186,59,1.0,1.1767912928448814,1.13834874671297,1.200496583641619,1.171278,1.1712777603167341
186,60,1.0,1.2106870950849062,1.2982489653196239,1.1995407825677964,1.1932194,1.225719730743232
186,61,2.0,1.2468047892303447,1.3454980465154858,1.1997833998698069,1.2265123,1.2554117798204565
186,62,1.0,1.2040157623218888,1.3457865810282073,1.1997833666400182,1.2058796,1.2393655384973434
186,63,2.0,1.6966937216130047,1.6601306100257067,1.199869706100577,1.7618678,1.5861877765676282
186,64,1.0,1.6833700155908682,1.662022114053548,1.199868033965725,1.70775,1.5694165772252155
186,65,1.0,1.1781125408377264,1.115479598878947,1.199751254872641,1.1784981,1.1674993391475241
186,66,1.0,1.214835327556555,1.343798898829459,1.199783674871381,1.2073308,1.2419727947265295
186,67,2.0,1.7534697414980878,1.5955434729048936,1.2000910609130824,1.7838182,1.5898925241580197
186,68,1.0,1.6145848027634342,1.5931710780225163,1.2001161262208184,1.5964175,1.5060953751629007
186,69,1.0,1.2042303542734463,1.343574483097342,1.1997837212982403,1.185923,1.2337425649862404
186,70,1.0,1.219020524445537,1.1400799537892996,1.2004982778145044,1.2040194,1.1907989565231198
186,71,1.0,1.355396357740998,1.2991145688577885,1.199540412031274,1.3055766,1.2913714793584528
186,72,1.0,1.1889368387185244,1.346010996760324,1.1997833435097096,1.1983749,1.2336819703113775
186,73,2.0,1.1810844562299716,1.2982810247099261,1.1995407675284702,1.1932194,1.2182365450408323
186,74,1.0,1.2211442325566582,1.2949789075087796,1.1995428511866086,1.2127473,1.232546651191344
186,75,1.0,1.6507180106794368,1.5942931566831,1.2001042411327758,1.6080896,1.5185135772471925
186,76,1.0,1.279945033525876,1.1401120131796019,1.2004983111689476,1.1787317,1.1997400520648749
186,77,1.0,1.1985909287171637,1.1148063516825966,1.1997553088936355,1.1872948,1.1747680223776251
186,78,3.0,1.1669319672187966,1.2952674420215011,1.1995426261035276,1.1671798,1.2072154319102273
186,79,2.0,1.1441521786170943,1.2982169059293214,1.1995407977200225,1.1932194,1.2088741799654947
186,80,1.0,1.1627522959222671,1.2952353826311989,1.1995426507001048,1.1671798,1.2061496098773183
186,81,3.0,1.6929127685713812,1.5956717104661031,1.2000897128748378,1.7762643,1.5726629121391569
186,82,2.0,1.6250675885155377,1.660451203928731,1.1998694054005503,1.5995178,1.5265106474769954
186,83,1.0,1.6299492623952174,1.594132859731588,1.200105935721986,1.6336982,1.5197846106618178
186,84,1.0,1.20446815651791,1.3451774526124618,1.1997834413854926,1.1812984,1.233022403603226
186,85,1.0,1.6340731500529824,1.5940046221703785,1.2001072921860267,1.6769178,1.5318791155468103
186,86,1.0,1.3822107740241352,1.3475819068851411,1.1997832482181967,1.1700324,1.2757216808689384
186,87,1.0,1.1989717295491955,1.1126263131420338,1.199768432504144,1.2220389,1.1832254331347414
186,88,1.0,1.7596638755459244,1.595992304369127,1.2000863458668196,1.729672,1.577687433977528
186,89,1.0,1.133596427870219,1.1379319746390388,1.2004962071114282,1.1472574,1.1540815115893461
186,90,1.0,1.1989995701899365,1.344472146025809,1.199783549719668,1.2311598,1.2442463224640867
186,91,1.0,1.1998663080991405,1.1129789664353602,1.1997663100418718,1.2066385,1.179591330880723
186,92,1.0,1.6999185129366248,1.5944855130249145,1.2001022090586855,1.7141206,1.5582026860528884
186,93,3.0,1.1669269759977592,1.114101045095944,1.199759555467417,1.1717896,1.162601503136525
186,94,2.0,1.1926127509425903,1.1140369263153391,1.199759941492091,1.1769835,1.170417351135681
186,95,1.0,1.1892105736111047,1.1149025298535038,1.199754729773843,1.2129347,1.1789934033169938
186,96,1.0,1.6044995335161207,1.6608359166123594,1.1998690538742685,1.6017718,1.521980918634977
186,97,1.0,1.1539335581686385,1.3452736307833688,1.1997834284230389,1.1714095,1.21772248681432
186,98,5.0,1.6680076424450876,1.5928825435097949,1.200119191017975,1.6580455,1.5353459974217185
186,99,4.0,1.6950189614820657,1.5943252160734025,1.200103902334295,1.7501124,1.5661522345205843
186,100,3.0,1.635771785366449,1.596409076443058,1.2000819753447927,1.6928794,1.5370045796312732
186,101,2.0,1.6307692611881408,1.6590726501457278,1.1998707484476638,1.6465442,1.5396642238691796
186,102,1.0,1.6959361548474345,1.6609000353929642,1.1998689962798894,1.700251,1.57038983488822
186,103,1.0,1.168089637358588,1.295171263850594,1.199542700209996,1.2041365,1.2169610918149862
186,104,1.0,1.5458112780531648,1.5936519688770523,1.2001110260646615,1.5600686,1.47949072883069
186,105,2.0,1.1703612021782988,1.1397593598862756,1.2004979482252418,1.1656498,1.1685645797746858
186,106,1.0,1.1578081833053904,1.13902199390932,1.2004972175370339,1.1586083,1.1633954255253012
186,107,2.0,1.1687790490511845,1.1141651638765488,1.1997591694395402,1.1573049,1.15937191385631
186,108,1.0,1.316424916797472,1.1158322521722732,1.19974913118748,1.1576169,1.1972349452521511
186,109,1.0,1.69355536065839,1.5944213942443097,1.2001028862418013,1.6932174,1.5512160153693846
186,110,1.0,1.143955204906209,1.1385411030547845,1.2004967615184707,1.1538677,1.1585522968990523
186,111,1.0,1.7160649934189822,1.593555790706145,1.2001120453096752,1.6911229,1.5561583682282825
186,112,1.0,1.1925657758310315,1.1123377786293123,1.1997701689025944,1.1833042,1.1715987615823518
186,113,1.0,1.1642002232080095,1.2975757181232734,1.1995411219901746,1.1723871,1.2084432639082274
186,114,1.0,1.18774913768882,1.1383166873226676,1.200496554248294,1.171278,1.1740426515559612
186,115,1.0,1.2163226168976773,1.296293342511178,1.199541892524547,1.1644905,1.2192841018228981
186,116,1.0,1.6989181501538004,1.5945496318055195,1.2001015320627781,1.6955403,1.5532009514836351
186,117,1.0,1.234456523180052,1.2986336780032526,1.199540608746313,1.3055766,1.26064458668065
186,118,1.0,1.1866004454331196,1.1396311223250661,1.2004978184106496,1.1656498,1.1726416279978598
186,119,1.0,1.1431392786182741,1.3470048378596982,1.1997832696482038,1.1679827,1.2145501809960177
186,120,1.0,1.279945033525876,1.1401120131796019,1.2004983111689476,1.1787317,1.1997400520648749
186,121,1.0,1.2684118408669922,1.3429974140718988,1.1997838514772043,1.2541498,1.2673342213151266
186,122,3.0,1.6021928508630128,1.659489422219659,1.1998703286509278,1.5186424,1.499739379213533
186,123,2.0,1.6455296306926848,1.6590085313651228,1.199870814095885,1.6465442,1.5433832981565572
186,124,1.0,1.7622703789021237,1.593395493754633,1.2001137449238828,1.8000718,1.595749447298767
186,125,2.0,1.142190933438374,1.2956521547051298,1.199542338797665,1.1381602,1.1936100411251997
186,126,1.0,1.139705767220804,1.296068926779061,1.1995420440915832,1.1635165,1.1995888104387902
186,127,1.0,1.1894108352150787,1.3460751155409287,1.199783337332798,1.1983749,1.2338181452301622
186,128,1.0,1.1861674212432265,1.2973192430008544,1.1995412630891276,1.1723871,1.2139374506098553
186,129,1.0,1.177568623099113,1.114517817169875,1.1997570461954055,1.1880307,1.169564185020468
186,130,1.0,1.1690728709977911,1.1377075589069223,1.2004960093860482,1.1673003,1.1681421123599618
186,131,1.0,1.5961453205718041,1.596152601320639,1.200084664015103,1.6434928,1.514247875177203
186,132,1.0,1.2535071718101798,1.3431256516331085,1.199783821208185,1.2541498,1.263594864743053
186,133,1.0,1.6231809632092604,1.6606756196608474,1.1998691991102322,1.6050233,1.5275017524733903
186,134,1.0,1.151753319470013,1.1370663711008742,1.2004954638015086,1.1749771,1.1655653993714266
186,135,1.0,1.1968444972253993,1.1128507288741505,1.1997670818731552,1.20506,1.1783895822812505
186,136,1.0,1.216841324116972,1.3443439084645994,1.1997835719189023,1.2004491,1.2408536176162994
186,137,1.0,1.1660689714661343,1.2985374998323453,1.1995406508263484,1.3055766,1.2433139851979327
186,138,1.0,1.6185089318630497,1.6585596999008896,1.19987128151476,1.5772818,1.518670572478865
186,139,1.0,1.1767912928448814,1.13834874671297,1.200496583641619,1.171278,1.1712777603167341
186,140,1.0,1.139705767220804,1.296068926779061,1.1995420440915832,1.1635165,1.1995888104387902
186,141,1.0,1.2124632235126784,1.3454659871251833,1.199783403805533,1.2265123,1.2467131315618014
186,142,5.0,1.6299492623952174,1.594132859731588,1.200105935721986,1.6336982,1.5197846106618178
186,143,4.0,1.6857301577893467,1.5954472947339864,1.2000920724037833,1.7339035,1.5599262101085438
186,144,3.0,1.5532900395144587,1.5966976109557798,1.2000789539665526,1.4974122,1.46607911135743
186,145,2.0,1.7535450941035429,1.5957678886370104,1.2000887023030098,1.6813956,1.5637029776986884
186,146,1.0,1.6548800610189838,1.5926901871679804,1.200121236180894,1.5261294,1.4981476665724975
186,147,1.0,1.1743545571343774,1.1376434401263178,1.200495953536251,1.1673003,1.1694624657442718
186,148,1.0,1.1867472658588345,1.3448568587094376,1.199783487732082,1.186647,1.2298283975136015
186,149,1.0,1.2261684881283237,1.1367457771978502,1.2004952017403054,1.197013,1.1899666571049075
186,150,1.0,1.6298374354368372,1.6586238186814943,1.199871213896625,1.5996827,1.5272979610357396
186,151,1.0,1.155331817996849,1.1373228462232934,1.2004956785973107,1.1687737,1.1649451470919656
186,152,1.0,1.1970008673086914,1.1135560354608032,1.1997628364878061,1.206647,1.1790136121614947
186,153,1.0,1.6161003377410201,1.658848234413611,1.1998709794446916,1.611882,1.5270067124119815
186,154,1.0,1.1697683481413017,1.1372587274426889,1.2004956244685052,1.1687737,1.1685822415892242
186,155,1.0,1.5855926860293372,1.6585276405105869,1.1998713154306027,1.5772818,1.5103326252608533
186,156,1.0,1.2181272655498296,1.1363290051239192,1.2004948717475201,1.2033799,1.1894588445808787
186,157,1.0,1.1954458379948727,1.2955239171439203,1.1995424329383726,1.1946213,1.221533043648944
186,158,2.0,1.1909792097860765,1.1132995603383842,1.1997643803551135,1.2022048,1.1762860894327212
186,159,1.0,1.1968444972253993,1.1128507288741505,1.1997670818731552,1.20506,1.1783895822812505
186,160,1.0,1.2169193713636348,1.34341418614583,1.1997837559016948,1.2156147,1.2445271293855946
186,161,1.0,1.1822907911477267,1.1348863325603116,1.2004938224852166,1.2090888,1.1814886493317198
186,162,2.0,1.6497814421376986,1.5950305226600552,1.2000964601105981,1.5927073,1.5145167433831432
186,163,1.0,1.782161449073157,1.5956075916854984,1.2000903868027868,1.7762643,1.5952322720427403
186,164,1.0,1.15747158062329,1.138284627932365,1.2004965249254027,1.171278,1.166372440479161
186,165,1.0,1.5854009012494295,1.6611885699056859,1.199868740575541,1.6894388,1.5397179189506272
186,166,1.0,1.177695795176555,1.29712688665904,1.1995413731711564,1.1669071,1.2103396556213895
186,167,1.0,1.3325064032454017,1.341875335411315,1.1997841489557899,1.3604281,1.3105238158829944
186,168,1.0,1.6239492251003906,1.6593932440487515,1.1998704244694187,1.6188318,1.530912933650284
186,169,1.0,1.1828371666541877,1.3451133338318573,1.199783450269119,1.1812984,1.2275322038874208
186,170,1.0,1.2211442325566582,1.2949789075087796,1.1995428511866086,1.2127473,1.232546651191344
186,171,1.0,1.782161449073157,1.5956075916854984,1.2000903868027868,1.7762643,1.5952322720427403
186,172,1.0,1.1936078998227584,1.295427738973013,1.1995425046113317,1.1824814,1.2179304890361031
186,173,1.0,1.2011016930153766,1.1359763518305928,1.2004946019412581,1.192668,1.1823141066894471
186,174,1.0,1.2863046187191762,1.3430935922428062,1.1997838287000102,1.2541498,1.2718865323211366
186,175,1.0,1.2181272655498296,1.1363290051239192,1.2004948717475201,1.2033799,1.1894588445808787
186,176,1.0,1.199692058219834,1.2954597983633156,1.1995424806202186,1.1824814,1.2194782640218973
186,177,1.0,1.1925657758310315,1.1123377786293123,1.1997701689025944,1.1833042,1.1715987615823518
186,178,1.0,1.1684183016988066,1.2969345303172257,1.1995414869196266,1.1790755,1.2110636483717587
186,179,1.0,1.1684385688301129,1.133315422435494,1.2004928435085935,1.1556079,1.1638710093205085
186,180,2.0,1.6236473274326118,1.6584955811202846,1.1998713494155526,1.5772818,1.519954693887156
186,181,1.0,1.663181506159617,1.5949664038794504,1.2000971357858055,1.6930268,1.543617234947416
186,182,1.0,1.2913375804540907,1.3429653546815965,1.199783859164586,1.2583008,1.274192216912676
186,183,1.0,1.082617640107517,1.2934400567742645,1.1995441908495208,1.2332882,1.2023691767473146
186,184,1.0,1.6367290819546338,1.5961846607109413,1.2000843277708706,1.6434928,1.5245261053948425
186,185,1.0,1.1210733237884754,1.2942094821415222,1.1995434917090793,1.1666394,1.1952042596273942
186,186,1.0,1.6975778933737933,1.659649719171171,1.1998701703641468,1.7684348,1.58797395179716
186,187,1.0,1.2535071718101798,1.3431256516331085,1.199783821208185,1.2541498,1.263594864743053
186,188,1.0,1.2349425703832047,1.134950451340916,1.2004938660591005,1.2090888,1.1948290362691039
186,189,1.0,1.6395640463323826,1.5951908196115672,1.2000947716535608,1.6261276,1.5205414400362374
186,190,1.0,1.5866829835961134,1.3401120689446833,1.1997847341985404,1.4675099,1.4018596975096764
186,191,1.0,1.2717998956694618,1.294113303970615,1.1995435759017783,1.1666394,1.2333230683288487
186,192,1.0,1.1437542026682912,1.1310712651143262,1.2004917390175958,1.1450584,1.1543508921951224
191,1,1.0,1.1495005141020245,1.2953315608021059,1.1995425771963844,1.172182,1.2041031343036683
191,2,1.0,1.1678564916796892,1.1142613420474559,1.199758590387938,1.1573049,1.1591626514120168
191,3,2.0,1.177453268160197,1.3454018683445783,1.199783411816775,1.1771342,1.2251749060964512
191,4,1.0,1.180365182569958,1.3451453932221593,1.199783445803715,1.1812984,1.2269147512518959
191,5,2.0,1.1331379589247845,1.1411379136692783,1.2004994167418674,1.1294202,1.1502034331866728
191,6,1.0,1.1866004454331196,1.1396311223250661,1.2004978184106496,1.1656498,1.1726416279978598
191,7,1.0,1.7009979723964577,1.594453453634612,1.2001025476161822,1.7277116,1.5619530261078838
191,8,1.0,1.1462076523788356,1.1404646664729283,1.2004986828557436,1.1529022,1.1593619737701153
191,9,1.0,1.1335713020189757,1.2980245495875071,1.1995408907290754,1.1516759,1.1954946814672842
191,10,3.0,1.6044995335161207,1.6608359166123594,1.1998690538742685,1.6017718,1.521980918634977
191,11,2.0,1.6497814421376986,1.5950305226600552,1.2000964601105981,1.5927073,1.5145167433831432
191,12,1.0,1.6405668764300332,1.5949022850988457,1.200097811659454,1.6283349,1.5212889582460065
191,13,1.0,1.1516394121066373,1.1393425878123444,1.2004975305427628,1.180394,1.1675022039029033
191,14,1.0,1.1666196082226283,1.296710114585109,1.1995416242552308,1.1607699,1.2058575158537361
191,15,2.0,1.7393000651761374,1.5955755322951959,1.2000907238337526,1.7838182,1.5863147542583305
191,16,1.0,1.686688819206026,1.593716087657657,1.2001103467835208,1.765352,1.567799555882409
191,17,1.0,1.1452581612593618,1.1394387659832514,1.2004976258488753,1.165429,1.1620741296898713
191,18,1.0,1.1646061177235811,1.2966780551948065,1.1995416442783233,1.1607699,1.205339870204891
191,19,2.0,1.796719160731568,1.5957999480273126,1.2000883655371901,1.7737604,1.5983223788694096
191,20,1.0,1.6299943336484668,1.660066491245102,1.199869767077651,1.5986786,1.52744491559163
191,21,1.0,1.162513493553428,1.295748332876037,1.1995422692668607,1.1748031,1.2081737789836138
191,22,1.0,1.1867472658588345,1.3448568587094376,1.199783487732082,1.186647,1.2298283975136015
191,23,1.0,1.1258821306421951,1.140785260375952,1.2004990283442867,1.1529022,1.1542995740656863
191,24,1.0,1.207773957786137,1.3459148185894168,1.19978335313242,1.2058796,1.2403490427727888
191,25,1.0,1.1598418887022317,1.1395028847638562,1.2004976897464898,1.165429,1.1657809542347355
191,26,1.0,1.3268707599329093,1.29860161861295,1.1995406226722454,1.3055766,1.2840229840336175
191,27,5.0,1.6434912889310471,1.6600023724644972,1.199869828341699,1.6244261,1.5374468821615679
191,28,4.0,1.6137169675985765,1.5948061069279384,1.2000988257846814,1.5363746,1.4908882534696644
191,29,3.0,1.6856252350877035,1.5946137505861242,1.2001008552180112,1.6990657,1.5507571122862573
191,30,2.0,1.6356221049707276,1.6592329470972396,1.199870585585295,1.6350033,1.537973329466443
191,31,1.0,1.6497814421376986,1.5950305226600552,1.2000964601105981,1.5927073,1.5145167433831432
191,32,2.0,1.174838548323692,1.2971589460493425,1.1995413545723521,1.1723871,1.211030003075396
191,33,1.0,1.1449305274172912,1.2974154211717617,1.1995412094107734,1.1723871,1.2035262969994698
191,34,1.0,1.1900136759493962,1.3448889180997403,1.1997834828791212,1.186647,1.230663112769553
191,35,1.0,1.1489715766063044,1.1386052218353893,1.2004968213861404,1.1538677,1.1598379888475638
191,36,1.0,1.1655084232770827,1.3470689566403031,1.1997832664888608,1.1679827,1.2202271808038234
191,37,1.0,1.1617710661539102,1.1406570228147426,1.2004988892805604,1.1529022,1.1633492052989647
191,38,1.0,1.1537194300630726,1.3454339277348808,1.1997834077867173,1.1771342,1.2191768919076953
191,39,1.0,1.5810428838621384,1.59656937339457,1.2000802963556956,1.4974122,1.4730701610052648
191,40,1.0,1.1970008673086914,1.1135560354608032,1.1997628364878061,1.206647,1.1790136121614947
191,41,2.0,1.1670807939475727,1.3446324429773209,1.199783523045361,1.1947109,1.2268626175081814
191,42,1.0,1.218559435271805,1.3458186404185095,1.1997833631913337,1.2058796,1.243054097787076
191,43,1.0,1.6250675885155377,1.660451203928731,1.1998694054005503,1.5995178,1.5265106474769954
191,44,1.0,1.1477638417781029,1.1378357964681318,1.2004961219407138,1.1383672,1.155362594433757
191,45,1.0,1.2600887296380707,1.2969024709269232,1.1995415062360826,1.1790755,1.2342538174561017
191,46,1.0,1.1433301179676372,1.1391181720802275,1.2004973106825902,1.1586083,1.159755942329062
191,47,1.0,1.6299943336484668,1.660066491245102,1.199869767077651,1.5986786,1.52744491559163
191,48,2.0,1.219020524445537,1.1400799537892996,1.2004982778145044,1.2040194,1.1907989565231198
191,49,1.0,1.1471123619535935,1.1408173197662548,1.20049906329168,1.1529022,1.1596802545294442
191,50,3.0,1.6999185129366248,1.5944855130249145,1.2001022090586855,1.7141206,1.5582026860528884
191,51,2.0,1.6354951905133106,1.5939084439994715,1.2001083099950105,1.5973891,1.5118208847959822
191,52,1.0,1.7393000651761374,1.5955755322951959,1.2000907238337526,1.7838182,1.5863147542583305
191,53,1.0,1.173014267303392,1.3466201251760697,1.1997832927019314,1.188075,1.2271654213736838
191,54,2.0,1.686688819206026,1.593716087657657,1.2001103467835208,1.765352,1.567799555882409
191,55,1.0,1.7127298904661634,1.660387085148126,1.1998694649694406,1.6706413,1.5669170138676938
191,56,2.0,1.180781412511536,1.115800192781971,1.199749324251507,1.1576169,1.16290069761122
191,57,1.0,1.1785228216490968,1.1144536983892703,1.1997574322533067,1.1880307,1.1697895218166448
191,58,1.0,1.1843181891088805,1.346652184566372,1.1997832905121573,1.188075,1.2300341239181611
191,59,1.0,1.2875204853668183,1.1413302700110928,1.2004996322884198,1.1294202,1.1893204723238562
191,60,1.0,1.1813283130218806,1.2960048079984563,1.1995420883084729,1.1635165,1.210105668565327
191,61,2.0,1.6989181501538004,1.5945496318055195,1.2001015320627781,1.6955403,1.5532009514836351
191,62,1.0,1.5937295738178139,1.5929466622903996,1.20011850964477,1.6580455,1.51656512475881
191,63,1.0,1.1646061177235811,1.2966780551948065,1.1995416442783233,1.1607699,1.205339870204891
191,64,1.0,1.2052291474555978,1.3441515521227851,1.1997836066682077,1.1971539,1.2370213352206834
191,65,1.0,1.1212107640076263,1.1405608446438353,1.2004987857449,1.1529022,1.15306058128496
191,66,1.0,1.6231809632092604,1.6606756196608474,1.1998691991102322,1.6050233,1.5275017524733903
191,67,2.0,1.1910524444201633,1.2967421739754115,1.1995416043308185,1.1750033,1.2156985602614572
191,68,1.0,1.1529475192655811,1.297768074465088,1.1995410204377885,1.171293,1.2053637001815656
191,69,1.0,1.211845311391405,1.1400478943989971,1.2004982445305556,1.2040194,1.1889750637538767
191,70,2.0,1.6454965100847871,1.5922092963134444,1.2001263559031605,1.7873827,1.5626473259132325
191,71,1.0,1.6980069156075408,1.594517572415217,1.2001018705334519,1.6955403,1.5529623202505363
191,72,1.0,1.189290764715959,1.3438630176100634,1.1997836620409938,1.2073308,1.2355246663087316
191,73,1.0,1.6527022414281267,1.5960884825400343,1.200085336619684,1.729672,1.5506436366940974
191,74,1.0,1.231142450789751,1.297351302391157,1.199541245091485,1.1723871,1.2253270183306193
191,75,1.0,1.1380677604662386,1.34796661956877,1.1997832427106392,1.1700324,1.2140357811270301
191,76,1.0,1.1910295557218158,1.1156719552207615,1.1997500965075172,1.1784981,1.1708165443260694
191,77,1.0,1.2106734482107313,1.343702720658552,1.1997836944817406,1.2029234,1.2397650246875276
191,78,1.0,1.175657219066553,1.2958124516566418,1.1995422234114523,1.1717614,1.2107361518986768
191,79,1.0,1.180781412511536,1.115800192781971,1.199749324251507,1.1576169,1.16290069761122
191,80,2.0,1.5407083206533545,1.6618938764923386,1.1998681395730542,1.70775,1.5332819343039472
191,81,1.0,1.6176861899956732,1.6598741349032875,1.1998699517297846,1.626861,1.53150856479834
191,82,1.0,1.1919495676601004,1.1135880948511057,1.1997626435002038,1.1740649,1.1693881585994248
191,83,2.0,1.6786980416982942,1.5942290379024955,1.2001049188321018,1.7540394,1.5630049570669975
191,84,1.0,1.67728471870079,1.6614771044184073,1.1998684905865107,1.746073,1.5775662139898783
191,85,1.0,1.1919495676601004,1.1135880948511057,1.1997626435002038,1.1740649,1.1693881585994248
191,86,1.0,1.2468047892303447,1.3454980465154858,1.1997833998698069,1.2265123,1.2554117798204565
191,87,1.0,1.1656565105301366,1.115639895830459,1.1997502895712506,1.1784981,1.1643875303348898
191,88,1.0,1.1949944722155683,1.3464277688342552,1.1997833068529953,1.188075,1.2326790954854066
191,89,1.0,1.2276581230263663,1.1134277978995937,1.1997636084326009,1.2185128,1.189782309055305
191,90,3.0,1.7009979723964577,1.594453453634612,1.2001025476161822,1.7277116,1.5619530261078838
191,91,2.0,1.5106886322062212,1.6604832633190332,1.199869375716535,1.5995178,1.4975738163521974
191,92,1.0,1.6409925853598544,1.5947419881473337,1.2000995020952943,1.5928975,1.5122691116903564
191,93,1.0,1.164816204102289,1.1142292826571536,1.1997587834092098,1.1573049,1.1583852037902747
191,94,1.0,1.1813283130218806,1.2960048079984563,1.1995420883084729,1.1635165,1.210105668565327
191,95,1.0,1.1259820435078844,1.11605666790439,1.1997477797043115,1.1576169,1.149097611539092
191,96,1.0,1.637026977057564,1.6599382536838925,1.1998698898947675,1.626861,1.536419189247793
191,97,1.0,1.164816204102289,1.1142292826571536,1.1997587834092098,1.1573049,1.1583852037902747
191,98,1.0,1.1513370165460721,1.1403684883020209,1.2004985806222812,1.1787317,1.1672592522273506
191,99,1.0,1.20446815651791,1.3451774526124618,1.1997834413854926,1.1812984,1.233022403603226
191,100,1.0,1.1529475192655811,1.297768074465088,1.1995410204377885,1.171293,1.2053637001815656
191,101,1.0,1.1828371666541877,1.3451133338318573,1.199783450269119,1.1812984,1.2275322038874208
191,102,1.0,1.6258720744815072,1.59509464144066,1.2000957845886016,1.6960963,1.53499491558072
191,103,1.0,1.2016850240352956,1.345369808954276,1.1997834158935388,1.1771342,1.2312989242328625
191,104,1.0,1.6966937216130047,1.6601306100257067,1.199869706100577,1.7618678,1.5861877765676282
191,105,1.0,1.1805760228231228,1.1140048669250369,1.1997601344988384,1.1769835,1.1673632486619916
191,106,1.0,1.6813250287631123,1.6604191445384282,1.1998694351392898,1.5995178,1.540739146944576
191,107,1.0,1.174299326371559,1.1137163324123154,1.1997618715250307,1.1699439,1.1638970660952839
191,108,1.0,1.1642002232080095,1.2975757181232734,1.1995411219901746,1.1723871,1.2084432639082274
191,109,1.0,1.637026977057564,1.6599382536838925,1.1998698898947675,1.626861,1.536419189247793
191,110,1.0,1.2059146145158661,1.1154154800983422,1.1997516409879478,1.1784981,1.1745188458066833
191,111,1.0,1.69355536065839,1.5944213942443097,1.2001028862418013,1.6932174,1.5512160153693846
191,112,1.0,1.1990568905764365,1.1392784690317395,1.2004974673637967,1.180394,1.1794855122421413
191,113,1.0,1.5965162910159112,1.5958961261982199,1.20008735549997,1.6252414,1.5095971829104224
191,114,1.0,1.2338870688994323,1.1134919166801984,1.1997632224639523,1.206647,1.1883319639541972
191,115,2.0,1.7566611343214578,1.5936199094867498,1.2001113657679758,1.7806064,1.5893945376803496
191,116,1.0,1.5840613823230143,1.6606435602705452,1.199869228363115,1.6050233,1.517593977419712
191,117,1.0,1.1163173082682318,1.1406249634244403,1.200498854695082,1.1529022,1.1518384772689385
191,118,2.0,1.6124782480916082,1.6608038572220571,1.1998690827840284,1.6017718,1.5239919198444927
191,119,1.0,1.6299492623952174,1.594132859731588,1.200105935721986,1.6336982,1.5197846106618178
191,120,1.0,1.1270000281752588,1.1387014000062965,1.2004969117275397,1.1608044,1.1560810023723258
191,121,1.0,1.796719160731568,1.5957999480273126,1.2000883655371901,1.7737604,1.5983223788694096
191,122,1.0,1.1884395614912016,1.1399196568377872,1.2004981121169347,1.2040194,1.1830194806252536
191,123,2.0,1.1845445841293307,1.3449850962706473,1.1997834686149365,1.186647,1.2293034305349246
191,124,1.0,1.2009979889429132,1.3440233145615754,1.1997836307964425,1.1971539,1.2359181446175853
191,125,1.0,1.1707888739857695,1.2959406892178515,1.199542132942508,1.1635165,1.207422324429588
191,126,1.0,1.1759223861895964,1.3447606805385304,1.1997835025814474,1.186647,1.2270646991991176
191,127,1.0,1.2021417342072835,1.138829637567506,1.2004970331874638,1.1608044,1.1751289736982637
191,128,1.0,1.2193809321215783,1.297383361781459,1.1995412272029535,1.1723871,1.2223587367727715
191,129,1.0,1.6999185129366248,1.5944855130249145,1.2001022090586855,1.7141206,1.5582026860528884
191,130,1.0,1.1449305274172912,1.2974154211717617,1.1995412094107734,1.1723871,1.2035262969994698
191,131,2.0,1.1529674740719416,1.1391502314705297,1.2004973418756955,1.1586083,1.162202908792881
191,132,1.0,1.1813883639972784,1.1387975781772037,1.2004970027155075,1.1608044,1.1698689695946223
191,133,1.0,1.1701482974740927,1.1142934014377583,1.199758397368022,1.1738906,1.1640038657706997
191,134,1.0,1.6526838097779677,1.5951587602212647,1.2000951092503656,1.6261276,1.5238535172851597
191,135,1.0,1.1529475192655811,1.297768074465088,1.1995410204377885,1.171293,1.2053637001815656
191,136,1.0,1.2321065762213887,1.3433821267555275,1.1997837629643524,1.1943103,1.242899105733655
191,137,3.0,1.663512919964638,1.5949984632697527,1.2000967979296713,1.6930268,1.5437091358839163
191,138,2.0,1.6935923584937675,1.6595535410002638,1.1998702651186604,1.6826407,1.5649403486756945
191,139,1.0,1.6299943336484668,1.660066491245102,1.199869767077651,1.5986786,1.52744491559163
191,140,1.0,1.1962294905989044,1.1133316197286864,1.1997641873736822,1.2022048,1.1776228017854602
191,141,1.0,1.7209135139883298,1.5954152353436841,1.2000924096481962,1.7339035,1.5688217383267347
191,142,1.0,1.2276581230263663,1.1134277978995937,1.1997636084326009,1.2185128,1.189782309055305
191,143,1.0,1.1646061177235811,1.2966780551948065,1.1995416442783233,1.1607699,1.205339870204891
191,144,2.0,1.6736059675247517,1.6610603323444761,1.1998688535113387,1.7047309,1.56592827000009
191,145,1.0,1.6788462459049018,1.5935237313158428,1.20011238515351,1.6911229,1.5467316951118004
191,146,1.0,1.1481368016772706,1.1119851253359858,1.199772290952118,1.169864,1.1568202297498364
191,147,1.0,1.296134485725085,1.342420345046456,1.1997839971621125,1.271662,1.2786945253616475
191,148,1.0,1.1678564916796892,1.1142613420474559,1.199758590387938,1.1573049,1.1591626514120168
191,149,2.0,1.6367290819546338,1.5961846607109413,1.2000843277708706,1.6434928,1.5245261053948425
191,150,1.0,1.6980069156075408,1.594517572415217,1.2001018705334519,1.6955403,1.5529623202505363
191,151,1.0,1.1329577529443358,1.2979604308069024,1.1995409225459215,1.1516759,1.1953231972189884
191,152,1.0,1.076882802140256,1.1167940338813451,1.1997433389431051,1.1576169,1.136858017048664
191,153,2.0,1.2199116941894639,1.2972551242202495,1.1995412993690346,1.1723871,1.222460617457797
191,154,1.0,1.1221648596757026,1.2970627678784352,1.1995414106804765,1.1669071,1.1962706836578498
191,155,1.0,1.1745827753826683,1.138380806103272,1.2004966131103176,1.1721265,1.1709445758146644
191,156,1.0,1.6299492623952174,1.594132859731588,1.200105935721986,1.6336982,1.5197846106618178
191,157,1.0,1.1507993378106427,1.2961971643402705,1.1995419568733328,1.1635165,1.2024285999653084
191,158,1.0,1.560434986574667,1.6595214816099613,1.1998702968533552,1.5186424,1.4891801670998206
191,159,1.0,1.296830874122851,1.343157711023411,1.1997838137589942,1.2591685,1.2758535307243029
191,160,1.0,1.6784924548505906,1.5946458099764265,1.2001005168715146,1.6990657,1.5489601112148832
191,161,1.0,1.215818384320786,1.3445683241967163,1.1997835335684472,1.1947109,1.2391800131553816
191,162,5.0,1.6959361548474345,1.6609000353929642,1.1998689962798894,1.700251,1.57038983488822
191,163,4.0,1.6549555417396147,1.6589123531942158,1.1998709130955858,1.6244049,1.5400670074352232
191,164,3.0,1.6266778499042183,1.5947740475376362,1.200099163907706,1.5928975,1.5086546326115364
191,165,2.0,1.6497808648037355,1.5942610972927977,1.200104579958601,1.6080896,1.5182683889324473
191,166,1.0,1.7183516122643658,1.66070767905115,1.1998691699195627,1.6050233,1.5515939080769492
191,167,1.0,1.1827092355738207,1.3443759678549019,1.1997835662974599,1.2004491,1.232224203755357
191,168,1.0,1.1164019112625763,1.296133045559666,1.1995420002779371,1.1635165,1.1937077118346147
191,169,1.0,1.206413066026052,1.1149345892438063,1.1997545367316322,1.2129347,1.1833547630552381
191,170,2.0,1.1606287902381691,1.2952995014118036,1.1995426015976778,1.172182,1.2069111679543543
191,171,1.0,1.1606287902381691,1.2952995014118036,1.1995426015976778,1.172182,1.2069111679543543
191,172,1.0,1.163269781313721,1.1375472619554101,1.2004958703049502,1.1765636,1.1690083982788004
191,173,1.0,1.2271144032019203,1.1122736598487077,1.1997705547458068,1.2217907,1.1901948700363234
191,174,1.0,1.7622703789021237,1.593395493754633,1.2001137449238828,1.8000718,1.595749447298767
191,175,1.0,1.2218801318147556,1.3435424237070395,1.1997837281224488,1.185923,1.2382009369209799
191,176,1.0,1.2076652511924875,1.1127545507032435,1.19976766072181,1.20506,1.1811036994769153
191,177,1.0,1.1796819736231487,1.1369381335396649,1.2004953581164126,1.202808,1.1797374474710587
191,178,1.0,1.177453268160197,1.3454018683445783,1.199783411816775,1.1771342,1.2251749060964512
191,179,2.0,1.7351881609925968,1.6601947288063115,1.199869645381723,1.7618678,1.595945457760902
191,180,1.0,1.6457733948463156,1.5960564231497318,1.200085672989273,1.729672,1.5488821776224515
191,181,1.0,1.2548861361273262,1.342933295291294,1.1997838668978467,1.2583008,1.264959640015167
191,182,1.0,1.1701482974740927,1.1142934014377583,1.199758397368022,1.1738906,1.1640038657706997
191,183,1.0,1.1590769233571379,1.296613936414202,1.1995416846395008,1.1607699,1.20392442626131
191,184,1.0,1.1782512372653924,1.1139728075347344,1.199760327509613,1.1769835,1.1667668672199403
191,185,1.0,1.6989181501538004,1.5945496318055195,1.2001015320627781,1.6955403,1.5532009514836351
191,186,1.0,1.186386652234524,1.1350786889021258,1.2004939540611193,1.2090888,1.1825738643138686
191,187,1.0,1.6786980416982942,1.5942290379024955,1.2001049188321018,1.7540394,1.5630049570669975
191,188,1.0,1.142879503758128,1.296229223730573,1.1995419353229304,1.1635165,1.200432500910479
191,189,1.0,1.198840871137361,1.1350466295118233,1.2004939319532753,1.2090888,1.1857174322978699
191,190,3.0,1.6236473274326118,1.6584955811202846,1.1998713494155526,1.5772818,1.519954693887156
191,191,2.0,1.782161449073157,1.5956075916854984,1.2000903868027868,1.7762643,1.5952322720427403
191,192,1.0,1.682278294971463,1.5950625820503577,1.2000961223292193,1.6960963,1.5492611387666702
191,193,1.0,1.1481368016772706,1.1119851253359858,1.199772290952118,1.169864,1.1568202297498364
191,194,1.0,1.139705767220804,1.296068926779061,1.1995420440915832,1.1635165,1.1995888104387902
191,195,2.0,1.6405668764300332,1.5949022850988457,1.200097811659454,1.6283349,1.5212889582460065
191,196,1.0,1.6340731500529824,1.5940046221703785,1.2001072921860267,1.6769178,1.5318791155468103
191,197,1.0,1.1895405664792986,1.2957162734857348,1.1995422923425585,1.1748031,1.2150051894126754
191,198,1.0,1.1531654212243294,1.1124018974099172,1.1997697830470389,1.1833042,1.1616441738950982
191,199,2.0,1.6395640463323826,1.5951908196115672,1.2000947716535608,1.6261276,1.5205414400362374
191,200,1.0,1.7160649934189822,1.593555790706145,1.2001120453096752,1.6911229,1.5561583682282825
191,201,1.0,1.2028469718447954,1.1360084112208952,1.2004946261116705,1.2081482,1.1867335878656426
191,202,2.0,1.1481368016772706,1.1119851253359858,1.199772290952118,1.169864,1.1568202297498364
191,203,1.0,1.45276447153138,1.3406250191895215,1.1997845491496528,1.3965317,1.3498984595308365
191,204,1.0,1.0857126876794703,1.13379631329003,1.2004931251363862,1.1305165,1.13662366508084
191,205,2.0,1.6999185129366248,1.5944855130249145,1.2001022090586855,1.7141206,1.5582026860528884
191,206,1.0,1.631898168725638,1.5952228790018697,1.2000944340906046,1.5530947,1.49988127638027
191,207,1.0,1.3016683096047534,1.1089715426475608,1.199790413283204,1.3433998,1.2394156281567121
191,208,2.0,1.73757085003031,1.5945816911958217,1.2001011936136214,1.8723685,1.60833560118362
191,209,1.0,1.6195186385897566,1.658687937462099,1.1998711465526137,1.5996827,1.5247028784266123
191,210,1.0,1.2022673449826848,1.2953956795827108,1.1995425287070083,1.172182,1.2174726145503878
191,211,2.0,1.4821902000139195,1.342099751143432,1.1997840847847063,1.3533503,1.3466448118892687
191,212,1.0,1.1816048246397715,1.1116965908232643,1.1997740269946056,1.1738204,1.166231631514723
191,213,5.0,1.7256665821952242,1.5937481470479595,1.2001100072021729,1.765352,1.5776713685684784
191,214,4.0,1.6299492623952174,1.594132859731588,1.200105935721986,1.6336982,1.5197846106618178
191,215,3.0,1.6507180106794368,1.5942931566831,1.2001042411327758,1.6080896,1.5185135772471925
191,216,2.0,1.6172126408626901,1.594838166318241,1.200098487696658,1.5399392,1.4926949743683937
191,217,1.0,1.6569723758683623,1.5948702257085432,1.200098149663453,1.6283349,1.525432529641264
191,218,1.0,1.1415375385185653,1.1320651062137008,1.2004921856039523,1.1379697,1.1522237558566455
197,1,1.0,1.2192451507395037,1.136393123904524,1.2004949217310132,1.2008309,1.1891043518893674
197,2,1.0,1.177568623099113,1.114517817169875,1.1997570461954055,1.1880307,1.169564185020468
197,3,1.0,1.1574683578719227,1.29632540190148,1.1995418712736134,1.1644905,1.2043984489063067
197,4,5.0,1.6443503518292182,1.594196978512193,1.2001052577588711,1.6076175,1.5167570117934839
197,5,4.0,1.6497808648037355,1.5942610972927977,1.200104579958601,1.6080896,1.5182683889324473
197,6,3.0,1.652319432937836,1.6583352841687726,1.1998715204081665,1.6742713,1.552041569969274
197,7,2.0,1.6383099851293503,1.5939725627800763,1.200107631407657,1.6147628,1.5170045050702918
197,8,1.0,1.6935149985153197,1.5927222465582829,1.2001208952015985,1.6661373,1.5438357893094734
197,9,1.0,1.151807983534213,1.3452415713930665,1.1997834326949595,1.1714095,1.2171764732197903
197,10,1.0,1.1644433865670578,1.137611380736015,1.2004959257203662,1.1765636,1.169321632027616
197,11,2.0,1.6137169675985765,1.5948061069279384,1.2000988257846814,1.5363746,1.4908882534696644
197,12,1.0,1.686558526761332,1.6583032247784704,1.199871554822151,1.6742713,1.5606980696085875
197,13,1.0,1.1886828618755136,1.2962612831208755,1.1995419138723007,1.1635165,1.2120316860762967
197,14,1.0,1.7209135139883298,1.5954152353436841,1.2000924096481962,1.7339035,1.5688217383267347
197,15,1.0,1.1238941612170599,1.1378037370778296,1.2004960936941813,1.1383672,1.149313971955641
197,16,1.0,1.1739344927240871,1.113620154241408,1.1997624505064868,1.1740649,1.1648372996681418
197,17,1.0,1.1936078998227584,1.295427738973013,1.1995425046113317,1.1824814,1.2179304890361031
197,18,2.0,1.2102585268013228,1.1370022523202699,1.2004954108176114,1.202808,1.1874914415786324
197,19,1.0,1.1973604035782472,1.1375152025651079,1.200495842702153,1.1765636,1.177627310722563
197,20,1.0,1.167345478598189,1.2963574612917825,1.1995418501286734,1.1644905,1.2069060781940681
197,21,1.0,1.6527022414281267,1.5960884825400343,1.200085336619684,1.729672,1.5506436366940974
197,22,1.0,1.2175845138626074,1.1127866100935457,1.1997674677769041,1.20506,1.1836219524857925
197,23,1.0,1.6287602230629168,1.659810016122683,1.199870013838414,1.621523,1.5329259170826672
197,24,1.0,1.1670807939475727,1.3446324429773209,1.199783523045361,1.1947109,1.2268626175081814
197,25,1.0,1.2693713540011202,1.1110874624075189,1.1997776913954004,1.270983,1.213204697869636
197,26,1.0,1.6680076424450876,1.5928825435097949,1.200119191017975,1.6580455,1.5353459974217185
197,27,1.0,1.1830027542386146,1.3448247993191353,1.199783492632039,1.186647,1.2288726930664147
197,28,2.0,1.139705767220804,1.296068926779061,1.1995420440915832,1.1635165,1.1995888104387902
197,29,1.0,1.1723123013132706,1.296549817633597,1.1995417253966993,1.1644905,1.2082116393787046
197,30,2.0,1.6980069156075408,1.594517572415217,1.2001018705334519,1.6955403,1.5529623202505363
197,31,1.0,1.665619112242517,1.5951267008309624,1.200095446892932,1.7356517,1.5552048317635476
197,32,1.0,1.1507993378106427,1.2961971643402705,1.1995419568733328,1.1635165,1.2024285999653084
197,33,1.0,1.1871681340271636,1.135848114269383,1.2004945059710883,1.192668,1.1787555812763126
197,34,1.0,1.6935923584937675,1.6595535410002638,1.1998702651186604,1.6826407,1.5649403486756945
197,35,1.0,1.1989565689670538,1.1381563903711558,1.2004964083517988,1.1898162,1.1815920817399403
197,36,1.0,1.6787549334372809,1.5934916719255403,1.2001127250213826,1.6414815,1.5339707315245577
197,37,1.0,1.214835327556555,1.343798898829459,1.199783674871381,1.2073308,1.2419727947265295
197,38,3.0,1.686558526761332,1.6583032247784704,1.199871554822151,1.6742713,1.5606980696085875
197,39,2.0,1.6137169675985765,1.5948061069279384,1.2000988257846814,1.5363746,1.4908882534696644
197,40,1.0,1.796719160731568,1.5957999480273126,1.2000883655371901,1.7737604,1.5983223788694096
197,41,2.0,1.192919065672242,1.1128827882644532,1.1997668889159245,1.20506,1.1774042729525176
197,42,1.0,1.2175845138626074,1.1127866100935457,1.1997674677769041,1.20506,1.1836219524857925
197,43,2.0,1.1705817624103654,1.2952033232408966,1.1995426754066847,1.1671798,1.2081228411089526
197,44,1.0,1.2122133132102533,1.2955559765342228,1.1995424092530504,1.1946213,1.2257843573923077
197,45,1.0,1.6497814421376986,1.5950305226600552,1.2000964601105981,1.5927073,1.5145167433831432
197,46,1.0,1.162157091064761,1.1124339568002195,1.1997695901184449,1.1786145,1.1627250755420853
197,47,1.0,1.560434986574667,1.6595214816099613,1.1998702968533552,1.5186424,1.4891801670998206
197,48,1.0,1.1813283130218806,1.2960048079984563,1.1995420883084729,1.1635165,1.210105668565327
197,49,3.0,1.6935923584937675,1.6595535410002638,1.1998702651186604,1.6826407,1.5649403486756945
197,50,2.0,1.6608818161739438,1.6607397384414522,1.199869140801079,1.6017718,1.5362247985083768
197,51,1.0,1.6811252937082264,1.660867976002662,1.1998690250331114,1.700251,1.5666336665001748
197,52,1.0,1.225222975222609,1.297607777513576,1.199541104811532,1.1723871,1.2238938963070658
197,53,4.0,1.6258720744815072,1.59509464144066,1.2000957845886016,1.6960963,1.53499491558072
197,54,3.0,1.6601713967159102,1.594036681560681,1.200106953006346,1.6769178,1.53849161558635
197,55,2.0,1.663181506159617,1.5949664038794504,1.2000971357858055,1.6930268,1.543617234947416
197,56,1.0,1.5970282593915344,1.593235196803121,1.20011544562649,1.5964175,1.5016685502533036
197,57,1.0,1.1627522959222671,1.2952353826311989,1.1995426507001048,1.1671798,1.2061496098773183
197,58,2.0,1.6645194617143122,1.593876384609169,1.2001086493497122,1.763314,1.5617068882807694
197,59,1.0,1.737201507185827,1.5956396510758006,1.2000900498148435,1.7762643,1.583862664153016
197,60,3.0,1.2876426094985567,1.3424844638270605,1.1997839802083758,1.2450023,1.2697252746742458
197,61,2.0,1.1808736565511468,1.3441836115130874,1.1997836007566383,1.1971539,1.23086600404746
197,62,1.0,1.1534403789380336,1.3422600480949436,1.1997840403766085,1.271662,1.242543552422001
197,63,1.0,1.1678564916796892,1.1142613420474559,1.199758590387938,1.1573049,1.1591626514120168
197,64,2.0,1.6608818161739438,1.6607397384414522,1.199869140801079,1.6017718,1.5362247985083768
197,65,1.0,1.670538944496338,1.594677869366729,1.2001001785789074,1.6463499,1.5334372005434815
197,66,1.0,1.1419253729924201,1.343350067365225,1.1997837700759648,1.1943103,1.2200695827029175
197,67,5.0,1.5937295738178139,1.5929466622903996,1.20011850964477,1.6580455,1.51656512475881
197,68,4.0,1.6935923584937675,1.6595535410002638,1.1998702651186604,1.6826407,1.5649403486756945
197,69,3.0,2.2833947024160826,1.592241355703747,1.2001260142834644,1.7873827,1.7240829808318545
197,70,2.0,1.7043160460094233,1.5934596125352378,1.2001130649490561,1.8000718,1.5810994878474844
197,71,1.0,1.7043160460094233,1.5934596125352378,1.2001130649490561,1.8000718,1.5810994878474844
197,72,1.0,1.2648426130067707,1.11230571923901,1.1997703618253037,1.2217907,1.1997505034493736
197,73,1.0,1.6266778499042183,1.5947740475376362,1.200099163907706,1.5928975,1.5086546326115364
197,74,1.0,1.2472487134802384,1.3434462455361322,1.1997837488845537,1.2156147,1.2522104366486433
197,75,2.0,1.6254999373061878,1.5932672561934236,1.2001151054004,1.5544634,1.498123125698828
197,76,1.0,1.6231809632092604,1.6606756196608474,1.1998691991102322,1.6050233,1.5275017524733903
197,77,1.0,1.1851066944452175,1.1371946086620843,1.2004955706269376,1.1749771,1.1740383396806686
197,78,1.0,1.174281945932918,1.295588035924525,1.1995423856716452,1.1946213,1.2161934872003668
197,79,1.0,1.670538944496338,1.594677869366729,1.2001001785789074,1.6463499,1.5334372005434815
197,80,1.0,1.1896951901087605,1.1368098959784554,1.2004952535813258,1.197013,1.1807528993617242
197,81,3.0,1.1909792097860765,1.1132995603383842,1.1997643803551135,1.2022048,1.1762860894327212
197,82,2.0,1.2634555196231645,1.1110233436269141,1.1997780770749096,1.270983,1.2116914921266946
197,83,1.0,1.2276581230263663,1.1134277978995937,1.1997636084326009,1.2185128,1.189782309055305
197,84,2.0,1.6356920304375568,1.6583994029493776,1.1998714518039366,1.5660717,1.520103760205458
197,85,1.0,1.6515503333084272,1.65990619429359,1.1998699207748802,1.626861,1.5400863892996361
197,86,1.0,1.174346032473109,1.295844511046944,1.1995422006426717,1.1717614,1.2104124483436847
197,87,1.0,1.1918420443347708,1.1132675009480817,1.1997645733299789,1.2022048,1.176496372655414
197,88,3.0,1.2245064586242262,1.1364251832948264,1.2004949468289943,1.2008309,1.1904439065529626
197,89,2.0,1.190658252253391,1.135110748292428,1.2004939762400182,1.2090888,1.1836629610951077
197,90,1.0,1.2181272655498296,1.1363290051239192,1.2004948717475201,1.2033799,1.1894588445808787
197,91,1.0,1.6354951905133106,1.5939084439994715,1.2001083099950105,1.5973891,1.5118208847959822
197,92,2.0,1.1873065435124603,1.135655757927569,1.2004943641519632,1.192668,1.1787418957176041
197,93,1.0,1.1762367488796617,1.136489302075431,1.2004949972381445,1.2008309,1.1782449280570075
197,94,1.0,1.1997534048416136,1.1151269455856208,1.199753378457433,1.2012899,1.1787316977515028
197,95,1.0,1.162157091064761,1.1124339568002195,1.1997695901184449,1.1786145,1.1627250755420853
197,96,2.0,1.6340731500529824,1.5940046221703785,1.2001072921860267,1.6769178,1.5318791155468103
197,97,1.0,1.7534697414980878,1.5955434729048936,1.2000910609130824,1.7838182,1.5898925241580197
197,98,3.0,1.2163226168976773,1.296293342511178,1.199541892524547,1.1644905,1.2192841018228981
197,99,2.0,1.139705767220804,1.296068926779061,1.1995420440915832,1.1635165,1.1995888104387902
197,100,1.0,1.1641984339211935,1.2957803922663396,1.1995422462877274,1.1717614,1.2078282642806073
197,101,1.0,1.6569723758683623,1.5948702257085432,1.200098149663453,1.6283349,1.525432529641264
197,102,1.0,1.2029668361747774,1.1125301349711267,1.1997690113160722,1.1786145,1.1730766620103885
197,103,1.0,1.1874386316075496,1.1352069264633355,1.2004940432021445,1.1867164,1.1771354869551918
197,104,3.0,1.2886265462958888,1.1109592248463094,1.1997784627435133,1.3334317,1.234059280481966
197,105,2.0,1.1416926683363755,1.1119210065553813,1.1997726767545835,1.1643181,1.1537511351574956
197,106,1.0,1.2141674252771002,1.1130110258256625,1.1997661170808154,1.2066385,1.1832184635881366
197,107,1.0,1.186386652234524,1.1350786889021258,1.2004939540611193,1.2090888,1.1825738643138686
197,108,2.0,1.560434986574667,1.6595214816099613,1.1998702968533552,1.5186424,1.4891801670998206
197,109,1.0,1.7009979723964577,1.594453453634612,1.2001025476161822,1.7277116,1.5619530261078838
197,110,1.0,1.2202787221211295,1.135719876708174,1.2004944111401388,1.192668,1.1871021295954864
197,111,1.0,1.1345067460362022,1.3442477302936924,1.1997835890772024,1.1937002,1.2182628710660128
197,112,1.0,1.2122133132102533,1.2955559765342228,1.1995424092530504,1.1946213,1.2257843573923077
197,113,1.0,1.3753297907578326,1.1107989278947972,1.1997794268741935,1.3334317,1.2559602178172466
197,114,1.0,1.177695795176555,1.29712688665904,1.1995413731711564,1.1669071,1.2103396556213895
197,115,1.0,1.1834868935540706,1.3446965617579258,1.1997835127151613,1.1930181,1.2305965262635223
197,116,1.0,1.7951244915072548,1.5921451775328397,1.2001270392580727,1.7873827,1.6004963786780546
197,117,1.0,1.1805760228231228,1.1140048669250369,1.1997601344988384,1.1769835,1.1673632486619916
197,118,1.0,1.6251788495266977,1.6600985506354042,1.1998697365431303,1.5986786,1.5262344065817814
197,119,3.0,1.213839904499222,1.3425485826076653,1.199783963447793,1.2450023,1.2510648561616196
197,120,2.0,1.3782561413717749,1.3421638699240366,1.1997840668763782,1.3533503,1.3203593004864391
197,121,1.0,1.1957860452055677,1.3423882856561535,1.199784005711363,1.271662,1.2532920639677696
197,122,1.0,1.5855926860293372,1.6585276405105869,1.1998713154306027,1.5772818,1.5103326252608533
197,123,2.0,1.371854844393317,1.1108951060657046,1.1997788484000964,1.3334317,1.2551050435242146
197,124,1.0,1.4118803937003965,1.3410738506537552,1.1997843971792377,1.3228239,1.3207644915520047
197,125,1.0,1.1472084083718033,1.2953636201924084,1.1995425529004893,1.172182,1.2035311972878553
197,126,2.0,1.63798547655001,1.659970313074195,1.199869859089585,1.6244261,1.5360454660261045
197,127,1.0,1.6526838097779677,1.5951587602212647,1.2000951092503656,1.6261276,1.5238535172851597
197,128,3.0,1.1971447593264206,1.1358160548790808,1.2004944821550412,1.192668,1.1812721647198445
197,129,2.0,1.1019875819376554,1.1340848478027519,1.2004933017565111,1.147496,1.1451694261359322
197,130,1.0,1.1574575537063707,1.134373382315473,1.2004934841127606,1.147496,1.1592798137511262
197,131,1.0,1.7011176011481433,1.6569567303857697,1.1998730638457575,1.6478754,1.557273173851219
197,132,2.0,1.1998663080991405,1.1129789664353602,1.1997663100418718,1.2066385,1.179591330880723
197,133,1.0,1.163166436113935,1.1120813035068933,1.1997717122353169,1.1510646,1.1558270032423907
197,134,1.0,1.213839904499222,1.3425485826076653,1.199783963447793,1.2450023,1.2510648561616196
197,135,3.0,1.73757085003031,1.5945816911958217,1.2001011936136214,1.8723685,1.60833560118362
197,136,2.0,1.6337910112567657,1.658752056242704,1.199871079499678,1.6168957,1.532744901867691
197,137,1.0,1.690505838535682,1.59281842472919,1.200119872557915,1.6661373,1.5430983822630253
197,138,1.0,1.178844255014458,1.2975436587329712,1.199541139269112,1.1723871,1.212140999096015
197,139,2.0,1.3385205661934985,1.3399838313834738,1.1997847823480128,1.4675099,1.3390268451205554
197,140,1.0,1.425906330806738,1.3420035729725246,1.199784112000033,1.3533503,1.3323771857668605
197,141,1.0,1.6935149985153197,1.5927222465582829,1.2001208952015985,1.6661373,1.5438357893094734
197,142,1.0,1.5626370205644873,1.1090356614281656,1.1997900279536184,1.3433998,1.305472957336664
197,143,1.0,1.6776247368823598,1.6580146902657487,1.1998718676982636,1.6860936,1.5613959677356846
197,144,1.0,1.1411373816849035,1.1323857001167248,1.2004923440800128,1.1340625,1.151201705073394
197,145,1.0,1.2902938324121098,1.3400158907737763,1.1997847702401547,1.4675099,1.3268306143473885
197,146,1.0,1.5458112780531648,1.5936519688770523,1.2001110260646615,1.5600686,1.47949072883069
197,147,1.0,1.1789810693982141,1.2948827293378724,1.1995429280450483,1.1969984,1.2178138451085
197,148,1.0,1.3432338368067809,1.3411379694343601,1.1997843762321396,1.3228239,1.303408895828644
197,149,1.0,1.1299087929378135,1.1322574625555153,1.2004922798453868,1.1340625,1.1483277116567363
197,150,1.0,1.5937295738178139,1.5929466622903996,1.20011850964477,1.6580455,1.51656512475881
197,151,1.0,1.3862345216354308,1.1087791863057466,1.1997915692041794,1.3433998,1.2607676968920034
197,152,1.0,1.199692058219834,1.2954597983633156,1.1995424806202186,1.1824814,1.2194782640218973
202,1,2.0,1.6185089318630497,1.6585596999008896,1.19987128151476,1.5772818,1.518670572478865
202,2,1.0,1.6975778933737933,1.659649719171171,1.1998701703641468,1.7684348,1.58797395179716
202,3,1.0,1.1937846733787318,1.1367778365881525,1.2004952276261556,1.197013,1.1817796719237719
202,4,1.0,1.6486995675776919,1.5949343444891482,1.2000974736995584,1.6406729,1.5265189678856756
202,5,1.0,1.1587534345481978,1.1138445699735249,1.1997610995253256,1.1672432,1.1593027180930102
202,6,1.0,1.1936078998227584,1.295427738973013,1.1995425046113317,1.1824814,1.2179304890361031
202,7,1.0,1.6547668921339624,1.6592970658778445,1.199870520923126,1.6306647,1.541721772870909
202,8,1.0,1.2276581230263663,1.1134277978995937,1.1997636084326009,1.2185128,1.189782309055305
202,9,2.0,1.6587572756459392,1.5953511165630792,1.2000930842919344,1.6308172,1.5266412596276153
202,10,1.0,1.5458112780531648,1.5936519688770523,1.2001110260646615,1.5600686,1.47949072883069
202,11,1.0,1.1641984339211935,1.2957803922663396,1.1995422462877274,1.1717614,1.2078282642806073
202,12,1.0,1.2014412568611215,1.343895077000366,1.1997836556934027,1.2073308,1.2386076024245642
202,13,1.0,1.6340731500529824,1.5940046221703785,1.2001072921860267,1.6769178,1.5318791155468103
202,14,1.0,1.164816204102289,1.1142292826571536,1.1997587834092098,1.1573049,1.1583852037902747
202,15,2.0,1.6236473274326118,1.6584955811202846,1.1998713494155526,1.5772818,1.519954693887156
202,16,1.0,1.669755088707564,1.6596176597808685,1.1998702018786747,1.6826407,1.558924258830367
202,17,1.0,1.1937846733787318,1.1367778365881525,1.2004952276261556,1.197013,1.1817796719237719
202,18,3.0,1.658784951436223,1.5957358292467079,1.2000890391085657,1.6813956,1.5397147785939485
202,19,2.0,1.6125187227823958,1.5941008003412858,1.2001062747702174,1.5391598,1.4911225187977402
202,20,1.0,1.6980069156075408,1.594517572415217,1.2001018705334519,1.6955403,1.5529623202505363
202,21,1.0,1.1910524444201633,1.2967421739754115,1.1995416043308185,1.1750033,1.2156985602614572
202,22,1.0,1.163166436113935,1.1120813035068933,1.1997717122353169,1.1510646,1.1558270032423907
202,23,1.0,1.6787549334372809,1.5934916719255403,1.2001127250213826,1.6414815,1.5339707315245577
202,24,1.0,1.2575446067932698,1.3431897704137132,1.199783806357573,1.2591685,1.2659197910167623
202,25,2.0,1.6258720744815072,1.59509464144066,1.2000957845886016,1.6960963,1.53499491558072
202,26,1.0,1.6816285979615382,1.594357275463705,1.2001035636019515,1.6980873,1.5494305794538814
202,27,1.0,1.1690728709977911,1.1377075589069223,1.2004960093860482,1.1673003,1.1681421123599618
202,28,1.0,1.1691137129831615,1.2976398369038784,1.1995410877373038,1.1723871,1.209702898030316
202,29,2.0,1.163068009088641,1.1121133628971955,1.1997715193271412,1.1510646,1.15581016232932
202,30,1.0,1.1968444972253993,1.1128507288741505,1.1997670818731552,1.20506,1.1783895822812505
202,31,1.0,1.217113918399815,1.1361366487821047,1.2004947235117798,1.2081482,1.190376481254242
202,32,1.0,1.174346032473109,1.295844511046944,1.1995422006426717,1.1717614,1.2104124483436847
202,33,1.0,1.6686669780596843,1.5936840282673546,1.200110686401031,1.5600686,1.5105888377306733
202,34,1.0,1.1767596706759436,1.1354634015857545,1.2004942248945158,1.1898227,1.175294554231757
202,35,1.0,1.1230303130357873,1.2942415415318247,1.1995434638519493,1.1666394,1.195707605111351
202,36,1.0,1.6184820156754391,1.6575979181918177,1.1998723297278089,1.6656135,1.5410720239049251
202,37,1.0,1.1706692626466364,1.1121774816778003,1.1997711334977776,1.1510646,1.157749883137852
202,38,1.0,1.5458112780531648,1.5936519688770523,1.2001110260646615,1.5600686,1.47949072883069
202,39,1.0,1.1860340430832692,1.1126583725323362,1.19976823956202,1.20506,1.1756054668574634
202,40,1.0,1.197489994820806,1.1360404706111975,1.2004946503561782,1.2081482,1.1853860607294702
202,41,1.0,1.21764523345437,1.3436065424876444,1.1997837145220964,1.185923,1.2371454689767503
202,42,1.0,1.6787549334372809,1.5934916719255403,1.2001127250213826,1.6414815,1.5339707315245577
202,43,1.0,1.1828371666541877,1.3451133338318573,1.199783450269119,1.1812984,1.2275322038874208
202,44,1.0,1.1666196082226283,1.296710114585109,1.1995416242552308,1.1607699,1.2058575158537361
202,45,1.0,1.1762367488796617,1.136489302075431,1.2004949972381445,1.2008309,1.1782449280570075
202,46,1.0,1.6964860585091739,1.5943893348540072,1.2001032249003727,1.6980873,1.5531984667747167
202,47,2.0,1.1458775198416213,1.295684214095432,1.1995423155253067,1.1381602,1.1945510825541497
202,48,1.0,1.174281945932918,1.295588035924525,1.1995423856716452,1.1946213,1.2161934872003668
202,49,1.0,1.1657923935000674,1.1115362938717523,1.1997749913912463,1.1906548,1.166506700227661
202,50,1.0,1.6421850595431549,1.6597138379517755,1.1998701075392655,1.6256385,1.5373542725626521
202,51,1.0,1.1895405664792986,1.2957162734857348,1.1995422923425585,1.1748031,1.2150051894126754
202,52,2.0,1.2612415146942588,1.110927165456007,1.1997786555742451,1.3334317,1.2271211096646362
202,53,1.0,1.1962294905989044,1.1133316197286864,1.1997641873736822,1.2022048,1.1776228017854602
202,54,1.0,1.2575446067932698,1.3431897704137132,1.199783806357573,1.2591685,1.2659197910167623
202,55,1.0,1.2085478495624196,1.1360725300015002,1.2004946746701983,1.2081482,1.1881924994090214
202,56,1.0,1.2338870688994323,1.1134919166801984,1.1997632224639523,1.206647,1.1883319639541972
202,57,1.0,1.5937295738178139,1.5929466622903996,1.20011850964477,1.6580455,1.51656512475881
202,58,1.0,1.1627600006002314,1.2960368673887586,1.1995420661528373,1.1635165,1.2054148469602053
202,59,1.0,1.1657923935000674,1.1115362938717523,1.1997749913912463,1.1906548,1.166506700227661
202,60,1.0,1.6531502643013911,1.659329125268147,1.1998704887032636,1.6188318,1.5382863885235167
202,61,1.0,1.1743545571343774,1.1376434401263178,1.200495953536251,1.1673003,1.1694624657442718
202,62,1.0,1.1482043438678826,1.1139407481444321,1.1997605205142208,1.1769835,1.1591550810806543
202,63,1.0,1.2842502239867057,1.134693976218497,1.2004936934665673,1.2092868,1.2072927547549175
202,64,1.0,1.255583510664912,1.3426768201688748,1.199783930501999,1.2598268,1.2654625343810997
202,65,1.0,1.1767596706759436,1.1354634015857545,1.2004942248945158,1.1898227,1.175294554231757
202,66,1.0,1.1506849951962286,1.1118568877747763,1.1997730625496767,1.1643181,1.1560106145840334
202,67,1.0,1.242107573683515,1.2950750856796869,1.199542775241593,1.2041365,1.2356678779711878
202,68,1.0,1.1918420443347708,1.1132675009480817,1.1997645733299789,1.2022048,1.176496372655414
202,69,1.0,1.6383099851293503,1.5939725627800763,1.200107631407657,1.6147628,1.5170045050702918
202,70,1.0,1.175657219066553,1.2958124516566418,1.1995422234114523,1.1717614,1.2107361518986768
202,71,1.0,1.2066609009402274,1.1362648863433142,1.200494822049254,1.2033799,1.1865409086533762
202,72,1.0,1.1723123013132706,1.296549817633597,1.1995417253966993,1.1644905,1.2082116393787046
202,73,1.0,1.2863046187191762,1.3430935922428062,1.1997838287000102,1.2541498,1.2718865323211366
202,74,1.0,1.1489390791714555,1.1118889471650788,1.1997728696530954,1.1643181,1.1555768572498284
202,75,1.0,1.6964860585091739,1.5943893348540072,1.2001032249003727,1.6980873,1.5531984667747167
202,76,2.0,1.182752983081472,1.3432859485846205,1.1997837844467218,1.1943103,1.2303852659326158
202,77,1.0,1.1828371666541877,1.3451133338318573,1.199783450269119,1.1812984,1.2275322038874208
202,78,2.0,1.5737606882839332,1.6584314623396799,1.199871417601685,1.5660717,1.5044394122199538
202,79,1.0,1.6422989425830403,1.5930107810710044,1.2001178284493685,1.6163131,1.5181705515878223
202,80,1.0,1.1919495676601004,1.1135880948511057,1.1997626435002038,1.1740649,1.1693881585994248
202,81,1.0,1.2182880292396148,1.1364572426851287,1.2004949719996225,1.2008309,1.1888783790080637
202,82,3.0,1.6239492251003906,1.6593932440487515,1.1998704244694187,1.6188318,1.530912933650284
202,83,2.0,1.633001180947837,1.6597458973420782,1.1998700762422827,1.6256385,1.5350382898890176
202,84,1.0,1.6455296306926848,1.6590085313651228,1.199870814095885,1.6465442,1.5433832981565572
202,85,1.0,1.1669269759977592,1.114101045095944,1.199759555467417,1.1717896,1.162601503136525
202,86,1.0,1.1813283130218806,1.2960048079984563,1.1995420883084729,1.1635165,1.210105668565327
202,87,2.0,1.8067209044870387,1.5924978308261661,1.2001232828927588,1.6075764,1.557410526108058
202,88,1.0,1.6344020684709426,1.5952869977824744,1.2000937590932914,1.6254233,1.5190786374829577
202,89,1.0,1.159803002799498,1.2958765704372466,1.1995421779774313,1.1665279,1.205398213470138
202,90,1.0,1.217113918399815,1.1361366487821047,1.2004947235117798,1.2081482,1.190376481254242
202,91,1.0,1.1886828618755136,1.2962612831208755,1.1995419138723007,1.1635165,1.2120316860762967
202,92,1.0,1.4645405971610845,1.3414906227276864,1.199784264396258,1.3642677,1.3448238984956424
202,93,2.0,1.665619112242517,1.5951267008309624,1.200095446892932,1.7356517,1.5552048317635476
202,94,1.0,1.6444319011895216,1.6597779567323805,1.199870044997246,1.6256385,1.5379390733667986
202,95,1.0,1.2122133132102533,1.2955559765342228,1.1995424092530504,1.1946213,1.2257843573923077
202,96,1.0,1.2085478495624196,1.1360725300015002,1.2004946746701983,1.2081482,1.1881924994090214
202,97,1.0,1.2016049393677266,1.1117927689941716,1.199773448334138,1.1643181,1.168880369571166
202,98,1.0,1.6250675885155377,1.660451203928731,1.1998694054005503,1.5995178,1.5265106474769954
202,99,1.0,1.1952539399627697,1.3442797896839946,1.1997835833102033,1.1937002,1.233643772966708
202,100,1.0,1.6813250287631123,1.6604191445384282,1.1998694351392898,1.5995178,1.540739146944576
202,101,1.0,1.1871681340271636,1.135848114269383,1.2004945059710883,1.192668,1.1787555812763126
202,102,1.0,1.714516891023449,1.6596817785614733,1.1998701389158646,1.7684348,1.5922686694620163
202,103,1.0,1.2266861876862871,1.295010966899082,1.1995428257651144,1.2127473,1.2339572149381604
202,104,1.0,1.6486995675776919,1.5949343444891482,1.2000974736995584,1.6406729,1.5265189678856756
202,105,1.0,1.1557043778877547,1.296966589707528,1.1995414677103222,1.1790755,1.2078543492028389
202,106,1.0,1.2182880292396148,1.1364572426851287,1.2004949719996225,1.2008309,1.1888783790080637
202,107,1.0,1.665619112242517,1.5951267008309624,1.200095446892932,1.7356517,1.5552048317635476
202,108,1.0,1.2009979889429132,1.3440233145615754,1.1997836307964425,1.1971539,1.2359181446175853
202,109,1.0,1.2824332473701583,1.110285977649959,1.1997825116701752,1.3040304,1.224783011457996
202,110,2.0,1.6307692611881408,1.6590726501457278,1.1998707484476638,1.6465442,1.5396642238691796
202,111,1.0,1.6383099851293503,1.5939725627800763,1.200107631407657,1.6147628,1.5170045050702918
202,112,1.0,1.1657923935000674,1.1115362938717523,1.1997749913912463,1.1906548,1.166506700227661
202,113,1.0,1.2147293457014683,1.3446645023676234,1.1997835178574963,1.1930181,1.2384946836121296
202,114,1.0,1.625293528647811,1.6598420755129852,1.199869982747588,1.621523,1.5320567350034626
202,115,1.0,1.2490322393233169,1.296870411536621,1.1995415256518334,1.176445,1.2307731886790805
202,116,1.0,1.1860340430832692,1.1126583725323362,1.19976823956202,1.20506,1.1756054668574634
202,117,1.0,1.6298374354368372,1.6586238186814943,1.199871213896625,1.5996827,1.5272979610357396
202,118,1.0,1.2234315868575059,1.1125621943614292,1.199768818382185,1.2220389,1.189399152665719
202,119,1.0,1.1416926683363755,1.1119210065553813,1.1997726767545835,1.1643181,1.1537511351574956
202,120,1.0,1.6989181501538004,1.5945496318055195,1.2001015320627781,1.6955403,1.5532009514836351
202,121,1.0,1.1265059058019975,1.3433180079749227,1.1997837772408781,1.1943103,1.2161593942859428
202,122,4.0,1.6254999373061878,1.5932672561934236,1.2001151054004,1.5544634,1.498123125698828
202,123,3.0,1.6236473274326118,1.6584955811202846,1.1998713494155526,1.5772818,1.519954693887156
202,124,2.0,1.6278234361455055,1.6591367689263326,1.1998706830952097,1.6143008,1.5306666024434286
202,125,1.0,1.66610719329884,1.593074899851609,1.2001171474311862,1.6457299,1.531755077357527
202,126,1.0,1.4025449012558675,1.3412662069955694,1.1997843348987507,1.3228239,1.3184506988825568
202,127,2.0,1.1877907988023928,1.135751936098476,1.2004944347394817,1.192668,1.17888879797635
202,128,1.0,1.1871681340271636,1.135848114269383,1.2004945059710883,1.192668,1.1787555812763126
202,129,2.0,1.174346032473109,1.295844511046944,1.1995422006426717,1.1717614,1.2104124483436847
202,130,1.0,1.2909123459074747,1.2978001338553904,1.1995410038643917,1.171293,1.2402854275904311
202,131,1.0,1.1873065435124603,1.135655757927569,1.2004943641519632,1.192668,1.1787418957176041
202,132,1.0,1.1952539399627697,1.3442797896839946,1.1997835833102033,1.1937002,1.233643772966708
202,133,1.0,1.1976605024776057,1.134918391950614,1.2004938442382769,1.2090888,1.185386253310623
202,134,1.0,1.6601713967159102,1.594036681560681,1.200106953006346,1.6769178,1.53849161558635
202,135,1.0,1.176592528005252,1.2968383521463185,1.1995415451696643,1.176445,1.2124333613108518
202,136,3.0,1.663512919964638,1.5949984632697527,1.2000967979296713,1.6930268,1.5437091358839163
202,137,2.0,1.652319432937836,1.6583352841687726,1.1998715204081665,1.6742713,1.552041569969274
202,138,1.0,1.6356920304375568,1.6583994029493776,1.1998714518039366,1.5660717,1.520103760205458
202,139,1.0,1.0857126876794703,1.13379631329003,1.2004931251363862,1.1305165,1.13662366508084
202,140,1.0,1.3345578211997948,1.3429012359009915,1.1997838746824927,1.2583008,1.285113383678903
202,141,1.0,1.2346775032817163,1.2949468481184772,1.1995428767056302,1.2127473,1.2359632972097172
202,142,2.0,1.189290764715959,1.3438630176100634,1.1997836620409938,1.2073308,1.2355246663087316
202,143,1.0,1.3199737095269797,1.1104783339917734,1.1997813549474745,1.2906264,1.2308942184517755
202,144,2.0,1.086434045271619,1.133956610241542,1.20049322254974,1.1305165,1.136846801238836
202,145,1.0,1.1843606077297626,1.1337642538997275,1.200493105866061,1.1305165,1.161579561259653
202,146,1.0,1.6989181501538004,1.5945496318055195,1.2001015320627781,1.6955403,1.5532009514836351
202,147,1.0,1.085510604915163,1.2932477004324503,1.1995443747960464,1.2332882,1.2030526410864435
202,148,1.0,1.2612874291773764,1.342516523217363,1.1997839718030872,1.2450023,1.263063898036521
202,149,1.0,1.6980069156075408,1.594517572415217,1.2001018705334519,1.6955403,1.5529623202505363
202,150,1.0,1.1592899551023834,1.296389520682085,1.199541829086723,1.1644905,1.2048756414540842
202,151,3.0,1.6405668764300332,1.5949022850988457,1.200097811659454,1.6283349,1.5212889582460065
202,152,2.0,1.5592373332112717,1.6594573628293565,1.199870360511831,1.5205693,1.4893550282750523
202,153,1.0,1.7658191655571696,1.5913436927752798,1.200135595976325,1.4824979,1.5146961160988939
202,154,1.0,1.1910524444201633,1.2967421739754115,1.1995416043308185,1.1750033,1.2156985602614572
202,155,1.0,1.1593970835008474,1.1342451447542636,1.2004934023544278,1.147496,1.1597381630927326
202,156,3.0,1.7127298904661634,1.660387085148126,1.1998694649694406,1.6706413,1.5669170138676938
202,157,2.0,1.6486545116020246,1.5940687409509835,1.2001066138685064,1.6231738,1.5218032897705092
202,158,1.0,1.6605518956033776,1.6578223339239342,1.1998720794576292,1.6656135,1.5517750323026096
202,159,1.0,1.189290764715959,1.3438630176100634,1.1997836620409938,1.2073308,1.2355246663087316
202,160,1.0,1.1507993378106427,1.2961971643402705,1.1995419568733328,1.1635165,1.2024285999653084
202,161,1.0,1.866588622528227,1.340080009554381,1.1997847461642208,1.4675099,1.472684993848962
202,162,1.0,1.1904766737844321,1.294594194825151,1.199543164126814,1.1596085,1.2110618891399625
202,163,2.0,1.5418506394496543,1.5923375338746542,1.2001249896831363,1.7873827,1.536450649733185
202,164,1.0,1.6422989425830403,1.5930107810710044,1.2001178284493685,1.6163131,1.5181705515878223
202,165,1.0,1.300381331618169,1.1112477593590309,1.1997767271581485,1.284641,1.2245948713990797
202,166,1.0,1.174281945932918,1.295588035924525,1.1995423856716452,1.1946213,1.2161934872003668
202,167,1.0,1.5458112780531648,1.5936519688770523,1.2001110260646615,1.5600686,1.47949072883069
202,168,1.0,1.242107573683515,1.2950750856796869,1.199542775241593,1.2041365,1.2356678779711878
202,169,1.0,1.1333374097584974,1.1121454222874978,1.1997713264148124,1.1510646,1.1482945524928287
202,170,1.0,1.6656104074267668,1.658110868436656,1.1998717627729933,1.8031545,1.5883985424288194
202,171,1.0,1.1430406837972977,1.133155125483982,1.2004927531658596,1.1556079,1.1574031900041555
202,172,1.0,1.73757085003031,1.5945816911958217,1.2001011936136214,1.8723685,1.60833560118362
202,173,1.0,1.2118970837981409,1.2939850664094055,1.1995436895640295,1.1666394,1.2181315338196514
202,174,1.0,1.6912746751177465,1.5960243637594296,1.2000860094045394,1.729672,1.560388777406667
202,175,1.0,1.207553681719007,1.133636016338518,1.2004930294907894,1.1305165,1.1674163706390273
202,176,1.0,1.4147334188295009,1.341715038459803,1.1997841962240186,1.3604281,1.3312917732737246
202,177,2.0,1.1797047826297957,1.1347260356087994,1.2004937147936467,1.2092868,1.1808444220929668
202,178,1.0,1.1888983178307395,1.1334116006064012,1.2004928985596368,1.1556079,1.1690729409775114
202,179,1.0,1.6137169675985765,1.5948061069279384,1.2000988257846814,1.5363746,1.4908882534696644
202,180,1.0,1.1370010371718033,1.1317445123106769,1.200492034168502,1.1379697,1.1509945749508506
202,181,1.0,1.7485818432796592,1.5916642866783037,1.2001321700537597,1.4824979,1.5104143260200125
202,182,1.0,1.2338228950575276,1.1309750869434194,1.2004916993790153,1.1450584,1.1771194832946994
202,183,2.0,1.378247485345093,1.109067720818468,1.199789835284746,1.3433998,1.2588190889756583
202,184,1.0,1.3553212668075139,1.1100936213081447,1.1997836682983654,1.3040304,1.2431797766869428
202,185,3.0,1.6788462459049018,1.5935237313158428,1.20011238515351,1.6911229,1.5467316951118004
202,186,2.0,1.6448954341085347,1.5941649191218905,1.200105596714778,1.6336982,1.5235749473115472
202,187,1.0,1.6454965100847871,1.5922092963134444,1.2001263559031605,1.7873827,1.5626473259132325
202,188,1.0,1.1448161451173904,1.1302377209664642,1.2004914164241867,1.1450584,1.15440861446862
202,189,1.0,1.1969769518220648,1.2948186105572677,1.1995429797915362,1.1969984,1.2223517006066131
202,190,2.0,1.425906330806738,1.3420035729725246,1.199784112000033,1.3533503,1.3323771857668605
202,191,1.0,1.428454693136017,1.3414265039470816,1.1997842843007305,1.3642677,1.3356757157459562
202,192,1.0,1.7790715325271058,1.5933634343643308,1.2001140849812464,1.7478876,1.586611245713172
202,193,1.0,1.2908043944437062,1.1096127304536088,1.1997865594397374,1.3137271,1.2292186030291723
202,194,1.0,1.6040105201525652,1.6584635217299823,1.1998713834748858,1.5660717,1.5121025920448006
202,195,1.0,1.2282871878862807,1.2945300760445462,1.1995432176971514,1.1768159,1.225026661590726
202,196,1.0,1.6657183416309862,1.6576620369724224,1.1998722578591023,1.6656135,1.5530419394310644
205,1,1.0,1.2039575422573687,1.1131072039965697,1.1997655381849326,1.1982279,1.178502170173917
205,2,1.0,1.2575446067932698,1.3431897704137132,1.199783806357573,1.2591685,1.2659197910167623
205,3,1.0,1.1970008673086914,1.1135560354608032,1.1997628364878061,1.206647,1.1790136121614947
205,4,1.0,1.1721453335881773,1.295908629827549,1.1995421554136423,1.1665279,1.2085296927554716
205,5,1.0,1.3308927288510457,1.5924657714358637,1.2001236241688436,1.6075764,1.4369885906539606
205,6,1.0,1.2118866021983823,1.1365854802463382,1.2004950733920274,1.2008309,1.1872908988716633
205,7,1.0,1.737201507185827,1.5956396510758006,1.2000900498148435,1.7762643,1.583862664153016
205,8,1.0,1.2090567702705097,1.1367137178075477,1.2004951759300158,1.2008309,1.1866072530618264
205,9,1.0,1.2114253316951105,1.3424524044367583,1.1997839886622215,1.2450023,1.2504294871517474
205,10,1.0,1.1848519354802596,1.1388616969578083,1.200497063729626,1.1936113,1.1791745752834697
205,11,2.0,1.661907239367197,1.5937802064382618,1.200109667673502,1.6767758,1.5388302428359375
205,12,1.0,1.6395640463323826,1.5951908196115672,1.2000947716535608,1.6261276,1.5205414400362374
205,13,2.0,1.2199116941894639,1.2972551242202495,1.1995412993690346,1.1723871,1.222460617457797
205,14,1.0,1.1164019112625763,1.296133045559666,1.1995420002779371,1.1635165,1.1937077118346147
205,15,1.0,1.6826195659916972,1.5955114135145911,1.2000913980318473,1.7215296,1.5559819615676518
205,16,1.0,1.155331817996849,1.1373228462232934,1.2004956785973107,1.1687737,1.1649451470919656
205,17,1.0,1.6587266048919043,1.6595856003905662,1.1998702334682412,1.6826407,1.556125266082067
205,18,1.0,1.2186732119612782,1.2947865511669652,1.199543005817006,1.1969984,1.2278340870056306
205,19,1.0,1.63798547655001,1.659970313074195,1.199869859089585,1.6244261,1.5360454660261045
205,20,1.0,1.169986061948568,1.344728621148228,1.1997835076228134,1.1930181,1.2271880941951343
205,21,1.0,1.162000480518633,1.1372907868329913,1.2004956514958267,1.1687737,1.1666246109570535
205,22,1.0,1.199533250460041,1.1131392633868722,1.1997653452171357,1.1982279,1.1773906184039795
205,23,2.0,1.6980069156075408,1.594517572415217,1.2001018705334519,1.6955403,1.5529623202505363
205,24,1.0,1.6448954341085347,1.5941649191218905,1.200105596714778,1.6336982,1.5235749473115472
205,25,1.0,1.1896951901087605,1.1368098959784554,1.2004952535813258,1.197013,1.1807528993617242
205,26,1.0,1.1909792097860765,1.1132995603383842,1.1997643803551135,1.2022048,1.1762860894327212
205,27,1.0,1.6354951905133106,1.5939084439994715,1.2001083099950105,1.5973891,1.5118208847959822
205,28,3.0,1.177453268160197,1.3454018683445783,1.199783411816775,1.1771342,1.2251749060964512
205,29,2.0,1.4276834714526252,1.3418432760210126,1.1997841583133668,1.3604281,1.334601379071405
205,30,1.0,1.214719347493553,1.1129148476547555,1.1997666959586304,1.20506,1.1829291572732699
205,31,1.0,1.6980069156075408,1.594517572415217,1.2001018705334519,1.6955403,1.5529623202505363
205,32,1.0,1.1916369398923317,1.137451083784503,1.2004957877124913,1.183132,1.1778470794668892
205,33,3.0,1.6266778499042183,1.5947740475376362,1.200099163907706,1.5928975,1.5086546326115364
205,34,2.0,1.6503196187156381,1.6600344318547995,1.1998697976770336,1.5986786,1.5325803617469023
205,35,1.0,1.6521635279431757,1.6607717978317547,1.199869111760336,1.6017718,1.5340266394757156
205,36,3.0,1.139705767220804,1.296068926779061,1.1995420440915832,1.1635165,1.1995888104387902
205,37,2.0,1.1507993378106427,1.2961971643402705,1.1995419568733328,1.1635165,1.2024285999653084
205,38,1.0,1.1329577529443358,1.2979604308069024,1.1995409225459215,1.1516759,1.1953231972189884
205,39,1.0,1.179550245618828,1.1138766293638274,1.1997609065240746,1.1672432,1.164573662354571
205,40,1.0,1.1646061177235811,1.2966780551948065,1.1995416442783233,1.1607699,1.205339870204891
205,41,2.0,1.6395640463323826,1.5951908196115672,1.2000947716535608,1.6261276,1.5205414400362374
205,42,1.0,1.6299492623952174,1.594132859731588,1.200105935721986,1.6336982,1.5197846106618178
205,43,2.0,1.162513493553428,1.295748332876037,1.1995422692668607,1.1748031,1.2081737789836138
205,44,1.0,1.1552086809251816,1.2970948272687377,1.199541391874867,1.1669071,1.204640918919647
205,45,1.0,1.7622703789021237,1.593395493754633,1.2001137449238828,1.8000718,1.595749447298767
205,46,1.0,1.139705767220804,1.296068926779061,1.1995420440915832,1.1635165,1.1995888104387902
205,47,1.0,1.2575446067932698,1.3431897704137132,1.199783806357573,1.2591685,1.2659197910167623
205,48,1.0,1.69355536065839,1.5944213942443097,1.2001028862418013,1.6932174,1.5512160153693846
205,49,2.0,1.2328269456532555,1.1389578751287155,1.2004971557969917,1.1936113,1.1913395754489782
205,50,1.0,1.2012439679184232,1.1354954609760568,1.2004942479233283,1.1898227,1.1814987114344722
205,51,1.0,1.214719347493553,1.1129148476547555,1.1997666959586304,1.20506,1.1829291572732699
205,52,4.0,1.640390420612394,1.6588802938039136,1.199870946234242,1.611882,1.5331617080355806
205,53,3.0,1.7206226509320985,1.5954793541242887,1.200091735200249,1.7215296,1.5655910552141044
205,54,2.0,1.6334833545944694,1.6592650064875423,1.1998705532130496,1.6306647,1.5363276186054775
205,55,1.0,1.6549555417396147,1.6589123531942158,1.1998709130955858,1.6244049,1.5400670074352232
205,56,1.0,1.1670807939475727,1.3446324429773209,1.199783523045361,1.1947109,1.2268626175081814
205,57,1.0,1.6421850595431549,1.6597138379517755,1.1998701075392655,1.6256385,1.5373542725626521
205,58,1.0,1.2004788305196719,1.1374190243942006,1.200495760325255,1.183132,1.180076504138128
205,59,2.0,1.178844255014458,1.2975436587329712,1.199541139269112,1.1723871,1.212140999096015
205,60,1.0,1.1601855357792195,1.2967742333657137,1.1995415845012174,1.1750033,1.2078954351166444
205,61,1.0,1.6950189614820657,1.5943252160734025,1.200103902334295,1.7501124,1.5661522345205843
205,62,1.0,1.18427481970648,1.3426447607785725,1.1997839386663176,1.2450023,1.2436073976519948
205,63,1.0,1.2210883983335896,1.1366175396366407,1.2004950989192769,1.2008309,1.1896276404288904
205,64,1.0,1.1557043778877547,1.296966589707528,1.1995414677103222,1.1790755,1.2078543492028389
205,65,1.0,1.151753319470013,1.1370663711008742,1.2004954638015086,1.1749771,1.1655653993714266
205,66,1.0,1.1657923935000674,1.1115362938717523,1.1997749913912463,1.1906548,1.166506700227661
205,67,1.0,1.1269257948084714,1.1378999152487366,1.200496178648472,1.1383672,1.1501055215972114
205,68,3.0,1.7191137392183062,1.5959602449788248,1.200086682362197,1.6252414,1.5406379719855043
205,69,2.0,1.6434912889310471,1.6600023724644972,1.199869828341699,1.6244261,1.5374468821615679
205,70,1.0,1.6021928508630128,1.659489422219659,1.1998703286509278,1.5186424,1.499739379213533
205,71,2.0,1.2106734482107313,1.343702720658552,1.1997836944817406,1.2029234,1.2397650246875276
205,72,1.0,1.208815527370304,1.3439271363906684,1.1997836493970588,1.2014924,1.2389846803509001
205,73,1.0,1.8711126645271718,1.6613809262475003,1.1998685732817285,1.6894388,1.6120692716588698
205,74,1.0,1.1666196082226283,1.296710114585109,1.1995416242552308,1.1607699,1.2058575158537361
205,75,1.0,1.6727702251903491,1.657854393314237,1.199872043986341,1.6860936,1.5601269534197901
205,76,1.0,1.1796771251153846,1.1352389858536378,1.2004940656632848,1.1867164,1.175179464997543
205,77,1.0,1.2175845138626074,1.1127866100935457,1.1997674677769041,1.20506,1.1836219524857925
205,78,1.0,1.1733275755381443,1.112466016190522,1.1997693971843126,1.1786145,1.1655599649133814
205,79,1.0,1.1706692626466364,1.1121774816778003,1.1997711334977776,1.1510646,1.157749883137852
205,80,2.0,1.73757085003031,1.5945816911958217,1.2001011936136214,1.8723685,1.60833560118362
205,81,1.0,1.6395640463323826,1.5951908196115672,1.2000947716535608,1.6261276,1.5205414400362374
205,82,1.0,1.245156801620288,1.3445362648064139,1.199783538904915,1.2311598,1.2559431749546086
205,83,1.0,1.6164547964911384,1.659168828316635,1.1998706505165428,1.6350033,1.5331066065431087
205,84,1.0,1.2271144826037312,1.138188449761458,1.2004964373860376,1.1898162,1.188725892105435
205,85,1.0,1.6409925853598544,1.5947419881473337,1.2000995020952943,1.5928975,1.5122691116903564
205,86,1.0,1.1861674212432265,1.2973192430008544,1.1995412630891276,1.1723871,1.2139374506098553
205,87,1.0,1.663181506159617,1.5949664038794504,1.2000971357858055,1.6930268,1.543617234947416
205,88,1.0,1.1627600006002314,1.2960368673887586,1.1995420661528373,1.1635165,1.2054148469602053
205,89,1.0,1.1796819736231487,1.1369381335396649,1.2004953581164126,1.202808,1.1797374474710587
205,90,1.0,1.214835327556555,1.343798898829459,1.199783674871381,1.2073308,1.2419727947265295
205,91,3.0,1.2879614937052815,1.1355595797566616,1.2004942942015104,1.1898227,1.2034598359255568
205,92,2.0,1.1579776899238532,1.1370984304911764,1.2004954903990281,1.1749771,1.1671486686753103
205,93,1.0,1.191877538662653,1.135591639146964,1.2004943174453737,1.1898227,1.1791527821224301
205,94,1.0,1.2159856587045261,1.111343937529938,1.1997761485892184,1.284641,1.2032617576606386
205,95,1.0,1.6251788495266977,1.6600985506354042,1.1998697365431303,1.5986786,1.5262344065817814
205,96,2.0,1.1878521982284882,1.112241600458405,1.1997707476672168,1.2217907,1.1802510411453107
205,97,1.0,1.199533250460041,1.1131392633868722,1.1997653452171357,1.1982279,1.1773906184039795
205,98,1.0,1.1078732940916038,1.2979283714166,1.1995409386141456,1.1516759,1.188967171361388
205,99,1.0,1.616689144245094,1.5952549383921721,1.2000940965759448,1.5530947,1.4960404871293835
205,100,1.0,1.1962294905989044,1.1133316197286864,1.1997641873736822,1.2022048,1.1776228017854602
205,101,1.0,1.5970282593915344,1.593235196803121,1.20011544562649,1.5964175,1.5016685502533036
205,102,1.0,1.2338870688994323,1.1134919166801984,1.1997632224639523,1.206647,1.1883319639541972
205,103,1.0,1.6486545116020246,1.5940687409509835,1.2001066138685064,1.6231738,1.5218032897705092
205,104,1.0,1.2106870950849062,1.2982489653196239,1.1995407825677964,1.1932194,1.225719730743232
205,105,1.0,1.1739344927240871,1.113620154241408,1.1997624505064868,1.1740649,1.1648372996681418
205,106,1.0,1.2118866021983823,1.1365854802463382,1.2004950733920274,1.2008309,1.1872908988716633
205,107,1.0,1.162157091064761,1.1124339568002195,1.1997695901184449,1.1786145,1.1627250755420853
205,108,1.0,1.6547668921339624,1.6592970658778445,1.199870520923126,1.6306647,1.541721772870909
205,109,1.0,1.1619156421861037,1.2964215800723875,1.199541808149663,1.1644905,1.205548210415529
205,110,1.0,1.6497808648037355,1.5942610972927977,1.200104579958601,1.6080896,1.5182683889324473
205,111,1.0,1.186386652234524,1.1350786889021258,1.2004939540611193,1.2090888,1.1825738643138686
205,112,1.0,1.6539634157400513,1.6572452648984912,1.199872730001193,1.6433843,1.5442615107294384
205,113,1.0,1.2490322393233169,1.296870411536621,1.1995415256518334,1.176445,1.2307731886790805
205,114,1.0,1.189659437682093,1.113203382167477,1.1997649592755215,1.1931311,1.173601057936588
205,115,1.0,1.2068359721553952,1.1362969457336167,1.2004948468648184,1.2033799,1.1865933313759018
205,116,1.0,1.1552086809251816,1.2970948272687377,1.199541391874867,1.1669071,1.204640918919647
205,117,1.0,1.651591532856273,1.5928504841194924,1.200119531769465,1.6580455,1.5311836761576743
205,118,1.0,1.2315702740629744,1.1346298574378926,1.2004936510255226,1.2092868,1.1939452391632823
205,119,1.0,1.2684118408669922,1.3429974140718988,1.1997838514772043,1.2541498,1.2673342213151266
205,120,1.0,1.7351881609925968,1.6601947288063115,1.199869645381723,1.7618678,1.595945457760902
205,121,1.0,1.1646061177235811,1.2966780551948065,1.1995416442783233,1.1607699,1.205339870204891
205,122,1.0,1.6464311335412385,1.5938122658285643,1.2001093281874209,1.6307818,1.523127327742583
205,123,1.0,1.1740275123415784,1.1119530659456835,1.1997724838569888,1.169864,1.1633641106982389
205,124,1.0,1.2186732119612782,1.2947865511669652,1.199543005817006,1.1969984,1.2278340870056306
205,125,2.0,1.6486995675776919,1.5949343444891482,1.2000974736995584,1.6406729,1.5265189678856756
205,126,1.0,1.654953975643439,1.656636136482746,1.1998734415044974,1.6478754,1.5455098863294692
205,127,1.0,1.214719347493553,1.1129148476547555,1.1997666959586304,1.20506,1.1829291572732699
205,128,2.0,1.4147334188295009,1.341715038459803,1.1997841962240186,1.3604281,1.3312917732737246
205,129,1.0,1.4302214268840905,1.3421318105337343,1.1997840758047535,1.3533503,1.333501614890462
205,130,3.0,1.1871681340271636,1.135848114269383,1.2004945059710883,1.192668,1.1787555812763126
205,131,2.0,1.1584212587975475,1.137130489881479,1.2004955170702616,1.1749771,1.1672690383216409
205,132,1.0,1.2102585268013228,1.1370022523202699,1.2004954108176114,1.202808,1.1874914415786324
205,133,1.0,1.2535071718101798,1.3431256516331085,1.199783821208185,1.2541498,1.263594864743053
205,134,1.0,1.300381331618169,1.1112477593590309,1.1997767271581485,1.284641,1.2245948713990797
205,135,1.0,1.6980069156075408,1.594517572415217,1.2001018705334519,1.6955403,1.5529623202505363
205,136,1.0,1.1919495676601004,1.1135880948511057,1.1997626435002038,1.1740649,1.1693881585994248
205,137,1.0,1.2540232469136563,1.3420676917531291,1.1997840938066175,1.3533503,1.2888963761042445
205,138,1.0,1.6727702251903491,1.657854393314237,1.199872043986341,1.6860936,1.5601269534197901
205,139,1.0,1.163166436113935,1.1120813035068933,1.1997717122353169,1.1510646,1.1558270032423907
205,140,1.0,1.5606345374842399,1.5920169399716302,1.2001284065214313,1.7873827,1.5411238167988153
205,141,3.0,1.1648169641783737,1.1342772041445657,1.200493422686557,1.147496,1.1611178453307227
205,142,2.0,1.1651303499339571,1.1344695604863806,1.2004935461716788,1.147496,1.16124585862352
205,143,1.0,1.086434045271619,1.133956610241542,1.20049322254974,1.1305165,1.136846801238836
205,144,1.0,1.6405668764300332,1.5949022850988457,1.200097811659454,1.6283349,1.5212889582460065
205,145,1.0,1.1694792854407818,1.1120492441165906,1.1997719051440832,1.169864,1.1622373301143165
205,146,1.0,1.2118866021983823,1.1365854802463382,1.2004950733920274,1.2008309,1.1872908988716633
205,147,1.0,1.208129838056029,1.1131713227771745,1.1997651522469928,1.1931311,1.178267142307702
205,148,1.0,1.3325064032454017,1.341875335411315,1.1997841489557899,1.3604281,1.3105238158829944
205,149,1.0,1.1458775198416213,1.295684214095432,1.1995423155253067,1.1381602,1.1945510825541497
205,150,2.0,1.6137169675985765,1.5948061069279384,1.2000988257846814,1.5363746,1.4908882534696644
205,151,1.0,1.577501417242777,1.5925298902164684,1.2001229416582142,1.6075764,1.499411877051584
205,152,1.0,1.1684183016988066,1.2969345303172257,1.1995414869196266,1.1790755,1.2110636483717587
205,153,1.0,1.2128253245952079,1.3422921074852465,1.199784031637744,1.271662,1.2575797207070922
205,154,1.0,1.8053115137083255,1.5923695932649564,1.2001246482406087,1.6075764,1.557021735402306
205,155,1.0,1.1040377949231768,1.2946903729960582,1.199543084513243,1.1596085,1.1892118366326219
205,156,1.0,1.5458112780531648,1.5936519688770523,1.2001110260646615,1.5600686,1.47949072883069
205,157,2.0,1.2782677242165157,1.1110554030172164,1.1997778842360207,1.270983,1.2154479615309697
205,158,1.0,1.18427481970648,1.3426447607785725,1.1997839386663176,1.2450023,1.2436073976519948
205,159,1.0,1.1563340168280751,1.1333474818257967,1.2004928617898236,1.1556079,1.1608159277403503
205,160,1.0,1.690505838535682,1.59281842472919,1.200119872557915,1.6661373,1.5430983822630253
205,161,2.0,1.2967282574196306,1.3416188602888957,1.1997842251534894,1.3642677,1.3023894594208791
205,162,1.0,1.4302214268840905,1.3421318105337343,1.1997840758047535,1.3533503,1.333501614890462
205,163,1.0,1.2490322393233169,1.296870411536621,1.1995415256518334,1.176445,1.2307731886790805
205,164,2.0,1.337118160682957,1.3411700288246624,1.1997843658253338,1.3228239,1.3018693627546236
205,165,1.0,1.4147334188295009,1.341715038459803,1.1997841962240186,1.3604281,1.3312917732737246
205,166,4.0,1.6497808648037355,1.5942610972927977,1.200104579958601,1.6080896,1.5182683889324473
205,167,3.0,2.1217178205284055,1.592081058752235,1.2001277228118756,1.7873827,1.6831285893115628
205,168,2.0,1.6505043980502299,1.6592008877069373,1.199870618013801,1.6350033,1.541731363062393
205,169,1.0,1.6278234361455055,1.6591367689263326,1.1998706830952097,1.6143008,1.5306666024434286
205,170,1.0,1.1664430100730698,1.2965818770238993,1.1995417049655492,1.1644905,1.206734454510518
205,171,1.0,1.7622703789021237,1.593395493754633,1.2001137449238828,1.8000718,1.595749447298767
205,172,2.0,1.371854844393317,1.1108951060657046,1.1997788484000964,1.3334317,1.2551050435242146
205,173,1.0,1.3528767150108718,1.341779157240408,1.1997841771740452,1.3604281,1.315654429997425
205,174,1.0,1.1451265240133273,1.13299482853247,1.2004926645877858,1.1340625,1.1523654275454898
205,175,1.0,1.6438129656807967,1.5932031374128188,1.2001157859022575,1.5964175,1.5134999369684188
205,176,1.0,1.2022673449826848,1.2953956795827108,1.1995425287070083,1.172182,1.2174726145503878
205,177,1.0,1.3384197531018962,1.1091959583796775,1.1997890645734428,1.3433998,1.2487724829918414
205,178,2.0,1.6185089318630497,1.6585596999008896,1.19987128151476,1.5772818,1.518670572478865
205,179,1.0,1.6532967490733848,1.657309383679096,1.1998726565802047,1.6433843,1.5441090114831058
205,180,2.0,1.086434045271619,1.133956610241542,1.20049322254974,1.1305165,1.136846801238836
205,181,1.0,1.1464576941189744,1.1325780564585388,1.2004924425435997,1.1340625,1.1525967739751664
205,182,2.0,1.6247594589561314,1.6588161750233086,1.1998710127202872,1.611882,1.5291898995425575
205,183,1.0,2.2833947024160826,1.592241355703747,1.2001260142834644,1.7873827,1.7240829808318545
205,184,1.0,1.209880134199074,1.2947544917766627,1.1995430319546225,1.1596085,1.216012696130627
205,185,1.0,1.417880280267986,1.5926260683873756,1.200121918243376,1.5261294,1.4381560269033176
205,186,1.0,1.4318809812959075,1.3406891379701267,1.1997845268693648,1.3965317,1.3446298679876407
205,187,1.0,1.1164019112625763,1.296133045559666,1.1995420002779371,1.1635165,1.1937077118346147
205,188,2.0,1.5303162897779774,1.591279573994675,1.2001362816855512,1.4824979,1.455083286664245
205,189,1.0,1.6464311335412385,1.5938122658285643,1.2001093281874209,1.6307818,1.523127327742583
205,190,1.0,1.2351567732403164,1.1094524335020965,1.1997875230104198,1.3137271,1.2150959832491948
205,191,3.0,1.527484432470703,1.5919528211910254,1.200129090411224,1.4824979,1.4545353175445448
205,192,2.0,1.6507180106794368,1.5942931566831,1.2001042411327758,1.6080896,1.5185135772471925
205,193,1.0,2.4897418516094576,1.5912154552140703,1.2001369675657776,1.4824979,1.697861120374624
205,194,1.0,1.139566748766544,1.132161284384608,1.2004922324089151,1.1379697,1.151749374511691
205,195,1.0,1.1230303130357873,1.2942415415318247,1.1995434638519493,1.1666394,1.195707605111351
205,196,1.0,1.1563340168280751,1.1333474818257967,1.2004928617898236,1.1556079,1.1608159277403503
205,197,1.0,1.3357634014266824,1.109292136550585,1.1997884865096002,1.3433998,1.2481244637882023
206,1,1.0,1.1449305274172912,1.2974154211717617,1.1995412094107734,1.1723871,1.2035262969994698
206,2,2.0,1.1366323136667518,1.1406890822050448,1.2004989239405919,1.1529022,1.1569956702243491
206,3,1.0,1.180185240773691,1.1398555380571826,1.2004980463426778,1.1656498,1.1710750303339066
206,4,1.0,1.7790715325271058,1.5933634343643308,1.2001140849812464,1.7478876,1.586611245713172
206,5,1.0,1.1990568905764365,1.1392784690317395,1.2004974673637967,1.180394,1.1794855122421413
206,6,1.0,1.737201507185827,1.5956396510758006,1.2000900498148435,1.7762643,1.583862664153016
206,7,1.0,1.1743545571343774,1.1376434401263178,1.200495953536251,1.1673003,1.1694624657442718
206,8,1.0,1.1893181339821637,1.343991255171273,1.1997836369483321,1.2014924,1.234066859214579
206,9,2.0,1.5458112780531648,1.5936519688770523,1.2001110260646615,1.5600686,1.47949072883069
206,10,1.0,1.6448954341085347,1.5941649191218905,1.200105596714778,1.6336982,1.5235749473115472
206,11,1.0,1.1366323136667518,1.1406890822050448,1.2004989239405919,1.1529022,1.1569956702243491
206,12,1.0,1.1630127008329436,1.3467483627372792,1.1997832842374618,1.1679827,1.2195144831181621
206,13,3.0,1.541523562982839,1.5965052546139653,1.2000809678160886,1.4974122,1.463053266536812
206,14,2.0,1.6912746751177465,1.5960243637594296,1.2000860094045394,1.729672,1.560388777406667
206,15,1.0,1.7369860103277677,1.595832007417615,1.2000880288207505,1.7737604,1.5832142372718627
206,16,1.0,1.1249714389293934,1.1410737948886738,1.2004993454707078,1.1294202,1.1481205565387604
206,17,1.0,1.1747477588350976,1.3456262840766953,1.1997833846153974,1.1772541,1.224577785786181
206,18,1.0,1.6243094111443932,1.5953831759533816,1.2000927469480713,1.6308172,1.5179318561905235
206,19,1.0,1.180365182569958,1.3451453932221593,1.199783445803715,1.1812984,1.2269147512518959
206,20,1.0,1.6660884168575807,1.6603229663675212,1.1998695248261628,1.6706413,1.5550976298561552
206,21,1.0,1.1848480102593801,1.3465880657857672,1.1997832949352771,1.188075,1.2301519764179067
206,22,1.0,1.2909123459074747,1.2978001338553904,1.1995410038643917,1.171293,1.2402854275904311
206,23,1.0,1.2011584693676152,1.115159004975923,1.199753185408723,1.2012899,1.17909533298494
206,24,1.0,1.6250675885155377,1.660451203928731,1.1998694054005503,1.5995178,1.5265106474769954
206,25,1.0,1.1830027542386146,1.3448247993191353,1.199783492632039,1.186647,1.2288726930664147
206,26,1.0,1.6405668764300332,1.5949022850988457,1.200097811659454,1.6283349,1.5212889582460065
206,27,1.0,1.1624974313169414,1.2964536394626898,1.199541787306144,1.1644905,1.2057035470379514
206,28,1.0,1.1412011863957394,1.3469086596887911,1.1997832747549289,1.1679827,1.2140353862142206
206,29,1.0,1.6125187227823958,1.5941008003412858,1.2001062747702174,1.5391598,1.4911225187977402
206,30,1.0,1.2468047892303447,1.3454980465154858,1.1997833998698069,1.2265123,1.2554117798204565
206,31,2.0,1.6541293114767854,1.5938443252188668,1.200108988747812,1.6307818,1.525083474412114
206,32,1.0,1.6784924548505906,1.5946458099764265,1.2001005168715146,1.6990657,1.5489601112148832
206,33,1.0,1.1590769233571379,1.296613936414202,1.1995416846395008,1.1607699,1.20392442626131
206,34,1.0,1.6334833545944694,1.6592650064875423,1.1998705532130496,1.6306647,1.5363276186054775
206,35,1.0,1.2276581230263663,1.1134277978995937,1.1997636084326009,1.2185128,1.189782309055305
206,36,1.0,1.7206226509320985,1.5954793541242887,1.200091735200249,1.7215296,1.5655910552141044
206,37,1.0,1.2011296235800173,1.3459789373700217,1.1997833466675925,1.1983749,1.236759385342512
206,38,1.0,1.164816204102289,1.1142292826571536,1.1997587834092098,1.1573049,1.1583852037902747
206,39,1.0,1.1072578331050373,1.1409455573274638,1.2004992038005686,1.1294202,1.1436054350654992
206,40,2.0,1.2909123459074747,1.2978001338553904,1.1995410038643917,1.171293,1.2402854275904311
206,41,1.0,1.1458775198416213,1.295684214095432,1.1995423155253067,1.1381602,1.1945510825541497
206,42,2.0,1.661907239367197,1.5937802064382618,1.200109667673502,1.6767758,1.5388302428359375
206,43,1.0,1.6497808648037355,1.5942610972927977,1.200104579958601,1.6080896,1.5182683889324473
206,44,1.0,1.1791698268314412,1.3464918876148602,1.1997833019409005,1.188075,1.228690708119109
206,45,1.0,1.2338870688994323,1.1134919166801984,1.1997632224639523,1.206647,1.1883319639541972
206,46,1.0,1.199748970866372,1.3474536693239316,1.1997832516147975,1.1700324,1.2295151292565443
206,47,2.0,1.6569723758683623,1.5948702257085432,1.200098149663453,1.6283349,1.525432529641264
206,48,1.0,1.6299492623952174,1.594132859731588,1.200105935721986,1.6336982,1.5197846106618178
206,49,2.0,1.1692745984856412,1.1411058542789758,1.200499381068627,1.1294202,1.1593401124001463
206,50,1.0,1.1990568905764365,1.1392784690317395,1.2004974673637967,1.180394,1.1794855122421413
206,51,1.0,1.6243094111443932,1.5953831759533816,1.2000927469480713,1.6308172,1.5179318561905235
206,52,1.0,1.1973775477574842,1.2981207277584144,1.199540843767034,1.1932194,1.2223191561217712
206,53,1.0,1.1901380509559807,1.344055373951878,1.1997836246943803,1.1971539,1.2331780214293706
206,54,1.0,1.7393000651761374,1.5955755322951959,1.2000907238337526,1.7838182,1.5863147542583305
206,55,1.0,1.124069507296192,1.3473574911530246,1.1997832546765619,1.1700324,1.2103392146466532
206,56,1.0,1.2039575422573687,1.1131072039965697,1.1997655381849326,1.1982279,1.178502170173917
206,57,1.0,1.1477638417781029,1.1378357964681318,1.2004961219407138,1.1383672,1.155362594433757
206,58,3.0,1.1641984339211935,1.2957803922663396,1.1995422462877274,1.1717614,1.2078282642806073
206,59,2.0,1.1861674212432265,1.2973192430008544,1.1995412630891276,1.1723871,1.2139374506098553
206,60,1.0,1.174281945932918,1.295588035924525,1.1995423856716452,1.1946213,1.2161934872003668
206,61,1.0,1.1713377399962774,1.1376754995166198,1.2004959814255207,1.1673003,1.1687071443933998
206,62,1.0,1.179550245618828,1.1138766293638274,1.1997609065240746,1.1672432,1.164573662354571
206,63,1.0,1.139705767220804,1.296068926779061,1.1995420440915832,1.1635165,1.1995888104387902
206,64,1.0,1.1690333362861518,1.140208191350509,1.2004984116718809,1.1787317,1.1716969084559297
206,65,2.0,1.6507180106794368,1.5942931566831,1.2001042411327758,1.6080896,1.5185135772471925
206,66,1.0,1.631898168725638,1.5952228790018697,1.2000944340906046,1.5530947,1.49988127638027
206,67,1.0,1.1526680310259383,1.1397273004959732,1.200497915661759,1.1656498,1.1640789944560768
206,68,1.0,1.1793483185926472,1.1146460547310846,1.1997562740739098,1.1817158,1.168427457744136
206,69,1.0,1.7206226509320985,1.5954793541242887,1.200091735200249,1.7215296,1.5655910552141044
206,70,1.0,1.1601855357792195,1.2967742333657137,1.1995415845012174,1.1750033,1.2078954351166444
206,71,1.0,1.6185089318630497,1.6585596999008896,1.19987128151476,1.5772818,1.518670572478865
206,72,4.0,1.1526680310259383,1.1397273004959732,1.200497915661759,1.1656498,1.1640789944560768
206,73,3.0,1.1270000281752588,1.1387014000062965,1.2004969117275397,1.1608044,1.1560810023723258
206,74,2.0,1.1936884010226014,1.1396631817153686,1.2004978507538004,1.1656498,1.174443439018361
206,75,1.0,1.1513370165460721,1.1403684883020209,1.2004985806222812,1.1787317,1.1672592522273506
206,76,1.0,1.1781125408377264,1.115479598878947,1.199751254872641,1.1784981,1.1674993391475241
206,77,1.0,1.1816478466877212,1.3444400866355064,1.1997835551962162,1.2311598,1.2398471535123363
206,78,3.0,1.6964860585091739,1.5943893348540072,1.2001032249003727,1.6980873,1.5531984667747167
206,79,2.0,1.6243094111443932,1.5953831759533816,1.2000927469480713,1.6308172,1.5179318561905235
206,80,1.0,1.6758867066858274,1.5957037698564054,1.200089375977113,1.6813956,1.544034545422907
206,81,1.0,1.1592899551023834,1.296389520682085,1.199541829086723,1.1644905,1.2048756414540842
206,82,2.0,1.6334833545944694,1.6592650064875423,1.1998705532130496,1.6306647,1.5363276186054775
206,83,1.0,1.6187718220719076,1.5963770170527558,1.2000823112672532,1.6928794,1.532694506189117
206,84,1.0,1.1647610805324786,1.139086112689925,1.20049727956063,1.1586083,1.1651711784946102
206,85,1.0,1.1694792854407818,1.1120492441165906,1.1997719051440832,1.169864,1.1622373301143165
206,86,2.0,1.6383099851293503,1.5939725627800763,1.200107631407657,1.6147628,1.5170045050702918
206,87,1.0,1.616689144245094,1.5952549383921721,1.2000940965759448,1.5530947,1.4960404871293835
206,88,1.0,1.1891434572799993,1.2972230648299472,1.1995413176695175,1.1723871,1.2146662453962986
206,89,1.0,1.1871019333340151,1.3460430561506262,1.1997833403970606,1.1983749,1.233225738237858
206,90,1.0,1.121267939888101,1.116216964855902,1.1997468143445176,1.1576169,1.1479449881090922
206,91,1.0,1.633001180947837,1.6597458973420782,1.1998700762422827,1.6256385,1.5350382898890176
206,92,2.0,1.1489715766063044,1.1386052218353893,1.2004968213861404,1.1538677,1.1598379888475638
206,93,1.0,1.1936884010226014,1.1396631817153686,1.2004978507538004,1.1656498,1.174443439018361
206,94,1.0,1.1690570154390187,1.1155757770498542,1.1997506756951617,1.1784981,1.1652319336772032
206,95,2.0,1.591410063303633,1.6605794414899402,1.1998692870996595,1.6255159,1.524692478818669
206,96,1.0,1.6497814421376986,1.5950305226600552,1.2000964601105981,1.5927073,1.5145167433831432
206,97,1.0,1.1866468029788133,1.1147101735116896,1.1997558880074635,1.1872948,1.1717212196908002
206,98,1.0,1.2490322393233169,1.296870411536621,1.1995415256518334,1.176445,1.2307731886790805
206,99,2.0,1.7256665821952242,1.5937481470479595,1.2001100072021729,1.765352,1.5776713685684784
206,100,1.0,1.627370651852854,1.6609641541735691,1.1998689389608492,1.700251,1.553054742168965
206,101,1.0,1.2328269456532555,1.1389578751287155,1.2004971557969917,1.1936113,1.1913395754489782
206,102,1.0,1.178844255014458,1.2975436587329712,1.199541139269112,1.1723871,1.212140999096015
206,103,1.0,1.631898168725638,1.5952228790018697,1.2000944340906046,1.5530947,1.49988127638027
206,104,2.0,1.1970008673086914,1.1135560354608032,1.1997628364878061,1.206647,1.1790136121614947
206,105,1.0,1.1932280846544043,1.1153513613177375,1.1997520270988418,1.2012899,1.1771368590733113
206,106,1.0,1.7163154105544722,1.6609320947832666,1.1998689675774357,1.700251,1.5755551508764043
206,107,1.0,1.2684118408669922,1.3429974140718988,1.1997838514772043,1.2541498,1.2673342213151266
206,108,1.0,1.737201507185827,1.5956396510758006,1.2000900498148435,1.7762643,1.583862664153016
206,109,1.0,1.1782819159676585,1.1401761319602068,1.200498378100679,1.1787317,1.17402924909632
206,110,2.0,1.541523562982839,1.5965052546139653,1.2000809678160886,1.4974122,1.463053266536812
206,111,1.0,1.637026977057564,1.6599382536838925,1.1998698898947675,1.626861,1.536419189247793
206,112,1.0,1.1728941344374553,1.3453377495639738,1.199783420024466,1.1771342,1.2240049397474555
206,113,1.0,1.816697161742867,1.6615732825893146,1.199868408522905,1.746073,1.612870488175762
206,114,2.0,1.162513493553428,1.295748332876037,1.1995422692668607,1.1748031,1.2081737789836138
206,115,1.0,1.1641984339211935,1.2957803922663396,1.1995422462877274,1.1717614,1.2078282642806073
206,116,1.0,1.6541293114767854,1.5938443252188668,1.200108988747812,1.6307818,1.525083474412114
206,117,1.0,1.1860340430832692,1.1126583725323362,1.19976823956202,1.20506,1.1756054668574634
206,118,2.0,1.7566611343214578,1.5936199094867498,1.2001113657679758,1.7806064,1.5893945376803496
206,119,1.0,1.5826559677715926,1.6606115008802427,1.1998692576988754,1.6050233,1.5172302147361272
206,120,1.0,1.1678564916796892,1.1142613420474559,1.199758590387938,1.1573049,1.1591626514120168
206,121,1.0,1.6758867066858274,1.5957037698564054,1.200089375977113,1.6813956,1.544034545422907
206,122,1.0,1.1526680310259383,1.1397273004959732,1.200497915661759,1.1656498,1.1640789944560768
206,123,1.0,1.6569723758683623,1.5948702257085432,1.200098149663453,1.6283349,1.525432529641264
206,124,1.0,1.188057613897362,1.1407211415953473,1.2004989586690393,1.1529022,1.170017567152167
206,125,1.0,1.6527022414281267,1.5960884825400343,1.200085336619684,1.729672,1.5506436366940974
206,126,2.0,1.167345478598189,1.2963574612917825,1.1995418501286734,1.1644905,1.2069060781940681
206,127,1.0,1.1627600006002314,1.2960368673887586,1.1995420661528373,1.1635165,1.2054148469602053
206,128,1.0,1.2036925269843404,1.1150948861953185,1.1997535715050398,1.2129347,1.1827066345669628
206,129,1.0,1.6787549334372809,1.5934916719255403,1.2001127250213826,1.6414815,1.5339707315245577
206,130,1.0,1.2281965913811832,1.2951392044602916,1.1995427251185389,1.2041365,1.232163754768826
206,131,1.0,1.6786980416982942,1.5942290379024955,1.2001049188321018,1.7540394,1.5630049570669975
206,132,1.0,1.1550983043866636,1.139406706592949,1.2004975940082472,1.180394,1.168393758262088
206,133,3.0,1.6620954019773404,1.6590405907554253,1.199870781247489,1.6465442,1.5475835661776567
206,134,2.0,1.6531502643013911,1.659329125268147,1.1998704887032636,1.6188318,1.5382863885235167
206,135,1.0,1.6434912889310471,1.6600023724644972,1.199869828341699,1.6244261,1.5374468821615679
206,136,2.0,1.151753319470013,1.1370663711008742,1.2004954638015086,1.1749771,1.1655653993714266
206,137,1.0,1.1868056901849668,1.1396952411056707,1.2004978831717186,1.1656498,1.1727098089775205
206,138,2.0,1.5854009012494295,1.6611885699056859,1.199868740575541,1.6894388,1.5397179189506272
206,139,1.0,1.633001180947837,1.6597458973420782,1.1998700762422827,1.6256385,1.5350382898890176
206,140,3.0,1.1893797666680006,1.1148704704632015,1.1997549228147684,1.1872948,1.172453164071117
206,141,2.0,1.2309174317897247,1.1134598572898962,1.1997634154468366,1.2185128,1.1906151825667035
206,142,1.0,1.1709087951164296,1.1141331044862464,1.1997593624498906,1.1717896,1.1636172163641394
206,143,2.0,1.6367290819546338,1.5961846607109413,1.2000843277708706,1.6434928,1.5245261053948425
206,144,1.0,1.6640730079202413,1.660290906977219,1.19986955485377,1.6706413,1.5545795010994667
206,145,1.0,1.1860340430832692,1.1126583725323362,1.19976823956202,1.20506,1.1756054668574634
206,146,1.0,1.1619156421861037,1.2964215800723875,1.199541808149663,1.1644905,1.205548210415529
206,147,1.0,1.2183604884899963,1.1126904319226387,1.1997680466174006,1.20506,1.1837941203964797
206,148,1.0,1.258033100772689,1.3425806419979676,1.1997839551405243,1.2450023,1.2622565740990506
206,149,1.0,1.7534697414980878,1.5955434729048936,1.2000910609130824,1.7838182,1.5898925241580197
206,150,1.0,1.184752363251802,1.3463957094439527,1.1997833093808241,1.188075,1.2300790972207083
206,151,2.0,1.7155569500766967,1.6612526886862906,1.199868684525253,1.6894388,1.5726716471323807
206,152,1.0,1.6124782480916082,1.6608038572220571,1.1998690827840284,1.6017718,1.5239919198444927
206,153,1.0,1.133596427870219,1.1379319746390388,1.2004962071114282,1.1472574,1.1540815115893461
206,154,1.0,1.208815527370304,1.3439271363906684,1.1997836493970588,1.2014924,1.2389846803509001
206,155,1.0,1.1937846733787318,1.1367778365881525,1.2004952276261556,1.197013,1.1817796719237719
206,156,3.0,1.782161449073157,1.5956075916854984,1.2000903868027868,1.7762643,1.5952322720427403
206,157,2.0,1.6587572756459392,1.5953511165630792,1.2000930842919344,1.6308172,1.5266412596276153
206,158,1.0,1.6758867066858274,1.5957037698564054,1.200089375977113,1.6813956,1.544034545422907
206,159,1.0,1.1641984339211935,1.2957803922663396,1.1995422462877274,1.1717614,1.2078282642806073
206,160,1.0,1.1265059058019975,1.3433180079749227,1.1997837772408781,1.1943103,1.2161593942859428
206,161,1.0,1.1269257948084714,1.1378999152487366,1.200496178648472,1.1383672,1.1501055215972114
206,162,1.0,1.6176861899956732,1.6598741349032875,1.1998699517297846,1.626861,1.53150856479834
206,163,1.0,1.2271144826037312,1.138188449761458,1.2004964373860376,1.1898162,1.188725892105435
206,164,1.0,1.69355536065839,1.5944213942443097,1.2001028862418013,1.6932174,1.5512160153693846
206,165,2.0,1.1827092355738207,1.3443759678549019,1.1997835662974599,1.2004491,1.232224203755357
206,166,1.0,1.215818384320786,1.3445683241967163,1.1997835335684472,1.1947109,1.2391800131553816
206,167,1.0,1.1936884010226014,1.1396631817153686,1.2004978507538004,1.1656498,1.174443439018361
206,168,1.0,1.6505043980502299,1.6592008877069373,1.199870618013801,1.6350033,1.541731363062393
206,169,1.0,1.2361447141868245,1.3430615328525035,1.1997838362435718,1.2541498,1.2591848686607257
206,170,2.0,1.6337910112567657,1.658752056242704,1.199871079499678,1.6168957,1.532744901867691
206,171,1.0,1.6486995675776919,1.5949343444891482,1.2000974736995584,1.6406729,1.5265189678856756
206,172,1.0,1.219088513034081,1.2978321932456929,1.1995409874059677,1.171293,1.2221176729573062
206,173,1.0,1.2052291474555978,1.3441515521227851,1.1997836066682077,1.1971539,1.2370213352206834
206,174,1.0,1.6497814421376986,1.5950305226600552,1.2000964601105981,1.5927073,1.5145167433831432
206,175,1.0,1.1886828618755136,1.2962612831208755,1.1995419138723007,1.1635165,1.2120316860762967
206,176,1.0,1.162157091064761,1.1124339568002195,1.1997695901184449,1.1786145,1.1627250755420853
206,177,1.0,1.1221648596757026,1.2970627678784352,1.1995414106804765,1.1669071,1.1962706836578498
206,178,2.0,1.15198643250275,1.1353672234148473,1.2004941562269984,1.1898227,1.1690010402896067
206,179,1.0,1.2053885306355563,1.1359442924402903,1.2004945778430856,1.192668,1.1833908225266097
206,180,1.0,1.6959361548474345,1.6609000353929642,1.1998689962798894,1.700251,1.57038983488822
206,181,1.0,1.2264499550613925,1.111600412652357,1.1997746056376812,1.1906548,1.1818729423872005
206,182,1.0,1.6172126408626901,1.594838166318241,1.200098487696658,1.5399392,1.4926949743683937
206,183,1.0,1.2271144826037312,1.138188449761458,1.2004964373860376,1.1898162,1.188725892105435
206,184,3.0,1.73757085003031,1.5945816911958217,1.2001011936136214,1.8723685,1.60833560118362
206,185,2.0,1.6409925853598544,1.5947419881473337,1.2000995020952943,1.5928975,1.5122691116903564
206,186,1.0,1.6816285979615382,1.594357275463705,1.2001035636019515,1.6980873,1.5494305794538814
206,187,1.0,1.1589307201610433,1.2965177582432945,1.1995417459361912,1.1644905,1.2048171651130728
206,188,1.0,1.6266778499042183,1.5947740475376362,1.200099163907706,1.5928975,1.5086546326115364
206,189,2.0,1.2163226168976773,1.296293342511178,1.199541892524547,1.1644905,1.2192841018228981
206,190,1.0,1.175657219066553,1.2958124516566418,1.1995422234114523,1.1717614,1.2107361518986768
206,191,1.0,1.255583510664912,1.3426768201688748,1.199783930501999,1.2598268,1.2654625343810997
206,192,1.0,1.1926127509425903,1.1140369263153391,1.199759941492091,1.1769835,1.170417351135681
206,193,1.0,1.245156801620288,1.3445362648064139,1.199783538904915,1.2311598,1.2559431749546086
206,194,1.0,1.6395640463323826,1.5951908196115672,1.2000947716535608,1.6261276,1.5205414400362374
206,195,1.0,1.2029668361747774,1.1125301349711267,1.1997690113160722,1.1786145,1.1730766620103885
206,196,1.0,1.1893684263121547,1.1122095410681025,1.1997709405824712,1.2217907,1.180626673255164
206,197,1.0,1.625293528647811,1.6598420755129852,1.199869982747588,1.621523,1.5320567350034626
206,198,1.0,1.114901194858356,1.1386372812256915,1.2004968514288386,1.1538677,1.1512241990833665
206,199,1.0,1.7206226509320985,1.5954793541242887,1.200091735200249,1.7215296,1.5655910552141044
206,200,1.0,1.231142450789751,1.297351302391157,1.199541245091485,1.1723871,1.2253270183306193
206,201,2.0,1.7535450941035429,1.5957678886370104,1.2000887023030098,1.6813956,1.5637029776986884
206,202,1.0,1.782161449073157,1.5956075916854984,1.2000903868027868,1.7762643,1.5952322720427403
206,203,1.0,1.2085478495624196,1.1360725300015002,1.2004946746701983,1.2081482,1.1881924994090214
206,204,1.0,1.219088513034081,1.2978321932456929,1.1995409874059677,1.171293,1.2221176729573062
206,205,1.0,1.6587572756459392,1.5953511165630792,1.2000930842919344,1.6308172,1.5266412596276153
206,206,1.0,1.1609436679079268,1.111664531432962,1.1997742198803178,1.1738204,1.160995016148003
206,207,1.0,1.296134485725085,1.342420345046456,1.1997839971621125,1.271662,1.2786945253616475
206,208,2.0,1.6195186385897566,1.658687937462099,1.1998711465526137,1.5996827,1.5247028784266123
206,209,1.0,1.631898168725638,1.5952228790018697,1.2000944340906046,1.5530947,1.49988127638027
206,210,1.0,1.163166436113935,1.1120813035068933,1.1997717122353169,1.1510646,1.1558270032423907
206,211,1.0,1.320439444144268,1.3427729983397823,1.1997839062909896,1.2598268,1.2818994226703855
206,212,1.0,1.207826035227389,1.1346619168281946,1.2004936722108965,1.2092868,1.187944598932779
206,213,1.0,1.6247594589561314,1.6588161750233086,1.1998710127202872,1.611882,1.5291898995425575
206,214,1.0,1.155443168201348,1.2980566089778094,1.199540874978018,1.1516759,1.2010377231265768
206,215,1.0,1.6329220546969427,1.6582391059978656,1.1998716238562734,1.6742713,1.5471085213336213
206,216,1.0,1.1553066358564112,1.1352710452439405,1.2004940881980424,1.1867164,1.1690203450690229
206,217,1.0,1.2159856587045261,1.111343937529938,1.1997761485892184,1.284641,1.2032617576606386
206,218,2.0,1.6521635279431757,1.6607717978317547,1.199869111760336,1.6017718,1.5340266394757156
206,219,1.0,1.6042429569672942,1.596473195223663,1.2000813036130638,1.6928794,1.5290419061411649
206,220,1.0,1.1481368016772706,1.1119851253359858,1.199772290952118,1.169864,1.1568202297498364
207,1,1.0,1.180365182569958,1.3451453932221593,1.199783445803715,1.1812984,1.2269147512518959
207,2,2.0,1.7566611343214578,1.5936199094867498,1.2001113657679758,1.7806064,1.5893945376803496
207,3,1.0,1.745751286098224,1.661541223199012,1.1998684358106753,1.746073,1.594908695299106
207,4,1.0,1.175657219066553,1.2958124516566418,1.1995422234114523,1.1717614,1.2107361518986768
207,5,1.0,1.1703612021782988,1.1397593598862756,1.2004979482252418,1.1656498,1.1685645797746858
207,6,1.0,1.1828371666541877,1.3451133338318573,1.199783450269119,1.1812984,1.2275322038874208
207,7,2.0,1.6645194617143122,1.593876384609169,1.2001086493497122,1.763314,1.5617068882807694
207,8,1.0,1.6601713967159102,1.594036681560681,1.200106953006346,1.6769178,1.53849161558635
207,9,1.0,1.180365182569958,1.3451453932221593,1.199783445803715,1.1812984,1.2269147512518959
207,10,1.0,1.5458112780531648,1.5936519688770523,1.2001110260646615,1.5600686,1.47949072883069
207,11,1.0,1.2158129478688313,1.1127224913129412,1.1997678536712526,1.20506,1.1831575025396717
207,12,1.0,1.180365182569958,1.3451453932221593,1.199783445803715,1.1812984,1.2269147512518959
207,13,1.0,1.6657266322143993,1.5961205419303368,1.2000850002903631,1.6434928,1.5318482094353745
207,14,1.0,1.2338870688994323,1.1134919166801984,1.1997632224639523,1.206647,1.1883319639541972
207,15,1.0,1.2684118408669922,1.3429974140718988,1.1997838514772043,1.2541498,1.2673342213151266
207,16,1.0,1.6122336189381579,1.6605153227093354,1.1998693460953958,1.6255159,1.529945911925528
207,17,1.0,1.1489715766063044,1.1386052218353893,1.2004968213861404,1.1538677,1.1598379888475638
207,18,1.0,1.7566611343214578,1.5936199094867498,1.2001113657679758,1.7806064,1.5893945376803496
207,19,1.0,1.1900136759493962,1.3448889180997403,1.1997834828791212,1.186647,1.230663112769553
207,20,1.0,1.6856252350877035,1.5946137505861242,1.2001008552180112,1.6990657,1.5507571122862573
207,21,1.0,1.1813883639972784,1.1387975781772037,1.2004970027155075,1.1608044,1.1698689695946223
207,22,2.0,1.69355536065839,1.5944213942443097,1.2001028862418013,1.6932174,1.5512160153693846
207,23,1.0,1.6964860585091739,1.5943893348540072,1.2001032249003727,1.6980873,1.5531984667747167
207,24,1.0,1.1510421644685065,1.1385731624450868,1.2004967914181768,1.1538677,1.1603538552830133
207,25,1.0,1.1449305274172912,1.2974154211717617,1.1995412094107734,1.1723871,1.2035262969994698
207,26,1.0,1.2331959938639567,1.343670661268249,1.1997837011172705,1.2029234,1.245456507728008
207,27,2.0,1.163166436113935,1.1120813035068933,1.1997717122353169,1.1510646,1.1558270032423907
207,28,1.0,1.1739344927240871,1.113620154241408,1.1997624505064868,1.1740649,1.1648372996681418
207,29,1.0,1.5106886322062212,1.6604832633190332,1.199869375716535,1.5995178,1.4975738163521974
207,30,1.0,1.1820338388019795,1.3437347800488542,1.1997836878963704,1.2029234,1.2325255468945304
207,31,3.0,1.665619112242517,1.5951267008309624,1.200095446892932,1.7356517,1.5552048317635476
207,32,2.0,1.6505043980502299,1.6592008877069373,1.199870618013801,1.6350033,1.541731363062393
207,33,1.0,1.6133147306023203,1.6617015201505243,1.1998683000995956,1.70775,1.551607198432279
207,34,1.0,1.199533250460041,1.1131392633868722,1.1997653452171357,1.1982279,1.1773906184039795
207,35,1.0,1.2328269456532555,1.1389578751287155,1.2004971557969917,1.1936113,1.1913395754489782
207,36,2.0,1.6486995675776919,1.5949343444891482,1.2000974736995584,1.6406729,1.5265189678856756
207,37,1.0,1.670538944496338,1.594677869366729,1.2001001785789074,1.6463499,1.5334372005434815
207,38,1.0,1.1694663484998138,1.3449530368803448,1.199783473324229,1.186647,1.2254795941855772
207,39,1.0,1.19224651677626,1.297191005439645,1.1995413360668723,1.1723871,1.2154434023782454
207,40,1.0,1.206970106448483,1.1151910643662255,1.1997529923600905,1.2012899,1.180574103112623
207,41,1.0,1.2228114152873832,1.344311849074297,1.1997835775924242,1.1937002,1.2406256271199103
207,42,1.0,1.6254999373061878,1.5932672561934236,1.2001151054004,1.5544634,1.498123125698828
207,43,1.0,1.1666196082226283,1.296710114585109,1.1995416242552308,1.1607699,1.2058575158537361
207,44,1.0,1.151807983534213,1.3452415713930665,1.1997834326949595,1.1714095,1.2171764732197903
207,45,1.0,1.4276826972651966,1.1114080563105428,1.1997757628648287,1.284641,1.2568503118645553
207,46,1.0,1.7160649934189822,1.593555790706145,1.2001120453096752,1.6911229,1.5561583682282825
207,47,1.0,1.1916369398923317,1.137451083784503,1.2004957877124913,1.183132,1.1778470794668892
207,48,1.0,1.215818384320786,1.3445683241967163,1.1997835335684472,1.1947109,1.2391800131553816
207,49,2.0,1.2088238662902318,1.1150628268050156,1.1997537645519085,1.2129347,1.183997113024613
207,50,1.0,1.1709087951164296,1.1141331044862464,1.1997593624498906,1.1717896,1.1636172163641394
207,51,3.0,1.663181506159617,1.5949664038794504,1.2000971357858055,1.6930268,1.543617234947416
207,52,2.0,1.6587266048919043,1.6595856003905662,1.1998702334682412,1.6826407,1.556125266082067
207,53,1.0,1.6660884168575807,1.6603229663675212,1.1998695248261628,1.6706413,1.5550976298561552
207,54,1.0,1.1746747177388308,1.297287183610552,1.1995412811815724,1.1723871,1.2110209784171386
207,55,1.0,1.1653919624489935,1.1140689857056416,1.1997597484812703,1.1717896,1.1622049827697054
207,56,2.0,1.6601713967159102,1.594036681560681,1.200106953006346,1.6769178,1.53849161558635
207,57,1.0,1.677922192147264,1.5959281855885223,1.2000870189069046,1.6252414,1.5302059345387062
207,58,1.0,1.1739344927240871,1.113620154241408,1.1997624505064868,1.1740649,1.1648372996681418
207,59,1.0,1.2161524350032373,1.3446003835870186,1.1997835282798759,1.1947109,1.239272660349713
207,60,1.0,1.1847102150375663,1.1154475394886445,1.1997514479284297,1.1784981,1.1691608908590103
207,61,1.0,1.162513493553428,1.295748332876037,1.1995422692668607,1.1748031,1.2081737789836138
207,62,3.0,1.6950189614820657,1.5943252160734025,1.200103902334295,1.7501124,1.5661522345205843
207,63,2.0,1.6124782480916082,1.6608038572220571,1.1998690827840284,1.6017718,1.5239919198444927
207,64,1.0,1.6278234361455055,1.6591367689263326,1.1998706830952097,1.6143008,1.5306666024434286
207,65,1.0,1.2114403588760092,1.138893756348111,1.2004970943467617,1.1936113,1.1859112081020542
207,66,1.0,1.6507180106794368,1.5942931566831,1.2001042411327758,1.6080896,1.5185135772471925
207,67,1.0,1.1848480102593801,1.3465880657857672,1.1997832949352771,1.188075,1.2301519764179067
207,68,1.0,1.2648426130067707,1.11230571923901,1.1997703618253037,1.2217907,1.1997505034493736
207,69,1.0,1.1523643566919295,1.1384769842741798,1.2004967019387875,1.1721265,1.1653463043477106
207,70,1.0,1.177695795176555,1.29712688665904,1.1995413731711564,1.1669071,1.2103396556213895
207,71,1.0,1.7534697414980878,1.5955434729048936,1.2000910609130824,1.7838182,1.5898925241580197
207,72,1.0,1.1624957453742188,1.1136842730220131,1.1997620645210303,1.1740649,1.1619587247837222
207,73,2.0,1.6950189614820657,1.5943252160734025,1.200103902334295,1.7501124,1.5661522345205843
207,74,1.0,1.6932160209809042,1.6610282729541739,1.1998688819194607,1.7047309,1.5708827178829667
207,75,1.0,1.179550245618828,1.1138766293638274,1.1997609065240746,1.1672432,1.164573662354571
207,76,1.0,1.658784951436223,1.5957358292467079,1.2000890391085657,1.6813956,1.5397147785939485
207,77,2.0,1.1916369398923317,1.137451083784503,1.2004957877124913,1.183132,1.1778470794668892
207,78,1.0,1.1896951901087605,1.1368098959784554,1.2004952535813258,1.197013,1.1807528993617242
207,79,1.0,1.1723123013132706,1.296549817633597,1.1995417253966993,1.1644905,1.2082116393787046
207,80,2.0,1.1669269759977592,1.114101045095944,1.199759555467417,1.1717896,1.162601503136525
207,81,1.0,1.1942815232994386,1.1153834207080398,1.1997518340421538,1.1784981,1.1715668883990804
207,82,1.0,1.177695795176555,1.29712688665904,1.1995413731711564,1.1669071,1.2103396556213895
207,83,4.0,1.5965162910159112,1.5958961261982199,1.20008735549997,1.6252414,1.5095971829104224
207,84,3.0,1.6356221049707276,1.6592329470972396,1.199870585585295,1.6350033,1.537973329466443
207,85,2.0,1.616689144245094,1.5952549383921721,1.2000940965759448,1.5530947,1.4960404871293835
207,86,1.0,1.7351881609925968,1.6601947288063115,1.199869645381723,1.7618678,1.595945457760902
207,87,1.0,1.143955204906209,1.1385411030547845,1.2004967615184707,1.1538677,1.1585522968990523
207,88,1.0,1.2124632235126784,1.3454659871251833,1.199783403805533,1.2265123,1.2467131315618014
207,89,1.0,1.5086376064385139,1.5971143830297108,1.200074596088146,1.440125,1.4401932051379223
207,90,1.0,1.151807983534213,1.3452415713930665,1.1997834326949595,1.1714095,1.2171764732197903
207,91,2.0,1.1697683481413017,1.1372587274426889,1.2004956244685052,1.1687737,1.1685822415892242
207,92,1.0,1.1683594761529157,1.138509043664482,1.2004967316961555,1.1721265,1.1694021770936316
207,93,1.0,1.1909792097860765,1.1132995603383842,1.1997643803551135,1.2022048,1.1762860894327212
207,94,1.0,1.2540441200320567,1.3434783049264345,1.1997837419199187,1.2156147,1.2539382053689616
207,95,1.0,1.14349293542036,1.2943377197027317,1.1995433808821494,1.1768159,1.2035198416976782
207,96,2.0,1.6645194617143122,1.593876384609169,1.2001086493497122,1.763314,1.5617068882807694
207,97,1.0,1.6497814421376986,1.5950305226600552,1.2000964601105981,1.5927073,1.5145167433831432
207,98,1.0,1.208129838056029,1.1131713227771745,1.1997651522469928,1.1931311,1.178267142307702
207,99,1.0,1.1332318777086245,1.138669340615994,1.2004968815409613,1.1538677,1.1558711136360023
207,100,1.0,1.149062960187214,1.2977360150747854,1.1995410371126474,1.171293,1.2043725578775386
207,101,2.0,1.1624957453742188,1.1136842730220131,1.1997620645210303,1.1740649,1.1619587247837222
207,102,1.0,1.214719347493553,1.1129148476547555,1.1997666959586304,1.20506,1.1829291572732699
207,103,1.0,1.1697683481413017,1.1372587274426889,1.2004956244685052,1.1687737,1.1685822415892242
207,104,2.0,1.6717357395631567,1.5947099287570312,1.2000998403078065,1.6893388,1.5447720051181546
207,105,1.0,1.6145848027634342,1.5931710780225163,1.2001161262208184,1.5964175,1.5060953751629007
207,106,1.0,1.1901380509559807,1.344055373951878,1.1997836246943803,1.1971539,1.2331780214293706
207,107,1.0,1.5965162910159112,1.5958961261982199,1.20008735549997,1.6252414,1.5095971829104224
207,108,2.0,1.199692058219834,1.2954597983633156,1.1995424806202186,1.1824814,1.2194782640218973
207,109,1.0,1.139705767220804,1.296068926779061,1.1995420440915832,1.1635165,1.1995888104387902
207,110,3.0,1.192793320096373,1.138092271590551,1.2004963504954722,1.1898162,1.1800161595428804
207,111,2.0,1.1851066944452175,1.1371946086620843,1.2004955706269376,1.1749771,1.1740383396806686
207,112,1.0,1.1937846733787318,1.1367778365881525,1.2004952276261556,1.197013,1.1817796719237719
207,113,1.0,1.1230303130357873,1.2942415415318247,1.1995434638519493,1.1666394,1.195707605111351
207,114,1.0,1.1578081833053904,1.13902199390932,1.2004972175370339,1.1586083,1.1633954255253012
207,115,2.0,1.1728941344374553,1.3453377495639738,1.199783420024466,1.1771342,1.2240049397474555
207,116,1.0,1.1952539399627697,1.3442797896839946,1.1997835833102033,1.1937002,1.233643772966708
207,117,3.0,1.6145848027634342,1.5931710780225163,1.2001161262208184,1.5964175,1.5060953751629007
207,118,2.0,1.631787136432771,1.6587841156330063,1.1998710460821231,1.6168957,1.5322459028991107
207,119,1.0,1.7256824575030876,1.6602588475869164,1.1998695849703547,1.6716883,1.5704308785449532
207,120,1.0,1.2218801318147556,1.3435424237070395,1.1997837281224488,1.185923,1.2382009369209799
207,121,1.0,1.2763725516779911,1.1125942537517315,1.1997686254447875,1.2220389,1.2028045522465474
207,122,1.0,1.1635279632794917,1.3444080272452041,1.1997835607214462,1.2004491,1.2273782693983113
207,123,1.0,1.174299326371559,1.1137163324123154,1.1997618715250307,1.1699439,1.1638970660952839
207,124,2.0,1.6507180106794368,1.5942931566831,1.2001042411327758,1.6080896,1.5185135772471925
207,125,1.0,1.5872408607958217,1.6620862328341528,1.1998679815894049,1.70775,1.5451061801439543
207,126,1.0,1.167345478598189,1.2963574612917825,1.1995418501286734,1.1644905,1.2069060781940681
207,127,1.0,1.2540441200320567,1.3434783049264345,1.1997837419199187,1.2156147,1.2539382053689616
207,128,4.0,1.787586496723316,1.6614129856378026,1.1998685456438223,1.746073,1.6054631603250171
207,129,3.0,1.7052251320842695,1.5929146029000971,1.2001188503136524,1.6580455,1.544772352013882
207,130,2.0,1.6137169675985765,1.5948061069279384,1.2000988257846814,1.5363746,1.4908882534696644
207,131,1.0,1.719141263251065,1.5962808388818486,1.2000833193157396,1.6928794,1.5580700714082911
207,132,1.0,1.2228114152873832,1.344311849074297,1.1997835775924242,1.1937002,1.2406256271199103
207,133,2.0,1.6137169675985765,1.5948061069279384,1.2000988257846814,1.5363746,1.4908882534696644
207,134,1.0,1.8711126645271718,1.6613809262475003,1.1998685732817285,1.6894388,1.6120692716588698
207,135,1.0,1.2349425703832047,1.134950451340916,1.2004938660591005,1.2090888,1.1948290362691039
207,136,4.0,1.6266778499042183,1.5947740475376362,1.200099163907706,1.5928975,1.5086546326115364
207,137,3.0,1.5106886322062212,1.6604832633190332,1.199869375716535,1.5995178,1.4975738163521974
207,138,2.0,1.6340731500529824,1.5940046221703785,1.2001072921860267,1.6769178,1.5318791155468103
207,139,1.0,1.5813197765184694,1.5929787216807019,1.200118169024351,1.6163131,1.5027310259125346
207,140,1.0,1.1592899551023834,1.296389520682085,1.199541829086723,1.1644905,1.2048756414540842
207,141,1.0,1.1893181339821637,1.343991255171273,1.1997836369483321,1.2014924,1.234066859214579
207,142,5.0,1.663512919964638,1.5949984632697527,1.2000967979296713,1.6930268,1.5437091358839163
207,143,4.0,1.69355536065839,1.5944213942443097,1.2001028862418013,1.6932174,1.5512160153693846
207,144,3.0,1.6247594589561314,1.6588161750233086,1.1998710127202872,1.611882,1.5291898995425575
207,145,2.0,1.6254999373061878,1.5932672561934236,1.2001151054004,1.5544634,1.498123125698828
207,146,1.0,1.73757085003031,1.5945816911958217,1.2001011936136214,1.8723685,1.60833560118362
207,147,1.0,1.2558671257679377,1.1345016198766826,1.200493567002418,1.2092868,1.200061370630066
207,148,1.0,1.6857301577893467,1.5954472947339864,1.2000920724037833,1.7339035,1.5599262101085438
207,149,1.0,1.1910524444201633,1.2967421739754115,1.1995416043308185,1.1750033,1.2156985602614572
207,150,1.0,1.6457733948463156,1.5960564231497318,1.200085672989273,1.729672,1.5488821776224515
207,151,1.0,1.3313444720172358,1.110446274601471,1.1997815477440608,1.2906264,1.2337636561037273
207,152,1.0,1.2496918772028875,1.1348542731700093,1.2004938008054442,1.2090888,1.1985371669279172
207,153,1.0,1.718082671386667,1.340400603457405,1.1997846286195835,1.4675099,1.4351849223989683
207,154,1.0,1.162033494524414,1.2956200953148276,1.1995423621833885,1.1381602,1.1986233265996742
207,155,1.0,1.2558671257679377,1.1345016198766826,1.200493567002418,1.2092868,1.200061370630066
207,156,3.0,1.66610719329884,1.593074899851609,1.2001171474311862,1.6457299,1.531755077357527
207,157,2.0,1.6356221049707276,1.6592329470972396,1.199870585585295,1.6350033,1.537973329466443
207,158,1.0,1.6354951905133106,1.5939084439994715,1.2001083099950105,1.5973891,1.5118208847959822
207,159,2.0,1.1990410685541526,1.1117286502135668,1.1997738341086597,1.1738204,1.1706521448499752
207,160,1.0,1.2856720353815063,1.1107348091141924,1.1997798125082044,1.3334317,1.2332551362797353
207,161,1.0,1.714516891023449,1.6596817785614733,1.1998701389158646,1.7684348,1.5922686694620163
207,162,1.0,1.3296748012596646,1.109708908624516,1.1997859812631912,1.3137271,1.2390794173334667
207,163,1.0,1.0851126876794703,1.1338604320706347,1.200493163886985,1.1305165,1.1364880632509051
207,164,1.0,1.6348859849667767,1.6589444125845183,1.1998708800247224,1.6244049,1.5349962757388629
207,165,1.0,1.2549314018348428,1.1109912842366119,1.1997782699100752,1.270983,1.20952629687552
207,166,1.0,1.7790715325271058,1.5933634343643308,1.2001140849812464,1.7478876,1.586611245713172
207,167,1.0,1.1816048246397715,1.1116965908232643,1.1997740269946056,1.1738204,1.166231631514723
207,168,1.0,1.7209135139883298,1.5954152353436841,1.2000924096481962,1.7339035,1.5688217383267347
207,169,1.0,1.142879503758128,1.296229223730573,1.1995419353229304,1.1635165,1.200432500910479
207,170,4.0,1.6519739171528096,1.657149086727584,1.1998728406440853,1.6478754,1.5448854129687457
207,171,3.0,1.7256665821952242,1.5937481470479595,1.2001100072021729,1.765352,1.5776713685684784
207,172,2.0,1.6602704524901148,1.6574376212403057,1.1998725106095576,1.6433843,1.5459062063264073
207,173,1.0,1.6148938085201723,1.65762997758212,1.1998722937567943,1.6656135,1.5401720904421683
207,174,1.0,1.2456119338237572,1.1111515811881238,1.199777305708419,1.270983,1.207208232219336
207,175,1.0,1.8067209044870387,1.5924978308261661,1.2001232828927588,1.6075764,1.557410526108058
207,176,1.0,1.1874919846307304,1.29485066994757,1.1995429538691413,1.1969984,1.2199595252067579
207,177,1.0,1.6258764365241105,1.5939405033897738,1.200107970672896,1.5973891,1.5093947786631672
207,178,1.0,1.1370010371718033,1.1317765717009791,1.2004920489949897,1.1379697,1.1510026914761802
207,179,1.0,1.2645421918895312,1.293632413116079,1.1995440105628623,1.2332882,1.2484559546036134
207,180,2.0,1.4637501919993015,1.3396632374804498,1.1997849060397667,1.4675099,1.3706365707663264
207,181,1.0,1.1657923935000674,1.1115362938717523,1.1997749913912463,1.1906548,1.166506700227661
207,182,1.0,1.654953975643439,1.656636136482746,1.1998734415044974,1.6478754,1.5455098863294692
207,183,1.0,1.1509429406379856,1.296165104949968,1.1995419785177293,1.1635165,1.2024568324802245
212,1,1.0,1.73757085003031,1.5945816911958217,1.2001011936136214,1.8723685,1.60833560118362
212,2,2.0,1.1557043778877547,1.296966589707528,1.1995414677103222,1.1790755,1.2078543492028389
212,3,1.0,1.2490322393233169,1.296870411536621,1.1995415256518334,1.176445,1.2307731886790805
212,4,1.0,1.6811252937082264,1.660867976002662,1.1998690250331114,1.700251,1.5666336665001748
212,5,1.0,1.1861674212432265,1.2973192430008544,1.1995412630891276,1.1723871,1.2139374506098553
212,6,1.0,1.2125972612341003,1.346331590663348,1.19978331458184,1.188075,1.2371093506280264
212,7,1.0,1.1606287902381691,1.2952995014118036,1.1995426015976778,1.172182,1.2069111679543543
212,8,1.0,1.1587534345481978,1.1138445699735249,1.1997610995253256,1.1672432,1.1593027180930102
212,9,1.0,1.142879503758128,1.296229223730573,1.1995419353229304,1.1635165,1.200432500910479
212,10,1.0,1.219879512816988,1.3463636500536502,1.1997833119588373,1.188075,1.2389603222272523
212,11,1.0,1.689256000433719,1.6611565105153834,1.1998687686988776,1.7047309,1.5699130133508863
212,12,1.0,1.1630127008329436,1.3467483627372792,1.1997832842374618,1.1679827,1.2195144831181621
212,13,1.0,1.1709087951164296,1.1141331044862464,1.1997593624498906,1.1717896,1.1636172163641394
212,14,1.0,1.1987028551503878,1.3457224622476023,1.1997833736856405,1.1772541,1.2306642404310213
212,15,1.0,1.1805760228231228,1.1140048669250369,1.1997601344988384,1.1769835,1.1673632486619916
212,16,1.0,1.1723852129716832,1.1384449248838775,1.2004966722589183,1.1721265,1.1704046969132427
212,17,1.0,1.5965162910159112,1.5958961261982199,1.20008735549997,1.6252414,1.5095971829104224
212,18,2.0,1.1431392786182741,1.3470048378596982,1.1997832696482038,1.1679827,1.2145501809960177
212,19,1.0,1.180365182569958,1.3451453932221593,1.199783445803715,1.1812984,1.2269147512518959
212,20,1.0,1.2765018854664658,1.1398875974474847,1.2004980791941129,1.2040194,1.2052965642582438
212,21,1.0,1.1537194300630726,1.3454339277348808,1.1997834077867173,1.1771342,1.2191768919076953
212,22,1.0,1.6929127685713812,1.5956717104661031,1.2000897128748378,1.7762643,1.5726629121391569
212,23,1.0,1.2765018854664658,1.1398875974474847,1.2004980791941129,1.2040194,1.2052965642582438
212,24,1.0,1.663512919964638,1.5949984632697527,1.2000967979296713,1.6930268,1.5437091358839163
212,25,1.0,1.219020524445537,1.1400799537892996,1.2004982778145044,1.2040194,1.1907989565231198
212,26,1.0,1.164816204102289,1.1142292826571536,1.1997587834092098,1.1573049,1.1583852037902747
212,27,1.0,1.1212107640076263,1.1405608446438353,1.2004987857449,1.1529022,1.15306058128496
212,28,2.0,1.1624957453742188,1.1136842730220131,1.1997620645210303,1.1740649,1.1619587247837222
212,29,1.0,1.2763725516779911,1.1125942537517315,1.1997686254447875,1.2220389,1.2028045522465474
212,30,1.0,1.6912746751177465,1.5960243637594296,1.2000860094045394,1.729672,1.560388777406667
212,31,1.0,1.1630127008329436,1.3467483627372792,1.1997832842374618,1.1679827,1.2195144831181621
212,32,1.0,1.1592899551023834,1.296389520682085,1.199541829086723,1.1644905,1.2048756414540842
212,33,3.0,1.5458112780531648,1.5936519688770523,1.2001110260646615,1.5600686,1.47949072883069
212,34,2.0,1.6505043980502299,1.6592008877069373,1.199870618013801,1.6350033,1.541731363062393
212,35,1.0,1.5749350950101635,1.5966014327848725,1.2000799606870507,1.4974122,1.4715325466675602
212,36,1.0,1.1691137129831615,1.2976398369038784,1.1995410877373038,1.1723871,1.209702898030316
212,37,1.0,1.177453268160197,1.3454018683445783,1.199783411816775,1.1771342,1.2251749060964512
212,38,1.0,1.6569723758683623,1.5948702257085432,1.200098149663453,1.6283349,1.525432529641264
212,39,3.0,1.1241608880061111,1.140528785253533,1.200498751377513,1.1529022,1.153799023616069
212,40,2.0,1.1621086323408223,1.1393746472026465,1.2004975622416678,1.180394,1.1701596834664505
212,41,1.0,1.1332318777086245,1.138669340615994,1.2004968815409613,1.1538677,1.1558711136360023
212,42,2.0,1.7351881609925968,1.6601947288063115,1.199869645381723,1.7618678,1.595945457760902
212,43,1.0,1.6612436734990461,1.6603550257578235,1.1998694948635065,1.6706413,1.5538797165888822
212,44,1.0,1.1897682686021678,1.1132354415577792,1.1997647663038908,1.1931311,1.1736366660636082
212,45,3.0,1.6632444214747806,1.5927863653388876,1.2001202133955327,1.6661373,1.5361915286986396
212,46,2.0,1.6569723758683623,1.5948702257085432,1.200098149663453,1.6283349,1.525432529641264
212,47,1.0,1.6521635279431757,1.6607717978317547,1.199869111760336,1.6017718,1.5340266394757156
212,48,1.0,1.2052291474555978,1.3441515521227851,1.1997836066682077,1.1971539,1.2370213352206834
212,49,1.0,1.192793320096373,1.138092271590551,1.2004963504954722,1.1898162,1.1800161595428804
212,50,1.0,1.6383099851293503,1.5939725627800763,1.200107631407657,1.6147628,1.5170045050702918
212,51,1.0,1.2175845138626074,1.1127866100935457,1.1997674677769041,1.20506,1.1836219524857925
212,52,1.0,1.1774382909095145,1.3450171556609498,1.1997834639556777,1.186647,1.2275132115450025
212,53,4.0,1.6344020684709426,1.5952869977824744,1.2000937590932914,1.6254233,1.5190786374829577
212,54,3.0,1.6245705964842807,1.660547382099638,1.199869316552727,1.6255159,1.5330760348529453
212,55,2.0,1.7475472607757327,1.6601626694160092,1.1998696757053013,1.7618678,1.5990649671848318
212,56,1.0,1.6686669780596843,1.5936840282673546,1.200110686401031,1.5600686,1.5105888377306733
212,57,1.0,1.1642002232080095,1.2975757181232734,1.1995411219901746,1.1723871,1.2084432639082274
212,58,1.0,1.2075821516746708,1.3437668394391564,1.1997836813584875,1.2029234,1.2389989587178976
212,59,1.0,1.1576896430688142,1.298441321661438,1.1995406938259257,1.1932194,1.21235676056703
212,60,2.0,1.114901194858356,1.1386372812256915,1.2004968514288386,1.1538677,1.1512241990833665
212,61,1.0,1.1529674740719416,1.1391502314705297,1.2004973418756955,1.1586083,1.162202908792881
212,62,2.0,1.1774382909095145,1.3450171556609498,1.1997834639556777,1.186647,1.2275132115450025
212,63,1.0,1.2011296235800173,1.3459789373700217,1.1997833466675925,1.1983749,1.236759385342512
212,64,1.0,1.2243192338563882,1.1150307674147135,1.1997539575993141,1.2129347,1.1879103304510283
212,65,1.0,1.6448954341085347,1.5941649191218905,1.200105596714778,1.6336982,1.5235749473115472
212,66,1.0,1.1691137129831615,1.2976398369038784,1.1995410877373038,1.1723871,1.209702898030316
212,67,1.0,1.1889368387185244,1.346010996760324,1.1997833435097096,1.1983749,1.2336819703113775
212,68,1.0,1.7566611343214578,1.5936199094867498,1.2001113657679758,1.7806064,1.5893945376803496
212,69,1.0,1.1584212587975475,1.137130489881479,1.2004955170702616,1.1749771,1.1672690383216409
212,70,1.0,1.2120411181256776,1.11525518314683,1.1997526062565262,1.2012899,1.1818735164568208
212,71,1.0,1.1557043778877547,1.296966589707528,1.1995414677103222,1.1790755,1.2078543492028389
212,72,1.0,1.2106734482107313,1.343702720658552,1.1997836944817406,1.2029234,1.2397650246875276
212,73,1.0,1.2181272655498296,1.1363290051239192,1.2004948717475201,1.2033799,1.1894588445808787
212,74,1.0,1.6856252350877035,1.5946137505861242,1.2001008552180112,1.6990657,1.5507571122862573
212,75,1.0,1.2184337493932358,1.1362007675627095,1.2004947726362623,1.2033799,1.1895039283611908
212,76,1.0,1.6258764365241105,1.5939405033897738,1.200107970672896,1.5973891,1.5093947786631672
212,77,2.0,1.1624974313169414,1.2964536394626898,1.199541787306144,1.1644905,1.2057035470379514
212,78,1.0,1.1603551797927067,1.2969986490978305,1.1995414485973603,1.1669071,1.2059189753034747
212,79,1.0,1.6999185129366248,1.5944855130249145,1.2001022090586855,1.7141206,1.5582026860528884
212,80,1.0,1.1582552313045216,1.1138125105832224,1.1997612925286305,1.1699439,1.1598611211055532
212,81,1.0,1.2068359721553952,1.1362969457336167,1.2004948468648184,1.2033799,1.1865933313759018
212,82,1.0,1.175836919687624,1.3465239470051624,1.1997832995600666,1.188075,1.2278553892957582
212,83,3.0,1.6980069156075408,1.594517572415217,1.2001018705334519,1.6955403,1.5529623202505363
212,84,2.0,1.5961453205718041,1.596152601320639,1.200084664015103,1.6434928,1.514247875177203
212,85,1.0,1.7209135139883298,1.5954152353436841,1.2000924096481962,1.7339035,1.5688217383267347
212,86,1.0,1.1848519354802596,1.1388616969578083,1.200497063729626,1.1936113,1.1791745752834697
212,87,1.0,1.3056823708423104,1.1113118781396358,1.1997763414487423,1.284641,1.2259524960068955
212,88,1.0,1.63798547655001,1.659970313074195,1.199869859089585,1.6244261,1.5360454660261045
212,89,1.0,1.166257659096054,1.139310528422042,1.2004974989155317,1.180394,1.1711934023278554
212,90,7.0,1.6258720744815072,1.59509464144066,1.2000957845886016,1.6960963,1.53499491558072
212,91,6.0,1.5482818879776317,1.5932993155837258,1.200114765218322,1.5544634,1.4785902244277818
212,92,5.0,1.6507180106794368,1.5942931566831,1.2001042411327758,1.6080896,1.5185135772471925
212,93,4.0,1.5855926860293372,1.6585276405105869,1.1998713154306027,1.5772818,1.5103326252608533
212,94,3.0,1.591410063303633,1.6605794414899402,1.1998692870996595,1.6255159,1.524692478818669
212,95,2.0,1.6367290819546338,1.5961846607109413,1.2000843277708706,1.6434928,1.5245261053948425
212,96,1.0,1.5458112780531648,1.5936519688770523,1.2001110260646615,1.5600686,1.47949072883069
212,97,1.0,1.1345067460362022,1.3442477302936924,1.1997835890772024,1.1937002,1.2182628710660128
212,98,1.0,1.6299943336484668,1.660066491245102,1.199869767077651,1.5986786,1.52744491559163
212,99,1.0,1.2141674252771002,1.1130110258256625,1.1997661170808154,1.2066385,1.1832184635881366
212,100,1.0,1.7311058970967343,1.6580467496560511,1.1998718326599376,1.6860936,1.5749381075915518
212,101,1.0,1.1641984339211935,1.2957803922663396,1.1995422462877274,1.1717614,1.2078282642806073
212,102,2.0,1.1816048246397715,1.1116965908232643,1.1997740269946056,1.1738204,1.166231631514723
212,103,1.0,1.1878521982284882,1.112241600458405,1.1997707476672168,1.2217907,1.1802510411453107
212,104,1.0,1.7127298904661634,1.660387085148126,1.1998694649694406,1.6706413,1.5669170138676938
212,105,1.0,1.1627600006002314,1.2960368673887586,1.1995420661528373,1.1635165,1.2054148469602053
212,106,1.0,1.1989717295491955,1.1126263131420338,1.199768432504144,1.2220389,1.1832254331347414
212,107,1.0,1.669755088707564,1.6596176597808685,1.1998702018786747,1.6826407,1.558924258830367
212,108,1.0,1.1938329492508313,1.1128186694838482,1.1997672748237889,1.20506,1.1776194075364792
212,109,3.0,1.6245705964842807,1.660547382099638,1.199869316552727,1.6255159,1.5330760348529453
212,110,2.0,1.6980069156075408,1.594517572415217,1.2001018705334519,1.6955403,1.5529623202505363
212,111,1.0,1.7009979723964577,1.594453453634612,1.2001025476161822,1.7277116,1.5619530261078838
212,112,1.0,1.2271144826037312,1.138188449761458,1.2004964373860376,1.1898162,1.188725892105435
212,113,1.0,1.6354951905133106,1.5939084439994715,1.2001083099950105,1.5973891,1.5118208847959822
212,114,1.0,1.1936078998227584,1.295427738973013,1.1995425046113317,1.1824814,1.2179304890361031
212,115,3.0,1.7160649934189822,1.593555790706145,1.2001120453096752,1.6911229,1.5561583682282825
212,116,2.0,1.6266778499042183,1.5947740475376362,1.200099163907706,1.5928975,1.5086546326115364
212,117,1.0,1.7534697414980878,1.5955434729048936,1.2000910609130824,1.7838182,1.5898925241580197
212,118,1.0,1.2321065762213887,1.3433821267555275,1.1997837629643524,1.1943103,1.242899105733655
212,119,1.0,1.2183676500600997,1.135014570121521,1.2004939099197791,1.2090888,1.1906507946059854
212,120,3.0,1.6334833545944694,1.6592650064875423,1.1998705532130496,1.6306647,1.5363276186054775
212,121,2.0,1.6612436734990461,1.6603550257578235,1.1998694948635065,1.6706413,1.5538797165888822
212,122,1.0,1.737201507185827,1.5956396510758006,1.2000900498148435,1.7762643,1.583862664153016
212,123,1.0,1.198840871137361,1.1350466295118233,1.2004939319532753,1.2090888,1.1857174322978699
212,124,1.0,1.1574683578719227,1.29632540190148,1.1995418712736134,1.1644905,1.2043984489063067
212,125,2.0,1.175173417658733,1.1117607096038693,1.199773641219332,1.1738204,1.1646202229195097
212,126,1.0,1.3528767150108718,1.341779157240408,1.1997841771740452,1.3604281,1.315654429997425
212,127,4.0,1.226708446165566,1.1349825107312188,1.2004938879538283,1.2090888,1.1927534127155706
212,128,3.0,1.1971447593264206,1.1358160548790808,1.2004944821550412,1.192668,1.1812721647198445
212,129,2.0,1.16655821076554,1.135335164024545,1.2004941334777146,1.1867164,1.1718839248932027
212,130,1.0,1.1708170515682412,1.1333795412160987,1.2004928801374304,1.1556079,1.164489146994868
212,131,1.0,1.1186040325541653,1.297030708488133,1.1995414295906868,1.1669071,1.1953614660551164
212,132,3.0,1.6497808648037355,1.5942610972927977,1.200104579958601,1.6080896,1.5182683889324473
212,133,2.0,1.9150425732891432,1.5921772369231422,1.2001266975604337,1.7873827,1.6308510883316627
212,134,1.0,1.6433725066491423,1.6573414430693987,1.1998726199896057,1.6433843,1.5416056697977938
212,135,1.0,1.2496597300185597,1.3413303257761746,1.1997843145140972,1.3228239,1.279777533429462
212,136,2.0,1.6439807651576759,1.6578864527045392,1.199872008592241,1.6860936,1.5528495473276143
212,137,1.0,1.6856252350877035,1.5946137505861242,1.2001008552180112,1.6990657,1.5507571122862573
212,138,1.0,1.2782677242165157,1.1110554030172164,1.1997778842360207,1.270983,1.2154479615309697
212,139,1.0,1.6438129656807967,1.5932031374128188,1.2001157859022575,1.5964175,1.5134999369684188
212,140,1.0,1.130700622128798,1.130558314869488,1.2004915348999678,1.1450584,1.1509176739169713
212,141,1.0,1.2492402504023343,1.1079777015481866,1.1997963842738046,1.3433998,1.225898007158338
212,142,1.0,1.6632444214747806,1.5927863653388876,1.2001202133955327,1.6661373,1.5361915286986396
212,143,1.0,1.1361046300187183,1.1312315620658386,1.2004918064864813,1.1379697,1.1506378664621435
212,144,1.0,1.3111684566379722,1.1099974431372375,1.1997842465780442,1.3040304,1.2319821882517992
212,145,2.0,1.14349293542036,1.2943377197027317,1.1995433808821494,1.1768159,1.2035198416976782
212,146,1.0,1.2118970837981409,1.2939850664094055,1.1995436895640295,1.1666394,1.2181315338196514
212,147,1.0,1.1802406616133316,1.1316483341397698,1.2004919901092608,1.1379697,1.16191251983781
212,148,1.0,1.6856252350877035,1.5946137505861242,1.2001008552180112,1.6990657,1.5507571122862573
213,1,1.0,1.6526838097779677,1.5951587602212647,1.2000951092503656,1.6261276,1.5238535172851597
213,2,1.0,1.1976784282531596,1.1147422329019918,1.1997556949686798,1.1872948,1.174520969087479
213,3,1.0,1.1366323136667518,1.1406890822050448,1.2004989239405919,1.1529022,1.1569956702243491
213,4,1.0,1.677922192147264,1.5959281855885223,1.2000870189069046,1.6252414,1.5302059345387062
213,5,1.0,1.2909123459074747,1.2978001338553904,1.1995410038643917,1.171293,1.2402854275904311
213,6,1.0,1.6187718220719076,1.5963770170527558,1.2000823112672532,1.6928794,1.532694506189117
213,7,1.0,1.1705757143834146,1.3462033531021382,1.1997833255720511,1.188075,1.226442855682677
213,8,3.0,1.5840613823230143,1.6606435602705452,1.199869228363115,1.6050233,1.517593977419712
213,9,2.0,1.7596638755459244,1.595992304369127,1.2000863458668196,1.729672,1.577687433977528
213,10,1.0,1.6935923584937675,1.6595535410002638,1.1998702651186604,1.6826407,1.5649403486756945
213,11,1.0,1.20446815651791,1.3451774526124618,1.1997834413854926,1.1812984,1.233022403603226
213,12,2.0,1.6547668921339624,1.6592970658778445,1.199870520923126,1.6306647,1.541721772870909
213,13,1.0,1.5592373332112717,1.6594573628293565,1.199870360511831,1.5205693,1.4893550282750523
213,14,1.0,1.191051421820004,1.1395670035444607,1.2004977539346653,1.165429,1.1736951340712447
213,15,1.0,1.1791586777577943,1.1146139953407823,1.1997564671059282,1.1817158,1.1683713997342504
213,16,2.0,1.658784951436223,1.5957358292467079,1.2000890391085657,1.6813956,1.5397147785939485
213,17,1.0,1.663512919964638,1.5949984632697527,1.2000967979296713,1.6930268,1.5437091358839163
213,18,1.0,1.1525160835764994,1.140304369521416,1.2004985128228531,1.1787317,1.1675413868670628
213,19,1.0,1.1592899551023834,1.296389520682085,1.199541829086723,1.1644905,1.2048756414540842
213,20,1.0,1.1848480102593801,1.3465880657857672,1.1997832949352771,1.188075,1.2301519764179067
213,21,1.0,1.6497814421376986,1.5950305226600552,1.2000964601105981,1.5927073,1.5145167433831432
213,22,2.0,1.282873840534365,1.2984733810517406,1.1995406793936658,1.3055766,1.2728566087433395
213,23,1.0,1.1495005141020245,1.2953315608021059,1.1995425771963844,1.172182,1.2041031343036683
213,24,1.0,1.1747477588350976,1.3456262840766953,1.1997833846153974,1.1772541,1.224577785786181
213,25,1.0,1.2309174317897247,1.1134598572898962,1.1997634154468366,1.2185128,1.1906151825667035
213,26,3.0,1.658784951436223,1.5957358292467079,1.2000890391085657,1.6813956,1.5397147785939485
213,27,2.0,1.714516891023449,1.6596817785614733,1.1998701389158646,1.7684348,1.5922686694620163
213,28,1.0,1.796719160731568,1.5957999480273126,1.2000883655371901,1.7737604,1.5983223788694096
213,29,1.0,1.1995606832315118,1.3471971942015126,1.1997832607510164,1.1679827,1.2288769554310748
213,30,1.0,1.1662775020709548,1.1155437176595517,1.1997508687533156,1.1784981,1.1645204780379632
213,31,1.0,1.1529906465396835,1.2977039556844832,1.1995410538873428,1.171293,1.2053583959768024
213,32,1.0,1.707946225779998,1.6610923917347786,1.1998688251732867,1.7047309,1.5746265815959335
213,33,1.0,1.2098615312730971,1.3466842439566742,1.1997832883726658,1.188075,1.2365062788897765
213,34,1.0,1.279945033525876,1.1401120131796019,1.2004983111689476,1.1787317,1.1997400520648749
213,35,1.0,1.6786980416982942,1.5942290379024955,1.2001049188321018,1.7540394,1.5630049570669975
213,36,1.0,1.169986061948568,1.344728621148228,1.1997835076228134,1.1930181,1.2271880941951343
213,37,1.0,1.1662775020709548,1.1155437176595517,1.1997508687533156,1.1784981,1.1645204780379632
213,38,1.0,1.1986999809027319,1.1407532009856494,1.2004989934688686,1.1529022,1.1727188642742503
213,39,3.0,1.6258720744815072,1.59509464144066,1.2000957845886016,1.6960963,1.53499491558072
213,40,2.0,1.6784924548505906,1.5946458099764265,1.2001005168715146,1.6990657,1.5489601112148832
213,41,1.0,1.6784924548505906,1.5946458099764265,1.2001005168715146,1.6990657,1.5489601112148832
213,42,3.0,1.182416657994892,1.116120786684995,1.1997473935634886,1.1576169,1.163395187295072
213,43,2.0,1.1591586999879333,1.1157360740013662,1.1997497103821033,1.1784981,1.1627673846199118
213,44,1.0,1.2183604884899963,1.1126904319226387,1.1997680466174006,1.20506,1.1837941203964797
213,45,1.0,1.6377386651955823,1.6591047095360303,1.1998707157394775,1.6143008,1.5331676622516206
213,46,1.0,1.179550245618828,1.1138766293638274,1.1997609065240746,1.1672432,1.164573662354571
213,47,2.0,1.5500804782130484,1.6617656389311288,1.1998682463084906,1.70775,1.5356212420762865
213,48,1.0,1.663181506159617,1.5949664038794504,1.2000971357858055,1.6930268,1.543617234947416
213,49,1.0,1.1895442296309984,1.115319301927435,1.1997522201503246,1.2012899,1.1761965491645459
213,50,2.0,1.6266778499042183,1.5947740475376362,1.200099163907706,1.5928975,1.5086546326115364
213,51,1.0,1.635771785366449,1.596409076443058,1.2000819753447927,1.6928794,1.5370045796312732
213,52,1.0,1.1889368387185244,1.346010996760324,1.1997833435097096,1.1983749,1.2336819703113775
213,53,1.0,1.1805636226896652,1.1389258157384132,1.2004971250352967,1.1936113,1.1781056079766146
213,54,3.0,1.6395640463323826,1.5951908196115672,1.2000947716535608,1.6261276,1.5205414400362374
213,55,2.0,1.7596638755459244,1.595992304369127,1.2000863458668196,1.729672,1.577687433977528
213,56,1.0,1.6521635279431757,1.6607717978317547,1.199869111760336,1.6017718,1.5340266394757156
213,57,1.0,1.2765018854664658,1.1398875974474847,1.2004980791941129,1.2040194,1.2052965642582438
213,58,1.0,1.7256824575030876,1.6602588475869164,1.1998695849703547,1.6716883,1.5704308785449532
213,59,1.0,1.1889368387185244,1.346010996760324,1.1997833435097096,1.1983749,1.2336819703113775
213,60,1.0,1.173830416734456,1.1144857577795728,1.1997572392231641,1.1880307,1.1686101208613766
213,61,1.0,1.1666196082226283,1.296710114585109,1.1995416242552308,1.1607699,1.2058575158537361
213,62,1.0,1.178088275165203,1.138989934519018,1.200497186631917,1.1936113,1.1774954328737988
213,63,1.0,1.1146378917545126,1.297447480562064,1.1995411917189822,1.1723871,1.1958684988782293
213,64,2.0,1.6243094111443932,1.5953831759533816,1.2000927469480713,1.6308172,1.5179318561905235
213,65,1.0,1.6443503518292182,1.594196978512193,1.2001052577588711,1.6076175,1.5167570117934839
213,66,1.0,1.1871019333340151,1.3460430561506262,1.1997833403970606,1.1983749,1.233225738237858
213,67,1.0,1.1984330966887142,1.2961009861693635,1.1995420221336721,1.1635165,1.2144585580916083
213,68,1.0,1.6251788495266977,1.6600985506354042,1.1998697365431303,1.5986786,1.5262344065817814
213,69,1.0,1.1725007417936868,1.3441194927324829,1.199783612627494,1.1971539,1.2287309165243463
213,70,2.0,1.142879503758128,1.296229223730573,1.1995419353229304,1.1635165,1.200432500910479
213,71,1.0,1.167345478598189,1.2963574612917825,1.1995418501286734,1.1644905,1.2069060781940681
213,72,1.0,1.6258720744815072,1.59509464144066,1.2000957845886016,1.6960963,1.53499491558072
213,73,1.0,1.1774382909095145,1.3450171556609498,1.1997834639556777,1.186647,1.2275132115450025
213,74,2.0,1.6549555417396147,1.6589123531942158,1.1998709130955858,1.6244049,1.5400670074352232
213,75,1.0,1.6421850595431549,1.6597138379517755,1.1998701075392655,1.6256385,1.5373542725626521
213,76,1.0,1.155678067114136,1.296806292756016,1.1995415647802636,1.176445,1.2071326032116598
213,77,5.0,1.6784924548505906,1.5946458099764265,1.2001005168715146,1.6990657,1.5489601112148832
213,78,4.0,1.663181506159617,1.5949664038794504,1.2000971357858055,1.6930268,1.543617234947416
213,79,3.0,1.541523562982839,1.5965052546139653,1.2000809678160886,1.4974122,1.463053266536812
213,80,2.0,1.6405668764300332,1.5949022850988457,1.200097811659454,1.6283349,1.5212889582460065
213,81,1.0,1.7191137392183062,1.5959602449788248,1.200086682362197,1.6252414,1.5406379719855043
213,82,1.0,1.1077266990631787,1.2974795399523664,1.1995411741406559,1.1723871,1.1941276492989479
213,83,1.0,1.166257659096054,1.139310528422042,1.2004974989155317,1.180394,1.1711934023278554
213,84,3.0,1.6444109324114993,1.5953190571727767,1.2000934216764867,1.6254233,1.5216195308412508
213,85,2.0,1.6245668397826574,1.6615091638087098,1.1998684631635348,1.746073,1.5642334426017865
213,86,1.0,1.6104299386429768,1.5965373140042678,1.2000806320666444,1.4974122,1.4804988667684038
213,87,2.0,1.1919495676601004,1.1135880948511057,1.1997626435002038,1.1740649,1.1693881585994248
213,88,1.0,1.1998663080991405,1.1129789664353602,1.1997663100418718,1.2066385,1.179591330880723
213,89,1.0,1.6912746751177465,1.5960243637594296,1.2000860094045394,1.729672,1.560388777406667
213,90,1.0,1.1666196082226283,1.296710114585109,1.1995416242552308,1.1607699,1.2058575158537361
213,91,1.0,1.6258720744815072,1.59509464144066,1.2000957845886016,1.6960963,1.53499491558072
213,92,1.0,1.1514986850658155,1.3468124815178837,1.1997832803012758,1.1679827,1.2166169513915357
213,93,1.0,1.1932280846544043,1.1153513613177375,1.1997520270988418,1.2012899,1.1771368590733113
213,94,1.0,1.6497814421376986,1.5950305226600552,1.2000964601105981,1.5927073,1.5145167433831432
213,95,1.0,1.1539173890599288,1.1401440725699041,1.2004983445972504,1.1787317,1.1678553986951665
213,96,1.0,1.67728471870079,1.6614771044184073,1.1998684905865107,1.746073,1.5775662139898783
213,97,2.0,1.162513493553428,1.295748332876037,1.1995422692668607,1.1748031,1.2081737789836138
213,98,1.0,1.158852641589357,1.2983130841002288,1.1995407525848416,1.1932194,1.2126186329220152
213,99,2.0,1.6395640463323826,1.5951908196115672,1.2000947716535608,1.6261276,1.5205414400362374
213,100,1.0,1.6324894448045462,1.5968579079072918,1.20007727698276,1.4974122,1.4861616170772542
213,101,1.0,1.151807983534213,1.3452415713930665,1.1997834326949595,1.1714095,1.2171764732197903
213,102,1.0,1.1582552313045216,1.1138125105832224,1.1997612925286305,1.1699439,1.1598611211055532
213,103,2.0,1.6497814421376986,1.5950305226600552,1.2000964601105981,1.5927073,1.5145167433831432
213,104,1.0,1.6245668397826574,1.6615091638087098,1.1998684631635348,1.746073,1.5642334426017865
213,105,1.0,1.1701482974740927,1.1142934014377583,1.199758397368022,1.1738906,1.1640038657706997
213,106,1.0,1.2259241973930697,1.343253889194318,1.1997837917019263,1.2591685,1.2579340978962414
213,107,1.0,1.6784924548505906,1.5946458099764265,1.2001005168715146,1.6990657,1.5489601112148832
213,108,3.0,1.1795827834748733,1.1145819359504798,1.1997566601364917,1.1817158,1.1684706574910355
213,109,2.0,1.1942815232994386,1.1153834207080398,1.1997518340421538,1.1784981,1.1715668883990804
213,110,1.0,1.214719347493553,1.1129148476547555,1.1997666959586304,1.20506,1.1829291572732699
213,111,1.0,1.6409925853598544,1.5947419881473337,1.2000995020952943,1.5928975,1.5122691116903564
213,112,1.0,1.184831186772446,1.3449209774900426,1.1997834780786383,1.186647,1.2293597349341518
213,113,1.0,1.7127298904661634,1.660387085148126,1.1998694649694406,1.6706413,1.5669170138676938
213,114,3.0,1.1504888857191586,1.3452095120027643,1.1997834370169735,1.1812984,1.2193704276719217
213,115,2.0,1.1774382909095145,1.3450171556609498,1.1997834639556777,1.186647,1.2275132115450025
213,116,1.0,1.2125972612341003,1.346331590663348,1.19978331458184,1.188075,1.2371093506280264
213,117,1.0,1.162513493553428,1.295748332876037,1.1995422692668607,1.1748031,1.2081737789836138
213,118,1.0,1.0836177792413364,1.1159925491237852,1.199748165849652,1.1576169,1.1383607030169305
213,119,1.0,1.2090567702705097,1.1367137178075477,1.2004951759300158,1.2008309,1.1866072530618264
213,120,1.0,1.1552086809251816,1.2970948272687377,1.199541391874867,1.1669071,1.204640918919647
213,121,1.0,1.6042429569672942,1.596473195223663,1.2000813036130638,1.6928794,1.5290419061411649
213,122,1.0,1.1666735971339255,1.114838411072899,1.1997551158545565,1.1872948,1.1666990342540378
213,123,1.0,1.6133147306023203,1.6617015201505243,1.1998683000995956,1.70775,1.551607198432279
213,124,1.0,1.177695795176555,1.29712688665904,1.1995413731711564,1.1669071,1.2103396556213895
213,125,1.0,1.665619112242517,1.5951267008309624,1.200095446892932,1.7356517,1.5552048317635476
213,126,1.0,1.159803002799498,1.2958765704372466,1.1995421779774313,1.1665279,1.205398213470138
213,127,1.0,1.6950189614820657,1.5943252160734025,1.200103902334295,1.7501124,1.5661522345205843
213,128,1.0,1.1589307201610433,1.2965177582432945,1.1995417459361912,1.1644905,1.2048171651130728
213,129,1.0,1.8796744725742678,1.6622785891759673,1.1998678261360143,1.70775,1.6191585783046747
213,130,1.0,1.1419253729924201,1.343350067365225,1.1997837700759648,1.1943103,1.2200695827029175
213,131,1.0,1.1813283130218806,1.2960048079984563,1.1995420883084729,1.1635165,1.210105668565327
213,132,1.0,1.1893797666680006,1.1148704704632015,1.1997549228147684,1.1872948,1.172453164071117
213,133,4.0,1.560434986574667,1.6595214816099613,1.1998702968533552,1.5186424,1.4891801670998206
213,134,3.0,1.6497814421376986,1.5950305226600552,1.2000964601105981,1.5927073,1.5145167433831432
213,135,2.0,1.6826195659916972,1.5955114135145911,1.2000913980318473,1.7215296,1.5559819615676518
213,136,1.0,1.6298374354368372,1.6586238186814943,1.199871213896625,1.5996827,1.5272979610357396
213,137,1.0,1.2193809321215783,1.297383361781459,1.1995412272029535,1.1723871,1.2223587367727715
213,138,1.0,1.2321396813507504,1.343029473462201,1.1997838438407216,1.2541498,1.2581632369031865
213,139,1.0,1.6645194617143122,1.593876384609169,1.2001086493497122,1.763314,1.5617068882807694
213,140,1.0,1.2029668361747774,1.1125301349711267,1.1997690113160722,1.1786145,1.1730766620103885
213,141,1.0,1.5965162910159112,1.5958961261982199,1.20008735549997,1.6252414,1.5095971829104224
213,142,1.0,1.2228114152873832,1.344311849074297,1.1997835775924242,1.1937002,1.2406256271199103
213,143,1.0,1.2909123459074747,1.2978001338553904,1.1995410038643917,1.171293,1.2402854275904311
213,144,1.0,1.1265898002801498,1.1379640340293413,1.200496235643971,1.1472574,1.1523165220376468
213,145,1.0,1.164867643575325,1.1141972232668511,1.1997589764212349,1.1573049,1.158390153976526
213,146,4.0,1.130330183167613,1.1375793213457126,1.2004958979737457,1.1765636,1.160680766010643
213,147,3.0,1.1269257948084714,1.1378999152487366,1.200496178648472,1.1383672,1.1501055215972114
213,148,2.0,1.192793320096373,1.138092271590551,1.2004963504954722,1.1898162,1.1800161595428804
213,149,1.0,1.1269257948084714,1.1378999152487366,1.200496178648472,1.1383672,1.1501055215972114
213,150,3.0,1.5062811001996548,1.5971464424200132,1.2000742611795945,1.440125,1.4396048970656186
213,151,2.0,1.6660884168575807,1.6603229663675212,1.1998695248261628,1.6706413,1.5550976298561552
213,152,1.0,1.663181506159617,1.5949664038794504,1.2000971357858055,1.6930268,1.543617234947416
213,153,1.0,1.1490684208386956,1.1139086887541296,1.1997607135214599,1.1672432,1.156867946081218
213,154,1.0,1.2271144826037312,1.138188449761458,1.2004964373860376,1.1898162,1.188725892105435
213,155,1.0,1.1592899551023834,1.296389520682085,1.199541829086723,1.1644905,1.2048756414540842
213,156,1.0,1.1960361251648353,1.139182290860832,1.2004973731397937,1.1586083,1.1731100567721684
213,157,1.0,1.2490322393233169,1.296870411536621,1.1995415256518334,1.176445,1.2307731886790805
213,158,2.0,1.1667394750908362,1.1369060741493624,1.2004953318783043,1.202808,1.1764540771079368
213,159,1.0,1.171143080998985,1.137162549271781,1.2004955438138645,1.1749771,1.1704965640697185
213,160,1.0,1.1345067460362022,1.3442477302936924,1.1997835890772024,1.1937002,1.2182628710660128
213,161,2.0,1.6122336189381579,1.6605153227093354,1.1998693460953958,1.6255159,1.529945911925528
213,162,1.0,1.643981786243099,1.5962487794915463,1.2000836554241936,1.6434928,1.5263775536897912
213,163,1.0,1.217113918399815,1.1361366487821047,1.2004947235117798,1.2081482,1.190376481254242
213,164,2.0,1.1896914697166563,1.1133957385092912,1.199763801416547,1.2185128,1.1801663347303828
213,165,1.0,1.1956231773433048,1.113363679118989,1.1997639943941143,1.2022048,1.1774774342850347
213,166,2.0,1.7191137392183062,1.5959602449788248,1.200086682362197,1.6252414,1.5406379719855043
213,167,1.0,1.6258720744815072,1.59509464144066,1.2000957845886016,1.6960963,1.53499491558072
213,168,1.0,1.2033096359342481,1.3439591957809707,1.199783643151095,1.2014924,1.2375994614356312
213,169,3.0,1.6758867066858274,1.5957037698564054,1.200089375977113,1.6813956,1.544034545422907
213,170,2.0,1.6044995335161207,1.6608359166123594,1.1998690538742685,1.6017718,1.521980918634977
213,171,1.0,1.6935923584937675,1.6595535410002638,1.1998702651186604,1.6826407,1.5649403486756945
213,172,1.0,1.1971447593264206,1.1358160548790808,1.2004944821550412,1.192668,1.1812721647198445
213,173,1.0,1.1841408832674998,1.345049215051252,1.1997834593437902,1.186647,1.229217493103075
213,174,1.0,1.2122133132102533,1.2955559765342228,1.1995424092530504,1.1946213,1.2257843573923077
213,175,1.0,1.311834309471983,1.34274093894948,1.1997839143133906,1.2598268,1.279713681263965
213,176,2.0,1.6231809632092604,1.6606756196608474,1.1998691991102322,1.6050233,1.5275017524733903
213,177,1.0,1.7206226509320985,1.5954793541242887,1.200091735200249,1.7215296,1.5655910552141044
213,178,1.0,1.3130235978925746,1.3415547415082911,1.1997842446815714,1.3642677,1.306496965173234
213,179,1.0,1.6856252350877035,1.5946137505861242,1.2001008552180112,1.6990657,1.5507571122862573
213,180,3.0,1.1705817624103654,1.2952033232408966,1.1995426754066847,1.1671798,1.2081228411089526
213,181,2.0,1.2281965913811832,1.2951392044602916,1.1995427251185389,1.2041365,1.232163754768826
213,182,1.0,1.1606287902381691,1.2952995014118036,1.1995426015976778,1.172182,1.2069111679543543
213,183,2.0,1.719141263251065,1.5962808388818486,1.2000833193157396,1.6928794,1.5580700714082911
213,184,1.0,1.670538944496338,1.594677869366729,1.2001001785789074,1.6463499,1.5334372005434815
213,185,3.0,1.3652560144480423,1.3419073948016174,1.199784139644843,1.3604281,1.3188196000944303
213,186,2.0,1.2114253316951105,1.3424524044367583,1.1997839886622215,1.2450023,1.2504294871517474
213,187,1.0,1.2429625245962421,1.3412982663858721,1.1997843246849293,1.3228239,1.2780746164185928
213,188,1.0,1.7535450941035429,1.5957678886370104,1.2000887023030098,1.6813956,1.5637029776986884
213,189,1.0,1.2004654010113902,1.1355275203663593,1.2004942710285404,1.1898227,1.1813098044335377
213,190,1.0,1.155678067114136,1.296806292756016,1.1995415647802636,1.176445,1.2071326032116598
213,191,2.0,1.1678863224535392,1.134181025973659,1.200493361901067,1.147496,1.161870229012139
213,192,1.0,1.1318802805259205,1.1340527884124494,1.2004932818467118,1.1305165,1.1483718574560684
213,193,1.0,1.6686669780596843,1.5936840282673546,1.200110686401031,1.5600686,1.5105888377306733
213,194,2.0,1.2321396813507504,1.343029473462201,1.1997838438407216,1.2541498,1.2581632369031865
213,195,1.0,1.286243596500319,1.1104142152111685,1.199781740529562,1.3040304,1.2257795339377335
214,1,1.0,1.6104299386429768,1.5965373140042678,1.2000806320666444,1.4974122,1.4804988667684038
214,2,2.0,1.174281945932918,1.295588035924525,1.1995423856716452,1.1946213,1.2161934872003668
214,3,1.0,1.1627522959222671,1.2952353826311989,1.1995426507001048,1.1671798,1.2061496098773183
214,4,1.0,1.6030118493518952,1.5931069592419114,1.2001168069794945,1.6457299,1.5157960923431038
214,5,1.0,1.210001675651502,1.1374831431748054,1.2004958151716019,1.1765636,1.1808182134187555
214,6,1.0,1.199692058219834,1.2954597983633156,1.1995424806202186,1.1824814,1.2194782640218973
214,7,1.0,1.1795827834748733,1.1145819359504798,1.1997566601364917,1.1817158,1.1684706574910355
214,8,1.0,1.1901380509559807,1.344055373951878,1.1997836246943803,1.1971539,1.2331780214293706
214,9,2.0,1.6736059675247517,1.6610603323444761,1.1998688535113387,1.7047309,1.56592827000009
214,10,1.0,1.6788462459049018,1.5935237313158428,1.20011238515351,1.6911229,1.5467316951118004
214,11,1.0,1.1843181891088805,1.346652184566372,1.1997832905121573,1.188075,1.2300341239181611
214,12,2.0,1.2053885306355563,1.1359442924402903,1.2004945778430856,1.192668,1.1833908225266097
214,13,1.0,1.1916369398923317,1.137451083784503,1.2004957877124913,1.183132,1.1778470794668892
214,14,3.0,1.6857301577893467,1.5954472947339864,1.2000920724037833,1.7339035,1.5599262101085438
214,15,2.0,1.6786980416982942,1.5942290379024955,1.2001049188321018,1.7540394,1.5630049570669975
214,16,1.0,1.5813197765184694,1.5929787216807019,1.200118169024351,1.6163131,1.5027310259125346
214,17,1.0,1.214719347493553,1.1129148476547555,1.1997666959586304,1.20506,1.1829291572732699
214,18,1.0,1.1694663484998138,1.3449530368803448,1.199783473324229,1.186647,1.2254795941855772
214,19,4.0,1.714516891023449,1.6596817785614733,1.1998701389158646,1.7684348,1.5922686694620163
214,20,3.0,1.577501417242777,1.5925298902164684,1.2001229416582142,1.6075764,1.499411877051584
214,21,2.0,1.689256000433719,1.6611565105153834,1.1998687686988776,1.7047309,1.5699130133508863
214,22,1.0,1.560434986574667,1.6595214816099613,1.1998702968533552,1.5186424,1.4891801670998206
214,23,1.0,1.1667445849663711,1.138765518786901,1.200496972313483,1.1608044,1.1661550692488591
214,24,1.0,1.6515503333084272,1.65990619429359,1.1998699207748802,1.626861,1.5400863892996361
214,25,1.0,1.1529674740719416,1.1391502314705297,1.2004973418756955,1.1586083,1.162202908792881
214,26,1.0,1.20446815651791,1.3451774526124618,1.1997834413854926,1.1812984,1.233022403603226
214,27,2.0,1.6486995675776919,1.5949343444891482,1.2000974736995584,1.6406729,1.5265189678856756
214,28,1.0,1.6340731500529824,1.5940046221703785,1.2001072921860267,1.6769178,1.5318791155468103
214,29,1.0,1.1528659201319813,1.137867855858434,1.2004961502581193,1.1383672,1.1566618549605048
214,30,2.0,1.6401495857442592,1.6585917592911918,1.199871247669215,1.5772818,1.5241550988558052
214,31,1.0,1.7052251320842695,1.5929146029000971,1.2001188503136524,1.6580455,1.544772352013882
214,32,1.0,1.174299326371559,1.1137163324123154,1.1997618715250307,1.1699439,1.1638970660952839
214,33,1.0,1.231142450789751,1.297351302391157,1.199541245091485,1.1723871,1.2253270183306193
214,34,1.0,1.6383099851293503,1.5939725627800763,1.200107631407657,1.6147628,1.5170045050702918
214,35,1.0,1.174838548323692,1.2971589460493425,1.1995413545723521,1.1723871,1.211030003075396
214,36,1.0,1.6329220546969427,1.6582391059978656,1.1998716238562734,1.6742713,1.5471085213336213
214,37,1.0,1.2271144032019203,1.1122736598487077,1.1997705547458068,1.2217907,1.1901948700363234
214,38,1.0,1.1684183016988066,1.2969345303172257,1.1995414869196266,1.1790755,1.2110636483717587
214,39,1.0,1.208129838056029,1.1131713227771745,1.1997651522469928,1.1931311,1.178267142307702
214,40,1.0,1.2124632235126784,1.3454659871251833,1.199783403805533,1.2265123,1.2467131315618014
214,41,2.0,1.6354951905133106,1.5939084439994715,1.2001083099950105,1.5973891,1.5118208847959822
214,42,1.0,1.6549555417396147,1.6589123531942158,1.1998709130955858,1.6244049,1.5400670074352232
214,43,1.0,1.2309174317897247,1.1134598572898962,1.1997634154468366,1.2185128,1.1906151825667035
214,44,3.0,1.6587266048919043,1.6595856003905662,1.1998702334682412,1.6826407,1.556125266082067
214,45,2.0,1.6258764365241105,1.5939405033897738,1.200107970672896,1.5973891,1.5093947786631672
214,46,1.0,1.6409925853598544,1.5947419881473337,1.2000995020952943,1.5928975,1.5122691116903564
214,47,1.0,1.199692058219834,1.2954597983633156,1.1995424806202186,1.1824814,1.2194782640218973
214,48,1.0,1.1236508912719514,1.1377716776875269,1.2004960655201549,1.1673003,1.1566637867214593
214,49,1.0,1.1867472658588345,1.3448568587094376,1.199783487732082,1.186647,1.2298283975136015
214,50,1.0,1.1970008673086914,1.1135560354608032,1.1997628364878061,1.206647,1.1790136121614947
214,51,5.0,1.69355536065839,1.5944213942443097,1.2001028862418013,1.6932174,1.5512160153693846
214,52,4.0,1.5419945162259583,1.5927543059485851,1.2001205542745537,1.6661373,1.5054997852939798
214,53,3.0,1.5965162910159112,1.5958961261982199,1.20008735549997,1.6252414,1.5095971829104224
214,54,2.0,1.5458112780531648,1.5936519688770523,1.2001110260646615,1.5600686,1.47949072883069
214,55,1.0,1.6195186385897566,1.658687937462099,1.1998711465526137,1.5996827,1.5247028784266123
214,56,1.0,1.2175845138626074,1.1127866100935457,1.1997674677769041,1.20506,1.1836219524857925
214,57,1.0,1.7627505954056428,1.5921131181425374,1.2001273810122373,1.7873827,1.5922957525173183
214,58,1.0,1.1860340430832692,1.1126583725323362,1.19976823956202,1.20506,1.1756054668574634
214,59,1.0,1.2600887296380707,1.2969024709269232,1.1995415062360826,1.1790755,1.2342538174561017
214,60,1.0,1.2033096359342481,1.3439591957809707,1.199783643151095,1.2014924,1.2375994614356312
214,61,1.0,1.174838548323692,1.2971589460493425,1.1995413545723521,1.1723871,1.211030003075396
214,62,1.0,1.1916369398923317,1.137451083784503,1.2004957877124913,1.183132,1.1778470794668892
214,63,1.0,1.7163154105544722,1.6609320947832666,1.1998689675774357,1.700251,1.5755551508764043
214,64,1.0,1.177453268160197,1.3454018683445783,1.199783411816775,1.1771342,1.2251749060964512
214,65,3.0,1.670538944496338,1.594677869366729,1.2001001785789074,1.6463499,1.5334372005434815
214,66,2.0,1.6950189614820657,1.5943252160734025,1.200103902334295,1.7501124,1.5661522345205843
214,67,1.0,1.6434912889310471,1.6600023724644972,1.199869828341699,1.6244261,1.5374468821615679
214,68,1.0,1.139705767220804,1.296068926779061,1.1995420440915832,1.1635165,1.1995888104387902
214,69,1.0,1.1270000281752588,1.1387014000062965,1.2004969117275397,1.1608044,1.1560810023723258
214,70,1.0,1.6587266048919043,1.6595856003905662,1.1998702334682412,1.6826407,1.556125266082067
214,71,3.0,1.1574683578719227,1.29632540190148,1.1995418712736134,1.1644905,1.2043984489063067
214,72,2.0,1.1895405664792986,1.2957162734857348,1.1995422923425585,1.1748031,1.2150051894126754
214,73,1.0,1.1904766737844321,1.294594194825151,1.199543164126814,1.1596085,1.2110618891399625
214,74,1.0,1.1657923935000674,1.1115362938717523,1.1997749913912463,1.1906548,1.166506700227661
214,75,1.0,1.1684183016988066,1.2969345303172257,1.1995414869196266,1.1790755,1.2110636483717587
214,76,1.0,1.616689144245094,1.5952549383921721,1.2000940965759448,1.5530947,1.4960404871293835
214,77,1.0,1.2210883983335896,1.1366175396366407,1.2004950989192769,1.2008309,1.1896276404288904
214,78,1.0,1.6443503518292182,1.594196978512193,1.2001052577588711,1.6076175,1.5167570117934839
214,79,1.0,1.1851066944452175,1.1371946086620843,1.2004955706269376,1.1749771,1.1740383396806686
214,80,1.0,1.21764523345437,1.3436065424876444,1.1997837145220964,1.185923,1.2371454689767503
214,81,1.0,1.1552086809251816,1.2970948272687377,1.199541391874867,1.1669071,1.204640918919647
214,82,1.0,1.2122610511352567,1.3438309582197612,1.1997836684309084,1.2073308,1.2413294553457916
214,83,1.0,1.192919065672242,1.1128827882644532,1.1997668889159245,1.20506,1.1774042729525176
214,84,1.0,1.6587266048919043,1.6595856003905662,1.1998702334682412,1.6826407,1.556125266082067
214,85,1.0,1.1669319672187966,1.2952674420215011,1.1995426261035276,1.1671798,1.2072154319102273
214,86,1.0,1.6569723758683623,1.5948702257085432,1.200098149663453,1.6283349,1.525432529641264
214,87,1.0,1.1333374097584974,1.1121454222874978,1.1997713264148124,1.1510646,1.1482945524928287
214,88,1.0,1.1767596706759436,1.1354634015857545,1.2004942248945158,1.1898227,1.175294554231757
214,89,1.0,1.2909123459074747,1.2978001338553904,1.1995410038643917,1.171293,1.2402854275904311
214,90,1.0,1.631898168725638,1.5952228790018697,1.2000944340906046,1.5530947,1.49988127638027
214,91,1.0,1.2142065553326156,1.113043085215965,1.199765924118988,1.2066385,1.1832364330957983
214,92,2.0,1.1999546573854065,1.134822213779707,1.200493779194625,1.2090888,1.1859424616721914
214,93,1.0,1.2066609009402274,1.1362648863433142,1.200494822049254,1.2033799,1.1865409086533762
214,94,1.0,1.6299943336484668,1.660066491245102,1.199869767077651,1.5986786,1.52744491559163
214,95,2.0,1.192919065672242,1.1128827882644532,1.1997668889159245,1.20506,1.1774042729525176
214,96,1.0,1.2820939191659178,1.1105424527723782,1.1997809693516064,1.2906264,1.2213244274517034
214,97,1.0,1.6444109324114993,1.5953190571727767,1.2000934216764867,1.6254233,1.5216195308412508
214,98,1.0,1.1627600006002314,1.2960368673887586,1.1995420661528373,1.1635165,1.2054148469602053
214,99,1.0,1.7043160460094233,1.5934596125352378,1.2001130649490561,1.8000718,1.5810994878474844
214,100,1.0,1.2066609009402274,1.1362648863433142,1.200494822049254,1.2033799,1.1865409086533762
214,101,3.0,1.6548800610189838,1.5926901871679804,1.200121236180894,1.5261294,1.4981476665724975
214,102,2.0,1.6569723758683623,1.5948702257085432,1.200098149663453,1.6283349,1.525432529641264
214,103,1.0,1.6486995675776919,1.5949343444891482,1.2000974736995584,1.6406729,1.5265189678856756
214,104,1.0,1.3244278486142989,1.1108630466754024,1.199779041228996,1.3334317,1.2430950184876033
214,105,3.0,1.3244278486142989,1.1108630466754024,1.199779041228996,1.3334317,1.2430950184876033
214,106,2.0,1.2361447141868245,1.3430615328525035,1.1997838362435718,1.2541498,1.2591848686607257
214,107,1.0,1.1926127509425903,1.1140369263153391,1.199759941492091,1.1769835,1.170417351135681
214,108,1.0,1.197489994820806,1.1360404706111975,1.2004946503561782,1.2081482,1.1853860607294702
214,109,1.0,1.6457733948463156,1.5960564231497318,1.200085672989273,1.729672,1.5488821776224515
214,110,2.0,1.2549314018348428,1.1109912842366119,1.1997782699100752,1.270983,1.20952629687552
214,111,1.0,1.269715422083157,1.3427088795591775,1.1997839223818947,1.2598268,1.2690468914742152
214,112,1.0,1.1938329492508313,1.1128186694838482,1.1997672748237889,1.20506,1.1776194075364792
214,113,1.0,1.242107573683515,1.2950750856796869,1.199542775241593,1.2041365,1.2356678779711878
214,114,1.0,1.281443160259896,1.1106386309432852,1.199780390942797,1.2906264,1.2211839469511605
214,115,1.0,1.6443503518292182,1.594196978512193,1.2001052577588711,1.6076175,1.5167570117934839
214,116,3.0,1.1669319672187966,1.2952674420215011,1.1995426261035276,1.1671798,1.2072154319102273
214,117,2.0,1.159803002799498,1.2958765704372466,1.1995421779774313,1.1665279,1.205398213470138
214,118,1.0,1.1723123013132706,1.296549817633597,1.1995417253966993,1.1644905,1.2082116393787046
214,119,1.0,1.2261684881283237,1.1367457771978502,1.2004952017403054,1.197013,1.1899666571049075
214,120,1.0,1.6438129656807967,1.5932031374128188,1.2001157859022575,1.5964175,1.5134999369684188
214,121,1.0,1.1976605024776057,1.134918391950614,1.2004938442382769,1.2090888,1.185386253310623
214,122,3.0,1.4276826972651966,1.1114080563105428,1.1997757628648287,1.284641,1.2568503118645553
214,123,2.0,1.3152403706828875,1.3394708811386353,1.1997849825155185,1.4675099,1.3330057579127916
214,124,1.0,1.4276826972651966,1.1114080563105428,1.1997757628648287,1.284641,1.2568503118645553
214,125,3.0,1.6315084920490137,1.657469680630608,1.1998724742976334,1.6433843,1.5386357591106457
214,126,2.0,1.6329220546969427,1.6582391059978656,1.1998716238562734,1.6742713,1.5471085213336213
214,127,1.0,1.6980069156075408,1.594517572415217,1.2001018705334519,1.6955403,1.5529623202505363
214,128,2.0,1.3302679466050251,1.110125680698447,1.199783475534226,1.3040304,1.2368478072547329
214,129,1.0,1.3325064032454017,1.341875335411315,1.1997841489557899,1.3604281,1.3105238158829944
214,130,1.0,1.6258764365241105,1.5939405033897738,1.200107970672896,1.5973891,1.5093947786631672
214,131,1.0,1.1300358735506921,1.132481878287632,1.2004923929933862,1.1340625,1.1484166887974279
214,132,1.0,1.5970282593915344,1.593235196803121,1.20011544562649,1.5964175,1.5016685502533036
214,133,2.0,1.0851126876794703,1.133892491460937,1.200493183371597,1.1305165,1.136496180882263
214,134,1.0,1.1914238667388883,1.134437501096078,1.2004935254168683,1.147496,1.1678916236610708
214,135,1.0,1.2186732119612782,1.2947865511669652,1.199543005817006,1.1969984,1.2278340870056306
214,136,1.0,1.142065870632152,1.1323215813361198,1.2004923118234387,1.1340625,1.1514204364280507
214,137,1.0,1.162033494524414,1.2956200953148276,1.1995423621833885,1.1381602,1.1986233265996742
214,138,1.0,1.417880280267986,1.5926260683873756,1.200121918243376,1.5261294,1.4381560269033176
214,139,1.0,1.1495005141020245,1.2953315608021059,1.1995425771963844,1.172182,1.2041031343036683
214,140,2.0,1.1925657758310315,1.1123377786293123,1.1997701689025944,1.1833042,1.1715987615823518
214,141,1.0,1.2575446067932698,1.3431897704137132,1.199783806357573,1.2591685,1.2659197910167623
214,142,1.0,1.610794726542167,1.5925619496067709,1.2001226004765055,1.6075764,1.507845171646858
214,143,1.0,1.1429661099471367,1.1320971656040033,1.200492201136524,1.1379697,1.1525933893132947
214,144,1.0,1.7475472607757327,1.6601626694160092,1.1998696757053013,1.7618678,1.5990649671848318
214,145,1.0,1.1721453335881773,1.295908629827549,1.1995421554136423,1.1665279,1.2085296927554716
221,1,1.0,1.192793320096373,1.138092271590551,1.2004963504954722,1.1898162,1.1800161595428804
221,2,4.0,1.6395640463323826,1.5951908196115672,1.2000947716535608,1.6261276,1.5205414400362374
221,3,3.0,1.7206226509320985,1.5954793541242887,1.200091735200249,1.7215296,1.5655910552141044
221,4,2.0,1.5965162910159112,1.5958961261982199,1.20008735549997,1.6252414,1.5095971829104224
221,5,1.0,1.6307692611881408,1.6590726501457278,1.1998707484476638,1.6465442,1.5396642238691796
221,6,1.0,1.1681838269418494,1.1137804511929201,1.1997614855297487,1.1699439,1.1623656015607333
221,7,1.0,1.2876426094985567,1.3424844638270605,1.1997839802083758,1.2450023,1.2697252746742458
221,8,2.0,1.1481368016772706,1.1119851253359858,1.199772290952118,1.169864,1.1568202297498364
221,9,1.0,1.1531654212243294,1.1124018974099172,1.1997697830470389,1.1833042,1.1616441738950982
221,10,1.0,1.1893797666680006,1.1148704704632015,1.1997549228147684,1.1872948,1.172453164071117
221,11,1.0,1.6786980416982942,1.5942290379024955,1.2001049188321018,1.7540394,1.5630049570669975
221,12,2.0,1.208129838056029,1.1131713227771745,1.1997651522469928,1.1931311,1.178267142307702
221,13,1.0,1.1896914697166563,1.1133957385092912,1.199763801416547,1.2185128,1.1801663347303828
221,14,1.0,1.737201507185827,1.5956396510758006,1.2000900498148435,1.7762643,1.583862664153016
221,15,1.0,1.2612415146942588,1.110927165456007,1.1997786555742451,1.3334317,1.2271211096646362
221,16,1.0,1.2228114152873832,1.344311849074297,1.1997835775924242,1.1937002,1.2406256271199103
221,17,1.0,1.162513493553428,1.295748332876037,1.1995422692668607,1.1748031,1.2081737789836138
221,18,1.0,1.7596638755459244,1.595992304369127,1.2000863458668196,1.729672,1.577687433977528
221,19,1.0,1.168089637358588,1.295171263850594,1.199542700209996,1.2041365,1.2169610918149862
221,20,1.0,1.6470746620820542,1.6582070466075631,1.1998716584830122,1.8031545,1.5837321688124835
221,21,1.0,1.1733275755381443,1.112466016190522,1.1997693971843126,1.1786145,1.1655599649133814
221,22,1.0,1.1690728709977911,1.1377075589069223,1.2004960093860482,1.1673003,1.1681421123599618
221,23,1.0,1.2684118408669922,1.3429974140718988,1.1997838514772043,1.2541498,1.2673342213151266
221,24,1.0,1.1740275123415784,1.1119530659456835,1.1997724838569888,1.169864,1.1633641106982389
221,25,4.0,1.631898168725638,1.5952228790018697,1.2000944340906046,1.5530947,1.49988127638027
221,26,3.0,1.5970282593915344,1.593235196803121,1.20011544562649,1.5964175,1.5016685502533036
221,27,2.0,1.6548800610189838,1.5926901871679804,1.200121236180894,1.5261294,1.4981476665724975
221,28,1.0,1.6620954019773404,1.6590405907554253,1.199870781247489,1.6465442,1.5475835661776567
221,29,1.0,1.1713070231953349,1.3453056901736713,1.1997834241979803,1.1714095,1.2221271580111221
221,30,3.0,1.1851066944452175,1.1371946086620843,1.2004955706269376,1.1749771,1.1740383396806686
221,31,2.0,1.217113918399815,1.1361366487821047,1.2004947235117798,1.2081482,1.190376481254242
221,32,1.0,1.162000480518633,1.1372907868329913,1.2004956514958267,1.1687737,1.1666246109570535
221,33,1.0,1.1687790490511845,1.1141651638765488,1.1997591694395402,1.1573049,1.15937191385631
221,34,1.0,1.6602704524901148,1.6574376212403057,1.1998725106095576,1.6433843,1.5459062063264073
221,35,1.0,1.1830027542386146,1.3448247993191353,1.199783492632039,1.186647,1.2288726930664147
221,36,1.0,1.1490684208386956,1.1139086887541296,1.1997607135214599,1.1672432,1.156867946081218
221,37,1.0,1.1746747177388308,1.297287183610552,1.1995412811815724,1.1723871,1.2110209784171386
221,38,1.0,1.2470615137392551,1.136553420856036,1.2004950479389969,1.2008309,1.1961842039509119
221,39,4.0,1.1848376041964195,1.3440874333421804,1.19978361863603,1.1971539,1.23184479274484
221,40,3.0,1.296830874122851,1.343157711023411,1.1997838137589942,1.2591685,1.2758535307243029
221,41,2.0,1.184831186772446,1.3449209774900426,1.1997834780786383,1.186647,1.2293597349341518
221,42,1.0,1.2331959938639567,1.343670661268249,1.1997837011172705,1.2029234,1.245456507728008
221,43,1.0,1.2039575422573687,1.1131072039965697,1.1997655381849326,1.1982279,1.178502170173917
221,44,1.0,1.2033096359342481,1.3439591957809707,1.199783643151095,1.2014924,1.2375994614356312
221,45,2.0,1.6250675885155377,1.660451203928731,1.1998694054005503,1.5995178,1.5265106474769954
221,46,1.0,1.6696318985336955,1.6609962135638714,1.1998689104045328,1.700251,1.5637575527834446
221,47,1.0,1.2282871878862807,1.2945300760445462,1.1995432176971514,1.1768159,1.225026661590726
221,48,1.0,1.1893797666680006,1.1148704704632015,1.1997549228147684,1.1872948,1.172453164071117
221,49,1.0,1.2090567702705097,1.1367137178075477,1.2004951759300158,1.2008309,1.1866072530618264
221,50,2.0,1.6363219334203338,1.5958640668079174,1.2000876921421766,1.7737604,1.5577480444248895
221,51,1.0,1.6377386651955823,1.6591047095360303,1.1998707157394775,1.6143008,1.5331676622516206
221,52,1.0,1.155331817996849,1.1373228462232934,1.2004956785973107,1.1687737,1.1649451470919656
221,53,1.0,1.6856252350877035,1.5946137505861242,1.2001008552180112,1.6990657,1.5507571122862573
221,54,1.0,1.162157091064761,1.1124339568002195,1.1997695901184449,1.1786145,1.1627250755420853
221,55,3.0,1.6935923584937675,1.6595535410002638,1.1998702651186604,1.6826407,1.5649403486756945
221,56,2.0,1.663181506159617,1.5949664038794504,1.2000971357858055,1.6930268,1.543617234947416
221,57,1.0,1.66610719329884,1.593074899851609,1.2001171474311862,1.6457299,1.531755077357527
221,58,1.0,1.2321065762213887,1.3433821267555275,1.1997837629643524,1.1943103,1.242899105733655
221,59,1.0,1.214719347493553,1.1129148476547555,1.1997666959586304,1.20506,1.1829291572732699
221,60,1.0,1.6620954019773404,1.6590405907554253,1.199870781247489,1.6465442,1.5475835661776567
221,61,1.0,1.1970008673086914,1.1135560354608032,1.1997628364878061,1.206647,1.1790136121614947
221,62,1.0,1.198307683516649,1.342837117120387,1.1997838903905258,1.2583008,1.2506174652217883
221,63,1.0,1.162000480518633,1.1372907868329913,1.2004956514958267,1.1687737,1.1666246109570535
221,64,1.0,1.2648426130067707,1.11230571923901,1.1997703618253037,1.2217907,1.1997505034493736
221,65,2.0,1.560434986574667,1.6595214816099613,1.1998702968533552,1.5186424,1.4891801670998206
221,66,1.0,1.6980069156075408,1.594517572415217,1.2001018705334519,1.6955403,1.5529623202505363
221,67,1.0,1.1739344927240871,1.113620154241408,1.1997624505064868,1.1740649,1.1648372996681418
221,68,1.0,1.2106734482107313,1.343702720658552,1.1997836944817406,1.2029234,1.2397650246875276
221,69,1.0,1.6975778933737933,1.659649719171171,1.1998701703641468,1.7684348,1.58797395179716
221,70,1.0,1.2078546746986398,1.297864252635995,1.1995409710438099,1.1516759,1.2142524146524258
221,71,1.0,1.6569723758683623,1.5948702257085432,1.200098149663453,1.6283349,1.525432529641264
221,72,1.0,1.174020620047014,1.2954918577536179,1.1995424567258655,1.1824814,1.2129899126804988
221,73,1.0,1.16655821076554,1.135335164024545,1.2004941334777146,1.1867164,1.1718839248932027
221,74,1.0,1.1670807939475727,1.3446324429773209,1.199783523045361,1.1947109,1.2268626175081814
221,75,2.0,1.1937846733787318,1.1367778365881525,1.2004952276261556,1.197013,1.1817796719237719
221,76,1.0,1.1873065435124603,1.135655757927569,1.2004943641519632,1.192668,1.1787418957176041
221,77,1.0,1.6328647218081103,1.6587199968524013,1.19987111299929,1.6168957,1.532502388402354
221,78,1.0,1.2182880292396148,1.1364572426851287,1.2004949719996225,1.2008309,1.1888783790080637
221,79,1.0,1.149062960187214,1.2977360150747854,1.1995410371126474,1.171293,1.2043725578775386
221,80,1.0,1.198307683516649,1.342837117120387,1.1997838903905258,1.2583008,1.2506174652217883
221,81,1.0,1.1896951901087605,1.1368098959784554,1.2004952535813258,1.197013,1.1807528993617242
221,82,1.0,1.1733676395130321,1.2947224323863606,1.1995430581793836,1.1596085,1.2067646741139373
221,83,1.0,1.215818384320786,1.3445683241967163,1.1997835335684472,1.1947109,1.2391800131553816
221,84,1.0,1.1740275123415784,1.1119530659456835,1.1997724838569888,1.169864,1.1633641106982389
221,85,1.0,1.1873274354001366,1.1353992828051496,1.200494179042209,1.1898227,1.1779526142063113
221,86,1.0,1.1813283130218806,1.2960048079984563,1.1995420883084729,1.1635165,1.210105668565327
221,87,2.0,1.6696318985336955,1.6609962135638714,1.1998689104045328,1.700251,1.5637575527834446
221,88,1.0,1.745881128257239,1.6581749872172606,1.199871693175153,1.8031545,1.608728199761553
221,89,2.0,1.1619156421861037,1.2964215800723875,1.199541808149663,1.1644905,1.205548210415529
221,90,1.0,1.142879503758128,1.296229223730573,1.1995419353229304,1.1635165,1.200432500910479
221,91,1.0,1.6164547964911384,1.659168828316635,1.1998706505165428,1.6350033,1.5331066065431087
221,92,1.0,1.2118866021983823,1.1365854802463382,1.2004950733920274,1.2008309,1.1872908988716633
221,93,1.0,1.1631560261204048,1.1118248283844738,1.1997732554426752,1.1643181,1.159158488097254
221,94,1.0,1.1895795821583404,1.1357839954887785,1.2004944584120179,1.192668,1.1793495892209107
221,95,1.0,1.6172126408626901,1.594838166318241,1.200098487696658,1.5399392,1.4926949743683937
221,96,1.0,1.2012439679184232,1.1354954609760568,1.2004942479233283,1.1898227,1.1814987114344722
221,97,1.0,1.6455296306926848,1.6590085313651228,1.199870814095885,1.6465442,1.5433832981565572
221,98,1.0,1.2540441200320567,1.3434783049264345,1.1997837419199187,1.2156147,1.2539382053689616
221,99,1.0,1.6258764365241105,1.5939405033897738,1.200107970672896,1.5973891,1.5093947786631672
221,100,1.0,1.1489390791714555,1.1118889471650788,1.1997728696530954,1.1643181,1.1555768572498284
221,101,1.0,1.6243904726608946,1.6583673435590751,1.19987148607245,1.5660717,1.5172356635230124
221,102,1.0,1.197186030289147,1.1129469070450577,1.1997665030008162,1.20506,1.1785002127977129
221,103,1.0,1.670538944496338,1.594677869366729,1.2001001785789074,1.6463499,1.5334372005434815
221,104,2.0,1.311834309471983,1.34274093894948,1.1997839143133906,1.2598268,1.279713681263965
221,105,1.0,1.1995627084436982,1.3422279887046413,1.1997840491653102,1.271662,1.2542072382108216
221,106,2.0,1.6184820156754391,1.6575979181918177,1.1998723297278089,1.6656135,1.5410720239049251
221,107,1.0,1.6429026964004,1.6593611846584493,1.1998704565542584,1.6188318,1.535701226586844
221,108,1.0,1.1995627084436982,1.3422279887046413,1.1997840491653102,1.271662,1.2542072382108216
221,109,2.0,1.6318114189284005,1.659425303439054,1.1998703924589302,1.5205693,1.507712646871817
221,110,1.0,1.6266778499042183,1.5947740475376362,1.200099163907706,1.5928975,1.5086546326115364
221,111,1.0,1.2969861230414401,1.108843305086351,1.1997911839089344,1.3433998,1.2381984768616272
221,112,1.0,1.1346785990512038,1.2942736009221267,1.1995434360946862,1.1768159,1.2012730575469104
221,113,3.0,1.6401495857442592,1.6585917592911918,1.199871247669215,1.5772818,1.5241550988558052
221,114,2.0,1.6145848027634342,1.5931710780225163,1.2001161262208184,1.5964175,1.5060953751629007
221,115,1.0,1.5482818879776317,1.5932993155837258,1.200114765218322,1.5544634,1.4785902244277818
221,116,1.0,1.1509429406379856,1.296165104949968,1.1995419785177293,1.1635165,1.2024568324802245
221,117,1.0,1.6989181501538004,1.5945496318055195,1.2001015320627781,1.6955403,1.5532009514836351
221,118,1.0,1.1164019112625763,1.296133045559666,1.1995420002779371,1.1635165,1.1937077118346147
221,119,1.0,1.1767596706759436,1.1354634015857545,1.2004942248945158,1.1898227,1.175294554231757
221,120,1.0,1.174346032473109,1.295844511046944,1.1995422006426717,1.1717614,1.2104124483436847
221,121,1.0,1.7009979723964577,1.594453453634612,1.2001025476161822,1.7277116,1.5619530261078838
221,122,1.0,1.2259241973930697,1.343253889194318,1.1997837917019263,1.2591685,1.2579340978962414
221,123,2.0,1.6787549334372809,1.5934916719255403,1.2001127250213826,1.6414815,1.5339707315245577
221,124,1.0,1.7658191655571696,1.5913436927752798,1.200135595976325,1.4824979,1.5146961160988939
221,125,1.0,1.1874386316075496,1.1352069264633355,1.2004940432021445,1.1867164,1.1771354869551918
221,126,1.0,1.174020620047014,1.2954918577536179,1.1995424567258655,1.1824814,1.2129899126804988
221,127,1.0,1.1333374097584974,1.1121454222874978,1.1997713264148124,1.1510646,1.1482945524928287
221,128,1.0,1.1669319672187966,1.2952674420215011,1.1995426261035276,1.1671798,1.2072154319102273
221,129,1.0,1.6383099851293503,1.5939725627800763,1.200107631407657,1.6147628,1.5170045050702918
221,130,1.0,1.1860340430832692,1.1126583725323362,1.19976823956202,1.20506,1.1756054668574634
221,131,2.0,1.2684118408669922,1.3429974140718988,1.1997838514772043,1.2541498,1.2673342213151266
221,132,1.0,1.1357683379118082,1.3436386018779467,1.1997837077952218,1.185923,1.2164336711775265
221,133,2.0,1.5970282593915344,1.593235196803121,1.20011544562649,1.5964175,1.5016685502533036
221,134,1.0,1.6509752289858435,1.5964411358333606,1.2000816394528748,1.6928794,1.5408600226955065
221,135,1.0,1.2016049393677266,1.1117927689941716,1.199773448334138,1.1643181,1.168880369571166
221,136,1.0,1.661907239367197,1.5937802064382618,1.200109667673502,1.6767758,1.5388302428359375
221,137,1.0,1.281443160259896,1.1106386309432852,1.199780390942797,1.2906264,1.2211839469511605
221,138,1.0,1.6030118493518952,1.5931069592419114,1.2001168069794945,1.6457299,1.5157960923431038
221,139,2.0,1.214835327556555,1.343798898829459,1.199783674871381,1.2073308,1.2419727947265295
221,140,1.0,1.163068009088641,1.1121133628971955,1.1997715193271412,1.1510646,1.15581016232932
221,141,2.0,1.6299492623952174,1.594132859731588,1.200105935721986,1.6336982,1.5197846106618178
221,142,1.0,1.5855926860293372,1.6585276405105869,1.1998713154306027,1.5772818,1.5103326252608533
221,143,3.0,1.3528767150108718,1.341779157240408,1.1997841771740452,1.3604281,1.315654429997425
221,144,2.0,1.284235529676279,1.110606571552983,1.1997805837471003,1.2906264,1.2218825215738784
221,145,1.0,1.2612415146942588,1.110927165456007,1.1997786555742451,1.3334317,1.2271211096646362
221,146,1.0,1.1321867536978616,1.1335398381676105,1.2004929729551734,1.1556079,1.1547538838722742
221,147,1.0,1.163068009088641,1.1121133628971955,1.1997715193271412,1.1510646,1.15581016232932
221,148,1.0,1.1822907911477267,1.1348863325603116,1.2004938224852166,1.2090888,1.1814886493317198
221,149,2.0,1.577501417242777,1.5925298902164684,1.2001229416582142,1.6075764,1.499411877051584
221,150,1.0,1.6950189614820657,1.5943252160734025,1.200103902334295,1.7501124,1.5661522345205843
221,151,1.0,1.3199737095269797,1.1104783339917734,1.1997813549474745,1.2906264,1.2308942184517755
221,152,1.0,1.0851126876794703,1.1338604320706347,1.200493163886985,1.1305165,1.1364880632509051
221,153,3.0,1.2218801318147556,1.3435424237070395,1.1997837281224488,1.185923,1.2382009369209799
221,154,2.0,1.3613870140715292,1.3416509196791981,1.1997842154636804,1.3642677,1.3187602272382772
221,155,1.0,1.3560555497550024,1.1101577400887495,1.1997832827687127,1.3040304,1.2433817300727275
221,156,2.0,1.7009979723964577,1.594453453634612,1.2001025476161822,1.7277116,1.5619530261078838
221,157,1.0,1.6935149985153197,1.5927222465582829,1.2001208952015985,1.6661373,1.5438357893094734
221,158,2.0,1.1333374097584974,1.1121454222874978,1.1997713264148124,1.1510646,1.1482945524928287
221,159,1.0,1.4023257217432266,1.341041791263453,1.199784407727016,1.3228239,1.318338459192863
221,160,1.0,1.2569979148274935,1.1114721750911478,1.1997753771318826,1.1906548,1.189571193237474
221,161,2.0,1.5813197765184694,1.5929787216807019,1.200118169024351,1.6163131,1.5027310259125346
221,162,1.0,1.749660213480817,1.6581429278269584,1.199871727929713,1.8031545,1.6096764368705319
221,163,2.0,1.1345378767469043,1.1343413229251704,1.2004934635658326,1.147496,1.1534716026604683
221,164,1.0,1.164266087020744,1.1341169071930541,1.2004933217335714,1.147496,1.1609378504067434
221,165,1.0,1.406817609037073,1.3410097318731506,1.1997844183226631,1.3965317,1.3383683918055298
221,166,1.0,1.1627600006002314,1.2960368673887586,1.1995420661528373,1.1635165,1.2054148469602053
221,167,1.0,1.2134955585606326,1.1345657386572876,1.2004936088734628,1.2092868,1.189354984288016
221,168,1.0,1.6455296306926848,1.6590085313651228,1.199870814095885,1.6465442,1.5433832981565572
221,169,1.0,1.2738700914988264,1.109548611673004,1.199786944878251,1.3137271,1.2249170444611979
221,170,1.0,1.6095204950290156,1.5925940089970732,1.2001222593304954,1.5261294,1.4866448000464378
221,171,1.0,1.1278932797502694,1.2938247694578935,1.1995438339483953,1.1666394,1.1968328547152454
221,172,2.0,1.6497808648037355,1.5942610972927977,1.200104579958601,1.6080896,1.5182683889324473
221,173,1.0,1.7159816199134905,1.656988789776072,1.1998730264770059,1.6478754,1.5610427923546637
221,174,1.0,1.4118803937003965,1.3410738506537552,1.1997843971792377,1.3228239,1.3207644915520047
221,175,1.0,1.1801187199189704,1.1332833630451917,1.200492825297224,1.1556079,1.1668186912860137
221,176,2.0,1.866588622528227,1.340080009554381,1.1997847461642208,1.4675099,1.472684993848962
221,177,1.0,1.4303336457293836,1.339759415651357,1.199784868436941,1.4675099,1.3622044516903622
224,1,2.0,1.6112929958947833,1.660226788196614,1.1998696151401733,1.6716883,1.5414751771328659
224,2,1.0,1.6758867066858274,1.5957037698564054,1.200089375977113,1.6813956,1.544034545422907
224,3,1.0,1.1723852129716832,1.1384449248838775,1.2004966722589183,1.1721265,1.1704046969132427
224,4,1.0,1.6811252937082264,1.660867976002662,1.1998690250331114,1.700251,1.5666336665001748
224,5,1.0,1.1701482974740927,1.1142934014377583,1.199758397368022,1.1738906,1.1640038657706997
224,6,1.0,1.6620954019773404,1.6590405907554253,1.199870781247489,1.6465442,1.5475835661776567
224,7,1.0,1.1200889562682492,1.1387334593965985,1.200496941986097,1.1608044,1.1543401947173555
224,8,1.0,1.1678564916796892,1.1142613420474559,1.199758590387938,1.1573049,1.1591626514120168
224,9,1.0,1.1525160835764994,1.140304369521416,1.2004985128228531,1.1787317,1.1675413868670628
224,10,2.0,1.5592373332112717,1.6594573628293565,1.199870360511831,1.5205693,1.4893550282750523
224,11,1.0,1.714516891023449,1.6596817785614733,1.1998701389158646,1.7684348,1.5922686694620163
224,12,1.0,1.1441521786170943,1.2982169059293214,1.1995407977200225,1.1932194,1.2088741799654947
224,13,3.0,1.6122336189381579,1.6605153227093354,1.1998693460953958,1.6255159,1.529945911925528
224,14,2.0,1.682278294971463,1.5950625820503577,1.2000961223292193,1.6960963,1.5492611387666702
224,15,1.0,1.6786980416982942,1.5942290379024955,1.2001049188321018,1.7540394,1.5630049570669975
224,16,1.0,1.1892105736111047,1.1149025298535038,1.199754729773843,1.2129347,1.1789934033169938
224,17,1.0,1.215818384320786,1.3445683241967163,1.1997835335684472,1.1947109,1.2391800131553816
224,18,1.0,1.1909792097860765,1.1132995603383842,1.1997643803551135,1.2022048,1.1762860894327212
224,19,1.0,1.1040377949231768,1.2946903729960582,1.199543084513243,1.1596085,1.1892118366326219
224,20,3.0,1.6243094111443932,1.5953831759533816,1.2000927469480713,1.6308172,1.5179318561905235
224,21,2.0,1.6405668764300332,1.5949022850988457,1.200097811659454,1.6283349,1.5212889582460065
224,22,1.0,1.6959361548474345,1.6609000353929642,1.1998689962798894,1.700251,1.57038983488822
224,23,1.0,1.178088275165203,1.138989934519018,1.200497186631917,1.1936113,1.1774954328737988
224,24,1.0,1.1897949994607926,1.3458506998088118,1.199783359788921,1.2058796,1.2357830319639667
224,25,2.0,1.6021928508630128,1.659489422219659,1.1998703286509278,1.5186424,1.499739379213533
224,26,1.0,1.7351881609925968,1.6601947288063115,1.199869645381723,1.7618678,1.595945457760902
224,27,1.0,1.208815527370304,1.3439271363906684,1.1997836493970588,1.2014924,1.2389846803509001
224,28,1.0,1.2120411181256776,1.11525518314683,1.1997526062565262,1.2012899,1.1818735164568208
224,29,1.0,1.689256000433719,1.6611565105153834,1.1998687686988776,1.7047309,1.5699130133508863
224,30,1.0,1.114901194858356,1.1386372812256915,1.2004968514288386,1.1538677,1.1512241990833665
224,31,1.0,1.142190933438374,1.2956521547051298,1.199542338797665,1.1381602,1.1936100411251997
224,32,1.0,1.162000480518633,1.1372907868329913,1.2004956514958267,1.1687737,1.1666246109570535
224,33,1.0,1.1889368387185244,1.346010996760324,1.1997833435097096,1.1983749,1.2336819703113775
224,34,1.0,1.1458775198416213,1.295684214095432,1.1995423155253067,1.1381602,1.1945510825541497
224,35,1.0,1.1697683481413017,1.1372587274426889,1.2004956244685052,1.1687737,1.1685822415892242
224,36,1.0,1.1895442296309984,1.115319301927435,1.1997522201503246,1.2012899,1.1761965491645459
224,37,2.0,1.2124632235126784,1.3454659871251833,1.199783403805533,1.2265123,1.2467131315618014
224,38,1.0,1.1989995701899365,1.344472146025809,1.199783549719668,1.2311598,1.2442463224640867
224,39,1.0,1.6959361548474345,1.6609000353929642,1.1998689962798894,1.700251,1.57038983488822
224,40,2.0,1.2158129478688313,1.1127224913129412,1.1997678536712526,1.20506,1.1831575025396717
224,41,1.0,1.1653919624489935,1.1140689857056416,1.1997597484812703,1.1717896,1.1622049827697054
224,42,1.0,1.184831186772446,1.3449209774900426,1.1997834780786383,1.186647,1.2293597349341518
224,43,2.0,1.5458112780531648,1.5936519688770523,1.2001110260646615,1.5600686,1.47949072883069
224,44,1.0,1.6972810351590395,1.596312898272151,1.2000829832592983,1.6928794,1.5525461173807698
224,45,1.0,1.1532928939463942,1.2980886683681119,1.1995408593207773,1.1516759,1.2005016802810786
224,46,1.0,1.609176943153174,1.592401652655259,1.2001243068338783,1.6075764,1.5073956127102779
224,47,1.0,1.5605476110351093,1.299082509467486,1.199540424435549,1.3055766,1.3432793013058826
224,48,1.0,1.6788340554412886,1.5963449576624533,1.200082647242252,1.6928794,1.547885925916702
224,49,1.0,1.1238941612170599,1.1378037370778296,1.2004960936941813,1.1383672,1.149313971955641
224,50,2.0,1.6486995675776919,1.5949343444891482,1.2000974736995584,1.6406729,1.5265189678856756
224,51,1.0,1.6124782480916082,1.6608038572220571,1.1998690827840284,1.6017718,1.5239919198444927
224,52,3.0,1.1987028551503878,1.3457224622476023,1.1997833736856405,1.1772541,1.2306642404310213
224,53,2.0,1.1796985891714218,1.3450812744415543,1.1997834547846078,1.186647,1.2281014303760514
224,54,1.0,1.1713070231953349,1.3453056901736713,1.1997834241979803,1.1714095,1.2221271580111221
224,55,1.0,1.1956231773433048,1.113363679118989,1.1997639943941143,1.2022048,1.1774774342850347
224,56,2.0,1.162513493553428,1.295748332876037,1.1995422692668607,1.1748031,1.2081737789836138
224,57,1.0,1.1164019112625763,1.296133045559666,1.1995420002779371,1.1635165,1.1937077118346147
224,58,1.0,1.1816478466877212,1.3444400866355064,1.1997835551962162,1.2311598,1.2398471535123363
224,59,1.0,1.637026977057564,1.6599382536838925,1.1998698898947675,1.626861,1.536419189247793
224,60,1.0,1.1989995701899365,1.344472146025809,1.199783549719668,1.2311598,1.2442463224640867
224,61,1.0,1.6258720744815072,1.59509464144066,1.2000957845886016,1.6960963,1.53499491558072
224,62,1.0,1.147917920049619,1.138252568542063,1.2004964956722075,1.171278,1.1639466546121136
224,63,1.0,1.5826559677715926,1.6606115008802427,1.1998692576988754,1.6050233,1.5172302147361272
224,64,1.0,1.1557043778877547,1.296966589707528,1.1995414677103222,1.1790755,1.2078543492028389
224,65,1.0,1.1835704463150278,1.114678114121387,1.1997560810396288,1.1817158,1.1695039838798582
224,66,1.0,1.1851792797756784,1.1380281528099463,1.2004962929269214,1.1472574,1.167159516957264
224,67,1.0,1.6788462459049018,1.5935237313158428,1.20011238515351,1.6911229,1.5467316951118004
224,68,1.0,1.2271144826037312,1.138188449761458,1.2004964373860376,1.1898162,1.188725892105435
224,69,1.0,1.2331959938639567,1.343670661268249,1.1997837011172705,1.2029234,1.245456507728008
224,70,1.0,1.6383099851293503,1.5939725627800763,1.200107631407657,1.6147628,1.5170045050702918
224,71,1.0,1.176592528005252,1.2968383521463185,1.1995415451696643,1.176445,1.2124333613108518
224,72,2.0,1.6980069156075408,1.594517572415217,1.2001018705334519,1.6955403,1.5529623202505363
224,73,1.0,1.6964860585091739,1.5943893348540072,1.2001032249003727,1.6980873,1.5531984667747167
224,74,2.0,1.2076652511924875,1.1127545507032435,1.19976766072181,1.20506,1.1811036994769153
224,75,1.0,1.1897682686021678,1.1132354415577792,1.1997647663038908,1.1931311,1.1736366660636082
224,76,1.0,1.320185551914392,1.3445042054161114,1.1997835442861526,1.2311598,1.2749219689191862
224,77,1.0,1.6601713967159102,1.594036681560681,1.200106953006346,1.6769178,1.53849161558635
224,78,1.0,1.1708345976550716,1.1143254608280608,1.1997582043482826,1.1738906,1.16418560925912
224,79,2.0,1.1813883639972784,1.1387975781772037,1.2004970027155075,1.1608044,1.1698689695946223
224,80,1.0,1.1270000281752588,1.1387014000062965,1.2004969117275397,1.1608044,1.1560810023723258
224,81,1.0,1.199533250460041,1.1131392633868722,1.1997653452171357,1.1982279,1.1773906184039795
224,82,1.0,1.6021928508630128,1.659489422219659,1.1998703286509278,1.5186424,1.499739379213533
224,83,1.0,1.1531654212243294,1.1124018974099172,1.1997697830470389,1.1833042,1.1616441738950982
224,84,2.0,1.782161449073157,1.5956075916854984,1.2000903868027868,1.7762643,1.5952322720427403
224,85,1.0,1.6507180106794368,1.5942931566831,1.2001042411327758,1.6080896,1.5185135772471925
224,86,1.0,1.176592528005252,1.2968383521463185,1.1995415451696643,1.176445,1.2124333613108518
224,87,3.0,1.6608818161739438,1.6607397384414522,1.199869140801079,1.6017718,1.5362247985083768
224,88,2.0,1.6298374354368372,1.6586238186814943,1.199871213896625,1.5996827,1.5272979610357396
224,89,1.0,1.7596638755459244,1.595992304369127,1.2000863458668196,1.729672,1.577687433977528
224,90,1.0,1.1896951901087605,1.1368098959784554,1.2004952535813258,1.197013,1.1807528993617242
224,91,1.0,1.591410063303633,1.6605794414899402,1.1998692870996595,1.6255159,1.524692478818669
224,92,2.0,1.1410355504212701,1.2959727486081538,1.1995421105774098,1.1635165,1.1999010044537775
224,93,1.0,1.167345478598189,1.2963574612917825,1.1995418501286734,1.1644905,1.2069060781940681
224,94,1.0,1.4987628157643054,1.5923054744843517,1.2001253311740465,1.7873827,1.5255387384115824
224,95,1.0,1.1552086809251816,1.2970948272687377,1.199541391874867,1.1669071,1.204640918919647
224,96,1.0,1.2331959938639567,1.343670661268249,1.1997837011172705,1.2029234,1.245456507728008
224,97,2.0,1.686688819206026,1.593716087657657,1.2001103467835208,1.765352,1.567799555882409
224,98,1.0,1.6612436734990461,1.6603550257578235,1.1998694948635065,1.6706413,1.5538797165888822
224,99,2.0,1.1711023091270283,1.296485698852992,1.199541766569258,1.1644905,1.207889220423443
224,100,1.0,1.209880134199074,1.2947544917766627,1.1995430319546225,1.1596085,1.216012696130627
224,101,1.0,1.162157091064761,1.1124339568002195,1.1997695901184449,1.1786145,1.1627250755420853
224,102,1.0,1.2169193713636348,1.34341418614583,1.1997837559016948,1.2156147,1.2445271293855946
224,103,2.0,1.5840613823230143,1.6606435602705452,1.199869228363115,1.6050233,1.517593977419712
224,104,1.0,1.6531502643013911,1.659329125268147,1.1998704887032636,1.6188318,1.5382863885235167
224,105,1.0,1.2634555196231645,1.1110233436269141,1.1997780770749096,1.270983,1.2116914921266946
224,106,1.0,1.6299492623952174,1.594132859731588,1.200105935721986,1.6336982,1.5197846106618178
224,107,2.0,1.2228114152873832,1.344311849074297,1.1997835775924242,1.1937002,1.2406256271199103
224,108,1.0,1.2863046187191762,1.3430935922428062,1.1997838287000102,1.2541498,1.2718865323211366
224,109,2.0,1.1601855357792195,1.2967742333657137,1.1995415845012174,1.1750033,1.2078954351166444
224,110,1.0,1.142879503758128,1.296229223730573,1.1995419353229304,1.1635165,1.200432500910479
224,111,1.0,1.192506283811878,1.1372266680523864,1.2004955975103595,1.1687737,1.1743282236246
224,112,1.0,1.1333374097584974,1.1121454222874978,1.1997713264148124,1.1510646,1.1482945524928287
224,113,5.0,1.6448954341085347,1.5941649191218905,1.200105596714778,1.6336982,1.5235749473115472
224,114,4.0,1.6356221049707276,1.6592329470972396,1.199870585585295,1.6350033,1.537973329466443
224,115,3.0,1.665619112242517,1.5951267008309624,1.200095446892932,1.7356517,1.5552048317635476
224,116,2.0,1.63798547655001,1.659970313074195,1.199869859089585,1.6244261,1.5360454660261045
224,117,1.0,1.6686669780596843,1.5936840282673546,1.200110686401031,1.5600686,1.5105888377306733
224,118,1.0,1.1803277183226444,1.1358801736596857,1.2004945298573937,1.192668,1.1770326524894708
224,119,1.0,1.1393636873983575,1.2940491851900102,1.199543632532251,1.1666394,1.1997923191809092
224,120,1.0,1.2575446067932698,1.3431897704137132,1.199783806357573,1.2591685,1.2659197910167623
224,121,1.0,1.2199116941894639,1.2972551242202495,1.1995412993690346,1.1723871,1.222460617457797
224,122,1.0,1.2147293457014683,1.3446645023676234,1.1997835178574963,1.1930181,1.2384946836121296
224,123,1.0,1.191877538662653,1.135591639146964,1.2004943174453737,1.1898227,1.1791527821224301
224,124,4.0,1.6787549334372809,1.5934916719255403,1.2001127250213826,1.6414815,1.5339707315245577
224,125,3.0,1.749660213480817,1.6581429278269584,1.199871727929713,1.8031545,1.6096764368705319
224,126,2.0,1.66610719329884,1.593074899851609,1.2001171474311862,1.6457299,1.531755077357527
224,127,1.0,1.69355536065839,1.5944213942443097,1.2001028862418013,1.6932174,1.5512160153693846
224,128,1.0,1.1897782764302771,1.1351428076827306,1.2004939984887035,1.1867164,1.1777113249056743
224,129,1.0,1.174281945932918,1.295588035924525,1.1995423856716452,1.1946213,1.2161934872003668
224,130,2.0,1.6632444214747806,1.5927863653388876,1.2001202133955327,1.6661373,1.5361915286986396
224,131,1.0,1.6298374354368372,1.6586238186814943,1.199871213896625,1.5996827,1.5272979610357396
224,132,1.0,1.3056823708423104,1.1113118781396358,1.1997763414487423,1.284641,1.2259524960068955
224,133,2.0,1.66610719329884,1.593074899851609,1.2001171474311862,1.6457299,1.531755077357527
224,134,1.0,1.6480847621789207,1.6577261557530272,1.19987218628728,1.6656135,1.5485957642440897
224,135,1.0,1.2569979148274935,1.1114721750911478,1.1997753771318826,1.1906548,1.189571193237474
224,136,1.0,1.1574575537063707,1.134373382315473,1.2004934841127606,1.147496,1.1592798137511262
224,137,1.0,1.2506683056404553,1.3432218298040155,1.1997837990083393,1.2591685,1.2641877735795428
224,138,1.0,1.6348859849667767,1.6589444125845183,1.1998708800247224,1.6244049,1.5349962757388629
224,139,1.0,1.2159856587045261,1.111343937529938,1.1997761485892184,1.284641,1.2032617576606386
224,140,1.0,1.6145848027634342,1.5931710780225163,1.2001161262208184,1.5964175,1.5060953751629007
224,141,1.0,1.1878521982284882,1.112241600458405,1.1997707476672168,1.2217907,1.1802510411453107
224,142,1.0,1.1627600006002314,1.2960368673887586,1.1995420661528373,1.1635165,1.2054148469602053
224,143,1.0,1.2693713540011202,1.1110874624075189,1.1997776913954004,1.270983,1.213204697869636
224,144,4.0,1.6787549334372809,1.5934916719255403,1.2001127250213826,1.6414815,1.5339707315245577
224,145,3.0,1.69355536065839,1.5944213942443097,1.2001028862418013,1.6932174,1.5512160153693846
224,146,2.0,1.6856252350877035,1.5946137505861242,1.2001008552180112,1.6990657,1.5507571122862573
224,147,1.0,1.6620954019773404,1.6590405907554253,1.199870781247489,1.6465442,1.5475835661776567
224,148,1.0,1.1631254036849006,1.1120171847262883,1.199772098048234,1.169864,1.1606213385743096
224,149,1.0,1.2271144032019203,1.1122736598487077,1.1997705547458068,1.2217907,1.1901948700363234
224,150,2.0,1.1936078998227584,1.295427738973013,1.1995425046113317,1.1824814,1.2179304890361031
224,151,1.0,1.224085788429545,1.2944980166542437,1.1995432446435574,1.1768159,1.2239553415498512
224,152,1.0,1.5419945162259583,1.5927543059485851,1.2001205542745537,1.6661373,1.5054997852939798
224,153,1.0,1.1590769233571379,1.296613936414202,1.1995416846395008,1.1607699,1.20392442626131
224,154,1.0,1.6556416046303513,1.656892611605165,1.1998731388145958,1.6478754,1.5457487310821039
224,155,1.0,1.2782677242165157,1.1110554030172164,1.1997778842360207,1.270983,1.2154479615309697
224,156,1.0,1.140641611414295,1.1319048092621888,1.2004921090107759,1.1379697,1.151956447778666
224,157,1.0,1.1472084083718033,1.2953636201924084,1.1995425529004893,1.172182,1.2035311972878553
224,158,1.0,1.6021928508630128,1.659489422219659,1.1998703286509278,1.5186424,1.499739379213533
224,159,1.0,1.573654604893874,1.3405609004089167,1.1997845716191238,1.3965317,1.3804749056968348
224,160,1.0,1.6258720744815072,1.59509464144066,1.2000957845886016,1.6960963,1.53499491558072
224,161,1.0,1.1527414772079905,1.2936644725063815,1.19954398087498,1.2332882,1.2201715777763533
224,162,1.0,1.6433725066491423,1.6573414430693987,1.1998726199896057,1.6433843,1.5416056697977938
224,163,1.0,1.3753297907578326,1.1107989278947972,1.1997794268741935,1.3334317,1.2559602178172466
224,164,1.0,1.6254999373061878,1.5932672561934236,1.2001151054004,1.5544634,1.498123125698828
224,165,3.0,1.2824332473701583,1.110285977649959,1.1997825116701752,1.3040304,1.224783011457996
224,166,2.0,1.295485990666813,1.1112156999687284,1.1997769200109316,1.270983,1.2198455819834808
224,167,1.0,1.4346724178380799,1.3414585633373841,1.1997842743248557,1.3642677,1.3372572945803576
224,168,1.0,1.5592373332112717,1.6594573628293565,1.199870360511831,1.5205693,1.4893550282750523
224,169,1.0,1.224602748537381,1.1309109681628144,1.200491673304314,1.1450584,1.1747699848223232
224,170,2.0,1.2429625245962421,1.3412982663858721,1.1997843246849293,1.3228239,1.2780746164185928
224,171,1.0,1.3226161896715858,1.1086509487445368,1.199792339753236,1.3433998,1.2446360623949992
224,172,1.0,1.2634840619624144,1.590798683140139,1.2001414299598443,1.4824979,1.3874377875907893
224,173,1.0,1.142879503758128,1.296229223730573,1.1995419353229304,1.1635165,1.200432500910479
229,1,1.0,1.1987028551503878,1.3457224622476023,1.1997833736856405,1.1772541,1.2306642404310213
229,2,3.0,1.2078546746986398,1.297864252635995,1.1995409710438099,1.1516759,1.2142524146524258
229,3,2.0,1.174020620047014,1.2954918577536179,1.1995424567258655,1.1824814,1.2129899126804988
229,4,1.0,1.159803002799498,1.2958765704372466,1.1995421779774313,1.1665279,1.205398213470138
229,5,1.0,1.1241608880061111,1.140528785253533,1.200498751377513,1.1529022,1.153799023616069
229,6,1.0,1.19224651677626,1.297191005439645,1.1995413360668723,1.1723871,1.2154434023782454
229,7,1.0,1.1628723021328173,1.1136522136317102,1.1997622575157523,1.1740649,1.162045949710087
229,8,1.0,1.167345478598189,1.2963574612917825,1.1995418501286734,1.1644905,1.2069060781940681
229,9,3.0,1.1529674740719416,1.1391502314705297,1.2004973418756955,1.1586083,1.162202908792881
229,10,2.0,1.1644433865670578,1.137611380736015,1.2004959257203662,1.1765636,1.169321632027616
229,11,1.0,1.1973604035782472,1.1375152025651079,1.200495842702153,1.1765636,1.177627310722563
229,12,1.0,1.1893797666680006,1.1148704704632015,1.1997549228147684,1.1872948,1.172453164071117
229,13,1.0,1.2147293457014683,1.3446645023676234,1.1997835178574963,1.1930181,1.2384946836121296
229,14,2.0,1.637026977057564,1.6599382536838925,1.1998698898947675,1.626861,1.536419189247793
229,15,1.0,1.6176861899956732,1.6598741349032875,1.1998699517297846,1.626861,1.53150856479834
229,16,1.0,1.1805760228231228,1.1140048669250369,1.1997601344988384,1.1769835,1.1673632486619916
229,17,3.0,1.6278234361455055,1.6591367689263326,1.1998706830952097,1.6143008,1.5306666024434286
229,18,2.0,1.5965162910159112,1.5958961261982199,1.20008735549997,1.6252414,1.5095971829104224
229,19,1.0,1.6497814421376986,1.5950305226600552,1.2000964601105981,1.5927073,1.5145167433831432
229,20,1.0,1.189290764715959,1.3438630176100634,1.1997836620409938,1.2073308,1.2355246663087316
229,21,1.0,1.6959361548474345,1.6609000353929642,1.1998689962798894,1.700251,1.57038983488822
229,22,1.0,1.1878571568483505,1.3457545216379048,1.199783370141789,1.1772541,1.227927721369589
229,23,1.0,1.6254999373061878,1.5932672561934236,1.2001151054004,1.5544634,1.498123125698828
229,24,1.0,1.2078546746986398,1.297864252635995,1.1995409710438099,1.1516759,1.2142524146524258
229,25,1.0,1.2328269456532555,1.1389578751287155,1.2004971557969917,1.1936113,1.1913395754489782
229,26,1.0,1.2040157623218888,1.3457865810282073,1.1997833666400182,1.2058796,1.2393655384973434
229,27,3.0,1.7206226509320985,1.5954793541242887,1.200091735200249,1.7215296,1.5655910552141044
229,28,2.0,1.6040105201525652,1.6584635217299823,1.1998713834748858,1.5660717,1.5121025920448006
229,29,1.0,1.6645194617143122,1.593876384609169,1.2001086493497122,1.763314,1.5617068882807694
229,30,1.0,1.1705757143834146,1.3462033531021382,1.1997833255720511,1.188075,1.226442855682677
229,31,1.0,1.1603551797927067,1.2969986490978305,1.1995414485973603,1.1669071,1.2059189753034747
229,32,1.0,1.6354951905133106,1.5939084439994715,1.2001083099950105,1.5973891,1.5118208847959822
229,33,1.0,1.2763725516779911,1.1125942537517315,1.1997686254447875,1.2220389,1.2028045522465474
229,34,2.0,1.7052251320842695,1.5929146029000971,1.2001188503136524,1.6580455,1.544772352013882
229,35,1.0,1.7790715325271058,1.5933634343643308,1.2001140849812464,1.7478876,1.586611245713172
229,36,1.0,1.162033494524414,1.2956200953148276,1.1995423621833885,1.1381602,1.1986233265996742
229,37,2.0,1.2161524350032373,1.3446003835870186,1.1997835282798759,1.1947109,1.239272660349713
229,38,1.0,1.1796985891714218,1.3450812744415543,1.1997834547846078,1.186647,1.2281014303760514
229,39,1.0,1.6509752289858435,1.5964411358333606,1.2000816394528748,1.6928794,1.5408600226955065
229,40,2.0,1.2161524350032373,1.3446003835870186,1.1997835282798759,1.1947109,1.239272660349713
229,41,1.0,1.1774382909095145,1.3450171556609498,1.1997834639556777,1.186647,1.2275132115450025
229,42,5.0,1.541523562982839,1.5965052546139653,1.2000809678160886,1.4974122,1.463053266536812
229,43,4.0,1.625293528647811,1.6598420755129852,1.199869982747588,1.621523,1.5320567350034626
229,44,3.0,1.6318114189284005,1.659425303439054,1.1998703924589302,1.5205693,1.507712646871817
229,45,2.0,1.6541293114767854,1.5938443252188668,1.200108988747812,1.6307818,1.525083474412114
229,46,1.0,1.633001180947837,1.6597458973420782,1.1998700762422827,1.6256385,1.5350382898890176
229,47,1.0,1.1690333362861518,1.140208191350509,1.2004984116718809,1.1787317,1.1716969084559297
229,48,2.0,1.1957860452055677,1.3423882856561535,1.199784005711363,1.271662,1.2532920639677696
229,49,1.0,1.20446815651791,1.3451774526124618,1.1997834413854926,1.1812984,1.233022403603226
229,50,1.0,1.6250675885155377,1.660451203928731,1.1998694054005503,1.5995178,1.5265106474769954
229,51,1.0,1.1998663080991405,1.1129789664353602,1.1997663100418718,1.2066385,1.179591330880723
229,52,3.0,1.6443503518292182,1.594196978512193,1.2001052577588711,1.6076175,1.5167570117934839
229,53,2.0,1.6356221049707276,1.6592329470972396,1.199870585585295,1.6350033,1.537973329466443
229,54,1.0,1.6964860585091739,1.5943893348540072,1.2001032249003727,1.6980873,1.5531984667747167
229,55,1.0,1.159803002799498,1.2958765704372466,1.1995421779774313,1.1665279,1.205398213470138
229,56,1.0,1.6448954341085347,1.5941649191218905,1.200105596714778,1.6336982,1.5235749473115472
229,57,1.0,1.1895910080043797,1.34421567090339,1.1997835948957494,1.1971539,1.2330801437403456
229,58,4.0,1.6354951905133106,1.5939084439994715,1.2001083099950105,1.5973891,1.5118208847959822
229,59,3.0,1.663512919964638,1.5949984632697527,1.2000967979296713,1.6930268,1.5437091358839163
229,60,2.0,1.6784924548505906,1.5946458099764265,1.2001005168715146,1.6990657,1.5489601112148832
229,61,1.0,1.6266778499042183,1.5947740475376362,1.200099163907706,1.5928975,1.5086546326115364
229,62,1.0,1.1936884010226014,1.1396631817153686,1.2004978507538004,1.1656498,1.174443439018361
229,63,1.0,1.69355536065839,1.5944213942443097,1.2001028862418013,1.6932174,1.5512160153693846
229,64,1.0,1.1820338388019795,1.3437347800488542,1.1997836878963704,1.2029234,1.2325255468945304
229,65,1.0,1.178844255014458,1.2975436587329712,1.199541139269112,1.1723871,1.212140999096015
229,66,1.0,1.6405668764300332,1.5949022850988457,1.200097811659454,1.6283349,1.5212889582460065
229,67,1.0,1.2243192338563882,1.1150307674147135,1.1997539575993141,1.2129347,1.1879103304510283
229,68,1.0,1.1851066944452175,1.1371946086620843,1.2004955706269376,1.1749771,1.1740383396806686
229,69,4.0,1.6788462459049018,1.5935237313158428,1.20011238515351,1.6911229,1.5467316951118004
229,70,3.0,1.6547668921339624,1.6592970658778445,1.199870520923126,1.6306647,1.541721772870909
229,71,2.0,1.6254999373061878,1.5932672561934236,1.2001151054004,1.5544634,1.498123125698828
229,72,1.0,1.631787136432771,1.6587841156330063,1.1998710460821231,1.6168957,1.5322459028991107
229,73,1.0,1.1990568905764365,1.1392784690317395,1.2004974673637967,1.180394,1.1794855122421413
229,74,1.0,1.6172126408626901,1.594838166318241,1.200098487696658,1.5399392,1.4926949743683937
229,75,1.0,1.214835327556555,1.343798898829459,1.199783674871381,1.2073308,1.2419727947265295
229,76,1.0,1.6521635279431757,1.6607717978317547,1.199869111760336,1.6017718,1.5340266394757156
229,77,1.0,1.320185551914392,1.3445042054161114,1.1997835442861526,1.2311598,1.2749219689191862
229,78,1.0,1.1973775477574842,1.2981207277584144,1.199540843767034,1.1932194,1.2223191561217712
229,79,1.0,1.1683594761529157,1.138509043664482,1.2004967316961555,1.1721265,1.1694021770936316
229,80,1.0,1.1684183016988066,1.2969345303172257,1.1995414869196266,1.1790755,1.2110636483717587
229,81,2.0,1.7009979723964577,1.594453453634612,1.2001025476161822,1.7277116,1.5619530261078838
229,82,1.0,1.6337910112567657,1.658752056242704,1.199871079499678,1.6168957,1.532744901867691
229,83,1.0,1.2118866021983823,1.1365854802463382,1.2004950733920274,1.2008309,1.1872908988716633
229,84,1.0,1.169986061948568,1.344728621148228,1.1997835076228134,1.1930181,1.2271880941951343
229,85,1.0,1.1896914697166563,1.1133957385092912,1.199763801416547,1.2185128,1.1801663347303828
229,86,1.0,1.1995688774783066,1.1373869650038984,1.2004957330112556,1.183132,1.1798381103527338
229,87,1.0,1.5592373332112717,1.6594573628293565,1.199870360511831,1.5205693,1.4893550282750523
229,88,1.0,1.2183604884899963,1.1126904319226387,1.1997680466174006,1.20506,1.1837941203964797
229,89,1.0,1.7622703789021237,1.593395493754633,1.2001137449238828,1.8000718,1.595749447298767
229,90,1.0,1.149062960187214,1.2977360150747854,1.1995410371126474,1.171293,1.2043725578775386
229,91,1.0,1.6258764365241105,1.5939405033897738,1.200107970672896,1.5973891,1.5093947786631672
229,92,1.0,1.1627600006002314,1.2960368673887586,1.1995420661528373,1.1635165,1.2054148469602053
229,93,1.0,1.1678564916796892,1.1142613420474559,1.199758590387938,1.1573049,1.1591626514120168
229,94,1.0,1.7369860103277677,1.595832007417615,1.2000880288207505,1.7737604,1.5832142372718627
229,95,2.0,1.1687790490511845,1.1141651638765488,1.1997591694395402,1.1573049,1.15937191385631
229,96,1.0,1.1678564916796892,1.1142613420474559,1.199758590387938,1.1573049,1.1591626514120168
229,97,1.0,1.1732814785982957,1.1368419553687579,1.200495279609114,1.197013,1.176607336241188
229,98,1.0,1.231142450789751,1.297351302391157,1.199541245091485,1.1723871,1.2253270183306193
229,99,4.0,1.6021928508630128,1.659489422219659,1.1998703286509278,1.5186424,1.499739379213533
229,100,3.0,1.6788462459049018,1.5935237313158428,1.20011238515351,1.6911229,1.5467316951118004
229,101,2.0,1.6549555417396147,1.6589123531942158,1.1998709130955858,1.6244049,1.5400670074352232
229,102,1.0,1.6328647218081103,1.6587199968524013,1.19987111299929,1.6168957,1.532502388402354
229,103,3.0,1.133596427870219,1.1379319746390388,1.2004962071114282,1.1472574,1.1540815115893461
229,104,2.0,1.171143080998985,1.137162549271781,1.2004955438138645,1.1749771,1.1704965640697185
229,105,1.0,1.133596427870219,1.1379319746390388,1.2004962071114282,1.1472574,1.1540815115893461
229,106,2.0,1.5592373332112717,1.6594573628293565,1.199870360511831,1.5205693,1.4893550282750523
229,107,1.0,1.7009979723964577,1.594453453634612,1.2001025476161822,1.7277116,1.5619530261078838
229,108,1.0,1.1624957453742188,1.1136842730220131,1.1997620645210303,1.1740649,1.1619587247837222
229,109,1.0,1.6356221049707276,1.6592329470972396,1.199870585585295,1.6350033,1.537973329466443
229,110,1.0,1.192919065672242,1.1128827882644532,1.1997668889159245,1.20506,1.1774042729525176
229,111,1.0,1.2068359721553952,1.1362969457336167,1.2004948468648184,1.2033799,1.1865933313759018
229,112,1.0,1.162033494524414,1.2956200953148276,1.1995423621833885,1.1381602,1.1986233265996742
229,113,1.0,1.6112929958947833,1.660226788196614,1.1998696151401733,1.6716883,1.5414751771328659
229,114,1.0,1.175173417658733,1.1117607096038693,1.199773641219332,1.1738204,1.1646202229195097
229,115,1.0,1.2122133132102533,1.2955559765342228,1.1995424092530504,1.1946213,1.2257843573923077
229,116,1.0,1.6464311335412385,1.5938122658285643,1.2001093281874209,1.6307818,1.523127327742583
229,117,1.0,1.1552086809251816,1.2970948272687377,1.199541391874867,1.1669071,1.204640918919647
229,118,2.0,1.7009979723964577,1.594453453634612,1.2001025476161822,1.7277116,1.5619530261078838
229,119,1.0,1.6865421200232538,1.5933313749740283,1.2001144250761036,1.7478876,1.5631875598339626
229,120,1.0,1.1813573295378976,1.1369701929299671,1.2004953844307473,1.202808,1.1801695351978725
229,121,1.0,1.2159856587045261,1.111343937529938,1.1997761485892184,1.284641,1.2032617576606386
229,122,1.0,1.1851066944452175,1.1371946086620843,1.2004955706269376,1.1749771,1.1740383396806686
229,123,1.0,1.1957860452055677,1.3423882856561535,1.199784005711363,1.271662,1.2532920639677696
229,124,1.0,1.1477638417781029,1.1378357964681318,1.2004961219407138,1.1383672,1.155362594433757
229,125,1.0,1.189290764715959,1.3438630176100634,1.1997836620409938,1.2073308,1.2355246663087316
229,126,1.0,1.163068009088641,1.1121133628971955,1.1997715193271412,1.1510646,1.15581016232932
229,127,2.0,1.2540441200320567,1.3434783049264345,1.1997837419199187,1.2156147,1.2539382053689616
229,128,1.0,1.2264499550613925,1.111600412652357,1.1997746056376812,1.1906548,1.1818729423872005
229,129,1.0,1.6245668397826574,1.6615091638087098,1.1998684631635348,1.746073,1.5642334426017865
229,130,1.0,1.2042303542734463,1.343574483097342,1.1997837212982403,1.185923,1.2337425649862404
229,131,1.0,1.2211442325566582,1.2949789075087796,1.1995428511866086,1.2127473,1.232546651191344
229,132,1.0,1.1893684263121547,1.1122095410681025,1.1997709405824712,1.2217907,1.180626673255164
229,133,1.0,1.2012439679184232,1.1354954609760568,1.2004942479233283,1.1898227,1.1814987114344722
229,134,2.0,1.6857301577893467,1.5954472947339864,1.2000920724037833,1.7339035,1.5599262101085438
229,135,1.0,1.6717357395631567,1.5947099287570312,1.2000998403078065,1.6893388,1.5447720051181546
229,136,1.0,1.2321065762213887,1.3433821267555275,1.1997837629643524,1.1943103,1.242899105733655
229,137,1.0,1.2196572391367408,1.1345336792669853,1.20049358790296,1.2092868,1.1909061518782813
229,138,1.0,1.174838548323692,1.2971589460493425,1.1995413545723521,1.1723871,1.211030003075396
229,139,1.0,1.6569723758683623,1.5948702257085432,1.200098149663453,1.6283349,1.525432529641264
229,140,1.0,1.1983047063130448,1.136649599026943,1.2004951245156894,1.2008309,1.183870078888893
229,141,1.0,1.6422989425830403,1.5930107810710044,1.2001178284493685,1.6163131,1.5181705515878223
229,142,1.0,1.2264499550613925,1.111600412652357,1.1997746056376812,1.1906548,1.1818729423872005
229,143,2.0,1.2558671257679377,1.1345016198766826,1.200493567002418,1.2092868,1.200061370630066
229,144,1.0,1.2879614937052815,1.1355595797566616,1.2004942942015104,1.1898227,1.2034598359255568
229,145,1.0,1.652319432937836,1.6583352841687726,1.1998715204081665,1.6742713,1.552041569969274
229,146,1.0,1.174838548323692,1.2971589460493425,1.1995413545723521,1.1723871,1.211030003075396
229,147,2.0,1.616689144245094,1.5952549383921721,1.2000940965759448,1.5530947,1.4960404871293835
229,148,1.0,1.640390420612394,1.6588802938039136,1.199870946234242,1.611882,1.5331617080355806
229,149,1.0,1.1641984339211935,1.2957803922663396,1.1995422462877274,1.1717614,1.2078282642806073
229,150,2.0,1.6787549334372809,1.5934916719255403,1.2001127250213826,1.6414815,1.5339707315245577
229,151,1.0,1.6505043980502299,1.6592008877069373,1.199870618013801,1.6350033,1.541731363062393
229,152,2.0,1.2159856587045261,1.111343937529938,1.1997761485892184,1.284641,1.2032617576606386
229,153,1.0,1.4643535331298798,1.109805086795423,1.1997854030572752,1.3137271,1.2731856525549154
229,154,1.0,1.682278294971463,1.5950625820503577,1.2000961223292193,1.6960963,1.5492611387666702
229,155,1.0,1.2429625245962421,1.3412982663858721,1.1997843246849293,1.3228239,1.2780746164185928
229,156,1.0,1.1307483685152833,1.1340207290221471,1.200493262009681,1.1305165,1.148077296124244
229,157,2.0,1.686558526761332,1.6583032247784704,1.199871554822151,1.6742713,1.5606980696085875
229,158,1.0,1.7159816199134905,1.656988789776072,1.1998730264770059,1.6478754,1.5610427923546637
229,159,1.0,1.1609436679079268,1.111664531432962,1.1997742198803178,1.1738204,1.160995016148003
229,160,1.0,1.1789810693982141,1.2948827293378724,1.1995429280450483,1.1969984,1.2178138451085
229,161,1.0,1.2196572391367408,1.1345336792669853,1.20049358790296,1.2092868,1.1909061518782813
229,162,1.0,1.3062068070979709,1.1102539182596565,1.1997827044460945,1.3040304,1.2307911224874517
229,163,2.0,1.1361046300187183,1.1313277402367456,1.2004918478067783,1.1379697,1.1506622152880184
229,164,1.0,1.1888983178307395,1.1334116006064012,1.2004928985596368,1.1556079,1.1690729409775114
229,165,1.0,1.5055151383378003,1.3397273562610548,1.1997848809205798,1.4675099,1.3812219005763402
229,166,3.0,1.6533352261091963,1.6565078989215363,1.199873594542556,1.5107803,1.5099117260938955
229,167,2.0,1.6448954341085347,1.5941649191218905,1.200105596714778,1.6336982,1.5235749473115472
229,168,1.0,1.8053115137083255,1.5923695932649564,1.2001246482406087,1.6075764,1.557021735402306
229,169,1.0,1.1282871985376508,1.1325459970682368,1.2004924259563066,1.1340625,1.1479903999020098
229,170,2.0,1.159803002799498,1.2958765704372466,1.1995421779774313,1.1665279,1.205398213470138
229,171,1.0,1.209880134199074,1.2947544917766627,1.1995430319546225,1.1596085,1.216012696130627
229,172,2.0,1.4318809812959075,1.3406891379701267,1.1997845268693648,1.3965317,1.3446298679876407
229,173,1.0,1.2716484935996184,1.1088112456960488,1.1997913765572903,1.3433998,1.23177842514291
229,174,1.0,1.5482818879776317,1.5932993155837258,1.200114765218322,1.5544634,1.4785902244277818
229,175,1.0,1.652324723826045,1.1092600771602825,1.1997886792021617,1.3433998,1.3282259538793313
237,1,1.0,1.1529475192655811,1.297768074465088,1.1995410204377885,1.171293,1.2053637001815656
237,2,3.0,1.7622703789021237,1.593395493754633,1.2001137449238828,1.8000718,1.595749447298767
237,3,2.0,1.6444109324114993,1.5953190571727767,1.2000934216764867,1.6254233,1.5216195308412508
237,4,1.0,1.6515503333084272,1.65990619429359,1.1998699207748802,1.626861,1.5400863892996361
237,5,1.0,1.2321396813507504,1.343029473462201,1.1997838438407216,1.2541498,1.2581632369031865
237,6,1.0,1.6788340554412886,1.5963449576624533,1.200082647242252,1.6928794,1.547885925916702
237,7,1.0,1.2231842482625188,1.3455301059057883,1.199783395983039,1.2265123,1.249442436833785
237,8,1.0,1.1970008673086914,1.1135560354608032,1.1997628364878061,1.206647,1.1790136121614947
237,9,1.0,1.6758867066858274,1.5957037698564054,1.200089375977113,1.6813956,1.544034545422907
237,10,1.0,1.1810844562299716,1.2982810247099261,1.1995407675284702,1.1932194,1.2182365450408323
237,11,1.0,1.7445512054835501,1.5935878500964475,1.2001117055128943,1.7806064,1.586321945747485
237,12,1.0,1.155678067114136,1.296806292756016,1.1995415647802636,1.176445,1.2071326032116598
237,13,1.0,1.1743545571343774,1.1376434401263178,1.200495953536251,1.1673003,1.1694624657442718
237,14,1.0,1.1529475192655811,1.297768074465088,1.1995410204377885,1.171293,1.2053637001815656
237,15,1.0,1.1916369398923317,1.137451083784503,1.2004957877124913,1.183132,1.1778470794668892
237,16,1.0,1.2228114152873832,1.344311849074297,1.1997835775924242,1.1937002,1.2406256271199103
237,17,1.0,1.7052251320842695,1.5929146029000971,1.2001188503136524,1.6580455,1.544772352013882
237,18,1.0,1.2259241973930697,1.343253889194318,1.1997837917019263,1.2591685,1.2579340978962414
237,19,1.0,1.7622703789021237,1.593395493754633,1.2001137449238828,1.8000718,1.595749447298767
237,20,1.0,1.1711023091270283,1.296485698852992,1.199541766569258,1.1644905,1.207889220423443
237,21,1.0,1.2147293457014683,1.3446645023676234,1.1997835178574963,1.1930181,1.2384946836121296
237,22,1.0,1.1984330966887142,1.2961009861693635,1.1995420221336721,1.1635165,1.2144585580916083
237,23,1.0,1.6975778933737933,1.659649719171171,1.1998701703641468,1.7684348,1.58797395179716
237,24,1.0,1.208243358902439,1.3458827591991143,1.1997833564350124,1.2058796,1.2404597180127381
237,25,2.0,1.6816285979615382,1.594357275463705,1.2001035636019515,1.6980873,1.5494305794538814
237,26,1.0,1.7256665821952242,1.5937481470479595,1.2001100072021729,1.765352,1.5776713685684784
237,27,1.0,1.1805760228231228,1.1140048669250369,1.1997601344988384,1.1769835,1.1673632486619916
237,28,1.0,1.2052291474555978,1.3441515521227851,1.1997836066682077,1.1971539,1.2370213352206834
237,29,2.0,1.1644433865670578,1.137611380736015,1.2004959257203662,1.1765636,1.169321632027616
237,30,1.0,1.1873274354001366,1.1353992828051496,1.200494179042209,1.1898227,1.1779526142063113
237,31,1.0,1.1587534345481978,1.1138445699735249,1.1997610995253256,1.1672432,1.1593027180930102
237,32,1.0,1.6549555417396147,1.6589123531942158,1.1998709130955858,1.6244049,1.5400670074352232
237,33,1.0,1.2361447141868245,1.3430615328525035,1.1997838362435718,1.2541498,1.2591848686607257
237,34,3.0,1.7369860103277677,1.595832007417615,1.2000880288207505,1.7737604,1.5832142372718627
237,35,2.0,1.63798547655001,1.659970313074195,1.199869859089585,1.6244261,1.5360454660261045
237,36,1.0,1.6340731500529824,1.5940046221703785,1.2001072921860267,1.6769178,1.5318791155468103
237,37,1.0,1.1706692626466364,1.1121774816778003,1.1997711334977776,1.1510646,1.157749883137852
237,38,1.0,1.6030118493518952,1.5931069592419114,1.2001168069794945,1.6457299,1.5157960923431038
237,39,1.0,1.1694663484998138,1.3449530368803448,1.199783473324229,1.186647,1.2254795941855772
237,40,1.0,1.2112550331461052,1.1130751446062674,1.1997657311517644,1.1982279,1.180340818689452
237,41,1.0,1.2122610511352567,1.3438309582197612,1.1997836684309084,1.2073308,1.2413294553457916
237,42,1.0,1.1589307201610433,1.2965177582432945,1.1995417459361912,1.1644905,1.2048171651130728
237,43,5.0,1.651591532856273,1.5928504841194924,1.200119531769465,1.6580455,1.5311836761576743
237,44,4.0,1.631898168725638,1.5952228790018697,1.2000944340906046,1.5530947,1.49988127638027
237,45,3.0,1.6531502643013911,1.659329125268147,1.1998704887032636,1.6188318,1.5382863885235167
237,46,2.0,1.6989181501538004,1.5945496318055195,1.2001015320627781,1.6955403,1.5532009514836351
237,47,1.0,1.663512919964638,1.5949984632697527,1.2000967979296713,1.6930268,1.5437091358839163
237,48,1.0,1.1587534345481978,1.1138445699735249,1.1997610995253256,1.1672432,1.1593027180930102
237,49,10.0,1.6439807651576759,1.6578864527045392,1.199872008592241,1.6860936,1.5528495473276143
237,50,9.0,1.6497814421376986,1.5950305226600552,1.2000964601105981,1.5927073,1.5145167433831432
237,51,8.0,1.6443503518292182,1.594196978512193,1.2001052577588711,1.6076175,1.5167570117934839
237,52,7.0,1.6787549334372809,1.5934916719255403,1.2001127250213826,1.6414815,1.5339707315245577
237,53,6.0,1.7160649934189822,1.593555790706145,1.2001120453096752,1.6911229,1.5561583682282825
237,54,5.0,1.5234159559804399,1.5969861454685013,1.200075936183633,1.440125,1.4439009060804837
237,55,4.0,1.6112929958947833,1.660226788196614,1.1998696151401733,1.6716883,1.5414751771328659
237,56,3.0,1.734817574003084,1.657790274533632,1.1998721149969749,1.6656135,1.5705607291307524
237,57,2.0,1.6448954341085347,1.5941649191218905,1.200105596714778,1.6336982,1.5235749473115472
237,58,1.0,1.6612436734990461,1.6603550257578235,1.1998694948635065,1.6706413,1.5538797165888822
237,59,2.0,1.2218801318147556,1.3435424237070395,1.1997837281224488,1.185923,1.2382009369209799
237,60,1.0,1.1265059058019975,1.3433180079749227,1.1997837772408781,1.1943103,1.2161593942859428
237,61,6.0,1.6122336189381579,1.6605153227093354,1.1998693460953958,1.6255159,1.529945911925528
237,62,5.0,1.6405668764300332,1.5949022850988457,1.200097811659454,1.6283349,1.5212889582460065
237,63,4.0,1.6250675885155377,1.660451203928731,1.1998694054005503,1.5995178,1.5265106474769954
237,64,3.0,1.6340731500529824,1.5940046221703785,1.2001072921860267,1.6769178,1.5318791155468103
237,65,2.0,1.6966937216130047,1.6601306100257067,1.199869706100577,1.7618678,1.5861877765676282
237,66,1.0,1.6457733948463156,1.5960564231497318,1.200085672989273,1.729672,1.5488821776224515
237,67,1.0,1.169986061948568,1.344728621148228,1.1997835076228134,1.1930181,1.2271880941951343
237,68,2.0,1.6161003377410201,1.658848234413611,1.1998709794446916,1.611882,1.5270067124119815
237,69,1.0,1.745881128257239,1.6581749872172606,1.199871693175153,1.8031545,1.608728199761553
237,70,1.0,1.1164019112625763,1.296133045559666,1.1995420002779371,1.1635165,1.1937077118346147
237,71,1.0,1.63798547655001,1.659970313074195,1.199869859089585,1.6244261,1.5360454660261045
237,72,1.0,1.1669269759977592,1.114101045095944,1.199759555467417,1.1717896,1.162601503136525
237,73,2.0,1.7009979723964577,1.594453453634612,1.2001025476161822,1.7277116,1.5619530261078838
237,74,1.0,1.6356221049707276,1.6592329470972396,1.199870585585295,1.6350033,1.537973329466443
237,75,1.0,1.1952539399627697,1.3442797896839946,1.1997835833102033,1.1937002,1.233643772966708
237,76,1.0,1.1574683578719227,1.29632540190148,1.1995418712736134,1.1644905,1.2043984489063067
237,77,1.0,1.1860340430832692,1.1126583725323362,1.19976823956202,1.20506,1.1756054668574634
237,78,1.0,1.1646061177235811,1.2966780551948065,1.1995416442783233,1.1607699,1.205339870204891
237,79,2.0,1.6717357395631567,1.5947099287570312,1.2000998403078065,1.6893388,1.5447720051181546
237,80,1.0,1.6125187227823958,1.5941008003412858,1.2001062747702174,1.5391598,1.4911225187977402
237,81,1.0,1.1834868935540706,1.3446965617579258,1.1997835127151613,1.1930181,1.2305965262635223
237,82,1.0,1.1954458379948727,1.2955239171439203,1.1995424329383726,1.1946213,1.221533043648944
237,83,1.0,1.2472487134802384,1.3434462455361322,1.1997837488845537,1.2156147,1.2522104366486433
237,84,1.0,1.2245064586242262,1.1364251832948264,1.2004949468289943,1.2008309,1.1904439065529626
237,85,2.0,1.2259241973930697,1.343253889194318,1.1997837917019263,1.2591685,1.2579340978962414
237,86,1.0,1.2634555196231645,1.1110233436269141,1.1997780770749096,1.270983,1.2116914921266946
237,87,1.0,1.1587534345481978,1.1138445699735249,1.1997610995253256,1.1672432,1.1593027180930102
237,88,2.0,1.2033096359342481,1.3439591957809707,1.199783643151095,1.2014924,1.2375994614356312
237,89,1.0,1.1962294905989044,1.1133316197286864,1.1997641873736822,1.2022048,1.1776228017854602
237,90,1.0,1.2470615137392551,1.136553420856036,1.2004950479389969,1.2008309,1.1961842039509119
237,91,1.0,1.6145848027634342,1.5931710780225163,1.2001161262208184,1.5964175,1.5060953751629007
237,92,1.0,1.198307683516649,1.342837117120387,1.1997838903905258,1.2583008,1.2506174652217883
237,93,1.0,1.6356920304375568,1.6583994029493776,1.1998714518039366,1.5660717,1.520103760205458
237,94,1.0,1.165946396196448,1.137354905613596,1.2004957057700045,1.183132,1.1713214274460224
237,95,1.0,1.6865421200232538,1.5933313749740283,1.2001144250761036,1.7478876,1.5631875598339626
237,96,1.0,1.2842502239867057,1.134693976218497,1.2004936934665673,1.2092868,1.2072927547549175
237,97,1.0,1.296830874122851,1.343157711023411,1.1997838137589942,1.2591685,1.2758535307243029
237,98,1.0,1.2552953723781768,1.2951071450699891,1.199542750131107,1.2041365,1.23901331222664
237,99,1.0,1.7566611343214578,1.5936199094867498,1.2001113657679758,1.7806064,1.5893945376803496
237,100,1.0,1.139705767220804,1.296068926779061,1.1995420440915832,1.1635165,1.1995888104387902
237,101,1.0,1.4002041141168018,1.341971513582222,1.1997841211664326,1.3533503,1.3258648274006617
237,102,1.0,1.6298374354368372,1.6586238186814943,1.199871213896625,1.5996827,1.5272979610357396
237,103,2.0,1.2118866021983823,1.1365854802463382,1.2004950733920274,1.2008309,1.1872908988716633
237,104,1.0,1.1667394750908362,1.1369060741493624,1.2004953318783043,1.202808,1.1764540771079368
237,105,3.0,1.5970282593915344,1.593235196803121,1.20011544562649,1.5964175,1.5016685502533036
237,106,2.0,1.6030118493518952,1.5931069592419114,1.2001168069794945,1.6457299,1.5157960923431038
237,107,1.0,1.6329220546969427,1.6582391059978656,1.1998716238562734,1.6742713,1.5471085213336213
237,108,2.0,1.162513493553428,1.295748332876037,1.1995422692668607,1.1748031,1.2081737789836138
237,109,1.0,1.1164019112625763,1.296133045559666,1.1995420002779371,1.1635165,1.1937077118346147
237,110,2.0,1.2913375804540907,1.3429653546815965,1.199783859164586,1.2583008,1.274192216912676
237,111,1.0,1.2472487134802384,1.3434462455361322,1.1997837488845537,1.2156147,1.2522104366486433
237,112,1.0,1.6686669780596843,1.5936840282673546,1.200110686401031,1.5600686,1.5105888377306733
237,113,1.0,1.1506849951962286,1.1118568877747763,1.1997730625496767,1.1643181,1.1560106145840334
237,114,1.0,1.1419253729924201,1.343350067365225,1.1997837700759648,1.1943103,1.2200695827029175
237,115,1.0,1.1697683481413017,1.1372587274426889,1.2004956244685052,1.1687737,1.1685822415892242
237,116,1.0,1.7445512054835501,1.5935878500964475,1.2001117055128943,1.7806064,1.586321945747485
237,117,1.0,1.1877907988023928,1.135751936098476,1.2004944347394817,1.192668,1.17888879797635
237,118,4.0,1.174346032473109,1.295844511046944,1.1995422006426717,1.1717614,1.2104124483436847
237,119,3.0,1.1707888739857695,1.2959406892178515,1.199542132942508,1.1635165,1.207422324429588
237,120,2.0,1.2552953723781768,1.2951071450699891,1.199542750131107,1.2041365,1.23901331222664
237,121,1.0,1.1507993378106427,1.2961971643402705,1.1995419568733328,1.1635165,1.2024285999653084
237,122,1.0,1.73757085003031,1.5945816911958217,1.2001011936136214,1.8723685,1.60833560118362
237,123,4.0,1.1895910080043797,1.34421567090339,1.1997835948957494,1.1971539,1.2330801437403456
237,124,3.0,1.296830874122851,1.343157711023411,1.1997838137589942,1.2591685,1.2758535307243029
237,125,2.0,1.2009979889429132,1.3440233145615754,1.1997836307964425,1.1971539,1.2359181446175853
237,126,1.0,1.2575446067932698,1.3431897704137132,1.199783806357573,1.2591685,1.2659197910167623
237,127,3.0,1.6680076424450876,1.5928825435097949,1.200119191017975,1.6580455,1.5353459974217185
237,128,2.0,1.631787136432771,1.6587841156330063,1.1998710460821231,1.6168957,1.5322459028991107
237,129,1.0,1.6354951905133106,1.5939084439994715,1.2001083099950105,1.5973891,1.5118208847959822
237,130,1.0,1.2042303542734463,1.343574483097342,1.1997837212982403,1.185923,1.2337425649862404
237,131,1.0,1.6377386651955823,1.6591047095360303,1.1998707157394775,1.6143008,1.5331676622516206
237,132,1.0,1.1258186866073203,1.1342130853639614,1.2004933820933146,1.147496,1.1512326379151683
237,133,2.0,1.6632444214747806,1.5927863653388876,1.2001202133955327,1.6661373,1.5361915286986396
237,134,1.0,1.7790715325271058,1.5933634343643308,1.2001140849812464,1.7478876,1.586611245713172
237,135,1.0,1.1490684208386956,1.1139086887541296,1.1997607135214599,1.1672432,1.156867946081218
237,136,1.0,1.663181506159617,1.5949664038794504,1.2000971357858055,1.6930268,1.543617234947416
237,137,1.0,1.197489994820806,1.1360404706111975,1.2004946503561782,1.2081482,1.1853860607294702
237,138,2.0,1.6505043980502299,1.6592008877069373,1.199870618013801,1.6350033,1.541731363062393
237,139,1.0,1.616689144245094,1.5952549383921721,1.2000940965759448,1.5530947,1.4960404871293835
237,140,1.0,1.2281965913811832,1.2951392044602916,1.1995427251185389,1.2041365,1.232163754768826
237,141,1.0,1.5034077958127048,1.5926581277776781,1.2001215771775453,1.5261294,1.4598078003622452
237,142,2.0,1.1936078998227584,1.295427738973013,1.1995425046113317,1.1824814,1.2179304890361031
237,143,1.0,1.2552953723781768,1.2951071450699891,1.199542750131107,1.2041365,1.23901331222664
237,144,1.0,1.6515503333084272,1.65990619429359,1.1998699207748802,1.626861,1.5400863892996361
237,145,1.0,1.2053885306355563,1.1359442924402903,1.2004945778430856,1.192668,1.1833908225266097
237,146,1.0,1.142190933438374,1.2956521547051298,1.199542338797665,1.1381602,1.1936100411251997
237,147,1.0,1.7160649934189822,1.593555790706145,1.2001120453096752,1.6911229,1.5561583682282825
237,148,1.0,1.2842502239867057,1.134693976218497,1.2004936934665673,1.2092868,1.2072927547549175
237,149,2.0,1.1481368016772706,1.1119851253359858,1.199772290952118,1.169864,1.1568202297498364
237,150,1.0,1.2106734482107313,1.343702720658552,1.1997836944817406,1.2029234,1.2397650246875276
237,151,1.0,1.2835557621661156,1.1107027497238904,1.1997800053214955,1.2906264,1.221734700101666
237,152,2.0,1.1822907911477267,1.1348863325603116,1.2004938224852166,1.2090888,1.1814886493317198
237,153,1.0,1.1822907911477267,1.1348863325603116,1.2004938224852166,1.2090888,1.1814886493317198
237,154,1.0,1.6660884168575807,1.6603229663675212,1.1998695248261628,1.6706413,1.5550976298561552
237,155,1.0,1.259195059940603,1.1105745121626804,1.1997807765498842,1.2906264,1.215537669642509
237,156,4.0,1.1789810693982141,1.2948827293378724,1.1995429280450483,1.1969984,1.2178138451085
237,157,3.0,1.1723123013132706,1.296549817633597,1.1995417253966993,1.1644905,1.2082116393787046
237,158,2.0,1.174281945932918,1.295588035924525,1.1995423856716452,1.1946213,1.2161934872003668
237,159,1.0,1.2022673449826848,1.2953956795827108,1.1995425287070083,1.172182,1.2174726145503878
237,160,1.0,1.1822907911477267,1.1348863325603116,1.2004938224852166,1.2090888,1.1814886493317198
237,161,1.0,1.658784951436223,1.5957358292467079,1.2000890391085657,1.6813956,1.5397147785939485
237,162,1.0,1.2386088487043336,1.11150423448145,1.1997751842614515,1.1906548,1.184925691476932
237,163,1.0,1.1861674212432265,1.2973192430008544,1.1995412630891276,1.1723871,1.2139374506098553
237,164,1.0,1.1874386316075496,1.1352069264633355,1.2004940432021445,1.1867164,1.1771354869551918
237,165,1.0,1.1916994481610959,1.3428050577300845,1.199783898316932,1.2598268,1.2493283670903716
237,166,1.0,1.1816048246397715,1.1116965908232643,1.1997740269946056,1.1738204,1.166231631514723
237,167,1.0,1.1669319672187966,1.2952674420215011,1.1995426261035276,1.1671798,1.2072154319102273
237,168,1.0,1.3313444720172358,1.110446274601471,1.1997815477440608,1.2906264,1.2337636561037273
237,169,1.0,1.2835557621661156,1.1107027497238904,1.1997800053214955,1.2906264,1.221734700101666
237,170,1.0,1.5813197765184694,1.5929787216807019,1.200118169024351,1.6163131,1.5027310259125346
237,171,2.0,1.2456119338237572,1.1111515811881238,1.199777305708419,1.270983,1.207208232219336
237,172,1.0,1.1860340430832692,1.1126583725323362,1.19976823956202,1.20506,1.1756054668574634
237,173,1.0,1.2131618005742089,1.2940171257997077,1.199543660999517,1.1666394,1.2184596914632813
237,174,1.0,1.7011176011481433,1.6569567303857697,1.1998730638457575,1.6478754,1.557273173851219
237,175,1.0,1.29682333414994,1.110766868504495,1.1997796196899106,1.3334317,1.236085170510763
237,176,1.0,1.6505043980502299,1.6592008877069373,1.199870618013801,1.6350033,1.541731363062393
237,177,3.0,1.209880134199074,1.2947544917766627,1.1995430319546225,1.1596085,1.216012696130627
237,178,2.0,1.2282871878862807,1.2945300760445462,1.1995432176971514,1.1768159,1.225026661590726
237,179,1.0,1.209880134199074,1.2947544917766627,1.1995430319546225,1.1596085,1.216012696130627
237,180,2.0,1.6950189614820657,1.5943252160734025,1.200103902334295,1.7501124,1.5661522345205843
237,181,1.0,1.9150425732891432,1.5921772369231422,1.2001266975604337,1.7873827,1.6308510883316627
237,182,1.0,1.1999546573854065,1.134822213779707,1.200493779194625,1.2090888,1.1859424616721914
237,183,1.0,1.2824332473701583,1.110285977649959,1.1997825116701752,1.3040304,1.224783011457996
237,184,2.0,1.0851126876794703,1.133892491460937,1.200493183371597,1.1305165,1.136496180882263
237,185,1.0,1.1342692155065577,1.1328986503615632,1.2004926122900705,1.1340625,1.1495935067896845
237,186,5.0,1.663512919964638,1.5949984632697527,1.2000967979296713,1.6930268,1.5437091358839163
237,187,4.0,1.6422989425830403,1.5930107810710044,1.2001178284493685,1.6163131,1.5181705515878223
237,188,3.0,1.640390420612394,1.6588802938039136,1.199870946234242,1.611882,1.5331617080355806
237,189,2.0,1.66610719329884,1.593074899851609,1.2001171474311862,1.6457299,1.531755077357527
237,190,1.0,1.640390420612394,1.6588802938039136,1.199870946234242,1.611882,1.5331617080355806
237,191,2.0,1.4882556574851291,1.1096768492342137,1.199786173990719,1.3137271,1.2792020966353297
237,192,1.0,1.428454693136017,1.3414265039470816,1.1997842843007305,1.3642677,1.3356757157459562
237,193,1.0,1.1481172887954647,1.1308789087725122,1.200491660372788,1.1450584,1.1554063256355396
237,194,2.0,1.142879503758128,1.296229223730573,1.1995419353229304,1.1635165,1.200432500910479
237,195,1.0,1.2552953723781768,1.2951071450699891,1.199542750131107,1.2041365,1.23901331222664
237,196,1.0,1.1451265240133273,1.13299482853247,1.2004926645877858,1.1340625,1.1523654275454898
237,197,1.0,1.4108997234782774,1.3406570785798237,1.199784537987985,1.3965317,1.3393122041260201
237,198,1.0,1.0917055505049802,1.2946583136057557,1.1995431109405124,1.1596085,1.1860829107390454
237,199,1.0,1.66610719329884,1.593074899851609,1.2001171474311862,1.6457299,1.531755077357527
237,200,1.0,1.4129484817466613,1.3405288410186145,1.1997845829219527,1.3965317,1.3397982250965983
237,201,5.0,1.6950189614820657,1.5943252160734025,1.200103902334295,1.7501124,1.5661522345205843
237,202,4.0,1.5458112780531648,1.5936519688770523,1.2001110260646615,1.5600686,1.47949072883069
237,203,3.0,1.749660213480817,1.6581429278269584,1.199871727929713,1.8031545,1.6096764368705319
237,204,2.0,1.6383099851293503,1.5939725627800763,1.200107631407657,1.6147628,1.5170045050702918
237,205,1.0,1.6776247368823598,1.6580146902657487,1.1998718676982636,1.6860936,1.5613959677356846
237,206,1.0,1.2863046187191762,1.3430935922428062,1.1997838287000102,1.2541498,1.2718865323211366
238,1,1.0,1.1624974313169414,1.2964536394626898,1.199541787306144,1.1644905,1.2057035470379514
238,2,1.0,1.6340731500529824,1.5940046221703785,1.2001072921860267,1.6769178,1.5318791155468103
238,3,1.0,1.2612415146942588,1.110927165456007,1.1997786555742451,1.3334317,1.2271211096646362
238,4,1.0,1.1956231773433048,1.113363679118989,1.1997639943941143,1.2022048,1.1774774342850347
238,5,1.0,1.1711023091270283,1.296485698852992,1.199541766569258,1.1644905,1.207889220423443
238,6,1.0,1.5034077958127048,1.5926581277776781,1.2001215771775453,1.5261294,1.4598078003622452
238,7,1.0,1.2183676500600997,1.135014570121521,1.2004939099197791,1.2090888,1.1906507946059854
238,8,1.0,1.2075821516746708,1.3437668394391564,1.1997836813584875,1.2029234,1.2389989587178976
238,9,1.0,1.191877538662653,1.135591639146964,1.2004943174453737,1.1898227,1.1791527821224301
238,10,1.0,1.162033494524414,1.2956200953148276,1.1995423621833885,1.1381602,1.1986233265996742
238,11,2.0,1.5970282593915344,1.593235196803121,1.20011544562649,1.5964175,1.5016685502533036
238,12,1.0,1.6383099851293503,1.5939725627800763,1.200107631407657,1.6147628,1.5170045050702918
238,13,1.0,1.1733275755381443,1.112466016190522,1.1997693971843126,1.1786145,1.1655599649133814
238,14,1.0,1.6164547964911384,1.659168828316635,1.1998706505165428,1.6350033,1.5331066065431087
238,15,1.0,1.1796985891714218,1.3450812744415543,1.1997834547846078,1.186647,1.2281014303760514
238,16,1.0,1.2763725516779911,1.1125942537517315,1.1997686254447875,1.2220389,1.2028045522465474
238,17,4.0,1.7127298904661634,1.660387085148126,1.1998694649694406,1.6706413,1.5669170138676938
238,18,3.0,1.7256665821952242,1.5937481470479595,1.2001100072021729,1.765352,1.5776713685684784
238,19,2.0,1.7596638755459244,1.595992304369127,1.2000863458668196,1.729672,1.577687433977528
238,20,1.0,1.6164547964911384,1.659168828316635,1.1998706505165428,1.6350033,1.5331066065431087
238,21,1.0,1.151753319470013,1.1370663711008742,1.2004954638015086,1.1749771,1.1655653993714266
238,22,1.0,1.6318114189284005,1.659425303439054,1.1998703924589302,1.5205693,1.507712646871817
238,23,1.0,1.2016850240352956,1.345369808954276,1.1997834158935388,1.1771342,1.2312989242328625
238,24,1.0,1.1886828618755136,1.2962612831208755,1.1995419138723007,1.1635165,1.2120316860762967
238,25,1.0,1.1582552313045216,1.1138125105832224,1.1997612925286305,1.1699439,1.1598611211055532
238,26,1.0,1.2470615137392551,1.136553420856036,1.2004950479389969,1.2008309,1.1961842039509119
238,27,1.0,1.1796985891714218,1.3450812744415543,1.1997834547846078,1.186647,1.2281014303760514
238,28,1.0,1.6176861899956732,1.6598741349032875,1.1998699517297846,1.626861,1.53150856479834
238,29,1.0,1.1684183016988066,1.2969345303172257,1.1995414869196266,1.1790755,1.2110636483717587
238,30,4.0,2.212714781822433,1.5920489993619324,1.2001280646449397,1.7873827,1.7061484063370393
238,31,3.0,1.6278234361455055,1.6591367689263326,1.1998706830952097,1.6143008,1.5306666024434286
238,32,2.0,1.640390420612394,1.6588802938039136,1.199870946234242,1.611882,1.5331617080355806
238,33,1.0,1.651591532856273,1.5928504841194924,1.200119531769465,1.6580455,1.5311836761576743
238,34,1.0,1.199533250460041,1.1131392633868722,1.1997653452171357,1.1982279,1.1773906184039795
238,35,1.0,1.782161449073157,1.5956075916854984,1.2000903868027868,1.7762643,1.5952322720427403
238,36,2.0,1.1739344927240871,1.113620154241408,1.1997624505064868,1.1740649,1.1648372996681418
238,37,1.0,1.1587534345481978,1.1138445699735249,1.1997610995253256,1.1672432,1.1593027180930102
238,38,1.0,1.6964860585091739,1.5943893348540072,1.2001032249003727,1.6980873,1.5531984667747167
238,39,1.0,1.2261684881283237,1.1367457771978502,1.2004952017403054,1.197013,1.1899666571049075
238,40,1.0,1.1678564916796892,1.1142613420474559,1.199758590387938,1.1573049,1.1591626514120168
238,41,1.0,1.1236508912719514,1.1377716776875269,1.2004960655201549,1.1673003,1.1566637867214593
238,42,1.0,1.1987028551503878,1.3457224622476023,1.1997833736856405,1.1772541,1.2306642404310213
238,43,3.0,1.7256824575030876,1.6602588475869164,1.1998695849703547,1.6716883,1.5704308785449532
238,44,2.0,1.661907239367197,1.5937802064382618,1.200109667673502,1.6767758,1.5388302428359375
238,45,1.0,1.663181506159617,1.5949664038794504,1.2000971357858055,1.6930268,1.543617234947416
238,46,1.0,1.2169193713636348,1.34341418614583,1.1997837559016948,1.2156147,1.2445271293855946
238,47,1.0,1.6826195659916972,1.5955114135145911,1.2000913980318473,1.7215296,1.5559819615676518
238,48,2.0,1.2472487134802384,1.3434462455361322,1.1997837488845537,1.2156147,1.2522104366486433
238,49,1.0,1.2122610511352567,1.3438309582197612,1.1997836684309084,1.2073308,1.2413294553457916
238,50,2.0,1.2879614937052815,1.1355595797566616,1.2004942942015104,1.1898227,1.2034598359255568
238,51,1.0,1.1858014706042777,1.1366816584172454,1.2004951501859578,1.2008309,1.1807141074728245
238,52,1.0,1.1642002232080095,1.2975757181232734,1.1995411219901746,1.1723871,1.2084432639082274
238,53,1.0,1.2073173309526057,1.1365213614657337,1.2004950225541482,1.2008309,1.186118353083686
238,54,1.0,1.162157091064761,1.1124339568002195,1.1997695901184449,1.1786145,1.1627250755420853
238,55,1.0,1.2090567702705097,1.1367137178075477,1.2004951759300158,1.2008309,1.1866072530618264
238,56,1.0,1.6329220546969427,1.6582391059978656,1.1998716238562734,1.6742713,1.5471085213336213
238,57,1.0,1.1767596706759436,1.1354634015857545,1.2004942248945158,1.1898227,1.175294554231757
238,58,2.0,1.6266778499042183,1.5947740475376362,1.200099163907706,1.5928975,1.5086546326115364
238,59,1.0,1.640390420612394,1.6588802938039136,1.199870946234242,1.611882,1.5331617080355806
238,60,1.0,1.1481368016772706,1.1119851253359858,1.199772290952118,1.169864,1.1568202297498364
238,61,2.0,1.669755088707564,1.6596176597808685,1.1998702018786747,1.6826407,1.558924258830367
238,62,1.0,1.670538944496338,1.594677869366729,1.2001001785789074,1.6463499,1.5334372005434815
238,63,2.0,1.1957860452055677,1.3423882856561535,1.199784005711363,1.271662,1.2532920639677696
238,64,1.0,1.3424523129066999,1.3417470978501056,1.1997841866740302,1.3604281,1.3130083019698895
238,65,1.0,1.6980069156075408,1.594517572415217,1.2001018705334519,1.6955403,1.5529623202505363
238,66,2.0,1.21764523345437,1.3436065424876444,1.1997837145220964,1.185923,1.2371454689767503
238,67,1.0,1.1506849951962286,1.1118568877747763,1.1997730625496767,1.1643181,1.1560106145840334
238,68,1.0,1.1740275123415784,1.1119530659456835,1.1997724838569888,1.169864,1.1633641106982389
238,69,3.0,1.686688819206026,1.593716087657657,1.2001103467835208,1.765352,1.567799555882409
238,70,2.0,1.6989181501538004,1.5945496318055195,1.2001015320627781,1.6955403,1.5532009514836351
238,71,1.0,1.6784924548505906,1.5946458099764265,1.2001005168715146,1.6990657,1.5489601112148832
238,72,2.0,1.2052291474555978,1.3441515521227851,1.1997836066682077,1.1971539,1.2370213352206834
238,73,1.0,1.1402614327319112,1.1115683532620548,1.1997747985154812,1.1906548,1.1600538582188997
238,74,1.0,1.661907239367197,1.5937802064382618,1.200109667673502,1.6767758,1.5388302428359375
238,75,2.0,1.2025855080384131,1.136232826953012,1.2004947973077282,1.2033799,1.185501463777041
238,76,1.0,1.1858014706042777,1.1366816584172454,1.2004951501859578,1.2008309,1.1807141074728245
238,77,1.0,1.6299492623952174,1.594132859731588,1.200105935721986,1.6336982,1.5197846106618178
238,78,2.0,1.2199116941894639,1.2972551242202495,1.1995412993690346,1.1723871,1.222460617457797
238,79,1.0,1.1592899551023834,1.296389520682085,1.199541829086723,1.1644905,1.2048756414540842
238,80,1.0,1.2012439679184232,1.1354954609760568,1.2004942479233283,1.1898227,1.1814987114344722
238,81,1.0,1.216841324116972,1.3443439084645994,1.1997835719189023,1.2004491,1.2408536176162994
238,82,1.0,1.1984330966887142,1.2961009861693635,1.1995420221336721,1.1635165,1.2144585580916083
238,83,1.0,1.5826559677715926,1.6606115008802427,1.1998692576988754,1.6050233,1.5172302147361272
238,84,1.0,1.1892105736111047,1.1149025298535038,1.199754729773843,1.2129347,1.1789934033169938
238,85,1.0,1.167345478598189,1.2963574612917825,1.1995418501286734,1.1644905,1.2069060781940681
238,86,1.0,1.2182880292396148,1.1364572426851287,1.2004949719996225,1.2008309,1.1888783790080637
238,87,2.0,1.6337910112567657,1.658752056242704,1.199871079499678,1.6168957,1.532744901867691
238,88,1.0,1.6231809632092604,1.6606756196608474,1.1998691991102322,1.6050233,1.5275017524733903
238,89,1.0,1.2182880292396148,1.1364572426851287,1.2004949719996225,1.2008309,1.1888783790080637
238,90,1.0,1.4346724178380799,1.3414585633373841,1.1997842743248557,1.3642677,1.3372572945803576
238,91,1.0,1.155678067114136,1.296806292756016,1.1995415647802636,1.176445,1.2071326032116598
238,92,1.0,1.6486995675776919,1.5949343444891482,1.2000974736995584,1.6406729,1.5265189678856756
238,93,1.0,1.425906330806738,1.3420035729725246,1.199784112000033,1.3533503,1.3323771857668605
238,94,1.0,1.197259424686416,1.113523976070501,1.1997630294787969,1.206647,1.1790709759589721
238,95,1.0,1.2456119338237572,1.1111515811881238,1.199777305708419,1.270983,1.207208232219336
238,96,2.0,1.2184337493932358,1.1362007675627095,1.2004947726362623,1.2033799,1.1895039283611908
238,97,1.0,1.1851792797756784,1.1380281528099463,1.2004962929269214,1.1472574,1.167159516957264
238,98,1.0,1.425906330806738,1.3420035729725246,1.199784112000033,1.3533503,1.3323771857668605
238,99,2.0,1.192506283811878,1.1372266680523864,1.2004955975103595,1.1687737,1.1743282236246
238,100,1.0,1.165946396196448,1.137354905613596,1.2004957057700045,1.183132,1.1713214274460224
238,101,3.0,1.1746747177388308,1.297287183610552,1.1995412811815724,1.1723871,1.2110209784171386
238,102,2.0,1.1606287902381691,1.2952995014118036,1.1995426015976778,1.172182,1.2069111679543543
238,103,1.0,1.1984330966887142,1.2961009861693635,1.1995420221336721,1.1635165,1.2144585580916083
238,104,1.0,1.1916369398923317,1.137451083784503,1.2004957877124913,1.183132,1.1778470794668892
238,105,1.0,1.1918420443347708,1.1132675009480817,1.1997645733299789,1.2022048,1.176496372655414
238,106,1.0,1.2913375804540907,1.3429653546815965,1.199783859164586,1.2583008,1.274192216912676
238,107,1.0,1.2367746775667114,1.1361687081724072,1.2004947480411399,1.2081482,1.1953599859010942
238,108,1.0,1.1601855357792195,1.2967742333657137,1.1995415845012174,1.1750033,1.2078954351166444
238,109,5.0,1.6569723758683623,1.5948702257085432,1.200098149663453,1.6283349,1.525432529641264
238,110,4.0,1.5034077958127048,1.5926581277776781,1.2001215771775453,1.5261294,1.4598078003622452
238,111,3.0,1.6470746620820542,1.6582070466075631,1.1998716584830122,1.8031545,1.5837321688124835
238,112,2.0,1.6164547964911384,1.659168828316635,1.1998706505165428,1.6350033,1.5331066065431087
238,113,1.0,1.686688819206026,1.593716087657657,1.2001103467835208,1.765352,1.567799555882409
238,114,2.0,1.1925657758310315,1.1123377786293123,1.1997701689025944,1.1833042,1.1715987615823518
238,115,1.0,1.2159856587045261,1.111343937529938,1.1997761485892184,1.284641,1.2032617576606386
238,116,1.0,1.1657923935000674,1.1115362938717523,1.1997749913912463,1.1906548,1.166506700227661
238,117,1.0,1.6816285979615382,1.594357275463705,1.2001035636019515,1.6980873,1.5494305794538814
238,118,1.0,1.1694792854407818,1.1120492441165906,1.1997719051440832,1.169864,1.1622373301143165
238,119,8.0,1.663181506159617,1.5949664038794504,1.2000971357858055,1.6930268,1.543617234947416
238,120,7.0,1.6299492623952174,1.594132859731588,1.200105935721986,1.6336982,1.5197846106618178
238,121,6.0,1.6030118493518952,1.5931069592419114,1.2001168069794945,1.6457299,1.5157960923431038
238,122,5.0,1.6935923584937675,1.6595535410002638,1.1998702651186604,1.6826407,1.5649403486756945
238,123,4.0,1.6030118493518952,1.5931069592419114,1.2001168069794945,1.6457299,1.5157960923431038
238,124,3.0,1.7043160460094233,1.5934596125352378,1.2001130649490561,1.8000718,1.5810994878474844
238,125,2.0,1.8053115137083255,1.5923695932649564,1.2001246482406087,1.6075764,1.557021735402306
238,126,1.0,1.6865421200232538,1.5933313749740283,1.2001144250761036,1.7478876,1.5631875598339626
238,127,1.0,1.1914238667388883,1.134437501096078,1.2004935254168683,1.147496,1.1678916236610708
238,128,1.0,1.2163226168976773,1.296293342511178,1.199541892524547,1.1644905,1.2192841018228981
238,129,1.0,1.734817574003084,1.657790274533632,1.1998721149969749,1.6656135,1.5705607291307524
238,130,1.0,1.2449926187755755,1.342356226265851,1.1997840143033662,1.271662,1.2657362538626349
238,131,2.0,1.1495005141020245,1.2953315608021059,1.1995425771963844,1.172182,1.2041031343036683
238,132,1.0,1.1711023091270283,1.296485698852992,1.199541766569258,1.1644905,1.207889220423443
238,133,1.0,1.3199737095269797,1.1104783339917734,1.1997813549474745,1.2906264,1.2308942184517755
238,134,1.0,1.1358401703374092,1.1331230660936795,1.200492735306057,1.1556079,1.1555728983326656
238,135,1.0,1.6601713967159102,1.594036681560681,1.200106953006346,1.6769178,1.53849161558635
238,136,2.0,1.3056823708423104,1.1113118781396358,1.1997763414487423,1.284641,1.2259524960068955
238,137,1.0,1.4276826972651966,1.1114080563105428,1.1997757628648287,1.284641,1.2568503118645553
238,138,1.0,1.145141611414295,1.1318727498718864,1.200492093900536,1.1379697,1.1530871089915102
238,139,1.0,1.2207895038581242,1.1093562553311895,1.1997881011178648,1.3137271,1.2114359753897994
238,140,2.0,1.1164019112625763,1.296133045559666,1.1995420002779371,1.1635165,1.1937077118346147
238,141,1.0,1.1548522710536262,1.2937285912869863,1.1995439218093333,1.1666394,1.2036308256636326
238,142,1.0,1.1355724657432318,1.1318086310912818,1.200492063893357,1.1379697,1.1506492912549109
238,143,2.0,1.6448954341085347,1.5941649191218905,1.200105596714778,1.6336982,1.5235749473115472
238,144,1.0,1.6602704524901148,1.6574376212403057,1.1998725106095576,1.6433843,1.5459062063264073
238,145,1.0,1.2496597300185597,1.3413303257761746,1.1997843145140972,1.3228239,1.279777533429462
238,146,1.0,1.7622703789021237,1.593395493754633,1.2001137449238828,1.8000718,1.595749447298767
238,147,2.0,1.2282871878862807,1.2945300760445462,1.1995432176971514,1.1768159,1.225026661590726
238,148,1.0,1.1509429406379856,1.296165104949968,1.1995419785177293,1.1635165,1.2024568324802245
238,149,1.0,1.1370010371718033,1.1317124529203746,1.200492019412442,1.1379697,1.1509864584422431
238,150,1.0,1.7299071388854914,1.5904460298468128,1.2001452115145714,1.4824979,1.5053832753193854
238,151,1.0,1.2189702855571436,1.2932797598227526,1.1995443438854567,1.2332882,1.2368342850298641
238,152,2.0,1.6287602230629168,1.659810016122683,1.199870013838414,1.621523,1.5329259170826672
238,153,1.0,1.3053975929118564,1.5917284054589087,1.2001314853802045,1.4824979,1.3982774143299561
238,154,1.0,1.1415375385185653,1.1320330468233986,1.200492170148415,1.1379697,1.152215639181954
243,1,2.0,1.6278234361455055,1.6591367689263326,1.1998706830952097,1.6143008,1.5306666024434286
243,2,1.0,1.6548800610189838,1.5926901871679804,1.200121236180894,1.5261294,1.4981476665724975
243,3,3.0,1.155678067114136,1.296806292756016,1.1995415647802636,1.176445,1.2071326032116598
243,4,2.0,1.2122133132102533,1.2955559765342228,1.1995424092530504,1.1946213,1.2257843573923077
243,5,1.0,1.242107573683515,1.2950750856796869,1.199542775241593,1.2041365,1.2356678779711878
243,6,3.0,1.1860325779213523,1.3455621652960905,1.1997833921480499,1.2265123,1.2400488827895486
243,7,2.0,1.295485990666813,1.1112156999687284,1.1997769200109316,1.270983,1.2198455819834808
243,8,1.0,1.1895910080043797,1.34421567090339,1.1997835948957494,1.1971539,1.2330801437403456
243,9,2.0,1.714516891023449,1.6596817785614733,1.1998701389158646,1.7684348,1.5922686694620163
243,10,1.0,1.6125187227823958,1.5941008003412858,1.2001062747702174,1.5391598,1.4911225187977402
243,11,1.0,1.2022673449826848,1.2953956795827108,1.1995425287070083,1.172182,1.2174726145503878
243,12,1.0,1.2245064586242262,1.1364251832948264,1.2004949468289943,1.2008309,1.1904439065529626
243,13,1.0,1.6548800610189838,1.5926901871679804,1.200121236180894,1.5261294,1.4981476665724975
243,14,1.0,1.2259241973930697,1.343253889194318,1.1997837917019263,1.2591685,1.2579340978962414
243,15,1.0,1.174346032473109,1.295844511046944,1.1995422006426717,1.1717614,1.2104124483436847
243,16,2.0,1.6422989425830403,1.5930107810710044,1.2001178284493685,1.6163131,1.5181705515878223
243,17,1.0,1.6507180106794368,1.5942931566831,1.2001042411327758,1.6080896,1.5185135772471925
243,18,1.0,1.1694663484998138,1.3449530368803448,1.199783473324229,1.186647,1.2254795941855772
243,19,1.0,1.5970282593915344,1.593235196803121,1.20011544562649,1.5964175,1.5016685502533036
243,20,1.0,1.1973604035782472,1.1375152025651079,1.200495842702153,1.1765636,1.177627310722563
243,21,1.0,1.29682333414994,1.110766868504495,1.1997796196899106,1.3334317,1.236085170510763
243,22,1.0,1.7311058970967343,1.6580467496560511,1.1998718326599376,1.6860936,1.5749381075915518
243,23,1.0,1.189659437682093,1.113203382167477,1.1997649592755215,1.1931311,1.173601057936588
243,24,1.0,1.163269781313721,1.1375472619554101,1.2004958703049502,1.1765636,1.1690083982788004
243,25,1.0,1.162157091064761,1.1124339568002195,1.1997695901184449,1.1786145,1.1627250755420853
243,26,6.0,1.6464311335412385,1.5938122658285643,1.2001093281874209,1.6307818,1.523127327742583
243,27,5.0,1.76924636983428,1.6613488668571978,1.199868600987003,1.6894388,1.586282704003478
243,28,4.0,1.6042429569672942,1.596473195223663,1.2000813036130638,1.6928794,1.5290419061411649
243,29,3.0,1.6950189614820657,1.5943252160734025,1.200103902334295,1.7501124,1.5661522345205843
243,30,2.0,1.6865421200232538,1.5933313749740283,1.2001144250761036,1.7478876,1.5631875598339626
243,31,1.0,1.6717357395631567,1.5947099287570312,1.2000998403078065,1.6893388,1.5447720051181546
243,32,3.0,1.162033494524414,1.2956200953148276,1.1995423621833885,1.1381602,1.1986233265996742
243,33,2.0,1.1590769233571379,1.296613936414202,1.1995416846395008,1.1607699,1.20392442626131
243,34,1.0,1.177695795176555,1.29712688665904,1.1995413731711564,1.1669071,1.2103396556213895
243,35,1.0,1.2331959938639567,1.343670661268249,1.1997837011172705,1.2029234,1.245456507728008
243,36,1.0,1.1895405664792986,1.2957162734857348,1.1995422923425585,1.1748031,1.2150051894126754
243,37,1.0,1.2863046187191762,1.3430935922428062,1.1997838287000102,1.2541498,1.2718865323211366
243,38,1.0,1.295485990666813,1.1112156999687284,1.1997769200109316,1.270983,1.2198455819834808
243,39,3.0,1.5813197765184694,1.5929787216807019,1.200118169024351,1.6163131,1.5027310259125346
243,40,2.0,1.6786980416982942,1.5942290379024955,1.2001049188321018,1.7540394,1.5630049570669975
243,41,1.0,1.5458112780531648,1.5936519688770523,1.2001110260646615,1.5600686,1.47949072883069
243,42,1.0,1.2648426130067707,1.11230571923901,1.1997703618253037,1.2217907,1.1997505034493736
243,43,1.0,1.1481368016772706,1.1119851253359858,1.199772290952118,1.169864,1.1568202297498364
243,44,1.0,1.2158129478688313,1.1127224913129412,1.1997678536712526,1.20506,1.1831575025396717
243,45,2.0,1.2321065762213887,1.3433821267555275,1.1997837629643524,1.1943103,1.242899105733655
243,46,1.0,1.2540441200320567,1.3434783049264345,1.1997837419199187,1.2156147,1.2539382053689616
243,47,1.0,1.631787136432771,1.6587841156330063,1.1998710460821231,1.6168957,1.5322459028991107
243,48,1.0,1.1867472658588345,1.3448568587094376,1.199783487732082,1.186647,1.2298283975136015
243,49,1.0,1.2193809321215783,1.297383361781459,1.1995412272029535,1.1723871,1.2223587367727715
243,50,1.0,1.2723803944724719,1.3428691765106893,1.1997838825138551,1.2583008,1.2693705450749786
243,51,1.0,1.7566611343214578,1.5936199094867498,1.2001113657679758,1.7806064,1.5893945376803496
243,52,1.0,1.171143080998985,1.137162549271781,1.2004955438138645,1.1749771,1.1704965640697185
243,53,1.0,1.6486545116020246,1.5940687409509835,1.2001066138685064,1.6231738,1.5218032897705092
243,54,1.0,1.1631560261204048,1.1118248283844738,1.1997732554426752,1.1643181,1.159158488097254
243,55,2.0,1.6438129656807967,1.5932031374128188,1.2001157859022575,1.5964175,1.5134999369684188
243,56,1.0,1.6395640463323826,1.5951908196115672,1.2000947716535608,1.6261276,1.5205414400362374
243,57,1.0,1.2228114152873832,1.344311849074297,1.1997835775924242,1.1937002,1.2406256271199103
243,58,2.0,1.300381331618169,1.1112477593590309,1.1997767271581485,1.284641,1.2245948713990797
243,59,1.0,1.1925657758310315,1.1123377786293123,1.1997701689025944,1.1833042,1.1715987615823518
243,60,2.0,1.176592528005252,1.2968383521463185,1.1995415451696643,1.176445,1.2124333613108518
243,61,1.0,1.1666196082226283,1.296710114585109,1.1995416242552308,1.1607699,1.2058575158537361
243,62,1.0,1.6464311335412385,1.5938122658285643,1.2001093281874209,1.6307818,1.523127327742583
243,63,1.0,1.3056823708423104,1.1113118781396358,1.1997763414487423,1.284641,1.2259524960068955
243,64,1.0,1.1969769518220648,1.2948186105572677,1.1995429797915362,1.1969984,1.2223517006066131
243,65,1.0,1.197489994820806,1.1360404706111975,1.2004946503561782,1.2081482,1.1853860607294702
243,66,1.0,1.5965162910159112,1.5958961261982199,1.20008735549997,1.6252414,1.5095971829104224
243,67,1.0,1.2014412568611215,1.343895077000366,1.1997836556934027,1.2073308,1.2386076024245642
243,68,1.0,1.2073173309526057,1.1365213614657337,1.2004950225541482,1.2008309,1.186118353083686
243,69,1.0,1.2321065762213887,1.3433821267555275,1.1997837629643524,1.1943103,1.242899105733655
243,70,1.0,1.1667394750908362,1.1369060741493624,1.2004953318783043,1.202808,1.1764540771079368
243,71,2.0,1.6377386651955823,1.6591047095360303,1.1998707157394775,1.6143008,1.5331676622516206
243,72,1.0,1.6521635279431757,1.6607717978317547,1.199869111760336,1.6017718,1.5340266394757156
243,73,1.0,1.2361447141868245,1.3430615328525035,1.1997838362435718,1.2541498,1.2591848686607257
243,74,1.0,1.3277241196466252,1.1111836405784261,1.1997771128603565,1.270983,1.2279957516076578
243,75,2.0,1.707946225779998,1.6610923917347786,1.1998688251732867,1.7047309,1.5746265815959335
243,76,1.0,1.6541293114767854,1.5938443252188668,1.200108988747812,1.6307818,1.525083474412114
243,77,1.0,1.2199116941894639,1.2972551242202495,1.1995412993690346,1.1723871,1.222460617457797
243,78,1.0,1.6122336189381579,1.6605153227093354,1.1998693460953958,1.6255159,1.529945911925528
243,79,3.0,1.2004654010113902,1.1355275203663593,1.2004942710285404,1.1898227,1.1813098044335377
243,80,2.0,1.201891584296492,1.1345977980475899,1.2004936299140914,1.2092868,1.1864265804336886
243,81,1.0,1.130330183167613,1.1375793213457126,1.2004958979737457,1.1765636,1.160680766010643
243,82,2.0,1.6395640463323826,1.5951908196115672,1.2000947716535608,1.6261276,1.5205414400362374
243,83,1.0,1.661907239367197,1.5937802064382618,1.200109667673502,1.6767758,1.5388302428359375
243,84,2.0,1.2075821516746708,1.3437668394391564,1.1997836813584875,1.2029234,1.2389989587178976
243,85,1.0,1.3130286315250985,1.1108309872850997,1.19977923405446,1.3334317,1.2402022456179942
243,86,1.0,1.186386652234524,1.1350786889021258,1.2004939540611193,1.2090888,1.1825738643138686
243,87,2.0,1.560434986574667,1.6595214816099613,1.1998702968533552,1.5186424,1.4891801670998206
243,88,1.0,1.7566611343214578,1.5936199094867498,1.2001113657679758,1.7806064,1.5893945376803496
243,89,1.0,1.1938329492508313,1.1128186694838482,1.1997672748237889,1.20506,1.1776194075364792
243,90,2.0,1.1723123013132706,1.296549817633597,1.1995417253966993,1.1644905,1.2082116393787046
243,91,1.0,1.2600887296380707,1.2969024709269232,1.1995415062360826,1.1790755,1.2342538174561017
243,92,2.0,1.216841324116972,1.3443439084645994,1.1997835719189023,1.2004491,1.2408536176162994
243,93,1.0,1.216841324116972,1.3443439084645994,1.1997835719189023,1.2004491,1.2408536176162994
243,94,1.0,1.2141674252771002,1.1130110258256625,1.1997661170808154,1.2066385,1.1832184635881366
243,95,1.0,1.1528659201319813,1.137867855858434,1.2004961502581193,1.1383672,1.1566618549605048
243,96,2.0,1.2106734482107313,1.343702720658552,1.1997836944817406,1.2029234,1.2397650246875276
243,97,1.0,1.2218801318147556,1.3435424237070395,1.1997837281224488,1.185923,1.2382009369209799
243,98,3.0,1.6605518956033776,1.6578223339239342,1.1998720794576292,1.6656135,1.5517750323026096
243,99,2.0,1.637026977057564,1.6599382536838925,1.1998698898947675,1.626861,1.536419189247793
243,100,1.0,1.669755088707564,1.6596176597808685,1.1998702018786747,1.6826407,1.558924258830367
243,101,1.0,1.1537194300630726,1.3454339277348808,1.1997834077867173,1.1771342,1.2191768919076953
243,102,1.0,1.1590769233571379,1.296613936414202,1.1995416846395008,1.1607699,1.20392442626131
243,103,1.0,1.1895795821583404,1.1357839954887785,1.2004944584120179,1.192668,1.1793495892209107
243,104,1.0,1.1909792097860765,1.1132995603383842,1.1997643803551135,1.2022048,1.1762860894327212
243,105,1.0,1.189290764715959,1.3438630176100634,1.1997836620409938,1.2073308,1.2355246663087316
243,106,1.0,1.2266861876862871,1.295010966899082,1.1995428257651144,1.2127473,1.2339572149381604
243,107,1.0,1.2068359721553952,1.1362969457336167,1.2004948468648184,1.2033799,1.1865933313759018
243,108,3.0,1.6964860585091739,1.5943893348540072,1.2001032249003727,1.6980873,1.5531984667747167
243,109,2.0,1.5419945162259583,1.5927543059485851,1.2001205542745537,1.6661373,1.5054997852939798
243,110,1.0,1.7445512054835501,1.5935878500964475,1.2001117055128943,1.7806064,1.586321945747485
243,111,1.0,1.0851126876794703,1.1338604320706347,1.200493163886985,1.1305165,1.1364880632509051
243,112,1.0,1.6569723758683623,1.5948702257085432,1.200098149663453,1.6283349,1.525432529641264
243,113,4.0,1.1592899551023834,1.296389520682085,1.199541829086723,1.1644905,1.2048756414540842
243,114,3.0,1.2282871878862807,1.2945300760445462,1.1995432176971514,1.1768159,1.225026661590726
243,115,2.0,1.1164019112625763,1.296133045559666,1.1995420002779371,1.1635165,1.1937077118346147
243,116,1.0,1.167345478598189,1.2963574612917825,1.1995418501286734,1.1644905,1.2069060781940681
243,117,5.0,1.6354951905133106,1.5939084439994715,1.2001083099950105,1.5973891,1.5118208847959822
243,118,4.0,1.6497808648037355,1.5942610972927977,1.200104579958601,1.6080896,1.5182683889324473
243,119,3.0,1.6972810351590395,1.596312898272151,1.2000829832592983,1.6928794,1.5525461173807698
243,120,2.0,1.663512919964638,1.5949984632697527,1.2000967979296713,1.6930268,1.5437091358839163
243,121,1.0,1.663512919964638,1.5949984632697527,1.2000967979296713,1.6930268,1.5437091358839163
243,122,1.0,1.2684118408669922,1.3429974140718988,1.1997838514772043,1.2541498,1.2673342213151266
243,123,2.0,1.6236473274326118,1.6584955811202846,1.1998713494155526,1.5772818,1.519954693887156
243,124,1.0,1.665619112242517,1.5951267008309624,1.200095446892932,1.7356517,1.5552048317635476
243,125,1.0,1.2456119338237572,1.1111515811881238,1.199777305708419,1.270983,1.207208232219336
243,126,2.0,1.7311058970967343,1.6580467496560511,1.1998718326599376,1.6860936,1.5749381075915518
243,127,1.0,1.6289211628686715,1.6589764719748206,1.1998708470290895,1.6244049,1.5334949126827515
243,128,1.0,1.1641984339211935,1.2957803922663396,1.1995422462877274,1.1717614,1.2078282642806073
243,129,1.0,1.2106734482107313,1.343702720658552,1.1997836944817406,1.2029234,1.2397650246875276
243,130,2.0,1.1895405664792986,1.2957162734857348,1.1995422923425585,1.1748031,1.2150051894126754
243,131,1.0,1.168089637358588,1.295171263850594,1.199542700209996,1.2041365,1.2169610918149862
243,132,1.0,1.1694663484998138,1.3449530368803448,1.199783473324229,1.186647,1.2254795941855772
243,133,1.0,1.1019875819376554,1.1340848478027519,1.2004933017565111,1.147496,1.1451694261359322
243,134,1.0,1.1574683578719227,1.29632540190148,1.1995418712736134,1.1644905,1.2043984489063067
243,135,2.0,1.714516891023449,1.6596817785614733,1.1998701389158646,1.7684348,1.5922686694620163
243,136,1.0,1.6421850595431549,1.6597138379517755,1.1998701075392655,1.6256385,1.5373542725626521
243,137,1.0,1.2169193713636348,1.34341418614583,1.1997837559016948,1.2156147,1.2445271293855946
243,138,1.0,1.2121678381010803,1.1347901543894043,1.200493757656193,1.2092868,1.1890758154070027
243,139,1.0,1.6856252350877035,1.5946137505861242,1.2001008552180112,1.6990657,1.5507571122862573
243,140,1.0,1.130330183167613,1.1375793213457126,1.2004958979737457,1.1765636,1.160680766010643
243,141,1.0,1.1531654212243294,1.1124018974099172,1.1997697830470389,1.1833042,1.1616441738950982
243,142,3.0,1.6172126408626901,1.594838166318241,1.200098487696658,1.5399392,1.4926949743683937
243,143,2.0,1.5737606882839332,1.6584314623396799,1.199871417601685,1.5660717,1.5044394122199538
243,144,1.0,1.6307692611881408,1.6590726501457278,1.1998707484476638,1.6465442,1.5396642238691796
243,145,1.0,1.1867472658588345,1.3448568587094376,1.199783487732082,1.186647,1.2298283975136015
243,146,1.0,1.2068359721553952,1.1362969457336167,1.2004948468648184,1.2033799,1.1865933313759018
243,147,3.0,1.6531502643013911,1.659329125268147,1.1998704887032636,1.6188318,1.5382863885235167
243,148,2.0,1.658784951436223,1.5957358292467079,1.2000890391085657,1.6813956,1.5397147785939485
243,149,1.0,1.6788462459049018,1.5935237313158428,1.20011238515351,1.6911229,1.5467316951118004
243,150,1.0,1.2361447141868245,1.3430615328525035,1.1997838362435718,1.2541498,1.2591848686607257
243,151,1.0,1.6443503518292182,1.594196978512193,1.2001052577588711,1.6076175,1.5167570117934839
243,152,1.0,1.1019875819376554,1.1340848478027519,1.2004933017565111,1.147496,1.1451694261359322
243,153,6.0,1.6680076424450876,1.5928825435097949,1.200119191017975,1.6580455,1.5353459974217185
243,154,5.0,1.6660884168575807,1.6603229663675212,1.1998695248261628,1.6706413,1.5550976298561552
243,155,4.0,1.6515503333084272,1.65990619429359,1.1998699207748802,1.626861,1.5400863892996361
243,156,3.0,1.690505838535682,1.59281842472919,1.200119872557915,1.6661373,1.5430983822630253
243,157,2.0,1.6515503333084272,1.65990619429359,1.1998699207748802,1.626861,1.5400863892996361
243,158,1.0,1.6195186385897566,1.658687937462099,1.1998711465526137,1.5996827,1.5247028784266123
243,159,1.0,1.1458775198416213,1.295684214095432,1.1995423155253067,1.1381602,1.1945510825541497
243,160,1.0,1.2033096359342481,1.3439591957809707,1.199783643151095,1.2014924,1.2375994614356312
243,161,1.0,1.295485990666813,1.1112156999687284,1.1997769200109316,1.270983,1.2198455819834808
243,162,2.0,1.66610719329884,1.593074899851609,1.2001171474311862,1.6457299,1.531755077357527
243,163,1.0,1.7351881609925968,1.6601947288063115,1.199869645381723,1.7618678,1.595945457760902
243,164,1.0,1.1449305274172912,1.2974154211717617,1.1995412094107734,1.1723871,1.2035262969994698
243,165,1.0,1.6401495857442592,1.6585917592911918,1.199871247669215,1.5772818,1.5241550988558052
243,166,3.0,1.1916994481610959,1.3428050577300845,1.199783898316932,1.2598268,1.2493283670903716
243,167,2.0,1.4645405971610845,1.3414906227276864,1.199784264396258,1.3642677,1.3448238984956424
243,168,1.0,1.1506849951962286,1.1118568877747763,1.1997730625496767,1.1643181,1.1560106145840334
243,169,1.0,1.6243904726608946,1.6583673435590751,1.19987148607245,1.5660717,1.5172356635230124
243,170,1.0,1.1506849951962286,1.1118568877747763,1.1997730625496767,1.1643181,1.1560106145840334
243,171,1.0,1.6318114189284005,1.659425303439054,1.1998703924589302,1.5205693,1.507712646871817
243,172,2.0,1.1732814785982957,1.1368419553687579,1.200495279609114,1.197013,1.176607336241188
243,173,1.0,1.1678863224535392,1.134181025973659,1.200493361901067,1.147496,1.161870229012139
243,174,2.0,1.6975778933737933,1.659649719171171,1.1998701703641468,1.7684348,1.58797395179716
243,175,1.0,1.6526838097779677,1.5951587602212647,1.2000951092503656,1.6261276,1.5238535172851597
243,176,1.0,1.2367746775667114,1.1361687081724072,1.2004947480411399,1.2081482,1.1953599859010942
243,177,1.0,1.7043320137433384,1.657950571485144,1.1998719380016694,1.6860936,1.5681383482267153
243,178,1.0,1.197489994820806,1.1360404706111975,1.2004946503561782,1.2081482,1.1853860607294702
243,179,1.0,1.2535071718101798,1.3431256516331085,1.199783821208185,1.2541498,1.263594864743053
243,180,1.0,1.1495005141020245,1.2953315608021059,1.1995425771963844,1.172182,1.2041031343036683
243,181,2.0,1.2938043200340212,1.3420356323628269,1.199784102879516,1.3533503,1.298955332620351
243,182,1.0,1.652324723826045,1.1092600771602825,1.1997886792021617,1.3433998,1.3282259538793313
243,183,1.0,1.164266087020744,1.1341169071930541,1.2004933217335714,1.147496,1.1609378504067434
243,184,1.0,1.4335754235649099,1.3415226821179886,1.1997842545129882,1.3642677,1.3369959086124754
243,185,1.0,1.1904766737844321,1.294594194825151,1.199543164126814,1.1596085,1.2110618891399625
243,186,1.0,1.2967282574196306,1.3416188602888957,1.1997842251534894,1.3642677,1.3023894594208791
243,187,1.0,1.1318802805259205,1.1340527884124494,1.2004932818467118,1.1305165,1.1483718574560684
243,188,5.0,1.7790715325271058,1.5933634343643308,1.2001140849812464,1.7478876,1.586611245713172
243,189,4.0,1.6328647218081103,1.6587199968524013,1.19987111299929,1.6168957,1.532502388402354
243,190,3.0,1.6172126408626901,1.594838166318241,1.200098487696658,1.5399392,1.4926949743683937
243,191,2.0,1.6176861899956732,1.6598741349032875,1.1998699517297846,1.626861,1.53150856479834
243,192,1.0,1.6409925853598544,1.5947419881473337,1.2000995020952943,1.5928975,1.5122691116903564
243,193,1.0,1.2824332473701583,1.110285977649959,1.1997825116701752,1.3040304,1.224783011457996
243,194,1.0,1.0958475361643187,1.1339245508512394,1.2004932029273838,1.1305165,1.1392208779084034
243,195,3.0,1.6950189614820657,1.5943252160734025,1.200103902334295,1.7501124,1.5661522345205843
243,196,2.0,1.6298374354368372,1.6586238186814943,1.199871213896625,1.5996827,1.5272979610357396
243,197,1.0,1.6989181501538004,1.5945496318055195,1.2001015320627781,1.6955403,1.5532009514836351
243,198,1.0,1.255583510664912,1.3426768201688748,1.199783930501999,1.2598268,1.2654625343810997
243,199,2.0,1.658784951436223,1.5957358292467079,1.2000890391085657,1.6813956,1.5397147785939485
243,200,1.0,1.6486995675776919,1.5949343444891482,1.2000974736995584,1.6406729,1.5265189678856756
243,201,1.0,1.1391225127488804,1.1331871848742847,1.2004927710927888,1.1556079,1.156419768103816
243,202,1.0,1.1962294905989044,1.1133316197286864,1.1997641873736822,1.2022048,1.1776228017854602
243,203,1.0,1.2552953723781768,1.2951071450699891,1.199542750131107,1.2041365,1.23901331222664
243,204,1.0,1.1561930158278515,1.1116324720426596,1.199774412760793,1.1906548,1.1641016666875448
243,205,2.0,1.6816285979615382,1.594357275463705,1.2001035636019515,1.6980873,1.5494305794538814
243,206,1.0,1.6030118493518952,1.5931069592419114,1.2001168069794945,1.6457299,1.5157960923431038
243,207,1.0,1.1451265240133273,1.13299482853247,1.2004926645877858,1.1340625,1.1523654275454898
243,208,1.0,1.6356221049707276,1.6592329470972396,1.199870585585295,1.6350033,1.537973329466443
243,209,1.0,1.2548861361273262,1.342933295291294,1.1997838668978467,1.2583008,1.264959640015167
243,210,1.0,1.6243904726608946,1.6583673435590751,1.19987148607245,1.5660717,1.5172356635230124
243,211,1.0,1.1361046300187183,1.1312315620658386,1.2004918064864813,1.1379697,1.1506378664621435
243,212,1.0,1.3613870140715292,1.3416509196791981,1.1997842154636804,1.3642677,1.3187602272382772
243,213,2.0,1.652319432937836,1.6583352841687726,1.1998715204081665,1.6742713,1.552041569969274
243,214,1.0,1.6172126408626901,1.594838166318241,1.200098487696658,1.5399392,1.4926949743683937
243,215,2.0,1.2211442325566582,1.2949789075087796,1.1995428511866086,1.2127473,1.232546651191344
243,216,1.0,1.212144287405352,1.2949147887281747,1.1995429023204347,1.1969984,1.226214293478039
243,217,1.0,1.4387865156154098,1.3409456130925457,1.1997844396558113,1.3965317,1.3464422778119518
243,218,2.0,1.7206226509320985,1.5954793541242887,1.200091735200249,1.7215296,1.5655910552141044
243,219,1.0,1.673308037651484,1.6570208491663745,1.199872989173482,1.6478754,1.5502518457548264
243,220,4.0,1.4593878940729428,1.3401761877252882,1.1997847104042183,1.4675099,1.3696624017132621
243,221,3.0,1.4147334188295009,1.341715038459803,1.1997841962240186,1.3604281,1.3312917732737246
243,222,2.0,1.3553212668075139,1.1100936213081447,1.1997836682983654,1.3040304,1.2431797766869428
243,223,1.0,1.3244278486142989,1.1108630466754024,1.199779041228996,1.3334317,1.2430950184876033
243,224,1.0,1.1019875819376554,1.1340848478027519,1.2004933017565111,1.147496,1.1451694261359322
243,225,1.0,1.1721453335881773,1.295908629827549,1.1995421554136423,1.1665279,1.2085296927554716
243,226,1.0,1.6266778499042183,1.5947740475376362,1.200099163907706,1.5928975,1.5086546326115364
243,227,3.0,1.4318809812959075,1.3406891379701267,1.1997845268693648,1.3965317,1.3446298679876407
243,228,2.0,1.3332559475984838,1.110189799479052,1.199783089997651,1.3040304,1.2376200904368106
243,229,1.0,1.1754193557865715,1.1075288700839532,1.1997990797857343,1.3433998,1.2071038214748433
259,1,1.0,1.7155569500766967,1.6612526886862906,1.199868684525253,1.6894388,1.5726716471323807
259,2,3.0,1.1950247344531926,1.3472613129821172,1.1997832581740544,1.1700324,1.2282709293232434
259,3,2.0,1.1900136759493962,1.3448889180997403,1.1997834828791212,1.186647,1.230663112769553
259,4,1.0,1.2040157623218888,1.3457865810282073,1.1997833666400182,1.2058796,1.2393655384973434
259,5,1.0,1.1549534034074558,1.1415546857432093,1.2004998870580534,1.1294202,1.1558296681439175
259,6,1.0,1.6758867066858274,1.5957037698564054,1.200089375977113,1.6813956,1.544034545422907
259,7,1.0,1.2016850240352956,1.345369808954276,1.1997834158935388,1.1771342,1.2312989242328625
259,8,1.0,1.1785228216490968,1.1144536983892703,1.1997574322533067,1.1880307,1.1697895218166448
259,9,2.0,1.665619112242517,1.5951267008309624,1.200095446892932,1.7356517,1.5552048317635476
259,10,1.0,1.6686669780596843,1.5936840282673546,1.200110686401031,1.5600686,1.5105888377306733
259,11,1.0,1.2016850240352956,1.345369808954276,1.1997834158935388,1.1771342,1.2312989242328625
259,12,1.0,1.2036925269843404,1.1150948861953185,1.1997535715050398,1.2129347,1.1827066345669628
259,13,1.0,1.6569723758683623,1.5948702257085432,1.200098149663453,1.6283349,1.525432529641264
259,14,1.0,1.207773957786137,1.3459148185894168,1.19978335313242,1.2058796,1.2403490427727888
259,15,2.0,1.182416657994892,1.116120786684995,1.1997473935634886,1.1576169,1.163395187295072
259,16,1.0,1.170779510201875,1.1157040146110637,1.1997499034494246,1.1784981,1.1657000998468274
259,17,1.0,1.6172126408626901,1.594838166318241,1.200098487696658,1.5399392,1.4926949743683937
259,18,1.0,1.177695795176555,1.29712688665904,1.1995413731711564,1.1669071,1.2103396556213895
259,19,1.0,1.191051421820004,1.1395670035444607,1.2004977539346653,1.165429,1.1736951340712447
259,20,3.0,1.633001180947837,1.6597458973420782,1.1998700762422827,1.6256385,1.5350382898890176
259,21,2.0,1.6736059675247517,1.6610603323444761,1.1998688535113387,1.7047309,1.56592827000009
259,22,1.0,1.663512919964638,1.5949984632697527,1.2000967979296713,1.6930268,1.5437091358839163
259,23,1.0,1.1781125408377264,1.115479598878947,1.199751254872641,1.1784981,1.1674993391475241
259,24,1.0,1.633001180947837,1.6597458973420782,1.1998700762422827,1.6256385,1.5350382898890176
259,25,1.0,1.1709087951164296,1.1141331044862464,1.1997593624498906,1.1717896,1.1636172163641394
259,26,1.0,1.1984736009431045,1.1392143502511347,1.200497404476826,1.180394,1.1793216630140149
259,27,1.0,1.1687790490511845,1.1141651638765488,1.1997591694395402,1.1573049,1.15937191385631
259,28,2.0,1.682278294971463,1.5950625820503577,1.2000961223292193,1.6960963,1.5492611387666702
259,29,1.0,1.6497814421376986,1.5950305226600552,1.2000964601105981,1.5927073,1.5145167433831432
259,30,2.0,1.1234477758841213,1.1414585075723023,1.200499777436672,1.1294202,1.1478324343509327
259,31,1.0,1.1782819159676585,1.1401761319602068,1.200498378100679,1.1787317,1.17402924909632
259,32,2.0,1.7534697414980878,1.5955434729048936,1.2000910609130824,1.7838182,1.5898925241580197
259,33,1.0,1.7535450941035429,1.5957678886370104,1.2000887023030098,1.6813956,1.5637029776986884
259,34,1.0,1.174838548323692,1.2971589460493425,1.1995413545723521,1.1723871,1.211030003075396
259,35,1.0,1.1998663080991405,1.1129789664353602,1.1997663100418718,1.2066385,1.179591330880723
259,36,1.0,1.6612436734990461,1.6603550257578235,1.1998694948635065,1.6706413,1.5538797165888822
259,37,1.0,1.1940749026978632,1.3455942246863928,1.1997833883593625,1.2265123,1.2420921995527692
259,38,2.0,1.6813250287631123,1.6604191445384282,1.1998694351392898,1.5995178,1.540739146944576
259,39,1.0,1.6503196187156381,1.6600344318547995,1.1998697976770336,1.5986786,1.5325803617469023
259,40,1.0,1.1909792097860765,1.1132995603383842,1.1997643803551135,1.2022048,1.1762860894327212
259,41,1.0,1.1221648596757026,1.2970627678784352,1.1995414106804765,1.1669071,1.1962706836578498
259,42,1.0,1.1482043438678826,1.1139407481444321,1.1997605205142208,1.1769835,1.1591550810806543
259,43,1.0,1.1987028551503878,1.3457224622476023,1.1997833736856405,1.1772541,1.2306642404310213
259,44,2.0,1.6788462459049018,1.5935237313158428,1.20011238515351,1.6911229,1.5467316951118004
259,45,1.0,1.6266778499042183,1.5947740475376362,1.200099163907706,1.5928975,1.5086546326115364
259,46,2.0,1.1720538535752225,1.3456904028573,1.1997833772818158,1.1772541,1.2239122857169076
259,47,1.0,1.1759223861895964,1.3447606805385304,1.1997835025814474,1.186647,1.2270646991991176
259,48,2.0,1.6527022414281267,1.5960884825400343,1.200085336619684,1.729672,1.5506436366940974
259,49,1.0,1.7127298904661634,1.660387085148126,1.1998694649694406,1.6706413,1.5669170138676938
259,50,1.0,1.1949944722155683,1.3464277688342552,1.1997833068529953,1.188075,1.2326790954854066
259,51,1.0,1.1619156421861037,1.2964215800723875,1.199541808149663,1.1644905,1.205548210415529
259,52,1.0,1.1539173890599288,1.1401440725699041,1.2004983445972504,1.1787317,1.1678553986951665
259,53,1.0,1.158642745678529,1.1159284303431805,1.199748551984127,1.1576169,1.157330516833488
259,54,1.0,1.1601855357792195,1.2967742333657137,1.1995415845012174,1.1750033,1.2078954351166444
259,55,1.0,1.177453268160197,1.3454018683445783,1.199783411816775,1.1771342,1.2251749060964512
259,56,1.0,1.1805636226896652,1.1389258157384132,1.2004971250352967,1.1936113,1.1781056079766146
259,57,3.0,1.6932160209809042,1.6610282729541739,1.1998688819194607,1.7047309,1.5708827178829667
259,58,2.0,1.5840613823230143,1.6606435602705452,1.199869228363115,1.6050233,1.517593977419712
259,59,1.0,1.6044995335161207,1.6608359166123594,1.1998690538742685,1.6017718,1.521980918634977
259,60,1.0,1.184752363251802,1.3463957094439527,1.1997833093808241,1.188075,1.2300790972207083
259,61,1.0,1.1619156421861037,1.2964215800723875,1.199541808149663,1.1644905,1.205548210415529
259,62,1.0,1.6247594589561314,1.6588161750233086,1.1998710127202872,1.611882,1.5291898995425575
259,63,2.0,1.1791698268314412,1.3464918876148602,1.1997833019409005,1.188075,1.228690708119109
259,64,1.0,1.216841324116972,1.3443439084645994,1.1997835719189023,1.2004491,1.2408536176162994
259,65,1.0,1.0629555152807908,1.1412340918401855,1.2004995241867595,1.1294202,1.1324673067885591
259,66,1.0,1.1410355504212701,1.2959727486081538,1.1995421105774098,1.1635165,1.1999010044537775
259,67,1.0,1.2765018854664658,1.1398875974474847,1.2004980791941129,1.2040194,1.2052965642582438
259,68,2.0,1.816697161742867,1.6615732825893146,1.199868408522905,1.746073,1.612870488175762
259,69,1.0,1.6972810351590395,1.596312898272151,1.2000829832592983,1.6928794,1.5525461173807698
259,70,1.0,1.1909792097860765,1.1132995603383842,1.1997643803551135,1.2022048,1.1762860894327212
259,71,3.0,1.169986061948568,1.344728621148228,1.1997835076228134,1.1930181,1.2271880941951343
259,72,2.0,1.1897949994607926,1.3458506998088118,1.199783359788921,1.2058796,1.2357830319639667
259,73,1.0,1.124069507296192,1.347389550543327,1.1997832536053032,1.1700324,1.210347327397212
259,74,1.0,1.6813250287631123,1.6604191445384282,1.1998694351392898,1.5995178,1.540739146944576
259,75,1.0,1.1782512372653924,1.1139728075347344,1.199760327509613,1.1769835,1.1667668672199403
259,76,1.0,1.6125187227823958,1.5941008003412858,1.2001062747702174,1.5391598,1.4911225187977402
259,77,1.0,1.2221074295397416,1.3471330754209077,1.1997832635204986,1.1679827,1.2345664488084125
259,78,2.0,1.632374397648582,1.6616374013699193,1.1998683541661175,1.746073,1.5662416628773244
259,79,1.0,1.6999185129366248,1.5944855130249145,1.2001022090586855,1.7141206,1.5582026860528884
259,80,1.0,1.1759613919020624,1.3461712937118357,1.1997833284405688,1.188075,1.2277976522535445
259,81,1.0,1.1590769233571379,1.296613936414202,1.1995416846395008,1.1607699,1.20392442626131
259,82,1.0,1.2009979889429132,1.3440233145615754,1.1997836307964425,1.1971539,1.2359181446175853
259,83,1.0,1.6612436734990461,1.6603550257578235,1.1998694948635065,1.6706413,1.5538797165888822
259,84,1.0,1.177695795176555,1.29712688665904,1.1995413731711564,1.1669071,1.2103396556213895
259,85,2.0,1.6231809632092604,1.6606756196608474,1.1998691991102322,1.6050233,1.5275017524733903
259,86,1.0,1.6964860585091739,1.5943893348540072,1.2001032249003727,1.6980873,1.5531984667747167
259,87,2.0,1.2040157623218888,1.3457865810282073,1.1997833666400182,1.2058796,1.2393655384973434
259,88,1.0,1.1848480102593801,1.3465880657857672,1.1997832949352771,1.188075,1.2301519764179067
259,89,1.0,1.2122133132102533,1.2955559765342228,1.1995424092530504,1.1946213,1.2257843573923077
259,90,1.0,1.5663500028681685,1.5968258485169893,1.200077612289154,1.4974122,1.469416221788029
259,91,1.0,1.1576896430688142,1.298441321661438,1.1995406938259257,1.1932194,1.21235676056703
259,92,3.0,1.6696318985336955,1.6609962135638714,1.1998689104045328,1.700251,1.5637575527834446
259,93,2.0,1.6243094111443932,1.5953831759533816,1.2000927469480713,1.6308172,1.5179318561905235
259,94,1.0,1.7535450941035429,1.5957678886370104,1.2000887023030098,1.6813956,1.5637029776986884
259,95,1.0,1.1940749026978632,1.3455942246863928,1.1997833883593625,1.2265123,1.2420921995527692
259,96,2.0,1.5106886322062212,1.6604832633190332,1.199869375716535,1.5995178,1.4975738163521974
259,97,1.0,1.7256665821952242,1.5937481470479595,1.2001100072021729,1.765352,1.5776713685684784
259,98,2.0,1.1613296693904331,1.2979924901972049,1.199540906585556,1.1516759,1.2025111528230892
259,99,1.0,1.1529906465396835,1.2977039556844832,1.1995410538873428,1.171293,1.2053583959768024
259,100,1.0,1.6497814421376986,1.5950305226600552,1.2000964601105981,1.5927073,1.5145167433831432
259,101,1.0,1.1793483185926472,1.1146460547310846,1.1997562740739098,1.1817158,1.168427457744136
259,102,1.0,1.6526838097779677,1.5951587602212647,1.2000951092503656,1.6261276,1.5238535172851597
259,103,1.0,1.1332318777086245,1.138669340615994,1.2004968815409613,1.1538677,1.1558711136360023
259,104,1.0,1.1828371666541877,1.3451133338318573,1.199783450269119,1.1812984,1.2275322038874208
259,105,1.0,1.2328269456532555,1.1389578751287155,1.2004971557969917,1.1936113,1.1913395754489782
259,106,1.0,1.6784924548505906,1.5946458099764265,1.2001005168715146,1.6990657,1.5489601112148832
259,107,1.0,1.1970008673086914,1.1135560354608032,1.1997628364878061,1.206647,1.1790136121614947
259,108,2.0,1.1507262381774244,1.1381243309808533,1.2004963793858585,1.1898162,1.169378710688997
259,109,1.0,1.1887617224533453,1.1382205091517603,1.2004964664930924,1.171278,1.174274538161459
259,110,2.0,1.6443503518292182,1.594196978512193,1.2001052577588711,1.6076175,1.5167570117934839
259,111,1.0,1.627370651852854,1.6609641541735691,1.1998689389608492,1.700251,1.553054742168965
259,112,1.0,1.1989565689670538,1.1381563903711558,1.2004964083517988,1.1898162,1.1815920817399403
259,113,1.0,1.6620954019773404,1.6590405907554253,1.199870781247489,1.6465442,1.5475835661776567
259,114,1.0,1.2124632235126784,1.3454659871251833,1.199783403805533,1.2265123,1.2467131315618014
259,115,1.0,1.1606287902381691,1.2952995014118036,1.1995426015976778,1.172182,1.2069111679543543
259,116,3.0,1.6409925853598544,1.5947419881473337,1.2000995020952943,1.5928975,1.5122691116903564
259,117,2.0,1.6122336189381579,1.6605153227093354,1.1998693460953958,1.6255159,1.529945911925528
259,118,1.0,1.6486545116020246,1.5940687409509835,1.2001066138685064,1.6231738,1.5218032897705092
259,119,1.0,1.2122610511352567,1.3438309582197612,1.1997836684309084,1.2073308,1.2413294553457916
259,120,1.0,1.6497814421376986,1.5950305226600552,1.2000964601105981,1.5927073,1.5145167433831432
259,121,1.0,1.1452581612593618,1.1394387659832514,1.2004976258488753,1.165429,1.1620741296898713
259,122,1.0,1.1759223861895964,1.3447606805385304,1.1997835025814474,1.186647,1.2270646991991176
259,123,3.0,1.6340731500529824,1.5940046221703785,1.2001072921860267,1.6769178,1.5318791155468103
259,124,2.0,2.0925288239492223,1.6619579952729433,1.1998680866305877,1.70775,1.6729428014764254
259,125,1.0,1.6421850595431549,1.6597138379517755,1.1998701075392655,1.6256385,1.5373542725626521
259,126,1.0,1.1590769233571379,1.296613936414202,1.1995416846395008,1.1607699,1.20392442626131
259,127,1.0,1.7160649934189822,1.593555790706145,1.2001120453096752,1.6911229,1.5561583682282825
259,128,1.0,1.1989565689670538,1.1381563903711558,1.2004964083517988,1.1898162,1.1815920817399403
259,129,2.0,1.2033096359342481,1.3439591957809707,1.199783643151095,1.2014924,1.2375994614356312
259,130,1.0,1.1747477588350976,1.3456262840766953,1.1997833846153974,1.1772541,1.224577785786181
259,131,1.0,1.7052251320842695,1.5929146029000971,1.2001188503136524,1.6580455,1.544772352013882
259,132,1.0,1.1507262381774244,1.1381243309808533,1.2004963793858585,1.1898162,1.169378710688997
259,133,2.0,1.782161449073157,1.5956075916854984,1.2000903868027868,1.7762643,1.5952322720427403
259,134,1.0,1.631898168725638,1.5952228790018697,1.2000944340906046,1.5530947,1.49988127638027
259,135,1.0,1.1998663080991405,1.1129789664353602,1.1997663100418718,1.2066385,1.179591330880723
259,136,1.0,1.1989995701899365,1.344472146025809,1.199783549719668,1.2311598,1.2442463224640867
259,137,2.0,1.6964860585091739,1.5943893348540072,1.2001032249003727,1.6980873,1.5531984667747167
259,138,1.0,1.6409925853598544,1.5947419881473337,1.2000995020952943,1.5928975,1.5122691116903564
259,139,3.0,1.1221648596757026,1.2970627678784352,1.1995414106804765,1.1669071,1.1962706836578498
259,140,2.0,1.1221648596757026,1.2970627678784352,1.1995414106804765,1.1669071,1.1962706836578498
259,141,1.0,1.0422260552354192,1.2930232847003336,1.1995445940319363,1.2332882,1.1920422388856402
259,142,2.0,1.6856252350877035,1.5946137505861242,1.2001008552180112,1.6990657,1.5507571122862573
259,143,1.0,1.6645194617143122,1.593876384609169,1.2001086493497122,1.763314,1.5617068882807694
259,144,1.0,1.142190933438374,1.2956521547051298,1.199542338797665,1.1381602,1.1936100411251997
259,145,1.0,1.6717357395631567,1.5947099287570312,1.2000998403078065,1.6893388,1.5447720051181546
259,146,1.0,1.1584212587975475,1.137130489881479,1.2004955170702616,1.1749771,1.1672690383216409
259,147,2.0,1.1613296693904331,1.2979924901972049,1.199540906585556,1.1516759,1.2025111528230892
259,148,1.0,1.1721453335881773,1.295908629827549,1.1995421554136423,1.1665279,1.2085296927554716
259,149,1.0,1.2648426130067707,1.11230571923901,1.1997703618253037,1.2217907,1.1997505034493736
259,150,2.0,1.6786980416982942,1.5942290379024955,1.2001049188321018,1.7540394,1.5630049570669975
259,151,1.0,1.6258764365241105,1.5939405033897738,1.200107970672896,1.5973891,1.5093947786631672
259,152,1.0,1.1236508912719514,1.1377716776875269,1.2004960655201549,1.1673003,1.1566637867214593
259,153,1.0,1.1774382909095145,1.3450171556609498,1.1997834639556777,1.186647,1.2275132115450025
259,154,1.0,1.1998663080991405,1.1129789664353602,1.1997663100418718,1.2066385,1.179591330880723
259,155,1.0,1.1808736565511468,1.3441836115130874,1.1997836007566383,1.1971539,1.23086600404746
259,156,1.0,1.3618529577756926,1.5918887024104205,1.2001297744736708,1.4824979,1.4126042656738285
259,157,1.0,1.192506283811878,1.1372266680523864,1.2004955975103595,1.1687737,1.1743282236246
259,158,1.0,1.6966937216130047,1.6601306100257067,1.199869706100577,1.7618678,1.5861877765676282
259,159,1.0,1.1926127509425903,1.1140369263153391,1.199759941492091,1.1769835,1.170417351135681
259,160,1.0,1.2361447141868245,1.3430615328525035,1.1997838362435718,1.2541498,1.2591848686607257
259,161,1.0,1.6964860585091739,1.5943893348540072,1.2001032249003727,1.6980873,1.5531984667747167
259,162,1.0,1.1952539399627697,1.3442797896839946,1.1997835833102033,1.1937002,1.233643772966708
259,163,1.0,1.1489390791714555,1.1118889471650788,1.1997728696530954,1.1643181,1.1555768572498284
259,164,1.0,1.225222975222609,1.297607777513576,1.199541104811532,1.1723871,1.2238938963070658
259,165,2.0,1.1694663484998138,1.3449530368803448,1.199783473324229,1.186647,1.2254795941855772
259,166,1.0,1.1820338388019795,1.3437347800488542,1.1997836878963704,1.2029234,1.2325255468945304
259,167,1.0,1.6507180106794368,1.5942931566831,1.2001042411327758,1.6080896,1.5185135772471925
259,168,1.0,1.1896914697166563,1.1133957385092912,1.199763801416547,1.2185128,1.1801663347303828
259,169,2.0,1.6497808648037355,1.5942610972927977,1.200104579958601,1.6080896,1.5182683889324473
259,170,1.0,1.6258720744815072,1.59509464144066,1.2000957845886016,1.6960963,1.53499491558072
259,171,1.0,1.1345378767469043,1.1343413229251704,1.2004934635658326,1.147496,1.1534716026604683
259,172,1.0,1.6656104074267668,1.658110868436656,1.1998717627729933,1.8031545,1.5883985424288194
259,173,1.0,1.2549314018348428,1.1109912842366119,1.1997782699100752,1.270983,1.20952629687552
259,174,1.0,1.669755088707564,1.6596176597808685,1.1998702018786747,1.6826407,1.558924258830367
259,175,1.0,1.1186040325541653,1.297030708488133,1.1995414295906868,1.1669071,1.1953614660551164
259,176,1.0,1.6356920304375568,1.6583994029493776,1.1998714518039366,1.5660717,1.520103760205458
259,177,2.0,1.1916994481610959,1.3428050577300845,1.199783898316932,1.2598268,1.2493283670903716
259,178,1.0,1.2052291474555978,1.3441515521227851,1.1997836066682077,1.1971539,1.2370213352206834
259,179,1.0,1.6030118493518952,1.5931069592419114,1.2001168069794945,1.6457299,1.5157960923431038
259,180,1.0,1.2281965913811832,1.2951392044602916,1.1995427251185389,1.2041365,1.232163754768826
259,181,1.0,1.1574575537063707,1.134373382315473,1.2004934841127606,1.147496,1.1592798137511262
259,182,1.0,1.1561930158278515,1.1116324720426596,1.199774412760793,1.1906548,1.1641016666875448
259,183,1.0,1.6680076424450876,1.5928825435097949,1.200119191017975,1.6580455,1.5353459974217185
259,184,2.0,1.1667709955309205,1.1353031046342426,1.2004941108041318,1.1867164,1.17192965418647
259,185,1.0,1.116472868385448,1.1336039569482157,1.2004930105746523,1.1305165,1.1443591845347436
259,186,1.0,1.6122336189381579,1.6605153227093354,1.1998693460953958,1.6255159,1.529945911925528
259,187,1.0,1.1299087929378135,1.1322254031652128,1.2004922639628053,1.1379697,1.1493215489593211
259,188,1.0,1.6601713967159102,1.594036681560681,1.200106953006346,1.6769178,1.53849161558635
259,189,1.0,1.1391225127488804,1.1331871848742847,1.2004927710927888,1.1556079,1.156419768103816
259,190,1.0,1.6898915211479446,1.6564437801409313,1.1998736714904423,1.5107803,1.5191465177864378
259,191,1.0,1.3277241196466252,1.1111836405784261,1.1997771128603565,1.270983,1.2279957516076578
259,192,1.0,1.1641984339211935,1.2957803922663396,1.1995422462877274,1.1717614,1.2078282642806073
259,193,1.0,1.286243596500319,1.1104142152111685,1.199781740529562,1.3040304,1.2257795339377335
259,194,2.0,1.174020620047014,1.2954918577536179,1.1995424567258655,1.1824814,1.2129899126804988
259,195,1.0,1.209880134199074,1.2947544917766627,1.1995430319546225,1.1596085,1.216012696130627
259,196,1.0,1.66610719329884,1.593074899851609,1.2001171474311862,1.6457299,1.531755077357527
259,197,3.0,1.3553119396361728,1.3408494349216384,1.1997844720055424,1.3965317,1.3252937254888386
259,198,2.0,1.2496597300185597,1.3413303257761746,1.1997843145140972,1.3228239,1.279777533429462
259,199,1.0,1.4168831653154885,1.3397914750416593,1.1997848559957347,1.4675099,1.358808759836942
259,200,1.0,1.5419945162259583,1.5927543059485851,1.2001205542745537,1.6661373,1.5054997852939798
259,201,1.0,1.3296748012596646,1.109708908624516,1.1997859812631912,1.3137271,1.2390794173334667
259,202,1.0,1.6254999373061878,1.5932672561934236,1.2001151054004,1.5544634,1.498123125698828
259,203,2.0,1.1984702374716278,1.2950430262893844,1.1995428004616004,1.2127473,1.226824944631237
259,204,1.0,1.1935116646525399,1.2941774227512197,1.1995435196678665,1.1666394,1.2135275254491968
