unit,time,actual_cycles_to_next_stage,random_forest_prediction,ridge_prediction,svr_prediction,xgboost_prediction,weighted_ensemble_prediction
13,1,2.0,5.132155855339988,28.4444660587789,1.416458836835659,4.7985473,8.526867681319628
13,2,1.0,11.77602239789196,11.967132915079873,9.50330085112261,11.279153,11.085490714020409
13,3,1.0,12.583705641811878,40.15113511250796,8.294499139583731,1.9986112,13.890805519464443
13,4,27.0,5.132266073181248,27.663250128542927,1.420170050024808,4.7985473,8.378579928872117
13,5,26.0,5.095660982861755,21.203063449965185,1.7450271018656665,3.507496,6.872251128927333
13,6,25.0,32.45501820871164,-9.752115408146608,18.710380043821566,12.5495615,15.457223969835132
13,7,24.0,6.960491922912503,5.863067546911168,5.291528903887965,5.5261254,5.929877133296935
13,8,23.0,12.788838226192937,4.673372174417352,8.189306731383752,11.288294,9.63376358378245
13,9,22.0,9.416154715282621,7.752409159385792,7.300731783409134,5.061461,7.377031631205272
13,10,21.0,5.423531816666166,0.8611587703421151,4.885741966569988,3.4569137,3.8834536922051655
13,11,20.0,5.022197263502923,15.435896659416386,2.0463786039937872,3.4619942,5.8161568404901915
13,12,19.0,5.345921060497073,12.406402417085857,2.221178119709606,6.151551,6.095044337631687
13,13,18.0,5.667358415498687,24.783781357892394,0.8411474810066579,7.5225997,8.557506609779377
13,14,17.0,8.50422554687936,1.5970175077666227,10.353701136209537,8.596075,7.692078366323646
13,15,16.0,5.174741781420121,9.677463763771883,2.8663661769549122,3.7144814,5.040311339393986
13,16,15.0,5.283066407862428,17.80836649022868,3.8391736674855466,5.078099,7.24441310691792
13,17,14.0,6.473297627852709,21.313258142253034,2.3338373015130145,7.20888,8.425177158109578
13,18,13.0,13.193247222397268,35.41957591519575,9.825929791157044,15.17809,17.093584971779904
13,19,12.0,5.568517045269812,20.00157446694834,4.308832217194258,5.041761,7.856202443122254
13,20,11.0,7.790520002774874,6.471945261685335,6.754907595398954,5.938291,6.770967837962925
13,21,10.0,5.840349829957344,-1.1701639013661236,5.930803040047415,7.7379956,5.033514058483615
13,22,9.0,14.770619078988645,2.8991722261402515,11.886811244940844,10.04564,10.480739556873456
13,23,8.0,5.053770950316716,23.80287584207423,2.14842524662847,5.125405,7.896906487395439
13,24,7.0,8.452525218391889,22.879433133992677,4.679894246144528,4.7985473,9.243386698087042
13,25,6.0,5.474544482201353,10.272940428410351,6.73088422535244,5.009932,6.595030585971217
13,26,5.0,8.78792986680787,22.84559903990035,3.8071122436275644,10.1140375,10.528986124436447
13,27,4.0,5.152129696566846,17.325088198081602,2.4732559298633134,3.980263,6.4640595191406245
13,28,3.0,6.349778522903513,24.889346543550147,3.976290744775852,6.026706,9.185896169388563
13,29,2.0,8.537303105084796,2.8098973082041425,7.158792124974134,5.7707944,6.340316462777254
13,30,1.0,6.43591907959881,14.418226693335441,4.2491267481028245,5.8107786,7.222289100535584
13,31,1.0,5.163829218263564,27.099482674900116,1.9590754204176122,3.613514,8.10244691119596
13,32,14.0,7.9702744199538005,6.436289138190546,8.33401040307147,4.229939,6.7684571679075525
13,33,13.0,5.143252822554093,18.306289549232858,2.0777930952381,3.7507095,6.484175587115353
13,34,12.0,5.201911068616754,17.290032753603327,3.2571855081020686,3.7507095,6.61445794812656
13,35,11.0,8.701411647197101,3.974476274369323,8.93896875969564,6.526895,7.2766474398568946
13,36,10.0,9.513846770661466,16.2426742362058,3.996617511225402,14.552484,10.710489074007546
13,37,9.0,5.1961407691323895,10.437567950579478,4.078744678204544,4.2872586,5.661962591958829
13,38,8.0,12.811067374964528,18.912035954031495,7.971540711869707,7.0703278,11.172182159777869
13,39,7.0,5.342625990508197,17.788171726945436,2.7307083250249207,5.1557217,6.988447245767249
13,40,6.0,5.351366243970404,27.65129587024657,1.5233770074852515,4.216495,8.308265656447556
13,41,5.0,4.597603757040172,19.66750373739474,3.292342250465211,6.348471,7.6062693582433445
13,42,4.0,5.1950359843749006,7.590475015739429,3.200152104369387,3.0413249,4.5537220868046795
13,43,3.0,7.128411789270311,6.744600575534207,7.877928497909409,4.472858,6.5382650664605
13,44,2.0,25.08286715937262,18.114109871931532,5.66474930461667,38.555008,22.293592970839484
13,45,1.0,8.5447659049047,24.234978883055632,4.658568723550765,6.3690276,9.944050946987899
13,46,1.0,5.733418507477048,35.47309132961921,4.486659960839518,6.590286,11.320817311521166
24,1,314.0,166.15155306847348,72.65093448841907,165.5255571820618,154.77394,145.06720918591262
24,2,313.0,151.29548211366009,76.77011926959518,115.60152043751413,160.63968,130.2367663956065
24,3,312.0,199.39039026152363,80.53460582351582,183.86313238816797,195.82748,171.6650144416477
24,4,311.0,200.11819651441007,83.74545915571102,184.15144119561853,221.96413,179.5708298414328
24,5,310.0,168.65940148910343,82.86420651672296,155.21086535515587,145.01743,142.40673448719645
24,6,309.0,157.07462079027334,82.45935265037957,172.03630102971817,185.03389,154.22713301753657
24,7,308.0,159.75349464106034,74.3395179639058,163.96019596029382,177.96808,149.41786810484615
24,8,307.0,191.7694361730584,59.26717298839259,121.0165670391079,208.90767,152.56429320717672
24,9,306.0,142.14128197829044,73.67581870925511,170.84647567251238,132.31932,133.92093715905298
24,10,305.0,184.70864747113615,52.87309070985451,102.37771608281825,212.64705,145.5044509521686
24,11,304.0,193.21516690148238,78.5796510735542,170.780731491033,198.66331,166.90992425178834
24,12,303.0,146.65053907699698,75.29406519363025,164.79694950259005,166.89003,143.1862088785304
24,13,302.0,190.35469556776872,88.99374095234842,167.1175173649981,187.84546,164.24115542237817
24,14,301.0,162.13847484644927,81.19424189831534,138.88480885214852,165.49828,141.49712558279225
24,15,300.0,144.7168023502661,74.62090512536145,159.91485479846102,142.78474,134.7735294986138
24,16,299.0,146.07475595077662,56.616872478665,115.38989442643687,175.34059,128.8169101313896
24,17,298.0,208.16548285530615,84.06775353667848,186.04603626962978,205.11021,177.85247837249045
24,18,297.0,140.53582513864185,54.90844881225753,109.72171354402002,113.89147,108.97301854994325
24,19,296.0,170.1922343738221,69.03824239952897,113.24971112741181,148.7009,130.21939971252465
24,20,295.0,205.49660214956202,54.98859626606418,99.9686393080392,203.42352,148.61080421136984
24,21,294.0,139.12579055103532,58.3127561938329,127.7215010113835,140.5409,121.08316531016551
24,22,293.0,209.18015435496216,75.59165956689671,174.31470055774076,157.76193,160.74582556029873
24,23,292.0,159.0864202846309,68.53574516223688,133.38634125097752,160.07578,135.33411857954061
24,24,291.0,160.42617500325284,78.82695355501568,179.71846890328675,201.9841,161.02451815198907
24,25,290.0,127.71065844984443,62.58578686478617,129.87843636587712,147.42259,121.12138458784895
24,26,289.0,144.3885575143073,68.79252639437232,151.3397308918722,153.91006,134.31333030312678
24,27,288.0,193.8169275693184,73.77894025565199,172.5777533433939,207.7536,169.06938375088902
24,28,287.0,138.64352002973058,73.43075564751942,160.9395875035824,106.64158,123.41857552427365
24,29,286.0,142.60752061834344,62.444621615541266,138.5204352963986,142.09334,126.08295091433101
24,30,285.0,143.05159715260623,79.12711322028622,178.5143839198982,167.74748,146.72703292401147
24,31,284.0,208.17123371510957,70.07517810548403,170.06598006866648,200.29787,169.7141882635005
24,32,283.0,176.28783819485423,77.28913818608278,176.61338105293208,140.51344,147.8546591249286
24,33,282.0,185.83276931932028,70.58679976886924,149.87200922799434,165.9655,149.08403294886827
24,34,281.0,208.7359296339698,92.0293339652685,164.21542951436226,207.20512,174.3924374531262
24,35,280.0,212.58356709476956,63.9463458691218,136.2039146391263,178.74103,155.14474125116038
24,36,279.0,165.00823567787106,66.59374212207335,104.38373847375254,155.90343,127.92089746254123
24,37,278.0,177.36273599180493,69.90198786902252,141.61768402861753,173.75745,146.52189785632137
24,38,277.0,154.71904086436626,65.03159740270308,140.42265948206096,136.83936,129.0473695061532
24,39,276.0,172.56448920667094,85.7688186324581,182.16036744931313,212.7534,169.269373196101
24,40,275.0,142.3383575890491,68.24485055839097,135.7140556734116,135.08493,124.50237431454121
24,41,274.0,242.3611368085066,74.96368859901139,178.8076014972347,233.51738,191.39623797259716
24,42,273.0,158.18798526239033,87.81372741957799,145.85494092533267,150.19255,139.37228709954059
24,43,272.0,218.7660534615939,73.24582557893937,177.4745350254222,225.47165,181.97008562775363
24,44,271.0,160.7161803664345,62.957376057732844,138.14019065448883,184.42409,142.49895583299363
24,45,270.0,166.3797692546129,65.2057178986385,145.6727550068639,153.11374,138.07639212476067
24,46,269.0,245.7357256842779,78.62183463009889,179.6412382924301,184.70004,180.1558042511881
24,47,268.0,138.93598152412906,69.47040771282266,161.891171068618,153.94926,135.68680599293145
24,48,267.0,192.78338778388755,54.96999932418217,93.32537789912382,168.80623,134.03135484053047
24,49,266.0,208.51126216936643,68.9226861505247,162.8428692005973,164.98102,158.22489867011166
24,50,265.0,131.8637267818019,62.04106148089994,135.32002533346906,137.56903,120.95472534992443
24,51,264.0,187.334011386534,69.35644806681366,170.7803928759194,195.21634,162.57960310268257
24,52,263.0,157.51545504308106,85.81358475334721,170.93514115273103,175.22633,152.07178134612047
24,53,262.0,160.68133347309703,82.47598799011766,151.65902313372405,162.8323,143.95676057613542
24,54,261.0,193.29729424466285,77.30884139124645,172.29795887219183,192.93124,165.5482030280943
24,55,260.0,158.9641896547656,83.84348771843361,174.5432871943063,146.48877,145.3309796820614
24,56,259.0,154.32002121652624,77.70296392650364,123.49250563889224,168.76848,135.50258877984248
24,57,258.0,212.44762316117414,80.40305578000651,181.67573652028665,212.85304,179.28431784294696
24,58,257.0,160.52841205789647,81.75992866936042,180.73522552795464,190.50916,158.79993402574559
24,59,256.0,151.64013555569102,64.31607725067099,145.80961045469707,156.27898,134.67442143534902
24,60,255.0,210.29608583894657,82.81144538281532,179.77112727277415,223.7051,181.5581195356687
24,61,254.0,156.7968290471705,77.97114098508084,167.21365598698094,185.34547,152.11561076094398
24,62,253.0,175.6250783130161,66.11142237248762,155.4077442338701,179.80766,150.53819182189437
24,63,252.0,161.39689565949445,77.7382959596422,178.97895260956204,176.95766,154.1787223882766
24,64,251.0,197.2943286660798,68.47136859840984,159.642665727868,184.92049,159.52016310763867
24,65,250.0,235.8656423339094,91.18974722855114,177.95625524732657,206.4097,185.18606212001964
24,66,249.0,185.2330256306582,56.59775644018322,115.04833602138171,174.97646,139.5640386141989
24,67,248.0,155.2564674433471,66.75123247070913,133.53736844860316,150.79277,131.4717247163889
24,68,247.0,209.64574274666498,73.1338817934834,172.02555310427607,215.12099,175.20017573304054
24,69,246.0,220.10094997122778,72.4871388230697,178.60139371934412,186.98103,172.16359829628288
24,70,245.0,150.4286899474903,72.48895100292957,125.84027703006774,139.56737,126.19664183626445
24,71,244.0,143.80339568325158,74.23362732520764,132.72329118475602,158.83421,131.64771730049688
24,72,243.0,151.34133189436457,71.49832421626358,155.1475653537975,168.40288,141.65627321173102
24,73,242.0,138.60559176517876,73.83217296218318,166.31373735181177,126.94833,130.3378298042149
24,74,241.0,189.43397865985827,65.56515104668702,142.60779813916162,159.062,145.3800993218962
24,75,240.0,134.5439406052347,65.39128866074523,137.0880729579656,135.8187,122.33576787029936
24,76,239.0,211.7728095583825,78.71434363412838,172.46406759629104,178.5691,167.1667776911033
24,77,238.0,157.55089147758824,60.70339217610277,135.9403673515522,140.8656,128.92073594706594
24,78,237.0,214.27116061128518,75.32597674886674,185.95688359305836,228.7785,184.21536142298152
24,79,236.0,183.47336776434003,81.82811561973442,181.53143487848337,203.73271,168.97843915692158
24,80,235.0,158.09243988783234,76.7841051706524,114.88346048011829,131.47865,124.12518804461449
24,81,234.0,222.28574474122212,71.99240484815122,151.29609824134073,200.05559,169.05463120624668
24,82,233.0,135.36024719403412,77.16570187458771,172.04384652051868,131.20346,132.7071223159614
24,83,232.0,170.19229753110756,73.84461832281454,115.31682712707642,127.85745,126.08468621453271
24,84,231.0,169.09779438343858,64.20467681226249,145.09414522879888,155.24467,139.06496588610509
24,85,230.0,164.33227281634143,91.23978504833713,180.59368571105318,168.74129,155.79573920871104
24,86,229.0,203.63702015135735,61.796962080510426,100.71333126727879,185.57309,144.79691833054622
24,87,228.0,150.31016027541708,86.50169079352132,131.29723065690007,147.60446,132.42359962360848
24,88,227.0,102.97167773659265,67.61702485295501,98.4981216252207,92.82717,92.3246246394046
24,89,226.0,179.8170755731249,72.91681436427703,145.28472206635053,174.67201,148.98695704088942
24,90,225.0,138.62676152017673,68.7493093309794,123.62557283981509,143.38402,122.63109594999324
24,91,224.0,158.8878997730596,74.90043471699873,181.1738382084697,156.92447,148.13318974644798
24,92,223.0,128.54526066074584,54.32853861605041,102.71401981457862,137.08011,109.90485355384818
24,93,222.0,177.42925358076553,68.66816626968023,168.00079327106965,188.6335,157.18886113797657
24,94,221.0,198.0265277364577,73.65028601314226,172.22008369383298,204.20052,169.1737416025385
24,95,220.0,133.16424338949435,68.65362461460572,110.72381880680616,144.58687,118.03937385744253
24,96,219.0,135.9033030007588,69.16009000172363,162.02841037571983,153.94926,134.81626678258078
24,97,218.0,159.6410553027541,70.91578132706525,171.5747509530555,180.40274,151.37473091966746
24,98,217.0,176.82223727883576,67.21413649861661,157.5462336800545,167.74858,148.40597378838638
24,99,216.0,150.34193239174675,81.97803555264164,135.08803928945133,162.64085,136.59325357715386
24,100,215.0,157.39968410283703,70.25523903981669,127.27866099015917,142.17665,128.79287795487758
24,101,214.0,206.00507170423967,41.13205429369057,56.29464331341307,195.19579,132.48773335238835
24,102,213.0,184.92344227515633,72.56758601553021,172.89054223186713,182.73889,159.7229147445381
24,103,212.0,158.1311815962914,81.86157592902052,181.41501783435456,168.5496,152.43462613420445
24,104,211.0,181.31071958331785,74.91497706499337,172.28782736773803,185.45697,159.73431510953714
24,105,210.0,219.53203207502554,61.12101411469433,98.22216379669968,180.44502,147.08068200405222
24,106,209.0,181.16980172599372,65.98577999122388,135.8031089708016,165.13353,143.00374771258686
24,107,208.0,161.82325241934106,85.14602541905387,175.4886078803533,178.4029,155.18942006793884
24,108,207.0,168.07657416721358,64.02759857943937,144.9020439726,167.11317,141.88054334885985
24,109,206.0,193.04667375400732,88.32363035735429,161.30773185673428,173.42458,159.47752484642888
24,110,205.0,182.57354924655345,62.698174725154146,146.73780099443547,200.0728,154.9999068488479
24,111,204.0,143.89354006495006,84.08221192335908,112.06389381451677,146.24326,124.7792066109137
24,112,203.0,187.66352530956036,77.7428458394326,173.40247218547057,189.30226,163.3722312061456
24,113,202.0,213.1252302612189,61.47924739742756,118.74942568304029,215.7968,160.20853066775842
24,114,201.0,153.4255699047152,68.81971150243146,156.03970725427695,180.5349,145.2151922540346
24,115,200.0,153.228551491023,71.15211980086843,162.836125737173,177.6528,146.607961155884
24,116,199.0,131.56592613978688,65.87760593891988,148.57769874478038,140.1339,125.75636411809877
24,117,198.0,184.02665691882507,59.03139969913677,111.93369669677215,175.50302,139.01977619202128
24,118,197.0,209.9038816633318,75.65526113573121,181.38647785975502,212.46608,177.48710313671464
24,119,196.0,163.85500010171424,69.93146096379562,169.9502861840126,177.4991,151.1601270927913
24,120,195.0,175.00502292777233,41.54245226009439,62.63158641358237,141.72763,111.21475622799606
24,121,194.0,124.30796433613608,58.16881536608496,122.38843795508996,138.78595,115.05260585360175
24,122,193.0,209.12481066148288,88.4777670372308,181.57949785350013,194.37766,174.91632780460003
24,123,192.0,224.4720648675906,76.20933128015305,184.1237071425041,232.79858,187.83336493992073
24,124,191.0,159.64521615692053,82.16781253106726,139.83868504356857,153.93362,138.13263141673707
24,125,190.0,71.55405876201395,62.64753249787377,68.50850985824435,65.21046,67.35416507340673
24,126,189.0,183.27263173209462,72.95510542956251,172.29649771602072,166.36792,154.78761337427278
24,127,188.0,134.23003915096842,62.411608425345094,130.12345217588623,141.7125,121.44083001011728
24,128,187.0,233.0711402642221,64.29691250610885,147.06717794058144,223.94843,175.90339339496495
24,129,186.0,154.20835757089932,76.50637166669893,164.4409884851887,147.921,140.3457066209042
24,130,185.0,185.22705487530203,82.79391834212117,134.5060615973562,196.80235,155.50832872499848
24,131,184.0,161.7593112632089,81.16400383155403,121.33698529391542,146.10167,131.5963138741052
24,132,183.0,225.60900439123031,67.77600668060278,157.1916822989744,189.34059,167.84198463008522
24,133,182.0,133.1259052680042,52.84647389491168,77.49540543870165,176.81868,114.97668834597991
24,134,181.0,160.7680450789578,72.72404171783765,125.76769918416608,152.30571,132.52887111923474
24,135,180.0,217.75003843469452,59.28159364287637,107.5293373145215,196.2614,152.90704505224
24,136,179.0,157.58727870268007,56.3356435053945,110.12649522632776,154.61887,125.043296765718
24,137,178.0,204.53884080683278,63.7189677305674,149.02599226023898,187.52536,158.56106488888867
24,138,177.0,169.69160711315686,82.0173283738316,169.9264628629174,212.2937,164.43070400149452
24,139,176.0,158.10442603529694,76.98397372274938,141.52526340768551,161.21837,139.10705659730556
24,140,175.0,188.46777217642412,66.60210238124532,162.17936289262775,167.60481,152.71362241305513
24,141,174.0,132.45861630624643,69.49591562632378,132.07878832804403,119.31038,116.7991457986322
24,142,173.0,117.13540272569571,76.91905941276433,114.00894583790108,118.63678,109.03631644898611
24,143,172.0,202.75844717209537,60.35357792940583,130.81482452478528,197.69441,155.39201684774207
24,144,171.0,218.80678959898123,75.65743274736317,179.99801999076846,225.46304,183.0992322990593
24,145,170.0,188.24522610532432,63.1582733906051,152.23205039519564,181.47458,153.1166219705915
24,146,169.0,160.79986542030886,76.89184467840062,162.74572420155536,138.42508,139.26946896671126
24,147,168.0,151.56189912582175,66.82955903075461,153.2330201859046,197.75235,148.20131461302026
24,148,167.0,213.04698500096455,74.33600397627116,170.6353822111658,187.40059,168.57815323910992
24,149,166.0,141.70465417326142,82.90557191463327,167.66232084095202,165.08417,143.5232063040155
24,150,165.0,156.0996724766573,100.11724251966372,130.12085512194648,138.29297,133.83662171399465
24,151,164.0,160.80811410795184,86.27432240477381,159.72399385666256,167.62967,148.11224231191585
24,152,163.0,135.384758206117,75.28832311751898,136.998701473665,142.9764,126.35930312340915
24,153,162.0,156.25110899091524,81.9483321798234,132.70810052850865,154.5796,135.45321179028974
24,154,161.0,62.639565559697274,70.80669320545856,81.76119874307729,74.25213,72.31173470904521
24,155,160.0,156.09148834404186,80.74167832231606,138.99028048988384,166.99272,140.15017318659784
24,156,159.0,158.02030670180443,86.19921181367148,141.15352560897105,170.59799,143.26442469966005
24,157,158.0,160.7603918118154,71.67102259064617,110.39023563230114,163.13657,131.214736753563
24,158,157.0,131.25487025866525,61.086652213427755,122.21749871468954,132.0495,115.69826637290299
24,159,156.0,144.3364543500719,70.78424848050014,111.65563638679572,128.9875,117.62458276857173
24,160,155.0,105.83277809779248,65.25744821637224,104.70599036621036,117.60884,100.94463619161827
24,161,154.0,177.84999223722872,63.65624457706319,147.65206895644135,156.35512,142.3710407370018
24,162,153.0,175.23529562138614,63.386307445959716,148.67715555782019,158.30489,142.38012067121534
24,163,152.0,156.23489902514814,74.93671048515458,140.40820450945847,158.89772,137.27908094933582
24,164,151.0,185.90067440617727,90.5283636794938,180.73971040104948,146.98335,155.8838179612343
24,165,150.0,168.9256359807628,79.42930385067243,106.52401834081552,150.30362,130.52439046226124
24,166,149.0,177.3636692625852,93.33834404921797,129.31266271043802,215.40375,158.96179963816223
24,167,148.0,141.47757518215124,99.32094245604748,132.9723006660009,114.18113,123.87481681998659
24,168,147.0,168.8224473326582,66.20323048999589,156.4132528727265,162.35144,144.2340114935415
24,169,146.0,148.06437121842103,83.38414757090013,166.2082844225664,165.4913,145.12046278479258
24,170,145.0,153.98580885401594,75.12636862192215,158.64632113230613,147.57079,138.4120662304519
24,171,144.0,181.37394607797717,77.8903372321927,177.59523817248407,193.95517,163.98749801395618
24,172,143.0,134.73385548343632,67.84789391071206,110.92543857301655,147.70915,119.21434587193988
24,173,142.0,182.09495644566982,85.1177863791432,129.45994867884048,186.24445,150.92616188576744
24,174,141.0,153.24517862843118,67.26240365559426,116.86487302409799,150.79202,126.65193334556155
24,175,140.0,164.04224199061773,84.78711511100087,120.48749119705471,187.39803,143.78608380582898
24,176,139.0,99.61476248453047,60.439641083183105,83.3974928723509,98.09951,87.48534311078856
24,177,138.0,131.80268374065875,71.46694342436595,97.7680442376121,125.56999,109.70906735801697
24,178,137.0,168.68456790446825,90.73589079122601,127.25600292874924,129.23122,132.37901943637718
24,179,136.0,199.7029465676651,67.30848834379924,162.6413835906755,203.83449,165.82956502416857
24,180,135.0,143.16573027587353,57.98282424822153,110.97531721021691,160.72754,123.19080130800471
24,181,134.0,158.0564711827971,91.03324812173875,141.2649892628466,172.39365,144.70926816594462
24,182,133.0,168.04093016648073,88.71054577696592,148.6012183217572,179.70993,150.9340602554671
24,183,132.0,158.41222525773927,90.31525630425114,138.18248868122086,162.2073,141.13271877697036
24,184,131.0,169.5110758359848,85.86573821550415,144.78574212870183,165.27504,145.93079531471412
24,185,130.0,153.05307380586683,84.09665619663804,154.2950440336561,186.18622,149.0912560133168
24,186,129.0,155.53282463166764,71.16381464299661,126.44219412418522,157.90945,132.44834787764606
24,187,128.0,141.39341531066327,76.07850843607508,129.16013549650648,142.46678,126.00417187488311
24,188,127.0,208.0692106757504,70.72004920231868,145.04928405218925,212.11435,166.44451529353478
24,189,126.0,130.79880423430197,75.73083693989818,114.12972596949565,129.85042,115.66639740824111
24,190,125.0,154.4068892483998,75.64679729162422,118.69766183698566,158.87936,131.2276420618565
24,191,124.0,174.6227561627005,89.15182226058047,126.84253560087336,190.29395,150.0128045051325
24,192,123.0,154.4955058271651,75.95109709898975,132.37898587749743,154.6743,133.7562139189651
24,193,122.0,156.05960734924076,76.3844790376462,131.01129880683698,137.49323,129.3081800500179
24,194,121.0,143.25428013690941,75.77923040153868,153.15270236242685,147.45851,134.07401819013762
24,195,120.0,92.37115184661167,61.05185711787463,72.08665768132961,53.20492,70.57701211343503
24,196,119.0,50.586227642578294,59.74044759222801,50.924657947421444,55.125156,53.64197957674282
24,197,118.0,159.95212169003938,60.77986286258036,126.5112358049183,117.64593,120.9119451014241
24,198,117.0,112.24164486756752,61.0167399338504,89.39099745663563,120.1015,98.59242098369356
24,199,116.0,157.8294022676491,58.442387944370125,93.35131075927788,152.15546,120.47017074170112
24,200,115.0,121.23192152926272,67.50679495729705,95.38557515058473,117.81011,103.29494852034543
24,201,114.0,134.95225173968845,70.10860896402542,115.23946040518695,137.12372,117.99380314912774
24,202,113.0,162.54909595778102,78.38659984826536,133.63801585443926,166.22649,139.90004107572724
24,203,112.0,94.36039467594192,71.32926077826659,89.4629796766707,91.29428,87.85704996631952
24,204,111.0,53.21453693942522,55.33110233144987,60.39481867043282,58.3568,56.87466297742964
24,205,110.0,167.41058265482113,77.22601447640241,119.67968547060056,170.34355,138.4945254276172
24,206,109.0,181.84010652650622,79.38141739758217,122.54618622802367,167.32332,142.8752547955253
24,207,108.0,137.50747329764792,77.78403564078226,114.230023996851,136.20172,119.66316488690335
24,208,107.0,179.48170145465224,81.40073284442794,126.44760129800011,163.81429,142.67995666248848
24,209,106.0,101.70424513672204,69.57658677864129,96.09373714219757,102.60589,94.34102067054661
24,210,105.0,154.5985140404832,76.76716427736784,124.38152642162378,162.56253,133.96846189537754
24,211,104.0,152.64121428528156,82.70486277730636,124.79109012320069,112.54205,121.24069529104854
24,212,103.0,151.08303048922838,80.26437012030013,136.5390146764946,138.91139,130.4841586205311
24,213,102.0,110.86453475077556,66.67494644752935,99.83585374204952,108.78144,98.97994239823686
24,214,101.0,170.46788655601242,84.0901094033598,140.500507037489,173.81758,147.03161791760826
24,215,100.0,154.8037110867871,66.4911380203898,134.77168951346678,156.88976,133.25410123938371
24,216,99.0,156.6810974516299,62.20105340750527,91.95198804367132,174.03362,126.37302338416175
24,217,98.0,134.00377607722226,81.70113669812628,115.60244158809833,121.65554,115.88819724558894
24,218,97.0,107.96626217300441,73.25107518478488,102.62745955436519,113.8325,101.51176815372493
24,219,96.0,154.52256240784388,66.37961173709681,134.760374738812,157.92621,133.4294319315262
24,220,95.0,162.47385504046605,77.69452157766715,113.03592412631762,180.56786,138.213158130165
24,221,94.0,90.4502621077084,73.81810417811407,105.2593050121651,110.65016,96.56111576786942
24,222,93.0,162.69448888926132,97.21763804449111,132.10321317371302,139.2318,135.89438244113666
24,223,92.0,156.10102302812544,71.41251864051827,122.93501785280267,168.61157,134.61023482369708
24,224,91.0,153.8340713779719,62.88401783401156,118.01605695703792,129.2222,120.49231231269604
24,225,90.0,24.141600370972625,54.024068916163245,29.23894980865779,35.789944,34.309439663192876
24,226,89.0,168.1508022292897,83.026440436581,138.9575782456935,156.78331,141.20701661774086
24,227,88.0,177.62337975303944,68.21490825600746,108.42775226420778,151.955,131.75128294870552
24,228,87.0,143.8626463281444,60.250971231471965,102.1399225270459,137.19328,115.19547556414523
24,229,86.0,149.94546195009528,70.83596712876896,110.38548408958067,172.072,130.43085673067222
24,230,85.0,114.02493405346995,64.47266430031247,96.80266358562335,133.8627,105.3798944596782
24,231,84.0,148.43348907494814,73.13234983187911,108.48488306229034,172.15901,129.97420450735245
24,232,83.0,116.20224294373921,74.95347108074668,97.60864537054658,113.32274,102.68968057936189
24,233,82.0,159.59452316441448,87.59497339406097,126.65131613420422,157.63805,136.70461114470896
24,234,81.0,107.54111346234652,74.33587548123728,100.84982080113865,109.09455,99.86453096815134
24,235,80.0,158.77233832989157,86.18117710352183,117.9227865286964,172.32205,137.86493852670736
24,236,79.0,163.9442497731422,66.99188037831026,90.1306757956853,157.26752,124.34239920323503
24,237,78.0,95.61684882432799,78.85360763578821,83.39914113453139,96.418526,89.43684503817155
24,238,77.0,130.546084445595,66.62797792823902,103.5873366352018,130.96634,111.40166044036533
24,239,76.0,100.77671510570035,79.24708309701434,94.41796654968883,104.764984,96.07155310543172
24,240,75.0,133.75094779638692,67.51755856195831,94.08667354007054,123.36589,107.94537297297279
24,241,74.0,94.10895254028614,50.40850101710734,61.80240781983083,81.39809,73.90735261382413
24,242,73.0,81.70967126692541,79.02590544153212,87.73166924103745,86.10542,83.94955868414768
24,243,72.0,73.29051171639752,76.18612372360558,84.83133072956485,68.188614,75.48968193426778
24,244,71.0,124.11031103110881,58.98334937947645,88.79650265174288,111.31221,99.00514950646854
24,245,70.0,147.47715161667452,94.03224584405746,112.79110327292211,161.20912,131.88759083100945
24,246,69.0,51.81809237871439,57.93419634534884,46.813266551401284,43.871815,49.547072714263635
24,247,68.0,171.8827684958217,77.99471152922774,113.45045924616021,204.55615,147.4440517445384
24,248,67.0,139.93248161254056,79.99576814665252,113.3482505986384,151.88116,124.74031642939579
24,249,66.0,114.5779162818368,68.684325501933,99.48307695633648,111.988556,101.16960815600008
24,250,65.0,111.54181274977472,72.84119639888635,92.41186787105639,106.081474,97.68352709001599
24,251,64.0,109.72389385352554,74.39121435155941,91.41198304730585,88.70858,92.54882021693807
24,252,63.0,67.40132558483907,62.4059615848921,62.33444045908014,68.51706,65.42246600819898
24,253,62.0,117.75608179507046,81.74406245118047,111.00836777047392,106.12196,105.98958319263635
24,254,61.0,123.71083297492352,74.41421735058515,106.63408626817792,132.84242,112.279721506115
24,255,60.0,54.64818170132766,58.14478994445875,59.41729442341685,52.515305,55.98989776712393
24,256,59.0,122.15672074124201,83.74995045442827,102.84816460304893,124.80234,110.48311894819457
24,257,58.0,109.29733098930542,69.58292425673389,97.95766983717249,83.4247,91.8028992990667
24,258,57.0,175.08107649430673,81.62160624474521,116.61860823931661,191.05623,146.2355031154883
24,259,56.0,165.56314598472258,80.07926534691983,123.13022513893951,154.38766,135.14347871587324
24,260,55.0,73.95237174572998,58.358805395565355,66.63370401250864,69.42428,67.8454877236429
24,261,54.0,39.70298519248785,63.844281667753776,38.64741809137876,35.701077,42.96667135854936
24,262,53.0,141.4505527725531,78.08440275673043,111.9633072825995,125.27563,117.29783993804536
24,263,52.0,126.13331901424655,63.00847787175894,101.9228065492508,131.81233,109.26958587926376
24,264,51.0,160.43876805447601,76.97219724877345,134.38041779679276,170.88632,140.484680006551
24,265,50.0,65.51730277697479,47.79939227830576,46.003632782500446,60.04327,55.564832092050196
24,266,49.0,176.49311800272895,72.71748265530361,101.38870409400417,171.75537,135.7704625279266
24,267,48.0,75.02274655066907,72.82901585258381,67.6901426044257,73.38478,72.24843992877116
24,268,47.0,63.97960163848876,74.36919275729208,69.11357491790497,66.559685,67.99855978417003
24,269,46.0,154.06080526321853,87.68837027545646,94.719997044367,133.72263,120.41754543458559
24,270,45.0,94.24723366612137,59.977447257433425,78.80782551656199,97.74779,84.60437975473415
24,271,44.0,83.49179176558906,68.17317380478652,65.90121145794794,79.177284,74.81135570917306
24,272,43.0,70.72638267974467,88.65744196887493,88.18278775455133,89.32627,83.7044017167112
24,273,42.0,63.666929787970645,78.53304999806588,81.38016356953457,62.245106,70.75362298602431
24,274,41.0,133.24703415897815,66.14360750717452,97.83710196562213,146.7503,114.79689564158984
24,275,40.0,76.2436622298888,52.90709029892119,61.76524400518102,67.518295,65.66040078042133
24,276,39.0,57.783610442684456,68.68001594145206,64.07667997082397,73.03534,65.60258447901465
24,277,38.0,72.39434685897187,77.93326202987541,82.96599551780255,85.57866,79.75246666053215
24,278,37.0,43.48696835733735,62.41896961991195,43.467967615272514,41.2629,46.503037447226674
24,279,36.0,126.03184411173599,60.47052639475224,89.43808451632452,124.222984,103.4582089706986
24,280,35.0,33.78994581993882,53.246771133748155,22.535007637553154,33.70722,34.54567518015656
24,281,34.0,37.35412586055524,53.3231508085056,28.86030567943837,37.48526,38.22204400543224
24,282,33.0,141.8277940323257,75.82182406364075,100.63374679872754,120.44285,112.71428467428129
24,283,32.0,49.35487412242483,71.32337206913988,54.44362736895201,56.556694,56.814930937094275
24,284,31.0,134.78150294822277,69.33043316831953,83.71984149790133,122.316246,105.58979224733011
24,285,30.0,50.68075613581638,70.4219260506535,70.18924335383707,53.600853,60.33317613051041
24,286,29.0,45.40635271939319,64.62123910536438,44.30249108219129,43.861546,48.37534998703723
24,287,28.0,67.70242700301431,72.41767367642564,66.26505623542788,75.78846,70.39784325255124
24,288,27.0,71.53736383870778,69.75394175668274,82.5611986773097,87.51733,78.36453268410176
24,289,26.0,56.83046475806844,57.296563880514014,55.26375037304908,54.443634,55.869757005580674
24,290,25.0,49.04112743672638,54.41205817287698,49.51377504937825,48.214096,49.96904025804506
24,291,24.0,39.419876072735505,60.860890867075796,43.3446085794654,44.78758,45.98287084820253
24,292,23.0,75.57477378273387,68.6299778116552,85.01528228097902,84.496185,79.10787107433913
24,293,22.0,51.01403363803345,56.55848723184941,46.96811545562081,44.678432,49.31649236690028
24,294,21.0,76.63267469511817,66.40913406654195,61.194706159039114,66.42285,67.90625985845736
24,295,20.0,26.236406260135972,39.054039589094245,17.13699360261262,25.189827,26.027866147161134
24,296,19.0,58.560177681154,48.05328751832883,39.52066630001959,51.66935,49.729391148804
24,297,18.0,28.934402844431666,55.9209183509505,28.51727317304156,41.417736,37.33230996441017
24,298,17.0,58.359626046826946,61.59943038154111,54.96284117662201,63.542305,59.482118818783334
24,299,16.0,65.08597631867629,63.47689665713483,57.23461114482297,57.990356,60.823343978049785
24,300,15.0,51.75218722054468,79.10464383243308,59.630328819517985,42.06029,56.43645867209043
24,301,14.0,53.306834958657845,60.13562093631987,47.091286622786626,41.928238,49.93467633130564
24,302,13.0,34.00564832887105,49.26772339067105,17.170203886255997,26.292427,30.45433472659175
24,303,12.0,23.967355303632793,38.34792935755293,16.082471726127086,26.311296,25.284596597571458
24,304,11.0,47.14408288791169,68.54803418407585,51.90851440497588,46.404762,52.2805697945205
24,305,10.0,67.98162562097086,75.6850211930585,74.21499687965795,79.946655,74.29286190377444
24,306,9.0,52.73585494697893,67.21589484314283,50.05039221441707,49.900665,54.04059598984749
24,307,8.0,32.63192071766791,50.3062370131351,22.817841787088653,27.80594,32.150598870212754
24,308,7.0,33.980635249170156,43.89404808114266,22.54512745596388,31.09511,32.11335986789631
24,309,6.0,44.707462810565566,68.0801753619406,52.069938885281445,54.73105,53.787048561876674
24,310,5.0,38.16058786395832,68.07785614265262,32.02790525935806,45.075977,44.131309184296825
24,311,4.0,70.72601558175427,68.45033273356019,69.58307138976984,66.29844,68.80444305111068
24,312,3.0,33.6907141643267,49.28019155478121,21.746519494789418,27.191986,31.805646651779444
24,313,2.0,20.785873545705467,62.073844393162375,11.212779512437976,23.334108,26.858835897477753
24,314,1.0,36.712538820063095,69.41183816583657,54.843337898041206,49.781685,51.204756450459456
24,315,1.0,8.249571126946485,47.49725982996654,3.740516948549221,11.514158,15.447788115387725
24,316,12.0,43.218965080104255,69.94732318166972,42.65684237442936,47.07321,49.21409322120579
24,317,11.0,23.65553416811237,52.07559165444543,9.680688729466254,25.37458,25.897065281449976
24,318,10.0,42.11063912325175,51.41057315661493,29.921032869410894,36.92798,39.31270759613424
24,319,9.0,29.802028545623507,58.536621071274425,26.888677861536195,29.249533,34.38378807356408
24,320,8.0,21.43832873546473,39.000302501165606,6.631647290820329,20.97275,20.80137331634467
24,321,7.0,20.161960622546914,46.44525991704677,9.264012151778271,20.06477,22.31158738322042
24,322,6.0,32.076725544410294,55.6004205869489,26.78664944116626,29.607811,34.52754743165839
24,323,5.0,24.6608873254428,49.31946001853237,9.095781373843089,22.996756,24.86031679250901
24,324,4.0,20.344085050879915,67.36829172186447,15.205845854939948,21.10202,28.191358074874465
24,325,3.0,21.39335830623114,47.88281832294007,6.75655418099841,22.552324,22.94273548801561
24,326,2.0,26.222595780378356,53.42408963216231,11.942572303833888,26.450058,27.75128057299619
24,327,1.0,24.787708852780753,51.39814418834638,12.27162328387488,25.44359,26.779214883002158
24,328,1.0,7.632910997371105,30.89092179965533,12.790049975452646,9.010571,13.794373450567948
24,329,11.0,33.9523611372942,51.42240568656932,20.25036250298944,34.184402,33.77362517376254
24,330,10.0,16.066128242810038,51.257239645971964,4.322253440518772,15.467395,19.56243737451694
24,331,9.0,28.770314140125198,66.85387358624017,20.367520942285246,26.89204,33.3488197866249
24,332,8.0,10.591188622318318,64.24119830306991,6.755355859851658,12.076956,20.240180433483626
24,333,7.0,26.325602124856104,44.90710977269735,8.107503814790512,23.005991,24.22642279732077
24,334,6.0,8.446304935332773,48.462595294714845,3.5674405772161393,11.141144,15.541902216155503
24,335,5.0,7.579538184266747,50.2648055310201,3.9037263808865035,8.222898,14.948948053582214
24,336,4.0,28.216353250664312,60.5157657209931,16.7174122971351,31.173998,32.1783882269079
24,337,3.0,8.977978004884,36.28885780459319,10.935235064990284,10.146429,15.021862546123472
24,338,2.0,26.857796211792724,59.7897973614746,18.882953511371234,31.112642,32.20944083986285
24,339,1.0,12.10956215287135,56.00076744796442,3.124231088991408,17.821156,19.682410484775815
24,340,1.0,8.991174948505535,46.155811585492785,5.9910828486936225,9.57494,15.466140197668345
24,341,1.0,11.707826976873411,48.1757939691753,4.348899056757091,13.257923,17.170278920795177
24,342,1.0,19.32379145365321,48.30505702546225,6.043140820738877,18.118834,21.069276991063237
24,343,1.0,13.958257066861774,49.35702904141888,7.340710971135643,22.81572,21.370957955864895
24,344,1.0,17.05953469120142,43.00390040484169,7.2481671001634425,17.342873,19.53036076764249
24,345,1.0,6.790846264670022,46.2607155464149,2.9025171892770487,6.4176373,13.217495176851353
24,346,1.0,7.230843561775648,42.32776567473503,6.389233186454138,8.201302,13.978318215652383
24,347,1.0,9.136725230038426,41.02452097378337,8.876501430186536,10.154933,15.435638585702932
24,348,3.0,14.437823077060036,43.723616746553176,6.807816114740138,14.4026985,18.03158163007351
24,349,2.0,7.096976114791093,44.14385218799471,5.472434395082459,7.0741606,13.746010525386824
24,350,1.0,18.294353252701136,45.22310647192134,6.077973724235747,19.203114,20.492842235946704
24,351,1.0,18.980036599865286,42.71007506194134,5.942120431694725,17.574472,19.73160810523885
24,352,2.0,9.107586874174178,26.159459647267482,16.723668818301736,11.801306,15.078600152445043
24,353,1.0,9.265321661103316,43.06690078629617,9.702152134967207,9.253638,15.835684390680193
24,354,3.0,8.438232974471127,31.391596039444963,10.400490027516447,10.252028,13.823889822996025
24,355,2.0,10.35339277151756,56.17624640087374,2.4891243331568447,18.143803,19.146076233907934
24,356,1.0,7.552298282270545,47.10351149665689,6.083817885209562,7.463674,14.703013716618315
24,357,57.0,9.994352724298563,38.98795104558995,11.133474037243538,13.350116,16.733025266527758
24,358,56.0,15.760285433695076,44.07382498486169,10.628568303079884,18.617723,20.597099526877646
24,359,55.0,11.549598689434092,35.99377952138873,14.379556901568645,12.608768,17.244322828924023
24,360,54.0,7.290131314385669,43.861000511131834,4.853153161862437,6.5995755,13.456778842859624
24,361,53.0,33.229232833664476,25.09139097828188,22.198381726732123,27.383083,27.223660632277408
24,362,52.0,19.218508602169056,38.99131956438737,17.46202526042852,21.484177,23.146154120276247
24,363,51.0,26.713790448553958,30.697016281459355,20.42043235677422,27.356104,26.003272916750838
24,364,50.0,20.962843662046,34.07442530006199,18.90142128430841,24.087343,23.76834961565924
24,365,49.0,14.681917443467308,37.90558953729787,12.885233102680758,15.252065,18.80352655161878
24,366,48.0,15.303472549210285,12.926637651763485,14.334397874414499,18.78567,15.530536074149746
24,367,47.0,40.187882862586896,37.44569473577816,19.33615947736732,37.01992,33.36650026885846
24,368,46.0,24.198339949968567,40.204224021266754,14.74980744407048,24.843082,24.96171875092468
24,369,45.0,42.67222954551326,25.660016727544573,25.93723301898958,43.054478,35.15201105989624
24,370,44.0,37.49689196261267,28.693685551130102,21.93556050059368,28.047535,29.213737842519052
24,371,43.0,40.44132322018844,24.268110296497838,25.370718098194914,40.028732,33.302946071856994
24,372,42.0,16.44964350356957,37.26679605499821,16.995661894701193,16.343967,20.54202246716811
24,373,41.0,44.37809513540736,20.04208039880581,26.58020873900858,41.843376,34.397901194020776
24,374,40.0,45.573589640299716,31.156274883146736,26.379509074096067,46.25907,37.98821503901108
24,375,39.0,12.188628189049444,41.50079625737982,12.560442672122132,15.6026535,18.803363681958277
24,376,38.0,43.750084225071184,26.6003435178325,25.709701268240856,41.48031,35.15091267341322
24,377,37.0,39.45772177949044,31.420027596294275,24.37952676862387,33.969307,32.509965700385706
24,378,36.0,44.88754779561132,29.508813953078516,27.571505120160786,42.637814,36.82141291918206
24,379,35.0,41.22781380116058,27.382083652933787,26.639106319990816,42.40371,35.08636291929908
24,380,34.0,40.544104035634746,8.740003534439538,13.573333375733501,33.10553,25.42455692094905
24,381,33.0,48.733191841057426,16.788510757968737,20.453919516170306,50.312702,35.664904047295124
24,382,32.0,23.08741851647198,36.942778083344464,15.213883865697614,27.042316,24.73954897711825
24,383,31.0,43.01226585119915,30.311413410607557,27.014173490388725,42.47536,36.2617925297514
24,384,30.0,39.14941536569159,17.302928659719555,24.144384371739058,32.90422,29.378875064042962
24,385,29.0,30.74112680782378,32.36178412071132,21.815638244609097,29.793205,28.464787537769023
24,386,28.0,42.2826462263748,18.849109418571913,22.96074861097543,41.655224,32.58859711454991
24,387,27.0,43.37810537768984,26.06114466601221,27.209203071454333,41.204582,35.2617081692229
24,388,26.0,54.5643266638203,42.28878026320429,16.58618840254578,51.195095,41.39307614474166
24,389,25.0,30.390069534952545,29.96348489424166,28.8568211709154,23.523092,28.06529228085259
24,390,24.0,42.327383391260554,36.941472986876605,24.367282868722803,41.879738,36.48617612996625
24,391,23.0,35.8495565402121,12.381848819220153,17.536307797679253,39.4238,27.539968825146243
24,392,22.0,37.02456987780617,13.475180329375519,19.929522323846843,36.77159,27.99059826791829
24,393,21.0,51.603761038503706,34.33695114412285,23.146093060722144,51.904186,40.95053147949001
24,394,20.0,48.691463061374826,29.48424969714175,27.485592880115654,48.228264,39.35695516300468
24,395,19.0,40.54223157889592,28.096473628194715,19.646869489840306,38.370197,32.122377936124465
24,396,18.0,17.336885510329797,28.61951121256554,18.724455294477462,20.70693,20.759780233134023
24,397,17.0,30.71491498511295,14.084303284045461,19.852124381801534,29.054832,24.25361193787741
24,398,16.0,27.537231042043803,16.588009777856215,17.62071799711182,31.764603,23.988694111934507
24,399,15.0,15.88011263204305,9.168472881112038,11.3895075190865,12.51829,12.522296657421444
24,400,14.0,30.520531174665827,10.113350067435704,15.140891210373006,25.280352,21.196866511886505
24,401,13.0,21.373918841773246,9.702009219154831,10.94539398514738,14.085093,14.463212664232742
24,402,12.0,16.908598788765705,13.182721252432714,12.376136837868685,19.267752,15.645611423143663
24,403,11.0,8.033261622441467,6.560815252397305,6.831339006377281,9.115733,7.728369399385357
24,404,10.0,5.797458033739361,10.362208192416063,7.64056825542179,6.5876317,7.363296513570854
24,405,9.0,10.215529903951971,0.438081057492127,6.365744511007115,9.901978,7.257239901107144
24,406,8.0,4.956382088459325,4.776447181684148,2.89317581373939,8.896317,5.440270103313516
24,407,7.0,25.03233666350517,16.86028018772916,15.532097554201783,22.31665,20.26012237239424
24,408,6.0,7.849421298485594,9.344107804284832,8.895102530504424,7.0229497,8.186443389593828
24,409,5.0,15.417143224093813,10.58465633188203,12.225862752981826,16.638285,13.987673872977727
24,410,4.0,6.649461028167625,-3.1540926303293304,5.829097456246167,7.963635,4.914372532562586
24,411,3.0,4.858980499653053,8.544096923920137,3.6369512099434473,7.4103265,5.92859519283123
24,412,2.0,5.448756152484284,26.742949218512422,14.993943588472561,8.411024,12.80648271559605
24,413,1.0,9.902069466316306,3.260968623590287,6.226610240777639,13.127347,8.538292663716247
24,414,1.0,11.346330550995672,12.191759126858273,7.175264717838964,9.866187,10.021061991486864
24,415,4.0,4.615430517353381,5.4152487702990015,2.881746813684174,4.5400763,4.295149284354663
24,416,3.0,6.494930430190586,13.34566279315581,9.195828037710502,11.091278,9.743065649648305
24,417,2.0,10.401691172019534,-3.2172584796703063,3.4775212190619342,8.969724,5.606036583998252
24,418,1.0,4.757637209071913,-7.125261354143333,8.129071258206856,5.712594,3.6238530479457065
24,419,5.0,15.683448428062404,-4.780420543470939,7.85674340029151,9.733392,8.131569486246253
24,420,4.0,5.176287851479787,4.09093786701203,1.9016558610515872,10.725578,5.602545752990103
24,421,3.0,15.20471549184078,-1.1904688126562064,3.8546981218426524,9.733392,7.638394127226389
24,422,2.0,10.575171008572754,-4.399792032080626,8.665463188948074,10.196209,7.112920190539652
24,423,1.0,22.72547942022803,3.180644846097181,12.401594128557985,21.758772,16.034122769883673
24,424,1.0,9.073211187470182,10.308635764516566,2.207623207360939,11.808923,8.249861364531853
24,425,2.0,4.7604680757040665,-7.510570544395932,4.996343692046381,6.733868,3.0066796875198727
24,426,1.0,22.19765617555569,-4.175693261695471,13.569398767459642,20.162449,14.357625952078564
24,427,1.0,8.435401709000038,15.48134469153824,10.482757772027373,11.424514,11.118818611079313
24,428,28.0,15.387979665040907,-7.823531084417226,12.285415192020288,9.931251,8.67753886456825
24,429,27.0,9.221473083451658,-14.07908374839434,14.741568795365872,7.36216,5.711925386487664
24,430,26.0,21.750240190718856,-25.887860209244394,16.892374928570916,19.661001,10.817048085673157
24,431,25.0,19.500033398045762,-0.7613325175134094,3.9401545140675793,18.637283,11.331808084458753
24,432,24.0,16.542501478579034,-13.354201886628033,16.549801191168076,14.292698,10.22751457464696
24,433,23.0,12.037546120433191,-15.68946764253107,16.47138697790446,12.508598,8.023685763376854
24,434,22.0,20.84256094538075,-5.256726623640503,11.355288097218924,18.14839,12.653666482112667
24,435,21.0,22.55960546236993,-12.966299126351828,17.30958374375602,22.229483,14.31062089547359
24,436,20.0,21.873052921265742,-4.2857799198973225,10.306955031714711,21.63371,13.78845249932289
24,437,19.0,20.46356120033594,-22.942745823241722,18.455508582096535,19.410751,11.36165008517905
24,438,18.0,17.99295492424211,-23.27017791348129,18.148814257275426,16.154165,9.65497970754277
24,439,17.0,16.137867287452448,-24.60131692156375,14.88542144931575,14.917551,7.698079013614235
24,440,16.0,21.997500215778484,-37.473016756009656,17.84355554598822,19.948736,8.997919849107959
24,441,15.0,15.667444071944765,-26.503743846023013,18.338068303747967,15.4051285,8.235931603915493
24,442,14.0,15.151417315302735,-21.361460632239755,17.41129049546123,14.827101,8.677249646680291
24,443,13.0,18.64455056327497,-26.407909289024218,13.731766066368415,14.212651,7.562479457979583
24,444,12.0,11.701041875425256,-10.9738814691637,21.04128901631715,11.907188,9.86327243046416
24,445,11.0,13.666254961633218,-24.508363589837415,14.107677617208537,12.274441,6.113029012017817
24,446,10.0,20.005864612010832,-35.81916132193916,14.811460977785188,16.647926,7.079810315101401
24,447,9.0,12.353660441302567,-35.20621528149255,11.76821792013499,13.243658,3.350995725376827
24,448,8.0,11.535186095332595,-35.44557836790264,11.481723117468434,12.2654295,2.7392915418208332
24,449,7.0,9.802020769381713,-38.1575104521537,8.653496395591333,9.501419,0.25639406527626374
24,450,6.0,10.281613289125314,-23.065161277217044,12.05526360200157,11.114259,4.595923367432803
24,451,5.0,8.891250057088888,-38.88368093909759,9.66624870414542,9.393089,0.09872698803362923
24,452,4.0,7.944244160546444,-45.18741623169751,4.78950668157308,7.317125,-3.201478350251871
24,453,3.0,4.541361225769503,-36.96400312992989,3.498956446403355,4.367636,-3.709124170636297
24,454,2.0,7.011786595793093,-43.91865010600836,5.314097478051089,6.136215,-3.399323706031544
24,455,1.0,3.451066270867921,-53.99446729345357,1.513504942849302,3.9799333,-7.890849931935902
24,456,1.0,1.7730057122243204,-51.43725277316091,2.1396087052198567,2.8629844,-8.007056545720374
24,457,2.0,1.5482514773572396,-50.65786779851314,2.125734354584715,3.078524,-7.866682526835271
24,458,1.0,1.8298637369633497,-48.44212321545211,1.7274324259714575,3.8938532,-7.249862369327687
24,459,1.0,2.8435116520198465,-47.76181495897549,1.8339206552163319,3.949596,-6.7939474561547994
24,460,1.0,4.389407237405058,-60.95972865934911,1.2325630904951268,5.2408414,-8.69482722533218
24,461,4.0,2.7994881090997574,-48.11249236481726,2.127538293059253,3.1170228,-7.019970127816726
24,462,3.0,2.9631799730841113,-68.45655670671701,0.8426039042164817,3.3523705,-11.134456703112317
24,463,2.0,1.6300324501781904,-69.83048591201182,0.7723379930302698,2.789099,-11.938893428923398
24,464,1.0,1.7783465251775958,-47.52181025619757,1.906966981124853,3.85913,-7.050799839997673
24,465,1.0,1.7241185181621543,-44.9940347613867,4.705776207228233,3.497685,-5.948734260197672
31,1,1.0,14.115614123117851,35.559542393997816,11.474521642445854,14.844598,17.719151410505944
31,2,2.0,11.134054905649514,6.406590240756515,13.508471854173163,3.1125665,8.69841444244395
31,3,1.0,8.65711637496004,18.463270581351523,5.222868267847971,7.5023837,9.324022735939492
31,4,1.0,8.183920681054927,39.063658654145684,10.986886122283885,8.091443,14.792370858169573
31,5,2.0,5.2385067942794565,24.410468492695742,1.9837571918685697,5.271316,8.060753277007391
31,6,1.0,14.826938494905738,9.158020139229649,9.475077601929229,5.3316445,9.797507634205886
31,7,1.0,5.45990551702836,39.45756692473908,12.39344887229947,13.759237,15.995139881197803
31,8,9.0,35.39159194241944,26.557339292982164,2.4864442447664388,18.964111,20.69910815432295
31,9,8.0,5.218073435510169,19.18481890439952,2.295039922827378,3.6775665,6.710084351876473
31,10,7.0,5.115085704196158,17.606638371787653,2.231255435111386,3.7507095,6.382696778756003
31,11,6.0,5.26752980431878,24.305078715135977,2.0025769837731033,5.041761,7.992036921300011
31,12,5.0,6.40258064404123,21.03101639172398,1.2964124203181626,8.485387,8.423018286407245
31,13,4.0,5.919813538498967,21.3884189405712,2.653189578138189,5.041761,7.7868327848799055
31,14,3.0,5.0304815842357495,22.48792349340036,1.1766813819110595,2.9254436,6.794914244980662
31,15,2.0,5.07587542798247,24.099140249810603,1.1279502041405465,3.0919075,7.147431712092032
31,16,1.0,6.3201108443619445,17.907310569157758,3.149105623245042,9.771228,8.632093233169055
31,17,1.0,5.046174509659302,25.807166632823083,1.2579309803130343,3.0919075,7.499490255138001
31,18,1.0,11.581830518878276,11.422405451789217,7.512395734956996,6.324072,9.077384834588567
31,19,3.0,5.3170514343390005,30.450776105551284,1.546108288729755,5.976764,9.311950148319877
31,20,2.0,5.300124355850195,35.30538508754266,2.2009448151533206,7.081146,10.702346075667242
31,21,1.0,5.189855679000125,29.714393841108176,1.895670807403107,4.382959,8.799331138567165
31,22,2.0,5.092467184190751,14.115388156324258,1.572422490840033,3.0556788,5.3505918097913225
31,23,1.0,8.370550782142473,10.940937062413468,5.605445497058334,5.2148843,7.292588808074381
31,24,1.0,8.204209047969725,30.467922315074205,4.309603948469416,8.138583,11.423711263970612
31,25,7.0,7.397216810348828,-5.458972770201825,7.7985364907770816,5.2843823,4.478309163852093
31,26,6.0,5.20166340247238,18.291343333649934,2.3232586757796554,3.6775665,6.542131952783371
31,27,5.0,5.222105891017589,30.88745325857613,2.44163489455552,4.382959,9.175133774068286
31,28,4.0,5.428026991197493,15.337170559895327,2.451616762330474,3.449873,6.013258022992267
31,29,3.0,6.032703781809606,14.457448010838249,6.010106508771493,4.472858,7.218168011997087
31,30,2.0,7.103037990921447,31.91070272592789,6.52129757454783,10.687325,12.653560477682666
31,31,1.0,7.248175928940811,5.299654844917114,8.97547802184383,5.938291,6.975554892006973
31,32,1.0,15.257145969773115,41.18380457994999,12.268246435636065,14.237027,19.157097364525356
31,33,2.0,13.346922240260529,13.289786956154813,6.742126153882559,11.73903,11.179114156765449
31,34,1.0,52.491592335073776,23.959627184665237,5.723617479326677,23.368856,27.00674122021536
31,35,1.0,5.189855679000125,30.652152209210385,2.4480207213524494,4.382959,9.122828501109664
31,36,21.0,6.834933049549803,26.189826715417183,2.8549642212122563,5.285502,9.078097233268902
31,37,20.0,6.309896598102015,10.895239840835089,4.3877686685345765,7.2157574,6.927092975101313
31,38,19.0,6.461754641388917,29.666844221586686,2.8212498330441917,6.248101,9.887809266063748
31,39,18.0,19.173969029900398,12.640524446824116,9.235132592855212,11.740874,13.33441969846707
31,40,17.0,7.4829089705665845,28.783875334530748,2.3050025458973167,7.0131965,10.074752143560891
31,41,16.0,7.644130122206532,25.79837650921752,1.5793521556842123,6.941428,9.340438885890507
31,42,15.0,13.069572342329543,30.147305356537373,4.294632910007657,13.016512,14.026494618811148
31,43,14.0,9.279659273931605,23.987077945031174,4.75830761415223,15.390701,12.548921220904917
31,44,13.0,12.975490087662587,11.549082746013255,8.434338179582266,7.449945,10.033838676964958
31,45,12.0,5.202810789891738,26.96490525583691,1.8538870166102441,5.9789143,8.694881095129961
31,46,11.0,13.6587190030786,1.010507335051642,7.915479248295789,4.953346,7.405294054708426
31,47,10.0,7.474137083768403,10.283364393152198,5.061548567394624,4.6817565,6.631393268098851
31,48,9.0,5.694558672111924,7.81789325277208,7.149263758470276,4.0569243,6.040894900736001
31,49,8.0,12.934635054489004,0.0887806891001901,10.74555794873708,6.526895,8.188479156710804
31,50,7.0,9.255067393080385,14.259849382917878,8.667071186010034,5.630363,9.08519001240801
31,51,6.0,5.161843553039249,12.950671448321174,3.283350422559117,3.8716717,5.813321936365119
31,52,5.0,5.481282291791523,25.697392998989187,1.4054842876318574,7.294222,8.766262135500025
31,53,4.0,7.110800280480987,14.113319536130632,3.5797587008419,6.365811,7.326606467727752
31,54,3.0,10.234979331403448,25.51910461711273,5.461367925042495,11.685857,12.298018835707733
31,55,2.0,6.275083315678078,4.920858020078782,7.379712859470541,4.5736413,5.848292840754828
31,56,1.0,8.621191106984666,6.780200238551856,8.310972326777929,5.061461,7.233108177598197
31,57,1.0,6.261318635125946,25.26280779742281,3.148145901805293,4.7985473,8.686642611929729
54,1,6.0,7.850737847935608,8.521076149213258,6.987468502313945,5.2148843,7.0460022126468385
54,2,5.0,5.073666991109698,12.800531205424676,2.0574345240932743,3.2988925,5.28604365944429
54,3,4.0,5.183778584356055,11.680097856342798,2.4966961009487108,4.3676877,5.504245634040466
54,4,3.0,11.24521970120641,14.184578743052384,7.049609967662846,4.1304135,8.801652330151356
54,5,2.0,6.311743555354013,20.536755521082327,3.555768703345734,5.041761,7.969344204201591
54,6,1.0,6.623166963697028,30.540341630527706,3.484347428737621,5.6942496,10.12442072448952
54,7,1.0,5.197654288796019,32.29425193309771,2.184758193884079,4.9557385,9.523735411461747
54,8,1.0,13.45223762738588,-0.6503642070101705,12.114324933437764,7.9289775,8.925622468845846
54,9,1.0,33.319349623570844,44.38017627270199,17.66517097099308,22.479107,28.43466189565203
54,10,3.0,10.256955276069453,15.125477064342022,5.779462148177217,4.398845,8.445634137376064
54,11,2.0,5.1492230395675405,22.281881636669368,2.7433486438876997,4.320065,7.572218520578946
54,12,1.0,5.459567465747884,29.294646206802184,1.5187848889871276,6.48923,9.26120441467098
54,13,2.0,13.030055839573368,37.81398038937033,6.3425032918879936,13.741929,16.210177880963386
54,14,1.0,5.131455569366152,22.510594195753242,2.1557711226653993,3.9103885,7.347530244264223
54,15,2.0,5.502964522033364,30.310581577385932,1.6059878288245173,5.3101897,9.17385995028259
54,16,1.0,6.523492745358591,23.893404758550716,0.8305953803286314,10.227258,9.349518132329928
54,17,1.0,5.057668481310457,23.67734941562827,1.1776211275332358,3.0919075,7.0747190630897165
54,18,5.0,5.210903914257446,9.739089542200944,2.7576778388825645,4.0569243,5.125687929698679
54,19,4.0,6.478041093936869,11.469839911935765,2.9410135522117855,5.4317303,6.227182883210459
54,20,3.0,5.11531731948592,25.579318151797068,1.5242950439631713,3.0919075,7.544846404467699
54,21,2.0,5.526287046600571,16.707126967501992,2.094320157211925,3.8872008,6.326514008423052
54,22,1.0,5.084247990344808,28.460345720372246,1.202353616320508,4.216495,8.304397619846219
54,23,1.0,10.402044243713778,26.302866118543932,3.137310703877205,14.124862,12.541820923557015
54,24,25.0,5.528400565381219,19.87947440112889,1.9747849286455619,4.1991706,6.985818775120688
54,25,24.0,11.574957381423879,27.143688368189856,3.2063289773984636,1.7129028,9.717467305718634
54,26,23.0,6.307182855182187,23.298601556824195,2.0243342855710864,3.8117292,7.76571036092357
54,27,22.0,9.288286290706145,19.381353104020747,4.284822535994927,5.2862773,8.83603159827118
54,28,21.0,6.159241383981132,15.947950251413886,1.9376263737400237,6.640415,7.056110728066224
54,29,20.0,5.285326054262423,27.361876241503964,1.9724534735099866,6.026706,8.837587971584965
54,30,19.0,5.477065770131295,12.026296103340997,2.5899701346656627,5.149982,5.886615347812379
54,31,18.0,9.353708264613095,5.151490992064623,6.802515333619645,8.205116,7.575991207777516
54,32,17.0,7.271121105343326,27.002196283235534,2.789476202053507,6.6262946,9.69786153553416
54,33,16.0,5.225223560074161,9.055206144335699,3.5778140980622197,3.7144814,5.121357258575459
54,34,15.0,5.267301215104923,16.01698878205073,2.771520513871039,4.0931535,6.354466896083672
54,35,14.0,10.870868980288654,19.693270594823602,4.620626154896186,7.8998327,10.126744422346313
54,36,13.0,10.66272766756004,37.60083805144137,4.163249547580541,12.89757,14.712320766685107
54,37,12.0,5.251851695963381,29.33036443647663,2.4996600733623353,8.126319,9.905555862141396
54,38,11.0,7.113197390455269,20.27127287340447,4.070166685790525,-3.5514166,5.97092170781049
54,39,10.0,5.295431718719479,11.09339724533612,2.747610977530023,4.597244,5.550464409492087
54,40,9.0,5.10097490083441,10.738324542230458,1.8101528885206761,3.4712677,4.881246459109187
54,41,8.0,4.866415929056994,8.393204023120717,1.5757521926989,6.7640867,5.1899594178177795
54,42,7.0,5.326829208898093,18.804886558527045,3.6923070232697626,4.6625104,7.297181155583711
54,43,6.0,6.837371790652148,5.809088332814412,5.22380250009072,6.046451,6.007105784970365
54,44,5.0,5.478452713897147,15.775560154968261,3.1671354556240914,3.6775665,6.359138563299985
54,45,4.0,5.33696995608465,17.067779651283033,3.1446399016858564,3.7507095,6.580309673782125
54,46,3.0,36.60273938923396,23.431874022645587,8.255523382365023,30.640009,25.08040316385611
54,47,2.0,5.708527554562499,14.090754316219872,5.2912200943667,4.0931535,6.767853002456842
54,48,1.0,5.711087720324225,14.711522846572265,5.164601324952805,5.078099,7.11842219973135
54,49,1.0,6.467653725618859,41.49194449456439,8.617669496378713,7.5887885,14.023206994706598
54,50,5.0,5.825958820459437,26.456386478275547,3.034271256587722,6.556598,9.235141907708483
54,51,4.0,5.896791813445315,19.88318501373992,4.029570334570678,4.290093,7.65061283831186
54,52,3.0,7.122481125818849,7.617806372699704,6.208806961128584,4.229939,6.202252355133062
54,53,2.0,5.500031834269318,24.50053412817732,2.0141041189591107,5.041761,8.097341865622344
54,54,1.0,5.620432193906392,14.031285081787232,4.575117471390868,4.0931535,6.544808861849455
54,55,2.0,5.807611754428649,34.11040839443264,3.1176020687436576,7.094238,10.85871989017023
54,56,1.0,5.180631081496973,26.905574207817367,1.6242236944333825,4.6261725,8.254350306003811
54,57,2.0,6.112099764529301,29.01709626881555,3.512725922511109,4.72362,9.437531597954916
54,58,1.0,5.8415335816371075,32.06148442095264,2.0643285353630603,8.120232,10.476816923727291
54,59,1.0,8.60472059942285,27.618321397983294,3.1459406130249903,7.185571,10.431304069604838
54,60,4.0,5.538825154304863,15.438586852541007,3.9116084749421987,6.551343,7.277253803781455
54,61,3.0,5.194813644836318,21.20753381922016,1.4976955130366605,3.6775665,6.881825951758761
54,62,2.0,5.118780989654316,14.579560258415512,2.7082191160140354,3.2988925,5.808621467416959
54,63,1.0,5.256599003260676,18.398453880497712,3.507492294354499,3.7507095,6.9069389434289175
54,64,1.0,6.6237716471821315,24.11751537433625,2.82913339303866,7.0971894,9.102511374497217
57,1,21.0,49.20677624756065,63.278385509338065,3.5659405684050327,40.97719,37.76435493502295
57,2,20.0,9.746500578098617,45.50479133944695,2.4518252772625218,9.982227,14.737416987899191
57,3,19.0,46.941876528609804,41.19697685293016,17.451694222145175,44.87133,37.58448071638703
57,4,18.0,44.54948972638922,23.75963803922471,27.418117806318993,43.72108,35.878954723170125
57,5,17.0,7.191878668786993,52.006196068232924,3.567112061236273,10.422544,15.67576805636767
57,6,16.0,6.258971239101319,55.48502636244913,-0.44693839233175225,5.8732505,13.810583104956311
57,7,15.0,43.196187667747736,39.02230459539375,18.038366221895195,39.193577,34.75232497742644
57,8,14.0,9.39841176221217,45.247325081770185,6.256408062806546,12.192513,16.178005424138753
57,9,13.0,39.847495999723485,44.85123917569217,10.955573890642825,19.384851,27.765003249719225
57,10,12.0,43.073640574741084,46.88299922657407,13.175568830748158,39.64766,35.071756287002124
57,11,11.0,6.785954527878678,50.05868044058806,2.4698596613387807,7.334951,14.075038354704784
57,12,10.0,31.791597047383267,39.77176349263682,13.545092940343451,25.801863,26.942599238616694
57,13,9.0,39.28209251607913,33.433650608388916,22.255374330829373,38.086353,33.39558472482694
57,14,8.0,33.70571435829147,59.34852220129345,4.739042878647695,23.2724,28.239074368516224
57,15,7.0,7.538047899713095,34.06977793914159,10.447840219933717,9.697838,13.947897521483618
57,16,6.0,32.05507851892678,28.681580596994152,19.977368121070267,29.14622,27.474685147582722
57,17,5.0,7.681378684847258,42.01400740030233,8.5896920663488,8.222898,14.624841230231597
57,18,4.0,15.402169179944208,45.07831438896832,9.59425571477649,21.254152,21.12629523815376
57,19,3.0,14.961170196917886,54.67583420603947,2.933808997963851,15.303741,19.50045373441834
57,20,2.0,40.58003164013999,41.50750401833423,21.512001843437407,35.731934,34.47502300789914
57,21,1.0,38.63494679774894,37.34768277629989,20.566589124897177,35.00758,32.695437411129376
57,22,3.0,7.892572369825984,48.702052943467166,2.974244540408158,6.246894,13.964682414813272
57,23,2.0,22.305950198146476,64.05585752344462,4.396610957676458,19.246824,24.784742614389533
57,24,1.0,18.84278047795057,51.19462130494361,7.478202491032871,20.902548,22.608994181291386
57,25,1.0,46.600173333186696,50.684141614832,14.808459677726773,56.25551,41.66637588870476
57,26,1.0,11.620199001585181,43.73026158969694,8.256231353275219,9.5022135,16.30919215386678
57,27,1.0,13.152454240737184,42.641458909777654,11.18067596635018,18.777025,19.781936092284536
57,28,1.0,8.714154503367263,43.88039711764124,9.837668574292522,9.425151,15.918615162916407
57,29,1.0,25.078733424825533,47.71150772970701,7.995762873799396,26.304972,25.27013096603826
57,30,2.0,15.41487607475583,51.35515959397166,6.510925851149057,14.506533,19.71316277101813
57,31,1.0,27.180446008267793,41.398712579994765,15.818598328682278,26.62608,26.78061222545636
57,32,1.0,41.15658177431792,31.487092760682614,26.27152818477814,45.044895,36.46364405276631
57,33,2.0,33.283180296012866,60.550542980653375,5.072814540814036,27.012325,29.44153673900347
57,34,1.0,18.690441770837513,33.781332281890684,16.550817184604135,24.963339,22.6986134261077
57,35,6.0,9.820521911169687,49.547689802456645,4.812028927914739,14.77316,17.4328730274026
57,36,5.0,32.179317446452956,37.93900346673095,18.749424295480424,34.293903,30.339022104651445
57,37,4.0,67.61809203528126,62.71723619789857,6.0138732081026305,49.867554,45.82495912519685
57,38,3.0,16.94668714325922,44.22508896244828,9.298774143868137,13.698481,19.289948375277792
57,39,2.0,47.36789802993795,34.73070673020895,22.818405197975558,45.847733,38.13179111933667
57,40,1.0,26.224087152305756,40.36734704792666,15.689645292350164,27.148912,26.423002271717216
57,41,1.0,25.41729482454874,46.59383558309695,7.2131501303610115,23.18378,24.10911166493488
57,42,14.0,28.165545257944242,49.432547120814746,9.218117863211162,27.913895,27.21229803689435
57,43,13.0,47.280515034437705,36.22214792317362,14.878704666625552,42.537468,35.42995419448331
57,44,12.0,29.229411932168404,46.06167240635658,10.389002489189515,29.682192,27.645686115038316
57,45,11.0,63.5089335717795,44.603772139206,20.996864971138624,60.88024,48.08507106982566
57,46,10.0,45.741805572715755,44.088642681073196,17.790536202588964,42.952713,37.375533162136996
57,47,9.0,20.93928365212626,30.14459624322909,18.153323813535877,22.325565,22.34259547359577
57,48,8.0,8.203623489466827,45.481265282916425,7.298492134686782,9.836479,15.528983980428212
57,49,7.0,21.305762626332136,35.16709566824716,11.697500412186923,20.279924,21.16930532506855
57,50,6.0,43.931993390002006,31.500054863931524,25.730366380147938,42.118748,36.31476437793593
57,51,5.0,32.31014084388074,33.71220573539574,21.614685056364408,33.26404,30.039991263164353
57,52,4.0,15.53755377165387,56.15402615795389,3.3761383343298945,22.647991,22.03027025613411
57,53,3.0,37.0419415819884,49.72935682550671,10.130594196343413,40.385506,33.3334427119873
57,54,2.0,19.132151332564103,46.409912450535415,8.368107511279465,41.603386,27.562911330297883
57,55,1.0,39.54057267568225,56.50998657026075,6.502344494393462,32.40833,32.238653233619814
57,56,1.0,14.137569113313724,55.8245862630864,3.835826058871774,11.370432,18.670086403453755
57,57,84.0,20.587471970043374,38.917661452285216,15.576882804155936,18.821068,22.307357804143255
57,58,83.0,44.553396042123495,38.99581456463281,18.57159445315901,41.12486,35.78390819692003
57,59,82.0,46.53372409024801,41.585813547016386,21.391386870285338,47.074844,39.16527819711028
57,60,81.0,44.83268173670825,35.92091884996495,22.792845497512307,43.71144,37.07115887911197
57,61,80.0,45.24705989613976,25.395051200749606,27.360734440546665,44.634132,36.616344844520235
57,62,79.0,40.42911666666221,37.1840475461041,20.96201193462818,39.822014,34.56054294426937
57,63,78.0,47.07090630382002,41.67113136016957,21.243858535452667,47.300396,39.35361339803485
57,64,77.0,20.597066879683833,38.68958774512538,15.655186076162394,18.48844,22.19765073562354
57,65,76.0,53.72653461715732,51.802726222978805,16.62191112530621,48.60854,42.292394304509656
57,66,75.0,42.595530124722494,32.45882146594741,19.083972603125495,39.40298,33.65963063497871
57,67,74.0,40.481223059328165,45.94340240844116,15.331492043487096,40.100735,34.85287390002552
57,68,73.0,47.78330235954577,33.55081141652866,21.784693601969334,45.609116,37.6882718811447
57,69,72.0,42.353618841549775,29.477388672876046,27.710594646688925,48.186283,37.63286583862853
57,70,71.0,30.525242056096133,59.44686014126688,5.149668529299426,27.364426,28.574837449105644
57,71,70.0,17.632063902546616,38.81423404677125,13.589128659468646,12.508256,19.24880136714756
57,72,69.0,38.502967604219954,44.149383834379805,18.30430236449707,40.82821,34.929297099399754
57,73,68.0,34.4668432022544,46.71537183756965,11.772717529515177,24.336761,28.160591148986537
57,74,67.0,18.44393670144809,37.67521970149859,14.893896769048673,17.720667,20.997488454983994
57,75,66.0,58.070034759362635,43.0108424416742,18.821386222214322,56.659695,44.56059050737627
57,76,65.0,28.271649108793817,37.06353930268318,16.189814489819913,28.001759,26.723100769182132
57,77,64.0,42.16347726538933,34.442795545620186,22.1453489694946,42.08174,35.436658230229824
57,78,63.0,47.00790645220315,36.70952859978935,24.34863931650959,48.53121,39.52923704364407
57,79,62.0,53.434698490341326,47.89040296373045,15.258536351401855,50.8107,41.698017981499
57,80,61.0,42.21939742993905,22.629117831718048,25.92618383951884,39.60311,33.51728825107621
57,81,60.0,45.19496917618416,55.62452647866057,11.634248904481115,48.3441,39.265759979092195
57,82,59.0,36.97884242333319,36.49264753966568,19.993229601931294,41.241978,33.59264210041934
57,83,58.0,45.36289005263773,30.843370447667866,26.835397430355723,46.490566,38.05078271284856
57,84,57.0,41.410117985223785,17.861260068375643,25.76370164623828,42.009453,32.98339778637069
57,85,56.0,40.86409652423851,34.68355303592979,20.303585825330593,38.49712,33.676670389659705
57,86,55.0,42.40896043230467,21.79322317879776,27.474099873407525,41.140793,34.227502085629865
57,87,54.0,53.505724617197295,21.599483537118218,23.191110100502165,50.92123,38.79568645391225
57,88,53.0,41.33136195532595,41.154638114041845,25.36494878199801,42.340538,37.39737106883534
57,89,52.0,41.08231009239317,18.730519533586346,22.910087910649974,41.726513,32.236551256443256
57,90,51.0,54.54646342539071,41.7006489458591,21.535267041309154,57.151855,44.16704544904422
57,91,50.0,43.36914439969349,36.33236401363234,19.486589397553367,40.839157,35.10650864802811
57,92,49.0,46.56820242754488,45.634315151791554,19.03705922373737,50.48476,40.24855808662629
57,93,48.0,45.23463358598142,48.82869089136581,16.05541508605748,51.143353,39.88431301793801
57,94,47.0,46.3355333428002,42.20507569223544,22.069673128775964,46.09502,39.14252148778328
57,95,46.0,49.39971910908952,22.30103387314594,24.0041991335422,45.548756,36.55359264625848
57,96,45.0,56.60423587797219,42.52674450000572,24.637785697843267,61.877262,46.97821981145734
57,97,44.0,39.61365818393846,17.067191087712132,19.92872878826963,47.53482,32.28825323529462
57,98,43.0,50.732070580308836,40.43559749413623,24.212508710038442,57.82273,43.73928027699844
57,99,42.0,45.49962145858993,28.503346068850234,27.946267406232558,40.499363,36.32429682555433
57,100,41.0,45.548952327547674,32.91908781459573,27.143634222883332,45.71573,38.372016349907256
57,101,40.0,36.88776382779388,32.299600835417465,31.3607567388394,35.18551,34.11032647744522
57,102,39.0,44.957678944937314,37.40639366616091,32.758655875087065,49.728985,41.60816226273705
57,103,38.0,42.128343669445975,16.41434805216518,23.38274417093427,38.748837,31.4105486826777
57,104,37.0,45.49612751533284,34.85500264437806,27.250526715838614,47.182514,39.148737465166
57,105,36.0,45.04063921854381,38.52763475941579,28.788762285108728,48.753407,40.54672427134761
57,106,35.0,31.403965190909556,47.10855402622542,28.214952531949493,47.498623,37.890889144965065
57,107,34.0,54.96839938746968,40.752680530112514,21.826609662028797,56.885246,44.10831390973437
57,108,33.0,49.246464443620106,43.74751737793463,20.748489570755684,51.30625,41.30362375373957
57,109,32.0,25.01849294440228,21.052818802284804,19.17964186239134,24.417105,22.573958007235916
57,110,31.0,42.96024042075922,25.345923348167645,27.228010240092196,42.87338,35.46103925648821
57,111,30.0,35.42406269625635,23.54816053423437,22.701368473572522,33.574512,29.33465127587027
57,112,29.0,27.647482127442085,36.2172470392984,29.898033550585367,18.604937,27.446549126311332
57,113,28.0,40.23269164033292,28.838810214533893,27.78960574253422,44.379967,35.917652506751566
57,114,27.0,50.303933854709506,27.978302478136953,27.175632076704392,52.35183,40.5451333727562
57,115,26.0,37.65653411509137,28.85363764008018,26.698129322218353,34.32587,32.217814966464175
57,116,25.0,39.437697141662625,24.896402320362228,24.76889682355779,37.028675,32.18040984321958
57,117,24.0,43.06316351717574,29.058790762913162,20.992623513876072,34.79036,32.401353868684524
57,118,23.0,40.81502912477809,35.0136343487238,22.564881262770477,38.35738,34.279279131949764
57,119,22.0,29.11225607753045,40.48722689264429,34.15124360489274,36.20952,34.506863526557254
57,120,21.0,28.12590986092034,27.796860427651865,24.951908748063488,29.637691,27.639539593436176
57,121,20.0,27.491588892595658,21.637800471849573,18.617427381389177,20.197666,22.097398937772706
57,122,19.0,26.917006991970712,27.96124810212322,26.982520509433584,31.003508,28.2302626982964
57,123,18.0,9.81629668686162,28.2562630004591,17.11392956673569,10.589447,15.45400570857889
57,124,17.0,15.549269539640115,15.283516014202675,17.315902056670996,24.969175,18.487775864158067
57,125,16.0,14.64102565293295,26.345062912981746,22.961514632140222,16.124771,19.449411223310168
57,126,15.0,6.211691193266863,5.268157122533353,8.272335923890598,13.535616,8.535037651967222
57,127,14.0,32.69841205198555,15.11566332889106,19.94815546983492,38.316387,27.515108543458847
57,128,13.0,45.300758480920514,40.24182844422171,29.221420540772208,44.229637,39.84605573608593
57,129,12.0,24.385833364339188,8.03712955037804,11.070607879284033,20.943771,16.859549229112574
57,130,11.0,14.428049150560621,23.978662481277553,25.07075590832129,21.10386,20.824834834728012
57,131,10.0,15.168926416776516,15.097021355532277,17.3330695829259,18.45542,16.602453305923028
57,132,9.0,7.871978216798137,14.27243560632688,8.70684699320418,12.129665,10.455712723085874
57,133,8.0,7.106717290280627,8.697746895195593,7.935109995118793,9.368411,8.234078713423887
57,134,7.0,6.4596578665457525,28.074004742743625,13.149383031309899,7.8334823,12.706360843104896
57,135,6.0,23.38703298579917,20.01523065836733,16.16187688241363,22.018946,20.488090954118356
57,136,5.0,4.244675434721839,9.140390759336015,6.185137626287393,5.792467,6.102495048775257
57,137,4.0,31.419445991528974,17.55416534722019,25.347473019347376,37.035583,28.69066482241273
57,138,3.0,12.437169490291907,16.270203757815068,11.933644389375733,12.114327,12.951478313409297
57,139,2.0,6.322379882475031,21.76334526166616,13.613011422744286,10.733978,12.361517291896343
57,140,1.0,5.369771915068521,8.107842130457357,6.155059533507348,7.2847724,6.612035513647186
57,141,1.0,4.160627271691393,15.312796963669598,4.183477124778591,6.7777143,7.000024035240514
57,142,3.0,7.4489522121667235,20.96187311813911,9.19360592006386,14.157472,12.287194908516007
57,143,2.0,4.3174161145007535,15.575987234920888,3.9981992588485937,5.575181,6.723018556348718
57,144,1.0,4.893112424915008,13.21824919081564,2.520630075826304,4.569613,5.777430621728702
57,145,1.0,4.706690642831181,-1.8981256427055655,4.1222465289228865,5.4132643,3.4814563318895546
57,146,3.0,8.38893322551039,4.1564630045591,2.669517212091719,9.188682,6.300602690552681
57,147,2.0,4.789168057453393,-9.261609649407433,5.135692482652374,5.8208504,2.471477603209351
57,148,1.0,6.959937874071463,21.71904272704984,11.363118829687021,8.633586,11.379749446917991
57,149,2.0,5.89890169065507,13.615850862768383,3.5201752759609377,6.1894226,6.830134894458487
57,150,1.0,4.040105573365061,29.42716051473147,6.257620670128102,11.392458,11.443758371402891
57,151,2.0,4.660372269434231,23.416866092681673,16.735627992429958,9.465719,12.688681005987737
57,152,1.0,4.798931499406445,3.7043381094423182,3.3396660870841046,5.4132643,4.37339596113504
57,153,4.0,5.317949954616694,5.049515798721728,1.328517609398972,4.829332,4.0933455618970225
57,154,3.0,5.016969230921004,15.004276760182833,4.518352641490075,5.4233985,6.904319760487024
57,155,2.0,5.465670574477011,-10.221095123475607,8.723614101505081,6.2995715,3.542845994799353
57,156,1.0,20.10273664947695,-7.057387516777396,11.880121976133058,18.942467,12.453110049277974
57,157,1.0,14.232328740976932,9.894402135971873,-0.6087281194186787,14.763224,9.668785623805334
57,158,2.0,10.17755573919848,-2.4228939754265184,7.59140539040682,11.598762,7.475420430065235
57,159,1.0,19.906388379324156,7.697378802329325,2.1504445940102954,14.5100355,11.486682150084517
57,160,1.0,5.636652874257632,10.348816647808803,-0.03142277843883079,11.249101,6.562489060478044
57,161,31.0,16.043624319869025,4.777835008042416,6.07847508208971,17.317003,11.629198845465632
57,162,30.0,21.101787138307245,-8.038095110441304,13.459666559623852,17.549313,12.583546140474667
57,163,29.0,21.50623673671994,-10.921374193269372,11.300453151547963,19.61692,12.136295238325262
57,164,28.0,21.418604953874013,-6.842306475654766,13.110000698911588,20.29829,13.546879077398359
57,165,27.0,20.517646922595137,-24.389652490746073,19.213508932970676,18.729383,11.11543461464706
57,166,26.0,21.97565232113553,-13.063638412310496,13.840437978696222,19.61692,12.52157181227697
57,167,25.0,21.05563487464945,-0.8729454603432316,10.346107700348856,24.77385,15.065180693808966
57,168,24.0,21.27060411414985,-5.235611175333247,9.258191518434767,24.260773,13.869647610909185
57,169,23.0,21.91289768004063,-23.18852238521262,16.170249277644285,19.141804,11.050346670451361
57,170,22.0,16.411673908003102,-12.845640116201224,19.951031164903657,15.349768,11.46034420283205
57,171,21.0,22.017348826886888,7.520286284120431,17.546109953400606,20.761463,17.74193777760774
57,172,20.0,19.409767646891524,-11.661047823259224,13.100309701613199,19.149866,11.754216362840063
57,173,19.0,19.705868455469073,-24.34659930591303,15.666940949635343,17.12481,9.539839939968001
57,174,18.0,21.410655614313928,-14.204869014479584,20.632881143361345,21.105223,14.319489458742327
57,175,17.0,15.266738157548811,-18.956839041751266,17.7125137540596,15.79456,9.50728059625538
57,176,16.0,12.534834769379847,-21.238930047848413,16.655025544766936,12.735907,7.211073362688033
57,177,15.0,16.13583847106015,-20.959030977815644,17.068987069206212,14.771591,8.92480398085917
57,178,14.0,9.842773941892665,-29.36117813777554,11.552412065051143,11.400566,3.2156614943228825
57,179,13.0,8.636673591048124,-32.49851143849753,9.771263470524914,8.123972,0.9346785338329702
57,180,12.0,11.005401396268887,-22.28472177045296,14.452989731243715,11.958736,5.800219341305722
57,181,11.0,3.448723333076873,-46.72068924160362,2.5961262783544896,4.534108,-6.069975871907857
57,182,10.0,7.842248065901633,-29.993287091613183,7.789295273132126,7.736232,0.5697073622258237
57,183,9.0,5.943951256496508,-32.02708036348858,6.073259161919097,6.257167,-1.194370456551391
57,184,8.0,7.0731182699601245,-39.71652222408417,6.4208292916760925,6.4026427,-2.2185641033416807
57,185,7.0,2.0661510036541237,-43.33696825848375,1.6241289754561166,3.2329042,-6.412631253102045
57,186,6.0,4.054757148291293,-45.05954460407719,3.4795037272915224,5.6540365,-5.0519600833825855
57,187,5.0,4.136745438390742,-33.33458398335438,4.706080867859818,5.0559945,-2.6285072160580194
57,188,4.0,1.8305988787019896,-36.36186306243246,1.8218385483764123,3.9179163,-4.9100355202738895
57,189,3.0,1.7643279540039105,-58.781813193368066,5.038485096263813,3.5913165,-8.46026493244782
57,190,2.0,1.7112734379267913,-44.32613543315762,0.8088927553008176,3.1607258,-6.933121878679576
57,191,1.0,2.3374334543905118,-26.39020760247172,3.7005094729636525,4.4981465,-2.216431410939269
57,192,2.0,2.066279088083778,-51.88005188709383,2.3367604959431034,3.0517914,-7.907587998292955
57,193,1.0,1.6951464348635106,-51.311803094214895,1.8312048266857133,3.5256538,-7.9075741483607
57,194,1.0,1.6929207855128612,-51.71983946315112,1.3378081598116722,3.4340181,-8.139654034586462
60,1,93.0,103.28044012395436,64.28964756790425,88.25345546877003,99.07808,90.77612211611152
60,2,92.0,98.96003652957415,70.77797488172892,79.24322102373324,85.11513,84.7085504648173
60,3,91.0,53.53579406699259,65.95393316266484,57.208908724721766,42.269417,53.84514776936494
60,4,90.0,70.3230694200359,86.72715142606455,72.92405545442207,63.74262,72.37148737829084
60,5,89.0,69.45171240719768,65.55095981242283,70.81871803690723,90.44911,74.69794069616806
60,6,88.0,85.62396340137494,67.73818105377232,79.98245796445107,80.031944,79.23168135810516
60,7,87.0,119.48376847447199,63.133842700727996,64.53903571288213,106.454575,90.86552582222885
60,8,86.0,68.13911500920119,58.43961029845241,63.925150502080704,69.19872,65.46906164326982
60,9,85.0,89.80381918941228,60.48362020399691,69.30685494593583,75.43615,74.9907539334328
60,10,84.0,122.08080384686586,88.00733673319505,110.31875143397035,136.23932,116.29613505512228
60,11,83.0,68.06047837196779,61.98447319658301,57.79896947395579,65.2203,63.45653434842781
60,12,82.0,53.50854666063178,67.21829359065066,72.61112011557172,59.19211,62.64389994139519
60,13,81.0,83.21448194917237,69.17988701736779,91.01480251613134,102.31656,87.69618655763773
60,14,80.0,73.23131512079483,72.61533982020309,75.58040987722173,70.04972,72.87351153743776
60,15,79.0,50.72402226815198,62.61594161246998,60.69944036407115,56.80261,57.23364104205952
60,16,78.0,117.32287950607711,86.56915647796215,106.53830589645283,111.521164,107.07173893928936
60,17,77.0,72.87592470410588,82.95423873452975,87.59225656324394,88.37551,82.80554691712506
60,18,76.0,49.83445715317645,70.49763342997731,46.68515875514504,61.520725,56.09635956285328
60,19,75.0,107.17204600045851,76.33214614682848,96.4821782421586,119.145454,101.69903742528035
60,20,74.0,80.0493880300123,71.97749557402933,79.95607255153818,84.967445,79.80222876488476
60,21,73.0,41.599103623641724,62.230275004743746,45.25176103385644,42.370285,46.70281231659475
60,22,72.0,138.8019726874085,77.04766552781996,100.54034077913313,125.13981,113.33936574522303
60,23,71.0,36.63041536676771,64.13361645824165,38.44933127015384,35.064934,41.941275927513686
60,24,70.0,140.678011370903,59.8433388995186,99.45238734000748,139.6176,114.17650897742836
60,25,69.0,53.29989717257411,61.680474876100675,54.60044876513052,46.288403,53.35965712391496
60,26,68.0,104.65232904612496,78.23102966945534,93.1775149655419,101.0729,95.64512449603905
60,27,67.0,35.08274695785331,69.89322693319733,41.786014511948444,45.25252,46.215074850263306
60,28,66.0,37.83294716530102,76.27894508161644,34.26971707198824,48.921837,47.2246572120482
60,29,65.0,76.46070024725496,63.17988825199161,58.61758492339767,57.05361,64.05369880102253
60,30,64.0,105.17857996605753,72.02310473661376,95.9733320142684,104.32676,96.20932923376897
60,31,63.0,69.57098717666227,65.59802363176256,68.95000024662463,68.6627,68.4058053980798
60,32,62.0,61.58326145457855,76.07210428525934,65.45815241275312,74.360634,68.79304157253534
60,33,61.0,112.58442198724858,92.59695185341688,105.89393979419464,123.261024,109.88207765111177
60,34,60.0,55.38521421945218,58.43566536472807,63.417519125943784,41.51155,54.34356361287662
60,35,59.0,138.48579862129475,74.59372239544433,102.9082765989815,144.83679,118.68628382685435
60,36,58.0,145.99593315301377,67.78162014749962,125.09454016768977,144.16965,125.09910563881394
60,37,57.0,34.11534114570275,64.24269137884238,44.271322070020574,43.784332,45.120332210650886
60,38,56.0,147.4672911365742,72.74319609379864,110.63975007484208,124.78348,117.47992430196125
60,39,55.0,81.80239415996184,73.51778173176716,84.35073152879946,82.591064,81.09658623593094
60,40,54.0,58.51275932898228,82.36791372481329,58.9186321292493,65.385155,65.0216069875189
60,41,53.0,70.50633595719323,68.25479335585354,77.37960309139845,84.68656,75.67681440944455
60,42,52.0,110.78310037010307,55.23715098191755,69.80909961545835,98.27988,86.10931555037149
60,43,51.0,64.0306902789224,62.10695839221856,58.26584971235594,51.872845,58.89458604196907
60,44,50.0,37.43921682862622,62.09929512814817,28.517326029046092,36.089394,39.45873397474964
60,45,49.0,42.7645814015618,66.17976157393778,56.10746610933846,40.68533,50.16685878461548
60,46,48.0,35.460131665400674,72.06698200618483,39.02181243936563,34.144753,43.033062066000085
60,47,47.0,57.147997388667456,69.90272386846978,64.50209895090133,62.956913,63.06534506762232
60,48,46.0,59.93540184902341,67.36237308421732,62.556814691605425,56.35274,61.07809768509153
60,49,45.0,106.82566338017341,83.26809733580545,106.48821471715908,115.228676,104.49063097661308
60,50,44.0,82.92041480887167,65.27019403744646,78.18077304708373,76.11208,76.48235880597277
60,51,43.0,50.10919754837135,69.04660256343213,56.850737164556,56.861683,57.30121514150223
60,52,42.0,59.31574875658245,55.454676719643786,47.2399138431244,49.477,52.783074001493986
60,53,41.0,118.02188312287913,77.61117053757349,106.17533798737898,116.60945,106.82573545263119
60,54,40.0,44.10076401576141,50.92691798752122,32.753659765821205,32.68039,39.376337170348506
60,55,39.0,114.44722240931638,75.81466008408746,103.7015721078639,130.78482,108.64159235454582
60,56,38.0,123.81796635973889,79.04011564396184,90.58253095840797,137.60945,110.27957839945853
60,57,37.0,77.78212304618589,67.13274608674102,63.56565336653024,66.61911,69.03764907419671
60,58,36.0,52.304218851869884,62.39405934013469,72.97897981857443,36.43015,55.37366043938479
60,59,35.0,29.599700912592116,58.882132066414414,28.054580632926346,30.323477,34.98606396054592
60,60,34.0,110.1260123949887,79.24165252096307,98.2689820466982,125.7119,105.30898988463191
60,61,33.0,103.76334832759925,61.78631285167954,79.2556203878163,94.551125,86.86727190648102
60,62,32.0,27.753995675369136,55.34130697640367,24.761459383492987,28.153488,32.35128793451633
60,63,31.0,22.075637521917976,50.19431360534881,15.355588896493202,22.892733,25.912766965233164
60,64,30.0,34.35405382647731,69.08213333790309,25.28389737227924,39.70502,40.0569241993442
60,65,29.0,37.918680131649396,74.70472856112193,41.86560210707016,40.817024,46.7572233752669
60,66,28.0,32.6453758684718,43.889623038863874,27.583435237622016,27.553253,32.10530588518087
60,67,27.0,43.354808698929475,64.18432270155503,43.57449009594062,55.277245,50.59197646796696
60,68,26.0,66.38768591859534,72.37672624354006,81.35337675911894,78.27677,74.63214558095831
60,69,25.0,52.04540592718943,69.08571240998435,52.184609441318194,55.387184,56.234870994950214
60,70,24.0,94.52188297288203,78.87815178084072,90.74663575814958,99.238396,91.81182646933034
60,71,23.0,50.38604920380882,65.40808772411717,62.02456136201758,45.700928,55.039904830958164
60,72,22.0,29.405378237064646,66.63864837019472,33.04511987023065,36.301773,39.32199219273752
60,73,21.0,44.21594742549469,68.14399398470633,43.71081421220994,53.522263,51.153865278704764
60,74,20.0,36.741790607498565,63.303731307688366,32.863120810246315,43.09309,42.508781149450755
60,75,19.0,49.81513252258603,89.35916174822712,50.782387785420084,32.75669,53.047022038904956
60,76,18.0,81.80031406115074,68.5872178653013,76.30040303727002,84.040794,78.43976790408198
60,77,17.0,34.35210799005085,60.174521381683974,26.226232105949318,35.404346,37.446273382479085
60,78,16.0,62.26224276448141,66.58857290573577,53.59683671418531,43.86258,55.887812239594155
60,79,15.0,33.519523506161086,59.90063105400691,26.3772562358633,35.408993,37.20207513326517
60,80,14.0,24.151953358057963,58.55203477495422,16.58064376107305,28.868368,30.013420824490204
60,81,13.0,28.95531130678484,54.44742625551211,35.93408010293834,30.849798,36.158270542656815
60,82,12.0,28.385820113691448,62.98812166990088,23.881028128034842,32.616493,34.95667488082077
60,83,11.0,48.1832539294305,69.62704065292942,42.02829987960059,51.139397,51.46645773153119
60,84,10.0,29.105365311312994,41.076536261942124,16.43968139790674,21.800606,26.124076213973844
60,85,9.0,28.242426280489422,48.444386901139225,16.23084812940702,25.464756,28.21971353814894
60,86,8.0,29.36084816661911,67.12187826837028,27.459111880431983,34.788025,37.53641682233391
60,87,7.0,21.1473894541734,50.944566966833804,6.69072042278065,18.07233,22.239741791057867
60,88,6.0,15.24086581187093,38.87125749890366,7.090839391507622,13.846229,17.253227475398354
60,89,5.0,35.29106594201192,53.532182421057215,27.87752560685761,34.918716,36.740275766197826
60,90,4.0,56.427584538745,82.67377804220389,72.01662494169491,76.01932,70.77293152413296
60,91,3.0,39.53715177881441,62.28388549775532,29.595614641328893,36.87893,40.57356248252694
60,92,2.0,44.808746470867284,66.1665844836587,23.615629770865446,32.361504,40.01357895868724
60,93,1.0,18.61341522051375,35.935871530024414,9.579842075983471,15.992864,18.86056620244254
60,94,1.0,10.688949466361032,26.336925839967606,17.438578270456027,12.810746,16.011860034945325
60,95,10.0,26.923627881712893,55.936534650430445,23.993546590494777,31.720245,32.98960741383228
60,96,9.0,26.121275707798585,44.8870456870261,15.349705207271668,23.800074,26.270538245136976
60,97,8.0,14.318573912697277,50.958916080077444,5.048348409609503,15.86911,19.314781537414905
60,98,7.0,36.550150044447314,56.876698176909244,16.926527352471417,35.748505,35.0929493032485
60,99,6.0,25.62726195982937,57.85095353367474,17.619975151208465,25.034094,29.5341363247678
60,100,5.0,22.673410081751822,42.88353041021493,10.700053126317258,19.373592,22.522126082701902
60,101,4.0,21.27589288265472,46.495377415559716,3.860829598358258,16.51786,20.26900157385139
60,102,3.0,19.51308838093382,46.00698598893244,7.441111971183275,15.197246,20.2642072426208
60,103,2.0,6.774873725061075,62.384196142673986,1.526261376498958,3.9747257,15.279111354777996
60,104,1.0,22.947111383971997,53.39845580072367,6.229917579812614,21.839237,24.101822584528364
60,105,1.0,16.170097351941035,43.46767172036263,6.626868150484171,16.734146,19.044892865441817
60,106,6.0,25.280700584093612,47.567463390924814,10.462644990410812,25.310202,25.67651925715791
60,107,5.0,8.038820592713439,57.525836789853685,3.3172669542715383,7.8682394,16.216421056223595
60,108,4.0,36.16337577573183,63.674708729398574,30.116890215954097,35.913765,39.774159278578836
60,109,3.0,20.347646201396234,45.56194662296383,6.544844832098157,17.944967,20.9154685316686
60,110,2.0,20.18771717893081,60.81645189112636,11.33017091060404,19.74514,25.519060981461816
60,111,1.0,10.153895319389077,52.14301702629125,4.094370140684433,11.582044,16.978152406277022
60,112,2.0,13.131119000237677,32.22038364939259,16.4693678326054,15.987285,18.41753295405813
60,113,1.0,6.456326360120612,51.907166543643584,1.7231362395466547,5.781686,13.724324084078447
60,114,1.0,32.9012084162106,58.336752308502454,24.95547554533642,33.711067,35.903463368335366
60,115,2.0,7.380164357288875,37.39991828277506,7.458609360766459,9.170303,13.617717009521007
60,116,1.0,7.352915401698579,47.587773483066485,3.768819438562808,8.712276,14.470154083723747
60,117,1.0,7.561244507906154,60.797993922975635,0.5066302899875765,4.067927,14.954286701091629
60,118,2.0,19.717053960813736,37.74692030701449,16.622216289809266,21.417747,22.810392034221472
60,119,1.0,27.488630933824616,53.02004774496075,4.362689592985113,21.52253,24.725274531554184
60,120,1.0,9.57823253016851,50.36144361004243,4.679508043650337,6.9188504,15.378421805687099
60,121,26.0,13.893922500541658,29.75188485756206,9.410729801947259,14.80394,15.997352052578243
60,122,25.0,6.567549738139599,50.7717637058077,0.7218277524893679,6.096749,13.361385132927596
60,123,24.0,11.825784616277495,32.89383047263942,14.417185596586627,14.504467,17.24760665929843
60,124,23.0,39.59429219433462,48.70633407307815,10.402471878090367,43.626205,34.79151973881649
60,125,22.0,23.748962792411394,45.89561792025958,9.79749770152847,27.125994,25.242684711031544
60,126,21.0,7.28846904794886,52.59991626881856,2.5930622368957614,6.38859,14.479258087687894
60,127,20.0,31.02229515315087,42.85746565432461,21.12261672770403,36.404617,32.14211065814262
60,128,19.0,44.518975381315656,37.78547730766809,23.54602622576322,49.05441,38.97036162180527
60,129,18.0,11.769366976121557,35.74040645539026,12.920181026687743,11.77717,16.65289110925543
60,130,17.0,27.76651292009293,32.17711878105936,17.695229243324533,23.157507,24.74156783721027
60,131,16.0,41.843897861348694,44.01889358910367,30.867277774569718,42.554924,39.58282799614802
60,132,15.0,42.339503055308484,28.428773133347036,25.443180664485332,35.534245,33.44109672387698
60,133,14.0,43.60968028902897,39.27152533816786,27.64962592058759,43.485653,38.57802440747599
60,134,13.0,41.197925436082,19.917243935967434,25.596588201172906,38.24858,32.264155411209224
60,135,12.0,43.97984556213385,51.19103393527098,9.79816640561943,51.689796,38.49726819804394
60,136,11.0,49.1114338902634,31.56018681137556,28.431950639381213,48.29891,40.13714850369833
60,137,10.0,39.55673494675902,24.22916380703657,28.254909108912237,41.960003,34.32012412396591
60,138,9.0,43.397035771293574,29.803538079715494,27.700708339465812,44.424587,36.97462661126458
60,139,8.0,29.22035345188724,37.09167932011857,24.024476234429102,31.143444,29.883233543596738
60,140,7.0,38.25074259822833,11.685693477455544,18.641228278469452,35.14602,27.21836406634546
60,141,6.0,45.85460071865492,8.4650155112721,14.675119811331083,40.389004,29.097648323914523
60,142,5.0,43.12795427138582,33.849911057841865,24.117700744058183,44.046112,36.63513884268331
60,143,4.0,21.27293511467508,26.89171229774294,14.179311270210526,24.32066,21.31138638841974
60,144,3.0,9.341704790093786,-2.4674226858120676,5.488037271912567,10.57438,6.40907474161378
60,145,2.0,33.21221591491788,22.435459182821205,22.26537779431424,31.05071,27.713056253693036
60,146,1.0,5.820467810846628,21.096909118869064,14.374229080281694,10.68601,12.279955663118523
60,147,1.0,4.9786184628268915,1.50479705573062,2.8512331963554516,6.201055,4.0870628348587035
60,148,5.0,8.73098466992889,30.38983834821417,19.2624596056774,13.2739725,16.840229644146927
60,149,4.0,9.349299867169222,12.814444879648093,10.48430765575402,12.354892,11.114519628205365
60,150,3.0,11.94859873280619,19.248942829469712,19.124838726989992,13.880088,15.736680380741804
60,151,2.0,5.8536278202253325,-1.1026958833944889,4.313106769555439,8.655708,4.873776124383812
60,152,1.0,5.004014232187774,10.836444010485081,4.158048030183913,5.462614,6.0206389215134335
60,153,22.0,11.383045988753544,2.8340343748665475,2.2147739466793652,12.342,7.611588659491146
60,154,21.0,9.154849527640332,-1.592896232101964,8.914602611787874,7.1024404,6.487472847661592
60,155,20.0,9.702253202714312,7.335880488636974,-1.027657524211861,9.286036,6.335301375311015
60,156,19.0,18.224613918278397,-3.7828186201003575,6.77704539387458,16.462729,10.555732128080404
60,157,18.0,6.25756154515164,-10.058100750237884,8.499298577710057,7.2125893,3.9815891408308532
60,158,17.0,19.48007104119421,6.411920799420415,0.29909982272264557,19.469103,11.96905367039373
60,159,16.0,21.921961263167347,-9.919139842048594,14.841490353476647,20.422169,13.585075567145298
60,160,15.0,21.44163613256213,-3.1548198439787427,7.439042241954773,20.131395,12.731727313691108
60,161,14.0,18.65737268718986,-3.7412106567810497,8.682745336125173,13.485766,10.383550445778049
60,162,13.0,21.937712102939035,-6.9261565229871564,14.960657380508483,20.29829,14.159314011733954
60,163,12.0,21.84625938771158,-7.881674401518637,13.441286995909195,20.599443,13.635069109249404
60,164,11.0,19.583260465117224,-7.402946009459441,19.951252873394672,19.250751,14.433182973107176
60,165,10.0,10.444305457959176,-32.115595387694896,11.045418419048538,10.456594,2.4715655993318015
60,166,9.0,14.6189209267534,-29.932961511304995,16.615595586389933,15.9218445,6.9764269334387325
60,167,8.0,11.546607252325463,-30.09111933130933,14.283640508842744,13.288884,4.772307543513309
60,168,7.0,6.399637795075783,-36.91689474748949,8.725721253365005,7.8762794,-0.8741141444163829
60,169,6.0,11.053304756994292,-35.43134377764599,10.329597340096342,10.606185,1.8611846455492524
60,170,5.0,8.619743400701658,-42.41109032179844,7.341196710818764,10.519182,-0.9563980061149109
60,171,4.0,7.78664210825415,-37.764810174983495,7.544311375435967,7.948163,-0.9380678360935248
60,172,3.0,8.592312308807767,-30.10002602754406,6.7200971067224025,6.7841005,0.224004563568577
60,173,2.0,2.1733845125610465,-42.38777765377134,1.6016530356812595,3.1515133,-6.22900355446746
60,174,1.0,5.247625968932226,-48.58455069764156,3.7953304040236446,5.784463,-5.274880078418851
60,175,1.0,1.766710253130729,-56.62429741859927,1.3748799126120232,2.9714777,-9.170706103516789
60,176,1.0,1.569425838092614,-51.260035890974336,2.267875780240672,2.9212258,-7.980918110075384
62,1,127.0,156.0430795822368,66.40890435924146,106.44302647977796,142.56514,122.34012924735137
62,2,126.0,77.66786533124332,81.20272322119847,95.73814283847477,103.0623,89.87845979604957
62,3,125.0,90.18480158444358,74.26171264796494,83.83597915156294,75.78593,81.61953583424997
62,4,124.0,140.0481721332014,64.09939265787447,108.09979210888913,126.73228,113.61522107039076
62,5,123.0,137.99423100145268,70.33443512053582,104.35491637107738,140.2288,116.8764278367731
62,6,122.0,136.45273521769573,67.52065556700342,101.38380097755051,118.88907,109.40558374793365
62,7,121.0,71.5396352633532,68.6322831633634,87.46124220877033,84.0675,78.50515361591115
62,8,120.0,136.692596347551,58.86670798301506,85.62952086097789,135.82274,108.2472870796178
62,9,119.0,122.42241994899203,83.93903508192983,105.51740451751253,121.679436,110.45275689850206
62,10,118.0,39.92576506960795,56.21033558431563,41.971136224763846,29.735416,40.837500890961515
62,11,117.0,148.14914484146783,89.04330310529448,111.6289725316786,121.552605,120.17671907939165
62,12,116.0,87.31818695937046,64.13624542858025,71.51452554360199,92.71601,80.20815431982784
62,13,115.0,85.0994169422373,63.874755778291174,72.72416879483104,77.24377,75.70254618601163
62,14,114.0,86.68223591066902,68.51983448077779,74.7678939211236,76.86081,77.46345490208012
62,15,113.0,145.09764718006133,75.35640107238471,117.9613073567617,143.55396,124.26703119205233
62,16,112.0,152.73490561446314,89.58582744980097,137.15437091366732,162.29541,139.16259365651163
62,17,111.0,169.24064349284296,68.912054929617,169.24844623691314,145.86357,143.79707393756007
62,18,110.0,124.49524901565059,55.67167290104953,97.74886702061829,124.78058,104.43267506649697
62,19,109.0,113.64808587946378,89.24090768548496,111.91015105002982,148.1099,117.77757151089477
62,20,108.0,68.28527575445804,79.52837576123434,80.9715607204725,83.277115,77.77091044157338
62,21,107.0,171.78325971072775,83.28261110776063,127.63019523395663,169.0671,142.60774145730858
62,22,106.0,150.06203380310342,81.932081558839,109.101503242952,139.68945,123.55875007345968
62,23,105.0,111.1935120878509,74.97447443484353,107.09174737381431,110.77198,103.08751053608964
62,24,104.0,158.56150166914188,73.0309198086506,163.94004766440588,179.30927,149.189488275943
62,25,103.0,147.00784181443976,87.47383721356915,125.07309049189146,154.48172,131.90646269764036
62,26,102.0,128.44267541785226,61.68302079919046,88.52806062310938,109.138176,100.07765027494888
62,27,101.0,126.09859076055767,67.08224382687662,100.0627135976275,123.25581,107.25635108904376
62,28,100.0,114.01590549436382,77.20369357240698,102.99267131827351,114.44063,104.215489523381
62,29,99.0,112.05546644002308,64.86877158303872,96.86001654582779,108.52603,98.12150276208645
62,30,98.0,144.433562573112,64.09321716871625,131.45875712850798,145.57104,125.99649275253026
62,31,97.0,86.44803927070538,72.8370870291411,83.6425886544832,78.15743,80.8893986156286
62,32,96.0,127.97109225557286,77.59143609054509,113.40752267172553,136.4236,116.8073208095058
62,33,95.0,55.07111042886846,46.193561097347924,39.05281130971764,50.88243,48.066046863003706
62,34,94.0,108.07402502297982,69.78572139698892,95.25669474376889,118.324905,100.15964434675502
62,35,93.0,199.56507423053452,72.76771245028438,183.5299805812478,229.44658,179.1640449242075
62,36,92.0,128.80245223524923,73.85496187989915,118.56193037815558,132.81122,116.70267220631695
62,37,91.0,84.90834766833805,75.59389975061276,83.04454052506924,80.76146,81.52869295197733
62,38,90.0,117.22663495611782,79.1626340144911,105.029036802778,106.888855,103.99216020743448
62,39,89.0,144.0157286391249,77.10992032952971,98.27921729435246,134.10846,116.62357182370236
62,40,88.0,156.51138876313127,90.4580675428775,105.10542500923842,155.56892,130.2067241620385
62,41,87.0,80.6822839915575,100.69201702484912,60.8558822890701,70.28227,76.53589813308493
62,42,86.0,172.2216312245545,80.53355134987747,121.45858090291796,178.97997,143.25265810550343
62,43,85.0,140.6087763012959,74.96764508862174,117.99273957377977,136.27684,120.99434288251453
62,44,84.0,82.91787250937023,78.27046337387188,91.69620661564772,83.812195,84.56298217890641
62,45,83.0,116.53210479660456,66.87789637930572,95.22999285628433,104.06263,98.1323048118832
62,46,82.0,122.04256923320777,76.85404060933541,102.52506947251771,105.754036,103.93753224011353
62,47,81.0,137.0409764816548,79.48650836580478,127.22517316321336,135.60925,123.09403543779237
62,48,80.0,130.189601167726,66.40035278582036,111.83432947994002,128.91833,112.86344067075507
62,49,79.0,183.50172342123906,84.66096446285717,107.64962249670948,166.01587,140.10589822524642
62,50,78.0,90.77606606272448,53.333534760146634,55.02648358565369,86.26048,73.07004365141131
62,51,77.0,124.35529578600296,75.26636984971586,100.19156270378858,146.49802,114.60395039357206
62,52,76.0,163.67630217181733,83.90192796252714,130.23256452385573,147.79373,135.4328934865147
62,53,75.0,169.1157021554864,78.63244030208705,129.46509907988997,156.28662,138.0237795353356
62,54,74.0,121.24998973686414,65.624897365843,95.67814442775207,111.48468,101.31940504830676
62,55,73.0,151.11833910076618,80.77134136398584,134.16082165767196,151.94653,133.46753805946798
62,56,72.0,122.44919883468373,70.37684186457922,105.52047212850913,119.5392,107.29502535345762
62,57,71.0,112.30638315942177,76.31967361827851,94.74595578353669,81.52075,92.58083110694542
62,58,70.0,146.93965825624753,70.82767349891559,111.39573507484272,146.54881,123.00459687841649
62,59,69.0,79.47935739344427,55.10254250027708,55.71592157729164,89.504486,71.3033081113006
62,60,68.0,159.40079700554472,73.75293756463466,116.6760904539103,143.63231,127.64105857280927
62,61,67.0,102.52313510684078,70.39720942265187,83.48838428963637,97.80456,90.14516911936062
62,62,66.0,71.26509229961914,77.5347376822206,72.95480439270207,86.4502,76.97946009827425
62,63,65.0,147.44663339401154,76.53763412778234,133.01185233550336,147.32022,130.0913037085856
62,64,64.0,97.19027266085305,85.44683314621182,96.59543733481576,124.21575,102.04288101510384
62,65,63.0,102.87448028367231,70.92357389793918,91.95677391751433,95.61609,91.96889183440743
62,66,62.0,107.92098368842022,64.91458862897574,82.72851130668181,81.27568,85.97124866876622
62,67,61.0,136.02555502957892,89.21742753788511,120.53460667473492,142.61089,124.80097884638852
62,68,60.0,95.67329884085355,74.09833858426448,97.30009022293046,115.59624,97.32157884247196
62,69,59.0,76.82116832200484,64.0214613564067,63.38438608517721,57.39739,65.6527243616345
62,70,58.0,54.826009319506966,76.24911447608835,79.26381247143297,74.20335,70.50377464096631
62,71,57.0,122.94731893997627,64.38737199024271,94.58619130111705,100.583694,98.34653942213393
62,72,56.0,94.37691235436588,65.20976725215148,84.3685867231776,61.789272,77.44389099255912
62,73,55.0,116.6098278239865,67.8889905453137,97.24408313321072,100.25191,97.85080260183156
62,74,54.0,206.80473897247353,87.45405695955742,121.58547340894472,222.23592,165.87557797590028
62,75,53.0,152.19739932648105,92.90426918799821,111.5606224884114,157.42981,131.6548937402768
62,76,52.0,138.0932904103112,69.24856220257429,123.4447243828702,137.66243,120.9948930498584
62,77,51.0,65.83040282396267,68.84080499294168,67.00068776261688,60.84826,65.3744724063762
62,78,50.0,67.62225982296803,69.6786427494681,55.59297669217166,71.11359,65.80960608527951
62,79,49.0,66.07357484536817,65.79021989243591,54.02981206456721,62.43755,61.89743573378333
62,80,48.0,85.59997436759095,70.76109519213972,77.96811712004066,83.83721,80.29755312821649
62,81,47.0,53.71444359630604,68.02289812730282,62.63216785114969,49.40523,57.622037044356
62,82,46.0,67.2457046947169,70.24307983395019,70.77796258816703,67.02822,68.68289177660421
62,83,45.0,58.17205187826748,69.34662940622155,69.55720841445694,53.590946,62.05239546299387
62,84,44.0,63.84252437531033,57.04768284609153,57.53636192634893,53.264404,58.05806310177594
62,85,43.0,58.46116726342202,81.16299056955222,70.5175512919073,57.355537,65.65230775989527
62,86,42.0,124.66669269261139,61.787533758091726,93.36138393720262,124.68684,104.47795643099354
62,87,41.0,41.13060405018035,57.086349172648596,45.26811204139295,39.48355,44.81859399796212
62,88,40.0,77.60817680299297,67.86273797160632,71.64141663551624,59.590496,69.35216360813831
62,89,39.0,50.53707086234616,56.255456956041684,42.21070207481339,49.46767,49.16770943698086
62,90,38.0,132.9490426731731,74.5380791188482,104.85436215696019,133.5479,114.60819355965145
62,91,37.0,63.0762716454806,63.35391305327083,61.69067404322659,75.60117,66.12834666459379
62,92,36.0,91.36533828936672,68.83680214862304,79.50173319797189,99.50504,86.14522731105902
62,93,35.0,125.77929452540411,62.50403323871652,76.92426886270681,108.520905,96.29361784963099
62,94,34.0,45.39775984464065,68.6922685479661,55.8630093349057,52.346127,54.44774317603451
62,95,33.0,73.60205151814894,60.043258922649144,63.57628055479953,78.970406,69.83246755249462
62,96,32.0,71.701908475092,69.31205864876678,73.41717063374884,74.505135,72.4455369839187
62,97,31.0,42.809666991256364,59.46509509725264,50.36378887857981,37.833294,46.63050689901843
62,98,30.0,58.47992428231777,80.79448695771742,88.34172900074475,66.271324,72.63597376227138
62,99,29.0,52.48029761048069,61.073258682073,62.80369911845249,60.257587,58.906240571036705
62,100,28.0,20.424849932828057,35.601007020038296,7.528996717527402,19.540583,19.718799506834504
62,101,27.0,46.896732636064264,61.86978396193149,49.06229921633526,47.595463,50.51126579455517
62,102,26.0,112.68615886157347,73.40101925909211,88.58385322085161,117.792755,100.252784544469
62,103,25.0,69.69672247646105,76.2645880503404,87.33570899099175,104.029594,84.77282637764691
62,104,24.0,91.15271934507027,79.31800271914233,95.32436801619997,99.56472,92.23824467372786
62,105,23.0,48.012255289663926,67.67333359378729,57.42519631403221,54.155483,55.876943632258474
62,106,22.0,64.47270190431536,66.54937893228959,73.12491979855449,69.61911,68.51084361763844
62,107,21.0,53.209423616956165,59.343816317524,47.46802141571714,39.85668,49.298682019803074
62,108,20.0,50.46181950257213,54.65396671025128,46.05714649063153,46.32955,49.00338843325867
62,109,19.0,71.20598791172738,67.93353184597247,71.166248193465,71.6167,70.68046134314547
62,110,18.0,50.93567212378184,61.67871595306029,55.985075293609015,45.23403,52.777724802447366
62,111,17.0,54.732764603912685,60.111312970925,56.45963796161671,48.625206,54.57278323884807
62,112,16.0,53.49890286485935,60.92520053294436,55.32882168692785,58.4079,56.71339229942251
62,113,15.0,44.15539225588665,66.22720648388952,37.67247572089636,46.116787,47.205999135071565
62,114,14.0,39.01416313245495,60.92634030727292,45.304654192419676,53.14848,48.63769414436595
62,115,13.0,39.693693068758435,64.43768488753182,36.71985266272991,39.95992,43.71675763236854
62,116,12.0,42.60294349849402,59.26695943120954,46.352667616645995,38.58201,45.68795963861333
62,117,11.0,22.264664132363208,57.8185908674789,10.740229649027082,24.965443,26.773038325214554
62,118,10.0,47.704062128076686,65.71648652039319,45.65639698521897,43.563274,49.50009780106303
62,119,9.0,47.17664984461219,54.04217399324327,47.091554073584064,48.501953,48.822038707152544
62,120,8.0,27.791114197723203,63.21782725183347,25.473382912102874,33.188625,35.40396817315887
62,121,7.0,34.893035236417106,62.03559198526045,24.6278217483461,33.251446,36.957726292787356
62,122,6.0,50.012271303157775,68.07702220379383,56.49302279901982,64.36577,59.00908973101406
62,123,5.0,79.59740433343806,68.10503353831251,81.28904102406361,85.205215,79.34799026954038
62,124,4.0,44.28275943613556,62.94725873831078,44.49239116480101,39.798565,46.7009446267527
62,125,3.0,74.41714890378343,64.97134759929624,61.65997355608516,74.22513,69.22790428958999
62,126,2.0,21.28280414538567,45.5777752004245,7.731415276510454,20.769756,22.247696258004506
62,127,1.0,12.645062889484887,43.18689765022765,8.285566126718262,12.632103,17.339174967487224
62,128,1.0,9.570337214217382,44.04825156245599,5.104488019579627,13.330605,16.00136427992677
62,129,21.0,24.24285332171566,48.57368159802827,7.854159687238017,24.392757,24.651286420895648
62,130,20.0,45.9102200215459,72.17601962686547,51.73913116949507,62.802975,56.9853456681868
62,131,19.0,15.145887486903892,66.81751965643548,15.82313583457201,11.482725,24.21411604701887
62,132,18.0,26.5862862887244,58.34175023469005,20.30329609614642,29.920202,31.907946316873794
62,133,17.0,19.980096542468072,37.04456030445647,8.886423143937709,16.16782,19.319977377487113
62,134,16.0,29.46373383970673,67.05608224941594,25.129893412069087,34.088757,36.7564582609712
62,135,15.0,9.232982133407909,55.43975136245278,2.5838384811396153,10.954956,16.78803512901123
62,136,14.0,7.425482983766776,53.096375973509126,2.498885833196482,7.5011864,14.886357698241437
62,137,13.0,38.43711561466238,58.81065019007073,30.108506450983178,35.102516,39.259870726390695
62,138,12.0,22.311808831310028,47.868593421940744,19.357905669268536,27.742727,27.88132141972819
62,139,11.0,26.82509131238622,62.06409984896422,15.540432951514951,31.461695,31.855392439756056
62,140,10.0,29.783488815847644,51.72787446756334,17.42740676087393,28.660322,30.447727714871476
62,141,9.0,23.31315733659827,57.90157767290084,8.670813927218251,22.306782,25.827716808908086
62,142,8.0,10.61298663317171,49.7556325856679,4.975211744493926,10.601712,16.617206461380768
62,143,7.0,26.501160327266316,62.54608009529285,15.7146940329526,25.034662,30.177880832491443
62,144,6.0,12.9896639266159,56.2870832748489,4.994258643517725,11.607859,18.804172481682873
62,145,5.0,17.828858807182627,46.32953151674232,7.152134948292481,15.753305,19.929128286312668
62,146,4.0,25.484483022770146,44.53357962179399,9.851059521145071,23.95866,24.631225687425655
62,147,3.0,16.474400024297804,54.71684661836737,5.675343877968508,17.036274,21.11207530970343
62,148,2.0,7.123212937707514,53.4913028752171,0.8918881996595118,7.474555,14.450442287465588
62,149,1.0,8.754371223530121,56.72428885902285,8.493153697449138,10.711744,18.37829078155265
62,150,3.0,8.42051991642638,49.43507137318835,4.010347349436898,7.9517827,14.980393483876124
62,151,2.0,9.766253772066214,44.19080191579393,7.9385397536990645,10.681561,16.112833019388628
62,152,1.0,10.704799533667034,47.619187331569066,1.5509922609097657,11.695507,15.633562549981729
62,153,1.0,15.644894492504655,42.021972779851595,4.774665048206522,13.013085,17.139532441544056
62,154,1.0,20.874455273265784,48.88120578427784,10.386332395677282,20.255552,23.32049182974375
62,155,3.0,7.24092279738576,49.043532578530545,3.210694807182442,8.13365,14.415989069078
62,156,2.0,6.410292083940128,53.76247954322373,-0.15599173230803842,6.098806,13.660209264784934
62,157,1.0,8.020789262559187,38.54981308000444,8.07070426119671,7.7185717,13.786736290949785
62,158,1.0,21.5877248966578,39.90775783295544,10.771209537259043,28.007727,23.9857216048762
62,159,1.0,6.762333143213142,56.81732721695218,3.51585184120124,6.886326,15.512864034034754
62,160,4.0,8.873205783566782,36.001296612694276,15.777355333683218,8.670398,15.806503839942334
62,161,3.0,26.54043661462887,42.59951733039159,10.332495873813315,30.121426,26.33609547936631
62,162,2.0,7.367871347728912,51.49039917496977,0.06800061318877226,3.7446935,12.92029539386105
62,163,1.0,21.278331272971137,28.965196086762646,20.96371691705261,27.822996,24.421304225814637
62,164,1.0,7.4046494945881784,45.7263998693477,5.306608881328081,6.622069,13.969734136290446
62,165,34.0,35.66381470240228,30.253410535883773,22.130809520348254,30.161417,29.61803507390875
62,166,33.0,41.132454866314966,35.30385495300453,15.644015584727473,40.516655,33.19484292722281
62,167,32.0,14.122703560491738,39.27069341360672,15.251586008825868,15.204875,19.513711003020447
62,168,31.0,7.689391208775609,36.33888499258792,12.734889520305003,10.341955,15.194098941459353
62,169,30.0,7.376191684278844,48.83434880890097,4.396572771484571,8.762547,14.892354927974981
62,170,29.0,40.72612462224274,32.443751361146894,23.5145790101886,34.10282,32.86975852061687
62,171,28.0,48.30198906590607,38.166493754084314,23.3006209542316,47.1421,39.52258058517721
62,172,27.0,43.81828134292542,26.358123024613377,27.401901313597637,42.605816,35.86776396228197
62,173,26.0,49.59662508926797,23.01541754332311,24.35143975053919,43.70506,36.341075269083305
62,174,25.0,42.936268477424626,48.959257016603175,11.127646966519812,48.45919,37.2596838653986
62,175,24.0,52.22167834774814,27.58724329101456,25.014586611723878,50.58363,39.967035768552634
62,176,23.0,40.721242115412394,42.21649229964132,16.82039887837219,39.11184,34.331308450005565
62,177,22.0,34.32005944068354,19.537679483809455,23.337459528262027,34.7478,28.740905003014056
62,178,21.0,39.890111234321274,26.62483100666563,24.651818948734068,32.595085,31.41676132189071
62,179,20.0,47.15207343905535,32.16378341053988,23.90005177826184,44.308983,37.4506268083253
62,180,19.0,34.59443911311239,18.395192227974277,23.5627179949319,35.277493,28.80020540388456
62,181,18.0,36.35926926679785,29.728191100263416,24.069835187102925,39.469643,32.71627975673056
62,182,17.0,54.97780167110587,36.930130447416076,25.94399682424826,56.14434,44.25725997751163
62,183,16.0,44.49646631371548,41.07396707478911,32.536337182014734,30.781006,37.03753325640069
62,184,15.0,53.876211975686246,28.715242812510468,20.475133215445886,58.73676,41.64671149540443
62,185,14.0,42.38884885849929,27.065674058883175,27.329266402783087,41.843494,35.380164496379706
62,186,13.0,19.350104537484583,26.16442011807173,23.402524267752796,19.202198,21.671254210362243
62,187,12.0,26.445842310371336,9.750335753455715,15.72664021457389,27.397875,20.710595298956857
62,188,11.0,36.61912297697075,24.406057195265845,25.353480312433035,35.030304,30.91588281046485
62,189,10.0,25.398017395715236,17.575008737774425,16.57019987490245,18.829231,19.834208303511396
62,190,9.0,9.384616460858819,6.172683141650879,5.892056084534531,8.869501,7.7202093572242685
62,191,8.0,10.518972236472823,6.565254115101595,8.050892712680746,11.096784,9.273726033232244
62,192,7.0,4.8901689026745885,5.203061684556218,4.265775582688782,4.3506107,4.642059325898703
62,193,6.0,8.75166593987177,15.058311740633357,9.866345588401956,11.928085,11.100418131602245
62,194,5.0,14.547648083867976,22.84853346820593,14.462285568045694,16.375633,16.602152497104715
62,195,4.0,4.942622868823416,3.939935609005886,2.0406395156593717,6.395734,4.382839753709334
62,196,3.0,6.539827790162094,14.560675764302218,6.814035747044837,6.607961,8.162504668463207
62,197,2.0,11.442182886175182,14.637418640639268,12.181873074078414,12.393876,12.501399326759397
62,198,1.0,11.927453272051869,2.3628924219464977,3.7066328177030172,10.8705435,7.668491259726245
62,199,1.0,5.443191762736775,-2.17363771123496,5.828230475004574,6.191315,4.288979607377249
62,200,2.0,4.83075049954493,5.639523706006486,4.745716731584615,4.640399,4.912010836903372
62,201,1.0,4.1608393374442185,4.186366331513625,9.149243953787156,10.294338,7.114766798489703
62,202,1.0,5.01970331726778,6.004138869110108,1.2527705432486158,8.563706,5.1747757433386
62,203,2.0,15.685785109636686,-8.49297706574069,6.064252422024367,9.105099,6.7858986103340815
62,204,1.0,14.500180324065695,-1.667356369377842,5.693878934015174,22.972227,11.383503356989095
62,205,20.0,13.36336610652003,0.13930636420639075,4.774917466031425,12.612578,8.391192683964233
62,206,19.0,22.13296487969654,-4.455620515681915,8.869732897809278,20.131395,13.050000802389457
62,207,18.0,22.12620131708472,-6.106538076298335,14.301471896157956,21.105223,14.412921706489833
62,208,17.0,22.34750558599517,-12.44591543686417,18.025997490067315,21.105223,14.236286225494826
62,209,16.0,21.794876572041403,-13.906254297928996,15.913315904503204,19.61692,12.851569456199133
62,210,15.0,19.592340044582446,-9.492171944965435,20.426330432055256,18.877617,14.060453642380732
62,211,14.0,21.093292655361417,2.0898863114789776,1.7780369269117955,20.321,12.208687993058266
62,212,13.0,21.372759906396965,-17.970831753271597,19.883371556027125,19.384628,12.931727704123055
62,213,12.0,15.335673752256232,-17.947333019008056,20.10264256824695,15.503544,10.265748097271583
62,214,11.0,20.380441863948224,-27.836729878405208,18.93228959823836,18.729383,10.344919071605336
62,215,10.0,19.287528021213788,-19.788720850304657,20.112155587129283,17.831488,11.64487597433002
62,216,9.0,11.298686679597681,-34.23142537383072,12.245927497469744,10.606185,2.6596431236613602
62,217,8.0,16.870420031859187,0.18587589521155223,20.639450280188296,16.858934,14.663582898824298
62,218,7.0,11.697079015427391,-33.069709701037,13.226798031253754,13.597966,4.0519911020605015
62,219,6.0,8.24661386184282,-39.34646374231795,8.480674360767964,7.9498897,-0.8667610307438736
62,220,5.0,6.1352856806502825,-51.925987264071125,2.8030897603505025,5.505656,-5.999503738486178
62,221,4.0,5.183484418705241,-48.55154539397432,3.5943627929097843,4.766427,-5.61217363638435
62,222,3.0,2.856353262300701,-51.45195681997515,1.6245365087215333,3.4067752,-7.695897706219672
62,223,2.0,7.146611947402853,-52.94746269551064,4.619168583627356,4.510847,-5.7047436258019815
62,224,1.0,1.9004136745677815,-47.84452614160287,2.4071274104850175,3.0015395,-7.1778430330271465
62,225,2.0,3.2855308119485818,-52.9506283210886,1.6611596858947095,3.3046582,-7.880246359749661
62,226,1.0,1.8191514138438472,-68.83913150639455,2.5433723472819167,2.8383148,-11.220756207414095
62,227,1.0,2.327099124222589,-37.96197599413796,2.223976749489829,4.498127,-4.816379604624122
65,1,91.0,14.924659861570264,32.95959349676646,6.969006900019512,18.391533,17.223083365204637
65,2,90.0,22.899331513468564,53.02559365632301,19.506184784506964,21.516878,27.398979877083363
65,3,89.0,23.97030498603597,50.030968489389466,11.46402890365049,23.047215,25.43560572550549
65,4,88.0,37.56696771706862,52.86625126201919,23.27670021961398,32.3646,35.36143416667378
65,5,87.0,24.45771985670306,48.94816069219266,9.0710875233009,24.095846,25.021097940242576
65,6,86.0,23.710720078558694,36.47360703358119,8.300843260432018,23.649223,22.107529670904114
65,7,85.0,34.159309152501926,59.82425128212655,17.76683999050283,33.870796,34.70405446148633
65,8,84.0,25.495373812257643,54.87645725406401,23.18355313351421,30.502085,31.849600755921124
65,9,83.0,27.307370528669125,48.019292479488655,19.754205585391716,26.352242,29.035883353596752
65,10,82.0,23.624303977285358,59.57019687778089,13.788529655171033,23.677084,27.938147073210974
65,11,81.0,32.025352324508695,57.82614105151421,14.028857653431583,33.58894,32.67402661512831
65,12,80.0,21.852563355343914,39.824568390939916,6.440542029267686,22.182192,21.349215893082153
65,13,79.0,29.710554415258827,47.78592045595998,12.58346782368168,23.890364,27.128649208776977
65,14,78.0,22.458225372798456,60.373939243684205,11.545416082986502,19.045118,25.937081956646608
65,15,77.0,14.174101998260323,25.674880469863226,6.615134061081278,13.676477,14.263645696342738
65,16,76.0,10.606216037900356,55.53952163999881,3.5062717935021794,11.463099,17.568005349163585
65,17,75.0,29.27643259975072,62.1933029797307,19.726531630707605,33.44478,34.1905089534528
65,18,74.0,27.817303364752124,55.21507542998792,15.675969885916452,27.948,29.9162359727061
65,19,73.0,16.60694730322771,42.34380226294668,6.607553752002691,13.80719,18.161667365060755
65,20,72.0,23.34958033424477,36.55399856223687,14.617779334461027,19.280205,22.499836694528575
65,21,71.0,27.274820493412886,46.56736892017375,10.432095819679152,24.459349,25.806100905145644
65,22,70.0,19.80277171042111,42.655753515062486,7.053099057945179,17.285608,20.163748697391732
65,23,69.0,23.20700278368292,38.164409855377954,10.32996956314539,20.094221,21.866056564021036
65,24,68.0,28.672440263557938,55.73127878439051,10.196401960703891,26.117424,28.33104501634798
65,25,67.0,23.451338545620324,55.714163935108616,15.639673791088097,18.934752,26.363967340854465
65,26,66.0,28.54661858515739,52.100235199033406,15.983497672986626,29.166086,29.931917122688347
65,27,65.0,23.141602213618835,54.400320030710446,19.206237997715043,21.795078,27.72565307186094
65,28,64.0,23.6887711917375,49.942920980316856,7.9592371049457284,22.538439,24.288031189593404
65,29,63.0,20.59102489776092,56.51472708669691,8.46924387826688,17.333424,23.415114385308794
65,30,62.0,27.429143912119425,49.588847228888284,15.319395625039668,26.695492,28.303405395366916
65,31,61.0,17.442792792074624,51.23793750195624,8.348317203843031,17.27634,21.480459569830582
65,32,60.0,24.079425577965665,73.48224056333093,23.295800896765513,29.166887,34.6806370962291
65,33,59.0,18.761340941815646,43.25313919369722,6.936956882720281,20.804039,20.900825141278023
65,34,58.0,19.3363021342273,47.28861341827381,6.730492811136422,16.122482,20.522384397303643
65,35,57.0,10.349855620619039,46.63925591314634,6.402707387130622,10.831609,16.38278483719799
65,36,56.0,35.03437028167969,58.43347753093201,15.168104848205509,33.140297,33.8077916134324
65,37,55.0,29.060421960504954,50.557053972757586,15.103767213542358,33.75275,30.781523058305368
65,38,54.0,23.366557244280383,49.33965424851327,10.636683906101737,21.0987,24.39585131179084
65,39,53.0,20.019097359300343,42.89511924034892,7.1230019741047705,18.120169,20.51212622423728
65,40,52.0,62.22655989027609,80.42122603378809,47.93781911375109,36.850418,55.16120176779086
65,41,51.0,30.85323569707943,53.55418537293295,15.4297085018284,32.662346,31.64758091112542
65,42,50.0,16.73530161954787,48.982421980341144,5.178005557915078,15.372564,19.512748239029605
65,43,49.0,28.3142572925481,60.84311064474089,15.156770598005668,25.098076,30.23015063983367
65,44,48.0,23.547281889136634,34.9407042824668,13.921687396366298,24.729897,23.527312979733825
65,45,47.0,54.609794125813224,71.84972293470356,41.01692794251259,54.62848,54.358340807700294
65,46,46.0,25.77562956882629,59.160633165583704,15.896944655035508,26.723663,29.829120964196356
65,47,45.0,21.67841527738666,62.20103450437895,5.490153992850928,17.477835,24.06598327121044
65,48,44.0,22.947111383971997,53.80928084550591,6.155009283308793,21.830626,24.15845042154045
65,49,43.0,23.634779693925417,56.70710322815292,12.019473729418927,27.105953,27.851919487197787
65,50,42.0,16.655743344742252,43.353081991632976,7.278751635822758,18.141275,19.706538028548856
65,51,41.0,19.56553138014876,43.48402296174518,7.397105967283739,17.274689,20.342699697372943
65,52,40.0,34.19536484380825,49.477270982413984,23.464888065705647,36.519325,34.93611041850361
65,53,39.0,30.93345036953751,56.34859325349774,24.950713684748923,32.10247,34.54099341543996
65,54,38.0,27.165749694106598,47.2504373855688,18.9672050620407,24.264112,28.083467684734003
65,55,37.0,25.448386561859508,48.486145016502675,9.77261309022047,24.14712,25.406545480607257
65,56,36.0,24.176333084850953,57.42590674625126,14.406310675655433,23.549124,27.80962338984583
65,57,35.0,28.156790354018863,48.619522854515196,19.899939239350594,26.477482,29.459524882364377
65,58,34.0,25.812550123375132,53.52182953259624,9.754908738928602,26.234066,27.02596422668175
65,59,33.0,23.852369351198032,44.65899686748291,11.217391340143127,20.682322,23.677058652025494
65,60,32.0,18.365167338516184,31.465210117194303,5.72141560044966,17.843996,17.425670789773392
65,61,31.0,20.734373764940283,38.01472655215309,6.4139314770382185,21.10642,20.395397882046346
65,62,30.0,28.497229904830956,57.48119223175337,18.72999104239004,28.854214,31.580204178438947
65,63,29.0,33.783866315050346,65.05676674150747,33.816559782875295,43.591732,42.40045313291457
65,64,28.0,23.450117401931756,41.119363918064295,7.723473559414348,15.701988,20.639100183316025
65,65,27.0,21.932821346453,36.93707988520721,8.244544364047783,19.808115,20.65404557518219
65,66,26.0,28.907433749058715,50.19239244565523,10.384205471191216,24.19359,26.871029571322772
65,67,25.0,12.979978384505007,25.40138788214594,4.757382869485028,12.931542,13.192624894269658
65,68,24.0,27.681772192670522,57.517392751242596,21.56749248947296,29.165154,32.184048798516244
65,69,23.0,34.03416834552011,57.358306386031174,19.200874252074435,33.112297,34.36894992135059
65,70,22.0,8.527908697113684,46.24954750210266,4.666264991340391,10.16783,15.167659884116597
65,71,21.0,22.80747344406697,45.528777943919096,12.894257111312218,21.58383,24.231384978447768
65,72,20.0,18.351044685900007,56.667149505855264,26.93769011823649,25.441484,29.818973227725536
65,73,19.0,20.475483449906672,42.52578977708198,7.613800479172546,17.234715,20.45963461051069
65,74,18.0,16.85673430654325,40.760527925471735,6.555995600162955,16.30805,18.58650241305314
65,75,17.0,35.19586225446554,43.851966710790066,21.638694477161373,30.891872,32.15342446038453
65,76,16.0,24.66805885487337,45.66726610577672,13.71741376446258,22.96119,25.362196405507632
65,77,15.0,23.852857507896665,52.568413307128864,10.037986022525907,25.483492,26.16892385281894
65,78,14.0,23.041605291555143,51.91094179297711,13.541018725291728,20.899538,25.501728173727955
65,79,13.0,15.3194528579135,36.44586408946577,8.623310013199358,15.436471,17.6387648318036
65,80,12.0,12.730483542330472,34.70678712988203,8.269280552245394,13.74879,16.03791324206945
65,81,11.0,21.35189175260405,46.33441196598979,7.830560719083721,20.490051,22.362427914120374
65,82,10.0,30.816854974025436,48.30438053935836,21.416612162519346,29.65745,31.391852888726575
65,83,9.0,28.490979029355213,40.95249824943264,15.662477850101588,26.208052,26.908441253016917
65,84,8.0,13.269074836592358,28.804417560562854,4.181349346363895,14.6690235,14.239446387309123
65,85,7.0,26.787958347588344,46.49864481870023,17.440092115931513,24.321554,27.45075238221338
65,86,6.0,22.009435619225336,53.304280794780894,24.60691767183253,22.29191,28.744147831802206
65,87,5.0,17.268623207337704,51.36763192345461,6.959655832756241,17.990967,21.285590397872262
65,88,4.0,19.824208733498775,43.51230723072905,12.8925709748837,20.077108,22.607994523153273
65,89,3.0,21.58558287834523,45.05825158453301,8.521727090042233,18.806786,21.912695886539794
65,90,2.0,11.527867450572625,31.46594982926456,4.484674054599253,18.446033,15.354481530143072
65,91,1.0,46.591711622775584,56.90446812287577,26.617897673887605,69.07657,49.378228677130004
65,92,1.0,7.456833927073828,9.23288981848549,2.347212492663445,10.803057,7.359348844510266
65,93,26.0,5.166273168587922,42.9529413824677,10.186265833899284,6.202616,13.976700754593372
65,94,25.0,18.378510565786772,47.54226917633859,11.729942963300033,18.206327,22.168558377220513
65,95,24.0,18.24902180089447,55.876166851625115,20.578438302726322,26.310377,28.21120938777
65,96,23.0,14.120462756384402,38.75887534458542,7.15302478751622,12.808708,16.65663193709579
65,97,22.0,24.02027711245684,66.8539972119735,35.41510991367594,26.361654,35.81072726181622
65,98,21.0,20.70153643800419,43.31686932845618,12.379176611320865,19.19328,22.44441431204719
65,99,20.0,20.510453035368773,47.10786482548602,8.898666988884994,19.805468,22.37052610164754
65,100,19.0,18.405589507659403,34.570497774522906,6.8567747042747875,19.066988,18.655154373283068
65,101,18.0,20.972862422853485,48.831548888408705,11.105931533280309,20.582293,23.614154918776137
65,102,17.0,16.07881421956207,31.61039915113787,7.3358759258332356,15.386436,16.577074454626334
65,103,16.0,5.07716713989708,23.626847011307646,1.742915105859062,3.0919075,7.2181905817619745
65,104,15.0,18.72873852559716,38.43435535301764,6.451317027162656,18.266222,19.162986665818906
65,105,14.0,37.47800176589828,65.18291088246377,36.13304873906136,47.858856,45.206621525675196
65,106,13.0,21.173415757532386,53.536068586246756,12.049915176612611,24.748672,25.93382265957559
65,107,12.0,20.76962213965207,45.551741334365715,11.152015283404673,19.216953,22.576281327026262
65,108,11.0,11.324373443489076,54.77597838730868,5.088318273118432,11.809628,18.128969967619668
65,109,10.0,8.662013649240707,37.89910909867233,4.9859254237263,22.692541,17.05381932416404
65,110,9.0,8.382977964378075,34.177803137782135,2.305347717605443,9.00723,11.89210205402227
65,111,8.0,16.011158367651557,39.762288424938035,6.092176186950134,16.019604,17.960984679176498
65,112,7.0,18.569340254662837,48.050839166902364,16.18134984456566,19.105776,23.723283890974436
65,113,6.0,17.650860125128897,46.64873445626765,11.838639394769054,18.424541,21.88151071498436
65,114,5.0,30.46568583280012,48.786037453959054,19.78700199573391,29.575657,30.93814308925623
65,115,4.0,25.467677483734093,46.09948015071754,15.022003409627217,22.318533,25.836495773356948
65,116,3.0,17.280704693035183,48.57445686301925,18.073080827401657,24.61907,25.437056573437868
65,117,2.0,26.620735055066245,45.82193593112801,13.409132005941494,24.18286,26.184470255549396
65,118,1.0,5.930709540433661,23.209976982192984,2.168073017722733,5.532599,8.142953586582268
65,119,1.0,9.387689749023396,17.436745253498728,5.407398730834672,13.056477,10.870538044457136
65,120,17.0,29.739967952885287,47.31790823733064,16.395959633825377,25.845045,28.567923200610316
65,121,16.0,22.445384879707593,49.62559183295379,10.066554470964025,21.99361,24.284395503211943
65,122,15.0,8.88283968400051,38.70746758099784,6.634365664719631,10.7616205,14.499012303048668
65,123,14.0,24.12382612355525,36.90251102130733,10.365584464720385,25.026842,23.213945079581425
65,124,13.0,21.056822940791758,37.11345875599821,10.349538232301608,17.772964,20.44684817287682
65,125,12.0,8.360901223754388,24.562439977569937,4.904056112121189,7.409478,10.298600302416508
65,126,11.0,24.024051906033698,50.525770184302175,19.166962885276643,18.191835,26.25455423112519
65,127,10.0,8.50506290570743,31.4895164550162,4.426473877378072,13.897319,13.278825730894967
65,128,9.0,5.632960929910359,22.380783329626013,1.0988406332781864,7.20888,8.071826994089196
65,129,8.0,13.591644211516616,31.025418755731152,6.185203247266891,12.723619,14.75541685149955
65,130,7.0,16.96473391105628,36.69639132753824,5.48311420219563,15.539606,17.3535398865065
65,131,6.0,6.577701472391921,39.98023461632418,6.303462266344447,8.728608,13.466368938660214
65,132,5.0,34.74966150686417,35.94176887519784,21.070198586350266,31.213211,30.454893752016552
65,133,4.0,5.210243063459173,24.601296717480437,2.2791421891398755,4.1856027,7.875145738860184
65,134,3.0,5.529877252508036,33.79702500888051,3.254629935699711,5.862927,10.426637419182557
65,135,2.0,16.409127990720577,26.650852781502195,6.336230965895446,17.850985,16.121786968893332
65,136,1.0,5.989287938896488,22.08795391313663,1.1004095086133105,8.674765,8.50916975312366
65,137,1.0,6.2486235713417315,22.473947748567568,1.9616350236233373,4.8202467,7.846015474043262
65,138,8.0,17.55243588555333,40.5153980518064,8.029611336068747,15.48722,18.898681135673296
65,139,7.0,11.983271454559356,37.53728279078848,5.759608001443738,12.688158,15.429865190079171
65,140,6.0,5.652621322546661,20.79062021810101,1.5699586441054905,4.2871537,7.112487553528321
65,141,5.0,5.121929614294519,30.682507182346427,1.6238780601767644,4.46812,8.91721163448371
65,142,4.0,7.572221830143913,38.716141911387524,8.824987355584604,12.400805,15.14672610827472
65,143,3.0,7.811482408893016,30.925300497180928,3.3962769665358863,10.107286,11.691113597427053
65,144,2.0,14.562985682780006,33.83232375174252,6.849530549440537,15.309243,16.430509132454667
65,145,1.0,9.531418580433387,31.713367971721482,4.799575704003686,9.334117,12.481243438593104
65,146,3.0,5.225047780299654,7.101794403679008,3.181928603302019,2.7981117,4.398693990744539
65,147,2.0,5.086762011593269,32.36644868701259,2.140392107592895,4.382959,9.341265121789782
65,148,1.0,5.17288843029328,10.928067463355319,1.4421873858662266,4.0151916,4.987425344882307
65,149,2.0,13.320659692271699,28.456284564711254,7.403804482254671,16.059914,15.402391960974597
65,150,1.0,5.564319220644474,35.04139893466392,3.815549300788959,5.4766536,10.716932744006618
65,151,3.0,10.759024911642173,26.041920440481647,3.9440226029568493,10.765289,11.900887676501165
65,152,2.0,5.1437710318181225,15.39622698822896,3.242642635094292,9.844372,7.867719510039923
65,153,1.0,5.345987370941392,21.658618721198323,2.5738713126038135,5.041761,7.657464617252896
65,154,3.0,7.354155213881055,32.19579475851306,4.958041546220187,10.965616,12.444479826246052
65,155,2.0,6.222714457614517,22.21701559598236,3.2514774555323953,7.0257864,8.718479338810685
65,156,1.0,5.200439342401411,36.08449146892147,5.217277177866194,7.958242,11.846730144993444
65,157,3.0,5.284852766421753,21.259022856797458,2.426960654079899,5.041761,7.5256482849630455
65,158,2.0,5.604903084136084,13.057445355934505,2.794512612997906,4.472858,5.991104218294145
65,159,1.0,5.613080064489376,2.063759172239145,7.043658323847122,4.353334,4.970490064214371
65,160,2.0,5.104968958265282,30.913831807892507,1.664965121143993,4.382959,8.94456056039156
65,161,1.0,6.213315846619026,37.26087225054334,5.672264651898409,10.286439,13.098069348866108
65,162,3.0,5.072917391856844,27.812449343756,2.254427382625238,4.1856027,8.443973115664674
65,163,2.0,5.068017704275338,23.112408728559814,1.4394399231126442,3.4982226,7.14708067225702
65,164,1.0,5.4301015524324,25.558912489159155,2.1194312949630927,4.6261725,8.196056365447603
65,165,1.0,26.11251304302107,44.64031420194634,20.763579368024807,27.873808,28.72841248511182
67,1,4.0,8.631211876687237,24.540141688053936,3.908695526480969,10.514437,10.943015716399966
67,2,3.0,10.625248499902042,34.539482190620106,4.768256069810896,11.617655,13.931428255253028
67,3,2.0,5.084247990344808,30.985823704680428,1.764390120080371,4.382959,8.978503738947353
67,4,1.0,24.26796647318323,45.203308261670756,9.893257087574085,21.815832,23.855417920916956
67,5,1.0,5.1950359843749006,7.035386060314352,3.3733642799576273,4.721907,4.943870872980434
67,6,3.0,10.554500427516365,33.21556511425902,3.464245952725804,10.8829155,13.120850505454733
67,7,2.0,6.477948531804214,27.042137193261496,2.651585106699784,9.462893,10.209107772302026
67,8,1.0,20.115677886769774,44.35098111313414,18.42555809294167,21.502674,24.677642467785322
67,9,1.0,5.970051891669234,23.390343707901977,1.577874516321451,8.486677,8.826939063172473
67,10,3.0,19.1437444867878,36.81962604674257,13.19712241178555,24.65571,22.447178324458964
67,11,2.0,8.828342904816722,42.57659668689715,7.7025797854618006,11.855841,15.795855128952324
67,12,1.0,8.331510281067693,31.912018842252905,4.455267416883636,12.960711,13.067276048916975
67,13,2.0,5.103641688488299,14.905303837267212,2.0314266150035394,3.2988925,5.6898377829945845
67,14,1.0,5.947268399445701,17.433851746021205,1.669249544601314,7.629355,7.476120083578443
67,15,7.0,17.816985766916414,41.05940983560778,8.970837015647856,16.850615,19.68827745122614
67,16,6.0,9.712785723253983,37.7578473390968,6.150406908285518,9.154651,13.991714291217908
67,17,5.0,10.184110711408044,47.697729244985055,16.20257788870959,13.536497,19.824696014679525
67,18,4.0,4.716048028349984,41.33870906580614,9.64393794584253,6.669544,13.526089614798018
67,19,3.0,11.69536689429989,33.14169822333493,6.202497588491436,13.475231,14.836370549678831
67,20,2.0,16.86690283522086,39.03816604077116,10.839681964797993,17.487938,19.695880576088037
67,21,1.0,5.203806248031774,34.9611748022146,4.103703490724705,8.39408,11.459055687306819
67,22,1.0,10.43004127766395,15.747921012003104,7.574252830538732,7.311752,9.863457230682737
67,23,4.0,5.282475372455792,24.42862004744066,1.417429879738492,4.8437676,7.813827028497814
67,24,3.0,9.131651782850726,30.43219193061816,3.836374398624862,10.17447,12.098631121112142
67,25,2.0,6.618318234236482,34.970555319895766,4.277256410806338,6.590286,11.417251088882686
67,26,1.0,8.43652707572842,36.03337876386638,4.842411291340191,10.409202,13.300642031724868
67,27,1.0,5.47982819729949,28.35773201001122,2.144245384603316,4.600554,8.744399854400154
67,28,1.0,7.171896430014212,27.652497954891857,2.1990806682136537,7.0131965,9.74400621382149
67,29,1.0,5.113948908667975,29.064957136057586,1.6306470470752998,4.382959,8.584789214757723
67,30,2.0,6.592721139696368,22.819808104654825,2.272444313587215,9.185569,9.26082749075879
67,31,1.0,16.640864844508812,45.57618152584236,11.287533085206583,14.290338,20.14107563019294
67,32,2.0,5.048688530907763,26.937590980208284,1.4615979904672258,3.0919075,7.769418677211131
67,33,1.0,7.342329474579409,26.696906143695657,3.1368992808767544,8.186423,10.16882348110653
67,34,1.0,17.180382968889088,31.777885879782787,6.034794425700319,16.136662,16.778199754403868
67,35,1.0,5.0304815842357495,21.07674946310449,1.385359678765525,2.9254436,6.579757674419248
67,36,3.0,14.135936163222791,41.40291596511361,9.631419796996788,11.329504,17.416735644893564
67,37,2.0,8.133829520622003,32.924011253870475,3.293037196850321,8.011677,11.573783970739065
67,38,1.0,8.902589317006095,32.381866615746915,5.415921834030485,10.17447,12.819863288018649
67,39,3.0,5.741368534988392,29.970915234625096,1.0702532133108065,7.6543703,9.664635950354542
67,40,2.0,5.121929614294519,30.664033435981253,1.602714547947926,4.46812,8.908152652959764
67,41,1.0,6.26870468603898,32.6474805892352,2.7454158976245964,8.349787,10.947642408893913
67,42,2.0,5.02617709440942,26.281934598016164,1.2778245518282674,4.1856027,7.8833154474007925
67,43,1.0,6.1213315521565175,34.562129037847555,3.765489456013931,9.040337,11.724148254817136
67,44,1.0,8.751927076645394,10.77798812535282,4.25337432218474,11.881793,8.803792924668642
67,45,1.0,5.421451887402627,32.92314510899962,0.8873159923825398,6.934215,9.898399149771137
67,46,3.0,5.143252822554093,16.81503868029219,2.271770617344899,3.7507095,6.2498761763432995
67,47,2.0,6.879368273071014,26.12882727738763,3.2418703769317716,6.2088985,9.4277149408345
67,48,1.0,4.956469070747733,24.00436946547603,0.9986037558400227,7.770739,8.317717520640759
67,49,1.0,12.130434409575658,29.030432091190022,3.6981885896793543,10.0760765,12.605879107998502
67,50,1.0,5.316999128540791,35.00094329107172,4.125105679083468,5.108336,10.622151916321362
67,51,1.0,5.891119145453449,26.140127019813207,1.9393052418383405,6.726536,8.952461944823057
67,52,1.0,6.93196491443535,23.967953733745077,2.5548621240320344,12.56839,10.556532289884558
67,53,1.0,12.222293563014027,37.73652399361593,6.115091313046825,12.752535,15.644844372831624
67,54,1.0,10.671398954270076,15.965900937574958,3.8649156983024824,12.678014,10.443517974994183
67,55,1.0,6.3103926171104,25.545137146453882,1.793850710839088,7.142826,9.029584041986073
67,56,4.0,5.169505000265761,11.622279110296631,4.325069115439305,4.6994243,6.055869016627818
67,57,3.0,5.723070239128094,15.192400924036718,3.867897995231118,4.1304135,6.620609904771004
67,58,2.0,7.296603871666587,21.40888166464282,1.641413234959309,9.263368,9.04384067870445
67,59,1.0,5.113948908667975,31.688312174721887,2.1199721237358133,5.49659,9.512771475795422
67,60,2.0,6.171500106641648,23.076999788304647,2.0134599201788035,6.6262946,8.437896443836651
67,61,1.0,7.144703345131258,33.58463930275154,3.530241300012378,10.034883,12.028627333767359
67,62,4.0,6.095404969635158,15.300719845988894,2.974490893550815,4.1304135,6.5119187452812
67,63,3.0,7.138381001671644,25.42326322235303,2.340726183416159,9.131314,9.91403299570766
67,64,2.0,10.45605498653844,28.71135342104344,4.40682786285344,10.795371,12.4553568050733
67,65,1.0,5.1766066981643055,10.989835197288414,2.525707183207338,3.6413374,5.18300181787999
67,66,4.0,6.2853614751971305,34.554202893078994,3.2814792830931907,9.465319,11.756050527385202
67,67,3.0,6.426986365282786,35.34009554513793,2.4073978810495618,7.697571,11.243082744066248
67,68,2.0,10.877715820619226,37.043376352522344,5.925743596474284,11.3204155,14.703050869795048
67,69,1.0,5.529655008266413,34.042538101034296,1.6928098249185837,6.1695037,10.14775439472874
67,70,1.0,9.623798271299531,19.126101845626536,4.0702156649047225,14.683005,11.346466767829229
67,71,2.0,13.17656635335877,39.53452645890336,8.22452410083498,12.688158,16.78877328918147
67,72,1.0,8.163544601639467,22.737903286168915,1.836082041673194,9.044545,9.532102348855506
67,73,1.0,5.017810822396934,20.35849303359464,2.7322813824355805,4.3888907,7.183536397970963
67,74,2.0,7.379386878773307,31.824725262315283,4.034822914681051,15.958102,13.479144593335704
67,75,1.0,5.083856133609013,21.736657066257578,1.4942157944643668,3.3351207,6.859144615923631
67,76,12.0,13.747864571379717,38.50398607853856,6.41827319432695,13.073659,16.383002303857424
67,77,11.0,5.137016221150267,25.513996285798683,1.5915300981937577,5.041761,8.079221444133658
67,78,10.0,6.875801817042554,27.98050195904355,2.1051296906689245,9.174003,10.279278534304563
67,79,9.0,5.135867561223666,15.584697420247977,2.6165582467833275,4.3227086,6.2562630264360095
67,80,8.0,5.258211866547361,11.541393146306788,3.9700674900192254,3.6413374,5.6885180351934
67,81,7.0,11.55188613659043,30.809865322292495,3.380447214955346,10.225547,12.741426327568835
67,82,6.0,5.232184944162652,21.160230213962834,1.4603487507709332,4.1991706,7.013438169674397
67,83,5.0,5.8844194677143795,31.9177237944906,2.4573110310914927,8.349787,10.625585359968307
67,84,4.0,5.168321834429918,20.21130824132092,1.1193085884566045,4.564325,6.823158384548282
67,85,3.0,5.474997979035004,10.950563522687617,3.387959643055602,4.472858,5.707230769259844
67,86,2.0,9.47364486875045,25.569049970866573,3.7917038571441495,9.863419,11.169686398228052
67,87,1.0,5.181607540967109,30.43471668278113,3.552183236488105,11.85805,11.373322158801201
67,88,1.0,26.310420272450305,43.81462900158961,11.007394052555746,28.376387,26.212088814298664
67,89,5.0,5.095660982861755,14.195495826372493,2.5369472702510194,3.4712677,5.730283307225706
67,90,4.0,3.5879964270435236,33.135359802080345,3.0738418500270015,4.477461,9.338776341918255
67,91,3.0,5.101644361285737,24.41499246166927,1.8222242807707474,4.145677,7.679131746028337
67,92,2.0,5.19601822073489,16.123138000282438,1.9020260007212215,4.3932776,6.208233002147738
67,93,1.0,5.131455569366152,21.46708434728157,1.4323348726998546,2.9254436,6.69482533952979
67,94,1.0,5.634891994478546,32.19279587105092,3.6225346755567998,4.273874,9.819103547967718
67,95,5.0,5.5459909626788555,19.80018777883177,1.8080088417790137,5.843265,7.373196336828855
67,96,4.0,5.381268107542416,7.836669329334114,3.8075882420531286,4.5736413,5.222661502607946
67,97,3.0,5.646536400336795,26.142982124705057,1.5961121330658585,4.46812,8.189001996809619
67,98,2.0,8.300087148053372,20.8482288331994,3.496500458108244,6.9677367,9.085593727986673
67,99,1.0,6.199784914474203,30.64151693536975,3.7846815224652346,7.904839,10.697153836187056
67,100,1.0,22.063171950680655,41.30229961814911,15.042032385522862,16.401823,22.386335020895476
67,101,1.0,5.866668023408071,7.677234447984972,2.795824224734247,4.702413,5.098020784059839
67,102,1.0,10.795430881915106,32.65758600938645,6.24981983950719,10.338603,13.663152342805942
67,103,3.0,5.11132588991901,23.422977544505954,2.5667764972837546,11.437994,9.643623253972475
67,104,2.0,6.080556120408469,9.209842507200904,2.849714524182424,5.96814,5.804370208350866
67,105,1.0,5.509351145322082,19.48605587130217,2.7127880576883143,4.043901,7.0564451923054055
67,106,1.0,5.378800458802195,33.208113500175585,3.159405875951748,5.4766536,10.143368790462825
67,107,7.0,14.504191899528955,26.823589113692336,4.721732205850813,12.467822,13.756397863929884
67,108,6.0,6.121875128282263,-4.29081955119625,6.845956118335103,3.7576258,3.6867637715296326
67,109,5.0,7.739567572031838,6.108402410169049,6.0906651449203935,4.6109014,6.157541035452321
67,110,4.0,5.298077219131861,16.546740900030926,3.4524833588445674,4.665933,6.795892637427454
67,111,3.0,6.228843399086361,32.728638997791904,6.079630900892965,13.366697,13.16930004789168
67,112,2.0,5.689012882175559,16.3709584597606,2.9707648074826025,4.1304135,6.601950975297484
67,113,1.0,14.986107262302912,14.157654798160905,9.600708805476707,13.169027,12.93332086645608
67,114,1.0,4.618954886844893,28.95462311925975,2.4003386632862913,9.006249,9.867149546344294
67,115,1.0,5.124134676545475,27.34319574988406,1.9485620154313565,4.1856027,8.288702694404048
67,116,1.0,5.265827139757055,36.14158248768453,2.3563657157457953,6.6655574,10.781641872986274
67,117,6.0,5.603547926510499,22.82437571580678,1.7749391172134494,6.091588,8.025183694515711
67,118,5.0,7.349279002808394,12.413889386250048,5.0959618340597,5.4578032,7.220892739604199
67,119,4.0,5.2292979662120445,27.247448285094734,1.1425986746213965,4.216495,8.097521774249543
67,120,3.0,9.070416889668284,2.9022364833870995,9.127062853259801,5.5419497,6.959648947376658
67,121,2.0,5.099946403030142,19.103866852251215,2.4458230321911287,3.7507095,6.720637082993354
67,122,1.0,8.09412401149302,17.12220147968108,3.2107991765622543,5.4427037,7.832160968288502
67,123,1.0,5.557610665224886,31.38641069600871,2.290841571538998,5.3101897,9.573621004440138
70,1,6.0,20.20381805703204,47.76044494097414,13.702628212374684,20.020563,23.722277281931287
70,2,5.0,25.005608652161694,50.6265153081591,11.84670827946831,25.838392,26.687562321623876
70,3,4.0,26.442053261245437,40.05115413206643,10.505135977119952,24.470078,24.35022227565278
70,4,3.0,26.471693334927927,47.403486099891154,14.52011795384039,28.19308,27.81142187601227
70,5,2.0,23.119921608257332,41.22918125978431,7.884111606881419,22.032532,22.30858676082033
70,6,1.0,26.572659812884016,47.29202128096344,11.975309855475064,25.888315,26.535052353757145
70,7,1.0,12.98255550399115,27.580044172126605,5.5883408432059625,11.849142,13.536300594649074
70,8,11.0,28.507457307206046,55.58141377664559,23.71770461214597,32.593403,33.52638757906011
70,9,10.0,18.75498320163837,40.44551377890687,6.11247455408008,18.972418,19.65562906426856
70,10,9.0,28.058206778905777,56.41873901752734,13.75365094817466,27.177122,29.50449950060724
70,11,8.0,18.58120356620679,40.862656963167154,7.790385075279943,17.3602,19.69250720039112
70,12,7.0,12.639130999191282,46.937965373333554,5.534962765270521,13.501613,17.569103529038767
70,13,6.0,33.97056227841218,52.98242298387683,28.72654812156577,26.13123,34.130096929321866
70,14,5.0,27.712669382536355,55.57445403008984,16.67283288699518,27.631708,30.131228608689085
70,15,4.0,21.919636739504213,48.382803054817884,10.308884642412647,21.14462,23.735533720225426
70,16,3.0,25.4481854536174,57.19829213640284,24.368204868552013,29.31747,32.27170685278354
70,17,2.0,20.858623628863956,41.13357238977082,7.885027447263337,18.10172,20.60411619346379
70,18,1.0,18.017751375820193,39.46947727862616,7.210886477020868,17.078407,19.041886161432178
70,19,1.0,24.370359114577358,24.392010903502822,6.297676428369112,18.639732,18.115451373063628
70,20,66.0,16.57730846291288,39.24557350854542,7.097616993841854,16.046219,18.29018046893091
70,21,65.0,24.116158427133723,52.91911820280073,17.897060551182648,26.741674,28.700199543264237
70,22,64.0,17.220959053790843,32.10352176090538,8.553250738506854,15.330824,17.293434515394353
70,23,63.0,23.743440198391085,40.29056016005521,7.191772184109247,21.17608,21.89269220090337
70,24,62.0,23.3063830278403,60.03597832889311,12.007770557229883,24.870852,27.793494587433866
70,25,61.0,23.372220882100507,38.173593332889936,9.625938349320585,22.088163,22.265104743059783
70,26,60.0,22.534136053737953,42.017261741108555,7.741047130705862,23.00601,22.519418258015325
70,27,59.0,20.60260807850412,38.47654081747342,6.71560757144719,22.315828,20.85019117704922
70,28,58.0,22.623893786344112,44.569076590856966,6.848110606403512,21.767227,22.466444845506615
70,29,57.0,20.638933413695245,48.16592376654431,6.058664945735586,14.063807,20.3259468457767
70,30,56.0,13.188503009446839,40.63011230872763,5.984735163207326,11.4904785,16.09496312158911
70,31,55.0,20.152868338441927,35.85095004478103,7.543696750795895,18.949879,19.535920820376475
70,32,54.0,25.1704822982259,51.57952362893302,11.803344887713706,27.116728,27.24743816113276
70,33,53.0,20.117855881241667,54.93868815451876,18.272674422398904,24.768688,27.538008442741727
70,34,52.0,24.92048243293436,46.563611130501585,17.79070059264118,27.926067,28.000385601105314
70,35,51.0,25.015613245771043,51.32217484181163,16.119326798689944,23.902235,27.419906066226417
70,36,50.0,16.989817296276097,33.663950874443856,8.172656270136656,18.289532,18.22159255556474
70,37,49.0,20.514282112650093,40.447961595800805,7.9052602398996115,18.977715,20.617270110734957
70,38,48.0,9.938808292264099,24.846272640875256,4.3506737408762035,10.46958,11.470179684078762
70,39,47.0,16.939734097566433,36.31727500244463,5.954112579310149,16.979265,17.78347624057196
70,40,46.0,22.51925212431368,43.11225595953924,12.01007466648722,19.045158,22.776868281529342
70,41,45.0,21.3592812933465,33.17921128640194,7.40874373369018,12.247957,17.528656777982675
70,42,44.0,10.078860652123977,32.92208872946006,6.599631651915082,12.178765,14.098726501866889
70,43,43.0,22.094811305107427,46.40396114452703,8.131868801236038,19.992254,22.52836332228841
70,44,42.0,12.723028523551552,32.16532786592151,5.945747523459183,13.658805,14.91902453958976
70,45,41.0,22.270951912262035,39.430643726666005,15.165353081937049,18.354929,22.643025481444965
70,46,40.0,23.917926729203785,45.21619510105043,7.292204983713461,23.36953,23.49754065639237
70,47,39.0,24.044379108949773,36.6097697328463,9.239373571145592,21.02061,21.766552984661896
70,48,38.0,19.790356308882476,39.4760557012973,7.2058582212619555,16.442976,19.366440718056296
70,49,37.0,21.28998840745784,37.169687559378744,6.7485013232547075,18.618025,19.80876291385357
70,50,36.0,20.657003412307528,32.17757527876819,7.076515956384615,15.979253,18.055568542324046
70,51,35.0,14.236743994412786,29.380843999697078,8.132704120619433,18.692549,16.731823266663554
70,52,34.0,12.229449924074501,46.8536911268468,11.955056174035708,14.753092,19.45156334065856
70,53,33.0,20.54135969547164,28.66373476992689,7.573645336889392,15.133729,17.25475966665917
70,54,32.0,13.967419689068787,28.51845021255366,6.353650173400013,11.986678,14.227554815629377
70,55,31.0,33.55294693727814,53.04406029385471,24.460363940129742,34.693165,35.208288352382894
70,56,30.0,19.99202619178987,55.233556981320376,23.745669429957136,21.01625,27.98201568217806
70,57,29.0,13.488088838991896,42.969449373305935,13.556712125634121,16.541248,19.959115220546266
70,58,28.0,6.8021995863683715,32.02872222588924,3.9874093061806803,9.722273,11.671170075353672
70,59,27.0,19.764066554874432,49.20825089383641,16.94852521806747,21.45572,25.109184052384922
70,60,26.0,11.553711370067774,22.955935536071124,2.8509415299227996,11.289661,11.388296122262233
70,61,25.0,25.727830104278187,46.836035007823284,19.135838435506933,22.612972,27.203614773816653
70,62,24.0,25.7001205598619,51.60329828398906,18.984154728006395,26.115686,29.007193567143556
70,63,23.0,13.625902148808825,26.509753325452465,4.375936832749844,14.413055,13.882758057205498
70,64,22.0,26.34688681107785,47.1011086822831,18.218010066764343,27.066195,28.38241162144771
70,65,21.0,9.452685085738857,29.473840214729847,3.7531809992261316,8.865527,11.632183473787448
70,66,20.0,23.154284892461334,42.54422714304165,7.159085628484956,22.991869,22.6375154619667
70,67,19.0,34.85833864967683,57.34399679395743,16.990728776320026,32.597984,33.8810375821986
70,68,18.0,32.796022174095505,58.60360363631621,25.224162156844976,36.98235,36.87309867916463
70,69,17.0,18.669597121354187,43.25124251316899,12.843961868995866,17.350786,21.49130655293143
70,70,16.0,5.804056915245745,28.857956928643745,2.4115262313220853,4.600554,9.000378992192811
70,71,15.0,17.128991879806744,35.3643344019319,5.990832725391996,17.833712,17.893114168299054
70,72,14.0,6.974820270550058,30.21773353814278,3.270114456389493,7.586365,10.61276852943558
70,73,13.0,28.029485671200685,47.96508470484997,21.332660514826973,26.19968,29.598639048025433
70,74,12.0,16.742881124357808,27.571242733186466,4.449408103862929,13.04694,14.608846790086261
70,75,11.0,12.528506692290245,46.32397106910561,13.775182626256171,17.921185,20.75949362334094
70,76,10.0,5.275601942263437,35.706531428654856,4.829817675057527,7.003143,11.437982828158905
70,77,9.0,9.904371535167392,24.70222349274009,4.798230187403199,14.506718,12.633295931234379
70,78,8.0,24.330617760264786,60.350297306706636,24.323046294915102,28.092354,32.2213350993494
70,79,7.0,19.077598384380522,50.07619242353873,16.767978638039136,18.072016,24.128135622654433
70,80,6.0,14.273576366472923,36.97693068045736,5.295468033528614,17.93363,17.248856530643966
70,81,5.0,13.03545220912664,25.885640476181123,4.406946228591572,12.769833,13.165717839740255
70,82,4.0,20.091591232038787,29.454993423184206,6.1433880324756664,12.835298,16.28992855356973
70,83,3.0,5.146864619467898,31.57043805016079,2.2951853926604144,5.388143,9.516111272072479
70,84,2.0,21.37457506074666,44.953482356703276,14.50589021945164,20.100674,23.74423137284574
70,85,1.0,17.38705901673799,49.85605908214235,21.510630848800563,19.496717,25.235135386494747
70,86,2.0,23.175223020277784,27.985979788358108,6.414901699694241,16.349533,17.884482811839902
70,87,1.0,7.699565378649021,23.996629947911742,2.5444452391637924,12.973566,10.882424534938247
70,88,4.0,7.836805214628907,36.91783716569303,3.737481574889749,9.447646,12.755467436289132
70,89,3.0,19.241428925165497,45.9755252544021,9.13474792298743,21.124138,22.215205612812824
70,90,2.0,20.15742326096944,41.49032073749434,9.254483355901858,18.283209,20.882884380014346
70,91,1.0,5.098395563316162,26.361563629832233,1.6519120842883055,3.6429472,7.870811467548766
70,92,1.0,5.521976157313552,19.74551433266909,3.507070771916389,7.0431423,8.121879883007598
70,93,2.0,6.017286395376801,33.65056537335789,2.3278703079266663,10.424806,11.516843896461213
70,94,1.0,9.66381740314175,32.05392885277939,4.223798829370125,12.657185,13.324618057686669
70,95,2.0,5.121929614294519,28.993548211174343,1.2380498244464988,4.6261725,8.536076294499903
70,96,1.0,5.691497884380004,26.533351646304965,1.404837771815366,5.3101897,8.452155881489304
70,97,2.0,19.48089173553784,40.310778206401096,7.794156191090124,18.245264,20.07683328791316
70,98,1.0,5.323760541378814,30.000517792532946,1.3320019546666444,4.9897275,8.906982512544591
70,99,2.0,9.495597115766444,32.2858368777476,3.5052129816610815,8.807618,12.101215725062845
70,100,1.0,5.035748524562441,22.18909572467946,1.0836408039048706,4.019139,7.008461753317566
70,101,1.0,16.042450243851764,33.39670176527636,7.733177762258656,14.802562,16.85538512040324
70,102,3.0,6.6239475859575565,10.980992134153354,2.750447068483709,7.653859,6.721033330759161
70,103,2.0,5.086762011593269,28.568482143051483,1.2573779473445938,4.216495,8.340138807724857
70,104,1.0,5.170496629155397,19.147861736231675,1.9442339074580488,3.5347042,6.559752781044349
70,105,2.0,8.373548918458367,23.59725732289631,3.446487089406901,8.313786,9.97958369948883
70,106,1.0,5.800043038358307,30.345280469919715,2.156303340348664,5.3101897,9.407234100184674
70,107,5.0,5.0304815842357495,26.760300781424604,1.629645187368709,3.0919075,7.7743536981290315
70,108,4.0,5.0304815842357495,18.33036502855174,1.1416302330837027,3.0556788,6.026208412813958
70,109,3.0,5.1202242816115895,22.30347606988066,1.8323376544526724,3.3351207,7.065950544895329
70,110,2.0,5.611789253712125,13.886856718668469,1.6610050724695,6.9281497,6.514275164689558
70,111,1.0,5.01548488017323,15.783954787413677,2.606600755241047,5.199951,6.493517149214864
70,112,1.0,11.888082480061948,37.983500167515544,7.834816156123313,12.078464,15.867061890281288
71,1,272.0,234.1871341458066,79.2388939506013,191.07451088828526,247.21204,196.80951288068223
71,2,271.0,207.50549840588977,88.07905557457165,178.84706291697262,184.49843,171.02297765362084
71,3,270.0,153.63544674159607,65.52576186741652,116.64575716718494,146.37383,125.18623472621712
71,4,269.0,184.04958133961895,69.70685154044159,165.87352675183564,168.76144,153.34826716813177
71,5,268.0,147.88369881683082,67.2790828662296,160.6377718095068,166.93277,140.92395053660334
71,6,267.0,198.08780916292216,85.85372677029707,177.59377677822977,165.11052,162.4371206616587
71,7,266.0,202.36946902357494,68.0441515089451,162.23022798109474,207.48807,167.58796957870493
71,8,265.0,182.59610711720077,66.49120665018629,156.35458156064735,177.25911,152.12137959532703
71,9,264.0,190.632060003591,68.77962742653132,158.66284079082808,174.43716,154.6490479073315
71,10,263.0,168.65039639186958,95.68014192869846,143.24989962461763,181.30588,151.46646164523014
71,11,262.0,202.6477112305615,71.4551953976903,180.71856173542926,210.27617,173.89554798229324
71,12,261.0,197.7574827859229,72.38577681035544,140.70320111526155,177.77814,153.53325408935075
71,13,260.0,228.36490800024407,74.38401298000639,176.29560382146173,232.23012,186.37436805334477
71,14,259.0,203.56514655183116,66.58902693597388,159.0136367118652,200.08716,164.81759055423134
71,15,258.0,205.17381998684976,83.52180359689473,171.72515372704606,222.8763,177.93879637735694
71,16,257.0,151.87290967445634,65.12988662880278,143.04158614763355,175.95071,139.4506496484007
71,17,256.0,166.1456761607339,75.92124281759686,174.6126035321343,146.44888,145.8304053924794
71,18,255.0,197.945176549546,54.91966011796271,112.29861546074102,224.18571,155.28083471739558
71,19,254.0,185.64209351830164,63.136196959302254,143.15130386573657,158.94168,143.9664809628252
71,20,253.0,212.570717807927,84.74475870715192,178.29415118618203,197.62962,175.17986918592342
71,21,252.0,199.5936394895249,75.23107085973808,162.88648282241604,201.48415,166.7463414316505
71,22,251.0,164.9071255144841,78.08764945258666,161.95219899835615,159.59138,146.11779168926927
71,23,250.0,142.8168958291659,87.95063643207448,178.31105081120353,155.97626,145.13576200219768
71,24,249.0,136.58665905507738,72.37945696859973,162.52103185614075,141.07484,132.29626451650103
71,25,248.0,191.1485105773371,77.5696538302525,179.15737756323733,198.80846,168.3668987701599
71,26,247.0,152.47723820569107,80.12941265745008,172.85988971885945,160.28648,146.07206466053444
71,27,246.0,173.3691313967458,65.05405810755639,151.80544611410673,170.79918,146.3475666509503
71,28,245.0,202.88064072692566,48.868983962502654,95.91462696513771,209.8276,147.370113698916
71,29,244.0,152.5941905519784,74.44364822746256,168.34921287925215,188.39308,151.3820927458752
71,30,243.0,178.6994479075014,61.38068719069966,140.11236665055824,186.26537,148.23005882018165
71,31,242.0,190.4427940927834,89.1599994207524,160.58959734521915,208.61809,168.1664158102451
71,32,241.0,183.41631123045968,85.40218621584202,119.9706526853039,225.48543,159.40073349611947
71,33,240.0,173.21316722523568,61.39987659826818,137.06698813428187,143.446,134.41538091670063
71,34,239.0,160.6440223346264,81.25008978431995,172.88094064452144,155.7027,147.3428415848509
71,35,238.0,189.13895319083753,71.51902824477796,173.7680552021082,207.60716,167.60252159690032
71,36,237.0,211.37603543170707,71.05989884426202,173.82529898550126,232.30318,180.36806007872542
71,37,236.0,205.40102034827606,50.84842421577886,98.48046091326015,154.62346,134.3089334886389
71,38,235.0,180.65313750416783,70.87160822075285,173.32886368184398,174.63054,156.1447044304781
71,39,234.0,187.54362854091912,78.03798702207287,171.12778162645338,171.09361,157.9147153014831
71,40,233.0,261.84559964337836,65.12483322709357,156.58808985377868,231.86137,188.70952767342249
71,41,232.0,156.00014816386056,81.19783678806306,176.1491987575925,166.37056,149.7521800188617
71,42,231.0,214.58113972319853,73.3909728318835,182.88746491583566,247.82379,188.24102675609035
71,43,230.0,204.484873470606,71.74168270776443,161.91704434455198,191.51302,164.51680252109009
71,44,229.0,200.5591584908276,48.65707470285227,91.17063925757888,208.63383,145.12152938791462
71,45,228.0,199.89754018475193,77.87580197657499,169.39182501965155,202.9821,169.4380330572161
71,46,227.0,153.44655206814784,86.8409218304864,140.81553311279657,155.72592,138.03037493534632
71,47,226.0,194.0380767743671,73.09679041239804,184.64960764796922,212.08417,173.31650627069473
71,48,225.0,185.09359602237694,82.02690119955771,128.68738203386374,153.52843,142.19209501286082
71,49,224.0,157.6316888237845,83.0658292945674,140.88710510760967,139.71092,134.19912061826378
71,50,223.0,151.23314038868216,84.52748346144038,163.7545945134541,128.87646,135.75766859206772
71,51,222.0,164.01638994241227,87.79605174842445,172.82109733014875,153.1866,148.84491256605892
71,52,221.0,272.1708048520515,97.8567727790315,158.325164839357,270.55533,208.68565495199175
71,53,220.0,158.09239680595488,69.45150125421357,145.07444818001136,171.84296,141.44249498920328
71,54,219.0,181.4698344288058,57.28092198797037,119.0032885496848,139.14587,130.06169293530937
71,55,218.0,137.34770924026486,74.854985370776,166.58138899561817,111.415474,126.08369451766225
71,56,217.0,187.07071984535284,73.28474541471721,178.93352193614925,184.79962,162.59137661286132
71,57,216.0,191.48140129907904,82.77109613401348,187.86170134258657,202.8401,172.8096292663352
71,58,215.0,145.79129957432838,77.48274114212789,172.82002293302963,155.35713,142.3655911883917
71,59,214.0,241.82314488656587,75.10264056264013,183.16858913818595,219.01767,188.52085375055196
71,60,213.0,135.18551280618064,53.48283423709529,80.25104900592436,139.40437,106.35353919883434
71,61,212.0,169.6735706618971,59.865519719772806,113.73661173742406,186.80261,138.67323083843482
71,62,211.0,124.85877274906863,84.11645936947077,125.63764912652046,145.7871,122.89251113430396
71,63,210.0,188.1736732583049,74.43503422394352,182.94827571270355,189.48788,165.42614753336997
71,64,209.0,223.4016767865191,104.49539986670916,157.90667303667436,211.00082,180.2415860573177
71,65,208.0,170.52134921519337,61.431621217727766,134.20751586067098,172.63158,140.75435569565767
71,66,207.0,209.25286124816094,88.6225941293967,161.29990270023876,237.70084,181.3075216282677
71,67,206.0,171.95906140924765,80.78829115536858,181.53735207144422,205.44818,166.02542984257866
71,68,205.0,129.55630666660846,67.43573524345496,117.4147689832504,96.8243,105.72996996050367
71,69,204.0,152.19538770320028,69.149100340743,162.08381650929874,167.39139,142.98648100778723
71,70,203.0,198.83684714528945,80.4833094691003,178.10138820463402,179.85568,165.7094660634306
71,71,202.0,178.9079691368344,71.54891120131755,180.15084737637494,204.81282,165.6680819133291
71,72,201.0,176.6919324586787,61.204098628468955,132.41125712318257,146.28082,134.8941201958716
71,73,200.0,209.29397216155851,70.46026851257898,168.28334897940084,227.77219,177.00827737908065
71,74,199.0,150.40280188265302,82.97871794798718,130.81232954275077,142.97986,130.408586466813
71,75,198.0,143.35444738491927,70.20256106227075,157.39760371045705,126.05069,128.40056865084486
71,76,197.0,195.79606198515177,68.06884760693913,163.2430552204233,182.89516,159.4218146180487
71,77,196.0,171.25884035640553,67.911654252297,157.1370821021386,147.01381,141.31434459895286
71,78,195.0,156.77840523669374,91.77348561829061,151.78330922061363,141.11359,138.84768146901206
71,79,194.0,126.60104472485312,57.3513415035458,91.77812129072674,138.31198,107.41314151096881
71,80,193.0,146.73493209357676,89.98393926108719,179.92049669754527,163.86159,149.1551430459876
71,81,192.0,183.22999321618087,70.97359585006778,178.06566803368884,201.8234,165.41844890244454
71,82,191.0,166.81555309583683,71.05244057188212,152.12000782014547,172.23087,146.12964569959877
71,83,190.0,140.9891076541989,72.68055174016192,167.72003769097557,143.40907,135.56805119048593
71,84,189.0,139.78940926959763,80.66658368554229,181.15796123801982,172.19075,147.99295491431062
71,85,188.0,191.88715156430698,88.4656423510772,156.03270135271407,159.96712,154.19151169782145
71,86,187.0,166.99678327708259,50.15054094337745,97.85591431920233,133.06297,117.49966856721677
71,87,186.0,219.29507734240624,84.1667774498854,187.7993573713115,221.52061,185.8418076293119
71,88,185.0,233.9297920785124,92.6074647177174,182.37272117302996,239.32448,194.90250735767157
71,89,184.0,178.04003503446654,59.252649363545316,132.79915640680719,145.67154,134.83559316647228
71,90,183.0,169.06121689063968,67.45271477523532,139.7933543775384,141.53995,134.61308458761363
71,91,182.0,155.18240324266327,74.54379511333853,115.66569220975909,149.34264,127.88228685250068
71,92,181.0,144.92673451723326,77.01738273300441,137.8891418526954,144.84592,130.08928952826557
71,93,180.0,150.826444615565,82.74207966586872,160.73812870545217,155.52296,141.66531458816976
71,94,179.0,190.54770704467916,59.79161006934352,130.65618710537842,203.93204,153.50630533334578
71,95,178.0,164.35787957690727,67.0369015355189,153.66536242911076,154.91315,140.43239934287328
71,96,177.0,153.8735532766063,72.33686757810409,165.46221085376942,145.44307,139.05725064056102
71,97,176.0,142.62764926839097,66.35760689427894,140.73764207199707,143.25682,127.72776463704471
71,98,175.0,156.96603518959867,80.22358866500656,124.67865240018068,150.63069,132.16604965408
71,99,174.0,197.62202349245533,88.91556793990497,160.19744096874746,212.01468,170.9340255472716
71,100,173.0,137.99149269376426,76.0479155761553,186.82345954093807,183.96426,151.2475413535135
71,101,172.0,168.84443629734307,74.08549186033181,170.23070285062778,209.55775,162.02362332923826
71,102,171.0,193.91796139639055,73.20455437691685,178.8948001377659,202.73218,169.29062146530907
71,103,170.0,133.0289651052445,84.2442619646016,114.37966288120812,98.7838,109.64495180246824
71,104,169.0,142.948488551219,80.94946364104905,143.67872305523593,145.50127,131.97644646086604
71,105,168.0,209.82392012361183,75.83079212580114,180.54798049778236,210.04187,176.62874055079922
71,106,167.0,152.73845086707422,87.4200474585692,146.5101950211767,143.18884,136.0666581931266
71,107,166.0,205.92090741362756,75.13142064629992,179.06978380560753,210.76288,175.21222075263645
71,108,165.0,157.9919122886085,77.00871219014539,120.39256772782613,104.71222,118.39658719080332
71,109,164.0,142.76731533001654,81.89494910784819,153.9292369577994,167.1337,140.5892861679753
71,110,163.0,153.2976836168707,82.37478530404513,144.85923331144437,158.82477,139.0232518549166
71,111,162.0,206.6611599302882,78.87256727487747,131.60780521322155,196.6096,159.93710674279254
71,112,161.0,152.59645648502,71.88265514917374,142.31560158394376,152.8846,134.56386426762577
71,113,160.0,177.10880515121391,77.17885170621022,176.25550598082089,170.23114,155.94398920556193
71,114,159.0,209.81761941394535,81.46108107665816,188.39448524249377,201.93965,177.5785268612288
71,115,158.0,147.78360022421845,67.69828031572565,114.31027333829512,146.2343,123.31929631240385
71,116,157.0,150.49938737376283,63.05142709843604,139.97145068396617,116.396545,121.88673701597897
71,117,156.0,169.0756793185424,78.97966537399014,166.0089927434309,149.20776,145.72601578522287
71,118,155.0,135.64622967926562,56.544119321152664,90.09055816877559,129.34427,106.93810116131934
71,119,154.0,135.18127811720905,69.85012157898308,140.8405069044921,125.20672,121.49847194581307
71,120,153.0,205.89080971107094,67.37013766551237,163.8320282448007,222.28009,172.83056223298428
71,121,152.0,144.33673260240357,58.2840489178044,90.97313375018135,147.70882,114.85662554022251
71,122,151.0,154.6176509088808,89.90265572601896,127.94897204271933,192.17357,145.36187230730823
71,123,150.0,129.68241329884302,73.70277219888902,137.08502943798214,133.08438,121.8316085436101
71,124,149.0,155.46959976313357,85.75309717943504,179.12445647748615,168.92235,151.936489686688
71,125,148.0,172.02135327865835,61.906489489378956,127.41292043480719,170.7625,138.98752444916454
71,126,147.0,163.6453711880847,77.08551635428688,175.7024712306167,170.93858,152.2108996882213
71,127,146.0,139.57033002453483,74.17981478412047,159.21822765789562,139.49515,132.1869884039324
71,128,145.0,170.16524588515287,64.5362273988203,140.40926285789286,147.14867,136.03009900140452
71,129,144.0,161.53871593000306,83.64929013339363,131.7648676743716,169.723,141.07243931390147
71,130,143.0,182.1447751737431,91.30181475736325,145.5088429802068,190.87154,157.5560535243461
71,131,142.0,155.19141467870088,85.21890649431509,168.30767771310008,145.51926,142.6508657608304
71,132,141.0,115.4582794286982,75.32349092674303,104.33952665292881,109.39649,103.2573574785534
71,133,140.0,136.00217039206538,74.55812089486854,120.53774802611149,136.82574,120.44150753046489
71,134,139.0,173.6821138352326,86.52780765623277,146.03754920408971,213.41412,160.46725378927144
71,135,138.0,156.33100612937565,71.57789396419437,127.82020469169852,160.17963,133.71960211562913
71,136,137.0,155.26289458187108,86.93051336489911,141.68974440674197,156.84862,139.0844843435828
71,137,136.0,183.38729533663832,67.32922543153072,164.1104285974582,149.71452,147.13719477942266
71,138,135.0,194.8258464865865,79.7398696984625,184.012175521247,183.25002,166.9020105747528
71,139,134.0,126.58811259595761,66.06768282814379,75.30434067414816,96.075134,93.43760037646885
71,140,133.0,161.04732338508148,71.36350789386809,150.80564631664728,175.87605,145.21271062142193
71,141,132.0,168.43489970844428,97.83256346191132,137.07400465338455,223.95833,161.6497676437426
71,142,131.0,202.2036238003094,61.20783134467409,142.6209862722477,210.33904,161.8776167659722
71,143,130.0,152.69216132054214,74.21807038976709,131.89135648428712,150.1526,131.58056748966126
71,144,129.0,193.9128009535492,81.88401782259999,188.02371045850037,187.96448,169.36978022757233
71,145,128.0,152.00174153022462,91.61872025332063,162.58333102309814,149.69133,142.60704732671644
71,146,127.0,150.2814366156751,88.445652230918,146.62968964714395,151.97847,137.96621568089955
71,147,126.0,204.5113292649212,74.12815279267218,176.20132726846765,227.80844,178.45150757122897
71,148,125.0,157.41935923727522,75.43894935843795,144.73736080260443,157.60876,138.4909574192589
71,149,124.0,169.75526737901436,66.06368654821144,150.25377119808445,154.87828,140.85343094821042
71,150,123.0,187.4063829591095,75.76968430772958,148.98198050205625,192.04076,157.2786515014597
71,151,122.0,172.09533364926367,90.45637436525229,156.6043548327304,168.97966,151.61147224433464
71,152,121.0,146.12684809221116,73.92076801047031,113.92610406530918,153.05312,125.77506236234836
71,153,120.0,158.51963009683888,77.72022213161844,143.65775092142553,170.679,142.45952394537866
71,154,119.0,175.68670816273004,85.63757002606724,139.18466631741506,180.50397,150.23556630139535
71,155,118.0,190.09019539175353,61.76456049758127,145.91833272073694,189.87733,153.97107932882068
71,156,117.0,111.94334181251666,75.32640936917002,109.42765734465075,109.528564,103.64077074763543
71,157,116.0,136.15255010862657,77.22362981916518,138.88976475311932,131.84868,124.4515503928923
71,158,115.0,210.59335713023427,76.56089307784428,176.6549183246912,205.59729,174.7734900663026
71,159,114.0,153.68974959284355,72.50051015435828,142.21598998539702,152.79672,134.93770938776515
71,160,113.0,162.29681319337843,80.5990870633992,152.8173018406679,165.67052,145.1135292217989
71,161,112.0,137.3725468020417,71.5952188853457,142.50417561410495,129.52997,124.03875277591226
71,162,111.0,146.40041787750386,68.70073621245002,118.43971163053722,143.2283,123.39663451603965
71,163,110.0,179.96371345002785,93.8329150367368,132.33884454607949,173.80472,149.41023726604124
71,164,109.0,168.91327684380522,79.64651923105747,128.26383516808693,137.72488,132.86626841681607
71,165,108.0,138.36775514910917,82.07659185997728,139.55640820960124,129.46692,125.53270891970422
71,166,107.0,201.06453538245304,68.98481207629968,162.65830823470088,172.20427,158.04685028817332
71,167,106.0,169.94557696955778,90.1894162326092,149.86911530629288,197.40422,156.82806304892276
71,168,105.0,141.296400985331,66.95164570246348,112.62880785796776,146.10988,120.89195827218194
71,169,104.0,172.80055519432582,91.80181926649132,129.84506431258643,182.98157,148.8323709204366
71,170,103.0,149.54934676096184,84.51371219732329,132.7770824813688,144.31133,131.33409082334586
71,171,102.0,149.57999489252677,83.10584483078128,136.04021375959505,152.66849,134.16866401158111
71,172,101.0,170.55070765921533,86.60023583609276,149.72257779945213,174.41533,150.10398056018883
71,173,100.0,127.97773685316972,67.7940133802337,103.00757142987663,130.10406,110.52424869889336
71,174,99.0,154.7960473983738,67.73162828913325,119.39274238288931,157.08226,129.5231152805352
71,175,98.0,140.59602625906626,71.28388986626075,149.01059628504487,132.45195,127.36346464651496
71,176,97.0,171.0986162181428,80.23825576328169,143.37755141026378,176.95029,148.06395285244753
71,177,96.0,151.38407458078385,74.1593723739563,129.00631572747804,155.34723,131.84424123308673
71,178,95.0,180.4044882322296,78.39592656323293,123.4294697520198,175.86661,144.80922435090818
71,179,94.0,148.41418835429712,86.03856896767834,122.72368586706949,133.54236,125.79229519840689
71,180,93.0,102.5164380312671,75.34258368723027,105.08309631201476,92.516815,95.31075802288885
71,181,92.0,117.00842432033595,69.96397617663237,100.8519641369455,124.152916,105.71488032505708
71,182,91.0,132.04349021540887,67.61099353014578,134.4591870045401,136.77141,121.63041240656602
71,183,90.0,152.52310102411712,84.35906164820665,150.86866664693719,148.59752,138.01154679577957
71,184,89.0,173.93075748160075,97.09530754049456,148.5693748080537,175.66214,153.08699192815052
71,185,88.0,169.57371784456973,87.4113300999711,148.58462193903102,166.12608,147.464434972843
71,186,87.0,158.6189906577677,70.0942220904324,133.6556686518652,145.72632,131.72113326185269
71,187,86.0,155.47073699126346,63.560479288103636,99.38217249403436,142.61879,119.80577312329407
71,188,85.0,150.50611108407205,70.60910015942801,141.631492840742,153.41908,133.7013246618562
71,189,84.0,138.51973063837517,83.4510826587855,138.8683161724551,133.74403,126.80580773256878
71,190,83.0,162.34321857024793,87.97885908096296,139.35795285922688,154.45267,140.01041055993278
71,191,82.0,61.76671398406298,75.1310278945769,79.2112007723196,73.61711,72.05773889177134
71,192,81.0,129.32834529292563,79.42425305624502,144.35217957291667,130.30917,123.97981121681968
71,193,80.0,169.6130371317655,60.717559747680454,95.60055479536781,171.12984,129.8756226510112
71,194,79.0,150.71277109652428,72.53426988038669,145.7258782838033,146.51222,133.3431339897315
71,195,78.0,164.3727040557859,66.43731830607842,151.10618589851344,178.38008,145.9506307666947
71,196,77.0,158.08006886159077,81.35555790922339,121.42529398934484,148.09555,131.16334900106293
71,197,76.0,151.31765601633248,59.13277106627055,102.25371918699392,145.40175,119.29655650145497
71,198,75.0,135.76089319223595,62.25373093652408,121.80727073212218,135.87103,118.09823705533663
71,199,74.0,162.63435811738825,91.54193404664696,151.27638617556087,154.48264,143.89420828858619
71,200,73.0,150.93576505511635,70.89273496086201,151.06323354752317,153.6034,136.38892365506064
71,201,72.0,154.707975604978,79.48159919657496,131.88830355249178,176.4653,140.20954104444385
71,202,71.0,139.92819774193688,68.31474134662652,142.83931951780454,149.18347,129.487172635832
71,203,70.0,154.83172814830922,65.32274338396473,110.45598032524641,151.82323,125.32690137058188
71,204,69.0,65.42503546882104,75.50815079502699,69.79743934611118,72.6687,70.43792257321024
71,205,68.0,106.01025232171223,53.51979069417051,80.11862825374527,112.49601,90.9560338288556
71,206,67.0,162.39316984077954,82.1593498296784,133.5671017202148,170.18515,141.62120992732088
71,207,66.0,103.46246751636627,67.91064835796786,75.22680981383593,93.61074,86.64874944458514
71,208,65.0,74.37849361713137,59.05346840169706,57.373774768367035,57.079285,62.36550690682573
71,209,64.0,141.36246306578224,69.55031104927006,107.44829143907172,138.42554,117.99161291530922
71,210,63.0,86.52539259858955,61.44050377633589,69.18915840146808,68.60811,72.394863989269
71,211,62.0,169.47470600002234,61.28303837910511,79.06702887032247,137.06491,116.4847279112402
71,212,61.0,91.6213143360591,68.95610887097745,97.49953031955756,102.01892,91.61581111382412
71,213,60.0,149.89772927207224,69.85709415426611,113.25896672204996,144.34467,123.54064646606011
71,214,59.0,101.05241736480322,68.43830375851789,87.7201489370704,100.012054,91.05789254407883
71,215,58.0,136.9914706024063,69.41989487377055,98.46038142143706,111.09202,107.0629993257321
71,216,57.0,135.65786544220967,74.7636371485041,115.7607758924375,122.69993,115.34610060499826
71,217,56.0,31.34177268476502,66.71880502929545,53.43003708151766,26.479412,42.56771396653667
71,218,55.0,123.4317360368131,77.23812147250139,110.68565987549043,139.5911,115.61079693836412
71,219,54.0,126.1736501523135,78.0454693927638,104.11801667097512,119.54016,109.4346759934877
71,220,53.0,135.08042780847725,72.01310525337178,86.2049836376722,151.88657,114.77018313744651
71,221,52.0,89.79959824572221,59.39935169399726,65.40632041184955,93.063255,78.49354535245432
71,222,51.0,168.63956582852586,86.60441407025017,121.19619770580665,167.76067,140.33305654658594
71,223,50.0,78.96831734937378,57.02104875548248,54.10642996014629,61.28265,63.533547871684895
71,224,49.0,105.87128591856896,70.02568421805032,97.82703843667178,101.049576,95.62595749522079
71,225,48.0,108.52263854463155,66.43289410842982,100.31290641430573,101.393074,96.42154256272737
71,226,47.0,95.22082907413916,77.54350902150108,98.6345177917716,74.52067,87.17975335453038
71,227,46.0,127.21569127375858,70.09567924151851,103.65808430498858,138.17366,113.08660531035088
71,228,45.0,65.96085410933944,59.630547042259124,53.881286451301094,53.76029,58.321558826969834
71,229,44.0,103.83232549662243,66.73772129283961,91.73708565656977,105.34036,93.98860019927524
71,230,43.0,106.61790321750249,64.64585561519037,86.18653083180907,87.53166,88.13803813705618
71,231,42.0,50.84895280063848,63.15747582569996,54.23065886314019,51.979683,54.387928244943396
71,232,41.0,142.3912722674295,62.72530272114494,95.89067920191576,130.39854,111.8014569022323
71,233,40.0,78.15153881126449,69.98482842172905,69.716657897619,75.232254,73.60402298392563
71,234,39.0,110.65874296180145,74.69826719189324,102.945911820483,105.27383,100.32690915616679
71,235,38.0,31.376718675368878,58.55920503735271,33.48224857729512,33.125626,37.59056393192508
71,236,37.0,91.02271281241988,61.29640645935335,70.98108552216745,87.79006,79.23901470824569
71,237,36.0,72.32156933346646,67.13282287746593,65.5731544394194,74.100296,70.04438754256391
71,238,35.0,110.44892187748253,58.030103776379036,91.6194675622736,107.61638,94.75278359268295
71,239,34.0,70.45914637953989,61.96025619977067,57.39149822995511,57.143456,61.848080393021014
71,240,33.0,129.3595914256209,79.1566837587473,116.7323039865557,137.85461,118.74683594044772
71,241,32.0,50.22487836285931,62.78043277546958,51.81274509266517,45.15283,51.67796038243438
71,242,31.0,57.410088196961766,63.48478009149868,54.308775680136165,60.605076,58.618122414500306
71,243,30.0,80.48251779415807,54.180933466725406,56.48734653378688,70.06965,66.39368730913101
71,244,29.0,46.80102821802566,62.491120661240004,46.66160348260842,33.945484,46.31322024715201
71,245,28.0,93.5253782187854,59.62514026761434,63.80556217605764,90.9067,78.58050384722887
71,246,27.0,22.09003781890777,55.170032572543946,32.25587767378305,36.12821,34.83429205624324
71,247,26.0,56.27912306843683,72.33012455912547,54.83034009472829,59.031284,59.70647209311943
71,248,25.0,60.353692051637374,64.16069787417447,63.649154194067265,61.884285,62.35282309082032
71,249,24.0,92.77621401908594,63.47527780146984,66.8003893822937,84.25731,78.10502925935813
71,250,23.0,59.96587558140539,70.82463507454561,74.22751283257253,57.968212,65.23056499204223
71,251,22.0,45.677709319158254,65.19018530257586,46.85105705223073,47.873783,50.30231259613867
71,252,21.0,50.823163247812225,64.03103649990334,46.36035995491367,50.4084,52.069997977219415
71,253,20.0,14.263794680115268,49.049453509497525,19.801185662744576,16.211298,22.88040703333946
71,254,19.0,89.48371963576636,61.232565631338986,63.0695804543784,60.685337,69.45675494829266
71,255,18.0,15.913863048669562,46.55072180125693,14.006560083465395,17.212742,21.618763855593013
71,256,17.0,104.07518633329087,70.86087849029022,85.50903850833737,119.7584,97.08635931852247
71,257,16.0,21.623220161354926,44.218713268824004,7.042438445788399,20.599302,21.857341658794926
71,258,15.0,87.16333134201037,70.92280806941825,81.24036150619271,94.06262,84.36389996926609
71,259,14.0,24.89958323018534,49.231216264043724,26.4633606215455,29.855385,31.287665750956208
71,260,13.0,23.878198254935466,54.18960105017908,31.55840566193372,32.1635,33.90029158980496
71,261,12.0,45.13468050100648,61.94462929020085,35.33894394485378,64.39416,50.956173524839556
71,262,11.0,66.43698815342894,74.0735987514353,81.46449474137896,74.247856,73.91807360252383
71,263,10.0,41.109070319368605,57.074453811512484,39.78256685499759,47.47804,45.522552825122176
71,264,9.0,34.58905960528905,59.186195847061285,36.21101168947559,33.68904,39.47169905719364
71,265,8.0,41.693930559864604,67.71909818161024,41.653014452408804,40.023495,46.208321319304595
71,266,7.0,24.375639012713304,44.6655160146633,10.709572511441444,23.271265,24.386532111792018
71,267,6.0,25.5020402776686,45.80369363957661,13.342731566739829,20.399315,24.83586949985555
71,268,5.0,64.37954115384987,52.74038793426335,44.20013309464149,42.70003,51.066136241380335
71,269,4.0,32.633535274409766,56.264106698332,24.042270620480206,31.729227,34.66224036988764
71,270,3.0,50.57094347952177,57.71784790965553,35.129519775658224,35.798862,43.938809177740886
71,271,2.0,28.27147178107477,52.330523414080375,16.810331001608372,28.940533,30.054543781698907
71,272,1.0,22.075747188070817,55.48641886104873,15.818552113573507,24.281864,27.41781259156386
71,273,1.0,19.391451436199972,50.882792399247336,5.520909201123686,15.90735,20.85090734969318
71,274,6.0,37.049972140162325,54.21604092351319,38.705259007862225,44.778763,42.83675877712926
71,275,5.0,22.146319457956253,51.055354593632885,16.242769594004372,23.571234,26.510889330882357
71,276,4.0,35.86054904307643,63.07739372051353,23.68521994058618,37.655212,38.362542786952986
71,277,3.0,18.2243789381272,44.20692134702871,14.805206933153464,18.170084,22.281779872537125
71,278,2.0,19.047997319960736,50.61710212283316,7.093853344058864,16.42347,21.253610668352692
71,279,1.0,6.955866676494743,47.95274731076498,2.449068086485781,6.734203,13.553421697950675
71,280,1.0,28.215220300171037,44.1053055045909,8.134397505675842,26.894903,25.65160399115423
71,281,5.0,12.982318009670635,39.25309792489942,9.441114115967409,10.751739,16.478926894814524
71,282,4.0,19.38132606260716,49.492146622131514,6.1915525319478135,18.360168,21.41572877851825
71,283,3.0,21.43557733789294,47.16446037642325,7.133866189355977,20.527029,22.372343067128728
71,284,2.0,26.16653210541607,49.08178702890888,10.467965006533039,25.82523,26.352927625643915
71,285,1.0,19.35054573014846,44.451785517036484,6.921105147450948,15.301479,19.813736986898107
71,286,3.0,19.75044703166054,50.37010256725222,5.4346257376511105,16.289648,20.933256036008043
71,287,2.0,17.73909502160889,36.49413064617994,8.301056788336322,16.394026,18.496615074104987
71,288,1.0,9.647379634943258,41.68619444334439,5.065739781009441,10.986558,14.932367127964943
71,289,2.0,25.07814061767475,40.916063334125596,10.625165018669133,24.358252,24.135882810886
71,290,1.0,12.836850292850087,39.83040395430177,8.619527891521251,13.970918,17.197836209195344
71,291,5.0,6.997927381834521,58.308275676859864,3.3804109138882907,6.951715,15.845750776038958
71,292,4.0,11.540707742380908,30.623882881089997,16.79879209557217,12.65428,16.859875595403093
71,293,3.0,10.06520795224671,48.188265042273756,9.742352175302294,8.93805,16.963602339267485
71,294,2.0,16.391066113033077,41.76169710160313,6.839334997052447,17.511162,19.044619217738767
71,295,1.0,12.736351741125493,46.387496532075076,6.466966891802549,12.824416,17.552818631142188
71,296,1.0,16.405068827364985,34.50549266804947,5.717650517739848,14.065677,16.44428826076829
71,297,1.0,9.539126220684341,28.983954076629985,12.735819950908098,11.426843,14.596629789224817
71,298,1.0,7.878430741526199,35.55422160358576,12.004052932574474,7.8849664,14.246713449918813
71,299,1.0,12.740604430155468,33.97495722522572,16.59940317343008,13.221938,17.935652560924822
71,300,3.0,7.345918583879624,36.93894944313975,12.06113180980416,9.07159,14.695924191536816
71,301,2.0,7.354195740164962,47.82262681433241,4.890787144097331,9.6927185,15.071587874635402
71,302,1.0,7.579538184266747,61.37787680680802,0.09902494924070737,4.7295394,15.141268662415573
71,303,7.0,8.913063885691372,39.52464046294337,12.370660198673683,13.237957,16.826660653852294
71,304,6.0,12.378366444118075,44.297599436263525,7.280329356048753,8.896693,16.21195054125158
71,305,5.0,8.29585182809064,28.04710569401928,12.445511936332274,11.032046,13.888547688738464
71,306,4.0,15.295456148872312,37.15931022859206,16.815238615319362,23.336777,22.02844228268738
71,307,3.0,37.751295251604894,40.77522000587473,13.443017603740397,25.295794,28.636557800885086
71,308,2.0,7.478627250478521,39.83629105179715,8.253102991540871,8.047987,14.01718741689063
71,309,1.0,16.74063038734972,27.184813208984977,21.5410039988989,22.881077,21.638275655932222
71,310,1.0,7.383496067526574,57.580979919015675,2.4035485837886483,6.944656,15.557376778037295
71,311,31.0,11.564286517561156,32.647213693069645,17.031647593345077,12.296758,17.218005826909152
71,312,30.0,15.752160942255403,26.695137717963746,21.84738011734362,19.354923,20.40241267849335
71,313,29.0,13.838666106202275,41.951167664791654,12.634417450719063,18.650812,20.187599820882916
71,314,28.0,28.567208233844884,25.139255206252358,23.541554404546496,25.97201,25.902839564380024
71,315,27.0,45.686496962093294,31.89792432131439,25.154481344313293,44.22119,37.29460219812869
71,316,26.0,41.64044843537054,22.09272035233846,24.21522748755622,36.77456,32.04707921662067
71,317,25.0,31.827267775566998,24.08789203830169,19.309998059194577,35.739037,28.12801741244226
71,318,24.0,31.880197206593024,35.68688159337482,20.318655161244465,32.406616,29.72859671557597
71,319,23.0,48.90837751213986,29.25218595853596,27.576674709347706,47.062794,39.084244198328484
71,320,22.0,53.13640072130021,36.42060742669619,21.818172048654425,58.01858,43.07067174574435
71,321,21.0,35.561168434421496,24.899802753087044,24.354962769810452,34.546875,30.32415161429479
71,322,20.0,40.30630470055681,31.69741912936729,29.563847473905756,40.021008,35.77828087761627
71,323,19.0,48.8021534720805,16.688439763174628,19.391150292437924,46.58968,34.38835500623319
71,324,18.0,41.30773664788183,15.430039933033584,22.59294727737412,39.732395,31.05084623728957
71,325,17.0,42.6248752356114,25.314756426189717,24.87375664173795,42.22388,34.57209977814463
71,326,16.0,49.418918580968814,35.4672235280739,25.423454677769207,45.826527,39.520276270208356
71,327,15.0,33.23199860793945,18.21521442898873,18.05256118457603,27.315937,24.809354118676715
71,328,14.0,42.63002789400746,25.173828055458785,26.143549862044544,41.60402,34.7119895988499
71,329,13.0,36.974388709040035,26.974004521793148,24.582380363531737,43.686348,33.62720537509239
71,330,12.0,32.6922162021647,16.254121164063662,17.0962259629577,32.70537,25.480217037171126
71,331,11.0,30.279554012320403,26.8370716100507,19.534983714189494,27.374437,26.0352488030102
71,332,10.0,36.90878901580683,32.79249643704249,23.724190980927702,34.257458,31.966395868669398
71,333,9.0,29.316095180112693,14.867611377758351,20.241498787622483,27.440956,23.68122444625591
71,334,8.0,6.193981488955924,13.21977419349085,10.823289031794566,10.126773,9.801281436349349
71,335,7.0,32.203904295773135,19.687032733823116,23.199179955621844,29.729929,26.795717293144413
71,336,6.0,6.959194704188816,0.8161790515893586,11.052546064859076,6.736782,6.794936285249019
71,337,5.0,29.619690585772904,28.275458958619097,21.467432159776912,28.708784,26.988699403126688
71,338,4.0,13.344365297854822,21.46338163102338,15.982030523850042,17.564655,16.71743394609265
71,339,3.0,15.542235502857585,2.0876461376547866,9.04383436492202,14.284764,10.936041518531773
71,340,2.0,8.103909045487738,12.788471317642035,6.688271912360058,6.219208,8.123548066480089
71,341,1.0,23.22557261070754,10.637183768537398,11.610371163469662,16.876223,16.08182865409693
71,342,1.0,13.30491871977123,1.4564744391732347,14.305431852115174,19.143005,12.868706628528345
71,343,2.0,5.115293609253561,-8.111450435269319,6.6530645151455445,7.2335477,3.557847394100949
71,344,1.0,5.236843075162602,12.643757105840166,6.321442233229281,6.2709937,7.213128974368987
71,345,1.0,4.789168057453393,-8.904990178398862,5.47162664647567,5.8208504,2.627385133196838
71,346,6.0,5.107457226197045,8.165822882610229,6.308107625525086,10.008476,7.320718383260247
71,347,5.0,4.760267783136238,-0.558801384297567,4.0077303082712845,5.4132643,3.7224465058845055
71,348,4.0,4.853184578161691,3.1623185400028717,4.4105118553521265,5.655558,4.629734914992679
71,349,3.0,4.760267783136238,9.606341681323215,3.5064557067880244,5.1535444,5.464328938269696
71,350,2.0,4.99501520610837,-5.0811809002835275,5.836647012033502,7.568251,3.979863734132044
71,351,1.0,7.316309595598163,4.078617208009348,3.140642774152191,6.2907434,5.331550245949094
71,352,29.0,5.4714962074282525,-0.03932266190258815,3.2815280383232093,6.805003,4.204132566765011
71,353,28.0,4.975565741155358,-16.03496602096311,12.555037324776336,6.0989795,3.2420197231867816
71,354,27.0,21.45162949836505,-11.559697564874,10.725196181436932,19.61692,11.848781890261394
71,355,26.0,22.24712485115289,-5.990558655320939,15.508601431653158,21.758772,14.959585437744106
71,356,25.0,6.260739525977357,-10.979224838041631,9.927536044809727,6.2995715,3.934558604476871
71,357,24.0,13.10702182575679,-13.044923661083288,16.448698845106108,12.987005,8.950228104540647
71,358,23.0,22.341210541865138,-11.8282141920823,13.868975832861189,16.238287,11.96058277701425
71,359,22.0,19.97597324238481,-0.2931832048216165,6.579244619203731,18.909088,12.316576330899721
71,360,21.0,20.294303427150844,-8.316105946636497,12.989092112975637,16.63763,11.937295204440908
71,361,20.0,21.88860516450977,-20.839751022208816,20.061891375269067,20.423853,12.853078280882341
71,362,19.0,20.730830156145668,-27.609019457622253,19.18815276043894,19.2461,10.691803732093543
71,363,18.0,9.503136846078716,-20.41076763165185,15.96730175977234,7.1646676,4.847845351000057
71,364,17.0,21.986216870641154,-6.773987871172807,13.727762252173545,20.29829,13.879862921932503
71,365,16.0,20.770947385227,-19.796941857863374,18.16239225857026,19.257872,11.931066085388837
71,366,15.0,22.006891656096705,-23.555949027819906,20.327393779870565,20.940569,12.575078024106624
71,367,14.0,20.216017444221336,-27.405471379204698,18.446144969490717,18.482124,10.188054439694106
71,368,13.0,20.687277369256563,-40.12390729800234,17.723426994962647,18.254265,7.639285930667491
71,369,12.0,20.286117364535517,-23.188927065840375,18.1635237194385,19.410751,11.188764408740372
71,370,11.0,20.24553018108764,-41.26247920370707,14.226417965897038,18.77098,6.523426610459042
71,371,10.0,20.62832009197954,-20.20198457833027,18.117729852765777,19.257872,11.80215734422046
71,372,9.0,7.632187807591179,-49.15099894478067,4.874584838141637,7.3521194,-4.014454908429139
71,373,8.0,12.725605671922862,-35.141623404104564,12.984521823671265,14.081907,4.009914912462878
71,374,7.0,8.188645371644927,-38.82436537966683,8.34818917082924,8.80689,-0.5878203246338987
71,375,6.0,7.8556363980122486,-36.98017519262629,8.585188271289294,7.948163,-0.49693877568958733
71,376,5.0,7.253029460853129,-38.9615353866526,8.682147064173748,6.8808146,-1.3049795099730876
71,377,4.0,10.112498572494001,-39.30580289441389,9.773074084826213,9.505853,0.41734712816792197
71,378,3.0,6.916470058102641,-34.305668991106586,6.5798682491873635,6.547328,-1.1479487663264658
71,379,2.0,5.628380874981315,-51.390894292641406,2.511665855886129,5.9401026,-5.998387579247945
71,380,1.0,8.346904981331264,-35.711778960325574,7.808959114806292,7.4812007,-0.44541746191639886
71,381,1.0,3.0986597503725415,-57.44330295394468,3.249943842399709,4.024062,-8.182881937703415
71,382,1.0,5.866654804682485,-53.41685335187677,1.785552434586073,5.9401026,-6.508675526178358
71,383,1.0,1.7369137301690203,-66.36478908217279,0.23943233431904787,3.0341117,-11.320221965826116
71,384,2.0,3.3216500220427254,-49.90288127109153,1.9391577333181758,3.7340565,-7.099891884132841
71,385,1.0,3.0170068101563987,-42.307889598474446,1.6261633427489883,2.9879754,-6.01557735486687
74,1,2.0,5.656300461750837,35.46605938828755,1.7219534483387378,6.25588,10.485951796081512
74,2,1.0,30.437704674501106,40.69139569742035,15.901159405998499,23.957644,26.860774355039844
74,3,2.0,8.133938307140875,22.401586957971972,3.578819236160726,11.208124,10.495416504174388
74,4,1.0,5.466393687319338,25.327660933898173,1.451064446137643,6.8291755,8.57856328882945
74,5,1.0,5.231288717433637,31.442322609141428,2.3256326845478057,5.2356677,9.48224821468066
74,6,1.0,5.4016353286040415,9.297118326729844,1.5182209438623175,5.3523083,5.118320330422751
74,7,5.0,38.69592323731793,48.85443697709712,27.514427722711122,32.54994,36.06691675059145
74,8,4.0,10.405787557644723,37.67572675738147,5.840985051982379,12.726244,15.047176239070994
74,9,3.0,27.43892771075281,40.596149957315745,16.18933182249274,23.502365,25.958062163049068
74,10,2.0,12.660975474655888,44.55814543756327,12.819843626434078,15.483489,19.555338590510672
74,11,1.0,19.213010980244377,55.63971792080878,22.686561424821562,22.831259,28.052405057859303
74,12,1.0,11.559953458953528,18.70924098769268,3.078157852178933,13.124769,11.130307543490677
74,13,4.0,5.945302146201312,40.03278759736858,6.34698971704718,7.29435,12.926265018756967
74,14,3.0,19.192619218248954,43.649650185622846,19.70146408706711,28.109297,26.39195661854395
74,15,2.0,6.924349514682069,27.717249446960665,2.2621309721420957,7.71392,9.891741599511503
74,16,1.0,14.867246320446524,29.83910439650211,5.956676901967427,15.283728,15.512309337681414
74,17,1.0,7.1373125584983255,29.18677981442454,2.8067545047561424,5.566935,9.798193799718215
74,18,3.0,10.296427808047236,33.938067413925666,3.5535026399683574,11.804493,13.45745105894051
74,19,2.0,5.715282413236797,30.726805092657358,1.8384906234847378,6.927774,9.807512176985849
74,20,1.0,6.736359766862574,37.31352750204175,6.343817515586668,8.896829,13.056768983414399
74,21,1.0,9.400728489984438,20.005130292026806,2.0846921413271318,9.016278,9.412809842954573
74,22,3.0,16.28262245200515,25.978718452314155,5.238594128811371,14.190043,14.688870788417674
74,23,2.0,6.228191179784107,27.145202906458508,3.18453245704319,8.049414,9.918967318391811
74,24,1.0,12.50152660367482,34.6837621849333,4.81838499089109,13.387737,14.971171000659469
74,25,1.0,5.208073760745526,27.550087356575972,1.55450269967627,6.8291755,8.958130185254273
74,26,2.0,5.677780674630856,35.32600793867627,4.052071254506231,5.4766536,10.864801243001
74,27,1.0,5.2385921909816355,29.710091686254373,1.4148149199637245,5.198952,8.905471855759046
74,28,1.0,5.044931940504182,23.854333166175252,1.5152949182597837,8.755689,8.713040503311383
74,29,2.0,14.472621277283668,35.67195286623347,9.60388815097549,15.540234,17.538342690583924
74,30,1.0,8.825111264227262,29.441677850210908,3.331251719826625,11.116403,11.944529208908579
74,31,1.0,5.274862892895076,25.722829732431777,1.9668175924580993,5.041761,8.255671525037059
74,32,4.0,5.017278485427205,22.447029881514936,0.999202381602089,4.019139,7.030534653853299
74,33,3.0,12.804388966330798,30.212537786924543,4.125058730925268,11.228241,13.440717005883057
74,34,2.0,9.096585612825146,31.94897662588707,5.0372340896165895,10.17447,12.692399067399613
74,35,1.0,14.789761805445501,39.0767133730661,11.430441867524408,9.721349,17.19326467830082
74,36,1.0,12.20689245152851,19.355189084030997,3.2300696037810965,11.144898,10.942847502485606
74,37,2.0,8.0389687044798,34.002388646954046,4.017778293197715,8.059009,11.955392921458897
74,38,1.0,5.651197448582872,23.136623541051122,2.581079948172764,9.672394,9.269646642003455
74,39,1.0,17.032920739797465,28.08997278309654,4.916417802127974,15.966983,15.694566584472433
74,40,1.0,5.399796735221559,36.13412484914606,2.033840537540115,6.25588,10.6234468828545
74,41,1.0,5.340569756854003,25.34047681905828,2.054628890204498,5.1045485,8.240746606268015
74,42,2.0,11.287802317627358,31.96372260217356,5.729187968404517,10.663467,13.619253763142956
74,43,1.0,10.164008539618893,33.76738376331642,4.580918366253599,11.893556,13.68014530203449
74,44,1.0,8.703251355728895,38.45982372311008,8.288981281810095,10.861808,14.860657994883603
74,45,2.0,10.062647712179043,32.906804017992556,3.3667593429695373,10.801783,12.87722384553295
74,46,1.0,12.72778181228869,36.475457121547834,5.407807775826882,12.168672,15.20360613734639
74,47,1.0,5.210359389412979,20.37582935041297,2.6006465436663575,6.0509048,7.6522365463735245
74,48,2.0,5.163528200982889,24.019929573094927,0.9094647406156753,4.8437676,7.569803509200539
74,49,1.0,7.88204899220585,35.68401401578265,2.553366224895349,9.00723,12.104806295983181
74,50,1.0,5.578593683273582,32.08111392540647,2.909502768598081,8.578714,10.750946053070942
74,51,2.0,5.585139635962219,23.394398037101524,3.354242736815408,5.997715,8.516354452622263
74,52,1.0,7.12533629587399,30.037513368711004,3.9538468072968485,7.311832,10.72531836868911
74,53,1.0,5.14597038870764,19.13246198493026,2.254638945011365,3.5646763,6.639091496679919
74,54,1.0,5.283269908861931,32.62880484608024,2.7562258976370018,5.862927,10.004309594701077
74,55,3.0,6.895664272244675,29.420377320979,3.080688292679916,6.603519,10.125059602880325
74,56,2.0,5.442637728326564,15.159377801510146,1.1002731305297502,6.7888236,6.526331021900212
74,57,1.0,5.145528375013921,18.26980595539581,2.045736577296452,3.8872008,6.506091621327163
74,58,1.0,18.441438084636754,43.1523939555716,15.597971360915338,15.54814,21.644407111055372
74,59,3.0,5.76754302642859,11.902638673860778,4.467674027327789,4.472858,6.2529453554338374
74,60,2.0,6.081733594245411,12.380761055860347,1.5108894240145432,6.9281497,6.318514184847673
74,61,1.0,5.406363115208619,18.31825907150794,2.2675779495571717,4.1991706,6.729876069556302
74,62,1.0,8.226877361358394,35.003632469657404,4.2943837156279585,8.059009,12.271474173366173
74,63,1.0,6.018938644738551,27.238509192443146,2.1089469022574434,8.087493,9.607584349578376
74,64,1.0,5.398168700324866,24.900513410225543,1.3596320127662764,4.8437676,7.9212210425323635
74,65,2.0,5.194149112411441,7.178175164646831,1.9308172565948638,2.7981117,4.0778222616594295
74,66,1.0,5.0304815842357495,14.112154348137125,1.2820735872247866,2.5053873,5.109142173102359
74,67,1.0,12.349785183063545,32.0017427164144,4.830230484210624,18.446033,15.776721059966228
74,68,3.0,6.028166118498939,7.129654465560606,2.1593015841020318,6.698251,5.407778242644126
74,69,2.0,5.157631784795903,26.992645064614734,2.0670367578833932,4.1856027,8.262019988182786
74,70,1.0,5.090334588133913,24.098144748819408,1.41183243676835,3.9079003,7.4444081093860675
74,71,3.0,5.84125487305606,37.20265429613248,3.5440955122907667,8.01615,11.81784249314489
74,72,2.0,10.629490778442783,29.597548916894013,4.725456841774999,11.752157,13.013136656916272
74,73,1.0,5.921180480074129,26.91698841145198,3.3559008348526618,5.2014403,9.07013143320659
74,74,1.0,5.374522475813183,18.45206421907352,2.4849477863909044,3.6775665,6.663367649734912
74,75,1.0,7.589598325654712,25.94311812011172,5.019348410380509,8.51159,10.67286718973523
74,76,2.0,5.27229902337574,20.77249396011584,2.1086729839994263,3.6775665,6.979944648179256
74,77,1.0,5.112657190697317,17.269169725606318,2.7860743761335485,6.905199,7.308958735420918
74,78,1.0,18.110220039957152,47.992937373005304,13.696001084861063,23.601397,24.141086420353382
79,1,61.0,28.429815913094103,57.60945953698635,20.01325768801135,28.678139,31.873874572991973
79,2,60.0,14.453270528651826,43.45482883335134,6.498849028081487,19.655676,19.313426184170886
79,3,59.0,39.30914945979953,64.12620909280669,31.337345147139693,36.888737,41.31957673956407
79,4,58.0,12.624632960835873,50.162440831027084,13.605807102300489,14.960571,20.6811525300382
79,5,57.0,15.277151696336519,54.48873364219854,19.784134616845627,23.0128,26.02358094224533
79,6,56.0,9.71444227426543,29.149131352495488,5.2467091499857474,11.167249,12.651066735155448
79,7,55.0,23.191835178411836,64.21758736566136,29.659322078982314,23.604624,32.83205446344585
79,8,54.0,12.312331767231202,33.92399917032779,7.378136085063005,15.034046,15.883617199469239
79,9,53.0,12.716069173378422,42.772639660626524,8.498442885397193,11.139412,16.93490105695978
79,10,52.0,14.364800328300102,37.09294768975454,5.565291017621618,14.589539,16.469627012431026
79,11,51.0,12.46596012306676,26.33767639662834,4.8753229035272625,11.430628,12.856018999284272
79,12,50.0,18.8562505906265,35.00685162067094,8.470550435311583,18.59705,19.1598928121293
79,13,49.0,27.12550415248462,47.022114908991455,16.30791661800545,20.010191,26.192371919078973
79,14,48.0,21.022559578131233,31.612772778112884,6.118852583540665,15.996526,17.804201666364527
79,15,47.0,18.286079634562867,30.324976133103902,7.1112627001527,17.70148,17.510521522332667
79,16,46.0,18.337810987040335,31.507277343289772,8.700744157907252,15.991731,17.70733539078148
79,17,45.0,23.252664936328493,51.47281492809486,12.984871535410669,22.931274,25.87687540295781
79,18,44.0,20.80925139823785,33.291568152356305,7.812818076848917,19.09353,19.339024615420854
79,19,43.0,19.349572164860536,27.57533933870957,6.549103827752379,20.552519,17.900333207373013
79,20,42.0,29.506748190348034,47.20557298759336,11.016371312844605,25.805584,27.06537369408471
79,21,41.0,33.23893630731848,34.798582230379964,16.95267584371511,28.583603,28.03316437477885
79,22,40.0,37.25960832362131,60.894973924230115,28.936004089076974,38.480064,39.92932113574422
79,23,39.0,8.447809235794248,33.00061451669616,5.7514799139754516,8.934749,12.56606260031947
79,24,38.0,25.28208058277482,39.44477866915605,13.438185376962544,25.315193,24.903345985629443
79,25,37.0,12.205785133710737,35.99526592424019,5.693994724691166,12.605907,15.158131049832463
79,26,36.0,23.04723011945154,29.3409830678917,7.985573757804936,20.308886,19.58045773297269
79,27,35.0,18.697796581344445,37.51412807865766,6.807014146135209,17.104763,18.759741407493436
79,28,34.0,17.724345422690835,32.765226283152586,6.297344161587652,18.728985,17.88304129144104
79,29,33.0,16.85564598278468,33.353748477757335,5.301152279396511,16.281916,16.83595984382902
79,30,32.0,15.864071254876956,31.301304626753023,7.5162281340448835,15.453227,16.523062852818114
79,31,31.0,15.232731067055925,27.355136303431763,4.934255507333653,12.1707325,14.037267820826685
79,32,30.0,11.853863998769443,23.7502869941693,3.1717098197762397,10.91719,11.607779150912704
79,33,29.0,45.88006497767184,49.72543491417906,36.1967201851197,44.91182,43.825426862015625
79,34,28.0,5.459739637937421,25.04446313004533,2.9834270700287604,4.830109,8.386458556400168
79,35,27.0,33.12278333627558,57.76857730356504,20.317372078999636,34.105694,34.75102572153402
79,36,26.0,9.145079500721264,44.08719832709693,10.772680929465398,12.066755,17.03162108095456
79,37,25.0,6.640798670986459,26.55349013031747,2.7471964044902677,8.539553,9.938420302051949
79,38,24.0,17.696207631410577,38.9276446449056,7.012657558735832,17.647509,18.94946004243834
79,39,23.0,25.64326946670924,40.86776469879811,14.40406322675414,25.079233,25.465166798295094
79,40,22.0,13.705006953092923,26.085223262272052,4.199412029975363,14.493435,13.7991818352532
79,41,21.0,19.48796242227631,45.34244897837053,7.757459984860034,19.869005,21.466481561274936
79,42,20.0,23.560015952874394,47.447218438034525,9.673237578698224,25.257135,24.95245453874848
79,43,19.0,9.594551158294587,40.510749280932856,6.137485226827955,12.333564,15.334428706385745
79,44,18.0,15.010757826256938,31.349961309377875,5.684965132541379,16.077719,15.983197305445083
79,45,17.0,16.89483905352007,39.97962579388505,7.80772054777151,16.998127,18.96009358214154
79,46,16.0,15.1191354675448,26.043088932606736,6.178093583592982,16.464094,15.231847093838804
79,47,15.0,5.7509443987566,30.13984466341678,2.851217448873598,6.5304236,9.863242410666459
79,48,14.0,17.594144953954185,36.57238487346824,7.343239643972758,13.766039,17.515657713647187
79,49,13.0,15.772292543800289,41.17737200420325,2.3130571758594414,17.690662,17.62585463990829
79,50,12.0,10.928662842887176,44.84086554904559,13.460952960250307,11.980463,18.352958088280246
79,51,11.0,18.0212154292204,43.81827268143482,7.537398305789186,19.128315,20.509274036923394
79,52,10.0,30.14307694070219,46.91463679042947,19.78036316430977,21.15868,28.230028432544174
79,53,9.0,18.429981872905035,32.120649310890855,6.392969719366619,14.851726,16.941503017667507
79,54,8.0,13.372812656009726,29.728604185383432,5.312086637222535,13.875069,14.527369387941746
79,55,7.0,10.020755306784702,26.661023825453015,2.3779313441212935,11.626272,11.63490057986503
79,56,6.0,18.583196501494097,41.51256955312671,8.360709080074109,17.139923,19.90713962251027
79,57,5.0,12.777943816547698,23.863366550722134,5.441799879236534,12.69015,12.956300084677556
79,58,4.0,5.608135386713135,17.098523104470942,2.5874731858047326,3.8872008,6.553000673476534
79,59,3.0,23.03655120329975,41.59106756362945,7.26609339350064,23.10654,22.48121019005594
79,60,2.0,12.811334241242319,41.67730977121724,12.476096009942491,16.661438,19.273113840861342
79,61,1.0,9.316992075321888,32.913470316532155,4.012230931517095,11.220917,12.951314248532157
79,62,1.0,5.1869434951484665,23.340106280741168,1.39388606120648,4.248695,7.413296160070857
79,63,20.0,22.351347182597383,34.220790271298384,9.267863810350512,18.45973,20.15737146504672
79,64,19.0,14.731686725062504,41.712062181304674,11.39169655206874,18.3231,19.97876172690293
79,65,18.0,8.170321181904352,41.495860628955626,6.597996318121716,11.520681,15.027033414233085
79,66,17.0,10.95375961838199,31.693677399541798,6.206966415519666,9.27341,13.226143026501674
79,67,16.0,15.402034565142557,18.713558049093507,3.8298301478185053,11.449195,11.951039835704478
79,68,15.0,10.6521269654456,40.57468512785378,11.436424189800299,15.771386,17.948851973512383
79,69,14.0,4.97815382643513,23.038093845224267,0.9837866092877334,4.019139,7.1285297111037575
79,70,13.0,11.030906295158125,50.52618689171187,14.293988928332652,20.210346,21.894029706839113
79,71,12.0,13.35571498265135,31.08842053934471,5.364188045436691,11.93513,14.275489417215951
79,72,11.0,5.236840931693369,34.52998566449068,3.5316842493419642,6.0181975,10.598895871374827
79,73,10.0,10.262211397168384,29.67126977951041,4.385628537678066,10.130144,12.400601399352972
79,74,9.0,5.2258503488866275,25.61771449328893,1.6260086869651644,3.613514,7.749599678437155
79,75,8.0,6.456027078607821,23.022087481612218,2.7188562871304285,9.185569,9.377920528233837
79,76,7.0,7.05177759276973,25.531335499616432,3.1070050971525234,7.0914106,9.563278929517914
79,77,6.0,11.789551394674499,32.720019432166126,6.5272777919720895,12.307723,14.55364704576398
79,78,5.0,7.120800236758433,40.734653701823845,6.52181688356665,8.521226,13.763627441846497
79,79,4.0,15.8756598210292,32.78755576921061,6.706514693098878,15.5388,16.62175396028129
79,80,3.0,19.79576741319399,50.40088752703963,15.487021380224395,18.367107,24.135335853258216
79,81,2.0,26.42681570819333,46.2142862135091,16.190210436108423,26.47348,27.546479529452718
79,82,1.0,5.355158946499094,33.10602425280234,3.4760195207648508,6.092482,10.365221867695466
79,83,1.0,7.470436245416505,37.9687283617684,6.371755206674862,8.896829,13.394317194314967
79,84,3.0,8.86119712014912,32.740862563908095,5.739864010237788,10.17447,12.961530493289837
79,85,2.0,5.199801810524764,24.52187205139552,1.5044089840101122,3.0919075,7.361174890214144
79,86,1.0,7.08784573256449,41.11628095865615,7.825250390982916,11.7347975,15.030200634163496
79,87,1.0,13.248606688371916,8.500605510461355,2.6741320673386113,17.59161,10.744249290511148
79,88,3.0,14.570411165672342,36.17803327326111,5.776904792530246,14.249228,16.31618192681696
79,89,2.0,8.465791600149702,17.13824390328344,1.7837771320803597,10.320932,8.87529560331165
79,90,1.0,5.2267374799383965,25.06189789274356,1.9208115332491857,5.2393746,8.156936933502557
79,91,2.0,11.572319424252306,-6.038433794262346,10.779251451968804,4.0647507,5.985162372157625
79,92,1.0,8.80497916861919,17.959486525563563,1.320206453841692,9.016278,8.655775812334475
79,93,2.0,5.144350598219437,29.032314970359323,1.6438595404693217,4.216495,8.54582507241495
79,94,1.0,5.532428274497379,18.011303743182594,1.1620748677476058,4.564325,6.515618743978853
79,95,2.0,5.907049423566244,13.875696165472249,2.5562044516592266,4.3599687,6.139317047086536
79,96,1.0,7.019925054119717,26.953763327975523,1.7472999499267203,8.007464,9.716815609839458
79,97,4.0,5.205731043104395,23.692173144355507,1.8298943440321693,5.807692,8.018073000965227
79,98,3.0,8.659386162584276,33.21810178016639,6.8730168458315255,14.422416,14.43229482926808
79,99,2.0,11.879778826125834,34.28068085582048,4.67256006575586,12.082771,14.33220064286462
79,100,1.0,14.407121287377775,36.796846755298944,6.2603628881378235,11.719511,15.836286835227693
80,1,47.0,16.0804003914797,42.94339986571937,7.512431406965138,16.147976,18.99369847714761
80,2,46.0,14.03252115744685,36.40702369396044,11.844995590148354,13.16841,17.504878942909556
80,3,45.0,6.201223341321382,19.58312528709095,3.538584595452974,6.500169,8.143104309942572
80,4,44.0,19.756894384913707,41.145477525564615,8.9254726637777,14.684819,19.653551725607116
80,5,43.0,21.028099321677576,35.00128473137606,8.108884141551552,20.057827,20.062982532867707
80,6,42.0,7.023399353614345,31.77845903170551,4.547657189883253,8.127383,11.40350905804177
80,7,41.0,12.326780349753049,31.354360901242046,2.7851597419652308,9.70087,12.765616261854705
80,8,40.0,21.94855575745329,41.198669876876934,8.694579844464425,21.36092,22.007070893331047
80,9,39.0,18.118563201335927,57.30738333701778,33.19576471295751,30.825579,32.95601969715048
80,10,38.0,31.35041336968041,47.77201383354752,26.28031337846251,30.798393,33.01590012496775
80,11,37.0,5.937837178322012,34.354669795502446,3.353893566591367,8.313156,11.330590430204944
80,12,36.0,5.933384366441013,20.428880964897203,3.2774932675134423,6.551343,8.175438153144984
80,13,35.0,5.9497325358812665,26.641576062360244,2.025381629025084,7.4393106,9.278414854818113
80,14,34.0,6.797675004725825,28.034569220413545,2.3782670904574488,10.476621,10.688692398488396
80,15,33.0,15.888624732982425,32.11817430962252,5.2652581264342615,18.26045,16.851287759391333
80,16,32.0,8.402210054644069,28.165725757411906,5.264469099384861,11.412409,12.16703408724502
80,17,31.0,18.81627324445556,33.21368580783759,7.958085943271239,17.511751,18.38094866871954
80,18,30.0,10.559303287866237,29.551617145062636,4.220527747382377,12.846344,13.146466893356777
80,19,29.0,15.066203189479147,36.81303709806423,5.487585152585744,15.912327,16.946716778939553
80,20,28.0,7.888369424186822,44.53850409943156,10.919242593998487,11.9539175,16.774846902282366
80,21,27.0,19.934801584553792,35.76098220488227,6.3649200786463,15.878849,18.325782645613465
80,22,26.0,7.272239419618704,34.406851031064264,2.632871813266476,7.612988,11.337044363652753
80,23,25.0,18.565690194753987,48.79643140750275,15.557090458939761,18.653862,23.580396573666995
80,24,24.0,11.65979842649742,30.808181908139346,5.0810534436525,11.924914,13.671525002503396
80,25,23.0,17.384394420053162,41.363455944575264,6.908704612701598,16.247133,18.92490103501655
80,26,22.0,17.619837227192477,47.66194186795195,14.497966440367176,18.256727,22.71615027345212
80,27,21.0,17.23932253521861,36.5188973349982,10.854288493490248,13.175488,18.16507390544546
80,28,20.0,6.081225388582019,36.164963540603395,5.582150823526689,7.111892,11.976335263893736
80,29,19.0,10.575294768487336,47.53113140194867,9.195624778442223,17.919218,19.247725778075058
80,30,18.0,9.351085989527785,35.140606600917735,4.765148654448524,11.289993,13.601663214152001
80,31,17.0,6.2021115801426845,28.88918232419408,2.9948990257915185,7.591532,10.072542699139586
80,32,16.0,4.982742875010135,24.87940697026812,1.0177912861733276,4.019139,7.490564301382496
80,33,15.0,6.685304249910825,35.36017197626623,4.668721135712566,7.3414464,11.81425133833137
80,34,14.0,13.855730673617085,27.73050817576508,4.269298798089693,10.707702,13.15806740815906
80,35,13.0,11.085546677742277,29.334866617827956,3.9751931324641987,10.0760765,12.444560648049226
80,36,12.0,15.469864219695566,40.300501310853974,9.23725943796844,15.389196,18.56508845337038
80,37,11.0,17.04286480191541,48.3096929060971,21.858249810943892,21.074224,25.357615402159215
80,38,10.0,19.42909937959865,33.49943953161488,6.446194962193935,14.511505,17.406668128261916
80,39,9.0,11.80658558724292,28.867321862443987,3.9881509966410746,12.338769,13.167181616650987
80,40,8.0,13.32470986726502,36.484524650805284,5.2150529201270075,12.809333,15.493636507789038
80,41,7.0,7.843815707317333,39.37534566872843,8.482481782454705,10.376796,14.715952462512744
80,42,6.0,15.650420677558024,34.1762924586497,6.221857408526958,11.072853,15.49919986209919
80,43,5.0,5.279951377099139,27.312011424841444,1.272618664291393,7.4393106,9.022799264302344
80,44,4.0,11.727711895508513,33.55032961074019,5.09970639886204,11.447534,14.091281255150086
80,45,3.0,7.708645522462922,34.05712917096338,3.4334623802477324,12.558475,12.928349504664984
80,46,2.0,6.360305596237749,27.349045437116956,3.1424407638612735,7.5690775,9.854931887415416
80,47,1.0,7.489212109055477,35.90968720664425,4.672985052598712,9.168456,12.635192335776233
80,48,1.0,6.107982687035596,26.886265754187974,1.56089478800412,8.332319,9.48766966944597
80,49,6.0,8.799282557521327,41.09241744652611,6.353602955304844,11.856474,15.151882112591379
80,50,5.0,6.322809861568273,28.164941484851994,1.6479716652035705,12.135018,10.83520769955354
80,51,4.0,6.686758621391887,19.799075040557128,3.9922851788241402,9.185569,9.159127955093316
80,52,3.0,15.388270272059904,39.99857037201801,8.399937974100318,15.389196,18.26585967174881
80,53,2.0,5.086762011593269,31.83424794233801,1.927527346901094,4.382959,9.183954876646922
80,54,1.0,5.7000041508114645,26.811917848474963,1.9501731712886539,5.4231153,8.680529982459225
80,55,1.0,5.105493061450469,21.885992506074174,1.4794432647690527,4.019139,7.07341918605298
80,56,2.0,6.230996019135232,26.248895815407394,1.738242819876021,8.469855,9.483467275913565
80,57,1.0,12.786690344234566,53.75968738447341,28.56685485515026,17.24372,25.934899084625105
80,58,1.0,5.134745105910435,11.654690810268136,1.7799258685049821,3.7144814,5.123162686065559
80,59,2.0,11.520747702771986,42.54808718722545,15.141830182682494,16.983723,19.86190229419194
80,60,1.0,12.05115223978168,29.960180234181834,5.221008243712603,9.6946945,13.056881789290403
80,61,1.0,8.268793334192875,20.852450146134487,2.946815886061124,5.630363,8.575184215706848
80,62,1.0,14.734641762486056,25.36465946753634,4.28308980728756,13.618222,13.736084007701622
80,63,1.0,5.154993339051906,24.701786978406204,1.5921139486509261,4.686402,7.833825833890949
80,64,1.0,5.677500483376755,32.13600311843072,2.088011969064361,6.927774,10.131436793712234
80,65,2.0,5.831212869040179,18.05594842928447,1.7832081685422878,4.9626474,6.876758010459795
80,66,1.0,7.287366262335572,24.953461411508613,3.717579013941844,6.348471,9.478794848900447
80,67,1.0,5.170033463904091,27.974705696707304,1.620139987388825,4.6261725,8.454631208349978
80,68,1.0,5.184351614932424,18.123513930798538,1.3163813016615933,5.380318,6.699114762176766
80,69,4.0,10.497434839181967,44.69164863904564,12.36518132610939,15.598726,18.888676593732168
80,70,3.0,8.822398105805464,30.171648700211122,2.955259330074142,11.590251,12.1121979011556
80,71,2.0,5.163548259972811,37.04258092413224,3.976641081865367,6.25588,11.238593400103301
80,72,1.0,5.215528000466907,24.162668652554686,1.919689374551531,5.271316,7.990244087927389
80,73,2.0,5.083856133609013,16.52631067300638,1.3136511708250396,3.2988925,5.8065709863666575
80,74,1.0,5.33061948244239,7.953079626227009,4.71483100373095,4.0569243,5.329107626790938
80,75,2.0,15.937899438705823,43.3228169722731,9.475198304449556,14.521164,19.10260249348667
80,76,1.0,14.38276311039431,27.89129722278922,6.222559601980411,15.383241,15.100925253494578
81,1,173.0,66.49858582747474,68.35773431097687,67.34382273609873,69.546555,67.8925770113718
81,2,172.0,34.62507253693568,52.84789136795976,27.875150563596225,34.39746,36.282988041174235
81,3,171.0,69.59905473859689,63.58421657762031,62.46990615414246,57.16594,63.250876461740575
81,4,170.0,49.87937115249255,60.27273753933008,42.159274549578285,55.362503,51.32010200689616
81,5,169.0,30.516238739246536,49.29047721104824,24.066356299358503,29.74989,32.21334276860566
81,6,168.0,35.320151755045764,61.18343931883257,35.48845049412775,37.79224,40.969886936265176
81,7,167.0,72.12266259964632,64.9552990355628,58.701542944891116,67.68733,66.05670333810731
81,8,166.0,54.97974728018707,79.34943876248906,55.457785174519785,65.53086,62.59293887745813
81,9,165.0,35.42754964964785,60.95559057968396,35.849447731372166,36.43205,40.685649491253216
81,10,164.0,114.60123570009827,71.61546277961557,81.584087514493,113.03122,97.34015861180593
81,11,163.0,54.98453996412209,63.22683770128346,55.73377667231348,52.111523,55.98438821290858
81,12,162.0,80.13362708905731,55.421868904650395,58.02097032278921,72.19127,67.5033384917128
81,13,161.0,46.50418109630504,48.820569968331625,33.72081599363242,41.11755,42.16186815145184
81,14,160.0,67.6484095519172,57.55448736233231,67.59962587858412,67.06324,65.54971999212036
81,15,159.0,30.68779210177921,49.964216703411864,13.101803290320525,27.131401,28.82300146997044
81,16,158.0,48.33581917909166,64.32703511288662,51.76086918798309,42.675133,50.76742988674752
81,17,157.0,60.847667974415714,53.24621438800912,43.86187397488225,44.86919,50.66998802892139
81,18,156.0,41.15174448645188,53.722606857089716,32.9142437344186,36.666203,40.19838335098687
81,19,155.0,52.15513095637837,67.2530715826571,58.07699070906216,51.8162,56.496364457151046
81,20,154.0,67.5252558660779,76.19602526732245,77.62850392845888,75.62501,73.99508490981724
81,21,153.0,33.58573381899377,58.89149319419542,26.7454133679934,33.474358,36.60475343431944
81,22,152.0,60.99512116148406,66.8292788757327,58.57048380353656,47.9335,57.97158925195427
81,23,151.0,61.075520546963425,72.36771563518873,63.42965958212918,59.067352,63.30953337773972
81,24,150.0,62.24389396629158,60.36301058025572,51.08078320826927,47.357647,54.97359539668893
81,25,149.0,24.418729157847068,59.926060313479496,15.829957554070042,26.133158,29.420422933738962
81,26,148.0,53.562099054140624,80.4245033536976,65.7277288638803,65.482445,65.07230349971755
81,27,147.0,37.36693021936571,63.64685451067557,43.15335187942925,37.239323,43.86633341933743
81,28,146.0,47.86668073513284,70.15937727676582,53.393251165237615,49.391754,53.97974153630976
81,29,145.0,38.839802421298884,53.527810264410135,37.399398883113825,37.03125,40.785033940356044
81,30,144.0,63.75830320136719,66.45027181355948,57.089690019451794,61.759007,61.99413774660886
81,31,143.0,59.27389669541045,58.66798206543106,42.804630287990996,48.6962,52.0172503450707
81,32,142.0,81.65058511003919,71.59376561458524,88.8229228658588,90.67329,84.0236326148724
81,33,141.0,42.323435629305386,65.38228339254874,38.11559972908793,46.83313,46.84082010443164
81,34,140.0,37.45101839137605,58.40447749967001,38.209124608286935,35.78887,41.207179457801686
81,35,139.0,152.8858449333301,85.02226666308616,88.4453428019896,124.2486,115.39838988478357
81,36,138.0,52.23560716332413,49.64931534332737,42.31128764577679,48.024437,48.018725448004474
81,37,137.0,50.003247370633915,75.23660736240728,49.94055149507771,58.884975,57.19225203295099
81,38,136.0,30.266475155321604,50.0459690979465,26.43283825378635,25.058537,31.647265975844498
81,39,135.0,114.03056028578885,75.02377886985944,94.70033176012396,99.856514,97.72317088969419
81,40,134.0,70.1591897352514,58.32846694141074,67.74382313636954,68.00962,66.69056413036463
81,41,133.0,30.68259469522042,51.7226980594248,21.482647948938194,26.469938,31.169481101968852
81,42,132.0,33.130634704154986,60.39800170782428,29.953022892814765,39.871784,39.320186859680874
81,43,131.0,30.979827434116384,57.97267644544925,45.58460784212382,26.011982,38.6203029198346
81,44,130.0,99.62895909817554,59.229607984261264,77.95395852643836,88.54773,83.27285181470153
81,45,129.0,27.88681236479946,56.57212667623767,21.314972375140982,28.825897,31.90367778166557
81,46,128.0,59.42868200107709,61.93975672676747,59.793541288056325,53.32726,58.3665721327211
81,47,127.0,47.202149768882876,55.016968443134004,41.50078602394893,47.261936,47.22217110192602
81,48,126.0,68.22947090739802,65.50889138051141,71.2883051979651,72.03973,69.5311199866016
81,49,125.0,49.57078018707139,50.43498816924409,35.63583994825554,35.330048,42.27417566057006
81,50,124.0,45.816049692186795,62.88987131407167,31.181649024669884,35.607903,42.516450593180934
81,51,123.0,79.76732950516609,69.9031884365483,73.44951820872532,73.79766,74.62994318840326
81,52,122.0,36.85774345991761,61.58557608084689,33.551055081915905,36.833572,40.71284155114293
81,53,121.0,39.793900780257665,73.47320538777836,55.63912215901648,41.866936,50.92556972358642
81,54,120.0,62.51280777668589,64.1728123901696,51.42007426827498,59.07814,59.010517131369326
81,55,119.0,56.92946432874595,60.24670686400344,47.00832298386682,43.764652,51.43889950634427
81,56,118.0,38.552781615170744,49.726221958948855,32.27201172845993,36.879715,38.5982621277826
81,57,117.0,40.667078387894854,68.86982084318754,41.90930684307008,41.41205,46.580963974658566
81,58,116.0,42.76018363857784,49.76699513433684,40.57122655242715,40.921665,43.033970108816575
81,59,115.0,82.18283260472509,71.20276332081885,60.5665306039382,79.90445,73.8261922480596
81,60,114.0,80.02038213461587,63.601718294004996,69.83578486142179,67.93796,70.9799728827347
81,61,113.0,37.32909721992952,67.6773886808997,45.71743543549813,40.734932,46.23385120004605
81,62,112.0,69.93032658781857,59.806199360702635,58.4869558971738,56.70442,61.457097636263
81,63,111.0,22.178234445625776,52.515694230897,25.885250233497196,22.517462,29.035074160098727
81,64,110.0,42.72041197469617,76.59879163720606,42.692480377515665,49.133125,50.90798959577342
81,65,109.0,82.41406880643554,64.20456017524323,65.94890900651237,66.00713,70.23025563488035
81,66,108.0,40.433305535360745,64.09224167836153,45.095384900363,44.76685,47.33525105553059
81,67,107.0,47.99093674516836,59.92243096224438,41.21672914522588,46.164085,48.01110641116077
81,68,106.0,67.07438165223485,70.46339304623696,77.01277121040019,70.99207,71.36958354119385
81,69,105.0,40.41290370423994,62.962835687512836,39.11508563068094,39.29442,44.08295045164245
81,70,104.0,44.88840731594688,70.22727931505477,42.37126149302918,59.298466,52.939878183417434
81,71,103.0,60.86685810692887,66.21631579552768,65.36141264891609,62.778458,63.57623609157753
81,72,102.0,20.618021655275292,42.61001613199858,6.5971605284146335,18.388203,20.559491584356422
81,73,101.0,55.114827765437234,77.01369746912818,65.40241223799661,55.061935,61.972945738948994
81,74,100.0,23.407086501454998,37.4419795074124,8.13820432210498,17.161701,20.42439272697477
81,75,99.0,43.52723736911581,59.93157731579454,40.41856652777846,36.337166,43.92053965325648
81,76,98.0,49.031830715554094,77.61329751383161,56.09361321664527,47.818237,56.01280516663705
81,77,97.0,41.17550106245075,56.94463843726997,44.004278788380695,39.07871,44.365256652654516
81,78,96.0,37.18271956028993,49.141830611188084,26.31361147464203,31.35328,35.06435271651249
81,79,95.0,70.00568406064815,65.2218185679895,70.90272595746225,73.75264,70.33131694330609
81,80,94.0,28.34834385735595,50.33623876750495,12.648214266799137,25.084648,27.572907196417816
81,81,93.0,57.51458019197958,76.78240794536373,74.59539350193944,67.37765,68.30545493815666
81,82,92.0,29.949724579364684,62.71743362890105,29.99672596495163,33.394108,37.14809682050243
81,83,91.0,35.081971828797684,63.041417162890994,29.168612435663018,35.22459,38.91841816644668
81,84,90.0,36.36410937634083,54.03909382978141,27.554064192508786,34.39746,36.91249281362235
81,85,89.0,33.67544327046708,62.527360344554495,30.5658903891387,35.56804,38.88449513088199
81,86,88.0,65.53704075838269,80.59932042884778,76.86537102108532,66.83656,71.72350281447866
81,87,87.0,66.55789663441362,66.22207288537666,73.31805332686872,72.94831,69.97456016193318
81,88,86.0,44.250831252790185,65.64934128845526,28.856886345508812,37.965714,42.63196936460207
81,89,85.0,42.33457731550453,67.948387991501,39.22015305102438,44.344925,46.95516195512609
81,90,84.0,26.813193094281772,68.8160382318511,25.881779251316154,32.87662,36.22357935850276
81,91,83.0,34.27839906741305,57.789188265806715,21.967129703688745,36.69339,36.20312473094929
81,92,82.0,22.605464074016272,64.90929227039662,13.00769910984711,24.09616,28.58232413463163
81,93,81.0,27.264105097292436,57.94277022212414,17.359170715035525,29.524883,31.145833883017534
81,94,80.0,33.64814901331585,74.19691479381676,36.072555943231684,47.182827,45.662201172704926
81,95,79.0,37.48882908671443,66.79382114933136,43.171663524416736,40.473072,45.37430074823256
81,96,78.0,36.37879116854077,58.35286233869995,31.562843043890375,44.514767,41.5031094040296
81,97,77.0,47.762208228026005,58.08601101988242,48.353835859044935,46.858406,49.647080838921696
81,98,76.0,42.98045595343733,63.936361577788205,41.70016454811676,44.14495,46.96309275416277
81,99,75.0,30.820345510440458,47.653881922824056,17.49175898687244,26.802773,29.477163624880145
81,100,74.0,25.19090194989842,46.80588689483784,13.14807684759289,28.19308,26.98104203520536
81,101,73.0,59.90452623150564,65.47672598835861,53.210765287768346,44.706696,55.14244058073784
81,102,72.0,20.25368470334768,52.55879476042081,12.040986071587106,18.936924,23.928284575348016
81,103,71.0,26.51316603811153,54.888537161503365,12.483196397513971,28.02007,28.674830017284762
81,104,70.0,34.60257366660341,55.32789248953311,33.98901266622562,39.57314,39.73665916947006
81,105,69.0,48.11515561175812,62.995739400070065,47.67961032490621,44.1007,49.767752910733755
81,106,68.0,44.49413058459151,69.84451538658854,32.466230190316615,48.535934,47.28097132284872
81,107,67.0,45.51977245797198,60.86186546365933,36.68899019631099,45.132507,46.04074818421121
81,108,66.0,76.11975540600343,89.79187131821809,83.94407865272228,82.69494,82.54087775294545
81,109,65.0,28.960219487191953,68.79208706663263,25.386717243170708,34.664665,37.16919554249814
81,110,64.0,29.226927747482915,49.957091737176995,17.12208401124672,28.783682,29.907218485896127
81,111,63.0,24.183347289579974,54.41998312810675,7.69715971655814,23.520937,25.47691350830745
81,112,62.0,41.691739683534436,64.28930312430363,44.365140151430175,46.439423,47.982474373599715
81,113,61.0,26.34520914419387,56.556250616438675,38.37092639389039,39.45703,38.77850405870447
81,114,60.0,68.51615292945733,70.62518569996689,70.63993958248622,64.39158,68.36718795366524
81,115,59.0,40.74984875109564,68.57566990330386,24.684210478382774,42.549866,42.353358095638384
81,116,58.0,28.95720307802177,57.04568589848962,17.299616253547565,28.399853,31.129867891251955
81,117,57.0,34.76227249762205,51.80230553680323,24.945678360290437,31.750015,34.64578622206265
81,118,56.0,36.214636311131045,53.179789842864594,19.423888811142824,35.37792,34.84572425729537
81,119,55.0,23.780854898930603,49.20919614597358,11.185648746844002,28.470922,26.608349161428748
81,120,54.0,51.54859419326027,61.59410370385092,46.98697524676156,41.809437,49.663145211399026
81,121,53.0,21.184997862761005,51.2261747866268,21.46526448717242,19.880247,26.64887085406234
81,122,52.0,44.487591740071615,58.92815178629807,41.16165367224493,46.09629,46.809965085102895
81,123,51.0,17.504146539904827,54.29973237528394,9.215873452069864,17.00274,22.23591649400979
81,124,50.0,29.410483512143333,48.67684929502295,19.291551975941957,26.185589,29.583401252902032
81,125,49.0,30.197509200707497,56.010657961931685,20.803513904124856,29.136805,32.391626827761186
81,126,48.0,42.39495579862206,64.64135286126343,41.013770512958786,40.061077,45.659074920508104
81,127,47.0,36.208228117566684,57.15719705386509,33.72009959689355,39.75038,40.51203909592881
81,128,46.0,56.48860898843659,60.41897249191291,47.01792997839388,51.88557,53.53039254413614
81,129,45.0,54.55391300171868,60.43130238054738,38.89568005268871,50.093952,50.38974026683011
81,130,44.0,22.787116550911275,49.23300348461704,7.2920064444922055,17.995382,22.50710711168094
81,131,43.0,10.100257918445159,44.57850909381091,4.60330041449793,12.187101,15.812931021918155
81,132,42.0,16.502122501848657,56.970233316989905,5.069082641020124,13.717066,20.50136459076858
81,133,41.0,28.831449185549154,46.74884988292639,19.07960400691512,28.373713,29.585032216320688
81,134,40.0,6.775265287861589,54.590461142153856,2.92359155884796,5.78741,14.641320006856462
81,135,39.0,20.244166156068847,52.287507740584104,9.10202113155501,18.444572,22.97389614076232
81,136,38.0,24.666372634211033,47.22154518872176,18.41841951972303,27.576971,28.125442408650347
81,137,37.0,23.633809091845027,47.353590297388195,7.9492408416017675,22.51537,23.769064015778184
81,138,36.0,22.316618982125423,45.64191261268816,7.102022781668079,20.825806,22.39933827495771
81,139,35.0,38.251881103221734,56.957005036705596,22.449008976022903,34.655067,36.73288620385951
81,140,34.0,47.142876504312426,75.41161369970874,38.595045705749584,54.732742,52.34863291089909
81,141,33.0,30.727271419096756,72.41203809222745,27.33554704213121,37.687496,39.674799513949324
81,142,32.0,24.840070345179537,48.83798800311331,20.135537801020707,32.740093,30.31692861469304
81,143,31.0,49.10370487541354,70.71080713393035,46.1173270811298,55.014816,54.03881829599115
81,144,30.0,22.682446346907003,52.96095150583213,13.117468633709784,26.599405,27.02094228440705
81,145,29.0,19.117174418746995,41.21375613945142,6.23550213991982,16.677885,19.320019378216905
81,146,28.0,54.80085621035978,64.45797415014876,56.9141297081545,66.010574,60.20643494365126
81,147,27.0,22.666900096444753,41.31054071743711,7.993585423552009,21.533064,22.092165218429123
81,148,26.0,37.00571525749085,58.101869097991155,28.6569382700671,30.106916,37.004858829100556
81,149,25.0,32.79806570637869,70.88295056853812,25.835960449422203,32.861984,38.27436331381245
81,150,24.0,23.827813488397563,52.43816725271324,10.518087068657529,22.430452,25.443192986525883
81,151,23.0,17.970048118964588,41.94119060895093,10.38267467416133,14.879119,19.73932152085995
81,152,22.0,21.191091801074453,60.92423441596226,10.579376375274798,20.250488,25.759393416129278
81,153,21.0,24.411986171761864,51.82124442927167,14.28030132763097,26.58946,27.58735091960665
81,154,20.0,15.50080444433354,64.2102887751681,12.678817337872829,26.6248,27.056896941661293
81,155,19.0,20.823337813831866,66.70201025811491,12.950984081856703,20.048853,27.326233111137917
81,156,18.0,20.12439701486167,53.27019740522141,9.096585340712473,16.22364,22.530836242309714
81,157,17.0,24.410396485212814,60.30950128506426,17.81229600654472,24.05529,29.451646766909455
81,158,16.0,17.24381304108166,42.14136982768356,5.776142042798199,14.501859,18.270087768128946
81,159,15.0,9.620942668893727,51.53372379819987,4.007315685235618,11.582044,16.690111578009205
81,160,14.0,17.09375774628305,46.006209727663375,9.09766596226903,17.33211,20.59392267570157
81,161,13.0,33.498363808544745,54.89498345854362,24.5745533226109,33.4719,35.248858932364676
81,162,12.0,21.89140447672476,62.20431208241082,12.622686247215022,20.029913,26.67422334769267
81,163,11.0,25.282123514914087,59.162780693437114,19.44597393195985,32.49059,32.16634789552111
81,164,10.0,10.331332830791238,49.487846180943194,5.718983885323468,10.238886,16.58430015175373
81,165,9.0,23.016427723111036,57.529958024781834,10.8460420103956,22.906685,26.403050502132896
81,166,8.0,27.32063967076653,47.427325383096544,15.62745808219967,27.939445,28.274322898270306
81,167,7.0,15.591391053418686,48.19062275164504,4.226662357994144,14.6851225,18.608921730245562
81,168,6.0,23.52836791992146,56.07527851187989,12.944959983160846,22.782946,26.783172720699984
81,169,5.0,7.24092279738576,45.12777623201704,3.8527919937389967,8.722933,13.99357040696252
81,170,4.0,8.06687256332033,47.33049710360885,3.5177413219035643,9.422944,14.745525327491904
81,171,3.0,22.507763740464533,48.489665847682176,8.374978189399023,22.04218,23.655877337798408
81,172,2.0,26.664397553376663,68.89736907812038,14.870700942510439,32.958225,33.34295124512037
81,173,1.0,9.592602171906014,50.801643000871536,3.830810703909485,11.617377,16.505668961824743
81,174,1.0,8.201636926743262,37.724295445249155,8.08433479551412,8.637378,13.929614416748725
81,175,3.0,27.984045591863815,49.31023962731258,12.458431370368487,27.852953,27.96836711540099
81,176,2.0,10.311762160525326,52.49277256764046,1.940629679469886,11.920865,16.617368273189506
81,177,1.0,8.703567839429894,36.952592116931754,7.8162319139373615,11.942335,14.739172744156178
81,178,1.0,18.414705063398696,50.829888105249424,5.233259772092488,17.415781,20.897606438752156
81,179,4.0,16.51960692023682,44.37474320093784,6.572635398820275,17.288357,19.450408540411317
81,180,3.0,25.86756864638424,40.92339229439074,13.815397086406705,26.72455,25.82617894054062
81,181,2.0,17.79529249968255,49.20635021043131,6.94753937742572,16.514381,20.620286779667296
81,182,1.0,12.033140958026566,48.83961653361381,5.7408268151374315,11.5810375,17.30164106744254
81,183,3.0,15.098963228634302,47.87151575369006,5.835267484685282,20.28128,20.332322215605608
81,184,2.0,7.9083993059570465,47.5822182290068,6.750470767079069,9.11643,15.511622500981662
81,185,1.0,9.571985347818122,40.02056232636345,8.519471831726868,8.101359,14.721027578624803
81,186,3.0,15.633023540806981,67.5822266299453,15.861708094317887,18.09868,26.281748657344952
81,187,2.0,8.369821964602881,51.70700427167773,1.436026314721211,10.4448185,15.396875406544138
81,188,1.0,10.850633888354245,49.96334160147666,4.094798581195008,11.871729,16.834083886616554
81,189,2.0,12.280157127747055,28.608881496878865,10.302747540228587,14.60668,15.508263923383854
81,190,1.0,7.579469335981122,42.952472974343465,4.473075040560751,8.285266,13.717035263475083
81,191,2.0,11.226982664314514,40.166187523236886,8.50471484234297,10.406717,15.825906541050657
81,192,1.0,17.736711601103192,57.20864927092788,6.012400386930352,15.070696,21.501440737667238
81,193,4.0,7.281269434070822,40.862986838409284,7.2856540559126515,8.089116,13.916562689012126
81,194,3.0,11.746307087741434,29.925635004146955,14.745323887958524,13.338303,16.43098168734229
81,195,2.0,39.911959656784795,43.6165694749475,14.185971886214201,37.675022,33.299036435286936
81,196,1.0,13.878583124344551,33.19761790557702,17.520909054171295,15.793551,19.03577671489025
81,197,1.0,16.621360097364928,65.92257363042131,7.120796067563667,17.279325,23.737333169044756
81,198,1.0,13.832057507306086,31.49478334702097,15.242298042611989,14.896298,17.86134285875439
81,199,1.0,7.7149918858749755,46.67384394626643,4.95173738327756,8.963855,14.773172824239058
81,200,1.0,40.62586367269017,51.050656240478105,8.724326566465258,40.02696,34.12341926885878
81,201,1.0,7.806254734383556,58.352481590830024,-0.10639201945559762,2.2926002,13.91884935522576
81,202,2.0,16.742709071004047,31.13177459909855,21.00066280428092,14.41905,19.98121289429868
81,203,1.0,14.693069133902036,32.571864342577385,19.667884034198394,15.36875,19.59057727078842
81,204,1.0,15.386183299599029,42.26031205523449,12.181537729147173,15.98722,19.845860802910693
81,205,6.0,6.943195464551011,43.405887778686974,4.268145311095687,7.0547414,13.242217081102975
81,206,5.0,11.396246892947255,45.21244571154115,7.284817523416319,24.567518,20.318801563450485
81,207,4.0,10.64863635453894,38.88486125580687,14.256793567033068,18.412333,19.07042690637153
81,208,3.0,8.667353425058772,42.30964391830136,5.609893289787543,7.855599,14.079742122076224
81,209,2.0,23.456352943641132,46.07731640846646,8.698556362915234,23.969164,24.06147162400537
81,210,1.0,13.415135788288497,34.95490387471645,15.479356463853396,13.883469,18.196248066978953
81,211,1.0,11.830891865647883,49.61640558392156,7.44146084438681,10.02551,17.42044287778726
81,212,4.0,8.532231977849493,35.326248898417575,12.63629741688186,14.955808,16.448356465218858
81,213,3.0,9.358515727430442,50.59683809468305,6.397773909785695,7.9557424,16.08915326628128
81,214,2.0,41.960052555990934,40.42175523185831,17.90912232423119,40.799004,35.07152219193762
81,215,1.0,28.81064860399169,29.82967588280715,20.48204864034081,30.624205,27.31629648316143
81,216,2.0,7.0837083115075234,51.68179530279363,2.351401577353485,7.0500846,14.360991585698622
81,217,1.0,16.016584987553117,57.306684345391744,4.963258594073551,19.713982,22.011633217618137
81,218,1.0,14.232983712424138,33.3763202383919,16.666094257134954,18.527203,19.67916855574168
81,219,1.0,7.337599239240184,36.284847556478596,8.317842024944312,8.950222,13.558147308993739
81,220,33.0,19.26326526262198,38.4865472710554,13.314579981044119,21.90059,22.090469290268302
81,221,32.0,16.90361374918846,38.31274341896771,13.62802118594573,16.451488,20.01780164369798
81,222,31.0,26.712586070851057,31.264395748893264,22.57014247977873,22.84313,25.461914064209402
81,223,30.0,11.857841402003451,49.53790774430979,3.3274612142989497,10.226949,16.39229366691672
81,224,29.0,32.288612562579885,30.058264154738794,21.887064396376374,29.648949,28.436785404662228
81,225,28.0,29.077504593487806,25.247499580853187,25.11584475572594,28.064192,27.03875056709779
81,226,27.0,42.63753754260317,10.013933279103156,18.292224465805013,42.090477,29.89655351275763
81,227,26.0,25.630457188107943,39.32578842520681,13.821792170647363,23.458641,24.57993300569707
81,228,25.0,44.00696570216039,44.05379250418203,15.556915127379455,45.05888,36.86596866808068
81,229,24.0,43.26937346720846,22.184445209376634,26.600827916949147,41.579544,34.43220021036259
81,230,23.0,25.520569659325176,44.8856835968667,10.393182965959358,27.17404,25.713044132197577
81,231,22.0,45.591154652323105,40.20953387391695,20.261590177584196,44.994576,37.785621167898185
81,232,21.0,30.49725884934717,26.473039697358573,24.691715182610757,27.688745,27.457967101140014
81,233,20.0,42.76252103924026,36.45825030008319,20.307721835263497,41.584763,35.37571212923268
81,234,19.0,46.21680578258783,42.99731938468943,13.786276965254913,40.081955,35.48324689388422
81,235,18.0,49.42162537490921,32.08643528660967,28.868926739278407,48.29891,40.43851054010433
81,236,17.0,24.400956437929644,34.23616874012876,14.337482154881599,28.724716,24.811736760970557
81,237,16.0,34.44350310466448,28.6260259094568,25.0880389863736,33.66127,30.677894482110318
81,238,15.0,48.84118587220178,35.804012113305276,20.75712153969002,42.53998,37.32231493209522
81,239,14.0,32.45052289468694,1.9189757277897286,8.863192801262656,32.983418,20.59713875278049
81,240,13.0,41.33347603328055,19.5365033815645,25.849169410503922,40.33317,32.85463098339139
81,241,12.0,51.19720291302789,24.314361176499105,22.38093705982083,40.543068,35.67310298000737
81,242,11.0,55.26229809016205,29.25807211226872,22.6786929164725,55.587147,41.86807837597485
81,243,10.0,39.5209326488973,31.35586158104236,22.017455427448297,34.108017,31.93552013676785
81,244,9.0,47.89432925525934,36.77716962601916,24.70826146377034,47.26527,39.543996966794566
81,245,8.0,46.08030687018255,12.109724349556473,20.041446161673232,42.881676,31.9279663562441
81,246,7.0,48.91239400079942,27.327555691196025,25.74098721632704,50.45824,39.14917353429303
81,247,6.0,43.464739777709745,34.28985021281166,23.349034838519575,42.617634,36.22915214221847
81,248,5.0,45.40587414277629,28.556307632435548,27.84681868525122,43.94472,37.2067956830463
81,249,4.0,45.04190466146909,31.905818822869435,28.150444742299225,49.567497,39.33337213279565
81,250,3.0,48.572586079445045,29.762825560390866,22.430236646602932,46.83042,37.681233649634166
81,251,2.0,27.416712761071366,19.06709361775826,19.454572059288715,23.782854,22.76598931053486
81,252,1.0,43.759365880344916,22.192803077123898,24.237606027397483,37.43818,32.84198740621301
81,253,1.0,20.429095917614134,7.931684043305324,10.483492490413223,15.802073,14.201075989324345
81,254,6.0,23.031979420086685,24.198885409393213,22.401258523472166,26.348927,23.98028840436218
81,255,5.0,39.65992753517301,32.771311343683436,28.65415831422733,36.537308,34.630475290047116
81,256,4.0,27.987379203401478,10.090330630095224,15.793418964863658,32.198647,22.5118568239475
81,257,3.0,18.604752983727636,8.951773302729123,8.799591159452728,23.26527,15.449245155347647
81,258,2.0,17.079283960454614,9.885626218915789,13.046982696233023,21.724836,15.897817534619094
81,259,1.0,28.805277811087507,10.934162608553933,17.290375708686014,33.54547,23.654041046592678
81,260,1.0,7.7860649258890025,17.4381388595192,11.784789764277313,11.993913,11.804317523496858
81,261,9.0,6.7542497678949145,14.751350867170629,13.961763480760318,9.2397,10.832302180845664
81,262,8.0,33.80209867515207,19.645748423964434,23.194502111474158,31.3623,27.67105290859188
81,263,7.0,19.8365775842637,5.350833106256744,9.376609680222277,23.186108,15.234686780745326
81,264,6.0,4.91095767265395,8.229491191730858,4.042943054676485,5.423004,5.455766415201557
81,265,5.0,10.512489015737255,16.831983562436932,14.359874695230193,11.092388,12.880819770743413
81,266,4.0,5.325395107370443,7.892085507454482,4.720526921010276,7.650286,6.2817396894643585
81,267,3.0,8.073062693364438,7.544730866695232,5.9114995357168425,8.544915,7.534037614332961
81,268,2.0,14.178432194117917,22.83113243390906,18.984963956715728,16.964329,17.835164063688318
81,269,1.0,5.845569927068101,4.073250712960629,5.403466653426044,5.625883,5.332439178344848
81,270,2.0,5.206571549064692,4.681758928954224,5.014950155117198,7.6405473,5.709366752019475
81,271,1.0,6.1081945606983155,15.341750362294576,12.543812251980654,8.419227,10.174077214032463
81,272,3.0,5.775154547724222,10.985261275853759,9.700204274894574,8.409489,8.503069883351401
81,273,2.0,4.198170044572124,0.36018386601921293,2.7763064245307163,5.834922,3.5325115049305973
81,274,1.0,4.178855892663798,9.902683405922133,2.12909322097579,5.276866,5.031832455081921
81,275,4.0,4.570016188174858,13.690933440629863,5.687475361413185,9.102386,7.821155642288564
81,276,3.0,4.799747202365005,-0.7818961884483429,4.322753600630136,5.712594,3.85346053785488
81,277,2.0,4.9092964687768355,-2.2571745732869033,5.358839092074312,5.972708,3.9426032734128174
81,278,1.0,5.870895498659938,-20.203936956891482,12.13744195215942,6.1949816,2.612096077887893
81,279,2.0,19.37698799540843,1.7988621098449187,3.1638232107192508,27.723747,14.02218066225172
81,280,1.0,4.083498113721427,5.156859276848394,1.9059474736881512,6.194563,4.286249056033693
81,281,38.0,4.401276174957009,-1.160945033718292,1.0112986429529727,6.092953,2.9067152235901537
81,282,37.0,15.804514403507174,-6.6401729220007155,11.59009289900322,14.292698,10.008748501267508
81,283,36.0,13.063550146384575,-13.319330118458566,15.105546224642687,12.987005,8.534765440013928
81,284,35.0,5.720016924367456,-8.32067901176606,10.787597868573311,7.36216,4.801384039410848
81,285,34.0,21.39189196154647,-6.499250540293275,12.095224324243198,18.778048,12.931927920271601
81,286,33.0,11.018848537585209,-16.38483920882618,17.434322809408528,13.324644,8.076795272414227
81,287,32.0,16.295123276282435,6.6150447674118595,-0.3852296847324297,18.27943,10.620233063063782
81,288,31.0,17.28256495135296,-11.308028808260076,13.925544539267605,15.670822,10.509505088083387
81,289,30.0,18.448105993189895,-9.360208424162892,8.338676365729398,16.742527,10.035374388806929
81,290,29.0,20.84476059082988,-13.018611528823328,13.275515936935435,16.238287,11.16007765128505
81,291,28.0,19.915412600218254,-7.217023495158685,16.303413554121015,17.984573,13.26876453221036
81,292,27.0,22.32588464871705,-17.736157898111287,18.098451984483287,19.61692,12.83884741505809
81,293,26.0,21.851272867537737,-31.93552157942281,16.133651643816393,19.661001,9.491371488858132
81,294,25.0,21.873866808627028,-12.09967537999924,20.00501307750954,21.105223,14.687147586419641
81,295,24.0,19.706420401300715,-17.612599646883808,20.047643648311485,18.907316,12.44957120976783
81,296,23.0,21.88506528474618,-9.882556647778785,19.668742715691327,21.758772,15.201490347890052
81,297,22.0,21.04048504248513,-27.445353805767382,14.984108118533975,20.931402,10.163560543469565
81,298,21.0,20.2231835755343,-16.411832046794757,20.114658824654533,19.410751,12.975978131171003
81,299,20.0,20.119372378311965,-12.231573089677568,18.867728112606883,17.869177,13.00639857261089
81,300,19.0,20.493780823198534,-29.551544832094294,17.73718570853183,18.482124,9.670324526952879
81,301,18.0,13.861759543737232,-26.523620926402884,16.599032805345747,14.081907,6.918387009539778
81,302,17.0,20.32283740451511,-17.915558262447604,20.058836971443522,18.827799,12.545440994624544
81,303,16.0,10.41383799833054,-42.6119314614007,9.215584144914757,11.189313,0.1758362938629059
81,304,15.0,10.02984971388981,-38.673199864416006,8.52877695812834,9.505853,0.19009304506042035
81,305,14.0,12.488844449320407,-23.22944511237992,14.576369778319933,11.951929,6.064446885105314
81,306,13.0,15.468836125508926,-17.733428167361723,17.41404615577746,15.18979,9.557263276920766
81,307,12.0,11.717669958296888,-32.90994142874476,12.310585105786942,12.5014925,3.554692028366453
81,308,11.0,9.711497055856208,-36.432979669603924,9.04524563042835,8.962628,0.518419658662681
81,309,10.0,6.2738881030950155,-35.033285505413005,5.400113350943535,6.2530518,-1.8536443819425368
81,310,9.0,3.334637894473208,-53.99200631683641,2.7494162407200093,4.5073476,-7.458505399610619
81,311,8.0,8.458745701385126,-26.588607572381818,12.519702900082638,9.621999,3.1343274613652397
81,312,7.0,5.999637317374529,-36.25122513591103,4.977824762002875,6.2530518,-2.273310629141842
81,313,6.0,5.851533793455119,-54.8776452054652,2.8353349050833003,6.2547784,-6.4333680209618525
81,314,5.0,3.1999987489442425,-42.07795156257035,1.9985146070325612,3.5369089,-5.675948003490165
81,315,4.0,6.712257844918558,-31.661270092106577,6.700887758069971,5.251997,-1.0156328596198287
81,316,3.0,1.5986592890023357,-39.58088556137136,-0.6810091971137879,3.078524,-6.4690508452371125
81,317,2.0,1.7697664360782164,-54.838467684755926,1.4877178021666495,2.9714777,-8.799108193315076
81,318,1.0,1.9748944924043839,-44.61637797022951,1.7742781202480273,3.5688279,-6.5532446505125455
81,319,2.0,2.181771107410644,-70.5347944765949,0.26577150498125235,2.655936,-12.08744026477776
81,320,1.0,2.0664159999449425,-67.35335273847954,2.2154777008269377,2.8383148,-10.953420511130663
81,321,1.0,1.7634879019556668,-54.5349182290455,1.9357014079093062,2.9714777,-8.625824393516982
84,1,89.0,34.865397713208466,59.94097884489834,34.04384832642209,32.552494,38.821992478721114
84,2,88.0,31.042909471680492,69.96178813992843,32.0230077097421,34.781,39.73932544190585
84,3,87.0,63.02683978084815,65.64838657490981,67.22313002936795,59.81158,63.76124045300277
84,4,86.0,28.17114767812055,57.05263905902153,17.110754893541795,27.724966,30.681194974933383
84,5,85.0,26.994590168248582,54.90246207166405,27.188700875494412,27.339674,32.4710118574982
84,6,84.0,28.87986944384327,55.76692533946259,23.471372367584284,30.449642,33.026243670346375
84,7,83.0,29.45838537694504,58.12996692780743,28.71747473950486,32.337498,35.516479866663005
84,8,82.0,56.88198128860445,69.98446296871606,69.31586819305657,75.96685,67.75534452729303
84,9,81.0,31.70863769932423,43.848748986273264,18.278145294798236,32.163445,30.642073263147076
84,10,80.0,42.115924709193884,57.69419721345369,35.52674885294026,37.826286,42.220444703322435
84,11,79.0,32.91431242878651,59.806949299285804,24.491825147312817,31.084932,35.36224194423952
84,12,78.0,42.73083843775212,51.35775458372437,37.551652501181714,33.08894,40.43906718036063
84,13,77.0,43.100248462208995,64.88817311529036,41.783622023072546,39.169273,45.86504834801715
84,14,76.0,56.40272098710361,64.71537480686601,53.81065293081052,75.34502,62.39715974860225
84,15,75.0,69.41977529980655,65.83116506207614,69.85335940449866,73.40223,69.91594039898624
84,16,74.0,71.8384334888834,47.74370182851219,45.92620672138246,58.88312,56.98826774207358
84,17,73.0,49.797333049009694,75.1383451986199,61.21356163728636,67.15706,62.28065996210729
84,18,72.0,40.001609757067,53.0392673926919,33.06859369962681,34.656456,39.247560769408544
84,19,71.0,11.42423200953484,44.85986818558075,6.9163011929736555,14.18123,17.375867450800854
84,20,70.0,37.182731313176554,54.74583846691016,26.535781100407164,34.89497,37.143697993998444
84,21,69.0,64.81965127971068,72.65757308111556,76.63307983347715,73.064896,71.61613244857756
84,22,68.0,25.42433189607453,45.3028433959788,11.196073344584725,26.173336,25.707092773891095
84,23,67.0,33.10649510248857,65.54471406022395,42.4897651072315,39.889065,43.57666980596043
84,24,66.0,29.90027427045442,48.3810623728197,13.619947533621051,28.531229,28.81149000699214
84,25,65.0,34.362863055306036,58.01736129243538,33.123703396187146,30.85681,37.61862153050112
84,26,64.0,57.566428766523906,76.44720989788,49.54406839415698,81.12363,65.40019375339776
84,27,63.0,15.873712771997353,48.4009829280817,15.635986353995236,15.4322605,21.90901300451796
84,28,62.0,35.09608559198319,73.55057743457509,36.399725416913746,39.649376,44.00703523060617
84,29,61.0,30.676662699966805,57.62548645755375,33.21345196431853,33.135864,37.14912059714408
84,30,60.0,43.07767603068103,57.94734411734942,39.508102718992,43.126106,44.999714832262995
84,31,59.0,50.8428037255651,61.29498873617818,56.707552874991144,79.85105,62.156483310125985
84,32,58.0,31.55051515820593,65.30444706466471,35.37288303609569,38.469288,40.855952109094815
84,33,57.0,58.34540726837787,74.85241196189732,58.439715207975,53.24951,60.157027278770514
84,34,56.0,65.75145972831976,64.45056558282741,59.43530383311468,75.81503,66.55335062372211
84,35,55.0,46.57341578364922,68.85889925115005,59.153375775081514,51.527447,55.44784982061579
84,36,54.0,39.46856724983576,60.5294959776993,33.12742622572971,38.005512,41.44410129974817
84,37,53.0,42.47833699696794,75.04990852385578,37.834172586977935,74.64208,56.12040381028168
84,38,52.0,68.34431041000556,72.55956469315535,72.0210707569939,72.54963,71.23881504433257
84,39,51.0,35.86902970453281,59.50980137985168,34.87437374911121,35.681675,40.07659336551601
84,40,50.0,70.21973586141623,61.262089059497654,51.04396272410979,50.988483,58.337922656028766
84,41,49.0,34.944241718231424,54.34071881177529,27.449373887557204,34.729725,36.63534563499268
84,42,48.0,37.21406629188961,64.07473896299774,54.66781566039552,51.29473,50.68510499044364
84,43,47.0,38.84898606713175,55.38600195539124,31.4173006165031,37.765858,39.77707383900735
84,44,46.0,21.84696907797871,54.43684228585775,8.648707198719379,23.744478,25.13610201231521
84,45,45.0,31.048638004214343,62.175530003519924,14.068882780326383,26.61291,31.370842053351012
84,46,44.0,27.86931642662359,47.09730630903633,19.321825605366506,26.208641,28.865169724362104
84,47,43.0,34.13362615273766,67.70522012414372,28.753681617233873,25.352425,36.78722703048636
84,48,42.0,48.549756829831175,74.2938934382358,51.748507091268515,64.366425,58.549334503264646
84,49,41.0,36.29150295743486,65.80885326214491,26.747702884031096,41.767464,40.90842684222222
84,50,40.0,31.60920837042696,68.63273269470798,28.691598147134496,34.237232,38.62732085374296
84,51,39.0,41.709316549057704,63.07111233707123,43.21692818465898,39.35768,45.55428851398416
84,52,38.0,22.71729244269133,43.59003891292079,10.147180362761382,19.739664,22.623197136548136
84,53,37.0,36.07122022332207,60.07351798176619,33.464685446205735,38.005512,40.49612001489906
84,54,36.0,23.711644132631765,57.67066847404223,9.752557564324189,23.914455,26.608898768654402
84,55,35.0,30.324849318779307,49.936721861961175,25.27320752807106,32.059925,33.218539881024185
84,56,34.0,22.128036317741717,45.774789555332774,9.720202453656348,18.426682,22.412230668849872
84,57,33.0,42.63596561610056,72.95189790016761,33.27703887348938,46.297672,46.966946260955545
84,58,32.0,28.099901246429855,64.65570087447657,27.66927646667482,34.501232,36.69087303767642
84,59,31.0,41.76316667283581,65.26092918681172,41.40939660292783,43.403084,46.601164171280956
84,60,30.0,24.216905044901733,40.474857116990435,10.796511717054077,19.24789,22.48443329505228
84,61,29.0,29.222132927715787,55.63219799761133,25.79670272701616,29.757677,33.51787738969017
84,62,28.0,21.632196483818824,57.47470261426727,15.095129211043577,31.441233,29.406066923746355
84,63,27.0,83.50831659161672,62.41426711203289,75.93028609425085,79.78716,76.49908824997463
84,64,26.0,23.203270107087953,58.86476380503416,19.53545257496811,24.921343,29.52093966461002
84,65,25.0,35.871918394133104,58.85556224064857,25.00711459385898,33.156185,36.69697779488791
84,66,24.0,22.427956771869614,57.4183631004836,9.937157878898937,20.356052,25.29546993530182
84,67,23.0,26.843866471041874,47.0299305883519,12.317793875673559,25.836895,26.636392724161983
84,68,22.0,29.11771015097092,53.47307417684662,34.93360115610725,33.295345,36.412322550930895
84,69,21.0,47.72622846368874,69.0887440808551,48.46034699659011,61.75568,55.76504775422407
84,70,20.0,39.17587672325792,67.04771843971236,34.00294362605616,42.83445,44.132496970920826
84,71,19.0,40.373848385291225,59.72379078468144,28.58789500490926,35.72017,39.743842179860025
84,72,18.0,27.307703043602807,45.727775226333506,10.412883683251813,26.041761,26.074454965882886
84,73,17.0,18.071768584561838,53.88284942628215,9.929240174987676,16.847654,22.459541330534048
84,74,16.0,17.735341058459483,31.90071832152904,6.491347495248036,15.752879,16.972966513359275
84,75,15.0,33.64516949899082,52.37694015800746,22.30721334357965,34.47387,34.48523221759165
84,76,14.0,19.826168373275994,69.63948917656354,17.51544243630891,15.893416,27.686365189787505
84,77,13.0,38.36996026106534,34.78522752517557,14.865448720515609,26.968662,28.485191912265865
84,78,12.0,26.57540407602926,54.600277008141234,6.638884910750182,24.001745,26.032080085856297
84,79,11.0,27.53077642388455,63.82849085274012,22.4676858846114,31.31836,34.16086968890748
84,80,10.0,39.84748738655741,73.34173070414766,35.92044306376485,48.407146,47.51918406200006
84,81,9.0,29.701329213743076,64.21872529439725,14.623066320021227,25.982159,31.36047405575249
84,82,8.0,28.169252601361045,46.58400156057496,9.35852241628573,24.194094,25.707475887398324
84,83,7.0,26.765471376821335,49.285527762222415,7.3742552020021535,19.925161,24.16771405841915
84,84,6.0,8.930496447476218,56.37935348195866,4.196576960650546,8.110475,16.541106397589743
84,85,5.0,19.345300252692194,38.500151960489305,6.2169909723953225,19.322977,19.570138121755953
84,86,4.0,29.729730284540132,41.53619157949332,19.8598042632065,26.946167,28.66056065137633
84,87,3.0,26.731748602307356,53.15049418765989,13.024764796438049,27.75159,28.47318297274075
84,88,2.0,36.60946542956802,49.34484560072816,25.77897245228282,32.31318,35.060942270411104
84,89,1.0,37.50096078939804,67.701562300643,26.140042208757542,38.46149,40.56206072542778
84,90,1.0,7.356860640621007,45.65175547992419,5.8564383485659235,6.8357415,14.143095354806348
84,91,10.0,32.1428445887508,57.5265960191353,24.344531991045216,32.883785,35.155219405064734
84,92,9.0,21.409309992467385,60.062240983941265,9.546102020292619,17.919012,24.760052939211903
84,93,8.0,38.07357219654251,46.31032112880854,24.530316368330762,32.34455,34.57223247631316
84,94,7.0,19.068425625425604,65.6850706812136,14.463955302330202,22.748877,27.7614966005752
84,95,6.0,10.763852608706786,56.2918629071757,2.8063906528578926,9.526323,17.053248332364436
84,96,5.0,14.838969087918098,58.37618879091366,5.912979632900502,12.599695,20.2261023581243
84,97,4.0,9.251237848117901,52.32987483938621,3.1841679306269057,11.814168,16.58623956153346
84,98,3.0,14.96605557512183,42.43632202223762,6.843606351192584,17.385002,18.742764653486383
84,99,2.0,27.411099541455147,58.71169013274218,19.67640864248733,28.77954,31.739171430835338
84,100,1.0,25.631972352330294,59.43093750719294,12.686802884086326,25.368364,28.638352354330973
84,101,1.0,31.064929948447958,52.029361903461734,21.07621331424555,27.564503,31.522422624212744
84,102,12.0,25.25680911114708,44.6955994620581,9.447873227383155,21.720758,23.892737014484013
84,103,11.0,20.976398317336944,49.45576925368999,7.151737743782142,18.937634,22.260110257146046
84,104,10.0,29.49592079689367,65.09102425190235,17.135877321549156,30.02494,33.2110913852587
84,105,9.0,23.35568694168467,42.831838384750654,6.762221619918737,20.93629,22.09345430836467
84,106,8.0,23.893129690874066,60.61557750645618,17.172062589510755,22.745695,28.846977826837943
84,107,7.0,18.21842450306353,56.09972061135613,10.849054533253483,15.753093,22.870713627394824
84,108,6.0,7.213310408167779,53.92711343669791,1.1063501940405303,8.193606,14.80786960436729
84,109,5.0,17.123568374751258,81.60500652156068,19.6306109796618,1.2879217,25.851303915474432
84,110,4.0,22.84894493379737,42.99383792827956,15.518290054512352,23.680496,25.006674390115855
84,111,3.0,22.803851881299956,65.46223981963385,10.52998005664757,17.398695,26.298903119306477
84,112,2.0,12.870378423356117,69.1596673539653,13.413097972519829,10.210819,23.055194922034172
84,113,1.0,19.918758038118188,55.029902980440454,6.500531878391072,18.212513,22.665187783210506
84,114,1.0,16.608625433186592,37.55991986467674,6.031146982644117,13.079694,16.902151777075545
84,115,1.0,7.140553480482001,52.794184815870395,1.5044868004029084,8.419162,14.735582365586948
84,116,2.0,7.061247848312416,49.23242472586554,4.932041082705062,7.4312286,14.663088191188988
84,117,1.0,24.47268331495599,40.643248855953445,10.774146374902827,21.969294,23.312487728666824
84,118,4.0,7.683601531226632,49.71108909859062,3.1201140575637965,6.8948526,14.311119066372877
84,119,3.0,6.734485016110321,70.113468777592,5.416717097306616,3.292459,17.578121429582954
84,120,2.0,7.134743961724178,53.9349713344661,1.1066323692206126,7.5955935,14.6270261049819
84,121,1.0,7.463238822021034,48.444802304742126,6.051460737720468,9.529681,15.480403216693267
84,122,2.0,7.254527105370198,54.616626036962444,1.6212254803534805,7.1946983,14.81759921878221
84,123,1.0,7.357620917306415,39.12429320591329,8.581325442982948,9.524158,14.329193617779685
84,124,1.0,7.421464327956346,49.733206882145396,3.149799566617439,8.656782,14.722684588213744
84,125,1.0,7.666181436651321,42.04373416319831,8.525192945674767,7.6153955,14.446407770196412
84,126,1.0,11.922281052542443,54.55526077290092,4.118674706321251,15.560224,19.006944378634596
84,127,47.0,13.551521409066048,30.10184621607756,18.546120063639364,17.354944,19.039643426645057
84,128,46.0,11.523447085483388,50.487891122081436,6.1407148370374,14.474625,18.355197587200088
84,129,45.0,7.784860528217015,50.873879228533696,2.9755274701355603,4.4681554,13.872646126757084
84,130,44.0,6.841762732013474,47.38981548120118,2.5235911286390262,6.3587,13.332679538833252
84,131,43.0,15.104301813422651,44.433141699376705,10.873368290258629,19.842463,20.8751372775481
84,132,42.0,12.234030179318806,53.97404129410987,2.359130758834766,13.71955,18.029359342189387
84,133,41.0,10.368639958121156,37.80108410968066,10.444006257625453,10.742627,15.730944546776882
84,134,40.0,8.849917914678743,39.755358493236315,11.398682618248511,11.015942,16.00292939291157
84,135,39.0,21.165673618888395,33.523060168169565,19.840702693625087,21.00403,23.137625368965136
84,136,38.0,35.68453880632173,21.663069797879885,21.092398164237576,27.325256,26.949894769170513
84,137,37.0,7.711425010447813,46.78810118258049,4.488280501919512,6.7228513,14.071577259617827
84,138,36.0,10.127837453813799,41.09187695720361,10.939229095923345,11.0029335,16.491766787249936
84,139,35.0,42.78321436305033,25.926718978608122,25.15115951809172,40.839157,34.43415648674263
84,140,34.0,42.00371279717187,29.653519871218805,18.445481580813908,35.787476,31.82124052992109
84,141,33.0,23.79924517337284,34.44987978223547,20.127572325989128,22.455585,24.51480734621988
84,142,32.0,47.904779542944134,22.71970911501714,26.938912210478883,45.332188,36.924574542384654
84,143,31.0,24.69660127465025,30.385954331887092,22.830451860747296,25.63838,25.54903254127992
84,144,30.0,22.36671165017963,36.69848110108765,14.637473058152473,25.897745,24.033836538181262
84,145,29.0,41.83835544131262,17.699856821403344,24.739112576036014,42.07087,32.820990067496865
84,146,28.0,25.610360780626397,43.70678809586185,12.433837256623018,27.156673,26.041276566985513
84,147,27.0,49.1985147285048,25.397064453304154,25.661110555910156,38.724556,35.6906449057785
84,148,26.0,42.49584887055019,16.901197493918204,23.936187413477676,38.748837,31.750816186331967
84,149,25.0,23.679540645584552,28.71476241948504,22.911105901438617,29.28421,25.94499502157897
84,150,24.0,44.36787696092876,35.24162659604251,22.76309293001575,45.486637,37.28011010856721
84,151,23.0,42.62473382117223,29.627355094541883,28.281474234941157,43.552242,36.64286743848291
84,152,22.0,44.218098229280706,25.894390949835326,27.250381253649337,42.87338,35.923039902025586
84,153,21.0,54.14774040911163,32.64534203159798,24.273010003023256,56.587658,42.88903400867886
84,154,20.0,38.87075221303044,25.876686862861035,27.562506714364044,34.46899,32.25229820990046
84,155,19.0,28.882733608645612,36.96454999146755,17.42531242660492,29.478962,27.594030785405444
84,156,18.0,53.22931190845623,47.08836309582168,24.102109756209927,60.986374,46.528240993354785
84,157,17.0,46.85378414295468,29.926556364407034,27.01088063932839,46.401142,38.31386562056456
84,158,16.0,35.635275560005745,13.716146269943664,20.542560234920746,35.536472,27.477297652810055
84,159,15.0,35.404172444245376,5.754370726240694,10.424700489687407,31.891775,22.27007545476473
84,160,14.0,42.716262664225624,23.57007963115798,23.499105575999664,44.046112,34.39409921988639
84,161,13.0,50.38129238284394,25.29595024918777,24.353303457587536,52.953613,39.47833922216715
84,162,12.0,53.24872529807765,39.55976260247277,28.670062032944948,53.338505,44.23602759200003
84,163,11.0,37.846663090421025,17.116851152431906,17.919051857607176,33.67951,27.561183916072537
84,164,10.0,34.27302810753756,30.444226468594422,29.303595220605384,37.1948,33.02719451938512
84,165,9.0,29.227404123894285,13.537606100907738,21.767697215398304,25.305212,23.227876058226467
84,166,8.0,27.878422879736444,6.203907576894721,13.617474204991208,27.2149,19.832939387157136
84,167,7.0,9.069933480626776,13.49712668024604,14.235385306306501,12.527516,12.193190262811235
84,168,6.0,27.62954479607603,33.1485102598883,32.71882793123753,31.593864,31.077518123572922
84,169,5.0,9.890678411952042,20.40067220692231,9.101595361858571,12.129665,12.29378878182399
84,170,4.0,5.626738891380968,30.139942191211816,20.031473681984494,8.274235,14.784637462967645
84,171,3.0,29.906696980328164,21.049305124659952,12.596928169871536,20.467815,21.159242177417966
84,172,2.0,5.062004369115504,18.67237022413383,6.708532529649631,6.112257,8.374869359710004
84,173,1.0,16.37966367641337,11.121231897531061,13.006872534716429,13.985375,13.851198964938195
84,174,1.0,7.352540120346171,-6.353360661311427,7.2534254760495145,7.9368,4.864273542168081
84,175,2.0,5.047162661284885,16.821422217152843,4.783754731689832,6.9854426,7.748503593800315
84,176,1.0,5.182303010093557,12.897289461551082,5.685568932218608,7.6324735,7.445575829587291
84,177,1.0,5.508339266299802,8.158526882942908,5.126140229851465,8.063284,6.600542924202411
84,178,2.0,5.953286329511742,1.7969961996312236,6.182208163235309,5.452874,5.084551695509878
84,179,1.0,5.886810895884877,10.434753788934472,7.225395638052305,7.1645207,7.448464283342785
84,180,3.0,4.924619174914627,-6.582492450916163,7.048786386552219,5.4132643,3.4116817310707868
84,181,2.0,5.616810607118137,12.639297045261046,1.0009117634693823,8.78271,6.602492876565531
84,182,1.0,4.738509642969666,8.81492251880924,0.8593132706677906,4.380679,4.408086539255749
84,183,1.0,18.033295024698187,2.2185674283523724,1.8882658841346256,21.298573,11.66967948275298
84,184,20.0,5.660159712468847,-20.99021674196996,13.381882748106843,7.2395353,3.0083724387221986
84,185,19.0,22.98634804252585,4.091160197464944,2.880641035641588,22.996754,14.125960753496516
84,186,18.0,21.949266165706895,-9.459063187599583,16.319334074294886,21.105223,14.24998372511092
84,187,17.0,21.172830469027954,-7.731111978947808,13.568568855542956,18.778048,13.020227270032947
84,188,16.0,19.68639551437287,-21.469142449267395,19.383962420220023,20.423853,11.940579803752385
84,189,15.0,22.2559491234244,-2.760911851893809,13.948672737524198,21.758772,15.171714264778839
84,190,14.0,21.974287339978222,-23.824229904719346,20.284040377615995,20.940569,12.503377742547318
84,191,13.0,22.130862958843974,-21.806181189643553,15.136669605025148,19.948736,11.32191648550115
84,192,12.0,21.69676267106055,-5.136055358078181,11.209143620734118,20.29829,13.454058681704504
84,193,11.0,20.387569819147906,-18.52530047230431,19.947270261877883,19.410751,12.574288924563412
84,194,10.0,21.873338586405723,-30.389941724376058,18.627448604795973,20.465452,10.660233861311024
84,195,9.0,20.273766503530723,-21.152811111376593,19.446488020070976,18.827799,11.753136531014235
84,196,8.0,11.959712006486598,-47.25209679804834,9.427295376813166,11.189313,-0.22378371192712354
84,197,7.0,13.529881649706887,-40.36767909680006,12.029707796901246,14.170547,3.0102348406929007
84,198,6.0,13.717235452342013,-37.141233134398306,13.134605165314895,13.368798,3.752626696960004
84,199,5.0,7.36767467543893,-47.42938394216168,4.892283630581531,7.088686,-3.8254108338512527
84,200,4.0,14.483254754537636,-14.850029433497923,20.396858902521736,14.903198,10.535295861134566
84,201,3.0,11.72515903034189,-30.730978566455917,11.466356033963127,11.714652,3.541488467219022
84,202,2.0,11.816244153740953,-40.44917528085773,10.242684758113942,9.608898,0.8250755069553546
84,203,1.0,4.233892239610381,-26.241977630583563,6.524399314347626,5.2467375,-0.7197981619564575
84,204,1.0,1.767966042891528,-53.14442480753786,1.9122100726589721,3.267397,-8.285582917482309
84,205,4.0,5.737054544567948,-28.69839846608511,6.411764855557504,5.427931,-0.7501504746572669
84,206,3.0,2.7619193277622456,-42.323201773424444,1.205484896999586,3.7340565,-5.999444965630726
84,207,2.0,2.88863024840886,-35.89169891703489,5.555496626758121,4.3167977,-3.4422491681387797
84,208,1.0,2.180579335833153,-46.94474985937805,1.8733548001325744,2.9212258,-7.088635492100942
87,1,1.0,5.4184825549895095,13.418612942677143,3.7058436743943943,4.0931535,6.144233351389465
87,2,3.0,5.481412792061154,27.588199329176916,1.250316923869228,4.834457,8.427026071622862
87,3,2.0,5.1003269156081465,27.616616313628043,1.6680982315817943,4.1856027,8.261034885308117
87,4,1.0,12.48766263772763,48.2321578431214,11.185137607231152,18.207788,20.513025991330334
87,5,1.0,5.301772504590018,20.618119373185493,2.3235128139876267,3.6775665,7.0148009055279195
87,6,2.0,21.594980325600094,40.98206097475148,11.08185156998939,16.419453,21.164545559579395
87,7,1.0,8.54075267603201,44.370358641852164,8.113870785767723,11.081796,15.958041416303189
87,8,2.0,5.5622775272397895,24.281333860489042,1.280459355538376,7.0587306,8.422427168400752
87,9,1.0,5.027967562987289,20.819288525353983,1.495783036053929,2.9254436,6.558702158079036
87,10,2.0,5.551907453642498,33.90816376847718,3.1554688594278204,5.4766536,10.324470223865388
87,11,1.0,5.281439884965392,27.837469520896363,1.9146571561017893,4.8557277,8.598062707945482
87,12,1.0,6.439228634218778,24.007918759117445,1.8534775073522312,10.534803,9.697607993330259
87,13,1.0,40.59066445904741,34.141877410278255,22.58529227960897,29.46102,31.668061827747813
87,14,1.0,6.079197848533792,20.26520321407611,2.6884501872525846,5.703532,7.803502974996645
87,15,1.0,5.78719801144549,35.20606603846346,4.2948755695902605,7.094238,11.36994283751942
87,16,1.0,5.410398631409463,28.0311941507577,1.5959770923309193,5.948389,8.88106226539494
87,17,1.0,15.41241226579235,28.69436577953212,4.104445463085398,13.127518,14.383349997023299
87,18,1.0,6.337554523642531,23.99437654673389,1.257996061112621,10.79237,9.580174911025054
87,19,1.0,10.60954587701559,40.89386665994158,2.627673403265945,11.907062,14.659806502853218
87,20,2.0,5.15842412146465,24.242484507919897,1.5107126684629009,3.0919075,7.29787386532085
87,21,1.0,5.117875483068472,12.637518823547992,1.5109297327079219,2.8892152,5.014538589639566
87,22,1.0,7.820427923748618,30.590093681094842,2.6408131707003335,10.902403,11.64556482982508
87,23,2.0,7.0822126267030034,23.456237645998016,2.68202870791702,7.442167,9.158338851482837
87,24,1.0,5.227327227386158,16.385968894261367,1.812549737600591,4.7840176,6.348682823909961
87,25,1.0,5.38007160935668,29.562165523726406,2.0337779124945072,5.43673,9.142224532610069
87,26,2.0,7.386816475446136,23.562427871126815,1.776471268113923,11.931992,10.231968166710523
87,27,1.0,12.406948717065553,10.94254371209783,2.748918583055101,11.703605,9.415326834059123
87,28,2.0,5.071859273295865,23.21517979185461,1.7125937118271395,3.3214626,7.191718364287207
87,29,1.0,5.0194710774993005,29.985569341970674,2.7131058085781987,9.356181,10.351641713078411
87,30,1.0,5.006550635947463,22.7942447399694,1.120380184573989,4.019139,7.125546059197132
87,31,1.0,7.771944553830256,33.60196319947279,3.3173123340818975,11.00248,12.41116393402755
87,32,2.0,5.327928459526012,18.510990090002593,3.2663676998572484,5.867898,7.453513272910892
87,33,1.0,6.759660348110563,22.66113747545144,1.8780664398711266,10.453811,9.51443514859385
87,34,2.0,7.878390969591229,28.7361229616252,3.5204783916481475,7.147899,10.52976784435133
87,35,1.0,12.518460245359536,35.186335921493665,5.085133831524857,13.387737,15.141626075634868
87,36,1.0,5.602233830173337,22.4541988841126,2.2892303289906977,5.2279096,7.8566656229626775
87,37,4.0,4.827437833947246,24.261280650043005,1.0667068815360778,8.755689,8.612868287114672
87,38,3.0,5.088665079295702,21.540082009015194,1.8901639126393874,3.0919075,6.861094507862978
87,39,2.0,13.828725778792691,36.726706070845424,5.64532305647586,12.255151,15.64438961553829
87,40,1.0,5.143387963864846,22.010938891126457,1.5487898527025763,3.3351207,6.942444334437693
87,41,6.0,5.108955606460953,23.112837865959023,1.5716527451570457,3.3351207,7.149368928099695
87,42,5.0,5.234383756931875,19.163119656100122,1.9086515293775506,4.398845,6.803105541461947
87,43,4.0,5.611300960908203,16.778427378894193,3.142540568892194,4.1304135,6.702984787219315
87,44,3.0,5.354194782100248,25.81022682451838,1.5141159277819014,4.6261725,8.064748358669016
87,45,2.0,6.017457764449228,26.058663797850556,2.293927419785902,7.2251945,9.198636506362092
87,46,1.0,5.3592652399665575,33.57236523235807,3.222461709702621,5.3101897,10.179322542465222
87,47,1.0,36.48342067370713,47.29313667517077,26.46188307901596,27.918081,33.632661280433794
87,48,8.0,5.137621399978745,28.683465145620886,1.5728205902148673,4.216495,8.458723261130125
87,49,7.0,6.048283117694381,22.16758797201375,2.6055970913161346,5.271316,8.020780820387387
87,50,6.0,5.406694793842113,12.885230153466424,2.0110299836421603,6.501339,6.242487419285288
87,51,5.0,5.119422843816209,20.701401220684005,1.9357908099810217,3.5646763,6.848200751005445
87,52,4.0,5.533865700803132,12.390602947739623,4.105407839159184,4.0931535,6.084393764848134
87,53,3.0,7.467350812451985,16.748982752545345,3.6147882694820126,12.844891,9.677642823901687
87,54,2.0,5.048942322606445,22.230087951841,0.9906787261539307,4.398845,7.097587481033349
87,55,1.0,5.173281264858126,27.57892671161875,1.2469520232235638,4.6261725,8.282415499732544
87,56,1.0,13.651514483372395,32.43603653798078,6.607226217826597,13.402424,15.334106439279003
87,57,9.0,5.113948908667975,31.083720700525788,1.665215338444213,4.382959,8.979599477690368
87,58,8.0,7.402062895830692,15.522418170162297,2.6882047703047505,3.5156188,6.679495984262541
87,59,7.0,8.615996792821232,27.567384777404058,2.90119098192865,10.149989,11.15626761939322
87,60,6.0,5.365901886592313,11.217775691110191,2.815339824858505,6.015915,5.992302588050822
87,61,5.0,5.261385692911485,16.99323946954098,2.8956997379844864,4.0931535,6.571813449620952
87,62,4.0,7.105740863071049,15.184601069622857,1.499385273151347,10.135168,7.997926810952276
87,63,3.0,9.162285765881403,3.4009650928916244,5.598061729514193,4.6455274,5.918157867363265
87,64,2.0,5.20166340247238,18.560213491465746,2.2982691667636743,3.6775665,6.586984045011486
87,65,1.0,5.823717585734138,8.769141108960156,6.745133649606892,4.5943437,6.297391937956895
87,66,1.0,5.189855679000125,29.483720328681173,2.3631053907342334,4.7985473,8.988882451255648
87,67,26.0,5.266290764438312,9.128897067423253,1.8776983785436059,4.8552427,5.008893351196891
87,68,25.0,12.829397017475948,14.623524336444916,7.2043912786286946,8.607921,10.569976640109697
87,69,24.0,5.125133291014207,19.569016605596786,2.0697070481565305,3.3351207,6.606784433361161
87,70,23.0,5.278751452975938,26.642522126909228,2.295986252706413,4.1856027,8.288753984970946
87,71,22.0,7.197779838415933,17.038926069819652,4.851817370973706,5.630363,8.044932491132737
87,72,21.0,5.408944700135319,12.929523155092426,3.331077754877242,2.885092,5.626025974572926
87,73,20.0,5.164075353179904,17.138338621980367,2.7749334432273685,3.6775665,6.429291440401963
87,74,19.0,5.100550901652051,10.016154198349199,2.456240115724789,4.76825,5.259943717676611
87,75,18.0,5.3939191095506045,33.07366313987339,3.128063018936068,5.3101897,10.069041122188255
87,76,17.0,6.359440308347176,13.165395625657936,3.624239753048812,5.7227616,6.77465193681514
87,77,16.0,8.776986118593282,15.868578576745591,5.881840615309336,13.084,10.531611273915162
87,78,15.0,8.017644331325075,16.05851042156594,1.899087011014423,3.2850478,6.68586673238407
87,79,14.0,5.086762011593269,28.069546251661095,1.1544891420462449,4.216495,8.21791522294065
87,80,13.0,28.60206401931402,10.606438941142457,8.454134701166439,20.07653,17.611977562486153
87,81,12.0,5.075606507161536,13.269355463454971,1.6757524963886539,3.2988925,5.2764666662762885
87,82,11.0,5.0304815842357495,25.814257775363814,1.2467251669142883,3.0919075,7.4935346106288145
87,83,10.0,6.823582914008847,19.63761421248975,5.1779300061863935,5.041761,8.36425778592457
87,84,9.0,6.37192227021652,19.98040092219557,2.8229731539437637,6.785868,8.15642360421645
87,85,8.0,5.233129107283311,16.405305399202604,2.0753620253380376,4.8054433,6.428404452583247
87,86,7.0,5.147590507037527,25.036656453072652,2.3939319446835867,4.0768533,7.941646600716305
87,87,6.0,7.560335630870534,-1.4809298815535499,4.365668165714055,4.353334,4.137428163719605
87,88,5.0,18.985053973304574,38.19473724417276,18.483536302444826,14.565773,21.339062209504164
87,89,4.0,10.265490686684382,8.773124120901855,8.377882074103585,11.213689,9.741633515991023
87,90,3.0,5.963309770249713,26.930891077425997,3.0922408793391156,6.25588,9.298631053227384
87,91,2.0,8.833861257938421,17.922719946708042,4.952666585708023,4.290093,8.337506012032794
87,92,1.0,5.3801420808755775,9.553870910552874,3.893201159944951,4.231197,5.48097133700278
87,93,2.0,5.308728661829419,29.541462825700066,2.579073221098824,5.611118,9.307588289650763
87,94,1.0,10.686429168197847,33.07165274948666,8.482325842588352,12.948569,14.99541745043898
88,1,103.0,26.56501023382815,49.84585692111514,11.581538936423264,23.400682,26.250535886169324
88,2,102.0,20.645758559824245,54.23531648462159,13.058402831341787,21.494333,25.310231650611556
88,3,101.0,43.156196028785956,48.59277380027417,32.832315998715345,40.595333,40.810931411138476
88,4,100.0,30.4589746639292,51.362535578937155,21.04880020511735,27.631994,31.236687540356524
88,5,99.0,50.08498594582806,78.5731425660697,61.35988889300768,58.73939,60.79677834344318
88,6,98.0,51.12031985709612,60.247459601144186,44.74248793567442,55.870853,52.47314019435212
88,7,97.0,41.96694187389806,66.5226394911926,31.233312274820868,54.501915,47.21912751507125
88,8,96.0,67.10504290025932,62.39268665823694,61.21803877047077,55.141163,61.45617646639054
88,9,95.0,32.811252818472376,64.78483886864173,36.11001347319752,37.21684,40.96528483793119
88,10,94.0,20.03760526080457,49.85624789882354,14.678271667619015,18.994406,24.055863532159883
88,11,93.0,36.75752753271219,71.38424460014551,33.69850426699857,35.817432,42.323189379078386
88,12,92.0,37.892816941889556,72.15623174234874,36.492338547537514,44.499317,45.84741492450559
88,13,91.0,23.848081811883198,53.42702314222427,12.746004400195993,22.391523,26.20939082426447
88,14,90.0,46.2662243509322,62.09398568472885,46.45930845201764,38.171677,47.1691751509215
88,15,89.0,49.97413967730848,65.09003152644874,52.333781725849136,49.759342,53.42152919068194
88,16,88.0,44.498092151500096,61.827765491103065,27.468196670798562,44.60885,43.39061389867692
88,17,87.0,33.841311983795244,49.61277399578778,12.588307844070748,30.555424,30.42135952086262
88,18,86.0,21.48044935341553,45.35668275882617,13.55717813261613,21.76056,24.04843670391128
88,19,85.0,61.85863108065435,70.60670722875707,51.81990274236428,72.499664,63.763332391487275
88,20,84.0,41.77014621550945,55.235090101699086,44.193995003518594,44.72162,45.76846892490448
88,21,83.0,25.39773805570303,62.964642253264515,13.885953902491408,24.735716,29.391701694043405
88,22,82.0,28.267827330615454,49.16513348021941,21.719876398029754,27.066195,30.228218325078437
88,23,81.0,55.250310106767614,73.36003717181411,49.683552846399955,57.691723,57.911918767318426
88,24,80.0,27.48299468970397,55.5288958400691,28.426139962581853,27.339674,33.050408594423196
88,25,79.0,32.76021717910753,47.45858291895182,22.0547893311517,35.511597,33.510689531374396
88,26,78.0,22.613672113505356,51.92009711986816,12.73546347931449,21.203001,25.254938142055792
88,27,77.0,39.92134812835764,61.17230985849031,38.4798380474097,38.359028,43.18652695347333
88,28,76.0,45.562767553827705,56.98703098516886,42.376717977823354,52.232548,48.703393350303685
88,29,75.0,49.30531971925064,61.850172696689626,44.03088849297204,47.87998,49.942241891527
88,30,74.0,39.2313812169021,63.36616638085788,33.616911413205266,40.68974,42.76809929276735
88,31,73.0,17.154456847847978,50.76163991440377,25.02967949322819,27.323023,28.36267285415992
88,32,72.0,47.263510374380985,57.606560057454715,43.78738989996813,39.896175,46.35495885015911
88,33,71.0,15.885223342245144,46.859993647100765,6.05539723623167,16.561815,19.418050471861726
88,34,70.0,30.660128643597464,57.8965918226599,29.895939385252582,33.26316,36.363810630443815
88,35,69.0,43.07496425834292,64.98852459228814,46.37233968803534,48.461437,49.569409686013366
88,36,68.0,38.39953995559463,46.776759000977364,26.936571537777,35.845078,36.320368369642054
88,37,67.0,74.98222217472427,76.90561934196468,61.537798175246294,78.2901,72.72524087577524
88,38,66.0,31.792430293669696,66.09948179273039,17.665859484882983,32.409405,34.82357718278167
88,39,65.0,51.469766133542045,52.58297368414745,42.172414609271726,42.821373,46.93293012140425
88,40,64.0,25.19170347965181,44.42555241923354,11.477276825598754,29.914984,26.55197872484726
88,41,63.0,27.76845278608407,54.11574073295411,14.513423211140545,23.888083,28.2993540205413
88,42,62.0,21.093833895189196,41.44796445432462,7.940757569702516,17.932474,20.699037169580716
88,43,61.0,28.428940700109848,60.93045034499906,20.3221674433932,31.4918,33.343991048753104
88,44,60.0,25.97810388153596,51.43255709307829,13.912603600875812,24.364044,27.25728889573368
88,45,59.0,54.21075559815096,53.87227756932565,39.70961946446644,51.194897,49.548542653263084
88,46,58.0,27.79960543257388,61.31496961386762,31.00344115129422,31.04127,35.91113718647956
88,47,57.0,20.695228311346217,41.6501316458222,7.744019023851294,19.239092,20.925559970942096
88,48,56.0,21.901978400875592,46.274696894749056,8.594096655961796,20.937586,22.824224813151872
88,49,55.0,36.51882321224201,63.49890842161773,40.06902936754885,36.9473,42.71706413303075
88,50,54.0,65.9898666612126,65.53629103102541,65.88228572543021,62.52671,64.94576581444514
88,51,53.0,29.17525548658383,64.59831046451151,22.122760159289946,34.49872,35.53064145412847
88,52,52.0,44.56196065063516,51.745269898271204,40.963037736814506,43.029133,44.583170207930095
88,53,51.0,38.528622697573475,75.39893562716216,34.22348208647941,41.48568,45.24327553290264
88,54,50.0,55.21326629627941,83.19449379719023,65.99888299684024,68.45624,66.93168193226398
88,55,49.0,28.357400160067268,63.319087394929724,24.018033761372912,32.97486,35.14393983080612
88,56,48.0,31.580210943225396,59.599580973033554,26.410280427362835,35.613297,36.66630587292656
88,57,47.0,33.78329241148211,55.62257663397004,28.552682284261987,39.053917,38.00462669979636
88,58,46.0,18.20247905916497,56.151351176920556,5.469040485390515,14.722556,21.19412557802608
88,59,45.0,58.17804163958453,58.42842928875032,54.78513534323668,55.563385,56.6379062377362
88,60,44.0,33.28183031850345,55.81376857325063,22.110899983632013,31.74422,34.25674152183029
88,61,43.0,26.40610442028546,52.865219102114196,14.438118547741773,27.015728,28.499465085928755
88,62,42.0,12.972926204428788,41.64607121333178,8.236144323650237,14.530008,17.63268845359677
88,63,41.0,31.24687146462487,53.81072735428346,33.529690171342786,32.36255,36.45450119179121
88,64,40.0,29.481199625787358,49.765559071499396,18.027804602908514,27.797195,29.913530752961556
88,65,39.0,34.86481378060407,65.00946202309098,31.769473929070465,38.792,40.870586938835686
88,66,38.0,28.188128970070682,50.50424839982051,21.211911271461204,27.17656,30.358774126769525
88,67,37.0,44.39094312914706,69.35930784399338,31.286709310648583,49.477737,47.10401959072746
88,68,36.0,47.78333480111583,59.83731988718026,46.57211214039535,44.326572,48.84279547497435
88,69,35.0,24.67823397071248,59.08470496962255,13.324066322456712,24.882763,28.341958254866153
88,70,34.0,51.43947912324918,62.1270688767184,35.61443099604186,48.370514,48.52420958148762
88,71,33.0,25.17137631219133,55.313005985441706,31.969115190220226,33.67213,34.98830816711994
88,72,32.0,31.81989207763906,51.114373358740266,16.40837350087854,29.727283,30.91940326447162
88,73,31.0,20.308183895664897,65.49393565627476,17.443825562823484,20.241169,28.17678579677719
88,74,30.0,30.327441158123357,47.61902069318781,8.670749817539729,26.06958,26.83169646908602
88,75,29.0,27.730502907113188,62.30296798439589,33.848948281927186,32.632526,37.2509969981831
88,76,28.0,35.67129669895505,44.31607963661176,21.952913206389262,34.49648,33.42427613107956
88,77,27.0,25.171123926431914,49.52483143795199,10.547621344407844,23.100618,25.44922860607114
88,78,26.0,40.290221851341606,59.17555895877558,35.77551346116109,39.745922,42.573682555986004
88,79,25.0,26.47705486027821,60.64874901100731,25.059489707761458,29.694649,33.50026663701185
88,80,24.0,13.830166274149663,60.32018104055899,6.603567832875889,8.214482,19.319473317231225
88,81,23.0,19.034011421284802,51.22673807516401,25.376632440503208,19.00377,26.834761554271708
88,82,22.0,21.949544339041257,51.314762701742694,23.470314154143374,19.312529,27.25080351682751
88,83,21.0,54.7672317340756,73.54232262187642,65.79352260605143,75.2514,66.73239231782082
88,84,20.0,13.214185984669843,45.71740060537732,4.595998445197097,13.757049,17.319734012842957
88,85,19.0,21.170971642498543,38.85411146087402,6.529981593474865,20.361973,20.50830085795897
88,86,18.0,30.21035982701908,65.58261654500788,28.05374822025699,35.04656,37.70427309543401
88,87,17.0,11.196947561370656,46.427201167151736,5.076271660353683,12.680091,16.728387597119863
88,88,16.0,35.28850593259701,54.26361647933082,17.48290858742914,30.240908,32.90860735226201
88,89,15.0,47.845812636948374,61.87231357745662,45.01043653944992,47.53998,49.70346071261214
88,90,14.0,38.02758938552316,57.24105537840501,32.72392988568973,32.42021,38.809001432225074
88,91,13.0,37.217692576337775,60.97343786937182,29.349845614711633,37.610195,39.80729416506087
88,92,12.0,20.72068277809433,63.48912615663413,12.30038048257859,18.014225,25.967643318101953
88,93,11.0,39.76912024192449,68.16379570802339,44.324688838845205,44.565533,47.672434607975056
88,94,10.0,54.06695636987949,77.65173527118517,43.819797855915596,57.872612,56.918222391933
88,95,9.0,30.06270827918346,58.55956585817859,41.67915921470715,40.61435,41.37450159125338
88,96,8.0,44.32415070724652,65.66024048001609,44.20395769553858,43.073227,48.034336642210576
88,97,7.0,33.40055902346533,60.81413142645974,22.69315383397755,33.12411,35.76785197517612
88,98,6.0,34.72446422057254,49.22642256096272,25.54084768175813,30.336014,33.91902318742743
88,99,5.0,29.383186523952403,67.96371650168132,25.346890235983,40.937634,38.80195183752946
88,100,4.0,19.86554134614172,54.03805524275428,7.115464232369007,19.19947,22.886272385082982
88,101,3.0,16.236614928185407,53.18181281434866,5.349978331966923,16.982197,20.652807285504895
88,102,2.0,28.694331584040505,62.132085808693134,23.941385499095226,32.97486,34.99119593337376
88,103,1.0,33.89915151623672,67.4607525012296,20.62870580419471,30.101805,35.82693766893797
88,104,1.0,20.533714816507945,38.184237488910156,6.5093972789123455,13.64117,18.39342227287778
88,105,22.0,26.12572278744881,56.294580630900356,14.688344040999027,27.845667,29.36456691819213
88,106,21.0,7.271636560281561,44.45879454892632,3.676373979139335,8.440758,13.752501911611024
88,107,20.0,27.19817915746769,63.60534289677523,15.96412574495967,25.17322,30.677337031947452
88,108,19.0,20.07774675964189,48.70128452996806,7.176983091018521,16.76786,21.289266560872097
88,109,18.0,26.340098179542668,39.77759036560846,11.261197745037489,22.919289,24.050832764842898
88,110,17.0,20.865094398097177,48.23717973234312,6.670892168312392,16.25754,21.15134830994947
88,111,16.0,8.866168379127084,50.96201627042886,4.2863234043414735,6.814484,15.163574409207772
88,112,15.0,25.18490300654303,46.56658921154674,13.437773051314984,27.443823,26.808257503295156
88,113,14.0,35.024955315332505,72.82502073055441,33.08169275466324,44.244804,44.21487882020095
88,114,13.0,39.42844391760023,61.54526837137671,39.552489683126424,40.702023,44.02906644551611
88,115,12.0,12.461438031660446,50.179080556039295,5.1670672592618345,12.580154,17.79546112000442
88,116,11.0,25.846324029993962,54.82455759207102,8.50249153376772,26.342978,26.986392916544695
88,117,10.0,23.163891236156832,51.898512425971106,18.611668314012284,21.661833,27.062711307624113
88,118,9.0,7.254339657797531,58.276710408116685,1.6432142313908003,7.415252,15.581906844850574
88,119,8.0,45.80131440523672,64.19477031659488,33.35756939939084,44.188698,45.63273948241097
88,120,7.0,29.177441011821188,68.53653283370691,28.834508617278345,38.852665,39.20555383713985
88,121,6.0,27.229643250543173,67.14948868418743,28.82423757634582,30.320816,36.104274583385845
88,122,5.0,23.440524818886832,55.41731551038541,9.930651679063818,24.125078,26.205604786155632
88,123,4.0,29.399644868249684,53.76285849019615,17.387383252768913,29.115232,30.841008545321014
88,124,3.0,12.842227794218418,48.16217606933401,5.6087197650900436,14.271538,18.085649030918233
88,125,2.0,22.466126547384707,43.02740887893317,9.923624143783904,22.592762,23.152736131459697
88,126,1.0,23.578093383963754,47.35290006909443,12.631772074303168,17.189354,23.5474150641382
88,127,1.0,8.803963838398863,48.76555427541558,5.241323370294566,8.408456,15.403677490269548
88,128,3.0,17.039446513327196,32.66091189013875,12.823646618974635,12.492005,17.703056035483314
88,129,2.0,30.495305312500488,65.91145728840785,26.742128698758922,33.849174,37.18274863484092
88,130,1.0,7.4869275503557935,45.301466312466474,3.322872429150479,7.6547794,13.670408447017278
88,131,1.0,19.651961147473735,50.821631535747485,6.464908095208134,18.795305,21.933560616497473
88,132,2.0,10.061220748073472,56.88250513071797,5.161505518371321,11.045649,17.9928055960375
88,133,1.0,20.331369565656306,36.95596444252831,6.191856912656316,17.740932,19.119379379070956
88,134,2.0,7.103242037821032,38.715282365782215,9.932482227289405,8.825964,14.345595896080496
88,135,1.0,19.481823015402984,48.330217780262245,5.987382964792438,18.558624,21.221676375828693
88,136,2.0,26.87698935918146,40.81218557163517,6.3263636009022655,16.870205,21.48610337805777
88,137,1.0,27.031748253509942,51.366250111145746,22.20395319533197,28.802988,30.896100700981393
88,138,2.0,20.240587779601878,48.36724962134846,7.389871695158842,16.500511,21.25479081250109
88,139,1.0,16.65857674290205,44.154974599965044,6.15165952292379,14.856084,18.684566583698924
88,140,9.0,25.177328187436434,52.04897954789101,10.580069216845647,22.331774,25.735480362526005
88,141,8.0,12.64307067421993,65.15401096727884,11.619687766471433,12.4560375,22.36022013014438
88,142,7.0,21.392285621269597,53.29362389282137,8.532903168619136,23.106503,24.58918400813153
88,143,6.0,25.30871261699497,53.8140396111332,11.746692960494709,20.094147,25.81378712714253
88,144,5.0,23.998802800862528,44.47471987182074,14.973372774089441,21.85674,24.9790983598022
88,145,4.0,21.46322061563787,40.699926259418106,7.727371008412852,18.33791,20.71231826228503
88,146,3.0,8.771821944799218,44.84036162990874,3.9977557701813424,8.917141,14.456243147754359
88,147,2.0,32.45996546008527,74.53042280419565,26.025966392901733,22.260136,36.08163436408284
88,148,1.0,10.78122365199596,64.50169982142276,5.7128461357077285,8.849235,19.204558044887783
88,149,1.0,7.914902361159001,28.897560727911284,11.878940680380158,10.024304,13.526228088938918
88,150,5.0,11.264853807636673,50.01433605321331,4.262404352696109,13.027165,17.31336898581687
88,151,4.0,32.60361619078885,51.58326627423213,15.80986149443963,32.23708,31.745053608295194
88,152,3.0,6.312990381133361,59.179483762548216,0.2515315138340739,4.796865,14.425295972267454
88,153,2.0,9.91178662587457,58.50485167786536,4.9757282266743275,10.820093,18.152032528017624
88,154,1.0,17.316713529359262,53.15795221837317,7.406723012121347,17.44564,21.611603521899553
88,155,1.0,9.968205903932587,40.41078015970864,9.582268649639133,11.744431,16.16151032107657
88,156,4.0,10.317663378437043,47.48203349941491,4.530126849492483,10.684673,16.006227689049208
88,157,3.0,25.101234119883173,50.484111420539065,8.351395001975948,18.965126,23.929548844668503
88,158,2.0,19.41411470479552,32.70969575559617,6.106256850312008,18.20741,18.15453654225069
88,159,1.0,21.917123231984547,61.42939967192012,12.107809347161428,19.786448,26.3334860946343
88,160,1.0,12.481198142715993,46.117860608118335,6.777607256101824,13.714334,17.749977771514786
88,161,5.0,17.186489894382117,62.03961688530359,8.208086249458741,16.163837,23.137870198687608
88,162,4.0,15.055491321538153,37.88127329529763,7.775821480341577,11.3835535,16.53036296521747
88,163,3.0,13.709418513760966,35.923593667543045,16.137615436473418,11.744109,18.06143759215481
88,164,2.0,28.713010647381626,49.594318736954094,3.9105726125614666,13.307185,22.089969922504515
88,165,1.0,7.965562948117972,45.81160105918764,6.7196655571047295,8.950195,15.136574219362878
88,166,2.0,23.553222519427674,50.33057094579193,10.651851595290982,22.668692,25.062612937615214
88,167,1.0,16.557317702212785,30.07447203381571,10.369781882107588,13.295986,16.6488286498006
88,168,1.0,24.61695724578267,43.409451444343574,6.874038759947204,16.638655,21.432097073380195
88,169,1.0,8.620204410701014,34.50796688385577,11.356297747873466,11.673361,15.101347090544044
88,170,2.0,21.141240060440367,50.61783616629606,5.3036597850863245,19.258734,22.13159966954137
88,171,1.0,7.34439348796734,43.31110614188016,4.911266518289139,9.069462,14.0448141312439
88,172,2.0,6.824165168720888,58.1918774612744,0.4374271372368099,2.2601545,13.747199585604745
88,173,1.0,11.098849239604956,33.85442544245109,10.812638462379269,10.882804,15.314628830070554
88,174,3.0,8.955824673146385,46.416676580002076,4.949042637789297,10.773139,15.555426997964844
88,175,2.0,8.68964358485844,41.66016887961055,8.966204944383612,8.819622,15.097340358296865
88,176,1.0,7.216804356280076,49.398801110028245,2.8835750006307492,8.094229,14.38110868686118
88,177,2.0,17.95135019992662,49.411854823406514,5.244449909427104,18.098253,20.68326096862716
88,178,1.0,10.46240940978465,43.089153300243524,10.437067017652492,12.400721,17.21079818722988
88,179,4.0,22.8717298930638,42.180478765214204,6.97851128161032,21.458282,22.03037837627653
88,180,3.0,7.1377531927236575,64.56811380644591,5.186107177251294,6.99911,17.56547747170957
88,181,2.0,8.229542008510132,60.097818076306595,1.8075434050775456,9.633319,16.84044459572553
88,182,1.0,8.81116528583127,51.035155748636384,0.029363613619203477,14.55736,16.127868337496736
88,183,1.0,9.187493364412635,34.48154421004986,10.76733547517128,9.041194,14.394566734065759
88,184,1.0,8.00249269446229,35.06237635494735,15.194382251971216,10.808848,15.805417737932023
88,185,3.0,7.448376415879462,47.64184207231281,5.389200607898424,9.556286,15.156940531417922
88,186,2.0,9.31881016362032,39.052667313816386,11.91568640416838,11.015942,16.134679380263634
88,187,1.0,10.841641238150327,29.802194424371976,15.02287094178299,11.136383,15.636333186438502
88,188,1.0,26.03676061043785,42.380278018817364,12.74292466859573,24.403048,25.248711347158256
88,189,10.0,8.588915490401163,40.93184808391396,10.89656766199517,11.537548,16.1636486712612
88,190,9.0,12.4055824091486,36.33605883753552,14.3801842051369,15.122626,18.22356949993862
88,191,8.0,23.515931888705264,39.80045946900664,10.602520030868607,23.82461,23.33722104408683
88,192,7.0,7.959913110673178,58.09895139458909,7.160720483035586,11.460644,18.27195743983831
88,193,6.0,13.127568551639117,32.76514814398712,17.011398243835846,10.224615,17.115862039198166
88,194,5.0,13.129768847934804,39.23528680878081,14.736000163413365,17.232407,19.638984048832636
88,195,4.0,10.15504732830808,30.346468555480598,13.41947256343229,11.154627,15.134589971116469
88,196,3.0,7.203387495868307,48.68027899277949,3.7531995340435387,5.5912476,13.795570928978911
88,197,2.0,30.321002728677875,14.852775737298316,21.102256774795695,23.329412,23.080632767641454
88,198,1.0,7.701053268916438,40.71154959241106,10.076333693128802,7.931027,14.691485802167954
88,199,1.0,10.714966361671898,46.185589297328704,7.652089573773431,10.858022,16.73154699774094
88,200,46.0,40.83003182466091,10.867517449054333,18.153481812030343,35.503803,27.751054001989306
88,201,45.0,41.61884750844055,22.037470611033797,25.16588750482142,40.870716,33.37801680296567
88,202,44.0,12.108554520393001,38.48592551943963,13.731940114153698,15.0290985,18.356993025938326
88,203,43.0,11.984735488129632,38.609964886774506,15.268416880971593,14.400584,18.57883845828158
88,204,42.0,15.833874358948007,52.35932698118782,4.477215363664861,16.176281,19.938877578819927
88,205,41.0,25.6812195142077,31.7299816552771,19.779446094154288,27.026613,25.656384186927845
88,206,40.0,44.00284720892319,21.964220053447065,26.221474170504948,41.1403,34.37802052218598
88,207,39.0,8.527093698326592,36.61862768171741,15.304452142780885,9.347641,15.885992145532558
88,208,38.0,38.80438107259088,35.18163562499544,20.60962785870302,37.851135,33.10313407787392
88,209,37.0,33.22314498495757,20.179669964876325,24.131278563257176,36.662235,29.27829981037867
88,210,36.0,33.23705876336712,24.884970282193564,26.20265007312405,33.41717,29.851679852552586
88,211,35.0,51.75232969918848,50.21986969618065,13.536240548704587,56.113865,42.646398806921724
88,212,34.0,36.90735672819063,28.762533496384222,24.086188668499627,35.129635,31.52449329041648
88,213,33.0,45.294189610476735,33.735229354386334,18.386248097910702,41.820168,35.1237072799608
88,214,32.0,42.38521244266024,16.828192686422213,21.799115127887305,41.86418,31.983664797030574
88,215,31.0,29.395000052949023,42.35927859753431,14.144418737450557,29.634336,27.952635780030988
88,216,30.0,43.94597266363892,39.666537357239434,19.305734323174814,45.204983,37.02907932011472
88,217,29.0,40.51782185575748,30.772536500542913,23.08390064249231,40.052113,33.97616199866295
88,218,28.0,41.702635671012715,24.162668674280283,26.55473182150523,39.944336,33.92176931217679
88,219,27.0,48.096649323079376,30.923681832636973,27.48238848196211,47.274773,39.20918121715273
88,220,26.0,42.87534122022531,21.143017706833803,27.098113998717835,31.758383,31.617579715159607
88,221,25.0,51.24217864073079,38.0644034124405,24.408465310748085,35.763424,37.560332548163856
88,222,24.0,44.42635177412393,39.90357317359616,19.1228916754607,41.015182,36.03648023051406
88,223,23.0,12.8627245042972,44.697457665718304,10.732036135223659,14.831442,18.917926329052555
88,224,22.0,45.98336956840932,24.292644557178733,27.8661324778709,43.74377,36.50444978241881
88,225,21.0,40.93762310280717,9.472266100164774,17.24966107674979,40.18589,28.534778721109056
88,226,20.0,39.66775672398003,27.920159837384944,27.12359893777611,36.558804,33.31155072855934
88,227,19.0,45.68224022985991,24.994857402593993,26.64314015260984,42.257595,35.83623080732899
88,228,18.0,50.33933143908527,30.179715308304026,26.147201645312414,49.11414,39.83822313013424
88,229,17.0,28.301923515196226,18.31035977759305,17.547809058668943,29.333015,23.859875107863353
88,230,16.0,42.58198601495811,25.078968754337666,27.637480761591593,42.355446,35.27235504965908
88,231,15.0,22.660577840847317,14.947317780422438,13.904985297895095,19.548277,18.064138413017517
88,232,14.0,34.6605558711019,29.484432089400414,21.523529156210614,34.18791,30.112697258209636
88,233,13.0,42.511863642619936,34.507033085055554,23.6879188578916,42.41674,36.03911780405983
88,234,12.0,28.067518031592893,26.373856256815913,27.943597231503333,25.324642,26.975455490815968
88,235,11.0,29.147336878653263,19.25308645435473,18.58270960877242,22.321468,22.665013110518377
88,236,10.0,36.686698478468145,20.88666513277964,24.073544374893196,40.81799,31.48093930059048
88,237,9.0,31.37598899506955,7.0357173870148415,13.397452747381674,28.433624,21.238399492357512
88,238,8.0,41.11327511012802,31.580584104751296,23.049992089205507,39.424072,34.119510429080734
88,239,7.0,12.710979102871827,18.55114010848891,14.943230000187508,15.299932,15.104895466057005
88,240,6.0,25.945453622023233,21.96903006087922,22.20770900444696,26.177666,24.27144439277754
88,241,5.0,16.624175823570514,6.891780987918963,9.65221469839721,13.713522,12.161947945780378
88,242,4.0,24.658674993342903,21.70236465125201,14.334646373312285,27.530027,22.167220758048266
88,243,3.0,24.61960198758111,24.39323043664669,23.07086642689742,28.018528,25.083838586149977
88,244,2.0,25.700236754202642,29.85599461817121,19.192346952976827,24.433601,24.454390082172306
88,245,1.0,20.096478539515864,10.785508094613775,13.532184622133233,18.556923,16.189208310180533
88,246,1.0,4.978547744543658,20.479738183472946,7.746959659852752,5.1632843,8.713565296117396
88,247,11.0,10.682497541362538,21.53688428910762,16.88535769602739,14.485842,15.3977651523358
88,248,10.0,5.358977011225984,13.941554944162874,8.587988536695288,7.9269114,8.531712222546018
88,249,9.0,5.287057528804321,16.524055488213875,8.866653036913561,9.242228,9.43088738745898
88,250,8.0,4.73136592051861,13.058287717283733,3.3719584688680158,4.2803564,5.846461809647076
88,251,7.0,4.853524635237889,-8.59949700957847,7.3040162210721284,6.12018,3.2627524696459296
88,252,6.0,5.324747163451198,4.195849900915931,1.2686883636685806,5.8919854,4.201638823000351
88,253,5.0,5.327906146493834,25.373187891276658,11.29554307478374,6.472694,11.024668198503548
88,254,4.0,4.94438112041521,17.001120044394455,5.413492220394119,6.2704906,7.726791818768142
88,255,3.0,4.755764060698288,17.082857412688895,3.8765099572707413,5.452874,7.068806561631116
88,256,2.0,10.05048669066987,-5.387113670730514,5.789264704121109,9.760168,5.90931054722685
88,257,1.0,5.082513093132987,3.1324175550411724,4.8974561278930935,5.452874,4.760896164786958
88,258,2.0,6.062402242173762,-17.129949256822073,13.567138770528082,6.636897,3.7450939960963776
88,259,1.0,4.8284471841143315,14.11421045700547,4.543570449739235,5.452874,6.696070077218845
88,260,2.0,10.062215228482655,4.238974432655709,1.9846895013439436,11.126199,7.124772567747964
88,261,1.0,6.208387257714436,-19.196226326924204,14.634076937888707,7.250585,3.834415286612442
88,262,4.0,6.497503036993973,-15.233160985052479,12.461840080977513,7.7697463,4.244345685532361
88,263,3.0,4.81797578339343,1.2874724105054156,4.234201734342726,6.066562,4.325854657795872
88,264,2.0,18.037961259642803,-5.060517207181391,5.822006778651279,15.993968,9.884150171924091
88,265,1.0,4.879975434228638,-16.282146085742227,12.106225289811444,6.12018,3.056526459287607
88,266,1.0,6.8333012251649246,-0.7227351578256389,4.644453802484193,5.8919854,4.564959059999907
88,267,26.0,21.684576862428397,-16.030099446038264,17.305000538325164,17.726587,12.271199375217758
88,268,25.0,22.275179758121258,-12.464604304310456,17.559313908640913,21.105223,14.09059746326221
88,269,24.0,21.104607455151267,-15.993206486897009,17.62638185637927,17.726587,12.200208795438776
88,270,23.0,22.063460587165636,-14.365009484711663,19.370518267738827,21.105223,14.141452613790738
88,271,22.0,21.828048593457094,-3.9514764514796923,8.442051720631238,20.938463,13.166017663872083
88,272,21.0,21.500298437180827,5.585586927759209,5.636256801419805,20.95184,14.167585447409058
88,273,20.0,22.1332973509687,-26.214390305526337,17.76540988853112,19.948736,11.166926363426768
88,274,19.0,21.72572159433699,-8.604650886515941,13.238408523981803,20.938463,13.501216109394763
88,275,18.0,21.43569676414136,-17.858748773427408,19.212024188744355,21.105223,13.257057249076553
88,276,17.0,20.607965006394487,-22.162785024883703,19.07666087778548,18.729383,11.530460262719142
88,277,16.0,20.199050785457892,-29.51654824347088,18.295573265666782,18.729383,9.806910253308539
88,278,15.0,18.29846072645785,-30.14312987432743,15.724384574756378,16.29756,7.832040466865464
88,279,14.0,21.738622878222195,-24.29865119124389,19.071761703442224,20.522268,11.917950142126944
88,280,13.0,21.752876687214282,-19.639922037549297,18.853319292860764,19.61692,12.51219030215297
88,281,12.0,17.965647695443785,-25.074705060593914,18.4831386919699,16.343742,9.440722377956703
88,282,11.0,17.15917534829269,-7.870596100193836,20.98219785102806,16.549673,13.21122065594567
88,283,10.0,14.155134731957796,-22.19525879024127,17.42311814915848,13.977125,8.014634345477194
88,284,9.0,19.07380271203172,-23.50065195441539,16.232226841008174,18.219864,9.96647453698404
88,285,8.0,10.804465753755697,-34.22227219442027,11.504110395783904,10.535424,2.310567209891987
88,286,7.0,8.553276029666954,-36.94792568470001,7.980872040332976,7.7321167,-0.511755791529291
88,287,6.0,11.058011762128166,-27.324930583816354,11.578651907129991,11.332483,3.9328089662043033
88,288,5.0,4.165523006005556,-35.67334942829092,3.314610702290416,3.912294,-3.737810256029901
88,289,4.0,20.453374153913757,-33.6579849954646,16.014890797071473,17.656511,8.202832485644882
88,290,3.0,5.009898741132453,-38.25934659944889,3.6373669196415577,4.93001,-3.6387202387692996
88,291,2.0,4.197670378471177,-41.86153807060887,4.3861198317191565,4.4855485,-4.4776271169015756
88,292,1.0,6.338835729916188,-32.48418704740419,6.88471675799595,5.3364525,-1.2065082989548306
88,293,1.0,3.5395912567260477,-66.9772705767565,0.33865489713051034,3.0341117,-10.907819210592336
88,294,1.0,5.1958882091436,-36.4756257366154,5.1957811618506184,5.4745746,-2.692658541799628
88,295,1.0,1.795633561587138,-73.9727012634919,3.1913913678124857,2.655936,-12.087988666523815
88,296,1.0,2.888524640227641,-40.46515604627419,1.5288251500020067,3.1973364,-5.668571687548641
89,1,124.0,204.2078399113904,60.22688089992812,128.435641943605,210.19147,158.50463878333986
89,2,123.0,232.31324484904002,74.23237677543376,179.4648887690018,214.78313,183.59437527274594
89,3,122.0,111.4885198542089,67.81529536506804,88.68358974698064,103.86082,95.1383388819167
89,4,121.0,74.92637757261986,54.470285392263605,62.77816853341773,59.020126,63.5753549724884
89,5,120.0,144.3061219529692,64.86058979974084,107.49675189684173,106.85624,109.4588554090754
89,6,119.0,148.1952168690738,70.3699021068462,129.33921573665828,137.22984,125.45463794569446
89,7,118.0,168.98045848097092,70.74942987254065,100.23519807556048,143.76509,125.48355193317153
89,8,117.0,88.46250341664869,58.8611213006394,64.0279538614808,74.9274,72.79047428678984
89,9,116.0,101.32163203732672,56.57856035734993,76.40554068780341,99.50109,85.77381239601041
89,10,115.0,168.5641266433933,71.04554637298875,149.14511967430258,158.68346,142.20421680666135
89,11,114.0,49.892487955464915,69.61152602672287,51.15891195563832,51.238564,54.35278651347784
89,12,113.0,203.832952625449,67.02509179609045,118.64468801301648,189.5965,151.6147280742339
89,13,112.0,127.62121049262667,83.00908866783573,113.19191025534708,133.32278,116.85647815050586
89,14,111.0,227.31937298281272,70.79428596564459,168.32451869219085,218.39929,179.6025660083535
89,15,110.0,64.96758813460654,71.65319833255073,68.05756660472346,62.225857,66.31667753412202
89,16,109.0,139.810466676566,71.89585828162176,116.02159551021812,122.20378,115.89298016017622
89,17,108.0,143.70770169365494,77.61637729438301,125.22761918926571,142.28224,125.86763939198153
89,18,107.0,100.22919952718927,68.3853427939436,98.95798117442806,107.48847,95.7598294197052
89,19,106.0,131.26305023677125,60.59822123298727,112.25153254483297,158.29213,120.04579390464168
89,20,105.0,157.04132207201317,73.28342939631912,138.52692966562822,158.04068,136.46695460435782
89,21,104.0,152.9898922579065,78.01850788983066,126.13230014106253,160.94312,133.78107718713704
89,22,103.0,139.75521358028848,77.28749253350858,137.28272513231187,139.05179,126.98314923765497
89,23,102.0,160.70147054897706,74.87336486945448,161.2990282876447,181.0157,149.9072911782381
89,24,101.0,111.59771504781949,76.7484596527164,110.5555226477823,112.76845,104.98002604013692
89,25,100.0,89.75766832920434,56.90938082720898,66.91438392867991,90.60224,77.73957169104501
89,26,99.0,91.31361554073165,80.69677153443853,96.36738912123609,98.06417,92.41647703275615
89,27,98.0,209.5378106504291,84.08835351188218,173.3923107753169,200.1102,173.59238255945903
89,28,97.0,162.03129656375935,70.2674259155176,171.12786113195347,190.20975,154.43338870582394
89,29,96.0,128.79556746582745,78.79010106476004,118.33771225075593,136.35927,118.53736426346562
89,30,95.0,90.3341431802632,79.20467032045615,70.71105894369822,94.207,84.12030837913949
89,31,94.0,168.07253326659782,78.05999047262242,134.36303118712652,186.18542,146.9257127461417
89,32,93.0,147.57543030966082,59.59711004631245,85.84931694115926,127.74104,109.3154083425575
89,33,92.0,124.59093252396073,65.24066685698716,96.88619564198973,115.942055,103.69087674621652
89,34,91.0,121.53233644740612,52.33833181501001,81.01005198464591,129.3552,99.82284699794738
89,35,90.0,136.0837688165733,68.56928310181071,104.6922543373323,132.70306,114.07411656420716
89,36,89.0,169.45360622035867,91.31838647248469,114.66128739523774,128.82327,129.30545851398432
89,37,88.0,166.9476086456299,51.39361769345136,76.78072400795362,142.81969,114.83601500774154
89,38,87.0,126.44516318732764,64.09171229619527,98.18345713704937,143.18619,111.63894757861324
89,39,86.0,187.34847249068807,81.32983822559233,125.6393613823237,172.57855,147.0044608028786
89,40,85.0,107.58182602867107,73.80661501010405,95.8360757749668,110.76779,98.91398955516961
89,41,84.0,123.69911566741885,63.69510121453919,102.42616500758471,128.28496,107.90581754891411
89,42,83.0,140.16718696290354,66.73069967268663,106.57229930042494,133.88751,115.67233158216217
89,43,82.0,75.56181737166122,46.973077511385426,42.10385496336234,61.209763,57.50682291116762
89,44,81.0,115.22965447186392,86.71482534213148,117.53960863620362,130.54994,114.49511528889039
89,45,80.0,109.74461850529687,79.80008304408253,101.80897304092304,138.19308,109.58320990165076
89,46,79.0,75.49377918834826,76.05824660999254,96.30495678257091,56.14228,75.8454383883456
89,47,78.0,130.72467180901162,83.16679945538033,111.587075728505,138.16553,118.63375721131541
89,48,77.0,63.113674039117726,82.59785054893965,82.23813626848684,64.811295,72.28861650939797
89,49,76.0,151.95813708609577,75.84641719774753,120.6782374987264,144.52557,127.2474409988647
89,50,75.0,106.04756741155887,90.73848406418824,100.7654581030672,84.211784,95.8826470421039
89,51,74.0,110.03268626037784,75.11675798335457,113.56798014081387,109.264465,104.07775917881261
89,52,73.0,142.13077095423512,73.57274795859243,142.5164982974179,141.86153,129.05805201419207
89,53,72.0,78.22369538058093,60.424926830264255,69.2606485591273,74.02747,71.35488664670015
89,54,71.0,44.50980459871051,57.81750151349718,48.756540074441126,44.06433,48.042731700518665
89,55,70.0,88.64563343864353,75.84607605189309,97.87875110617695,121.34246,97.38572783897867
89,56,69.0,168.54950580302364,75.31685918487122,137.92401968627598,141.1997,135.39332633815636
89,57,68.0,151.11357055458814,90.14309141031788,118.53687307854419,142.51468,128.64457140916605
89,58,67.0,133.3212511474647,65.70072128185018,103.25549389195926,140.63539,114.5075755364333
89,59,66.0,152.22929401001636,78.31102419322315,126.27541499036036,144.81265,129.33339044283574
89,60,65.0,145.53517661167723,84.81472246698844,126.48134143852462,133.27513,125.6641855670824
89,61,64.0,81.17902223464016,78.87846482166469,88.86503979315975,71.77977,80.2250291888655
89,62,63.0,116.87769145188753,80.7934426711815,107.24026477906176,132.57812,111.67756706833305
89,63,62.0,77.42286507007822,59.24586534177661,70.71626770460418,74.79366,71.49174783483437
89,64,61.0,53.188681611527535,73.60926777998398,62.63077060253026,72.36996,64.70481376527417
89,65,60.0,60.730739575430206,56.28107219032303,44.97568979099932,53.203682,53.74476628463307
89,66,59.0,141.50814750152816,55.66532348289314,92.48626018767817,129.36711,109.03949946914331
89,67,58.0,76.16007752993958,75.97210769327188,75.90981385341564,55.86556,70.61285513814435
89,68,57.0,132.56083718537153,74.65941495281872,140.8224080883175,137.24759,124.91194364204773
89,69,56.0,82.39584483830087,57.1838041294948,75.10526806260773,66.44322,71.39252571773001
89,70,55.0,132.49440335508996,84.92526186555402,103.6767317051898,112.81965,110.59621067946546
89,71,54.0,43.843662697807034,72.09511876463573,55.29632837510127,61.094894,56.863571534602336
89,72,53.0,105.06119654064864,75.24136351584043,85.06557674870602,110.394485,95.57026697350764
89,73,52.0,171.95119951618878,70.97077397713838,100.58870744393002,184.25696,137.31376232983592
89,74,51.0,151.9139074588906,76.92600479378088,117.5762081325542,157.48409,130.108370788699
89,75,50.0,129.7160644448975,79.29528213787073,102.87433567324899,90.25317,102.47908071284044
89,76,49.0,126.18410871609117,87.00992057210252,113.25708588388464,139.27443,118.83373070171771
89,77,48.0,133.7165183531887,73.90451466188182,110.27450849093019,143.76338,118.85871080929601
89,78,47.0,52.27336751409468,60.06618478139923,55.337650919255395,51.584995,54.37833613440758
89,79,46.0,73.1544789809795,61.43798332149862,73.50229046989998,75.069046,71.52011574425538
89,80,45.0,74.22233232035192,67.22195770731017,81.87245586613066,62.385986,71.70686203701933
89,81,44.0,55.507023276985976,58.602114753467646,55.41397740802255,50.855846,54.82606115354647
89,82,43.0,23.59636391222076,52.09153163451373,30.669503127662935,29.181053,32.38809587383547
89,83,42.0,156.3709280191277,54.97830240557876,95.37518600390462,142.84863,117.4320875641376
89,84,41.0,96.22646073928938,53.33062163108208,68.69737820711143,101.58424,82.2752957440767
89,85,40.0,82.37345995200542,65.14616731481868,69.1023974765693,68.691315,71.94294597967075
89,86,39.0,90.766251986905,73.69836752693439,88.83268200732158,75.94951,83.02351546979827
89,87,38.0,100.33817215439754,63.31026300506464,92.14335031265912,107.14986,92.94933172092044
89,88,37.0,34.16676940075309,67.79589497274158,38.00163016269684,33.16341,41.3257589278208
89,89,36.0,72.19294553460011,71.82668854540431,69.68957967567562,74.764366,72.15900851063073
89,90,35.0,53.04015464524151,59.303574421633215,41.398740474883255,45.799427,49.252891340494315
89,91,34.0,50.47226165376822,87.41686638702609,62.33692368110101,41.083267,58.112275493106935
89,92,33.0,50.25916341227244,69.86617989647657,60.18497202339607,58.47998,58.80501109700529
89,93,32.0,61.335492262478716,72.16528146140905,58.75760079096865,60.46619,62.49831827807058
89,94,31.0,50.95447378880694,56.73168561233521,53.66663747908479,56.69853,54.30838582784772
89,95,30.0,118.86404661612069,81.01338349041619,99.6850537674578,103.10177,102.3909024779542
89,96,29.0,81.66773833319262,71.45417201306591,82.03106485081464,66.09659,75.63243761625867
89,97,28.0,53.969133904212704,68.90749259746894,64.97186897988557,55.684082,60.15833397769161
89,98,27.0,62.020240953918346,70.54156139561503,61.24203285316756,60.174103,62.949941085938704
89,99,26.0,96.46329347124642,59.68981416422547,54.314516742771744,78.75056,73.67203142981735
89,100,25.0,49.27030978128551,67.12622408578734,41.75524804655634,42.043827,48.780118824956766
89,101,24.0,83.51791568579897,83.98382070689807,95.19202426496545,85.12782,87.08867373880314
89,102,23.0,62.49350752861697,75.39414746790108,78.71528187259142,72.32407,71.83449711977872
89,103,22.0,29.121530300887112,55.829763824436895,31.57021767696721,30.080751,35.12248464816281
89,104,21.0,34.573280859522285,61.119139838082646,24.348354063729072,34.60363,36.98312558061331
89,105,20.0,71.54365402888529,69.19417039376982,80.58473341563295,74.65457,74.29134152076827
89,106,19.0,48.351575576750044,61.93084721752925,33.506231813673416,35.9708,43.74605911575277
89,107,18.0,37.12751353658836,49.85509285482121,25.836045138459074,30.483349,34.827035222504136
89,108,17.0,55.16607605307431,68.23316796506869,61.36254373933849,60.05424,60.59362083575777
89,109,16.0,48.379677080208246,76.40610870276095,54.4995563162273,73.67557,62.12220133607165
89,110,15.0,25.97484542937526,51.19624642690965,8.879024271927491,22.720512,25.45522781980413
89,111,14.0,39.22489352553981,64.27301052256065,43.91381666312794,38.780903,45.11729423168134
89,112,13.0,44.10797484196674,54.84612641902629,34.80682722237544,47.317734,44.59151645575251
89,113,12.0,44.45911805427453,57.132051119070255,47.336081802294146,38.885563,46.136815146066596
89,114,11.0,48.486513051452555,67.075611903107,50.50722962627891,40.912388,50.534246556412185
89,115,10.0,28.671625732879814,54.38729253150872,11.686996430699715,25.59102,28.322127151192056
89,116,9.0,27.951765877223647,57.33756564075391,25.400692747510757,29.71123,33.3730113181676
89,117,8.0,31.669974910186607,49.76958976029242,8.948891566202231,26.852192,27.9003321988084
89,118,7.0,35.67413449585952,61.24722891888554,19.289545936839012,31.262484,35.09696517864204
89,119,6.0,31.72008865275507,61.938199531298665,22.099101321931595,34.802116,35.80836277200204
89,120,5.0,34.64959999547537,57.91278702930025,29.89378791276077,33.031075,37.418406439004045
89,121,4.0,56.14576151220021,37.66442554646392,31.865346718918836,45.124714,43.31363892591483
89,122,3.0,30.72661571338616,67.19380377112128,33.295575200675444,45.226223,42.257386145711656
89,123,2.0,21.383775465255844,43.635360460756075,7.851668756848689,18.139908,21.23041904079886
89,124,1.0,12.375662827812803,56.82170929271345,6.21087852962733,13.790355,19.638322285997617
89,125,1.0,21.722386133470142,42.699692574840185,6.291762755944266,18.550438,20.84885443499448
89,126,12.0,16.769080883452283,62.037288364111106,7.0909414248523746,17.014334,22.957220211762454
89,127,11.0,22.12496084281247,49.39211286487658,7.797002290072442,21.99361,23.55738505930633
89,128,10.0,9.453344863861197,63.783735148144316,7.234105592334892,8.075351,18.886195530575236
89,129,9.0,12.0357637379999,57.79124523370669,11.623238983219025,11.742177,20.592951129522433
89,130,8.0,11.669115490566032,59.8118198995932,5.115851780812285,10.68176,18.892133655437803
89,131,7.0,25.008817338715335,52.327098816308435,0.7364652165863959,8.970185,19.584531317335003
89,132,6.0,10.431065105202638,45.64583986816757,5.043044828404604,11.380898,16.007833560887473
89,133,5.0,19.476048151133792,26.75378963234192,12.58423126308315,16.591047,18.292227287684057
89,134,4.0,7.585861097604421,50.5343931068421,4.37498023710144,4.7983665,14.206386614917296
89,135,3.0,7.40278868418155,51.39258918401471,2.727990952558372,6.633178,14.38135566201765
89,136,2.0,6.8004079402067505,56.857620044638125,3.4430901409399013,6.034297,15.283553536521199
89,137,1.0,7.9848526104121005,37.19045590342061,7.542072348439795,9.971741,13.983456522722095
89,138,1.0,7.338701300668253,47.04306256840543,4.816606710647285,9.918274,14.959435436355639
89,139,1.0,8.066885164573842,48.17585462382897,5.144399782268117,8.467521,15.075635675903678
89,140,29.0,7.381353592831411,42.078797912433075,7.666367905380291,8.222898,14.312212316650111
89,141,28.0,19.058618749005095,37.82609195728345,11.821638527693018,10.91013,18.56785367900803
89,142,27.0,7.531558264667098,37.29328183909401,7.767573924585079,10.31464,14.027416172662786
89,143,26.0,12.715066878659595,20.94423847214746,18.944771704694915,16.179848,16.844824787351364
89,144,25.0,20.224432594648,30.502746504254247,22.382519780676034,20.685022,22.875957899880653
89,145,24.0,12.613344739099164,39.79310922082087,11.574796912845311,14.735062,18.105360474671972
89,146,23.0,16.10957265563306,26.500267230061056,22.777249101611666,22.473915,21.54488733753494
89,147,22.0,12.461841622814777,35.198799975110845,17.923845778820287,16.28306,19.25909055350081
89,148,21.0,36.48924074435147,27.442373960055463,21.035110729189483,36.3841,30.694999076670708
89,149,20.0,45.24193868183674,46.392928727125664,16.066582142995642,49.529842,38.990827091691266
89,150,19.0,14.000876571394267,50.09033899235597,6.3436912870477045,23.973366,21.5731848473395
89,151,18.0,41.74362821243948,53.78403740415152,9.312108147511044,49.354694,37.6145728799474
89,152,17.0,46.246170551914645,30.62265600543813,26.19704023311228,45.255447,37.75712262111532
89,153,16.0,36.053036973286076,23.899770442322122,24.64899967321243,37.155617,31.04729280739502
89,154,15.0,43.63343143029024,33.79068464895116,24.79708477473642,44.343098,37.02218652845803
89,155,14.0,43.37442188746981,24.436249327557206,27.724804652354138,40.6714,34.94178419506264
89,156,13.0,39.29743648430571,32.87575589395661,24.402510822905306,43.247013,35.23900644115194
89,157,12.0,48.713139905439256,37.1867781169307,26.328619797402418,45.490845,39.798124056216324
89,158,11.0,38.806537990300484,40.74331993563381,18.248602861352992,41.077,34.41541311458254
89,159,10.0,34.02784528095889,13.209551323081541,19.03795311646824,25.149168,23.751064245407218
89,160,9.0,47.01913401303679,35.08638017018134,24.599249369471206,47.93554,39.127817682231296
89,161,8.0,33.285992981040295,36.64102075566302,18.607853604554684,36.064587,30.838268450849625
89,162,7.0,19.078150503405666,22.024284775260426,13.648622604624826,16.014208,17.400559410549654
89,163,6.0,6.352069403306099,10.93268491102829,4.4689716520237255,6.5076385,6.77722178238918
89,164,5.0,11.398876655171255,12.3198353804314,11.563680492852747,14.636676,12.486767729339103
89,165,4.0,19.426236875760548,17.274379710637177,17.10739157288584,16.14186,17.52790921005968
89,166,3.0,26.127854755204464,25.729398158493638,17.304384903818942,21.066713,22.38855961161157
89,167,2.0,4.359958368754418,-5.432380782366124,3.971504919048158,6.306368,2.909501155751439
89,168,1.0,12.26387596769239,12.863083756540647,8.997585613468281,12.790703,11.666476208208392
89,169,1.0,7.446911917372631,7.695727190805428,2.829780464468463,10.45949,7.096700742140883
89,170,2.0,5.400830226041922,3.3511263566671516,2.5856713026525426,5.9017253,4.4081251467359035
89,171,1.0,5.606202144262656,6.473820458776686,4.814782420341608,5.462614,5.526721829863052
89,172,1.0,16.514139372875256,-10.997790194535867,10.344697898320426,16.371498,9.606724574543323
89,173,1.0,20.057041180309017,-10.923649881947483,14.465112944161689,16.63763,11.758321009183149
89,174,17.0,22.656099347246887,-12.813476298953134,17.103848376554314,21.105223,14.011343174767516
89,175,16.0,22.151315021868548,-6.848315738273357,13.084459459241643,21.105223,13.960255670407435
89,176,15.0,19.79960388853776,-16.637844239982513,16.116104057047966,15.739523,10.784746541984143
89,177,14.0,16.606980195350147,-1.2277146727599018,8.05328059058159,18.869335,11.57136616845666
89,178,13.0,21.96907270678707,0.9154214662334255,11.6194075503183,22.93566,15.501439780850086
89,179,12.0,21.8270126722497,-20.2596885531583,19.4771934555254,20.423853,12.793977394904289
89,180,11.0,21.021975258661104,-15.549581192519582,17.96318877298035,20.51286,13.097571117944764
89,181,10.0,22.53546150363299,6.131180129412712,16.604073704713375,21.907415,17.68261809579225
89,182,9.0,19.213399153530517,-19.830698463512874,18.695252931415798,18.122503,11.324092401302131
89,183,8.0,11.320251293485226,-36.276001117458776,12.432109688147872,11.34989,2.523160971891542
89,184,7.0,8.31334032948274,-31.514454982454367,10.033980475392152,7.7321167,0.9958942376703299
89,185,6.0,15.14252256857979,-30.219910422285295,15.00939329747904,13.855459,6.093741224686452
89,186,5.0,12.547050850316612,-25.616123311212817,16.143778838559708,12.649357,6.22123503262421
89,187,4.0,11.9340424967117,-37.42051805427252,11.325589764982375,12.119693,2.393399902153573
89,188,3.0,6.108853457486364,-37.988116058643556,3.292673608172443,5.7242913,-3.156833616001162
89,189,2.0,3.442202904202659,-46.061929868582666,2.8231644000063554,4.1404977,-5.992222452747334
89,190,1.0,4.760555741766655,-44.096675419417465,2.1124882801908313,4.589075,-5.3137066825094195
94,1,167.0,41.63143333502263,20.350830658876404,26.761921947686982,37.432632,32.5535732624084
94,2,166.0,44.64358248054825,34.32817092739532,16.878926996397897,36.449806,33.22041287224483
94,3,165.0,42.43828146973085,41.644513204221525,18.20045150692513,38.83338,34.98740913961703
94,4,164.0,36.951448335601945,11.611333149547107,18.309543904401185,37.106525,27.280676214485656
94,5,163.0,23.11163693509683,17.64775512727708,17.8093434407622,22.093065,20.409018961454322
94,6,162.0,30.0929205441745,26.091300655122268,25.172028298918473,24.056973,26.422987112809786
94,7,161.0,52.609328641591055,25.67617150618024,24.273802417324582,53.063602,40.18208111139115
94,8,160.0,43.58054809579546,28.137226686734877,26.389155563465142,44.5714,36.4042277682786
94,9,159.0,35.812234031903394,39.6500078027878,32.32498900019518,39.302372,36.57118137834245
94,10,158.0,40.44502360453496,44.85343152812092,23.974366968172994,49.49727,39.413823841137834
94,11,157.0,47.625804860280795,24.871929587323095,28.59843414900864,49.626392,38.84379000792052
94,12,156.0,38.75413273518257,26.294214214887234,26.083230008059292,39.83952,33.354221235986074
94,13,155.0,36.74325898359923,33.905106374670254,25.019274177378964,36.78682,33.149841151420446
94,14,154.0,43.65802684728862,29.557228619271996,26.515824302778306,42.094185,36.065570747891556
94,15,153.0,26.052354775587986,7.074743436199071,11.83557242607812,21.986769,17.620854693007495
94,16,152.0,48.81309139532151,46.72608617283967,17.679539732129015,54.6312,41.842276371359304
94,17,151.0,37.134665511029894,22.68175378003373,23.035123638841714,40.335526,31.548360501404634
94,18,150.0,26.284810828033372,22.50915211759535,17.65430824897303,19.616339,21.519234152198592
94,19,149.0,45.62156426438566,31.17915563428356,25.503311868857452,49.081543,38.53448700534927
94,20,148.0,30.073558963987136,21.639149470115285,25.08193511918747,32.66352,27.852770661214773
94,21,147.0,54.678911477321066,40.09945649459989,27.25838617956203,55.531067,44.95822237219651
94,22,146.0,45.5849670306135,42.64910524565951,16.244363400388714,50.34629,38.63674115779551
94,23,145.0,50.58520894805061,26.66148944774872,24.462349458044862,52.97013,39.829166500032684
94,24,144.0,32.48386061170588,18.687526439226303,22.53641586488313,28.018888,26.050625000666045
94,25,143.0,42.15018059141175,33.08849137988837,29.74858073026241,40.00202,36.60230844680031
94,26,142.0,28.693641936145692,30.020153414925574,28.168561286206725,36.720894,30.964032280962655
94,27,141.0,32.45805883160828,29.79941065477847,26.766662102701687,32.454914,30.462349070525054
94,28,140.0,32.85179189844664,35.06977778054751,28.148851336650218,30.916937,31.527849866708088
94,29,139.0,51.14085126088091,36.640263199794006,25.42331450059963,52.65399,42.05748909121651
94,30,138.0,28.801070450672356,25.763475219972932,21.640461782388606,24.057753,25.077131584997275
94,31,137.0,31.50337635217763,42.93288356970906,25.248439085270242,46.705524,36.132910046116926
94,32,136.0,42.6454096049303,26.602260951659517,27.049924788290785,42.772865,35.53968744892211
94,33,135.0,57.62898871633276,38.391530713610734,23.029169883695793,60.17913,45.59831404541602
94,34,134.0,40.75118976802911,30.38623144355971,28.169021104879917,44.209335,36.41151718901108
94,35,133.0,42.79334132057304,26.439448533900276,27.374897322872975,40.627285,35.05903479664036
94,36,132.0,33.01409480143769,16.442004598194472,22.999603727031044,37.191925,28.35215447299141
94,37,131.0,32.85535141917542,21.26099981631566,18.384257292123312,29.894756,26.06485254250971
94,38,130.0,38.03505982433013,21.312726173659,21.20868287875172,29.86639,28.25177272540315
94,39,129.0,25.30743142591746,8.224857651836487,13.58668693530069,30.901247,20.482173615823413
94,40,128.0,42.07948325075066,30.12554438631109,29.11755254225683,39.035492,35.59213941011054
94,41,127.0,30.62039523968574,21.0670278462335,23.288788221265442,34.856388,28.016189224653893
94,42,126.0,39.27780930243077,21.85840375514813,24.201433093188466,42.510616,32.87800380849579
94,43,125.0,40.34750055995461,27.98454591984482,26.661128919106623,37.59565,33.67113847410326
94,44,124.0,48.80494747469013,19.221571410155335,23.84757162992061,49.214676,36.74179769720317
94,45,123.0,46.7295684021824,30.064527822406646,28.00619818067385,45.34286,38.28156655839486
94,46,122.0,44.534080769292025,29.04376799827199,28.145268007640077,40.57401,36.22989156428238
94,47,121.0,20.956834669822126,9.540579293560668,14.900287874330292,17.92532,16.379534449685018
94,48,120.0,47.91733463270374,47.2607933201503,20.830516708318005,44.32392,39.751505580055124
94,49,119.0,50.50664030019643,39.93193569280061,24.22729499819415,52.955826,42.27791996181372
94,50,118.0,29.30246047364268,22.424057669998376,21.76143652653341,27.91223,25.644958632392456
94,51,117.0,49.92869329469505,34.523788203917874,25.224247420670963,50.22032,40.60939029654551
94,52,116.0,43.03986536534827,21.36184999246221,21.234580094800393,40.223904,32.44525396911624
94,53,115.0,43.976607556773615,33.4072665428028,25.18237279402711,42.186424,36.56669287664812
94,54,114.0,33.676455894258,30.120787767201804,14.713972258430854,35.137897,28.435436290877153
94,55,113.0,41.04392559500925,20.44583144397869,24.427501974754176,37.794613,31.894921909362395
94,56,112.0,29.605450155045126,16.707945575378886,15.915734341173287,28.663034,23.31161585602302
94,57,111.0,44.02685541367166,8.759225926942719,17.6629212607504,39.220837,29.11039860462023
94,58,110.0,44.411015108259015,19.872080710368778,25.83877946141937,42.895958,34.4633753408136
94,59,109.0,44.54541902216748,27.803892148303447,25.477696843921954,41.331745,35.50258616440249
94,60,108.0,50.39726490542288,32.458517115490395,26.766069736143987,52.881756,41.46256773953334
94,61,107.0,48.91955349502235,26.617710442762345,24.681588254634093,50.682877,38.79904910078168
94,62,106.0,25.73802328223579,17.35394969235361,18.738665533492835,20.843887,20.99404214338495
94,63,105.0,51.96614559423258,32.25198545753172,25.517482963139905,47.45565,40.0790784198739
94,64,104.0,40.831636899910734,27.497676991068317,27.371255807374215,41.979378,35.07519008614057
94,65,103.0,25.4478402483522,24.663483175177888,22.310469838290096,23.735655,24.018897422590026
94,66,102.0,19.43337747144075,14.659361322153345,20.35626056463152,23.44477,19.83860423448464
94,67,101.0,26.0953231597653,0.14403486645147723,11.296624954646298,24.521807,16.847889033131743
94,68,100.0,47.586987840789476,24.495704144650944,27.18215804726193,45.22395,37.20969589554312
94,69,99.0,23.3184343268616,18.13177992770538,13.601606860976137,17.743015,18.292746693042822
94,70,98.0,47.78193823539973,27.117873395140464,27.530269114265366,44.998398,37.79565310912413
94,71,97.0,34.40424403186506,19.95170646239123,23.477694116375048,31.707134,28.064227755895924
94,72,96.0,22.89011319487656,26.568666195671028,17.9293676079279,21.066713,21.80784131111182
94,73,95.0,29.492563401617723,21.997553116289936,22.731260940841146,28.639595,26.06509382709801
94,74,94.0,46.57209195087664,27.521395658488657,27.18457506015853,43.455757,37.0305619126993
94,75,93.0,42.40074217982929,28.31019933203318,29.1781611404719,48.084457,37.77904070228118
94,76,92.0,37.65887651372928,35.181305794563556,26.38112114839467,40.14579,34.906597167900664
94,77,91.0,47.98467489178725,42.35627269575076,29.33402183214492,51.849884,43.074061626117754
94,78,90.0,33.10198986034557,13.261391398946287,20.712518793606904,34.6787,26.497017395715478
94,79,89.0,33.89998343455965,29.774732945608633,20.76896629709581,36.75632,30.44782846535587
94,80,88.0,37.67106370778511,33.80665699009339,28.681807239472086,36.95065,34.39093653364741
94,81,87.0,37.6051361861961,20.203158637312598,24.43049548609953,37.509907,30.81240529662439
94,82,86.0,28.126889324160448,18.547707469126664,21.409008200251634,28.694662,24.69373193899921
94,83,85.0,42.045232547197784,29.002569383200466,28.41617913104613,42.085007,36.00307146053429
94,84,84.0,32.975094472339656,29.06164104916536,28.003188623771145,34.61563,31.368625327594344
94,85,83.0,46.62182963068654,58.45376119855439,25.398207923619765,43.787857,42.57798891056739
94,86,82.0,44.13427854675258,37.930523850973486,34.98856032111462,46.3438,41.15246703296206
94,87,81.0,47.254990922269286,35.38996967170192,32.09489532747556,50.674065,41.9447244900501
94,88,80.0,23.88414465213441,11.416301810870735,11.642056804435043,23.081034,18.08797382773433
94,89,79.0,26.674112204297472,34.7820782768468,17.887541054924608,27.643572,26.18828727802138
94,90,78.0,39.025163108736535,17.28968809995314,24.201461152461924,33.32099,29.468387518291664
94,91,77.0,44.56735424400479,26.730412374435033,24.6260700965561,36.105625,33.67869650210564
94,92,76.0,42.997423745201125,35.75658093183803,35.075025500625216,31.57161,36.47803765335368
94,93,75.0,39.51461966872761,16.957423670146426,23.690181536231186,37.13496,30.431500324129406
94,94,74.0,25.546266828697505,12.506930592127887,16.7939859663083,21.707905,19.738060764898304
94,95,73.0,12.484985837773309,23.384587955331256,18.856524338733806,16.71948,17.36865570822852
94,96,72.0,14.663244755935635,8.710291684230285,11.622160307001622,14.686368,12.737412721489784
94,97,71.0,31.541405930998657,28.629612489825618,27.569421164533654,30.948708,29.788292155520477
94,98,70.0,34.89972437965587,31.021863255825195,23.49800550545962,37.764477,31.948859937279405
94,99,69.0,6.250593973771044,31.34082022976085,20.038596124179403,8.159508,15.159451825358982
94,100,68.0,40.53666564309676,32.276758934767756,28.846377099199664,42.07433,36.31690317431078
94,101,67.0,17.87093651408725,20.990903220859025,14.152303668329015,13.5049925,16.324129202630836
94,102,66.0,30.97619173347082,5.467391533615455,10.8316548686844,33.869106,21.61532412556091
94,103,65.0,18.278320547851727,13.415928238203662,11.125194074142058,17.091791,15.16206818111394
94,104,64.0,6.040742641049258,15.14040157967213,8.389260632189412,7.6253014,8.818389218153808
94,105,63.0,18.7731166915393,24.415859087286336,19.984773821834835,21.007685,20.76759228425535
94,106,62.0,23.98364732393027,7.987801794769467,13.48743465504484,24.594767,18.348874588868338
94,107,61.0,31.56997055101702,30.27300169542272,29.667242833748716,32.82859,31.16280294417468
94,108,60.0,36.73084201234739,31.81258145903213,30.59303713884551,41.586475,35.490534533977986
94,109,59.0,41.35532027921026,28.567213120418046,19.608917220976867,33.30984,31.071614222340358
94,110,58.0,23.48647487768626,17.91285929417117,11.560385311522275,18.197947,17.886683614420164
94,111,57.0,30.249672794105766,34.21512932019044,26.800499042266118,28.307467,29.58522536997758
94,112,56.0,44.094923647076946,36.9026118579432,26.608954868537698,49.272354,39.54183809712554
94,113,55.0,25.810792518298285,20.361947919802134,21.75429118075559,27.00173,24.029405588921524
94,114,54.0,45.13086941978525,27.692915626075646,25.02803455121318,35.34098,33.919849978790566
94,115,53.0,34.006699040679116,26.288588620244795,25.532301416794525,40.58609,32.08350393033125
94,116,52.0,28.53227324962657,19.733621713069283,21.798080015595286,33.255135,26.359006759003012
94,117,51.0,5.947192133536407,12.98446817104984,9.150419337175645,8.93309,8.930047182180434
94,118,50.0,37.71173189844465,32.680512429817185,24.553700279131327,32.513214,31.91791514356465
94,119,49.0,42.16032939761928,35.62096553666058,27.483015821016416,41.228355,36.82632059413721
94,120,48.0,18.720502077926593,21.726993084199847,21.157781171588898,20.808565,20.492062670554148
94,121,47.0,31.457062233699272,22.10951691340999,21.75806807935796,31.109322,27.043718226235356
94,122,46.0,25.628911907071274,21.719699249336884,19.890082770951807,24.068468,22.963938974408386
94,123,45.0,39.162304544908785,22.13506547041466,26.025725736702107,42.395065,33.3441760643547
94,124,44.0,9.51346602588651,28.675374911614526,18.47384754738171,12.494791,16.316060061168287
94,125,43.0,37.224088536811436,32.59183909782023,30.786495093595974,42.65124,36.11348553225832
94,126,42.0,26.743006339892105,18.875386705163194,17.557238105499895,18.440674,20.611974484610766
94,127,41.0,43.612910421361484,46.803725468436056,26.192724130328532,53.09133,42.21534229414857
94,128,40.0,17.892048371043572,29.698116229592813,21.03915663536939,21.386068,21.907896740461066
94,129,39.0,30.471167723404033,17.927418733389686,19.785017149164922,27.96573,24.610150344907105
94,130,38.0,16.020199564793174,18.854275075313268,15.606332930077247,15.056192,16.194979113134348
94,131,37.0,32.37576811635843,12.851996518536026,16.866403580050594,36.551846,25.713833105686096
94,132,36.0,27.614840174794338,12.167293379093778,13.293952788984097,26.1273,20.52253359125574
94,133,35.0,14.432114539337963,21.524461516185738,18.741728379035425,17.181799,17.651136410228375
94,134,34.0,28.084292485865024,29.95143852392853,29.08481824374625,26.255817,28.21181207092895
94,135,33.0,12.239207314120724,23.317552575433012,13.320422951249093,14.519466,15.250595390734855
94,136,32.0,15.752554572093095,17.558991271361208,16.94834729992024,21.060486,17.834499768001475
94,137,31.0,27.166269912377384,8.136898580112529,13.83626205525568,22.838129,18.88608228021911
94,138,30.0,23.478835846144644,7.771477232755018,12.559744551339382,21.479502,17.088219551575538
94,139,29.0,37.2033717649615,18.235717054414167,23.242385239173444,40.816257,30.90107328831347
94,140,28.0,49.39136689009396,23.12658886873166,26.742468483269796,42.024044,36.47852247404945
94,141,27.0,35.04402595203183,22.963507348158075,26.704791428801066,37.969887,31.342092689047355
94,142,26.0,9.17337912352668,26.427601228033538,23.16119843021917,12.944887,17.1368166547767
94,143,25.0,26.46204134878069,12.65499380096162,16.715483224030375,20.67043,19.723241401777067
94,144,24.0,21.399851252332486,24.112028234053412,21.862090820902484,22.200241,22.25367449162299
94,145,23.0,20.41725594925202,39.633903813588944,26.510195665479916,21.204111,25.89235299056011
94,146,22.0,26.773145633305926,23.180353211474824,22.524849420028897,27.868032,25.27056618314412
94,147,21.0,22.292788980388142,15.40892272732124,15.339068702544523,20.730844,18.741590630407604
94,148,20.0,12.274758714937555,14.751611505697923,9.366821609592193,11.318254,11.731742850518405
94,149,19.0,32.91877348192989,26.154775754943344,25.611879121728084,33.175446,29.78623457969078
94,150,18.0,10.487322403564896,16.263620754755564,10.960553790194837,11.315667,11.937063390084703
94,151,17.0,43.24722063566069,34.30551454648675,29.74427714724126,43.352314,38.039212503371544
94,152,16.0,34.06008002952882,18.75488858115321,22.242738330748764,29.294403,26.769326657811742
94,153,15.0,15.676697189451154,17.24598490598217,18.81967142619339,14.08667,16.370970884867994
94,154,14.0,28.463208670570307,44.134256641399176,42.193771201019366,28.562586,35.07150461502167
94,155,13.0,15.79118566212939,21.21632346275129,17.033586773075122,15.703261,17.12888130286721
94,156,12.0,6.593656745295223,18.593080643059324,8.044323331459665,8.395989,9.749325600587047
94,157,11.0,24.795334090376738,20.506128355678214,18.39381424522282,21.134247,21.320929398988007
94,158,10.0,13.582056726685527,18.514282488867323,12.954078495972482,11.279541,13.74267123180114
94,159,9.0,31.655328092456173,21.1926933489582,20.728346077386515,27.520878,25.691954477591153
94,160,8.0,11.999732060919438,15.370511820618773,6.897405490443457,9.861601,10.737202922683325
94,161,7.0,32.89598875051522,20.446503103560744,24.7720239849116,32.77529,28.362255727930574
94,162,6.0,34.32480526890228,29.06323569296319,20.03215035736945,33.259823,29.299775297607944
94,163,5.0,15.090903062072043,14.262199781287563,12.37269869438948,19.907034,15.514825892336134
94,164,4.0,37.57727003141989,21.265484275931144,23.837566996047414,36.144833,30.486423688976657
94,165,3.0,7.318879007703856,27.921447284411244,25.35939101031008,8.168611,16.196847974586642
94,166,2.0,33.14538281712112,20.96842262841332,19.232163799467163,30.43042,26.455201291280773
94,167,1.0,15.453839066154535,20.861677075646426,19.219447750519016,17.128353,17.920325668217522
94,168,1.0,5.248913328112447,18.575472346033408,6.964303082238107,7.3808274,8.81579083219015
94,169,39.0,24.33136437415796,19.29614704568459,17.07216575511807,17.23612,19.568803942416302
94,170,38.0,8.828115133263392,6.531822561142548,7.097616314531212,9.392265,8.088615911042744
94,171,37.0,25.324740708156668,21.189652243716466,24.137506106047155,23.587101,23.758101196273927
94,172,36.0,27.45645591851967,23.58224941110447,20.44906584337147,19.465477,22.741177352354853
94,173,35.0,5.062126877929617,7.605355398186219,4.849276838449391,8.962144,6.539074208578609
94,174,34.0,33.52087837909271,31.776522029518674,31.254028619726242,32.503983,32.322471810616356
94,175,33.0,30.14038577853806,31.24146492434778,30.64758653246424,32.805122,31.19836594213022
94,176,32.0,18.149406225099657,28.296687770652014,33.14264246856343,19.526106,24.374747239279102
94,177,31.0,6.809060105135674,21.276644869291147,14.651653412109884,11.868921,12.98033839287507
94,178,30.0,11.032200220999966,29.04750031189839,16.472831990308084,12.908839,16.39975356334597
94,179,29.0,5.386384604923623,7.026703337869236,5.986307277446436,7.8213167,6.509967782742261
94,180,28.0,28.718234221466858,34.97981985592189,14.705219464055205,28.620426,26.227832899486067
94,181,27.0,4.842185443035292,23.229070011521245,15.781556785954638,8.9573145,12.317911115457424
94,182,26.0,12.090631650301589,30.971264999264406,24.724979869162404,13.80626,19.459609949882605
94,183,25.0,6.6447978230461615,22.753421333612394,10.078615847702,8.454774,11.10584715138507
94,184,24.0,5.178551542896015,16.017191002358587,12.753102941137328,10.2728,10.5955542482175
94,185,23.0,5.173822783556679,28.277702335499583,16.815272000113406,5.2128873,12.64057158553131
94,186,22.0,15.196163865554693,24.279088041123018,20.188821545103163,15.6219425,18.350408708767674
94,187,21.0,8.188248018817106,22.40005879435067,14.096064871568391,9.938926,12.917211084507116
94,188,20.0,4.301227805662825,14.566539176068375,10.698362085804106,7.037433,8.668315588427799
94,189,19.0,9.423461523453462,2.4444918822468935,7.189020795381147,12.3469515,8.290583967992717
94,190,18.0,4.735390624580508,11.25328981067534,2.5230347807927984,5.1535444,5.515200688386095
94,191,17.0,12.295428369727645,-1.0800753759106954,4.200928687994399,7.6648335,6.382227348916838
94,192,16.0,10.555139225573228,26.638400413135827,22.80832792244899,18.23204,18.889650099673638
94,193,15.0,11.221385389948695,14.952016175687575,13.596243616469522,14.230343,13.36213723589744
94,194,14.0,4.5632449630409795,11.742231446182814,9.396815630095848,10.076318,8.67724093391909
94,195,13.0,13.434305773859682,31.660070794939998,14.052819914784791,22.182373,19.426270616376456
94,196,12.0,5.930082656854479,18.172753307647113,9.06428826568095,6.904801,9.349953088018736
94,197,11.0,5.269491986143875,11.74289477316485,4.271840950771519,7.347977,6.803666283947343
94,198,10.0,8.033844655629114,15.606488719612102,9.818428312566848,8.371625,10.037796183623382
94,199,9.0,5.663853528973054,4.981370848173185,7.285279448039184,9.376881,6.953381007416133
94,200,8.0,5.370429409998319,10.149598276188627,6.039579621910455,6.777098,6.835993361818437
94,201,7.0,6.553656527864116,-7.5564582858274605,4.728484427976497,8.636152,3.939278315490766
94,202,6.0,23.527374019938417,22.040333854637808,15.947309468442853,21.16976,20.630354535750868
94,203,5.0,6.850149096436581,37.353869899463945,37.89549011922845,11.532045,22.045888826942694
94,204,4.0,5.561545824661025,0.9351521656710702,6.01618020518103,7.4786644,5.310671556606303
94,205,3.0,5.0153436611464,16.595567891735016,4.314597796707055,6.9854426,7.5738943976641595
94,206,2.0,5.205409112741218,20.835548450299243,11.827276104028346,7.277724,10.478256750922055
94,207,1.0,4.786337190821239,11.619876646145144,4.289444382567879,5.452874,6.141260821796759
94,208,1.0,4.9726121698871095,1.5721959827406806,4.544434950082717,5.963733,4.476908722986494
94,209,6.0,4.832091584629906,10.539222888033066,2.6852526245395936,4.090892,5.162975637849978
94,210,5.0,4.882257690904623,20.858187187705454,6.183676006504115,6.8802648,8.81134396791734
94,211,4.0,5.364781086504731,11.719002284425557,8.180794847245082,5.806437,7.433218284880066
94,212,3.0,4.979128510780169,23.864858295336887,8.247249958974368,4.2900963,9.256993366216534
94,213,2.0,14.790146647882562,24.4692471881542,20.74233228564378,18.321997,19.142480762925043
94,214,1.0,4.735390624580508,12.121989934497478,2.8958180577475474,5.1535444,5.778591682827679
94,215,1.0,4.618326484197772,5.930489433466704,1.8228521570697822,5.834901,4.465255216989531
94,216,2.0,4.792086783274723,9.749744231620113,2.904868761301117,4.380679,5.136069248415681
94,217,1.0,4.385275968693271,20.35309833302415,11.035357045530915,5.2289057,9.40031348361315
94,218,1.0,4.9599171459605715,14.906725347531903,6.275087820319044,8.789838,8.232032884804362
94,219,3.0,4.706690642831181,11.757321904136774,1.9739694137802815,5.1535444,5.460066748201926
94,220,2.0,4.938912485663497,13.01555402536168,5.022650864532942,7.5374436,7.201511933604399
94,221,1.0,10.879936649522042,6.694472991977392,7.78890768328781,11.897893,9.545777171897088
94,222,3.0,4.889225435558327,7.941148444984265,2.023579360368032,7.1793346,5.338362939308293
94,223,2.0,4.978196315219684,4.274879982941741,4.0635674999242966,5.1535444,4.651912917978283
94,224,1.0,7.878478602646417,14.542874274432265,6.921362841083255,6.9526963,8.653561580048162
94,225,1.0,4.202611897720688,1.686814036553244,3.9186430322372914,5.536585,4.005631451999175
94,226,4.0,7.283572627567594,-2.4171368586289645,6.429976412453861,6.191315,4.913703083550646
94,227,3.0,4.243883733742957,14.577704027817532,-0.21560323160647954,5.6815286,5.439444914847539
94,228,2.0,4.857169035753465,-3.2662637198271796,2.592792227793197,4.758197,2.6867062456325526
94,229,1.0,5.155437398680706,-6.036370848412588,7.794110446105066,7.9159513,4.44680536899349
94,230,1.0,17.33868443544495,30.14206379775493,33.2819087592972,17.574106,24.01351469036034
94,231,3.0,4.137275546594312,0.4584285643616681,2.0918366254664633,6.044991,3.4118384522260365
94,232,2.0,22.126882931726858,-3.0721579925231595,10.087794495146657,21.876266,14.099107868825953
94,233,1.0,5.518699663523335,9.678166439426434,-0.12335387548773724,6.5452833,5.115123519011124
94,234,1.0,4.761094867428363,13.109534438912775,3.5646053696649105,4.2803564,5.914885420242086
94,235,2.0,4.229802178317799,10.859424061937105,2.522387681232672,7.1862144,5.843999582057988
94,236,1.0,14.583923151640056,8.201917681047888,7.442773973228576,11.339042,10.628058513943085
94,237,1.0,4.567133032114106,-4.433785367234634,4.291481583223842,6.54086,3.3047126411826953
94,238,3.0,4.7604680757040665,-8.645833361587592,6.530059755801506,5.8208504,2.9453951655496367
94,239,2.0,10.686567119836546,10.601145899511195,0.8949410968322127,11.406854,8.30558815830367
94,240,1.0,5.965967189786299,15.539580716366999,2.0108266592176633,6.5452833,6.9176815884926475
94,241,1.0,4.7604680757040665,-8.694218134178385,5.737113737405494,5.8208504,2.729001729631968
94,242,1.0,4.767209624718992,5.827021715358171,2.090386688707113,4.3506107,4.158657947052878
94,243,2.0,9.746518846491062,1.1241739323429556,4.318152177925015,16.11888,8.3907092304026
94,244,1.0,9.880675819440677,-0.05794800596379446,5.493835706117409,11.253511,7.203820043972947
94,245,1.0,4.676557075850114,5.291269237926002,2.5449015543904494,4.5400763,4.2005344690556825
94,246,1.0,5.500262976748132,-9.315205641599903,7.973272211812326,7.8460145,3.9445831733185814
94,247,2.0,6.118185787925249,16.53901099311102,1.4090674864630586,6.5452833,6.993985511712956
94,248,1.0,5.226098986844291,3.09335347296377,0.8012036867704992,5.931815,3.851964059522647
94,249,1.0,4.787228491637054,24.558839887011573,18.256031231823144,8.848699,13.173954697704236
94,250,1.0,4.157802137131386,12.051169691520158,0.029982929804589276,5.276866,4.888154695200744
94,251,1.0,4.441296175581578,12.170722167917575,-0.569714162556366,5.6815286,4.942112180896711
94,252,3.0,9.73369115122287,3.2653316977844327,1.6452477168672672,12.005458,6.994218032957182
94,253,2.0,4.3635547060464885,18.799026333611067,0.38222323946297365,6.338665,6.612067420829613
94,254,1.0,14.946321768233501,18.861115886862265,3.9778317703176356,14.051316,12.588876247677348
94,255,2.0,5.497223341684144,-2.3448273760607776,5.811338666171537,6.191315,4.2669451449357325
94,256,1.0,4.7604680757040665,-3.6157021751857883,2.357305423325819,6.35004,2.9585634155855733
94,257,1.0,7.58550898245265,6.014118136821878,0.3720298975170948,11.1635065,6.360925468564135
94,258,1.0,7.811025661267575,-4.769248362831576,3.488448167777399,10.609559,5.028724274208
94,259,1.0,18.796217632733434,-3.2372865875146033,7.667033570808634,15.830697,10.882538448798835
94,260,1.0,19.7086702500654,2.0946260608262435,2.6275380044719796,13.758893,10.283855588906931
94,261,8.0,23.844735282670694,-4.1511009715034675,2.62471644634617,22.93937,12.708398978995048
94,262,7.0,23.03329199993173,23.497854381380932,6.878416552589904,27.563847,20.117558286360467
94,263,6.0,21.688502822713286,2.9452093355820352,6.488577213448053,17.466867,13.003071096559161
94,264,5.0,13.93637464698919,6.83102236445734,2.993609722463738,13.226047,9.529289480345358
94,265,4.0,20.15629468614337,-4.278469502891511,7.379586889722113,17.85745,11.532246103380704
94,266,3.0,17.816577758400673,3.63937138666563,4.217924315082229,16.041544,11.078556353259053
94,267,2.0,22.917812254207306,-7.391881175255804,12.069418584039834,20.938328,13.760528361042281
94,268,1.0,11.742794006096528,-8.505039464509707,3.2284166806308576,13.2635145,6.057295394828936
94,269,1.0,22.573997030198083,10.405425098247989,1.709718062925539,21.579044,14.53109626754957
94,270,69.0,25.138154082225384,-16.147927592096693,10.238275970969589,21.074774,12.265712995306712
94,271,68.0,20.462385333973838,-14.547618081968636,16.55442870532359,18.904972,12.333249145793959
94,272,67.0,20.58805540373797,-21.095051727538703,19.731499020896383,18.729383,11.900008051236743
94,273,66.0,19.421806399225865,-8.071137377069618,10.773727682944433,18.050993,11.540933187879148
94,274,65.0,21.41968206723893,1.0999235987004852,12.831749089519782,20.95184,15.167603199020729
94,275,64.0,21.49155231903093,-12.953899645154905,14.159673211123835,19.61692,12.490719540053679
94,276,63.0,16.37535273901425,14.776433266678467,3.7204905581924947,9.996936,11.052265571461898
94,277,62.0,21.86587418071817,-3.75948508267507,16.380110352684884,21.581497,15.459545822848018
94,278,61.0,21.812938145338766,-4.8637986976760885,11.206106894029446,20.24253,13.522780378876655
94,279,60.0,21.043703230603064,-8.438590848718036,16.177374709033398,19.151033,13.630568782659385
94,280,59.0,21.905558975077028,-0.023337937504606998,13.846051765812419,21.758772,15.570176781625161
94,281,58.0,23.057117864717156,-9.291672906365022,4.907123084870285,21.921343,11.82912126106508
94,282,57.0,21.143424687746812,-11.894212848142871,13.090985611431975,21.31374,12.77213420617589
94,283,56.0,21.60424106419584,0.2180452366106067,12.4687813010561,20.761463,14.904722814181998
94,284,55.0,21.836786774981952,-14.715364251631968,15.694589585491865,19.61692,12.65151781904114
94,285,54.0,20.446420716203377,-18.034512900203993,10.341008144849848,14.028817,8.730786515034904
94,286,53.0,20.851253750414656,-5.4241090597404025,9.102456214957911,15.722397,11.384582138528113
94,287,52.0,20.079597846743724,-33.50622877534721,16.711811423789356,18.390327,8.506406558335692
94,288,51.0,21.905400954110245,-5.39197071335667,13.616687558877878,20.927101,14.26110973815046
94,289,50.0,21.850287316718667,-0.876372488323284,13.263647733484529,21.954557,15.292118015086269
94,290,49.0,20.127235255120862,-15.83887225000359,19.877160070717103,20.032988,13.163598684036517
94,291,48.0,21.141377650032204,-10.886601769420906,12.30194287087295,20.684082,12.589021007278458
94,292,47.0,21.084595118329204,-7.172858843509061,14.447376045210394,20.156254,13.701673642900115
94,293,46.0,21.852348103180685,-20.653108722882223,19.18304802490487,20.423853,12.649030860672681
94,294,45.0,21.59058101527327,-12.95755053638291,14.56477158513487,20.684082,12.909876482545918
94,295,44.0,21.61110481858733,-5.5685909910748705,20.508011196510875,21.758772,16.16860191963037
94,296,43.0,20.61866728631533,-6.834512342938808,6.413758039735619,16.70114,10.61034363587372
94,297,42.0,26.94273618298697,-7.1185628003156864,9.864862956228048,24.006527,15.18442609062733
94,298,41.0,19.209964820243467,-28.607539536588888,19.367321440521643,18.249788,9.855630659998049
94,299,40.0,21.928811689634436,-19.266599701053167,19.297756143119003,20.423853,12.965312562799024
94,300,39.0,11.734459302441667,-28.82715195318093,14.648043849552447,13.516186,5.2225098881635414
94,301,38.0,17.230669589160065,1.0480391482851985,18.757457847201778,20.663664,15.458296386207966
94,302,37.0,21.789680375277676,-24.556229544423445,16.054479775761205,19.661001,10.863645573158816
94,303,36.0,10.462727752901321,-25.27494531222149,12.460244754564918,10.46071,4.154649103284273
94,304,35.0,19.471529733370133,-20.937116790357265,14.18103196309912,17.101997,9.731629422670618
94,305,34.0,21.52493246886499,-29.219099239553685,16.425856480187264,19.948736,10.072864770927472
94,306,33.0,11.594422655979598,-27.99347570340896,13.86694098193784,11.221048,4.522766769209468
94,307,32.0,12.52169742579164,-15.47737687581855,19.863853693570864,11.748569,8.881739147873233
94,308,31.0,22.36419636447772,-5.112027537300662,15.006267043809544,21.094404,14.850662182573704
94,309,30.0,10.923859507672953,-27.932563699284003,12.187505971695394,12.962895,4.375788236715174
94,310,29.0,11.138866549420728,-21.199246648804092,15.606278791868036,10.655652,5.996536738473589
94,311,28.0,19.81320225373811,-9.206384174981707,18.09214064315845,19.255566,13.66840072335492
94,312,27.0,14.329057754898932,-25.406462142077487,17.14776677882199,16.136808,7.957170197457858
94,313,26.0,9.787799201153128,-32.21157224704805,12.043278850488775,11.061928,2.692965290351204
94,314,25.0,10.683900353743365,-53.4605862581534,12.6627153972956,10.474523,-1.1131655159681633
94,315,24.0,12.891883254943561,1.214379790349824,24.605762542907918,12.717318,13.673607967259397
94,316,23.0,7.960826791888011,-30.36690139513027,9.806669806023407,9.809452,1.6147835643297221
94,317,22.0,11.92984637313265,-22.421067946267414,14.371891932236917,11.45174,5.87514525256916
94,318,21.0,8.01330356656549,-32.78409487029967,8.958197817847491,6.2889204,0.001154705815806789
94,319,20.0,7.237720015314807,-33.685164190524944,7.611034511915598,7.639082,-0.37729475363057663
94,320,19.0,9.211982448947975,-36.23693041512871,8.935490701392599,8.87618,0.3644892291729289
94,321,18.0,5.141781388429839,-39.734675400439585,4.309349505285091,4.912789,-3.7128877027478406
94,322,17.0,8.302709342585752,-12.18605401237619,19.35714402147666,9.165253,7.5066593806849315
94,323,16.0,8.824251860718123,-29.82312852392519,12.149525331342513,9.783216,2.5648711070576
94,324,15.0,7.590970612906855,-13.596968751177343,18.43527901347367,8.766415,6.69038243602974
94,325,14.0,3.427515656408359,-46.45411082130536,2.476580499402843,3.7340565,-6.2708766095067325
94,326,13.0,8.542979469749788,-42.53604634754558,8.62057111980543,8.96379,-1.0848787167932121
94,327,12.0,1.996801905537471,-35.18167673538622,0.7957394448933854,3.201452,-5.098396390355356
94,328,11.0,4.708595930995653,-27.879616917545775,7.662464798773616,6.314696,-0.3162653096626342
94,329,10.0,8.358131960708118,-28.944935012638723,10.253162944827327,9.675358,2.0781499527513088
94,330,9.0,4.955618294317411,-45.32358014151072,3.6544910037438143,4.7649245,-5.043662243265864
94,331,8.0,9.042961870597788,-28.32355209106271,10.870006904630031,7.7869463,2.0425796105949443
94,332,7.0,2.0117815377174906,-31.777277403395658,2.5412680366570086,3.7823668,-3.8317588179256346
94,333,6.0,3.725244078043562,-52.47630472253053,1.9448043036670057,4.139886,-7.3685560266316905
94,334,5.0,5.103069171911822,-29.182416959599124,6.2409809719819656,6.114849,-0.8800146698415308
94,335,4.0,4.824951546655765,-30.332105956834454,3.9426023373797605,4.349653,-2.251504472679759
94,336,3.0,3.9481302066471557,-37.355120441047575,3.3024330013639016,4.498127,-3.96589022573112
94,337,2.0,1.5642598502039682,-42.58893243251936,0.4076474249851927,3.0015395,-6.78974864059024
94,338,1.0,1.7533413032242695,-43.23579468226714,1.1118027062735578,3.3076532,-6.5944519572447575
94,339,1.0,1.7384374647732528,-61.72195513255687,2.447367149602627,2.8383148,-9.908310167997879
94,340,1.0,1.7112964996571411,-41.00807442699923,0.4967882888716062,3.9316676,-6.173699211709247
94,341,1.0,1.784507872339687,-53.53878731594506,1.7896773271733153,3.5791774,-8.304669498527332
94,342,1.0,1.7258629839738182,-43.88211691026339,0.21886559261840688,2.765086,-7.104501115706767
