unit,time,actual_cycles_to_next_stage,random_forest_prediction,ridge_prediction,svr_prediction,xgboost_prediction,ensemble_prediction
1,1,12.0,10.057745568398893,22.378487179609078,3.030379007252243,5.494218,10.24020740696996
1,2,11.0,15.157789966644478,22.931200565526012,4.835047675605718,10.76902,13.423264572085653
1,3,10.0,15.541533079109445,26.935864595882485,11.01513028629148,19.571573,18.266025304682426
1,4,9.0,50.52280287683529,32.96689476601815,50.69687322785223,51.8334,46.50499289925601
1,5,8.0,10.862278718910336,24.730094584275736,4.217158663693944,8.62878,12.109578082967563
1,6,7.0,36.44463975543141,28.28773913813025,17.12673462929394,17.887486,24.936649756751496
1,7,6.0,15.016114181305406,26.025127865414056,9.762870708727702,14.588836,16.34823711792368
1,8,5.0,21.078857049812203,27.888543821211762,19.97917901847158,22.17357,22.78003763060753
1,9,4.0,32.23870937853872,27.273349180809255,14.292914278270834,25.99612,24.950273322624916
1,10,3.0,55.96732927382843,32.72523781299054,43.67027403641521,52.13428,46.12428057042036
1,11,2.0,21.655569521316615,25.386052338382882,6.348553129021278,21.086628,18.619200737231463
1,12,1.0,27.268841685386406,28.13179359891224,15.253388211198077,25.675533,24.082389197543613
1,13,1.0,10.265124929832707,19.28022763334477,6.192687434191466,7.022887,10.690231806822094
1,14,3.0,9.408870121271189,21.017166186055846,3.7421514002808873,4.965401,9.783397220061465
1,15,2.0,16.066590759519624,27.04834066249264,13.559926874795245,14.647754,17.830653003080663
1,16,1.0,9.157354400313224,23.463660817285096,3.8575209272440674,5.9197865,10.599580649522364
1,17,1.0,26.479414586067538,27.464304295264494,13.862899136705915,45.04561,28.21305663463644
1,18,4.0,12.276472520934766,25.96678684037984,8.706258959046167,15.539144,15.622165470669417
1,19,3.0,11.83898999401641,25.290845230987685,4.539297742250703,10.063935,12.933267061775247
1,20,2.0,16.28132629698931,22.475386898777685,5.917757332828337,7.2510824,12.981388237236112
1,21,1.0,49.92784562829345,31.301015061109453,45.87332751667097,34.952435,40.513655686467196
1,22,1.0,12.389682322731515,24.48321969017542,5.5051124506312465,12.444759,13.705693458108666
1,23,11.0,27.988257515384234,26.559231613073337,13.015791769931647,22.030231,22.398378093554825
1,24,10.0,10.816834483116013,23.479159080723733,3.4024976760838577,9.004262,11.675688302610904
1,25,9.0,19.158724481217774,25.423766613983744,10.951805419068698,18.176683,18.427744985043383
1,26,8.0,33.4345850035675,29.939855473100618,32.07677473462538,35.451313,32.72563205752308
1,27,7.0,10.251294476584787,22.945847955703638,2.4200212566465122,9.619213,11.309094198295746
1,28,6.0,19.521184079416248,26.51644018441909,13.1124821954674,14.29077,18.36021900908228
1,29,5.0,42.54721793134908,30.629507023966042,33.363122417057035,42.76616,37.326501607497335
1,30,4.0,15.512945098695532,26.372160237910073,10.113266611080931,21.309788,18.32703992448267
1,31,3.0,15.868465490123524,25.449786914576165,6.450051955460761,7.35207,13.780093553724196
1,32,2.0,13.273611925977127,25.992258126860442,6.247084731635107,14.755481,15.067108887692266
1,33,1.0,8.397216249331581,22.84657890699439,3.3748700652164523,6.5751424,10.298451901279467
1,34,1.0,9.952517417650455,19.23112206279304,4.935875201525798,9.81933,10.984711224355848
1,35,10.0,9.834891830317336,22.45162119537347,2.4616095968472873,10.920482,11.417151076090457
1,36,9.0,19.062960813926516,25.471301016032626,6.940945260399686,15.83191,16.82677930593016
1,37,8.0,34.848865889861194,29.25356072303059,24.32372214772189,36.92224,31.337097492887793
1,38,7.0,28.66482665024081,30.457177701095404,33.15927573357057,34.242744,31.63100613267689
1,39,6.0,45.75096284786191,31.756504125632226,42.7916157101799,33.477165,38.4440619764605
1,40,5.0,10.497188226894655,23.873378730173624,2.2955700683858424,9.525704,11.547960352326054
1,41,4.0,19.68740664635558,28.842568886828325,19.673789979017037,15.90549,21.02731385844269
1,42,3.0,14.067376144399589,23.37766560407058,4.836806956249452,10.899522,13.295342633104344
1,43,2.0,14.869284173237176,27.55131095436244,11.76343611048926,3.035069,14.30477505672223
1,44,1.0,16.02726146600771,25.538579877111435,6.978213424854158,18.664032,16.802021687598796
1,45,1.0,9.474373870727133,20.28479705885033,3.872211023948134,7.1177797,10.187290421319021
1,46,4.0,12.569919895570234,26.794889721103395,9.994858057730585,17.518225,16.719473097647683
1,47,3.0,13.255695738191903,25.918489498508098,5.405948599807683,17.120981,15.425278763234587
1,48,2.0,11.415788640333266,25.31538496820434,5.187804330045017,13.297484,13.804115584117703
1,49,1.0,27.191676700877174,24.957196716957608,7.5705743236614715,25.431526,21.28774348139457
1,50,2.0,9.134351109501841,20.527105198671684,4.836992837591147,7.5873065,10.521438911311469
1,51,1.0,28.27997529436399,26.331831617213552,10.696374859985575,32.023575,24.33293915016617
1,52,2.0,45.06618243410309,30.213146304849772,35.10338741332902,40.751896,37.783653014205726
1,53,1.0,8.867407790490146,23.439067792594166,3.026395473982655,9.533894,11.216691160568011
1,54,1.0,12.277670526979875,25.424408374285967,7.78777672017522,13.858444,14.837074958827063
1,55,2.0,10.60479157767147,23.14898744090847,2.8631545634385134,10.250301,11.71680873577561
1,56,1.0,23.77807335172107,27.929535987357596,19.671075745719868,18.513742,22.473106882924487
1,57,1.0,9.88616991131887,23.694557572502035,3.059858035302094,10.640336,11.820230388951282
1,58,1.0,54.700787756574854,30.16236372856512,30.803241894807364,51.991356,41.91443731898586
1,59,1.0,10.208889313710873,21.50934160088279,4.468893883486249,8.667802,11.213731663768636
1,60,3.0,16.05758813482672,24.84297673060837,6.2700976346593915,13.772512,15.235793734001891
1,61,2.0,17.03059180280944,26.427868839132195,7.083958274778964,8.566075,14.777123560433202
1,62,1.0,24.52065299194675,27.858749019166197,15.377548599417782,28.13946,23.97410255512902
1,63,1.0,8.253100900991397,19.03159881684581,4.803825117977826,8.1969385,10.071365837631127
1,64,1.0,10.118471522639496,21.879283439985432,3.264287180873671,7.8329086,10.773737693467423
1,65,1.0,9.632458922702945,16.8352484400556,5.902824580710188,10.161307,10.632959819592159
1,66,2.0,18.412267059105147,26.866828031588177,10.372866812833966,26.148737,20.45017471431566
1,67,1.0,19.548673315384182,26.13095751025034,9.87075776618465,33.395805,22.236548487676473
1,68,1.0,10.559597155112588,20.462748812458766,4.40499502773163,10.928626,11.588991763947206
1,69,1.0,14.480302492298387,23.507303217896705,3.6065976226940997,18.719507,15.078427637574105
1,70,1.0,10.36674328790029,22.47437854377829,2.6848604651998045,11.889082,11.85376606295861
1,71,3.0,10.037267245610709,23.55324857052853,2.44529931755436,10.508753,11.636141989142393
1,72,2.0,9.043906636799816,23.363924815024436,3.3151480334553725,8.839667,11.140661701382772
1,73,1.0,18.948360181408404,26.799736839695534,10.393189617980061,21.915098,19.514096207347905
1,74,1.0,12.78627469397165,17.626210033982634,5.955633332825617,10.135251,11.62584227650174
1,75,2.0,53.855549000164466,29.358969310956013,26.098727918115635,57.388226,41.67536794616401
1,76,1.0,10.315187643568759,21.26372417194021,4.216411285363245,7.173889,10.742303065257117
1,77,1.0,11.316677950934801,19.720377809843576,4.65263615277215,11.1729765,11.715667101846496
1,78,1.0,14.03078187640008,25.230431802853154,4.516204037548281,7.447235,12.806163206055846
1,79,3.0,10.718883747536104,23.37605859589186,2.2858383339570665,10.854725,11.808876390354557
1,80,2.0,11.560403386449043,19.8409233142188,3.9274635995017775,1.2410183,9.142452148864425
1,81,1.0,10.516447875266515,18.43197055827926,5.666188340718312,12.375306,11.747478225929914
1,82,1.0,16.166549747739634,27.91423691350116,14.646722167098094,17.856436,19.14598615102393
1,83,8.0,6.440113777831225,23.137925886172276,3.9249320681777746,7.2890897,10.198015352974824
1,84,7.0,10.99948852929186,17.74904908841894,6.219354259593336,11.667276,11.658792064937606
1,85,6.0,10.176375323968124,24.185281459352375,3.446383814327344,9.619733,11.856943363599584
1,86,5.0,10.741487261663952,24.039128033104614,2.421928599967057,4.6660166,10.467140118352486
1,87,4.0,11.786585589675063,17.319669346044698,6.176625492116701,11.443935,11.681703955530892
1,88,3.0,9.41459261613702,23.05100738605928,2.6381051405533924,13.437064,12.135192328396773
1,89,2.0,10.94912662307177,19.474892921843278,5.407793182602219,13.273435,12.27631184162358
1,90,1.0,14.083386901585968,16.505554532781765,5.627680815031587,14.580994,12.699403975435768
1,91,1.0,10.81514332401963,22.76188764519187,3.8100118950654043,9.782402,11.792361225712781
1,92,30.0,10.101309387504024,19.031148722914033,5.18738162284013,8.861051,10.795222584758028
1,93,29.0,9.906493899598551,13.896258581427462,3.8700282520775637,11.542616,9.803849155901627
1,94,28.0,10.027189943820092,17.50538839882645,6.10237599667934,11.769446,11.351100178077932
1,95,27.0,10.303668796740249,17.621701793629196,6.21569286096765,10.846444,11.246876895320236
1,96,26.0,9.91701466948275,24.058226135447065,5.307800524745115,7.0071316,11.572543226553254
1,97,25.0,10.23191892658446,19.100703950410825,4.949754846881653,11.680404,11.490695358322139
1,98,24.0,13.409411632133406,25.814091748648682,5.477008555717324,6.351759,12.76306772335215
1,99,23.0,10.797958367124165,17.691410639711727,6.040010031136239,10.372768,11.225536860017936
1,100,22.0,9.664338703704521,12.871731298280858,2.661635446693934,10.568193,8.941474721087065
1,101,21.0,9.894972058427669,15.21449643794421,6.114997071223025,10.676661,10.475281526328658
1,102,20.0,9.456703142982429,14.660611831551886,4.83503943060504,9.919457,9.717952960186818
1,103,19.0,9.460673708447036,16.26607544216141,5.36952591463492,10.089443,10.296429568007618
1,104,18.0,19.965441342684784,24.888783651658564,4.362005369883903,23.748598,18.24120711574553
1,105,17.0,10.358176877014273,24.73679758135954,3.245680192220833,9.714273,12.013732025838358
1,106,16.0,10.373548078816796,16.86251876556089,5.954269020372944,11.014885,11.051305203370275
1,107,15.0,10.639431852755656,19.65500401011235,5.863033616985161,11.1474905,11.826239995314245
1,108,14.0,8.974912021300675,11.208675481106532,3.329549091196565,13.380796,9.223483256524723
1,109,13.0,9.369107577439445,13.947667747150298,4.330749530596485,9.298808,9.236583238256395
1,110,12.0,10.092612289442839,18.95281244215525,6.170097053888544,7.0798244,10.573836558279616
1,111,11.0,9.35607116368658,12.10819887695972,2.9168518513628268,10.728995,8.77752930379757
1,112,10.0,11.144742634469406,24.45947556066915,4.305894214171573,8.329837,12.05998731367702
1,113,9.0,10.206280180382056,17.04925428432304,6.331646832789815,12.533809,11.530247501421456
1,114,8.0,10.1132333963006,17.126728036183174,6.396469080459683,11.212934,11.212341013321923
1,115,7.0,9.895911257588635,15.648870341413623,5.163303039912792,9.160017,9.967025413116213
1,116,6.0,10.715569514248989,18.54899211521834,5.541164002415059,11.336372,11.535524501842668
1,117,5.0,8.871606935405158,13.459028865176178,3.535935585443589,8.66565,8.633055438440435
1,118,4.0,9.003225840152972,13.519486082192,3.533070534462988,10.30749,9.09081820140597
1,119,3.0,9.098324231844682,14.366539833976402,4.3418239404789905,9.684148,9.372708960269476
1,120,2.0,8.853486257775266,10.971429540283847,2.352589382855097,6.982713,7.290054600854468
1,121,1.0,9.583044618586719,13.527345767976485,3.4266241440323597,9.03847,8.893871199711269
1,122,1.0,10.601275055442061,4.326650943251032,7.4511422812350885,13.770872,9.037485099004261
1,123,2.0,13.071887030823937,15.07356556329734,8.356975981416937,25.144274,15.411675583368197
1,124,1.0,9.41285743585832,15.65239953655945,5.173053253718093,10.183836,10.105536552353058
1,125,1.0,9.349422276179485,11.300061431428833,2.5313360062793517,7.562992,7.685952952458734
1,126,6.0,9.331397708867472,11.270883135102146,2.4838442948274917,6.9006953,7.4967051156853
1,127,5.0,8.608731228283077,12.178646604057942,3.4376001072780937,4.9778833,7.300715319636834
1,128,4.0,9.721743898122604,15.723722901388939,6.962827320922373,8.838839,10.311783174426106
1,129,3.0,9.86744036933087,16.093805302742794,7.163291534790999,9.661774,10.696577722126323
1,130,2.0,9.798884779143187,13.697705200371205,3.9791780907400476,10.800661,9.569107289322643
1,131,1.0,10.654254312861987,6.737786669536021,5.392351511634448,9.598556,8.095737014728208
1,132,1.0,9.383375990095985,12.251672403276082,3.3122175783215404,8.84601,8.448319044955873
1,133,4.0,8.908172195192268,11.902346422064767,2.955021756616947,9.248236,8.253444019097158
1,134,3.0,10.135861551357083,10.29937879704902,4.246941449823982,9.863966,8.636536946597317
1,135,2.0,11.866300458330711,16.420690935061533,5.122139373791883,9.090967,10.625024486382213
1,136,1.0,10.471862094076593,16.494554761023352,6.14914976609186,10.71352,10.957271667810158
1,137,1.0,12.481825945538999,9.180880574001723,5.612339224665893,12.615064,9.972527352875995
1,138,1.0,10.482080946746283,14.586842178221922,4.420545428031511,10.822538,10.078001732213552
1,139,21.0,12.481268812534552,4.823596600676428,7.560916164729028,14.210351,9.769033142058856
1,140,20.0,8.80156954615562,11.0927722547267,2.293417013438013,8.010962,7.5496800867282765
1,141,19.0,9.772660353628732,11.236396257648824,3.037023964026705,8.793322,8.209850546200332
1,142,18.0,11.79328618512211,5.8490117357219695,6.975659534640577,12.127788,9.186436261377878
1,143,17.0,9.31082928309225,11.996906634222782,2.822987400736178,10.6766815,8.701851209151474
1,144,16.0,8.795435490382454,9.64980160380458,2.4596026751382194,8.8599205,7.44119006775856
1,145,15.0,8.732546522871594,9.773754239818384,2.548610816758723,6.3043113,6.839805713732719
1,146,14.0,9.853528883773066,9.26881732405198,3.4632054165633246,9.832416,8.104491801284471
1,147,13.0,11.08078234032751,6.473948674330931,4.898817681749362,8.631736,7.771321124526144
1,148,12.0,8.808169935391089,9.465174333156455,2.8200820850315083,7.9093204,7.25068667701018
1,149,11.0,11.03102282971453,3.6774121109541547,8.618060528093999,10.89119,8.5544212609895
1,150,10.0,10.915002695051212,4.74062202864836,7.990249177488245,11.710563,8.839109151795368
1,151,9.0,10.088270644481511,7.779711821565279,5.048001896556217,10.344216,8.315050177335932
1,152,8.0,3.8602216567035668,-0.2817762167036264,3.5392336783821143,6.3329206,3.362649917420526
1,153,7.0,11.326582933486758,1.4660054730900427,8.292110786192776,10.513353,7.899513135136974
1,154,6.0,11.515399967176116,2.191884799531575,8.42029313681945,10.630669,8.189561635915965
1,155,5.0,10.940887533595621,7.718711459817907,5.463875367425505,11.706357,8.957457840774333
1,156,4.0,8.275793721776711,2.67522234288478,5.988456636189355,7.8136697,6.18828559559998
1,157,3.0,11.40412835843196,7.648576571430329,5.793103574655774,10.650334,8.874035715683348
1,158,2.0,10.827185650249426,5.713013083321375,7.766588569877289,11.948491,9.063819599986168
1,159,1.0,8.04832342286326,-0.5894339987514634,4.072572969672443,6.5498447,4.520326783901382
1,160,1.0,6.295819798188927,-5.112341370816456,1.656065581367347,3.330943,1.5426217790861998
1,161,2.0,8.924462628710087,-1.2895998000324447,4.213972530301843,7.750407,4.899810644478148
1,162,1.0,3.660568698506976,-4.590204882738771,1.1133227222310236,3.6844332,0.9670299399540613
1,163,2.0,2.751852475774528,-5.211813720907113,0.8744412583789352,1.4000857,-0.04635857477908012
1,164,1.0,10.436623295227864,0.3967000160899694,6.525195445360929,9.708684,6.766800681067274
1,165,1.0,7.733527217649876,1.5731935197277558,7.781653990034975,9.726175,6.703637508910036
1,166,1.0,3.007506866494611,-8.84250689656113,2.3324920120087462,1.040345,-0.6155407661301964
1,167,2.0,5.33611621062287,-2.0798170396875513,4.041961822465316,5.7706604,3.267230348447815
1,168,1.0,11.596402277868506,0.982573741186517,7.46938330074613,10.418907,7.6168166213321244
5,1,127.0,62.28682403314424,33.81678602120293,61.2136936798869,74.97623,58.07338263521868
5,2,126.0,70.45120331951493,34.33891331529568,72.4565870283526,59.050888,59.07439793117166
5,3,125.0,63.555627276233366,36.47263007281575,78.94063087540508,77.19463,64.04088042708523
5,4,124.0,30.73143210309233,28.167846375902705,17.285707573677747,36.1124,28.074346526901106
5,5,123.0,67.00208187841594,36.37834549127785,81.19988072717278,65.67737,62.56441906523227
5,6,122.0,74.08042699744527,36.24056040325003,76.36590833673819,84.6335,67.83009872073532
5,7,121.0,33.6969705695384,29.793598570959936,35.21389332195666,42.40483,35.27732334876805
5,8,120.0,70.8733267306638,34.698153592310284,72.31867244234562,69.20227,61.77310581828305
5,9,119.0,45.76453826299872,32.74555482012426,49.56550223571668,47.928062,44.00091443945112
5,10,118.0,46.44083302514767,32.60397378181822,51.06662637881811,25.559404,38.917709389738235
5,11,117.0,60.6251420555188,29.802238272711584,29.787969827904973,44.88206,41.274352790193504
5,12,116.0,73.27605986559837,38.05986536903577,81.88166377598291,75.52488,67.18561711654587
5,13,115.0,52.5291366089025,32.98145176438101,51.211979397113915,54.460857,47.795856290438714
5,14,114.0,39.084997605559245,30.471249730962782,34.25113913395025,35.79392,34.90032627002286
5,15,113.0,72.54630389290021,37.90052022794053,84.41635202183038,78.55928,68.35561413454474
5,16,112.0,67.91327567161028,38.16200854801707,75.36189082338669,67.404884,62.210514845348236
5,17,111.0,60.11704751428227,35.61449431607418,67.72273390694522,58.054,55.37706914794846
5,18,110.0,80.16508649144484,39.81232710472297,85.49791636108289,98.01041,75.87143411284782
5,19,109.0,68.61862539678482,36.32900768448381,77.62591633287897,48.3986,57.74303773653251
5,20,108.0,51.133337662863866,31.567220735709014,44.63442704109164,43.985157,42.830035613151
5,21,107.0,58.41437934048196,31.290117382752204,42.44970213063174,52.29927,46.113367370937176
5,22,106.0,57.61787944624476,32.35610676882496,52.60097477711341,46.22707,47.20050771172986
5,23,105.0,90.67280895730372,35.65496224522185,69.10810917837343,89.918465,71.33858626038588
5,24,104.0,32.49741927989778,28.333718206948156,17.440253337650823,34.720245,28.247909046456222
5,25,103.0,55.35074928370051,34.36030133152742,65.8856681791483,59.067997,53.666178943283995
5,26,102.0,60.195534292902,34.40678509541721,62.91578581001779,71.347015,57.21628014479909
5,27,101.0,72.39589016200837,36.6092212853105,82.33926588046535,78.36458,67.42723889371364
5,28,100.0,37.077768974621314,28.58328849074906,18.10782729938786,41.821495,31.397594955227646
5,29,99.0,83.80272768941741,38.1784435555206,83.86020749910918,89.82386,73.91630972812605
5,30,98.0,43.201265288695495,30.65265301125394,41.61819866712641,36.69526,38.041844015328536
5,31,97.0,48.29005823677339,31.863495662929246,42.00472858502455,44.39605,41.638582996059725
5,32,96.0,27.247834408758308,26.38244621961845,11.702347608145187,33.84894,24.795392509875114
5,33,95.0,49.459599878067856,31.30048677545399,35.94554357102612,63.227886,44.98337910612479
5,34,94.0,49.518314466338836,33.794951212952924,58.05838194699665,49.83267,47.80107898268294
5,35,93.0,55.7427848354455,33.58395092547087,64.43776130291226,43.866337,49.4077084715846
5,36,92.0,62.83366080273714,36.32594585331191,59.72038128732138,64.58277,55.86568981115999
5,37,91.0,66.13432353329613,35.67299918377372,76.58961840928103,62.786423,60.295840963960764
5,38,90.0,43.408322876306464,29.317776016614722,28.66110011579145,34.117268,33.8761166543388
5,39,89.0,65.72682909328631,33.491867961750785,59.26707597756123,64.07869,55.64111565194841
5,40,88.0,23.308280131282284,25.121459356467962,7.949134627765895,14.304386,17.67081506360804
5,41,87.0,19.730757354284094,26.266637585094408,12.637424831207477,22.094355,20.182293600025645
5,42,86.0,45.970432390557704,31.004336958112788,39.12259262819465,41.495155,39.398129327834454
5,43,85.0,83.96255464630829,37.97226943768064,81.9844002664214,76.30702,70.05656161128422
5,44,84.0,57.26016334969452,32.8309496072245,51.45604352269154,53.512363,48.76487997836211
5,45,83.0,44.154400566433964,34.76494229848555,66.80473911550251,46.67973,48.10095286052299
5,46,82.0,12.730947496006847,24.319407565475295,3.3982530725064155,12.677934,13.281635456730172
5,47,81.0,70.70312577630033,36.38649631318272,78.69847793083838,71.05997,64.21201676533425
5,48,80.0,91.06661529330246,36.188533016269155,66.72379702362046,100.090355,73.51732506315642
5,49,79.0,64.28049011678904,35.806302753144706,78.88016979300372,62.106133,60.268273792565424
5,50,78.0,18.302446810727176,26.712003103769135,10.681693938330502,15.518543,17.803671774058756
5,51,77.0,22.62093629418036,27.813536214776036,17.375252776221622,15.590773,20.85012447849055
5,52,76.0,49.39265960711975,31.57832664952436,36.58206006322406,39.199963,39.18825223395874
5,53,75.0,74.77788826669713,34.294787274152526,68.74214978494248,76.79719,63.65300328274198
5,54,74.0,30.471777663649192,28.931096290007964,22.35803523940973,40.71577,30.619169978625607
5,55,73.0,60.5189694454011,34.97080563980465,72.21807454644684,67.63815,58.83650067695612
5,56,72.0,62.092250796655456,33.09384314493862,58.044501396334894,75.18094,57.10288351465802
5,57,71.0,67.49364676832167,34.74135408391602,70.34970884336127,71.81865,61.10083974689779
5,58,70.0,40.393722446401895,29.077447748670725,28.8719179250893,33.102905,32.861498348399856
5,59,69.0,38.090167193254985,30.421423778768556,33.236010596268514,50.14495,37.97313810874782
5,60,68.0,67.79574405575694,35.732129735666575,72.6594590682351,64.94231,60.28240984455333
5,61,67.0,68.28196562139073,34.52737943209435,70.62005880184769,53.039143,56.617136615993836
5,62,66.0,13.973998040717385,26.354566042719803,6.249168040941116,10.905847,14.370894680035615
5,63,65.0,24.945709172917873,29.38497935397733,28.052904335462998,27.05112,27.35867840510371
5,64,64.0,54.245063744809634,30.842455351635657,41.766921673331396,61.292217,47.03666450610384
5,65,63.0,88.21225526520891,37.54410328190754,75.87543499165406,79.30393,70.23393143217798
5,66,62.0,51.531677104435865,33.088894121096544,49.43027377920795,67.64609,50.42423316280619
5,67,61.0,85.72576809035141,36.67470548332265,78.32095992436867,69.588776,67.57755228320208
5,68,60.0,62.443922640024375,34.11016825036035,61.38079113033601,84.22158,60.53911563152296
5,69,59.0,84.86422153253872,39.650203427089664,82.56967918938443,99.95485,76.75973834804422
5,70,58.0,71.94182494900404,37.22636978948937,78.91974204174873,72.33565,65.1058960908125
5,71,57.0,10.37038456279174,25.524026831984884,4.870298136992094,12.91739,13.420524850364664
5,72,56.0,64.34368890640462,35.42790116293482,69.90302406483423,68.43953,59.52853588827975
5,73,55.0,24.333091950522952,26.073188249807195,11.080194712391082,27.735418,22.305473308105846
5,74,54.0,49.92800566810027,32.94652463709147,42.32653891462392,73.76068,49.74043759303985
5,75,53.0,40.76109606341894,32.27015062999328,51.53643138997714,60.80121,46.342221644870776
5,76,52.0,21.92455077073896,25.867758107466166,11.410913960191246,35.357006,23.640057227848605
5,77,51.0,11.736250303702315,20.80054882831822,4.676617987826166,11.783597,12.249253528084843
5,78,50.0,6.208742141309403,25.56086242635145,5.699765928245926,15.308134,13.194376143721568
5,79,49.0,45.4534374910058,32.15779153918021,45.829330955776044,48.178543,42.904775769195595
5,80,48.0,55.91735118574551,30.303982894346163,35.99735169651491,54.88431,44.275749363158
5,81,47.0,29.78601138141319,27.78332522497749,17.021316687975183,26.49119,25.270460812757726
5,82,46.0,51.61761614207554,30.414560987454415,38.39427404208723,75.56085,48.99682580559961
5,83,45.0,49.94556106187146,32.22347204224215,51.164151701467894,44.142853,44.36900939719616
5,84,44.0,23.98179497583999,27.913002938385304,19.111920278455464,23.117004,23.530930646803
5,85,43.0,27.125615289918493,29.349726976414388,25.443687872070864,17.445927,24.841239201165877
5,86,42.0,24.029158658646715,26.53223205602441,8.183219455655653,29.400133,22.036185825815338
5,87,41.0,40.386938590782385,30.327538305155276,37.06888908092672,27.287737,33.767775717391146
5,88,40.0,60.2449347181218,34.56556178101656,61.40001065397417,50.858116,51.76715582575372
5,89,39.0,44.2628362455454,29.07776055204799,28.071113555367752,46.65781,37.017380141035694
5,90,38.0,56.237200037125724,33.01903222191794,53.581615195211356,61.77397,51.15295475296805
5,91,37.0,49.09645773622723,29.61401215464446,32.441413871239945,54.26708,41.354740540442464
5,92,36.0,60.17566001648693,35.27782730560404,68.93647490555873,64.67434,57.266075380520824
5,93,35.0,34.02074903263088,27.40156782177344,10.489166746152716,30.448582,25.59001632402842
5,94,34.0,20.74292874518207,27.014924776785858,12.755724068272094,17.28971,19.45082167035664
5,95,33.0,17.88630940979102,27.082980147630117,13.172770260762562,13.748385,17.972611311891505
5,96,32.0,35.76809211723659,27.99081724500581,18.753013136085837,29.7183,28.057555591012726
5,97,31.0,43.40435974465465,31.397712158592142,37.473153713202336,41.62804,38.475816482542456
5,98,30.0,54.32305059648031,33.466647368370246,55.35269587403161,57.539722,50.17052907037728
5,99,29.0,65.79904050287354,34.46668803304104,69.44123571308819,85.578674,63.821409641352254
5,100,28.0,62.000193816779145,35.08081886290164,70.11304764823657,46.44612,53.41004538593442
5,101,27.0,15.985685366747056,22.620428106746314,2.7547355322195024,12.801377,13.540556575540155
5,102,26.0,24.28105886610726,27.258881563361705,14.886079886707352,22.016441,22.11061541534779
5,103,25.0,56.985198400759,34.95117653479798,61.20783591766732,42.65412,48.94958306303752
5,104,24.0,18.68908779275643,27.114529720726587,10.017040312360411,7.0899687,15.727656626794719
5,105,23.0,26.143039324066986,27.863926600406124,20.706510476514012,24.199287,24.728190953884475
5,106,22.0,10.244263316934184,23.33344917807256,2.2109662672564845,8.995178,11.19596424622987
5,107,21.0,26.456910949530034,28.137187741526862,13.841617877086858,26.979843,23.85388992694805
5,108,20.0,25.69302429317449,27.5249925386705,13.385674963287778,28.97097,23.893665487235342
5,109,19.0,19.36026672283997,28.228116943592383,20.76102096934527,14.490392,20.709949091759956
5,110,18.0,67.2528606234949,33.25684813946925,50.09074061567749,49.003162,49.900902940668715
5,111,17.0,11.893041979651313,24.828749560701823,4.679164242243722,4.2791433,11.42002477900798
5,112,16.0,46.250877259590595,29.996172881323325,31.71187337121717,46.432976,38.597974820293516
5,113,15.0,13.249337538433727,25.252285864117084,5.465661361799675,19.760366,15.931912801042456
5,114,14.0,30.647295103399543,28.59036518651693,23.084900369372818,33.682484,29.00126108309625
5,115,13.0,19.799476228831285,25.548193749451585,9.519528652488244,17.144505,18.002925794472564
5,116,12.0,74.28143881525635,33.402415333058435,53.686001585179206,65.28081,56.6626658071528
5,117,11.0,7.980190843236715,21.181060525973702,4.401651721185951,6.2956333,9.964634101609102
5,118,10.0,21.984780204521723,28.59028564947694,21.77861932614423,11.719438,21.018280694831255
5,119,9.0,29.329749666261197,28.8365096613917,24.27378176846601,36.605453,29.76137364683246
5,120,8.0,10.425502507759804,22.69698889448497,3.5215418317998566,8.60165,11.311420868020436
5,121,7.0,13.931474194362677,26.183969411788834,11.023640897576934,12.326451,15.866383951325787
5,122,6.0,64.84923171979939,33.97507448211894,60.47168986318612,87.09101,61.59675177811693
5,123,5.0,34.53990079686861,30.687841624709918,30.956257199221042,40.450607,34.158651730151064
5,124,4.0,13.074356623469814,23.820843534765597,3.379294138975986,9.46219,12.43417099289721
5,125,3.0,19.697680976567607,27.36459626275358,9.791704888256755,21.65601,19.627497950412554
5,126,2.0,34.823630103053446,27.537454991048506,12.082100388373853,10.366254,21.20235983383001
5,127,1.0,12.56776288811599,24.56057891931197,4.312007572062791,12.979776,13.60503144048426
5,128,1.0,10.397319497432925,20.46783414048747,4.434190364473551,10.289568,11.39722798744541
5,129,1.0,49.19139790546541,29.722785585931632,35.95975029746293,35.78478,37.66467809595767
5,130,1.0,9.775761247304322,20.54450653314799,5.551683008780813,12.300718,12.04316727418206
5,131,9.0,39.623836880746374,28.351641873300334,22.081088638141942,38.311417,32.0919960045413
5,132,8.0,10.487670665654532,26.368003838771216,8.789405638710173,10.639133,14.071053399126265
5,133,7.0,9.747281970575928,22.10269901695026,3.310262176668143,10.913161,11.51835111049133
5,134,6.0,12.530627000091481,27.96192798946376,10.88992606959139,9.32895,15.177857746857581
5,135,5.0,32.414401333536844,29.62279266872774,24.881955329332737,28.706781,28.906482679731607
5,136,4.0,33.71129485137579,30.546118026882862,28.202239884523927,53.6302,36.52246304878891
5,137,3.0,11.102238052601344,24.271726425123052,3.5586813955286623,10.525878,12.364630956457187
5,138,2.0,24.611580214551058,30.42075310807464,29.267355179868055,15.166424,24.866528075025293
5,139,1.0,22.93161487948756,26.70270171774363,9.810079648884154,34.69611,23.535126504460965
5,140,1.0,18.29493244853623,26.275750689220505,12.89053304307003,26.601797,21.01575332117715
5,141,5.0,12.161376856089865,27.32903981999493,11.383410078918756,21.247824,18.030412617553377
5,142,4.0,20.34042889560941,27.1315792705811,11.115343141975064,18.28973,19.219270345046763
5,143,3.0,15.856892416207954,26.672812082785175,10.417044526996516,13.225101,16.542962624234228
5,144,2.0,11.573965579601241,25.87471862502514,6.906804771020514,9.033044,13.347133209259013
5,145,1.0,12.287066569512595,25.351290459162875,4.960753038984814,13.143172,13.935570582939851
5,146,1.0,7.491711193957539,21.796461597029698,4.739655711381763,8.091252,10.529770207333582
5,147,9.0,24.344719403367318,28.29896634239986,17.92971901906439,16.679867,21.813317888900762
5,148,8.0,27.201995151279757,27.845558005273002,17.935735583170587,22.767202,23.93762277926067
5,149,7.0,30.126631461145323,26.507202523260624,8.37543979526646,35.797054,25.201582017610974
5,150,6.0,9.892949936420711,21.559972909681882,1.5520160235476261,5.7374434,9.685595579190814
5,151,5.0,9.375418931492618,24.25449315419946,3.163179566138906,5.258426,10.512879460313398
5,152,4.0,51.954418046074004,29.783531522983957,29.200898956600085,46.8548,39.44841242590914
5,153,3.0,10.820469709057074,19.477207528510604,5.836326696472547,9.381389,11.378848149571457
5,154,2.0,15.424144781603228,24.234809279094947,4.5313794959591895,6.593244,12.695894408108128
5,155,1.0,10.96452143781666,24.22924622180095,2.673365435824776,10.221823,12.022238958522461
5,156,1.0,12.018913101099566,25.108940490552683,4.781566196141455,18.751907,15.165331784106629
5,157,1.0,10.341372797577458,20.92613336567327,4.025981369365756,10.320109,11.403399224996772
5,158,3.0,24.445892367476908,26.85233129249869,10.447987437917732,32.774174,23.6300962086164
5,159,2.0,10.086077962453711,16.50330893424593,6.141557598769463,10.516496,10.811860050029996
5,160,1.0,12.48622940154586,25.478907722757278,5.304243696803814,15.545287,14.703666988342535
5,161,2.0,9.780142854296576,21.696662264184248,3.0651021848716447,8.571045,10.778238056306868
5,162,1.0,25.723208067723736,27.82550607881428,14.12308846107891,30.55567,24.556868098040706
5,163,3.0,9.896867573161439,17.50119571809782,6.064302260125681,11.806695,11.317265133955242
5,164,2.0,9.130077504826723,19.70847896671613,4.829105477544195,8.33094,10.49965054891727
5,165,1.0,10.358212044969473,21.254088565361222,4.21355602924182,9.305008,11.282716143535707
5,166,2.0,9.301885493794623,22.000130979205267,2.7513923247597187,5.8697624,9.980792804603476
5,167,1.0,22.966440595757604,26.670701726692585,12.920300442139453,20.194992,20.68810870750483
5,168,2.0,7.787644845545816,23.064511414579016,3.824364119278208,11.895481,11.643000372255546
5,169,1.0,9.192177827645583,15.408542774423646,5.107005480155641,10.410302,10.02950706109882
5,170,1.0,9.609680000084182,15.512574544362757,5.63772041525217,8.682063,9.860509515605319
5,171,2.0,9.380963190809826,16.59935744773705,5.9823938562445385,9.094894,10.264402225992775
5,172,1.0,9.853661940032394,19.96815211691006,3.7574104048958556,5.060595,9.659954874347822
5,173,2.0,10.0278269640554,23.224252279128798,3.0733808006441325,11.088289,11.853437326173147
5,174,1.0,10.644780512965694,20.86086302960178,4.2629140928755795,9.572866,11.335356018815599
5,175,3.0,10.066331390004844,19.770813290840472,4.525298731046414,8.760144,10.780646911398836
5,176,2.0,10.373886227958849,21.36150231651445,3.7001484611801843,9.903244,11.334695256052044
5,177,1.0,10.36555341753468,22.342769692317447,5.470673692585157,12.551369,12.682591378954049
5,178,1.0,12.839145764159571,25.41360230087031,4.563210393806388,11.263218,13.519794096215414
5,179,1.0,10.266757566796564,20.212546478419323,4.946952468219303,11.646956,11.768303239305453
5,180,2.0,13.471910566581904,21.337080851189246,4.944791579418544,16.78023,14.133503141417785
5,181,1.0,9.047078022019258,25.328765635689216,4.395141790317215,7.190793,11.490444621360059
5,182,4.0,9.89654592795682,20.069903832564428,2.9489782791030485,4.288196,9.300906031626962
5,183,3.0,10.748516634629569,14.454466185463412,4.569012883054469,10.860354,10.1580875316676
5,184,2.0,9.933632032477592,20.662231254594502,5.065720256899382,8.170981,10.95814123778425
5,185,1.0,10.543980025324826,19.03668600954554,6.480928924695528,11.9199505,11.995386361198847
5,186,1.0,9.987116156109733,21.186814029330044,3.3738669553375473,5.817643,10.091360076591426
5,187,12.0,9.81339227097505,16.23507027293494,5.875855422049806,8.294539,10.05471435438973
5,188,11.0,11.36600187276551,19.91321278765556,5.887080579444495,12.873537,12.509958075866049
5,189,10.0,15.321204176103834,14.92600418975973,5.912341845981963,13.485305,12.411213761076006
5,190,9.0,10.979243004718969,22.040301973109877,2.596906051552473,7.690962,10.826853216787468
5,191,8.0,10.585092601612677,19.503893958158585,5.069348254758086,11.451004,11.652334710712417
5,192,7.0,9.826458584702479,15.275432470503894,5.230934145659514,8.640156,9.743245248275553
5,193,6.0,10.691258666016825,12.595718248108975,4.269574776166664,10.216909,9.44336527471545
5,194,5.0,9.380963190809826,16.325574978460725,5.88412656893097,9.040496,10.157790152674771
5,195,4.0,12.172164050912732,15.059382236612178,2.5448626569040833,11.249616,10.25650615341987
5,196,3.0,9.727190273152194,12.535186035688323,3.246732191350848,8.424419,8.483381975816883
5,197,2.0,10.999016270524132,20.47293408469258,4.508768222508747,9.882516,11.465808621253265
5,198,1.0,8.963988143512891,12.409799509490952,2.619784377867056,7.21075,7.801080533466932
5,199,1.0,9.399789780441447,14.928030027324104,6.461110779225306,6.391521,9.29511289100278
5,200,10.0,10.209913216512748,16.209891242343893,5.337061605509891,10.473232,10.55752458341341
5,201,9.0,9.583683022212123,16.90017529966064,5.789479804745998,10.408878,10.670554113258692
5,202,8.0,9.56475478615967,10.309848177014043,3.5715785365563626,8.10993,7.889027884545556
5,203,7.0,9.789849697745586,13.890729657700948,4.134243923180302,9.858055,9.418219598343232
5,204,6.0,9.672034319640483,8.935216016866587,3.278896089609807,8.742546,7.657173126914962
5,205,5.0,10.108349760540738,18.770824723616883,5.574319069295704,10.616619,11.267528165890187
5,206,4.0,9.683796643506174,13.354168782463661,4.223987568009903,10.297313,9.389816432622743
5,207,3.0,10.936145284268775,6.5180807415762665,7.06404943576387,9.819064,8.584334900482183
5,208,2.0,10.46859894882457,13.775458502817255,4.227706857324176,7.4153214,8.971771414765914
5,209,1.0,10.220087915907891,10.53316511593819,4.455008923267053,11.980185,9.29711162754171
5,210,4.0,10.077393113860275,8.54773384478165,2.563389557628078,9.281088,7.617401097909053
5,211,3.0,9.360804292270808,10.836906266691532,2.0804729775347646,8.254923,7.633276600829599
5,212,2.0,10.170098677638713,3.187271910551864,6.734634127830265,11.596246,7.922062620426719
5,213,1.0,9.903424900293277,9.108534531805166,4.3193091694940495,10.0810175,8.353071523948538
5,214,1.0,10.576378661572393,14.132422124316125,4.747711774994885,9.807411,9.815980938682765
5,215,18.0,10.47814175176456,6.2043162451090765,5.397352606015055,10.274406,8.08855425899854
5,216,17.0,11.000245892661631,6.884103096503491,5.669910207015569,11.445971,8.750057432864754
5,217,16.0,8.778588904801353,11.488262256303248,3.1721087007660635,8.591674,8.007658428220962
5,218,15.0,9.53993505168892,11.674998442527759,1.632907504085182,8.295815,7.785914116534084
5,219,14.0,10.36517524379018,7.086418886356821,5.656311285194704,12.711755,8.954915053557716
5,220,13.0,10.397647384555471,12.404194829539714,3.8718067195762167,10.871803,9.386363054340702
5,221,12.0,11.18360744328274,4.285141247748449,9.015035727616436,12.643786,9.281892712251627
5,222,11.0,12.246730519934665,5.702836418734066,8.531585611955878,14.519028,10.250045065146386
5,223,10.0,11.696172646609748,5.90173867350725,8.230791610511394,14.395939,10.056160450979853
5,224,9.0,8.955432897830509,11.496539462923067,2.2774333282274526,6.7953105,7.381179046566241
5,225,8.0,4.732201713148063,-1.0115731832762407,2.9633523481562136,6.4002957,3.2710691531083884
5,226,7.0,8.750008107109714,10.648400770680379,2.9010384562284433,7.3004246,7.3999679774560505
5,227,6.0,10.541999162825325,4.898600743358802,7.1312104240701535,12.168109,8.684979817594698
5,228,5.0,11.292521334975609,1.4531627253175792,7.488109602441035,10.536908,7.692675453113365
5,229,4.0,9.823085976702014,5.545847582969216,5.73879863291441,14.504552,8.903071020024463
5,230,3.0,7.993961757777743,0.8995289319808535,4.94947520541486,8.720019,5.640746308922148
5,231,2.0,11.305881896496844,2.280899930728971,7.699190511029462,11.6448555,8.232706959380714
5,232,1.0,11.693509038421325,3.674357792192083,9.173557653205972,14.507445,9.762217454801892
5,233,1.0,10.152555611020055,0.3786235892356764,7.200863487344796,9.250358,6.7456000788672945
5,234,1.0,11.797832793422295,8.019206394995702,5.932311865824881,13.13617,9.721380360377736
11,1,120.0,57.613004320718254,32.70917783909444,56.52628806451454,48.80607,48.913634661184346
11,2,119.0,65.97029667287066,35.57105891694533,70.45269740031564,60.70209,58.174036051793166
11,3,118.0,33.31974751383441,27.75759869679926,17.794437716354867,7.3248296,21.549153376347046
11,4,117.0,14.539136282449238,27.124841471034102,14.183071694717489,3.73761,14.896164887475164
11,5,116.0,56.81237256713514,32.21980296965877,53.41507783075696,64.16403,51.65282133749319
11,6,115.0,57.08306177107978,35.194066571772815,70.8264909076861,52.351326,53.863736309827054
11,7,114.0,49.41303361011731,30.62890466229193,37.932468348549406,42.07002,40.011106347317295
11,8,113.0,56.29690393802987,35.206419370772544,67.02890430547501,57.61953,54.03793933459963
11,9,112.0,37.226047202048186,30.510601953201157,32.51238699866983,47.76474,37.00344403603839
11,10,111.0,33.26036504974,30.203342894967555,28.216899844429896,33.31321,31.248454330707215
11,11,110.0,42.06637581597595,27.43695896027966,16.13865455596765,34.181316,29.95582642698892
11,12,109.0,28.05896456053064,28.515898979465902,18.428146294886055,17.770197,23.19330168738886
11,13,108.0,13.067902960765245,25.58557790378004,6.739076717511264,17.116182,15.627184977331765
11,14,107.0,51.70367178439266,32.68647043436742,55.90117717331193,39.30996,44.900319700923276
11,15,106.0,12.501929488223187,24.378457120616517,5.276349132219666,12.24666,13.600848993400827
11,16,105.0,15.441039625340311,25.510546087154427,5.663955806007145,4.486996,12.775634423090132
11,17,104.0,58.088190165553286,32.92663738644093,51.00932197096237,43.7021,46.43156209234803
11,18,103.0,39.747302102159146,30.449791260964425,34.568300571817176,32.223316,34.24717753189192
11,19,102.0,69.15860621598718,31.645373581035148,50.28163055171317,44.280704,48.841578711756625
11,20,101.0,23.625618038520255,28.38565083127414,19.886061035532975,22.121162,23.504623079969537
11,21,100.0,69.44319502922644,32.66967289312183,56.40352912964675,76.8422,58.839649571226296
11,22,99.0,26.520691361564403,30.16343080568464,29.263945540667493,23.55998,27.377012025093148
11,23,98.0,15.905174656378646,27.443631833844673,12.64919819344626,18.021345,18.504837455554846
11,24,97.0,39.46274743365198,29.896554613617134,28.17387519623881,41.007545,34.63518067867483
11,25,96.0,46.26179721352423,30.653648167494403,30.373314496461845,28.371027,33.91494671756958
11,26,95.0,39.705310717691795,30.386544428929348,35.66414201088203,37.367996,35.78099834333087
11,27,94.0,19.664575247965253,26.924057621855273,9.875311518504674,18.252615,18.679139840825197
11,28,93.0,15.764458338389844,25.983345430782553,6.958228071153875,13.907238,15.653317461729516
11,29,92.0,54.12177274017052,31.249185576418096,42.82542887101289,56.58611,46.19562408724461
11,30,91.0,30.07887316526194,30.81525091722392,34.74546129946023,33.84183,32.37035414730537
11,31,90.0,65.30818343922978,31.80701825106978,47.24072781818277,74.035446,54.59784391886863
11,32,89.0,12.506053036330966,27.497874060028426,10.966799324479318,16.822824,16.94838772474703
11,33,88.0,67.54862221595194,33.62796367499909,62.43435503722745,75.86272,59.86841440074579
11,34,87.0,72.61970855375017,29.45724252188652,34.12294148945652,53.96979,47.54242099436168
11,35,86.0,56.91909855581848,31.894408871539348,43.358409109936,74.1083,51.570053948166226
11,36,85.0,32.17973886144014,28.020491605659874,16.230436306646002,21.528976,24.489910803543925
11,37,84.0,73.44492195344668,34.32831622080834,69.81669208568368,62.561497,60.03785674863946
11,38,83.0,59.129554305181955,34.46466017758009,71.36285198113376,49.67274,53.65745185004378
11,39,82.0,19.69772009220074,27.6948250556678,19.195053433178458,16.03264,20.655059759550078
11,40,81.0,15.915122201106799,26.28339540368789,10.281742054833945,11.173907,15.913541734899223
11,41,80.0,54.475696734267274,31.53331713955652,39.52003617546997,29.139507,38.66713933574873
11,42,79.0,31.50890481057489,29.899330522820726,22.42283447364637,31.12449,28.738890136239256
11,43,78.0,24.07201686885854,28.814127282822877,23.014298698532265,9.97277,21.468303146864336
11,44,77.0,25.074943167544294,29.742726388212976,24.53532628491792,32.319656,27.918163053186376
11,45,76.0,71.96239390830334,35.08402290297529,71.75187974526241,82.88184,65.4200350308589
11,46,75.0,56.13625717451828,33.07812763324722,53.127147163195545,41.320793,45.91558128070413
11,47,74.0,49.68417625996507,30.01695460183981,34.76021894259868,49.056858,40.87955196678693
11,48,73.0,10.816459469277497,24.143393148662156,2.7299429421588233,11.181935,12.217932717615561
11,49,72.0,41.83217584152018,32.735760673116474,49.709702906730435,62.126892,46.60113287780271
11,50,71.0,9.054459068748555,26.248391172793532,6.520827399756891,11.452077,13.318938638306312
11,51,70.0,37.03509026997149,29.1501852188591,27.31801468949564,40.941586,33.61121892977443
11,52,69.0,33.526996804593324,29.898780922371127,28.702677894619477,45.45542,34.39596926733446
11,53,68.0,71.25519699663198,32.31537561712254,55.84879809480014,71.62171,57.76027060987792
11,54,67.0,30.867026459832555,28.500232236933627,21.464485631454366,34.96824,28.94999578969674
11,55,66.0,48.54039345520976,30.347484161657235,34.9380081509037,36.012226,37.45952796812676
11,56,65.0,11.675290991958843,23.889682409861933,3.7207964041806942,13.490503,13.194068279289676
11,57,64.0,20.92895012716971,27.9783774018941,15.256924512869912,27.620327,22.946144759445833
11,58,63.0,12.509191390115916,26.12168257601676,5.3892149356245636,20.492573,16.12816542154527
11,59,62.0,16.133663731557885,26.521816805069413,8.692567919662476,14.138909,16.37173944904864
11,60,61.0,12.836983149865228,27.339909408869104,13.664943592253856,11.391358,16.308298631634376
11,61,60.0,57.68670948274098,32.807374758306224,52.69857283443559,57.097218,50.07246865882431
11,62,59.0,56.663279475495955,31.62423416400032,43.551771774499215,58.87552,47.6787010532059
11,63,58.0,36.258133378286296,29.303167623601325,26.615084612109577,35.040474,31.804214887996366
11,64,57.0,16.927347924123364,26.849540536453844,10.336193651703192,24.916172,19.757313534967075
11,65,56.0,24.669194836083644,27.55451936527462,17.369213426232555,32.346336,25.48481599808423
11,66,55.0,17.827645525563018,27.544839799015733,18.034524671268812,22.185493,21.39812586627146
11,67,54.0,42.37614116643513,28.772391638063034,25.700036382628745,45.971844,35.705103226652334
11,68,53.0,24.93449533624445,27.51612336197849,12.589400766494126,21.995853,21.758968222197332
11,69,52.0,25.930338932294536,27.41424602242948,13.115079750869613,22.119734,22.144849629004607
11,70,51.0,19.46419602135684,26.428807916725287,8.335442351373992,21.215157,18.860900711157974
11,71,50.0,9.710814706605035,23.344493383484267,2.6371539108421125,6.661403,10.588466295025029
11,72,49.0,26.29110792881009,28.11638798687256,16.322456453781133,28.733963,24.86597884553977
11,73,48.0,60.52591419747136,34.81422789896487,65.80135926367983,81.575195,60.67917416815402
11,74,47.0,12.647516186441942,23.46943099211107,3.4308034757918264,14.083751,13.40787534478433
11,75,46.0,44.940457763470995,30.659090163567587,36.659552613551774,43.436493,38.92389836512806
11,76,45.0,11.436703661434468,25.622046052954303,4.831532672468446,11.809353,13.424908815403269
11,77,44.0,36.10886086876663,28.54735316680377,21.718238316376855,39.451298,31.456437527989255
11,78,43.0,42.61515353700147,30.71857841013656,37.505489037673335,44.594173,38.85834860405196
11,79,42.0,36.49169149745089,29.52386304966968,27.665674909409777,32.54528,31.556627478268325
11,80,41.0,21.125623359078464,28.24456948857061,15.021768732221437,21.296904,21.422216297525
11,81,40.0,55.42754674708344,29.939787209871504,31.3046874949245,55.246243,42.979565993768205
11,82,39.0,60.443852589287445,34.2131228349273,70.4082632089042,76.21127,60.31912795661958
11,83,38.0,10.032596215539206,21.635940688704064,3.004997500600652,8.006787,10.670080426238446
11,84,37.0,44.880642235305395,28.71637532588368,20.6339961320195,27.909243,30.535064080803366
11,85,36.0,39.433498861167465,28.706010097888367,27.566225198158186,28.66005,31.091445898922643
11,86,35.0,12.49717331438168,24.484615666195786,6.28137473811355,17.356834,15.154999532578026
11,87,34.0,45.028564113485714,31.649423816859027,48.731368419427795,33.831852,39.81030207725026
11,88,33.0,17.823751416339743,25.78614003866683,5.8609781394597515,24.244915,18.428946150752815
11,89,32.0,20.32364543465941,26.66958766970819,8.484715761368264,20.13269,18.902659823855842
11,90,31.0,47.37795198367991,31.54742285005417,39.9892936494254,33.490746,38.10135350689827
11,91,30.0,20.03488995448935,26.325908773403775,10.37213442707989,20.447762,19.295173672654386
11,92,29.0,20.913237575241666,28.505927914453295,23.544530009613922,24.5145,24.36954879090388
11,93,28.0,10.08550231395611,22.615364040826012,2.5114779014464457,9.717115,11.232364914612562
11,94,27.0,20.949779777737437,28.056656781477077,12.702016988488321,11.12465,18.208275887307177
11,95,26.0,19.77900267426115,28.561907203416723,26.55094438715421,19.57351,23.61634087028517
11,96,25.0,22.635939237102527,27.396919815322704,14.435561014184927,18.505535,20.743488798085643
11,97,24.0,44.88725596162076,30.690082225616628,29.83874992157064,58.56287,40.9947395336107
11,98,23.0,19.957616531738566,27.027379382339014,11.503503555736692,18.655355,19.28596373082637
11,99,22.0,32.79413789700827,29.08427756542553,24.597313216506265,35.19504,30.417692583858553
11,100,21.0,16.92983498224894,26.693056473202514,8.397738705006102,14.536439,16.63926727560328
11,101,20.0,29.13531557587643,28.707754169232174,22.894913118221524,25.546461,26.571110992169203
11,102,19.0,13.108451423677973,26.628520298751187,11.055351067967337,8.006624,14.699736753049564
11,103,18.0,8.790456334293792,23.466266732712675,3.6444741963606937,8.540324,11.110380368621943
11,104,17.0,15.196232909572162,24.337001436642627,6.7209596892696215,32.901596,19.788947526205085
11,105,16.0,34.558901427868115,26.538395104698346,13.01680183296703,38.937145,28.262810899671948
11,106,15.0,50.61715321632377,32.37032241811439,49.27441754552802,49.092438,45.338582731026705
11,107,14.0,37.92713360648558,30.27648124296161,35.26835443925086,44.79993,37.06797496530196
11,108,13.0,26.4912467687189,27.425156469864582,15.899479227951563,22.768599,23.1461202557634
11,109,12.0,57.44973055196329,30.68691452556608,42.78868147179881,58.665745,47.39776783270558
11,110,11.0,20.439863131393782,27.789762019775395,13.879495401031347,28.85447,22.740897462879232
11,111,10.0,21.23031502418092,27.212937385248416,14.901377020589296,17.07043,20.103765046408466
11,112,9.0,21.449013841762188,27.444309478179097,16.256173984021963,17.280273,20.60744268536581
11,113,8.0,17.68305110827499,25.997061099055653,7.459604508684446,12.230358,15.842518709948596
11,114,7.0,10.50566768189538,22.950197579622216,2.475941924683532,13.108534,12.260085261363514
11,115,6.0,36.172507570440224,28.51657616574466,19.300228264147755,32.938625,29.231984334006498
11,116,5.0,11.21381836744029,24.03729627144441,4.355202775597634,16.59111,14.04935691099363
11,117,4.0,11.425027371453115,24.18473434174998,4.046709239223794,11.975727,12.90804950843143
11,118,3.0,15.718547097862029,24.789104092520148,4.917232650930371,16.241129,15.416503190705335
11,119,2.0,10.340785519250572,21.053541707152235,4.618024214095682,9.722079,11.433607679384266
11,120,1.0,20.308644214415192,28.46973324028591,17.40596383720418,9.955568,19.03497740137598
11,121,1.0,10.821943862923785,23.448843526690027,5.051916469709164,12.329736,12.913109903810847
11,122,1.0,10.198636194657308,21.892337830785536,4.741539066654028,11.883941,12.179113447203296
11,123,1.0,13.497444181650522,24.71314439323992,4.287336704132725,13.999392,14.124329208702324
11,124,4.0,25.038951783616344,27.8843516140471,15.038275512089612,29.297285,24.314715997427278
11,125,3.0,9.704991832381905,18.200527898808538,5.825980274075663,11.14441,11.21897753465698
11,126,2.0,48.26331330223661,28.843710003200233,18.903290845208886,37.27772,33.32200888891876
11,127,1.0,10.11421917768576,21.91168420830322,2.3119900636020194,9.546295,10.971047153901656
11,128,2.0,10.512414370352783,20.647660245587957,4.322149866899251,9.521134,11.250839714841467
11,129,1.0,10.302787372459065,18.495159559360296,5.579923357473227,11.635169,11.503259829632107
11,130,4.0,19.362562491229333,28.068390411868442,15.51199883670768,25.088001,22.00773824775654
11,131,3.0,15.592592416759599,26.560241123396224,10.010776361226723,17.302954,17.366640905368833
11,132,2.0,23.428535407709454,27.971216456871424,16.216014596473652,15.810441,20.856551869551353
11,133,1.0,12.249116084464498,20.797776997357584,5.000443270935152,10.722313,12.192412320000832
11,134,2.0,11.108892425498686,21.062596733519854,5.6884902509560185,11.909039,12.442254488418932
11,135,1.0,10.365270577027529,20.604138263676674,4.140611017101268,11.201701,11.577930255512769
11,136,1.0,11.810284207794993,23.423207499195414,4.029151234604706,13.109314,13.092989226609715
11,137,1.0,17.93182920182012,26.991970227045492,8.914538137683781,31.979477,21.45445362381508
11,138,1.0,10.566802447462726,19.8541723756551,5.397102041999265,9.777721,11.398949567536597
11,139,1.0,10.267010744752284,22.36894389834231,2.209219999496158,7.63741,10.620646201617536
11,140,1.0,9.992775023658218,22.50172410942851,2.8911786492159752,9.499571,11.22131215721508
11,141,1.0,10.405329536610875,21.663020217749146,3.544674138865778,7.6775994,10.822655830827507
11,142,1.0,13.138074411089121,22.370738283177644,4.340480791107444,11.823455,12.918187085561692
11,143,3.0,10.683095949406038,20.852966341858284,4.526808498804364,10.161879,11.556187343971029
11,144,2.0,10.256843415595375,22.657353538239505,3.178433458036798,9.454292,11.38673067730874
11,145,1.0,9.381475377482552,13.174572846076256,2.9751389935310826,7.7030725,8.308564941250623
11,146,1.0,10.744831019602836,24.398800485962845,2.589810556870983,13.580641,12.828520713820836
11,147,3.0,9.702579565334275,15.814157880477042,6.3664582161224015,8.603105,10.121575063325837
11,148,2.0,9.943851625193318,17.15352392025966,6.756909362765825,9.554829,10.852278388004407
11,149,1.0,9.302558264851324,12.684083789530408,2.7273378034450495,9.536289,8.562567268228669
11,150,1.0,9.614376225486065,26.128377347503093,5.955453438781278,9.393374,12.772895363706159
11,151,8.0,11.160750662579032,23.021314059427464,5.0090540341401475,14.3358135,13.381733069621378
11,152,7.0,10.359315754110364,22.903628349443835,2.6421606292202817,7.6484017,10.888376617496903
11,153,6.0,9.922333239500464,23.02982669676677,3.327415794458087,11.5480175,11.956898308139095
11,154,5.0,10.255951043654942,19.647797739055907,4.743604064602783,13.200695,11.962011971288858
11,155,4.0,10.293955080321993,21.01383089744859,4.857481977207307,10.238519,11.60094666747067
11,156,3.0,10.760202764345829,23.45870763079987,2.3540182687373257,13.493698,12.516656696000053
11,157,2.0,9.871189961201448,21.8568315605269,4.110710554071229,11.558402,11.849283534315495
11,158,1.0,11.136660127824054,21.049396861900426,3.6590069023373673,12.580213,12.106319121285114
11,159,1.0,13.051659529084265,22.781889969570706,4.895884541629162,9.809541,12.634743697220081
11,160,24.0,9.816254930114619,16.594874884687115,6.06805853119014,10.334481,10.70341739632768
11,161,23.0,11.551904851842739,20.14775772637264,5.069063463141045,12.154296,12.230755490670527
11,162,22.0,11.086224713195291,17.820794476891358,6.098490476460821,10.325886,11.332848859813136
11,163,21.0,10.307015040522748,23.394350064951183,3.9710977557950233,20.761732,14.608548740677346
11,164,20.0,11.242582201761472,22.629652086402142,2.9239870137286452,12.259314,12.26388372131657
11,165,19.0,10.103677589593275,15.57653927312927,5.793710740545032,10.348641,10.455642249709106
11,166,18.0,9.909481310457197,16.146118616745774,5.973686882909192,12.649685,11.169742929029505
11,167,17.0,9.079384791403994,13.464386231380216,3.2393537940174912,7.790369,8.393373462653795
11,168,16.0,8.792655126863396,10.687740280433406,2.491066651465381,6.96114,7.233150553638605
11,169,15.0,10.307320994252336,16.208452618689194,5.809683539211781,14.144238,11.617423906034544
11,170,14.0,9.707112804728844,22.781229694384685,3.38277797366376,9.012034,11.220788722244006
11,171,13.0,10.871326705267704,16.17955911738088,5.005179141697852,11.113661,10.79243144418109
11,172,12.0,9.764048987114,17.3170660354817,6.184754990158883,10.406565,10.918108681319751
11,173,11.0,9.674834143762025,17.449021272474265,6.062600822298421,11.361634,11.137022623247569
11,174,10.0,9.00905081890233,13.892096610556587,4.113082662471253,8.44867,8.86572511979956
11,175,9.0,10.562849460469918,17.409873776214575,6.450893736175528,14.040439,12.11601390622465
11,176,8.0,13.53789796892726,22.638342670000547,5.132533492196325,7.199313,12.127021823720364
11,177,7.0,9.813553351184499,15.261809888363482,5.520868778085132,9.638651,10.058720727949538
11,178,6.0,9.522859153028445,14.880768253064568,5.030427226284701,8.701935,9.53399736170771
11,179,5.0,11.941882701920452,7.382573359951753,5.696566100018206,15.080912,10.025483449560738
11,180,4.0,9.285041009601288,14.005928706830932,4.089143204238582,7.7246556,8.776192137218787
11,181,3.0,9.407465205513876,13.948267337066497,4.446138698409763,7.9550014,8.939218148801917
11,182,2.0,9.250660184795732,13.171440682934612,4.131969792325705,8.045883,8.649988459691746
11,183,1.0,11.061461824075153,16.9678181138051,6.307372896308712,10.284664,11.155329247060426
11,184,2.0,10.86063163003963,5.094516227568906,7.0051583146509255,13.850552,9.202714444371018
11,185,1.0,9.273207949773742,11.401231175765169,2.593587982232677,7.7366457,7.751168201579738
11,186,2.0,9.333668325188574,14.862882520289062,4.899571332281862,9.279387,9.593877412954889
11,187,1.0,10.302184925039501,13.632078726410631,3.1779405791858704,9.005707,9.029477754436344
11,188,2.0,9.52121402451741,9.823900942754616,2.213004696920679,8.940295,7.624603720903522
11,189,1.0,9.427194400193697,14.734860562739026,4.222664021542196,8.790423,9.293785594431107
11,190,3.0,9.490818426071929,13.515126860984752,4.483326506978377,10.11258,9.400463023353126
11,191,2.0,10.06624352915437,13.331854059527453,3.3789738332004564,10.517186,9.323564396684558
11,192,1.0,10.129086139320176,12.64955095534919,2.6696850374535614,8.381703,8.457506377223236
11,193,17.0,10.568874531767255,9.888417841501685,4.232502345637789,9.756918,8.611678168099486
11,194,16.0,10.296754009645829,7.065472775447493,4.661476405309111,7.577207,7.400227569718222
11,195,15.0,10.455563433861903,0.2678130659885056,6.280497681756275,9.224695,6.55714234682379
11,196,14.0,9.355316398619339,1.032552213045875,6.550682483909112,8.821535,6.44002155151199
11,197,13.0,10.041805195146402,8.388970482949837,4.09130180647889,12.437707,8.739946107975447
11,198,12.0,10.511630546951288,5.062726812461925,6.414216259844201,10.253766,8.060584919783226
11,199,11.0,9.684833322012548,9.052754624478982,3.4661746964313167,10.798018,8.250445274607054
11,200,10.0,10.828397098021046,6.023489446960969,6.429031296089168,11.789902,8.767704893617406
11,201,9.0,9.652886234666193,10.505057260353567,2.85126870317559,9.482597,8.122952387317392
11,202,8.0,11.68319327626357,3.734785913941625,8.247577905618888,12.155553,8.955277489974698
11,203,7.0,10.201647544181142,7.200516693370236,3.7433302331341434,9.139014,7.5711271786912775
11,204,6.0,10.117772155878749,7.662268809748927,4.491079842334528,9.869446,8.035141652185864
11,205,5.0,10.688208018025378,2.717587831837104,7.395452981253987,10.895668,7.924229215225406
11,206,4.0,10.499471842641347,3.7082985997100444,7.440072139902075,10.604715,8.063139482385877
11,207,3.0,11.149701033263494,6.985159170862875,6.192974190740731,10.651286,8.74478013001255
11,208,2.0,9.563050688073606,5.005411717298781,6.382376545629883,14.612208,8.890761829349078
11,209,1.0,11.029135848276889,2.7813904085359233,6.475229558589691,9.122502,7.352064535591959
11,210,1.0,9.98941444834411,-4.289107252841472,4.8085516893414475,7.767138,4.568999222286767
11,211,2.0,10.34336051186808,5.542364983796936,7.45291171137469,11.508926,8.711890899660318
11,212,1.0,9.93359434246148,1.6286106820628277,6.760585960101763,10.7443075,7.2667746256578605
11,213,2.0,6.606941088030441,-2.438305591233089,2.92737719923244,5.169413,3.0663564464454973
11,214,1.0,9.946932198717397,-0.7630839620763439,7.345388980482044,10.650488,6.7949312792258425
11,215,1.0,6.074060630433723,-0.441077547658729,4.623572662623516,6.6754556,4.233002828904865
11,216,1.0,10.458922256758372,1.3494662836872884,6.313736343645967,10.184992,7.076779180159869
11,217,1.0,11.171078017581626,0.8367719500203528,7.8405776052428955,10.835377,7.670951078086707
13,1,8.0,9.56114567152887,16.140796614587963,5.921439971320307,6.5394835,9.540716451161959
13,2,7.0,9.063235115439017,14.869258157687698,4.692084218726569,8.329177,9.23843859865607
13,3,6.0,10.229647537347986,18.075807822006684,5.837830824316576,9.158605,10.825472701389614
13,4,5.0,9.161422075752494,10.822452348098924,2.641025848624693,8.372726,7.74940667822645
13,5,4.0,8.773228866354776,11.67157055911311,2.457931794457238,8.017483,7.7300534943733705
13,6,3.0,9.510524730598517,13.551510554772339,3.905836795878944,8.163177,8.782762154452463
13,7,2.0,10.937548211827389,16.89728328641197,6.031120777184961,10.342856,11.052202170647462
13,8,1.0,8.765178071646057,16.633628635346483,5.723544473072625,6.835183,9.489383580920222
13,9,1.0,10.285038296068613,9.20212391027766,3.865307473069823,10.274979,8.406862079277852
13,10,3.0,10.225638022835286,18.452398535734375,6.0404682111339305,13.20913,11.981908764218499
13,11,2.0,11.054964856670505,17.538757267902206,6.299559124277293,10.812473,11.426438636492286
13,12,1.0,9.698063370671543,17.72883240359532,4.36221191267529,7.73272,9.880456896291507
13,13,1.0,10.172082882289114,13.496681453000225,4.2243004078345106,9.355296,9.312090219518145
13,14,35.0,9.388252067290221,12.628813421682235,3.6843539938031586,6.6037936,8.076303275959711
13,15,34.0,12.483908556920026,14.282722332997979,6.045532982483259,14.035421,11.711896310965306
13,16,33.0,10.352001526495881,17.458041938513972,6.685472200906037,9.65688,11.038099011159758
13,17,32.0,10.59833137848495,18.074796339578157,7.016276786963097,10.73529,11.60617351967391
13,18,31.0,10.863916533257482,20.221854874852227,5.068914182709991,11.365107,11.879948043365324
13,19,30.0,9.268232354494739,15.184165619466805,4.903997656296093,10.065117,9.855378128145464
13,20,29.0,9.840879003658861,16.951097542133006,6.105086334234187,9.258487,10.538887406941939
13,21,28.0,9.3167466564582,12.968807509458037,2.7360850184782546,12.963043,9.49617059932128
13,22,27.0,10.234764023222944,14.146012341335016,4.463640866339066,12.590194,10.358652744842786
13,23,26.0,10.03586524143351,17.203507766678044,7.102374753126184,10.399877,11.1854060889453
13,24,25.0,9.629393251433742,12.91525756135678,3.7173633756369657,9.119691,8.845426270877013
13,25,24.0,11.42736060591842,22.481194984081164,5.421514990975609,2.2697353,10.399951479319725
13,26,23.0,9.790673302726509,16.67548353468008,5.672431394266697,8.1773615,10.078987430003892
13,27,22.0,9.169861335137371,12.812360298625109,3.3440766860237687,7.067951,8.098562380544706
13,28,21.0,9.565550455784484,14.655835827228936,5.209084849872291,9.512963,9.735858606967156
13,29,20.0,9.47634108672301,14.482266295165863,4.490514111863206,7.606629,9.013937597139497
13,30,19.0,10.741467150044462,15.652831314213586,4.952256708553312,9.100434,10.111747369023764
13,31,18.0,10.494430905246972,20.354745123428756,4.66922522179804,11.625382,11.785945918468663
13,32,17.0,10.311919309894447,16.393315154375994,5.9198729271007124,11.001034,10.906535293582534
13,33,16.0,9.583694437194735,16.473421484707295,5.901016962976945,9.78839,10.436630761121478
13,34,15.0,9.682894975235424,16.88057464883233,6.107917239115473,11.036812,10.927049672949128
13,35,14.0,11.51641207753112,17.617920929816293,6.333808089757863,9.551433,11.254893426665845
13,36,13.0,9.210470293567516,14.241262394234,4.20875079377914,8.789486,9.112492353244285
13,37,12.0,10.002185917627786,15.319851509164094,5.821359970826521,10.092732,10.309032456780699
13,38,11.0,9.33229308229849,10.86039097571739,2.7735134090525904,8.73213,7.924581879431912
13,39,10.0,9.742198238108035,16.72285206371191,5.940117435933908,11.449057,10.963556090780015
13,40,9.0,10.957123281141639,19.24073459836473,4.209900867407171,7.630721,10.509619959784416
13,41,8.0,10.201883469530296,18.22980049789284,6.755255928702222,11.024927,11.552966758851895
13,42,7.0,9.56588025865233,15.427758556792046,5.2153395744464675,11.105304,10.328570538558527
13,43,6.0,10.69544829999301,15.50802563216509,4.822529988942755,10.136059,10.290515682118475
13,44,5.0,11.539797159022285,11.05142410207485,3.36565984458076,12.320692,9.569393292013956
13,45,4.0,8.88202987563077,12.54809121591868,2.983548151564401,7.7030053,8.029168639246786
13,46,3.0,8.813672699727164,10.22198830479924,2.545754439531837,7.734835,7.329062647978977
13,47,2.0,10.785459446304143,23.574947377357944,2.379640780089714,10.941711,11.920439757383264
13,48,1.0,8.809147363058472,11.43939632347099,2.3384606469844673,7.3502197,7.484306015019108
13,49,2.0,9.777314401922128,8.54477665896825,3.6529279534998214,10.167566,8.035646328457169
13,50,1.0,9.2688532192259,8.220917616497633,4.2284483806402555,9.378056,7.774068697218389
13,51,14.0,9.77686609073275,17.9322636923819,5.178505932493488,11.624323,11.127989651710871
13,52,13.0,9.297923214269716,14.894680393501256,5.497758588399233,8.511793,9.55053883319172
13,53,12.0,9.620812664974821,21.149403594007325,4.563668238830855,9.223233,11.139279430193607
13,54,11.0,9.415664787278953,13.189332002951206,3.39105531093087,8.40701,8.6007655448978
13,55,10.0,10.943062130578376,17.02566181680605,6.6319291416186985,10.327039,11.231922963489184
13,56,9.0,10.087086512234807,19.93814111612212,5.263046417899606,11.4139,11.675543605405686
13,57,8.0,10.336964446612116,16.12543103003064,5.784241847763958,11.16457,10.85280179478576
13,58,7.0,10.199367541328895,15.005782908481965,4.729360134941459,10.849771,10.196070282677947
13,59,6.0,10.831511231232433,14.128131757793218,5.428373377588468,11.0292,10.354303991708463
13,60,5.0,10.465120187201203,18.840990415220666,5.644276650872724,11.723189,11.668394151809366
13,61,4.0,8.77784400896429,12.056984910185655,3.0671926736313075,8.714762,8.15419583169751
13,62,3.0,9.11303499601562,14.700270677839889,4.235092528756303,7.4079075,8.864076422143432
13,63,2.0,10.604118761415485,21.447725742475896,3.694486578129517,6.675183,10.60537847534684
13,64,1.0,9.962431498389357,17.110574349144112,6.031641568461504,11.499468,11.151028816431605
13,65,1.0,9.427925704642183,12.640728249623162,3.573049138693639,9.499178,8.78522025642456
13,66,7.0,9.926054229785096,16.247452145944365,6.359180123848949,11.253564,10.946562595124705
13,67,6.0,9.125989756478376,10.40547616724638,2.8702913483553196,9.812061,8.053454645473632
13,68,5.0,9.167250959123088,10.301466559384732,2.71466001924426,7.6534,7.459194370514375
13,69,4.0,9.427285000704728,11.460774041458112,2.4192687479967425,8.100801,7.852032314513773
13,70,3.0,9.294988994361571,12.559250759214867,2.4807944353152216,8.177789,8.128205730831922
13,71,2.0,10.125003296645517,10.335778246197467,2.9041392900088514,10.895626,8.565136725241768
13,72,1.0,8.870992463212016,11.746401814465155,2.8343308697827005,6.8738494,7.581393634849282
13,73,1.0,8.763673608316182,11.546756064938261,2.2965714944507702,6.3842134,7.247803653819004
13,74,1.0,9.75219213899491,13.890662132192618,3.3450802957094954,9.784724,9.193164700607923
13,75,2.0,8.892122092423243,10.321837236041112,2.9182193598063897,9.413206,7.886346197183653
13,76,1.0,9.607619190108824,11.693360951691869,3.0295865945886398,9.66396,8.498631798309368
13,77,1.0,9.337285780964782,10.577023984344919,3.3412013288482925,7.981863,7.809343529002145
13,78,1.0,9.072441660645952,7.180775480069872,6.212388729053107,8.715239,7.795211110233981
13,79,8.0,9.117018211110839,13.411084963599896,3.683801219595603,7.2721043,8.371002164403
13,80,7.0,11.093900661939413,10.005767274205489,3.4611020651523585,13.284621,9.46134781000144
13,81,6.0,13.296152543582883,7.996809284202055,3.635364374121556,16.32176,10.3125215948797
13,82,5.0,9.289128319763007,13.094556789669722,3.6301160993102553,7.563771,8.394392994942399
13,83,4.0,9.72984330180501,10.10891160060488,2.3928719359674133,8.550518,7.6955362185664935
13,84,3.0,11.226903949111161,16.535870754276804,5.874313854192781,10.879856,11.129236166799972
13,85,2.0,8.889740039834379,11.287765913812319,2.6472029851147365,6.769794,7.398625731508901
13,86,1.0,12.926426436405215,18.300925816009375,5.788618287529356,12.570096,12.396516638968532
13,87,1.0,11.827673443592898,4.409008590115274,8.31055399559476,15.270173,9.954352275529468
13,88,2.0,8.763636292583655,9.65997800239241,2.4594474919613702,6.611036,6.873524402689864
13,89,1.0,15.837269988240761,15.544877818719623,5.381725848187575,15.935047,13.174730201201541
13,90,1.0,10.093154076401223,7.565131839138491,3.767002203248431,12.215675,8.410240868198013
13,91,1.0,8.899565393846537,11.969111450047386,2.417068304723607,7.977733,7.8158695709602295
13,92,2.0,9.920767493126384,14.617232958323608,3.6214443363969107,9.844155,9.500900024857843
13,93,1.0,10.05831166536607,10.41839563778655,3.954485038660316,7.631422,8.015653596164903
13,94,1.0,8.727104946913759,9.912507407347206,2.4575714356723797,7.615277,7.178115150860107
13,95,1.0,10.590426950315338,6.438798182603122,6.533312712644451,8.697995,8.065133257853741
13,96,2.0,9.683390632660606,15.111673027746619,5.830421710425391,11.936307,10.640448081065697
13,97,1.0,10.285629832707272,8.113795991109093,4.068440775065158,10.569644,8.25937764329643
13,98,1.0,11.668538163050037,8.520604479716635,3.959069378068783,12.337211,9.121355669011965
13,99,2.0,12.576953478574746,15.83806136719338,4.44594547483416,12.54332,11.351070005687681
13,100,1.0,10.704428857165334,6.515780904532541,5.837001907674466,9.874328,8.232884832244817
13,101,1.0,11.803917621748644,2.074781388165075,8.781580271923108,11.119531,8.44495248990806
13,102,1.0,9.094525854174588,11.4640281780249,2.9575552435883434,8.065752,7.895465326301695
13,103,33.0,11.708898949848303,3.2162478984161815,7.376722361890846,13.724121,9.006497575976333
13,104,32.0,9.96298997697514,10.55656190703565,2.1552557317293743,11.7701845,8.611248033161726
13,105,31.0,8.773228866354776,12.061083022157526,2.8118664456388274,7.1340036,7.6950454933430805
13,106,30.0,11.04716544828527,2.3992744021358554,7.732028007801179,12.0132885,8.297939089036777
13,107,29.0,10.045276666045133,7.42685476645968,4.910824991482848,10.145466,8.132105568704436
13,108,28.0,10.194713653132203,0.411343755797585,6.968394569055008,9.481994,6.764111413304183
13,109,27.0,9.825863970044715,5.234295074665564,7.050560999081147,11.656197,8.441729159507426
13,110,26.0,9.237246770133675,6.94140614664342,5.636129005731007,8.276085,7.522716705602612
13,111,25.0,10.195203205927152,4.657868924550002,6.105368891600987,9.220747,7.544797004024174
13,112,24.0,11.139782927883477,5.100894030970679,7.509214048447878,11.490455,8.81008642026728
13,113,23.0,11.022513656468975,6.48084347693495,6.326563562633979,11.178792,8.7521781739637
13,114,22.0,10.096744463240292,7.569701617097767,5.160506545638972,11.5278635,8.588704032119868
13,115,21.0,11.6122474640804,4.699732906937552,7.407026831763372,11.586546,8.826388286748799
13,116,20.0,10.937758118121824,4.316743828653962,6.611015584076554,11.105281,8.242699601753003
13,117,19.0,10.76797278495658,2.3701521707897086,7.741811181010343,10.079497,7.7398583685244855
13,118,18.0,8.977953316498,12.241409756321826,3.026101177851075,6.701143,7.736651759651062
13,119,17.0,10.787528470525656,0.9759658642713802,8.415380607396116,10.092229,7.5677759579146215
13,120,16.0,11.101420090993525,8.417456442759782,5.475635813141494,11.448873,9.110846228279486
13,121,15.0,10.463072490995913,4.9825513787987425,6.027288281963239,9.778719,7.8129077750305385
13,122,14.0,10.422944425777994,4.779651526197256,7.755537026703516,11.061086,8.504804669916883
13,123,13.0,10.194398035151284,5.202171497031401,7.026614106689275,10.011527,8.108677675083591
13,124,12.0,10.64634586862304,2.999134768251942,7.289095314156404,9.670407,7.651245811564609
13,125,11.0,11.28913309751404,4.340759917052541,8.44372793534393,13.589669,9.41582254437765
13,126,10.0,11.142479646635502,0.5692680064521589,7.150764346826524,9.670491,7.133250804620269
13,127,9.0,12.169433641812875,5.81493227107438,7.902903845433115,15.441641,10.332227653050552
13,128,8.0,10.06851754824744,-0.8731715502903903,4.839265550122519,8.162911,5.549380740794916
13,129,7.0,11.32321601427259,2.2556095316297267,8.497476966314021,8.891771,7.742018457186164
13,130,6.0,5.315013165878561,-1.1882219131871707,4.833569569430377,5.65385,3.653552725176133
13,131,5.0,9.821382550061209,0.9132495188205638,6.599282095054914,9.363425,6.674334854689616
13,132,4.0,9.806032172586653,-1.0990432245172563,4.509229937638352,6.7273517,4.985892637801143
13,133,3.0,3.682959977725198,-3.782999461879431,1.7849225029846956,2.981367,1.1665625325091293
13,134,2.0,10.120355275116157,-1.6927842534001591,4.509138786410489,8.72903,5.4164348658957575
13,135,1.0,10.800320839832954,0.6434841046769044,6.761635206510579,9.444149,6.912397292088606
13,136,1.0,10.573901840716964,-0.745964872500771,5.418508425815057,9.20864,6.113771373150756
13,137,3.0,8.956050911595653,1.739921777782623,6.283926335761427,9.812124,6.698005819364759
13,138,2.0,6.685389966544651,0.11496853814021435,5.500173269481545,6.957726,4.814564443976478
13,139,1.0,5.735872782146471,-3.574435160970225,2.056734078649834,3.5611172,1.9448222180168226
19,1,2.0,9.6609192331025,13.074610378479688,4.543626165629217,9.632159,9.227828752576166
19,2,1.0,9.505035827318803,12.551909479656835,2.679988585388841,9.347016,8.520987556724542
19,3,1.0,10.540367311608948,13.416830359248664,5.2585896771596,13.520965,10.684187992628692
19,4,5.0,9.641550075723082,13.27894220184485,4.148817713308718,9.884412,9.238430450676315
19,5,4.0,8.891354506857233,13.615723905836381,3.4510279000821438,9.552439,8.877636262184419
19,6,3.0,10.355722476351641,15.622160819910416,5.580980924172108,10.876408,10.608817960931296
19,7,2.0,9.546609988431074,12.046152629940925,3.180582632192145,10.125608,8.724738423694504
19,8,1.0,9.09318250109275,10.966895964631831,2.407623377176474,7.218149,7.4214627570204295
19,9,1.0,8.745785359421536,10.164425783114986,2.131207188045643,9.672016,7.678358618595248
19,10,1.0,9.37606492055978,14.958829584742093,4.855247799336844,10.471239,9.915345348651135
19,11,2.0,9.247669704875985,11.702941201424505,1.8927700360248814,8.442329,7.821427587265913
19,12,1.0,9.938641556517242,3.3686764601533774,6.211552703471275,10.218507,7.434344383297803
19,13,1.0,9.527170749495577,15.475863126191241,5.591181765218694,8.992915,9.896782698602232
19,14,2.0,9.487223986964487,10.919974705089,2.5646558302865134,7.775708,7.6868906802218415
19,15,1.0,10.013787069819472,7.740223617320918,4.935266469714843,10.762822,8.363024827009829
19,16,3.0,9.32754687424162,16.77845881443229,5.622322846743209,10.10707,10.458849626148591
19,17,2.0,9.699101860619106,15.445550953354195,6.554803808187293,9.308071,10.251881939658801
19,18,1.0,9.961465031879602,10.82430927610105,4.320510385886408,7.9891753,8.273865003384673
19,19,1.0,10.518805853041458,8.211089484030737,4.944132563608186,11.482147,8.789043779369313
19,20,3.0,11.213703078646418,8.22842051818818,4.97787729930111,11.02006,8.860015120426748
19,21,2.0,9.527452899536716,16.349102717169202,5.799529509340047,8.830207,10.12657299926967
19,22,1.0,10.670976819259629,21.604348411382144,3.7452271040467426,12.638225,12.164694234108529
19,23,1.0,10.24725985827401,14.684897242550145,4.651375020227944,12.564146,10.536919540730555
19,24,6.0,9.397904766722203,8.534861352263409,3.583399393932048,8.001579,7.379436199396407
19,25,5.0,9.391438458111503,13.173759963206665,3.834971112130555,10.664412,9.266145269562132
19,26,4.0,11.388518633652609,15.72053034103755,5.386805955107633,10.888049,10.845976013867295
19,27,3.0,8.980666229621114,11.964913903657692,2.6260110356192445,6.961014,7.633151240710841
19,28,2.0,10.253791526212709,19.624674406825747,4.786915391479145,10.3094225,11.243700954374638
19,29,1.0,9.104685718032192,16.13197113342077,3.6820152994421225,9.733219,9.6629728244059
19,30,9.0,11.081326667029579,8.718205934820542,5.1415178622359985,11.073307,9.003589375359908
19,31,8.0,9.097783433995332,10.79565511686246,2.8881397478463544,6.7368255,7.379600941215038
19,32,7.0,11.220722047966822,5.82576529294526,7.465097085432953,13.765058,9.569160497531692
19,33,6.0,10.671230851410298,5.153848953892425,7.517415232425112,10.705856,8.512087840242506
19,34,5.0,9.365650180680412,8.73094559770652,3.5281272389965075,8.10567,7.43259824816605
19,35,4.0,10.714821908570105,12.415434615948122,4.079551103301064,11.39599,9.651449499880847
19,36,3.0,9.678125990488532,10.034802956262286,3.006465854786544,8.752857,7.868063002447329
19,37,2.0,9.800273541836214,8.536456540335255,3.970491373080968,10.354113,8.165333520093627
19,38,1.0,9.657696649326253,13.13725549504486,3.0644491901539546,10.098024,8.9893564257028
19,39,4.0,11.187505805575645,11.198505388287263,3.257077058945759,11.51416,9.289312102264667
19,40,3.0,8.97173294682665,12.466905779173926,2.9673523407749407,6.4867277,7.723179695328523
19,41,2.0,8.727104946913759,9.64613657803627,2.5499831937884974,7.784206,7.176857658070556
19,42,1.0,9.418712148545485,14.182986177290507,4.496854902196311,8.552819,9.162843120011615
19,43,1.0,9.286642122851966,11.425742422036205,2.647626920713755,8.039462,7.849868388785125
19,44,1.0,10.308649391077893,12.256103687723872,4.984724091393492,6.0713186,8.405198949149767
19,45,6.0,10.948929445659346,14.5933208020298,5.130561050008117,12.572869,10.811420149634888
19,46,5.0,11.541593486198133,6.569320403006703,6.5972536529114265,12.551306,9.314868328247572
19,47,4.0,8.873689937065352,11.783979973808297,2.4389000232877613,6.719475,7.45401118166047
19,48,3.0,10.160590716192585,9.236814444784603,4.420590621520528,8.443416,8.065352856070596
19,49,2.0,11.210815288944387,6.326199913746109,6.781564456107005,12.520132,9.20967793090421
19,50,1.0,10.419737557910263,9.601888297469444,3.9450659046990886,9.547862,8.378638453249069
19,51,1.0,9.805276279255654,13.590789568838865,3.93755846626944,9.479534,9.20328961588347
19,52,4.0,9.565513570504965,14.634290807940577,5.642425244945947,9.252509,9.773684685129489
19,53,3.0,10.121763142592668,7.35384187362547,4.499279456537149,11.465921,8.360201468683208
19,54,2.0,11.30040696545344,8.158605450766128,4.715343667891048,11.346965,8.880330230057805
19,55,1.0,10.655970538808878,7.3002314265629025,4.556102580566062,10.499024,8.25283223427804
19,56,1.0,10.485363278825622,8.502044829084003,4.198024032751526,11.093606,8.569759533959843
19,57,7.0,8.953841588385515,9.45503919459205,2.9295370010179482,8.448684,7.446775380676002
19,58,6.0,10.808312835145799,6.59985288311071,6.767809286104997,12.145579,9.080388585608809
19,59,5.0,8.766867027653747,10.463812345813885,2.7022192828600247,7.6371922,7.392522726406438
19,60,4.0,11.452215346075773,4.817203152624614,8.83392512559282,12.9031515,9.501623784109801
19,61,3.0,11.684493525489746,6.521116700113335,6.887773698155794,12.478316,9.392925057706687
19,62,2.0,11.086780357956023,6.755995311875761,4.573941445877393,9.919938,8.084163800793139
19,63,1.0,9.716303513111697,11.818335372062812,2.152786768673,7.9352956,7.905680308916284
19,64,1.0,8.967793909435734,10.019402341851606,2.707479675720897,6.3742085,7.017221094331405
19,65,3.0,9.696774888822357,11.3623941409632,2.9311508505777812,9.180584,8.29272595855519
19,66,2.0,9.127666851437867,6.406974008982118,5.55612305027849,9.54426,7.658755983930723
19,67,1.0,10.13387634675462,7.398071145920287,6.213158641345487,9.197853,8.235739805599826
19,68,1.0,9.084028302333529,11.041136544385818,2.393860910550952,10.942644,8.365417469133249
19,69,1.0,9.677700040042815,11.712700455886218,1.9874967410266748,8.113929,7.872956507954137
19,70,1.0,9.00844126178056,10.463800239080808,2.8304063000656594,9.055173,7.839455180288519
19,71,41.0,9.759465412517438,3.790955122494754,7.309440537442836,12.366406,8.306566878297474
19,72,40.0,10.254534361475889,5.591125308002251,6.294683476488872,9.855673,7.999003995567681
19,73,39.0,12.423802560469394,5.371356151840011,6.522755958940287,14.447617,9.691382812099533
19,74,38.0,10.434905916928724,6.464068244033033,6.220411108360517,9.808887,8.232067949334352
19,75,37.0,9.798910310753882,6.71581609053052,4.8099582061562,9.577466,7.725537654621991
19,76,36.0,8.82597845312594,7.641071412219571,4.323082536153928,8.602486,7.348154514559429
19,77,35.0,11.859655026965049,4.95572571464243,8.237650092082891,12.687623,9.435163464419297
19,78,34.0,9.752007809429687,9.376441387214872,3.3813549702554475,9.768519,8.069580892112576
19,79,33.0,10.88127507251083,14.962455975978301,6.097811065050639,11.773162,10.928676000415582
19,80,32.0,11.079993098606947,5.875567337715594,6.775674148958732,12.6046095,9.083961018680547
19,81,31.0,8.898744878097515,2.3765314445814276,10.764591634934025,9.514757,7.88865627849626
19,82,30.0,9.385086785356654,12.042260134894406,2.505693979054069,8.068162,8.000300715930408
19,83,29.0,10.217957485309363,8.859245179239391,3.6862819914044795,12.203101,8.741646453523831
19,84,28.0,11.972358415630062,5.594270030814272,7.81324354350788,14.276957,9.914207137044938
19,85,27.0,4.680318303556822,-0.9371150345217885,5.964408059464155,12.597561,5.5762930527668875
19,86,26.0,8.871609817415143,7.770371380350046,4.3672033090132665,8.5951,7.401071227402622
19,87,25.0,9.180023103513708,10.75633832203416,3.036954199725601,8.674645,7.911990262290658
19,88,24.0,11.352374379481953,5.850251930837768,7.012077237419629,12.294403,9.127276655977806
19,89,23.0,8.395644379498725,1.089547756518371,5.303308024250471,10.106451,6.223737798703366
19,90,22.0,9.517238947895581,7.558082243430821,5.260561012770168,9.661587,7.999367241392795
19,91,21.0,7.765179773357637,1.3388951886860454,7.878577006016229,10.621735,6.901096646800134
19,92,20.0,10.12384810107416,6.7558840594161325,6.57354177978457,11.162107,8.653845351981557
19,93,19.0,11.58386508775657,4.974222344415065,7.734702376005934,11.599989,8.973194686388874
19,94,18.0,10.09173882004117,-0.00807707913945066,5.589380554626768,8.145928,5.954742669600506
19,95,17.0,10.799175264245724,1.6501247781792046,7.986644867086679,11.007939,7.860971062048923
19,96,16.0,7.259297277322894,0.9618419308553499,6.82146491730415,8.668632,5.9278089197830734
19,97,15.0,7.934714524096311,0.8231768518310005,8.790533026795352,7.594702,6.285781542422609
19,98,14.0,10.896431620093827,5.478453509013569,5.9807583017631885,11.347662,8.425826350729121
19,99,13.0,9.730162469107789,5.313657304710837,6.830821368504929,10.884653,8.189823558438555
19,100,12.0,9.340559595313032,0.7999496034132214,7.610226096329325,8.839085,6.647454980074929
19,101,11.0,10.273613328742819,-0.20461988195850367,6.039109129998112,9.92565,6.508438054931691
19,102,10.0,11.481832657016833,0.811377176900276,8.067472663610646,13.177061,8.384435894615093
19,103,9.0,11.646126188187065,8.307914088061494,5.754653771560381,12.88739,9.649021046131923
19,104,8.0,10.904017878169329,1.2931186005620248,7.6135052909767085,10.073876,7.471129537657118
19,105,7.0,8.983289711637472,-0.15085089958485298,6.666162891234954,9.710838,6.302360005289667
19,106,6.0,9.680089945283465,0.9088355603765095,6.454728494792484,10.1181135,6.790441879553422
19,107,5.0,10.48843600369449,1.475361937727346,7.046886516424729,9.846413,7.214274279134493
19,108,4.0,11.168259655493346,5.155228793717278,8.530655978917252,9.676809,8.63273843476024
19,109,3.0,10.463554008654132,3.914020677823352,8.994856148493923,10.9808235,8.588313587954278
19,110,2.0,10.081497187910223,-1.2610889218975707,5.204162691721455,8.758855,5.6958564559404845
19,111,1.0,6.818491607117746,-3.1519740493422255,2.5761944758947095,6.147206,3.097479465822648
19,112,1.0,5.7485679530444225,-0.7652016352478164,5.216776749813377,7.586598,4.446685246768523
19,113,1.0,10.430360953311867,5.2008447017824615,9.13128145028675,8.773289,8.38394395804693
19,114,1.0,2.7757129712185464,-5.25317667276661,1.0975766210044267,4.2464986,0.7166528760509193
19,115,3.0,10.486351435497419,0.035659162677664114,5.976548321571258,8.624298,6.280714253862366
19,116,2.0,11.542280564556615,3.031238222962237,8.741965816166982,11.728323,8.76095189661848
19,117,1.0,10.748336174616052,7.373497315809161,5.467093264021562,12.650294,9.059805264585204
19,118,2.0,9.600256322878078,-1.8234712129748232,3.9742273701493414,7.4663415,4.804338493891628
19,119,1.0,10.649529483634604,0.17954017390160715,6.864847263812427,8.865925,6.639960439138429
19,120,1.0,4.898504650298458,-4.080052378212525,2.672521765235082,4.9441066,2.10877015403698
19,121,6.0,4.714170953553943,-3.7872941058831486,2.246810811760339,4.0998864,1.8183935192050122
19,122,5.0,5.304684708045196,-6.918267304966211,1.1379493808338754,2.874765,0.5997829257984666
19,123,4.0,2.8763425741847435,-3.266640392976459,1.1947635520146775,4.4002695,1.3011838103961946
19,124,3.0,4.329804894021533,-4.373378334823958,0.9197611722845362,3.200356,1.0191359345261064
19,125,2.0,3.367356612872377,-9.681550043409676,1.540443967053987,1.1815089,-0.8980601411870663
19,126,1.0,4.760619840944016,-1.4581218054552068,3.852561984975555,5.775324,3.232595972065554
19,127,1.0,3.3510171214916227,-7.492257739846959,1.7271789217244908,1.9535893,-0.11511809411201135
23,1,18.0,9.659170885907498,18.147327734785563,4.1052958883892785,14.673603,11.646349391735917
23,2,17.0,9.971262976254742,14.626983658044898,4.450454136223623,11.104184,10.038221230304767
23,3,16.0,9.001985649328603,10.730211511412726,2.4437578832010995,7.8662963,7.510562833823437
23,4,15.0,10.960167744178994,12.640305237957529,6.541620326257371,12.154075,10.574041994319543
23,5,14.0,10.18236351509065,15.50994820324398,4.751667384027748,7.9818106,9.60644741803139
23,6,13.0,9.683897372903733,16.145064160594764,5.678404116301319,11.388189,10.723888741398929
23,7,12.0,10.432019131183072,16.752969016343688,5.777271915551921,13.792252,11.688627912498186
23,8,11.0,9.699527071182853,17.510961396849567,6.759392855114101,10.335449,11.076332635474131
23,9,10.0,9.524025962316422,17.077842830922343,5.483058822155746,10.627734,10.678165449914912
23,10,9.0,10.26227861376388,16.124061604498436,5.801650930569794,11.170929,10.839730025977559
23,11,8.0,12.03313890340389,19.27144597248723,5.498811817691632,17.239069,13.510616419642025
23,12,7.0,9.805001294753149,15.996762980170457,5.374172682279026,10.311752,10.371922319134642
23,13,6.0,9.180215590844659,16.209648014021802,4.857918987214003,8.003304,9.562771529978125
23,14,5.0,10.205729107006604,20.19442550002082,5.002912276171244,10.664166,11.51680833342479
23,15,4.0,9.634621472401564,15.59032620705395,5.129857901489572,11.898075,10.563220171176212
23,16,3.0,10.963493766007447,19.880394155062987,6.669545847092097,10.791453,12.07622178241844
23,17,2.0,9.974808547091321,18.71793652471089,5.634313994384533,9.486868,10.953481742712457
23,18,1.0,9.936350002440625,15.303099845365324,5.597983891759236,10.896947,10.43359516165216
23,19,1.0,8.86611352374211,8.571873371655734,3.61105728423086,7.2348948,7.070984733032786
23,20,19.0,10.061235717278347,10.905303558869434,2.8175879255302743,10.473204,8.564332715183918
23,21,18.0,9.557450873180148,13.711572432157688,3.833945589906728,11.042153,9.53628056342601
23,22,17.0,9.586622260948443,9.389589543844728,3.0448103856564472,10.399709,8.105182734578348
23,23,16.0,9.483775067657604,16.702126332168895,5.889694347204575,9.705011,10.445151778707231
23,24,15.0,11.636509938682911,22.17302355565384,4.642057958684084,9.2274065,11.919749488697715
23,25,14.0,9.156694814069555,10.382307642792458,2.3614211268842507,9.04417,7.736148490846235
23,26,13.0,9.733480632677296,15.33299286151836,5.51449369286985,9.333705,9.9786680338727
23,27,12.0,10.143051265367388,19.409990809356334,6.174926725948858,12.981887,12.177463916095268
23,28,11.0,10.135334527469897,23.216192452729217,3.081291583440292,10.363235,11.699013509318053
23,29,10.0,9.61861331263059,15.688541430307916,5.414999077979662,8.688619,9.852693120222828
23,30,9.0,9.905228880157164,17.957066423330595,6.536339558784013,10.969482,11.342029321036692
23,31,8.0,9.803365225473776,13.89941611192689,3.3518269559103437,13.069754,10.031090485040398
23,32,7.0,10.109648218710696,20.58869224210902,4.424111508151249,9.462226,11.146169470743107
23,33,6.0,9.442948874502761,12.326388028148557,2.7480194185478357,5.605504,7.530715089287215
23,34,5.0,10.769940476537457,19.86422983857473,4.795196043972002,10.59071,11.50501901134087
23,35,4.0,11.56359905230411,14.688876633600575,4.941828070404906,12.228105,10.855602086919806
23,36,3.0,10.257797236423908,12.916377126300649,3.629902410991713,9.503177,9.076813365716054
23,37,2.0,9.390182761376053,12.422491963690256,3.3557054387205714,10.213072,8.845362996726749
23,38,1.0,10.27312924386969,18.349662721061115,5.843436042384017,11.898427,11.591163754224336
23,39,1.0,10.305583630928913,8.456694087934729,3.003234631025256,7.2127976,7.244577497910763
23,40,15.0,9.871164161471889,14.86299290306005,4.441962558735451,10.051164,9.806820824167067
23,41,14.0,9.776697507097133,10.503453138548572,2.2256251023036597,9.365318,7.967773511572302
23,42,13.0,9.113236653879785,15.809924679288187,5.40045416883374,6.427019,9.187658655316103
23,43,12.0,9.081621529513498,12.673579666560657,2.8378814687473373,7.1862717,7.94483858307549
23,44,11.0,10.48820312447857,8.653727443215121,4.0993105607607365,9.204342,8.11139575422054
23,45,10.0,9.536350248916273,18.411385880535093,6.39498614999626,17.488167,12.957722272132415
23,46,9.0,11.031353713966668,19.263449492812256,5.459217231433959,13.94978,12.425950225596312
23,47,8.0,10.323576844306313,14.393658555516067,4.3466487081082406,10.786496,9.962595067586292
23,48,7.0,10.994908833008532,18.18298059196575,5.906514827033366,11.644656,11.682265108335773
23,49,6.0,9.85458568836014,14.144213645749646,5.790594534275657,9.553789,9.835795751794848
23,50,5.0,9.672487734385292,12.386389996883315,1.9530674076038377,3.9237754,6.983930143341617
23,51,4.0,9.299142456822317,11.286825431035698,3.0509988251663245,8.203547,7.960128309268048
23,52,3.0,8.942353418253928,10.783361691306819,3.1948928417542035,8.957486,7.969523525990969
23,53,2.0,10.806388725437616,17.154409819246055,6.207920918461134,11.092406,11.315281434008247
23,54,1.0,10.12609739758261,18.790626601338477,5.814152878280513,8.855306,10.896545637223372
23,55,1.0,9.764829376133525,6.6342154309213655,5.7080770511664145,9.959267,8.01659713020474
23,56,8.0,9.635828159554087,10.038623900242523,2.5254087423198683,8.29023,7.62252264986994
23,57,7.0,9.036868872177465,13.514309360470778,3.619193408363719,9.100321,8.817673114263
23,58,6.0,9.12718793606387,18.89600608888039,5.324115741436403,2.8502676,9.04939435376939
23,59,5.0,9.796851484686249,15.412591398931902,5.344667172803124,9.275633,9.957435728674412
23,60,4.0,9.554724432087111,12.836708216245192,3.3552517239273367,10.018394,8.941269710618622
23,61,3.0,9.556871213429826,11.907404592230133,4.155496383354794,9.956086,8.893964586941799
23,62,2.0,10.535751702040903,13.872877084359585,3.0796212873399824,10.793887,9.570534303026793
23,63,1.0,8.910966353632224,12.245589743979064,2.8019795782416352,6.973128,7.732915879450596
23,64,1.0,9.221848782211296,8.455004197075429,3.0084150016255613,8.183866,7.2172833820231155
23,65,5.0,9.982366193715915,15.068886293734144,5.4385584976015835,10.556456,10.261566649308564
23,66,4.0,10.216993589842522,10.579665588065037,3.2860149746313514,9.957689,8.510090859454307
23,67,3.0,10.088943242364104,6.579806753931862,7.026434902093239,11.855637,8.887705373767222
23,68,2.0,9.62066862472097,10.868919562316172,2.4854418314926825,8.125611,7.77516033094166
23,69,1.0,9.332315678505092,13.415995826475132,3.8766417619770586,8.23133,8.714070796216248
23,70,1.0,10.51754759949839,12.213221148727802,3.2497179152979196,11.401718,9.345551200793137
23,71,1.0,13.952127376694362,11.461188594797356,3.2120143580779565,13.471265,10.52414879218551
23,72,2.0,10.573655268124638,7.301002197071906,5.10607423442837,10.201728,8.295614891687844
23,73,1.0,9.535678074306885,15.932780628899133,5.411870817364823,9.67431,10.138659812775156
23,74,2.0,10.648366668446602,11.464489903283404,2.963898318643432,10.905762,8.99562915228086
23,75,1.0,9.289829509892401,15.076234396981402,4.7027701982858865,9.677933,9.686691711104377
23,76,2.0,10.14446830604927,14.563662915451577,4.708865384807867,10.973581,10.097644480098907
23,77,1.0,10.36195970752705,6.121307080246918,6.963956321352656,8.863832,8.077763895720377
23,78,3.0,10.4096810984339,14.17081502976843,3.2035801930342274,12.0228195,9.95172396006988
23,79,2.0,10.08885130476403,12.613736504253634,4.3336519825030955,8.54947,8.896427434833925
23,80,1.0,9.464887901937043,13.779228052146838,3.2257625325511654,7.8717403,8.585404706955392
23,81,2.0,9.736199211622163,7.52365808712462,5.192763026478799,8.967693,7.855078413520751
23,82,1.0,9.45605874460547,6.739634053155658,5.206943247120394,9.1144285,7.629266141271039
23,83,2.0,10.25504015917334,9.593191194380257,3.7256791509666574,10.126176,8.425021596238096
23,84,1.0,10.070939678682869,11.559467218895467,3.0004658727712084,9.568958,8.549957763205061
23,85,4.0,11.502035226942471,5.243416562954579,7.291631202603057,12.422756,9.114959796892116
23,86,3.0,10.475300383739699,14.527808209706107,4.412339243538401,10.424916,9.960091026094807
23,87,2.0,9.363297564691198,14.283023298916383,3.8201815103611363,7.382972,8.712368534394889
23,88,1.0,9.92959445232325,5.7624559542886225,6.379876837230194,8.88789,7.739954276475654
23,89,1.0,10.54433152002212,9.213635259454147,4.740830794041798,8.678436,8.294308463203734
23,90,3.0,8.847590466868361,9.38699799985103,2.951884805962063,7.353557,7.135007595628554
23,91,2.0,9.913628108129958,8.637443439260892,3.474580068503238,9.903519,7.982292573162974
23,92,1.0,10.907488935847875,7.979616859604938,4.990033534446274,11.781951,8.914772570130411
23,93,2.0,9.23196008067904,12.240028986720391,3.0524615291908432,8.393102,8.229388072197494
23,94,1.0,8.867317426050318,12.28212726391839,3.010041124072659,8.451987,8.152868270145474
23,95,2.0,11.073429272355467,6.037756314986542,6.38895309681752,11.723727,8.805966477604212
23,96,1.0,12.207245985648319,6.243924443491725,7.541393003633701,13.362438,9.83875040866951
23,97,1.0,9.088660561900214,12.662778994300684,2.785405900435361,8.236674,8.193379941353278
23,98,31.0,10.931679918026857,4.374914984698371,8.811028899579462,11.94791,9.016383527785646
23,99,30.0,10.368587141941672,8.128233867086479,4.568661105064319,10.558315,8.405949347798021
23,100,29.0,9.893299242301735,7.89339757565936,5.629176273263663,11.9166155,8.833122144342443
23,101,28.0,11.15558931795581,5.7254130117254185,7.974856140614072,13.390159,9.561504280888645
23,102,27.0,10.589318757937376,1.4073732733253337,7.527095639072425,11.859271,7.845764679958662
23,103,26.0,9.586102228717829,6.252670123683469,5.735517561922427,10.927933,8.125555663395385
23,104,25.0,10.739465666960632,2.8628076729414182,7.470766572255634,10.849239,7.980569815380729
23,105,24.0,9.99402877671352,14.801079381859706,3.3303648102028482,6.5302744,8.6639368399876
23,106,23.0,8.934242297400678,11.966679582390753,2.9062033022633145,7.6985593,7.876421116566238
23,107,22.0,10.090737859792426,7.362796703321589,3.4133491129193185,8.588484,7.363841871614534
23,108,21.0,9.462447399526319,9.966785994402894,2.578844840008424,6.769482,7.194390092427586
23,109,20.0,9.227391122287,12.190540507581595,2.3634565452150227,7.8134527,7.8987102239314275
23,110,19.0,9.280776005649725,7.663002916620268,4.588100966140171,10.185775,7.929413672892946
23,111,18.0,10.849571882231409,0.48349781087624777,7.056694151800362,8.7493305,6.784773591384475
23,112,17.0,10.197424276874314,6.438991521997867,6.714124469510482,11.932468,8.820752170672325
23,113,16.0,11.946813972668705,3.388116269084282,9.232558472983772,12.337743,9.22630788005443
23,114,15.0,5.217101435644727,-2.775118730568792,3.821613292278199,6.3872547,3.1627126780799886
23,115,14.0,10.573999117654198,1.8053890456945716,8.097240008019435,11.330388,7.951754060130259
23,116,13.0,10.392871404811006,4.720809283918459,6.621060910826257,10.478042,8.053195812105116
23,117,12.0,10.59688907484661,0.4628627353051442,6.831531530440364,9.488976,6.845064716373615
23,118,11.0,9.731617336545668,2.2999705897950413,8.569273576202743,11.335375,7.984059083674193
23,119,10.0,9.699076430216532,7.759709613235767,4.109483467661004,8.655646,7.555978958817755
23,120,9.0,10.330278719438239,2.347022720940334,5.710863907079581,10.378934,7.191774813503333
23,121,8.0,9.336771516921287,3.519077469605115,8.523144105225306,6.11192,6.87272824291626
23,122,7.0,7.77484754793848,2.962805906270283,6.012362382589165,9.209894,6.489977504273945
23,123,6.0,6.79442112401616,-0.3800579347409361,5.90665052708497,7.6107984,4.982953018819358
23,124,5.0,10.55299164915329,1.6063873740775172,6.928365205784432,10.331893,7.35490929905984
23,125,4.0,10.896946017751313,1.3808896818856624,7.648411712013983,9.99423,7.480119420509175
23,126,3.0,7.69441822473558,-1.8822516355086663,4.278941412520574,5.753531,3.9611597452259955
23,127,2.0,11.922759348772052,4.387122221755252,8.735306222474506,13.065994,9.52779551392428
23,128,1.0,11.118792926515653,2.1215905183784436,8.110344098810899,8.967014,7.579435464112284
23,129,4.0,2.8696869228094686,-3.253867354289543,1.0013380559408809,2.9818275,0.8997462804857765
23,130,3.0,9.343042561622129,0.27581914479614866,5.835068916202122,9.849505,6.325859011779977
23,131,2.0,3.923588517909498,-6.2434031925144104,1.2683958730623353,3.2927039,0.5603212663540103
23,132,1.0,10.282372348387144,-0.8894058573731485,6.367219704357954,9.1251545,6.221335172652802
23,133,2.0,2.893904697660351,-3.92810764906125,1.022388554210405,1.8361821,0.45609193006791604
23,134,1.0,12.130774296911955,3.05341042682776,9.266585009544103,13.437585,9.472088652574495
23,135,2.0,10.520535161744403,-0.2220087856785078,6.823965969974252,8.1209345,6.310856708107327
23,136,1.0,3.004897854784341,-6.667673468770307,1.1594728655306774,3.2397447,0.1841104786958092
23,137,1.0,5.085373180262098,-1.7540085183549472,4.628939562035107,8.703093,4.165849199753875
23,138,2.0,3.516942203098233,-3.8299334570084618,1.9973595762037757,5.5979447,1.820578264693565
23,139,1.0,3.507052855824437,-5.647891994324969,1.3156106279382183,3.3229764,0.6244369600554971
23,140,1.0,10.15196645900272,-1.2462543908459374,6.330224842912521,9.098279,6.083553977599479
31,1,110.0,50.81081974649168,31.459051647225472,46.38894150707827,49.141563,44.45009407908069
31,2,109.0,40.197287379791234,28.996001769613432,27.891948104563475,42.16471,34.81248706312582
31,3,108.0,73.2785306504738,34.19873625306084,71.33589501893776,79.905106,64.67956687832317
31,4,107.0,69.70039370964417,34.399013464646444,69.6609989699807,68.90965,60.66751471355806
31,5,106.0,61.013753107886984,33.618823298393025,56.76642147111003,63.530613,53.73240270573667
31,6,105.0,13.03556109822289,26.125442515822048,8.815037414923854,17.636417,16.403114604471202
31,7,104.0,19.300833569601696,27.559814415070143,12.613756154452876,19.667027,19.785357664725026
31,8,103.0,44.576772775130486,32.77824112629829,51.394642570489495,46.604843,43.83862490289168
31,9,102.0,26.66994543717273,28.188487609543653,14.642543725699046,19.715195,22.304042868640966
31,10,101.0,38.7617450908983,31.666695651424497,44.810386778346164,32.887993,37.03170509488892
31,11,100.0,45.535700046621976,30.850562404074058,37.65333341686735,48.36664,40.60155851278928
31,12,99.0,41.00017274857844,31.368990972352776,43.691396217357806,42.340347,39.600226807082024
31,13,98.0,62.54820782581707,32.75122244677047,55.02036976678071,68.08421,54.60100332405105
31,14,97.0,40.03431978191507,33.255440037521346,51.272565783082214,68.47581,48.25953319811501
31,15,96.0,64.4278471461961,31.54281177346192,47.39585735950987,80.5308,55.974329036222635
31,16,95.0,67.1718424622824,35.65069510252192,68.78256538433439,60.28562,57.97268114805128
31,17,94.0,57.456608480400035,32.98539217418525,53.62969502944201,57.62294,50.42365893687597
31,18,93.0,89.93745203625393,39.5525693034016,85.1252304335949,87.845375,75.61515670857139
31,19,92.0,18.031658399909166,26.485749790675847,8.511460904740964,15.575812,17.151170358777172
31,20,91.0,36.92927085939034,29.690504887127975,26.73586949719794,34.74104,32.024171129959825
31,21,90.0,19.962558436541116,27.542229590188455,11.506979216921287,25.764997,21.194191181487668
31,22,89.0,40.43398425943484,28.533103267896642,21.576134029060306,47.404686,34.48697688262822
31,23,88.0,11.500029447131219,25.562958737097716,8.340776589483182,9.321109,13.68121839794158
31,24,87.0,70.26284799299552,37.52346577433478,75.56818223887265,79.9545,65.82724857430465
31,25,86.0,15.986584823680225,27.793142708580454,16.748166876390982,5.218421,16.436578847753125
31,26,85.0,52.62446507587086,31.190990226101597,46.29161600495549,54.518627,46.156424618419
31,27,84.0,46.48892832197089,31.743680763062862,46.24386955429006,44.16033,42.159202591349505
31,28,83.0,43.981758253126465,30.24985347718866,31.526225082779295,49.067875,38.706427930385416
31,29,82.0,44.31900071466788,29.719513166579425,35.27098531581906,31.782051,35.27288757087304
31,30,81.0,9.082403927071812,24.4772849296244,2.9537991274134843,6.6851287,10.799654168230488
31,31,80.0,53.204987069255736,31.975940695657762,51.78255943980278,52.960697,47.481046094697135
31,32,79.0,20.845186440042,27.89704760082457,18.157885993927817,23.983353,22.7208681739818
31,33,78.0,55.16009242141207,32.225517310169636,48.080764748506994,66.54042,50.50169875307881
31,34,77.0,47.0944459044797,31.751773297800987,43.778994743475266,59.679066,45.57606991252541
31,35,76.0,20.762945282655277,26.048835809964125,10.723923284996856,18.263674,18.949844539991222
31,36,75.0,14.61573611237948,27.07982690868836,13.7178786186347,8.467846,15.970321889112647
31,37,74.0,62.92083394731217,35.75575918572666,65.2074656795384,60.640144,56.13105079018044
31,38,73.0,58.83505927901142,35.17119164019715,67.37777782994038,63.97806,56.34052260629359
31,39,72.0,40.48088278078854,30.8590998257081,40.52491818084718,31.35876,35.805915405271016
31,40,71.0,27.786631067254724,29.91209231429221,33.30772153885955,14.975064,26.495377299513855
31,41,70.0,65.5026861720753,33.09683533400876,56.490964923449205,48.92687,51.00433871706349
31,42,69.0,23.99407871787786,28.078921898834302,15.486401318795057,23.887987,22.86184726808701
31,43,68.0,62.741698475067615,35.90950622232319,63.939876942861126,67.963425,57.63862658071728
31,44,67.0,53.50290278097918,32.67855955110599,53.67454577820693,50.883755,47.684940710129176
31,45,66.0,42.847818060167285,32.15957892377861,41.76563605047258,34.81609,37.89728066613635
31,46,65.0,40.36102746644405,30.45362482775711,39.90690776123517,38.253414,37.243743552372266
31,47,64.0,57.13043979623838,30.392459746253202,35.64285426071106,52.867542,44.00832401751209
31,48,63.0,28.7077141959823,29.696184807444922,30.123675744820165,28.126472,29.16351180534798
31,49,62.0,54.55314935380689,34.24896948403003,67.6300218560935,54.87664,52.82719525343866
31,50,61.0,11.095491541553924,25.095897584812676,5.669301627720676,12.773009,13.658425013579803
31,51,60.0,10.627949067808274,25.87906034552695,6.119102517704059,15.892137,14.629562126207697
31,52,59.0,34.7218185321432,29.60726671583621,30.62949979948755,36.532642,32.87280685299223
31,53,58.0,34.41743019922105,27.38315787325741,10.596127721461787,33.13231,26.382256188475296
31,54,57.0,44.30832130174712,29.820014744547223,27.049119861531924,36.650116,34.45689296865579
31,55,56.0,45.409376969817075,30.71488831834416,37.3041881863124,53.01628,41.611183650600836
31,56,55.0,62.02063099427175,32.82623265600618,58.35097254416038,70.44873,55.91164166579708
31,57,54.0,58.95278973431582,34.35602491371805,68.4789300782304,67.63534,57.355770638963534
31,58,53.0,51.59648014842667,30.23308689772395,36.241786436467265,47.78806,41.46485317930926
31,59,52.0,15.352605738220033,25.089418369548866,6.7828363872192154,8.12701,13.837967710111775
31,60,51.0,53.387769716422056,31.799843070077003,44.06869969011035,46.15802,43.85358312403517
31,61,50.0,52.57620705372693,30.466597983959613,32.88979297702783,42.698425,39.657755826920784
31,62,49.0,26.962745021652072,26.56694813380428,10.997889078453214,22.43086,21.739610688329687
31,63,48.0,11.925412974240258,23.704379756306384,3.330419690427961,10.7538185,12.428507733234373
31,64,47.0,35.874813376647204,29.558840291435576,27.53246894176816,28.672155,30.40956949752499
31,65,46.0,36.63776593002221,29.662026185963057,25.479794687047555,41.894623,33.4185524014418
31,66,45.0,24.589614076749243,26.988263811128526,12.199885512490546,26.864693,22.66061402208915
31,67,44.0,54.13798983365053,32.720975516756475,49.22082477383659,68.50894,51.14718294365856
31,68,43.0,16.61981143298136,23.835865056517733,3.193101619018149,16.762974,15.10293797347941
31,69,42.0,18.09276389893592,27.622506471047725,13.113816481243825,18.834202,19.4158221659929
31,70,41.0,39.46336344982039,31.448258210920617,41.52423766658975,39.357243,37.948275477889815
31,71,40.0,53.65053793404774,33.73286657820791,56.14300127838728,53.708115,49.308630103666594
31,72,39.0,59.40176027765009,32.230177606794484,51.78826528063367,62.83816,51.56459115839603
31,73,38.0,18.091483379234504,26.140105240702887,6.787141798629178,21.893959,18.228172365994183
31,74,37.0,11.14348645611107,25.13363717095841,4.776934539828648,16.537256,14.397828601935714
31,75,36.0,9.807630476033909,18.0351794859166,5.894911495358521,9.559432,10.824288371758287
31,76,35.0,40.5878688243551,30.46763273272619,32.82857549113659,47.24189,37.78149175045779
31,77,34.0,34.36565170957593,28.23023271819337,17.668346973144136,29.352306,27.404134441720057
31,78,33.0,17.85596203142144,26.368772934822942,10.639900013638805,18.987558,18.46304833618784
31,79,32.0,33.340068615702165,28.48868705901863,18.04575255836672,33.141586,28.254023634199612
31,80,31.0,17.316261025112052,27.897838136742283,16.28909055692051,18.382046,19.971308866156114
31,81,30.0,25.0824670510603,27.92914501351443,16.98557445221008,36.052402,26.512397253280675
31,82,29.0,11.314586628036915,21.102164927520363,4.155623202043936,11.367664,11.985009773689853
31,83,28.0,11.217651833902666,24.90963912785413,4.2117328485437575,6.502118,11.710285480239325
31,84,27.0,45.45212751879344,29.767881640071323,32.15480539333761,46.59582,38.49265898320441
31,85,26.0,44.916503710152085,31.42786216178928,41.91551873631453,56.648552,43.72710913729347
31,86,25.0,49.54192586653494,29.65181743982678,28.350588393017507,52.289013,39.95833615207869
31,87,24.0,10.897122098865598,25.466027381570903,6.253658301052756,22.409554,16.256590327330322
31,88,23.0,20.547490988456286,26.267005558598598,8.977840905806854,16.191496,17.99595833706187
31,89,22.0,25.684545404348782,29.935579740326137,26.564251482651763,41.439133,30.905877329439093
31,90,21.0,9.789776442366435,22.48480050749176,2.982502598497211,8.5282,10.946319924472885
31,91,20.0,37.30465864860881,27.55729900423036,15.83858529863066,32.34603,28.261643535108668
31,92,19.0,12.715800868835547,24.68640816802189,4.577132834957901,6.9497685,12.232277603764688
31,93,18.0,55.1077230174057,31.83300824142534,43.93528390577524,57.85002,47.18150913172774
31,94,17.0,10.625098822559107,21.335097406281786,3.606106813724031,11.883313,11.86240405539526
31,95,16.0,39.56987223176517,30.19245877104153,32.773600651120965,41.19319,35.932280795561994
31,96,15.0,10.230394015933634,21.666759974763387,3.1409314049828136,9.336832,11.093729360547156
31,97,14.0,11.798260505732532,24.78874670267377,3.5567338495876566,13.582945,13.43167148199727
31,98,13.0,50.66149191972603,31.710484918624203,44.23496614933789,60.135567,46.685627424778474
31,99,12.0,26.164771438229295,28.59793742014149,22.64890208121921,29.30206,26.678417528293494
31,100,11.0,45.90427980937645,30.049804743718948,26.08165267864799,40.127644,35.540845204237115
31,101,10.0,11.555718837962209,23.797391187584637,2.7376257295877977,14.168887,13.064905723375336
31,102,9.0,12.594754714691888,23.953232465556596,4.561063285435129,15.562566,14.16790406730286
31,103,8.0,10.170405910106702,22.569202070006597,2.87544171855998,8.308134,10.980795944413192
31,104,7.0,50.41020520744916,30.14955847941509,31.19610682870082,44.827168,39.145759506637845
31,105,6.0,27.74687747241569,29.07303941486525,22.457689600366415,15.897641,23.793811917398287
31,106,5.0,18.576168056615856,28.366263871588306,17.13197501102897,16.861631,20.234009583166436
31,107,4.0,16.823425278583855,26.835920903829106,9.686001759784935,14.870407,17.05393876167252
31,108,3.0,11.962031854026351,25.925358087100555,5.8177856607874805,8.739993,13.111292174328083
31,109,2.0,30.685421785506833,27.98244860401973,14.273591911636517,24.439426,24.345222180820556
31,110,1.0,50.101057631861906,30.289872131250995,30.856883497030747,55.061714,41.57738185812673
31,111,1.0,10.802671322988258,20.22600939851889,5.4336305976926,13.741263,12.550893677196788
31,112,7.0,22.432474507869173,26.38607981147525,8.713777193262978,29.955305,21.871909153023676
31,113,6.0,24.02107322403474,28.58639026293934,19.015844553191837,21.468903,23.273052657014137
31,114,5.0,25.790141613834354,27.333149320393787,16.46711981615696,27.578972,24.292345653294518
31,115,4.0,11.6501975782434,22.10267596576839,3.955203698870692,11.810893,12.379742575414834
31,116,3.0,11.243653059775875,24.446589973207605,2.4242070526103348,13.703124,12.954393532979875
31,117,2.0,21.271811636715196,26.366746445935725,9.086029832323497,24.6444,20.34224688947969
31,118,1.0,11.584651387783001,24.39344023010983,4.1482553513808185,8.671196,12.199385738290092
31,119,1.0,15.919697693199664,26.077717683221273,6.33008246266891,20.520844,17.21208533623731
31,120,5.0,9.936725167060146,25.63375076094167,6.0982504600299805,7.5305014,12.299806938423353
31,121,4.0,20.785334363718967,27.13950938375668,9.738558673040792,28.3539,21.504325832485065
31,122,3.0,17.150543288075063,26.5111424364005,7.518766961444854,20.37492,17.88884314431946
31,123,2.0,11.357917647252453,26.47165872088758,10.509543575760251,13.22204,15.390290030072972
31,124,1.0,10.403801602980174,21.512207921316666,3.727652347662584,9.65785,11.325378034365588
31,125,1.0,10.986235891067558,21.45561545123968,4.977187615527855,12.372664,12.447925852358553
31,126,1.0,10.654820673362405,24.872100861959822,4.123569227437276,9.8691435,12.379908562195613
31,127,1.0,10.81526791400335,19.147905331367127,5.912037738471595,13.460864,12.334018762729928
31,128,3.0,18.318516211134256,26.67328004539574,10.622959899633479,26.23243,20.461796415139503
31,129,2.0,10.098660250701915,24.589889391885674,2.996215463077812,7.788974,11.368434728488493
31,130,1.0,12.002877790236393,24.736594762565872,4.901520417991319,11.096818,13.184452735267367
31,131,1.0,20.23230506182655,21.826555556504452,5.371311137351796,12.966227,15.099099583360397
31,132,2.0,9.158567779855296,20.506359643695234,3.944378850756646,6.730184,10.084872588130931
31,133,1.0,27.588463480729892,26.577177992507355,8.103595294436825,21.881866,21.03777580568805
31,134,1.0,10.044927588072918,20.57171314601954,4.815745879928283,6.8295274,10.565478498025755
31,135,1.0,13.169533684984254,25.9341993977947,6.2205086994265155,12.694226,14.50461701178977
31,136,6.0,10.203433975726407,22.43847881660813,3.4911315115967714,9.603274,11.434079662332314
31,137,5.0,10.179994208055042,21.893248149592026,3.3503968322051403,12.338294,11.940483304772012
31,138,4.0,11.377136891633473,21.037443685063145,4.981209165007677,8.8469925,11.56069555859502
31,139,3.0,11.74472276126695,24.316988928227083,2.552753122141871,12.651193,12.816414369184
31,140,2.0,9.541363450285436,16.795156010899152,5.832466506650036,9.479737,10.412180812408485
31,141,1.0,20.56709830292292,25.16780666478826,8.990776682024462,18.52342,18.312275495899485
31,142,1.0,11.971719473639489,25.285044043538353,5.368331220237312,11.349343,13.493609509320219
31,143,1.0,9.860773020743922,21.76943772781762,4.230563510961963,11.394893,11.813916738022357
31,144,1.0,12.203153319796183,24.843148705513265,4.489271147391941,12.664471,13.550010961327201
31,145,6.0,9.97783090668259,19.58322733583687,4.180359173670926,8.50739,10.562201859617055
31,146,5.0,9.906159251950509,17.23265709786364,5.812380803923306,12.916787,11.466996075314857
31,147,4.0,10.597118894577541,21.175774103240464,3.8315967582248476,10.214414,11.454725849731538
31,148,3.0,22.47999922249776,17.274249538739955,6.792843778426856,12.47454,14.75540807410987
31,149,2.0,11.938613602284788,18.34761635399205,6.267615411221145,14.142388,12.674058427827253
31,150,1.0,10.23928428665503,20.791772529784527,3.8169996214271045,10.765544,11.403400093887441
31,151,1.0,10.748606994691613,22.3270923254545,2.8379405383228917,11.605401,11.879760224398135
31,152,20.0,10.173608428172992,18.619684664193862,6.357041640717309,10.047609,11.29948601557695
31,153,19.0,12.646900811123055,17.940435138992623,6.330870647368235,12.686795,12.401250458041023
31,154,18.0,10.621906627600987,19.4786555980724,6.156322612810099,13.044184,12.325267142390647
31,155,17.0,9.575121229938043,13.636099356636294,4.076014563901712,8.332898,8.905033322607416
31,156,16.0,9.687721158110064,13.93030165171163,3.798500088842072,8.632007,9.012132385966602
31,157,15.0,11.114601578973105,22.94753210403288,2.7351043541522753,11.214637,12.0029687099579
31,158,14.0,10.199386186404604,17.019386902958594,5.866432023125174,10.508251,10.898364075668479
31,159,13.0,10.00408157421159,18.486179716545912,5.924792827736082,11.223331,11.4095963924774
31,160,12.0,9.271807418717989,14.370277174906798,4.735121390069979,11.299235,9.919110331906968
31,161,11.0,10.871260230055249,17.499586010483878,7.491613171381797,10.653536,11.628998813704108
31,162,10.0,12.04033299371744,17.940273085401387,6.3055644289499195,13.571595,12.464441425006079
31,163,9.0,10.487405561187629,17.352017529683977,5.979555191163742,12.076267,11.473811381116747
31,164,8.0,11.982268871439803,20.08837400870317,5.52309270188465,13.331883,12.731404753127144
31,165,7.0,9.11693618965748,14.19455168753638,3.7683465734113337,7.4751673,8.638750431270074
31,166,6.0,9.818177000065905,14.868841304313623,4.189548100067679,8.524115,9.350170253302963
31,167,5.0,10.024485728881487,14.8078383873333,3.175759260433008,4.546553,8.1386591278915
31,168,4.0,11.34300084222353,20.20078152339395,5.254238588335204,13.235469,12.508372454598401
31,169,3.0,9.890680163333347,10.79104253782329,2.440271687405904,9.791592,8.228396508212413
31,170,2.0,9.53994902558636,13.92078898551129,4.5304114514792335,9.3512125,9.335590491025691
31,171,1.0,9.187785927085423,12.6534249406298,2.634613650679725,8.020777,8.124150316763043
31,172,1.0,9.262468256413612,6.623225446667178,5.472485445137348,9.449747,7.701981558447357
31,173,2.0,8.830898156504416,12.907163848194203,3.4569548166022788,7.6203,8.203829159358122
31,174,1.0,10.951130516019393,15.483254222354962,5.806141024857617,14.249346,11.62246788566273
31,175,2.0,9.007025745963585,9.46488984480953,3.7962987259166283,9.493213,7.94035675414497
31,176,1.0,9.286800565593392,7.49485816349614,4.829545912646363,8.968093,7.644824390032973
31,177,2.0,9.855809327116976,16.831808150417164,6.290017371717974,12.829384,11.451754674837442
31,178,1.0,9.252858400668286,9.464829314198983,3.111961284717424,11.016445,8.2115235398742
31,179,1.0,12.19833662358158,7.959790634386945,6.398467354363351,12.294857,9.71286290936959
31,180,1.0,8.86230419053474,12.222036615223349,3.09717017219133,8.615456,8.199241651347705
31,181,2.0,8.808327790258597,9.576732931404198,2.3794310427884007,7.345256,7.027436904049201
31,182,1.0,9.80445558587707,14.337732764065757,4.869563691652058,12.147075,10.289706685249186
31,183,1.0,10.222017296131408,15.837504710546744,5.706048693712974,9.487615,10.313296333010989
31,184,17.0,9.886930875277628,6.914753637249582,6.496024166457822,10.467038,8.44118670839677
31,185,16.0,9.603711852052383,7.666505201919964,4.841321309809437,9.966061,8.01939975055238
31,186,15.0,10.69015127303189,4.822935853360232,6.518265353417235,11.907221,8.484643330065865
31,187,14.0,10.747791355737947,10.607626895337468,3.2577490591787637,12.249772,9.215734845523139
31,188,13.0,10.431353699494032,6.689272806740636,4.950359286836894,9.591539,7.915631294001534
31,189,12.0,8.483833830513534,9.151269918800168,2.5774160185061277,7.3366275,6.887286812796937
31,190,11.0,8.721708007012706,10.362633444259835,2.9566517288625125,7.784142,7.456283799374889
31,191,10.0,11.386438629172483,4.503572755729532,7.3359570146756194,12.659895,8.971465835703736
31,192,9.0,9.247465034644776,8.968331471927655,3.790152752222257,8.387585,7.598383486268496
31,193,8.0,10.394850472734872,4.235258110805116,6.861245499989709,9.577037,7.767097735283669
31,194,7.0,11.781787347357872,4.953542527307693,7.604926828131701,12.61615,9.239101651285255
31,195,6.0,10.861297097442925,5.59165273413959,6.785298671518624,10.933266,8.542878547284074
31,196,5.0,6.750503626783871,-0.5587842382416213,5.393572239985129,6.7569885,4.585570038479501
31,197,4.0,11.126903162385931,2.7656068415894914,9.475320185034684,12.404669,8.943124749248376
31,198,3.0,10.361924204222264,8.677221617341957,4.1009989155739,9.18727,8.081853725406965
31,199,2.0,6.007377225820083,3.749096494842167,4.971817880147679,8.651555,5.844961665537565
31,200,1.0,7.404661566243098,1.1500920756713064,4.54668785636062,8.273321,5.343690662502105
31,201,1.0,3.9235863548591374,-5.72040227880812,1.5055642055460812,2.518497,0.5568113179502391
31,202,3.0,11.47651071133127,2.952984007880133,8.687010705893139,10.944803,8.515327165754895
31,203,2.0,3.482556412935407,-5.1771026601702665,1.4539555565216027,3.3963976,0.7889517249809875
31,204,1.0,11.558864759950826,3.3738704750172843,9.235687166125711,11.126565,8.82374684516176
31,205,2.0,5.095431469379946,-1.889275039896397,4.906153050486052,6.9966764,3.7772464812442315
31,206,1.0,3.3846522951084057,-6.182655977128196,1.5357588203119708,2.8316145,0.3923424081539778
31,207,1.0,11.775166056167237,-1.606798683266181,2.2735617811581488,6.2199817,4.66547770610971
31,208,1.0,3.714971476129275,-5.428947789156208,1.5085493662112448,2.6813095,0.6189706286944849
31,209,1.0,4.411762296325303,-2.438630006520423,3.53694895016352,6.3396664,2.962436901636387
32,1,1.0,9.844740361530905,7.455889744287251,4.41538938713078,10.590479,8.076624597510916
32,2,5.0,9.684507489326721,14.767311031833852,5.37894330233819,9.453709,9.8211176180451
32,3,4.0,9.242198351284923,14.984851391057282,4.681302737490519,8.474347,9.345674898598928
32,4,3.0,10.045667281007953,16.79280514533381,5.933617507847789,12.584892,11.339245551784693
32,5,2.0,9.796851484686249,15.450667869951667,5.349238299055914,10.799211,10.348992050523677
32,6,1.0,9.394942008349028,15.805015128238072,5.288813035956306,9.5295,10.004567545043201
32,7,4.0,9.503532754691907,9.660026671011156,2.8272184887793053,8.823496,7.703568444837633
32,8,3.0,9.285119711133074,8.772222252198649,3.4349828602870787,9.171544,7.665967224657752
32,9,2.0,8.8820103989712,12.535121326295007,2.80058141117129,6.8061805,7.755973403394958
32,10,1.0,10.405859884831736,6.869346847260044,5.451316547310871,11.362399,8.522230595164995
32,11,2.0,10.360124551331271,6.459152099957855,5.69442164395668,13.293684,8.951845575245777
32,12,1.0,10.912100546890729,14.127751295285767,4.556856536997271,11.2563,10.213252087926987
32,13,3.0,9.284179017382934,10.167265174287309,3.4674037399813677,6.825114,7.435990426249389
32,14,2.0,11.826015951814652,17.199309822100766,6.33557595758063,10.569003,11.482476209164906
32,15,1.0,9.587382686276937,9.228706633367548,2.327132014516655,8.067015,7.302559007093752
32,16,1.0,9.361602420706728,13.587516464452168,3.247835489030482,7.2486353,8.36139741656065
32,17,1.0,9.284228084717025,9.292147695965376,2.909737779057874,8.550229,7.509085658077769
32,18,2.0,9.09435156862184,11.578280475376257,2.1417621446964734,8.108057,7.730612802697324
32,19,1.0,10.363832336567166,20.089421262390644,4.999675229666339,10.136504,11.397358250475738
32,20,2.0,11.32064048413989,9.534789999746934,2.620205597707642,9.142764,8.154600043271541
32,21,1.0,10.417237818905578,11.348085311960016,3.779008577875583,12.668487,9.553204575973748
32,22,4.0,9.663204640272644,13.61466939166166,3.261310719497313,11.018812,9.389499232749262
32,23,3.0,11.28938623241465,18.770967261880948,5.395468590239902,12.30977,11.941397928741907
32,24,2.0,10.879639901711617,17.449299812157715,6.1241073044679,11.281127,11.433543498587603
32,25,1.0,9.099190901145597,10.454110372735567,2.5955021842888595,6.5794544,7.182064470041773
32,26,2.0,10.019659024916281,15.522407975381613,5.331373953097456,10.856995,10.4326088955754
32,27,1.0,9.55582560532935,5.981877281127286,6.560955262379576,8.358907,7.614391223686714
32,28,2.0,9.557263216706703,15.076795750554263,5.247081535666982,10.448521,10.082415290832085
32,29,1.0,8.892122092423243,11.048931288268477,2.929222866104242,7.984392,7.713667103233414
32,30,1.0,10.679427817462736,7.596125132297338,5.273778354157653,12.335515,8.97121158154889
32,31,1.0,10.34475327231266,13.813055437925476,4.702306978074752,9.660264,9.63009492587766
32,32,1.0,10.214831717791016,12.344704191418911,2.636182914831144,10.033797,8.807379022035049
32,33,1.0,10.362260107467451,12.756739465159274,5.489474616548234,9.907377,9.628962858054239
32,34,1.0,8.840022158967077,11.983495200289502,2.4567097653197845,6.3274293,7.401914104790636
32,35,2.0,10.65641658634745,12.276906448706153,3.751309791076924,12.200999,9.721408021519814
32,36,1.0,9.49842722053287,14.70408202453035,5.241482819376687,8.640152,9.521036010494742
32,37,2.0,10.227785095780492,8.211758235304412,3.771966959704983,10.758413,8.242480901402306
32,38,1.0,10.74934273238639,7.612000246161475,5.409764979731385,12.351368,9.030618977179676
32,39,3.0,9.28599164777521,13.952804048951105,4.387357429982622,8.389461,9.00390342259215
32,40,2.0,8.956966403740308,10.192506041974159,2.70456389084549,11.047748,8.225445987139867
32,41,1.0,8.783109118173071,11.550866396416623,2.5927437202696275,7.853809,7.695132028677905
32,42,3.0,11.580084240572173,8.595603358550033,5.250831699651858,12.2057085,9.408056950624303
32,43,2.0,9.670219201867434,13.669568873256098,4.181380244894921,9.675742,9.29922761734287
32,44,1.0,10.056494410050574,10.344448989011127,3.0742362567875094,8.91683,8.098002429678855
32,45,2.0,9.242174118988725,13.7973212826587,4.250432910358688,9.14538,9.108827083036928
32,46,1.0,9.36121561935775,14.487350196753964,4.8512489279500635,9.302207,9.500505434291203
32,47,1.0,9.667461739343969,10.367784185910846,2.7398724954119302,7.924252,7.674842613475096
32,48,1.0,9.605830468919738,16.494488070500942,5.8873654644874165,10.062608,10.512572942276464
32,49,1.0,11.082581939581235,5.515969901519053,6.51587036849452,11.666018,8.69510993548586
32,50,2.0,9.437258274728276,13.335950516237265,3.04844542482968,5.05066,7.718078587289259
32,51,1.0,8.761824473102859,11.920989240792029,2.627601385705603,7.050429,7.590210991735145
32,52,2.0,11.529547278309348,7.50770826142908,5.877224488453617,12.643021,9.389375164518714
32,53,1.0,10.04792381891233,6.035170779521479,7.074965174093217,11.108958,8.566754504212689
32,54,1.0,9.467571949052395,15.78573104403046,5.326052175292993,10.12862,10.176993829020232
32,55,6.0,8.92683663635656,12.882265525355507,3.2830364211222225,8.509244,8.400345636995805
32,56,5.0,9.44725377822566,8.072009413028692,4.134354795995332,9.44425,7.774467023515302
32,57,4.0,9.931152776055916,11.939515881532067,2.052360633171432,9.197862,8.280222740551793
32,58,3.0,8.862060348388031,11.288114808786407,2.935037898498063,8.765924,7.962784377351963
32,59,2.0,10.501121148183508,8.905817188355826,3.0784179446731343,10.466344,8.237925040228044
32,60,1.0,10.867378184352324,11.814217420739215,4.166004567230521,11.158436,9.501508998463816
32,61,1.0,11.007962027025167,13.798699130961685,5.132492208343079,10.915249,10.213600559294886
32,62,7.0,10.921798775329512,13.239528476924034,2.203860304951281,10.472189,9.209344126697447
32,63,6.0,9.863728042594603,7.236467447219329,4.753659668190222,9.091664,7.7363798680685445
32,64,5.0,11.462800114440231,5.136305730631829,8.086940360023734,11.995023,9.170267244709617
32,65,4.0,9.275615654984138,7.564634762067886,4.441507729115445,9.805341,7.771774728268552
32,66,3.0,10.312339913343262,2.568651996308258,7.630750130933465,11.818414,8.082538943755255
32,67,2.0,9.975414695205474,8.147728015066008,3.62492916997817,9.214203,7.740568690277256
32,68,1.0,10.030918580976834,7.796358216900515,4.82647537488333,10.704724,8.339619121147322
32,69,2.0,9.77085942915047,11.908455268996715,3.107016171970523,9.712982,8.624828261963021
32,70,1.0,10.326736319973897,13.737808977282171,3.1613022252560707,10.026201,9.313012192670271
32,71,3.0,8.723523510528757,17.15296152086102,5.9498717423542065,7.589832,9.854047150703757
32,72,2.0,9.243943364047123,8.55839633020182,4.652060361727349,8.8701315,7.83113288714776
32,73,1.0,9.449630596827987,6.507683622023837,4.9067788806481225,8.402166,7.316564866519274
32,74,1.0,9.014151626257759,10.753864759399455,2.1742377137787496,6.9162703,7.214631088869611
32,75,1.0,10.049209056454096,9.13297523606844,2.7037458029529393,8.926673,7.703150757740328
32,76,1.0,9.237762009371695,15.394646120072135,4.6377665908402665,7.6869106,9.23927133738914
32,77,7.0,9.034140090254462,13.319561185386025,3.1401755428581186,6.382963,7.9692099997601495
32,78,6.0,9.566459042645276,9.825172337210553,3.6957442025882514,9.906786,8.248540386852476
32,79,5.0,9.694966007746713,9.500091025116564,3.2327070003704783,9.793254,8.05525448296359
32,80,4.0,10.133004614120898,6.865337357222785,5.65911135003892,10.939528,8.3992454466634
32,81,3.0,9.617778630953296,11.431656865765188,2.921933798451061,8.160794,8.033040888321805
32,82,2.0,9.524155191574811,7.059048161324668,4.582818481698631,10.213393,7.844853761490715
32,83,1.0,9.42969514495628,9.677538976440953,3.168842049458515,9.388044,7.916030132038888
32,84,1.0,10.199357532020807,9.585658339969065,3.241443663782702,9.489919,8.12909456114346
32,85,5.0,8.709985463697643,9.765211913914644,2.9002993076713732,8.630684,7.5015451460523614
32,86,4.0,9.64329811266769,8.074679108073973,3.664671859805125,13.121325,8.625993404932839
32,87,3.0,8.892122092423243,10.92530090153851,2.9337154467733875,8.061385,7.703130898864815
32,88,2.0,11.414257700218254,3.2911838113609626,8.104725748662954,9.6654,8.118891702908442
32,89,1.0,11.439058338340015,5.1542265265294525,8.00711740843823,12.48026,9.2701655421581
32,90,1.0,10.621321041913706,14.558960953655044,3.5061590287041184,8.065795,9.188058992259013
32,91,51.0,10.99052064491508,7.845017793022375,5.031921243951379,11.482465,8.837481118058268
32,92,50.0,8.867617256381667,10.697401889772053,3.701347356354578,8.304823,7.892797356065307
32,93,49.0,10.283536164215104,8.677557098876509,5.087540701123292,14.618517,9.666787721552993
32,94,48.0,9.196700260227312,9.538878000193382,3.0665232784387335,9.07403,7.719032865336195
32,95,47.0,11.132218821537617,3.690285799248233,8.28810681321767,11.796607,8.726804612880152
32,96,46.0,10.923180965828418,1.7934467552811881,8.891216101291953,11.533905,8.28543721292461
32,97,45.0,9.50390394050113,7.015183951629329,5.205030856833883,7.932658,7.414194236114986
32,98,44.0,9.472779582813207,5.9376441276984195,5.749386348257273,8.004008,7.290954587980188
32,99,43.0,9.372975697677198,7.320392102998859,2.8678775732598183,13.344185,8.22635756235604
32,100,42.0,9.680323109020685,5.77499475313482,5.66823132082709,9.06502,7.547142197631635
32,101,41.0,11.79515293808958,7.176811995983936,6.8034667549449805,14.311337,10.0216922900067
32,102,40.0,11.205718640678619,6.53118917739684,6.673398972816603,10.940675,8.837745393172845
32,103,39.0,10.172487453760251,5.344823661115186,6.682876340459227,9.650376,7.962640943804979
32,104,38.0,7.133963104195485,3.4293052894424285,7.120993924194487,9.004269,6.672132741018158
32,105,37.0,5.068534680650161,-0.3640721159242055,5.09761047345085,7.8021884,4.401065358657665
32,106,36.0,9.755671717668628,9.922835157977005,3.4059950464419835,10.202759,8.321815177787528
32,107,35.0,11.028814629267368,7.379610778320757,5.876837055324669,10.498461,8.69593080814153
32,108,34.0,11.767069001346353,6.012315625588787,8.079402467078665,11.865405,9.43104804417911
32,109,33.0,11.70629095212788,6.423377306120045,7.118944315837482,9.044868,8.573370260830922
32,110,32.0,12.11628556494128,5.19123147564812,8.423920781344345,13.591901,9.830834661858558
32,111,31.0,10.530589042986378,10.872403221390869,2.9265512027507175,12.459484,9.19725689186744
32,112,30.0,9.985673922645523,9.393898023788427,3.218431442089962,9.515634,8.028409242898189
32,113,29.0,10.962464634470278,2.9103043669598314,8.714246493670021,11.02666,8.403418865153817
32,114,28.0,10.800474459470975,5.111763809838475,6.966735148117923,11.83948,8.679613454378206
32,115,27.0,10.700485962799137,1.9922670622682404,7.787667893635615,10.085636,7.641514264404752
32,116,26.0,9.930207670066139,-0.4177447823522371,7.060308874122992,8.435429,6.252050095305415
32,117,25.0,11.7510543193795,6.312719661895198,7.713043131556769,11.618027,9.348710961557476
32,118,24.0,6.383063045392901,-1.5570215508526424,4.859661664598132,9.168003,4.7134265603534455
32,119,23.0,10.526342110375937,5.5085101212486585,6.907594163221771,11.273388,8.55395857594548
32,120,22.0,11.778509470417053,2.7873786097863835,9.36007316226151,12.547515,9.118369039482815
32,121,21.0,10.83362532570897,6.079246720486516,6.00098082258862,12.522818,8.85916762011961
32,122,20.0,11.81450376834233,3.9410741158664955,8.531917163744733,12.492332,9.194956876612412
32,123,19.0,11.48227230992579,2.2643512230312055,8.661975454468575,11.20535,8.403487227401436
32,124,18.0,11.363333504156685,4.8483775850870785,8.708234004306826,12.417816,9.33444031391499
32,125,17.0,10.135541277178653,8.329756595439026,3.8982818458719137,9.464124,7.9569258610951765
32,126,16.0,9.575269019431177,7.036166555599063,5.045533760425634,8.970329,7.656824655030961
32,127,15.0,9.251856128963095,8.958745446171974,3.841016862126148,7.9504547,7.50051828729382
32,128,14.0,11.730664087589114,5.4388881607133825,8.54903247006192,12.910961,9.657386467371865
32,129,13.0,10.92357652476334,-0.3218070690141772,6.719773613508142,9.114399,6.608985506389033
32,130,12.0,11.099530487154684,2.9683330446083858,9.080402499893122,11.630964,8.69480757770775
32,131,11.0,6.476639881422744,-1.4089064088838121,3.494555883269218,4.453957,3.254061609162304
32,132,10.0,11.271426299677847,1.9147014939939453,8.382777687269776,10.695502,8.066101940532633
32,133,9.0,8.422196860653058,-0.37564490791509897,5.0151880130235895,7.69114,5.188220035156817
32,134,8.0,4.2546262398280765,-4.934886542895402,1.3782106982247875,4.3842688,1.2705547889596536
32,135,7.0,5.504084883781566,-5.625946215123616,2.250730081266031,6.964728,2.2733991571236345
32,136,6.0,5.4857891390490625,1.985795295641985,5.256114340744924,8.279812,5.251877658641708
32,137,5.0,10.813180511658473,1.9154934898439038,7.010975808648153,10.447365,7.5467536543198595
32,138,4.0,12.015068385076296,6.011178781579627,6.731482983362188,13.00535,9.440770065733286
32,139,3.0,12.215057574215123,1.3227466682303977,6.929258865430922,11.1954155,7.915619651175653
32,140,2.0,7.815737632764894,1.4039915331682025,6.304121221794677,6.7123175,5.559041963615903
32,141,1.0,3.9587347310427474,-4.219825812141135,1.5500325206870968,4.8581424,1.5367709538836887
32,142,1.0,10.160420031306096,2.930382598944597,7.246393106439178,11.2400465,7.894310559462385
32,143,2.0,4.457086277292278,-5.268190687448875,2.259244985979276,7.291646,2.184946644886456
32,144,1.0,10.418799420877498,2.637613943972376,8.806218219273086,12.994311,8.714235729206399
32,145,1.0,4.300898535357614,-3.4314850352329564,2.333115161257366,4.7463903,1.9872297510236065
32,146,6.0,5.149186809234287,-2.095988630740372,4.520380827483054,5.1176934,3.1728181075504556
32,147,5.0,7.466322943070104,1.3671007686734953,7.988214240828066,10.978331,6.94999214118857
32,148,4.0,10.158571946154348,0.8159504539459164,7.226309853535162,9.866671,7.016875715538983
32,149,3.0,7.199633026108983,1.4112918818427858,6.922221299141712,7.4515953,5.746185378372491
32,150,2.0,5.09213979837741,-2.0501964966645545,4.533205659608409,6.304619,3.469941949192621
32,151,1.0,6.496251869531722,-3.1127547521584233,1.6875425689121482,5.3136377,2.59616935493623
32,152,3.0,9.679429070915507,-2.424826020920701,3.5985451782612223,7.6606407,4.628447236202191
32,153,2.0,5.966258691336978,-3.365293979949975,3.612196440410564,6.067335,3.070124070145437
32,154,1.0,3.4435920936617346,-6.466442413874635,1.290085417568175,2.0960002,0.09080882297620885
32,155,1.0,3.0018464463399597,-2.3470605414832733,1.4342028823488775,5.035605,1.7811484352428582
32,156,1.0,4.62030327637232,-2.745002517499614,3.2383079652915043,5.4704046,2.646003337275794
32,157,1.0,2.7081399081127806,-4.960736525688279,0.9689899791774703,1.9890901,0.1763708616578934
34,1,35.0,12.472533324598485,19.300977345845588,5.962519136022296,12.421072,12.539275453172989
34,2,34.0,13.047457149704528,23.812281955626627,5.780129070633633,7.0481696,12.422009447212329
34,3,33.0,10.648672824267457,18.823648950851606,6.255377028545679,12.773526,12.125306248844042
34,4,32.0,9.963446713203723,20.10391738876732,5.882600567216626,11.392205,11.83554247688249
34,5,31.0,10.111238586844639,21.218345318207838,2.79663243829199,18.26325,13.097366673574154
34,6,30.0,10.331632809298764,21.611145066860654,3.3250867880306085,6.5178814,10.446436514405661
34,7,29.0,10.047184392564647,20.357735530384137,5.440422881345157,12.256838,12.025545162285644
34,8,28.0,10.969113236895769,22.14299577062296,2.731718582277802,9.411048,11.313718881320591
34,9,27.0,9.664311499278227,16.209650715520674,6.200918945083625,15.119735,11.798653980995411
34,10,26.0,15.536006742519705,18.3022196385419,7.352477959325762,15.191669,14.095593451124673
34,11,25.0,9.313316878388765,11.358617612654683,2.5670237191874588,8.427495,7.916613303244372
34,12,24.0,8.908800133806814,11.549961320202279,2.47759598980873,6.6045775,7.385233746292285
34,13,23.0,21.699000756838824,23.40358805134583,6.8515384544194085,40.66134,23.1538665171891
34,14,22.0,12.670562569354722,20.198237281666223,6.75673678585274,15.880589,13.876531292091956
34,15,21.0,9.222640217247186,21.267728384051907,5.461706465650819,8.502552,11.113656774855153
34,16,20.0,14.071680157993608,24.628469459467983,6.4725580651751855,14.692516,14.966306002385268
34,17,19.0,10.31590299344351,19.579345767887503,5.808948644141267,11.75575,11.864986776981473
34,18,18.0,26.371345728474225,26.47269072954591,7.312543635995462,27.10245,21.814757377782463
34,19,17.0,9.771749881754461,15.55405392429041,5.5144737013394085,8.68294,9.880804259200806
34,20,16.0,13.997960296490291,20.66536687821301,5.288578941601163,4.749742,11.175412036850467
34,21,15.0,11.087437428445824,16.575120425060877,5.9817886995819105,12.521685,11.541507799923764
34,22,14.0,11.629166441686898,20.94700102788428,4.2864915159846415,10.136313,11.749743105992836
34,23,13.0,10.082379485879965,22.509791784496272,2.594367258401997,9.532536,11.179768520439188
34,24,12.0,8.793821178982856,11.29255508867637,2.287987278488714,7.40088,7.443810851518064
34,25,11.0,10.003290695209824,21.942647344450453,3.011122844928499,3.9719336,9.73224862196888
34,26,10.0,10.358391820917626,21.503359350136883,3.207189395406793,11.480863,11.637450795988494
34,27,9.0,9.576074619783517,11.74386181138797,3.1938686751476215,9.407717,8.480380464354434
34,28,8.0,10.28222714661951,20.717537918109024,4.822042990148331,10.414936,11.559186030137674
34,29,7.0,9.647377430388254,18.336558405998716,5.891493917698265,6.6176987,10.123282105879706
34,30,6.0,12.385473183909921,20.08884902239348,6.1617707036071945,12.214025,12.7125293634182
34,31,5.0,9.176811221678207,15.651165975141433,4.55719274599611,8.703072,9.522060384263508
34,32,4.0,10.727313323845214,12.19963378643235,3.759929874117036,10.567934,9.313702755162371
34,33,3.0,11.15999309437984,23.348245166107954,2.8424055091484153,11.601496,12.238034878108515
34,34,2.0,11.042893555810721,19.167162275062566,5.648506669610519,11.3800125,11.80964375317271
34,35,1.0,10.258755966617576,17.6650998034131,6.1276298037584365,9.823406,10.968722948317884
34,36,1.0,16.597635309129835,19.190654306285374,7.334639609602032,10.463818,13.396686705363198
34,37,4.0,10.513099940829054,18.03317571379632,6.547392461294265,10.933072,11.506685051517142
34,38,3.0,9.33933294794067,12.186502315348688,4.4882559431120015,7.861142,8.468808341227415
34,39,2.0,11.011181771260322,18.947027804378585,5.581785662879231,13.527327,12.26683045559511
34,40,1.0,11.289149162523985,18.917242298699247,5.553998756961219,12.4049015,12.041322930675264
34,41,1.0,12.780537915876135,25.688651985820183,5.986643829271674,7.8113656,13.066799833842158
34,42,7.0,10.2354717152893,23.3366143106552,1.170461400457219,2.5261238,9.317167797133115
34,43,6.0,10.357607225190991,19.13109849375636,5.94650285706328,10.022816,11.364506070089083
34,44,5.0,10.826962461605163,17.79488041171563,5.981735026504346,11.748247,11.587956261607896
34,45,4.0,9.354369978577624,14.663022202750266,4.6281753845357105,8.288716,9.233570970521686
34,46,3.0,10.127831008845515,15.385933666361447,5.035429636670232,9.720343,10.067384236996398
34,47,2.0,10.861967899889734,20.31303859640398,4.949428538509093,9.109371,11.308451555026386
34,48,1.0,9.496651331849135,16.842745639666692,5.240058280362339,16.539425,12.0297200370296
34,49,1.0,9.73337386680117,16.458921193623798,5.86478205608331,4.7317624,9.197209881429622
34,50,51.0,8.933893986202865,11.784490908298046,2.3421687249297083,7.931219,7.747943180095692
34,51,50.0,9.818570962666424,17.520123380844502,6.103388600483578,14.177987,11.905017510672089
34,52,49.0,13.743532210793141,23.383634784815392,3.740452326219641,8.646248,12.378466796399426
34,53,48.0,10.678580160447366,22.06542003629339,3.528956953059005,11.062313,11.833817557408437
34,54,47.0,9.709924452351357,17.01522886612858,4.672391077089644,9.257804,10.163837078125184
34,55,46.0,9.793589030193129,16.944879436104465,6.121352807507199,10.400396,10.815054405212672
34,56,45.0,10.306336223628223,21.637305496813326,3.7557822337863804,12.267671,11.991773646409154
34,57,44.0,11.65653798072418,18.88565676946967,7.184303676037056,15.20818,13.233669713445543
34,58,43.0,11.121826437065977,25.50105080888695,5.642485842622159,10.697273,13.240659085742404
34,59,42.0,11.597796361741368,19.619765387773782,6.279714034557802,10.836925,12.083550084247609
34,60,41.0,10.041773959525766,16.753034757896,6.183701467112986,9.537244,10.628938506903342
34,61,40.0,10.337512693512638,20.930398361563743,3.9640348909924583,9.579136,11.202770460211058
34,62,39.0,10.416315616125134,17.88454095368556,6.393933785874035,10.478888,11.29341947841703
34,63,38.0,9.197780658132523,8.642500507008865,3.2996161172771945,9.9395075,7.769851191713654
34,64,37.0,11.779386671927005,17.69994441599399,7.068767124804761,12.39552,12.235904605747969
34,65,36.0,10.255282701292028,21.162325780122885,3.8347129393094974,13.173877,12.106549545778638
34,66,35.0,9.961173340179895,20.86734055283479,4.069950635644126,10.340554,11.309754691506134
34,67,34.0,10.933018419376767,19.67693817533887,5.287820980003357,10.244561,11.53558469252313
34,68,33.0,9.90420617077774,15.20065697345976,5.3243278481014045,10.094775,10.13099154805726
34,69,32.0,10.16413426365705,20.611060735105344,5.360301108292379,8.117353,11.063212386596458
34,70,31.0,10.699766596327706,17.787972896216772,3.5032566297578285,7.586986,9.894495546803299
34,71,30.0,9.083853237828986,15.860993922378736,6.6862728609301705,5.7502885,9.34535212690465
34,72,29.0,9.606101773754245,16.757636177331985,5.895026086917863,9.553918,10.453170480707687
34,73,28.0,10.989345145587304,20.398110868222183,5.898398889708481,11.970355,12.314052484348121
34,74,27.0,10.15009078718155,20.651342416390943,4.505710977799303,9.86133,11.292118553430107
34,75,26.0,9.989662492869359,19.166847721221455,4.555771125118737,8.727945,10.610056666742086
34,76,25.0,10.166562352627839,22.59940386397912,2.5494736674196012,10.248965,11.391101286848315
34,77,24.0,10.49202306891239,18.500643215078114,6.122020486555389,10.952976,11.516915749338132
34,78,23.0,10.317589502591483,17.448803877955985,6.350750518120467,9.45513,10.893068380520255
34,79,22.0,9.895940783658734,17.74230110155969,6.30814972665098,10.855284,11.200418837263005
34,80,21.0,9.208330016670283,10.953433541416818,3.166677767920204,9.135581,8.116005585636959
34,81,20.0,20.567986811803912,16.245327383081683,7.569083295714731,19.788065,16.04261561181634
34,82,19.0,9.824744382284644,17.0276783612792,5.504451223345324,9.480586,10.45936500471252
34,83,18.0,9.028206823278488,12.658490640557103,3.3748789572561595,7.4003406,8.115479244547535
34,84,17.0,8.805402145852309,11.95172271712471,2.558092167788949,7.449358,7.691143754304041
34,85,16.0,9.955338807737185,11.251194795800622,2.660300164048113,8.111143,7.994494219942134
34,86,15.0,8.99895912708797,11.470205878209548,2.509159818060011,8.751299,7.932405931944119
34,87,14.0,9.443786714324734,21.53837893492737,3.475006737532432,7.350691,10.451965807114835
34,88,13.0,9.783557708822281,20.1465866168275,3.439658885672573,5.3558183,9.681405370739828
34,89,12.0,9.236167852185071,10.845691172871657,2.1622923530401383,8.220801,7.616238182887864
34,90,11.0,9.158517607219645,12.093597045322028,2.7463008533156987,8.224095,8.055627712600206
34,91,10.0,9.759231155408537,14.17126288047751,7.37672412534195,8.283191,9.897602222115472
34,92,9.0,9.40151538368791,15.874176365392792,5.354964769962878,10.829483,10.365034887817535
34,93,8.0,11.730851536439804,19.29615795410406,5.90816165898862,11.869752,12.201230769942326
34,94,7.0,9.915526731926635,17.518373358995674,4.662799313838734,7.5080776,9.90119425655525
34,95,6.0,10.149775681855742,14.911341234214124,5.569771137940071,9.400621,10.007877367048627
34,96,5.0,10.250012342792791,18.99821797650128,5.9451412591959105,10.778275,11.4929115286557
34,97,4.0,10.143002799250135,15.034373112187176,4.795284059017035,10.637531,10.15254781274298
34,98,3.0,10.018804997174312,14.320821571628766,3.6060950108562277,8.166492,9.028053510454377
34,99,2.0,9.65025109598174,22.20535687446952,3.667798862002577,10.124431,11.411959372221736
34,100,1.0,9.955505746335376,11.688623759657997,1.8349302751744503,10.576015,8.513768813394982
34,101,1.0,9.457802527520764,12.03467630671104,2.948315076842711,11.996426,9.109304884934156
34,102,3.0,9.403168626004,8.151310103404203,4.236884328419478,10.229417,8.005194976264171
34,103,2.0,9.001167180761449,12.630975114402066,2.953596598624049,7.8477015,8.108360110829398
34,104,1.0,9.125357863779124,10.207122509202573,3.3900772078483197,9.431829,8.038596758336167
34,105,2.0,10.794904360671772,8.589482371393458,4.364658601789326,9.86831,8.404338827131241
34,106,1.0,9.22187992920871,8.818422901276637,3.713395766777163,8.637883,7.5978954459007095
34,107,4.0,8.750885539242264,9.994822123004969,3.2324425488622275,7.92069,7.474710067692832
34,108,3.0,11.419775752181508,17.688575830628324,5.900153295575086,12.6776905,11.921548846091591
34,109,2.0,9.907821429964864,17.654082529106127,6.139888535328739,10.71693,11.104680720951006
34,110,1.0,10.18521290887424,14.31706760358562,4.851142828952673,11.900595,10.313504513179062
34,111,1.0,8.933320553716943,14.502117811735223,4.4099250687431955,10.020586,9.466487361997327
34,112,1.0,9.959836447592336,14.974011469710149,4.80367957034435,9.262529,9.750014215203946
34,113,1.0,11.12315892857989,8.661705869336725,5.241084055681103,11.255902,9.07046278598549
34,114,5.0,8.787274544563722,10.702469787352872,3.1999298980432123,8.48189,7.792890988672813
34,115,4.0,10.503514409291784,19.0844069448721,5.281427625246206,8.098206,10.741888636454085
34,116,3.0,10.06805624039623,15.515670255116364,5.373914451801959,12.136075,10.773428991787744
34,117,2.0,9.001167180761449,12.054212684942877,2.496562580362454,7.325044,7.719246650296907
34,118,1.0,10.500656285799568,13.582241274857171,3.5584045240702533,11.656061,9.824340814303087
34,119,2.0,8.793821178982856,11.698981614392505,2.4069426731344183,7.175372,7.51877939755701
34,120,1.0,8.829006603051281,9.254697972725083,3.059829245022872,6.72229,6.9664559649654345
34,121,1.0,9.103485491224355,13.078094648834368,3.495372504985692,8.81936,8.62407810610058
34,122,4.0,9.54888184944475,7.837291127493302,3.2820334164706253,9.934824,7.65075759581921
34,123,3.0,9.2201703292151,13.738723346587498,4.041005933572604,9.391821,9.097930129241995
34,124,2.0,9.23282486062492,14.291165736658357,3.9395468679545367,8.799969,9.065876546180059
34,125,1.0,10.634969474884373,9.96775306300238,3.8901910375070816,9.957984,8.612724386508981
34,126,2.0,9.162331245388815,13.295727504166859,3.043955098666208,7.5110016,8.253253858783987
34,127,1.0,8.943481852371502,13.968216748837426,3.832367974231998,8.159576,8.725910747864138
34,128,2.0,11.130964046916848,6.041581022209908,7.0899542115520955,12.805847,9.2670866121619
34,129,1.0,11.119397811562584,8.119185056813546,5.433930405777602,10.607546,8.820014781703716
34,130,1.0,9.37806804694549,10.235209785650383,2.222888959980814,7.923532,7.439924700425361
34,131,28.0,9.983647080338159,13.83916647192956,3.8379440682464363,9.35942,9.255044360801756
34,132,27.0,9.983860085940979,11.744893594498766,3.3123786879222603,9.68193,8.68076548916997
34,133,26.0,11.724345425221,5.549932957513796,8.111651225311295,13.88342,9.81733739964641
34,134,25.0,9.746991523817051,3.1099728119954335,8.203390555212739,10.552012,7.903091833641926
34,135,24.0,9.193825908834178,9.565891888224574,3.1520890377346102,9.164253,7.76901501741416
34,136,23.0,10.315781334418983,10.265578173009875,3.52251896109936,9.536802,8.410170190099583
34,137,22.0,10.022813670222398,14.579978793389142,3.8238714179956723,8.17054,9.14930093439106
34,138,21.0,9.89760505112583,8.849335120243435,3.043706802663497,9.173002,7.740912304268688
34,139,20.0,11.630175580755722,4.35957455746011,8.746319505907593,11.737396,9.11836647108945
34,140,19.0,9.956903017600274,6.118277322295032,7.8903190722901835,9.122896,8.272098901660874
34,141,18.0,10.094884589715228,8.857784854836101,2.69176066274812,8.84738,7.622952447936923
34,142,17.0,9.289406461858885,9.64144191390341,3.647555447725251,7.4808865,7.5148225707095335
34,143,16.0,8.822840548470452,6.9013488194410435,4.671860736508092,8.344168,7.185054453442543
34,144,15.0,10.599912137660862,1.5197927609390227,7.100920049946966,9.384101,7.1511814656370785
34,145,14.0,9.676950889130087,9.568922183513472,3.144179687483229,10.198097,8.147037497282673
34,146,13.0,9.058411592403292,12.607738857095198,3.0528540730948794,7.497841,8.054211350985256
34,147,12.0,8.667637872024716,5.158203274105812,4.259035443382464,8.67322,6.689524067574782
34,148,11.0,11.539334361741005,4.412712861286558,7.964123749991267,12.888503,9.201168511916206
34,149,10.0,10.036527869354108,8.421904210527117,4.430536626448907,10.494398,8.34584170584889
34,150,9.0,10.206932183467133,2.81690431989707,7.4944271555122235,13.142647,8.415227612106802
34,151,8.0,11.5184205480299,5.172828122000077,7.89938873660033,13.245821,9.459114601443954
34,152,7.0,11.636949772717815,5.558194030000944,7.888666048875178,13.942657,9.756616830574266
34,153,6.0,9.91854470141443,5.898260452132682,6.9022578218434445,8.20188,7.730235857601912
34,154,5.0,7.455576179444416,0.9959769282636337,5.808758440584457,9.108972,5.842320786014167
34,155,4.0,9.772721304895432,7.848409584839246,4.2290614099507255,9.753194,7.900846538742762
34,156,3.0,10.958399530135594,5.323809679825743,7.24195786084259,10.106865,8.407758000000786
34,157,2.0,10.92010287888416,3.289314383555041,7.7042771666111465,12.136024,8.512429726037002
34,158,1.0,10.289899101962517,0.8948035579903966,6.288350302723332,10.297263,6.942579027030756
34,159,1.0,3.5314433304115282,-4.628941722304102,2.2573558838151886,4.2551293,1.3537467073083516
34,160,4.0,10.829936211579831,6.106296032653191,7.230093082447086,9.721074,8.471849857747298
34,161,3.0,9.626024817412453,10.119881118718567,2.707298607650145,9.391448,7.961163141179056
34,162,2.0,6.103765110158808,-0.7243649119082285,6.45157391147222,8.611886,5.110715033549474
34,163,1.0,6.597875059270763,-0.5456105542573546,5.81942334043608,7.1388507,4.752634633595953
34,164,7.0,8.951103571554425,2.2716850006355145,6.665562314155483,9.404345,6.82317386126531
34,165,6.0,2.761206731882016,-6.273797887242271,1.4014864372152935,3.6369743,0.3814674041429589
34,166,5.0,9.50700559031445,-0.723133215570666,5.0719364079683125,7.099472,5.238820207152633
34,167,4.0,10.011472566967376,4.80764719563901,6.704548249632495,10.290725,7.953598191643094
34,168,3.0,7.243169452412804,0.5893033194655786,5.508415879606389,7.4937553,5.208660998015236
34,169,2.0,4.1358787098793695,-4.521557066417525,1.5688678849492916,4.257843,1.3602581364973152
34,170,1.0,2.810903899010409,-3.8049380173616463,1.6934906225791266,3.5936944,1.0732877381747397
34,171,1.0,11.670708119224471,3.290621698810174,9.09265557638979,10.117324,8.54282731746292
40,1,3.0,11.328423610222016,9.516003503572069,3.8545497748579436,13.830169,9.632286403178021
40,2,2.0,9.87560049301787,8.912951316890318,3.6196716185966746,8.949345,7.839392015878657
40,3,1.0,10.671383159528995,13.433835378815537,4.442631933689556,10.625666,9.793379034176734
40,4,1.0,9.165177927940636,11.208823716110171,4.241859026408356,6.3334465,7.737326793286178
40,5,1.0,9.57495383002821,8.577387739073469,3.616564223624014,7.348318,7.27930597317532
40,6,2.0,10.36564852291694,14.190363210123902,3.796377234030988,10.882383,9.808693078407362
40,7,1.0,10.169397996440582,14.72560437077886,3.8084608054945495,9.016532,9.429998779247223
40,8,2.0,11.97765558454048,7.579772308583042,5.807474058390785,12.365039,9.432485205819862
40,9,1.0,9.775392193265073,8.022427256079332,4.718357603426188,10.079077,8.148813454934592
40,10,1.0,8.83156794914415,8.888144824540962,3.7774428198906413,9.261364,7.689629894182512
40,11,1.0,10.599682062449654,8.707551826381707,4.151916549873908,9.889854,8.337251217464404
40,12,1.0,9.286947197280275,9.579640432580437,3.3478850408360685,7.219633,7.358526443278443
40,13,1.0,9.134432597741137,13.386904479468214,3.5175344708690375,8.295989,8.583715146159612
40,14,1.0,10.541453469320935,17.207627239234323,6.028599701980053,11.417655,11.298833850421303
40,15,2.0,10.020331003571261,8.426586825951208,2.8015225728453057,9.214625,7.61576644023733
40,16,1.0,9.794548950291375,9.219449737177587,2.2328045149923526,9.769938,7.754185417848605
40,17,3.0,11.289533065321395,10.26637269771835,4.035983363410146,10.956927,9.137204106487351
40,18,2.0,10.010854607325024,14.037661069155497,4.148459773431528,10.487532,9.671126777974838
40,19,1.0,8.794428323831292,10.991354039476665,2.619975867377894,5.9681997,7.093489490151322
40,20,1.0,9.442318655328386,11.051364291833462,2.1606642905023676,8.56873,7.805769397993324
40,21,1.0,10.49097083391031,12.030731660099086,3.59725493176245,10.246853,9.091452575131926
40,22,3.0,8.830075285472498,8.073079626381542,3.7215019482887506,8.471056,7.273928211159965
40,23,2.0,8.93756843318988,13.629242908268235,3.3444902681254085,8.425712,8.584253310339605
40,24,1.0,8.918758159991022,10.838207673956607,2.4689677014074167,7.780042,7.50149392670833
40,25,1.0,9.490306568238507,7.634697750832878,3.8673753064828897,10.997078,7.997364391862202
40,26,1.0,10.268752709835987,16.94323757277724,5.9646267497412335,12.329097,11.376428456620719
40,27,1.0,9.399302733878043,6.681475209975638,5.202714252446503,8.852415,7.533976820284764
40,28,1.0,10.106137083388315,5.4343960003738765,6.829276147287505,10.740497,8.277576466621678
40,29,2.0,9.579127369331784,15.383749813406551,4.9957884764082685,11.710198,10.417216015387847
40,30,1.0,9.485320037598383,14.446730984388966,6.108373301468735,9.240627,9.82026290306861
40,31,2.0,9.441679506897914,12.516156277699505,3.7721756480498243,9.388535,8.77963649463642
40,32,1.0,11.123033287251864,6.511263847124447,4.960150310379184,11.915918,8.627591448743805
40,33,1.0,9.541126778184458,13.114773261401671,3.8345070885642745,9.430062,8.980117355539187
40,34,1.0,11.507580381612286,3.4784430914936024,8.66264990699068,12.027807,8.919120153953585
40,35,1.0,8.828809711044919,11.050215497591847,2.4150336230146365,7.963617,7.564418919910836
40,36,1.0,10.089549919757111,0.38505650617545584,5.508389641340809,9.788668,6.442915936526596
40,37,1.0,10.020553296296566,16.922587158819276,6.66170002497746,9.541818,10.78666453629835
40,38,11.0,11.19862406237361,9.090730312082645,4.272336536366781,14.42737,9.747265245558543
40,39,10.0,10.996745570492703,7.485614698097812,5.495910819363498,11.777698,8.93899216278135
40,40,9.0,9.41964002192399,7.442266994623889,5.048262913695838,9.423659,7.833457313722429
40,41,8.0,9.242496965491592,15.126047978285973,4.731176019576658,11.172601,10.068080427377252
40,42,7.0,11.06518549181862,8.016136458179382,4.206138931496595,10.697371,8.49620785266735
40,43,6.0,10.831024131207245,8.139985970477344,4.650936057695459,11.720622,8.83564205551579
40,44,5.0,9.193783666745109,10.259591834775105,2.717923125970337,9.458556,7.907463700680621
40,45,4.0,10.558549903929388,6.947607049614017,5.823271198426436,9.804075,8.283375848264676
40,46,3.0,11.66212306727738,7.112061883585934,5.857673938098264,13.378986,9.50271131190104
40,47,2.0,10.95627132030824,7.112707750569978,6.145919988130366,12.52463,9.184882162976024
40,48,1.0,10.743359749275271,8.724182068168417,5.061319407670652,10.891772,8.855158373829244
40,49,1.0,9.263329585520069,12.979818875775356,3.895942102187659,9.397062,8.884038216279707
40,50,6.0,10.236063444651178,8.08212788196579,4.884676983451644,10.49609,8.424739561342836
40,51,5.0,8.943159324348668,12.563066534769106,2.987815911018604,6.516692,7.75268348292411
40,52,4.0,9.697498218742412,7.059191840614638,5.749276067967699,8.030576,7.634135469895762
40,53,3.0,9.858896103442474,15.10343911496537,4.748840418550362,10.05996,9.942784000563403
40,54,2.0,9.325944064147706,8.10445984472624,3.474621174722282,7.300349,7.051343579782724
40,55,1.0,10.043066655211076,8.55644425038027,2.770697435882287,8.616475,7.496670861689819
40,56,2.0,9.539212523240604,14.20207182761981,4.671298324505118,10.031209,9.61094791684248
40,57,1.0,9.069252115399046,10.93666013435573,2.5315435977636334,7.7115207,7.562244129840723
40,58,9.0,11.363333504156685,5.343936066193148,8.260627744853915,12.301372,9.317317222401401
40,59,8.0,9.243076543940177,7.272486435924357,4.52592632855143,8.368253,7.352435515656847
40,60,7.0,8.749234510398235,10.334743175249546,2.343417656353912,8.246387,7.418445467504208
40,61,6.0,11.175048358559778,9.903180115415303,4.040566462498667,11.683612,9.20060170157144
40,62,5.0,9.76933158210466,12.705527602679924,3.42448497322059,8.110181,8.502381253200635
40,63,4.0,10.480513601692769,9.609041487183038,3.7776517038421957,10.17601,8.510804231138485
40,64,3.0,9.980236629169271,7.030248596644007,6.186773768694904,11.562156,8.68985367951999
40,65,2.0,9.826287543747036,16.62798625248265,6.043890254126314,10.370032,10.717049090210459
40,66,1.0,8.998170874014503,10.713714818194859,2.6565235151234283,5.4770913,6.96137512993531
40,67,1.0,9.0093749827752,14.208360690180555,3.9615187734824566,7.6288304,8.702021219832513
40,68,2.0,9.142884870757104,6.0760672939092295,5.87864105343704,10.785358,7.970737911764613
40,69,1.0,10.527791973637513,4.439043841765784,7.944768459744634,11.378377,8.572495308975581
40,70,1.0,10.03406162373561,10.453881894620153,1.9595808325931525,9.239359,7.921720813231614
40,71,8.0,11.086788579351499,10.083882085414483,3.6759145218105296,13.086304,9.483222224378503
40,72,7.0,12.106278077514634,6.140285602149106,8.148698638306897,13.455509,9.962692875940412
40,73,6.0,9.117285850206018,9.761028104988693,4.12670052274628,8.964458,7.992368235879291
40,74,5.0,9.233466891699091,10.47008932718953,2.698431057172394,8.804861,7.80171208619665
40,75,4.0,10.620758100300002,8.220494146999169,4.8103672572353045,10.019734,8.417838471790967
40,76,3.0,12.020346844700335,5.228415126728162,7.741163710676193,14.827234,9.954289987573292
40,77,2.0,11.961127096534778,8.134054060965298,5.655487007486725,10.449012,9.049919991915035
40,78,1.0,8.857121393807661,8.07609300730179,3.4669206799572123,8.747398,7.286883364382877
40,79,1.0,9.723079259366541,10.707081380024071,2.1806542354629137,6.7385445,7.337339834741214
40,80,64.0,10.985403098105783,8.781976509031342,4.719164040562209,11.440082,8.981656311018462
40,81,63.0,9.748538100275638,7.864311874549596,4.087491183188208,8.957579,7.664479954267765
40,82,62.0,11.119397811562584,8.334848194311459,5.335132131752342,10.0571785,8.71163915873521
40,83,61.0,9.299489973614783,6.978190408289393,5.04034775523564,10.146445,7.866118352873211
40,84,60.0,10.86322428237281,4.473748781199621,7.448866158658113,11.073491,8.464832579681781
40,85,59.0,10.856561546888942,8.41617259813248,4.435412374239686,9.937661,8.411451922555145
40,86,58.0,10.062262123596277,1.9380663988739286,7.073009822867946,9.954281,7.256904799652409
40,87,57.0,11.694877980296521,1.5083893976427198,8.430355510193145,11.317767,8.237847507845474
40,88,56.0,11.812324426723887,7.583955199965761,5.284646991513689,12.126681,9.20190198650579
40,89,55.0,10.552325503272138,9.387112353431021,4.670713367336155,8.915475,8.381406528925478
40,90,54.0,12.064726048483742,7.507776906706585,6.076654222043896,14.070836,9.929998311108482
40,91,53.0,10.474142570094264,0.1372180954686968,6.554155826216922,8.6149,6.445104031773706
40,92,52.0,9.670983056477258,5.191059671320243,7.040570106981878,7.638414,7.385256685219198
40,93,51.0,9.643502032160328,7.39722001056581,4.38168976622412,9.168668,7.647769900556046
40,94,50.0,10.818073752495664,6.954274606644212,5.719114470880344,10.634494,8.53148916446001
40,95,49.0,11.058468227962337,3.878119087414941,7.5118131490442,11.698596,8.536749116273217
40,96,48.0,11.997193538698571,8.80727386051419,5.404381158443464,12.082724,9.572893043802484
40,97,47.0,12.060074485805597,3.578383872641723,9.519035553376751,13.119345,9.569209655781945
40,98,46.0,11.150308503050274,10.285886191659252,3.812420393204299,11.311726,9.140085176092226
40,99,45.0,9.997713526540219,8.85301285849808,4.223254247994586,9.240184,8.07854111582353
40,100,44.0,8.969062796176143,4.97033457794447,6.66170133502794,11.597573,8.049667997370756
40,101,43.0,12.020843797278955,3.7420235449656865,7.805420760920004,12.9351,9.125846926227563
40,102,42.0,10.915244640615914,-0.04790414611314375,5.370103111039937,10.558987,6.699107567340267
40,103,41.0,10.10987939258178,2.0600786956706223,8.483629512667155,9.464158,7.529436414771515
40,104,40.0,10.946740582186285,5.444629470937333,6.571943121166447,12.493401,8.864178437005133
40,105,39.0,11.246229364711285,2.5736320540318083,8.753644762734421,11.440197,8.503425793111077
40,106,38.0,8.426613347954525,2.2359042812340633,6.000834491263863,8.418651,6.27050068689717
40,107,37.0,10.509788090882054,8.245495155324516,3.416299939853353,11.835637,8.501805069662563
40,108,36.0,10.39512674097366,-1.2967546976958069,5.092556156556952,9.771778,5.990676576631065
40,109,35.0,11.75552128791361,6.5808883873609325,7.358443841624895,13.021631,9.67912118943604
40,110,34.0,11.832529168476889,3.908240259502996,8.642105788372318,12.244096,9.156742754664833
40,111,33.0,12.379071156777998,1.4072926128313874,8.647285585462996,13.641263,9.018728090797515
40,112,32.0,11.70628770321573,4.718067213844218,9.007817256444707,12.745557,9.54443225121613
40,113,31.0,9.322291543958492,6.524180732624686,4.349760275332468,10.526179,7.6806029663938284
40,114,30.0,9.718114849741472,3.8276318542513117,7.966974749128447,12.777136,8.572464325530063
40,115,29.0,9.982916028344414,10.37060388584013,3.5241049441533416,9.295364,8.293247309555175
40,116,28.0,9.924083192788492,-0.7754584037983925,5.38373455948096,8.483928,5.754071768804167
40,117,27.0,8.642432966232041,2.4836435043292937,7.035209416080786,9.330779,6.873016240566169
40,118,26.0,11.803280134870333,6.140536052350512,7.46433567562772,14.042303,9.86261373704393
40,119,25.0,9.502097026253283,7.54477900662766,4.465388021220576,8.689245,7.550377319525136
40,120,24.0,10.737989451025804,3.321122465337467,8.110127155460209,10.266881,8.109030015224548
40,121,23.0,9.752625127756827,10.210803119532802,2.055377048127049,8.955934,7.743684716569623
40,122,22.0,4.2110967390676715,-4.425859231856041,2.255898499742985,4.651247,1.673095757872687
40,123,21.0,11.551735110373208,3.562809249288488,8.813366099287201,12.423348,9.087814721441937
40,124,20.0,9.032833111977238,-1.2112864209149699,4.326243869355844,8.155298,5.075772198362585
40,125,19.0,12.799052133779561,6.826424168009012,7.310996248041111,15.28252,10.554748211004785
40,126,18.0,7.858410908873991,2.012473862547079,5.656124694404488,8.841802,6.092202777299285
40,127,17.0,11.701681196308042,7.901948893321091,4.076404623938831,13.1448555,9.206222553208885
40,128,16.0,9.412708461964431,0.2801479415607808,7.882282787169331,11.388752,7.24097279358428
40,129,15.0,6.731516930363463,0.512276791302746,6.84252102280345,8.074621,5.540233986257796
40,130,14.0,5.445719912301055,1.2288547298758026,5.164245638464823,5.9755335,4.45358844151357
40,131,13.0,10.992696029887773,3.231773944665971,8.143930572555188,11.053264,8.355416052838635
40,132,12.0,5.866608353840146,0.9077541751854135,5.04436148802203,8.496892,5.078903998112605
40,133,11.0,9.725620111698685,2.167708249441322,6.598668135140887,9.858789,7.087696485062655
40,134,10.0,10.971321151457712,1.0590829919148455,7.163487265776103,10.204769,7.349665135917537
40,135,9.0,3.3285628531683074,-5.58417630667083,1.3951907467844187,2.5425029,0.4205200433445828
40,136,8.0,10.733992842432682,-0.14287176923394185,5.600480563048164,8.465924,6.164381474811848
40,137,7.0,7.815727476620874,0.9268449571733548,7.423629439867408,8.269103,6.108826230973393
40,138,6.0,11.557716912770532,5.019968886458788,8.486554808386334,13.04521,9.527362623064803
40,139,5.0,10.514064041826526,4.497464403619194,8.45943276691609,12.659046,9.032501846364378
40,140,4.0,10.868715435665306,2.2041980485204853,7.819742764936864,10.079497,7.743038396615991
40,141,3.0,7.106434329542,1.934951773206972,6.250952706776781,8.975942,6.067070116886443
40,142,2.0,8.860556248621414,-3.5687862553403846,2.6770626838499094,5.8767695,3.4614005549562576
40,143,1.0,10.97906163570306,6.802807432276648,6.156158779820579,10.644084,8.645527956136473
40,144,1.0,4.225035423052078,-6.2326629521677255,1.0685567963456393,1.8444804,0.22635241563676733
40,145,1.0,3.4833593377680647,-5.047084853332027,1.0096685367588023,1.764986,0.3027322648507119
40,146,2.0,11.161720595428614,3.0313957208408695,7.922193510307987,11.064835,8.295036105326009
40,147,1.0,10.619592602882578,2.166661948630697,7.140950178813519,9.80576,7.433241278483187
40,148,1.0,5.62578239785631,-4.611774017017343,2.1479860595396794,4.909246,2.017810102060909
40,149,1.0,6.281708810105587,2.6437237592913796,6.817904815447475,8.633329,6.094166694080984
40,150,1.0,2.8676038262094528,-7.686805598400046,0.8427716214194838,2.7200677,-0.3140906028211037
40,151,1.0,6.503331749915076,-0.13226245524008817,4.2523092506200495,6.1452193,4.192149467828581
40,152,2.0,3.2263421893253383,-6.555924040569334,0.9784240466491294,3.9941845,0.41075667235592217
40,153,1.0,10.690576157980038,0.5230863231313272,6.868342551741845,9.638076,6.930020215351364
40,154,1.0,3.3964861761347613,-8.098990253509324,2.0538639459798915,3.1707654,0.13053131713454746
40,155,3.0,3.612653540657248,-4.204182219488427,1.5210979345120172,1.9395331,0.7172755925285318
40,156,2.0,2.9896802739559045,-7.560076669292446,1.521456162827704,1.7181146,-0.3327064045055357
40,157,1.0,2.801810605847317,-3.96122027065611,1.2716504111509295,2.38606,0.6245751864520197
40,158,1.0,2.5495439307573573,-7.161659418703476,1.6401787559347412,1.2078083,-0.4410321189655213
40,159,4.0,3.710153700466106,-6.524486959656873,1.0808868350966563,3.4851081,0.43791542825915675
40,160,3.0,2.8433624128868074,-10.027636065591036,3.434337777927496,1.9297869,-0.4550372385573118
40,161,2.0,2.8979136943118755,-7.60265894844154,1.1636685061757301,1.8570725,-0.421001068845402
40,162,1.0,3.127901452270586,-6.267461928769212,1.8344035290800065,3.0497627,0.4361514446028647
40,163,1.0,6.049225246009416,-1.6579396480000348,4.031696112680322,7.463884,3.9717163968725604
45,1,76.0,40.03761769183464,30.123563264041458,30.128084894754814,35.91948,34.05218630518702
45,2,75.0,37.19214265730872,29.651452528610704,34.0502307457502,35.41125,34.076269249946215
45,3,74.0,69.67393510467957,36.86466545377101,79.56785175497005,78.61236,66.17970260167058
45,4,73.0,38.45632446443276,29.020867082559214,27.885271146643163,38.15671,33.37979356800107
45,5,72.0,10.79632368535054,22.035291431076928,3.7643480673754635,10.461459,11.764355585913503
45,6,71.0,62.337373211217674,33.84789699807202,67.76021459532305,55.85374,54.94980637418785
45,7,70.0,44.65420670174417,30.25191908135221,39.60709539388969,47.138874,40.413023807735286
45,8,69.0,73.92062032244046,34.117643233145444,62.588934808461154,64.11804,58.68631008905864
45,9,68.0,39.0756497137118,29.310920045716273,30.276028394855555,51.712868,37.593866472775005
45,10,67.0,34.92310673985557,30.084242473870873,33.752792418024626,29.167925,31.98201662818313
45,11,66.0,37.133475240609,28.486579133087055,20.058099274039666,38.13304,30.952798757392916
45,12,65.0,39.49369225771949,29.95824900206876,30.453111424099184,41.560776,35.36645711018084
45,13,64.0,86.13740339677774,37.412235714196804,74.51902620009302,67.40097,66.36740894251298
45,14,63.0,79.06840565516582,37.540974561260995,84.76324573246076,78.348526,69.93028798746603
45,15,62.0,10.547716874885419,24.446851311674813,3.7683659558537386,7.098166,11.465275032834022
45,16,61.0,43.76378301212815,29.66257731339337,30.306868877681396,38.62297,35.58904994606441
45,17,60.0,63.52108626981412,32.992476928029056,42.917612729661315,67.0391,51.61756914361929
45,18,59.0,37.101096468305634,28.16939171571968,19.774877741065257,33.70439,29.687439351145688
45,19,58.0,61.12185606165741,35.56516433525818,72.05500792535724,44.97557,53.42939975024594
45,20,57.0,14.157930685540592,25.82379606037162,10.316481677383397,14.236685,16.133723305622485
45,21,56.0,39.79807075114193,30.389633432042412,34.33159942412175,37.93523,35.61363346560826
45,22,55.0,27.080208504664732,27.662085331263846,15.561825372104524,20.958162,22.81557037894309
45,23,54.0,60.72682993042128,33.19990716037134,61.1640978113883,64.44402,54.883714508626284
45,24,53.0,13.383168424464138,26.065539921637352,6.052479560812666,17.7652,15.81659689204226
45,25,52.0,49.91785769501234,29.99673035887936,38.36307976726913,42.689266,40.241733506498704
45,26,51.0,64.92863752386302,30.27316081342907,26.597503544029507,63.68826,46.37189025151936
45,27,50.0,50.78718436323005,32.473458193049346,45.147775352091045,38.108166,41.62914591233431
45,28,49.0,71.6726143151312,37.51075879916045,82.46942326507096,74.99612,66.66222825438655
45,29,48.0,64.25205947731135,36.14547926112547,74.79932706064263,48.681225,55.96952265551937
45,30,47.0,52.667483646333245,31.93787026481568,45.60684847432708,56.548477,46.690169889581895
45,31,46.0,41.31390457530318,31.599741027875023,39.827317568132244,41.01569,38.43916325529099
45,32,45.0,18.957919448034843,26.04886794810447,10.641879058501415,12.646109,17.073693770490017
45,33,44.0,54.28629352931486,31.885581564310105,49.444333256064574,63.09385,49.67751438295461
45,34,43.0,47.76217141883814,31.89268868636293,49.07646719179507,49.72727,44.61464887899757
45,35,42.0,35.92172598453216,28.585759526368378,19.901367374777593,38.043514,30.61309178434678
45,36,41.0,56.61139317616436,31.876022545034758,47.621675924309265,60.74645,49.21388504058852
45,37,40.0,50.29580640507327,32.39873465757894,44.31668410105523,32.692863,39.92602215701572
45,38,39.0,41.165748034256055,30.17919491183014,31.524351530911048,38.66159,35.38272126329228
45,39,38.0,59.730699096645075,34.14112769720816,65.98250600293065,54.726414,53.64518663089763
45,40,37.0,52.94840686186253,31.081655177084674,38.32393306126398,61.850246,46.05106038241364
45,41,36.0,16.12319065981944,26.761078320137777,13.76823736889751,24.800032,20.36313450271051
45,42,35.0,66.8020236040178,33.57706428148167,65.38961260152712,76.768906,60.63440153166876
45,43,34.0,55.266874618899394,32.354655733607245,48.83770900622553,66.74087,50.800026743369564
45,44,33.0,66.69560116440796,34.26614345688558,67.07542611401115,69.1629,59.30001839183399
45,45,32.0,57.077041891554465,31.528278109853453,45.483570780598406,53.695297,46.94604700580432
45,46,31.0,11.25569280228362,19.08987680694414,8.328954713413511,15.02887,13.42584848788688
45,47,30.0,40.97381318318084,32.49507771291934,46.32927811481329,43.129276,40.731861321637055
45,48,29.0,42.843976592026294,29.849615846185944,30.882213902758085,29.504845,33.27016275162441
45,49,28.0,29.277188752027985,27.914424494446138,14.513006262076184,22.109741,23.453590179871952
45,50,27.0,35.40949460203037,25.79659512320388,6.268441845454747,42.5326,27.501782993380257
45,51,26.0,22.128872230666474,26.580825193545024,12.971992949602438,15.766959,19.362162391045647
45,52,25.0,15.563883162007132,27.016312562543053,16.436752914030198,24.411476,20.857106193458574
45,53,24.0,10.777352987459542,19.44407447404438,5.543719333431559,11.243596,11.752185717975204
45,54,23.0,29.11278942591437,28.64058619982204,27.2370980942737,33.387665,29.594534628732998
45,55,22.0,53.77490514791374,31.523487415189138,35.43584449463823,63.182014,45.97906288076828
45,56,21.0,14.701222775867713,28.234469226412912,14.593166511088663,16.367311,18.474042497757605
45,57,20.0,11.656688778037603,23.52058880054618,2.854505167989524,12.857787,12.722392469709122
45,58,19.0,10.662888910140234,21.708901375223753,4.03761990457534,11.226414,11.90895597918649
45,59,18.0,10.838907178994589,23.694544382766388,2.706417177355201,16.23643,13.369074488398429
45,60,17.0,9.140045158460714,23.38036435882706,2.213246506905003,7.0345316,10.442046904378882
45,61,16.0,24.040301590150662,26.368041541684047,9.306249073280576,23.662886,20.84436946775221
45,62,15.0,9.501809678386563,24.03290734737446,3.6721206138333446,9.80068,11.751879450029207
45,63,14.0,35.067784167404426,29.5908162996863,29.072875056698216,38.91708,33.16213886233151
45,64,13.0,33.90059823407764,29.51272632895424,31.109508384855385,42.01113,34.13349105862709
45,65,12.0,12.592038742085348,26.166663712929846,6.64551002704547,11.664817,14.267257334611235
45,66,11.0,21.87411357661047,26.09920330780752,10.905079766505992,25.272371,21.037691985759558
45,67,10.0,55.26726897794647,30.893217223932922,37.39004296903259,53.75619,44.32668010614353
45,68,9.0,36.11207071400286,29.878397149338614,36.00500808851827,45.642704,36.90954499046738
45,69,8.0,9.89876643849496,25.39209069478156,6.572140339415862,10.602826,13.116455897790404
45,70,7.0,32.02683182940028,28.457121198564195,21.953295460985387,36.054306,29.622888629805825
45,71,6.0,9.38863934481245,23.74094261011033,3.638185719468387,8.9485655,11.429083289371109
45,72,5.0,9.891948199399806,23.274702224919327,3.4314990314234493,11.772651,12.092700043607886
45,73,4.0,49.593519418700396,33.882660493946084,63.67607227089369,46.05448,48.30168342247195
45,74,3.0,43.59285117420881,29.886822307611894,34.6683552984982,38.53694,36.6712425771598
45,75,2.0,9.539815834959645,24.657991270461807,3.2391577899329977,8.8376665,11.568657851722524
45,76,1.0,13.099907982987215,26.432228784394034,9.831401107990276,24.582718,18.486563942719833
45,77,1.0,9.178963151677657,21.27530687116796,5.361553384920477,10.362391,11.54455371990722
45,78,4.0,20.754839322226466,27.78034719075268,16.048329764097904,26.723612,22.826782027185523
45,79,3.0,10.473431426459634,24.432701190623973,3.0470854560530096,13.151592,12.776202581943823
45,80,2.0,24.22205102408597,28.009983231805762,21.250355741453188,20.62947,23.52796520563506
45,81,1.0,10.70071778828832,25.163951587241115,3.6159085596475755,12.556973,13.009387848128359
45,82,1.0,10.317970306056317,20.044884184347936,5.425884296172189,10.344329,11.533266916721626
45,83,3.0,10.625510943220725,18.2695370055279,6.277856855701584,9.764626,11.234382588441655
45,84,2.0,16.97650333606847,24.56424648801501,5.738353859448578,14.411017,15.422530275359943
45,85,1.0,27.485411604990063,28.691694152820737,18.4027464016222,21.695385,24.068809284670262
45,86,1.0,11.994830042398473,18.0562694328392,6.473019719713609,10.21143,11.683887197724637
45,87,1.0,27.668046377365016,28.84705129849424,19.56439390342837,23.962072,25.010390987931036
45,88,1.0,14.329077548779415,19.999152977006368,6.050926253432902,17.192654,14.392952608806137
45,89,1.0,10.852356901842427,24.31236943213797,2.7753488111066034,15.118029,13.264525946458518
45,90,2.0,10.447616000842013,20.770840078899177,5.04782253034163,11.77048,12.009189691506911
45,91,1.0,12.535234109521918,17.837711522791203,8.409696607601479,10.521932,12.326143472042247
45,92,3.0,12.382681339080179,19.210325370427825,5.3356921031762,17.654173,13.645717927505768
45,93,2.0,10.58254042967925,22.62978281885649,3.842585084917893,11.281422,12.084082498707646
45,94,1.0,15.431337326824439,26.358230288252436,6.387835025642012,31.421253,19.89966396126615
45,95,1.0,11.520181824988995,21.85786252479238,3.0177361655380075,19.08331,13.869772422225843
45,96,1.0,10.401136157561929,25.096334871057884,5.355576883522279,11.074006,12.981763498192382
45,97,21.0,9.994899067489072,13.468331471510762,3.7656765846370384,9.19331,9.105554226893105
45,98,20.0,10.421038215237573,18.91341842973657,5.550133773789586,14.241934,12.281631060348891
45,99,19.0,11.263418131993118,18.180289897127047,5.90737105735581,12.450751,11.95045759777561
45,100,18.0,9.282471046391207,14.54417026992003,4.81280801650116,8.156055,9.198876195812963
45,101,17.0,8.980748387574158,13.878654882305542,3.862613984850981,8.3366,8.764654389595146
45,102,16.0,10.058643970090078,17.830314993822757,6.461075445463223,11.543581,11.473403854571798
45,103,15.0,13.99119914062391,25.90895014800723,8.899688801663206,8.92306,14.43072462686741
45,104,14.0,11.41739937746733,18.755778419412437,5.887857994382719,7.5877314,10.912191788162911
45,105,13.0,11.031332633796579,16.785796357122322,6.20285087791858,10.11309,11.033267357574971
45,106,12.0,9.196596421028188,13.909669842720565,3.716756243874567,9.240321,9.015835916746529
45,107,11.0,8.923884157929903,21.70421971267608,2.8864223660917983,12.724566,11.559773174088386
45,108,10.0,10.284511732356975,14.12058497386173,3.772663354445079,9.392037,9.392449363081596
45,109,9.0,10.444325203118533,19.476475587642582,5.503990296983032,9.753195,11.294496474176027
45,110,8.0,9.304688687245799,20.652758231763208,3.850700110849722,7.211947,10.255023498530662
45,111,7.0,10.879615404047641,15.343763528149987,5.0205418478603185,13.294899,11.134704941718589
45,112,6.0,13.884554027914897,16.309828265366132,5.053612330332559,8.900463,11.03711443196541
45,113,5.0,9.289397401375236,14.67682736286885,4.560983450112049,9.941362,9.617142648834395
45,114,4.0,10.030021774043615,10.086430301856748,3.4583771056637023,9.405513,8.24508549782937
45,115,3.0,9.23418220679505,11.462569368083049,2.7865233388139323,5.5067086,7.247495883917698
45,116,2.0,8.886811607500636,8.44109920435233,5.283726780903098,10.775754,8.346847891917655
45,117,1.0,10.077174672948825,17.207543220645384,6.307891236284069,9.663256,10.81396620535165
45,118,1.0,9.504428860102383,9.807956436868807,4.291372721263334,9.598319,8.300519267971106
45,119,3.0,8.825468132448336,10.968380087181945,2.6498161151082353,7.6207266,7.5160977300316745
45,120,2.0,9.774256697138759,14.504073468082424,4.652374904426988,10.433797,9.841125488069391
45,121,1.0,9.660438739279497,14.775104236502411,5.016977861237843,9.621794,9.768578645991997
45,122,2.0,10.424511316858604,4.2507319331658735,8.748480125354064,9.654709,8.269608059420808
45,123,1.0,10.459936247573264,9.794342772322619,3.901046618517782,10.008416,8.540935453563987
45,124,1.0,9.736652081288844,16.89921872136074,6.779839934080256,9.027555,10.610816550607021
45,125,14.0,9.156202471393241,11.85194712418076,2.4540080269420876,9.454689,8.229211662098749
45,126,13.0,9.043712010900084,9.420820954924508,2.60336958929917,8.745301,7.453300950441707
45,127,12.0,9.690381244968073,12.321754602761425,4.3232196397200635,8.670322,8.751419476415613
45,128,11.0,12.80751762763781,7.333627756268246,6.257468483240771,14.83578,10.308598502721155
45,129,10.0,9.04994827939536,6.636620614277977,4.571647984855799,8.918093,7.294077401547567
45,130,9.0,11.24661974208557,7.572632476127421,4.868714442026819,10.883758,8.642931062871842
45,131,8.0,9.353200682085118,1.2571677075641041,6.364395147577209,8.985993,6.490189230635343
45,132,7.0,7.686002665567677,1.5483587137806687,4.118368519325898,7.836502,5.297307993467389
45,133,6.0,10.819463975841854,5.670059634346657,8.353542240624455,12.231168,9.268558411021724
45,134,5.0,10.27713373523655,2.208454530123312,8.205815506664312,10.245394,7.734199381268983
45,135,4.0,12.420066983679254,2.622421566862844,8.779868220550767,15.90563,9.9319967206968
45,136,3.0,4.6554729762098965,-2.4932098996581864,2.4002721694842037,5.6271863,2.547430386101569
45,137,2.0,5.53079375134415,-2.5412995693098743,2.6061972914871063,6.0913143,2.92175144732932
45,138,1.0,4.048928801014035,-4.093242080279541,1.9327080587116345,3.6049886,1.3733458386069544
45,139,1.0,2.6529921597200685,-8.542954192781881,2.368101709146883,1.131355,-0.5976263191722444
45,140,1.0,3.783986539620037,-2.8766523262186254,2.8739425370924288,4.271013,2.0130723833860946
45,141,2.0,3.508562178589573,-7.561889653345322,1.015477144880263,5.588349,0.6376246339083869
45,142,1.0,2.5837900685796416,-5.857403677708707,1.0948416831241854,0.85393566,-0.3312090667682869
45,143,1.0,5.179969438683422,-1.2192818194295079,4.03492748458093,6.179927,3.5438854940220654
45,144,1.0,4.148579669187791,-3.1755304111850897,2.4716198913026712,4.574672,2.004835342860706
46,1,111.0,60.43418312956451,32.47898366204731,54.97398775864532,61.70801,52.398791544363604
46,2,110.0,52.73882214182102,31.57407187793487,31.576089905429388,35.110416,37.7498500843847
46,3,109.0,37.964486510223516,28.56465808542599,23.915010271051276,34.84986,31.32350400293008
46,4,108.0,49.92505126117671,31.64702916241135,44.65752567204748,45.46263,42.92305933030537
46,5,107.0,53.63305450566993,33.435264756632456,57.92389565518261,60.54254,51.38368910534781
46,6,106.0,42.405094834266464,33.63131916908754,55.56607238951402,44.745796,44.08707064912032
46,7,105.0,53.87904312556924,31.185773911853037,39.52485252768922,67.38127,47.99273523185404
46,8,104.0,44.54662480662758,30.61831433347062,33.12678397735482,55.022125,40.82846209039841
46,9,103.0,55.97990411804963,35.15889045933188,69.19786702755836,63.053722,55.84759599663292
46,10,102.0,51.95840411498305,34.22838830352997,60.668253481564065,67.35048,53.55138125651341
46,11,101.0,39.562491819027,30.3075316099382,35.9633878593356,49.141567,38.74374462963135
46,12,100.0,53.45450999676349,30.806397670374967,39.52607432392465,48.63354,43.10513077456021
46,13,99.0,68.67437725459892,34.18706020354281,66.1477166356353,75.66515,61.168576899298756
46,14,98.0,50.585118545207216,33.675974156387596,56.807564749992785,74.16548,53.8085347547426
46,15,97.0,30.24604813460992,28.239596063112828,23.058195943411526,27.61191,27.28893750186682
46,16,96.0,52.39413901177762,32.61974170923198,58.94512825580036,51.933224,48.9730581752938
46,17,95.0,56.03243072971093,34.412086874111665,61.93140165166337,51.953392,51.08232782107364
46,18,94.0,18.36266728590883,25.975700999887245,7.670106448152637,23.476665,18.871285057693722
46,19,93.0,43.17381124068625,30.5045760102075,34.58669869752124,36.638046,36.22578305326586
46,20,92.0,62.72172990445005,31.460766089871644,43.37689661322767,52.883522,47.610728660310194
46,21,91.0,47.54364546558207,30.865721348570982,33.0026334768379,19.32592,32.68448009899285
46,22,90.0,54.03290150866132,33.409824696087725,63.084770054794845,48.11361,49.66027639337719
46,23,89.0,67.35681249918933,36.86142846039615,81.02057434141291,58.81094,61.01243877245419
46,24,88.0,30.917918731269484,30.134947046803646,25.072710085788245,32.52418,29.662439307457042
46,25,87.0,41.617681529168465,30.69331112230676,34.90778848204176,34.643375,35.465539132561375
46,26,86.0,43.127775490560055,31.244509159736644,42.59929999375811,46.863197,40.95869549267874
46,27,85.0,38.3086785251023,28.782411892891155,28.146025467311553,24.72304,29.99003887809505
46,28,84.0,65.68920213724205,36.87405948729034,66.68330188198658,76.362755,61.402329582074074
46,29,83.0,24.084793262058774,28.81289512843019,19.910232505551008,14.749026,21.88923679864073
46,30,82.0,57.55992318234143,31.09960835936088,43.61381683618703,67.52965,49.95074905125944
46,31,81.0,69.35457688032051,33.21451427832599,60.24853834071388,67.01383,57.457865397911384
46,32,80.0,72.55293748783373,35.08540150657235,59.92494845922748,72.64004,60.050831247563664
46,33,79.0,29.468077452421355,28.34767816550881,20.16069366982358,34.29159,28.067010233010215
46,34,78.0,59.105026250093644,33.47642861617536,61.85195611478403,62.314827,54.18705948659627
46,35,77.0,68.99295852251356,34.47860299110789,66.62781327000741,56.851944,56.737829688338856
46,36,76.0,13.036184320855343,26.921721275831267,11.75642140841926,12.0063095,15.930159128595804
46,37,75.0,51.425911050172026,30.92299325021323,42.214613804535524,57.29566,45.46479405412326
46,38,74.0,52.74521309577904,34.34672664288838,64.38504184111441,46.76286,49.559960231066064
46,39,73.0,47.13078016017355,32.142292004590104,49.83071764561238,47.17988,44.07091701130983
46,40,72.0,55.34505402617452,32.90923814914153,49.27203053242058,69.22035,51.68666872014705
46,41,71.0,22.423471564813994,28.187433933629876,14.918807560476859,34.152775,24.920621967427937
46,42,70.0,47.26094043698715,30.029299874352645,32.48176089420046,49.12139,39.72334812548175
46,43,69.0,47.753221864038636,30.741372515537385,34.11343347753706,45.49797,39.52649960954194
46,44,68.0,10.60160713855715,25.281686858852908,6.895204314515591,4.6097264,11.84705618522781
46,45,67.0,56.36360277025516,32.74853834679908,54.85293810405082,60.636986,51.150516249978416
46,46,66.0,11.06895689540854,26.54861789290674,7.406110842201824,14.332173,14.838964744497563
46,47,65.0,61.397804401940455,32.49890279891524,54.272794531663536,57.35156,51.38026510445549
46,48,64.0,78.94033948044542,33.211189229938284,55.51664933385558,85.07577,63.18598639033228
46,49,63.0,42.40734054459414,30.136064602873695,29.91015620838798,49.554504,38.002016437596765
46,50,62.0,11.855465915800979,26.32809147815052,7.932014352654679,11.559688,14.418814840261774
46,51,61.0,21.820666306453468,28.39677520051636,22.119364764933092,31.703806,26.010153048841207
46,52,60.0,31.89927739883732,28.22699074454191,15.275306961058481,29.53808,26.234913829972953
46,53,59.0,39.5763903373117,30.50121312160028,29.29544627786683,43.634937,35.75199675578894
46,54,58.0,18.9261415187903,26.952058421114124,10.429500712725524,25.714775,20.50561893451979
46,55,57.0,28.852580139365436,30.003047892143698,25.912364242959434,36.775394,30.38584667854146
46,56,56.0,49.22501287914701,30.926167219674788,37.8300730379393,50.273483,42.06368410328207
46,57,55.0,91.93538037265833,37.01265221438555,72.44242403583019,121.37123,80.69042192549391
46,58,54.0,71.10843871936811,38.49013232222022,85.22577536034436,78.33275,68.28927370375466
46,59,53.0,63.15739217156383,33.00426670084056,57.90619718609433,70.80624,56.21852308139714
46,60,52.0,65.5895158602252,32.96224022272489,59.80961265945393,54.32755,53.172229430779225
46,61,51.0,24.442718281450947,28.514349573640477,20.673332525557726,27.104673,25.183768441567317
46,62,50.0,24.714823153052794,27.62437426812315,17.71276923330665,18.133156,22.046280619309126
46,63,49.0,70.13022740577134,35.73944114178481,72.95950085025464,69.50036,62.08238199483844
46,64,48.0,67.21055188499186,35.18954519827591,73.91525390151898,66.04189,60.58931099753946
46,65,47.0,42.14557102794354,32.111728337157714,43.92728521868301,30.624277,37.20221542466311
46,66,46.0,23.103809433551692,27.336920790986554,12.665653586830482,23.310787,21.604292753074112
46,67,45.0,15.680744475485374,26.093115636806402,6.080394318070397,11.855871,14.927531407730925
46,68,44.0,51.336604139244365,31.6703069651556,45.70250439906819,55.28148,45.997723596326026
46,69,43.0,45.35534769778965,29.362918784619225,25.714498328893676,37.560055,34.49820489758882
46,70,42.0,71.19738500640061,37.63784259132018,76.1038624903735,90.48765,68.85668452458705
46,71,41.0,18.078638874388176,26.49685456530741,8.360569484423197,13.964619,16.725170401745025
46,72,40.0,16.794371192228095,25.35044446770273,5.376065224836774,10.631497,14.538094566971319
46,73,39.0,30.457390858837353,26.99265198133734,10.833388091840735,34.208485,25.622978895418406
46,74,38.0,26.347651112266547,29.809610231910227,22.486669369467528,61.238453,34.97059590625531
46,75,37.0,33.81771960708088,29.23116000549364,21.018753311894443,47.584896,32.91313225302886
46,76,36.0,52.80668726792555,33.775992288935626,60.963057444982454,66.22679,53.44313209591989
46,77,35.0,19.65018582456253,27.063560120026438,12.09424064663164,23.278965,20.521737896889626
46,78,34.0,38.03789901254297,28.755712821015162,23.282503197623537,42.136868,33.05324563859376
46,79,33.0,22.711769648937548,26.64993791018829,12.697442623209996,23.093046,21.28804909267258
46,80,32.0,35.802992741647934,29.317133588850382,27.853916861323526,38.461376,32.85885484550185
46,81,31.0,26.950651077790912,28.331002048117885,15.691673921385224,41.4068,28.095031590925068
46,82,30.0,43.21768424246509,30.66684606166927,32.838326567896424,39.074997,36.44946345506824
46,83,29.0,15.912614535061909,23.85937635648522,6.083378420156198,17.851389,15.926689560744435
46,84,28.0,9.457403726863104,22.594261557333766,2.182521096288328,9.0652075,10.824848465467369
46,85,27.0,33.7070796244099,29.49101636436182,24.98176735211499,39.765965,31.986456962235838
46,86,26.0,34.17963660148869,30.673442215741638,32.84437302437688,31.784447,32.37047463947895
46,87,25.0,50.47312642652516,31.959022355506423,47.54212831992991,53.774086,45.93709077512416
46,88,24.0,49.8977439972518,31.329791570702277,38.08391824289677,51.562996,42.718612430373845
46,89,23.0,25.97997556807137,28.44394276496783,17.08788495873533,36.319664,26.957866823309843
46,90,22.0,16.41797209942147,26.68578415782794,10.227114123578453,24.54637,19.46930998336004
46,91,21.0,14.603647628663396,26.042450039781166,10.132535128907861,14.831008,16.40241018870273
46,92,20.0,26.355810121370027,29.45326514361473,28.47731363987311,27.964808,28.06279910380846
46,93,19.0,44.66532959472182,31.090347678669836,36.354890234057365,32.013092,36.03091488711616
46,94,18.0,11.789030668449577,25.544309474885335,5.541830093241771,10.455962,13.332783104416997
46,95,17.0,59.86051396873012,36.23260432408096,77.93525988033923,63.518543,59.38673035413963
46,96,16.0,25.603676118861017,26.759344871060954,12.540437153009332,36.442783,25.336560374661047
46,97,15.0,26.27811249967591,28.574039654476636,17.963180221337897,32.802788,26.40453003906304
46,98,14.0,11.429486559178098,24.605276705629887,4.830996916212577,7.5622635,12.107005917447523
46,99,13.0,29.523918503849586,28.947386093083395,23.775140576780274,39.225216,30.367915271394622
46,100,12.0,30.61256380049115,29.117673268341157,23.27689447825297,36.126045,29.783294193534015
46,101,11.0,11.084584379098956,22.490312307442004,3.002724006734214,10.433061,11.752670334833075
46,102,10.0,44.38221916687003,30.836515593456323,36.43483996361273,60.11337,42.941735927994046
46,103,9.0,12.564994531368473,24.281945584119534,3.0399404929228755,10.084455,12.492833786212218
46,104,8.0,15.934643758432554,26.003846294006486,7.160412611073991,14.633986,15.933222284149132
46,105,7.0,14.962388384599752,26.41980601031047,7.781053386327849,25.857817,18.755266119351266
46,106,6.0,10.187017987371,19.92017638180142,5.023109320543863,9.623845,11.18853719752978
46,107,5.0,10.975135379549815,25.868935848644924,5.226407928331863,11.2159395,13.321604669579038
46,108,4.0,36.60827943255211,28.489217470227523,23.103776401560438,33.385605,30.396719540684625
46,109,3.0,11.09563588068524,22.251551800431702,3.642478950572004,13.687268,12.669233722207515
46,110,2.0,32.12909356362766,28.39368344115543,15.451762023495535,35.768867,27.935851630238602
46,111,1.0,48.759458620433804,30.197580114660337,24.920618480390615,30.477058,33.58867890653232
46,112,1.0,15.504704086031966,26.214965536572223,6.520095793778198,12.232344,15.11802727252211
46,113,5.0,11.127591304463147,22.1499810726974,4.312916987284826,11.250656,12.210286373093766
46,114,4.0,16.409013689598577,26.048974907166254,7.6036905716063,24.567497,18.657294105447278
46,115,3.0,13.736018511425591,23.969481159992483,4.300291167888004,22.1627,16.042122873095565
46,116,2.0,33.48307058149436,26.621814429369806,10.952498464221874,24.17229,23.807418569272
46,117,1.0,10.530861871134425,25.508535938532187,5.505395594320635,2.9116933,11.114121684641677
46,118,2.0,11.724024085951614,23.61354498959554,5.335199727773729,13.301943,13.493677907159565
46,119,1.0,10.377588008932571,22.311765241396458,2.8856263743346613,9.781047,11.339006623008574
46,120,2.0,11.23870806383751,24.72736055676727,3.592464213038488,13.7522135,13.327686577932912
46,121,1.0,9.310015276376891,21.79997830851262,5.998958552738371,5.771976,10.720232032934497
46,122,2.0,9.295928230866986,22.60620836812597,2.8077049617137124,9.709039,11.104720073785675
46,123,1.0,11.09373335021943,23.41321199332718,3.168214450623301,12.054811,12.432492579539183
46,124,8.0,20.414731034019272,27.31048222465558,14.041239669445007,20.650274,20.604181801213315
46,125,7.0,47.62941383032208,28.529017031992257,19.032423665115626,48.82893,36.00494610713825
46,126,6.0,16.80631002521071,24.80966605718327,5.002180105009911,22.53203,17.28754657324868
46,127,5.0,53.00622629507509,29.192002357256097,29.207121843910855,47.60969,39.75376052902877
46,128,4.0,24.458300526496277,27.252723227122402,10.905073664451038,22.415644,21.25793527752158
46,129,3.0,16.8091105230217,23.5572557429569,6.81826914650574,20.307985,16.87315517956762
46,130,2.0,10.988736076370223,25.664218299144792,4.817162119363745,7.970328,12.360111087258813
46,131,1.0,10.091557451073813,22.555526733822912,3.400357569080912,8.018049,11.016372748522485
46,132,1.0,10.129288274060643,24.791681972994056,3.9349198814012016,10.479468,12.333839618524497
46,133,9.0,17.09900627782603,26.77794538352991,10.49992189883822,15.510601,17.471868650973835
46,134,8.0,10.78924192171375,24.3845694226869,3.6064778508661863,18.499706,14.319998865894345
46,135,7.0,20.532703751318568,26.453596182880112,10.54893504978099,18.664862,19.050024165764206
46,136,6.0,9.231596192556015,22.40063502374332,3.247615023928695,7.8153415,10.673796928213442
46,137,5.0,11.668742414766903,25.984642276994897,8.231540503069446,27.43919,18.33102877642998
46,138,4.0,9.862602950704217,22.85059400225531,2.839123589615541,6.06209,10.403602615654753
46,139,3.0,16.587923230793482,26.71900860598698,10.776401508454882,14.486852,17.142546259358763
46,140,2.0,10.309390804638182,20.898192964835676,3.781994285770173,9.884808,11.218596410478488
46,141,1.0,9.794348400590504,22.065923933778585,3.113545578718389,7.6738133,10.661907814033894
46,142,1.0,10.516750023932955,24.10284319244559,4.320008473762529,9.984744,12.231086440525381
46,143,2.0,12.401252920349371,21.208334079449244,5.1993437116862875,14.620601,13.35738285296583
46,144,1.0,9.944449681561315,24.45875530587744,3.364329349622299,8.681578,11.612278004889042
46,145,3.0,14.279370179210611,22.630650400354195,6.1436651244206715,17.281868,15.083888421235628
46,146,2.0,18.46891832510346,23.74039714777156,5.883065566504781,20.013298,17.026419768511943
46,147,1.0,9.888520137778453,19.08973622343479,4.961420661909255,11.575358,11.378758853482651
46,148,1.0,36.028490760993826,29.732696953476406,29.53176163619084,27.382662,30.668902792529767
46,149,4.0,6.695057223919816,23.978133394472813,3.698374380753936,8.1345415,10.626526627670554
46,150,3.0,9.699101860619106,15.592652328998271,6.503390834134409,9.62754,10.355671164614094
46,151,2.0,11.025281077972771,19.25310282911054,5.887658209171379,10.157235,11.580819315455884
46,152,1.0,9.022764680560813,13.999109202396342,3.4164695083220593,4.756624,7.798741903270243
46,153,1.0,11.501401531731979,20.322780822510424,5.735343674359729,9.86878,11.857076541177634
46,154,14.0,10.479131333958556,20.210163682687146,4.429421250890401,9.979015,11.274432904469474
46,155,13.0,10.04265639366064,17.384565893980493,6.002962669065004,8.875802,10.576496749201558
46,156,12.0,9.469987574667517,22.827979685093894,3.433181540268807,8.701246,11.108098765406723
46,157,11.0,10.47084564208501,18.88847086233201,6.2612543839841965,12.058526,11.919774231881188
46,158,10.0,8.840088008025477,16.554378272537573,5.651775760637664,8.478224,9.881116460464973
46,159,9.0,10.123299974240759,17.90607025437992,6.228446796170747,10.059364,11.07929533590977
46,160,8.0,10.522432893005698,20.703099677435333,4.358150285893053,13.181657,12.191334923449366
46,161,7.0,11.59770435670715,20.350236198260728,4.554960498431226,13.739898,12.560699695341354
46,162,6.0,10.093570000137563,19.010519858320926,6.7941153795685185,10.7351265,11.658332933347083
46,163,5.0,10.406370675260687,22.04506452354228,3.140065024653243,12.178931,11.942607864930824
46,164,4.0,9.170348832845095,21.892095077869346,3.765947598098615,7.2086277,10.50925480240468
46,165,3.0,9.815910823990063,18.159076284340518,4.067648841747161,14.219609,11.565561302659205
46,166,2.0,10.120868106671008,15.410779096008179,4.5778303271523875,11.061727,10.292801024990244
46,167,1.0,9.930128834403153,17.242815347697995,5.663799394714145,5.9498205,9.696641023827237
46,168,1.0,11.892968789550418,25.58536135975603,5.725317553683174,11.866522,13.767542384579192
46,169,1.0,10.295933167238358,13.1694618233915,3.016830512830385,10.611473,9.273424646739084
46,170,2.0,12.70640018755065,21.94622135345586,5.798583684628873,13.7379465,13.547287933987581
46,171,1.0,12.508190249496772,25.070496612949345,5.003169449270908,10.149723,13.182894841173885
46,172,15.0,18.615907157591554,16.97413447439382,8.032030171822615,16.573322,15.04884852498764
46,173,14.0,9.386201854338527,13.70334083698485,4.038802429030246,8.9069605,9.008826401929836
46,174,13.0,9.52458254243244,11.110733662601753,2.3970420326348663,11.097912,8.532567518096464
46,175,12.0,9.599437828930347,14.975388993990308,5.924714579162524,10.420805,10.230086594875043
46,176,11.0,9.047023185278084,12.522460913602897,2.9180097945392234,9.116507,8.401000117489573
46,177,10.0,10.771105530253008,20.129768322373295,4.6719169473644975,8.341521,10.97857801577834
46,178,9.0,10.735519345213266,17.097587504478746,5.866337392603281,12.584425,11.570967303707368
46,179,8.0,9.367315804273131,7.9415133821038815,4.402966237807092,8.910584,7.655594968488042
46,180,7.0,10.620133802078824,15.684502955936349,5.266506059472405,9.362103,10.233311569926704
46,181,6.0,9.35796708857214,15.357818756421544,4.849317382609213,8.777907,9.585752649780973
46,182,5.0,9.750961266529384,9.810512729369346,2.8928519744272876,12.103007,8.639333321728843
46,183,4.0,10.375296492649976,14.29977287065375,5.139594118137348,11.624688,10.359837907484902
46,184,3.0,8.963843744547011,14.817428065400534,4.365782930210688,9.406063,9.388279454998056
46,185,2.0,9.228787253800665,12.717163609207708,3.8036621005174798,9.439932,8.797386208258171
46,186,1.0,8.751569786271258,13.605600076416973,3.4251069297037517,6.564296,8.086643140282444
46,187,1.0,9.179457853689538,13.773830470312191,3.7152732164399307,8.00786,8.66910543103937
46,188,1.0,9.854915127770724,12.201247160655996,4.0155239790986155,8.172772,8.561114668764269
46,189,1.0,10.755123684356029,8.885705490264968,4.053100716061726,10.793958,8.62197190023721
46,190,2.0,9.314509723317974,10.052714496467058,3.5918389876344072,8.245071,7.801033654638062
46,191,1.0,9.408319893882638,13.36791561680626,3.887558128785466,8.931444,8.898809451891296
46,192,2.0,9.281457633217725,12.537059760169416,2.853772626162865,8.465873,8.284540696034352
46,193,1.0,12.036607614487583,8.362616430030307,5.332317083645867,13.691806,9.855836741925582
46,194,1.0,9.282285748916802,15.004384234867604,5.127807144131269,7.3813443,9.198955361576392
46,195,1.0,9.527761323507473,9.087210163222618,2.9558566746259434,8.171855,7.435670783548847
46,196,1.0,10.344884554177568,8.010189610089434,5.095947016030937,10.977634,8.607163902557396
46,197,21.0,9.283480781562028,11.013137967313224,2.8791137088357015,8.226884,7.8506540864888965
46,198,20.0,9.874436542001463,8.097605795090217,2.918434105860987,10.001765,7.723060423528084
46,199,19.0,12.413389258209643,8.119824480313902,4.9267469658622876,11.763416,9.305844248667258
46,200,18.0,12.1035157185618,5.029044645188396,8.501633009518656,13.447872,9.770516383783521
46,201,17.0,10.056424918068537,7.928068041992802,5.106886187397912,11.911613,8.75074815295368
46,202,16.0,9.917299724302904,9.073585282889024,3.064256980196241,10.155994,8.052784100667843
46,203,15.0,10.747227299222427,3.9205745468943647,7.960709429081373,10.737015,8.341381511426494
46,204,14.0,9.712722832213053,8.602567792799338,3.542703443415361,10.200903,8.014724251817631
46,205,13.0,11.941471354194814,9.380490235206718,3.6343944570706412,12.823905,9.445065259405519
46,206,12.0,9.488889438988156,11.374176748079531,2.886580865885712,9.510125,8.314943053292671
46,207,11.0,11.928140016715638,4.453557796148463,8.39224418103118,13.012152,9.446523428008732
46,208,10.0,8.540526770501467,6.4041325431006975,6.012325231167704,10.676761,7.908436304573204
46,209,9.0,9.929181798059576,2.291123483663842,6.660930711726138,10.167581,7.262204149500695
46,210,8.0,11.189779812583238,0.8191414750829118,8.02938530264655,11.027573,7.7664698055371595
46,211,7.0,10.381190318604968,9.124643484267068,3.657736914427854,9.569306,8.18321927272402
46,212,6.0,9.89750376729085,6.716113271947446,5.538855799276096,8.410395,7.640716876773373
46,213,5.0,11.658685130669205,2.813719036173257,8.156874134515569,12.650682,8.819990187674712
46,214,4.0,8.582253355395666,4.910641443210938,6.211896809376849,9.167313,7.218026057513441
46,215,3.0,10.647965818503291,1.9884669666989758,7.7104395262944845,11.234904,7.89544415018559
46,216,2.0,5.337481164563923,-0.6669169129472685,4.5718954622905414,6.87739,4.029962405436027
46,217,1.0,11.215182737734224,1.2522035359574488,8.00758240353733,10.322063,7.6992580308184815
46,218,1.0,2.719977178013757,-4.099335097687931,0.6398375175987425,3.4959059,0.6890963685210593
46,219,6.0,10.026509086773032,-1.3843226362012686,5.385315628180113,6.755809,5.195827727253277
46,220,5.0,4.613939155050132,-2.784879276227624,2.5148367180512814,5.7709527,2.5287123246105985
46,221,4.0,3.656478166447925,-4.01507198432769,1.7687905426814012,4.0206695,1.3577165462745668
46,222,3.0,11.313524778777785,3.5183342198132905,8.82706918845847,11.16301,8.705484457651059
46,223,2.0,6.967767894831943,-1.0772469221065997,5.158749077056722,6.5715795,4.405212376527853
46,224,1.0,8.274385387421848,-1.6389880198045041,4.412686933907938,7.3208623,4.592236648692173
46,225,1.0,3.5189638615530345,-5.432074382408484,1.305387300350196,5.1677537,1.1400076189840993
46,226,1.0,11.81256508000444,5.063352741397193,8.581545612330032,12.669848,9.531827968952324
46,227,1.0,3.5960396354226725,-2.2098198534192086,3.7275724568788426,7.0944777,3.052067473096431
46,228,2.0,11.752871101063874,1.8731701911014937,8.546880788013535,12.028971,8.550473199640674
46,229,1.0,9.585474926103519,1.1949114973139956,6.020486986230509,8.665685,6.366639527415058
46,230,2.0,2.609854800766721,-9.169892207130577,0.985913788096191,1.4496843,-1.0311098389979922
46,231,1.0,3.285138984240046,-5.235165337355081,1.2323461430782494,2.1393552,0.3554187431527298
46,232,1.0,6.89186365580198,1.1880641885900616,6.229445553608144,7.400537,5.427477603001939
54,1,87.0,19.510457049637438,26.86934747167021,12.668924428221883,20.47569,19.881104947801084
54,2,86.0,28.431244514401538,28.13319400563884,19.695885464785338,23.241867,24.87554776256385
54,3,85.0,54.93367152247706,31.374736536958288,33.13369415342669,63.50334,45.73636097191668
54,4,84.0,55.459640985878934,31.45622048676896,46.776364325401325,60.05778,48.43750175438291
54,5,83.0,89.07648708431711,34.944634356919906,65.73381203638483,102.893074,73.1620018783166
54,6,82.0,60.516240283153614,32.69105313606243,48.133176812493836,49.670586,47.75276396600852
54,7,81.0,21.970547089708333,27.96959281973833,16.006955321249695,27.813025,23.440029937892596
54,8,80.0,65.57598845813273,35.135836820456106,67.80982474383507,65.92104,58.610673354605
54,9,79.0,50.190701035935255,31.207479656989253,41.642268830878265,46.285233,42.33142051693702
54,10,78.0,64.08899680245298,34.277481688067155,64.59218899934406,77.81653,60.19379895254417
54,11,77.0,71.63293265722454,37.9418978560641,80.33899519433088,69.293,64.80170624379942
54,12,76.0,49.169298498130374,30.993934308713218,38.93822282342285,41.411846,40.12832544778878
54,13,75.0,59.434796623515986,31.903135281145513,52.19072041355664,60.19695,50.931400330836276
54,14,74.0,45.878555851347336,31.314334604685254,41.021268078614156,46.354336,41.14212357988971
54,15,73.0,69.05259831244442,33.567533939870515,52.849648232128054,74.17666,57.41160977870352
54,16,72.0,65.08456717300747,31.135986483259174,44.03785608626178,51.103317,47.84043175081766
54,17,71.0,75.03077080477362,35.86723933527558,80.1814670533083,79.490845,67.64258047998
54,18,70.0,42.51170606140389,29.903446216624083,29.938467757433237,69.44397,42.949397440505926
54,19,69.0,59.039860525726944,33.94349492096676,55.93131755677164,54.93225,50.96173099500696
54,20,68.0,9.029276276211077,21.301901885865774,3.8505935230912733,7.501824,10.420898896824564
54,21,67.0,51.23308753828089,32.67783357647429,51.714470696290476,57.43193,48.26433058825946
54,22,66.0,47.58552698562935,32.50746238078514,51.893411444351486,68.19718,50.045895628106535
54,23,65.0,45.55157755739869,31.523062614450637,40.8612696295905,34.261864,38.04944337748398
54,24,64.0,40.51825026385122,28.831444480819265,27.816979930626182,44.99269,35.53984142883393
54,25,63.0,56.07955150881908,33.33328838412899,61.47139851475389,51.98219,50.71660689654219
54,26,62.0,25.24901922247898,28.494092090121462,21.33596059901683,32.672665,26.937934138487815
54,27,61.0,66.71272563052511,36.13286847320322,80.39350099289501,62.338882,61.3944943857281
54,28,60.0,59.4862627152809,34.11372051794572,61.37362749582443,70.8258,56.449852190929754
54,29,59.0,14.844646553590323,27.867846330534523,12.424597789422862,4.0152063,14.7880742526307
54,30,58.0,35.5235565877949,29.334274722610992,23.713701251081346,40.313667,32.22129996471263
54,31,57.0,10.02609540605615,26.22756442901102,6.3526337434775115,7.0025864,12.402219985822693
54,32,56.0,27.609981258256983,29.765601057474026,31.750006285584025,28.643507,29.442273901274802
54,33,55.0,53.72059982209862,32.49880828818443,56.84070648630456,67.35421,52.603581124122485
54,34,54.0,59.189397951345455,32.98591233983455,55.70393928188538,52.44244,50.0804224015061
54,35,53.0,51.57798778492105,31.772340145476136,42.12055583840864,45.13327,42.65103850811943
54,36,52.0,43.66979091412396,31.366884529043595,37.62119076357784,42.21213,38.71749942674738
54,37,51.0,70.35698966747722,35.624197220771784,75.65728172109007,67.96554,62.401001658560354
54,38,50.0,47.081088222966244,29.96918141952667,31.375017776205425,49.332794,39.439520402037864
54,39,49.0,30.214896897288504,27.812404275037448,17.293158585883162,31.653265,26.74343118939969
54,40,48.0,38.11412375293932,29.58610478105074,27.66337574273218,33.47002,32.208406142727924
54,41,47.0,10.339605971314445,24.627911585788112,4.989414889822132,20.903275,15.215051745764374
54,42,46.0,57.23879837667798,33.38535172355873,57.86351163707787,45.985996,48.618414495913115
54,43,45.0,76.36221472363391,34.05738039991655,60.6423572205566,87.87686,64.73470347909317
54,44,44.0,57.668271544303146,32.21051070224139,47.60589039207107,62.18473,49.917350792100194
54,45,43.0,47.00038881665014,32.35710211896322,50.49299322976754,42.91115,43.190409012841805
54,46,42.0,16.047933496654466,26.09568395675641,6.908347080308802,24.280737,18.333175364234364
54,47,41.0,68.40687401581577,33.67094599369365,65.98240856042598,68.29312,59.08833747695651
54,48,40.0,44.02272918653771,29.6473885095334,31.804170197800637,48.180614,38.41372559132682
54,49,39.0,23.175671356047445,28.17349271734121,15.538818002933148,16.937376,20.956339524665168
54,50,38.0,58.66998627388946,32.67767756490339,54.41592549984174,44.78576,47.637337077700636
54,51,37.0,51.900073974391724,31.25177470944506,43.24546088183272,59.102123,46.37485820654189
54,52,36.0,54.30896488573158,33.176304332901445,54.06368055869072,42.82777,46.09418000261951
54,53,35.0,28.649815452415996,26.418921859945275,7.943947291446634,30.02773,23.260103886395093
54,54,34.0,19.941363898867614,28.745003748580586,23.364481666213308,18.318802,22.59241279838608
54,55,33.0,46.5512441860501,31.181476472992124,33.07276612777868,37.8723,37.16944649528921
54,56,32.0,55.562610847278336,32.32010213213923,50.53403519991412,62.024517,50.11031630966446
54,57,31.0,60.11495337618272,32.496068028441,51.75713348001724,49.53509,48.475811571196864
54,58,30.0,31.26698558561681,30.3752717259868,35.09100666568783,32.909668,32.41073298651036
54,59,29.0,18.092449201844857,26.67253033270427,8.943816061219783,11.763873,16.36816717401242
54,60,28.0,61.70802716957858,35.596149249593054,71.15733872905867,65.77213,58.55841200544136
54,61,27.0,11.025385482086879,24.595092989962183,2.8325103056770935,16.706688,13.78991917624306
54,62,26.0,34.71939181444341,29.83781054683683,28.29098445951495,37.396667,32.56121357531599
54,63,25.0,13.523417869300188,25.916723113703775,7.0629696103860065,15.894121,15.599307940858479
54,64,24.0,76.13359018998864,33.99481014656559,61.363544158730804,97.278305,67.19256238724898
54,65,23.0,52.143550179554595,32.72188948787405,51.656095982939775,45.39809,45.479906503229316
54,66,22.0,13.996370095142545,26.499352456024212,9.58427854344067,5.1291943,13.802298838562745
54,67,21.0,20.57623385423847,28.31523803533115,17.052874579585296,27.085905,23.257562886057038
54,68,20.0,19.829440030074156,26.741877324742923,8.938115289036194,20.950518,19.114987574568055
54,69,19.0,60.671420001874715,34.74387607020798,64.91318827809138,69.58,57.47712154530719
54,70,18.0,13.643199920683728,27.027629052303908,10.603964700793052,11.516297,15.697772753543438
54,71,17.0,57.01679121799718,34.28963487682843,59.24253662890462,57.764168,52.07828262734369
54,72,16.0,55.259088105343054,31.56924380294918,46.98783259210263,59.445415,48.315394999305255
54,73,15.0,18.18928838795549,26.409770118012347,9.655788472227156,15.317274,17.39303026795573
54,74,14.0,24.800925150692798,27.619445425229124,11.92597469136243,17.93953,20.571468671557415
54,75,13.0,32.432361886781024,28.106856807221174,14.157073898143214,27.236345,25.483159470820777
54,76,12.0,32.93570569926364,30.621965581323266,33.7229089112203,38.456493,33.93426839237319
54,77,11.0,52.37164645087995,32.73484558016697,52.35404103257626,63.701077,50.29040239279789
54,78,10.0,29.138806081191593,28.271223155131736,19.75475500678011,22.677334,24.960529518722637
54,79,9.0,15.49578110542312,26.350404549097856,7.562447738853861,21.210203,17.654709141037802
54,80,8.0,14.462204410039257,26.05461010882407,9.506767570350775,17.593725,16.90432682342047
54,81,7.0,65.34521502941416,34.5587738071265,65.61922246857658,61.92401,56.861805633896495
54,82,6.0,46.83971578877453,30.338295683354776,31.170927119780348,23.31727,32.91655221771008
54,83,5.0,43.81512311929234,30.87717205436296,34.083675676077604,48.696342,39.36807832949866
54,84,4.0,14.184510550229907,25.053138577650504,5.793495198690641,8.256542,13.3219216330954
54,85,3.0,14.23953804773401,24.623671166216756,6.4202241030248235,13.374064,14.664374440617799
54,86,2.0,76.78757681455504,36.43720803239618,76.92298542972213,90.780106,70.23196896687341
54,87,1.0,65.58161376609584,36.795635806746226,71.19413017239806,86.39983,64.99280335610983
54,88,1.0,11.758229959204169,24.775738060627134,3.2653806113120716,11.647075,12.861605832636307
54,89,10.0,47.65022480271266,30.874626537577367,31.67588178846359,54.484264,41.17124937563323
54,90,9.0,49.16828688511107,31.50801640687942,41.52156943297807,53.859467,44.014334819425734
54,91,8.0,59.39335163728546,32.153074602038835,49.10461091692481,57.88525,49.63407181195046
54,92,7.0,45.06767253262983,30.994981711941247,32.39395587351098,47.6736,39.03255234031153
54,93,6.0,10.913606079434105,25.00240102647416,4.0910739320440594,7.7254667,11.933136941540694
54,94,5.0,46.440694310906075,30.29636069762992,33.99628040994776,46.56938,39.32567928308774
54,95,4.0,57.70559200410304,30.20058876579312,38.397460493666244,64.42861,47.683063254733376
54,96,3.0,14.350970892935232,26.06854330707966,6.541411230323211,19.211603,16.54313214875274
54,97,2.0,28.493330737867367,28.527101896104845,21.491534373420553,35.044075,28.38901050489995
54,98,1.0,37.30325091160194,29.461340499827863,28.163089552232712,39.138866,33.516636847055764
54,99,1.0,20.797516330686594,25.896958963427704,7.535434801606234,21.472443,18.925588180668413
54,100,31.0,14.037354182542432,26.364918486128133,10.35035040275635,11.240721,15.49833595508207
54,101,30.0,60.58613465483411,34.90118828261586,63.92251268398593,64.38013,55.94749064364022
54,102,29.0,28.60256230796025,27.879099990280807,17.023582424752366,32.996517,26.625440476097477
54,103,28.0,10.474200440921575,25.057397506986483,3.8626734030039653,11.125825,12.630024069798928
54,104,27.0,29.343604200684794,28.867776912145395,21.388977391445472,16.963192,24.14088762258991
54,105,26.0,24.251805578084518,28.078199537905334,18.414521272170692,22.721436,23.366490483758884
54,106,25.0,58.373786187237414,31.695646416764518,50.29889482851873,66.59838,51.74167711875028
54,107,24.0,16.891490067645144,26.867768322529827,8.90440653766149,17.81327,17.61923387417103
54,108,23.0,11.717241363888268,24.50695767712018,4.207834710314884,9.969729,12.60044079371157
54,109,22.0,46.86207465674025,31.031899884789055,40.82248878105942,51.17402,42.472620545613
54,110,21.0,49.652967211314305,30.52378369382826,37.14755698178695,40.67498,39.499822012625934
54,111,20.0,9.007074426388757,24.368525963130388,3.3828625296248003,8.11085,11.217328313327856
54,112,19.0,9.59347576001409,22.675232256700838,3.2574376598873513,9.442991,11.242284233329036
54,113,18.0,44.70438062887979,31.14657838622089,34.0229931362913,77.21332,46.771817505621435
54,114,17.0,24.17519616934468,26.773260926125033,8.903343656174433,24.428055,21.069963890303615
54,115,16.0,61.58749194778101,31.74330499891459,51.897038529905565,65.37509,52.65073175733389
54,116,15.0,31.291803663357538,29.198045538643257,28.268343903777836,33.619614,30.594451688309892
54,117,14.0,23.084185881506038,26.90130764671162,8.861824128560201,30.965733,22.453262557810188
54,118,13.0,16.571123199172664,25.215334623352135,4.280254509705955,15.897548,15.491065013523386
54,119,12.0,31.13720100103486,27.802776267046035,16.36527051571687,24.3081,24.903336882625467
54,120,11.0,16.535638618089223,26.015163374011117,7.606611922474929,17.305252,16.865666497442646
54,121,10.0,11.516534160152453,23.627820523291355,3.3318308194637023,9.033813,11.877499744867503
54,122,9.0,45.35210814032212,29.707911142015845,29.224089440448665,54.270473,39.63864555075281
54,123,8.0,33.76688250935361,29.289378504256927,27.268636733613747,25.687788,29.00317143921696
54,124,7.0,13.55599527363466,26.855279640001733,9.085381603023222,16.74283,16.559871698287218
54,125,6.0,22.133334357639736,28.019545346861,18.794181917153768,22.984673,22.982933542010304
54,126,5.0,34.966253094175755,28.312912522825158,17.82177971589216,27.083101,27.04601165136902
54,127,4.0,10.925876011763025,20.88446139103077,5.513227672667677,8.010285,11.333462613240977
54,128,3.0,8.995868500920231,26.02567139035069,6.068673902973384,13.629895,13.680027251127605
54,129,2.0,13.39788041968212,25.450786258622827,6.284939425267597,17.803381,15.734246767439767
54,130,1.0,11.460680298149889,23.269629440420925,3.801577026926976,8.777645,11.827382969145443
54,131,1.0,10.585242650814182,22.07244779210378,2.8365314743296928,9.911755,11.351494131350488
54,132,5.0,31.98171819070114,28.403734594622318,18.05404975722346,29.550852,26.997588591111583
54,133,4.0,26.451949640917018,27.74353444143598,13.063122949898254,30.413046,24.41791322885749
54,134,3.0,10.58378881583006,24.29787370394922,3.8726223141414344,10.493421,12.311926358702959
54,135,2.0,15.238738124260546,26.6424114412373,11.78015659656841,19.15604,18.204336588429165
54,136,1.0,23.656153506599004,25.593113644564188,8.470699597526567,20.132565,19.463132823341873
54,137,2.0,10.65680388524823,21.505366071772848,3.2858009904480294,10.486323,11.483573576024382
54,138,1.0,10.231664492510822,19.590888416943763,5.332783924852777,8.823866,10.994800681202573
54,139,3.0,12.171013530819598,24.73193649463878,3.1360718015456417,9.15989,12.299728000467436
54,140,2.0,19.427106091790932,26.259132721689966,8.285655808768503,26.214622,20.046629279952
54,141,1.0,12.28805603303792,24.981054705221588,3.4394640776430414,14.073102,13.69541920331951
54,142,1.0,14.391826334282362,25.10030817798114,6.2761544263484,14.164465,14.983188472293357
54,143,1.0,23.958275494785127,25.249708305824978,4.697892307910122,8.4728985,15.59469364794915
54,144,1.0,10.30919500429026,22.093997962467085,2.383658600724617,4.9421964,9.932261984163276
54,145,1.0,10.345490324989617,21.623610736818062,4.506761224999245,11.07724,11.888275569260324
54,146,1.0,11.227240308385678,21.66981174341107,4.387079035220022,9.633306,11.72935915915959
54,147,4.0,10.978633582321415,23.843436432687284,2.7613900144550474,8.925641,11.627275272334808
54,148,3.0,24.72179460970712,27.282882445562006,12.762580660005879,27.585688,23.088236338151027
54,149,2.0,10.437827640878881,20.84004371894596,4.4878601121294555,9.125661,11.222848092063892
54,150,1.0,10.481318223618885,21.118243223032625,3.7483343109230614,10.086228,11.358531032060268
54,151,1.0,10.256264305408294,23.439271884602746,2.322773233873928,7.99727,11.003894882788565
54,152,3.0,10.483214751227855,24.32355474752991,2.870334705205652,5.8971124,10.893554143375193
54,153,2.0,10.322204309416545,20.899723496421,4.1139233352134905,10.154781,11.372658120650943
54,154,1.0,21.09926459440329,28.494334860389536,16.39243961687441,26.742077,23.182028986361633
54,155,1.0,10.068474044415938,19.8221232546544,4.268659302998094,9.506832,10.916522181217791
54,156,1.0,10.869896999757284,25.74204456111549,6.245463076742341,11.14764,13.50126121647165
54,157,23.0,9.548397923415882,15.132826486853563,5.31478978328256,8.005387,9.500350374941345
54,158,22.0,12.781190711617976,24.65725374378625,4.15038465083879,11.016622,13.151362673975914
54,159,21.0,21.49300033479864,23.90921272481471,4.952104938964535,22.909237,18.315888726634217
54,160,20.0,10.547171100013447,19.175665980732802,6.828062312678162,10.222135,11.693258495893334
54,161,19.0,9.767463859013763,23.432667163335893,3.149779906229421,10.893826,11.810934114896233
54,162,18.0,35.002253658914945,26.485787195939483,13.435155039655765,32.461567,26.846190704889757
54,163,17.0,17.72161644226027,26.041299514490916,6.5696018452221985,25.663761,18.99906973522235
54,164,16.0,10.866134016603274,15.09117877858436,4.796331263734828,13.303773,11.014354246313257
54,165,15.0,10.795251059284654,21.64773973478242,3.159058562683567,12.125779,11.931957127166786
54,166,14.0,10.414884348791327,21.16172374062946,4.784864501568558,11.103266,11.866184588329611
54,167,13.0,12.267898360684182,22.383107878655114,5.643157186443062,19.752878,15.011760403717318
54,168,12.0,9.571996267373613,15.765957847469315,5.443161356283609,7.779322,9.640109404623981
54,169,11.0,9.955838698861744,18.91658122735906,5.862525553680795,9.288561,11.005876586802792
54,170,10.0,9.376714732364265,17.46193129710627,5.8852972726493515,9.569926,10.573467391005435
54,171,9.0,8.969370855110594,22.611672010418268,3.4553385779548353,8.94853,10.996227910156813
54,172,8.0,10.382712955839384,19.54136031035471,5.230830753021134,14.289465,12.361092242444188
54,173,7.0,8.487896205378684,22.599594979345408,2.5193803949245535,-0.93647945,8.167598032594123
54,174,6.0,13.676768874258498,22.59254372980712,3.2185068144278404,7.941867,11.85742157329707
54,175,5.0,10.472907950450256,12.35694031249202,3.280781447124843,12.38519,9.62395493003448
54,176,4.0,11.604301874839841,20.16272168339148,6.900431468367703,15.668606,13.584015207760597
54,177,3.0,11.381303575355098,16.266689384097383,6.641546590159088,14.184906,12.118611388867736
54,178,2.0,9.924394349292765,18.20086600071749,6.302480188232726,11.330694,11.439608684212844
54,179,1.0,8.827247124154711,23.190330574673965,4.14298858538193,7.729414,10.972495067604164
54,180,1.0,9.143387847384663,12.924718095186167,3.2166025568419947,8.656363,8.485267758245541
54,181,5.0,10.52461355597783,21.4568512755162,4.306432868790569,13.508147,12.449011234992415
54,182,4.0,9.704006111653962,17.16061935111947,5.713870960773768,9.055007,10.408375851110799
54,183,3.0,9.879474799984449,13.83513413293758,3.498618987391728,7.754534,8.741940422003488
54,184,2.0,9.621415591661773,13.171569157868637,4.170994380116991,9.729657,9.173409075701034
54,185,1.0,9.602664190735434,19.19752093828207,4.987265920936636,9.534237,10.830421989478282
54,186,1.0,9.83742819719679,14.836627542838812,4.933236964983887,10.309676,9.979242218842153
54,187,14.0,8.997864742744742,17.279417462824,5.766448893624087,5.1394205,9.295787902132801
54,188,13.0,9.096103767784317,22.205207001554534,2.9612724423718984,9.546778,10.952340234232619
54,189,12.0,10.518459583027909,19.443998152739763,5.624360685650757,11.002266,11.647271087898552
54,190,11.0,9.188148255972834,13.024937528790744,3.3802034404012353,7.905648,8.37473436416779
54,191,10.0,9.682733987133117,15.981026732842171,5.975066355881387,10.360006,10.499708352063534
54,192,9.0,9.3150126935573,15.117849074100096,4.818918609802887,9.994646,9.811606612461995
54,193,8.0,11.985601840791146,13.819629451178255,7.283375551996593,18.866913,12.988879921440716
54,194,7.0,8.721033059837584,11.732853680000378,3.027302959196664,6.384205,7.466348640884145
54,195,6.0,9.596902834381073,9.29466367556903,3.62415947381165,10.863468,8.344798538481943
54,196,5.0,9.815977310558647,8.140487839265237,4.059976434752006,8.953594,7.7425089480848905
54,197,4.0,9.285041009601288,13.827852965175783,4.156631942536233,8.276201,8.886431791370562
54,198,3.0,9.867761579886253,11.91452519270764,2.3554302650297405,10.725477,8.71579856406289
54,199,2.0,8.870931124645033,10.63301916269912,2.3896788799773923,7.4377265,7.332838916242923
54,200,1.0,10.260765595508596,14.647947428226928,4.212357121022345,8.367712,9.372195541407972
54,201,1.0,11.873165393847414,6.976870470223094,5.886923844414971,13.037636,9.443648877927034
54,202,1.0,9.094078459087042,15.277129102496069,4.831720757073326,9.713608,9.729134026685594
54,203,1.0,9.551636283420828,9.406926889298763,2.664369025216409,9.7616415,7.846143425079093
54,204,3.0,10.0630053355971,10.514035239929196,2.442662393054446,9.517986,8.134422316547042
54,205,2.0,10.635176874771311,18.124616512065554,5.018856538035417,14.975599,12.188562303453178
54,206,1.0,10.299133614475467,13.227734904102808,3.797397045911474,11.674556,9.749705335748292
54,207,15.0,9.94054546838213,11.225188021201259,2.31204488213298,6.9924555,7.61755846354982
54,208,14.0,9.936557941873675,9.713887566432877,3.342803300576808,10.439634,8.35822078300087
54,209,13.0,9.581684207092174,10.705212822537465,2.440110305859072,9.177843,7.976212607340195
54,210,12.0,10.461983252635246,7.1440396210440795,5.374396231946346,10.382271,8.340672479653488
54,211,11.0,11.254410311594848,4.020639659526793,8.051630003622103,11.834019,8.790174670504783
54,212,10.0,10.610552324277535,7.382765635759323,3.9374278067213453,9.070771,7.750379246026099
54,213,9.0,10.427446521887909,4.077911957294582,7.057434238325904,11.122344,8.1712841836343
54,214,8.0,10.873452158528679,3.9704582560999526,6.999171906884795,10.657936,8.125254604426209
54,215,7.0,11.161721630325236,5.431585686485889,7.74465732108699,11.871578,9.052385713612711
54,216,6.0,11.171106306618576,7.298827790024372,7.07296186693683,14.431183,9.993519706226976
54,217,5.0,5.877651140805114,-1.4380320195833782,4.317670051150937,6.2911425,3.7621079090141887
54,218,4.0,6.577674135861081,1.1310114585258333,6.466237200660114,8.01028,5.546300612625893
54,219,3.0,9.193837100885027,13.137100657992622,3.378900025059611,10.809703,9.12988516429181
54,220,2.0,10.953733757604859,10.66681951889738,3.9652865543032494,11.06148,9.161829849821734
54,221,1.0,9.79063844425719,6.287429970929988,5.668991537496339,12.628113,8.593793186413066
54,222,1.0,10.786752773817563,2.585473027595558,7.831673265684549,10.939146,8.035761277241946
54,223,2.0,10.484007731354573,5.1491161114407795,7.521548056472307,11.019114,8.543446359979269
54,224,1.0,10.799242844712806,3.246408467290067,7.236027151566888,12.1238985,8.351394242433578
54,225,3.0,7.192386792194451,-1.5331409445202269,5.011110018122459,7.8450303,4.628846543391615
54,226,2.0,6.1136493665756,-2.0234604635019444,2.9053990465293964,5.837372,3.208239943943732
54,227,1.0,4.742243312026984,-2.354934552910958,2.859536891523298,5.2046137,2.6128648340618086
54,228,1.0,10.696170099633818,3.417074240162215,7.661497311427618,12.909313,8.671013713281987
71,1,27.0,10.051306316962581,18.315603819410455,6.433962049879387,9.966157,11.191757286446528
71,2,26.0,9.249711269798997,12.564655242588486,3.053967602307683,9.972292,8.710156515276575
71,3,25.0,9.892752247374625,16.464004318881813,7.112621044514139,9.64788,10.77931430282387
71,4,24.0,10.470499409117206,14.642896443172713,4.638640179592382,10.038817,9.947713359395745
71,5,23.0,9.701113112643739,19.892180823070124,5.047741460606792,13.828991,12.117506583149988
71,6,22.0,9.791812655335802,20.36240238654294,5.0916086135119105,9.815332,11.265289017027595
71,7,21.0,11.682424274348275,21.600019688560373,5.225993205274953,18.30894,14.204344513908692
71,8,20.0,9.352953263027313,14.465916833231626,4.638098548404262,12.226152,10.170780266176788
71,9,19.0,12.473605073427027,24.903043507212434,3.239391944904609,13.144394,13.440108611610627
71,10,18.0,8.899871326145007,11.664463266261503,2.5422058523712288,6.2929,7.349860132556739
71,11,17.0,10.887377884293342,17.94474337091935,6.113975300242748,10.937728,11.470956120904265
71,12,16.0,9.648659472693206,10.150251083901107,2.6283309922627787,9.010663,7.859476145347208
71,13,15.0,10.207104977510983,21.92055638925924,3.8928533300837476,10.410885,11.607849888507927
71,14,14.0,9.143081201438347,11.81954641388781,2.53539271879176,10.634842,8.533215563265808
71,15,13.0,11.232969446617858,19.316774310501334,5.137727922490932,12.678897,12.091592145900457
71,16,12.0,10.498512077060418,21.54120971661092,3.594494033879137,8.979067,11.153320669076338
71,17,11.0,10.255700289964098,18.451100358281103,5.948740680873263,10.66885,11.331097818546706
71,18,10.0,11.135726347825424,18.649805723507974,6.056293247301271,11.471791,11.828404146507422
71,19,9.0,10.420417362941107,22.238531585083308,2.8242448772897255,9.169,11.163048374312545
71,20,8.0,11.195599086887237,16.335805161187665,5.2427254637498155,15.771136,12.136316498924806
71,21,7.0,9.413514906661495,15.902740552260568,5.702376935781352,9.497663,10.129073734738476
71,22,6.0,10.260997359449918,22.998001413768137,2.373044691955565,12.115097,11.936785127768013
71,23,5.0,8.812647199088367,13.903684131497224,3.802745482536386,7.6672187,8.54657387456803
71,24,4.0,9.422798523599427,15.96474664167213,5.758430838175636,8.589954,9.933982594916975
71,25,3.0,9.24639284068357,14.316249833797281,4.171505148979195,9.647882,9.345507571251973
71,26,2.0,9.881221930474187,22.509024912473443,3.177557844634425,5.9866304,10.388608781835089
71,27,1.0,8.807944271205917,9.658118756781295,2.8321544632289246,8.310357,7.402143646256793
71,28,1.0,9.366567292192071,11.220557256640078,1.8353680718525531,8.332536,7.688757091099521
71,29,23.0,8.617251141327266,18.139609678746602,5.157586760473485,6.352928,9.566843935542112
71,30,22.0,10.89793571858538,17.19180311855809,6.269453608310144,10.337265,11.174114365025513
71,31,21.0,9.608671045600722,14.261361488706491,3.793476405420499,7.358572,8.755520236488325
71,32,20.0,9.828052078479729,17.56097266528849,4.820150961025739,10.332112,10.635322004277713
71,33,19.0,9.850619284030664,17.720943055621476,6.437259221786702,9.873976,10.970699328805756
71,34,18.0,10.766538291206118,18.062011329401635,6.636580284990872,11.669713,11.783710731480832
71,35,17.0,9.425639812848043,13.013135101517948,3.0208059750045937,7.1091323,8.142178294814265
71,36,16.0,9.987995334546113,16.929567554560954,5.941443086701792,10.337947,10.799238216898381
71,37,15.0,8.921158283999203,14.629363069305846,4.4175762913883005,8.577151,9.136312235804075
71,38,14.0,10.31728790904876,17.40412577960646,6.1707950822149655,11.143654,11.258965660124773
71,39,13.0,8.838179566238159,12.466008208188185,2.671551648284156,10.27705,8.563197360255263
71,40,12.0,10.678083707431078,16.36854528521345,5.773323187217606,12.721952,11.385476154554157
71,41,11.0,8.990756175434008,10.729091414249645,2.4358465655734136,7.7977777,7.488367951999386
71,42,10.0,10.609496331561045,18.171855405720635,5.779109299066194,11.003225,11.39092159072149
71,43,9.0,9.563600708358434,14.136233028870555,3.989025432982759,7.0805287,8.692346976581563
71,44,8.0,10.568141291879112,20.619998590566624,4.264623645358595,10.581387,11.50853752349161
71,45,7.0,9.355815774246668,13.30328654805637,2.9727975723407436,7.75713,8.347257510167598
71,46,6.0,9.772897017579306,15.63295949880608,5.557035097648761,8.917927,9.970204600591057
71,47,5.0,9.869889725208614,11.986736492401397,3.178454036545018,8.821616,8.464174106736388
71,48,4.0,10.356489085927388,16.133045738869427,5.793208640482511,11.862793,11.036384108507331
71,49,3.0,9.059349678427797,19.120724823574108,4.939728939781327,4.6105375,9.432585242693733
71,50,2.0,9.349171076602556,15.73370346889993,7.023843833362004,4.7432613,9.21249492903619
71,51,1.0,9.251777335710678,13.04709131974613,3.087507124525372,10.190768,8.894286005466126
71,52,1.0,10.502892627836381,9.558596273021546,4.114455087612022,10.258829,8.60869327632281
71,53,23.0,10.124432137741438,15.322276095074566,5.3512763649447805,9.314044,10.028007149119762
71,54,22.0,9.1227688604429,13.980447571137047,4.167432905606413,5.573063,8.210928058478718
71,55,21.0,9.091880997291703,15.509434910694397,5.114589505982128,9.313019,9.757231053199089
71,56,20.0,9.185965957125466,14.269171211619,4.264481822006967,8.474951,9.048642445289175
71,57,19.0,9.248337549956046,14.967102834220688,6.263266489392386,7.5183682,9.499268779435067
71,58,18.0,12.275083806301035,17.992626497143647,6.198122449409544,13.262934,12.432191620983332
71,59,17.0,10.389294592121846,14.512940057891203,4.036409540640488,9.905898,9.711135571207695
71,60,16.0,9.824263130672255,16.609955130405268,5.711725057432982,11.560092,10.926508822715395
71,61,15.0,10.264407567719337,18.850785895310413,5.491356500909198,9.751499,11.089512284991084
71,62,14.0,9.580797165307235,11.66051812298511,2.7821150466425166,11.473739,8.874292251320995
71,63,13.0,9.132856643075787,12.167164557713033,2.2566513486141755,7.0065317,7.640801066199016
71,64,12.0,10.287063262138776,22.931356142141333,2.1660609223939176,9.887534,11.31800361705364
71,65,11.0,9.381092032819998,12.23772536517494,3.173978319669418,8.586707,8.344875708209424
71,66,10.0,9.85429085979967,17.286669385999907,6.34623846072113,10.58015,11.01683708927361
71,67,9.0,10.37484349906918,22.336823451823378,2.655364414351462,10.089657,11.3641720487695
71,68,8.0,11.118578815937665,17.847519414221225,6.206126948791933,11.2706785,11.610725924788365
71,69,7.0,9.132017982478509,13.78586947629118,4.060037279576385,9.7840185,9.19048581372165
71,70,6.0,10.94084612445167,19.809341400125525,5.2082142141432115,10.590811,11.637303128619312
71,71,5.0,9.470270462121345,14.863152334434776,5.123306901756768,12.2000475,10.414194297823462
71,72,4.0,9.233287433163586,11.363152554659479,2.5397880001590742,8.825114,7.990335559541311
71,73,3.0,9.446129152831439,12.250593184088896,2.566652785302985,6.8898168,7.788297970810041
71,74,2.0,9.830539354904705,14.077821879432847,4.146775901386063,11.063456,9.779648179347163
71,75,1.0,9.518297833169248,8.118085560044143,3.6682303562766805,9.784043,7.772164265390707
71,76,1.0,10.560937668721573,8.70427346020962,4.592055266772581,8.69487,8.13803409770524
71,77,4.0,9.705352336389506,15.197708474573945,4.9825056701833255,11.965001,10.462641896852247
71,78,3.0,10.06933326708301,14.784749329660826,5.445463290220594,10.567755,10.216825158111957
71,79,2.0,9.981781374946852,16.779213790972577,6.376036180882666,11.326325,11.11583919084176
71,80,1.0,9.63306868341274,13.591331479184676,4.000052275234022,10.3531685,9.394405231345067
71,81,1.0,10.006036785978544,11.548483545935905,2.34812098024328,11.991904,8.973636392721438
71,82,9.0,8.803338008207486,9.329550400511,3.032120487581981,7.2629614,7.106992570983686
71,83,8.0,9.817887486501116,11.222958866745923,2.9822520453931833,8.1021595,8.031314474690573
71,84,7.0,13.177724835661875,14.975635071288494,4.5447804838599275,15.9191675,12.154326977356504
71,85,6.0,9.156202471393241,9.972363398598528,2.732330709585069,9.405681,7.816644309002486
71,86,5.0,9.978493725069733,14.986039721232757,4.97384526186892,9.057773,9.749037836146247
71,87,4.0,9.514516917866684,11.980635513552913,2.9860866517298135,9.715437,8.549169004643554
71,88,3.0,9.39942694530031,15.465125969392826,5.336704062701958,7.720038,9.48032372863985
71,89,2.0,9.227393251568621,15.2528263209158,4.884532425293827,10.859659,10.056102798181135
71,90,1.0,11.533384380475473,17.102260388581364,6.017735494602274,12.45562,11.777250018917709
71,91,1.0,9.167291172901825,14.018474288694076,4.4204606839686935,9.75914,9.341341540053257
71,92,1.0,9.493030617353362,13.990291742536261,4.597971752958953,9.458089,9.384845746916367
71,93,1.0,11.64938952194604,4.546008733373046,8.441805070105168,12.086737,9.18098500112535
71,94,13.0,9.09697811720823,11.179768291335783,2.4115060579686336,7.593761,7.5705033584418215
71,95,12.0,9.246395605265654,14.29784638679065,4.117494188267086,9.179258,9.210248631720251
71,96,11.0,9.424907730329243,11.902343801690645,2.6811325576436857,7.872686,7.970267499733703
71,97,10.0,9.179260123674148,12.910089519382604,2.740165413253429,8.601892,8.357851881905914
71,98,9.0,10.649039569747508,21.48703558101574,3.6894258025923214,9.825558,11.412764665523952
71,99,8.0,10.480110552823112,15.420273213833209,4.894751629996145,9.157879,9.988253568096221
71,100,7.0,10.51179706199357,18.574637984744236,6.5371854571917964,11.06313,11.671687720663186
71,101,6.0,10.304413065729973,16.2689268080998,6.1028553620620425,10.469045,10.786309980313897
71,102,5.0,10.234864679571526,21.00549998575147,3.96543653848836,12.782945,11.997186470767902
71,103,4.0,8.863622027549575,13.057636868199925,3.1541925478022037,7.8666368,8.235522049158494
71,104,3.0,8.972605302958664,11.836447496231251,2.5130033945709354,7.118059,7.6100288380215115
71,105,2.0,9.557263216706703,14.767419741359877,4.995198181609769,9.9650345,9.821228906134909
71,106,1.0,10.176369121173472,16.1335662847248,5.4694331744354425,14.149933,11.48232536041546
71,107,1.0,8.829003958204755,12.785445462961764,3.069472133224725,7.1963973,7.970079714731539
71,108,7.0,9.549925563579206,15.656306117625897,5.797467373165787,9.363165,10.091715989026072
71,109,6.0,9.132109869139446,12.531308574421615,3.0091760005548824,9.064243,8.434209440191584
71,110,5.0,9.350791748148112,9.999776639297338,2.6739979577156596,8.569369,7.648483915315546
71,111,4.0,10.725359223188272,18.950421075543538,7.201266568747328,11.60615,12.120799135235263
71,112,3.0,12.827383733840133,8.366347003452908,5.0803109262779245,14.34965,10.155923011641644
71,113,2.0,11.109463323289454,9.46123061632095,4.074050683214152,10.636506,8.820312675862999
71,114,1.0,9.852737644707396,14.502510778941236,4.0371551207848775,9.537518,9.482480273010232
71,115,2.0,8.880085812709144,13.162493531107762,3.1563439601185035,7.9127903,8.27792840059933
71,116,1.0,9.634763383366462,11.529365107986084,3.2548263899616856,11.442889,8.965461023719062
71,117,4.0,9.535148612772465,11.70699788073333,2.736175862157932,10.337405,8.578931890109168
71,118,3.0,9.075663232640842,14.653059380687957,4.217326130065029,9.721305,9.41683840922187
71,119,2.0,9.214919088442869,15.476589595645624,5.351141547829611,13.607794,10.912611009975375
71,120,1.0,9.956183208823743,11.490459714533504,2.1315090061782236,8.990593,8.142186221519609
71,121,1.0,9.784341123156938,10.134716089841874,1.9542540414386842,8.739881,7.653297954066527
71,122,1.0,11.87470054277725,6.5829374732804595,6.579340124103712,13.037636,9.51865348584602
71,123,7.0,10.880128592729779,4.388808005932059,6.338281101801297,13.554066,8.79032085120221
71,124,6.0,8.891195440627811,10.352658858903382,2.5891614912099286,8.091096,7.481027928779641
71,125,5.0,9.12428666432015,10.344285015998814,2.1750008067184936,8.91493,7.639625707666347
71,126,4.0,10.134458649673526,12.291889846889797,3.6475819960443516,9.319104,8.848258671812196
71,127,3.0,10.431107281610439,6.942303428939631,5.780602263806205,11.705391,8.714850976133015
71,128,2.0,9.466886893908894,12.951168372125185,2.9483672030284502,10.794,9.04010553524964
71,129,1.0,8.658563840723133,9.265261617246892,2.6627070076110524,9.064631,7.412790981919562
71,130,3.0,9.645124467518666,9.099599562717561,3.339176008482898,9.634807,7.929676667928683
71,131,2.0,10.577555724114731,18.41501287752512,6.007240075793394,11.204309,11.551029535233555
71,132,1.0,9.252693028531132,11.683452924668103,2.1056159306630633,7.9595637,7.750331404002379
71,133,1.0,10.496748353947325,6.417547421592282,6.045296164130878,11.027496,8.496772069390278
71,134,1.0,10.542002236591394,15.913823604887607,5.390749091623041,9.081982,10.232139148009397
71,135,5.0,9.475976254684504,12.193475017080907,2.508610236179761,8.383162,8.140305763186245
71,136,4.0,9.002033615245763,10.833532491660378,2.494773946587374,8.813864,7.786050951941494
71,137,3.0,9.399035932006843,7.143836458811826,4.68216906083782,8.847551,7.518148199370421
71,138,2.0,10.781640151854846,4.2410990017115715,7.946609093036704,9.339105,8.077113224751976
71,139,1.0,10.623643137241775,10.200693714455046,3.950657076418853,9.742922,8.629478939334827
71,140,1.0,10.093353090704737,12.010319952241783,2.4823832251305085,9.106439,8.423123726214204
71,141,1.0,10.900260226323953,9.76557445483596,2.537510864362659,11.591359,8.698676171002836
71,142,1.0,9.770948048355164,15.570348228330817,4.918835622299191,10.76222,10.2555880704189
71,143,1.0,11.489492204518843,3.422346332133884,8.786690496818405,12.036016,8.933636374426133
71,144,1.0,10.440433091093762,7.177466546621151,4.1019835154964674,11.142855,8.215684460940786
71,145,26.0,9.329984929832015,10.423700720235004,2.5870858901758496,8.862111,7.80072065796416
71,146,25.0,10.845786951743646,6.962660748338035,6.304887030326055,10.451683,8.641254443710332
71,147,24.0,10.314006775989967,7.691983275324194,4.451501456864843,9.767144,8.05615892784126
71,148,23.0,10.55727644530169,4.330738755137151,6.310441626555729,11.5331745,8.18290783544127
71,149,22.0,9.501966220674563,11.29822468949256,3.0722652956024312,10.864526,8.684245500188116
71,150,21.0,9.467857995124229,12.687188183938385,3.2776466106062614,8.116794,8.38737160554405
71,151,20.0,9.69700654241883,10.537878856538281,3.6853721698748974,7.609939,7.88254916679754
71,152,19.0,10.394798584090493,2.336078369390517,6.901354659817314,9.054929,7.1717900982250935
71,153,18.0,10.154977250942954,4.464260102917297,7.861108779257792,11.123286,8.400908095092866
71,154,17.0,8.766762269555624,7.383555882987601,4.8421631137463415,9.773603,7.691521176405155
71,155,16.0,11.706320113202057,3.992801445447636,9.1022509304931,11.589442,9.097703685563896
71,156,15.0,9.846357371086537,7.329613534602235,4.09662219531727,9.194502,7.616773744459274
71,157,14.0,9.404655207634608,8.337289067802288,4.307844580764794,8.237876,7.571916198654304
71,158,13.0,11.38113521586976,3.6995458124770515,7.672467045616047,10.927275,8.420105694485589
71,159,12.0,6.402623386768954,-2.043828155087269,4.196279317268996,6.8569574,3.853007996139648
71,160,11.0,9.789499370930962,0.31931621228681095,5.908772586340776,9.268829,6.321604378815419
71,161,10.0,11.443712227359121,4.818703467331769,8.277096550476383,11.093643,8.908288858410959
71,162,9.0,12.051164393492535,5.333808188115906,8.830926457351106,13.02178,9.809419763249409
71,163,8.0,10.919048426457437,0.7344526506218294,7.351926232635841,11.618194,7.655905234029729
71,164,7.0,10.953259193352581,4.768511556253191,6.645540062927616,10.92046,8.32194263996196
71,165,6.0,9.418149808317143,-0.6819058424107958,5.644655465158092,7.038927,5.354956627327877
71,166,5.0,7.941053631562869,-2.1540720629770505,4.191565516293238,6.804384,4.19573282911161
71,167,4.0,10.528686465323242,5.164947381673265,6.661301494473991,10.886159,8.31027357116169
71,168,3.0,11.481388260861955,2.80571766958084,9.296341220027841,11.473418,8.76421634656236
71,169,2.0,8.755697639727318,3.5501186337950017,5.727989848257565,9.520624,6.888607570636621
71,170,1.0,12.048858196068975,6.687334252911462,6.198153362540971,11.878134,9.20311989633128
71,171,1.0,15.42529743945842,-0.8692415760366785,6.282586116962703,8.304774,7.285854066186809
71,172,1.0,9.893643565383654,-0.5196899714326548,5.666138946892545,7.740483,5.695143837000742
71,173,1.0,5.519200711172801,0.09214251992467482,5.298685093561533,7.6780343,4.64701565755788
71,174,1.0,11.064866940746112,4.037842389327466,8.288598665188305,11.601468,8.74819402037614
71,175,1.0,3.877745621066238,-4.360382274916848,1.3514724501644757,4.3929715,1.3154518279923457
71,176,1.0,5.436535185709954,-1.2355594610232785,4.278489607038491,5.888307,3.591943106574785
71,177,1.0,7.269315771674768,-4.312335589378062,1.9907775202656168,4.6213617,2.3922798587613086
71,178,1.0,3.21957139528478,-4.515467588548415,1.3147231292407895,3.5804636,0.8998226459548906
74,1,8.0,36.35426346244035,30.380233904230263,36.03194423258426,45.60323,37.09241778048999
74,2,7.0,10.48106181272312,22.11123752158631,3.658109081723895,7.7601595,11.0026419771315
74,3,6.0,17.892483532747963,26.793236892069952,12.192950473639431,9.910863,16.69738345528145
74,4,5.0,24.273523440502586,26.82539671268411,12.11987620657564,33.951363,24.292539742406404
74,5,4.0,27.75800473287079,24.53692483490734,6.447638719842189,37.75192,24.12362177008623
74,6,3.0,15.679290254545695,28.004069471048027,14.482922799817496,23.98678,20.5382656730093
74,7,2.0,42.134680049264304,29.96000858259838,32.61600322103796,45.01308,37.43094311245612
74,8,1.0,46.4749645536978,28.701184204637403,24.4709226414136,52.480244,38.03182877065253
74,9,1.0,10.421171001640094,22.974067008999477,2.349882363785934,7.4597607,10.801220260079766
74,10,22.0,9.669595386957898,23.92450002819617,2.8922033704857757,7.239023,10.931330498564503
74,11,21.0,11.956425048711491,26.175355246129108,7.523876929631094,8.391509,13.51179157014075
74,12,20.0,10.052820772752808,22.777094659735468,3.4543231995570185,9.758435,11.510668470343477
74,13,19.0,10.757651545583542,21.069314327586753,4.557423993846893,14.199923,12.646078107165675
74,14,18.0,11.908691541734234,25.594743288385352,8.661994890500273,9.829449,13.998719605142758
74,15,17.0,18.09953316477383,26.61611352683262,7.50387284218266,44.01014,24.057414749780285
74,16,16.0,6.709509675786873,24.90585043806328,3.4654589849760757,7.5770245,10.664460889666273
74,17,15.0,13.228113606718347,26.47510505070434,8.127365100683843,16.91015,16.185183571515157
74,18,14.0,15.534524959456599,26.32043007486201,7.992077545663466,15.999707,16.461684950491733
74,19,13.0,15.45808608355105,26.846696224871707,8.412817078873545,15.233442,16.487760423453715
74,20,12.0,12.128656542178039,25.28201811908888,5.5318207624017095,16.359993,14.825622101156416
74,21,11.0,11.34093049848327,23.998435367827323,2.2398521138525087,11.118759,12.174494283859135
74,22,10.0,16.715648012822022,27.39919095528946,11.568490826410002,23.084045,19.691843801169433
74,23,9.0,11.230914152043017,25.028140172346298,6.196643520611753,10.598858,13.263638931159933
74,24,8.0,55.581268311752616,31.677505903622222,50.33474215239343,62.99823,50.147936587059256
74,25,7.0,15.453106690798645,26.5862922343847,9.56081098273226,13.754087,16.338574339008932
74,26,6.0,10.55384885808857,20.605353806465388,5.063798653198322,11.683445,11.97661157363973
74,27,5.0,26.213161173401957,28.8169370787893,19.92701001236182,22.929642,24.471687497046474
74,28,4.0,55.472591550611526,29.909776413373635,29.179982118749663,46.821323,40.34591836937756
74,29,3.0,26.18959378303758,27.186545629416134,13.230365562429416,22.182049,22.197138443122636
74,30,2.0,16.38858359442898,24.318087171196012,5.880783480744512,12.440415,14.75696740718869
74,31,1.0,28.86217722439296,29.597692967611493,28.259035818401372,29.494913,29.053454777900527
74,32,1.0,10.356321047941451,22.20682964904391,3.305607980043691,7.9119925,10.945187806731322
74,33,18.0,14.566615451046548,24.876188351665242,6.507072289114806,16.883076,15.708237951484481
74,34,17.0,9.59311985960587,16.86899351335186,6.346226965147904,9.969379,10.694429940788616
74,35,16.0,10.47410305663842,24.01620606548243,3.483236623791109,14.930332,13.225969482437462
74,36,15.0,46.08068353186538,30.22783031309516,30.491838621722952,55.788372,40.6471811266196
74,37,14.0,12.916847189213174,23.110413816810674,2.858522476261541,13.728979,13.153690648250791
74,38,13.0,26.744060476117753,29.16377636381306,23.424475776206698,32.938816,28.067782171673535
74,39,12.0,11.498291479205943,24.37233287911397,3.139959162372808,14.263897,13.318620115707848
74,40,11.0,10.709975367745603,24.236930070739405,2.552883953129834,15.666544,13.291583338046532
74,41,10.0,11.033016905972236,25.194302190320606,4.776728793474112,12.947877,13.487981205000944
74,42,9.0,24.760357578941534,25.319407746673587,6.524406166718736,25.832527,20.609174663244595
74,43,8.0,34.95435588171071,28.848267772902375,18.79824476085617,24.527925,26.782198476700565
74,44,7.0,14.180171012190756,26.379919879839683,7.001185710222917,16.810932,16.093052190419296
74,45,6.0,10.155142467444664,22.029848922609354,3.1974628873324917,10.940548,11.580750555125435
74,46,5.0,16.39905317098405,27.6856630504152,13.667170648803618,12.768226,17.630028135015927
74,47,4.0,10.031765864195043,21.471802193962255,3.68899860708402,9.913772,11.276584573643703
74,48,3.0,17.854055998081183,26.93452029274593,10.687037273533385,28.028427,20.87601017209598
74,49,2.0,14.793702147327721,25.238442504422196,8.106801144071675,19.17163,16.82764416379915
74,50,1.0,12.26080555389522,25.596257705031455,5.278118238543346,8.972409,13.026897686455516
74,51,1.0,32.120962610017905,29.32519695110377,28.396373450433174,41.342438,32.79624268892387
74,52,1.0,10.626471272388306,23.995906654478716,2.6412016530689915,10.057145,11.830181174662348
74,53,1.0,10.130021091550661,20.291918492470998,4.588298182986183,11.632515,11.66068818015528
74,54,3.0,10.173768592057614,22.791756394972534,2.2593935803838168,9.169007,11.098481467186133
74,55,2.0,26.272952694027385,26.725504413439044,10.231432572766021,22.22189,21.362944794020514
74,56,1.0,11.01058883503299,20.701405910558925,4.497220064875915,9.5147705,11.430996329570082
74,57,1.0,9.574435749778877,17.838564010420697,5.829108589880704,7.805259,10.261841894458241
74,58,9.0,10.616298468543924,22.183216028508618,3.3614077960890807,11.133545,11.823616803754156
74,59,8.0,7.843370524470544,26.16171073257663,8.872817086544913,7.426061,12.575989874250988
74,60,7.0,13.036148733280163,26.294450176617804,8.183646539846437,12.2317505,14.936498984506413
74,61,6.0,8.882242581983748,24.27704717141615,4.086689587055918,16.180342,13.356580265259218
74,62,5.0,10.439629743369562,23.12451530457651,2.477973760330732,11.276649,11.829692070843615
74,63,4.0,10.714466157975464,20.39317598187289,4.70201419848418,10.270297,11.519988347202151
74,64,3.0,10.318463558972766,21.714436725083424,4.007962416865524,9.36875,11.352403079862997
74,65,2.0,10.48199566021536,22.69663796753833,3.8835575954465664,21.029638,14.522957378401383
74,66,1.0,43.39599841360096,28.72395375313307,22.011098309413743,36.19398,32.58125791170052
74,67,2.0,11.102941336487877,23.719650071154057,4.123072927869847,8.180628,11.78157303959694
74,68,1.0,9.595564628664954,20.38797251782741,4.0958732232917505,10.474235,11.138411237694442
74,69,1.0,9.6646671194284,15.852257041889317,5.75763356561224,9.464889,10.184861574905707
74,70,1.0,11.239990629126298,24.729452249869453,3.3662118333259308,10.34657,12.420556181818824
74,71,1.0,36.297734921418204,29.178152001230508,29.920357199148754,37.529995,33.231559771599265
74,72,2.0,11.391833659099873,23.914007939858067,2.471296750609028,12.071743,12.462220340260394
74,73,1.0,10.246835302865836,20.378360077046885,4.248831023431176,9.457268,11.082823541143592
74,74,4.0,13.026590256445362,26.803551398215788,9.013120778660602,5.2860236,13.53232151252813
74,75,3.0,19.93012955548277,26.775381508361335,9.389228241581488,14.816758,17.727874365312086
74,76,2.0,22.220213766153524,22.81471495269757,2.684923214136198,33.22221,20.235515465851805
74,77,1.0,11.08382570160552,24.82390616490229,2.644904965157762,18.779621,14.333064488983288
74,78,6.0,9.73973590736292,15.961816330371176,7.41047068208333,8.647772,10.439948688786144
74,79,5.0,11.187499873479727,17.08878602736845,6.281998675024667,12.019997,11.644570304734813
74,80,4.0,10.528650089462497,18.123399525262798,6.967087815800282,7.6678967,10.821758544528672
74,81,3.0,9.724436028805739,13.637440352521507,3.6955906235065648,8.046974,8.77611029674068
74,82,2.0,12.15390916872131,16.522604801163276,3.9272271909177707,17.357204,12.490236399514554
74,83,1.0,15.124700005204788,25.641768261667366,5.256486575749626,14.231834,15.063697313560718
74,84,1.0,9.943823619683162,21.23069036701634,4.481093785384875,10.144187,11.44994868641404
74,85,1.0,9.45101497375042,14.853347658518578,4.210186947291712,6.9625955,8.869286260589945
74,86,1.0,23.33102289741484,25.958253009348695,6.907488021388908,21.730701,19.481866343671413
74,87,1.0,9.609814810633807,15.613026370708937,4.941100869412146,10.077344,10.060321497872438
74,88,1.0,10.297314800128522,23.801251470326324,2.84025032538524,5.957243,10.724014890384582
74,89,3.0,10.28283819621188,19.938449053838333,5.082646204395433,12.562604,11.966634351236534
74,90,2.0,12.850670207664013,16.35919982879677,8.460465731694672,16.22416,13.473623752219527
74,91,1.0,10.333286956749614,19.70038609181327,5.1730499551092315,10.498033,11.426188893389343
74,92,1.0,11.885317067886382,24.86136672165948,3.754918478531353,18.307167,14.702192330324968
74,93,18.0,10.643764269486983,20.219137231558197,4.709062361047474,13.159967,12.1829828211445
74,94,17.0,10.27279279648999,18.828836220897628,6.226891149738016,13.274143,12.150665846529943
74,95,16.0,9.398552460379316,16.39549132412305,5.703501167690499,8.237011,9.933638977000852
74,96,15.0,9.703513714005199,16.768021422658286,6.292786235955319,10.233915,10.749559175399574
74,97,14.0,9.652056861269722,12.03745368671322,3.826210612162063,14.27522,9.947735269360592
74,98,13.0,10.870580676302232,15.043838783014587,4.064278360820744,10.444926,10.105906020509854
74,99,12.0,8.909618731410768,13.671243806343142,3.776514765833337,9.395566,8.938235822555136
74,100,11.0,10.368079153746677,19.95483586301254,4.580701510231554,11.729851,11.658366824008436
74,101,10.0,10.89673536599147,20.666250646529164,4.440240045930873,10.041834,11.511264984003745
74,102,9.0,9.563085354851987,16.764023275257863,5.921770099942368,9.593207,10.460521522341544
74,103,8.0,9.63533941187257,18.226406083858187,4.959759485076695,7.275301,10.024201490105428
74,104,7.0,10.926102685318547,19.12232548490197,5.394358961792694,11.760982,11.800942172941657
74,105,6.0,8.233378139184707,17.988554571373346,5.915484354695996,5.595614,9.433257755426366
74,106,5.0,14.524756958651219,26.32544265277412,9.234287120783119,29.630022,19.928627195289664
74,107,4.0,9.34510043090667,15.016551465700356,4.809793661398819,10.125082,9.824131893499265
74,108,3.0,9.901359651045519,21.351366742995637,3.3779864262931625,8.890937,10.880412417958945
74,109,2.0,10.32583494022252,15.79414955268728,5.612677844782409,13.743945,11.369151864864337
74,110,1.0,8.967785328380101,11.021725316484211,2.8775537939538705,9.318888,8.046488037347368
74,111,1.0,11.366057713997984,7.812379459630794,5.64443226946252,12.824685,9.411888634958006
74,112,5.0,10.779338873067015,15.643557998476599,5.270741638264809,11.311826,10.751366065516681
74,113,4.0,10.062369388107456,16.7407971119061,6.092770503301946,9.973883,10.7174549196216
74,114,3.0,11.49329000690527,16.353161888158716,5.853194594542831,9.506446,10.801523093577853
74,115,2.0,9.286947197280275,10.805869751795289,2.8539297915093567,7.5522547,7.624750354350942
74,116,1.0,9.513119929073856,13.663794021550578,4.545410397874674,9.92273,9.411263698590231
74,117,1.0,8.869992468382303,11.384784616217,2.681677749851257,6.7256474,7.415525570985992
74,118,1.0,8.706093114339449,10.387153092045256,2.4515605060219325,6.935549,7.120088873688818
74,119,1.0,8.865218107316567,11.50238808972436,2.3792490891129496,6.6301727,7.344257003911516
74,120,3.0,9.282652545747183,11.704330635264107,2.1193536878549004,7.9440656,7.762600609924372
74,121,2.0,9.753977210758595,9.67894101183484,2.717436448535828,8.477365,7.6569298028073405
74,122,1.0,9.264909358777565,13.10793541799972,2.73437847076344,7.8802123,8.24685888862926
74,123,1.0,9.381092579363846,12.073457219139714,3.2137802545992837,8.623754,8.323020900192825
74,124,1.0,8.70002173426589,7.700138941631312,4.469166987858603,10.6375265,7.876713543975451
74,125,16.0,9.864210078324414,6.984830423344761,5.160624023029973,7.5459023,7.388891694224103
74,126,15.0,9.304263174401994,12.799815776663248,2.9594939430932587,7.9778395,8.260353091017041
74,127,14.0,9.222981275721766,8.997292177996226,3.5048535343153606,8.828574,7.638425292159095
74,128,13.0,9.03969939975135,2.9357082778818473,6.849932300245611,8.157325,6.74566619220835
74,129,12.0,9.274601491372694,12.705505898657645,3.046808650603218,9.916589,8.73587620597443
74,130,11.0,10.564425430058245,7.458387652576572,5.848020976340802,9.53422,8.351263450199227
74,131,10.0,11.631627634801946,1.097846533760606,7.938997010696985,9.570231,7.559675654235661
74,132,9.0,11.275775248733986,2.125027446236217,7.498701779661877,10.439108,7.834653092382386
74,133,8.0,11.353202775994939,3.0421547156941564,8.044191690833173,11.353992,8.448385411170118
74,134,7.0,9.991433045906048,2.17938142872584,6.564558191493806,8.640326,6.843924553097585
74,135,6.0,11.694490555142847,3.728722870512378,9.534905323789594,12.29598,9.313524800734008
74,136,5.0,10.924981545759897,3.693752050974865,7.032829878146723,11.281305,8.233217196997959
74,137,4.0,10.755123684356029,9.417500698033056,3.860710344116608,11.070765,8.776024817032917
74,138,3.0,10.516850179822892,3.1762160913870225,8.053805904709746,9.43548,7.7955880734293785
74,139,2.0,10.535250406889068,4.83406398400243,7.3409436378243536,9.13833,7.962147122077645
74,140,1.0,10.740226922992447,2.0693028075154807,7.779683346571685,12.210522,8.199933693769415
74,141,1.0,3.017976898541489,-4.754509310365432,1.2489016221795062,4.138473,0.9127105610651483
74,142,4.0,9.570092536852348,-1.0955154893035903,4.405671241498949,8.611908,5.37303906200802
74,143,3.0,3.7410450765137866,-2.8607705788782773,1.5258181719542208,4.032985,1.609769470002108
74,144,2.0,10.430260647692974,0.42403081418079225,6.577264214087116,9.249418,6.670243483656968
74,145,1.0,7.6449224224435595,2.2818479187347123,8.33181777752257,8.938407,6.799248765743936
74,146,2.0,4.362016644566728,-5.370541632228768,1.7467154338501345,4.726531,1.3661803687339131
74,147,1.0,6.048766855194936,-1.435564958457217,3.863843845301787,6.7463007,3.8058366098415415
74,148,1.0,3.329455004053813,-5.929508699471821,1.3293987485665912,3.201417,0.4826905056119749
77,1,22.0,8.758243579361336,12.306551754767343,3.3366736491355855,7.4966207,7.97452240958102
77,2,21.0,10.372204004732334,20.832866354375845,4.702054252720167,10.5290365,11.609040283434991
77,3,20.0,11.85380588891112,23.155278673763775,4.296499408510776,10.954798,12.565095428984161
77,4,19.0,10.37385018896557,14.886784734010986,4.2779516151818076,9.176674,9.67881510682963
77,5,18.0,9.594514512720243,17.60006288528136,5.597656351463218,8.206459,10.249673198718746
77,6,17.0,9.011933641937452,14.100978753144622,4.213040600974692,8.272553,8.899626609991364
77,7,16.0,17.45448049953546,16.050217676134018,4.8537216241428585,8.345672,11.676022863389973
77,8,15.0,10.258507838963096,18.139714301004496,7.213663723616339,11.175182,11.696767051528308
77,9,14.0,8.840211171183997,13.28842704456084,3.3631671803653074,8.753074,8.56121977210798
77,10,13.0,12.843864074521338,13.474062951716279,3.9358574746184605,14.282287,11.134017786209503
77,11,12.0,11.148635140817015,14.048951334513948,6.201254766909292,11.514526,10.72834190235694
77,12,11.0,10.634600474571624,23.137365425609445,2.7565301378499214,11.73539,12.065971436875913
77,13,10.0,10.275776403967193,18.386952780198033,6.029077629549448,13.023588,11.928848748564167
77,14,9.0,9.678372648136465,15.082358865873324,5.583177011382167,10.200465,10.136093431930876
77,15,8.0,9.440370229608352,15.093777526883574,5.01237818630209,8.930767,9.619323250530048
77,16,7.0,12.099529419745531,21.313037789800717,4.560794337648732,15.051646,13.25625194494999
77,17,6.0,9.375023231944857,12.627258945904812,2.878492354500123,8.130067,8.252710350998214
77,18,5.0,9.305682942988659,14.123421965090499,3.7917002797969435,9.75194,9.243186240358918
77,19,4.0,10.882230564049719,18.278151490093393,8.00529979388055,14.997594,13.040818931930843
77,20,3.0,9.79854965293969,16.36701235880141,6.021526126965934,8.695553,10.220660241158694
77,21,2.0,10.171806645826972,18.85980650148401,6.517602127765819,10.713728,11.565735806531652
77,22,1.0,9.917522906794384,17.62049196883787,5.996452984450707,11.882752,11.354305069650257
77,23,1.0,9.677921061702792,9.699613929466928,2.700732518087417,8.778487,7.714188678690626
77,24,9.0,10.174509204486053,18.69208740143591,5.445941864672264,10.416815,11.182338318667844
77,25,8.0,10.169775677574764,17.086406901522103,6.7259935063515535,11.728458,11.427658622497358
77,26,7.0,10.837510282914105,18.5175921328979,6.232230318800983,13.586204,12.293384077436816
77,27,6.0,9.246250997765884,14.376002077817558,4.011617805447571,8.824435,9.11457652877521
77,28,5.0,8.83156794914415,8.945273177019807,3.8206034655739085,7.993216,7.397665157372028
77,29,4.0,11.065927728715135,9.16232295740586,4.185918026225874,10.566375,8.745135872773606
77,30,3.0,9.962305212671545,17.13739149717027,6.614650374185896,11.316302,11.257662345881805
77,31,2.0,9.137041566045072,12.574939855880615,2.8172213399272508,9.021832,8.387758806994606
77,32,1.0,9.325107960576155,14.749674969024255,4.8230560757285,9.673693,9.642882927143996
77,33,1.0,9.496784376939853,9.271664755947906,3.0025568215369915,6.665725,7.109182796398851
77,34,14.0,12.543716156601453,15.748871237631047,6.5742569407223375,8.737862,10.901176492063904
77,35,13.0,9.16859712224502,9.608401343314068,3.550261708368822,6.9867563,7.328504124673994
77,36,12.0,9.432328853817708,14.404622160300658,4.489467787541557,8.839534,9.291488151876774
77,37,11.0,10.772488443094424,14.552179523789693,4.53353736266563,9.425839,9.821011188420762
77,38,10.0,8.96486512404225,14.654746554538992,4.5727374687213995,8.9228735,9.27880566107798
77,39,9.0,9.743637115745196,10.550606794738737,2.5728868170964656,9.085341,7.988118045283162
77,40,8.0,13.790219177370593,15.828992374130081,4.6743807877844965,16.232958,12.631637544812747
77,41,7.0,8.899959210131662,9.879043837547844,2.840269659681651,7.5272613,7.2866334911331965
77,42,6.0,13.286759561683947,18.182490965375095,6.4378938191459625,11.210436,12.279395053378643
77,43,5.0,11.302817568487594,18.98047597776604,6.103312944010963,11.133583,11.880047389778063
77,44,4.0,9.695377278209394,16.611025798127034,6.353494334418281,10.874375,10.883568188519366
77,45,3.0,9.980645094383837,9.770452873307772,3.0270152968369004,11.436947,8.553765033356248
77,46,2.0,8.95500218726518,13.382073607783315,3.485353945681471,7.875676,8.424526473955074
77,47,1.0,9.366322520601846,13.899193849905547,3.644095766480998,9.027167,8.984194864309963
77,48,1.0,8.83509264590306,12.947789558792397,3.352629332308755,8.231236,8.34168699870723
77,49,11.0,9.464793580745166,14.424859534971183,4.111053276543654,7.9545817,8.988822032444578
77,50,10.0,9.230438129751084,11.960570701966738,2.2946399453867663,8.639923,8.031392968201928
77,51,9.0,9.735394624921506,13.540775007446225,3.8758909926397624,10.676499,9.457139997941937
77,52,8.0,10.323825185449126,16.64090756500287,6.227943528465444,10.7988405,10.997879200420888
77,53,7.0,9.623178613501205,17.017402225508064,6.724980740529462,9.951759,10.829330229479408
77,54,6.0,12.398961747880428,13.50617904681302,3.577435852744406,15.654468,11.284261057535122
77,55,5.0,9.541346963734004,14.164232576391788,4.307116779594521,10.698129,9.677706254994165
77,56,4.0,9.896119970409474,18.43814361978405,6.056494805709123,9.634927,11.00642129796553
77,57,3.0,9.97724875757877,18.785850899781643,5.142008908178145,11.095766,11.25021865826086
77,58,2.0,8.714324780787095,11.407638627281113,2.408213162268515,6.4085994,7.234693986753797
77,59,1.0,9.958459171523444,7.918672316032758,4.345057829022942,9.162256,7.8461113893559675
77,60,2.0,9.676447898382893,13.714423264663969,3.038629872805096,9.115762,8.886315698187232
77,61,1.0,9.322289460230705,12.877822243042273,3.2766695466759295,9.30236,8.69478520773564
77,62,2.0,11.18625221127468,18.5528188352206,5.8003962509484825,11.064495,11.65099059602842
77,63,1.0,9.01758221790699,10.783868235542311,2.319569951807379,6.7794247,7.2251112681537695
77,64,1.0,8.775860640917331,10.863861182743065,2.1578082624977046,9.694963,7.873123385339573
77,65,3.0,11.06916431499988,17.020784344029124,6.132375170414864,11.677565,11.474972112603886
77,66,2.0,10.296547935616895,19.643507846097272,5.115594250706481,11.081099,11.5341871472348
77,67,1.0,9.693476389885785,15.66209672325886,5.562807684533366,11.383431,10.57545305807734
77,68,2.0,9.199610501875178,7.689548616494559,4.489182014394194,8.751125,7.532366617114322
77,69,1.0,11.685536474893222,4.961142396265963,8.324439838741988,12.911916,9.470758622253737
77,70,2.0,9.403290265234057,12.421374467486384,2.966340996407304,13.565283,9.589072137695755
77,71,1.0,9.95880384139218,17.356946731526747,6.420541974699566,10.586066,11.080589698412803
77,72,1.0,9.291215916691902,9.72276536669008,3.0381225018677185,8.061299,7.528350777321336
77,73,2.0,9.88882533389126,20.750362842803057,4.980184671972852,9.253884,11.218314291039473
77,74,1.0,8.93756843318988,13.254380455775781,3.0927219192281097,8.311239,8.398977512686871
77,75,2.0,10.011752826767196,9.013674325800096,3.79011361106984,9.527377,8.085729473059551
77,76,1.0,9.702579565334275,15.52474069219287,6.048954298862448,11.468222,10.686124055204576
77,77,1.0,9.267387541574486,14.905063374126353,4.573048586989813,9.374773,9.530068132050836
77,78,3.0,8.960414555519044,7.891512735932103,3.4236227369114545,7.131289,6.851709758410536
77,79,2.0,10.805289323619284,10.353144322220057,3.7661285208066513,11.358215,9.07069437466931
77,80,1.0,9.333219706563781,4.718038597890757,8.789498592441024,9.7327,8.143364311198988
77,81,3.0,8.995803453707031,10.118723464908218,2.862991936474577,9.440282,7.854450180767696
77,82,2.0,9.722453066334948,15.15406555994689,4.733456378381737,13.524329,10.783576047537354
77,83,1.0,9.948800793060924,10.241162390346954,1.8051664381630594,8.110926,7.526513824002353
77,84,1.0,10.268568232314506,13.84031488924071,3.6920451387142084,9.569175,9.342525756702488
77,85,1.0,9.671290084790398,10.96609918056049,2.4208643800640495,8.464895,7.880787223457006
77,86,4.0,12.833629671587335,12.866459232684582,7.886861454959506,14.146309,11.933314814539301
77,87,3.0,8.907006186816362,13.5492300636916,3.7482913232640858,7.291264,8.373947907732868
77,88,2.0,9.134393557421644,12.357499862693631,2.12383644136389,9.872417,8.372036827857585
77,89,1.0,10.252775262911666,12.144785618363674,2.533161789205735,8.782316,8.428259719591704
77,90,1.0,9.382028321681558,14.888660682741877,5.520127120504528,10.038057,9.957218363049618
77,91,1.0,9.672741656069059,13.778250130614321,3.6189100673457215,9.500179,9.142520286200147
77,92,1.0,8.787215992256064,9.079033190449,3.160308667536704,8.398456,7.356253367513444
77,93,32.0,10.845089976380748,8.788557155981476,4.343885904062287,9.540417,8.379487438488452
77,94,31.0,11.515472571724283,2.575595178842711,8.86811894216125,13.346156,9.076335703257135
77,95,30.0,10.93832206258733,-0.7288502485567179,6.031787629379451,9.435631,6.419222560437477
77,96,29.0,9.291272587920824,9.525742994688049,3.0512740898932726,9.355369,7.805914571674731
77,97,28.0,10.813454973987737,2.539452110575045,8.01112509958583,11.111332,8.11884103096147
77,98,27.0,18.25338981908099,-0.07855899926363108,7.428967969142333,9.992501,8.899075011952448
77,99,26.0,13.67396263803711,1.414792246100184,5.731632675712717,9.077188,7.474393774499246
77,100,25.0,13.050272287279727,2.5379178106285067,7.304903578683959,9.608721,8.125453614002785
77,101,24.0,10.117206681586689,5.089294823954624,6.439142586576461,9.322383,7.742006754764673
77,102,23.0,9.58839041851946,9.267375241761595,3.24730328428781,9.110288,7.803339152722416
77,103,22.0,10.80554757390558,8.119568940968168,5.8128021521925675,8.674247,8.353041363772805
77,104,21.0,9.919984548387767,14.104232243506374,4.038970917395659,10.16568,9.557216910232606
77,105,20.0,9.701377123419478,7.441546303034389,5.23363290165657,9.770551,8.03677676398867
77,106,19.0,10.226470010755783,8.232128420414092,3.9698993012921875,9.298779,7.931819066599402
77,107,18.0,10.679953837070983,9.366816554287144,4.806495578528793,8.608481,8.365436844263112
77,108,17.0,11.768196329255357,4.615039007408232,8.4205004398227,12.690159,9.373473655120108
77,109,16.0,11.02567610414119,7.132314712915228,6.457557243763732,10.662937,8.819621306281698
77,110,15.0,9.027351440594538,7.41621238454897,4.858853802576032,9.300975,7.650848118401442
77,111,14.0,11.809692682571443,5.814781771369763,7.361414748026762,12.298976,9.321216286621752
77,112,13.0,9.933409019567073,6.941246484603649,4.993954679156992,10.227799,8.024102399729024
77,113,12.0,3.1128891689738123,-5.329079092506415,1.3914829891019416,1.9978889,0.293295497065171
77,114,11.0,10.686498354148018,1.4499462967820698,7.933028161619725,9.927324,7.499199276898439
77,115,10.0,9.997471790629957,3.0770628559690927,6.879972589749212,13.711496,8.41650089737442
77,116,9.0,10.092576729014791,5.828868549600944,7.204139055492493,10.902297,8.50697033851668
77,117,8.0,8.066165467406927,-4.660720684507741,3.3222904182341306,4.775451,2.8757965961131022
77,118,7.0,10.137513379260845,-0.5907196500254237,6.861401381019112,9.760698,6.542223357183994
77,119,6.0,9.725169366287282,2.6870162205364565,7.231667770957018,10.3277855,7.492909712431029
77,120,5.0,9.39111827790218,6.451044286699322,5.623271927744776,7.6264896,7.272981032907126
77,121,4.0,3.1025660653389,-4.721980961557012,1.4237566222955245,2.1445692,0.4872277211578724
77,122,3.0,8.25866456653885,1.7377567410436008,7.339351914058129,10.088424,6.856049237645863
77,123,2.0,10.588518129673705,1.0510353676695772,7.548517798352906,9.211378,7.099862348307592
77,124,1.0,4.387114937711637,-2.5302089934717173,3.4737114488367027,5.136321,2.61673461522167
77,125,1.0,4.855088298570055,-3.3318123952067786,2.0270425523835733,3.739316,1.8224086105950377
77,126,1.0,5.802007812223493,-0.9635552932918614,5.126765723000139,7.5096507,4.3687172372941605
77,127,3.0,3.235284383306182,-6.895205077858929,1.354356443782848,2.3861647,0.02015010361306724
77,128,2.0,3.2465755712376008,-4.218922655347502,1.3976591451643756,3.270793,0.92402625554377
77,129,1.0,4.018807830171644,-8.281096333611142,1.72642316630019,3.3736777,0.20945309835524872
77,130,2.0,3.0878629685693126,-4.754182558274987,0.9699402308090015,2.321381,0.406250433293715
77,131,1.0,9.548666028884934,0.8876434847198844,8.079287733178878,12.775189,7.822696661625734
77,132,2.0,2.7244969038241806,-10.31350155321233,3.0878977770793092,1.4032922,-0.7744536733002936
77,133,1.0,10.614248898580803,2.0742233822961857,7.029523402817732,10.628467,7.586615572458714
77,134,1.0,3.182878844392006,-6.938890979875023,0.8030225714914074,2.0651305,-0.22196477295209538
78,1,117.0,74.15198344337358,37.45948928021049,83.13653555193385,87.803444,70.63786304605233
78,2,116.0,81.8770905112057,37.70561959327904,71.90506157544786,74.253334,66.4352764313357
78,3,115.0,67.1027379579241,37.130920885330106,78.83147806072107,79.23634,65.57537007194108
78,4,114.0,58.602922429345675,33.402944303528564,57.45342151205291,68.24641,54.42642370002574
78,5,113.0,60.55622991419675,35.34369075255393,58.78046590156844,61.536007,54.05409837395234
78,6,112.0,62.985620393486776,34.146018490066,55.34657212507129,64.753624,54.3079587427566
78,7,111.0,75.99066530043616,34.37019685156571,55.84763952150359,93.2782,64.87167497892324
78,8,110.0,81.25433322426454,40.71848865814098,83.43972561619285,95.04547,75.11450467250116
78,9,109.0,77.50294742093803,34.32502027280467,68.83906481597256,82.0949,65.69048363707236
78,10,108.0,54.603975657696836,33.01900903670506,55.208411350751206,53.878727,49.177530751095404
78,11,107.0,62.88257072384702,37.60137978137071,63.86763615698514,73.083626,59.35880311391497
78,12,106.0,65.82436274970975,34.195016506196566,57.58605152449864,79.48677,59.27305035257194
78,13,105.0,39.79457935639106,30.323823541842394,30.139279368911254,42.629616,35.72182451270903
78,14,104.0,69.79995683941466,34.149778468480875,68.54223666359643,77.80872,62.57517385529975
78,15,103.0,31.53404738796735,30.10694736915596,27.953332525681716,29.156784,29.687777835105553
78,16,102.0,78.41749320336406,37.53407871426516,79.00715229391632,74.07096,67.25742130252017
78,17,101.0,69.86841582468033,37.939770222748166,85.07370693064468,59.720524,63.15060420307542
78,18,100.0,74.43956713112559,37.62636995595726,79.211833249791,67.34933,64.65677435606905
78,19,99.0,40.218682730798825,30.710192763265482,38.61511121223138,36.753944,36.57448277581709
78,20,98.0,45.18699709726772,32.327387633973196,51.51921841358101,40.67726,42.42771612434024
78,21,97.0,54.265168274466134,32.85136097676088,54.60414167056328,43.860855,46.39538150608234
78,22,96.0,45.007838788700575,32.33118185504401,52.7026667936828,49.97897,45.0051642528505
78,23,95.0,86.49982892276199,40.32109237122191,81.8672107183766,85.21465,73.4756962568743
78,24,94.0,50.10593283077027,32.42348552031204,47.92197950665213,50.762604,45.303500404375015
78,25,93.0,62.09071436978644,32.733571274804966,56.07530891675763,68.59925,54.874711338701516
78,26,92.0,53.37960414415427,31.28747372580189,43.10775168363538,68.59444,49.092316549774836
78,27,91.0,62.122404681898644,36.06664375832704,74.98326956516665,63.214096,59.09660351868207
78,28,90.0,69.30475158168989,37.30768185918744,83.05782669170483,69.21772,64.7219950410801
78,29,89.0,78.8890573474457,37.81752433209569,83.29562351545269,94.83245,73.70866401542332
78,30,88.0,57.92545492678122,32.716877197219375,57.46780655452379,52.12249,50.0581571519309
78,31,87.0,60.28995250367521,32.98315655355526,53.70504715193312,65.71525,53.173351079268436
78,32,86.0,81.99856179211355,38.24538623779712,62.39551721768864,95.65264,69.57302663599651
78,33,85.0,60.82152634813113,34.251605100256796,65.85912209600997,53.548344,53.62014930071129
78,34,84.0,82.51370002856365,38.23580785273497,81.9669309825851,80.29846,70.75372519448655
78,35,83.0,59.697203219164784,35.9916648330518,73.17696620839138,53.165707,55.50788522378236
78,36,82.0,38.10863503997607,30.852987806988146,32.499548596715755,35.509987,34.242789580280345
78,37,81.0,48.38008918553618,32.744462740343266,51.41292787779751,42.53806,43.76888475957402
78,38,80.0,67.64509628853179,34.508036770188085,64.51664742791758,60.508186,56.79449170674237
78,39,79.0,67.45807506356843,34.5029318493916,70.66955617182313,73.98501,61.65389283113231
78,40,78.0,66.24380019358597,33.986130450824376,61.26225154836475,62.766594,56.06469403147014
78,41,77.0,28.246121391973976,28.52063545135116,17.11835476136614,24.001825,24.47173423433322
78,42,76.0,28.579263585367034,28.5364305546108,22.218254826692167,24.839714,26.04341575424074
78,43,75.0,56.260073728960705,31.82882208346349,51.791747884196106,54.33698,48.55440565224345
78,44,74.0,58.03613482884512,33.16753067784239,56.78963561465975,40.777668,47.19274228015371
78,45,73.0,48.881057369526935,32.15099520772494,52.07748444053665,56.106297,47.30395838927379
78,46,72.0,61.20582345544644,32.42978552144072,50.24617379244787,49.107414,48.24729925373513
78,47,71.0,83.09828751700888,38.970761645495536,83.52881537574396,65.367714,67.74139461661775
78,48,70.0,68.90388269648041,32.01498155503754,47.704074950442035,49.255264,49.469550871046636
78,49,69.0,51.349651837143874,30.69806407338423,36.0718058774058,52.706528,42.70651237447371
78,50,68.0,95.24042110073562,39.179105031542846,79.5841971187873,100.64017,78.66097262184847
78,51,67.0,35.253073703969704,29.3827922379397,25.777132689486603,41.77974,33.04818450281971
78,52,66.0,47.628780301877875,32.993977070505565,57.63121359672219,57.78969,49.0109147698643
78,53,65.0,60.795648226461545,33.737423243650824,63.143954560741285,62.264297,54.985330879051304
78,54,64.0,51.98081646616881,30.882405982091967,36.81308924347932,54.965965,43.66056924068405
78,55,63.0,69.89016493682081,35.54132213790889,61.36504961711466,66.94225,58.43469745115933
78,56,62.0,64.39547988849318,34.84058181785263,70.23171886445394,65.47595,58.735933179809315
78,57,61.0,79.02219559425426,35.778836032915564,80.00770398235849,85.63991,70.11216086161059
78,58,60.0,34.035728780789455,27.577339829108986,11.855100136044832,23.863827,24.332998874413065
78,59,59.0,53.070403099687574,32.588233130159566,57.91996820526996,71.543976,53.7806450662988
78,60,58.0,64.65338927867779,32.569654777926765,57.31447887986512,63.420853,54.48959389940062
78,61,57.0,66.59134417929884,32.91014544610945,53.90838625735785,64.80865,54.55463075963196
78,62,56.0,58.58901072590245,33.965978903232184,55.27217568185382,48.879856,49.1767553551519
78,63,55.0,35.26945244112721,30.566323020514055,31.125967131416033,31.187098,32.03721003562394
78,64,54.0,60.756791576276584,33.30103467445531,60.599174611070026,68.07886,55.68396457091923
78,65,53.0,69.77847908399936,32.715785909907936,59.065630221979326,80.322044,60.470484897111305
78,66,52.0,24.647486662143546,29.50301039998116,24.834331336145468,30.323805,27.32715831340421
78,67,51.0,22.98899898957633,28.446897154491637,20.94326347821374,28.769878,25.28725950243322
78,68,50.0,36.936583008298754,29.197965298806484,22.422143065921304,32.21333,30.19250517205302
78,69,49.0,76.82516626131532,34.223528467334766,61.80762342863765,71.00803,60.96608797743228
78,70,48.0,88.63424768812386,40.766534676217574,81.88520437402426,90.93201,75.5544983935758
78,71,47.0,42.297147265848764,30.408412780503248,34.201803786353494,28.347073,33.81360910850597
78,72,46.0,39.59235305457052,30.475215456649956,32.85628668851027,33.421524,34.08634481189558
78,73,45.0,62.17514791766901,32.78034123889701,59.297036569871146,50.6137,51.2165566482841
78,74,44.0,21.428603854641533,26.328201522600803,11.613385520832312,21.321404,20.172898600373152
78,75,43.0,59.418610924754375,32.92908419245423,51.89442064346041,43.937378,47.044873422589134
78,76,42.0,69.84978022633294,36.91530493710365,82.0477697641573,71.77725,65.14752678121488
78,77,41.0,37.73475342390466,31.099025835196667,38.15567012563598,33.18326,35.0431778140188
78,78,40.0,29.988029659727122,24.957687259248807,8.141668552497203,21.938597,21.256495549234252
78,79,39.0,57.74356537702737,34.880941993626564,70.64004091662996,58.219543,55.37102293607879
78,80,38.0,11.575908643286585,22.930575791693652,3.619437006238501,9.765314,11.972808885847897
78,81,37.0,71.68610379298079,36.49407489502379,58.698321023096725,83.43871,62.579303196207945
78,82,36.0,70.56388387716908,36.126768637223556,80.36640506175317,62.395233,62.36307268261067
78,83,35.0,66.81276584552596,31.782459850861866,47.0031870759155,71.761,54.33985358980435
78,84,34.0,54.9583378926913,32.17164533442647,45.51342333081284,55.0103,46.913426560136955
78,85,33.0,13.018554399247535,26.46050285643406,9.529239241972416,8.69938,14.426919104653372
78,86,32.0,37.77644337238695,30.269814964264086,32.40798050854113,34.011227,33.61636637481122
78,87,31.0,12.746158076647141,25.669423911844063,6.026977702635364,13.870597,14.57828914420193
78,88,30.0,42.25458910634703,29.628032492211723,30.79567148366619,46.237923,37.22905393767049
78,89,29.0,50.16512014658555,29.981788312236983,28.066406658091914,46.24727,38.61514594841807
78,90,28.0,10.366573929847545,17.529296732009293,6.373019182833035,10.68627,11.238789901205427
78,91,27.0,52.098978397741085,30.059014961599907,30.19432560501435,41.655403,38.50193052539059
78,92,26.0,50.45263145388972,32.0724952567202,51.883691901315544,45.664658,45.01836905117473
78,93,25.0,30.90631473414281,29.816424694767555,25.836234157407816,28.896523,28.86387402707271
78,94,24.0,26.051953946988405,28.46507932912168,21.15365698125641,26.422924,25.523403574778634
78,95,23.0,51.47235754418849,31.45588709913804,44.32676380085856,55.347813,45.65070527419324
78,96,22.0,10.686924734925826,24.502767294584643,2.810544618149896,10.876229,12.219116483463553
78,97,21.0,12.78584933118748,26.12098389696439,9.001956518500544,19.302742,16.802882937761737
78,98,20.0,27.466213403410414,29.081241170090422,23.770585081278327,11.288515,22.90163868643039
78,99,19.0,56.67390969872706,32.26058986025373,44.795120283359736,41.917824,43.91186090846111
78,100,18.0,57.870934486001936,31.85155460690122,38.39729549341185,54.519787,45.65989285525795
78,101,17.0,23.306699803735327,27.42840325442708,17.240350383347998,17.874018,21.462367789241128
78,102,16.0,30.21412561840149,28.090291965390325,19.11722796515817,36.031303,28.363237238677925
78,103,15.0,10.300376355208364,22.035561171058852,3.267707267360917,10.131351,11.43374906614385
78,104,14.0,53.40315242884052,32.377142676409335,43.96584444498302,32.745247,40.622846609359975
78,105,13.0,17.832571583535106,23.97289950414139,6.9377149450319795,12.752923,15.374027261122064
78,106,12.0,9.60869317093399,24.286531366085644,3.0547022926670007,9.768819,11.679686421243069
78,107,11.0,33.61788075910703,29.789925537959334,26.29885012208306,25.061197,28.691963425008304
78,108,10.0,57.61914339226567,32.801140174706035,51.14201006409659,52.64085,48.55078592455174
78,109,9.0,26.03336181222599,26.486386553349156,9.163998270900422,22.433163,21.02922733142114
78,110,8.0,17.870238451172806,25.60242200750631,7.294887009072443,21.181097,17.9871611245978
78,111,7.0,10.241691354741171,23.477212299454223,3.179413438289469,9.527577,11.606473623173095
78,112,6.0,17.140994734791004,25.709447014183226,6.446847799467401,17.317478,16.653691932093317
78,113,5.0,55.90063330048792,33.41579543546242,55.643532959405455,53.379158,49.58477992884383
78,114,4.0,19.003565781219184,26.48117459748462,8.714658619927189,33.892815,22.023053408715366
78,115,3.0,26.62712069132194,28.356964917786595,22.370748936946324,21.11546,24.617573497048383
78,116,2.0,30.069723897482078,29.06556927648331,21.567277659128273,47.330826,32.00834915968943
78,117,1.0,11.822333686063535,26.68641772602428,10.606245561134795,22.919336,18.008583323048086
78,118,1.0,10.151572158957729,22.407006686649545,4.330768693352271,13.4882345,12.59439551472951
78,119,7.0,37.1388288062436,29.029862069862894,25.79912739676952,47.253838,34.805413964581305
78,120,6.0,57.124053141759944,30.16528459395871,33.107006412027985,47.707108,42.02586292292298
78,121,5.0,15.020114224656133,23.83078877293264,5.422571580752804,17.364851,15.409581394066596
78,122,4.0,31.869573061058762,29.029350415225863,26.56114450396183,28.879871,29.084984837163663
78,123,3.0,10.507480241389676,23.277421880992854,2.1962717072297124,10.292059,11.568308193578599
78,124,2.0,33.583182538171094,29.61562436985911,29.52159880388787,27.468859,30.047316107697537
78,125,1.0,10.744987395794906,24.1821636269723,3.654090180840276,7.302388,11.470907348707657
78,126,1.0,10.011476199271396,21.813446773969343,4.210261804043775,11.100888,11.784018257385704
78,127,3.0,23.915621793877293,25.62365515503646,10.354019653350669,24.185541,21.019709438804632
78,128,2.0,13.12725821859167,25.989800242367096,6.365981009805891,21.519825,16.750716113113526
78,129,1.0,56.80737876517676,32.52625212596676,48.70759790079917,55.383602,48.356207733569164
78,130,1.0,10.175854377592445,22.24234576339783,2.521110639492047,9.082094,11.0053512432468
78,131,5.0,15.039868905844475,24.896797160318194,5.577020497329588,13.617222,14.782727098941912
78,132,4.0,15.782402847918304,26.546815779358543,11.398485128820907,22.693375,19.105269597471704
78,133,3.0,16.776923640268073,25.08680777867316,5.026734250985633,18.330189,16.305163605286893
78,134,2.0,13.793470533269875,24.454913362103213,3.8724778181779005,18.232573,15.088358567273245
78,135,1.0,36.02987672923884,29.955891142014803,33.949528399826804,42.336567,35.56796579903232
78,136,1.0,17.996177587949497,25.94130055895078,8.406752973054452,23.765429,19.027414915761387
78,137,3.0,10.491192372548053,22.816167620078296,3.046317828368622,7.195689,10.887341755587487
78,138,2.0,10.165450341632873,22.798187584546845,2.2152791223233734,10.418824,11.399435311091226
78,139,1.0,9.230425373058045,21.878154713918647,3.2820390306687823,9.799509,11.047532041526848
78,140,1.0,11.171064036832345,21.117550054003484,4.511104351331841,10.966892,11.941652671149829
78,141,2.0,13.956017333958663,26.4170864284006,9.861837128404243,14.788908,16.255962223881063
78,142,1.0,9.185799982316652,24.276915162061893,2.892335585225016,10.264792,11.654960792981335
78,143,3.0,10.522420645646347,23.083902250283167,2.3818134143140384,12.146623,12.033689742004858
78,144,2.0,11.13407801768732,18.501136396938158,6.141320993407364,10.58023,11.589191291812288
78,145,1.0,10.634797237073746,21.65891583493248,3.136900105816048,13.056602,12.121803675543825
78,146,3.0,16.02419762053076,26.264711060780336,8.926079842576286,28.285673,19.87516541634172
78,147,2.0,9.171218546609188,23.150401167495186,3.317175398412319,11.21983,11.714656167960715
78,148,1.0,10.475206686420776,20.110591826079784,5.178781080763406,10.922684,11.67181582727107
78,149,3.0,10.334839927953967,16.979119799239875,6.164268428528791,11.536748,11.253744022039179
78,150,2.0,27.149684937933188,25.983589113254073,7.920007904575262,24.13324,21.296630425464066
78,151,1.0,11.086486582545643,17.3798960509095,6.23842933703933,12.086748,11.697890023415855
78,152,1.0,11.108261445147809,25.29832023503043,5.335672317332234,3.601497,11.335937733100305
78,153,1.0,10.959900392041218,18.043859391065297,5.970070675145843,11.804752,11.694645702026468
78,154,1.0,10.561090184008812,22.87895033202851,3.2447827831557134,11.369054,12.01346928495756
78,155,3.0,9.756571424502363,16.335751319024553,6.32605721777742,10.320982,10.684840485168612
78,156,2.0,11.143782678788051,21.356305942158322,3.3595248736009964,10.577864,11.609369296946168
78,157,1.0,10.314909142179756,21.255821236043705,4.514936663984848,12.645364,12.182757712471632
78,158,1.0,19.224524754025953,25.615532478796467,5.887629904949296,18.46176,17.297361676258113
78,159,16.0,10.470197297546628,14.902621268092876,4.604796011039541,9.623827,9.900360389317466
78,160,15.0,8.848377895224184,15.075149458363434,5.123066245016201,6.1306047,8.794299585640335
78,161,14.0,11.809279933033924,21.042483704410113,4.560016011753042,12.165532,12.394327940329665
78,162,13.0,10.438300371989534,22.891128297903123,2.951922376470092,6.087241,10.59214805478832
78,163,12.0,8.86317731530088,11.148971505675224,2.6012456102403707,7.9966025,7.65249924161607
78,164,11.0,11.759905749097863,18.605921218248604,6.282648056125799,11.702739,12.08780344634353
78,165,10.0,9.66191762500552,15.940755923905867,5.721480423153318,8.892287,10.05411030659955
78,166,9.0,9.027107018493119,17.759063239927016,4.912648653167048,4.511436,9.052563724288092
78,167,8.0,10.282316022476605,19.174203280696666,6.125184457424844,10.778145,11.589962149255975
78,168,7.0,9.174062168065472,14.651340355952836,3.652226057592623,6.964397,8.610506383798423
78,169,6.0,9.727284337978736,14.10211183206822,3.7447021778654364,9.03665,9.15268701297297
78,170,5.0,9.268232354494739,15.816633589701047,5.234495006330302,9.499485,9.954711491598808
78,171,4.0,11.921017651601556,19.21545323147498,6.024882678154423,10.409457,11.892702691989259
78,172,3.0,9.821378040578669,16.99678159347379,5.829439847284544,11.798171,11.11144263118325
78,173,2.0,11.49114460989279,11.9996617918703,1.585577712613155,9.538605,8.653747212676093
78,174,1.0,10.649055478072551,19.797364523837608,5.434866232684941,13.604109,12.371348761254977
78,175,1.0,9.409412788896582,14.223283425785539,4.22041075452681,7.4365344,8.822410343490892
78,176,3.0,10.685255244465866,19.249064810951545,6.300861808838125,11.664509,11.974922670958904
78,177,2.0,8.844186058959632,12.510750256953436,2.9428195610232457,7.654013,7.987942258456796
78,178,1.0,10.471483003415745,15.399063101975216,5.145235766254007,11.8912945,10.726769087753771
78,179,6.0,9.622389675328801,7.540171370688061,4.1592498768489445,7.570039,7.22296242958425
78,180,5.0,11.081911671256078,7.340113034811139,5.988192146358372,11.909511,9.079931866228346
78,181,4.0,9.165459886388717,10.21024378264433,2.7379780353542937,7.901162,7.503710962977328
78,182,3.0,10.114454457424506,5.542943612529271,6.663757978613029,10.691135,8.253072863765237
78,183,2.0,9.219358073327253,8.515535115022157,3.770322941130658,8.495934,7.500287415548728
78,184,1.0,10.868330632329748,7.77483013139658,4.278393330936506,11.320742,8.560573937026305
78,185,1.0,10.118058881232075,10.378731959328839,3.2666899073494697,7.5730753,7.834139010601253
78,186,21.0,11.912885503875966,7.36378867042303,5.908499828648711,13.165064,9.587559465244983
78,187,20.0,12.637831160386796,7.504564086346111,6.0088220515548265,14.003714,10.038732726518955
78,188,19.0,9.383725781495166,3.052754905962491,6.1093661389580305,12.44187,7.746929140533365
78,189,18.0,9.629034114118765,9.791051821947477,3.2432058049428587,7.3312173,7.498627257495013
78,190,17.0,9.32526594893638,10.855804263973877,2.501469444731958,9.187248,7.967446971905671
78,191,16.0,11.266751845912063,5.781314267528497,7.685390271601927,12.766244,9.374925079918459
78,192,15.0,8.821564869675095,8.265914373528371,3.330141271884578,7.052537,6.867539369876138
78,193,14.0,11.594445080194319,3.553384746969016,8.801292302803649,13.490944,9.360016509664597
78,194,13.0,10.502632692862287,5.722877286127531,6.839895579362748,10.697173,8.440644669235969
78,195,12.0,11.685898953588598,3.7032756056636877,8.900436073910171,11.16281,8.863105239696253
78,196,11.0,9.926219100401337,8.150769656266075,4.6267484673929875,11.157034,8.46519278608712
78,197,10.0,10.21394680846687,-0.2708254196064033,5.472879178276131,9.019556,6.1088891531672065
78,198,9.0,8.292914121392734,-2.9325514881181505,3.5141839162716835,5.9921103,3.7166642004816595
78,199,8.0,11.724297467590903,1.8016249624399094,8.917796844070358,10.33406,8.194444747343042
78,200,7.0,7.281264183115382,-0.09157174471673102,4.274481264998247,8.677705,5.0354696286232725
78,201,6.0,11.670675709238145,5.031480043579972,8.8938314888635,11.522027,9.279503564341912
78,202,5.0,11.28603147395107,8.796341330282804,3.9027893418099353,15.6331005,9.90456566392184
78,203,4.0,9.349204438942815,1.3833512150066127,6.5184315753106965,10.767767,7.004688545443694
78,204,3.0,10.01317267877121,-0.10309852707181122,5.813730576249245,8.571583,6.073846880534525
78,205,2.0,4.626260616973989,-4.23795103084375,1.5616420139760336,4.6826606,1.6581530449469173
78,206,1.0,5.188687635285734,-2.9477401211794962,3.5690677662840855,6.7664623,3.1441194016100322
78,207,1.0,4.3187008775950835,-6.140687578205249,1.9398253002346681,3.3982654,0.8790259903525979
78,208,1.0,3.536177668605527,-3.9637996917772504,1.5646050512888081,4.229327,1.3415775574900866
81,1,7.0,10.917541805097052,20.45694526183268,4.7261879436075755,7.75867,10.96483621593694
81,2,6.0,10.488793751879664,19.94531702075957,5.73619351887249,8.818072,11.247094152635622
81,3,5.0,11.476932514411933,18.758491387039506,7.962647953418523,10.816262,12.253583525012047
81,4,4.0,9.836916905110895,15.830025885236324,5.921865552664265,11.155316,10.686031173963931
81,5,3.0,12.281369512009029,15.645149122382033,10.844523363777366,13.013967,12.94625213963305
81,6,2.0,10.247139888877337,13.948230602540285,3.392439450612036,10.722604,9.577603434985564
81,7,1.0,9.547673429409514,13.382129005300463,5.471710309765408,8.153781,9.138823420417552
81,8,2.0,41.459780249054056,29.314955385067158,24.442709918384175,68.34569,40.89078335467908
81,9,1.0,16.643285845725615,20.673914522493643,4.7838773179414975,11.893249,13.498581561051298
81,10,4.0,10.154175296928035,20.30083462592694,3.3323267459770864,8.520708,10.577011188234627
81,11,3.0,8.526182589578918,21.2958058292692,3.28659577194564,12.135311,11.310973829375685
81,12,2.0,9.90010080468951,16.91805029739428,5.880844928629131,8.99268,10.422918906665046
81,13,1.0,10.708124141076626,22.805564427388624,3.3780489269804708,10.869382,11.940279850011942
81,14,1.0,11.218151014207757,23.51040557642535,2.4096835937589915,8.778242,11.479120573899538
81,15,35.0,9.582990966583766,19.3212086031198,4.74560991312377,8.578257,10.55701652247075
81,16,34.0,11.408322749913557,19.549872952811533,5.824253610167293,11.630411,12.103215115240918
81,17,33.0,10.922613374311814,18.296288165827633,5.918917598833648,11.706623,11.71111055409142
81,18,32.0,10.485708148826937,18.91050649785494,5.881277583743181,10.256363,11.383463786366029
81,19,31.0,10.270749063442898,20.03633176448941,5.101345066208552,10.127465,11.383972785562193
81,20,30.0,9.416652186936055,21.602064234906763,3.1175586339993018,6.6974735,10.208437145460774
81,21,29.0,9.935628423148732,16.784142121062395,6.2676810143976525,8.759179,10.436657668476048
81,22,28.0,9.592694649042123,15.588982874366064,6.128115237222556,8.5232315,9.9582560667446
81,23,27.0,10.530667272928804,21.049095711107334,5.039805022253752,8.8582535,11.369455371323449
81,24,26.0,10.625573218840834,21.931687235477042,3.387113919466488,10.584758,11.632283044663742
81,25,25.0,10.639828967632889,20.777906229617734,4.4621438312954975,10.743852,11.655932672557062
81,26,24.0,10.024528429649651,19.777210271471567,4.974879623612862,8.675816,10.863108476752368
81,27,23.0,10.469449841920468,20.755685277850795,5.324175928560567,11.813589,12.090725036100292
81,28,22.0,10.309167612387618,18.85877709378513,6.117239220558478,10.086751,11.342983727730779
81,29,21.0,10.281060928330042,17.790439200206375,6.386320976181029,10.972426,11.357561879801798
81,30,20.0,8.957670081974753,12.963384502241297,3.2716678371503587,8.068983,8.315426374842335
81,31,19.0,10.278237434487641,22.77734677927623,2.633686297484985,8.599338,11.07215202226717
81,32,18.0,11.23974111082341,19.210071195592576,5.648422962185704,12.658807,12.189260517360994
81,33,17.0,10.433453803742905,20.87627145591295,4.930173099993615,10.168785,11.60217086371608
81,34,16.0,11.150976102184966,21.569579197509935,4.7311556527821566,9.37901,11.707680288244386
81,35,15.0,16.39272196041063,22.735658062906424,5.30862330656676,9.322277,13.439820099743901
81,36,14.0,10.897905952519269,19.868612472385152,6.216492670921877,15.182263,13.041318617538728
81,37,13.0,11.101750248935186,19.892575711539955,5.342573810929171,11.681239,12.004534724879276
81,38,12.0,10.338603083080274,18.824787596389182,5.477924318856974,14.309188,12.23762572185639
81,39,11.0,10.102736656705462,17.905424730834767,6.278933156011092,11.33641,11.405876028084485
81,40,10.0,10.410024792399495,21.674876737265834,3.075015631755658,9.269107,11.107256006587548
81,41,9.0,14.588243279558128,24.515708890435448,6.776583273406499,17.911886,15.94810541465251
81,42,8.0,9.703678048516966,14.80925018226607,4.670996192507328,7.200014,9.095984634417562
81,43,7.0,10.233746661105787,20.60953204365854,4.956552279291127,10.543943,11.585943597301705
81,44,6.0,9.324832058921503,13.164452799315866,3.7890414940925723,8.294096,8.643105586342983
81,45,5.0,9.251777607648085,16.750247308881526,5.861735783965056,5.9774184,9.46029478079841
81,46,4.0,9.12710161295204,23.196527964259793,2.902312537254609,7.281512,10.626863474516574
81,47,3.0,9.49721458097594,16.149368761245814,5.370089244296622,10.24473,10.315350645561479
81,48,2.0,11.219937619517307,23.657961289990112,3.0249870321295997,16.969223,13.71802724102449
81,49,1.0,9.939528327428915,17.796404004994947,6.026674576150368,11.246613,11.25230486435059
81,50,1.0,13.776422635155596,26.329044694670685,6.434279754127598,8.295321,13.708767137123115
81,51,3.0,11.152861725618422,23.45062507539921,2.7065331879202787,12.090347,12.350091819744243
81,52,2.0,10.473749832759617,22.46049979344005,2.8868112611286367,10.892426,11.678371606109419
81,53,1.0,8.966702279495102,13.890765535985308,4.197520884861312,8.17373,8.807179649221784
81,54,1.0,9.702261454103843,18.19904985711024,5.017063618835785,13.158683,11.519264438307754
81,55,39.0,10.217775116047687,13.912948460815548,3.6668653547102643,10.020612,9.454550173643497
81,56,38.0,11.24777095030693,17.689313587969828,7.379476792585742,10.193834,11.627598908918017
81,57,37.0,11.159087068920835,24.51889654445366,4.223369572346691,11.369615,12.81774194671411
81,58,36.0,9.663029090311904,20.301437258717364,5.1741850817257475,9.31685,11.113875284828035
81,59,35.0,12.606843604591631,18.015279869494513,6.926738638811026,13.889829,12.859672698710742
81,60,34.0,10.338884158000672,17.61920576615079,6.207352613414523,8.666139,10.7078952966382
81,61,33.0,9.909762938821315,23.64748873823694,2.881433558438232,10.759275,11.799490167974463
81,62,32.0,10.153814516433481,17.944398085963087,6.273447346777786,10.343726,11.178846526829112
81,63,31.0,9.565817386437176,14.722339782742946,4.871664583684478,8.9319725,9.522948564131678
81,64,30.0,9.785592091122593,16.500675940236437,6.073635226686196,9.521569,10.470368127514845
81,65,29.0,9.625643127032333,19.09087049813434,4.481910325556079,9.331183,10.632401846063868
81,66,28.0,10.23713631636733,21.712393151028987,4.293071973432168,9.7537155,11.499079238991301
81,67,27.0,10.573888314607936,15.577688451261043,5.423253942691643,8.794516,10.09233657957546
81,68,26.0,9.747556443738604,18.10746762299491,6.40489076284187,7.755496,10.503852713665207
81,69,25.0,11.305176824888347,18.388970719463007,6.5327831728949,12.578009,12.201234842244913
81,70,24.0,10.406774269837673,23.426746258140348,2.5008532122316485,11.096221,11.85764867759087
81,71,23.0,10.381714877942509,21.59916419850748,4.4326230164586455,12.964301,12.344450800555649
81,72,22.0,9.548397923415882,14.987538990114476,5.328843451439454,9.243254,9.777008518213888
81,73,21.0,9.63622558910559,16.770804879605613,5.90955592831601,11.083381,10.849991774046233
81,74,20.0,10.228093197682783,20.40335619845429,4.836244336736822,11.61236,11.770013433371062
81,75,19.0,10.750128475316004,21.293449870652854,4.988380068258019,9.326906,11.589716154612626
81,76,18.0,10.109412294088214,16.308654873768486,6.0441373672919685,12.260305,11.180627484952938
81,77,17.0,11.091071962882195,17.291303498264313,6.362610360231676,12.827455,11.893110097083438
81,78,16.0,9.57196543655948,15.08066509899664,5.527976754088304,9.55211,9.933179251991795
81,79,15.0,9.471033519358386,15.29322066702514,5.888444709960774,9.879993,10.13317308376625
81,80,14.0,9.926621177387847,14.567084240765734,4.30573776321571,7.898341,9.174446090065834
81,81,13.0,10.671857415149177,20.493592386148364,4.920880824085071,9.7194805,11.451452784977246
81,82,12.0,10.104169027905185,19.075778529574286,5.410834205002571,7.245506,10.459071893066495
81,83,11.0,13.599775888729004,19.26757694806831,6.145377982229805,12.512906,12.881409223387761
81,84,10.0,9.41859241443591,13.910625114534819,3.5053490858314653,10.612038,9.361651068373401
81,85,9.0,8.987874419283305,21.834545839499285,5.487026207420167,11.1095085,11.854738745151764
81,86,8.0,10.395423325820893,19.7100377798398,5.223330096927073,8.437283,10.941518441210906
81,87,7.0,10.090043437673565,16.640250751727862,6.7318565219147875,9.8450575,10.826802049701001
81,88,6.0,10.797501951140102,19.374852935101863,5.717996548545294,13.266851,12.28930071498954
81,89,5.0,10.224791662678717,12.002925512059825,2.066533869828298,7.534055,7.957076569392138
81,90,4.0,10.332907890298713,17.901471342544976,6.44685010153901,12.18633,11.716889793999117
81,91,3.0,9.369842153279746,20.907074283594362,3.9686869030467395,15.966696,12.553074781360827
81,92,2.0,10.384774976454315,19.30770564146212,5.609629311646838,10.147165,11.362318807006297
81,93,1.0,10.03821278626887,19.678261420657773,5.632669039856447,10.138194,11.371834332737642
81,94,1.0,11.418142154684077,24.96115246146472,4.151756374259847,9.702513,12.558390932874378
81,95,19.0,10.444762175330634,17.000273980149153,6.308798328874433,11.441337,11.298792779032281
81,96,18.0,10.964042717190628,13.05698486767805,4.467970886876085,13.885963,10.593740477921543
81,97,17.0,10.020469797282123,13.354797280708121,3.650268946551922,10.559325,9.396215310685712
81,98,16.0,9.883203489632638,12.368012249872343,2.9175301307583954,9.475905,8.661162822164844
81,99,15.0,10.249691073982062,11.083777452297475,2.075891394151421,12.561614,8.992743489247754
81,100,14.0,10.368184705844312,18.652003579926443,5.770506314318007,11.087107,11.46945032620017
81,101,13.0,10.778041572742561,20.45760515865367,4.9775510607511695,12.264999,12.119549295448959
81,102,12.0,10.080562627250494,15.541913449858088,4.898205428063916,9.059079,9.894940168849887
81,103,11.0,9.032896533157412,12.997933389431905,3.9477875488953593,5.888169,7.966696570820694
81,104,10.0,10.629566227053171,17.03992446537515,5.849890345588959,13.043765,11.64078652651787
81,105,9.0,9.832238135319628,20.16970261072167,3.7902885993386235,5.476306,9.817133826747202
81,106,8.0,8.840859571575132,13.868414704101184,3.9068832176367128,7.9367576,8.638228764464426
81,107,7.0,9.60395729511314,16.638960271560563,6.697008557259455,9.713538,10.6633660734485
81,108,6.0,8.973234605844462,13.099744991335141,3.3637983793122785,9.420464,8.7143103846259
81,109,5.0,10.52675404388838,16.944687653275704,2.6462709420690285,7.9915047,9.527304327105641
81,110,4.0,10.053088415810302,17.675612877468843,6.839546017253088,8.951412,10.87991487786499
81,111,3.0,9.019755858084004,14.121183744933488,4.3231870307891,8.081435,8.88639045933971
81,112,2.0,15.226584984982207,16.24540629311144,6.286107431485968,11.624178,12.345569160579718
81,113,1.0,10.01681914658002,17.30020224378668,6.647416973670406,9.589958,10.888599138738769
81,114,2.0,9.13932489955058,10.93076802166063,2.5208511972208356,7.618567,7.552377777082682
81,115,1.0,9.693304817879334,6.048989434204536,7.0074132362050445,9.599065,8.087193078813561
81,116,3.0,15.974100270403627,19.9583953485704,7.697615519669793,7.5064697,12.78414521630158
81,117,2.0,9.419493003249096,13.32750950924573,4.011695587379293,12.344102,9.775700001424218
81,118,1.0,10.557700772086243,19.717561813291375,5.215112302785739,10.66021,11.53764613598127
81,119,1.0,11.162435781731745,12.470236313052164,2.8236211706691225,12.400133,9.7141065995969
81,120,4.0,10.204580529308835,11.534527429900447,3.608500421692515,9.946284,8.823473168757554
81,121,3.0,9.463760497379232,15.741093350092957,7.86444819751401,13.199861,11.567290654450284
81,122,2.0,9.543878327888196,13.81016849462792,4.270051958911418,11.919637,9.885933876951732
81,123,1.0,9.808833020139154,16.581044748218954,5.809386128251258,13.293296,11.373139939224973
81,124,1.0,9.295846838083278,10.287134784793412,2.43818471374264,7.751841,7.443251851221788
81,125,2.0,9.714767471807933,14.724240705759907,5.216928809084685,8.689589,9.586381383351364
81,126,1.0,9.454834785965032,15.392457216581718,4.790019080280867,11.491203,10.282128597733273
81,127,1.0,8.995345016814005,12.448829482446389,3.0265057113838374,7.254222,7.93122553171074
81,128,1.0,10.073706017019855,15.509367367835194,5.845395743755406,10.140472,10.392235385179957
81,129,3.0,10.243857745259064,11.861608296723038,3.3065904811062605,10.0983095,8.877591509998775
81,130,2.0,9.5082110593141,16.998821573239603,4.408963960616019,9.412393,10.082097302360424
81,131,1.0,10.544683381802662,9.056492991820146,4.675268763564855,9.596554,8.468249734919475
81,132,4.0,11.306845833215709,18.407862882289862,6.823026660031348,13.08169,12.404856302532911
81,133,3.0,9.343188987546425,10.930458486704598,2.320150679873203,8.572351,7.791537402453175
81,134,2.0,10.680167885133514,17.17019068837783,5.865077740288131,7.993595,10.427257859272622
81,135,1.0,8.933632594911593,12.510322187792863,2.6076657239727883,7.0483875,7.7750020085357665
81,136,2.0,9.585269102704434,13.868699534044033,4.718770144504729,11.2742195,9.861739573548162
81,137,1.0,9.481207971131447,11.575874818455151,3.0999158846070944,9.633678,8.447669277618248
81,138,1.0,9.397837703741027,14.345465721696021,4.625940181192112,8.970703,9.33498668290729
81,139,2.0,9.309826421977863,10.993464487086651,2.2052135993929944,7.563629,7.518033414712034
81,140,1.0,9.36292669487017,12.219441535376763,2.7579737492613887,9.6593485,8.499922616840582
81,141,1.0,9.401377330515823,14.06211049383907,4.603295484074424,9.494513,9.390323966603178
81,142,5.0,10.255837355360136,4.083403747094703,7.2272767289927256,10.401563,7.9920201305456064
81,143,4.0,11.370038447687504,10.65517654241454,2.5950750947957317,8.9044895,8.381194900527422
81,144,3.0,10.65759616328138,6.473655108048607,6.119146773937651,10.38011,8.407626958063736
81,145,2.0,8.900998562825315,10.726183853206674,2.5761098116423824,6.619889,7.205795252543898
81,146,1.0,9.280614803110465,11.030384961401836,2.451830220839323,8.837579,7.90010218971254
81,147,1.0,9.413531117005117,14.130463789569559,4.590118938979215,7.931251,9.01634122364891
81,148,5.0,8.90724791787403,9.581536984758106,3.051179139220565,9.737207,7.819292863643106
81,149,4.0,9.142310766322193,1.4520345102128829,7.85191417439513,12.871782,7.829510438446663
81,150,3.0,9.984817575095867,8.78050698346281,3.9338518050047284,9.787064,8.121559990549056
81,151,2.0,10.138752913326895,9.023425830290002,3.293657588363603,8.8085985,7.81610871258802
81,152,1.0,9.384692197040119,12.508667094057358,2.7082085181056357,2.8583338,6.864975408817044
81,153,1.0,10.010684919026904,15.158774477621648,5.5014097218293685,10.261935,10.233201088136937
81,154,2.0,9.395275550428908,9.880256416523181,2.9445362148245593,8.098373,7.579610398715646
81,155,1.0,10.729062373695726,5.543427459413802,6.547604633581539,11.965715,8.696452468754066
81,156,1.0,9.261080431763663,14.183288581883707,4.634325989234949,5.4411664,8.379965350947934
81,157,38.0,5.562820883103729,-1.1049608980580388,5.484695155562319,4.6619296,3.6511211869998417
81,158,37.0,10.089749780034113,7.08399521264953,5.233395784975404,9.851955,8.064774047869353
81,159,36.0,11.400963073453632,5.019518885885798,8.006973256455167,11.559684,8.996784753884562
81,160,35.0,9.178566446581952,9.93085568238342,3.5120327799484645,7.3239517,7.48635165752631
81,161,34.0,10.27060661058421,9.09137042223853,3.3245936676771084,9.121377,7.951986922942956
81,162,33.0,9.688430171008362,6.715750653807461,5.394122992472088,9.809546,7.901962571982501
81,163,32.0,10.550677686920979,5.600442962192563,6.505230684816421,11.142122,8.44961840065168
81,164,31.0,10.230306377676534,4.7526407533614865,7.213786025358336,10.530341,8.181768576193205
81,165,30.0,10.01557173290263,3.9222242221230346,7.347466916536943,10.524598,7.952465248301419
81,166,29.0,9.16751474452273,9.975631144345943,2.4371471716389497,8.666063,7.56158909230586
81,167,28.0,10.994555968535405,6.664210124935522,6.391037520356647,11.76293,8.953183382552353
81,168,27.0,10.873473007119074,0.706520249835517,7.2935847863506496,10.672223,7.386450283607682
81,169,26.0,10.192006682690629,5.70867113727293,6.7181218962493965,12.326016,8.736204035574845
81,170,25.0,8.925808833404965,11.491167461128747,2.2872588437687504,6.8424673,7.386675611586724
81,171,24.0,10.382022128465632,4.511685644056815,7.581891756066052,11.942344,8.604485810110383
81,172,23.0,10.549967304852476,0.6430768839275061,7.369902579586717,8.404077,6.741755836149903
81,173,22.0,10.593700774495202,4.582505847688129,7.3343122942518,9.38199,7.973127337293597
81,174,21.0,9.065076141341956,7.893672980953074,3.6377097601921413,9.486449,7.520727031031339
81,175,20.0,11.22771461090535,2.8999782856698353,8.281684333373288,11.634982,8.511089834754575
81,176,19.0,9.86889972054334,6.093611769127801,5.890629921714034,11.856795,8.427484180589824
81,177,18.0,10.388823738602753,2.97105431917797,8.189428326727782,10.233462,7.945692179546926
81,178,17.0,9.856442859774706,0.6672049891034426,5.877285690691227,11.021623,6.855639049336314
81,179,16.0,8.595140919758398,-2.418709825259473,3.0435712440518152,8.79029,4.502573054348989
81,180,15.0,10.85193564741042,2.9876300157844895,8.226601413155823,12.766298,8.708116342604528
81,181,14.0,8.364222070389566,0.6365414328847976,7.258437179009198,6.979097,5.809574392944853
81,182,13.0,5.9258680313285765,-1.0295388878256055,4.037056760163772,6.3751326,3.827129616099181
81,183,12.0,10.652311238177262,9.290468392039624,4.2418029235298,9.475118,8.414925059289333
81,184,11.0,11.743129266027454,0.8154460036136122,7.825879448638876,12.481085,8.216384885472085
81,185,10.0,10.955045992285978,1.337134507581002,5.8256917606715195,8.013085,6.532739406458477
81,186,9.0,11.46558239442751,5.356709902688419,7.5254759904903095,12.147481,9.123812313066722
81,187,8.0,10.821896270872607,1.9168992376377183,7.89457908126289,10.74102,7.8435986981024834
81,188,7.0,12.685340956707543,0.1273922225860673,6.728824800607491,10.672749,7.553576636393732
81,189,6.0,6.674787684252933,-0.5409762550551136,5.754218923291699,7.245702,4.783433035586369
81,190,5.0,4.12601296400318,-2.9832632091734723,2.3356480251323575,4.963128,2.1103814674667127
81,191,4.0,3.8625562628072547,-4.310352091564159,2.0535419040864227,5.326317,1.733015727206403
81,192,3.0,11.253627525751172,1.5619615466525865,7.3217819008553455,9.626492,7.4409656299724904
81,193,2.0,6.841780042801947,2.647919595667286,4.569605270402924,9.009129,5.767108369857199
81,194,1.0,9.839842369749512,0.5968880580104958,7.003687180186101,9.112192,6.638152440469193
81,195,1.0,9.541012558716014,-1.395749279910703,4.596983944451367,8.56855,5.327699333279989
81,196,1.0,9.605618384953257,-1.4141356997747039,4.837113201521472,7.3340898,5.090671410677997
81,197,3.0,2.96781062162716,-7.133110376324854,0.7742086947139271,2.5279882,-0.2157757161411138
81,198,2.0,8.967454462379767,-2.7249775008883006,3.5274201434563945,5.8767695,3.911666661910488
81,199,1.0,4.0862533134994035,-3.7039806556166717,1.0833801021510094,4.5539956,1.5049120923292971
81,200,3.0,10.193789116128546,2.3823776146240263,6.001053593705366,10.111124,7.172086090788557
81,201,2.0,3.5544573964744983,-8.278477175541429,2.1551088128937117,2.4708114,-0.024524899784576615
81,202,1.0,9.354086497694933,-0.12798681582500038,5.429620395226877,8.798091,5.863452752962557
81,203,2.0,6.179161459861712,-3.5912226662854714,3.515921224296985,6.157938,3.065449505353316
81,204,1.0,7.606002569940199,-1.799478174324367,2.643434057707566,6.616853,3.766702922618874
81,205,1.0,3.4722255871160526,-3.7112865337290444,2.1539763358205306,4.121426,1.5090853736767016
84,1,1.0,9.649137141616158,8.080961983362304,3.2163568803045717,8.525681,7.368034136818805
84,2,5.0,9.168975055583868,11.41739503276575,2.5433469773620203,10.849884,8.49490027472869
84,3,4.0,9.426993012998073,15.462716527970748,5.507252680440457,9.036303,9.8583161969844
84,4,3.0,8.870565121710559,9.395654165097945,3.1412186978428256,7.5283666,7.233951137588919
84,5,2.0,9.197203269533423,10.955914820530943,2.6536770238564813,8.399927,7.801680563300769
84,6,1.0,8.808949730405317,13.590391241150176,3.6830399111788488,7.834081,8.479115513919364
84,7,1.0,9.418588415720038,9.655854574537056,2.662642914475718,9.368387,7.776368281755713
84,8,3.0,9.898885869732208,12.497520133121576,3.1441167774628234,8.014961,8.388871005748097
84,9,2.0,9.334704986319231,14.748244229370965,4.08206536895038,10.146384,9.577849705959338
84,10,1.0,9.088172965936803,10.643304284888796,2.7042003863871376,8.520922,7.739149836091514
84,11,3.0,11.827030128751822,6.68538518958886,7.496091858506087,12.781835,9.697585444800682
84,12,2.0,10.156068293751849,7.020939152542134,3.9363942461651966,9.886439,7.7499602539711185
84,13,1.0,11.20321310177956,10.486323370114835,3.430976862401396,13.152308,9.568205449586522
84,14,1.0,9.55762638287156,13.69448149009061,3.7062943078576627,9.026911,8.996328240670046
84,15,1.0,10.426063485768463,7.167217441863688,4.420949372715956,10.650438,8.166167152265981
84,16,3.0,9.17869139458195,10.796339887653318,2.4212341713201564,8.715272,7.777884350830872
84,17,2.0,9.37898782925774,14.636897177518465,4.642510798013721,8.920646,9.39476037964902
84,18,1.0,13.105579765145684,10.316152643961317,7.579261112565135,15.252927,11.563480087037297
84,19,1.0,11.230664227730799,5.436784684902047,8.134354813833777,14.011351,9.703288589545123
84,20,2.0,10.64920385234945,15.490646669173216,4.713645022054976,9.9005785,10.188518510604494
84,21,1.0,10.83087455707366,12.992880865163821,2.615358517764003,10.25351,9.173156103790044
84,22,4.0,9.89222712990674,8.220006591620656,3.4682457556916315,13.10502,8.671374761654
84,23,3.0,8.877744693674591,9.58535433813628,2.7924649796442633,7.9189563,7.2936300728024435
84,24,2.0,9.21980842196361,9.059549325203818,2.6934660519224227,10.152645,7.781367227543459
84,25,1.0,11.48116658039725,4.4841847483758315,8.330565487801461,12.951599,9.311878984417074
84,26,2.0,9.32704617730046,7.633800107746261,6.262691052666199,11.7710285,8.74864146409742
84,27,1.0,9.515928137765897,15.530585800492059,4.251893043143578,7.380703,9.169777488453411
84,28,1.0,9.68985142878045,9.877082820717888,2.7649893025565504,9.031044,7.840741889600636
84,29,2.0,9.452098940350032,12.909236575539406,3.5627088133683813,9.380682,8.826181580208742
84,30,1.0,17.00330711248406,14.732699537703422,8.280176130745666,16.907957,14.23103496448988
84,31,1.0,8.828135956190605,11.94951264120066,2.5311284737851647,8.260736,7.892378384157633
84,32,1.0,9.528633382101184,8.121500042253412,3.8338217592132935,9.323106,7.701765248910161
84,33,3.0,10.201127368317962,6.217426864507196,7.578968084818349,11.306216,8.825934639393177
84,34,2.0,9.437346038872187,9.871462499391889,3.4538225247209837,9.014001,7.9441579889060545
84,35,1.0,9.728584463885532,12.284514279106311,2.8700818784594873,9.090678,8.493464709119547
84,36,6.0,8.92147434478115,14.069942771678651,4.212310530504443,8.289068,8.873198967252534
84,37,5.0,10.91695497648467,16.539160107413167,5.936585736607563,10.971897,11.091149486437384
84,38,4.0,9.74903669965468,10.943383999265567,2.1399441431315935,8.405271,7.809408854632222
84,39,3.0,10.038189475282495,11.639920087982564,3.167283667397861,9.26218,8.526893389758015
84,40,2.0,10.10341783480668,6.196877862820088,6.069431228446186,10.315334,8.171265311535327
84,41,1.0,11.096956549079788,17.039716588865225,5.764426589265243,10.049969,10.98776711167317
84,42,3.0,10.950930861970937,7.597991995910615,5.683106422936557,11.926184,9.039553245344909
84,43,2.0,9.525555249197442,11.528939967083328,2.006403680738858,7.2913823,7.588070302448571
84,44,1.0,10.472813441691295,10.69812285775254,1.5547632125970274,9.719764,8.1113658169598
84,45,3.0,9.709478756312354,15.978037870218177,6.024560788234481,11.474553,10.796657630745086
84,46,2.0,10.818423198137065,16.998671284784997,6.383852076839167,10.299343,11.125072417223022
84,47,1.0,9.262787765790302,9.539076508235592,2.871458689006385,8.822825,7.624037098714003
84,48,2.0,9.396279918834594,7.96669822732569,3.287469384989075,8.979047,7.4073735881859
84,49,1.0,9.0900774285436,9.953224360255152,3.3479821501432454,9.384532,7.943953978433619
84,50,1.0,9.706369701638199,15.964501724594305,5.721066583368422,8.983128,10.093766400898765
84,51,3.0,9.134432597741137,12.712582863699726,2.862828170257025,7.3792477,8.02227282427579
84,52,2.0,9.326834449897756,12.399194645618037,3.016746113501517,8.465467,8.30206066550506
84,53,1.0,11.235350435615105,11.410889247409312,4.207287657452866,12.627834,9.870340415136411
84,54,3.0,10.343111265520665,23.869981597288444,2.779104358611372,7.5529704,11.136291907703447
84,55,2.0,9.108554015477877,13.280500005908836,3.374860045839508,9.86599,8.907475938071205
84,56,1.0,10.29368682320954,14.676584840617949,4.126432062027996,8.092292,9.297248889456425
84,57,7.0,9.515354703796854,12.991555758669493,3.9040597015321694,7.9020295,8.578249919577814
84,58,6.0,8.857121393807661,9.183305924008977,2.895749874712486,8.16565,7.275456890066485
84,59,5.0,10.35954130121296,7.704290669007808,3.7472219695078817,10.82271,8.158440994240024
84,60,4.0,8.783109118173071,11.857308047495348,2.5613141003334388,7.982865,7.796149030680457
84,61,3.0,12.518819727394735,6.854403988732059,6.564078500447426,15.068223,10.251381304036745
84,62,2.0,9.838388945731843,13.1867533073169,2.9071900535816084,7.4512405,8.345893211545283
84,63,1.0,8.769716431184555,11.936513559676722,2.5450406998467585,7.518707,7.692494372315376
84,64,1.0,9.157550349628298,12.35550324908791,2.928914800888597,11.333317,8.94382130064583
84,65,2.0,10.378029327956234,7.084875355029357,5.499419649936101,10.937666,8.474997568063188
84,66,1.0,9.746179863545953,12.028313877029873,2.71616951173786,9.731558,8.555555274595756
84,67,1.0,8.816435075412109,11.786447438240486,2.6436093397618166,7.6947174,7.735302315160244
84,68,7.0,8.95964683296903,12.84815340833056,3.300179516556737,7.6843677,8.198086853641023
84,69,6.0,9.808289709723635,9.153659628305558,3.263106135657056,9.522388,7.93686098298455
84,70,5.0,10.29492335234264,7.435833809843661,4.085025915282959,9.192284,7.752016676960088
84,71,4.0,9.549090489046186,14.784963517466661,5.26952543760615,8.481717,9.521324138449794
84,72,3.0,9.739655882597738,11.180641662931816,1.9960529558526208,10.072078,8.247107063135461
84,73,2.0,11.03737863649575,16.28295706904371,5.950685000269262,10.103043,10.843515827086947
84,74,1.0,10.461327475950952,4.948147836963528,8.589309814431038,12.082854,9.020409849570145
84,75,1.0,9.275073760964116,13.568358573125286,3.8620938669279106,9.223303,8.982207260550958
84,76,2.0,8.777014920938958,11.466153224459095,3.26537003949732,7.6418705,7.7876021708881495
84,77,1.0,9.774819539936814,10.18615309496699,3.2560919650200564,9.189683,8.101686890108528
84,78,1.0,10.578175842974783,14.394773237447197,3.979888351648965,10.857347,9.952545991699987
84,79,3.0,9.977645387018898,8.466917200387808,2.494734563050084,9.614405,7.63842545720038
84,80,2.0,9.415292660159706,9.714644460329087,1.8398772090344302,11.383406,8.088305003737005
84,81,1.0,10.236414121257747,9.829511985066372,3.794213731876752,11.139912,8.75001287245305
84,82,2.0,9.130123934628685,10.958646981525611,2.373120895350983,7.4999385,7.490457574877968
84,83,1.0,9.723376234804197,17.14627359432241,6.725884018313241,9.750463,10.836499094870828
84,84,4.0,10.52382684891461,6.5190083006169495,6.410020809134359,10.905489,8.589586231640357
84,85,3.0,11.157793998959715,6.651776878533436,6.524919640452467,14.009619,9.586027319275223
84,86,2.0,10.911235563931568,8.45473873251029,5.1659153386383565,11.44913,8.995254923342197
84,87,1.0,9.379548306442736,13.421410872249314,3.717386200912749,8.990196,8.877135401908035
84,88,1.0,10.782465885439748,16.654484722411862,5.622477974770678,10.7758665,10.958823772776544
84,89,2.0,10.925916524630978,7.990304814354257,5.836266372675732,9.869229,8.655429257093099
84,90,1.0,9.38227507227433,11.733685434056135,5.250571907385979,8.776156,8.785672209798129
84,91,1.0,9.138279979484038,11.44199834162469,2.7571816033335566,7.0498037,7.596815914566992
84,92,2.0,13.868843606215792,2.910571328224247,8.614518157457857,13.823278,9.80430287975548
84,93,1.0,9.790920410397385,7.746998533443083,3.9192453645993535,9.224459,7.670405750724457
84,94,1.0,8.889740039834379,11.662846164128563,2.5223341977576474,7.317829,7.598187383450167
84,95,4.0,12.90125768087471,6.039970192762951,7.969842500765342,19.101418,11.503121978976727
84,96,3.0,12.430345420802814,8.14101870462234,5.491418583468636,15.486976,10.387439594688658
84,97,2.0,8.711658927236135,8.75383571956111,2.8994684949420737,7.949142,7.078526280239212
84,98,1.0,10.771102781865947,4.595071617460746,7.507374087636289,12.252865,8.781603331152366
84,99,2.0,8.976930275365344,10.855261592807949,3.165597662359403,9.024354,8.005535877887691
84,100,1.0,10.03781955591949,9.239825640284977,4.425413792331582,8.892434,8.148873277178568
84,101,5.0,8.808206243225946,7.863086070283565,3.879686974346477,8.644935,7.298978485522957
84,102,4.0,9.636480894075053,10.838589411300749,2.205552034143924,7.9755034,7.664031446047839
84,103,3.0,9.97565240376049,8.48549180345423,4.937437759239801,8.760566,8.039786931051497
84,104,2.0,10.152975567011397,6.583012792707834,5.080902839038409,10.151633,7.992131115347979
84,105,1.0,9.64428371943918,14.148488619544821,4.789614913987165,10.291471,9.718464445155023
84,106,1.0,9.165148422694338,12.273879193016427,2.6478300861327124,10.307737,8.598648763076836
84,107,14.0,11.62634894933202,8.70570535169082,1.940442211463676,13.032727,8.826305938500656
84,108,13.0,10.55215568217044,9.890007973921335,4.316413952278539,8.669876,8.357113426750782
84,109,12.0,9.85080135506334,10.17569038730866,3.07024676892477,10.854996,8.487933559708958
84,110,11.0,9.096517259970504,12.275215039890467,2.710212205420131,7.1565824,7.809631715195093
84,111,10.0,9.603073707535676,4.677101448426416,9.255068559220941,6.6641817,7.549856356118147
84,112,9.0,9.855764862799584,9.728550821469241,3.5769459133441934,9.144186,8.07636190437762
84,113,8.0,9.778696130495055,7.769690279444742,3.4948297247602333,10.8363285,7.969886160292439
84,114,7.0,9.90142645588237,9.215899212876174,3.667610044882995,10.713972,8.374726951329087
84,115,6.0,8.98015628148379,13.33043229221775,3.6502314636253494,8.488368,8.61229701792242
84,116,5.0,9.701861273768941,1.0363957732522628,7.8164175108086615,11.066568,7.405310733115914
84,117,4.0,9.417248021591098,10.406002548990525,2.675510187801354,8.414136,7.728224172826335
84,118,3.0,8.92886245267684,11.225351311241202,2.6184045173633503,6.6934047,7.366505738952856
84,119,2.0,11.468274251533568,7.580223980337983,5.180703147034819,12.583595,9.203199163696318
84,120,1.0,9.793211368189368,13.877241345710955,3.5165714840708766,10.463351,9.412593861916505
84,121,2.0,10.013623054250052,13.769012070056094,5.106123418425776,10.003126,9.722971171785275
84,122,1.0,10.442574833402096,8.561743475682508,2.8612866237414707,10.314263,8.044967069159277
84,123,82.0,9.391289175350963,10.89814452999222,2.526739391709608,9.578652,8.09870636973744
84,124,81.0,11.378057518357133,3.4945196964077283,8.56810060239302,11.634982,8.768914981556927
84,125,80.0,8.686782211688652,11.65358022349444,2.3609747855070324,7.2233706,7.481176943188278
84,126,79.0,11.473168898707344,4.405134071403825,7.913774694725186,12.418409,9.052621753092634
84,127,78.0,9.471695381953747,7.307451991613579,5.480441342127165,9.953689,8.053319334303872
84,128,77.0,9.675577127871623,8.382901166834557,3.4961655522797894,8.748616,7.575815016388216
84,129,76.0,10.045199523333405,9.166757305984817,5.044319248355141,8.930148,8.296606050592047
84,130,75.0,10.170776043973428,4.820355213363371,6.178676880713583,14.124143,8.823487696209984
84,131,74.0,10.837663027212246,11.186775006901069,3.044150931120516,9.743749,8.703084407522446
84,132,73.0,10.877135590388416,8.77551901720518,4.613182425557703,11.264757,8.882648547380843
84,133,72.0,9.616939568349569,9.369023911139632,3.4562837781498885,10.564442,8.251672234636823
84,134,71.0,11.717259983488264,7.046466313380435,6.998018049561782,11.855493,9.404309234572096
84,135,70.0,11.418157844341682,2.564211163572626,8.905909484556588,11.837021,8.681324841623583
84,136,69.0,10.693264640434984,4.301319058801607,7.140092860157887,9.554956,7.922408248887926
84,137,68.0,9.338731587233312,13.506579498621601,3.821811993022825,8.746534,8.853414356602979
84,138,67.0,10.73106306842225,9.87071013283429,5.929246036225992,8.760949,8.822992093077298
84,139,66.0,9.024901860103494,9.671489767109204,3.273465436819354,9.083006,7.763215742295855
84,140,65.0,11.270854056676681,5.0999453154154075,6.549094983086986,10.782744,8.42565969070822
84,141,64.0,9.299447831902405,7.050153652609712,5.49175903138579,7.845476,7.421709166602651
84,142,63.0,10.806303933760368,8.483994741249326,4.270242078198832,9.723267,8.320951838692757
84,143,62.0,9.201046213441039,10.45775152641308,2.389123495836696,9.552485,7.900101675423558
84,144,61.0,9.832802859137935,-0.5832352934349139,6.039505824534329,7.868965,5.789509634790782
84,145,60.0,10.446426472334498,7.124293924351974,5.351582361210152,11.215071,8.534343370595982
84,146,59.0,10.056424918068537,7.977095612877076,5.018956203670628,11.007741,8.515054427260628
84,147,58.0,9.805718362986777,8.410579130472218,3.8807213319897134,9.551539,7.9121395616325625
84,148,57.0,10.335031243330082,12.301711192432974,3.658295672433365,12.482056,9.69427344306473
84,149,56.0,10.42517359405228,6.520597179235207,6.5060524176992125,10.377117,8.45723508699228
84,150,55.0,9.82070064241612,6.309848991878912,6.299608824039666,11.663667,8.523456295873348
84,151,54.0,11.997130365071795,5.086573947572209,8.08175541587275,13.762722,9.732045435974403
84,152,53.0,10.782802700053596,8.261809738789243,5.585504235177076,11.392253,9.005592399019505
84,153,52.0,11.820657746194724,7.053492947580612,4.73752004401438,14.389553,9.500305951964519
84,154,51.0,6.656715279367756,0.22380576845883482,5.384945054973006,7.082423,4.83697232823591
84,155,50.0,11.141441829900227,0.5267229545871039,7.5678079419991375,10.885555,7.5303819984551135
84,156,49.0,6.815401344162807,-1.1650350111567072,4.002153021681387,6.2674885,3.9800019585754365
84,157,48.0,8.264372178166651,7.6188546039008465,3.4363649857890923,5.9411197,6.315177859681127
84,158,47.0,11.107971692382282,4.4340166862874995,8.33723518697502,10.603092,8.620578939812079
84,159,46.0,10.24471905277448,3.583937450536631,6.698869816246294,11.624691,8.038054332269722
84,160,45.0,10.283619596759326,5.436741734280524,7.5143114049345785,11.986891,8.805390882205277
84,161,44.0,8.894097453975327,12.021922408265276,2.4973639031646044,7.2784986,7.672970603750594
84,162,43.0,8.820013608976787,9.444594691870766,4.01481721539165,7.8119965,7.5228554940500345
84,163,42.0,9.786256924117184,11.270694643794453,2.7717125843531676,9.236454,8.266279540568643
84,164,41.0,10.733417627657268,6.6559588191034464,3.503454672453916,10.960847,7.963419505038643
84,165,40.0,10.96948931211666,2.144984405751032,7.472422316812295,11.409525,7.999105238070632
84,166,39.0,11.637318566282145,4.470948161644618,8.454302153200947,13.170222,9.433197790884345
84,167,38.0,11.31564344747459,1.7852503586961106,7.551027728004607,10.486572,7.784623449950077
84,168,37.0,8.158641068541815,0.46500403192110795,5.298920679321604,9.472757,5.848830779815517
84,169,36.0,11.296072329253493,2.5194424885333895,7.605560724872095,11.015254,8.109082390837473
84,170,35.0,9.501251452820126,3.1897015891043914,7.7186819090451735,10.61034,7.754993767344473
84,171,34.0,10.634608887871869,5.040938339303878,6.800863782941421,10.212116,8.172131812893062
84,172,33.0,10.805313483698189,9.901178238182037,3.781885589964256,10.121798,8.652543718372497
84,173,32.0,11.966302133437605,7.686872610154296,5.665980665238207,13.742988,9.765535760395393
84,174,31.0,10.95902788373965,2.0207929508623863,7.690956228536784,11.127477,7.949563438834632
84,175,30.0,5.076655970290583,0.6881411819756487,4.769083028373176,6.816874,4.337688551972901
84,176,29.0,11.314420910055565,2.061531743666599,8.639686970547912,11.526297,8.385484059967666
84,177,28.0,10.499048304522693,0.09616535826097206,5.765218340777471,8.878052,6.309620940343409
84,178,27.0,11.745839775460523,3.355766680262647,7.868806040716073,12.665569,8.908995450464792
84,179,26.0,9.950118670167308,-1.6702516025161565,3.948935211925285,8.244681,5.118370909478459
84,180,25.0,11.823307790516994,3.4030070179312943,9.329117678757381,12.67034,9.306443017889064
84,181,24.0,7.4735336265064225,-3.346301000214332,1.4406135320544937,5.540554,2.7771000512443607
84,182,23.0,10.06646498706759,-0.46940113169611664,6.6751168721567,7.741799,6.0034949013110595
84,183,22.0,9.61278882850499,9.760240023764744,3.4544454427102913,10.02407,8.21288602026295
84,184,21.0,10.346872058243603,7.632362926041388,4.666628454533786,8.8705,7.8790907624299145
84,185,20.0,11.313601881905097,3.302356093518707,7.976267955123522,13.265584,8.96445248063793
84,186,19.0,7.605272290076799,2.1610785712391873,5.895484450305338,8.89866,6.140123754434262
84,187,18.0,11.77105970441883,2.6852983721621158,9.395817619016308,12.836974,9.172287459894797
84,188,17.0,10.479745883893314,-0.5244107633340569,6.205243906399012,11.628945,6.94738109440131
84,189,16.0,10.255674112558847,5.389454682745857,7.033470576290361,9.255301,7.983475211779991
84,190,15.0,9.280479507016235,-0.3375500239835141,5.622666955417051,9.515154,6.020187580834367
84,191,14.0,11.49911391658675,5.059485386318574,8.426192733968765,14.423903,9.852173875536272
84,192,13.0,11.38971315983043,3.5306888607937914,8.09079684532739,11.962094,8.743323293224353
84,193,12.0,10.922183465791415,1.4629287280930718,7.376860111347428,10.887467,7.662359922392573
84,194,11.0,10.880937519920543,4.15882995552623,7.537147439337683,11.701708,8.569655688687568
84,195,10.0,3.3490954141250926,-6.0609246695926835,1.4157924710743242,1.8920127,0.14899398273659847
84,196,9.0,11.326264115302365,1.8899499076165682,8.613545736740912,10.081598,7.977839510380049
84,197,8.0,7.882257922171892,-1.9944279705850576,3.694729593799792,5.563751,3.786577691522438
84,198,7.0,10.644089617846848,1.9943002569541726,7.668735228839196,11.785065,8.02304745022646
84,199,6.0,5.5171098995815635,-1.834792207606725,3.9562349878079637,5.2150817,3.213408592881186
84,200,5.0,9.495643050385787,2.780663715376832,6.838252290152831,10.105797,7.305088967470073
84,201,4.0,4.312293740505162,-3.621535242429271,2.3485720904241916,3.9960053,1.7588339713018089
84,202,3.0,11.591837951766246,2.984061513526246,9.021502648028358,8.853929,8.112832669824964
84,203,2.0,7.901231311736826,1.7404790632822902,6.340096871397261,8.743889,6.181424025349211
84,204,1.0,6.318029159580948,-1.652215177980338,5.4121140760293525,5.3432975,3.8553063847917066
84,205,1.0,3.473130305341869,-3.0244300325293842,1.7993405274922392,4.457866,1.6764767480421843
84,206,1.0,10.254394001562343,-0.20228150189821292,5.922444792984953,9.059932,6.25862226192875
84,207,4.0,10.529325217809621,-0.5644097666035996,5.330898872264326,7.5111437,5.701739501964388
84,208,3.0,3.0043729113998494,-5.680679251440079,0.6489406151088097,2.1458225,0.02961420002324855
84,209,2.0,5.105259900128264,-2.931021393330603,2.0740612684842628,4.2563214,2.1261553013720556
84,210,1.0,3.3662594183659222,-9.06783369478661,1.7054598955277296,3.0270886,-0.24225643469314928
84,211,2.0,5.640454932680605,-0.645310186687805,5.1032187768881645,5.78173,3.9700234244748187
84,212,1.0,5.363597062516407,-4.471116717916676,1.8058670029074282,4.1358237,1.708542768540303
84,213,4.0,9.282335169629711,-1.2497326353194431,4.425870230522634,7.4428425,4.975328812088352
84,214,3.0,3.1012060927032485,-9.49073570451868,3.19498676382028,1.7776479,-0.3542237487743769
84,215,2.0,5.239557687678177,-3.205898951769715,2.0466351333076993,5.117239,2.299383216907312
84,216,1.0,10.177318896681879,-0.3763773436045703,5.584690913707089,9.655933,6.260391461727838
84,217,2.0,3.714589448165888,-4.090343607628828,0.7390046576311384,7.200724,1.8909936557691616
84,218,1.0,5.169617613916315,-3.3830517164731013,3.1246819497062344,7.7704897,3.170434384959359
84,219,1.0,2.443869189051888,-8.453638875901543,1.7908940544297671,1.2904923,-0.7320958340502539
84,220,1.0,3.848582829454728,-5.662842035901544,1.4085323237701477,3.7821581,0.8441078134227823
84,221,3.0,3.64540716817719,-5.487170697367386,1.3051086904296092,3.5462604,0.7524013795356224
84,222,2.0,6.48187832929577,-4.362415258352929,2.619782525450278,5.288075,2.50683014165962
84,223,1.0,5.672336894970315,-4.171059635906612,1.680110638556945,3.679724,1.7152779689158126
84,224,1.0,2.7477092496622215,-4.457170313786332,0.8124990352970549,2.71997,0.45575198976055187
84,225,8.0,3.5436153963142596,-5.428726249347324,0.9337558133867567,3.0936522,0.5355743021840651
84,226,7.0,2.8251987702359016,-8.956579690456717,2.6977115027904652,1.9382762,-0.3738483114365212
84,227,6.0,2.951324979009151,-8.027905609078264,1.7600179466307058,2.3861647,-0.23259950455405987
84,228,5.0,2.878516625605379,-4.007547931460056,0.6571281597530856,3.4591882,0.746821269195885
84,229,4.0,2.7791680233197775,-8.260695475411513,2.040498055262697,1.4740139,-0.49175386805758614
84,230,3.0,3.6845962002228863,-6.886853337165963,1.4981583895738275,1.4138716,-0.07255677536045502
84,231,2.0,3.109123962428338,-12.48429855474534,1.4119750229089547,2.9472573,-1.253985572264579
84,232,1.0,2.8284601510076754,-7.391135699019582,1.5721837087287618,1.8365189,-0.2884932388945014
84,233,1.0,2.916214578415522,-2.9176628331745746,1.7336736850894585,2.1017964,0.9585054547391261
91,1,3.0,9.46242032218455,5.724999124007859,5.709130600859099,10.171867,7.767104354414244
91,2,2.0,9.397672416621614,10.634628164241366,2.4374093076082595,9.25214,7.930462483409314
91,3,1.0,8.975228506233313,13.953721839494012,4.01533384559265,7.384371,8.582163748788245
91,4,1.0,8.961400478923204,10.309759121965747,3.1834994214325825,7.5791306,7.508447417972046
91,5,1.0,8.999263158355983,13.11986693476273,3.5964926107092214,7.923796,8.409854720184583
91,6,6.0,8.677989509207631,8.637083842738026,3.5962478876548083,7.278405,7.047431607278656
91,7,5.0,10.1787894462876,6.636697240412484,5.520121216259586,9.84285,8.044614408601245
91,8,4.0,8.73319924955547,9.759194539956773,2.9302663558931403,8.345126,7.441946574360989
91,9,3.0,9.62144509760734,7.496804808892016,3.4330970100951674,11.534258,8.021401201347118
91,10,2.0,9.799688703528279,8.916286927678616,2.978685071532711,9.59937,7.8235076763715465
91,11,1.0,8.521619714188,0.36090618089724913,6.9580497206238565,7.257977,5.774638156132172
91,12,1.0,9.37564617125797,12.67353764755809,2.8779113458062433,8.678565,8.401415047487973
91,13,1.0,9.55074845172044,10.65397470032238,2.6770960885612425,8.839363,7.930295584687148
91,14,2.0,9.478260480171873,10.381059164274635,2.607181042319878,10.560434,8.256733757049263
91,15,1.0,9.942593916012944,9.224374048827421,2.2737691870403385,8.092316,7.383263206427207
91,16,2.0,9.495946095633872,10.456844983306542,2.0090476104590778,10.787574,8.187353125947896
91,17,1.0,10.151859484077189,3.735997563361874,6.494265982354083,9.0352545,7.354344377061934
91,18,1.0,8.909223279426115,10.681241507325545,2.3672409999021635,8.16589,7.530898881661015
91,19,9.0,10.042247976535892,7.065645681970889,5.539888997822192,12.362568,8.752587639485075
91,20,8.0,9.797226237874675,10.000826268396274,3.085996552191041,10.450196,8.333561331159077
91,21,7.0,8.984386675186858,11.127101766269288,3.070634831499005,8.440691,7.905703566804462
91,22,6.0,12.976133773988481,6.768883405096457,7.031137954719847,12.17381,9.737491284748193
91,23,5.0,9.49484811355512,13.248886350430134,4.068360696363452,8.778345,8.897610067095233
91,24,4.0,10.717524481666969,4.706999731703103,6.160219759160617,11.274322,8.2147663821555
91,25,3.0,9.720006880907714,12.54813297076454,3.305862957421402,8.237372,8.45284380186753
91,26,2.0,10.028039030011511,9.855402180214963,3.0881639233073876,10.042304,8.25347729313383
91,27,1.0,9.076769688518429,11.541146197145235,2.186952675210925,7.28904,7.523477162382038
91,28,1.0,9.278713715108076,12.493797878655872,2.63056461860835,12.118608,9.130421171775936
91,29,9.0,11.739873960079613,6.243489342665402,7.266459118077756,12.984242,9.558516215023197
91,30,8.0,9.622160369864254,6.815457865631476,5.746777655616441,9.7575445,7.985485102157315
91,31,7.0,9.961401451406317,6.292952187015732,5.618803132576925,11.038433,8.227897461487537
91,32,6.0,11.048266279155971,8.188343140163443,5.64497517549491,11.370099,9.062920915625579
91,33,5.0,11.720311227026825,6.5494419185665365,6.124304935220131,13.255917,9.41249366906812
91,34,4.0,11.01017201810953,6.79182160923251,6.278643825806364,11.899367,8.995001196401725
91,35,3.0,9.302261712987232,7.59412627874411,5.017788421703576,11.479236,8.34835301563595
91,36,2.0,9.516661889688597,14.678475023476725,5.061063984707985,12.083015,10.33480408494196
91,37,1.0,8.907533046514333,11.130904654853634,3.110569512609235,9.302292,8.112824771023597
91,38,1.0,10.664895685271219,9.180688757681335,4.249994271943301,9.113183,8.302190434110315
91,39,2.0,11.640235816090472,4.534571673527385,8.568012145064625,12.576976,9.329948864282802
91,40,1.0,10.309398586900302,9.001186308890631,4.3896164522500705,9.861194,8.390348751240598
91,41,1.0,8.912423176380557,11.199270932345069,2.3190452114203666,7.666514,7.524313309994079
91,42,43.0,10.431904792271949,1.6441563247637347,7.360222223328389,9.954274,7.347639379478835
91,43,42.0,8.877227008778485,10.435342861732952,3.3417095259726945,8.905098,7.889844339477479
91,44,41.0,8.798554096481258,11.522681988863976,2.3256046050813577,7.2914505,7.484572797728719
91,45,40.0,10.499395161589671,4.583873640646324,7.828339609636801,11.529837,8.610361266633971
91,46,39.0,11.021407830185856,3.2583861785629757,8.774907055028798,11.975408,8.757527166045115
91,47,38.0,10.267928666867192,3.1227989095551436,7.801292736826463,10.704614,7.974158499714177
91,48,37.0,9.330609568085166,7.513577150303146,3.8625533652467965,7.7273345,7.10851864574856
91,49,36.0,10.736042988683003,9.999982881392235,3.812690084802684,8.568297,8.279253335261838
91,50,35.0,10.60690274302299,3.700416718356877,7.395707087280375,10.250306,7.988333169528952
91,51,34.0,9.768078651111306,10.083309088281297,3.342415627047467,8.069243,7.815761699382845
91,52,33.0,9.128148573076603,9.164037498528277,3.5932761556197192,9.43459,7.830013141721311
91,53,32.0,11.110500297585247,5.994639082990812,6.746714669563041,11.618163,8.867504289741195
91,54,31.0,10.58911289754369,5.988411742526647,5.708674650046184,9.505022,7.947805334766679
91,55,30.0,13.079018661433508,6.210770236006471,5.6530697939201815,15.691514,10.158593176639478
91,56,29.0,11.585948885026745,3.02234405768597,8.644941472124657,11.726811,8.745011455958489
91,57,28.0,10.823297219867277,1.7921770301656998,7.761579257794683,10.1251745,7.625557007556891
91,58,27.0,10.184740016120262,3.4592617436154107,6.638110752602294,7.768977,7.012772419390034
91,59,26.0,7.754301484088356,-2.802365258147997,3.1953011345517375,5.4366384,3.3959689289368056
91,60,25.0,10.880913593186524,6.708260181031214,6.4305976400448905,12.935419,9.238797624226057
91,61,24.0,11.955706414998435,4.060364417944484,8.913725097333478,12.601114,9.382727550836922
91,62,23.0,9.288729311415846,7.866244345684752,3.8013748084586965,9.781067,7.684353840022636
91,63,22.0,10.625048155941622,8.72668740608976,4.917641983945687,10.09478,8.591039378559696
91,64,21.0,10.16178370465356,5.604850839785488,5.065971670854065,10.188041,7.7551617371576285
91,65,20.0,9.478495344132112,2.869779001139463,6.470189513082085,10.464988,7.320862903293859
91,66,19.0,11.250907484964161,6.112767645833447,6.823698171529651,12.740678,9.232012783971097
91,67,18.0,11.200810693570634,3.141815821248315,7.933468281368844,11.2277975,8.375973076106884
91,68,17.0,11.123733817936243,3.789910397666244,6.942012575959474,11.690197,8.38646344563219
91,69,16.0,12.855547523825425,2.635171170476859,9.396307588144317,13.55022,9.609311454568559
91,70,15.0,11.734779040126005,6.955273052563985,6.858643242966047,12.519047,9.516935529775825
91,71,14.0,11.670891597873895,2.6330560614965,7.990845380888081,11.887538,8.545582749124067
91,72,13.0,10.047602162081667,9.465844547637452,4.869273901958454,10.934019,8.829184925105672
91,73,12.0,10.468119844504054,4.902564170853427,6.979587556290444,11.566168,8.479109850767205
91,74,11.0,11.164987427054948,1.4135588397507028,8.63188167165239,13.495277,8.676426335810799
91,75,10.0,7.4440135596690435,-1.1302748611434197,3.603784902294228,7.7770386,4.42364054375965
91,76,9.0,10.512925298563863,4.052122999933584,8.319815161680392,12.103369,8.747058054833278
91,77,8.0,10.930944884701164,1.6933242466503238,7.8525613055051675,10.481225,7.739513862647391
91,78,7.0,6.731442424257037,-3.0178813157447166,2.631527890411892,4.7976604,2.785687337430943
91,79,6.0,10.241606980090708,3.051485182688914,8.65752441524727,14.5161705,9.11669676993397
91,80,5.0,11.722335752148743,3.497613334515993,9.027683231042284,13.166803,9.353608919423092
91,81,4.0,11.626050608893587,5.679297980318413,7.626281942883133,11.93721,9.217210153775737
91,82,3.0,11.105589743513708,3.32042889300277,8.011100617819253,10.781522,8.304660262878976
91,83,2.0,3.245563681947033,-3.60596622430052,2.172660543537141,4.005398,1.4544139494536283
91,84,1.0,12.103005773308423,5.334411712074498,8.608046372232163,12.991086,9.75913746594491
91,85,1.0,10.275936647504661,0.1423211934790558,7.437223149061621,7.632397,6.371969541220135
91,86,2.0,8.345817572119692,2.5588586965214084,6.6745607728977205,10.168964,6.937050356881287
91,87,1.0,6.359976399756447,-3.256449679135912,3.0057539653936267,5.6082363,2.9293792497200934
91,88,1.0,5.166961539740381,-1.6815202586432463,3.9687856507039445,6.3884354,3.4606655738926526
91,89,4.0,5.471568428575143,-2.8907450318548413,3.2078599602413362,6.3261194,3.028700694968559
91,90,3.0,10.919802234182127,0.5053104376330637,7.21021147664263,8.82333,6.864663518498732
91,91,2.0,9.349994332913015,1.8415311470081903,7.85702345256971,7.679021,6.681892453535937
91,92,1.0,12.120912461871587,2.436073028035352,8.571621638298469,12.1644745,8.823270403877524
91,93,2.0,3.9600745355992135,-0.8081792417284248,3.803250974821454,5.4634414,3.104646910152492
91,94,1.0,5.9300289489099045,-1.2687235107612942,3.346387054772441,7.1427393,3.787607947220131
91,95,4.0,2.598694484732045,-6.318444872428582,1.170881910822942,1.8570725,-0.1729490010753172
91,96,3.0,11.031977036927618,4.548109872381897,7.033662236070942,12.708082,8.830457836119283
91,97,2.0,10.316643694476536,-0.3143215360633995,6.368630750354594,10.355511,6.681615905109413
91,98,1.0,10.314270593303515,2.068342902769036,6.808639882714941,9.943218,7.283617902497166
91,99,2.0,3.519045777183336,-5.122753564599119,1.5735862706832862,3.273377,0.8108138562371029
91,100,1.0,5.712358647197618,-3.9120254724146157,1.8991673563716223,5.94639,2.411472670783041
91,101,3.0,2.847960679275354,-6.804251111323662,1.9838916471633503,0.90150934,-0.2677223600767922
91,102,2.0,5.871957159240177,-2.9467865085344194,1.6097051497293862,6.2380867,2.693240625218649
91,103,1.0,10.399259000453872,-0.41651445258933606,5.805765210893853,9.224695,6.253301241111716
